:10000000E0D70020B9C10000130C0300A5C1000017
:10001000A5C10000A5C10000A5C1000000000000AE
:1000200000000000000000000000000085C2000089
:10003000A5C10000000000002DC20000A5C1000005
:1000400019C400003103020019C4000019C40000E3
:1000500019C4000019C4000019C4000019C400002C
:1000600019C4000019C4000019C4000019C400001C
:1000700019C4000019C4000019C4000019C400000C
:1000800019C4000019C4000019C4000019C40000FC
:1000900019C4000019C4000019C4000019C40000EC
:1000A00019C4000019C4000019C4000019C40000DC
:1000B00019C4000019C4000019C4000019C40000CC
:1000C00019C4000019C4000019C4000019C40000BC
:0C00D00019C4000019C4000019C400008D
:1000E000002902D0B0FBF1F0704708B14FF0FF30AB
:1000F00000F01EB80029F8D00246B0FBF1F000FB7A
:1001000011217047002902D090FBF1F070470028C0
:10011000C8BF6FF00040B8BF4FF0004000F008B813
:100120000029F4D0024690FBF1F000FB112170474A
:10013000704700BF81F0004102E000BF83F0004340
:1001400030B54FEA41044FEA430594EA050F08BF72
:1001500090EA020F1FBF54EA000C55EA020C7FEA36
:10016000645C7FEA655C00F0E2804FEA5454D4EBB3
:100170005555B8BF6D420CDD2C4480EA020281EA7D
:10018000030382EA000083EA010180EA020281EAB5
:100190000303362D88BF30BD11F0004F4FEA013107
:1001A0004FF4801C4CEA113102D0404261EB410116
:1001B00013F0004F4FEA03334CEA133302D052429C
:1001C00063EB430394EA050F00F0A780A4F1010458
:1001D000D5F1200E0DDB02FA0EFC22FA05F2801892
:1001E00041F1000103FA0EF2801843FA05F3594178
:1001F0000EE0A5F120050EF1200E012A03FA0EFCF7
:1002000028BF4CF0020C43FA05F3C01851EBE37120
:1002100001F0004507D54FF0000EDCF1000C7EEB3D
:1002200000006EEB0101B1F5801F1BD3B1F5001F7B
:100230000CD349085FEA30004FEA3C0C04F101049A
:100240004FEA445212F5800F80F09A80BCF1004FC3
:1002500008BF5FEA500C50F1000041EB045141EA45
:10026000050130BD5FEA4C0C404141EB0101013C0E
:1002700028BFB1F5801FE9D291F0000F04BF0146FD
:100280000020B1FA81F308BF2033A3F10B03B3F1CF
:1002900020020CDA0C3208DD02F1140CC2F10C025F
:1002A00001FA0CF021FA02F10CE002F11402D8BFBD
:1002B000C2F1200C01FA02F120FA0CFCDCBF41EA89
:1002C0000C019040E41AA2BF01EB0451294330BD58
:1002D0006FEA04041F3C1CDA0C340EDC04F1140435
:1002E000C4F1200220FA04F001FA02F340EA03000C
:1002F00021FA04F345EA030130BDC4F10C04C4F152
:10030000200220FA02F001FA04F340EA0300294631
:1003100030BD21FA04F0294630BD94F0000F83F47B
:10032000801306BF81F480110134013D4EE77FEA5E
:10033000645C18BF7FEA655C29D094EA050F08BFAA
:1003400090EA020F05D054EA000C04BF194610468B
:1003500030BD91EA030F1EBF0021002030BD5FEACF
:10036000545C05D14000494128BF41F0004130BDF7
:1003700014F580043CBF01F5801130BD01F000454B
:1003800045F0FE4141F470014FF0000030BD7FEABE
:10039000645C1ABF194610467FEA655C1CBF0B46B9
:1003A000024650EA013406BF52EA033591EA030FD0
:1003B00041F4002130BD00BF90F0000F04BF0021C8
:1003C000704730B54FF4806404F132044FF00005FB
:1003D0004FF0000150E700BF90F0000F04BF002174
:1003E000704730B54FF4806404F1320410F00045DA
:1003F00048BF40424FF000013EE700BF42004FEAD5
:10040000E2014FEA31014FEA02701FBF12F07F4351
:1004100093F07F4F81F06051704732F07F4208BF08
:10042000704793F07F4F04BF41F40021704730B50F
:100430004FF4607401F0004521F000411CE700BF5B
:1004400050EA010208BF704730B54FF000050AE0DE
:1004500050EA010208BF704730B511F0004502D5DF
:10046000404261EB41014FF4806404F132045FEAE1
:10047000915C3FF4D8AE4FF003025FEADC0C18BF8A
:1004800003325FEADC0C18BF033202EBDC02C2F17C
:10049000200300FA03FC20FA02F001FA03FE40EA0E
:1004A0000E0021FA02F11444BDE600BF70B54FF012
:1004B000FF0C4CF4E06C1CEA11541DBF1CEA1355F0
:1004C00094EA0C0F95EA0C0F00F0DEF82C4481EA58
:1004D000030621EA4C5123EA4C5350EA013518BF78
:1004E00052EA033541F4801143F4801338D0A0FB65
:1004F00002CE4FF00005E1FB02E506F00042E0FB12
:1005000003E54FF00006E1FB03569CF0000F18BF17
:100510004EF0010EA4F1FF04B6F5007F64F54074BF
:1005200004D25FEA4E0E6D4146EB060642EAC62152
:1005300041EA55514FEAC52040EA5E504FEACE2EBF
:10054000B4F1FD0C88BFBCF5E06F1ED8BEF1004FC2
:1005500008BF5FEA500E50F1000041EB045170BD3E
:1005600006F0004646EA010140EA020081EA030182
:10057000B4EB5C04C2BFD4EB0C0541EA045170BD7E
:1005800041F480114FF0000E013C00F3AB8014F1F8
:10059000360FDEBF002001F0004170BDC4F1000441
:1005A000203C35DA0C341BDC04F11404C4F12005C2
:1005B00000FA05F320FA04F001FA05F240EA02001D
:1005C00001F0004221F0004110EBD37021FA04F653
:1005D00042EB06015EEA430E08BF20EAD37070BD0D
:1005E000C4F10C04C4F1200500FA04F320FA05F06C
:1005F00001FA04F240EA020001F0004110EBD3706E
:1006000041F100015EEA430E08BF20EAD37070BDDD
:10061000C4F1200500FA05F24EEA020E20FA04F3B6
:1006200001FA05F243EA020321FA04F001F0004165
:1006300021FA04F220EA020000EBD3705EEA430ED6
:1006400008BF20EAD37070BD94F0000F0FD101F005
:100650000046400041EB010111F4801F08BF013C3E
:10066000F7D041EA060195F0000F18BF704703F07C
:100670000046520043EB030313F4801F08BF013D03
:10068000F7D043EA0603704794EA0C0F0CEA1355BF
:1006900018BF95EA0C0F0CD050EA410618BF52EA79
:1006A0004306D1D181EA030101F000414FF000007F
:1006B00070BD50EA410606BF1046194652EA43068D
:1006C00019D094EA0C0F02D150EA013613D195EA01
:1006D0000C0F05D152EA03361CBF104619460AD149
:1006E00081EA030101F0004141F0FE4141F4700153
:1006F0004FF0000070BD41F0FE4141F4780170BD43
:1007000070B54FF0FF0C4CF4E06C1CEA11541DBFA7
:100710001CEA135594EA0C0F95EA0C0F00F0A7F8A9
:10072000A4EB050481EA030E52EA03354FEA0131D6
:1007300000F088804FEA03334FF0805545EA1313E9
:1007400043EA12634FEA022245EA111545EA1065B1
:100750004FEA00260EF000419D4208BF964244F148
:10076000FD0404F5407402D25B084FEA3202B61A67
:1007700065EB03055B084FEA32024FF480104FF43B
:10078000002CB6EB020E75EB030E22BFB61A7546AF
:1007900040EA0C005B084FEA3202B6EB020E75EB42
:1007A000030E22BFB61A754640EA5C005B084FEAAA
:1007B0003202B6EB020E75EB030E22BFB61A754677
:1007C00040EA9C005B084FEA3202B6EB020E75EB82
:1007D000030E22BFB61A754640EADC0055EA060E43
:1007E00018D04FEA051545EA16754FEA06164FEA86
:1007F000C30343EA52734FEAC2025FEA1C1CC0D132
:1008000011F4801F0BD141EA00014FF000004FF0BE
:10081000004CB6E711F4801F04BF01430020B4F17F
:10082000FD0C88BFBCF5E06F3FF6AFAEB5EB030C37
:1008300004BFB6EB020C5FEA500C50F1000041EB34
:10084000045170BD0EF0004E4EEA113114EB5C0401
:10085000C2BFD4EB0C0541EA045170BD41F48011D4
:100860004FF0000E013C90E645EA060E8DE60CEADC
:10087000135594EA0C0F08BF95EA0C0F3FF43BAFF9
:1008800094EA0C0F0AD150EA01347FF434AF95EAB0
:100890000C0F7FF425AF104619462CE795EA0C0F94
:1008A00006D152EA03353FF4FDAE1046194622E761
:1008B00050EA410618BF52EA43067FF4C5AE50EA3B
:1008C00041047FF40DAF52EA43057FF4EBAE12E72B
:1008D0004FF0FF3C06E000BF4FF0010C02E000BF0C
:1008E0004FF0010C4DF804CD4FEA410C7FEA6C5CEF
:1008F0004FEA430C18BF7FEA6C5C1BD001B050EA92
:10090000410C0CBF52EA430C91EA030F02BF90EA7C
:10091000020F0020704710F1000F91EA030F58BF3B
:10092000994208BF90422CBFD8176FEAE37040F09D
:10093000010070474FEA410C7FEA6C5C02D150EA3B
:10094000013C07D14FEA430C7FEA6C5CD6D152EAF6
:10095000033CD3D05DF8040B704700BF84461046BB
:1009600062468C461946634600E000BF01B5FFF7BA
:10097000B7FF002848BF10F1000F01BD4DF808ED8A
:10098000FFF7F4FF0CBF012000205DF808FB00BF5B
:100990004DF808EDFFF7EAFF34BF012000205DF8B5
:1009A00008FB00BF4DF808EDFFF7E0FF94BF012002
:1009B00000205DF808FB00BF4DF808EDFFF7CEFF03
:1009C00094BF012000205DF808FB00BF4DF808ED42
:1009D000FFF7C4FF34BF012000205DF808FB00BF13
:1009E0004FEA410C7FEA6C5C02D150EA013C0AD12B
:1009F0004FEA430C7FEA6C5C02D152EA033C02D11D
:100A00004FF0000070474FF0010070474FEA41027D
:100A100012F5001215D211D56FF47873B3EB625250
:100A200012D94FEAC12343F0004343EA505311F077
:100A3000004F23FA02F018BF404270474FF0000009
:100A4000704750EA013005D111F0004008BF6FF047
:100A5000004070474FF00000704700BF4A0011D2BD
:100A600012F5001211D20DD56FF47873B3EB625208
:100A70000ED44FEAC12343F0004343EA505323FA14
:100A800002F070474FF00000704750EA013002D189
:100A90004FF0FF3070474FF0000070474FEA4102BF
:100AA000B2F1E04324BFB3F5001CDCF1FE5C0DD9CC
:100AB00001F0004C4FEAC0024CEA5070B2F1004F16
:100AC00040EB830008BF20F00100704711F0804F19
:100AD00021D113F13872BCBF01F00040704741F4DE
:100AE00080114FEA5252C2F11802C2F1200C10FAE2
:100AF0000CF320FA02F018BF40F001004FEAC123C6
:100B00004FEAD32303FA0CFC40EA0C0023FA02F369
:100B10004FEA4303CCE77FEA625307D150EA01333F
:100B20001EBF4FF0FE4040F44000704701F000400F
:100B300040F0FE4040F40000704700BF80F00040ED
:100B400002E000BF81F0004142001FBF5FEA4103A5
:100B500092EA030F7FEA226C7FEA236C6AD04FEAA5
:100B60001262D2EB1363C1BFD218414048404140EA
:100B7000B8BF5B42192B88BF704710F0004F40F49C
:100B8000000020F07F4018BF404211F0004F41F4B8
:100B9000000121F07F4118BF494292EA030F3FD084
:100BA000A2F1010241FA03FC10EB0C00C3F1200397
:100BB00001FA03F100F0004302D5494260EB400026
:100BC000B0F5000F13D3B0F1807F06D340084FEA91
:100BD000310102F10102FE2A51D2B1F1004F40EB86
:100BE000C25008BF20F0010040EA030070474900EE
:100BF00040EB0000013A28BFB0F5000FEDD2B0FA8B
:100C000080FCACF1080CB2EB0C0200FA0CF0AABFAD
:100C100000EBC25052421843BCBFD040184370474B
:100C200092F0000F81F4000106BF80F40000013251
:100C3000013BB5E74FEA41037FEA226C18BF7FEA28
:100C4000236C21D092EA030F04D092F0000F08BF6A
:100C50000846704790EA010F1CBF0020704712F051
:100C60007F4F04D1400028BF40F00040704712F190
:100C700000723CBF00F50000704700F0004343F0F5
:100C8000FE4040F4000070477FEA226216BF08462B
:100C90007FEA23630146420206BF5FEA412390EAEE
:100CA000010F40F4800070474FF0000304E000BFE4
:100CB00010F0004348BF40425FEA000C08BF704795
:100CC00043F0964301464FF000001CE050EA010259
:100CD00008BF70474FF000030AE000BF50EA01026E
:100CE00008BF704711F0004302D5404261EB41015B
:100CF0005FEA010C02BF84460146002043F0B64380
:100D000008BFA3F18053A3F50003BCFA8CF2083AA4
:100D1000A3EBC25310DB01FA02FC634400FA02FCAD
:100D2000C2F12002BCF1004F20FA02F243EB0200B4
:100D300008BF20F00100704702F1200201FA02FC16
:100D4000C2F1200250EA4C0021FA02F243EB020009
:100D500008BF20EADC7070474FF0FF3C06E000BFA0
:100D60004FF0010C02E000BF4FF0010C4DF804CD34
:100D70004FEA40024FEA41037FEA226C18BF7FEA44
:100D8000236C11D001B052EA530C18BF90EA010F46
:100D900058BFB2EB030088BFC81738BF6FEAE170D5
:100DA00018BF40F0010070477FEA226C02D15FEA71
:100DB000402C05D17FEA236CE4D15FEA412CE1D0DD
:100DC0005DF8040B704700BF844608466146FFE7A4
:100DD0000FB5FFF7C9FF002848BF10F1000F0FBD86
:100DE0004DF808EDFFF7F4FF0CBF012000205DF87F
:100DF00008FB00BF4DF808EDFFF7EAFF34BF012004
:100E000000205DF808FB00BF4DF808EDFFF7E0FF9C
:100E100094BF012000205DF808FB00BF4DF808EDED
:100E2000FFF7D2FF94BF012000205DF808FB00BF50
:100E30004DF808EDFFF7C8FF34BF012000205DF832
:100E400008FB00BF4FEA40024FEA41037FEA226CF1
:100E500002D15FEA402C08D17FEA236C02D15FEA1D
:100E6000412C02D14FF0000070474FF00100704755
:100E70007BB972B90029BEBF00204FF0004106E0E7
:100E800008BF00281CBF6FF000414FF0FF30FFF794
:100E90004FB9ADF1080C6DE904CE002909DB002B38
:100EA0001ADB00F09CF8DDF804E0DDE9022304B071
:100EB0007047404261EB4101002B1BDB00F08FF8D3
:100EC000DDF804E0DDE9022304B0404261EB4101BA
:100ED000524263EB43037047524263EB430300F01B
:100EE0007EF8DDF804E0DDE9022304B0404261EB66
:100EF00041017047524263EB430300F070F8DDF8A4
:100F000004E0DDE9022304B0524263EB430370477F
:100F100053B94AB9002908BF00281CBF4FF0FF3160
:100F20004FF0FF30FFF704B9ADF1080C6DE904CEC6
:100F300000F055F8DDF804E0DDE9022304B0704765
:100F4000D0B50C4B002206460F46FFF7AFFAFFF76D
:100F500085FD0446FFF730FA074B0022FFF7A6FA9B
:100F600002460B4630463946FFF7E8F8FFF776FDB4
:100F70002146D0BD0000F03D0000F04110F8012BEB
:100F800011F8013B012A28BF9A42F7D0D01A7047C6
:100F9000034611F8012B03F8012B002AF9D1704701
:100FA000034613F8012B002AFBD1181A01387047A9
:100FB00038B50022002304460D46FFF7E9FC28B9A6
:100FC00020462946BDE83840FFF7BABF204605F164
:100FD0000041FFF7B5FF404261EB410138BD2DE90B
:100FE000F04786468C460846089E154674461946C4
:100FF000002B40F0C2808542B2FA82F245D94AB154
:10100000C2F1200300FA02FC2EFA03F3954043EAF2
:101010000C0C94404FEA154EA8B2BCFBFEF8230C12
:101020000EFB18CC08FB00F943EA0C43994528D97C
:10103000EB1808F1FF3704D2994502D9A8F102074D
:101040002B44A3EB0903A4B2B3FBFEFC0EFB1C3341
:101050000CFB00F044EA0344A04214D92C190CF113
:10106000FF3304D2A04202D9ACF102032C44241A6B
:1010700043EA07401EB1D440002334607360BDE8EA
:10108000F0874746DDE76346F1E792BB431B01214A
:101090004FEA154EAFB2B3FBFEFC200C0EFB1C3327
:1010A0000CFB07F840EA0343984562D9EB180CF1B2
:1010B000FF3004D2984502D9ACF102002B44A3EBD7
:1010C0000803A4B2B3FBFEFC0EFB1C330CFB07F7BA
:1010D00044EA0344A7424ED92C190CF1FF3304D241
:1010E000A74202D9ACF102032C44E41B43EA0040BE
:1010F000C0E7C2F1200320FA03F1954090402EFA98
:1011000003F303434FEA154EAFB2B1FBFEFC0EFBF7
:101110001C10190C0CFB07F841EA0041884504FA41
:1011200002F422D969180CF1FF3004D2884502D9A3
:10113000ACF102002944A1EB08019BB2B1FBFEFC1B
:101140000EFB1C110CFB07F743EA01439F420ED92B
:10115000EB180CF1FF3104D29F4202D9ACF102012D
:101160002B44DB1B41EA004192E76046E3E761461E
:10117000F7E76046A3E76346B7E7834206D916B9A7
:10118000002108467BE7C6E900E0F9E7B3FA83F7F8
:101190008FB9834201D3724508D8BEEB020460EBDD
:1011A000030301209C461EB9002168E73846FAE790
:1011B000C6E9004CF8E7C7F1200CBB4022FA0CF45A
:1011C0001C432EFA0CF120FA0CF3B84001434FEA0D
:1011D00014490EFA07F5B3FBF9F81FFA84FE09FB70
:1011E00018300B0C08FB0EFA43EA00439A4502FA4A
:1011F00007F240D9E31808F1FF3004D29A4502D92A
:10120000A8F102002344A3EB0A0389B2B3FBF9F867
:1012100009FB183308FB0EFE41EA03418E452CD929
:10122000611808F1FF3304D28E4502D9A8F10203F8
:10123000214443EA0040A0FB0298A1EB0E01414586
:10124000CE46434602D306D14D4504D2B9EB020E39
:1012500068EB04030138002EA6D0B5EB0E0261EB5B
:10126000030101FA0CFC22FA07F34CEA0303F940EC
:10127000C6E9003198E74046C5E74346D9E7000094
:101280002DE9F047064688B00F46904631F06BFDD9
:101290004FF47A73A0FB034503FB0155E40B012FC8
:1012A00044EA45444FEAD53507D1294922462B4621
:1012B00030462EF050FC002012E0D8F8047025488B
:1012C0003946FFF75BFE70B123483946FFF756FEFB
:1012D00048B1304621493A462EF059FC6FF00400DF
:1012E00008B0BDE8F0872046294617A3D3E90023BC
:1012F000FFF7BEFD05460C4610461946184A002366
:10130000FFF7B6FD80460F46104619464EF660229E
:101310000023FFF7ADFD82468946104619464FF47B
:101320007A720023FFF7A4FDCDE902A9CDE90623D7
:10133000CDE90401CDE900870A492A462346304613
:101340002EF009FCB7E700BF005C26050000000096
:10135000BB790300CC790300CF790300D87903006F
:1013600080EE3600F07903002DE9F843D0E9073824
:10137000856903EB08042F34A5420F46164619D899
:10138000DFF86C80A3FB080117A3D3E90023FFF764
:10139000BFFD0346601BA0FB080123F07F4412A39E
:1013A000D3E90023FFF7B4FD20F07F403C603060BC
:1013B000BDE8F883DFF838900BA3D3E90023A5FB41
:1013C0000901FFF7A5FD20F07F440A480A2106A382
:1013D000D3E90023E8FB0901FFF79AFD20F07F40E5
:1013E0003C603060BDE8F8838D49FD1A07000000BD
:1013F00000CA9A3B00166BF12DE9F04F8DB09A466A
:10140000179C9DF85890636C05460E46904653B164
:10141000B4F884301BB1B4F882209A4278D2D4F860
:101420008820002A77D14FF6FF739A4520D027787D
:101430000137FFB22770002F78D06F496F4BC1F88A
:10144000048004F11C000022C86081F80A900D603D
:10145000A1F808A09960012011460BF0FDFC0028BE
:1014600073D1636CC4F89C5013B1204614F0C2FDD4
:1014700094F8245015F001054AD1614A614B117866
:101480001B788B4277D04FF6FF739A45D4F888804B
:10149000B4F8829015BF0AF101074FF0000ABFB2FD
:1014A0005746B8F1000F30D0B9F1000F2DD0626F60
:1014B0000AF1010A40F271211FFA8AF301FB02FAD4
:1014C000514A4FF0070BA6FB02010AFB03F30993F5
:1014D0000BFB061146A3D3E90023FFF719FD099B77
:1014E000494A1E18A5FB02010BFB051140A3D3E9D5
:1014F0000023FFF70DFD50443044804586BFA8EB24
:101500000606C4F88860C4F888A04F44A4F8827026
:101510000DB0BDE8F08F616F40F27123A1FB0313A2
:10152000914273F10003FFF47EAFF1E7374A384987
:10153000384840F64A132DF098FD87F31188BFF321
:101540006F8F0323184602DF77E7304A324931486C
:1015500040F66E132DF089FD002383F31188BFF34D
:101560006F8F0323184602DF636CC4F89C50002B76
:101570007FF47BAF7CE7013304210BA813701FF0CD
:1015800009FA0B9B25490694A1FB0321581A244A0A
:10159000009501EB50012348A21AA0FB0202090AA0
:1015A00040F24710D20900FB113302321E49059167
:1015B0000133CDE90355CDE90155D2B201212846C9
:1015C0000B930DF03FF810F0FD0F0DD00F4A1749A7
:1015D000104840F2BB732DF048FD85F31188BFF32E
:1015E0006F8F0323184602DF0B9D4CE7AFF300809B
:1015F00000CA9A3B00000000C06D0020400100209E
:10160000FB840020FA8400208D49FD1A88570300CE
:10161000945803006C5003006052030021F1D490F1
:10162000C00A0020CDCCCCCC993F010098580300D3
:10163000002900F073812DE9F04F91B0002840F0AF
:10164000B382B74C174694F88C2012F001051E4661
:1016500040F0B48294F82500FF2300F0030084F8E2
:1016600027301EF001F994F88C00410700F1078142
:1016700094F8352094F8293004EB820204EB8303BC
:10168000D2F83880D3F82CA0B8F1000F00F0DD803C
:101690004146504613F01EFD0546002840F03A81B1
:1016A0009AF8003013F00E0F40F04881236A002BA7
:1016B00040F02F810EF066F90546002800F0AE825A
:1016C0000EF06CF90A90002800F0A58216F0CAFC12
:1016D0008346002800F09C82D0F894004FF6FF72F9
:1016E0000BF11C03ABF830200B93002800F0CC82E8
:1016F0000BF188020BF184010BF02AFB9BF89A2076
:1017000022F007028BF89A200022CBF89420ABF845
:1017100098209AF8002002F00F02072A00F08F822A
:101720009BF8822022F0770242F011028BF882208F
:10173000012211467B48D0F801C0CBF8AFC1D200DE
:10174000CBF8B5C110F801CB42EA01219BF8AE21DC
:101750000CF0010C6CF300026CF341028BF8AE212B
:101760008288ABF8B321ABF8B921BBF8822022F410
:10177000E16211439BF84320ABF8821002F03F0274
:1017800062F07F028BF843209BF848207F214FF0C6
:10179000000922F00F028BF8DE104FF4C0218BF805
:1017A0004820CBF89C115846CBE915998BF8459009
:1017B000ABF83690CBF83A90CBF85C90ABF8A291AE
:1017C000ABF8989119F068FB8BF86091CBF86451F5
:1017D00017F032F89BF8A81160F302018BF8A811FA
:1017E00017F030F89BF8A81160F3C5018BF8A81129
:1017F0009BF8941169F341018BF894119AF8002039
:1018000002F00F02072A0ABF94F8251001214909A6
:10181000584617F089FC0BF1E00019F0E5F80A9B37
:10182000236700220BF11C03E5662362CBE9052246
:10183000CBF81CB08BF800201FF00CFC002800F047
:10184000828012F031FD032564E09AF8003003F045
:101850000F03072B5DD034481FF0B6FDC0B200283F
:1018600040F0DC8194F8353004EB8303D3F8388002
:10187000042388F80030062388F8013008E7C0F315
:10188000C0002A4604F18D011EF0BEF9FF2884F83D
:1018900027003FF4EDAE28461EF02CF8E8E6234B77
:1018A000099300200EAA186002250892204E214AB2
:1018B00005920321CDE902000694CDF81080CDF801
:1018C00004803B46009007962A460E950CF05AFE7F
:1018D0000EA90EF01FF9C0B90EAA174908924AF2D4
:1018E000D83200920591CDE903000321CDE9010032
:1018F00007963B46069401220E950CF00FFE0EA9AA
:101900000EF008F9002800F03981236A0BB112F0BB
:10191000CBFC0C25284611B0BDE8F08F12F008BDB5
:10192000C00A0020C48F0300F40A0020E06D0020EC
:1019300079EA0000F9130000F93D010003F00F03FC
:10194000072B00F0A681C84B1B78022B00F0A78163
:10195000002323640026374694F82420A4F88460EA
:10196000C2F34202012100250DF1350094F82560F3
:101970008DF83520C4F88870A4F882500BF084FBF1
:10198000C6F3820602460028BFD033464146504681
:1019900012F09CFDB549B64B2570A0FB0101C018A3
:1019A0004FF0310341F10701A360C4E90555ACA331
:1019B000D3E900236560E560FFF7AAFAB4F87490F4
:1019C00020610CF087FF00F10E07B9F1000F08D17C
:1019D0009AF8005005F00F05A5F10105B5FA85F557
:1019E0006D0994F82430D4F8108065F3000313F0E7
:1019F000010584F824307FF452AFA36C002B00F073
:101A0000CB80D3F800A09AF8523003F0030BBBF15F
:101A1000010F40F0C1800DF137030EA901930DF1C4
:101A200036032A460A91009392480B46202100F083
:101A300063FA054600287FF46DAFDDF83910504693
:101A400015F022F9666C002E00F0578136680A996D
:101A500008F102033B4430460E9300F0B5F95F22D3
:101A600011460B90304614F0BBFA80497CA3D3E9B1
:101A70000023A0FB0101FFF74BFA0E9B0B990233E9
:101A80000B4420F07F402A465146C518794801F0A2
:101A90006BF92A4603465146764801F0A1F9002821
:101AA0007FF433AF636C9DF837205A759DF836305C
:101AB00084F829305D46636F94F8802040F27121EC
:101AC000A3FB0131002A40F0FF8042F6DC32981877
:101AD00041F1000140F2E2420023FFF719FA80B21F
:101AE000B0870B9A0E99304600F0B6F900287FF4C3
:101AF0000CAF4FF0010B0A9B08935F485F4BCDF88A
:101B0000108008F24712069491211A600993A9FBEC
:101B1000000301FB09315A4B07935A4B05934FF6CB
:101B2000FF734FF000084FF0020903934CA3D3E971
:101B30000023CDF80880CDF83890FFF7E9F90321AC
:101B400001903B464A46CDF8008040460CF01AFD15
:101B50000A990DF0DFFF00287FF4D7AEBBF1000F2C
:101B60000CD096F84E3043F0010386F84E302DB17C
:101B70009AF8523043EA09038AF8523094F88C30CC
:101B8000002043F0010384F88C3015F0B5FD80B9D6
:101B900001201DF04BFE0CE0666C002E40D10EAB18
:101BA000B246B3460A93A6E72F4B1B78022B3FF4AD
:101BB000B0AE0025284611B0BDE8F08F2A4B1B7847
:101BC000022BF6D194F8352094F8293004EB8202E8
:101BD00004EB8303916BD86A13F07CFA0546002866
:101BE0007FF498AE236C002B3FF493AE1A7902F089
:101BF000FF014AB942F2107207FB02F2A4F8821008
:101C0000A4F88460C4F888201B79002BD1D080E62A
:101C10000A980DF0C9FE28460DF0BAFE072579E6B0
:101C200008F1020336683B440E930EAB194630466A
:101C30000A9300F0C9F84FF0000A0B903BE794F8C4
:101C400025109BF88220490961F3020261F3061214
:101C50008BF8822094F8262002F001026AE500BF8A
:101C60008D49FD1A07000000F984002000CA9A3B44
:101C70008C49FD1AC00A0020002AE784E06D00208C
:101C800079EA0000F91300000BF18C00CBF8940006
:101C90002EE59AF802305A067FF555AE06E50DF0AE
:101CA00071FE0546E8B10DF079FE00B30023056032
:101CB000037194F824302064DB073FF54BAE42F209
:101CC000107303FB07F747E602FB01110132A2FB89
:101CD0000303194440F2E2420023FFF719F980B2EE
:101CE000FEE6236A002B99D012F0DEFA96E7236A0B
:101CF000002B90D012F0D8FA8DE7B346FBE600BF78
:101D0000F0B590F8243090F825708BB0C3F34203FF
:101D10000D46044601210DF1230016468DF82330AF
:101D20000BF0B2F9C7F3820702463B46314628461C
:101D300012F0CCFB1E491F4AA0FB0131981841F15B
:101D4000070119A3D3E90023FFF7E2F823699842BA
:101D5000054621D21B1A00220192174A0293174B03
:101D6000A21AA3FB02320221D20900230A4409AEBF
:101D7000099113490591CDE903330321D2B20696A7
:101D8000009318460CF05EFC31460DF0C3FE38B9E6
:101D9000256100200BB0F0BDFBD9C21A0023DBE7A0
:101DA0000C200BB0F0BD00BF8D49FD1A07000000EC
:101DB00000CA9A3B8C49FD1AC00A0020CDCCCCCC7D
:101DC00079EA0000000000002DE9F04182B00446ED
:101DD0001F4E204F884613F0EDFA0725002363605D
:101DE000E36029463346E0FB07313122A260184602
:101DF00015A3D3E90023FFF78BF894F8313020F0D6
:101E00007F4004EB83032061596B5F231A46204611
:101E100013F090FA2946E0FB07610BA3D3E90023F6
:101E20003046FFF775F801A920F07F401CF0FEFE58
:101E300018B9019B0233C8F80030002002B0BDE899
:101E4000F08100BFAFF300808D49FD1A070000004C
:101E50008C49FD1A00CA9A3B2DE9F04700268CB048
:101E60008846C0E905662049067017465022044698
:101E70000AF04EFF0546A08F1C4940F2E24202FBE9
:101E800000F002230B93A0FB010115A3D3E900236B
:101E9000FFF73EF80DF12C0ACDF820A00694194664
:101EA00023691F44124B0793124B0593814600236D
:101EB00010464FF47A72CDE90367FFF729F803352E
:101EC000EDB2CDE9019043462A4600963046032103
:101ED0000CF024FB51460DF01DFE0CB0BDE8F08760
:101EE0008D49FD1A07000000306E002000CA9A3BA1
:101EF00079EA0000F15301002DE9F04FA3B00C4640
:101F00001E4640F201232C990D92A3432D9A0E9167
:101F100005460F9200F0A28195F8293005EB830366
:101F2000D3F82CA09AF8007007F00F0704F40073A0
:101F3000072F0B930ED023B90C27384623B0BDE8EA
:101F4000F08FD6F801203178284623B0BDE8F04F55
:101F500013F014B90AF104019AF802300A910B99AE
:101F600013F03F0218BF9AF8032011B17F2B00F243
:101F700097810E99089205F128001FF0DBFA9AF874
:101F800000100378024601F00F0123F03F030B43DA
:101F900002F8023B81469AF8023099F80210139237
:101FA0009B0963F3871189F80210696C089A05F19F
:101FB0001C004FF00008002900F000834B7D01EB6E
:101FC000830398690B681493C3780C9002301290C5
:101FD00003F00100119001F114000F991093089281
:101FE0001FF0A8FA804699F8000098F800100C9BA2
:101FF000089A00F00F0021F03F01014388F800101B
:10200000197898F80000C1F3801161F3861088F800
:1020100000001978C0B2C90961F3C71088F8000040
:1020200099F8021098F80200890961F3871014F0FA
:10203000010388F8020009934FF0010B109B02F096
:10204000010040F01B81002800F067819AF8000031
:1020500098F800C00999C0F3801060F3861C88F8D6
:1020600000C099F8000061F3861089F800000AF1B9
:102070000A010A911198002840F064810C980430FC
:10208000089003F0020190071F9140F127810A99FF
:1020900098F800C006310A919AF800104046C90924
:1020A00061F3C71C00F810CB4FF0030B99F8001038
:1020B0006FF3C71189F8001003F0020111B10899FC
:1020C0000631089112F00801179102D00A990231E5
:1020D0000A91811C099114F0080100F0FD80022191
:1020E0003170D6F801101691C6F8010005364BF094
:1020F000080C13F00801E346189102D00899023148
:10210000089112F01001199102D00A9903310A9135
:102110004FF018018DF8541009F10901109103F0E6
:1021200010011A91E10640F1CA80811CC6F8011025
:10213000032131704CF0100B053603F0100100291B
:1021400000F0C68000211C910899033108911BF012
:10215000100F1CBF0530099003F020001B90A00653
:102160005FFA8BF140F19E800998C6F801004BF0B0
:102170002001122030708B460536C9B203F02000D2
:10218000002800F0988000201D90089812300890D8
:10219000890602D5099912310991520610D50A9A79
:1021A00001320A9295F8252002F01C02102A00F054
:1021B00026824FF058028DF8542009F10A0210923D
:1021C0005B0604D5089B013308934BF0400B1BF0D2
:1021D00040031E9302D0099B01330993109B139A6D
:1021E0009B1ADBB2022B03D809F1030310930123DE
:1021F000089A1299501AC0B2022803D80C9A0332D6
:10220000089201200C9A92F801C08445C0F09C818C
:10221000099908F102028A1AD2B2022A03D808F1F7
:102220000302099201220B99002900F09580089C75
:10223000D6F80110C6F80140ACEB00003478C0B20B
:1022400030708C460536002C40F08D81002900F05E
:10225000F8810B940D94A446204693E03B4A3C49F8
:102260003C4840F2FB532CF000FF002383F311881D
:10227000BFF36F8F0323184602DF4DE616F801EB1C
:1022800098F800C06EF3861C88F800C099F800C06A
:102290006FF3861C89F800C000283FF4EBAEE6E639
:1022A00012274AE60D9880063FF568AF03F020003C
:1022B000002840F06C8103F020001D9068E70D9924
:1022C000C9063FF53AAF03F01001002940F05A81EA
:1022D00003F010011C913AE7169108E7099908F1FB
:1022E0000A0000297FF4E2AE03F00201002900F0A9
:1022F00041810C9998F800C008780999C00960F3E9
:10230000C71C40464FF0030B00F810CB99F800C0F3
:1023100061F3C71C89F800C0D1E61198002800F0CD
:1023200013810C9998F800C008780999C0F38010BF
:1023300060F3861C88F800C099F8000061F38610ED
:1023400089F800000C990A3108919AE67459030043
:10235000E85903006C500300640500F1F7800D9903
:10236000890500F17481ACEB00040899DDF82CC0FC
:10237000CDF834C0E4B204EB0C0EBEF11F0F2046C2
:102380003FF7DBAD104460445F2800F3078199F804
:10239000020089F80130013B63F3050089F802006F
:1023A00098F802300B9E099F501E60F3050388F8D1
:1023B000023033191A4488F801203846224630F09A
:1023C000ACFE0D9B23B132461946381930F097FE0A
:1023D00098F802309A0600F0B580159B5B0640F134
:1023E00021810A9A109912F8013C01F8013C531E10
:1023F0000A934B1E10931B9B13B1089B123B08932F
:102400005FFA8BF39F0602D5099B123B09931D9B34
:1024100023B109981946122230F07FFE199B13B19F
:102420000A9B033B0A93109E95F8253016F8032C5F
:102430006FF3050206F8032C5C091EF05DFE3228DE
:102440008CBF0020012094FAA4F3002CB3FA83F38C
:1024500008BF4FF0FF335B0106F8013C16F8033C60
:1024600060F386136FF3C71306F8033C002306F8E6
:10247000023C1A9B13B1089B033B08935FFA8BF352
:10248000DE0602D5099B033B09931C9B23B10998E7
:102490001946032230F041FE179B13B10A9B023B01
:1024A0000A93189B13B1089B023B0893169B002BC1
:1024B00000F00981169A537812781B0203F47063B6
:1024C0001A431098D1B200F8051C95F87E30C3F37A
:1024D00003031B0103EB122300F8043C099800F8E6
:1024E000021C95F87E30C3F303031B0103EB122398
:1024F00000F8013C5FFA8BF39D0700F183800238FE
:102500005FFA8BF3DC0709D5119B002B00F0F280FA
:10251000089B991F0638062230F0FFFD99F802301B
:1025200099061CBF9DF8543089F8033098F80230A2
:102530009A06149B18BF88F803B093F84E30DB0757
:1025400000F18B800027F8E41F27F6E4D6F801108D
:102550000D91ACEB000096F800C00899CDF82CC0A6
:10256000C4B2053607E74FF0000CCDF82CC0CDF80B
:1025700034C000E799F800C0099961F3C71C89F8D5
:1025800000C09FE508991C914CF0100BDCE54BF066
:10259000200108981D908B46C9B2F6E5A2F15F03B1
:1025A0000B9A1A4413462344CA45337000F09D80A9
:1025B0000C9B984500F094804527BEE413F0F8FA90
:1025C000089A1490002800F0A180DDF850E0CDF8C2
:1025D00044809EF831300EEB83030121586B0C9040
:1025E00084461CF8023BCDF848C003F03F0341701D
:1025F000037080F803800EF11C014346EBE44BF0BE
:10260000400BDDE51F9B002B77D0089B063B089312
:1026100009991A6841F8082C9B8821F8043CA1F11B
:1026200008006DE71E9B002B3FF4E5AE089A099960
:1026300012F8013C01F8013C531E08934B1E09930C
:10264000D9E60B9104460899CDF834C093E60B9C6B
:102650000D942146A446204694E6149C204612F090
:10266000A9FE374A374B0721E0FB0231184632A357
:10267000D3E90023FEF74CFC256920F07F44AC42EF
:102680003FD22E1B0025149F2F490223502238468B
:1026900021930AF03DFB00232C490195C21C21AD7A
:1026A0000591CDE9033303210296D2B20093184677
:1026B00006950BF0C7FF29460DF02CFA00287FF491
:1026C0003BAC3C613EE795F87E30214903F00F03B7
:1026D00031F81320501C21F81300C2F30B02F0E66E
:1026E0000F9A6B6C12785A7566E70E9B1B7885F80B
:1026F00029305DE70A9B991F0CE70A9B063B0A936A
:1027000086E77FF61FAF651B0026BCE7CA457FF44E
:1027100014AC104A1049114840F22E632CF0A5FC6D
:10272000149B83F31188BFF36F8F0323184602DFD6
:1027300003E400BFAFF300808D49FD1A07000000DD
:1027400000CA9A3B8C49FD1A306E002079EA0000DD
:102750000C6E002074590300385A03006C500300BB
:1027600070B590F803C01CF0010F14BF00F10A040B
:10277000041D1B481CF0020F15461E464FF00702B1
:10278000A1FB000318BF063402FB01311CF0080F47
:1027900011A3D3E9002318BF0234FEF7B9FBAD1B28
:1027A00010492844A1FB00310D09490C04D00E4BFF
:1027B000A3FB003001214509A2782078657022F042
:1027C0001F02C5F3042361F3C71013432070A370E5
:1027D000204670BDAFF3008000CA9A3B00000000A5
:1027E0008D49FD1A89888888B5814E1B000000003C
:1027F0002DE9F04F91B0D0F844B0089000240E9429
:10280000DBF80030A64909930546502218460AF025
:102810007FFAD5F89C500C94C61CFF23DFF884A2E5
:102820000D95F6B28DF82F3001240DF13C090DF114
:1028300038080CAF0CE00D9BAB4202D06CB3013CEE
:10284000E4B29DF82F30FF2B3BD09E424CD00D9D23
:1028500000200221CDE905A9CDE90078CDE90300EA
:1028600002900DAB0DF12F020F910BF0CDFF02285E
:1028700000F0EF800F9B002BDDD08B4A8B498C48FA
:1028800040F6AF432CF0F1FB002383F31188BFF334
:102890006F8F0323184602DFCDE78649824A8448BA
:1028A00040F6B8432CF0E1FB84F31188BFF36F8F3F
:1028B0000323184602DF9DF82F30FF2B4FF0FF0453
:1028C000C3D17D49784A7A4840F6BA432CF0CDFB13
:1028D000002383F31188BFF36F8F0323184602DFB1
:1028E0009DF82F309E42B2D10E9C744A0C9EA4F5E6
:1028F0007423A3F51073934207D904F1E874013EE1
:1029000004F5D4340C9604F5A5746D4BCBF80C602B
:10291000A3FB0434A40C089BCBF8104093F82820A8
:1029200093F829100E948A42D3B204D00133DBB25B
:10293000022B08BF0023089A624D92F82570BBF85D
:10294000089002EB8303A6FB0501D3F82CA04FF0FF
:1029500007084FA3D3E9002308FB0611FEF7D8FAB6
:10296000C7F382079AF8011007F003030B44564996
:1029700022180933A1FB0201DB00C7F34007FB402B
:1029800021F00F0003F59673A0EB1111B3EB410F8B
:1029900021D9099B4D489B8F40F2E24101FB032462
:1029A000A4FB00013CA3D3E90023FEF7B1FA20F019
:1029B0007F46A6FB050136A3D3E90023CBF80C60C4
:1029C00008FB0611FEF7A4FA09F10109241ACBF855
:1029D00010401FFA89F92246314600235046FFF77E
:1029E000BFFEDBF80C300999099D0133CBF80C30A0
:1029F00091F84D2091F84C30934202EB420305EBE5
:102A0000430318BF81F84C2093F84530062101FBA1
:102A100002524032E98F044603F03F0348461CF05F
:102A2000C9F9237860F3050323700BF053FF0D9968
:102A30000BF052FF089BD3E90121DB6891422CBFC8
:102A4000C3EB0103C3EB020398420ED211B0BDE801
:102A5000F08F0F9B022B7FF40DAF022100200BF0B3
:102A600021FF0F9B022BF8D004E70F4A18491048AA
:102A700040F606532CF0F9FA002383F31188BFF3D4
:102A80006F8F0323184602DF11B0BDE8F08F00BF3F
:102A900000CA9A3B000000008D49FD1A07000000A3
:102AA000306E0020ED530100745903005C5A03009E
:102AB0006C500300645A0300945A0300BFBDF07FBA
:102AC00083DE1B438D49FD1A8988888800CA9A3B9A
:102AD000B85A0300000000002DE9F04F91B0D0F883
:102AE00048B0099000250E95DBF800309249089314
:102AF000184658220AF00CF9FF23061DCDE90C55A3
:102B0000F6B28DF82D3004240DF13C0A0DF12E099A
:102B10000DF138080CAF0DE00D9BAB4203D0002C3B
:102B20002FD0013CE4B29DF82D30FF2B3DD09E42CA
:102B30004ED00D9D814B059300200221CDE90189E6
:102B4000CDE90300CDF818A000970DAB0DF12D02D3
:102B50000F910BF059FE022800F0D7800F9B002B3D
:102B6000DAD0774A7749784840F6AB232CF07DFAE3
:102B7000002383F31188BFF36F8F0323184602DF0E
:102B8000CAE772496E4A704840F6AD232CF06DFAE0
:102B900084F31188BFF36F8F0323184602DF9DF87B
:102BA0002D30FF2B4FF0FF04C1D16949644A6648BC
:102BB00040F6AF232CF059FA002383F31188BFF3BA
:102BC0006F8F0323184602DF9DF82D309E42B0D14F
:102BD0000E9B60490C9FA3F57422A2F510728A42E5
:102BE00007D903F1E873013F03F5D4330C9703F5DC
:102BF000A573089A5849526DA1FB03139E0C5549C1
:102C0000A2F57423A3F510738B4207D902F1E87281
:102C1000013702F5D4320C9702F5A572099B596C65
:102C20004D4B487DA3FB0232950C0A7D0E958242E6
:102C3000D3B204D00133DBB2022B08BF002301EB77
:102C400083018C69E378D80748BF0A34434858BFEA
:102C50000434990748BF06341A0748BF02340721D5
:102C6000DB06A7FB000301FB073131A3D3E90023F7
:102C700048BF0334FEF74CF9731B1844B0F5161F18
:102C8000374A28BFA0F51610A2FB00122CBF402324
:102C90000023550C4FEA121143D0324AA2FB002008
:102CA000C0F34712C0F344300343203363702270F3
:102CB000BBF81010BBF81430BDF82E200B441344A1
:102CC00023829BF824209BF825108A429BB206D0D1
:102CD000BBF826001B1A13F4004F08BF0A46182140
:102CE000062313FB02130BEB03025BF80330636054
:102CF000137903F01F0323721EF0FCF9237A43EAD1
:102D00004013237211B0BDE8F08F0F9B022B7FF4AC
:102D100025AF022100200BF0C5FD0F9B022BF8D040
:102D20001CE743EA1233DBB2CAB2BFE7AFF300805D
:102D300000CA9A3B00000000A46E0020C1600100A0
:102D4000D85A03005C5A03006C500300645A030015
:102D5000945A0300BFBDF07F83DE1B438D49FD1AEB
:102D600089888888B5814E1B38B50023C1E90533B1
:102D70000C460B7032B3216A53789278497A164820
:102D8000C2F305023E339B1AC1F34112063252FAD6
:102D900083F30333C1F38011DB00CB400F4A03F50B
:102DA000EA730721E3FB002100253123A3601046CD
:102DB000656007A3D3E90023E560FEF7A9F8206169
:102DC000284638BD91F8453001EB83039A6CD2E771
:102DD0008D49FD1A0700000000CA9A3B8C49FD1A74
:102DE0002DE9F047B1F850500E4640F2E2418CB068
:102DF000904601FB05F558221D4930461F4609F053
:102E000087FF04461B4802230B93A5FB000116A372
:102E1000D3E90023FEF77CF80DF12C0ACDF820A0B1
:102E20000696194633691F44134B0793134B0593BA
:102E300000258146002310464FF47A72CDE90357EE
:102E4000FEF766F80434E4B2CDE901904346224629
:102E50000095284603210BF061FB51460CF05AFE09
:102E60000CB0BDE8F08700BF8D49FD1A07000000D7
:102E7000A46E002000CA9A3B79EA0000316101008B
:102E8000F0B5026A4B78527A0446887803F13E0125
:102E9000C0F30503C91AC2F34113063353FA81F193
:102EA0000331C2F38012C900D1401D4801F5EA7117
:102EB00019A3D3E900238BB0A1FB0001FEF728F88A
:102EC0002669B042054620D2361A0027022315494A
:102ED00009935822204609F01BFF0023124902964D
:102EE000021D09AE0591CDE903330321D2B201974A
:102EF0000093184606960BF0A5FB31460CF00AFE2F
:102F000038B9256100200BB0F0BDFBD9871B002626
:102F1000DCE70C200BB0F0BD8D49FD1A0700000066
:102F200000CA9A3BA46E002079EA0000000000006D
:102F300070B5234C9DF810E094F856C01CF0020FB9
:102F400037D1460816F0040533D151B363F3830C2F
:102F5000400194F83230A4F844104FEACE0E0EF03F
:102F6000180E00F0200040EA0E0023F0380318434A
:102F700094F83C3084F83200124884F856C066F366
:102F8000020384F83C309121A2FB000301FB0231D3
:102F900009A3D3E90023FDF7BBFFC4E912002846CB
:102FA00070BD94F83C3065F3020384F83C30284649
:102FB00070BD0C25284670BD8D49FD1A0700000024
:102FC000600B0020002AE78410B504469DF8080035
:102FD00022854FEA411CC000A17D00F018000CF0D2
:102FE000200C4CEA000C0C4821F038014CEA010C92
:102FF000A3FB0002912184F816C001FB032104A366
:10300000D3E90023FDF784FFE06210BDAFF3008039
:103010008D49FD1A07000000002AE7840000000027
:103020002DE9F04790F8563090F832205E4DDFF8E9
:103030007C816FF30003044600F13E01C3F380007E
:1030400060F386128CB084F8563084F832200BF08E
:1030500097FC94F83220B4F844305548E46102F00B
:103060007902002784F832209121A3FB0002C4E9F1
:103070000577277001FB032149A3D3E90023FDF75E
:1030800047FFE26C4B4B6760651BA3FB053502F104
:103090000E03984298BF3A46C5F38715A2644FF0D5
:1030A00031028CBF19460146A26005EB4502E7607C
:1030B000216148F8221006460BF00CFC236A00F14F
:1030C0000E074FEA450A002B4BD00DF12C09AA44FC
:1030D00008EB8A030993CDF820900694B4F84430A5
:1030E00033484FF00008A3FB0002CDF80C8091217B
:1030F00001FB0321236904932F4B07932F4B059367
:103100004FF0020A26A3D3E90023CDF82CA0FDF747
:10311000FFFE104619464FF47A720023FDF7F8FEC1
:103120000635EDB2CDE9016003213B462A46CDF8D4
:10313000008040460BF026FA49460CF0EBFC60B9E3
:1031400094F8563043EA0A0384F8563011F064FECE
:1031500008B300200CB0BDE8F0870C200CB0BDE82F
:10316000F0870DF12C09CDE90A3321694B460AAAF3
:10317000032001F0D9FD0028A9D10B99104808A31C
:10318000D3E90023A1FB0001FDF7C2FE0A9B20F05A
:103190007F471F449BE750461CF048FBD9E700BF20
:1031A0008D49FD1A07000000600B0020246F0020ED
:1031B000002AE784A38B2EBA79EA0000D96F0100B8
:1031C00000CA9A3B000000002DE9F04F0B79062B56
:1031D00093B00C46064614D0092B00F0A280B14AE9
:1031E000B149B2484FF4CC732BF03FFF002383F377
:1031F0001188BFF36F8F0323184602DF13B0BDE8B9
:10320000F08FD1F80890D9F818306BB1A54AA849C9
:10321000A648D9232BF029FF002383F31188BFF39D
:103220006F8F0323184602DFD9F80080404614F060
:1032300037FAA37E2660002767F38613A37694F8F7
:103240002130E760002B62D00630C2B20B9204F14D
:10325000220A3D46BE46012294F82210880652D02A
:1032600094F823C01CF0010F14BF04F12A0004F1EC
:1032700024001CF0020F18BF06301CF0040F18BF0A
:1032800001301CF0080F18BF02301CF0100B1CBFDF
:10329000834603301CF0200F18BF12301CF0400F83
:1032A00018BF0130C1F30501A0EB0A000131C9B21A
:1032B000C0B2814238BF014699423ABF591A5FFAFB
:1032C00081FA4FF0000ABBF1000F7BD09BF802C0DF
:1032D0009BF801004FEA0C2101F4F851014371D031
:1032E000BEF1000F00F0FC80002D00F025822B8F36
:1032F00053449BB22B87A3836B6B002B00F0C180E0
:10330000DC606C637AE7013BDBB2002D3BD1A38329
:10331000214630460CF04EFB13B0BDE8F04F0CF0E8
:1033200055BB8F68634B3D689D4258D1D5F82C90B2
:10333000B9F1000F00F090805E493C22084609F088
:10334000E7FC0730C3B20B93D9F8000014F0C2F9C0
:103350007A7902F00702012A80463ED0022A2BD158
:10336000072394F81AE023710021734661F3861352
:10337000A37694F821302660E16023B1CEF3C00E2D
:1033800004F1220A68E72A8F13449BB22B87A38398
:10339000B8F1000F42D098F856306A6BDB0700F1A5
:1033A0009A80D460EE6A6C63002E46D0284613B033
:1033B000BDE8F04F14F070BA3A4A3B493B484FF42D
:1033C000AB7311E7002D56D02B8F53449BB22B8744
:1033D000A383BEF1000FDBD08EE70623C1E7D1F84F
:1033E0000C80B8F1000F00F08980D8F80050EB6A2B
:1033F0009F426BD02B4A30492C4840F21D132BF0D2
:1034000034FE002383F31188BFF36F8F0323184624
:1034100002DFFF23B9460B93474695E7214A274928
:10342000224840F2C1332BF020FE88F31188BFF30D
:103430006F8F0323184602DFADE71A4A20491B4865
:1034400040F2E9332BF011FE86F31188BFF36F8F42
:103450000323184602DFA9E7124A1A49134840F22B
:1034600005132BF002FE89F31188BFF36F8F03233E
:10347000184602DF60E7A4F81CA0BEF1000F3FF47D
:1034800047AF084A1049094840F25A232BF0EDFD96
:10349000002383F31188BFF36F8F0323184602DFE5
:1034A0006B6B2DE7B45B0300445103006C500300C9
:1034B000105C03005C6F00202C5C0300AC5B03001D
:1034C000F85B0300205C0300405C0300FF23B94667
:1034D0000B93474638E76B6BA3427FF411AF8DE641
:1034E000BCF13F0F4FEA5C1017D9002D00F0278187
:1034F0002B8F53449BB22B87A38349E7BE4ABF4916
:10350000BF484FF48D732BF0B0FD88F31188BFF3E3
:103510006F8F0323184602DF67E79BF900C09BF813
:1035200000E0BCF1000F02F0030C634403F1090357
:10353000B4BF4FF4967C4FF01E0CC2F34002DB0088
:10354000D3400CFB01F2CDF840C003F596719444D2
:103550008C45C0F0ED801EF0400F14BF32214FF4B7
:10356000FA71DFF8A0C202FB01F1ACFB01C1890CCA
:103570000C910121CDE90D2301FA00F3D8B20F938C
:103580001DF070FB61690E9B0D9A11902F39CB1ABB
:1035900013440C9A1B1A9C489B1AA3FB000194A38A
:1035A000D3E90023FDF7B4FC20F07F430D9394F999
:1035B0001A30002B80F2B180002D00F0C3802B8FD9
:1035C00053449BB21E2B2B8704D994F91A30002B3D
:1035D000BFF6DEAE6B6B002B00F0CD80DC602B8F76
:1035E0006C63A3839BF800100F9BBA8801F03F0126
:1035F00041EA032122F4E76240F23F7322F007021E
:103600000B401343BB8094F91A30002BC0F2B580F5
:10361000B8F1000F00F0D08098F8566016F001065F
:103620007FF459AF119B6E6003F5EA713123AB60F3
:10363000EE607879744A00F003030933C0F3400068
:10364000DB00C34071480B440721E3FB020168A380
:10365000D3E90023FDF75CFC0C9B109A2F3302EB9F
:10366000430320F07F4028613246BB6002210120E5
:1036700009F0BEFB0B9BFF2B1BD0CDE900661A4661
:1036800023690D993F3B0B44304601210AF0F2FFBC
:1036900010F0FD0F0DD0584A5D49594840F296335D
:1036A0002BF0E3FC86F31188BFF36F8F03231846DA
:1036B00002DF58493C22284609F02AFB564A236972
:1036C000CDE90725554ACDE9052529690024CDE92D
:1036D0000341C21D0D990091CDE901443F3BD2B297
:1036E000012120460AF01AFF10F0FD0F0DD0424ACA
:1036F0004B49434840F2A6332BF0B7FC84F31188C2
:10370000BFF36F8F0323184602DF01220221104608
:1037100013B0BDE8F04F09F06BBB0BF0DBF8236989
:103720000D9A243B99180BF0D7F802023FF544AFED
:10373000002D7FF42DAEEBE5A4F81CA0A1E6A4F8C3
:103740001CA0E5E5374809F0B5FA0546002842D047
:10375000002390F820200370C0E9053363F3C712FB
:10376000A0F838A0C06180F8202003634363C0F84C
:103770002C9000F11C072C6331E7D9F8183083B185
:10378000BB420ED01C4A28491D4840F233332BF06F
:103790006CFC002383F31188BFF36F8F032318465B
:1037A00002DFC9F81870A37E43F04003A3763B798B
:1037B0006FF386133B7121E50F4A1C49104840F214
:1037C0004A332BF052FC88F31188BFF36F8F032329
:1037D000184602DF20E794F91A30002BBFF698ADA7
:1037E000A37E43F04003A37692E500BFAFF30080D1
:1037F0008D49FD1A07000000B45B0300245C030040
:103800006C50030083DE1B4300CA9A3B8C49FD1AAF
:10381000805C03005C6F00208579010081770100E6
:10382000B05C0300586F0020545C0300AC5B0300E5
:103830002DE9F04F05468BB08B46012002219946B9
:10384000144621F075FC002202218246012009F075
:10385000CFFA3F494FF4E072284609F059FA00F1D7
:1038600008063C4B0093F6B201954B4632460121C7
:1038700000200AF085FF10F0FD0F0ED0364A3749C0
:10388000374840F68F032BF0F0FB002383F31188B9
:10389000BFF36F8F0323184602DF324BA4FB0348AC
:1038A000204629A3D3E900234146FDF731FB2E4BE7
:1038B00020F07F47A7FB03310722E01A02FB071124
:1038C00068EB01014FF47A720023FDF721FBCDE98B
:1038D0000170CDF800B008950695296995F9434027
:1038E00022480491224931EA240128BF014605916A
:1038F000204C07944FF6FE7103914B46324601214E
:1039000000200AF00BFE10F0FD0F0ED0124A1349F2
:10391000134840F6A4032BF0A8FB002383F311887F
:10392000BFF36F8F0323184602DFBAF1000F02D1F5
:103930000BB0BDE8F08F0122022110460BB0BDE8AC
:10394000F04F09F055BA00BF8D49FD1A070000007D
:10395000B80B0020E57F0100205D0300805C0300C0
:103960006C50030000CA9A3B8D49FD1A5DE50100C9
:1039700011E70100857F01002DE9F0418468228E66
:103980004FF6FF739A428CB045D00546204617F09B
:103990009DFD2B7D012B00F02281022B00F0158173
:1039A000002B00F0F48094F86061002E40F010814C
:1039B0002B8A678F94F94320CDE90A6673B3002AF6
:1039C000C0F25A810023A4F89E31AA7C238FFD18EF
:1039D00002F003030135012BADB23BD0B4F8A231A4
:1039E000002B00F005819D4280F059815B1B9BB24A
:1039F0000022062BA4F8A231628740F2F68094F9E7
:103A000043309342C0F25081002326E09DF82710F6
:103A1000204615F059F80CB0BDE8F081002AB8BF77
:103A200084F88961238FAA7CFD1802F00303013515
:103A3000012BADB20ED0B4F89E31002BCED0AB42EC
:103A400040F23C815B1BA4F89E31B4F8A231002BFC
:103A5000C9D102E00023A4F8A23194F8482063F30E
:103A6000820284F8482029460DF12702204617F0EB
:103A70004FFA7430CAD0B4F89C312BB1AB4240F24B
:103A8000EC805B1BA4F89C31B4F898312BB1AB42AD
:103A900040F2DA805B1BA4F89831658F16B9AF420B
:103AA00000F0C9800135ADB294F8DD3013F00107A4
:103AB00031D1DDE90A130A46002B40F0CC80002901
:103AC00000F0BB801F461846228EE4690694CDE9BB
:103AD000035608329A4D0290CDE90017D2B2012167
:103AE000002005950AF0AEFD10F0FD0F93D00CF00C
:103AF0003BF884428FD0934A934994484FF4AE6385
:103B00002BF0B3FA002383F31188BFF36F8F0323E5
:103B1000184602DF7FE794F943206FF30003002A81
:103B200084F8DD307FDB94F88200C0F3C00100F040
:103B300007001DF095F8B4F87A20B4F878301344F3
:103B4000628D03F5EC7313440344814A81480721D5
:103B5000E3FB0021104678A3D3E90023FDF7D8F951
:103B6000DDE90A1320F07F4220692261904235BFCF
:103B7000171A801A002000270A46002BA4D157EA02
:103B8000010CA1D1002858D019461F469CE794F893
:103B90009A3003F01803182B7FF405AFA18EB4F808
:103BA0009A218B1D9A42C4BF931F5B1AB4F89611D9
:103BB000CCBF9BB21346994200F09C80A4F896318A
:103BC000A4F89831A4F89C21EDE63D2684F86061C4
:103BD000314620460CB0BDE8F04114F075BF00231B
:103BE000A4F89C31A4F89831DDE60126334634E789
:103BF000628E052A97BF013240F2E2434FF4FA7316
:103C000092B203FB02F2B4F8A03142F2107101FB50
:103C10000323013BB3FBF2F39BB2A4F8A231002BC8
:103C20007FF4E1AE19E794F88300012100F007006A
:103C30001DF018F87FE7354636E7002D43D0002702
:103C4000114638463B463FE70023A4F8983120460A
:103C500017F000FA21E7384636E70BF0EDFE014693
:103C6000A0B30023A4F89C31238EC3801B230371CF
:103C700000680BF0B1FE07E794F889316BB3013BA4
:103C800084F8893104F1E008404616F0EFFEB8B33D
:103C9000404616F0EBFEB8B30023638792E6082196
:103CA000204614F011FFB6E6A7B9D4F88C315A08B3
:103CB00013F0010336D1C4F88C21A5E63E2120463D
:103CC00014F002FFA7E6002EB9D1A4E60123A4F860
:103CD0009C31D9E613460126BFE60AAA0BA928465D
:103CE000FDF742FBDDE90A231343CBD0237884F8A8
:103CF0008931C7E7B4F89C1100297FF454AE5FE71F
:103D0000FF2014F079FEC3E70246D4E9210109F04F
:103D100037F80028C0D194F848301B0744BFA38E61
:103D200063874FE642F000421E46C4F88C213B46B2
:103D300093E600BFAFF300808D49FD1A0700000035
:103D4000417F0100205D0300445E03006C500300CE
:103D50008C49FD1A00CA9A3B2DE9F04F87B0CDE996
:103D60000432BDF8442003780292BDF84820BDF823
:103D700040A0BDF84C90878F019104460392002B20
:103D800000F0FC80013FBFB2A368D4F81CB1A7EBE0
:103D9000090292B2002B00920ADAE168626823F00D
:103DA000004391422CBF8B449344A360ABEB030BC5
:103DB00094F88200C0F3C00100F007001CF050FF2F
:103DC000658E052D40F2E180009BBAF1050F15FBD1
:103DD00003F5ADB240F2E24840F2E280B4F87A2056
:103DE000B4F87830134403F26E2303447C4A7D48D0
:103DF0000721E3FB00214FF09613A36296231046A0
:103E0000A38575A3D3E90023FDF782F8564620F079
:103E10007F4040F2E24308FB05F103FB06F6B1FBED
:103E2000F6F81FFA88F5206106FB05F08142A846E6
:103E300080F09680401A6B4967A3D3E90023A0FB6A
:103E40000101FDF765F820F07F408344E38EB4F86C
:103E500024211344994494F84330A9EB0709C8443A
:103E6000DB09A4F8368000F0A780E26C0099636D4E
:103E700002FB113363651DF03FF9074694F8880192
:103E8000C0F342001DF03AF9074406FB07F7564B12
:103E900007F5742707F23F27A3FB0737BF0C636DB5
:103EA000E76405FB07F072080344963A934228BF83
:103EB0001346C4E91423059B4A4D40F2E24808FB2F
:103EC00003F3E3650023A0FB0501C4F8903142A38E
:103ED000D3E90023FDF71CF8049BABEB000B434830
:103EE000A0FB0330800A08FB00F0A0FB05013AA309
:103EF000D3E90023FDF70CF8F71B20F07F45029B68
:103F0000A386039BA4F8A03131462046A4F832A032
:103F100017F03AF8364BA18E3344881DB3FBF6F305
:103F20009AB29042A4F89A2104D2C1F57F41FA31A5
:103F30000A4492B2019BA4F8962113B10023A4F87D
:103F4000A2315B463A4629462046FFF771FC94F8B9
:103F5000943143F0010384F8943107B0BDE8F08F49
:103F6000091A20481CA3D3E90023A1FB0001FCF798
:103F7000CFFF20F07F40ABEB000B67E7C38E1F4401
:103F8000B0F824311F44BFB2FEE6009B013515FB9B
:103F900003F5BAF1050FADB24FF4FA783FF61EAF54
:103FA0004FF096130AF10106A3629623A385B6B2D9
:103FB0000F204FF4FA732EE7049B0A48A3FB00017D
:103FC00005A3D3E90023FCF7A3FF20F07F45374684
:103FD000013594E7AFF300808D49FD1A070000001A
:103FE0008C49FD1A00CA9A3B83DE1B435917B7D18F
:103FF0007FC3C901000000002DE9F04F04460B68A3
:1040000090F820701668D3F800A0E38CD0F8220056
:1040100095B015464A7CADF84C30FF2AC7F38013A3
:1040200088460C9212908DF83F3040F00F829946EE
:104030001A4612AB93E803000DF1400B1090ADF857
:104040004410FF090AF19301D4F800C00A915B46BD
:104050003846CDF82CC014F0FBFB0A99002840F03C
:10406000DD8196F8AE310A9069F3410367F30003EE
:1040700086F8AE311098BBF80430C6F8B501A6F842
:10408000B931DAF89330C6F8AF318B88A6F8B3317E
:10409000638E94F83410A9722B81D4F82E306B60A3
:1040A000D4F83E30C5F8223005F1220094F84230B1
:1040B0000371052108F0E8FF95F8273000F03F0074
:1040C00060F3050385F8273094F84330C3F3040107
:1040D00085F82810218FE982012803F01F0389B297
:1040E00040F29C811B3303F01F030B2B00F29681DF
:1040F0000A9A002900F09281D8F800305A60638F44
:104100002B83E98ADAF8442040F2E24303FB01F70B
:10411000E18E0A91002A00F01E829AF8251040F6DE
:10412000C41240F6A6637F2988BF1A460D9200216B
:10413000304616F03DFF94F8433096F888215B092D
:1041400063F3430286F888211CF0D6FF814696F877
:104150008801C0F342001CF0D1FF09EB000307FB0C
:1041600003F3CD4A03F5742303F23F23A2FB032399
:104170009B0C2B637B08963B6B6394F8353040F2C5
:10418000E24202FB03F36B64A38FA6F8A031394629
:10419000304616F0F9FEC14BC14AC6F8A4213B4493
:1041A000B3FBF7F39AB2A6F89A21298B881D8242B5
:1041B00004DDC1F57F41FA310A4492B2A6F8962196
:1041C0006B68C6F88C31DAF84430002B00F0BE8101
:1041D0004FF00109E20700F177814FF480732384E7
:1041E0009AF827001BF028FE04F12F03002800F0A6
:1041F0004281A26AC4F82F20A28D9A800C9BFF2BCB
:1042000000F0C081BDF84C301298A4F82D30C4F8ED
:104210002900BBF80430A4F8273010989DF83F30EF
:10422000C4F8230084F82230EB8AE3862B8B2387A3
:10423000B6F8A031638796F88831C3F3420384F857
:104240003C30304613F01AFFA882E08021460B98DC
:10425000D8F804400BF0AEFBAB8AE3801C23D4F803
:1042600000B02371B9F1000F40F0558184F820901F
:1042700010F0E6F9002840F03681214658460BF050
:10428000ABFB95F86700B5F85C40B5F85E9001218E
:1042900000F007001CF0E6FCA14409F26E298144FD
:1042A0000446804A80484FF096130721C5E903333E
:1042B000E9FB002131234FF000091046B360C6F836
:1042C000049073A3D3E90023C6F80C90FCF720FEFA
:1042D00020F07F4030610A99D8F80C302D6B40F205
:1042E000E24202FB01330D992F3B19440C1B4A4655
:1042F0000221012008F07CFDDAF844307D1BA3B1D7
:104300001F68384611F004FCC21C684B0097D2B2FB
:10431000012148460AF0F2F9012800F0398197F8A6
:104320004E306FF3000387F84E30504610F05AFDC0
:1043300007465D4856A3D3E90023A4FB0001FCF720
:10434000E7FDCDF804A0D8F808305849009120F0D6
:104350007F4BBA1C3F3BD2B25B44012100200AF0E4
:104360000FFA012800F0F9809AF82430DB0700F1F9
:104370008680304613F082FE4B4BA5FB0359044662
:1043800043A3D3E9002328464946FCF7C1FDD8F8EA
:104390000830474A0792A3F13F08464B069620F0A3
:1043A0007F47A7FB0331E81A434B05934FF4F5739E
:1043B000089333694FF0000ACDE903A34FF00703D8
:1043C00003FB071169EB01014FF47A720023FCF73C
:1043D0009FFD0834E4B2CDE90170CDF800B043464A
:1043E0002246012150460AF099F810F0FD0F0DD039
:1043F000324A3349334840F2EB132AF036FE8AF34F
:104400001188BFF36F8F0323184602DF01220221B8
:10441000104608F0EDFC15B0BDE8F08F0022CAF898
:10442000142095F82C300B9862F3000385F82C309B
:10443000E5680126214626710BF0BCFA28682E712A
:1044400029460BF0C9FA15B0BDE8F08F0DF1400B0D
:1044500010460DF13F015A461AF0B0FE9DF83F900C
:1044600094F8207009F102095FFA89F98DF83F90FC
:1044700009F00102E5E5C4F82F009880BEE60023AC
:1044800001220093184611460AF038F971E700BF7F
:104490008D49FD1A0700000083DE1B437FC3C9015D
:1044A000404B4C008C49FD1A00CA9A3B1DE50100A7
:1044B000E9E401008D49FD1A5DE501005063030048
:1044C000805C03006C5003003B4A3C493C48FD23A0
:1044D0002AF0CBFD002383F31188BFF36F8F0323F2
:1044E000184602DF79E6214658460BF063FADAF8FF
:1044F00040405046D4F800B010F074FC10F0FF09B2
:1045000014D100231222A4F8069023722271AA8AE1
:1045100062816372B1E695F8273043F0400385F875
:104520002730281D1AF042FC28859FE6224A25499B
:10453000234840F251132AF098FD002383F3118899
:10454000BFF36F8F0323184602DFDAE794F82030B9
:10455000C3F340193EE60D93E9E50BF005FB8245F8
:104560003FF402AF144A1849154840F292232AF04A
:104570007CFD002383F31188BFF36F8F032318465C
:1045800002DFF1E60022C4F82920A4F82D2040E63D
:104590000BF0EAFA87423FF4C2AE074A0A490848DC
:1045A00040F292232AF061FD89F31188BFF36F8FE7
:1045B0000323184602DFB2E650630300945603005B
:1045C0006C500300C8570300AC63030000000000F8
:1045D0002DE9F04F8DB0CDE906019B460020BDF8D6
:1045E00068309DF85C80BDF86090BDF864A09DF8CF
:1045F0006C500392059313F08DF8002800F0A08012
:1046000008F00106044630460AF0AAF90490002E8C
:1046100040F08E80169B04995A46304614F018F9E3
:10462000002840F09180012D00F28A8094F83C30FF
:1046300065F3020384F83C30236A089304F11C02FA
:104640000992002B00F09080276A3D680BF0010969
:1046500097F86600C0F3C00100F007001CF000FBF3
:1046600094F83C10B7F85C2001F003032833C1F341
:104670004001DB00CB40934238BF1346A7F85C30C3
:1046800094F83CC0B7F85E100CF003022832CCF36B
:10469000400CD20022FA0CF28A4238BF0A4699181E
:1046A000FB89A7F85E2000F5EC7018444318BA4A5D
:1046B000BA480721E3FB00211046B5A3D3E9002344
:1046C000FCF726FC20F07F402861039D28461BF064
:1046D000EDF8A38F03F0BF0363F0FF03A387002D62
:1046E00036D0A8F10203012B40F22B8194F856102A
:1046F00068F3830184F8561094F83C1069F345116F
:1047000084F83C1016990968616216998988218598
:104710000599218603990091DDE9062304F11C0027
:104720000021FEF751FCE06400200DB0BDE8F08FE1
:10473000062108F001FB00287FF46CAF1220F4E79B
:104740000C200DB0BDE8F08F0B200DB0BDE8F08F50
:104750001BF030FD0028C4D0039A169958461BF070
:1047600053FA84F83D00BCE70BF00CF909900028DF
:1047700000F0098113F076FC0546002800F0008166
:10478000203008F095FC05F11C07002840F0E4807B
:10479000032105F124001CF0D7F8D5F89400A5F802
:1047A00034A04FF6FF73A5F832902B86002800F056
:1047B000E28005F1880205F1840108F0C9FAB5F834
:1047C000823023F4EF6323F0070343F48C7343F048
:1047D0000103A5F8823095F89A304FF0000A23F0D3
:1047E0000703012185F89A302846C5F894A0A5F85A
:1047F00098A014F099FC7F2385F8DE30A5F836A048
:10480000C5F83AA005F13E001AF07AFA95F843305F
:1048100060F30503012185F843300DF12F001CF0F2
:1048200093F8059B9DF82F20A5F8A0315C4B85F8E7
:1048300045A0A3FB0213DB0803EB4303A2EB8302B7
:1048400095F84330A98EA5F8A2A103F03F0385F89F
:10485000433095F84830A5F898A1053223F00703B6
:1048600085F8442085F8483040F2E2424D4B02FB87
:1048700009F94FF4C0224B44C5F89C21881DB3FBB5
:10488000F9F39AB28242A5F89A2102DD063A521A49
:1048900092B2A5F89621284616F0FEFA4946284617
:1048A00016F072FB4FF0000A099BC5F8643185F8D9
:1048B00060A113F0C1FF95F8A83160F3020385F8F9
:1048C000A83113F0BFFF95F8A83160F3C50385F850
:1048D000A83195F894316AF3410385F8943105F1D4
:1048E000E00016F081F895F8AE31C5F804A00BF0A1
:1048F000010969F3410385F8AE314FF09613C5E91C
:104900000A333123AB60169BC5F80CA01B68169ABE
:10491000C5F8B53195F8AE319288A5F8B92168F39C
:104920000003049A85F8AE311368C5F8AF31938857
:10493000A5F8B3312762C5E905AA85F800A0ED61A5
:1049400086E600201AF0D6FF94F83C3043F040038E
:10495000B04684F83C30C9E6134A14491448C123D0
:104960002AF083FB089B83F31188BFF36F8F032327
:10497000184602DF0CE705F18C00C5F8940018E733
:1049800009980BF005F80720CFE600BFAFF30080D1
:104990008D49FD1A070000008C49FD1A00CA9A3B98
:1049A000ABAAAAAA7FC3C901DC630300205103009C
:1049B0006C500300000000002DE9F04F04468DB05C
:1049C00090F82080A38D806AADF82C30E307C8F3FF
:1049D000C0170E461546C8F340180A9000F113811F
:1049E00000232384B37C707C13F001031CBFD4F834
:1049F0002230C4F82F3004F12F0214BFE38CC4F826
:104A00002F30FF28938004F1290904F1230200F0DC
:104A1000EC8004F122011AF0D1FB94F82230BDF8A9
:104A20002C200A98C4F82900023384F82230A9F80F
:104A300004203368D3F80090EB8AE3862B8B23871E
:104A4000B9F8303063871CF055FB84F83C002F68C0
:104A5000384613F013FB0021A882E080384616F098
:104A6000A7FAD6F804A0206821460AF0A3FFAB8A73
:104A7000AAF806301C23DAF800408AF80430B8F1AE
:104A8000000F40F0D0808AF82080514620460AF07E
:104A9000A3FFBB687A6895F86600B5F81680F568DC
:104AA000694C934238BF1346C0F3C00103F10E0AAC
:104AB00000F0070040F2E24303FB08F81CF0D0F8D6
:104AC000002202212D1A012008F092F9484612F026
:104AD000E7FDA5FB04455AA3D3E9002383462946F5
:104AE0002046FCF715FACDF80490B36857490091B9
:104AF00020F07F490BF10602A3EB0A03D2B24B442C
:104B00000121002009F03CFE10F0FD0F0ED0504AAC
:104B10005049514840F249332AF0A7FA002383F361
:104B20001188BFF36F8F0323184602DF4FF0000B8D
:104B30005B4605220121CDF800B0584609F0DEFDA4
:104B4000384613F09BFAB36806463F48A3EB0A0ABF
:104B5000A8FB00013AA3D3E90023FCF7D9F91946D1
:104B60003E4B08933E4B069340F2793307970993E7
:104B70003B698046CDE904B3104600234FF47A72B6
:104B8000FCF7C6F9374B0722A9FB0331CDE90280B8
:104B900002FB0911E01A65EB01014FF47A72002360
:104BA000FCF7B6F90836F6B2CDE900905346324626
:104BB0000121584609F0CEFC10F0FD0F0DD0244A1B
:104BC0002449254840F27A332AF04FFA8BF31188B2
:104BD000BFF36F8F0323184602DF01220221104624
:104BE0000DB0BDE8F04F08F003B90023BDF82C105C
:104BF0000A98C4F82930A9F8043084F82270C4F85F
:104C00002300918015E7124A174913484FF4317376
:104C10002AF02BFA002383F31188BFF36F8F03234D
:104C2000184602DFDCE695F8273043F0400385F8AC
:104C30002730281D1AF0BAF84FF00108288522E71E
:104C40008D49FD1A0700000000CA9A3BD9E6010011
:104C5000DC630300805C03006C500300DDE60100B0
:104C600011E701008D49FD1A945603000000000071
:104C7000032870B50D4610D0042843D00838C3B2BD
:104C8000032B07D880B213F001FA18B190F9433022
:104C9000002B1CDA0024204670BD002011F098F98A
:104CA00004460028F6D05F22114611F099F91C4AFB
:104CB0001C4B0721E0FB0231184617A3D3E9002360
:104CC000FCF726F920F07F402860204670BD90F860
:104CD0008230134E0446C3F3C00103F007001BF0FB
:104CE000BFFF104A00F2FE400721E0FB06211046FC
:104CF00009A3D3E90023FCF70BF920F07F402860DB
:104D0000204670BD002011F07DFB04460028C1D074
:104D10005F2111F095FBCAE78D49FD1A07000000DD
:104D200000CA9A3B8C49FD1A70B588B01E461346DE
:104D300006AA029207AA019205AA00920024224A1A
:104D4000079419F0D1FEFF2834D0069B1F48072195
:104D5000A3FB000201FB032119A3D3E90023FCF705
:104D6000D7F8044600B13E34079D1949059BA5F5C7
:104D70007422A2F510728A4214D814480721A3FBAA
:104D8000000201FB03210EA3D3E90023FCF7C0F8C6
:104D9000104BA3FB053504EB95440444346000201C
:104DA00008B070BD05F1E87505F5D435013B05F592
:104DB000A575E2E76FF00900F2E700BFAFF30080EE
:104DC00000CA9A3B00000000DDEA01008D49FD1A8F
:104DD000BFBDF07F83DE1B432DE9F043C668476803
:104DE00073683D491A68D0F80090A7F57423A3F5BD
:104DF00010738B4283B0804607D907F1E87707F537
:104E0000D43709F1FF3907F5A57773681169DD8A91
:104E1000CDF8049006F1100301AA0220FFF784FFE9
:104E200000284ED10199A1EB09031B0237D4084693
:104E3000494609F051FD034628480721A3FB00021B
:104E400001FB032122A3D3E90023FCF761F83469B5
:104E50000444002C346109DB40F2E24305FB03F318
:104E6000A3422FD2E41AA342FCD33461D8F8003015
:104E70001A48A3EB0903A3FB0002072101FB03214E
:104E800013A3D3E90023FCF743F8154BA3FB073723
:104E9000A0EB97402044306103B0BDE8F083484662
:104EA00009F01AFD03460D480721A3FB000201FB90
:104EB000032107A3D3E90023FCF72AF83469241A55
:104EC000C7E73469002CD1D103B0BDE8F08300BF3F
:104ED00000CA9A3B00000000BFBDF07F8D49FD1A5B
:104EE00083DE1B43000000002DE9F04F8FB00DF171
:104EF00037010446DFF8D0A0DFF8D0800DF136008E
:104F00000AF0E0FD9DF836309DF837B00B9309F0BC
:104F1000E1FCDAF80060A6FB085629A3D3E90023D8
:104F20000027814631462846FBF7F2FFCDE9077797
:104F3000069420F07F44DAF80400254B0593A0FB8B
:104F400008011FA3D3E90023FBF7E2FF214B20F068
:104F50007F40A4FB0331072202FB0411CDE903705B
:104F6000E81A66EB01014FF47A720023FBF7D0FFD9
:104F70000097CDE901404B460B985A46032109F0B2
:104F8000CDFA10F0FD0404D06FF08B000FB0BDE837
:104F9000F08F1148114A002325F04CFF20B9DAF8B0
:104FA0000C000FB0BDE8F08F9DF837209DF836005B
:104FB00000942346032109F0A1FB6FF07300E5E79D
:104FC0008D49FD1A07000000C87A002000CA9A3BEC
:104FD000B90202008D49FD1AB07A0020447B0B0013
:104FE00038B50F4D044609F075FCA96809F074FC4A
:104FF000696803460B48B3FBF4F4A1FB00011C44B1
:1050000005A3D3E90023FBF783FF20F07F40844210
:1050100094BF0020012038BD8D49FD1A0700000013
:10502000C87A002000CA9A3BF0B5C468636883B0B0
:105030000546002B6AD11FF0DFFA00201FF032FB7B
:10504000A17A607A01F00101C0F382001FF01CFB1D
:10505000627A252102F01C0208201FF057FB484B02
:10506000019301A81FF03EFB464940F25B601FF030
:10507000EDFB237AC3F3420262F306132372204648
:105080001CF0B0FA1BF096F858BB637A9B071FD14F
:1050900027682E6838461BF07FFD06446A6806F1D3
:1050A0000E0101201FF030FD1FF084FE20460FF09E
:1050B000A5FE811C3246C9B238461BF07BFD054671
:1050C00078BB20461BF0CEFC88B9002003B0F0BDB1
:1050D00001201AF06BFB4178821C00781FF0B4FCB1
:1050E000D6E7607A10F0030018BF0120F1E7264AE6
:1050F0002649274840F2294329F0B7FF85F3118854
:10510000BFF36F8F0323184602DFDEE793F82C30DE
:105110009A0790D01F4821461FF02CFA1FF042FB3F
:10512000D3E7194A1C491A4840F2114329F09DFF60
:105130001A4B0721A5FB030301FB05310EA3D3E99D
:105140000023FBF7E5FE16490246164829F08DFFBD
:10515000002585F31188BFF36F8F0323184602DF04
:10516000114821461FF006FA1FF01CFB6FF08B0060
:10517000ACE700BFAFF3008000CA9A3B000000001C
:10518000D6BE898E555555005C68030060520300F9
:105190006C500300690D0200445103008D49FD1A53
:1051A00010690300DC680300091102000000000020
:1051B0002DE9F047C46882B0002306460DF10301D3
:1051C00004F1140067688DF803301CF0D5F98046AF
:1051D000002800F0D5803B7B07EB83031D692B780B
:1051E00003F00F03072B0DD0914A92499248A62352
:1051F00029F03BFF002383F31188BFF36F8F032354
:10520000184602DFAB7813F03F0900F09680EB7888
:10521000D8074CBF05F10A022A1D990748BF06327C
:10522000180748BF0232D90640F19480937851782C
:105230001B0203F4F8530B4300F08C80238992F88F
:1052400000A0013323811FF0D7F900201FF02AFAB4
:1052500097F80990B97A4FEA591901F001014846C7
:105260001FF012FA4FEA89025F2108201FF04EFA60
:10527000724B019301A81FF035FA0AF03F0A7049FA
:1052800040F25B601FF0E2FA50461BF0A5FCAB78E1
:105290003F2B2BD86B4821461FF06CF91FF0A0FB69
:1052A00040461FF063FA2768356838461BF074FCE7
:1052B000054405F10E01726801201FF025FC1FF066
:1052C00079FD204610F02EFCC11C2A46C9B2384692
:1052D0001BF070FC054600287BD120461BF0C2FB6A
:1052E00000283ED1002002B0BDE8F0870DF1030197
:1052F00007F118001CF040F9054600285BD0214654
:1053000051481FF037F996201FF0F2FB48461FF076
:10531000BFFA9DF80330002B46D11AF04BFF00284E
:105320003CD17B7A9B07BBD001201AF03FFA417831
:10533000821C00781FF088FBB2E73D4A43493E4893
:10534000AD2329F092FE89F31188BFF36F8F0323F9
:10535000184602DF3E4821461FF00CF91FF022FAE2
:10536000C0E7334A3B49344840F2571329F07DFEE9
:1053700085F31188BFF36F8F0323184602DFB1E76F
:105380002B4A35492C48922329F06FFE88F3118867
:10539000BFF36F8F0323184602DF1CE7787A10F003
:1053A000030018BF0120C0E7D8F804306B60B8F8DC
:1053B00008302B81B1E71E4A28491F48DD2329F018
:1053C00054FE85F31188BFF36F8F0323184602DF65
:1053D00095E7174A224918484FF4A47329F045FE6F
:1053E000204B0721A5FB030301FB05310EA3D3E9E5
:1053F0000023FBF78DFD1C4902461C4829F035FEB1
:10540000002585F31188BFF36F8F0323184602DF51
:105410000C4821461FF0AEF81FF0C4F96FF08B0066
:1054200061E700BFAFF3008000CA9A3B00000000B4
:105430001C690300746903006C500300D6BE898E9A
:1054400055555500491C0200991C020020510300CB
:10545000FD1D0200605203006C690300D068030068
:10546000445103008D49FD1AA4690300DC68030060
:10547000F0B5C4680189228AA38A0A4492B213440F
:105480000546628298B294F8242094F82530411C95
:10549000A1829A424FF0000183B0218205D0E18CB5
:1054A000411A090402D484F824301A4602EB42035C
:1054B00004EB430306215B7F01FB02421832E18AC1
:1054C00003F03F0319F076FC07461FF095F8002023
:1054D0001FF0E8F863685E7A997A7609304601F041
:1054E00001011FF0D1F8B2005F2108201FF00EF972
:1054F00004F108001FF0F6F8A389A17B40F25B607D
:1055000043EA01411FF0A2F938461BF065FB002376
:105510000DF1070104F128008DF807301CF02CF87C
:105520000646002835D0214637481FF023F81FF0E3
:1055300057FA30461FF01AF927682E6838461BF0D4
:105540002BFB06446A6806F10E0101201FF0DCFA0D
:10555000204610F05FFF011D3246C9B238461BF0ED
:1055600029FB054618BB20461BF07CFA10B9002029
:1055700003B0F0BD254A2649264840F2191329F008
:1055800074FD85F31188BFF36F8F0323184602DF84
:10559000EDE71E4A20491F48B32329F066FD86F334
:1055A0001188BFF36F8F0323184602DFBBE7174A4A
:1055B0001A4918484FF4857329F057FD184B0721F5
:1055C000A5FB030301FB05310DA3D3E90023FBF782
:1055D0009FFC14490246144829F047FD002585F335
:1055E0001188BFF36F8F0323184602DF0F4821464F
:1055F0001EF0C0FF1FF0D6F86FF08B00B8E700BFB9
:1056000000CA9A3B0000000001220200B0690300BA
:10561000605203006C5003007069030044510300A2
:105620008D49FD1A006A0300DC680300210D0200A9
:105630002DE9F041C46894F91630002B8CB0C0F20B
:105640001681636805460E46002B40F00581A37D58
:105650006FF30003A3751EF0CFFF00201FF022F8A8
:1056600094F82000012100F007001FF00DF894F8D5
:1056700020209200252102F01C0208201FF046F88D
:1056800094F8203023F01803012084F820300AF029
:105690001FFB0746002800F0D08007F120001FF014
:1056A0005FF88D4B0B930BA81FF01CF88B4940F251
:1056B0005B601FF0CBF8A07DC0F3410025301BF0EC
:1056C0008BFA874821461EF055FFA37D9B0603D425
:1056D0006368002B00F0AE8096201FF009FA0023CB
:1056E0001A46194618461FF01BF91AF063FD0028E8
:1056F00038D1A37D13F0180F5FD1D4F800802F6844
:1057000040461BF049FA07446A6807F10E01002081
:105710001FF0FAF91FF04EFB1FF072F9204611F04E
:10572000CBFF811DC9B240463A461BF043FA804682
:10573000002840F0A38016B9E36A002B56D16368B5
:1057400043B1684B0122022100209D6007F084FBD9
:1057500000283BD120461BF085F9F0B900200CB0A1
:10576000BDE8F081A07DC0F3C0001AF01FF8074625
:105770000DF12B001AF088FB79788046BA1C387836
:105780001FF062F994F820209DF82B00920041460A
:1057900002F01C021FF0CAFBAFE7534A53495448BA
:1057A00040F20B2329F061FC002383F31188BFF33F
:1057B0006F8F0323184602DFD0E7012019F0F6FFB0
:1057C0004178821C00781FF03FF996E7464A494924
:1057D000474840F2062329F048FC002383F3118850
:1057E000BFF36F8F0323184602DFB3E7424A0792E5
:1057F000424A059240F2F31200930892CDE9036603
:10580000CDE9016606943B460522314608F086FE46
:1058100010F0FD0F93D0344A394935484FF4FA73EC
:1058200029F023FC86F31188BFF36F8F03231846FA
:1058300002DF84E71FF0D4F857E72B4A31492C48A0
:105840004FF4C57329F011FC87F31188BFF36F8FF4
:105850000323184602DF20E7636893F82C30D9074A
:1058600005D4636893F82C309A077FF5F0AE26488C
:1058700021461EF07FFE1EF095FF6FE71A4A23496E
:105880001B4840F2E51329F0F0FB214B0721A8FB50
:10589000030301FB08310EA3D3E90023FBF738FB18
:1058A0001C4902461C4829F0E0FB002585F31188BD
:1058B000BFF36F8F0323184602DF184821461EF0FE
:1058C00059FE1EF06FFF6FF08B0048E7AFF30080CA
:1058D00000CA9A3B00000000D6BE898E555555007F
:1058E000C1590000B80200200C6A03006052030096
:1058F0006C50030058510300192702004D27020085
:10590000D4570300A8680300690D02004451030046
:105910008D49FD1A646A0300DC680300BD2402009F
:1059200038B504461CF06EFDA37DA27DC3F3410390
:10593000013303F00303032B08BF002363F3420288
:1059400014BF03F125002520A2751BF045F96368FB
:105950000BB123694BB908F0BDFFC11C00201FF03B
:1059600047F9BDE838401FF025BA1FF0C7F90546D2
:1059700008F0B0FFC11C00201FF03AF91FF01AFA1E
:105980001FF0BCF9294608F0A7FF0B4A0346072180
:10599000A0FB020201FB032105A3D3E90023FBF7CF
:1059A000B7FA23691B1A236138BD00BFAFF300802B
:1059B00000CA9A3B000000008D49FD1A000000005B
:1059C0002DE9F04F8DB004461EF02AFF10F0FF00C5
:1059D00013D1FF238DF829008DF827008DF82A3088
:1059E0008DF828301BF052F9A94821461EF0C2FD5F
:1059F0001EF0D8FE0DB0BDE8F08F1EF033FF054657
:105A00001FF056F88DF827001FF05CF88DF828007D
:105A10001FF0F2FA8DF829001FF0D0FA8DF82A0055
:105A20001FF008F806461EF0E9FFEDB207461BF02E
:105A30002DF9002DD8D001200AF04AF9054600289A
:105A400000F0168195F8203003F00F03072B05F1C5
:105A5000200900F0E1809DF82730002B3ED19DF811
:105A60002980B8F1000F40F0F98042464FF0FF0A5C
:105A70004146534620461DF007F80028B4D09DF853
:105A8000298095F82020616800238DF82B30F6B22C
:105A900002F00F03002948D0616891F82C108807A4
:105AA00043D4072B40F0FC8094F820305A079BD059
:105AB000A27D12F0010297D10DF12B010191CDF8D9
:105AC00000A04B46012120461DF024F8002840F09C
:105AD0009E8095F8203003F00F0377E0A07D9DF8BD
:105AE0002810C0F3C0001AF0D9F99DF829809DF85C
:105AF00027208246BCE7012B45D195F821200C2AAE
:105B0000E7D195F82020CDF800A019460023019395
:105B1000D20905F1280320461CF03CFE002840F085
:105B2000CB8095F8203003F00F0363BB95F821304C
:105B30009A1F1F2A43D8A27D02F02102202A08D1F1
:105B4000D4F804B0BBF1000F00F0AC81063B1F2B72
:105B500035D8636833B195F8203003F00F03072B75
:105B60007FF442AF9DF82B50009733465246414692
:105B7000204601951CF07CFE00283FF435AF103024
:105B80007FF432AF36E7062BD0D04521D94011F053
:105B9000010140F06581012B11D195F821300C2BCA
:105BA00097D195F82020CDF800A00DF12B0301939B
:105BB000D20905F1280320461CF0ECFD38BB95F80E
:105BC000203003F00F03072B3FF46EAF042B7FF45C
:105BD0000BAF95F82130063B1F2B3FF605AFA37D99
:105BE000DB077FF501AF1EF04BFE95F82030027801
:105BF000C3F38013B3EBD21F7FF4F6AE0830062256
:105C000005F122012DF01AFB00287FF4EDAE95F886
:105C10002130002B9DD1E7E60DF12A0301930DF110
:105C2000290300930DF127020AAB494620461DF0D7
:105C300071FD9DF827308346002B40F0F1809DF8E0
:105C40002980B8F1000F40F003814FF0FF0ABBF14B
:105C5000000F3FF416AF9DF8272009E79DF82A00B2
:105C60001AF08EF99DF829809DF827208246FFE6DC
:105C7000084A0949094840F2C72329F0F6F985F393
:105C80001188BFF36F8F0323184602DFDAE600BFE7
:105C9000112502000C6A0300A86803006C50030081
:105CA000A17D090740F1C780002B7FF424AF95F850
:105CB0002130063B1F2B82D804200AF009F8002867
:105CC0003FF492AE1FF07EF8E36A074643B9238D96
:105CD00040F2712202FB03F3B0FBF3F203FB120765
:105CE00023681A69BC4B0721A2FB030301FB0231A5
:105CF000B7A3D3E90023FBF70BF9A0F2A2331F3BB4
:105D000062EB0202BB4272F10002FFF46DAE1EF0C4
:105D100067FE6368079350461AF09CF894F82030A9
:105D20005B06814640F11681002800F0138183460E
:105D300001271EF0A5FDCDE9027B0BAB049305F115
:105D40002203019395F82030C3F3801301460746E0
:105D500000930022012320461CF04AFF38461EF023
:105D600005FD1EF049FD002840F0FA809B482146C1
:105D70001EF000FC002E40F00381626892F82C3087
:105D800043F0010382F82C30A37D43F08003A37518
:105D900009F0BAFF172202714FF6FF72C28095F820
:105DA00020E006463B46CEF3401E00F1200207F1FC
:105DB000200C1D6858689968DF68D7601033634508
:105DC00015605060916002F11002F2D11B681360FF
:105DD00096F82030B4606EF3451386F820301EF03C
:105DE0008DFFB8F1000F30610B9B736108BF4FF05E
:105DF000FF0A86F819A094F8203013F0400303D06E
:105E0000B9F1000318BF0123B27E63F30002B2763A
:105E100009F07AFF3146F060306809F0A3FFE9E548
:105E2000A07D9DF82810C0F3C0001AF037F89DF847
:105E3000298082460BE7BAF1FF0F8DF82CA0C2F340
:105E4000801B10D094F8212052453FF42DAF6CE612
:105E50009DF82A001AF094F89DF829808246F6E60B
:105E600095F8213072E605F122010BAA58460791F8
:105E70001AF044F9079900283FF453AE94F8203003
:105E8000C3F340135B457FF44CAE062204F10800D7
:105E90002DF0D4F900287FF444AE95F8203003F0BB
:105EA0000F0301E796201EF023FE58461EF0F0FC7B
:105EB000CDE9007B33464146524620461CF0D8FCD3
:105EC00000287FF491AD1EF0DBFC064603223378F8
:105ED00062F30303337095F820303278C3F38013F4
:105EE00063F3C7120C2332705046737019F0B2FF7F
:105EF00094F82020570649D5002847D031783246FB
:105F000041F0400102F8021B0168C6F802108388C4
:105F10009380D5F82230B360EB8CB38130461EF00D
:105F200025FC1EF069FC002840D11EF043FFA37D34
:105F300043F00103A37595F82030190705D194F8B3
:105F4000203043F0080384F82030254821461EF015
:105F500011FB4FE5A77D04F1220BC7F38017E8E69C
:105F6000204A2149214840F2AF4329F07EF800231E
:105F700083F31188BFF36F8F0323184602DFF5E622
:105F80001EF048FD079B83F8C200F6E6A37D327839
:105F9000C3F3801363F38612334603F8022BD4F85D
:105FA0002220C6F80220E28C9A80B2E70D4A0E4900
:105FB0000E4840F2335329F058F8002383F3118838
:105FC000BFF36F8F0323184602DFAEE7AFF3008005
:105FD00000CA9A3B000000008D49FD1AFD25020011
:105FE000252502000C6A0300B06803006C50030012
:105FF0002DE9F047C46882B007460DF10201204642
:1060000011F06EFD90F91630002BC0F2FF8043684E
:106010000646002B40F0EF802379974A6FF38613F2
:106020002371002515801EF0E7FA28461EF03AFB82
:106030006079012100F007001EF026FB62799200D2
:10604000FF2102F01C0208201EF060FB012009F075
:106050003FFE0546002800F0BF8005F120001EF03D
:106060007FFB864B019301A81EF03CFB844940F264
:106070005B601EF0EBFB207900F03F001AF0ACFDF6
:10608000214680481EF076FA96201EF031FD627996
:1060900002F007020123104600211EF041FC1AF015
:1060A00089F8002852D1B37D13F0180F7CD1D4F8B1
:1060B00000903D6848461AF06FFD05EB00087A68CD
:1060C00008F10E0100201EF01FFD05466079D4F88E
:1060D00008A000F0070001211EF056FB054460797E
:1060E00000F00700022855442ED004280CBF4FF4BE
:1060F000BC73282301211D441EF048FB28441EF0D8
:1061000011FE1EF057FE1EF07BFC204611F0DEFC57
:10611000C11D4246C9B248461AF04CFD054600284A
:106120007BD1736843B1584BFE60012202219F600E
:1061300006F092FE002840D120461AF093FC18BBCE
:10614000002002B0BDE8F0871823D3E7B07DC0F38C
:10615000C00019F02BFB05460DF1030019F094FE69
:1061600069788046AA1C28781EF06EFC62799DF83A
:106170000300C2F30202920042F00202414602F022
:106180001E021EF0D3FE92E7404A4149414840F2C8
:106190006E2328F06AFF002383F31188BFF36F8F0B
:1061A0000323184602DFCBE7012019F0FFFA4178FC
:1061B000821C00781EF048FC79E7344A344935489F
:1061C00040F2692328F051FF85F31188BFF36F8FE8
:1061D0000323184602DFAFE72C4A2F492D484FF41E
:1061E000FA7328F042FF85F31188BFF36F8F032302
:1061F000184602DF31E7436893F82C30DA0705D4FC
:10620000436893F82C309B077FF506AF234821465F
:106210001EF0B0F91EF0C6FA92E71C4A20491D484C
:1062200040F24F2328F021FF1E4B0721A5FB03035B
:1062300001FB05310EA3D3E90023FAF769FE1A49E1
:1062400002461A4828F011FF002585F31188BFF394
:106250006F8F0323184602DF154821461EF08AF986
:106260001EF0A0FA6FF08B006BE700BFAFF3008069
:1062700000CA9A3B00000000CE840020D6BE898E62
:1062800055555500A5370200C8020020786A030062
:10629000605203006C500300A8680300153202002E
:1062A000445103008D49FD1AF86A0300DC680300BD
:1062B0002D2D0200000000002DE9F04F8FB00546A3
:1062C0000E4617461EF0ACFA10F0FF0015D1FF2362
:1062D0008DF831008DF82F008DF832308DF8303088
:1062E0001AF0CAFC002E5CD07F4831461EF042F9FD
:1062F0001EF058FA0FB0BDE8F08F1EF0B3FA044656
:106300001EF0D6FB8DF82F001EF0DCFB8DF8300060
:106310001EF072FE8DF831001EF050FE8DF8320036
:106320001EF088FBC3B207931EF068FBE4B2069030
:106330001AF0A2FC9CB3032009F0CAFC044670B317
:1063400090F8203003F00F03072B00F1200A26D12C
:1063500090F821301BB30DF1320301930DF131039D
:1063600000930DF12F020CAB514628461DF0D2F9D7
:106370009DF82F208346002A40F0A6819DF8319099
:10638000B9F1000F40F0C4814FF0FF08BBF1000FDE
:1063900029D04346494628461CF076FB18BB002E00
:1063A000A2D195F82030D90640F1898109F0ACFCE2
:1063B0000446002800F0B6820A232371A560AB6969
:1063C0002068E360214609F0CDFC95F82030DA061C
:1063D00040F175816FF30413444885F82030294655
:1063E0001EF0C8F884E76B6800228DF833202BB1CB
:1063F0006B6893F82C1011F002017DD06B68002BB4
:1064000000F073816B68002BC9D1002E00F0A781CA
:1064100033791B0612D4AB691BB193F90430002BFE
:106420000CDB0DF1330300220193CDF800805346BD
:10643000114628461CF06EFB0028B0D0A6603379C8
:10644000A27EC3F3801363F30412A276337943F080
:10645000800333710023AB6109F056FC1EF04EFC43
:1064600020611EF0AFFC0699834638461EF08EF977
:10647000A37E069A62F38203A376079BABEB000030
:106480006061002B40F02D817F20A37E9DF833209A
:106490002076B9F1000F03F0F70308BF4FF0FF08B3
:1064A00062F3410384F81980A376002E00F038814E
:1064B000069A0F4B0096394650461DF07BF8A37E96
:1064C000092260F3C713A37620682271214609F0E0
:1064D00049FC94F91A30002BFFF60CAF054A1388DB
:1064E0000133138000E700BF2D2D0200552A020062
:1064F00041330200CE84002094F8223058067FF504
:106500007DAFCDE900815346012228461CF002FBF5
:1065100000283FF473AF002E00F01382042009F02E
:10652000D7FB00283FF4E0AE08961EF04BFCEB6A68
:10653000834643B92B8D40F2712202FB03F3B0FB7B
:10654000F3F203FB120B2B689D481A69DFF874A263
:1065500007F0030303F12B011733C7F3400CC90005
:10656000DB0021FA0CF123FA0CF30B44AAEB030A2B
:10657000A2FB0001072303FB02118FA3D3E9002331
:10658000FAF7C6FC8244BAF11F0A63EB0303DA454B
:1065900073F10003FFF403AF404619F05BFC95F87C
:1065A00020305A06834640F1DD81002800F0DA8170
:1065B00009904FF0010A1EF063F9099B0DAACDE97D
:1065C00002A3049204F12402019294F82020069B75
:1065D000C2F3801201468246009228463A461CF0D9
:1065E00007FB50461EF0C2F81EF006F9002840F0E6
:1065F000D7811EF0DFFB96201EF07AFA38461EF097
:1066000047F9089970481DF0B5FF079B002B40F033
:10661000D7816A6892F82C3043F0010382F82C305D
:10662000AB7D43F08003AB7509F06EFB172202715E
:106630004FF6FF72C2800446534600F120020AF171
:10664000200E1F6858689968D3F80CC0C2F80CC0B7
:106650001033734517605060916002F11002F0D161
:106660001B68136094F82030A56043F0200384F881
:1066700020301EF043FBB9F1000F0D9B206108BFD5
:106680004FF0FF0884F81980636195F8203013F00B
:10669000400303D0BBF1000318BF0123A27E63F3C4
:1066A0000002A27609F030FB089BE060DC60002E5F
:1066B0007FF420AE454A1388013313801AE6A96996
:1066C00043481DF057FF13E6A87D9DF8301008924F
:1066D000C0F3C00019F0E2FB9DF83190089A8046A3
:1066E00054E61EF097F9C0B2CFE6AB7D9B067FF56E
:1066F00089AE002E70D03379580600F1078194F8E6
:1067000022207F2A75D86A68002A3FF482AEEBE522
:106710009DF83200089219F033FC089A804635E65D
:10672000069A2C4B0095394650461CF043FFA37E39
:10673000092260F3C713A37620682271214609F06D
:1067400011FB94F91A30002B80F2148195F8203057
:1067500043F0100385F820300FB0BDE8F08FAB692F
:106760001BB193F90430002B16DB0DF1330300222B
:106770000193CDF800805346114628461CF0CAF913
:1067800000283FF40EAEAB6933B995F82030D80637
:106790003FF50CAE002193E7A560AB69E3601B7980
:1067A000A27EC3F3801363F30412A276AA6913795D
:1067B00043F0800313714FE600CA9A3B00000000CB
:1067C0008D49FD1A28FDFFFFF92E0200CE8400201E
:1067D0002D2D020041330200AA69002A00F0BD807D
:1067E000137959063FF50EAE94F822307F2B7FF6D1
:1067F00009AE0DF1330300220193CDF8008053461A
:10680000114628461CF086F900283FF4FBAD042011
:1068100009F05EFA00283FF4C2AD96201EF068F938
:1068200038461EF035F81EF02BF80378032262F389
:106830000303037094F820300278C3F3801363F3EA
:10684000C7120C23027043708246404619F002FBC7
:1068500095F820305A0640F19280002800F08F8091
:106860009AF80020534642F0400203F8022B0268D7
:10687000CAF8022082889A80636ACAF80830238D99
:10688000AAF80C3050461DF071FF1DF0B5FF00282E
:1068900040F09C801EF08EFA09F036FA092323712D
:1068A000002E00F0A7805A48A66031461DF062FE17
:1068B000337943F0400333711EF020FA20611EF05B
:1068C00081FA0699054638461DF060FF079B2D1A90
:1068D0006561002B40F08A807F21A27E9DF83330D5
:1068E000217602F065025B00B9F1000F42F0080268
:1068F00023F07D0308BF4FF0FF081343206884F89E
:106900001980A376214609F02DFAF3E4AA69002A3A
:106910007FF466AF6A68002A7FF4E6AC1B067FF559
:1069200080AD8BE53B4A3C493C4840F2773328F048
:106930009CFB84F31188BFF36F8F0323184602DF9B
:106940003AE5AB690893002B3FF41FAF042009F030
:10695000BFF900287FF4E9AD23E56B68002B3FF415
:1069600004AF1EE595F816A005F12203CAF3801ABC
:10697000099320E62A4A13880133138025E5AB7D6D
:106980009AF80020C3F3801363F38612534603F88A
:10699000022BD5F82220CAF80220EA8C9A806BE7F5
:1069A0001C4A20491D484FF4816328F05EFB0023F8
:1069B00083F31188BFF36F8F0323184602DF18E6B5
:1069C0001EF028F86B6883F8C20022E6114A1549C8
:1069D000124840F29E4328F048FB002383F31188BD
:1069E000BFF36F8F0323184602DF53E71EF012F840
:1069F000C1B272E7A560AB69E3600B4821461DF0A8
:106A0000B9FDAA69137943F04003137154E700BF3D
:106A1000A92E0200786A0300586A03006C50030034
:106A2000CE840020B0680300592E02000000000050
:106A30002DE9F041C468A28A4FF6FF739A4282B0F2
:106A400000F0E28005461CF043FF2B89628B208C0E
:106A5000A3831A4492B2104494F82730E28380B2A0
:106A6000411C21845E064FF00001618304F1220184
:106A700000F1A38003F03F000B4694F8281000902B
:106A800004F1290018F04AF90646D4E90C31A28B2A
:106A900002FB0333A26B1344E26B8B4294BFD21808
:106AA00052188A4228BF0A46E263616C226C94F84D
:106AB00067301144616494F87E2094F82C10C3F37D
:106AC000020363F3061112F004024FF0000384F88E
:106AD0002C10A36323647AD01DF08EFD00201DF0DE
:106AE000E1FD201D1DF0FEFD2389A17A40F25B60CF
:106AF00043EA01411DF0AAFE30461AF06DF8214626
:106B00005B481DF037FDA0891DF0F2FF94F8662068
:106B100094F86700C2F3C003002102F0070200F0FE
:106B200007001DF0FDFE20461CF092FF27682E682E
:106B300038461AF031F806446A6806F10E01002062
:106B40001DF0E2FF80461EF009F900201EF020F93A
:106B5000E36B94F8670003F12F02636C00F0070009
:106B6000012103EB42051DF00FFE4544054494F856
:106B7000670000F00700022827D004280CBF4FF45C
:106B8000BC73282301211D441DF000FE28441EF083
:106B9000C9F81DF035FFA18A08313246C9B238461E
:106BA0001AF008F80546002835D1204619F05AFF9A
:106BB000D8B9002002B0BDE8F0810A4603F03F03D7
:106BC000218D18F0F7F806465FE71823DAE7D4E9D5
:106BD0001A0106F0D5F800287FF47EAF94F87E30D5
:106BE00043F0040384F87E3076E7224A22492348A2
:106BF0004FF4B07328F039FA85F31188BFF36F8F23
:106C00000323184602DFD4E71D4821461DF0B2FCDD
:106C10001DF0C8FDCDE7174A1A4918484FF4AB7369
:106C200028F023FA184B0721A5FB030301FB0531CC
:106C30000DA3D3E90023FAF76BF91449024614486F
:106C400028F013FA002585F31188BFF36F8F032313
:106C5000184602DF0F4821461DF08CFC1DF0A2FDF6
:106C60006FF08B00A6E700BF00CA9A3B000000004F
:106C7000053D0200846B0300605203006C5003006A
:106C8000690D0200445103008D49FD1AD86B0300C1
:106C9000DC680300210D0200F0B5C468A28A4FF63B
:106CA000FF739A4285B000F08F8005461CF010FEFD
:106CB0002B89628B208CA3831A4492B2104494F8DF
:106CC0002730E28380B2411C21845E064FF0000130
:106CD000618304F1220160D403F03F000B4694F875
:106CE0002810009004F1290018F018F806462046F4
:106CF00003A91CF09FFF039B94F87E101A7861F3A0
:106D0000C3021A70039A94F87E301178C3F34003DB
:106D100063F3820111701DF06FFC00201DF0C2FCB6
:106D2000201D1DF0DFFC2389A17A40F25B6043EA5D
:106D300001411DF08BFD304619F04EFF03992046AE
:106D40001CF04CFF21463A481DF014FCE0891DF070
:106D5000CFFE94F8670000F007001DF099FD27684A
:106D60002E68384619F018FF06446A6806F10E01CD
:106D700001201DF0C9FE1EF01DF8A18A083132461F
:106D8000C9B2384619F016FF054620BB204619F057
:106D900069FE50B9002005B0F0BD0A4603F03F037C
:106DA000218D18F007F80646A1E7224A2249234818
:106DB0004FF4827328F059F985F31188BFF36F8F70
:106DC0000323184602DFE5E71D4821461DF0D2FBEC
:106DD0001DF0E8FCDEE7174A1A491848FA2328F0A4
:106DE00044F9194B0721A5FB030301FB05310EA351
:106DF000D3E90023FAF78CF814490246144828F026
:106E000034F9002585F31188BFF36F8F03231846EB
:106E100002DF104821461DF0ADFB1DF0C3FC6FF0F2
:106E20008B00B8E7AFF3008000CA9A3B0000000077
:106E3000ED3A0200E46B0300605203006C50030063
:106E4000690D0200445103008D49FD1A346C0300A2
:106E5000DC680300210D0200C34A2DE9F84F21F040
:106E60000043934204460D468B4620D9BF4A9342C5
:106E700001D80CD158B122462B4620462946F9F7B5
:106E80005FF904460D4620462946BDE8F88FBBF160
:106E9000000F97A3D3E9002303DD97A1D1E90001F7
:106EA000EDE797A1D1E90001F9F748F9E9E7B04A20
:106EB000934211D8A2F1DE7293420AD892A3D3E989
:106EC0000023F9F73DF9AB4B0022F9F77FFD0028CD
:106ED000D9D14FF0FF3A27E0A74A9342064621F066
:106EE000004700F2B880A2F55022934200F29B8046
:106EF00002463B463946F9F723F99E4B0022F9F743
:106F00001DF9002204460D464FF0804330463946B5
:106F1000F9F716F902460B4620462946F9F7F0FB29
:106F20004FF0000A04460D4622462B4620462946CD
:106F3000F9F7BCFA02460B4680468946F9F7B6FADD
:106F400073A3D3E9002306460F46F9F7AFFA72A3FD
:106F5000D3E90023F9F7F4F832463B46F9F7A6FAED
:106F60006FA3D3E90023F9F7EBF832463B46F9F774
:106F70009DFA6DA3D3E90023F9F7E2F832463B46C8
:106F8000F9F794FA6AA3D3E90023F9F7D9F832465E
:106F90003B46F9F78BFA68A3D3E90023F9F7D0F859
:106FA00042464B46F9F782FA65A3D3E900238046AF
:106FB000894630463946F9F779FA63A3D3E90023C5
:106FC000F9F7BCF832463B46F9F770FA60A3D3E90B
:106FD0000023F9F7B3F832463B46F9F767FA5EA3A8
:106FE000D3E90023F9F7AAF832463B46F9F75EFAEF
:106FF0005BA3D3E90023F9F7A1F832463B46F9F742
:1070000055FA02460B4640464946F9F799F822469A
:107010002B46F9F74BFABAF1FF3F02460B4644D133
:107020002046294640E7534B00223946F9F786F8B7
:10703000504B04460D46002230463946F9F780F899
:1070400002460B4620462946F9F75AFB4FF0010A43
:1070500004460D4668E7494A93421BD2484B00223A
:107060003946F9F76BF8464B04460D460022304688
:107070003946F9F71BFA3F4B0022F9F761F802464F
:107080000B4620462946F9F73BFB4FF0020A04461F
:107090000D4649E702463B493B460020F9F730FBE5
:1070A0004FF0030A04460D463EE7374B374E03EBDD
:1070B000CA03D3E90023F9F741F822462B46F9F732
:1070C0003DF806EBCA0602460B46D6E90001F9F781
:1070D00035F8BBF1000FBCBF024601F10043044686
:1070E0000D46BCBF14461D46CDE600BFAFF3008081
:1070F000075C143326A6913C182D4454FB21F93F1C
:10710000182D4454FB21F9BF9C7500883CE4377E60
:1071100011DA22E33AAD903FEB0D76244B7BA93F89
:10712000513DD0A0660DB13F6E204CC5CD45B73F57
:10713000FF8300922449C23F0D5555555555D53F03
:107140002F6C6A2C44B4A2BF9AFDDE522DDEAD3FF7
:107150006D9A74AFF2B0B33F711623FEC671BC3F97
:10716000C4EB98999999C93FFFFF0F440000F07F45
:10717000FFFFDB3F0000F03FFFFFF23F00800340D6
:107180000000F83F0000F0BF984A0300B84A03002F
:107190002DE9F84F17469046994623F000427B426E
:1071A000DFF8E4A13B4342EAD373534504460D465E
:1071B00009D8464221F00043064343EAD6765645B5
:1071C0008E46834608D942464B4620462946F8F764
:1071D000B7FF04460D4616E009F1404606F5801655
:1071E0003E4303D1BDE8F84FFFF736BE4FEAA9761C
:1071F00006F0020653EA0B0B46EAD17617D1022EAF
:1072000005D0032E0AD020462946BDE8F88F48A3B2
:10721000D3E9002348A1D1E90001D8E744A3D3E989
:10722000002347A1D1E90001F8F788FFD1E7174310
:107230000DD1BEF1000F3EA3D3E9002303DA42A132
:10724000D1E90001F0E742A1D1E90001BFE75245D1
:1072500024D1934218D1022E35A3D3E900230BD0B9
:10726000032E0DD0012E03D03BA1D1E90001AEE7E2
:107270003BA1D1E90001D7E73BA1D1E90001A6E795
:107280003BA1D1E90001CFE7022EC0D0032EC5D02B
:10729000012E4FF0000448D00025B4E75345C8D074
:1072A0009B1AB3F1747F4FEA23521ADB32A3D3E95E
:1072B000002327A1D1E90001F8F742FF04460D465B
:1072C000012E21D0022E23D0002E9CD02CA3D3E956
:1072D000002320462946F8F731FF17A3D3E90023FE
:1072E000A2E7B9F1000F01DA3C320ADB42464B4615
:1072F00020462946F9F704FA21F00041FFF7ACFDDA
:10730000DCE700240025DBE705F100431D467AE7B2
:107310001BA3D3E9002320462946F8F70FFF0246B6
:107320000B4605A1D1E900017EE74FF000456AE771
:1073300059F3F8C21F6EA501182D4454FB210940D2
:10734000182D4454FB2109C0182D4454FB21F9BFCA
:10735000182D4454FB21F93F182D4454FB21E93FDB
:10736000182D4454FB21E9BFD221337F7CD9024040
:10737000D221337F7CD902C0075C143326A6913C0E
:10738000075C143326A6A13C0000F07F000000003B
:107390002DE9F04FC24B8DB021F000489845824650
:1073A0008B461446049107D8C2E900AB00230022A3
:1073B000C4E90223002526E0BA4B984576D8049B01
:1073C000B94D002BA8A3D3E9002338DDF8F7B6FEAA
:1073D000A84506460F461AD0A5A3D3E90023F8F71F
:1073E000ADFE02460B468046894630463946F8F7E0
:1073F000A5FE9FA3D3E90023F8F7A0FEC4E9008906
:10740000C4E90201012528460DB0BDE8F08F9AA31A
:10741000D3E90023F8F792FE99A3D3E900230646A7
:107420000F46F8F78BFE02460B46804689463046EB
:107430003946F8F783FE92A3D3E90023DCE7F8F797
:107440007FFEA84506460F4618D089A3D3E900233E
:10745000F8F776FE02460B468046894630463946A6
:10746000F8F76CFE82A3D3E90023F8F769FE4FF02A
:10747000FF35C4E90089C4E90201C4E77EA3D3E96A
:107480000023F8F75DFE7EA3D3E9002306460F46EE
:10749000F8F756FE02460B46804689463046394686
:1074A000F8F74CFE76A3D3E90023DEE77F4B98453F
:1074B00000F2CD8021F0004773A3D3E900233946C1
:1074C000F8F7F4FF7A4B0022F8F73AFEF9F79EFA44
:1074D0000546F8F781FF02460B46CDE9022362A379
:1074E000D3E90023F8F7E2FF02460B46504639463F
:1074F000F8F724FE5EA3D3E9002382468B46DDE93C
:107500000201F8F7D3FF02460B4606460F465046E7
:107510005946F8F713FE1F2D05DC664B6A1E53F81B
:107520002230434508D14FEA28530593C1F30A534B
:10753000C3EB1853102B02DCC4E9000139E04EA361
:10754000D3E90023DDE90201F8F7B0FF06460F4654
:1075500002460B4650465946F8F7F0FD02460B46E8
:107560008046894650465946F8F7E8FD32463B4684
:10757000F8F7E4FD42A3D3E9002306460F46DDE910
:107580000201F8F793FF32463B46F8F7D7FD024673
:107590000B4606460F4640464946F8F7CFFD059A8A
:1075A000C1F30A53D31A312B20DCC4E90001C246CF
:1075B000CB46D4E90089504642464B465946F8F737
:1075C000BDFD3B463246F8F7B9FD049B002BC4E9EC
:1075D0000201BFF618AF09F10043636001F10043F7
:1075E000C4F80080A060E3606D420CE728A3D3E9F3
:1075F0000023DDE90201F8F759FF06460F4602466F
:107600000B4640464946F8F799FD82468B460246AE
:107610000B4640464946F8F791FD32463B46F8F79F
:107620008DFD1DA3D3E9002306460F46DDE90201C7
:10763000F8F73CFF32463B46F8F780FD06460F461A
:1076400002460B4650465946F8F778FD74E71A4B48
:10765000984533D902460B46F8F770FDC4E902019C
:10766000C4E90001A6E600BF00004054FB21F93F39
:107670003163621A61B4D03D0000601A61B4D03D3C
:107680007370032E8A19A33B83C8C96D305FE43F32
:107690000000002E8A19A33BC14920259A837B391B
:1076A000FB21E93F7BD90240FB21F93FFB21394116
:1076B0000000E03F84710300FFFFEF7F4FEA285591
:1076C000A5F21645A8EB05510F46F9F79FF9F8F713
:1076D00083FE02460B4650463946CDE90623F8F7AD
:1076E0002DFD224B0022F8F7E1FE0F460646F9F782
:1076F0008DF9F8F771FE02460B4630463946CDE962
:107700000823F8F71BFD194B0022F8F7CFFECDE94F
:107710000A010DF130094FF003080026002779E92E
:10772000020132463B46C24608F1FF38F9F726F916
:107730000028F4D10E4B0193022300932A465346AE
:10774000214606A826F0CCFD049B002B0546BFF67B
:107750005AAED4E9002101F10043C4E90023D4E981
:10776000022101F10043C4E902233DE7000070411A
:1077700004720300000000002DE9F74F21F00046DD
:10778000B6F1795FCDE9002380468946C0F0848058
:1077900002460B46F8F78AFE4D4B002204460D4682
:1077A000F8F784FE3EA3D3E9002382468B462046A9
:1077B0002946F8F77BFE3CA3D3E90023F8F7C0FC89
:1077C00022462B46F8F772FE39A3D3E90023F8F7D7
:1077D000B5FC22462B46F8F769FE37A3D3E9002310
:1077E000F8F7AEFC22462B46F8F760FE34A3D3E947
:1077F0000023F8F7A3FC22462B46F8F757FE32A3E6
:10780000D3E90023F8F79CFC22462B46F8F74EFEFE
:1078100022462B46F8F74AFEDDE9002304460D46D2
:1078200040464946F8F742FE0B46024629462046A6
:10783000F8F784FC274B9E42804689460ED80246C4
:107840000B4650465946F8F779FC0B46224902464A
:107850000020F8F773FC03B0BDE8F08F1F4B1E4902
:107860009E428CBF1E4DA6F50015002422462B46D5
:107870000020F8F763FC224606460F462B4650468A
:107880005946F8F75BFC42464B46F8F757FC024670
:107890000B4630463946DCE70F490020DBE700BFE6
:1078A000D43888BEE9FAA8BDC4B1B4BD9EEE213E6D
:1078B000AD529C804F7E923E9015CB19A001FA3EAE
:1078C0007751C1166CC1563F4C5555555555A53F7E
:1078D0000000E03F3233D33F0000F03F0000E93FBB
:1078E0000000D23F000000002DE9F04F1F4621F0BC
:1078F0000043B3F1795F85B004460D4616464FD379
:1079000002460B46F8F7D2FD82468B4602460B46EE
:1079100020462946F8F7CAFD3DA3D3E90023804657
:10792000894650465946F8F7C1FD3BA3D3E90023E9
:10793000F8F704FC52465B46F8F7B8FD38A3D3E9E4
:107940000023F8F7FDFB52465B46F8F7AFFD36A380
:10795000D3E90023F8F7F2FB52465B46F8F7A6FDA1
:1079600033A3D3E90023F8F7EBFB0E9BCDE900012D
:10797000DBB902460B4650465946F8F797FD2EA351
:10798000D3E90023F8F7DAFB42464B46F8F78EFDC1
:1079900002460B4620462946F8F7D2FB04460D4620
:1079A0002046294605B0BDE8F08F274B002230461F
:1079B0003946F8F77BFDDDE90023CDE902014046B9
:1079C0004946F8F773FD02460B46DDE90201F8F778
:1079D000B5FB52465B46F8F769FD32463B46F8F781
:1079E000ADFB17A3D3E9002306460F4640464946A0
:1079F000F8F75CFD02460B4630463946F8F79EFB29
:107A000002460B4620462946F8F798FBC6E700BF1A
:107A10007CD5CF5A3AD9E53DEB9C2B8AE6E55A3E18
:107A20007DFEB157E31DC73ED561C119A0012A3FB4
:107A3000A6F810111111813F495555555555C53FAF
:107A4000495555555555C5BF0000E03F00000000A1
:107A50002DE9F04F9946D84B89B021F000469E425F
:107A6000129F029182468B46904657D8F8F7CEFF78
:107A70000546002878D17B1C51460B4333430CD17B
:107A8000CE49524633460020F8F73AFE82468B46EE
:107A90005046594609B0BDE8F08F012FF8D0424654
:107AA0004B4650465946F8F74BFB02460B460F46ED
:107AB0000020C349F8F724FECDE90001DDE90023E9
:107AC0002E4652462C4630461D4639465B46F8F750
:107AD00035FB02460B4640464946F8F72FFB324637
:107AE0002B46F8F7E3FC324682468B462B4630465F
:107AF0003946F8F7DBFCB14B0022F8F721FB0246D0
:107B00000B4650465946F8F71BFBDDE90023F8F712
:107B1000CDFC22462B46F8F713FBB7E7A94B9E4254
:107B200022D9029B002B05DA01F100439B4609F1A3
:107B30000043994652465B4681A1D1E90001F8F71E
:107B4000FDFA42464B4604460D467FA1D1E90001AD
:107B5000F8F7F4FA22462B46F8F7F2FA4FF000084D
:107B600082468B464FF0000952465B4650465946C6
:107B7000F8F79CFC02460B46CDE90023F8F796FC8B
:107B8000DDE9002304460D4650465946F8F78EFCC1
:107B90006FA3D3E90023CDE9040120462946F8F775
:107BA00085FC6DA3D3E90023F8F7CAFA22462B46D9
:107BB000F8F77CFC6AA3D3E90023F8F7C1FA224660
:107BC0002B46F8F773FC68A3D3E90023F8F7B8FA5B
:107BD00022462B46F8F76AFC65A3D3E90023F8F7A1
:107BE000AFFA22462B46F8F761FC63A3D3E90023E2
:107BF000F8F7A6FADDE90023F8F758FC60A3D3E90B
:107C00000023CDE9060120462946F8F74FFC5EA384
:107C1000D3E90023F8F794FA22462B46F8F746FCFE
:107C20005BA3D3E90023F8F78BFA22462B46F8F73B
:107C30003DFC59A3D3E90023F8F782FA22462B46EC
:107C4000F8F734FC56A3D3E90023F8F779FA224673
:107C50002B46F8F72BFC54A3D3E90023F8F770FA6E
:107C600002460B46DDE90601F8F76AFADDE904236E
:107C7000F8F71CFC42464B46F8F762FADDE90023B0
:107C8000F8F714FC42464B46F8F75AFA48A3D3E9F2
:107C9000002304460D46DDE90401F8F707FC2246FF
:107CA0002B46F8F74DFACDE900010B46024659463E
:107CB0005046F8F745FA434B9E4204460D4640F2C3
:107CC00083803846F8F788FB2246804689462B4653
:107CD00020462946F8F7EAFB424606460F464B4641
:107CE00020462946F8F72CFA02460B46304639461C
:107CF000F8F706FDDDE90023F8F720FA02460B4607
:107D000050465946F8F71AFA02460B46F8F718FAA1
:107D100002460B4640464946F8F710FA029B4FEAE6
:107D2000A37A0AF0020A0446CAF101000D46F8F7E8
:107D300053FB02460B4620462946F8F7B7FBA5E65B
:107D4000182D4454FB21E93F075C143326A6813CDF
:107D5000D47ABF74702AFB3EE9A7F0320FB8123F05
:107D600068108D1AF726303F1583E0FEC8DB573FB9
:107D700093846EE9E326823FFE41B31BBAA1AB3F79
:107D8000735360DBCB75F3BEA69237A0887E143F99
:107D90000165F2F2D844433F280356C9226D6D3F76
:107DA00037D60684F464963F7AFE10111111C13F54
:107DB000635555555555D53FFFFF2F3E0000F03F09
:107DC0000000F0BF2794E53F012F33D04FF00008AB
:107DD000894602460B4600201849CDE90289F8F78A
:107DE0008FFC52460F465B4606460D4640464946C6
:107DF000F8F7A4F902460B46DDE90001F8F79EF911
:107E000042463B46F8F752FB424682468B463B468B
:107E100040464946F8F74AFB094B0022F8F790F92B
:107E200002460B4650465946F8F78AF94446324610
:107E30003B466CE682468B462AE600BF0000F0BF58
:107E40000000F03F70B5ADF50E7D01A9032001F0F3
:107E5000C9F9044620B10146314827F0F0F819E08D
:107E600001461023019806AA27F0BCFC044610B175
:107E700001462C48F1E79DF81F50012D05D1BDF8B2
:107E8000242042F241339A4208D0274827F0D7F8FD
:107E90006FF0150420460DF50E7D70BD9DF826305F
:107EA000089E9B070AD52148214B816898474FF0CF
:107EB000FF314FF0FF302AF07AFDF8E701464FF42A
:107EC00004720AA82BF043F91A4B0B931A4B0C932C
:107ED0001A4B0D934FF4E023CDE98B3618490594E6
:107EE00003AB02AA0AA8CDE903448DF80C501DF09B
:107EF0007DFB044610B101461248AEE702981249D4
:107F000084301DF045FB014628B9104827F097F84A
:107F10006FF00104BEE7029822461DF023FCB9E78A
:107F2000E2760300047703002277030004050020B3
:107F3000110007007F120300A9120300BD12030005
:107F40007E77030039770300577703005C770300DF
:107F50007FB50BAB05930393054B02930023CDE94B
:107F600000330222184600F0BBFE07B05DF804FBA8
:107F7000897703002DE9F04F91B08407009302F058
:107F800004030293C2F3C20303F10103DDF8688026
:107F9000039205460E46059340F0BA81041D30B1A8
:107FA000072909D86FF01B0011B0BDE8F08F01F070
:107FB00007063444C6F10806009B4FF00009591E1D
:107FC0004FF0040A4FF0FF330193CDF810904F4665
:107FD000CB4653460DB1009A22600598002800F365
:107FE000E8809848009A824203D397488242C0F0C2
:107FF000E080039AA4EB050E92074FEA9E0000F181
:1080000003810F2F00F2B180002D00F0058107F1F0
:1080100040020DEB020C019A0CF8200C0CF8102C0D
:10802000049801300490E7E07A285DD84B280ED8F8
:10803000472859D829282DD8252852D054D8202867
:108040007AD02338D0F1000B4BEB000B74E04C38A6
:108050002E2849D8DFE800F070484848484848488A
:10806000484848484B484848484848484859484B79
:108070004B595959704B6D487048184B18484882F5
:108080007F4B48484B487F0000204FF0000B4FF0DB
:10809000040A38E02A38C0B2012202FA00F010EADD
:1080A0000E0F49D110F0625C2FD110EA020B43D0C1
:1080B0006046013C5444B4FBFAF40AFB04F4002D7E
:1080C00061D0A3EB050CA444B4453FF66BAF002888
:1080D00068D1042B47D158F8043B236004340423AF
:1080E0002AE0019A013A01924FF0000B24E011F8C6
:1080F000010C6C2834D111F8023C00206C2B834613
:10810000C5D14FF0080A5346D3E708F1070828F015
:1081100007080734F8E802AB24F0070435B10698E5
:108120002044B0423FF63EAFC4E900AB08344FF004
:10813000000B4FF0080A534611F8010F002878D0C1
:10814000BBF1000F7FF470AF2528F5D1019B0133FF
:1081500001934FF0010B4FF0040AECE7584694E707
:1081600000208346A5E7082B02D06FF015001BE71F
:1081700008F1070828F00708F8E80223C4E90023FB
:1081800008340823D8E768B9042B02D108F10408A1
:10819000A4E7082BE9D108F1070828F0070808F13F
:1081A0000808EDE7059A013A059258F8042B009269
:1081B00010E7039A900720D5A4EB050E4FEA9E0026
:1081C0004FF0010CBEF5007FCFD20F2FCDD8F5B107
:1081D00007F140020DEB020EC0B2019A0EF8200C1E
:1081E0000EF8102CBCF1000F3FF41AAF60F07F00C6
:1081F0000EF8200C09F101090137C5F10802043419
:1082000006924FF6DA7E97E74FF0000CDAE7BCF102
:10821000000F01D00136EFE7029802360028EBD1BB
:108220000098CDE90631F8F7BBFEDDE906310644DA
:10823000E2E7631BB3F5806F97D23DB9A6F108045E
:10824000E018B1E69837030038B40300029A2860BA
:108250009B082B709DF81030C2B1EB7085F802902E
:10826000B9F1000F05D008A80022C5F1010C974212
:108270000ED1C5F101030DF120084FF0000A019362
:108280000DF1300B574512D1601B8DE66B70E5E7A1
:1082900010F8013B190608D50CEB040EB64503F0A7
:1082A0007F033FF67FAE04F8013B0132DFE7B9F10F
:1082B000000F03D098F90020002A17DB029BD3B1EE
:1082C0001AF80B2004F8012B0022019B1819104406
:1082D000B0423FF667AE98F8000004F8010B009931
:1082E000039220462AF00BFF039A14440AF1010A74
:1082F00008F10108C6E798F8002055F822300093ED
:10830000029B45F822300098F8F74AFE421CDCE751
:108310006FF00D0048E600BF2DE9F04F9BB090F8DC
:1083200002A0DDF890B00993CBF3C00304461646D3
:108330000B93884641B9457800780AEB80002044C9
:10834000454516D8A0EB0408E3780A93BAF1000F6C
:1083500002D01BF0010F15D10A9B002B39D11EB1A1
:10836000099A41462046B047454628461BB0BDE81D
:10837000F08F471C3846F8F713FE0130384408F1F7
:108380000108DDE72278636806920893069B920055
:108390000C9204EB8301002E40F0E68045460F4628
:1083A00001EB0A080026474522D017F8013B069149
:1083B00054F82300F8F7F4FD259B0699013033B1FA
:1083C000269B9E423EBF259B23F81600013605449E
:1083D000E9E71BF0020FC2D0237806931F469B00EB
:1083E0000C936368089304EB8701002E56D1454631
:1083F0000A9B01EB0A071BF0050F07EB43090BF083
:1084000002030CBF4FF0020A4FF0010A06934F45DA
:10841000ABD017F8021B17F8013C54F82380924B9D
:10842000984502D3914B984519D30B9B23B30898D9
:1084300026F0DCFD00B38E48036813F0060F0CD065
:10844000089B03938B4B029300230491CDE90033E7
:10845000014602221846FFF77BFD023DD7E70B9B42
:1084600023B1089826F0C2FD0028E4D11BF0010FCB
:1084700005D1A5EB0A05CAE7069B002BC7D04046ED
:10848000F8F78EFD259B3BB1269B9E423FBF259A68
:10849000431C22F8163001360544B8E7BAF1000F44
:1084A00066D01BF0040766D0574616A84FF00009A7
:1084B000524607912AF023FE07990A9A01EB0A0314
:1084C00007930A9B5B000E93079B03EB42030D93FC
:1084D0000BF002030F930D9B079A93424DD16378E3
:1084E0001BF0020F03EB09020CBF790800211BF0FF
:1084F000010FD2B240F089801BF0040F14BF384640
:1085000000206270A070E170099A0C9908932046CF
:10851000B047051EFFF629AF069B2370089B6370CA
:108520000A9B099A84F802A03946E37016A8B0475E
:10853000071EC0F294800C9B099A0798A8EB0A01C9
:10854000C91A0E9BC91AB0470028C0F28A802F446E
:108550003D184FF000080DF1480BC14557D80021D8
:10856000099A0846B04700E7D14612A800279FE7BE
:108570005746D146A1E7B9469FE7079B13F8021B70
:10858000079313F8015C384B54F825209A4202D324
:10859000364B9A4217D30B9B23B1089826F026FD41
:1085A000002898D10F9BC3B907F168037A1C0DEB23
:1085B00003001AAB53FA82F2023700F8101CFFB224
:1085C00002F8105C87E70B9B23B1089826F00EFD9C
:1085D000002880D11BF0010F0AD009F1680309F1CE
:1085E00001020DEB030909F8205C5FFA82F972E7DA
:1085F0001BF0040F3FF46FAF07F168037A1C0DEB1B
:10860000030707F8105CD7B265E7002079E718F890
:108610000B308DF8473054F823A0259BEBB1269BF7
:1086200098451AD2259B33F81870099A01210DF14B
:108630004700B047002814DB054427B95046F8F737
:10864000AFFC471CBFB2099A39465046B0470028D4
:1086500007DB054408F101087FE70027E5E73D4611
:1086600083E6054681E600BF9837030038B403006F
:108670009404002089770300014B1860704700BF05
:108680001000002070B5054E04464518AC4200D1DC
:1086900070BD336814F8010B9847F7E7100000200D
:1086A00080B505460E461746984623F0CFFA034696
:1086B0002BF068F8DFF81890044649F8003042467D
:1086C00030463946A84754F8090003F099FD00BF29
:1086D000100000002DE9F047858B044628079046DE
:1086E00011D4022905F0070540F0CC80204626F081
:1086F00055FD78B10138A18B042811D8DFE800F0CE
:10870000C2106D85950001290CBF45F0100545F09C
:108710002005A58388F31188BFF36F8FBDE8F0872C
:1087200001F0070AAA4500F0A5800027B9463E4699
:10873000A368002B00F0BC8041F00801A18388F3FE
:108740001188BFF36F8FA168002900F0BA800D680F
:10875000002900F0B680D1F8048033465246204606
:10876000C047002D76D02B6829461D46F0E701F062
:1087700007035A1F012A1BD8002221F00701062BEC
:10878000276889B2C4E9002209D13B4603E0E28BA5
:108790000132E2831B68002BF9D141F00201A18371
:1087A000204626F0FBFC00287AD041F0200176E03C
:1087B000042B0AD121F0070189B2A183204626F0BB
:1087C000EDFC10B141F02001A183A18B01F0070A5B
:1087D000AA454FD00027B946AAE7236921F007012F
:1087E00041F00601062DD3F80090A1832DD1B9F1F7
:1087F000000F3FD041F00801A18388F31188BFF337
:108800006F8F3A492046C84729E021F007012369C4
:1088100041F0040189B2042DD3F80490A183E6D07D
:1088200000273E464FF0040A82E721F00701236942
:1088300041F0050189B2052DD3F80890A183D6D067
:1088400000273E464FF0050A72E700273E464FF0EC
:10885000060A6DE72B4687E7B9F1000FD1D1EFF398
:108860001188202383F31288BFF36F8FA38B23F02B
:108870000803A383A58BEA062ED525F01003A38356
:1088800005F00705A669A18B002EBFF670AF002387
:108890002768C4E9003321F0070141F00101A183F9
:1088A000A18B01F0070AAA454FF000097FF440AF01
:1088B000002F9CD041F00801A18388F31188BFF3F9
:1088C0006F8F002FC8D03D68394633465246204648
:1088D00026F090FC2F46F4E7AB067FF51BAF25F0A2
:1088E0002003A38305F0070500E700BF21F2020083
:1088F0002DE9F84F814630480F4626F02BFE0646FC
:1089000070B92E4CDFF8B8B00546A0464FF0010A0A
:108910005C4507D3B9F1000F02D04FF0010AFDB951
:10892000BDE8F88F237B83B12368DB680BB1204659
:108930009847636883F806A023681B6943B9636896
:1089400004221968204626F03CFE01361034DFE789
:10895000204698470028F2D00AFA06F31D43F4E7B0
:10896000A94695FAA5F4B4FA84F40AFA04F32601A8
:1089700008EB04146FEA030B25EA0305237B63B1BC
:1089800058F806301B6993B94644042273682046A0
:10899000196809EA0B0926F014FE002DE1D127B170
:1089A0004FF4A47000212AF002F84D46B7E72046A4
:1089B00098470028F1D1E7E738360020BC3C030097
:1089C000CC3C030008B5034608462BB1044A1360AB
:1089D00000F0F2FB002008BD6FF01500FBE700BFC0
:1089E000140000200D4A0E48002310B513700D4AE4
:1089F00013600D4A4FF400411360FFF7E3FF00F0EE
:108A000099F80A4B0A4918468B4200D310BD1A1A2E
:108A10005C681211013222711033F5E7D484002012
:108A200051F502003036002034360020BC3C0300F3
:108A3000CC3C030070B50B4D297841B90120FFF7FC
:108A400057FF094C094EB44202D301232B7070BD6D
:108A500063685B791BB1236820469B689847103494
:108A6000F1E700BFD4840020BC3C0300CC3C0300F1
:108A7000014B1868704700BF3436002010B504461B
:108A8000084826F067FD5CB1BFF35B8F064B53E8E7
:108A9000001F013943E80012002AF8D1BFF35B8FB1
:108AA00010BD00BF30360020343600202DE9F041E3
:108AB000164B174C1B68DFF85C8005469847A8608A
:108AC000444501D3BDE8F08163685B793BB1297807
:108AD0004B0706D5236829461B6820469847103463
:108AE000EEE728462E88C1F3C20700F0C9F9C6F3A5
:108AF00082160246002EEDD00028EBDB012339461A
:108B0000204600F0C7F8B042E9D3E3E714000020A4
:108B1000BC3C0300CC3C0300044A054B9B1AB1EB60
:108B2000D30F34BF52F8310000207047CC3B030014
:108B3000BC3C03000B480C4B30B51B1A0B4CDB083C
:108B400000210430994200D130BD10F83120256851
:108B500002F0070225F007052A4344F8042B0131EF
:108B6000F0E700BFCC3B0300BC3C030074040020D2
:108B7000F8B50B4F0B4DED1B0646ED080024AC423B
:108B800003D14FF0FF342046F8BD57F8340020B130
:108B90003146F8F7F3F90028F5D00134EFE700BFCC
:108BA000CC3B0300BC3C030000282DE9F04788467D
:108BB00015461F461DDADFF89890264E4FF0000A42
:108BC000A6EB090636095446B24509F1100902D14F
:108BD0002046BDE8F08759F80C0C3B4600792A4640
:108BE0004146FFF7E1FF844238BF04460AF1010A1B
:108BF000EAE7194B194AD21AB5EBD20F26D203EB8A
:108C0000C5031C79BC4228BF3C46154EC0B200EBE0
:108C1000400056F825300722824023EA020304F080
:108C20000702824013430021032223FA02F000F0DE
:108C30000700814202F1030238BF01461E2AF4D127
:108C400023F007030B4346F82530C1E70024DCE797
:108C5000BC3C0300CC3C0300CC3B0300BC3C030009
:108C600074040020F8B5094D094BED1A06460F466D
:108C7000ED080024AC4200D3F8BD002122B23B46EF
:108C80003046013426F08FFCA4B2F3E7BC3C03006D
:108C9000CC3B030070B14168097973B1002A17DB3E
:108CA000CBB20C4951F8220003EB4303D84000F04B
:108CB000070070474FF0FF31EFE707490748401AB8
:108CC000B2EBD00F3ABF01EBC201087918467047EA
:108CD0000420704774040020CC3B0300BC3C03001C
:108CE0002DE9F04F87B004AFD7E90EA93D6B0446DC
:108CF0000E4693469846BAF1000F22D0C7F804906A
:108D0000CDF8009010217A6B53460020FFF732F91E
:108D1000B0F5006F014615D31C490B6813F0060F20
:108D20000BD040F2FF730393194B02930023CDE95C
:108D300000330222184626F0C7FC0C37BD46BDE8BA
:108D4000F08F514604F007040BF0070BE40044EAEF
:108D50008B1444EA412444EA055417350D4425F0A8
:108D60000705ADEB050D04ADBAF1000F07D0CDF846
:108D700000907A6B534605F11000FFF7FBF843466D
:108D800022463146284626F04FFCD6E7C004002094
:108D9000727803002DE9F04F91B0C1F34A26079095
:108DA0000D46904608930C0D002E5AD000270BABB1
:108DB0004FF0040B4FF00A0A0193CDF808B00DAB49
:108DC000CDF800A03A4631464046CDE90D770F97E1
:108DD000FFF7A2FAB0F5006FB146034616D3254956
:108DE0000B6813F0060F0ED040F2FF730493D8F80F
:108DF00004300393204B0097CDE9017302223B46D8
:108E0000384626F061FC11B0BDE8F08FC0F30A06C9
:108E100004F11700184420F007008008099326F099
:108E2000BEFB66F35325044680B1099B134ACDF877
:108E300008B000F11001CDE90E370BABCDE900A36E
:108E40000D910DAB49464046FFF766FA66F3532590
:108E5000089B07992A46204611B0BDE8F04F26F03E
:108E6000E3BB04F1170020F00700800826F097FB11
:108E70000446EBE7C0040020AA780300FDF50200D9
:108E8000406820B1034BC01A40F38F0070474FF089
:108E9000FF307047740400200EB403B503AB0146E5
:108EA00053F8042B0448019303F0C8FA02B05DF8AC
:108EB00004EB03B0704700BF43F70200CA0605D4B5
:108EC0008B064CBF02490349FFF7E6BF704700BF5E
:108ED0008D7C0300E97803002DE9F04F87B004464C
:108EE0009DF844600D4690469946002E00F0A28001
:108EF000159B03F0020A03F001030493159B03F092
:108F0000080B03F48073059326F04BFB0246002800
:108F10003DD095492046FFF7BFFF0746BAF1000F45
:108F200009D0159B13F0440F33D190492A462046AF
:108F3000FFF7B2FF0744049B53B18D4B8D4953F8A3
:108F400026208D4B2046002A08BF1A46FFF7A4FFB3
:108F5000059B002B49D0BBF1000F64D1B8F1000F85
:108F600066D0864942462046FFF796FF0546129B8B
:108F70003D44002B6DD1149B002B73D1159BDB0757
:108F800000F1EB8015992046FFF798FFD8E00746DF
:108F9000C4E77B4B18680028CCD07A4B4FF47A7A20
:108FA0001B68B5FBF3F54FF46163B5FBF0F100FB13
:108FB00011550AFB05F54FF03C0CB1FBF3F203FB36
:108FC0001211B5FBF0FEB1FBFCF300FB1E550CFBD0
:108FD00013110AFB05F50091B5FBF0F56A49CDE9DF
:108FE00001E52046FFF758FFA4E7BBF1000F1DD0B5
:108FF000664B674953F826202046FFF74DFF05468C
:10900000B8F1000F05D05D4942462046FFF744FF06
:109010000544B9F1000FAAD05E494A462046FFF741
:109020003BFF0544A3E74FF00009E1E75D46E7E7B2
:1090300045469CE7B9F1010F129B06D1002B66D182
:10904000149B002B7CD000250CE0002BF8D052485C
:109050005EE05248129B5249224625F096FF149B2F
:10906000002B6AD0DFF83C81DFF83C91149F159902
:10907000102F204628BF1027FFF720FF4FF0000BCE
:109080005D4547DC139B49461A782046FFF704FFED
:109090004FF0010B1BF0070F03D141462046FFF7AD
:1090A000FBFE5F453DD9139B494613F80B20204634
:1090B000FFF7F2FE0BF1010BBBF1100FEAD13B49B8
:1090C000DFF8ECB020464FF0000AFFF7E5FE52460D
:1090D000139B9A5CA2F120015F2928BF2E225946DA
:1090E0002046FFF7D9FE0AF1010ABAF1100F1DD090
:1090F0001AF0070F03D141462046FFF7CDFE574532
:109100005246E5D841462046FFF7C6FEEBE7234826
:1091100035469FE741462046FFF7BEFE0BF1010BA7
:10912000AEE724492046FFF7B7FEC3E7139B3B4455
:109130001393149BDB1B149398D1002E7FF41EAF66
:109140006268A1682068D2E9002326F0ECFA63681F
:1091500000221A6007B0BDE8F08F074A0549204693
:10916000FFF79AFE0EE700BFF1780300F5780300E1
:109170002C4B0300A77E0300EC7803001A79030050
:10918000403600203C360020FE780300404B0300B0
:109190001E790300247903005FF7020043F7020001
:1091A0003DC40000317903002979030033790300BD
:1091B000C48403002F790300074A00210123904251
:1091C00006D8064A01B901231360054B18607047A1
:1091D00040085B000121F2E740420F003C360020CE
:1091E0004036002070B5104B1C680D46B4B10F4BD3
:1091F000196800238B4202DB6FF0010070BD22462C
:1092000012F8106B864202D001331446F2E7E06890
:1092100028F0FBFE28B12C600020EFE76FF00C0077
:10922000ECE76FF01200E9E718000020544B030050
:1092300010B5044628F062FD03490246204626F098
:109240008AFC002010BD00BF6C79030073B5134683
:1092500000220192044601AA58680A2101F0DCFCB0
:10926000019D95B920EAE0744FF40046294640F28A
:10927000E7304FF47A720023C4FB0601F7F748FE8B
:1092800029F095FB284602B070BD2A4602492046C7
:1092900026F07DFC019DF5E79879030008B5034AA7
:1092A000034926F058FC002008BD00BF827A030065
:1092B000897A0300F7B517460023054601AA0A215B
:1092C000B868019301F0A8FC1749C6B2284626F0F9
:1092D00050FC019C44B122461449284626F057FC14
:1092E000019C204603B0F0BD042E09D91049324636
:1092F000284626F04CFC284626F088FC0124F0E79E
:109300007868FFF735FC021E07DA7A6809492846B3
:1093100026F03DFC6FF01504E3E7334612B2214618
:10932000204626F040F9DCE7B47A03001A7B0300FC
:10933000417B0300587B030007B50023009069467A
:1093400004488DF8043022F093FE9DF8040003B029
:109350005DF804FB0FF8020010B504461FF0ACFCEA
:1093600007490246204626F0F6FB2046054926F02E
:10937000F2FB0548214622F095FE002010BD00BFFB
:10938000B07B0300CF7B03008D93000070B58EB0DF
:1093900004460D46D0F89C6029F036FA03462AF0C0
:1093A000F1F9214A21491058214A002B18BF1A46C9
:1093B0000092204A2346844218BF0A4628461E4986
:1093C00026F0C9FBD4E90A23CDE90023284694F905
:1093D0000E30227B194926F0BEFB06A9202220462A
:1093E00021F0F0FF636E16490246284626F0B3FBD3
:1093F00005A9204629F029FA024628B11149284634
:1094000026F0A9FB0EB070BD059B6422F11A4A43F9
:109410000091B2FBF6F20C49CDE9016228463246D2
:1094200026F099FBEEE700BF100000003179030041
:10943000D97B0300978F0300DC7B0300E87B0300EC
:10944000147C03002B7C0300587C0300F0B500253E
:1094500091B00446294608AF1C2209A829F077FEDE
:10946000134E1A222021384629F071FE2146114858
:1094700022F018FE07AA4FF40061304629F0D9F90E
:10948000079A0097C2F5006164234B43DB0A0593FA
:109490004FF40063CDE90313CDE9013220460649BC
:1094A0002B46324626F057FB284611B0F0BD00BFD0
:1094B000A0CA0020BD940000A97C030070B504463A
:1094C000D0F89C6088B00D4607A929F0BEF9024685
:1094D00028B10F49284626F03EFB08B070BD204653
:1094E00029F092F9079B0096F11ACDE90131094B59
:1094F00064224A43002818BF0346B2FBF6F206492D
:10950000CDE903622846224626F025FBE5E700BFA9
:109510002B7C0300D97B0300F27C030038B5134693
:10952000054610225868002123F0AAFB0446FFF7E5
:1095300003FF38B90E492246284626F028FB6FF073
:10954000150038BD2AF01EF90A4B1B589C4204D165
:109550000949284626F01BFBF1E7204622F0E8F8EF
:1095600028460649224626F0F6FA0020E9E700BF21
:10957000567D030010000000717D0300997D0300FB
:1095800038B51346054610225868002123F078FBB1
:109590000446FFF7D1FE38B90E492246284626F088
:1095A000F6FA6FF0150038BD2AF0ECF80A4B1B589C
:1095B0009C4204D10949284626F0E9FAF1E7204601
:1095C00022F0BCF928460649224626F0C4FA0020BB
:1095D000E9E700BF567D030010000000D07D0300C6
:1095E000F67D030038B51346054610225868002161
:1095F00023F046FB0446FFF79FFE38B90E4922468A
:10960000284626F0C4FA6FF0150038BD2AF0BAF8E3
:109610000A4B1B589C4204D10949284626F0B7FA48
:10962000F1E7204602F0ECFD28460649224626F0E6
:1096300092FA0020E9E700BF567D03001000000009
:109640002A7E03004F7E03002DE9F04F87B00446C9
:10965000684620F08FFF009F284ADFF8A4A0DFF8BB
:10966000A4B0242303FB00770821204626F066FAE5
:10967000009DBD4203D3002007B0BDE8F08F2B68EA
:109680000BB11A7832B92B461F4A142101A823F0D6
:109690006FF801AB52460821204626F04FFA2846C3
:1096A00028F0B3FC194B1A4A002808BF5B46082172
:1096B000204626F043FA2B6AA3B11E6896B13368A0
:1096C00083B1144A0821204626F038FAB1464FF0FB
:1096D00000083368104A434506D8104A082120463E
:1096E00026F02CFA2435C4E759F8043F0821204617
:1096F00026F024FA08F10108EBE700BF967E03008C
:10970000A57E03008D7E0300A07E0300877E0300FC
:1097100023850300AA7E0300A67E03008D7C030040
:109720002DE9F04114468846074610226068002162
:1097300023F0A6FAB8F1020F064607D8254A2023DF
:109740000821384626F0FAF9336816E00A2200218B
:10975000A06823F095FAC5B21E4A2B460821384668
:1097600026F0ECF9B8F1030F1AD1102D0CD0202DF2
:10977000EAD0082D0BD13378DBB2174A08213846DE
:1097800026F0DCF9002009E033889BB2F5E7384683
:10979000124A082126F0D2F96FF01500BDE8F081D9
:1097A000E0681022002123F06BFA0D4A03460446BC
:1097B0000821384626F0C2F9102D06D0202D07D0FA
:1097C000082DE4D1E4B23470DCE7A4B23480D9E7E8
:1097D0003460D7E7EB7E0300167F0300007F0300B1
:1097E000277F03002DE9F04F87B000230193524BF0
:1097F000DFF848A191460122074688461A6002F028
:10980000DBFE4FF0FF3520262C46494652464046A7
:1098100002F0F6FE411C06D16A1C41D14849384687
:1098200026F0B5F917E073281AD0772828D06128D8
:1098300011D1DFF810B101AADBF80000102101F00E
:10984000EBF9019B0546002BDFD0DBF800203E49F9
:10985000384626F09CF96FF0150007B0BDE8F08F90
:10986000DFF8E0B001AADBF80000002101F0D4F934
:10987000019B0446002BC8D0DBF800203349E7E702
:10988000DFF8C0B001AADBF80000002101F0C4F944
:10989000019B0646002BB8D0DBF800202C49D7E707
:1098A000631C01D12B49BAE75FFA86F8C6F3C406F8
:1098B000002C3FD002AB29461A46A6EB050C0CE063
:1098C000B8F1100F1DD0B8F1200F20D0B8F1080F5B
:1098D0002AD10878187031443344A64203D80CEBDF
:1098E00001001028ECD9102CA14628BF4FF0100918
:1098F00029464B46384601F05FF81035A4EB0904C1
:10990000D6E7088880B21870000A5870E3E7086844
:1099100018704FEA102E83F801E04FEA104E000E47
:1099200083F802E0D870D6E70B4A0821384626F0C3
:1099300005F990E7204690E78C000020757F030032
:109940007C7F0300F44700203B7F03004E7F030031
:10995000617F0300997F0300007F030070B50F4E05
:10996000044633780D4671B123B1BDE870400C490F
:1099700026F00DB9012333700A49204626F0EBF892
:109980000123337004E083F001033370002BF3D123
:1099900029462046BDE8704026F058B9D5840020FD
:1099A000B37F0300EE7F030070B504463B480378A5
:1099B000182B02D10B78112B31D0013A0B468D18A0
:1099C000AB4225D18B5C0A780370A2F13003092BDE
:1099D000334C04D922F02003413B052B04D82368E3
:1099E0003049CA54013323602368022B33D110223B
:1099F0002C48002123F044F92B4A136803F8010B8B
:109A000013602A4A1368013313600023236022E0A5
:109A100013F8016B182ED3D11E78112ED0D1234DFF
:109A200023492A68204626F096F820460021FFF7B1
:109A300095FF204B187870B91F4A2B681168042BCA
:109A40000ADC08B111602B6013F003010BD112681E
:109A500013681BBA136070BD086800BA41F8040BA4
:109A6000043B0120EBE75B4203F0030358BF59427C
:109A7000022904D1126813885BBA9BB2EAE7032972
:109A8000E9D1106802681104C2F3074301F47F01B1
:109A90000B4302F47F4213430360DCE7D6840020CB
:109AA00044360020D884002050360020483600205C
:109AB00018800300D78400204C3600202DE9F84F91
:109AC0000C462B49DFF8AC80DFF8AC90DFF8ACB087
:109AD00000230B602A4988F8003006460B601546C3
:109AE000012C2F4655F804AF1ED902224946504694
:109AF00029F0E8FB80B99AF80220003A18BF012249
:109B0000924420490222504629F0DCFB30B901235F
:109B100088F80030013CE3E70022F1E7494650466F
:109B2000F7F72CFAA8B9043700221146786823F019
:109B3000A7F8154B002211461860786823F0A0F8AA
:109B4000124B134918603046FFF708FF0020BDE8AC
:109B5000F88F9AF800202D2AE6D19AF80120002AE1
:109B6000E2D052465946304625F0F5FFD2E700BF15
:109B700044360020D7840020328003003880030060
:109B80004836002035800300503600204C36002037
:109B9000A99900007FB50BAB05930393054B029386
:109BA0000023CDE9003302221846FFF799F807B0E9
:109BB0005DF804FB9A81030007B50A4828F025FAEE
:109BC00060B1094A07491268084804230093012339
:109BD00000F058FF002003B05DF804FB6FF01200A6
:109BE000F9E700BFA4380300604C03000C460300F3
:109BF00010B54468C4E90012A360426813464021CE
:109C000053F8404B53625163002302F13801C2E91B
:109C10000413C2E90A33C2E906330821136311624F
:109C2000C2F8B830A36823B11B6C13B104492046B5
:109C30009847A3681B6A0BB120469847002010BDC7
:109C4000459C00002DE9F047054686B00C46836828
:109C5000DB6B03B19847AB68DB6A73BB4FF0000A5C
:109C600004F1240804F12809218E238D626B5B1A0C
:109C70009BB2D31A934228BF1346494605AA4046D1
:109C800025F0B1FB0646002844D0AB6805991B6956
:109C9000002B33D0024628469847074688B33A46F9
:109CA0004946404625F0D5FBB7424FF0010ADBD0CC
:109CB000D4E901310020984703E02846984700285E
:109CC000CCD1AB68DB69002B3BD1628BE38A9B1A5A
:109CD000226A9BB2934204F1100704F11A0828BFCC
:109CE0001346414605AA384625F07DFB064678BB5B
:109CF000284625F0A2FDC4F8B86035E06FF057079C
:109D0000CDE702464946404625F0A3FBBAF1000FD5
:109D1000D7D0CDE718490B6813F0060F07D0174BC3
:109D20000090CDE9010302220346FFF733FFAB6841
:109D30001B69002BEAD001220DF113012846984738
:109D4000E4E7284698470028BFD106B0BDE8F08771
:109D5000AB680599DB6863B102462846984702461E
:109D60004146384625F075FBD4E90131012098477A
:109D7000EBE76FF05702F3E7D80400209A81030065
:109D800010B581680446183101F0B4F9A168034A9E
:109D900020461831BDE8104001F052B9DC810300C3
:109DA00038B5836803F5805304469B6FDB071FD4E7
:109DB000C06926F045FC606803685B689847054603
:109DC00020B9E06826F0ACFDA3681D75A3685B6C44
:109DD00013B1294620469847A36803F5805329F01C
:109DE000D1FC0022C3F82021034B185802F008FAD6
:109DF0006FF00F05EAE700BF10000000014925F0F1
:109E0000A4BD00BF8D7C0300F7B50446806800F553
:109E100080530D469B6F5A0705D5002125F0DAFDCA
:109E2000E06826F04FFDE368DB6873B9002D3CD095
:109E3000A66806F15607384625F094FD002836D06E
:109E4000394606F65600F7F7A3F8A268E0680DF168
:109E500006035632294626F038FD58B9A06800F6A8
:109E600056015630F7F794F8A068563025F07AFD81
:109E7000ADF80600204626F0DDF9A36803F580530F
:109E80005B6F9B0603D50B49606925F05EFD20469C
:109E900000F02AFFA268BDF80630A2F85230A2688E
:109EA0002046A2F8503026F02AF903B0F0BD86F81B
:109EB0005608CAE7C04703002DE9F04FA7B0044693
:109EC0005422002111A829F042F90023CDE90533DD
:109ED000A36820465633029326F0B3F9204626F0B5
:109EE000F6F810B96069FFF789FFA0681422002115
:109EF000183029F02CF9204626F08FF8A168E06888
:109F0000B1F850205631002626F016FD204626F0E6
:109F1000A5FD4FF0FF37B24603960DF14408B34656
:109F20003546B146DDE90532012A6DD0132B6ED8D6
:109F30005FBBBBF1000F0AD0204626F0B0FDA2683F
:109F40001423563211A90DEB030025F0E5FEB9F1FB
:109F5000000F0CD099F81130FE2B08D1059B26AAD2
:109F600002EB830252F8542C0AB101330593A06826
:109F7000059D436A002B40F0B680CEB1C3699E4276
:109F80002DD00D9600F1180524E0029A02234146D7
:109F900006A825F0C1FE0699D8F8042002920346CF
:109FA00031B101290AD148B16D4A204626F0FCF9A9
:109FB0006FF00705284627B0BDE8F08F059B002B02
:109FC00034D0D8F8000001F0B5F898B166B1A568B2
:109FD0000D9618350CAE0FCE0FC533682B6020469A
:109FE000FFF7CEFE0125E5E75E4A0121204626F077
:109FF000DBF9DDE7059BCBB1D8F8002029462046E8
:10A0000001F042FA022809D1059B132B91D9069B36
:10A01000022B8ED1544B554A0121C6E7032805D0A7
:10A02000059B013305934FF0010B7BE7039B33B98D
:10A03000D8F8001007AA484625F065FF054608F144
:10A040000408013F9DB3EB68BBF1000F08D0F3B1EA
:10A05000204626F0F6F8204626F051F8444AC4E798
:10A06000ABB1A368DDF814A0AE4603F1180CBEE84E
:10A070000F00ACE80F00DEF80030CCF80030AB6821
:10A080002BB96B7CFE2B04BF2F7C07F1FF37D5F873
:10A0900004C0BCF1000F08D0AE46BEE80F000CAE05
:10A0A0000FC6DEF8003033606646A94603E0059B24
:10A0B00053B101230393069B17B9022B7FF432AFF0
:10A0C000059B013305932DE7A368DB6A13B1DB68B9
:10A0D000002BEED1274B0093274A119B01212046EC
:10A0E00026F062F9E5E790F82830A5EB0A05BBB148
:10A0F00090F829104FF6FF72FF2918BF0A469D42BB
:10A1000002D313449D420BD983691C4A0121204686
:10A1100026F04AF92046FFF733FE6FF0150549E7B0
:10A12000012125F04BFCA06841F20C16304425F0CB
:10A130006CFCA36811AA294602EB8A025B6A2046DE
:10A1400098470546A0684FF0FF324FF0FF33304488
:10A1500025F0F9FBA068002125F030FC2AE700BFBC
:10A16000EA810300FE8103005F820300737B03002A
:10A170001C8203004B82030050850300838203008E
:10A1800010B5836802221A7583689B6C0446CBB9AC
:10A1900025F0B0FB836803F580539B6FDB040CD57F
:10A1A0000321094B094A26F0FFF8A06800F5835007
:10A1B0006FF48051183025F0B7FB2046BDE8104001
:10A1C00000F020BF10BD00BF9E820300A77E0300E9
:10A1D0002DE9F04F0446806800F58350B1B00121AD
:10A1E000183025F092FBA3681B7D022B20D10023A1
:10A1F0000993A36860689E6C03681D6909AB16B378
:10A2000010221BA9A847099B93B1A068012125F042
:10A21000D5FB099A1BA92046B047A068002125F06C
:10A22000CDFBA3689B6C002BE3D12046FFF7A8FF72
:10A23000A06800F583506FF00101183031B0BDE81F
:10A24000F04F25F071BB01220DF12301A847099BB6
:10A25000002BEDD09DF923209DF82330A068002A23
:10A26000C7DB427D032A00F20283DFE812F004001C
:10A270007F02970200030D2B00F5805266D00A2B57
:10A2800044D0B2F87810092B6FF3CA01A2F8781005
:10A2900071D02AD8002B00F00681082BA06800F0AE
:10A2A000ED81024602F58050426F920740F1FB803B
:10A2B000013B162B00F2F780DFE813F0C00200022A
:10A2C0000402FC01BA021602F500F500F500F500E3
:10A2D0001A021E02F5003302F5003802F500F500FF
:10A2E000F500F5003A02F50050021B2BA0683FD0A4
:10A2F0007F2B00F0D081A3F120015E290246D1D846
:10A30000012125F067FB9DF82310BAE0916FC1F39E
:10A31000C70121B1916FC1F3C7010A29C1D1B2F8B8
:10A32000781063F3CA01A2F87810A568B5F8501048
:10A33000B1B9284625F04EFBE06826F0C3FA606903
:10A34000FFF75CFD2046FFF71BFF52E7916FC1F35B
:10A35000C7010029E3D0916FC1F3C7010D29DDE7E3
:10A360002046FFF7A9FD05F58055C5F82401E9E76A
:10A370000123437597E0A06800F580535B6F9B074E
:10A3800040F19180012125F025FBA068B0F8502014
:10A3900040F2FF739A4200F08680B0F8522000F13C
:10A3A000560100F6560028F0AAFEA368B3F8522022
:10A3B0001344002583F85658A2681BA9142302F6FB
:10A3C00056020BA825F0A8FC0B9914296BD830ABCA
:10A3D00003EB810343F8545CA368B3F85220002ACE
:10A3E00053D0134493F85530202B02D0093B042B53
:10A3F0004BD800294CD100250A950A9B30AA02EBC4
:10A400008303002653F854AC504625F0ABFAB3460C
:10A410008146B046374616AA3946284600F0C2FBA8
:10A420000346002843D1012E69D10A9B30AA02EBD2
:10A43000830353F8540C25F095FAA26806461832A7
:10A440004146284600F0AEFB0568284625F08AFA0A
:10A45000864205D0821B92B2A919204625F0EDFF55
:10A46000A068B0F85230034493F85630202B35D012
:10A47000093B042B32D900F580535B6FDF0732D4E0
:10A480002021204600F084FD0DE00129B3D90139D7
:10A4900000200CAB009301900AAB1BAA25F05EFDD7
:10A4A00005460028A9D1606925F0D6FBA1E61B6806
:10A4B00003934A465146184628F004FF60B9039BAF
:10A4C0001846F6F76DFD584538BF58461FFA80FB11
:10A4D000002E08BFB846013601379CE7012120460F
:10A4E00025F041FEDFE7002125F07FFA20212046FC
:10A4F00000F04EFDA068012125F077FAD3E7049023
:10A50000D1D90A9A30AB03EB8202C14652F8543CCF
:10A510000393184625F026FAA268049B0590A2F83A
:10A5200040300496A26849461832284600F03AFBAB
:10A53000039BD0F800A009F101094BB1BAF1000F5B
:10A5400006D0059A1946504628F0BCFE0028E9D1ED
:10A55000A168BAF1000F4FD1A1F840A0049B013BC4
:10A560000493DFD16069FFF749FC204600F04AFD03
:10A570000A9B30AA02EB830308F1010A53F8540C3A
:10A5800025F0F0F9414611AA8146284600F00AFB61
:10A590000746A068396840F2FF7200F6560028F0BE
:10A5A000A3FE3B6803934FF6FF77B84616AA5146C1
:10A5B00028460AF1010B00F0F5FA002852D0A168F4
:10A5C000036801F65501002211F801EF985C70450F
:10A5D00003D110B101324245F6D1B9F1000F01D0DB
:10A5E0004A4507DBBA4206F1FF36A8BF3A46012EBC
:10A5F00097B237D0DA46D9E79E48069125F0B2F9EE
:10A60000069907914A8F00EB0B07BFB2121A50460A
:10A6100092FBF7F292B2069225F0A4F90799069AF6
:10A620003F1AB1F8400000F1010CA1F840C0B0FBA6
:10A63000F2F102FB110080B2BFB260B98D4B8E4ABD
:10A64000CDF800A00621204625F0AEFE3946204672
:10A6500000F034FB82E7894A53460621204625F064
:10A66000A3FEF3E7002F3FF41EAF0399A7EB090207
:10A6700092B24944204625F0E0FE14E700F58053ED
:10A680005B6F9E077FF50FAF012125F0A3F92046F0
:10A6900025F0F4FE07E700F580535B6F9D077FF51B
:10A6A00002AF012125F096F9A36803F580535B6F93
:10A6B0001907ECD4204625F0C2FEF4E6204625F02A
:10A6C000C9FDF0E6204625F0BCFD204625F0FFFC44
:10A6D00010B96069FFF792FBA068012125F07AF9B3
:10A6E0002046FFF74DFDDEE6204625F0BCFDDAE60C
:10A6F000204625F0C3FDD6E6436F9F0603D560498B
:10A70000606925F022F9A36803F580535B6F9E060C
:10A7100003D55C49606925F018F9204600F072FC09
:10A72000C1E600212046FFF76FFBBCE60121F9E7F7
:10A73000204625F07FFD204625F0DCF80121A068A9
:10A7400025F048F9A36803F580535B6F9D067FF5FC
:10A75000AAAE4D49606925F0F8F8A4E6204600F05D
:10A7600041FBA068012125F035F99CE65B2B01D166
:10A770000223FEE500F58050426F900706D5622B5C
:10A7800008D14FF0FF31204625F016FDA3680022C6
:10A790005A7588E6662BF9D10121F4E7002242754B
:10A7A000A26802F58051496F89077FF522AD313BE0
:10A7B0001B2B3FF678AE01A151F823F039A8000019
:10A7C00045A800005BA800002DA80000A7A4000079
:10A7D000A7A40000A7A40000A7A40000A7A400004D
:10A7E000A7A40000A7A40000A7A40000A7A400003D
:10A7F000A7A40000A7A40000A7A400002DA70000A4
:10A8000023A70000E9A60000BDA60000A7A4000041
:10A8100031A80000A7A400003DA80000A7A40000E4
:10A82000A7A40000A7A4000049A8000003235375B3
:10A83000204625F006FD36E603235375204625F015
:10A84000F9FC30E603235375A06800F58053596F77
:10A8500001F0010181F001014EE603235375A36865
:10A8600003F580535B6F9B077FF51DAE22E7002346
:10A870007FE500BF30790300E2820300A77E03007A
:10A88000C5470300CA470300C04703002DE9F8434A
:10A890000446806800F5835015461830002938D0EA
:10A8A0004FF4804125F031F8A368DD6460680368E7
:10A8B00000219B689847002852D1204625F0BEF819
:10A8C00000284DD1274E284FDFF8A080A06800F562
:10A8D00085501C304FF0FF324FF0FF33032121F041
:10A8E0003FFE054641F20C19A068BDB140F2676217
:10A8F0000023484425F027F890BB20462B461C4AED
:10A90000012125F051FDA0684844BDE8F84325F039
:10A910007CB86FF4804125F007F8C5E74FF0FF33AE
:10A920004FF0FF32484425F00EF83246022120460F
:10A9300025F06DF83A462946204625F068F820466D
:10A940004246012125F063F8606803685B6903B142
:10A950009847A06800F588500C3025F056F8B5E708
:10A96000BDE8F883A19D0000D1A1000071F90200AB
:10A97000E882030010B50B49044625F0ECF82046A8
:10A98000094925F0E8F82046084925F0E4F8204672
:10A99000074925F0E0F82046064A002100F050FB68
:10A9A000002010BDFF8203003D8303009C83030051
:10A9B000F08303008A840300F8B517461E460A4652
:10A9C0002949044625F0C7F83EB33A78274920467E
:10A9D00025F0C1F801256A0703D12549204625F055
:10A9E000BAF8AE421ED97A5D2049204625F0B3F868
:10A9F0000135102DEFD11F49204625F0ACF8B6B92E
:10AA00001B49204625F0A7F80125AE422B4610D859
:10AA10001749204625F09FF815E01749204625F0F4
:10AA20009AF801251449204625F095F8E0E700251D
:10AA30002B46FA5C1149A2F120035F2B28BF2E227E
:10AA4000204625F088F80135102D06D06B07DCD1A3
:10AA50000749204625F07FF8D7E720460849BDE89A
:10AA6000F84025F078B800BFA084030029790300DE
:10AA700031790300337903002F790300C484030084
:10AA8000C1A903002DE9F04704468068984600F507
:10AA900080538946D3F8201188B01546002965D126
:10AAA00041F2281228F053FBE06825F0BDFFA068B2
:10AAB00000F588500C3027F07AFC41F2BC0741F2D7
:10AAC0007C06BA46A068304428F0E9FAA068002263
:10AAD000831901213844103628F0B3FA564507F19E
:10AAE0001407EFD1A36900261E60A06800F583500B
:10AAF0000221183024F009FFA36850225A87A36866
:10AB000018221A872168204625F04FF8A368194AB1
:10AB100003F5805366F382055D6760680368494604
:10AB20001D682346A8470546E0B9A36801221A75A7
:10AB3000D4E90A0100220023CDE906230E23039362
:10AB4000109B0495CDE9018300940B4B4FF4806278
:10AB500020F0E4FCA36803F58053C3F82001616A88
:10AB600020F020FC284608B0BDE8F0876FF077059C
:10AB7000F8E700BFA5F902008DA8000010B5044653
:10AB800013460A460146064801F058FC23691B7922
:10AB900023B12046BDE8104025F05EB810BD00BFCF
:10ABA00071FC020038B50B46154648B91449154AE0
:10ABB000521AB3EB920F05D251F82350284638BDF4
:10ABC00084680CB90025F9E70F4A94420AD30F4A6A
:10ABD000944207D218462268294690472B68002BDA
:10ABE000ECD1EFE70A4A944202D30A4A944205D3D1
:10ABF000246814225343E518E358F0E70133F8E7DB
:10AC00003C4603006C460300844703008C47030066
:10AC10006C46030084470300F7B503782D2B0446E8
:10AC2000164605D16FF015033360002003B0F0BD68
:10AC300028F0A8FD0B4F00230546C3510A462046C5
:10AC400001A922F01DF8EB59222B02D16FF021034C
:10AC5000EAE7002BE6D1019BA342E3D01B78002B4F
:10AC6000E4D0DFE714000000836803F580535B6FD6
:10AC70009B0603D50249406925F00ABA704700BF18
:10AC8000D0470300014925F003BA00BF8D7C0300C3
:10AC90000A1E0EDC0FD04223816801F58051496FF6
:10ACA000890608D5002A04494069B8BF524225F0F8
:10ACB000EFB94123F0E77047C08403000A1E0EDCA1
:10ACC0000FD04423816801F58051496F890608D56A
:10ACD000002A04494069B8BF524225F0D9B943233C
:10ACE000F0E77047C08403002DE9F0478568DFF87E
:10ACF0006890044605F15600F6F752F9002395F8DE
:10AD00003C7086B29846A268558FED1BB54209DBB0
:10AD1000002E1FDD563360691049BDE8F0471A4424
:10AD200025F0B6B91D442A44563392F856A082F84D
:10AD30005680A26860691A44494625F0A9F9A368BB
:10AD40002B4483F856A0A3685B8FDB1BF61A002701
:10AD50002B46D8E7BDE8F087737B0300A77E03008E
:10AD600008290A4618D8836893F83E10914213D0F8
:10AD700083F83E20836803F58053082A5B6F05D073
:10AD8000990609D50549406925F082B99B0603D586
:10AD90000349406925F07CB9704700BFC7840300B0
:10ADA000D547030038B50D4609780446FFF7D8FFAC
:10ADB0006A78072A12D8A36893F83F1091420DD001
:10ADC00083F83F20A36803F580535B6F9B0605D58E
:10ADD00060690349BDE8384025F05AB938BD00BF65
:10ADE000D0840300F8B58368B3F850200446002AE5
:10ADF00057D0B3F85210002953D0553103F15605FE
:10AE00000B441846A84206D3014611F80169202ECA
:10AE10003ED0A8423ED286B29DB2AB1B9BB2591C1B
:10AE2000471CD21A0144384628F077F9A268B2F8D4
:10AE30005030711B13FA81F3A2F85030A368B3F8B5
:10AE400050201344002283F8562009B2204625F0F2
:10AE50008AF9A36803F580535B6F9A0603D51149FD
:10AE6000606925F015F93B460F4A0821204625F078
:10AE70009BFA2046FFF7F8FEA36803F580535B6F4B
:10AE80009B060ED560690949BDE8F84025F000B978
:10AE90000846B7E7014611F80169202EBBD00846E5
:10AEA000B7E7F8BDDA470300A77E0300DE470300DB
:10AEB0002DE9F84F04460F4690460AB1FFF7D4FE3D
:10AEC000A66806F58053B6F852505B6F5B0724D531
:10AED00005F156003044F6F763F82A4E0546B5B939
:10AEE000A368B3F85020A3F85220A06825F0DDF83D
:10AEF00030B1B8F1000F00D017B16069FFF7C2FEA2
:10AF00007942204609B2BDE8F84F25F02CB96069B6
:10AF1000314625F0BDF8013DE1E73046F6F740F84F
:10AF2000B6F85090738F19FA80F915FA80F0B0FBDB
:10AF3000F3F2B9FBF3F39A42AA461BD0124DA36871
:10AF40004845CDDA5A8FB0FBF2F302FB1303461CDF
:10AF500013B96069FFF796FEA3685344204693F83F
:10AF600056300AF1010B2A46082125F01DFADA466F
:10AF70003046E4E75635054A73190821204625F086
:10AF800013FAADE7978F0300C4840300A77E030084
:10AF900013B583688DF8071003F580520446526F8D
:10AFA000D00725D5B3F85210B3F850208A421FD0ED
:10AFB000481CA3F852000B449DF8072083F8562044
:10AFC000A36803F58053596F89070FD55B6F6069DC
:10AFD0000B4913F0040F18BF2A2225F059F8204618
:10AFE00025F075F810B16069FFF74CFE02B010BD96
:10AFF00001220DF10701204625F0E3F9F6E700BF35
:10B00000C484030010B504468368094A022125F070
:10B01000CBF9A36803F580535B6F9B0707D52046E8
:10B02000FFF762FE2046BDE8104025F077B810BD5E
:10B03000A77E0300014925F00CBB00BF8D7C0300F7
:10B040002DE9F04F0E46002189B0044617460D4603
:10B0500003AA304601F10108FFF7A4FDB0B995B18C
:10B0600027B13A460821204625F09EF91E4FDFF809
:10B070007C90DFF87CA0002103AA304601F1010892
:10B08000FFF790FD60B909B0BDE8F08F006810B11E
:10B09000F5F786FF80B2854238BF05464146D7E7BF
:10B0A00003688BB11A787AB1D0F804B04A46CDE97A
:10B0B000005308213B46204625F076F9BBF1000FEE
:10B0C00004D16069FFF7B6FF4146D5E752462046F6
:10B0D0003B46082125F068F9AA1D92B25946204640
:10B0E00025F0C4FAF0E700BFEE840300D984030022
:10B0F00024790300F7B50F6805460E46A7B1384618
:10B10000F5F74EFF84B2094B00932846084A3B46A8
:10B11000082125F049F9E21C716892B2284603B073
:10B12000BDE8F04025F0A2BA3C46ECE7EA84030013
:10B13000E382030010B507490446F5F71FFF38B155
:10B1400005492046F5F71AFFB0FA80F0400910BD16
:10B150000120FCE7E0840300E384030010B583686A
:10B1600003F5805304465B6F9B0603D50549406990
:10B1700025F0F3FAA36850225A87A36818221A8789
:10B18000002010BDE247030008B5836902491A6830
:10B1900024F0E1FC002008BDF18403002DE9F34117
:10B1A0000D490E4C0E4EDFF83C80054624F0D3FCD2
:10B1B0000022B44202F1010703D3002002B0BDE82F
:10B1C000F081636A0093A36892B24146284624F056
:10B1D000C2FC30343A46ECE7018503000C4603001C
:10B1E0003C4603001985030008B5024924F0DDFC44
:10B1F000002008BD8E7C030073B50E4E044600256A
:10B20000A268E0680DF1060302F65602012125F05E
:10B210005CFBBDF80600A36840B12A4603F656035E
:10B220003146204624F097FC0135E9E783F85608BB
:10B2300002B070BD2A85030010B5044624F0FCFC62
:10B2400003490246204624F086FC002010BD00BFC2
:10B250002E800300022907B50BD1536800931268B2
:10B260000B4B0C4924F093FC6FF0150003B05DF814
:10B2700004FB8368084A094903F580535B6F13F0A8
:10B28000020F074B18BF1A4624F065FC0020EDE7BB
:10B29000388503004D85030034850300568503007F
:10B2A00020A9030010B5836803F5805304465B6F43
:10B2B0009A0603D50749406925F04FFAA36803F5BC
:10B2C00080535B6F9B0603D50349606925F045FAFF
:10B2D000002010BDE9470300EE470300F0B5012947
:10B2E00085B004460AD0536800931268604B6149E8
:10B2F00024F04DFC6FF0150005B0F0BD836803F538
:10B3000080535B6F990603D55B49406925F025FAA8
:10B310006FF0F9012046FFF7BBFCFA212046FFF74A
:10B32000CDFCA06800254FF40062294600F65600C7
:10B330008DF80B5027F00BFF5049606925F00DFA8E
:10B34000606924F089FC4FF47A7660680368012212
:10B350001F690DF10B0103ABB847039BF3B9013E25
:10B360004FF47A70B6B226F04BFE002EEDD1A368F2
:10B3700003F580535B6F9B0603D54149606925F057
:10B38000ECF9A3683F4950225A87A3681822204647
:10B390001A8724F0EEFB6FF00700ADE79DF80B2055
:10B3A000A3681B2A56D093F856181B29CDD1522AD0
:10B3B00050D15A19002382F85638A66896F85728B3
:10B3C0005B2A2ED106F65700022510F8011F2A46E7
:10B3D0003B2905F10105ADB226D140F2FF718A4249
:10B3E000C5D002F6560216FA82F1002211F8010FBA
:10B3F00020BB86F85608FA2AA16828BFFA224A8795
:10B40000FA2BA26828BFFA231387A36803F5805399
:10B410005B6F9A0603D51A49606925F09EF90020F2
:10B420006AE786F85638A2E703EB8303303901EB6D
:10B430004301B5F5006F8BB2C7D198E7013502EB38
:10B440008202ADB2303800EB4200B5F5006F82B237
:10B45000CCD18CE72B440135ADB2092D83F85628A9
:10B460007FF673AFA368002283F856287FE700BFFA
:10B47000388503004D850300F4470300A1850300D0
:10B48000F8470300678503002DE9F04F074689B0B0
:10B490001546894621B1104625F0CCFA00285CD12A
:10B4A000032456E05C463CE029460AF6560027F0A5
:10B4B0004DFF0646002855D0F5F772FD82B2601C9C
:10B4C00001323146304427F028FE224659463046A4
:10B4D00027F015FE4FF020033355BAF854300133EE
:10B4E0001C44AAF8544008F10108002401994B1C9F
:10B4F00003AA48460193FFF755FB0646F0B13168B1
:10B500000022284625F004FD0028EFD1D6F800B02F
:10B51000D7F808A0BBF1000FC4D05846F5F740FD9E
:10B5200084B2BAF854302344B3F5006FBCDB0E4A42
:10B530002B460321384624F037FF0124B8F1000FD1
:10B5400007D0B8682A4600F1540100F6560024F0EE
:10B55000B3FC204609B0BDE8F08F4FF0000841462B
:10B560000224C4E70224E9E7578A03002DE9F047E3
:10B57000D0F808908CB01D46D9F80C3080460F46A4
:10B58000164698470368202B11D924490B685C079D
:10B5900008D0234B02930023CDE900330122184643
:10B5A00025F08DFA6FF015000CB0BDE8F087002E85
:10B5B00005DA1A490B685807F4D01A4BEAE746EA4D
:10B5C00005045A1E14400ED014490A685207E9D0E7
:10B5D0000393154B02930023CDE900330122184653
:10B5E00025F06DFADEE72022394604A827F0AFFDEA
:10B5F0002046AC42D8D2A5EB040ABAF1200F28BFEE
:10B600004FF0200AD9F80470534604AA3119404675
:10B61000B8470028C8DB5444EBE700BFA004002073
:10B62000A98A0300CF8A0300EC8A0300F0B507461D
:10B6300087B00D46002945D02F4E33685A0741D0B8
:10B640008B6805934B6804930B68039300242B4B82
:10B650000293CDE90044234601223146204625F0DD
:10B66000C4FA33685B072DD06B6905932B6904938B
:10B67000EB680393224B0094CDE901432046234617
:10B680000122314625F0B1FA336858071AD0EB6928
:10B6900003931C4B0094CDE901433146234601221C
:10B6A000204625F0A2FA336859070BD0AB69039303
:10B6B000154B0094CDE90143012223463146204633
:10B6C00025F093FA012F10D1EFF305830A490A6898
:10B6D00052070AD0103B03930C4B02930023CDE991
:10B6E00000333A46184625F080FA2946384607B016
:10B6F000BDE8F0401EF0B4BFD0040020248B03004E
:10B70000538B0300828B0300918B0300BF8B0300DC
:10B7100030BFFFF7FDBF00BF2DE9F0410B4EDFF852
:10B72000308006EB0807CC1B054632460949204607
:10B7300027F0E5FCA01942460021083C27F007FD50
:10B74000C5F8A84007F10800BDE8F0810800000036
:10B7500008000000904703002DE9F04F9B468FB092
:10B760005368069391464B69DBF81C200793824689
:10B77000884625F01BFD0AAB04464A464146504622
:10B78000D9F8005025F067FD0AAB074680B1B849EB
:10B790000B685E0708D0B74B02930023CDE9003356
:10B7A0000122184625F03CFA38460FB0BDE8F08F6C
:10B7B0009DF8342002F00F02032A03BFBDF83620A3
:10B7C000D8F8B410D8F83060D8F82C6012BF0A9AB4
:10B7D00028204243504608BF8A5800931644CDE9BA
:10B7E000016B4B4609AA41461AF06EFE074670B13E
:10B7F0009F490B685D07D7D09F4B02930023CDE98B
:10B80000003303960122184625F00AFACCE79DF88A
:10B8100018006219322800F2768101A353F820F053
:10B82000A9B70000F5B80000EDB8000077B9000036
:10B8300007BB000007BB000007BB000007BB000000
:10B8400007BB000007BB0000BBB9000007BB00003E
:10B8500007BB000007BB000007BB000007BB0000E0
:10B8600007BB000007BB000007BB000007BB0000D0
:10B8700007BB000003BB000003BB0000F9BA0000D7
:10B8800007BB000007BB000007BB000007BB0000B0
:10B89000F5B80000F5B80000BBB9000007BB000018
:10B8A00007BB000007BB000007BB000007BB000090
:10B8B00007BB000007BB0000EDB8000007BB00009D
:10B8C00021B9000007BB000033B900007FB90000B8
:10B8D0007FB900007FB900007FB900008DBA000079
:10B8E0008DBA00008DBA00008DBA00006359099A24
:10B8F00013441CE0DDF824C06159ACEB02030802DC
:10B9000003EBA01303F1007001386FF07C4E70451B
:10B9100080F08680C3F3970301F07F410B4306E07C
:10B920006259564B134043F0D07343F47043635154
:10B930003AE709986159A0EB020C41F31E036344F6
:10B9400013F1804F12D54A490B685C070BD0059064
:10B950004B4B02930023CDE90362CDE90033012272
:10B96000184625F05DF96FF007071DE723F0004347
:10B9700001F00041D2E7099B9A1A6359B8E761596F
:10B980000B09C1F30B0603F470433343099E06FA17
:10B9900083F3A0F12D06012E0CD92C28394A08BFBB
:10B9A0001B140A40C3F30B011B010A4303F4702369
:10B9B0001343BCE79B1A2E28F0E7605B5188DDF843
:10B9C00024C04FEA902E4FEA0E6340F6FE7808EA54
:10B9D000410803F0807343EA0803DFF8AC8008EA0B
:10B9E000003843EA08038EEA51386FEA08088EEA05
:10B9F000D12E08F001086FEA0E0E43EAC8530EF08C
:10BA0000010E43EA8E5343F31803ACEB020E73446A
:10BA100003F1FF1E0EF57F4E6FF07E48C64506D33C
:10BA200013490B6858079ED0CDF814C090E7C3F3B4
:10BA3000093C00F47840C3F300664CEA000040EA99
:10BA40008620605301F45041C3F34A00014383F45C
:10BA50000000C0F3C05083F480037040C3F38053F0
:10BA600041EA4031734041EAC32353809CE600BF62
:10BA70009C040020D28B0300F58B03000F0000F024
:10BA80000F8C030000F0E0FF00F03F0034F805C029
:10BA900051884FEA0C334FEA4C0606F400669BB21D
:10BAA0003343967833430E0906F4E0663343099E28
:10BAB00006FA83F3A0F13106012E1AD9302808BF07
:10BAC0001B145E08C3F3033006F480662CF4816C0B
:10BAD00030432CF0070C40EA0C0C01F40F41D8B2B3
:10BAE0001B01014303F4E043194324F805C05180CE
:10BAF0005AE69B1A3228E2E76359079A1A4413461A
:10BB000015E7099B13E708490B685B073FF42BAF68
:10BB1000064B029300230390CDE90033012218461F
:10BB200025F07EF81FE700BF9C0400203F8C030037
:10BB3000054B5A699B689A421FBF044A536843F0F9
:10BB400080535360704700BF8C84002000ED00E0FC
:10BB50007FB54D4C2368064658070D4609D04B4B20
:10BB600002930023CDE9003301222146184625F037
:10BB700067F8474B9B6AD90640F1838023685A07D0
:10BB800009D0444B02930023CDE900333E49012202
:10BB9000184625F055F811203D4B9B6A1B070DD523
:10BBA0002368590709D03C4B02930023CDE90033A9
:10BBB00035490122184625F043F81220344B9B6A80
:10BBC0009A0726D523685B0709D0344B02930023DC
:10BBD000CDE900332C490122184625F031F82C4BD1
:10BBE0005A6B9B6A180613D5236859070AD02C4B49
:10BBF000029300230392CDE9003323490122184622
:10BC000025F01EF826B1224A936A23F0800393623E
:10BC100013201F4B9B6ADA070DD523685B0709D0F9
:10BC2000204B02930023CDE9003317490122184627
:10BC300025F006F81420164B9B6A9E060DD5236846
:10BC4000580709D0184B02930023CDE900330E4961
:10BC50000122184624F0F4FF15200D4B9A6AD106F4
:10BC600058BF9A6A9A6A920642BF5A6A22F40052F0
:10BC70005A629A6A42F0FF029A6200232B7004B063
:10BC800070BD102088E700BFD00400205B8C03004B
:10BC900000ED00E0718C0300A48C0300B78C03005E
:10BCA000CF8C0300E58C0300048D03007FB5504C5E
:10BCB0002368064658070D4609D04E4B02930023D1
:10BCC000CDE9003301222146184624F0B9FF4A4B42
:10BCD0009B6AD90478D523685A0709D0474B029349
:10BCE0000023CDE9003342490122184624F0A8FF81
:10BCF0001720414B9B6A1B050DD52368590709D0B6
:10BD00003F4B02930023CDE9003339490122184605
:10BD100024F096FF1820384B9B6A9A0526D5236895
:10BD20005B0709D0374B02930023CDE9003330493C
:10BD30000122184624F084FF2F4B9A6B9B6A18044B
:10BD400013D5236859070AD02F4B0293002303927F
:10BD5000CDE9003326490122184624F071FF26B1AF
:10BD6000254A936A23F4004393621920224B9B6A6D
:10BD70005B050DD523685E0709D0244B0293002391
:10BD8000CDE900331A490122184624F059FF1A2040
:10BD9000194A936A13F4807318D02368580709D09E
:10BDA0001B4B02930023CDE90033114901221846B1
:10BDB00024F046FF1B20104A936A43F47F439362AA
:10BDC00000232B7004B070BD162092E7926A910494
:10BDD000F1D52268520708D00E4A05490093CDE9F3
:10BDE00001321846012224F02BFF1C20E3E700BF9C
:10BDF000D0040020338D030000ED00E0498D0300E6
:10BE0000A48C03005A8D0300738D0300888D0300FA
:10BE1000A38D0300048D03001FB5424C23685A070D
:10BE200009D0414B02930023CDE900330122214682
:10BE3000184624F005FF3D4B9B6A9B0170D5236893
:10BE4000580709D03A4B02930023CDE90033354916
:10BE50000122184624F0F4FE1E20344B9B6AD901BF
:10BE60000DD523685A0709D0324B02930023CDE940
:10BE700000332C490122184624F0E2FE1F202B4BF0
:10BE80009B6A1B030DD52368580709D02A4B0293E0
:10BE90000023CDE9003323490122184624F0D0FEC7
:10BEA0002120224B9B6A59030DD523685A0709D0DC
:10BEB000224B02930023CDE900331A490122184690
:10BEC00024F0BEFE2220194B9B6A9B030DD52368EC
:10BED000590709D01A4B02930023CDE900331149C9
:10BEE0000122184624F0ACFE2320104B9B6ADA0393
:10BEF0000DD523685B0709D0124B02930023CDE9CF
:10BF0000003308490122184624F09AFE2420074AEB
:10BF1000936A6FEA03436FEA1343936204B010BD60
:10BF20001D209AE7D0040020BB8D030000ED00E047
:10BF3000D38D0300E68D0300008E03001E8E0300E8
:10BF4000438E03005D8E0300F0B5844B5F6891B0B3
:10BF50000446C7F30806002383F31188BFF36F8FED
:10BF600002F07F40B0F17F4F0FD102F00C000828A3
:10BF70001BD17B490A68500707D07A4A0093CDE964
:10BF800001321846012224F05BFE00252C460023D6
:10BF90008DF81F30F31E092B00F2C380DFE803F099
:10BFA0000BADB1A9C1C1C1C1C1B5120746BF0C4695
:10BFB0001D460125EBE76A4E33685F0709D06A4BDF
:10BFC00002930023CDE9003301223146184624F0C4
:10BFD00037FE624800218DF81F10C36A13F0020378
:10BFE0000ED03368580709D0604B0091CDE901139A
:10BFF0000B465B490122184624F022FE00224BE04A
:10C00000C26A002A07DA32685207F7D0584A00930A
:10C01000CDE90132EDE7C26A5700EFD5326850072B
:10C0200008D0544A4E490093CDE901321846012206
:10C0300024F006FE494BA1695A6942F480725A61A4
:10C04000BFF34F8FBFF36F8F5A6931F8021C22F490
:10C0500080725A61BFF34F8FBFF36F8F4DF602723C
:10C06000914209D09A6AD2B2002A34D00DF11F0150
:10C070000120FFF76DFD3EE0336859070BD02368C0
:10C0800003933D4B02930023CDE900333449012251
:10C09000184624F0D5FD22689DF81F30CBB908AEB4
:10C0A00004F1200720686168334603C30834BC42AA
:10C0B0001E46F7D10F9B002D4BD0C3F3080121B9C9
:10C0C0006FEA53236FEA43230F9308A91046FFF743
:10C0D000ADFA11B0F0BD9A6A12F47F4F05D00DF1A0
:10C0E0001F010120FFF7E2FD05E09B6AB3F5803FE9
:10C0F00084D3FFF791FE0246CEE70DF11F01002029
:10C10000B7E70DF11F010020ECE715490B685A074E
:10C110003FF474AF194B02930023CDE900330122A1
:10C1200069E70F490B685B073FF468AF144A154B8A
:10C1300017F4F87F18BF1346103ECDE90336124BB3
:10C1400002930023CDE900330122184624F078FD44
:10C1500054E723F4FF7323F00103B5E700ED00E09B
:10C16000D0040020B68E0300E18E0300F88E030099
:10C17000198F0300278F0300468F0300628F03008F
:10C180009D8E0300888E0300868F0300044B5A693E
:10C1900042F010025A615A6922F008025A6170474F
:10C1A00000ED00E0EFF30880EFF3098101B572467E
:10C1B000FFF7CAFE01BD00BF0F4880F308881CF0DE
:10C1C000A1FD202080F311880C484FF0AA014FF404
:10C1D000006225F06FFF09484FF40061401880F3BA
:10C1E0000988EFF314800221084380F31488BFF319
:10C1F0006F8F00F0A1F80000E0D70020A0CA002057
:10C20000084B9B6883420BD1EFF3058343B1064B88
:10C210005A6842F080525A605A6A22F400425A62C6
:10C220001FF01ABD8C84002000ED00E012498A68DE
:10C230004FF030001044EFF3098C80E8F01F20200D
:10C2400080F31288BFF36F8F0C4F4FF000664A697E
:10C250008A603E60D2F8A800094C2060D2F8AC0099
:10C260000023C2F8AC3080F3118802F1300090E86E
:10C27000F01F8CF3098870478C84002004ED00E0E7
:10C28000E04700201EF0040F0CBFEFF30880EFF32F
:10C290000980816911F8021C0229FFD001B572469C
:10C2A00024F0B3FC01BD00BF40B2002807DB044A04
:10C2B0004109012300F01F00834042F821307047FC
:10C2C00000E100E040B200280CDB4309064900F021
:10C2D0001F0020330122824041F82320BFF34F8FFB
:10C2E000BFF36F8F704700BF00E100E0054B4209CC
:10C2F00000F01F0053F82220012303FA00F0104041
:10C30000704700BF00E100E040B20028A8BF00F184
:10C31000604001F10101B8BF064B4FEA4111ACBFCB
:10C3200000F5614000F00F00C9B2B4BF195480F8A5
:10C330000013704714ED00E00F4A08B50F4B22F0D0
:10C340007F029A60BFF34F8FBFF36F8FD3F88820BF
:10C3500022F47002C3F88820EFF3148323F004035F
:10C3600083F31488BFF36F8F1EF068FA1FF0BEFED0
:10C3700000F046F81EF0A6FA0000000000ED00E014
:10C3800042F8203C009B42F81C3C0A49019B42F8C1
:10C39000183C029B42F8143C21F001014FF08073DD
:10C3A00042F8043C42F8081C0023203A0265C0F819
:10C3B000AC307047A186000000B50A4B98600A4B6C
:10C3C0001546D0F8A8201A600E462C4686F3098838
:10C3D0000020064B98472046002100220023044CF1
:10C3E000204700BF8C840020E0470020690C030038
:10C3F000A1860000014B10221A61704700ED00E099
:10C40000044800232021C2180133272B82F800138F
:10C41000F9D1704700E100E008B5EFF30583064A63
:10C42000103B02EBC30152F8330049688847BDE86E
:10C430000840FFF77DBB00BFA0390300F0B587B00F
:10C4400007460E4614460021102268461D4626F077
:10C450007EFE02238DF802302A46054B01932146C9
:10C460006846CDE9047620F00DFD07B0F0BD00BFB1
:10C47000AF0C030008B5024B1B689847002008BDAD
:10C48000E4470020034B044A1860937843F002030A
:10C4900093707047E44700205000002008B505481D
:10C4A00022F0CDFD002383F31188BFF36F8F0423A7
:10C4B000184602DF998F030008B50649064821F0A7
:10C4C0000701C1F1005202F5803222F021FD002067
:10C4D00008BD00BF6BFC0020E847002003484FF078
:10C4E000FF324FF0FF331EF071BB00BF6000002031
:10C4F00001481EF0E3BB00BF6000002038B50546D0
:10C50000FFF7ECFF08482A46082122F005FC044604
:10C5100028B925B127F036F9044B0C221A50FFF741
:10C52000E7FF204638BD00BFE847002014000000A8
:10C5300038B504460D46FFF7D1FF214608482B4683
:10C54000082222F051FC044628B925B127F01AF937
:10C55000044B0C221A50FFF7CBFF204638BD00BF1A
:10C56000E84700201400000010B50446FFF7B6FFAE
:10C570002146034822F098FBBDE81040FFF7B8BF02
:10C58000E847002070B5A0FB01543CB92846FFF7EE
:10C59000B5FF064640B90026304670BD27F0F2F8D8
:10C5A000044B0C221A50F6E72A46214626F0CFFD0E
:10C5B000F2E700BF1400000008B500F0B7F80A4920
:10C5C00041610A490122C0E900220A6008490A6063
:10C5D000084A00231360084A03611360C0E902336C
:10C5E000064A136008BD00BF8E7C03009000002047
:10C5F0008C000020FC470020F8470020F447002072
:10C600002DE9F04107460E46154600F08FF8C36845
:10C6100004461BB943691A78002A41D10023E3601C
:10C620006368BB4256F8232008DB324B6361204627
:10C6300000F062F84FF0FF30BDE8F081511C6161FD
:10C6400092F80080B8F12D0FEFD1911C6161517803
:10C65000A1602D2904D192786AB901336360E4E7BF
:10C6600049B9244B63614146284626F01EFE002846
:10C67000DDD0C4F80880D4F808802846414626F06A
:10C6800014FEB8F13A0F636900D070B91B7813B982
:10C69000636801336360204600F02EF83F20CBE74B
:10C6A0005A1C42611B788360E5E742783A2A0BD036
:10C6B000002222611B7813B963680133636020464E
:10C6C00000F01AF8A068B7E718786268094928B935
:10C6D00001329742626004DD56F82230C4E9043129
:10C6E000EAE761612D783A2D2046D5D100F004F8B3
:10C6F0002846A1E78E7C0300074B02681A60074BAF
:10C7000042681A60064B82681A60064BC2681A605B
:10C71000054B02691A607047900000208C000020D1
:10C72000FC470020F8470020F447002000487047ED
:10C730007400002070B54169857A0C4E044659B1E9
:10C74000437ADB0706D4302303FB05639B6A1B682F
:10C750009B6898470023636105EB4505214606EB7E
:10C760000510BDE8704025F0FFBE00BF3805002071
:10C77000024B302202FB0030704700BF380500201A
:10C78000827A074B302101FB0233DA6A93F82230B8
:10C790001B33801A23F00303B0FBF3F0704700BF94
:10C7A0003805002038B5074B827A302404FB023369
:10C7B0009B6AD3E901240C601568FFF7E1FF04FBD5
:10C7C000005038BD380500202DE9F04385B00546FE
:10C7D0006846039190461C4626F0C7FADDE90067DB
:10C7E000EFF31189202383F31288BFF36F8F2B8C13
:10C7F000002B43D0EA8B9A4225D9002200232846F9
:10C800001EF0ACFA0446F0B189F31188BFF36F8FC4
:10C81000039B002B43D032463B46684626F0C9FABC
:10C82000A27A274B302101FB023320469B6A1B680A
:10C8300003A91D68DDE90023A847606180BB20468D
:10C84000FFF778FF26E0298C4B1E2B8489F3118893
:10C85000BFF36F8F95F82230EA8BEC6A1B3323F01D
:10C860000303521A02FB0344154B164AEB1A1B1121
:10C870005343A37295F82230E372C9E789F3118814
:10C88000BFF36F8F2346424628461EF067FA0446E0
:10C890000028BDD10024204605B0BDE8F0836361C7
:10C8A000012300252381039B6382E27A6560294688
:10C8B00004F1180026F04BFC63692582E360EAE787
:10C8C00038050020ABAAAAAA70B50C4C302500B9D7
:10C8D00070BD037A4668013BDBB20372002BF7D1CF
:10C8E000C3604360837A05FB03435B6A13B19847D7
:10C8F0003046ECE7FFF71EFFFAE700BF38050020DF
:10C90000024B0122C3F840250020704700E001409F
:10C9100020B1034B800143F001031847704700BF6B
:10C9200000480300F7B506460D460D4883688AB2F5
:10C930001B6831469847002810DA00240CE02F1BB2
:10C94000042F28BF042725F0D9F93A46019001A900
:10C95000301926F0D4FB3C44A542F0D803B0F0BD1A
:10C960008038030010B503460548826814688AB20F
:10C970001946A0470028B4BF6FF00400002010BD86
:10C980008038030070B50446807AFFF7F1FE6169D4
:10C99000054649B1637ADB0704D4836A1B682046E5
:10C9A0009B689847002363612146284625F0DCFDFB
:10C9B000034B1B681BB1BDE870402A20184770BDAF
:10C9C000004800201FB5144B1A78012A0C461AD1D2
:10C9D0000B7E022B12D0082B1CD010490868400790
:10C9E00008D003930E4B02930023CDE90033184681
:10C9F00024F03EFB6FF0150004B010BD042104F1DB
:10CA00000C0024F0CCFA074B2146186825F0A1FD54
:10CA10000020F1E70221F2E7580400208C040020F6
:10CA2000D28F03000448002030B5811EC9B21E29F0
:10CA300085B0054604D8114820FA01F1C90711D480
:10CA40000F490B685B0709D00E4B02930023CDE919
:10CA5000003303950122184624F00AFB00242046E7
:10CA600005B030BD084824F057FA04460028F5D038
:10CA700001210C3024F080FA2576F0E741000040D7
:10CA80008C040020E28F0300980500202DE9FF416F
:10CA90000428DDE90A67044647D0402803D001286E
:10CAA0003CD126481EE026490878012836D1347842
:10CAB000012C14D0022C2ED022490B685A0709D021
:10CAC000214B039402930023CDE900330122184641
:10CAD00024F0CEFA0025284604B0BDE8F0811748BE
:10CAE0000136013F24F018FA05460028F2D000F183
:10CAF0000C080121404624F03FFA2C76002EEAD0A3
:10CB0000002FE8D0404624F063FA87420FD9284628
:10CB1000FFF7DAFEDEE70D480424E1E709490B6878
:10CB20005B07D7D00A4B0394CCE70848DAE73A46CC
:10CB30003146404624F02AFACDE700BF68050020C0
:10CB4000580400208C040020F68F030038050020D4
:10CB500009900300038A014623B1034B18688368D8
:10CB60009B681847122070479400002001289DBF41
:10CB7000024B187000206FF0150070475804002019
:10CB800030B51F4B1F4C186085B0206825F03DFA6A
:10CB90001D4D034678B92A68520707D01B4A0090FA
:10CBA000CDE901022946012224F062FA6FF0120455
:10CBB000204605B030BD2068154983681B6898473A
:10CBC0002B68044668B15B07F2D0124B0293002336
:10CBD0000390CDE9003301222946184624F048FA93
:10CBE000E6E703F00703022BE2D90B4B0090CDE9F7
:10CBF000010303220346294624F03AFAD8E700BF8E
:10CC000004480020940000208C0400201D900300A4
:10CC1000C5C90000359003005190030070B54FF076
:10CC2000FF320D464FF0FF330021064624F02FFA65
:10CC3000044660B90A4A0B490B48132322F015FA3F
:10CC400084F31188BFF36F8F0323184602DF02219C
:10CC500004F10C0024F094F906704570204670BD74
:10CC60007A900300AD8F0300B090030000F1070C31
:10CC70002CF0030C10B4541E1860A4B2ACF80020C1
:10CC8000023A93B201FB04F24FF0000C40F802C0EC
:10CC900074B103FB011403FB01F22044121B4FF695
:10CCA000FF7C013B9BB263458050A0EB0100F8D1B3
:10CCB00010BC70470346006810B102680AB91A60D8
:10CCC000704700F1070C2CF0030CD11DBCF800C01C
:10CCD00021F003010CF1FF3CA1F800C0EFE700BF19
:10CCE0000B687BB1073323F003031A88013292B239
:10CCF0000346D1F800C043F807CB23F003031A80A2
:10CD0000086070470122F3E702FB0100704700BF93
:10CD1000401A90FBF2F080B2704700BF531E1144DE
:10CD20009BB242B1DB430138CA1811F8013D00F84B
:10CD3000013F9142F9D17047014402E010F8013BF4
:10CD40001BB98842FAD1002070470120704700BF0C
:10CD500010600860704700BF0A6803460068904290
:10CD600005BF00220A6000201A607047D2F800C098
:10CD7000CCF80000D2F800C0CCF804101060704766
:10CD8000884203D01AB1436813607047002070478F
:10CD90000B68834209D02AB1586810601A680A608B
:10CDA00018467047002BF9D1FAE70023F8E700BFD7
:10CDB0002DE9F041DFF830800C4E0C2706F13004ED
:10CDC0004546221D214628460C3CFFF7C1FFA642DE
:10CDD000A5F10805F5D1043F3B1DA8F12008A6F1F7
:10CDE0003006EBD1BDE8F0818448002010490020D6
:10CDF00010B403468C469AB101EB4101144803EB91
:10CE00004304090101EB84010144487A0C7AA042F1
:10CE100004BF0130087210BC6146184618F068B9AA
:10CE200001EB41020A4C120100EB400302EB8303C9
:10CE300023449C7ADA7AA24201D010BC70470132B6
:10CE40009A72044B01225A5410BC18F0A9B900BFC1
:10CE50008C48002008480020F8B506461C460D46C0
:10CE600002B322786378D21A12F003023AD1274F24
:10CE700071004FEA450C3144AC44890001EB0C11C0
:10CE800001330431DBB27A18606823702146FFF762
:10CE90006DFF1F4B0122294630465A5518F080F984
:10CEA0000020F8BD18F066F90028DAD0294630468F
:10CEB00018F03EF90028D4D005EB450206EB4601F8
:10CEC000124F6378120102EB81023A447100907AAA
:10CED000D27A90424FEA450C0CD02078C01A10F05C
:10CEE0000302C8D0012A03D00133DBB22370D0E79C
:10CEF0001046F8BD2278D21A920702D00233DBB274
:10CF00002370D4E902039847CAE700BF8C48002089
:10CF1000084800202DE9F04FDFF8649119F800303F
:10CF200089B0002B5AD0DFF85CA13C2204234FF0DB
:10CF3000000B00EB400712FB00330324CDE904BBD8
:10CF400009F800B00AEB0717039302948346B8462A
:10CF50000023B96A58F8240F079307AAFFF710FFB8
:10CF6000044607AAB4B1079D2E786978761A06F0B0
:10CF70000306012E35D02B78591A01F0030101293F
:10CF8000DBB23DD1D7E90901FFF7FAFE044607AA53
:10CF9000002CE8D197F82E3097F82F209A4203D032
:10CFA00087F82F300123049397F82C3097F82D2021
:10CFB0009A4203D087F82D3001230593029B5D1E12
:10CFC000EBB2FF2B0293A7F10C07C0D1049AD8460D
:10CFD000DDF814B012B1BBF1000F45D009B0BDE8C7
:10CFE000F08F01396970079BD3E902039847079DC9
:10CFF0002A786978D3B2521A02F00302012A21D0AA
:10D00000B86A019300224146FFF7C2FE6C60019BA3
:10D010006A786B702B789B1A03F00303012B08D0FE
:10D02000D7E9090107AAFFF7ABFE012E044698D104
:10D030000EE0039B6A70294620460AEB0302FFF7C5
:10D0400095FEEDE7D7E9090107AAFFF799FE044627
:10D05000029B8BB101235946584609F80B3018F052
:10D060009FF809B0BDE8F08F5A464146404609B0E6
:10D07000BDE8F04F18F03CB8002C8BD0EAE700BFB9
:10D08000084800208C4800204B1EDBB271B1411EC5
:10D0900000EB030C002011F8013F23B15A1E0130B0
:10D0A0001340C0B2FAD16145F5D1704708467047C8
:10D0B000F0B5514D83B007460326012404213846BC
:10D0C00013F042FC38681F2320FA03F2013BDBB265
:10D0D000FF2B4FF0000C4FF0010E14D020FA03F19B
:10D0E00001F001018A4232D00CF101021C2BD2B2B4
:10D0F0004ED9192A3BD094464FF0010E0A46013B07
:10D10000DBB2FF2BEAD180EA050301930DF1040C99
:10D110000DF1080E00221CF8013B23B1591E01320B
:10D120000B40D2B2FAD1E645F5D1012A07D983B234
:10D13000B3EB104F28D1C3B2B3EB106F24D1013E33
:10D1400016F0FF06BAD16FF00D0003B0F0BD0EF17E
:10D150000102D2B2062A2CD904FA03F271B120EAF4
:10D16000020000210CF10102D2B2192AC3D101330D
:10D1700004FA03F329B15B421840C4E710430121CC
:10D18000F0E7013B1843BEE73860002003B0F0BD74
:10D19000AFD0012AADD104FA03F239B120EA02007E
:10D1A0000021BCF1010FDDD00A46A8E710430121A0
:10D1B000F7E701D01C2B02D996460A469FE7BCF13F
:10D1C000000F0AD1012202FA03FE69B120EA0E0023
:10D1D0008E4661460A46F44691E71C2BECD0BCF122
:10D1E000010FD8D09646E8E7114640EA0E00944673
:10D1F00096460A4683E700BFD6BE898E30B5037EC9
:10D200000568FF2B14D003EB43028B4205EB02129F
:10D2100027D04FF0000C01E099420BD09E461378C6
:10D220009468FF2B03EB4302A44405EB0212F3D1F5
:10D23000002030BD714517D00FFA8EFE137890682C
:10D240000EEB4E0E4FEA0E1EFF2B05F80E3006D0E9
:10D2500003EB430305EB03139A6802449A606044AE
:10D2600030BD9E464FF0000C13780376E4E700BF14
:10D27000A2EB010C1CF4000F10B4836844690AD1BE
:10D280002CF07F4C6344A3420DD8E41A0023446180
:10D29000836010BC7047891A21F07F418B4208D906
:10D2A0005B1AA342F1D91B1B00244461836010BCAC
:10D2B00070470C44E41AE9E72DE9F843284DBDF81E
:10D2C0002C7004464FF02C0E0EFB045E084604EB57
:10D2D000840104EB4104DEF8041001EBC00605EB09
:10D2E0008405F47811F83080717804F1010C5FFA4C
:10D2F0008CFCE04598BF4FF0000C61452DD0716863
:10D3000004EB44044FEA041901EB04144FF0040841
:10D3100001F809806360089BA360099BE3600A9B96
:10D3200023610C9BA361119B63620D9BE3610E9BC8
:10D3300023620F9BA362109BE36202236270A782A9
:10D34000A37086F803C0DEE9083698472B464146AD
:10D350000022B047A078BDE8F8830120BDE8F8833B
:10D360004C4900202DE9F04F0346407AD3E90045AF
:10D3700087B0002800F0FD80421ED2B205EBC20249
:10D380009A468B46039205952346039A5168567830
:10D390000491BBF1FF0F66D00BEB4B044FEA04186E
:10D3A000CDF804B013F808B003EB041400254FF0D7
:10D3B000FF0C84F800C0DAF800709AF8182007EB28
:10D3C00008096245D9F8081018BF02960ED1CAE0C4
:10D3D000091A06D1B9F81E80BEF81EE0F04500F229
:10D3E000B680B85DFF2894466DD0024602EB420637
:10D3F00007EB061E3601DEF808008842E8D9029ED7
:10D40000C9F80810BCF1FF0F89F8002064D00FFAAA
:10D410008CFC0CEB4C0C4FEA0C1C019807F80C0030
:10D42000FF2A06D002EB420207EB0217BA68521A33
:10D43000BA60A27801326270002DAAD0AA6A4FF0B9
:10D4400000012970A97022B1E96A01930020904778
:10D45000019B6268002A9CD1AA6A2262EA6A62621F
:10D46000BBF1FF0F98D1039A049F9278994606EB7F
:10D470004601701CB2424FEA011CC6B207EB01150F
:10D4800068D0039B17F80C101878B04208BF00262C
:10D490000429ECD16A7802EB420809EB0814012058
:10D4A00094F801E0A1788E454FEA081818D04FF0A3
:10D4B000000307F80C30AA6AA8700AB1E96A90471D
:10D4C000039B9A78D3E70246BCF1FF0F029EC9F88E
:10D4D000081089F800209AD101988AF818009FE76F
:10D4E0000192AA8ADAF814104FF6FE7082424B4677
:10D4F00007D04FF6FF70121AB2FA82F2520984F87E
:10D500002C206A6AA262EA6862602A690293002398
:10D5100063622262AA8A4FF6FD70824288BF1A4671
:10D52000A283AA69A261EA69E2602A6A2261AA6802
:10D53000A26063616A682046FFF79AFEE2784FF0C6
:10D54000000342F00102E383E270029B2FE7029E98
:10D55000014655E70399059881424B46A1F108021F
:10D5600007D0039211E707F80820019A8AF81820DB
:10D570005FE707B0BDE8F08F2DE9F04F447E01234F
:10D580008FB08376002C40F0B380037EFF2B814662
:10D5900000F0AD8016F0D0FFD9F81420D9F81C3077
:10D5A00099F81880D9F800A0801A20F07F45AB4286
:10D5B00094BF00230123B8F1FF0F0493A34675D055
:10D5C000059408EB48080AEB08144FEA0818A3680A
:10D5D000AB426AD8A0781AF80880ED1A9B446378A9
:10D5E0001B1ADBB2012B5DD1A26AA3690393002A47
:10D5F00000F0ED801668002E7DD0002B40F08E806C
:10D60000049B002B00F0088104230393137A59072D
:10D6100000F0F780137A6FF302031372E78B94F82C
:10D620002C207B1C9BB2E383002A73D0A28B9A42EE
:10D6300070D2A26A002A00F04881137A03F007032F
:10D64000012B67D00126002051685060A36A1A7A26
:10D6500060F302021A72A078E7680138A0700FB375
:10D660006369D9F8142094F803C0ABEB03031344A7
:10D6700023F07F40626A23690CF0010C002E40F019
:10D68000B780B4F81EE0CDE900C37346B847039BEA
:10D69000E683002B049B18BF01230493E37866F311
:10D6A0000003E370B8F1FF0F8BD1059C99F80B30A4
:10D6B00099F80A209A4208D10132D2B2022A1ABF3E
:10D6C00014462346002389F80B4009EB830300220C
:10D6D000C3F80CB0D9F8244089F81A204B4601222F
:10D6E00004210320A4460FB0BDE8F04F60478476C4
:10D6F0000FB0BDE8F08F039B002B66D0049B002B7E
:10D7000088D1D9F81C305B4584D8B8F1FF0F11D10E
:10D71000049E98E7A378013BA370C3E7049B002B0A
:10D720007FF474AFD9F81C309B45FFF46FAFB8F1AC
:10D73000FF0F47D0039BE78B07939C46A38B66683C
:10D74000DDF81CE0BB429CBFFB1A99B208EB480312
:10D7500088BF39460AEB031301FB066106919968FD
:10D760008E452DD3CDE90C70CDF82CC0DDF81CC052
:10D77000CDF81C90DDF80C90CDF82880CDE9085B41
:10D780008E46A346B0461446986A9A6910B100685E
:10D7900000284FD1002A4DD11B78FF2B07D003EB77
:10D7A00043030AEB031399688E44E645ECD92246FD
:10D7B000DDE90A8C5C46DDE9085B0D98DDF81C901C
:10D7C000CDF80CC0002A00F0978000263BE7039BB1
:10D7D000A3B1049B002B7FF421AFD9F81C309B45EB
:10D7E000FFF41CAFB8F1FF0FA4D104990E4633E744
:10D7F000CDE900C34FF6FF73B84753E7039E0021FE
:10D800002AE7A08BE18B88423FF604AF012161F348
:10D8100002031372E78B02E7D9F81C305B453FF631
:10D82000F3AEB8F1FF0F53D04FF0040CE78BCDF8F7
:10D830001CC083E7DD8B9F8B5E68BD422AD2002E21
:10D8400041D1002CA8D0304626682EB1B9F1000F86
:10D8500002D1724496423FD2BD429DD3DA789BF802
:10D86000031002F0010601F00105AE4204D84A405F
:10D87000D50791D400288FD02246DDE90A8C5C467A
:10D880000C9FDDF81C90DDE9085B002A32D1CDF851
:10D890000CC0C4E69EB1E81B80B2B8F1000F0AD0FC
:10D8A00000FB0660401A069981422CBF002001202F
:10D8B000002CC9D1D0E74046002CC5D1CCE7002CC4
:10D8C000C1D12046CAE72846E7E7A078012696E7B7
:10D8D0000423049E0393B6E62246DDE90A8C5C46E7
:10D8E000DDE9085BDDF81C90CDF80CC0002E3FF49C
:10D8F00091AE8BE61668F7E716461146ACE600BF18
:10D900002DE9F04F8FB0837E0090002B40F06C82A9
:10D91000467E002E7CD10098837AC27A012141761E
:10D920009A424169079100F014840133DBB2022B63
:10D93000009912BF1A463246334601EB82028B72BF
:10D94000D268079B0592134423F07F434B61012467
:10D95000009D2B7E099316F0EFFD6A7A2B680193E8
:10D96000531E6D6804900892DBB2002A00F01C85FB
:10D9700005EBC30ACDE90C6400230893FF2303934E
:10D98000DAF804B04FF000092F469AF803009AF82D
:10D9900002800FFA88F404EB440408F101034045C7
:10D9A0004FEA0416DBB20BEB041400F010819AF876
:10D9B00000209A4208BF00238AF802301BF8062094
:10D9C0006178042A3AD9019801EB410300EB031571
:10D9D000082A4FEA03130293A8786B7822D81B1AFF
:10D9E00013F0FF032CD1062A1CD1009BDB7E8B4257
:10D9F00051D00BF80690A36A84F80290002BC4D093
:10DA00000020E16A98479AF803009AF80280C0E77C
:10DA1000446A0421034601220420A4460FB0BDE855
:10DA2000F04F60470BF806904FF00103A370A36A14
:10DA3000002BAAD0E16A01209847A6E79846A8E7FC
:10DA4000052A1FD162684AB9A2683AB9E2682AB9C0
:10DA500022691AB9626932F07F42E3D0012B1CD0EF
:10DA6000009B04215C6A3D4601220846A047012331
:10DA7000AA4508938AF80280AAF1080300F0AD8055
:10DA80009A467DE7012B00F06781062AE8D1009BCA
:10DA9000DB7E8B42ADD1616880E1DDF800804046DD
:10DAA000FFF7ACFBA860D8F81410049B059A5B1A2A
:10DAB00023F07F431344984240F28881C01A6B6878
:10DAC000002B52D0A38A002B4FD0013B9AB2A282E6
:10DAD000D5F804C0EB8B604523D90CF101080697FB
:10DAE0000A911AE06A6ADFF868E29A4996448E451C
:10DAF00084BF02F1E87202F5D4324746296A94BF26
:10DB0000674602F5A572013BC01B521A9BB26045E5
:10DB10006A62EB8340F2DF81A28A9342E2D8069FD9
:10DB20000A99934220D2CDE90A710CF10102D5F88D
:10DB300020E006926A6ADFF81882864972449044AF
:10DB40008845674606D8A2F1E872A2F5D432069F4E
:10DB5000A2F5A57201339BB26A62EB83A28A9A4254
:10DB60003844E7D8DDE90A71AA8363680344AB60EF
:10DB7000A2686B69A86A13446B6128B103681BB182
:10DB8000D4E901329B1A4360049A2846FFF770FBE0
:10DB9000E268AB691344AB61226993428CBF9B1A64
:10DBA0000023AB61A37D1BB1EA7863F30002EA7046
:10DBB000E37D13B1013B85F82C30DDE90121039BA6
:10DBC00053546B786278039201336B7011E73D46D2
:10DBD000AA45AAF108037FF453AFDDE90C6400996C
:10DBE000099B91F818B0BBEB030718BF0127002C65
:10DBF00000F07981049B079AD1F800909B1ABBF141
:10DC0000FF0F23F07F4A5ED04FF000085246CDF858
:10DC10000480DDF814800696CDE90A74CA460F46E2
:10DC200091460BEB4B060AEB06143601A2684245FF
:10DC300000F28283019BA178E08B13440193637807
:10DC40005B1AF9698A4238BF891AA8EB0208A9EB66
:10DC5000020922BF00214FF0FF32FA76F961A16A72
:10DC6000A269DBB2002900F02D810D68002D00F0C3
:10DC70001681002A40F01681022B00F068830022F2
:10DC8000A2601AF806203A766168002940F0CC803C
:10DC9000A26A2AB1127A02F00702012A00F0A780D4
:10DCA0003BB1012B00D020B1236A13B1616A01207E
:10DCB0009847A378637097F818B0BBF1FF0FB0D105
:10DCC000DDE90A74069E099B03995B4518BF274648
:10DCD000009C2046FFF746FBCDE9016725684FF021
:10DCE000000C009B197EFF29084600F07F830E463A
:10DCF0004FF0FF0A00E01E4633B203EB430305EB8F
:10DD000003171B01BA6A96462AB1147A04F0070475
:10DD1000012C00F02282EB5CFF2BB246EBD1DDE957
:10DD20000167BCF1000F00F0E480099B8B4240F0DA
:10DD3000E480089B002B40F0EB80009B5A7A5C68E3
:10DD4000531EDBB2002A00F0E380674637E100BFD4
:10DD50005A2B17FF592B177F062A3FF446AEDDF8E2
:10DD600000804046FFF74AFAAB78A8606B7098F8DD
:10DD70001B2063789A427FF43CAE1BF80630062BDA
:10DD80003FF489AE009AFF23D3761BF80630062BAA
:10DD90003FF481AE082B3FF47EAE0499009B5A6994
:10DDA0008B1A180209D4059A23F07F431344009973
:10DDB000CA699A4288BFCB611BE6059B521A22F0C2
:10DDC0007F4293428CBF9B1A0023F0E76A69134499
:10DDD0001B1A6B61002072E6029E009A00235376A4
:10DDE000937E334340F057820FB0BDE8F08FA378A5
:10DDF000C4F808806370079B019A79699A1822F029
:10DE00007F422046FFF734FA039B0AF80630637816
:10DE1000CDF80CB00133DBB2637097F818B0BBF1EA
:10DE2000FF0F7FF4FEAE4BE7A36A23B11B7A03F02A
:10DE30000703012BDBD0B4F81EE0BEF1000F4ED17A
:10DE4000B4F81CE070464D1CD4E908C300220295CA
:10DE5000CDF810A004E001388A46451C524412D087
:10DE6000DFF898A2A64D63449A44AA45F3D8DDF89A
:10DE700008A0A3F1E8730138A3F5D433451CA3F53A
:10DE8000A5735244ECD194F82C00DDF810A0636225
:10DE9000002800F02A81A260A4F81EE0ABE7002A67
:10DEA0003FF4EDAE022B7FF4EAAE00287FF4E7AE3C
:10DEB000097A01F0070101293FF4E1AEFA6187F820
:10DEC0001BB0DCE6002A3FF4DAAE022B7FF4D7AEBB
:10DED0000028F3D0D3E6069F0A99A28A21E6A37808
:10DEE00063700020AFE7009C03992046FFF73AFAE1
:10DEF000217E099B8B4200F01382089B002B56D099
:10DF00000846FF2800F07F82099BFF2B00F060820B
:10DF1000DDF800A0DAF8003000EB400003EB00135E
:10DF2000D3F808B0BBF1000F00F0208216F004FB1C
:10DF3000DFF8D091DFF8D081744F02960A250646AB
:10DF400054466169721A22F07F42934505F1FF350C
:10DF500002F1030240F22B825A452CBF8918594422
:10DF600021F07F421046A16A0192884716F0E4FA38
:10DF7000019A811B921B21F07F41033122F07F43E4
:10DF8000994282467FF628AF0DB15646D9E740F652
:10DF900066434A464146384621F067F885F31188C2
:10DFA000BFF36F8F0323184602DF5646C9E7009B75
:10DFB0005A7A5C68531EDBB20127002AA0D004EB1A
:10DFC000C30508960A9707942E467578F278736809
:10DFD000AA4277D02F46B3461D463FB207EB47070C
:10DFE0003B0105EB0717EB5C012B53D0022B5BD1F8
:10DFF000D7E901C13A699CF8004005927A69D7F8DF
:10E000000CE00692009ADEF80060D2F800905069A9
:10E01000FF2CD7E906A302D00A6882425FD0009A9B
:10E020000026147E0860FF2C30D0CDE90157CDE9E1
:10E0300003CE57469A460BE0D8F808203244B8473A
:10E0400098B919F80540D8F80830FF2C1E4441D083
:10E0500004EB440509EB05182046D8F81810534680
:10E060002D01002FE8D10029EBD00599D8F8083010
:10E07000DDE90157DDE903CE11B1D8F824200A60AB
:10E08000069911B1B8F81E200A801E448CF8004091
:10E09000CEF80060BB6A4FF00002BA7013B1F96AA3
:10E0A000002098479BF803209BF801709BF80030F4
:10E0B0000137FFB2BB4208BF0027BA428BF801709C
:10E0C0008BD15E46079A9642A6F1080300F0D880ED
:10E0D0001E467AE7DDE90157DDE903CED6E704EB1A
:10E0E0004404220119F802409DE791457FF6D3AE22
:10E0F0004D1C0494CDF808A02C460FE05A2B17FFB6
:10E10000592B177F04500300285303006C50030061
:10E110008A4652440130914580B212D9DFF898A264
:10E12000A64D63449A44AA45F2D8A246A3F1E873E7
:10E130005244A3F5D43301309145A3F5A57380B2C1
:10E14000ECD8049CDDF808A0636270441FFA80FEDE
:10E15000A1E634460596FFF7FBBBB9681C4613469B
:10E16000002940F00B81D7F81890B9F1000F15D1B4
:10E170001A68002A40F0FE80914A9249924840F67F
:10E18000C61320F072FF002383F31188BFF36F8F53
:10E190000323184602DFBA6A4FF00409009BDB69CB
:10E1A000191D5368039318461368984280F0D48071
:10E1B000A3EB000E2B5DFF2B00F0CE80CE45C0F010
:10E1C000CB804FF00008CDE904A6CB46C4460E46EE
:10E1D0003AE0ACF1040AC244F24528BFF24609EB2A
:10E1E000060086450DD3DA450BD3B86900283DD02B
:10E1F000107A00073AD4BAEB090002D0B04280F09E
:10E200003281886A20B1007A00F00700012828D006
:10E21000886930B3496821B3B969E044043000EB40
:10E22000080609B3107A0007AEEB090103D58E4248
:10E2300094BF31460021EB5C4FF0000CFF2B30D037
:10E2400009EB080BDE452CD303EB430305EB03116D
:10E250001B0188688444BCF1040FBAD84FF0000A4F
:10E26000BDE7EB5C0021E9E73146E4E7002EC8D0CA
:10E27000AAEB090AB245C4D33146DDE904A612E08F
:10E28000089E0A9F009B002F40F0EB805F769B7EEC
:10E29000002B3FF4A9AD009B01225C6A0321FFF72C
:10E2A000BBBBDDE904A6039B0B445360285DFF283C
:10E2B00000F0B8804FF0FF08944600E0184603B223
:10E2C00003EB430305EB031E1B01DEF808208A4223
:10E2D00080F0C080EB5CFF2B8046A1EB0201EDD10A
:10E2E0006246FF28B96010D0BAF1FF0F295D60D0F7
:10E2F0000FFA8AF303EB43031B01E95400B200EB6E
:10E3000040000301E95C2955EE54FB8B013BFB8384
:10E31000137A022161F3020313724FF0010CE0E45F
:10E32000089B002BAED1009B5A7A5C68531EDBB26F
:10E33000002A7FF444AEA5E721464346D21A009B4B
:10E340008A60069E0A9F0B9C93F818B0BBE40028D5
:10E350007FF495AC0422ABE5039B53602B5DFF2B50
:10E3600008BF00215ED00023BB60CEE7009B83F88E
:10E3700019B090E71A464FF004090FE7104A134905
:10E38000114840F6BE1320F070FE002383F311887D
:10E39000BFF36F8F0323184602DFD7F81890B9F147
:10E3A000000F1ED0BA6AF9E6FF23039317E4012693
:10E3B00013E5009B1976A1E75A2B17FF592B177FFE
:10E3C000045003008C5003006C50030044500300C1
:10E3D00016F0B2F8044616F077F8009BF8B1187EF4
:10E3E00096E5BB6A002B3FF4C7AEC1E6DDE90167E5
:10E3F000BCF1000F3FF47DAD099BFF2B089B13D0B0
:10E40000002B3FF4D4AD16F06FF80446B8B1009A73
:10E4100000235376937E002B7FF43DAFE4E4187E17
:10E420005C6175E5B96070E7002BECD1009B5A7A0E
:10E430005C68531EDBB2002AE5D06746BFE5009D4D
:10E44000E86116F079F86C766861AB7E002B3FF4DA
:10E45000CBAC20E713465B1A6246CEF80830404644
:10E460003FE7187E4DE5DDE904A601461BE700BF46
:10E47000F8B5069E9DF81C50089CB8B9144F3A6038
:10E480005A1E39727B727E60D2B273B106EBC20241
:10E490005460114612F808398E4203EB4300A5EB95
:10E4A000030304EB0014DDB2F2D10DB10120F8BD7D
:10E4B000099B3B620A9B7B62FF240B9BBB623C7601
:10E4C00016F03AF87D817861FC76FD612846F8BD4A
:10E4D0004C490020044B2C2202FB0033187A0038F0
:10E4E00018BF0120704700BF4C49002010B40A4BF0
:10E4F0002C2202FB0032546A5CB100EB800200EB7C
:10E50000420003EB8003A446012210BC0321022039
:10E51000604710BC704700BF4C49002010B58AB05E
:10E520000C9C00940D9C01940E9C0294BDF83C4000
:10E530000394109C0494119C0594129C0694139CC3
:10E540000794149C089400240994FEF7B5FE0AB0C1
:10E5500010BD00BF10B4039C0294049C0394BDF84A
:10E5600014400494069C0594079C0694089C079408
:10E57000099C08940A9C099400240A9410BCFEF794
:10E580009BBE00BF10B4BDF81040049410BCFEF751
:10E5900093BE00BF2DE9F84F294DBDF834609DF8BA
:10E5A0003880044608462C2101FB045104EB840703
:10E5B00004EB470405EB84054C6804EBC00E14F82B
:10E5C00030909EF803409EF8017004F1010C5FFA50
:10E5D0008CFCE14598BF4FF0000C67459DF84490D6
:10E5E0002AD0DEF8047004EB44044FEA041A07EB67
:10E5F00004144FF0050B07F80AB063600A9BA36090
:10E600000B9BE3600C9B23610F9BA362109BE36257
:10E6100002236270A68284F8168084F81790A37093
:10E620008EF803C0D1E9083698472B460022042112
:10E63000B047A078BDE8F88F0120BDE8F88F00BF93
:10E640004C49002010B588B00A9C00940B9C0194A2
:10E650000C9C0294BDF8344003949DF83840049417
:10E660000F9C0594109C069400240794FFF792FFDA
:10E6700008B010BD2DE9F0411F4D064608462C217B
:10E6800001FB065E06EB860406EB4404DEF804603C
:10E6900005EB840706EBC00516F83060EC78697866
:10E6A00004F1010C5FFA8CFC664598BF4FF0000C3A
:10E6B00061451DD0696804EB4404260101EB041494
:10E6C0004FF0060801F806806360069BA362079B73
:10E6D000E36202236270A37085F803C0DEE90835A7
:10E6E00098473B4600220421A847A078BDE8F08166
:10E6F0000120BDE8F08100BF4C4900202DE9F04128
:10E700001E4D064608462C2101FB065E06EB8604DC
:10E7100006EB4404DEF8046005EB840706EBC00555
:10E7200016F83060EC78697804F1010C5FFA8CFC23
:10E73000664598BF4FF0000C61451BD0696804EB3B
:10E740004404260101EB04144FF0070801F8068089
:10E75000A362069BE36202236270A37085F803C084
:10E76000DEE9083598473B4600220421A847A078F7
:10E77000BDE8F0810120BDE8F08100BF4C490020D8
:10E780002DE9F0411F4D064608462C2101FB065E8F
:10E7900006EB860406EB4404DEF8046005EB840710
:10E7A00006EBC00516F83060EC78697804F1010CCE
:10E7B0005FFA8CFC664598BF4FF0000C61451DD098
:10E7C000696804EB4404260101EB04144FF00808C7
:10E7D00001F806806360069BA362079BE362022345
:10E7E0006270A37085F803C0DEE9083598473B46A0
:10E7F00000220421A847A078BDE8F0810120BDE8EF
:10E80000F08100BF4C4900202DE9F041244D06461F
:10E8100008462C2101FB065E06EB860406EB440449
:10E82000DEF8046005EB840706EBC00516F83060DF
:10E83000EC78697804F1010C5FFA8CFC664598BFAE
:10E840004FF0000C614527D0696804EB44042601B1
:10E850004FF6027801EB041421F80680C4E9012385
:10E86000069BE360079B2361089B6361099BA3618F
:10E870000A9BE3610B9BA3620C9BE3620223A370E0
:10E8800085F803C0DEE9083598473B46002204219D
:10E89000A847A078BDE8F0810120BDE8F08100BF65
:10E8A0004C49002070B50A4D2C2202FB0052D2E9DF
:10E8B000083604460846984704EB840304EB4303F8
:10E8C00005EB8303B4460022BDE870400421604795
:10E8D0004C49002015F030BE401A20F07F407047B0
:10E8E00001481021704700BFFF710100022801D0CC
:10E8F0000120704738B5044608461D4609F0CEFB96
:10E9000010B10020287038BD204638BD00230370A8
:10E910000B70704738B5054600200C4606F08AFAA1
:10E9200010B105F08DFEA0B1002008F0FFFE10F040
:10E93000060F0ED13DB9084B44B120681860A2887B
:10E940009A80002038BD054B002CF6D11C609C80BD
:10E95000F7E70C2038BD00BF80490020784900202F
:10E960000128034605D8044A0448002B08BF104676
:10E9700070470020704700BF804900207849002080
:10E9800001280AD8064A074B002818BF1346186802
:10E9900008609A888A801846704700231846704796
:10E9A000784900208049002010B5044612F004F890
:10E9B00078B912F0E7FCF8B914F00AF800282ED163
:10E9C00014F07EFF00283DD12046BDE810401CF029
:10E9D000F7B9264A2649274840F6571320F045FB49
:10E9E000002383F31188BFF36F8F0323184602DFE0
:10E9F00012F0C8FC0028DFD01C4A1D491D4840F613
:10EA00005C1320F032FB002383F31188BFF36F8F78
:10EA10000323184602DF13F0DBFF0028D0D0134A8F
:10EA20001349144840F6621320F01FFB002383F3C0
:10EA30001188BFF36F8F0323184602DF14F040FFE5
:10EA40000028C1D0094A0A490A4840F6681320F054
:10EA50000CFB002383F31188BFF36F8F0323184649
:10EA600002DF2046BDE810401CF0AAB9E4500300C4
:10EA7000205103006C500300086001481CF0A0B94D
:10EA8000B46500201CF09CB92DE9F84F89462A4D49
:10EA900099F8003095F8C010172B88BF0B469A42A2
:10EAA0003ED05C1CE4B29246182C35F8332002802C
:10EAB000834608BF002405EBC303002601274FF05F
:10EAC00012081AE0012833D0C3F8048089F8004006
:10EAD00095F8C030172C98BF23469A4521D01AB21A
:10EAE0000133DCB235F83200BBF80010182C08BF37
:10EAF0000024884205EBC20313D1586860B1FF2897
:10EB0000E0D9027902F00302013A012A0CD912225B
:10EB10005A6009F0DDFAD9E701365F60F6B2D5E751
:10EB200000263046BDE8F88F0136F6B20122EFE745
:10EB30000136F6B2CAE700BFB44900202DE9F0471C
:10EB4000374F3B8898425DD913F0FF0528D0DFF896
:10EB5000D4A0DFF8D4809AF82D40DFF8D0909AF84E
:10EB60002C300134E4B20B2C08BF0024A3424046F1
:10EB700018D0FEF79FF8064648468EB1FEF79AF881
:10EB8000002841D006609AF82D304AF823003B88CF
:10EB90008AF82D40013D013B15F0FF053B80DED199
:10EBA000BDE8F0873B88002BFAD0DFF884A01E4D2B
:10EBB0009AF825401D4E4FF000080134E4B2092CAC
:10EBC0009AF8243008BF0024A3422846E8D0FEF774
:10EBD00071F881463046B9F1000FE1D0FEF76AF8CE
:10EBE000C0B1C9F80480C0F800909AF825304AF8FE
:10EBF00023003B888AF82540013B9BB23B80002BD9
:10EC0000DBD1CDE70546A2E730460749BDE8F0472E
:10EC1000FEF766B848460449BDE8F047FEF760B81D
:10EC2000B44A00207C630020B84A0020844B0020B6
:10EC30007C4A00202DE9F84F414B424FDFF8089104
:10EC4000DFF8FCB0181D052224214FF00008A7F8BA
:10EC50001880FEF70BF83C4B05220821181DFEF723
:10EC600005F897F818A07C7E05260134E4B2062C3E
:10EC700008BF0024A245484613D0FEF71BF80546FE
:10EC8000584675B1FEF716F8002854D0C5F8048030
:10EC900005607B7E47F82300013E16F0FF067C7678
:10ECA000E3D12A4B1522181D4FF49271FDF7DEFFB8
:10ECB000274B1922181D0821FDF7D8FF2448FDF71E
:10ECC000F9FF0446C8B1234A2046111FFEF740F859
:10ECD0001F48FDF7EFFF0446F0B11F4A2046111F01
:10ECE000FEF736F81D4B1222FF201A80FFF726FF91
:10ECF0000FF0F6FF0020BDE8F88F194A19491A48AD
:10ED000040F6321320F0B1F984F31188BFF36F8F0E
:10ED10000323184602DFD6E7114A1249124840F68B
:10ED2000391320F0A2F984F31188BFF36F8F032306
:10ED3000184602DFD1E704492846FDF7D1FFB0E7C6
:10ED4000D863002090640020AC630020844B002036
:10ED5000B84A0020B04A0020A84A0020B44A002047
:10ED6000E4500300705D03006C5003002DE9F04F88
:10ED7000DFF88882DFF88892DFF888B2DFF888A2AF
:10ED800087B0D8E9000103AAFDF7FAFF054600287D
:10ED900034D0039C002C71D0207804AA02A909F079
:10EDA0009FFF0446002855D0DDE90313BDF8082075
:10EDB0000F78ADF80A20059305AE0DF10A0509F0AC
:10EDC000A1FF2146059ABDF80A0009F0E1FF20469F
:10EDD00009F062FF32462946384609F081FF0446B1
:10EDE0000028ECD1D9F800001BF0EAFFD8E90001B7
:10EDF00003AAFDF7C5FF05460028CAD104AA02A947
:10EE00000DF1070009F054FF0446002846D0049B8A
:10EE100005939DF80770BDF80830ADF80A3005AECF
:10EE20000DF10A0509F06EFF2146059ABDF80A00AA
:10EE300009F0AEFF204609F02FFF3246294638463A
:10EE400009F04EFF04460028ECD16D4B18681BF00A
:10EE5000B7FF96E7039B05931B79013B172B20D83F
:10EE6000DFE803F02F56711F2F431F43438F1F1FEF
:10EE70001F1F2F1F1F1F1F1F1F2F842F634840F6A8
:10EE800004235A46514620F0F0F884F31188BFF36A
:10EE90006F8F0323184602DF039C7DE707B0BDE8B0
:10EEA000F08F584A5A49594840F6A43320F0DDF80B
:10EEB000002383F31188BFF36F8F0323184602DF0B
:10EEC0005FE74E49D8F804000022FDF761FF514B7F
:10EED000059993F8C13028460B704F4AFDF746FF5D
:10EEE000474B18681BF06CFF4BE74449D8F8040007
:10EEF0000022FDF74DFF059991F8203003F00F0334
:10EF0000072B00F09E80434B284693F8C130E3E77F
:10EF10003A49D8F804000022FDF73AFF059CA6689C
:10EF200046B1337803F0FF07002B57D03378013B0D
:10EF3000DBB23370237B052B00F29780DFE803F010
:10EF40002F85898D912C05A9284609F0E5FC2B49D0
:10EF5000D8F804000022FDF71BFF059900293FF4B3
:10EF600010AF0B792D2B3FF40CAFCCE72349D8F829
:10EF700004000022FDF70CFF0599284609F0A2FCC9
:10EF8000FFE61E49D8F804000022FDF701FF0599AD
:10EF9000284608F0C9FDF4E6204608F04BFD1F4A5C
:10EFA00000272773537E117E0133DBB2062B08BF87
:10EFB0003B46994236D02560517E42F82140537637
:10EFC000002E3FF4DEAE3378002B7FF4DAAE7369A7
:10EFD000002B3FF4D6AEB0699847D2E6094A1049F3
:10EFE0000A4840F6B43320F040F887F31188BFF3A5
:10EFF0006F8F0323184602DF98E700BFAC4A00205A
:10F00000B0650020E4500300285103006C50030059
:10F0100044510300B4490020A84A00209064002015
:10F020002C510300194A1A491A4840F6124320F09D
:10F030001CF887F31188BFF36F8F0323184602DF94
:10F04000BEE72846F4F7C0F89BE62046F4F794FCA8
:10F05000A5E7204605F018FFA1E7204606F0ECFFE3
:10F060009DE7204608F096FA99E7084A0A490948B8
:10F0700040F60B431FF0F9FF002383F31188BFF321
:10F080006F8F0323184602DF89E700BFE4500300B7
:10F09000485103006C5003004451030030B5364B17
:10F0A000364C186087B015F001FA2378002B5DD03C
:10F0B000334A344C344D05954FF0060C82F808C0A5
:10F0C0000494324C0394324C0092022004230E210B
:10F0D000CDE9011410741076137000202D4AFFF74B
:10F0E000C7F9002832D1012200212B4823F062FA0F
:10F0F00011F0EAFB044610B1204607B030BDFFF71F
:10F1000099FD04460028F7D112F01AF904460028A8
:10F11000F2D105F019FE04460028EDD113F056FC9B
:10F1200004460028E8D108F0B7F804460028E3D1E7
:10F1300014F0BAFB04460028DED109F02BFB04468C
:10F140000028D9D1012010F0BBFAD5E7134A1449A1
:10F15000144840F276231FF088FF002383F31188C0
:10F16000BFF36F8F0323184602DFBCE7FDF720FED5
:10F17000012323709CE700BFB0650020F8840020C5
:10F180006C6800206552020065530200FD510200C8
:10F19000CC6500208C680020B4650020E45003009A
:10F1A000205103006C50030010B586B005F0E0FD5F
:10F1B00000283AD108F0DEF9002849D109F0ECFA2C
:10F1C000002858D100244B4B2046A3F8C04010F033
:10F1D00077FA4949494A4A4BA1F8004194859C84F1
:10F1E00001222146684623F0E5F9464B2246214696
:10F1F0000320C3F808D0FDF72FFE00286BD14FF095
:10F20000FF324FF0FF3368461BF014FE05F0BEFDE1
:10F21000002850D1FFF70EFD00283CD1002101202D
:10F2200006B0BDE81040FFF775BB374A374938488C
:10F2300040F22E331FF019FF002383F31188BFF330
:10F240006F8F0323184602DF08F094F90028B5D029
:10F250002D4A2E492E484FF450731FF006FF00230D
:10F2600083F31188BFF36F8F0323184602DF09F081
:10F2700093FA0028A6D0244A2449254840F25A335C
:10F280001FF0F3FE002383F31188BFF36F8F032376
:10F29000184602DF96E71C4A1C491D4840F2A3337A
:10F2A0001FF0E3FE002383F31188BFF36F8F032366
:10F2B000184602DFB2E7144A1449154840F2963363
:10F2C0001FF0D3FE002383F31188BFF36F8F032356
:10F2D000184602DF9EE70C4A0E490D4840F289337A
:10F2E0001FF0C3FE84F31188BFF36F8F032318460A
:10F2F00002DF84E7B4490020AC6400207C63002076
:10F300007C4A0020D8000020E45003002051030074
:10F310006C5003005851030008B5FFF745FFBDE8E6
:10F32000084011F001BB00BF2DE9F04FDFF830912C
:10F330004C4E83B007468846A9F1C00400233B60C9
:10F34000D6E9000101AAFDF71BFD0546002864D09F
:10F35000019B49461A784046FFF796FB0346002872
:10F3600063D194F8C0208DF8012094F8C1200DF1EC
:10F3700001010DF102009A46FFF786FB4AEA0002FE
:10F3800012F0FF0A0346F0D1019A1379012B30D015
:10F390000F2B5FD1DFF8D0B0706852463146FDF7D1
:10F3A000F7FC0BF104012846FDF79AFCBBF800308E
:10F3B000112B0DD801330198ABF8003007F00CFD8C
:10F3C00001982A49FDF78CFC0120FFF7B7FBB5E750
:10F3D000274A284928484FF4D7631FF046FE8AF38E
:10F3E0001188BFF36F8F0323184602DFBBF800308C
:10F3F000E0E7DFF874B0706852463146FDF7C8FCAC
:10F4000028460BF10401FDF76BFCBBF80030112B13
:10F410000FD80133ABF80030D2E71849404691F8D5
:10F42000C120C031FFF730FB0346184603B0BDE8EA
:10F43000F08F0F4A0F4910484FF4D7631FF015FEA5
:10F440008AF31188BFF36F8F0323184602DFBBF8DE
:10F450000030DEE7534618463A6003B0BDE8F08F4F
:10F46000744A0020A44A0020B44A0020844B0020A3
:10F47000E4500300605103006C500300B4490020C5
:10F480002DE9F0419E4982B000234868019301AA0A
:10F49000FDF77EFC0446002800F0C780204699490D
:10F4A000FDF71EFC019B1C791D2C16D8DFE804F02B
:10F4B0000F15150F150F2727271515B71515151536
:10F4C00015154F1515150F970F0F0F0F0F0F002C58
:10F4D00000F0F78002B0BDE8F0818B4A8B498C4880
:10F4E00040F273531FF0C1FD002383F31188BFF373
:10F4F0006F8F0323184602DF02B0BDE8F08193F856
:10F50000202002F00F02072AE4D1DD68002DE1D0AF
:10F510007C4EDFF8F4817F4F15242868ED68013CAC
:10F520003146E4B2FDF7DCFB002DD3D0002CF4D142
:10F53000774840F25143424639461FF096FD84F326
:10F540001188BFF36F8F0323184602DFE5E7987930
:10F5500005F040FC0446002800F0F180636C33B1F4
:10F560001B6893F84E206FF3000283F84E20256A43
:10F57000002D00F0DD80AB6F73B1634A66496448CB
:10F5800040F27E431FF071FD002383F31188BFF327
:10F590006F8F0323184602DF05F16C0105F1680047
:10F5A000FDF7DAFB0646002800F0D880002728681F
:10F5B000AE6708F05DFD206F58492762FDF790FBAC
:10F5C0005049E06E2767FDF78BFB94F88C30E766B7
:10F5D00067F3000384F88C3002B0BDE8F08193F843
:10F5E00020209C683C2A256848D093F821305BBBDA
:10F5F00095F856202B6263F3410285F856200020CF
:10F6000008F094F80446002005F014FC40EA440099
:10F6100010F0FF007FF45EAF10F008F95AE7987918
:10F6200008F00EF802B0BDE8F081374A3C4938488E
:10F6300040F235431FF019FD84F31188BFF36F8F3B
:10F640000323184602DF29E7286F20B1002333493E
:10F650002B67FDF745FBA36A33B11B6893F84E2077
:10F660006FF3000283F84E20636A002BC7D195F830
:10F670008C2063F3000285F88C20C0E76668002EBA
:10F680002ED000276760B36F6BB11F4A2549204811
:10F6900040F2B2431FF0E9FC87F31188BFF36F8F8C
:10F6A0000323184602DF06F16C0106F16800FDF73E
:10F6B00053FB0746002860D03068B76708F0D8FCD5
:10F6C000C9E7114A1849124840F26F531FF0CDFCA8
:10F6D00084F31188BFF36F8F0323184602DFF9E626
:10F6E000094A12490A4840F2AF431FF0BEFC86F3B4
:10F6F0001188BFF36F8F0323184602DFC1E700BFF5
:10F70000A44A0020B84A0020E450030044510300FA
:10F710006C500300A0510300A8510300844B00204B
:10F72000705D0300D8510300F0510300CC51030079
:10F7300094F88C3065F3000384F88C30CAE6164ADE
:10F740001649174840F26A431FF08FFC84F3118872
:10F75000BFF36F8F0323184602DFFFE60E4A1149FD
:10F760000F4840F282431FF080FC86F31188BFF3FC
:10F770006F8F0323184602DF18E7074A0949084834
:10F7800040F2B5431FF071FC87F31188BFF36F8F10
:10F790000323184602DF8FE7E4500300EC58030010
:10F7A0006C500300C05103002DE9F047056807467F
:10F7B0002DB3DFF8A8A1DFF8A891DFF8A8812E46C5
:10F7C0002D683479122C21D80123A34040F2E9128C
:10F7D000134240F08B8013F4812F5FD140F2AC6371
:10F7E0005246494640461FF040FC002383F31188EF
:10F7F000BFF36F8F0323184602DF002DDFD10023F4
:10F800003B60BDE8F047FF20FFF798B9A4F116036D
:10F81000072BE3D8173C012C0AD8DFE804F00116C7
:10F8200096F820303C2B72D0022B78D0002B4DD193
:10F830004D4C2388112B38D801334C492380304656
:10F84000FDF74EFA002DBAD1D9E7F0880328D4D8B5
:10F8500008F01CFCD0F89430044673B13F4A444988
:10F86000404840F29B631FF000FC002383F31188A3
:10F87000BFF36F8F0323184602DF04F1880104F100
:10F880008400FDF769FA0646002857D0C4F8946052
:10F89000204608F0EDFB002D91D1B0E7334930460A
:10F8A000FDF71EFA002D8AD1A9E72C4A31492D48CF
:10F8B0004FF4D7631FF0D9FB002383F31188BFF304
:10F8C0006F8F0323184602DF2388B5E7234A2A49AE
:10F8D000244840F2D7531FF0C8FB002383F311885C
:10F8E000BFF36F8F0323184602DF3479002C9FD1BA
:10F8F0001A4A22491B4840F22D631FF0B6FB84F3DD
:10F900001188BFF36F8F0323184602DF90E7174972
:10F910003046FDF7E5F9002D7FF451AF6FE7304633
:10F920000FF05EF8002005F077FA00287FF465AF4D
:10F930000FF07CFF002D7FF442AF60E7074A1049CB
:10F94000084840F29E631FF090FB86F31188BFF3D6
:10F950006F8F0323184602DF98E700BFE4500300CF
:10F96000445103006C500300B44A0020844B002033
:10F970004852030060510300145203002052030058
:10F98000705D03000148FDF795B900BFB84A00203B
:10F990000149FDF7A5B900BFB84A00200148FDF7AD
:10F9A00089B900BF844B00200149FDF799B900BF18
:10F9B000844B0020034B044A93F8C1300B70FDF7D1
:10F9C000D5B900BFB4490020A84A0020014B1868EF
:10F9D0001BF0F6B9B065002008B5064B064A93F84F
:10F9E000C1300B70FDF7C2F9044B1868BDE8084040
:10F9F0001BF0E6B9B4490020A84A0020B0650020F9
:10FA00000C4991F8242091F825309A420AD8A3EBAA
:10FA1000020C5FFA8CFC604509D89A4207D051F875
:10FA20002200704709339B1ADBB29842F7D90020B5
:10FA3000704700BF7C4A0020094A92F8241092F8CF
:10FA400025308B4209D04B1CDBB2092B08BF0023A9
:10FA500052F8210082F8243070470020704700BF20
:10FA60007C4A002008B5134A92F8C1C092F8C0E061
:10FA70000CF10103DBB2182B08BF00239E4508D010
:10FA800022F83C0002EBCC0CCCF8041082F8C13018
:10FA900008BD094A09490A4840F212731FF0E5FA05
:10FAA000002383F31188BFF36F8F0322104602DF18
:10FAB0001B80FFDEB4490020E4500300A45E030075
:10FAC0006C50030000220C2302700B70704700BFC3
:10FAD000002208B511460B4B0120FDF7BDF900B916
:10FAE00008BD094A09490A4840F231731FF0BDFABE
:10FAF000002383F31188BFF36F8F0323184602DFBF
:10FB000008BD00BFC8000020E4500300605203009D
:10FB10006C500300022810B50C4602D00B68022B73
:10FB200007D004484FF0FF324FF0FF331BF082F94B
:10FB3000206810BDB465002004490A680AB1104667
:10FB40007047024608601046704700BFB049002069
:10FB5000044A136823B1984206BF002111600023B4
:10FB600018467047B0490020014B1868704700BF25
:10FB7000B049002004490A680AB11046704702469D
:10FB800008601046704700BF784A0020044A136896
:10FB900023B1984206BF0021116000231846704728
:10FBA000784A0020014B1868704700BF784A00204F
:10FBB00030B505682B7887B05BB30446012200217D
:10FBC000684622F0F7FC144BC5F818D06B612B780F
:10FBD000FBB1124B0022114603209C60FDF73CF95B
:10FBE00038B94FF40042002368461BF023F907B0F0
:10FBF00030BD0B4A0B490C4840F2E9731FF035FA4F
:10FC0000002383F31188BFF36F8F0323184602DFAD
:10FC1000E7E76FF07700EAE785EA0000B800002028
:10FC2000E4500300605203006C500300F0B5254E11
:10FC3000336885B00C461746002B36D0994215D153
:10FC40000223039303AB0246009303211E4B0020C3
:10FC5000FEF754FD022805460CD0039B022B09D168
:10FC600095B133680BB19C4221D014B36FF02D00D5
:10FC700005B0F0BD15484FF0FF324FF0FF331BF0D9
:10FC8000D9F8039D002DECD13846FFF791FF33687A
:10FC90000BB19C4211D0002CE8D10028E8D010F123
:10FCA000780F08BF002005B0F0BD3160C8E7002321
:10FCB00033606FF0770005B0F0BD35600028D7D015
:10FCC000EDE700BFB049002079EA0000B4650020EC
:10FCD0000C4991F82C2091F82D309A420AD8A3EBC8
:10FCE000020C5FFA8CFC604509D89A4207D051F8A3
:10FCF000220070470B339B1ADBB29842F7D90020E1
:10FD0000704700BF7C630020094A92F82C1092F8DB
:10FD10002D308B4209D04B1CDBB20B2B08BF0023CC
:10FD200052F8210082F82C3070470020704700BF45
:10FD30007C63002038B50C46054608F0B3FF207000
:10FD400021462846024ABDE83840FDF70FB800BFFB
:10FD5000B04A00200122024B11460020FDF77CB87A
:10FD6000A800002070B50C46054608F09BFF214610
:10FD70002070064A2846FCF7F9FF0122BDE87040D2
:10FD8000034B11460020FDF767B800BFB04A0020C2
:10FD9000A80000202DE9F0431A4D9DF81C8095F82D
:10FDA00001C10CF1010E5FFA8EFEBEF1080F9946FB
:10FDB00095F8003108BF4FF0000E73451DD0144672
:10FDC00005EB4C1CE36807460E46106851689268C4
:10FDD00064460FC49CF81C30CCF8186008F0010889
:10FDE00023F0030343EA0803CCE904978CF81C30A2
:10FDF00085F801E16046BDE8F0834FF0000C6046F5
:10FE0000BDE8F083AC640020054890F8003190F81C
:10FE100001219A4214BF00EB43100020704700BF3D
:10FE2000AC64002001460B480A7890F80131072A9B
:10FE300084BF90F800210A70934208D0531CDBB2B3
:10FE4000082B08BF002300EB42100B707047002006
:10FE5000704700BFAC6400202DE9F04F444F97F885
:10FE6000004197F8013185B0A34202903FD04FF096
:10FE7000000A07EB44140A25CDF80CA0D346CDF8B0
:10FE800004A0267FD4F80C90C6F3400806F00106C3
:10FE9000002D47D0013DEDB2B8F1000F2AD097F800
:10FEA000013197F80041A34221D00134E4B2082C7B
:10FEB00008BF0024A34287F8004118D007EB441480
:10FEC000E368B8F1000FDCD1002E3AD1019A002A84
:10FED00047D0BBF1000F08BFCB46227F9107D0D49B
:10FEE000D20735D4019A9A4201D09B45C9D105B0B9
:10FEF000BDE8F08F1F4B02989C6042464146FCF7DC
:10FF0000ABFF0028CBD01C4A1C491D4840F67E039D
:10FF10001FF0ABF888F31188BFF36F8F03231846E7
:10FF200002DFBCE7144A1749154840F66F031FF07B
:10FF30009CF885F31188BFF36F8F0323184602DF07
:10FF4000A8E7039A82B1BAF1000F08BFCA46C4E716
:10FF5000BBF1000F95D1039A9A42C8D09A4590D12F
:10FF6000C5E7CDF80490B8E7CDF80C90B5E700BF31
:10FF7000AC64002098000020E450030060520300AD
:10FF80006C500300A0510300054B1A7E597E91422C
:10FF900004D053F8220010B10C3070470020704795
:10FFA00090640020074A117E92F819C08C450346E0
:10FFB00006D052F821201AB102F10C0013737047D9
:10FFC000002070479064002070B5134A117E537E64
:10FFD0008B421ED04B1CDBB252F82140062B08BFCF
:10FFE00000231376ACB10223002526682371256017
:10FFF000A06008F057FE094A207021463046FCF701
:020000021000EC
:10000000B5FE0122064B11462846FCF725FF204687
:1000100070BD0024FBE700BF90640020B04A0020C0
:10002000A800002010B582B00024CDE90044049B54
:1000300010F0CEFE02B010BD10B50346007F1A6965
:100040009969012482B02040CDE90004586910F07C
:10005000BFFE08B1773001D102B010BD074A084990
:1000600008484E231FF001F8002383F31188BFF3E3
:100070006F8F0323184602DF02B010BD68520300E1
:10008000AC5203006C50030010B50469FFF744F94B
:1000900040B90C48FCF7B4F80B48FCF7B1F8002065
:1000A000206010BD094A0A490A4840F279331EF01F
:1000B000DCFF002383F31188BFF36F8F03231846FF
:1000C00002DFE6E7000A002048090020C0520300D2
:1000D000205103006C50030010B586B000230A9A2B
:1000E0000BACCDE90224CDE900330122184605947A
:1000F000F8F7F6FD06B010BD2DE9F0430646076996
:1001000089B00D462D4822F0E2F94FF0FF32002170
:100110002B4822F04FFA2A48FEF7C0FF044638B1B8
:1001200028490B685B073AD1204609B0BDE8F08347
:100130003D60254822F0B3FF234803F021FE4FF035
:1001400000084FF000096FF00903CDE90334CDE951
:100150000689CDE901441D4B1D4900964FF4E0721C
:100160001C481BF0DBF91C491A481BF01BF96FF007
:100170000702CDE90324CDE90689CDE90144174BF7
:10018000174900964FF4607216481BF0C7F91649DC
:1001900014481BF007F9204609B0BDE8F083134A64
:1001A0000023CDE90220CDE9003318460122FFF7F4
:1001B00093FF204609B0BDE8F08300BF446B0020E8
:1001C000606B002080040020346B002009020100D5
:1001D000E08C0020000A0020205303009903010056
:1001E00060890020480900202C53030000530300BD
:1001F0000B7E0269022B01D013681847CB681B786D
:10020000052BF9D1704700BF2DE9F043DFF8C0801E
:10021000304F83B005460DE020F039FF2246BDF88F
:100220000210044603F07CFD21462846FFF7E0FF5C
:100230001BF046FC0DF1020101A8FFF775F804461A
:100240004FF0FF324FF0FF3300211320002CE3D199
:10025000019BB3B1FFF714F9DDF80490484603F0B1
:1002600077FD019E89F805007379032B02D133795C
:10027000182B0ED03146384622F06BF9019B002B2B
:10028000D8D14FF0FF324FF0FF3340461AF0D2FD85
:10029000D0E74FF0FF3321464FF0FF320520B6F88C
:1002A000069020F0F4FE49460246044606F120007E
:1002B00002F02EFF484602F04BFF2146284624B1AB
:1002C000FFF796FF2046FCF7FFFA019ED2E700BF3A
:1002D000606B0020446B002070B50B8A86B0002B49
:1002E00044D00A7E012A0C46064618D0042A08D0BB
:1002F00025490B685B072ED16FF01505284606B01F
:1003000070BD05A9204602F063FE0599054611B1AE
:100310003046FFF76DFFBDB1284606B070BD002323
:1003200005A92046059301F051FA014660B1304617
:10033000FFF75EFF059D3DB1284603F009FD68719A
:100340000599124822F005F92046FCF7BDFA002570
:10035000284606B070BD0E480023CDE90202CDE963
:10036000003301221846FFF7B7FEC5E706490A68C1
:100370005207C1D0074A0093CDE901321846012245
:10038000FFF7AAFEB8E700BF80040020446B0020FE
:1003900048530300345303002DE9F04F85B003693F
:1003A000A54DDFF89892DFF898A2DFF898B2009098
:1003B00001934FF0FF324FF0FF33022128461CF02B
:1003C000CFF880B104300ED09F48A04AA0494FF426
:1003D0002F731EF04AFE002383F31188BFF36F8F43
:1003E0000323184602DFEB6803F4FE13B3F5804FD6
:1003F00000F0BB802B6A03F4FE13B3F5803F00F0DE
:100400004E810024EB6893486FF39433EB602B6AC2
:100410006FF394332B62904B1E68BFF35B8F50E8F1
:10042000003F23F0010240E800210029F7D1BFF38B
:100430005B8FD80703D500220023C9E90023002ED3
:1004400040F33481DAF80030DBF80020D9F800708E
:10045000F31A1344814A1360002F00F0548197F877
:100460000580002C40F08580B8F1040F5DD8B8F10C
:10047000020F00F2F9807A497348744A40F28123EE
:100480001EF0F3FD002383F31188BFF36F8F032366
:10049000184602DF08F1FF33012B039740F25E811B
:1004A0006F496948694A40F212231EF0DEFD0023BD
:1004B00083F31188BFF36F8F0323184602DF039B7A
:1004C00000221A6003A8FFF76FF9DAF80030F61A75
:1004D000DBF800301E44614B1E60D9F800302BB1B0
:1004E0005B79DA1E012A1BD9052B17D0002C3FF4AB
:1004F00060AF019F204620F013FD214606460020F4
:1005000020F02EFD338A0446314600984BB33B68F9
:1005100098471BF0D5FA002CECD14AE7002EE5D025
:10052000002150481CF074F8E0E7B8F1050FA2D1A3
:10053000002B3FF43EAFD9F804203B68C9F80030E7
:10054000974200F005814FF0FF324FF0FF33082053
:100550000397FCF769FA04462146039802F014FE5B
:10056000ADE73046FCF7B0F9D3E72B6900229A607B
:1005700047E7A8F10302012A40F2BE80B8F1050F57
:1005800000F0C580591C627900F09880511ED9F89E
:100590000000052900F2ED80DFE801F003031D1DD6
:1005A0003403042A039400F28F80022A1AD1012115
:1005B00000200022002320F06AFD04460398E4B1E5
:1005C000214602F063FE039B00221A6003A8FFF796
:1005D000EBF8019F8EE7214A01231360002840F0C9
:1005E000AE80039402204FF0FF324FF0FF33FCF750
:1005F0001BFA04460398002CE2D1046003A8FFF71D
:10060000D3F8D6E6002840F09A80002B00F09780BF
:1006100003944FF0FF324FF0FF330820FCF704FA49
:1006200004462146039802F0AFFD039B00221A60A6
:1006300003A8FFF7B9F859E7E800002040090020B7
:10064000906B00208C6B00206C500300C0520300A4
:100650005C530300806B0020946B0020306B002003
:1006600044510300346B0020D9F804303A68C9F8CB
:100670000020BB4212BF0397C9F804200393022055
:100680004FF0FF324FF0FF33FCF7CEF90446002C59
:100690003FF415AF0398214602F0F8FD0FE7686AB2
:1006A000002200231AF05AFB0446ABE6394A4FF009
:1006B000FF331360002C3FF47CAE62790394042A6C
:1006C00017D8002A7FF471AF33493448344A40F2D6
:1006D00012231EF0CAFC002383F31188BFF36F8F2F
:1006E0000322104602DF039A03A81360FFF75CF8A9
:1006F0005FE6052A8DD0E7E72A4800211BF088FF36
:10070000244B1B683EE7002C7FF43CAF51E6002BE6
:10071000F2D16279531E052B2BD801A151F823F099
:10072000A3050100A30501003907010039070100F5
:100730003F070100A3050100164A01231360D9F801
:1007400004300022226033B11C60C9F8044030E656
:10075000C9F80430F7E6C9E900442AE6B8F1020F07
:100760008DD1002001210022002320F090FC0446BE
:100770008DE70B4A084909484FF40E731EF075FCCB
:10078000002383F31188BFF36F8F0323184602DF22
:10079000039499E7306B0020445103006C50030030
:1007A000C0520300346B002010B51BF0F9F8054C63
:1007B000204621F099FE204621F089FEBDE8104038
:1007C0001BF002B9446B0020038800B5C3F3441347
:1007D00003EB430C8444B2FA82F29CF802E0520923
:1007E000013362F3000E03EB43038CF802E0F1B136
:1007F0000A88C2520278D30612D1531C03F01F0399
:1008000063F304020270028863F3491202F47873FE
:10081000202B028004BF6FF3491202805DF804FBB5
:100820000388C3F34413013303F01F03EBE7C15202
:10083000E0E700BF2DE9F04FDFF8B89183B0D9F8B9
:1008400000609DF834400194002E5EDB07460D46A3
:100850001446984661D0DFF8A0A14FF0000B05E0E8
:100860000BF1010B5E450AF1200A56D051460622D3
:10087000204622F0E3FC0028F2D11AF8013CAB42FA
:10088000EED15E4C4FEA4B1104EB4B1B9BF807304B
:1008900023FA07F2D50778D5072F3AD108EB48039A
:1008A00001EB430323444FEA48071A7AD20603F1C7
:1008B000080600F085800C9A5AB352781D7B4FEAE7
:1008C000121CBCEB151F40F08A80DDF830C093F895
:1008D0000BE09CF800C02D02120205F4706502F4D2
:1008E000706242EA0C0245EA0E0595425CD1B3788B
:1008F000DB070ED4019B43B907EB080301EB43036D
:1009000023449A7A42F001029A72002003B0BDE8B3
:10091000F08F012003B0BDE8F08FDFF8E4A0374985
:10092000DAF800B0D4F800C0019A4FEA4B13581C13
:1009300041F800C00844A4888480CC180120CD541C
:10094000B8400833E071C85A2E4D2840C8525C1890
:10095000062010FB0830E3882B40E380A3892B405E
:10096000A381638A2B40638208440C99FFF72CFF14
:100970000F2ED6BF731C0BF10103C9F80030102BEA
:1009800008BF0023CAF80030BFE7062000FB0810AC
:100990000121B94008300B43019A0C998BF80730BC
:1009A0002044FFF711FFB0E70C9A83F80BC0527890
:1009B0001A73019B73B9B37843F00103B370A4E7D2
:1009C000062000FB08100830019A0C992044FFF71C
:1009D000FBFE9AE7B37860F30003B37095E7062354
:1009E00003FB081101F10800019A0C992044FFF75C
:1009F000EBFE8AE79C6B0020A16B0020A06B00201F
:100A0000986B002000FCFFFF10B586B000230A9809
:100A10000BACCDE90204CDE9003318460594F8F794
:100A20005FF906B010BD00BF2DE9F04F89B0054653
:100A300007939DF84C300593149B1C9C06939DF8DE
:100A4000543004939DF9583001930C349DF95C3077
:100A5000029320461B9B03930E4602219DF868706B
:100A6000DDF84890BDF860A0DDF864B0904620F055
:100A700087FA3E22027007F11A02427001212046D5
:100A800020F07EFA02460D21117007F1190120466F
:100A9000C9B220F075FA0122A0F801500270044694
:100AA0000EF0D8FB049B984243D8231DB9F1000FE8
:100AB00033D0079AE270D9F800206260B9F80420B8
:100AC0009A8096FAA6F6B6FA86F6013684F80B8076
:100AD000A672BBF1000F35D09BF801301B092373C0
:100AE000019B637315F00405029BA373A4F80FA088
:100AF00004F1120318D0059A069962740A68C4F8C2
:100B000012208A889A80039927763A4604F11900C0
:100B100009B0BDE8F04F22F0F2BA84F80390C4F8AF
:100B20000490A3F80490CCE76574C4F812509D803B
:100B3000E9E71846221DE11C0EF040FBE378023382
:100B4000E370BEE7FF23CAE72DE9F04F95B0CDE98A
:100B50000D23279E9DF87C300F939DF884303578C7
:100B600010939DF9883011939DF98C3012932A2DA2
:100B7000BDF89030DDF89890289FDDF8A880139399
:100B800083468A4628BF2A2506E02998214620F078
:100B9000D6F933782A2B42D9259B0793139B0693CA
:100BA000129B0593119B0493109B0393209B02932C
:100BB0000F9B01931E9B08950093D8F800300A9371
:100BC0003B6809935146DDE90D235846FFF72CFF9A
:100BD0003B682B443B6033785B1B3370B9F80030C3
:100BE0005B1BA9F8003002204FF4A0220023FBF782
:100BF0001BFF0446C8F800000028C6D1094A0A496C
:100C00000A4841F681331EF030FA84F31188BFF3AD
:100C10006F8F0323184602DFD8F80040B5E715B000
:100C2000BDE8F08FBC530300F85303006C50030081
:100C30002DE9F04F95B01F4641F020030F939DF82A
:100C4000803010939DF888301193DDE928589DF984
:100C5000903012939DF878B0BDF89430239E139392
:100C6000044691460DF19C0A2B9B0C932A9B0F98EE
:100C7000CDE90A83269B0793139B0693129B05934A
:100C8000119B0393219B0293CDE908A5109B01932F
:100C90001F9B009396F9003004933A785B464946CF
:100CA000FFF752FFE4682B78BDF89C00002C45D07C
:100CB000834240D2002B59D14FF07F03337094F818
:100CC000223099064ED094F82330DA074CBF04F155
:100CD0002A0204F12402990748BF0632190748BFC7
:100CE0000232D90606D593785B0901333B7094F83C
:100CF00023300332990648BF12325B0644BF12F913
:100D0000013B337094F8221004F12203C1F3050172
:100D10000131D31AC9B2DBB28B4203D2CB1A52FAD9
:100D200083F20B4694F8211099420DD84FF000033E
:100D30002B70002898D115B0BDE8F08F1A4690426C
:100D400092D82A2B90D8F6E7C8F8002094F82120F2
:100D5000D31ADBB283421A4689BFC3B22B702B7001
:100D60000246ECE704F123020123DBE72B9B0C9303
:100D70002A9B0F98CDE90A83269B0793139B069322
:100D8000129B0593119B0393219B0293CDE908A528
:100D9000109B01931F9B009396F9003004933A78BF
:100DA0005B464946FFF7D0FEBDF89C0084E700BFD4
:100DB0002DE9F0411A4C6468A40004D51646194A7E
:100DC0001268120701D4BDE8F08103F10C04054656
:100DD0000F462046022120F0D3F840F63E43038020
:100DE0000121204620F0CCF80346042220461A7048
:100DF0000B2120F0C5F80570A0F801603DB97B68B3
:100E0000BA68C0F80720C0F80330BDE8F0814FF0A1
:100E10000008C0F80380C0F80780BDE8F08100BF7B
:100E200008000020000000202DE9F04FABB0CDE914
:100E300022237C4B5B687F248DF892408DF8934091
:100E40009D004FF00004CDE926448DF894408DF8C4
:100E500095408DF896408DF89740884603D5724BA3
:100E60001B68D90410D4D8F80C4054B129AD002621
:100E700029942346E4681E602846FEF795FC002C62
:100E8000F6D12BB0BDE8F08F81461F940EF0E2F949
:100E9000D8F80CB01690CDE91744CDE92044C246ED
:100EA000139415941D94149419941E945F4699F804
:100EB00002509AF81A309AF819201092A9099AF853
:100EC00018201C9215F03F06C3F340021A91C3F399
:100ED000401300F0728199F803B01BF0010609F18C
:100EE000040400F08581D04500F0D981D8F80C10B9
:100EF000514500F0D481002111910E461BF00201F2
:100F000009F10A040E9100F07981D04500F0CD81FD
:100F1000D8F80C10514500F0C881002312930E93AD
:100F200006341BF0040F18BF01341BF0080316BF72
:100F30001B941B9302341BF010030F9310D0D8F8AE
:100F40000C30534500F0DF81D04500F0E381A278FA
:100F50005F2A4FEA521100F2E0814B1C0F930334D9
:100F60001BF0200F02D063881D9312341BF0400F3A
:100F700018BF14F901BB05F03F0309F10205A4EB0A
:100F80000505EDB203F1010208BF4FF07F0B95425A
:100F900040F23781254A126812F0060F40F0A68110
:100FA00099F801309D4243D25B1B1899DBB21A4677
:100FB0000A441F2A43DCD04500F02A819AF81A20FF
:100FC000D20600F10581269A139915980E9D0029E5
:100FD00008BF30461590119818BF08461499139011
:100FE0000029179808BF28461790129818BF08467E
:100FF0001490002A00F04981199A1A4493B2199367
:101000000EF028F9169A10991346824228BF0B4613
:101010001693002F00F01C8107F12009BA46FF68E3
:1010200045E700BF08000020000000207C040020ED
:101030000024189922460A441F2A2346BBDD269B1A
:10104000002B00F0C1810225139B002B00F0AA8128
:1010500000241E9B0093139A1F9B1599019407204F
:10106000FFF7E8FB002840F0C6816401E4B2149B5E
:101070001BB11F9B43F004031F931C9B229A2892D1
:101080005B42189A5EB29DF896309342C0F062813E
:101090002A2B00F25F81229A08931E9B07931D9BC7
:1010A0001F990A92CDE90563169B0393149B029343
:1010B000179B0193139B00932143279B09930C4695
:1010C0009DF9933004939DF89720159B2399204612
:1010D000FFF7AAFC269F002F00F0668102204FF444
:1010E000A0220023FBF7A0FC04F09F0444F00807B3
:1010F00028900446002800F06E81229821461FF0B7
:101100001EFF9DF89430199A934201D32A2B25D9BA
:10111000229B0C93199B09931E9B08931D9B21985E
:10112000239ACDE90663169B0493149B0393179BA4
:101130000293139B0193159B009328AB0D9326AB51
:101140000B9325AB0A930DF19203059339460DF1EC
:101150009503FFF76DFD9DF89430289C08931E9B26
:1011600007931D9B269A0992CDE90563169B03936D
:10117000149B0293179B9DF992200193139B00935C
:101180000492159B23999DF895200A9447EA4510EF
:10119000FFF74AFCD8F80C40002C3FF472AE29ADA2
:1011A000002629942346E4681E602846FEF7FCFAD0
:1011B000002CF6D12BB0BDE8F08FCDE90E66CDE95D
:1011C000116609F1030401251B964FF07F0BE7E63A
:1011D0000F9A002A61D19DF897208DF895208DF8FF
:1011E000943026948DF892B02246CDF884A0EBE698
:1011F0001BF0020111960E917FF487AE0E9B1293A5
:101200008FE6531B13F0FF031CBFE4181546C7E617
:101210000F9B8DF897304FF000038DF89630002328
:101220002793109B16931A9B1F93119B1393129B4A
:1012300014930E9B17931B9B1E9300238DF893B062
:1012400015961893CDF880801993002F7FF4E4AEA3
:101250000F9B003B18BF01235D00269B002B7FF4F2
:10126000F3AE139B002B40F0EE80002D00F0E980E0
:101270001E9B002B00F0D4809DF993307F2B00F053
:10128000CB80002540241395F1E6279A002A54D0FC
:10129000189A1A4493B21893B2E60F9A9DE799F8F8
:1012A00000601194C6F3801628E6002A4ED1D8F8C3
:1012B0000800026892F85620C2F381020E926BB1C8
:1012C000837D99F80020C3F38013B3EBD21F07D1BD
:1012D00022300622214621F0B1FF08B912941FE600
:1012E0000E9B129443F002030E9319E6CDE90353CB
:1012F000564B02930023CDE900335549022218468C
:10130000FFF782FB4CE6AA09002A3FF41DAE00233A
:101310000F9324E6002F7FF41AAE002B3FF4B1ADFB
:1013200029AD00241E4629963346F6681C602846DF
:10133000FEF73AFA002EF6D1A3E527948DF893B084
:101340008DF896301893CDF880A059E6FE231294BC
:101350000E93E5E5189B0993229B0C931E9B089323
:101360001D9B239A20981F99CDE90663169B049331
:10137000149B0393179B0293139B0193159B00935C
:1013800028AB0D9327AB0B930DF196030A930DF148
:10139000930305930DF19703FFF74AFC9DF89630F0
:1013A000289A79E61C4662E6D8F80C40002C3FF4F7
:1013B00068AD29AD29942346E4681F602846FEF7EE
:1013C000F3F9002CF6D15CE5139A002A3FF450AFF4
:1013D0001D4602243DE61F4A1F49204841F69A5304
:1013E0001DF043FE84F31188BFF36F8F032318466B
:1013F00002DF289C81E6D8F80C40002C3FF441AD78
:1014000029AD002629942346E4681E602846FEF78D
:10141000CBF9002CF6D134E5279B002B7FF431AFBC
:10142000D8F80C40002C3FF42CAD29AD00262994AF
:101430002346E4681E602846FEF7B6F9002CF6D174
:101440001FE5139C13E62C463D4602E604540300B8
:101450007C040020BC530300285403006C5003009C
:101460002DE9F04F594D04460B4695E8030087B02F
:101470000490ADF81410080C55498DF81600496811
:1014800089007DD51546534A1268D20478D527467F
:1014900093F8189017F8020B93F819B0430679D413
:1014A0000023C0F38011CDE900333A4600F00F006D
:1014B000FFF7C0F9002863D1237803F00F03012B55
:1014C00061D094F80180A8F1060A08F114035FFACC
:1014D0008AFA08F11308DBB203935FFA88F85646DC
:1014E0000C35022128461FF04BFD039B43703E2321
:1014F0000370012128461FF043FD03460D221A7098
:10150000414628461FF03CFD01230370237803F079
:101510000F0318336B44054613F8083CA0F801305C
:101520000DF098FE58453DD958462A1DE91C0DF08E
:1015300045FEEB780233EB7001226A81FF22002323
:101540002A73C9F100097F22214685F80E90EB73BA
:101550002B746A7311F8082B02F00F00012805F1B3
:10156000120729D06B74C5F81230BB80324605F1E2
:10157000190085F818A007B0BDE8F04F21F0BFBDF5
:1015800007B0BDE8F08F1A2306464FF01908039301
:101590008246A5E7002108463B465A460DF052FF19
:1015A00020787DE72378C3F38013EB70D4F8023002
:1015B0006B60BB882B81BFE7C2F3C0126A74A3685B
:1015C000C5F812308B88BB80D0E700BF30540300D1
:1015D000080000200000002070B50546022003F03E
:1015E00013F8044660B1074B012118881FF052FD23
:1015F000012106460C301FF0C3FC0C2303702E6043
:10160000204670BDC884002070B50546012002F058
:10161000FBFF044660B1074B012118881FF03AFD1B
:10162000012106460C301FF0ABFC0C2303702E602A
:10163000204670BDC8840020F0B5013887B014463C
:1016400011280AD8DFE800F0234056090968097A12
:1016500099AC090909090909090D6FF0150007B0CE
:10166000F0BDCB68DA78997818880DF021F8554BE1
:101670000646012118881FF00DFD012105460C309A
:101680001FF07EFC06702560002007B0F0BD4D4BBA
:101690000D2118881FF0FEFC0D2120600C301FF07A
:1016A0006FFC4FF4806200234FF002140121A0F878
:1016B000052063220370C0F80140C17103724272B9
:1016C0008372C3720373DFE73E4B412118881FF01A
:1016D000E1FC412120600C301FF052FC0021044647
:1016E0003E2200F8031B21F032FD40F2A733A4F89C
:1016F0000130C9E7334B092118881FF0CBFC0921C1
:1017000020600C301FF03CFC0346002203F8012B44
:10171000C0F801205A60B7E7C9680020FDF7FAF861
:10172000284B012118881FF0B5FC012105460C301B
:101730001FF026FC002303702560A5E7224E214FF1
:101740000FCE01AD0FC5336838882B8013211FF0F1
:10175000A1FC132120600C301FF012FC0446002372
:1017600001AE04F8013B84460FCE2D88CCF8010071
:101770006160A260E360258286E7124B1821188819
:101780001FF088FC182120600C301FF0F9FB0023AB
:101790000446012100F8023B12F00EFE607073E770
:1017A000084B212118881FF075FC212120600C3086
:1017B0001FF0E6FB0146002301F8113B013012F057
:1017C0004BFE61E7C8840020385403002DE9F04344
:1017D000038A95B00025022B0F9536D904460E4694
:1017E0000C3003211FF0ECFB228A83789A42C0F070
:1017F00083810088C94FC0F38523082B1FFA80FC22
:101800003880C0F309050DD8C3B1013B072B15D8AB
:10181000DFE813F02E011400250073003B011400D3
:1018200014008C003F2B09D10FAA21462846FFF750
:1018300003FF163041F0EF80B7F800C00121604689
:1018400015B0BDE8F0431FF037BCB5490B685E0723
:1018500040F059810024204615B0BDE8F083352DB5
:1018600000F27A812C2D00F22D81012D00F0A5814E
:10187000032DE3D1AB48AC49AC4AAD4B4FF0FF343C
:10188000046041F6FF754FF0FF34C1E900450020C8
:101890000021C2E900011F200021C3E90001FDF77A
:1018A00083FC01213888A34D1FF0F4FB012104467D
:1018B0000C301FF065FBA04AA04B0F940021116073
:1018C0009F4A017011609F4A196059609E4B2960C0
:1018D0001160BFF35B8F53E8000F40F0010043E855
:1018E0000002002AF7D1BFF35B8F984B18681AF0FB
:1018F0008FFEFEF759FF0F9CADE7681E08289DD8A4
:1019000001A353F820F000BFDF1B01004F1C0100B2
:10191000291C01003D1801003D1801003D1801007F
:101920003D1801003D180100091C0100681E4D28EA
:1019300084D801A353F820F0BD1D01007D290100CA
:101940002F2901003D180100E9270100C1270100EE
:10195000CB280100B7280100B72901004926010062
:10196000A3290100DF280100C5260100A5260100EA
:1019700095280100772801008520010065200100DD
:101980002323010003230100D9220100C922010001
:101990008D2201006B22010051220100132201005F
:1019A000E7210100C32101003D1801003D1801009D
:1019B0003D1801008721010051210100252101006E
:1019C000EF200100CB2001003D1801003D1801006F
:1019D000A52001007F240100612401003F240100B3
:1019E0000B240100D7230100B5230100932301003C
:1019F000472301006D25010037250100E124010086
:101A00003D1801003D1801009F2401000F26010030
:101A1000C52501001B200100A91F01006D27010041
:101A20005927010081270100372601000B280100FA
:101A30005F260100691F0100371F0100E91E010038
:101A4000231E01003D1801003D1801003D18010052
:101A50003D1801003D1801003D1801003D1801002E
:101A6000011E01003D1801003D180100E11D0100AB
:101A7000062D00F0AA871D2D7FF4E0AEE3681888DC
:101A800006F00AFD01463888DAE6052D7FF4D6AE69
:101A9000E368604604211E881FF0FCFA0421044616
:101AA0000C301FF06DFA0546E91CB0B206F0EAFDF5
:101AB000A5F80160287000287CD1EB785B425BB20E
:101AC000EB70C8E6A5F12D0008283FF6B7AE01A3DC
:101AD00053F820F08B1D01003D1801003D18010056
:101AE0003D1801004B1D01003D1801000D1D0100B6
:101AF0003D1801009F1C010009490B685C073FF479
:101B0000A9AE134B00E0134B0095CDE90153012220
:101B10002B462846FEF778FF9CE600BFC8840020CD
:101B20007C0400209C6B002008000020B80A0020E4
:101B300000000020946B0020786B0020846B002054
:101B4000906B00208C6B0020806B00207C6B002051
:101B5000645403004C5403007B2D00F03F877C2D20
:101B600013D1E3681E885988B0B206F0DDFD032169
:101B7000054638881FF08EFA032104460C301FF00A
:101B8000FFF90570A0F8016065E6632D7FF456AE9D
:101B9000E268CB4B1168196052685A6060460121B7
:101BA0001FF078FA012104460C301FF0E9F90023F8
:101BB000037050E67F23EB704DE6E268C14B11687D
:101BC000196052685A60294660461FF063FA294638
:101BD00004460C301FF0D4F9002303703BE60921C2
:101BE00060461FF057FA092104460C301FF0C8F96F
:101BF0004FF450610023B44A01800D218370C370FB
:101C00000171C0F8052026E6604607211FF042FA60
:101C1000072104460C301FF0B3F90146002001F8FB
:101C2000010BFCF7ADFE16E6092160461FF032FA03
:101C3000092104460C301FF0A3F90346002203F8E3
:101C4000012B6021C0F801205A60417103E6604613
:101C500041211FF01FFA412104460C301FF090F97A
:101C6000002105463F2200F8021B21F070FA974A36
:101C7000974B9849C5F82120C5F82530C022E423A8
:101C80008020C5F81A10AA7142F22821EB720422B2
:101C90002023E870A5F80F10EA756B70DBE58E4B1A
:101CA000E5681B68002B40F3FF868C4B1B68002BFC
:101CB00000F0D7862C78002C00F0BD860020884EDE
:101CC000044603460CE036F811309A42A3EB0203B7
:101CD00010D826F811302A78C3B29A4240F2AB8667
:101CE00005EB83030130B3F80110B3F80320032997
:101CF0001444E8D9012160461FF0CCF901210446C3
:101D00000C301FF03DF912230370A4E5E368724D17
:101D1000B3F80370B3F80080012160461FF0BAF9F0
:101D2000012104460C300F941FF02AF92B68064657
:101D3000002B40F07386B8F11A0F40F273860A2F19
:101D400000F285867F422F6085E5E368624D1E784C
:101D5000012160461FF09EF9012104460C300F94CA
:101D60001FF00EF92B68002B00F051865B4B1B68AF
:101D7000002B40F04C860370002E00F09086012E60
:101D800000F07C861223037065E5E3686046042159
:101D90001E8893F802801FF07DF9042104460C3060
:101DA0001FF0EEF8B7B20546C31C42463946022082
:101DB000FCF79CFDA5F8016028704CE5E268494BF2
:101DC0001168196052685A60604601211FF062F97B
:101DD000012104460C301FF0D3F8002202703AE5CE
:101DE000E068C1790DF022FC0121054638881FF01A
:101DF00051F9012104460C301FF0C2F805702AE5A4
:101E0000604603211FF046F9032104460C301FF001
:101E1000B7F80146002301F8023B0130FCF776FDDC
:101E200019E50220E46802F0EFFB002841F01B8076
:101E3000637A03F0FD02DB0740F1F787012A00F225
:101E4000F4876089227894F80180A378A189268A92
:101E5000B4F812C0B4F814E0032840F2EA8703296A
:101E600040F2E787B51FADB240F67A494D4500F222
:101E7000E087BCF5FA7F80F0DC87AEF10A05ADB2F1
:101E800040F676494D4500F2D4870CF10105ADB21C
:101E900006FB05F5B5EB8E0F80F2CB87033400947B
:101EA0000124CDE903CECDE901860594F2F790FB3C
:101EB000014618B900200CF091FC01463888BFE4B7
:101EC000B80A002008000020F105FFFF30F0F97F7C
:101ED000FEFF8004F7FFFF0F946B0020786B00205B
:101EE000846B0020000000200FA8E468FFF774FB5B
:101EF0000346002840F0A7872078002800F0FD86E0
:101F00006278002A00F0F986CD4A1360CD4A13604A
:101F1000A288618805F044FA01210C28054638881A
:101F200008BF00251FF0B6F8012104460C301FF051
:101F300027F805708FE40FA8E468FFF74DFB002831
:101F400040F07E87A578EA0702D5012D00F0E187F1
:101F5000012138881FF09EF8012104460C301FF043
:101F60000FF81123037076E40FA8E568FFF734FB40
:101F7000002840F0CE85687810A902F06BFB04467B
:101F8000002840F0BB8529789DF8400004F066FAEF
:101F90000121054638881FF07DF8012104460C30E8
:101FA0001EF0EEFF057056E40FA8E568FFF714FB7E
:101FB00088BB6C78002C00F061872E4604F1FF3856
:101FC000A4F1020E05F1040C804540F3C787C3B2AB
:101FD0005A1CD2B2944240F24D87AEEB030250FA43
:101FE00082F296F802900CEB8202334602E09342B2
:101FF00000F040879979494503F10403F7D10121A5
:1020000038881FF047F8012104460C301EF0B8FF55
:10201000122303700F940F9C1DE40FA8E468FFF7D0
:10202000DBFA002840F08385207810A902F012FB2B
:102030000546002840F07085E378A27861789DF825
:1020400040000434009403F0F5FD01210546388872
:102050001FF020F8012104460C301EF091FF05709E
:10206000FFF7F9BBE0680DF059F801210546388803
:102070001FF010F8012104460C301EF081FF05709E
:10208000FFF7E9BBE0680CF0B5FF01210546388891
:102090001FF000F8012104460C301EF071FF05709E
:1020A000FFF7D9BBE06800F11702C11D0DF0E0FD9C
:1020B0000121054638881EF0EDFF012104460C3051
:1020C0001EF05EFF0570FFF7C6BBE36859881888ED
:1020D00006F052FA0121054638881EF0DBFF012187
:1020E00004460C301EF04CFF0570FFF7B4BB604691
:1020F00005211EF0CFFF052104460C301EF040FFE5
:1021000010A905460DF13A0006F02AFABDF83A305A
:10211000A5F80130BDF84020A5F8032000232B705E
:10212000FFF799BBE3681E8859889A88B0B206F019
:10213000D7F90321054638881EF0ACFF0321044679
:102140000C301EF01DFF0570A0F80160FFF783BB87
:10215000E268168892780023CDE90233CDE9003396
:102160000221B0B206F0CEF80321054638881EF0F1
:1021700091FF032104460C301EF002FF0570A0F809
:102180000160FFF768BBE16800220E884B8803926C
:1021900008890290C888019089880091B0B2022114
:1021A00006F0B0F80321054638881EF073FF0321BE
:1021B00004460C301EF0E4FE0570A0F80160FFF745
:1021C0004ABB092160461EF065FF092104460C3018
:1021D0001EF0D6FE03461C491C48186000225960B8
:1021E0001A72FFF738BBE3681E8800220621B0B2DE
:1021F0000CF04CFA0321054638881EF04BFF0321F2
:1022000004460C301EF0BCFE0570A0F80160FFF71C
:1022100022BBE26832F8026B0021B0B20CF036FA51
:102220000321054638881EF035FF032104460C3093
:102230001EF0A6FE0570A0F80160FFF70CBB00BF02
:10224000986B00209C6B0020FFFF030000FFFF3F06
:10225000E268114602F10C0331F8020B0A320CF06D
:102260006FFB01463888FFF7EBBA604609211EF084
:1022700011FF092104460C301EF082FE002300F8F5
:10228000013B08210EF060FBFFF7E5BAE068002390
:1022900010AA00F1100113F0C9F8388811211EF0BE
:1022A000F9FE112104460C301EF06AFE064600239A
:1022B00006F8013B10AD07460FCDC7F8010071606D
:1022C000B260F360FFF7C7BAE368188806F0C0F899
:1022D00001463888FFF7B4BAE368604608211E88D3
:1022E0001EF0D8FE082104460C301EF049FE0546BB
:1022F000E91CB0B206F04EF8A5F801602870FFF7AF
:10230000AABAE0680CF0D2FC0121054638881EF01C
:10231000C1FE012104460C301EF032FE0570FFF7AD
:102320009ABAE16800224B88088803920C890294CB
:10233000CC88019489880091114605F0E3FF01469D
:102340003888FFF77DBA604609211EF0A3FE0921F7
:1023500004460C301EF014FE10AB05460DF13A0297
:102360000EA90DF1360006F01FF9BDF83630A5F8BC
:102370000130BDF83830A5F80330BDF83A30A5F883
:102380000530BDF84020A5F8072000232B70FFF78B
:1023900062BAE36818880DF03FF9012138881EF011
:1023A00079FE012104460C301EF0EAFD0022027085
:1023B000FFF751BAE36818780DF016F901210546C8
:1023C00038881EF067FE012104460C301EF0D8FD4F
:1023D0000570FFF740BAE368186810909A889B79F7
:1023E0008DF8463060460721ADF844201EF052FEBD
:1023F000072104460C301EF0C3FD0546411C10A801
:102400000DF0BEF82870FFF726BAE3681868109040
:102410009A889B798DF8463060460721ADF84420B4
:102420001EF038FE072104460C301EF0A9FD0546BB
:10243000411C10A80DF06AF82870FFF70CBA60462E
:1024400002211EF027FE022104460C301EF098FDEA
:1024500005460CF0FFFE002368702B70FFF7FBB9F8
:102460000CF0FAFE0121054638881EF013FE01210A
:1024700004460C301EF084FD0570FFF7ECB9E068EF
:102480000CF02EFF0121054638881EF003FE0121C5
:1024900004460C301EF074FD0570FFF7DCB90FA880
:1024A000E568FFF799F8002840F02583287810A9FF
:1024B00002F0D0F80446002840F01283691C9DF811
:1024C000400002F0F1FF0121054638881EF0E2FDD0
:1024D000012104460C301EF053FD0570FFF7BBB917
:1024E000E36899781888B3F80540CD0703D5DA7802
:1024F00042F00302DA708A0703D51A7942F0030228
:102500001A71D9781B7941EA0302032A00F2CA84BE
:102510004E0700F0AC845D0700F0A98414F00302BC
:102520001CBF04F1FF3404F0010206F075F8014607
:102530003888FFF785B9E3681A78D10744BF0721C7
:102540005970960744BF07229A709978587806F018
:1025500059F80121054638881EF09CFD01210446EA
:102560000C301EF00DFD0570FFF775B9E36860468D
:1025700005211E881EF08EFD052104460C301EF03C
:10258000FFFC05462A1DB0B2E91C06F019F8EB78ED
:102590002A792870002B93FAA3F3B3FA83F308BFC8
:1025A0004FF0FF330133EB70002A92FAA2F3B3FA33
:1025B00083F308BF4FF0FF330133A5F801602B719F
:1025C000FFF749B90FA8E468FFF706F8002840F0C4
:1025D0000883207810A902F03DF80546002840F055
:1025E000F582E378A27861789DF840000434009485
:1025F00003F02EFC0121054638881EF04BFD012119
:1026000004460C301EF0BCFC0570FFF724B9022014
:10261000E46801F0F9FF002800F0F4820121388815
:102620001EF038FD012104460C301EF0A9FC0C23DD
:102630000370FFF710B90FA8FEF7CEFF002800F0D7
:10264000B5830F9CFFF707B90FA8E468FEF7DCFF1E
:102650000346002800F087830F9CFFF7FCB80FA803
:10266000E468FEF7B9FF002840F06F82207810A9D7
:1026700001F0F0FF0546002840F05C82A278617806
:102680009DF84000E31C04F07BF9012105463888E1
:102690001EF000FD012104460C301EF071FC057097
:1026A000FFF7D9B830460CF0FDF80121054638880F
:1026B0001EF0F0FC012104460C301EF061FC057098
:1026C000FFF7C9B80120E46801F09EFF0546002825
:1026D00040F0C98320886188B4F80F60B4F811C055
:1026E000B4F813E0031F9BB243F6FC72934200F26E
:1026F000A0830B1F9BB2934200F29B83B31F9BB23C
:1027000040F67A42934200F29483BCF5FA7F80F05F
:102710009083AEF10A039BB240F67642934200F2F8
:1027200088830CF101039BB206FB03F3B3EB8E0F1E
:1027300080F27F8363792279CDE904E5CDE9026CEB
:102740000634A57901950094F1F742FF014600286F
:102750003FF4B1ABFFF7B2BB0FA8FEF73DFF064653
:10276000002800F0CE820F9CFFF775B80FA8FEF787
:1027700033FF0646002800F0AF820F9CFFF76BB8CE
:102780000FA8E468FEF728FF002840F0EC812078CD
:1027900010A901F05FFF0446002840F0D9819DF8A0
:1027A000400002F093FE0121054638881EF072FCBD
:1027B000012104460C301EF0E3FB0570FFF74BB817
:1027C0000120E46801F020FF002800F0CF81012102
:1027D00038881EF05FFC012104460C301EF0D0FB4F
:1027E0000C230370FFF737B8E1680120FCF792F87B
:1027F0000121054638881EF04DFC012104460C30AD
:102800001EF0BEFB0570FFF726B80FA8E468FEF7C0
:10281000E3FE002840F06181B4F80360B4F80130B1
:102820009E42C0F04E81052B40F24B81B3F5005F14
:1028300000F26283207810A901F00CFF0546002801
:1028400040F08083B6F5005FB4F805209DF84000A5
:10285000314628BF4FF4005103F0B6FC0121054674
:1028600038881EF017FC012104460C301EF088FB4E
:102870000570FEF7F0BF0CF093FB01210546388888
:102880001EF008FC012104460C301EF079FB057097
:10289000FEF7E1BF604602211EF0FCFB0221044668
:1028A0000C301EF06DFB0023037005460CF076FB28
:1028B0006870FEF7D0BF0FA8E468FEF7A5FE0028F9
:1028C00000F062820F9CFEF7C6BF0FA8FEF79CFEC9
:1028D0000546002800F037820F9CFEF7BCBF0FA80A
:1028E000E468FEF791FE0346002840F0A6822078B7
:1028F000002800F035826278002A00F03182BA4A5E
:102900001360BA4900220B60114604F049FD012111
:102910000C280546388808BF00251EF0BBFB0121A6
:1029200004460C301EF02CFB0570FEF794BF604689
:1029300009211EF0AFFB092104460C301EF020FBDC
:102940000346002503F8015BC0F801505D600646B0
:10295000FBF7C6FF2B460A4661F30703C1F30721C5
:10296000120C61F30F2362F31743120A62F31F6321
:10297000C6F80100C6F80530FEF76DBF04216046B9
:102980001EF088FB042104460C301EF0F9FA0346C1
:1029900000221B2007211A7058709A70D970FEF718
:1029A0005ABF0FA8E468FEF72FFE002800F00D8242
:1029B0000F9CFEF750BF0FA8E468FEF725FE002825
:1029C00000F0AF810F9CFEF746BFE3689978188846
:1029D00005F006FD01463888FEF732BFE3681E8821
:1029E00010A9B0B205F068FE0521054638881EF032
:1029F00051FB052104460C301EF0C2FA0570A0F808
:102A00000160BDF84030A0F80330FEF724BF0C236E
:102A10000370FEF720BF0F9CFEF71DBF0C23037051
:102A2000FEF719BF72490A68500740F0E58112238A
:102A30003370FEF710BF6F4A6F491368086823446C
:102A40001360002119F0E4FD0F9CFEF704BF6849F4
:102A50000A6812F0060F40F0DC816FF00907FFF7FB
:102A600072B9012160461EF015FB012104460C30AD
:102A70001EF086FA12230370FEF7EDBE2B68002BC2
:102A80003EF7E9AE2B685D4A5D485A495B422B60D0
:102A90000023C2E9003303600B60FEF7DCBE2B6845
:102AA000002BEFDAFEF7D7BE012160461EF0F2FAE6
:102AB000012104460C301EF063FA0C230370FEF76C
:102AC000CABE012138881EF0E5FA012104460C3007
:102AD0001EF056FA122303700F940F9CFEF7BBBE34
:102AE000012138881EF0D6FA012105460C301EF06F
:102AF00047FA0F9504700F9CFEF7ADBE0121388890
:102B00001EF0C8FA012105460C301EF039FA0F9567
:102B100004700F9CFEF79FBE012138881EF0BAFAA0
:102B2000012104460C301EF02BFA0F9405700F9C07
:102B3000FEF791BE012138881EF0ACFA012104464F
:102B40000C301EF01DFA0F9405700F9CFEF783BE2B
:102B5000012138881EF09EFA012105460C301EF036
:102B60000FFA0F9504700F9CFEF775BE237922882B
:102B7000012B0AD061888A4200F268811F2A40F244
:102B80006581B1F5804F00F261810021CDE9091125
:102B9000CDE90711CDE90511A07B0490607B03907E
:102BA000E01D0290A079019060790090084601F044
:102BB00095FD0121054638881EF06CFA0121044676
:102BC0000C301EF0DDF90570FEF745BE0121388896
:102BD0001EF060FA012104460C301EF0D1F90F946A
:102BE00005700F9CFEF737BE986B00209C6B002091
:102BF0007C0400208C6B00207C6B0020846B002008
:102C0000906B00202078EF2800F26981B4F80180F1
:102C10006379B4F80350227A08F01801182945EABC
:102C20000345E3880BD043EA02439D4200F23D8115
:102C30001F2D40F23A81B3F5804F00F23681237D9B
:102C4000032B00F23F81A27D022A00F23B81032B7D
:102C500000F0388110A901F00DFD0646002840F073
:102C6000A681E37C8DF83A30237E0A93E37D0993B5
:102C7000A37D0120013B00FA03F3DBB20893637DDF
:102C80000793237D013B00FA03F3DBB206930DF1BA
:102C90003A030593A37C0493637A039304F10C0332
:102CA0000293E37A0193A07A00902A4607234146D3
:102CB0009DF8400001F012FD0221054638881EF003
:102CC000E9F9022104460C301EF05AF905709DF80E
:102CD0003A204270FEF7BFBD032138881EF0DAF9B2
:102CE000032104460C301EF04BF9054602F0EAFBC6
:102CF0002E70A5F80100FEF7AEBD4FF0FF33FFF7D1
:102D000005B9022138881EF0C5F9022104460C30AD
:102D10001EF036F9054602F0D7FB2E706870FEF7FC
:102D20009ABD224612F8011B02F0FCFA0121054669
:102D300038881EF0AFF9012104460C301EF020F94E
:102D40000570FEF788BD022138881EF0A3F9022124
:102D500004460C301EF014F905704570FEF77BBD7B
:102D60004FF0FF33CDE521780246EEF761FC0121FB
:102D7000054638881EF08EF9012104460C301EF0FD
:102D8000FFF80570FEF767BD224612F8011B02F03E
:102D90005BFA0121054638881EF07CF901210446C2
:102DA0000C301EF0EDF80570FEF755BD02F0C8FBC3
:102DB0000121054638881EF06DF9012104460C30CA
:102DC0001EF0DEF80570FEF746BD6379B4F8032007
:102DD000B4F801102078A4790094F0F7A9F8012143
:102DE000054638881EF056F9012104460C301EF0C5
:102DF000C7F80570FEF72FBD734ACDF80C80CDE9FA
:102E000001321B220492009318460122FDF7FCFDBB
:102E10000DE66E4A0397CDE901320B22049200932E
:102E200018460222FDF7F0FD17E638881121FEF75B
:102E300007BD38881221FEF703BD0F9CFEF70BBDBE
:102E40000F9CFEF708BD0F9CFEF705BD01213888D9
:102E50001EF020F9012104460C301EF091F81223D7
:102E60000370FEF7F8BC38880C21FEF7E9BC12218C
:102E7000FEF7E5BC01300436FFF7A6B82B78002B2F
:102E80007FF4BDA801F06EFF0121054638881EF0D1
:102E900001F9012104460C301EF072F80F94057000
:102EA000FFF7B9B81121FEF7CABC012138881EF01E
:102EB000F1F8012104460C301EF062F81123037072
:102EC000FEF7C9BC012138881EF0E4F80121044650
:102ED0000C301EF055F811230370FEF7BCBC012125
:102EE00038881EF0D7F8012104460C301EF048F84F
:102EF00012230370FEF7AFBC012138881EF0CAF818
:102F0000012104460C301EF03BF8112303700F948E
:102F1000E3E5E0782378E288A1886478009400F003
:102F2000010040F00200F0F703F829460646388811
:102F30001EF0B0F8294604460C301EF021F8067049
:102F4000FEF789BC012138881EF0A4F8012104464F
:102F50000C301EF015F80F940570BEE505F102085F
:102F600011E098F80330B8F8012029789DF8400066
:102F7000EEF75EFB08F10408013C064658B914F070
:102F8000FF0608D0344698F8000010A901F062FB53
:102F900006460028E5D0012138881EF07BF8012183
:102FA00004460C301DF0ECFF0670FEF754BC012106
:102FB00038881EF06FF8012104460C301DF0E0FF48
:102FC0000670FEF748BC00BF84540300C0540300E1
:102FD0002DE9F04300240C60038A032B85B02FD920
:102FE000054688460C3004211DF0EAFF2B8A4788ED
:102FF000B0F80090BB4239D31B2F31D805F062F8EE
:103000004FEA19363346044600283DD09B0824D1A8
:10301000A6B1012E21D12379677166F301032371D3
:10302000E9683A46E01D20F06AF82146C9F30B0032
:1030300005F054F800BB05B0BDE8F0830226EAE7CE
:103040002C490B685B0708D02B4B0094CDE901435A
:10305000012223462046FDF7D7FC6FF01500EAE772
:1030600024490B685E07F8D0244BEEE721490B6832
:103070005F07F2D0224BE8E71E490B685B0726D1B9
:10308000204605F025F8E8E71A490B685D0728D1C6
:103090001C4B1B689A0117D54FF0FF324FF0FF33DE
:1030A0000220F9F7C1FC0221C8F800000C301DF025
:1030B00067FF4FF48D730380D8F8000001210C30B6
:1030C0001DF05EFF012303706FF06800B3E70E4A46
:1030D0000023CDE90132009301221846FDF794FC4C
:1030E000CEE70A4B0090CDE9010301220346FDF72C
:1030F0008BFCCDE77C040020F4540300285503002A
:1031000008550300080000205855030044550300EB
:10311000F8B50E4B1B68DB0600D4F8BD02F10C04B9
:1031200006460D46204602211DF02AFF034640F2C6
:1031300005421A80204604211DF022FF0027077057
:10314000A0F801503278C270F8BD00BF080000201E
:10315000032811D810B40949094C31F81030D4F8BB
:1031600000C0084A6344236013680024013B21F82F
:103170001040136010BC7047704700BF846B002084
:103180008C6B0020786B002070B590F82030C688DA
:1031900003F00303013B012B0FD9334A3349344871
:1031A00042F2CF331BF061FF002383F31188BFF39A
:1031B0006F8F0323184602DF70BD044601F10C0532
:1031C000284604211DF0DCFE94F8203003F00303B0
:1031D000022B0CBF46F4005346F48053038094F84E
:1031E0002130438094F8211028461DF0C9FE94F840
:1031F000212004F123011FF082FF1E4B1A68002AD0
:10320000DADD1D4C1D4923680968591A91421AD20A
:103210000133032E236006D8194A32F816300133E1
:1032200022F8163070BD104A1649114842F2C833D0
:103230001BF01BFF002383F31188BFF36F8F032361
:10324000184602DFE8E7084A0F49094842F2C2334C
:103250001BF00BFF002383F31188BFF36F8F032351
:10326000184602DF2368D3E7BC5303004451030030
:103270006C500300946B0020906B00208C6B00203E
:10328000846B0020A05503006C5503002DE9F04F1E
:103290000379C688032B8DB004460D4600F1200744
:1032A0001DD0053B182B34D8DFE813F082006F00E7
:1032B0005F014A01330033002B0133003300330038
:1032C0003300330033000301330033003300720254
:1032D00010020802D401C402B102A7016D0190F8E6
:1032E0002330033B122B26D8DFE813F06D032500B3
:1032F0002500BB02D4022500EA0225002500F302C6
:1033000014032500300325006203250025002B004F
:103310002B00CA4ACA49CB4842F2BF231BF0A5FE84
:10332000002383F31188BFF36F8F0323184602DF56
:103330000DB0BDE8F08FC14AC149C24842F2A33383
:10334000ECE7C14B5B689A00F2D5C04B1B685B068B
:10335000EED50C35022128461DF012FE40F63E3314
:103360000380012128461DF00BFE072303700A216C
:1033700028461DF005FE0680238D4380638D8380E3
:10338000A38CC380E38C0381D2E790F8203003F054
:103390000F03072B04D190F82130002B40F0598403
:1033A0002A46214638460DB0BDE8F04FFEF758B822
:1033B000A74B077EA67E94F8198093E803000B0CB8
:1033C0008DF82E3094F82030ADF82C107F4259063D
:1033D0007FB20A90C6F3400600F173839A4B5B6894
:1033E0004FF0000903F00053002E40F09383002BB0
:1033F0009ED0964B1B689B079AD5CDE9006694F842
:10340000200004F1220BC0F3801133465A4600F02D
:103410000F00FDF70FFA00288AD194F8203003F04E
:103420000F03012B00F0538494F82130A3F1060A16
:103430009A1D05335FFA8AFADBB25FFA82F90993C3
:1034400056460C35022128461DF09AFD3E23037096
:1034500080F80190012128461DF092FD03460222CA
:103460001A70099928461DF08BFD0123037094F80A
:10347000203003F00F0330336B44054613F8083C4B
:1034800043700BF0E7FE804580F012844046EA1C52
:10349000A91C0BF093FEAB780233AB7085F809A042
:1034A0000A3504F12801324628461FF028FEAF55A0
:1034B0003EE7654B5B6898007FF53AAF634B1B684E
:1034C00099037FF535AF0C35022128461DF058FDD4
:1034D00040F23E630380012128461DF051FD122376
:1034E0000370052128461DF04BFD237A0370054625
:1034F000A07901F0D1F8687063896B80637A2B71D1
:1035000016E7514B5B689E007FF512AF4F4B1B686F
:10351000DC037FF50DAF0C35022128461DF030FD90
:103520004FF49F730380012128461DF029FD1123CC
:103530000370002128460DB0BDE8F04F1DF020BDFE
:1035400090F8203003F00F03072B7FF429AF90F899
:103550002130002B3FF424AF04232A46214638466D
:103560000DB0BDE8F04FFDF75FBC90F8203003F0E0
:103570000F03072B7FF414AF90F82130002B3FF49A
:103580000FAF0223E9E7304B5B689B0040F14282BA
:103590002E4B1B681F0540F13D820C350221284649
:1035A0001DF0EEFC40F23E630380012128461DF031
:1035B000E7FC0C230370052128461DF0E1FC94F87C
:1035C00020300370A0F8016094F82120002A92FABC
:1035D000A2F3B3FA83F308BF4FF0FF330133C37094
:1035E00094F8222092FAA2F3002AB3FA83F308BFD8
:1035F0004FF0FF33013303719AE6134B5B68990078
:103600007FF596AE114B1B681A037FF591AE0C3512
:10361000022128461DF0B4FC40F23E430380012104
:1036200028461DF0ADFC14230370032128461DF02D
:10363000A7FC068094F82030837079E6BC53030021
:10364000445103006C5003000800002000000020DB
:10365000A0470300D04B5B6899004FF000087FF54E
:1036600067AECE4B1B685A077FF562AE0C35022160
:1036700028461DF085FC40F63E23038001212846A4
:103680001DF07EFC03464FF00309284683F80090A6
:1036900009211DF075FCFB07054600F1FB8294F83B
:1036A00020302B70A5F80160638CA5F80330A38C43
:1036B000A5F80530E38CA5F8073039E60A46384608
:1036C00031460DB0BDE8F04FFFF722BDFF0700F116
:1036D000E88194F82070002F00F0D981AE4B5B6830
:1036E00098007FF525AEAD4B1B6840F201221342D6
:1036F00003F400783FF41CAE0C35002F40F0E98154
:10370000A74A136801331360B8F1000F00F06E820E
:10371000022128461DF034FC41F63E73038001214E
:1037200028461DF02DFC03460A221A7028461E2149
:103730001DF026FC0770A0F8016094F82130C370DA
:1037400094F822300371D4F82330C0F80530B4F86F
:103750002730A0F80930D4F82F30C0F80B30B4F877
:103760003330A0F80F30D4F82930C0F81130B4F855
:103770002D30A0F81530E38EA0F81730238FA0F875
:103780001930638FA0F81B3094F83C304377CFE5B5
:10379000814B5B689A0040F16981804B1B685B0339
:1037A00040F164810C35022128461DF0E9FB40F60A
:1037B0003E130380012128461DF0E2FB1323037012
:1037C000082128461DF0DCFB0546A07900F064FFC7
:1037D000287094F82030C3F380136B70D4F8223033
:1037E000C5F80230E38CEB80667E0BF033FD864239
:1037F00005F1020704F1220880F0EA813A46691CCB
:1038000030460BF0DBFC6B7802336B7090E5654B58
:103810001B6818027FF58CAD0C35022128461DF07F
:10382000AFFB40F257230380022128461DF0A8FB7E
:1038300006807DE5584B5B681F044FF000047FF560
:1038400077AD0C35022128461DF09AFB4FF44C73DE
:103850000380032128461DF093FB0470A0F801604B
:1038600066E54D4B1B681A064FF000047FF560AD0E
:103870000C35022128461DF083FB4FF48163038041
:10388000042128461DF07CFB01230470A0F8016090
:10389000C3704DE590F824200E2A00F0DC814249E7
:1038A0000B6813F0060F3FF443AD40480023CDE909
:1038B0000202CDE9003302221846FDF7A5F837E5EC
:1038C0000B463246394600200DB0BDE8F04FFDF7FB
:1038D0006FBA314B1B681B054FF000077FF528AD11
:1038E0000C35022128461DF04BFB034640F60C0226
:1038F0001A80284608211DF043FB0770A0F80160DC
:1039000094F82430C370B4F825308380B4F827309D
:10391000C3800DE5204B90F824401B681F067FF5FF
:1039200007AD0C35022128461DF02AFB4FF48163B8
:103930000380042128461DF023FB002C08BF1F2410
:1039400000230470A0F80160C370F1E4124B5B68BF
:10395000980040F19180114B1B68990640F18C80D2
:103960000C35022128461DF00BFB40F63E33038048
:10397000012128461DF004FB062303700A21284676
:103980001DF0FEFA0680A38C4380E38C8380238D98
:10399000C380638D0381CBE4080000200000002079
:1039A000786B0020B80A00207C0400203857030000
:1039B000D14990F824200B6813F0060F3FF4B8ACFF
:1039C000CE48002373E7CE4B5B6898007FF5B0AC20
:1039D000CC4B1B68D9067FF5ABAC0C3502212846D1
:1039E0001DF0CEFA40F63E530380012128461DF01B
:1039F000C7FA052303700C2128461DF0C1FA0346BF
:103A000023F8026B616AA26AC0F802105A60A38DA3
:103A100043818DE4B8490B6813F0060F3FF488AC7E
:103A2000039694F8213094F8220094F82040002B5B
:103A300093FAA3F3B3FA83F308BF4FF0FF330028E0
:103A400090FAA0F0B0FA80F008BF4FF0FF300130DC
:103A50000690AD485A1C0023CDE90442CDE901305F
:103A6000009302221846FCF7CFFF61E4F0B20DB0DC
:103A7000BDE8F04F00F010BE0023CDE90233CDE9E0
:103A800000331A220221304604F03CFC50E494F842
:103A9000220004F12903FF2204F123010BF0D2FCE0
:103AA0001CE69A4A9A499B4842F2CF031BF0DDFA82
:103AB000002383F31188BFF36F8F0323184602DFBF
:103AC00007E6002104F12203424608460BF0BAFC47
:103AD00084E4B8F1000F40F0C380022128461DF0B5
:103AE0004FFA41F23E330380012128461DF048FA87
:103AF00001230370122128461DF042FAC0F801800C
:103B0000C0F80580C0F80980C0F80D8080F81180E9
:103B100007700DE4002B3FF40BAC7A4B1B685A0581
:103B20007FF506AC94F8200000F00F03012B0FD0B6
:103B3000764A7949774841F666131BF096FA89F37D
:103B40001188BFF36F8F0323184602DF94F820001B
:103B5000002304F12206C0F38011CDE90033324680
:103B600000F00F00FCF766FE00287FF4E1AB0C3597
:103B7000022128461DF004FA41F23E230380012170
:103B800028461DF0FDF903460B221A702846112124
:103B90001DF0F6F940F20113038005460BF05AFBC5
:103BA000804580F09B80EA1C4046A91C0BF006FB78
:103BB000AB780233AB7094F82030C3F3C0136B7250
:103BC000A36AC5F80A30A38DEB812F74FFF7B0BB51
:103BD00094F82030C3F380136B70D4F82230C5F80A
:103BE0000230B8F80430BB80FFF7A2BB02212846A0
:103BF0001DF0C6F941F23E330380012128461DF035
:103C0000BFF9034601221A70284612211DF0B8F9A7
:103C10000770A0F8016094F82130C37094F8223046
:103C200003F001030371D4F82330C0F80530B4F871
:103C30002730A0F80930E38EA0F80B30238FA0F8CE
:103C40000D30638FA0F80F3094F83C304374FFF7C9
:103C50006FBB012381E40B46324600211A2033E674
:103C6000022128461DF08CF941F63E7303800121A4
:103C700028461DF085F90A2303701E2128461DF0F1
:103C80007FF904461D22002101301FF060FA2770E1
:103C9000FFF74EBB1D4A21491E4842F258131BF044
:103CA000E4F988F31188BFF36F8F484602DFF6E42A
:103CB00094F82030C3F38013AB70D4F82230C5F8E9
:103CC0000330BBF80430A5F80730FFF7E7BB0B2340
:103CD00009934FF00C09B246FFF7B3BB94F82030BC
:103CE000C3F38013AB70D4F82230C5F80330B38827
:103CF000A5F807305FE700BF7C04002048570300A9
:103D000008000020000000200C570300BC530300F3
:103D1000945603006C5003006C560300D056030009
:103D200070B500F10C040E462046022115461DF028
:103D300027F940F213530380052120461DF020F996
:103D400001230370A0F80160A0F8035070BD00BF0C
:103D50000379032B08D0053BDBB2182B01D90020D7
:103D60007047064AD05C704790F8203003F0030398
:103D7000032B14BF05200420704700BF60570300C9
:103D8000134B144A4FF0FF31D0B41960124C134951
:103D9000134B20604FF0FF3641F6FF77C1E9006713
:103DA0000020104E104C0021C3E9000100230F49F0
:103DB000336000271F260B60C4E90067C2E90033A7
:103DC0000B480C4903600B60D0BCFCF7EDBC00BF96
:103DD0009C6B0020846B00207C6B0020080000207E
:103DE000B80A0020786B002000000020946B0020AF
:103DF000906B00208C6B002030B583B01A4C079D6F
:103E00001A4B2C1BA3FB0434C4F3C714DCB9A21C4B
:103E1000174B0095D2B201210020FAF76FFC10F089
:103E2000FD0F0ED0134A1449144840F6ED131BF051
:103E30001CF9002383F31188BFF36F8F0323184607
:103E400002DF03B030BD0B4A0D490C4840F6E813C1
:103E50001BF00BF9002383F31188BFF36F8F03234B
:103E6000184602DFD3E700BFC00A0020CDCCCCCC7F
:103E70001D40010088570300D45703006C50030015
:103E8000C8570300416A11B10868FBF7A5BD704728
:103E90002DE9F0410568D5F86C800646B8F1000FB1
:103EA00046D02C6F0023EB66002C56D0002717233A
:103EB0002F6723714FF6FF73E3801E22394604F10A
:103EC00020001FF044F93C23A66084F820302B6CBE
:103ED000CBB12A4E21464046FBF76CFD284BAE1B6A
:103EE000A3FB0636C6F3C7169EB92C6C12232371AA
:103EF0003C224FF6FF73E68022726381B5F8823070
:103F0000D4F80080637221464046BDE8F041FBF7DB
:103F100063BD1C4A1C491D4840F64D231BF0A5F803
:103F200087F31188BFF36F8F0323184602DFDCE7A6
:103F3000144A1749154840F635231BF096F888F3C4
:103F40001188BFF36F8F0323184602DF2C6FD5F85B
:103F50006C800023EB66002CA8D10A4A0D490B485F
:103F600040F639231BF081F884F31188BFF36F8F7B
:103F70000323184602DF2C6F98E700BFC00A002019
:103F8000CDCCCCCC88570300C85703006C5003003D
:103F9000F05703000458030010B591F829301A4A6D
:103FA0000C4604EB830392F800C0DA6A17491378D1
:103FB00081F800C013F00E0F08D003F00F03072B99
:103FC00001D0E0B910BD93785B06FAD50028F9D08E
:103FD000FBF7CAFD8442F5D0236A002BF2D00C4ACD
:103FE0000C490D4840F6D5131BF03FF8002383F32E
:103FF0001188BFF36F8F0323184602DF10BDFBF754
:10400000B3FD8442EBD110BDFB840020FA84002074
:10401000885703001C5803006C50030000B1704720
:104020000C4B10B502460446996002200121F8F7B6
:1040300013FF00B910BD084A0849094840F6092392
:104040001BF013F884F31188BFF36F8F0323184616
:1040500002DF10BD6001002088570300605203009A
:104060006C50030000B170470C4B10B5024604467B
:10407000996002200121F8F7EFFE00B910BD084A4F
:104080000849094840F6D3231AF0EFFF84F311885A
:10409000BFF36F8F0323184602DF10BD30010020ED
:1040A00088570300605203006C50030010B50C46A3
:1040B000C0B9144B0022012102209C60F8F7CCFE0D
:1040C00000B910BD104A1149114840F69D231AF05D
:1040D000CCFF002383F31188BFF36F8F03231846AF
:1040E00002DF10BD084A0B49094840F697231AF031
:1040F000BCFF002383F31188BFF36F8F032318469F
:1041000002DFD6E710010020885703006052030049
:104110006C5003007458030038B5044610F81C3B7B
:10412000002B2ED0194D6369A8607BB1184A19493C
:10413000194840F61E231AF098FF002383F31188D4
:10414000BFF36F8F0323184602DFA86813490F4B94
:104150000022C4E9051011460120F8F77DFE00B9E0
:1041600038BD0B4A0E490C4840F625231AF07DFF56
:10417000002383F31188BFF36F8F0323184602DFF8
:1041800038BDBDE83840FFF783BE00BF50010020B6
:1041900088570300805803006C500300913E0100D3
:1041A0006052030000B5124A124B821AA3FB02327E
:1041B00083B0D209023200900F4BD2B2012100200D
:1041C000FAF79CFA10F0FD0F0ED00C4A0C490D487E
:1041D00040F6BE231AF049FF002383F31188BFF392
:1041E0006F8F0323184602DF03B05DF804FB00BFA6
:1041F000C00A0020CDCCCCCC65400100885703001C
:10420000D45703006C50030038B5436C1D682B78FD
:10421000ABB16B69044673B10B4A0C490C4840F6CC
:10422000AC231AF022FF002383F31188BFF36F8FB2
:104230000323184602DF074BC5E9053438BDBDE846
:104240003840FFF7AFBF00BF885703008058030016
:104250006C500300A541010038B5124C20460DF00A
:10426000B3F834F8042C6178A4F1280322F44372E3
:10427000002003EB810122F00202C4E90300606127
:1042800042F00E0294F864409A84C96A022262F3F2
:1042900042044FF4006506225D6783F88C40087085
:1042A0004A7038BDE80A002070B51C4C256AAB6F17
:1042B00073B11B4A1B491C4840F662231AF0D5FE15
:1042C000002383F31188BFF36F8F0323184602DFA7
:1042D00005F16C0105F16800F8F73EFD064670B186
:1042E0002868AE6703F0C4FE0025206F2562FBF747
:1042F0005BFBE06E2567FBF74BFBE56670BD084A8C
:104300000A49094840F664231AF0AFFE86F3118883
:10431000BFF36F8F0323184602DFE1E7C00A0020D6
:1043200088570300D05803006C500300705D0300F1
:10433000002840F0BB8030B55D4C94F88C30D90734
:1043400085B07AD5236A5BB193F82C2042F0020243
:1043500083F82C20236A93F82C30DA0700F184804C
:104360005348FBF7E9FB84420ED0524A5249534866
:1043700040F62D331AF079FE002383F31188BFF342
:104380006F8F0323184602DF94F82430DB0703AD58
:104390000DD5022103914A4B0095032101220020F3
:1043A000FAF7ACF92946FBF7B5FB002873D10222D6
:1043B000434B0095032100200392FAF79FF9294609
:1043C000FBF7A8FB054600283AD13E48FBF7F0FB77
:1043D00008B178304DD13648FBF7BAFB84420ED095
:1043E000344A3549354840F64F331AF03EFE002333
:1043F00083F31188BFF36F8F0323184602DF636CCA
:104400001BB1186801F098FB80BB236A0BB1FFF762
:104410004BFF256C3DB1002323642868FBF7B8FAF5
:104420002846FBF7C1FA94F88C3000206FF30003A4
:1044300084F88C3003F060F950B3002005B030BD33
:104440001B48FBF785FB84420ED01A4A1A491B48C9
:1044500040F646331AF009FE002383F31188BFF3B8
:104460006F8F0323184602DF0C20E7E77830CCD0AB
:10447000FAE7104A1449114840F64C331AF0F5FD9A
:1044800085F31188BFF36F8F0323184602DFA2E77D
:104490000BF0CCF9D1E70648FBF75AFB8442E3D096
:1044A000044A0549054840F63833D3E700207047F1
:1044B000C00A002088570300E45803006C50030032
:1044C00079EA0000DC0A0020F058030010B40478F8
:1044D00004F00F0402F1FF3C072C1FFA8CFC26D0DD
:1044E000022C14D0012C3FD04B781033DA00A4BB3F
:1044F00043781033DB0002F56D7203F5B37113449A
:104500000CFB01334FF6FE70184010BC7047417829
:1045100010BC0CEB8C03C3EB0310400001F1100343
:1045200000F5EA70DB0003FB020290B270474178AD
:1045300010BC03F0030008440930C000C3F340037B
:10454000D8400CEB8C0C10FB02F0CCEB0C1C00EBFD
:104550004C0000F5EA7080B27047062CC8D04FF4CA
:104560003B734FF4F371CBE740F27C4340F21621EA
:10457000C6E700BF38B503780446002B30D01C4D89
:10458000436900F11C01A9607BB11A4A1A491B4812
:1045900040F6E8231AF069FD002383F31188BFF386
:1045A0006F8F0323184602DFA9681548104B0022BD
:1045B000C4E9050111460120F8F74EFC00B938BDE9
:1045C0000C4A10490D4840F6EF231AF04EFD002327
:1045D00083F31188BFF36F8F0323184602DF38BDC2
:1045E000016C0029EBD0BDE838400868FBF7F4B94E
:1045F0002001002088570300805803006C500300FE
:10460000853E0100605203000B4A137823B901284C
:10461000107006D0002070478342FBD06FF0150069
:104620007047064AB2F87E3003F0EF0343F0100300
:10463000A2F87E3000207047F9840020C00A0020D4
:10464000034B1878A0F10200B0FA80F040097047DF
:10465000F9840020064B93F87E20D20606D593F805
:104660007F30834202D1002008707047422070479B
:10467000C00A0020074B93F87E20D20604D483F8AA
:104680007F0000200870704793F87F308342F8D095
:1046900007207047C00A002010B5A8B90B4C94F849
:1046A0007E20D3060DD40A4A0A490B48D1231AF0BA
:1046B000DCFC002383F31188BFF36F8F03231846BC
:1046C00002DF94F87F0010BD0024ECE7C00A002050
:1046D00088570300085903006C5003002DE9F04F80
:1046E0008846BD49BD4C074603C98BB0ADF82410C0
:1046F00094F88C109DF86860039601F001019DF814
:10470000746008900F439DF854909DF85C509DF89C
:1047100060009DF86CE09DF870A09DF878C002964E
:1047200040F05581072B00F0BD80012B84F880E01C
:1047300003F1280394F825E094F87E106B444FF0C1
:10474000010B6BF3840E13F8086C84F825E021F05C
:10475000300E4EF0300E08BF002284F87EE001F0EB
:1047600010016267A28C05F0070500F003006D00E0
:1047700022F4437222F0020245EA0025154394F820
:104780002620A5846CF3410284F8262094F8292081
:1047900004EB8202D56A2A7802F00F0B002975D14A
:1047A00066F303022A7002F00F02072A00D0697034
:1047B000012304932B7803F00E02B2FA82F252091D
:1047C00003F0EF0362F3451382212B7003F00F0314
:1047D00021FA03F3DE0700F1BC8094F88C209DF8E9
:1047E000503063F34202500784F88C20D1B20CD5CC
:1047F0000A4669F3C30284F88C20169A1699126847
:10480000C4F88D20764A898891802A7802F00F01B9
:10481000012900F01481072900F0E88003F0010667
:104820006B78002B40F0FC8066F3861263F3C712AE
:1048300006232A706B70E4612D7805F00F05072DB3
:1048400000F0A98094F8353004EB83039A6B049B45
:10485000002B40F08D80002A00F08A801378507879
:1048600023F03F0343F0040313709DF85030117898
:104870009B0103F0400301F03F010B43137008B9A3
:104880000623537038460BB0BDE8F08FB3455BD0BC
:1048900002F00F02072A00F0E1812A7866F3030292
:1048A0002A7085E718F0100F32D108F00303032BAC
:1048B0004DD018F0080F4AD1A36C3BB118F0230F6C
:1048C00004D01B6893F85230DB0740D4039B84F874
:1048D00080E0042B04BF0123039394F825E094F8AF
:1048E0007E1018BF03F0070363F3840E94F826309C
:1048F00084F825E043F0010384F8263021F03003EA
:1049000043F0300384F87E3001F01001072628E7D9
:1049100018F0200F40F00782A36C23B11B6893F8B6
:104920005230D90713D42F4B079318F0080F94F87F
:104930007E105FFA88F340F0E28103F0030328332E
:104940006B4413F80C3CF0E60023049332E7122783
:1049500098E7BBF1010F3FF440AFBBF1070F3FF405
:104960003CAF6A78002A40F06D8184F84C2034E72F
:104970001D480CF05BFD1C480CF036FD1A480CF08D
:1049800023FDC0B2002840F07C8194F8353004EB60
:1049900083039A6B62E7049B002B3FF473AF1248CA
:1049A0000CF044FD10480CF01FFD0F480CF00CFDFE
:1049B00010F0FF0040F0658194F8353004EB83037C
:1049C0009B6B1A78587065F303021A705AE70C272C
:1049D00038460BB0BDE8F08FA8470300C00A00209E
:1049E0004D0B002003040200F40A0020A97868F3AC
:1049F0008711A970A91C059104992E1D99B395F8EA
:104A000002C00021BCF13F0FE97000F2548118F0A0
:104A1000200200F08A810A460591B3468C4651E097
:104A2000BBF1010F00F00281BBF1070F00F0FE8027
:104A30002B7866F386136FF3C7132B70FBE69B018D
:104A400003F0400302F03F0243EAC91313432A462E
:104A5000169902F8083B0968A96016990C23898801
:104A600091806B70E7E6EA78049995F802C0E970E6
:104A7000D10748BF05F10A0B02F0080158BFB34641
:104A8000BCF13F0F02F0020E059102F0100102F09E
:104A9000400200F2B78018F0200C40F0B38011B152
:104AA0000398042809D05E4603F0010CEB7843F02C
:104AB0000103B346EB7005F10A06BEF1000F01D009
:104AC0000BF1060B2B786CF386132B7018F0040394
:104AD00008D095F803C04CF0020C09F0010306362B
:104AE00085F803C095F800C063F3C71C059B85F8E3
:104AF00000C033B1EB7843F008030BF1020B023630
:104B0000EB70002900F08C800BF1030BEB7843F085
:104B100010030336EB700AB10BF1010B18F0400FD4
:104B200007D0002940F0C280EB7843F04003013603
:104B3000EB70AB1CF31ADBB2022B66D903F1FF3C1E
:104B40000CF03F0C6B70AB786CF30503AB700AB1E3
:104B50000BF1FF3BEB785B060AD5199B002B00F0AD
:104B6000CA801B787F2B00F0C38006F8013C013E11
:104B7000BAF1040F94F825300ABF4FF0010A0AF089
:104B80000702524662F3471384F8253009B1ABF1AE
:104B9000030BEB78D80676D4059A0AB1ABF1020B79
:104BA00019070BD5BBF80030029A26F8023CC3F374
:104BB000032303EB021306F8013C023E94F87E3017
:104BC000029A62F3030384F87E30EB789A0763D489
:104BD000DB067FF530AE07AB01930DF11B030093AD
:104BE000544814AB00220121EDF786F9002840F06B
:104BF0008480636C9DF81C205A759DF81B3084F8E6
:104C0000293018E64FF0000C57E7EE1C4FF0000C6F
:104C1000012397E72B78059262F3C7132B70B346F5
:104C200018F003013FF477AF00216FE794F84C20B0
:104C3000414905F108001EF062FA94F84C30063341
:104C40006B70F5E6052A40D9063AD2B205F10801A3
:104C5000394884F84C201EF052FABEE5626C002AF6
:104C600044D000216970A06C28B100680492A1644E
:104C700001F0D8FB049A10680022626401F09AF9EE
:104C80000BE60727FEE5033E0AF007020021304647
:104C900000F00AFFEB787FE7169B1B6846F8063C9E
:104CA000169B9B8826F8023CEB7891E7039B042B2C
:104CB0007FF43AAF3DE761F386122A7018F00402E0
:104CC000A8D00A460591B34603E71C4A1C491D4873
:104CD00040F2BD131AF0C9F9002383F31188BFF322
:104CE0006F8F0323184602DF6A78ADE76A70D4E558
:104CF000199A00231370002337E70746C2E594F89A
:104D0000252084F880E0012363F3840284F82520C1
:104D100021F0300242F0300284F87E201E4601F07D
:104D2000100100221DE51127ACE5964611460592BB
:104D3000BAE600BFC00A00200D0B00208857030010
:104D4000205903006C50030008B500F001FC00B1CD
:104D500008BD01F0F9FA0028FAD1BDE80840FFF7D4
:104D60007BBA00BF08B50020FFF7E2FA002008BDBB
:104D700008B50020FFF7DCFA034B00221A70BDE8EB
:104D8000084001F0EFBA00BFF984002010B500F030
:104D9000F5FB10B10346184610BD01F025FB034694
:104DA0000028F8D10A4C94F87E20636463F304125F
:104DB00004F1280084F87E20A3640CF015FB04F1B4
:104DC00034000CF011FBBDE81040FFF745BA00BFFE
:104DD000C00A0020024B00280CBF18460020704774
:104DE000C00A0020034A044B801AA3FB0030C0F322
:104DF000CF107047C00A0020CDCCCCCC044A00684C
:104E0000044B801AA3FB0030C0F3CF10704700BFE3
:104E1000C00A0020CDCCCCCC38B9054890F88C30F5
:104E200013F0010F08BF002070470020704700BF3B
:104E3000C00A002028B9044B93F88C0000F0010050
:104E400070470020704700BFC00A002050B9064BD1
:104E500093F88C0010F0010005D093F8250000F0C5
:104E60000300704700207047C00A002038B9054889
:104E700090F87E3013F0100F08BF0020704700201C
:104E8000704700BFC00A002070B58468B4F8843051
:104E900082B053B1B4F882209A4206D3266C002225
:104EA0004323A4F88420337213E0D4F88810002937
:104EB00040D0626F40F27123A2FB03238A4273F158
:104EC00000034FF0000035D3266CC4F888003C2363
:104ED0003372254D254B651BA3FB0535C5F3C7155F
:104EE00055BB4FF6FF7312223271F5807381B4F80F
:104EF00082307372606C00282ED0006800F008FECB
:104F0000C21C1B4B0094D2B201210020F9F7F6FB22
:104F100030F002030ED0174A1749184840F64C03E8
:104F20001AF0A3F8002383F31188BFF36F8F0323D4
:104F3000184602DF02B070BD0E4A11490F4840F614
:104F400033031AF092F8002383F31188BFF36F8FB5
:104F50000323184602DFC4E7AA1C0A4B0094D2B20E
:104F60000121F9F7CBFBD3E7C00A0020CDCCCCCC94
:104F7000AD40010088570300D45703006C50030074
:104F8000C8570300654001002DE9F8438F780546B6
:104F900017F03F0790F8270018BFCF780C460AF0AB
:104FA000EDFD484B1B78022B0646207801D14306C5
:104FB00029D4C0F38010F9F7D3FC0368C5F8933007
:104FC0008388A5F897304EB3237843F040032370CD
:104FD000A2782378900603F00F0321D1072B48D045
:104FE00004F10209C8463368C8F80030B388A8F84D
:104FF0000430237803F00F03012B1DD0072B19D0A9
:105000004046BDE8F883AB6FC5F89330B5F87C3007
:10501000A5F8973005F17800002ED5D10646D7E7E0
:10502000072BDDD1E378D90723D504F1020904F178
:105030000408D8E7BA07E3D595F827000AF0D0FDB1
:1050400005460028DCD0237843F080032370A37842
:1050500013F03F0F237803F00F031AD1072B20D052
:105060002B68C9F80630AB88A9F80A304046BDE87D
:10507000F883154A1549164840F6EC3319F0F5FF48
:10508000002383F31188BFF36F8F0323184602DFD9
:10509000CBE7072BE4D1E378DB0702D509F102095E
:1050A000DEE7094A09490A4840F6EC3319F0DDFF0A
:1050B000002383F31188BFF36F8F0323184602DFA9
:1050C000ECE700BFF9840020885703006059030013
:1050D0006C50030070B5037803F00F03072B0446F0
:1050E0000E4610D183789A099B0622D0012AC178F6
:1050F00007D9214B93F8352003EB82039B6B5B7838
:1051000013B3CD0729D525461B482946FFF73CFF99
:105110002B785B061AD4237803F00F03072B02D1F8
:10512000A3787F2B03D914483146FFF72DFF0020C9
:1051300070BD012AFBD9104B93F8352003EB820395
:105140009B6B5B78002BF2D10C2070BD0621F7F72A
:10515000F3FD0028DFD1122070BDC806E7D5064B4D
:105160005B6C5A7D03EB82039D69AB789906DED0B8
:10517000EB78DA07C8D4DAE7C00A00201F2955D82F
:105180002DE9F04190F8293000EB83039046DF6A67
:105190003A78822302F00F02D340DA0782B00D463C
:1051A00004463BD40DF1070128300CF0C3F93A78DE
:1051B000037802F00F0223F01F03134303703B78C0
:1051C0000278C3F3401363F3451202703B78D2B206
:1051D000C3F38013394663F38612027011F8023B61
:1051E000D2B2DB0963F3C712064600F8022B06228F
:1051F0001DF093FF2A46414606F1080006351DF0D2
:105200007EFF757094F88C30DB0711D49DF8073061
:1052100084F82930002002B0BDE8F08180F84C10FD
:105220000A464D3041461DF06AFFF3E712207047F1
:1052300094F8353004EB830331469A6B2046ECF743
:105240005FFD0028E2D0E6E710B90248FFF796BFFD
:105250000C207047C00A00201F295FD82DE9F041BB
:1052600090F8353000EB830382B09E6B0F46044606
:10527000904600F13405002E41D028460DF107017B
:105280000CF058F9037823F03F03314643F0040350
:10529000037011F8022BDBB2C2F3801203F03F035C
:1052A00043EA82130370BB1D437005460622023099
:1052B0001DF033FF3A46414605F108001DF01FFF7F
:1052C00094F88C30DA0707D49DF8073084F835302D
:1052D000002002B0BDE8F08194F8292004EB82029E
:1052E0004123D16A0A7802F00F02D340DB07EBD5E5
:1052F0002A462046ECF704FD0028E5D0E9E72846D9
:105300000CF062F8C0B258B994F8353004EB83035E
:105310009E6B0423337006237370AEE71220704730
:105320000720D6E710B90248FFF796BF0C20704758
:10533000C00A002010B5006A91F802E0407A00F03F
:10534000E004802CC0F3411C08BF40220CF106048D
:10535000C0F3801104EB020000F103004FEAC0002B
:1053600008BF1346C8401EF0400F00F5EA704FEA30
:105370009E120ED00CF12B03DB000CF1160CCB406F
:105380004FEACC0C03F598732CFA01FC63441844E3
:1053900010BD022AFCD11A190CF1150C4FEACC0CE5
:1053A00003322CFA01F3D200CA4003F59873134478
:1053B000184410BD026A90F831C0517E02EB8102A0
:1053C00000EB8C03D269596B5378927891F802C044
:1053D000C2F305023E339B1A4A78CCF3050C3E32E9
:1053E000A2EB0C02DBB2D2B2FFF7A4BF0860704799
:1053F0002DE9F047099E9DF820A03746814617F811
:105400001C4B0134E4B2154698463470002C30D061
:105410001F4A204BC2F80090A2F8088082F80AA028
:105420005560D7609A60002211460120F7F714FDFD
:1054300078B9336A1868836C23B11B6893F85220DB
:10544000920701D4BDE8F0875D65BDE8F04701F043
:105450002DBC114A1149124840F6625319F005FE5D
:10546000002383F31188BFF36F8F0323184602DFF5
:10547000DFE7094A0B490A4840F6265319F0F5FDC3
:1054800084F31188BFF36F8F0323184602DFBFE751
:10549000FC6D00208001002074590300605203005D
:1054A0006C5003009458030010B50C46FFF7DEFC67
:1054B00030B123688367A388A0F87C30002010BD3A
:1054C000422010BD1F2070470120704770B5FFF7C4
:1054D000CDFC78B390F88C5015F00105044626D128
:1054E000836C3BB1186890F85230DB071FD4A56479
:1054F00000F098FF636C53B11E680023636406F1EB
:1055000030000BF093FF0D493046F7F7E9FB04F14B
:1055100028000BF06FFF04F134000BF06BFF94F8E0
:105520007E306FF3041384F87E30284670BD0C255E
:10553000284670BD4225284670BD00BF2C6E002055
:1055400008B50020FFF7C2FF0C2818BF002008BDD7
:1055500010B5074820210BF013FA044628B9054B73
:10556000054801225021F7F781FB204610BD00BFFE
:105570000C6E00202C6E0020306E002008B5044810
:10558000044B01225021F7F771FB002008BD00BF3A
:10559000306E00202C6E002070B50020FFF766FCF6
:1055A00000B3436CF3B11D6895F84D2095F84C306D
:1055B000934217D10133DCB2022C15D006204023D0
:1055C000264610FB043006EB460605EB460628444B
:1055D00009F096FB96F8453060F3050386F84530F0
:1055E00085F84D40002070BD002640203446EAE793
:1055F0002DE9F04F89B001F1020CBDF8484000944C
:1056000014464A780790CDF808C013981AB18A78E2
:10561000920640F024818A7800266FF305028A7092
:10562000B34601960396B046B1460D78227805F050
:105630000F0522F03F022A4322700A782578C2F330
:10564000801262F3861525700A78EDB2D20962F3F2
:10565000C71522460CF1020E02F8025B8D78A7787E
:10566000AD0965F38717A77013F0010752D0012722
:1056700004F10A050497B9F1000F01D001F10A0EF7
:1056800013F0020A2FD006354FF0010AB8F1000FCF
:1056900001D00EF1060E13F0080955D0D0F80170B4
:1056A00006974FF00208C0F8015080F8008045448A
:1056B00005304FF00109039F0FB10EF1020E13F0F8
:1056C000100851D04FF0030880F80080C0F8015056
:1056D0004FF001080530019F002F51D0002705979A
:1056E0000EF1030E4EE0009FBF07CFD4B8F1000FBC
:1056F00000F07D8191F8008094F800904FEAD8186E
:1057000068F3C719063584F800904FF0010A0EF1CE
:10571000060EC0E7DDF800A01AF0010F02F1020545
:1057200040F09480B9F1000F00F063810D78277884
:10573000C5F3801565F38617254601F10A0E05F8B5
:105740000A7B012704979BE7009F3F0700F18480B5
:10575000039F002F00F04781CDF818E002354FF08D
:1057600001090EF1020EAAE7009FFF06B3D4019FC4
:10577000002F00F04181CDF814E04FF00108AFE7B1
:10578000019F0597049F47EA4A0747EAC90747EA86
:10579000081AB8F1000F00D00335BBF1000F04D098
:1057A0000EF1120E12354FF0010B002E7BD00126A8
:1057B0000EF1010E0135049691F802904E78C9F36E
:1057C0000509AEEB0C0C09F101095FFA8CFC5FFADC
:1057D00089F9CC4553D8B14500F2E280A9EB0C0C15
:1057E0005FFA8CF60EEB0607029713F4807752D01F
:1057F0000778C0F80150002F08BF374606703D44B7
:105800000530AA1AD2B2022A9CBFE51C012213F469
:10581000007F4AD04B7890F80080D0F80110DDF876
:1058200008C0C0F801C0A3EB0903DBB203708946CE
:105830000530B8F1000F40F0D080002940F0E8803A
:105840000299CDF800909846CC4640E00497B9F113
:10585000000F7FF413AF13E7CDF818902BE7CE7845
:1058600006F00802039206F0100206F0010906F0A5
:10587000020806F0200B019206F04006D5E6002E45
:1058800000F08C80CE1C13F4807702964FF0010953
:105890004FF00006ACD1DDF800C01CF4807F04BFDF
:1058A000AD193746ADE7049686E713F480687BD1DF
:1058B000009B13F4007C40F0AA8091F801800299CB
:1058C000CDF800C0A8EB09085FFA88F8E14608EBBC
:1058D0000C0EBEF11F0F43467BDC134463445F2B69
:1058E00000F38D80A378501E60F30503A37009EBCD
:1058F00008031A446270284642461DF00EFC009BC5
:105900002BB14A46194605EB08001DF0F8FBA378B9
:1059100098063FD0029BA3EB0608002F40F097802B
:10592000049A4FEA4B1343EA821343EA0A065906E4
:10593000374606D518F8013C05F8013C08F1FF3858
:10594000013DBA067AD4019B0BB1A8F10308FB060E
:10595000059B48BF033D23B11946032228461DF08D
:10596000DCFB039B0BB1A8F1020838070AD5069BA4
:10597000002B73D0069A137805F8023C537805F88B
:10598000013C023DB90750D4FA0747D4A3789B06DF
:1059900018BFE670002009B0BDE8F08FB14624E7DB
:1059A0001F2009B0BDE8F08F91F80180D0F80130D8
:1059B0000093A8EB090890F8009002995FFA88F824
:1059C000CC4608EB0C0EBEF11F0F00F1050043465C
:1059D00083DD072009B0BDE8F08F4FF0000CE146F1
:1059E000CDF800C073E7039F0697B94667E6C24645
:1059F00051E6CDF8109043E6B8460597C2E65F3A07
:105A00004A4442440270452009B0BDE8F08F414647
:105A1000C146CDF80080C44643465EE70622A8F1A1
:105A20000601A81F1DF079FBB0E7A8F10608063DA6
:105A30000622414628461DF070FBA5E7A8F1120892
:105A4000123D1222414628461DF067FB7BE7ED1B05
:105A50003246414628461DF060FB61E7DDF81CC078
:105A60000A489CF87E2002F00F0230F81210C1F3B1
:105A70000B03013120F8121005F8023C9CF87E203F
:105A80001B0A03EB021303F0FF0378E70C6E002000
:105A9000044A32F81030591C22F81010C3F30B00DE
:105AA000704700BF0C6E002070B503786FF30503DC
:105AB000037004460E4615460BF01EFB2278124B6F
:105AC00032288CBF0020012060F386122270A3FBD5
:105AD000062319095B0C04D00C4AA2FB06260123FD
:105AE000710920786170002D95FAA5F2B2FA82F260
:105AF00063F3C71008BF4FF0FF32C1F3042303EB79
:105B000042132070A37070BD89888888B5814E1BB0
:105B100008B503495022F7F7FBF8C0B208BD00BF33
:105B2000306E002008B5034900685022F7F7F0F8FE
:105B3000C0B208BD306E002070B51849502204462E
:105B4000F7F7E6F8C6B2F01C04F11C022146C0B219
:105B5000FAF76CF8054638B994F84E3060F3000354
:105B600084F84E30284670BD10F1780FFAD040F618
:105B700073230B4A0B490C4819F077FA0B482A4655
:105B8000314619F072FA002383F31188BFF36F8F47
:105B90000323184602DF284670BD00BF306E002088
:105BA00074590300B85903006C500300D059030026
:105BB00070B505461E48F7F77DF8A8B3044600F116
:105BC0001C0300F13006AB62304625620BF00CFC82
:105BD00030460BF0F9FB064630BB022104F12400ED
:105BE0000AF0B2FE022104F13E000AF0ADFE94F884
:105BF0004C5084F84D50062000FB054005EB450550
:105C000004EB4505403009F07BF895F8453060F32A
:105C1000050385F8453094F84E30E46166F30003DF
:105C200084F84E30204670BD0024204670BD00BF71
:105C30002C6E00202DE9F04788B00D46109F1E46BF
:105C4000FFF714F9002800F08F8090F8293000EB5E
:105C500083030446DB6A1B7803F00F03072B07D08E
:105C6000032D01D11F2E78D9122008B0BDE8F0878E
:105C700090F88C30DA076CD4032D01D0002EF3D0CD
:105C8000D4F84480B8F1000F00F0898098F81530FE
:105C900008EB8308D8F8189099F802307F2B67D961
:105CA00094F88C30DB0701D5002E54D094F83530B1
:105CB00004EB83030DF10F0104F13400D3F838A095
:105CC0000BF038FC042D80467AD00DF10E03CDF890
:105CD0001170002204AF01930DF10D0300931146E2
:105CE0003B4620468DF81060ECF706F90028BCD141
:105CF000032D4CD0002D3ED0022D75D1CDE90007EB
:105D000040F20143514642462046FFF771FC00280D
:105D1000ABD1636C9DF80E205A759DF80D3084F858
:105D2000293098F8003098F8012003F0400343F040
:105D3000070388F80030002A68D198F8003062F331
:105D4000861388F800309DF80F3084F83530002035
:105D50008BE7032D94D00C2087E73A46314608B0F4
:105D6000BDE8F047FFF778BA422008B0BDE8F087F9
:105D7000002E9BD078E7CDE9000740F20143514661
:105D800042462046FFF734FC0028C2D06DE7002EC3
:105D900055D010230093019740F20123B2E7294A1E
:105DA00029492A484FF4447319F05FF988F31188A0
:105DB000BFF36F8F0323184602DFD4F8448065E7F2
:105DC0000DF10E03002204AF01930DF10D030093BA
:105DD00011463B4620468DF81020CDF81120ECF7F7
:105DE0008BF800287FF441AF1023009301975146B0
:105DF00040F2012342462046FFF7FAFB00287FF4D9
:105E000034AF05F0FD05012D9DD182E798F80230F1
:105E100098F800104A466FF3871388F8023012F89A
:105E2000043BC3F3801363F38611434603F8041B5A
:105E3000D9F80410C8F8041092889A8083E788F88B
:105E4000016066E774590300505A03006C50030068
:105E50002DE9F04188B00E461D46FFF707F80028EF
:105E60007BD090F88C30DF0704460BD490F87E305E
:105E700099060DD516F0FD0F57D10C25284608B010
:105E8000BDE8F081022EF8D990F87E3098064CD407
:105E9000042EF2D01F2DF0D806F0FD030E9A8DF8D7
:105EA0001450012BCDF8152048D00DF10F020DF143
:105EB0000E03CDE900324FF4806105AB002220468D
:105EC000ECF71AF80546002DD8D1636C002BD5D01D
:105ED00094F88C20D20713D51F6897F84E30DB0753
:105EE00040D50DF11008414604F128000BF022FBCB
:105EF000002201462046EBF703FF002858D1636CCF
:105F00009DF80F205A7594F87E309DF80E2084F885
:105F10002920012E94BF0021012161F34513284659
:105F200084F87E3008B0BDE8F0811F2DA5D8042E7E
:105F3000B2D100238DF81430CDF815300DF10F02D9
:105F40000DF10E03CDE900324FF4007105AB0022D4
:105F50002046EBF7D1FF0546B5E74225284608B0B5
:105F6000BDE8F081626F40F2712342F6DC302946D1
:105F7000E2FB030140F2E2420023EAF7C9FFB887DF
:105F8000F8F7A8FC0DF110080E3004904146384691
:105F9000EBF71AFF049902463846EBF75DFF30B97C
:105FA00097F84E3043F0010387F84E309BE70D2001
:105FB000054663E710B5044630300BF037FA20464B
:105FC0000249BDE81040F6F78BBE00BF2C6E0020E2
:105FD000024B00280CBF184600207047306E00208E
:105FE0008C4690F8311000EB81011346496B6246F4
:105FF000FFF7A0B908B50C4B0122986002211046AA
:10600000F6F72AFF00B908BD084A0949094840F6D1
:10601000CF2319F02AF8002383F31188BFF36F8F81
:106020000323184602DF08BD7001002074590300E5
:10603000605203006C5003008268126A126882602A
:10604000FEF722BF90F82810024690F829008142FE
:10605000CBB204D00133DBB2022B08BF002302EB2A
:106060008303D96A0B7803F00F03072B23D18B78B6
:106070003F2B20D8C87800F0010110F0100016D096
:10608000526C107D92F815C06045C3B204D0013344
:10609000DBB2022B08BF002379B902EB83029369BC
:1060A000DB7813F0010F14BF002012207047002985
:1060B00008BF12207047122070470020704700BFB1
:1060C0000860704738B5154958220446F6F720FE97
:1060D000C5B2281D04F11C022146C0B2F9F7A6FD85
:1060E000044600B938BD10F1780F01D10C2038BD3D
:1060F00040F6BB130A4A0B490B4818F0B6FF0B4891
:106100002246294618F0B1FF002383F31188BFF31C
:106110006F8F0323184602DF0C20E8E7A46E0020EF
:10612000D85A0300B85903006C500300D05903003B
:106130002DE9F84309999DF820900D46804615F801
:106140001C4B0134E4B217461E460C7084B118484B
:10615000184B06810022C0E9008780F80A90C560CC
:10616000986011460120F6F777FE80B9BDE8F88304
:10617000114A1249124840F6383318F076FF84F37A
:106180001188BFF36F8F0323184602DFDFE70A4A47
:106190000C490B4840F6523318F067FF002383F395
:1061A0001188BFF36F8F0323184602DFBDE8F88321
:1061B000906E0020A0010020D85A030094580300DC
:1061C0006C500300605203002DE9F04383B00E468B
:1061D000FEF74CFE00283BD00546FFF733FF044690
:1061E00090BBD5F84880B8F1000F36D0D8F80070D1
:1061F00097F8524014F0020440F08A80A7F85060EB
:10620000A86C28B390F8293000EB83030DF1070147
:106210002830DD6A0BF08EF9002877D0854209D04E
:106220002B78C3F3030303706A784270A91C023011
:106230001CF065FF9DF8073088F8293097F8523038
:1062400043F0040387F85230204603B0BDE8F083E2
:106250004224204603B0BDE8F0833748F6F72AFD14
:106260000746002852D005F11C0300F1440400F158
:106270001C08C5F84880036220460BF0B5F820469C
:106280000BF0A2F810F0FF0440D107F12409FF61E0
:106290004846F6F70DFFC0B200283ED1484608F048
:1062A00085FD97F840407886062087F8414000FB3E
:1062B000047004EB440407EB4404343008F020FD80
:1062C00094F8393060F30503032184F8393007F17D
:1062D00028000AF039FB97F8523023F0030387F8BF
:1062E000523097F84530002207EB8303FA623A8672
:1062F0009B6C9978DA7062F38711C9B262F3050179
:1063000007221A70012299705A7071E707249BE7DF
:106310000C24204603B0BDE8F083084A0849094828
:10632000B32318F0A2FE84F31188BFF36F8F032309
:10633000184602DFB2E700BFA06E0020D85A030063
:10634000205103006C50030008B50448044B01229F
:106350005821F6F78BFC002008BD00BFA46E00207A
:10636000A06E002030B5002085B0FEF77FFD60B143
:10637000836C05464BB11C6894F8523013F002024E
:1063800006D162F3000384F85230002005B030BD1E
:106390000DF10F010DF10E020023CDE900212022A5
:1063A0001946EBF7A9FD0028F0D16A6C9DF80E3074
:1063B0009DF80F10517585F8293094F852309B07DD
:1063C00006D494F852306FF3000384F85230DCE7BF
:1063D0002046FFF777FE0028D8D194F8523060F3BA
:1063E000410384F85230ECE708B50448044B01221D
:1063F0005821F6F73BFC002008BD00BFA46E00202A
:10640000A06E0020024B00280CBF184600207047E9
:10641000A46E0020024900685822F6F779BC00BF3C
:10642000A46E002010B5044644300AF0FFFF204659
:106430000249BDE81040F6F753BC00BFA06E002033
:10644000036A5A7AC2F3411358180930C2F3801212
:10645000C000D04000F5EA70704700BF2DE9F04F52
:106460008BB08A46FEF702FD002800F01481856C8F
:106470000446002D00F0E580BAF1030F00F2E7803A
:106480001AF001032E680FD196F85220D50740F17B
:10649000D88012F0020140F0E08061F3000286F83B
:1064A00052204FF00009CEE0FFF7CCFD002840F06D
:1064B000C88096F8528018F0040F00F0C28095F85A
:1064C000293005EB83030DF1130105F12800D3F802
:1064D0002C900BF02FF80746002800F090811AF05E
:1064E000020F00F0DE806B681B6893F87E0000F0FE
:1064F0000F00FFF7CDFA7B78FD2B834600F2FE807C
:1065000099F80030C3F303033B7099F801A087F8B2
:1065100001A0BB1C184609F10201524603931CF06E
:10652000EEFDBB78980600F06D81FA78110700F156
:10653000918103F03F00411C8A4540F206824FF0F2
:106540000209B9F1020F0CBFFD23FC239A4523DD9C
:10655000C24AC349C3484FF4946318F086FD002330
:1065600083F31188BFF36F8F4FF0030A504602DFA9
:10657000BA4ABD49BB4840F2A14318F076FD00235A
:1065800083F31188BFF36F8F504602DFB87897F816
:1065900001A000F03F00411C039BAAEB000A194434
:1065A0000AF1FF3201EB09001CF0B7FD7B784B4488
:1065B0007B70BB789A0600F03381FA78100756BFDB
:1065C000039807F1060A00F1020AD00648BF0AF153
:1065D000030A114612F0400218BF0AF1010AF81C22
:1065E00003F03F03AAEB00009842C0F23F81B87865
:1065F0004B4463F30500B8703AB10AF1FF331AF85F
:10660000012C03F80920F9789A46C80600F13C816C
:106610000A0700F11981FB7843F00803FB706B68EF
:106620001A68BB789B0669D0FB78180766D587F88F
:1066300004B092F87E20CBF3032303EB02137B71AB
:106640005CE04FF00C0948460BB0BDE8F08F4FF00E
:10665000110948460BB0BDE8F08F08AA019207AABD
:10666000009219462022EBF747FC81460028EAD128
:10667000636C9DF820205A759DF81C3084F82930F1
:1066800096F852309C0751D496F852306FF30003BD
:1066900086F85230D7E74FF0420948460BB0BDE8C4
:1066A000F08F837813F03F0928D0C278110740F1AA
:1066B0009C804A46811D04301CF02FFDBB78FA787F
:1066C000A9F1020000F03F0060F30503BB7003F086
:1066D0003F036FF3C302012BFA7000F08A808145FB
:1066E0000CD07B7809F10102934200F2A380BA78C2
:1066F000C2F30502A2EB090213447B7094F88C30BC
:10670000DA0704D596F8522012F002021AD09DF84A
:10671000133085F8293018F0010F7FF4C2AE96F8D7
:10672000523043F0010386F85230BAE63046FFF7A4
:10673000C9FC00287CD196F8523069F3410386F8F1
:106740005230A1E70DF1150105ABD4F844B0204655
:10675000CDE9003108AB2021EBF7CEFB8246814624
:1067600000287FF470AFDDF821301880B6F85010A3
:106770005980716AC3F80910318D96F82A00D873D0
:106780003A46A3F80D1083F810A083F811A0314603
:106790002046ECF7E9FA0746BBF1000F00F09A80BB
:1067A000CDF81CA0F8F796F80E30069006A93069CF
:1067B00008F03CFAC0B2069A08B9023206923B468B
:1067C00031462046ECF70CFB002867D196F8523092
:1067D00043F0020386F852309DF815308BF81530DF
:1067E0009DF8143084F8293091E703F03F03012B22
:1067F00084D1BB786FF30503BB70002071E74FF0C5
:10680000070920E703F03F00411C8A4502D94FF0F9
:10681000030996E60AF1030A87F801A04FF003097D
:106820004FF00803FB70BB7869F30503BB70F6E615
:10683000814608E7A3EB0903F91C5A1E08444944A2
:106840001CF06BFC7B7852E7D1443AF8023C29F803
:10685000023CE4E66B681A68E9E600BFD85A030018
:106860001C5B03006C500300285B03001B1ADAB2A8
:1068700051460AEB09001CF050FCBB78F97803F094
:106880003F0301F04002B2E6AAF1030A5146032297
:106890000AEB09001CF041FCF978B9E60DF117018B
:1068A0000DF11602CDE900210023202219462046D1
:1068B000EBF722FB58B9636C9DF817205A759DF8C9
:1068C000163084F8293096F852309B074CD44FF09C
:1068D0000D09B8E6D4F844B0DBF80090F7F7FAFFFA
:1068E0000E30079007A94846EBF76EFA079AD9F8D9
:1068F000101002320A4402443B468246314620468A
:106900000692ECF76DFA07460028C7D196F8523088
:106910009DF8141043F0020386F852309DF81530AC
:106920008BF81530636F84F829100F33A9F83C30C9
:10693000079952464846EBF78FFA68B999F84E30F6
:1069400043F0010389F84E30E1E60AF1020A87F8C4
:1069500001A04FF0020931E60DF116030DF1170207
:10696000CDE900323B46A0E73046FFF7ABFB0028FD
:10697000ADD196F8522060F3410286F85220A6E786
:106980002DE9F04F87B00D4616461F46FEF76EFA0A
:10699000002859D08046FFF755FB044600284FD108
:1069A000D8F84880B8F1000F4ED0D8F800A09AF877
:1069B0005230D8074DD5022D50D9590701D4042D96
:1069C0004CD01F2E4AD898F8293008EB83030DF1DC
:1069D000170108F12800D3F82CB00AF0ABFD81466E
:1069E000002800F0B280042D00F0B18005F0FD0316
:1069F000012B38D09BF80030C3F3030303709BF8DE
:106A000001204270831C18460BF1020101921CF018
:106A100076FB019A0346002E6BD19AF852309B0701
:106A200000F1D9809DF8173088F829309AF8523053
:106A3000012D94BF0025012565F382038AF85230A9
:106A4000204607B0BDE8F08F4224204607B0BDE8DD
:106A5000F08F5A07B3D515F0FD0FB2D10C242046A4
:106A600007B0BDE8F08F83453DD09BF800208178CA
:106A7000C2F3030202709BF80220920962F38711AD
:106A800081709BF80220900640F0AE80002199F8BA
:106A9000022061F3050289F80220D2B289F80130A0
:106AA000930603D099F8033018072FD4002EB4D0E2
:106AB00099F8010099F80220431EC2F305029B1ABF
:106AC00056FA83F31F2B40DC09F1020339461844C0
:106AD00032461CF014FB99F80130334489F8013038
:106AE0009AF852309BE78278C2F305030133DBB298
:106AF000D4E799F80200511EC0F30500091A56FAAE
:106B000081F11F2921DC98183946E1E7D8F80430D3
:106B10001B6893F87E0000F00F00FEF7B9FFD8F86D
:106B200004301A6899F802309906BFD099F80330FA
:106B30001B07BBD589F8040092F87E30C0F3032010
:106B400000EB031389F80530B0E7072478E7D8F89D
:106B500004301B6893F87E0000F00F00FEF798FFEA
:106B60009BF80030C3F3030389F800309BF8012041
:106B700089F8012007460BF1020109F10200019298
:106B80001CF0BDFA99F80230019A13F03F0F10D0B3
:106B900099F803301B070CD5D8F804301B6889F826
:106BA000047093F87E10C7F3032303EB011389F8F5
:106BB00005309AF85230D90709D599F8021001F03A
:106BC0003F010131914202D0002E3FF428AFCB4566
:106BD00055D0122434E749465046ECF751F90028C5
:106BE0003FF420AF04462BE7002289F803209BF8EE
:106BF000032009F104001107029031D40BF10401C4
:106C0000019052060BD5019811F8012B00F8012BC9
:106C100099F80320019042F0400289F803209BF884
:106C200002200BF1030BA1EB0B0B02F03F0293458B
:106C30000ADA0393A2EB0B02019BD2B2184613446B
:106C400001931CF05CFA039BDDE9012191423FF4C2
:106C50001DAF09F10303D11A01F03F014B1C16E7E8
:106C6000BBF80420A9F80420082209F1060189F8DC
:106C7000032001919BF803200BF10601C1E79DF869
:106C8000173088F82930A4E700230B80B0F8502093
:106C90004A80426AC1F80920028D90F82A00C87320
:106CA000A1F80D200B744B74704700BF08B50C4B56
:106CB0000122986002211046F6F7CEF800B908BD0F
:106CC000084A0949094840F2DF3318F0CEF9002399
:106CD00083F31188BFF36F8F0323184602DF08BDCB
:106CE00090010020D85A0300605203006C5003004A
:106CF00091422DE9F047904699460BD00B78C3F3AB
:106D0000030313704A7888F80120023108F1020069
:106D10001CF0F5F998F8033098F802701A074CBF88
:106D200008F1060508F104055B0648BF013508F1C6
:106D30000303EB1A07F03F07BB4224DAFF1A17F0F0
:106D4000FF0720D0DFF884A02E780123F418E4B2E6
:106D5000E6B16B781E491F484B45524640F6110379
:106D600016D0A74209D218F080F9002383F31188C6
:106D7000BFF36F8F0323184602DF23463C1B14F03A
:106D8000FF071D44E0D10020BDE8F0871C46F5E771
:106D90000136F6B2A91998F8012008F10203CB1ABE
:106DA000D21A28461CF0B9F998F8023098F8012058
:106DB000C3F30501891B61F30503921B88F80120C9
:106DC00088F802300020BDE8F08700BFD85A0300E1
:106DD000385B03006C50030030B5846863681B683F
:106DE000986C83B0B8B190F8293000EB83030DF1B3
:106DF00007012830DD6A0AF09DFB024658B12823BE
:106E000029462046FFF774FFE0B99DF8073084F863
:106E1000293003B030BD164A1649174840F2B63340
:106E200018F023F9002282F31188BFF36F8F032338
:106E3000184602DF1546282329462046FFF758FF4B
:106E40000028E2D00A4A0B490B4840F2BA3318F046
:106E50000CF9002383F31188BFF36F8F03231846C7
:106E600002DF9DF8073084F8293003B030BD00BF41
:106E7000D85A0300205103006C5003002DE9F0475D
:106E800091429DF8208014461F4645D00B78C3F3ED
:106E9000030313704D78557002312A46A01C1CF074
:106EA0002EF9A27812F03F0106BF08F10106F6B2F2
:106EB0004646C6F1FF039D4230DC02F03F03EA1A6A
:106EC000013A5D1C04F1020A12F0FF020AEB050907
:106ED00017D189B14246394648461CF010F9A378CB
:106EE0006178C3F30502324462F305030E44667011
:106EF000A3700020BDE8F0870AF8051009F1010928
:106F0000E8E7494609EB06001CF007F9A17801F013
:106F10003F010029DED1EFE75578C2E74520BDE803
:106F2000F08700BFF0B5002087B0FDF79FFF38B1B4
:106F3000846C2CB194F8252094F824309A4202D025
:106F4000002007B0F0BD94F8293004EB83030DF165
:106F50000B0104F12800DE6A0AF0ECFA054600286D
:106F6000EED042F608030DF10E00ADF80C3007F03C
:106F7000C7FEA08A06303146ADF8130086B209205C
:106F8000009003AB2A462046FFF778FF074600280B
:106F9000D6D194F825500135EDB2022D19D0062036
:106FA000182310FB05302F4605EB450504EB45057E
:106FB000204407F0A5FE6B7F9DF80B2060F30503CE
:106FC00000206B77E68484F8292084F8257007B0C8
:106FD000F0BD18203D46E7E72DE9F04788B081462F
:106FE000119E9DF840A03746904617F81C5B01356E
:106FF000EDB21C463570002D00F09380604A614B65
:10700000D760C2E90098148182F80AA09A60002231
:1070100011460120F5F720FF002872D1758F002D51
:107020003ED00134A4B2A54204D92C1B748708B009
:10703000BDE8F087B6F854306BB3534A1D44B31A19
:10704000524AA2FB03232D1B13F47F5FADB2C3F39F
:10705000871740F085800024BA1DCDE90544CDE9AD
:107060000354CDE9014400942346D2B201212046C5
:10707000F7F7E8FA10F0FD0F0DD0454A45494648AC
:1070800040F2CB3317F0F1FF84F31188BFF36F8F19
:107090000323184602DF0023738708B0BDE8F0879A
:1070A000338F002BC3D0002CC1D0374A3749B21AD6
:1070B000A1FB021212F47F5FC2F3871740D10024B4
:1070C0000121BA1D7387D2B2CDE90544CDE9031180
:1070D000CDE90144009423462046F7F7B3FA10F0B7
:1070E000FD0FA4D02A4A2B492B484FF4777317F091
:1070F000BCFF84F31188BFF36F8F0323184602DFB0
:1071000095E7234A2549244840F2B13317F0ADFFF3
:10711000002383F31188BFF36F8F0323184602DF28
:107120007CE71B4A1E491C484FF4697317F09DFF0A
:1071300085F31188BFF36F8F0323184602DF5DE7E5
:10714000134A1849144840F2D53317F08EFF85F3DF
:107150001188BFF36F8F0323184602DF338FAEE72A
:107160000B4A10490C4840F2C33317F07EFF00234E
:1071700083F31188BFF36F8F0323184602DF6AE79A
:10718000146F0020D0010020600B0020A38B2EBACA
:10719000485B0300D45703006C50030060520300A7
:1071A00094580300C85703000368196D11B10868AB
:1071B000F8F712BC704700BF00B170470C4B10B518
:1071C00002460446996002200121F5F745FE00B908
:1071D00010BD084A0849094840F2594317F045FFD5
:1071E00084F31188BFF36F8F0323184602DF10BDAD
:1071F000C0010020485B0300605203006C50030094
:1072000038B503780446002B30D01D4D436900F19A
:107210001C01A9607BB11B4A1B491C4840F26E430C
:1072200017F023FF002383F31188BFF36F8F03232D
:10723000184602DFA9681648114B0022C4E905016F
:1072400011460120F5F708FE00B938BD0D4A114975
:107250000E4840F2754317F008FF002383F31188AE
:10726000BFF36F8F0323184602DF38BDC369196D62
:107270000029EAD0BDE838400868F8F7ADBB00BF88
:10728000B0010020485B0300805803006C500300ED
:10729000A97101006052030000F0B0BB70B591F815
:1072A000563043F001030C46064681F8563006304E
:1072B00001F11C02C0B2F8F7B9FC18BB00F0FEFBEC
:1072C000C56A064615B12B689C4201D0002070BDEE
:1072D00000F098FC08B178302CD1F36A002BF5D07F
:1072E0009D42F3D1144A154915484FF4307317F0F5
:1072F000BCFE002383F31188BFF36F8F032318466E
:1073000002DFE3E710F1780F054613D040F2962331
:10731000094A0C490A4817F0A8FE0B482A4631468C
:1073200017F0A3FE002383F31188BFF36F8F0323AD
:10733000184602DF0C2070BD485B0300885B030029
:107340006C500300B8590300D059030070B5134CBA
:1073500094F856309B0701D5206A10B10C252846B9
:1073600070BD2146FFF79AFF05460028F7D194F833
:107370005630266D60F3410384F8563036B12065EF
:107380003068F8F705FB3046F8F70EFB0020FDF7F4
:1073900043FD0028E3D108F049FAE0E7600B002044
:1073A000002859D0F0B56F4C94F8563013F002060F
:1073B0008BB00D46174651D1590708D50120F7F774
:1073C000CFFA0621F5F7B8FC002800F0B9801DBB04
:1073D00094F8320094F856302587C0F3C100C3F307
:1073E0008106A4F85450256508F060FAA38F94F83C
:1073F000322003F0BF0363F0FF039206A38703D597
:10740000B31E012B40F29F80238F564863870BB039
:10741000BDE8F040EBF704BE5349B4F8442042F213
:10742000107305FB03F3A1FB03135B0AB3FBF2F339
:107430009BB22387002F35D1A4F85470F8F7A2FA35
:107440000546002800F08C80F8F7A8FA03460028CB
:1074500000F08380056035E0FFF778BF00296CD02D
:10746000002A6AD0228F002A67D0B4F85420002A5C
:1074700063D0580707D50120F7F772FA0621F5F710
:107480005BFC00285CD0384A42F2107305FB03F322
:10749000A2FB03235B0AB4F84420B3FBF2F39BB2D4
:1074A000238701263149304807FB01F1A0FB010188
:1074B000B5EB513F44D2490AB1FBF2F1C91AA4F825
:1074C0005410002394F8320094F856502365C0F30A
:1074D000C10008F0EBF9A38F94F8322003F0BF034A
:1074E00063F0FF03A3879306C5F381050BD5023D27
:1074F000012D08D8002008F0FDF994F83C3043F045
:10750000400384F83C30002E3FF47EAF002318483F
:10751000059009AD01220221CDE90322CDE9013315
:107520000991069500930321062263871846F7F711
:1075300089F82946F8F7EEFA18B10C200BB0F0BD27
:1075400012200BB0F0BD284608F0D4F994F83C3076
:1075500043F0400384F83C3056E72846F8F718FA21
:107560000720EEE7600B00205917B7D10088130001
:1075700079EA000008B5FFF7E9FE054B93F83C20D7
:107580006FF3020283F83C20BDE8084000F044BAE3
:10759000600B002070B58468B4F8543082B00BB131
:1075A00002B070BD238F002BFAD0658F002DF7D16C
:1075B0001C4B1D4A2587E31AA2FB032313F47F5FAC
:1075C000C3F387161ED1236D0B21B21D1971DE8006
:1075D000D2B2164B009401210020F7F78FF810F07B
:1075E000FD0FDDD0124A1349134840F2F72317F07C
:1075F0003CFD002383F31188BFF36F8F03231846EC
:1076000002DFCDE70A4A0D490B4840F2DF2317F0AD
:107610002CFD85F31188BFF36F8F0323184602DF1B
:10762000D1E700BF600B0020A38B2EBAB971010017
:10763000485B0300D45703006C500300C857030095
:1076400008B538B90E4B93F8562060F3410283F821
:10765000562008BD0B4A0C490C484FF4407317F0F4
:1076600004FD002383F31188BFF36F8F03221046BC
:1076700002DF93F8562063F3410283F85620FFDEC1
:10768000600B0020485B0300AC5B03006C50030000
:10769000024B00280CBF184600207047600B0020EA
:1076A000034A044B801AA3FB0030C0F387107047D5
:1076B000600B0020A38B2EBA044A0068044B801A8A
:1076C000A3FB0030C0F38710704700BF600B0020A1
:1076D000A38B2EBA024B834218BF0020704700BF15
:1076E000600B00200068034B984214BF00201C3040
:1076F000704700BF600B002038B9054890F856303D
:1077000013F0020F08BF002070470020704700BF31
:10771000600B0020044A92F8563003F0020318432D
:107720000CBF104600207047600B0020A0B90B4A28
:1077300092F8563013F002000FD0106A92F832100F
:107740000038C1F34012C3F3400303FA02F318BF39
:10775000012043EA8000704700207047600B002042
:1077600050B9064B93F8560010F0020005D093F87C
:107770003200C0F3C100704700207047600B00204A
:107780002DE9F041079D9DF818702C780134E4B282
:1077900080461E462C7094B11849194BC1F80080E0
:1077A00000241C354C600E818F72CD60996022469A
:1077B00021460120F5F750FB80B9BDE8F081114A60
:1077C0001149124840F2F15317F04FFC84F311882D
:1077D000BFF36F8F0323184602DFDDE7094A0C4928
:1077E0000A4840F2FE5317F040FC84F31188BFF3BF
:1077F0006F8F0323184602DFBDE8F081406F002041
:10780000F0010020B45B0300945803006C500300A7
:107810006052030038B5C56A0446B5B1216B31B179
:10782000002323630868F8F7C5F8F8F7CFF8E36A90
:107830001868FFF74FFFE56AB5B10023E362204601
:107840001149BDE83840F5F74BBA104A10491148C4
:1078500040F27B5317F009FC85F31188BFF36F8F5B
:107860000323184602DFD9E7084A0949094840F2CC
:10787000365317F0FAFB85F31188BFF36F8F03239C
:10788000184602DFD9E700BF586F0020B45B030041
:10789000F85B03006C50030038B5C56A0446002D40
:1078A00032D0237803F0FF024BB3012A14D163696D
:1078B00073B11D4A1D491E4840F2695317F0D5FBAC
:1078C000002383F31188BFF36F8F0323184602DF71
:1078D000184BC4E9053438BD134A1749144840F21F
:1078E000675317F0C2FB002383F31188BFF36F8F38
:1078F0000323184602DF6369002BDAD1E8E720464C
:10790000BDE83840FFF786BF074A0C49084840F2F7
:10791000535317F0AAFB85F31188BFF36F8F03232E
:10792000184602DFBDE700BFB45B030080580300C8
:107930006C50030041790100045C0300F85B030014
:1079400038B5C56A044625B12046BDE83840FFF782
:1079500061BF094A09490A4840F2475317F085FBBD
:1079600085F31188BFF36F8F0323184602DF20468B
:10797000BDE83840FFF74EBFB45B0300F85B03007F
:107980006C500300F0B138B5CD6A0C46DDB1154935
:10799000154B0022C3E9024102200121F5F75CFAF0
:1079A00000B938BD114A1249124840F22F6317F04E
:1079B0005CFB002383F31188BFF36F8F032318460A
:1079C00002DF38BD7047094A0B490A4840F2256377
:1079D00017F04BFB85F31188BFF36F8F0323184615
:1079E00002DFD4E79978010000020020B45B0300B5
:1079F000605203006C500300F85B030008B50448B4
:107A0000044B01223C21F5F731F9002008BD00BFED
:107A10005C6F0020586F002008B50448044B012219
:107A20003C21F5F723F9002008BD00BF5C6F002062
:107A3000586F002070B58668F46A74B125682846CE
:107A4000FFF748FE0446E8B195F85630DB072BD423
:107A50003046BDE87040FFF7DDBE144A14491548B2
:107A600040F2134317F001FB84F31188BFF36F8FCB
:107A70000323184602DF25682846FFF72BFE04463D
:107A80000028E1D1094A0C490A4840F2164317F090
:107A9000ECFA84F31188BFF36F8F0323184602DFDB
:107AA00095F85630DB07D3D570BD00BFB45B03003B
:107AB000205C03006C500300FC5C0300024B0028B8
:107AC0000CBF1846002070475C6F002008B50349C2
:107AD00000683C22F5F71CF9C0B208BD5C6F0020BD
:107AE00070B5056849B1EE6A0C4646B13068FFF7DB
:107AF000F1FD003818BF01202070E86A70BD074A08
:107B00000749084840F23F4317F0AFFA86F311885F
:107B1000BFF36F8F0323184602DFE7E7B45B030070
:107B2000185D03006C500300F8B58B6806461868B2
:107B30000C46FFF7CFFD002835D0E368A16801228D
:107B40002271D3B11F68FD6AF5B12868FFF7C2FD45
:107B5000054600282DD090F85630DB0705D4FD6A85
:107B6000002D35D03846FFF797FE21463046F7F70F
:107B700021FFBDE8F840F7F729BF8B69002BF4D04F
:107B80001F68FD6A002DE0D1194A1A491A4840F2CF
:107B9000B94317F06AFA85F31188BFF36F8F032397
:107BA000184602DFD1E7A36801222271002BE7D13A
:107BB000DBE70F4A1149104840F2C74317F055FA66
:107BC00085F31188BFF36F8F0323184602DFF8BDDA
:107BD000074A0B49084840F2CC4317F046FA85F3B0
:107BE0001188BFF36F8F0323184602DFBAE700BF87
:107BF000B45B0300205C03006C500300445103009D
:107C0000F85B030038B51B493C220446F5F780F8C1
:107C100004F11C0507302A462146C0B2F8F706F8E1
:107C200050B110F1780F00D038BD2846F7F7C0FFEB
:107C300010B110F1780FF7D10F49104B0022C3E9B2
:107C4000024103200121F5F707F908B9002038BDEA
:107C50000B4A0C490C4840F21D5317F006FA00235A
:107C600083F31188BFF36F8F0323184602DF0020D0
:107C7000EDE700BF5C6F002015780100E0010020F7
:107C8000B45B0300605203006C50030010B5134B4B
:107C90001348144C04224FF4E071F4F7E7FF124B41
:107CA0000722181D2421F4F7E1FF104B1722181D9D
:107CB0000821F4F7DBFF03F0D3F80D4A0D4B0E4912
:107CC000002010601B221A800C4A03234FF4A47C6E
:107CD000A4F800C00B70137010BD00BFC86F002067
:107CE000B80B0020CA84002088700020CC6F0020D0
:107CF00090720020CC840020FD840020FC840020B1
:107D00002DE9F0410668334982B004464FF4E07231
:107D10003046F4F7FDFF04F1680521460BF0D6FD6F
:107D2000E06E01AA2946F5F733F808B3DFF8A8801A
:107D30004FF6FF7798F8C12098F8C010531CDBB2BB
:107D4000182B08BF0023994232D008EBC20128F853
:107D50003270019A4A6012680260019A106088F8D5
:107D6000C130E06E01AA2946F5F712F80028E1D1EA
:107D7000D6F8644106F5B2754CB10023C6F86431FB
:107D800029462046F7F7EEFF02B0BDE8F081134A1E
:107D90001349144840F2FC7317F067F984F3118813
:107DA000BFF36F8F0323184602DFD6F86441E4E780
:107DB0000A4A0D490B484FF4FD6317F056F90023AA
:107DC00083F31188BFF36F8F0322104602DF1B80FD
:107DD000FFDE00BFB80B002088710020205D03008B
:107DE000685D03006C500300605D030010B50C4635
:107DF000C0B9144B0022012102209C60F5F72CF839
:107E000000B910BD104A1149114840F2A27317F091
:107E10002CF9002383F31188BFF36F8F03231846D7
:107E200002DF10BD084A0B49094840F29C7317F065
:107E30001CF9002383F31188BFF36F8F03231846C7
:107E400002DFD6E730020020205D0300605203000D
:107E50006C5003007458030008B50C4B0022986066
:107E600011460120F4F7F8FF00B908BD084A094996
:107E7000094840F2CE7317F0F8F8002383F3118815
:107E8000BFF36F8F0323184602DF08BD10020020E6
:107E9000205D0300605203006C50030038B50446B7
:107EA00010F81C3B002B2ED0194D6369A8607BB1E4
:107EB000184A1949194840F2B77317F0D6F8002349
:107EC00083F31188BFF36F8F0323184602DFA8687E
:107ED00013490F4B0022C4E9051011460120F4F7A5
:107EE000BBFF00B938BD0B4A0E490C4840F2BE73C7
:107EF00017F0BBF8002383F31188BFF36F8F0323C0
:107F0000184602DF38BDBDE83840FFF7A5BF00BF07
:107F100020020020205D0300805803006C50030005
:107F2000597E01006052030083685A6892F8273036
:107F3000DB0900F1080101D0ECF75EB8ECF73CBDBD
:107F400000B9704710B50C46F7F72CFE844212D0EA
:107F5000F7F70AFE84420ED0074A0849084840F263
:107F6000D66317F082F8002383F31188BFF36F8F75
:107F70000323184602DF10BD205D0300785D030077
:107F80006C50030010B50C46A0B92046F7F7FEFD73
:107F900084420ED00F4A1049104840F2EC6317F0AB
:107FA00064F8002383F31188BFF36F8F032318460F
:107FB00002DF10BD074A0A49084840F2E96317F09A
:107FC00054F8002383F31188BFF36F8F03231846FF
:107FD00002DFDAE7205D0300CC5D03006C50030094
:107FE0007458030010B50C46A0B92046F7F7C2FD3F
:107FF00084420ED00F4A1049104840F2E26317F055
:1080000034F8002383F31188BFF36F8F03231846DE
:1080100002DF10BD074A0A49084840F2DF6317F043
:1080200024F8002383F31188BFF36F8F03231846CE
:1080300002DFDAE7205D0300CC5D03006C50030033
:108040007458030010B586B000230A9A0BACCDE932
:108050000224CDE90033032218460594F0F740FED0
:1080600006B010BD0148F4F725BE00BFC86F002060
:108070000149F4F735BE00BFC86F002002494FF434
:10808000E072F4F745BE00BFB80B002002464FF483
:10809000E0710148F4F738BEB80B002003280DD872
:1080A00010B50446224606484FF4E071F4F72CFE62
:1080B000038EA34200D110BD002010BD00207047E8
:1080C000B80B00200148F4F7F5BD00BF8870002010
:1080D0000149F4F705BE00BF88700020032800F2B4
:1080E000DD802DE9F04F044687B079480E462246E0
:1080F0004FF4E071F4F708FE038EA342054664D105
:10810000744A92F8411092F840004B1CDBB2082BE5
:1081100008BF0023984279D022F8314002EBC10118
:108120004E6082F841302B7803F0FF00002B5ED0C8
:10813000DFF8A481D8F80030062B6CD8DFF89CA1BA
:10814000674B0022012103209D60F4F785FE95F91D
:108150004330002B55DBDFF88C9119F0CFFDD9F8B7
:1081600000100746411A6048C1F30E02A2FB00242A
:10817000D20B42EA4442C90BE40BE1FB002400238A
:108180009042154673EB040224D3DFF860B1D8F8AF
:108190000070DBF800300137767955481E442346DD
:1081A00055EA0304A6FB00012A46CBF800603144DF
:1081B00004BF01220023E8F7ABFECAF8000000204C
:1081C000C8F8007007B0BDE8F08F6FF0150007B079
:1081D000BDE8F08F47490A6802F00702022A60D81A
:1081E000DFF808B1C9F8007000230127D4E70CF0CC
:1081F0005BF895F94330DFF8E080DFF8E0A0002B72
:10820000A9DA2146284606F007FAA4E76FF06800CD
:1082100007B0BDE8F08F95F89A3095F88200DFF846
:10822000BCA0C3F300139B0000F00302DBB21344B5
:1082300002F10901C900C0F340022433D140DB0040
:10824000D34001F596721344DAF800002A4AB2FBD3
:10825000F0F29A4239D957009631013F07EB4107B6
:10826000FF1A4900B7FBF1F7FFB238460CF01CF8D3
:10827000B8423FF465AF1F490B6803F00703022BB8
:108280007FF65EAF00231D4A0292CDE90307CDE9D8
:10829000003318460322FFF7D5FE51E76FF01500B3
:1082A0007047CDE90033DFF844B0DAF800200592DA
:1082B000DBF800200492D8F800200392104A0292C2
:1082C00018460322FFF7BEFE8CE70027CDE700BF6C
:1082D000B80B00204C720020C46F0020C06F00203B
:1082E00040020020BC6F002000CA9A3BB86F0020FB
:1082F0000050D6DC8404002000E6DF0CD85D0300CB
:10830000F85D03002DE9F04F85B00328BDF83890E3
:10831000BDF83CA0BDF840B0039214D804460D4609
:108320001B4822464FF4E0711E46F4F7EDFCB0F80E
:108330003080A045074606D175B1022D07D0012037
:1083400005B0BDE8F08F022005B0BDE8F08F039BBB
:10835000ABB903F06FF80EE0119B0193CDF800B0BC
:1083600053464A46314602F0DDFF0028ECD197F92A
:108370004330002B07DB002005B0BDE8F08F0399E8
:1083800003F068F8F7E74146384606F045F9F2E7AA
:10839000B80B002003281ED870B504460D460F48C0
:1083A00022464FF4E071F4F7AFFC038EA342064679
:1083B00008D102F049FF38B103682B6003792B71B3
:1083C000002070BD022070BDD6F83E302B6096F8BC
:1083D00042302B71F4E70220704700BFB80B002039
:1083E000032870B502D90224204670BD05460C460C
:1083F00015482A464FF4E071F4F786FC038EAB4231
:1084000006461FD11A2C04D8042C16D81224204654
:1084100070BD292C01D03B2CF8D12146304602F00A
:10842000DDFE04460028DFD196F94330002BDBDA6D
:108430002946304606F0F0F8D6E7044BE340DB0768
:10844000EBD4E3E70C24CFE7B80B0020200038047E
:10845000032870B515D8044622460E484FF4E07143
:10846000F4F752FC068EA64205460AD1012102F01D
:1084700003FE044618B995F94330002B04DB20466F
:1084800070BD0224204670BD2846314606F0C4F86F
:10849000204670BDB80B0020032870B514D80446E0
:1084A00022460E484FF4E071F4F72EFC068EA642E9
:1084B000054609D102F0F8FD044618B995F9433094
:1084C000002B04DB204670BD0224204670BD2846E8
:1084D000314606F0A1F8204670BD00BFB80B002061
:1084E000A1F11B03E02B2BD8A2F5A4732DE9F041D9
:1084F0009BB2164644F2481293421ED80328054602
:1085000020D802460C4615484FF4E071F4F7FCFB06
:10851000B0F83080A845074614D1D0F840319B060A
:1085200013D53246214602F0A1FE38B997F94330FF
:10853000002B0DDB0020BDE8F0811220BDE8F081AA
:10854000122070470220BDE8F0811A20BDE8F081BA
:108550004146384606F060F8ECE700BFB80B002053
:10856000034A044B12881B8802800B80704700BFAF
:10857000CC840020CA840020A0F11B03E02B0CD87F
:10858000A1F5A4739BB244F24812934205D8044A61
:10859000044B10801980002070471220704700BFE4
:1085A000CC840020CA8400204FF01B0CA0F800C02F
:1085B0004FF4A470A2F800C008801880704700BF74
:1085C00003281BD870B504460E4615464FF4E071DB
:1085D00002460B48F4F798FB028EA24203460BD1E9
:1085E00090F88240C4F30204347093F88330C3F3EC
:1085F00002032B70002070BD022070BD0220704766
:10860000B80B0020024A034B10701970002070470D
:10861000FD840020FC8400202DE9F043032883B072
:1086200024D80446884617464FF4E07102461448A1
:108630001E46F4F769FBB0F83090A145054615D108
:10864000D0F84031DB0516D50124009433463A4674
:10865000414602F09BFD044648B995F94330002B92
:1086600005DA4946284605F0D7FF00E002242046F7
:1086700003B0BDE8F0831A24204603B0BDE8F083C0
:10868000B80B0020032812D838B504460D46094817
:1086900022464FF4E071F4F737FB038EA34204D176
:1086A00090F8DE302B70002038BD022038BD02204B
:1086B000704700BFB80B002003282ED838B50446F9
:1086C0000D46174822464FF4E071F4F71DFB038E68
:1086D000A34220D1438EB0F89A21052B0FD8013345
:1086E0009BB202FB03F30F494FF4FA7202FB03F350
:1086F000A1FB0313C3F34F332B80002038BD03FBD2
:1087000002F2084940F2E24303FB02F2A1FB02122B
:10871000C2F34F33F0E7022038BD0220704700BF9C
:10872000B80B00205917B7D103282ED838B5054605
:108730000C4617482A464FF4E071F4F7E5FA038E29
:10874000AB4284461FD1438E42F2107202FB04F109
:10875000052B01F1FF310DD801339BB24FF4FA72B2
:1087600002FB03F31944B1FBF3F189B2ACF89A119F
:10877000002038BD40F2E24202FB03F31944B1FB92
:10878000F3F189B2F2E7022038BD0220704700BF42
:10879000B80B0020FFF77ABA2DE9F04106F0F2F8A5
:1087A000DFF8788000254FF6FF77AAB24FF4E0712A
:1087B0004046F4F7A9FA044605F1080004F11C024A
:1087C0002146C0B2F7F732FA0646B0B110F1780F81
:1087D00013D040F221731248124A134916F045FC97
:1087E00012483246294616F040FC002383F31188D4
:1087F000BFF36F8F0323184602DF01350023042DDA
:108800002786C4F89430D0D109490A4AA1F84030EB
:10881000A2F8C030BDE8F041FFF738BAB80B00202D
:108820006C500300205D0300B8590300D0590300C9
:108830004C72002088710020014B1878704700BFEF
:10884000FD840020014B1878704700BFFC84002095
:108850002DE9F84FDFF8689082468B461746984618
:10886000002501E0042D28D0AEB232464FF4E0716D
:108870004846F4F749FA038EB342044605F1010570
:10888000F0D190F8AE61C6F34003BB42EAD10622B4
:10889000414600F2B5101AF0D1FC0028E2D106F0F2
:1088A00001065645DED104F2AF10062259461AF0F1
:1088B000C5FC0028D6D1012000E00020BDE8F88FDB
:1088C000B80B002038B58B6808601D682B780C4603
:1088D000A3B16B6973B10C4A0C490D484FF45E7338
:1088E00016F0C3FB002383F31188BFF36F8F0323BC
:1088F000184602DF074BC5E9053438BDBDE83840EE
:108900000846FFF711BB00BF205D0300805803003D
:108910006C500300297F0100F8B50B68DE88032E38
:1089200031D80C460746324618484FF4E071F4F748
:10893000EBF9038EB342054624D102F0C7FD22684D
:1089400092F8203003F00303032B08D101231371A5
:10895000226839462846BDE8F84002F0CBBD53B93D
:1089600095F894319B0703D53D2385F86031226843
:1089700001231371F8BD95F894319A07FAD53D2378
:1089800085F86031236801221A71F8BDB80B002008
:10899000F8B50446008E1D464FF6FF7398420F4609
:1089A00016460CD02046C4E94776A4F8245102F0BC
:1089B000F5FA94F8943113F0010010D1F8BD0B4A88
:1089C0000B490C4840F2BE3316F04FFB002383F3F3
:1089D0001188BFF36F8F0323184602DFE2E76FF3BE
:1089E000000384F894316FF08B00F8BD205D030024
:1089F000285E03006C5003002DE9F041304D314FEB
:108A000095F84120064626E042464FF4E07138468C
:108A1000F4F77AF9028E9045034627D161680A7906
:108A2000487902F00302022A2AD050BB03F1E00089
:108A300001F0FEFF95F8412095F840309A4206D0AB
:108A40000133DBB2082B08BF002385F84030013E1C
:108A500016F0FF0627D095F84030934223D035F822
:108A60003380B8F1030F05EBC304CDD961680B79EE
:108A70006FF301034FF6FF700B71F6F7F3FFD9E7C1
:108A800098B193F8BB21D007D0D56FF3000283F8DB
:108A9000BB210A7902F003000128C7D1022060F34C
:108AA00001020A71C2E7BDE8F08193F8BB2142F0F0
:108AB0000102404683F8BB21F6F7D4FFBAE700BFB6
:108AC0004C720020B80B00202DE9F04F414A146889
:108AD000A04206460B4604BF00211160008EA6F896
:108AE0006A01182283B0012186F8682186F8843152
:108AF000304602F05DFA06F1E007304602F06CFA0B
:108B0000384601F07DFF384601F0B2FF04460028E8
:108B10003BD00379DFF8C090DFF8C0B0DFF8C0A029
:108B200003F00303032B0CBF0346002303604846F6
:108B3000F4F7C0F806F188080546B8B12146424668
:108B40002846F4F713F9384601F092FF0446E0B1E5
:108B5000037903F00303032B0CBF034600230360D8
:108B60004846F4F7A7F805460028E7D11D4840F22B
:108B70008D735A46514616F078FA85F31188BFF383
:108B80006F8F0323184602DFD8E7328E164B00960C
:108B90000832D2B201210020F5F7B0FD10F0FD0F30
:108BA0000ED00E4A11490F4840F2537316F05DFA89
:108BB000002383F31188BFF36F8F0323184602DF6E
:108BC0004FF6FF73FF20338603B0BDE8F04FFFF789
:108BD00013BF00BF90720020CC6F0020205D030007
:108BE000705D03006C500300ED7D0100805C0300AC
:108BF00000293BD02DE9F84F4D1EDFF87490DFF8C7
:108C000074B0DFF874A00746EDB200F1E00815E09B
:108C1000237903F00303032B0CBF234600232360B7
:108C2000F4F748F8064690B1013D07F18802214665
:108C30003046EDB2F4F79AF8FF2D06D0404601F029
:108C400017FF04464846002CE2D1BDE8F88F0B48D8
:108C500040F2B5535A46514616F007FA86F311888A
:108C6000BFF36F8F0323184602DFDDE7704700BFB5
:108C7000CC6F0020205D0300705D03006C5003008A
:108C800010B504460120FFF7B7FE20460121BDE8DC
:108C90001040FFF7ADBF00BF0149F4F721B800BF96
:108CA000CC6F0020014B93F8C10070478871002001
:108CB00000B50A4B93F8C0C093F8C1E0F4450BD05F
:108CC00080F800E033F83C00088003EBCC035B68DD
:108CD000136018685DF804FB0020FBE78871002032
:108CE000074B93F8C0C0844508D003EBCC0033F8A1
:108CF0003C300B8043681360186870470020704751
:108D000088710020094A92F8C01092F8C1308B4255
:108D100009D04B1CDBB2182B08BF002352F83100DE
:108D200082F8C03070470020704700BF8871002073
:108D300008B5134A92F8C1C092F8C0E00CF10103E3
:108D4000DBB2182B08BF00239E4508D022F83C0058
:108D500002EBCC0CCCF8041082F8C13008BD094AF3
:108D600009490A4840F2F45316F07FF9002383F3CF
:108D70001188BFF36F8F0322104602DF1B80FFDED6
:108D800088710020205D0300A05E03006C5003008A
:108D9000F8B55779144605460E467FB3237903F09C
:108DA0000302032A0CD04FF6FF72954204BF6FF303
:108DB0000103237121462846BDE8F840F6F752BE6C
:108DC0004FF6FF739D4228D133689C423CD0002B64
:108DD000F0D0204A2049214840F2166316F045F9A8
:108DE000002383F31188BFF36F8F0323184602DF3C
:108DF00021462846BDE8F840F6F734BE154A184922
:108E0000164840F2016316F030F987F31188BFF37A
:108E10006F8F0323184602DFC0E72A464FF4E07144
:108E20001048F3F771FF214602F032FB3368A3428A
:108E3000CDD1032D08D80B482A464FF4E071F3F743
:108E400063FF038EAB4200D000202146BDE8F8400E
:108E500002F058B8205D0300B45E03006C500300BC
:108E6000A85E0300B80B002090F86620B0F85C30D4
:108E7000C2F30212022A14BFDB089B0890F87E207E
:108E8000B0F8580014BF0A3B0B3B9BB2D20644BF5C
:108E9000043B9BB2984228BF18467047704700BFFA
:108EA00090F8943143F0020380F89431704700BF8A
:108EB00090F894316FF3410380F89431704700BF0C
:108EC0000278838F12B1581E80B27047C18EB0F8FD
:108ED00024215818104480B2704700BF10B50B68A9
:108EE000C0F83E3004463E300B7903710521F4F79B
:108EF000CBF894F8433060F3050384F8433010BD99
:108F00004FF4A4730B801380704700BF00B5B0F816
:108F10006C20B0F8661003468A4290F88300B3F8DC
:108F20006AC028BF0A4600F00700B3F870101B2A79
:108F300038BF1B22042814BF4FF4A4704FF42960DB
:108F4000614528BF61468142B3F87AC038BF014607
:108F50008C45B3F8760044D09042A3F87A1001D043
:108F6000A3F8762093F8DD2042F00202012083F876
:108F7000DD20B3F864C0B3F86E2093F88210B3F824
:108F800068E0624528BF624601F007011B2A38BF2E
:108F90001B220429B3F8721014BF4FF4A47C4FF4C1
:108FA000296C714528BF71466145B3F878E038BF38
:108FB00061468E45B3F874C017D06245A3F87810A7
:108FC00001D0A3F8742093F8DD206FF3410283F8F9
:108FD000DD2093F8DD200120024383F8DD205DF8D9
:108FE00004FB9042BCD10020C3E76245E9D193F86D
:108FF000DD1041EA510202F0010221F003010A43AF
:1090000083F8DD200028E4D15DF804FBB0F86C2083
:10901000B0F8661003468A4290F88300B3F86AC03D
:1090200028BF0A4600F00700B3F870101B2A38BFAB
:109030001B22042814BF4FF4A4704FF4296061452B
:1090400028BF61468142B3F87AC038BF01468C45DB
:10905000B3F876000DD09042A3F87A1001D0A3F8AF
:10906000762093F8DD2042F00202012083F8DD2013
:1090700070479042F3D10020704700BFB0F86E20D7
:10908000B0F8641003468A4290F88200B3F868C0D2
:1090900028BF0A4600F00700B3F872101B2A38BF39
:1090A0001B22042814BF4FF4A4704FF429606145BB
:1090B00028BF61468142B3F878C038BF01468C456D
:1090C000B3F8740014D08242A3F8781001D0A3F84A
:1090D00074204FF0010C93F8DD106046C1F340029C
:1090E00042EA0C0221F003010A4383F8DD207047B5
:1090F0008242ECD193F8DD10002001F0010CEDE785
:109100001B2928BF1B21B2F5A47F064BA0F87E10B7
:1091100028BF4FF4A472A0F87C208366A0F86410E6
:10912000704700BF4801480138B504462E482F4A11
:1091300000236367A367A4F88030038812881B2B81
:1091400028BF1B23B2F5A47F28BF4FF4A47201F0FF
:109150000305A4F87C204FF4A4722835A4F86820F5
:1091600094F88320A4F87E30C1F34001ED00CD4097
:1091700002F00702A9B21B20A4F86430042A4FF0C1
:109180001B13A4F86600A4F86A10A4F87010A4F8E1
:109190007210E36620D0B5F5A47F294638BF4FF49E
:1091A000A47194F8DD30A4F87A1043F002031B2276
:1091B00084F8DD30A4F876202046FFF75FFF94F8AE
:1091C000DD30B5F5A47F43F0010384F8DD3006D02F
:1091D000012384F8803038BD4FF42961E1E7636EE4
:1091E000B3F11B1FF4D138BDCC840020CA84002009
:1091F00008B50022D0E92101F3F7C2FDB0FA80F0F2
:10920000400908BDF8B506460F46154601F05AFD5F
:10921000044688B3EA1E201D082A06D8DFE802F0BB
:1092200027050524050505211E001A4A1A491B4871
:10923000D12315F01AFF002383F31188BFF36F8F3A
:109240000323184602DFE3797B732146304601F0A1
:109250004FFD304603F088F82046F8BD03F0E8FBE8
:10926000F1E703F0DBFBEEE703F0CEFBEBE70146B3
:10927000384603F069FBE6E7064A09490748BE237A
:1092800015F0F3FE84F31188BFF36F8F03231846A4
:1092900002DFBFE7D45E0300445103006C500300BB
:1092A000A45E0300F8B58F6900230C4605468B6168
:1092B00017B303263E712B8EFB8094F8205007F1E4
:1092C0002000A5B9237A052B24D0062B02D11A231E
:1092D0003B71F8BD114A12491248F72315F0C5FE3B
:1092E00085F31188BFF36F8F304602DFF8BD294642
:1092F000BDE8F84003F0A6BB084A0B490948E7233C
:1093000015F0B3FE87F31188BFF36F8F0323184660
:1093100002DFCEE7BDE8F84003F076BBD45E030081
:10932000445103006C500300185F0300F8B5064673
:109330000F46154601F0C6FC044600283CD02A1F03
:10934000201D092A06D8DFE802F01F2225050505A1
:109350000528052B234A2449244840F2DF2315F031
:1093600084FE002383F31188BFF36F8F0323184615
:1093700002DFE3797B732146304601F0B9FC3046C9
:1093800004F04CFE2046F8BD03F01CFBF1E703F0AF
:1093900031FBEEE703F038FBEBE703F049FBE8E7CE
:1093A00096F8303197F84E101BB1D6F840315B0774
:1093B00011D403F047FBDCE70A4A0D490B484FF490
:1093C000317315F052FE84F31188BFF36F8F0323BE
:1093D000184602DFB3E70A4697F84D1003F03EFB4C
:1093E000C7E700BFD45E0300445103006C50030084
:1093F000A45E030070B504460D4600F19B0633469B
:1094000000223B3105F12B000CF010F8D4F8A3102A
:10941000C4F8C410D4F8B410D4F8A720C4F8D510F8
:10942000D4F8B810D4F89F30C4F8C820C4F8D910C4
:1094300094F8D42094F8B310C4F8C030002363F338
:109440000001D4F89B00C4F8BC0042F00102C4E95A
:10945000333384F8AB3084F8AC3084F8AD3084F822
:10946000AE3084F8AF3084F8B03084F8B13084F88E
:10947000B23084F8D42084F8B3100622294620465E
:10948000FFF7C0FE40F206636B8194F89A3023F038
:10949000180343F0180384F89A3070BDF8B50546F8
:1094A0000C4601F007FC28B9204601F045FC0323D7
:1094B000A372F8BD042221462846FFF737FF8368D0
:1094C000C268C4F84720C4F843300369C5F8B8300F
:1094D000A6690023A361A6B10323377933712B8ECC
:1094E000F38006F12001204603F054FA2D2F02D01C
:1094F0000423A372F8BD30683146F6F76DFA0423F1
:10950000F7E7074A0749084840F2F62315F0ADFD92
:1095100086F31188BFF36F8F0323184602DFDBE762
:10952000D45E0300185F03006C50030070B504465E
:109530000D4601F0BFFB10B90623AB7270BD04F1FC
:109540009B063346002205F13B0105F12B000BF091
:109550006DFFD4F8A310C4F8C410D4F8B410D4F834
:10956000A720C4F8D510D4F8B810D4F89F30C4F8A8
:10957000C820C4F8D91094F8B32094F8D410C4F8D3
:10958000C0300023D4F89B0084F8AB3063F30001B3
:10959000C4E9333384F8AC3084F8AD3084F8AE30AD
:1095A00084F8AF3084F8B03084F8B13084F8B23049
:1095B00042F00103C4F8BC0084F8D41084F8B3303E
:1095C000052229462046FFF7B1FE4FF4C1636B81A7
:1095D00094F89A3043F0080384F89A3070BD00BFC5
:1095E000F0B50C46897A83B0064615460D2900F27F
:1095F0002C81DFE801F05E6669959907070C173644
:10960000393E4F52002D00F0A18003B0F0BD002D77
:10961000FBD1214601F04EFB002840F0C780072314
:10962000A372F2E7022DF0D1A5690023A361002DFA
:1096300000F0EE8003272F71338EEB80237A052B09
:1096400000F0E180062B40F0CF801A232B712146D9
:10965000304601F02FFB002840F08D800923A372D3
:10966000D3E7002DD1D1F2E7002DCED10B23A37289
:10967000CBE7072DC9D1012101F03EFB3046FFF7B2
:109680000FFC2146304601F015FB002864D10C2365
:10969000A372BAE7002DB8D1F3E7082DB5D140F297
:1096A0000233638190F89A306FF3041380F89A3094
:1096B000ABE7002DA9D1237A062BD7D00223A372C2
:1096C000A3E7002DFAD0A0E7012D9ED129460193F2
:1096D00001F012FB3046FFF7E3FB304602F03CFEA0
:1096E000019B5A689968C4F82510C4F821201A7B98
:1096F00084F829205A7B84F82A20D3F80E20D3F846
:109700001210C4F83F10C4F83B20D3F81630C6F846
:10971000B4302146304603B0BDE8F040FFF7BEBE8E
:10972000002D7FF472AFF4E7032D0CD0042D7FF4ED
:109730006CAF062140F20362072384F82010A4F8DE
:109740004D20A37261E70523A3725EE7214603B0B3
:10975000BDE8F040FFF7EABE0B2221463046FFF796
:10976000E5FD40F60D33638196F89A306FF3C3033D
:1097700086F89A3049E7062221463046FFF7D6FDA3
:10978000304604F01BFE0023A3720121304601F095
:10979000C7FA3046FFF78CFB304602F0E1FD96F841
:1097A0009A3043F0100386F89A302EE70D222146B6
:1097B0003046FFF7BBFD304604F000FE94F8203041
:1097C000062B34D0242B3FF420AF284A28492948BF
:1097D00040F2773315F049FC85F31188BFF36F8FA2
:1097E0000323184602DF10E7204A2149214840F2AE
:1097F0001E3315F03AFC002383F31188BFF36F8FFB
:10980000384602DF23E705F1200003F0FDF81EE7EC
:10981000164A1949174840F20F3315F026FC85F314
:109820001188BFF36F8F0323184602DF02E701217F
:10983000A172304601F074FA3046FFF739FB30462A
:1098400003B0BDE8F04002F08BBD084A0849094862
:1098500040F2D34315F009FC002383F31188BFF3D2
:109860006F8F0323184602DFCFE600BFD45E0300EC
:10987000445103006C500300185F030070B50C46A0
:10988000897A82B005460A2900F22281DFE801F0D8
:109890000A1D2D873E68308473760600002A72D038
:1098A00002B070BD002AFBD1237A062B0FD1012113
:1098B000284601F021FA2146284601F0FBF900284C
:1098C00040F092800823A372EAE7002AE8D1012140
:1098D000284601F011FA2146284601F0EBF900284C
:1098E00040F0A7800223A372DAE7002AD8D1F2E77A
:1098F000032AD5D10121284601F012FA0026284674
:10990000FFF7D6FA284684F820601DE0022A29D005
:10991000042AC5D101212846009301F001FA284606
:10992000FFF7C6FA009BDA780D2A00F0AD80112A05
:1099300040F0AC805B79062B02D01A2B40F0B5804A
:109940002846002684F8203004F064FB214628468F
:109950002673FFF7A7FC284602F0DEFDA6729FE7FC
:10996000002A9DD12146284601F0A4F9002844D1BF
:109970000523A37294E7002A92D19CE7062A8FD18F
:109980002846FFF78DFA2146284601F093F9002872
:1099900069D10A23A37283E7002A81D187E7012ACC
:1099A00032D0042A7FF47CAF01212846009301F0D5
:1099B000B7F9009BDA780D2A64D0112A77D15B7948
:1099C000062B02D01A2B40F0818084F820302846E4
:1099D00004F020FB21462846FFF764FC284602F0ED
:1099E0009BFD0023A3725BE70A2221462846FFF76E
:1099F00009FC40F60933638152E72146284602B04C
:109A0000BDE87040FFF7F6BC2846CDE90023FFF71C
:109A100047FA019B009A59689868C4F84700C4F84F
:109A20004310D968C5F8B81040F20453227363811B
:109A300036E7032221462846FFF7E4FBD0F8123030
:109A4000D0F81620C4F83F20C4F83B30D0F81A20D4
:109A5000C5F8B42040F203432846638102B0BDE854
:109A6000704004F0D3BA0B2221462846FFF7CAFB08
:109A70004FF60173638195F89A3023F0180385F847
:109A80009A300DE71B799BE71B7954E7184A19496F
:109A900019484FF4BF7315F0E8FA002383F31188D7
:109AA000BFF36F8F0323184602DF1F2348E7104AD6
:109AB000104911484FF4BF7315F0D7FA002383F310
:109AC0001188BFF36F8F0323184602DF1F237CE743
:109AD000074A0849084840F2822315F0C6FA0023D5
:109AE00083F31188BFF36F8F0323184602DFD7E695
:109AF000D45E0300445103006C50030092F823C06D
:109B0000ACF1040C02F12003BCF10D0F08D8DFE822
:109B10000CF00E14170707070711070B0707070BB1
:109B20003D2380F8603170470422FFF7A7BE012271
:109B3000FFF7A4BE0622FFF7A1BE0222FFF79EBEDA
:109B40000322FFF79BBE00BF13460022FFF796BE1D
:109B500092F823C0ACF1030C02F12003BCF1080F12
:109B600006D8DFE80CF01205050F0505050C090005
:109B70003D2380F8603170470822FFF731BD07228E
:109B8000FFF72EBD0222FFF72BBD0122FFF728BDF4
:109B900000230322FFF724BD00230422FFF720BD8A
:109BA000887AA0F10400B0FA80F04009704700BF45
:109BB00013460022FFF714BD70B591F82C3091F8D0
:109BC0002D20042B0C4603D8032B01D0042A0DD9D9
:109BD0001343112113F0070384F828104FF00105F7
:109BE0000CD184F828300125284670BD032A0DD0F9
:109BF000134313F007034FF00005F2D0668DFFF713
:109C00005FF9801B0304EFD42823EAE7112381F8CE
:109C100028300125F2E700BFF0B50E4683B00DF104
:109C2000060201A9B0F87850B0F87A700446FFF740
:109C300067F996F82D20002A5CD196F82C30FBB9F4
:109C4000B4F87830AB420ED3BDF806209A420AD35E
:109C5000B4F87A30BB4206D3BDF804209A4202D34E
:109C6000002003B0F0BD94F8DD30A4F8785043F044
:109C700001030120A4F87A7084F8DD3003B0F0BD50
:109C800094F9430000281DDB94F8821094F8745076
:109C900001F003032B440D33DB00C1F34001CB4043
:109CA0009BB2BDF80650B3F5A47F38BF4FF4A47340
:109CB0009D4228BF1D4632B3002803DA96F82C30A7
:109CC000002BBDD094F8832094F87610BDF8047072
:109CD00002F003030B440D33DB00C2F34002D34018
:109CE0009BB2B3F5A47F38BF4FF4A4739F4228BF43
:109CF0001F46A5E794F943000028C5DB96F82C30F1
:109D0000002BDFD0C0E796F82C30002B98D000282D
:109D100096DAD7E770B58D6900230C4606468B614D
:109D2000002D38D094F82130DB0721D52B792D2B4D
:109D300021D11D232B71338EEB8094F8283085F8C8
:109D4000203096F88330C3F3020385F8223096F86A
:109D50008230C3F3020385F8213028682946F5F7DD
:109D60003BFE94F821306FF3000384F8213070BD7E
:109D700001232B71F1E70F4A0F49104840F2B91344
:109D800015F073F9002383F31188BFF36F8F03235A
:109D9000184602DFCDE7074A094908484FF4DB734C
:109DA00015F063F985F31188BFF36F8F032318460D
:109DB00002DFB7E71C5F0300605F03006C50030025
:109DC000185F030070B591F821304D6A9B070C466F
:109DD00003D4CDB101232B710AE00646ADB10323B4
:109DE0002B71338EEB8005F12001304602F0E0FF4D
:109DF00028682946F5F7F0FD94F8213000226FF32A
:109E0000410384F82130626270BD074A074908485F
:109E100040F2DF1315F029F985F31188BFF36F8F36
:109E20000323184602DFDAE71C5F0300185F030014
:109E30006C50030070B58E7A032E82B00D46044636
:109E40001BD0052E06D00221204602B0BDE870408E
:109E500000F066BF90F94330002B43DBAB8D002B45
:109E600035D095F82C302BB194F8822063F306128C
:109E700084F882200823AB72E5E790F94330002B89
:109E800016DA204994F8822095F8203003C913434C
:109E900003F0070302AE06E9030008336B4413F82E
:109EA000083C63F30612062384F88220AB72CAE7EB
:109EB000154A1649164840F2544315F0D6F80023C7
:109EC00083F31188BFF36F8F304602DFD9E794F830
:109ED0008230C3F3020262F30613092284F882304F
:109EE000AA72B0E7084A0B49094840F25D4315F0F1
:109EF000BCF8002383F31188BFF36F8F0323184648
:109F000002DFABE7B04703001C5F0300885F03007C
:109F10006C500300A05F030091F8202030B5940737
:109F200040D402F0070313F0010535D1032B94BF91
:109F3000002301234FEA830E754691F8203065F324
:109F4000020381F82030C3F3C202DB062DD412F0E5
:109F5000010424D1032A94BF002201224FEA820C7B
:109F6000644691F8203064F3C50381F8203090F8FE
:109F7000823003F00703AB4208BF4FF0000E81F8B8
:109F80002CE090F8833003F00703A34208BF4FF0A2
:109F9000000C81F82DC030BD4FF0010ECDE74FF021
:109FA000010CDEE70225AE46C7E70224A446D8E747
:109FB0002DE9F041CE690C460546002E79D0637B31
:109FC000162B2FD195F94330002B2BDBE669666108
:109FD0000023E361371D94F8203095F8A821C3F3DE
:109FE000C20363F3C50285F8A82194F8202095F8F0
:109FF000A83162F3020385F8A83194F8203095F86F
:10A000008220C3F3801363F3C302394685F88220AC
:10A01000204602F039FD0221284600F06DFE0223A1
:10A02000A37227E000F05AFE18B90723A372BDE817
:10A03000F08100F05BFE06466062002848D0637B3A
:10A04000E66966614FF00008162BC4F81C8006F123
:10A050000407C0D0182B16D0254A264926484FF4AD
:10A06000D27315F002F888F31188BFF36F8F0323C2
:10A07000184602DF2846314600F03AFE2846BDE881
:10A08000F04102F071B921462846FFF745FFA38D44
:10A0900043B963853946204602F03AFD4FF6057311
:10A0A0006381E7E7FEF70CFFAB8E063303449BB2F8
:10A0B000EFE70F4A114910484FF4BF7314F0D5FF72
:10A0C00086F31188BFF36F8F0323184602DF76E70C
:10A0D000074A0B49084840F2891314F0C6FF86F37B
:10A0E0001188BFF36F8F0323184602DFA7E700BF75
:10A0F0001C5F0300445103006C500300B85F030071
:10A10000CC5F030038B505460C4602F01DF910B1CE
:10A110000123A37238BD284603F066FF0028F7D15B
:10A120002146284600F0C6FD0028F1D0284603F05D
:10A1300059FF0728ECD02846012103F04DFF28469F
:10A140000D2103F04DFF162321466373284600F0CE
:10A15000B9FDE06121462846BDE83840FFF728BF39
:10A1600038B505460C4602F0EFF810B10423A3728F
:10A1700038BD2146284600F09DFD0028F6D0182362
:10A1800021466373284600F09DFDE0612146284684
:10A19000BDE83840FFF70CBF30B5034690F882C0E9
:10A1A00093F9434001F0030093F88310002C0CF066
:10A1B000070502F0030201F0070E20DB1AB162F37B
:10A1C000020183F8831088B193F8821060F30201D2
:10A1D000024683F88210954218BF012006D030BD98
:10A1E0000028FCD060F3020183F8831093F8830009
:10A1F00000F00700B0EB0E0018BF012030BD002AB0
:10A20000EED062F3020C83F882C00028E3D060F342
:10A21000020183F88310DEE7F0B591F80AC083B03D
:10A220000C46074615461E46BCF1090F00F2A581F3
:10A23000DFE80CF005050AB38D9715484F7B002A1F
:10A2400000F0D68003B0F0BD032AFBD190F8433074
:10A25000DB0940F0258141F203734B81F2E7052AC7
:10A2600000F01181062A00F0FA80022AEAD190F962
:10A270004330002B0EDBC94AC949CA4840F2CB2300
:10A2800014F0F3FE002383F31188BFF36F8F0323D1
:10A29000184602DF0221384603F09EFE3146204672
:10A2A00002F02CFC21463846FFF786FC0546204686
:10A2B00000F042FD002D40F0378194F82D30002B46
:10A2C00064D05DE0002ABDD103B0BDE8F040FFF7E7
:10A2D0006FBE002AB6D14E8DFEF7F2FD801B03043F
:10A2E000B0D494F82D2094F82C103846FFF754FF82
:10A2F000002840F030812946384603F06DFE94F87E
:10A30000203084F82850DB0994F8212063F3000200
:10A3100084F8212097F88230C3F3020262F3061317
:10A32000092287F88230A2728CE7042A8AD1FFF7CB
:10A33000F1FC21463846FFF745FD384602F0ECF8BF
:10A340000021384603F04CFE0023A3727AE7002A6E
:10A350007FF478AF2146384603B0BDE8F040FFF700
:10A36000FFBE032A7FF46EAF90F94330002BC0F29A
:10A37000CC80A58D002D00F0AD8094F82C302BB151
:10A3800097F8822063F3061287F88220384601F09E
:10A39000F5FF0823A372022124E0012A2DD0062A0A
:10A3A0007FF450AF002103F017FED7F8403123F4BB
:10A3B0008073C7F84031204600F0BEFC94F821308D
:10A3C0001A2243F0010384F8282084F8213097F8FA
:10A3D0008230C3F3020262F30613092287F8823047
:10A3E0000221A272384603B0BDE8F04000F098BCEC
:10A3F00003B0BDE8F040FFF785BE022103F0ECFD9D
:10A4000094F820303146204603F00706C3F3C20516
:10A4100002F092FB0221384600F06EFC94F82030E6
:10A42000C3F3C202154065F3C5031E4066F3020381
:10A4300084F8203097F94330002B0CDB94F820305F
:10A4400013F0380F01D05A0705D194F8203023F0CB
:10A450003F0384F82030204600F06EFC7AE70021AC
:10A4600003F0BAFDD7F840311A2223F48073C7F8FD
:10A47000403184F82820204600F05EFC94F821301A
:10A4800043F00103A1E73146204602F0F5FA94F8C3
:10A490004E3084F828300021384603F09DFDEAE76D
:10A4A000414B90F8822093E8030094F82030134346
:10A4B00002AD03F0070305E9030008336B440221F2
:10A4C00013F8083C63F3061241F6060387F882206E
:10A4D000638187E72946384603F07EFD94F82030F3
:10A4E00094F8212084F82850DB0963F3000284F8F3
:10A4F000212097F8822002F0070297F8821062F379
:10A500000611092387F8821044E7244A2749254881
:10A5100040F2A72314F0A9FD002383F31188BFF3B1
:10A520006F8F284602DF24E70021384603F054FDF0
:10A5300094F828300BB187F8603194F8203094F803
:10A540002120DB0963F3000284F8212097F88220A0
:10A5500002F00702D1E721463846FFF75DFB94F889
:10A56000213060F3410384F821302946384603F056
:10A5700033FD84F828500123C6E6084A0C490948EF
:10A5800040F2653314F071FD002383F31188BFF3AB
:10A590006F8F0323184602DF54E600BF1C5F0300E1
:10A5A000885F03006C500300B0470300A05F030006
:10A5B000445103002DE9F041CE690C46054676B3BF
:10A5C00000F08CFB18B90723A372BDE8F08100F0FE
:10A5D0008DFB06466062002847D0637BE6696661B2
:10A5E0000027172BE76106F1040827D0182B2DD080
:10A5F000294A2A492A4840F2C93314F036FD87F324
:10A600001188BFF36F8F0323184602DF28463146B7
:10A6100000F06EFB2846BDE8F04103F0FFBC1E4A87
:10A6200020491F484FF4697314F01FFD86F3118809
:10A63000BFF36F8F0323184602DFC1E74146284668
:10A6400002F046FA41F603036381DFE7214628461C
:10A65000FFF762FCA38DBBB963854146204602F03B
:10A6600057FA4FF605736381D0E70B4A0E490C4841
:10A6700040F2AE3314F0F9FC86F31188BFF36F8F0C
:10A680000323184602DFA8E7FEF71AFCAB8E063359
:10A6900003449BB2E0E700BF1C5F0300445103008A
:10A6A0006C500300B85F0300CC5F030038B505466B
:10A6B0000C4603F0A3FC10B10223A37238BD21465F
:10A6C000284600F0F7FA0028F6D0284603F08AFC66
:10A6D0000728F1D028460D2103F082FC17232146DC
:10A6E0006373284600F0EEFAE06121462846BDE893
:10A6F0003840FFF75FBF00BF38B505460C4603F092
:10A700007DFC10B10423A37238BD2146284600F019
:10A71000D1FA0028F6D0284603F064FC0728F1D0CF
:10A720002846FEF765FD0028ECD028460D2103F0F1
:10A7300057FC182321466373284600F0C3FAE061F2
:10A7400021462846BDE83840FFF734BFF8B50C462F
:10A75000897A06461546092900F2CC80DFE801F027
:10A76000676CA505090510282F54022D00F0A08064
:10A77000F8BD002DFCD12146BDE8F840FFF7BCBF75
:10A78000032DF5D11946204602F0B8F9214630468E
:10A79000FFF712FA0546204600F0CEFA002D00F031
:10A7A000988094F82830282B23D186F8603120E057
:10A7B000002DDDD12146BDE8F840FFF7FBBE002D9E
:10A7C000D6D1678DFEF77CFBC01B0304D0D484F880
:10A7D000285094F82D2094F82C103046FFF7DCFC1C
:10A7E000054600287BD194F8213065F3000384F8F6
:10A7F000213096F88230C3F3020262F30613092275
:10A8000086F88230A272F8BD042DB1D12146FFF73F
:10A8100081FA21463046FFF7D5FA304603F0CEFDE7
:10A820000021304603F0DCFB0023A372F8BD002DAD
:10A830009ED10123A372F8BD1946204602F03AF9D1
:10A8400094F8202096F8A831C2F3C200C3F3C201E5
:10A850000140C3F30203C2F30200034043EAC10311
:10A8600022F03F02134384F8203096F94330002B46
:10A870000ADB94F8203013F0380F1ED194F8203002
:10A8800023F03F0384F820300221304600F034FAF0
:10A89000012D7FF46DAF96F84330DB0910D02146CF
:10A8A0003046BDE8F840FFF701BF002DF7D0F8BDF6
:10A8B0002146BDE8F840FFF7BDBA5A07E4D1DDE70D
:10A8C000204600F039FA21463046BDE8F840FFF74F
:10A8D00013BF304603F0A8FB0823A372F8BD21463E
:10A8E0003046FFF799F994F8213060F3410384F87A
:10A8F000213078E7074A0849084840F20A5314F023
:10A90000B4FB002383F31188BFF36F8F0323184632
:10A9100002DFF8BD1C5F0300445103006C500300CC
:10A9200092F823C0ACF1070C02F12003BCF1110F27
:10A930000AD8DFE80CF02009090909090909090901
:10A940001D09090909091A1700B5242383B080F8E5
:10A950006031019101F0E0FD019900238B7203B099
:10A960005DF804FB0222FFF757BC0122FFF754BC3D
:10A970000522FFF751BC0622FFF74EBC134600220A
:10A98000FFF74ABC13460322FFF746BC002304220C
:10A99000FFF742BC10B592F823E0BEF1160F02F1AA
:10A9A00020030BD0BEF1180F0DD024230C4680F8E5
:10A9B000603103F003FD0023A37210BDBDE8104019
:10A9C0000122FFF7C3BEBDE810400322FFF7BEBE61
:10A9D00013460022FFF7BABE13460222FFF7B6BEA7
:10A9E00000230422FFF7B2BE00230370436083609C
:10A9F000C3600361704700BF037801330370704781
:10AA000003785BB9C3687BB102691AB1816861B12F
:10AA10000B6082600023C36003617047013BDBB2BF
:10AA20000370002BEED0704770474360F1E700BF22
:10AA300003783BB100230C300B60436843B11960CD
:10AA400041607047002304300B604368002BF6D14F
:10AA500001604160704700BF00230B60836813B141
:10AA6000196081607047416081607047406870473D
:10AA70000346406828B1996802685A60884208BF56
:10AA80009A6070474078A0F10C00B0FA80F040095D
:10AA9000704700BF4078A0F10800B0FA80F040098C
:10AAA000704700BF4078A0F10200B0FA80F0400982
:10AAB000704700BF4078A0F11700B0FA80F040095D
:10AAC000704700BF4078A0F10D00B0FA80F0400957
:10AAD000704700BF4078A0F10100B0FA80F0400953
:10AAE000704700BF4078A0F10900B0FA80F040093B
:10AAF000704700BF4078A0F10600B0FA80F040092E
:10AB0000704700BF4078A0F11800B0FA80F040090B
:10AB1000704700BF4078A0F10300B0FA80F0400910
:10AB2000704700BF4078A0F10500B0FA80F04009FE
:10AB3000704700BFF8B5064608460D46F2F7BAF86A
:10AB4000044680B1002745600672476187612C2268
:10AB50003946203018F0FBFA4FF47F43FF2262722F
:10AB60006381A381A7732046F8BD00BF4078A0F1A0
:10AB70000200B0FA80F04009704700BF4078A0F1B1
:10AB80000100B0FA80F04009704700BF4078A0F1A2
:10AB90000200B0FA80F04009704700BF4078A0F191
:10ABA0000900B0FA80F04009704700BF4078A0F17A
:10ABB0000100B0FA80F04009704700BF4078A0F172
:10ABC0000100B0FA80F04009704700BF4078A0F162
:10ABD0000200B0FA80F04009704700BF4078A0F151
:10ABE0000900B0FA80F04009704700BF4078A0F13A
:10ABF0001800B0FA80F04009704700BF4078A0F11B
:10AC00000100B0FA80F04009704700BF4078A0F121
:10AC10000100B0FA80F04009704700BF4078A0F111
:10AC20000900B0FA80F04009704700BF4078A0F1F9
:10AC30000900B0FA80F04009704700BF4078A0F1E9
:10AC40000300B0FA80F04009704700BF4078A0F1DF
:10AC50000300B0FA80F04009704700BF4078A0F1CF
:10AC60000300B0FA80F04009704700BF38B545686E
:10AC700004462DB129462046BDE83840F2F730B8E9
:10AC8000094A0A490A48702314F0EFF985F311883C
:10AC9000BFF36F8F0323184602DF656820462946FD
:10ACA000BDE83840F2F71CB8E85F030028600300F5
:10ACB0006C500300024B1868003818BF0120704721
:10ACC0006002002010B50448F1F7F4FF0446043098
:10ACD000FEF7E4F8204610BD6002002008B5012010
:10ACE000F4F78EFE003818BF012008BDF4F7A4BEAB
:10ACF000E030FFF7B1BE00BF38B590F856310546D9
:10AD00000C461BB11C4385F8564138BDE030FFF7B7
:10AD100073FE95F856311C4385F8564138BD00BF87
:10AD200090F8563123EA010180F8561101B17047BD
:10AD3000E030FFF765BE00BF38B58569044645B110
:10AD40002B792D2B04D02D232B71A36922691A6036
:10AD500038BD084A084909484FF4967314F085F93C
:10AD600085F31188BFF36F8F0323184602DFA569AF
:10AD7000E6E700BFE85F0300346003006C500300A7
:10AD800038B5856904465DB12B792D2B00D038BDCF
:10AD900001232B71A169BDE838400868F4F71CBE97
:10ADA000074A084908484FF49D7314F05EF985F38B
:10ADB0001188BFF36F8F0323184602DFA569E3E70D
:10ADC000E85F0300346003006C5003008B6913B12B
:10ADD0001A792D2A0BD00B7A072B15D0CB692BB102
:10ADE000D0F85C211A60CB69C0F85C3170471B68F1
:10ADF000D0F858215A608B6901221A718B69C0F80A
:10AE000058310B7A072BE9D14B6A002BE6D01B682F
:10AE1000D0F858215A604B6A01221A714B6AC0F867
:10AE20005831DBE7F8B50D4F05463846F1F742FFDC
:10AE3000044680B1002647600572466186612C2277
:10AE40003146203018F083F94FF47F43FF226272BD
:10AE50006381A381A6732046F8BD00BF5002002085
:10AE600010B50A4B042258685021F1F7FFFE084B39
:10AE7000042258685021F1F7F9FE064BBDE8104056
:10AE8000586810222C21F1F7F1BE00BF58020020B3
:10AE9000500200206002002038B50446002501F071
:10AEA000FBFA2046C4E93E5584F8045103F07AFACF
:10AEB000C4F82851C4E9425584F81651A4F8145135
:10AEC000A4F81851C4F82B51A4F84851C4F83051D3
:10AED000C4F83451C4F83851C4F83C51C4F8405156
:10AEE000C4F84451F3F7FCFC94F89A3084F85651B6
:10AEF000C4E95001C4E9565523F0180384F89A3088
:10AF0000A58738BD08460149F1F7EABE6002002076
:10AF100038B5B0F802510346144625B1A9420ED205
:10AF20006D1AA0F80251B3F8122122B191420DD24C
:10AF3000521AA3F8122100231846237038BD01F0DD
:10AF400055F9054658B12B7A0A2B03D022236FF00E
:10AF50007300F2E795F820306FF07300EDE7074AD1
:10AF60000749084840F2022314F07FF885F311885E
:10AF7000BFF36F8F0323184602DFE4E7E85F0300A7
:10AF8000486003006C500300034B0B44B3FBF1F328
:10AF9000A0F81831704700BFFF59620210B504468F
:10AFA00003F008FA2046BDE8104001F07DBA00BF6A
:10AFB00010B5044611B1012907D010BD03F002FA03
:10AFC0002046BDE8104001F0D1BA03F0FFF9204659
:10AFD000BDE8104001F0EEBA70B5D0F85841064611
:10AFE00034B1206821464468F4F7E4FC002CF8D121
:10AFF000D6F85C410023C6F858313CB1054D2046D7
:10B0000024682946F1F76CFE002CF8D10023C6F81D
:10B010005C3170BD6002002090F94330002B14DADF
:10B0200070B504460E46032009491546FFF782FD18
:10B03000014640B180F8206080F82150204601F0A0
:10B04000A1F8002070BD0C2070BD0C20704700BF1F
:10B050005802002010B5074904460120FFF76AFD99
:10B0600028B10146204601F08DF8002010BD0C20CB
:10B0700010BD00BF5802002038B504460D4602201E
:10B080000849FFF757FD58B190F8203065F30003E9
:10B09000014680F82030204601F074F8002038BDC9
:10B0A0000C2038BD5802002010B507490446042082
:10B0B000FFF740FD28B10146204601F063F800206B
:10B0C00010BD0C2010BD00BF58020020F8B5054689
:10B0D00090F94300002825DB0F460520124916464B
:10B0E0001C46FFF727FD0146E0B13B687A68C1F8CE
:10B0F0002520C1F82130337881F82930737881F820
:10B100002A306268A36828462568E468C1F8374099
:10B11000C1F82B50C1F82F20C1F8333001F032F8BC
:10B120000020F8BD0C20F8BD58020020F8B50546F7
:10B1300090F94300002825DB0F46062012491646E9
:10B140001C46FFF7F7FC0146E0B13B687A68C1F89E
:10B150002520C1F82130337881F82930737881F8BF
:10B160002A306268A36828462568E468C1F8374039
:10B17000C1F82B50C1F82F20C1F8333001F002F88C
:10B180000020F8BD0C20F8BD580200202DE9F04148
:10B1900005468846072010499DF8186017461C464A
:10B1A000FFF7C8FCA8B1E30008F0070803F0380374
:10B1B000BF0143EA080307F040073B4343EAC613D5
:10B1C000014680F82030284600F0DCFF0020BDE872
:10B1D000F0810C20BDE8F0815802002038B504460B
:10B1E0000D4601F03FFA204603F04CF907490A20CA
:10B1F000FFF7A0FC38B1014680F82050204600F04F
:10B20000C1FF002038BD0C2038BD00BF580200200F
:10B2100038B590F94330002B12DB04460D460B2065
:10B220000849FFF787FC014650B12B68C0F822306F
:10B230002B7980F82630204600F0A4FF002038BD8E
:10B240000C2038BD5802002008B590F94330002B7F
:10B2500008DB00F0CBFF20B1037A0B2B0CBF2230B0
:10B26000002008BD02F0C6FEF5E700BFF8B5D0F833
:10B2700040319B0601D40020F8BD04460D460C2049
:10B2800008491646FFF756FC074648B129462046AE
:10B290003246FDF735FF3946204600F073FFEAE7F6
:10B2A0000C20F8BD5802002070B506460D4602F08D
:10B2B000A1FE20B1037A053B012B044601D90C20E5
:10B2C00070BD01463046FEF76BFC0028F7D02968B8
:10B2D0006A68AB68ED68C4F837503046C4F82B1084
:10B2E000C4F82F20C4F833302146FEF751FC00206B
:10B2F00070BD00BF38B5054602F07CFE20B1037A70
:10B30000053B012B044601D90C2038BD01462846D7
:10B31000FEF746FC0028F7D028462146FEF73CFC05
:10B32000002038BD2DE9F0470546D0F84001BDF8B2
:10B330002090099E9A4683078846174632D495F98D
:10B340004330002B50DB30490820FFF7F3FB044665
:10B35000002C56D0237A082B2AD0092B34D1A4F8FC
:10B3600026802785A4F82AA0A4F82C90002E3ED091
:10B370003388238773886387B388A387F388E38739
:10B380003389A4F840307389A4F8423095F94330EA
:10B39000002B12DA2846FCF771FE0146284603F01E
:10B3A0003BF90AE018490920FFF7C4FB0446CFE740
:10B3B0002785A4F82AA0A4F82C902846214600F05E
:10B3C000E1FE0020BDE8F087104A1149114840F223
:10B3D000054313F04AFE002383F31188BFF36F8FF8
:10B3E0000323184602DFE8E71A20BDE8F0870A4A7F
:10B3F0004FF0FF33C4E90E23A4F840304FF6FF733B
:10B40000C2E70C20DEE700BF58020020E85F03001F
:10B41000445103006C5003000000FFFF08B502F028
:10B42000E9FD28B1007AA0F10C00B0FA80F04009E3
:10B4300008BD00BF10B5044602F0DCFD10B1037A70
:10B44000092B00D010BD01462046BDE8104002F097
:10B4500079BB00BF38B504460D4602F0CBFD10B1F4
:10B46000037A092B00D038BD80F8205001462046D1
:10B47000BDE8384002F06ABB08B502F0BBFD28B158
:10B48000007AA0F10900B0FA80F0400908BD00BFC1
:10B4900038B505460C4600F0A9FE10B14369A34239
:10B4A0000ED0284602F0A6FD10B14369A34200D099
:10B4B00038BD224601462846BDE8384002F048BF64
:10B4C00001462246284600F0B1FFEAE710B50446DF
:10B4D00000F08CFE18B10146204600F0CBFF20465C
:10B4E00002F088FD014620B12046BDE8104002F080
:10B4F00047BF10BD2DE9F04192F8213014460546B2
:10B500000E46002B42D092F823301E2B2AD9284613
:10B5100000F06CFE0746284602F06CFD0146002F45
:10B5200063D0FA7A94F8233000284CD09342C07A42
:10B5300055D03A7B002A61D0984252D00A7B002A2B
:10B540004FD1072B71D0112B04D14A7B94F82430B2
:10B550009A4246D02346324639462846BDE8F04155
:10B5600000F010BF454A52F823202AB104F1200010
:10B57000904770B194F82330022BC8D101232246A2
:10B5800031462846BDE8F04102F024BFFF2382F88F
:10B590002330284600F02AFE30B194F82320C37AE5
:10B5A0009A420ED0037B63B9284602F023FD00289F
:10B5B00051D094F82320C37A9A4202D0037B002B07
:10B5C000DDD0BDE8F0819342C4D03A7B002AC1D1DE
:10B5D000072B4DD0112B4BD00D2BBBD0CEE7984273
:10B5E0001CD11F2385F86031EBE70028C6D0234625
:10B5F00032462846BDE8F04102F030BE072B2CD081
:10B60000112B18D0B3F10D0218BF012298421FD0A0
:10B610000B7BEBB9002A9DD02423E3E70A7B002AA9
:10B62000DFD1072B91D0112B94D14B7B94F82420A0
:10B630009A42D6D08EE77A7B94F82430D21A18BF7B
:10B640000122112804D0087B10B9487B9842E1D12F
:10B65000002ACCD1C5E7034691E77A7B94F82430E1
:10B66000D21A18BF01220728EDD1002ABFD1B8E7AE
:10B670007A7B94F824309A4280D16BE74C600300C7
:10B6800070B505460E46FFF71DFB0446002862D044
:10B69000337A013B211D0B2B07D8DFE803F022286A
:10B6A0002E3506060606063B0642324A3249334824
:10B6B000DD2313F0DAFC002383F31188BFF36F8FCF
:10B6C0000323184602DFE379737321462846FFF708
:10B6D0000FFB337A0A2B2AD02846BDE8704000F0D1
:10B6E00043BE084600F0DCFF1323F372EBE7284665
:10B6F00001F00AF80923F372E5E7304601F0C2F8D9
:10B70000FF237461F372DEE7084601F0E5F80C23CD
:10B71000F372D8E7304601F0CFF8FF237461F3727B
:10B72000D1E7284601F014FB1523F372CBE76B8EAB
:10B73000B5F8A01140F2E24202FB03F342F21072AC
:10B7400002FB013101392846B1FBF3F1BDE870403D
:10B7500089B200F00FBE074A09490848A22313F036
:10B7600084FC84F31188BFF36F8F0323184602DF34
:10B770008EE700BFC8600300445103006C50030013
:10B78000A45E03002DE9F04107460C46164602F080
:10B7900035FC28B10323A37200252846BDE8F081BB
:10B7A00021463846FFF786FA05460028F2D02146A2
:10B7B0003846FFF787FA804680B3237A013B08F1C9
:10B7C00004010B2B07D8DFE803F03846064C0606C9
:10B7D00006060606063E264A2649274840F25E43EC
:10B7E00013F043FC002383F31188BFF36F8F03230F
:10B7F000184602DF98F80730637341463846FFF772
:10B8000077FA384602F00AFC0423A372002EC4D053
:10B81000384602F0D3FD0023A372BEE7144A17494D
:10B8200015484FF4836313F020FC88F31188BFF3AD
:10B830006F8F0323184602DFBFE7084600F03AFF88
:10B84000FF23E372D6E7384601F09AFAFF23C4F8E3
:10B850001480E372CEE7384600F07AFFFF23E372EC
:10B86000C8E7084601F038F8FF23E372C2E700BFDB
:10B87000C8600300445103006C500300A45E030041
:10B8800038B50B7A013B0C4605460B2B12D8DFE886
:10B8900003F006060B2111111111112E1135BDE80F
:10B8A00038400122FFF76EBF284602F087FD0023D3
:10B8B000A37238BD184A1949194840F20E5313F0C3
:10B8C000D4FB002383F31188BFF36F8F0323184643
:10B8D00002DF38BD90F82831002BE5D10122FFF7B7
:10B8E00051FF0028E5D0012385F8283138BD90F9B3
:10B8F0004330002B07DB02238B7238BDBDE8384094
:10B900000022FFF73FBF02F059FD94F820300022DB
:10B91000A27285F8603138BDC8600300445103004D
:10B920006C5003002DE9F0410C46897A0646154615
:10B93000042900F20181DFE801F007230C1B03005A
:10B94000012D57D0BDE8F081002DFBD10123A3725A
:10B95000F8E7002DF6D1237A0A2B7ED1304602F08B
:10B960002DFD94F820300022A27286F86031E9E7BC
:10B97000002DE7D121463046BDE8F041FFF780BFFA
:10B98000022DDFD1DA786272023A172A74D801A147
:10B9900051F822F0D1BA010079BA010079BA010058
:10B9A00079BA010079BA010079BA010099BA0100A7
:10B9B00079BA010079BA010079BA0100C9BA010067
:10B9C00079BA010099BA010079BA010079BA010087
:10B9D00079BA010075B9010079BA0100A9BA01006C
:10B9E00079BA010079BA010079BA010079BA010087
:10B9F000A1BA0100237A0C2BA4D1FDF73FFB94F8E8
:10BA00002030042140EA03073046FFF789F9A56991
:10BA10000023FFB2A361002D7FD02B792D2B0ED0F8
:10BA20004D4A4E494E4840F2814313F01EFB00231D
:10BA300083F31188BFF36F8F0323184602DF002FB3
:10BA40004FD101232B7128682946F3F7C5FF3046F3
:10BA500002F0B4FC0023A37274E73F4A4149404816
:10BA600040F2245313F001FB85F31188BFF36F8F6D
:10BA70000323184602DF71E7374A3B49384840F252
:10BA80000D4313F0F2FA002383F31188BFF36F8F95
:10BA90000323184602DF6DE7194600F099FE69E7B7
:10BAA000194600F001FF65E7194601F099F90421F4
:10BAB0003046FFF721F93046FDF7A8FA84F8200058
:10BAC0002046FFF739F955E7194600F02DFF51E7F9
:10BAD0001946204600F0FCFE08213046FFF70CF91D
:10BAE00048E703272F71338EEB80237A0C2B05F167
:10BAF00020080DD0184A1D49194840F28A4313F016
:10BB0000B4FA002383F31188BFF36F8F384602DF46
:10BB10004146304601F04CF995E70F4A1449104868
:10BB200040F27E4313F0A1FA85F31188BFF36F8FC3
:10BB30000323184602DF70E7074A0B49084840F222
:10BB40008A5313F092FA002383F31188BFF36F8FA7
:10BB50000323184602DFF5E6C8600300605F0300B8
:10BB60006C50030010610300445103002C6103007A
:10BB7000185F03002DE9F041D1F8188000260C462B
:10BB800005468E61B8F1000F49D00126032788F8D9
:10BB900004702B8EA8F80630237A042B08F12001BC
:10BBA00029D00C2B23D0022B17D0284A284940F249
:10BBB000AB13284813F059FA002383F31188BFF31D
:10BBC0006F8F384602DF0EB1BDE8F081D8F8000073
:10BBD0004146BDE8F041F3F7FFBE637A072B1AD068
:10BBE000092B10D0194A1A494FF48173E1E728460E
:10BBF00001F0DEF8E7E7637A0C2B08D0134A14490A
:10BC000040F20F13D5E7284600F0C4FDDBE72846D5
:10BC100000F074FED7E7204600F068FDD3E7FFF799
:10BC200065F880460028B1D1084A0B4909484FF40D
:10BC3000C67313F01AFA88F31188BFF36F8F0323CA
:10BC4000184602DF88F80480FFDE00BFC8600300EA
:10BC5000445103006C500300185F030038B50B7AA1
:10BC6000013B0C4605460B2B15D8DFE803F00624F4
:10BC70000E3214141414144114494B7A072B04D0B7
:10BC8000132B02D0242385F86031284600F044FCB1
:10BC90000023A37238BD324A324933484FF413733C
:10BCA00013F0E3F9002383F31188BFF36F8F0323AD
:10BCB000184602DF38BD4B7A072B01D0092BE1D1A2
:10BCC00094F82030DB07E0D521462846FFF752FFE5
:10BCD000DBE74B7A0C2BD5D18B6993B321462846F1
:10BCE000FFF748FF284600F017FC0023A37238BD79
:10BCF00000F012FC00221623A27285F8603138BDD4
:10BD00004B7A152B16D0072BBCD1D0F8403123F03D
:10BD10002003C0F8403100F0FFFB0023A372284647
:10BD2000FFF77CFB0028B5D128460421BDE8384048
:10BD3000FEF7F6BFFDF7EAF868B9284600F0ECFB1D
:10BD4000EBE7FEF7CBFF0028C8D1284600F00CFB3C
:10BD50000423A37238BD21462846FFF70BFFECE70A
:10BD6000C8600300445103006C50030070B50E7AA4
:10BD7000731E0C4605460B2B07D8DFE803F0161D93
:10BD80003145060606060661066F534A5349544874
:10BD900040F2CF2313F069F9002383F31188BFF336
:10BDA0006F8F0323184602DF70BD00F0CDFA002824
:10BDB0007FD00123A37270BD00F0C6FA0028F8D12D
:10BDC00021462846FEF776FF0028F2D02146284675
:10BDD000FFF756FC6369002B08BF0326A67270BDEF
:10BDE00000F0B2FA0028E4D121462846FEF762FFAF
:10BDF0000028DED021462846FFF742FC6369002B6D
:10BE000018BF0226A67270BD90F828319BBB00F0C7
:10BE10009BFA0028CDD121462846FEF74BFF00288B
:10BE2000C7D021462846FFF72BFC6269002A4FF055
:10BE300001030CBF03220222A27285F8283170BDD3
:10BE4000FEF738FF0028B4D021462846FFF718FC3B
:10BE50001622022384F82020A37270BDD0F840314E
:10BE60009B0602D5FFF7DAFA68B1284600F054FBCA
:10BE70000023A37270BD0C2200234A728B61BDE8BF
:10BE80007040FFF7EBBE284600F05EFA002890D124
:10BE900021462846FEF70EFF00288AD004212846B6
:10BEA000FEF72AFF21462846FFF7EAFB0323A37289
:10BEB00070BD21462846FEF7FDFE00283FF479AF0D
:10BEC00021462846FFF7DCFB6369002B0CBF0323E8
:10BED0000223A37270BD00BFC86003004451030079
:10BEE0006C50030070B50C46897A06461546042945
:10BEF00000F2A380DFE801F003031B280600002DF9
:10BF00005CD070BD002DFCD1237A042B00F087801B
:10BF1000524A534953484FF45F7313F0A6F885F320
:10BF20001188BFF36F8F0323184602DF70BD052D04
:10BF3000E7D1237A032B01D00A2BE2D121463046E8
:10BF4000BDE87040FFF78ABE012DDAD1DA7862725F
:10BF5000023A172A37D801A151F822F013C0010084
:10BF6000C7BF0100C7BF0100C7BF0100C7BF0100B5
:10BF700009C00100C7BF010001C00100C7BF010027
:10BF8000C7BF0100F9BF01003DBF0100C7BF0100ED
:10BF9000C7BF0100C7BF0100EFBF0100C7BF01005D
:10BFA0003DBF0100C7BF0100E7BF0100C7BF0100DF
:10BFB000C7BF0100C7BF01003DBF01002146BDE86A
:10BFC0007040FFF7D3BE254A2549264840F24F333B
:10BFD00013F04BF8002383F31188BFF36F8F032313
:10BFE000184602DFAAE7194600F024FFA6E7194623
:10BFF000204600F041FDA1E7194600F095FC9DE7C1
:10C00000194600F013FC99E71946204600F06AFB38
:10C0100094E7124A1249134840F23633D8E7FEF744
:10C020005DFE00283FF46DAF21463046FFF7A2FDCC
:10C03000304600F071FAA57270BD084A08490948F7
:10C0400040F29A3313F011F8002383F31188BFF301
:10C050006F8F0323184602DF70BD00BFC860030066
:10C06000445103006C500300131D0522FFF73ABF33
:10C0700002F120030122FFF735BF00BF1346002263
:10C08000FFF730BF02F120030222FFF74BBC00BFD5
:10C09000131D0122FFF746BC13460022FFF742BCE6
:10C0A00070B5044609F0A6F868B1D4F8F85045B167
:10C0B000D4F8FC202B68C4F8F830954208BFC4F8C7
:10C0C000FC30284670BD05460121032009F030F8F8
:10C0D0002A46064601210320F0F78AFED4F8F850DC
:10C0E00045B1D4F8FC202B68C4F8F830954208BF5D
:10C0F000C4F8FC30002EE4D0012211460320F0F7F2
:10C1000077FE284670BD00BF70B5044609F072F88E
:10C1100040B1D4F8F850DDB100220123A4F8022187
:10C12000AB7370BD05460121032009F001F82A46D2
:10C13000064601210320F0F75BFED4F8F850002EEC
:10C14000E9D0012211460320F0F752FE002DE3D181
:10C15000094A0A490A484FF4F57312F086FF85F33D
:10C160001188BFF36F8F0323184602DF00220123DB
:10C17000A4F80221AB7370BD546103009C610300FD
:10C180006C500300F8B505460C4609F033F840B191
:10C1900000232360D5F8FC30F3B11C60C5F8FC40E7
:10C1A000F8BD06460121032008F0C2FF32460746CB
:10C1B00001210320F0F71CFE2660D5F8FC3083B186
:10C1C0001C60C5F8FC40002FEAD00122BDE8F84011
:10C1D00011460320F0F70CBEC5F8F840C5F8FC4046
:10C1E000F8BDC5F8F840C5F8FC40ECE770B5054669
:10C1F00009F000F818B1D5F8F840204670BD0446A3
:10C200000121032008F094FF224606460121032065
:10C21000F0F7EEFDD5F8F840002EEED001221146E1
:10C220000320F0F7E5FD204670BD00BF38B50C4691
:10C230000546FFF7DBFF84420DD0184A184919481C
:10C24000522312F012FF002383F31188BFF36F8F84
:10C250000323184602DFA36913B11B792D2B07D0E6
:10C260002846FFF71DFF2046BDE83840FEF7FEBC1C
:10C270000A4A0D490B48572312F0F7FE002383F3B7
:10C280001188BFF36F8F0323184602DF2846FFF79C
:10C2900007FF2046BDE83840FEF7E8BC54610300C4
:10C2A000B06103006C500300C461030038B505465B
:10C2B000FFF79CFF037A013B04460B2B2DD8DFE8E8
:10C2C00003F0060606061A1A20141406260601466E
:10C2D00000222846FFF7D2FEA37B03B938BD2146D2
:10C2E0002846BDE83840FFF7A1BF01460022284696
:10C2F00001F0F8FBF0E7014600222846FDF724FC98
:10C30000EAE7014600222846FEF738FBE4E701464B
:10C310000022284601F028FCDEE7084A08490948BF
:10C320004FF4EF7312F0A1FE002383F31188BFF3E3
:10C330006F8F0323184602DFCEE700BF546103006E
:10C34000445103006C50030090F80401A0F1010077
:10C35000B0FA80F040097047012380F8043170473B
:10C36000002380F804317047B0F81831A0F802318A
:10C37000704700BFA0F80211704700BF0023A0F86B
:10C380000231704738B50C468969054610461A4691
:10C39000F9B1217A01390B2932D8DFE801F006061C
:10C3A00006062222271D1D062C0621462846FFF7D9
:10C3B0005FFEA36923B11B792D2B1CBF0023A36152
:10C3C000A37B03B938BD21462846BDE83840FFF7B6
:10C3D0002DBFA3612061DCE72146284601F02EFB3A
:10C3E000E7E721462846FDF789FBE2E72146284694
:10C3F000FEF796FADDE72146284601F0ABFBD8E7C9
:10C40000074A0849084840F2491312F02EFE00235B
:10C4100083F31188BFF36F8F0323184602DFC8E749
:10C4200054610300445103006C50030038B50B7A8B
:10C43000033B0C460546092B09D8DFE803F0050845
:10C4400008080D08080508052146FFF70DFEA37B27
:10C450000022626143B938BD2146FEF793FAA37BFF
:10C4600000226261002BF6D021462846BDE8384004
:10C47000FFF7DCBE38B50B7A072B0C46054608D013
:10C48000A37B03B938BD21462846BDE83840FFF7F5
:10C49000CDBEFEF77BFAF3E70222002380F80021ED
:10C4A000A0F80231704700BF38B590F8003104465B
:10C4B000032B1AD8DFE803F002100F10FFF796FEE7
:10C4C00048B1057A2046FFF7F1FE0A2D14BF01237B
:10C4D000032384F8003138BDFFF788FE0028FAD026
:10C4E0002046BDE83840FFF7E1BE084A0849094840
:10C4F0004FF41B7312F0B9FD002383F31188BFF3CF
:10C500006F8F0323184602DF38BD00BF546103005C
:10C51000445103006C50030010B590F800310446FC
:10C52000032B0DD8DFE803F008020702FFF7ECFD4C
:10C53000002384F8003110BDBDE81040FFF7E4BDD2
:10C54000074A084908484FF41B7312F08EFD002378
:10C5500083F31188BFF36F8F0323184602DF10BDEA
:10C5600054610300445103006C50030008B590F877
:10C570000031022B13D000D808BD032BFCD00A4A8F
:10C580000A490B484FF41B7312F06FFD002383F32D
:10C590001188BFF36F8F0323184602DF08BD002305
:10C5A00080F8003108BD00BF54610300445103000E
:10C5B0006C50030038B590F800310446032B3AD88C
:10C5C000DFE803F00926121320462946FEF7FEFB9A
:10C5D0002846FEF74BFB2046FFF762FD0546002884
:10C5E000F2D1022384F8003138BDFFF759FD05462A
:10C5F0000028F6D029462046FEF7E8FB2846FEF73D
:10C6000035FB2046FFF74CFD05460028F2D1E8E750
:10C61000FFF746FD05460028E3D029462046FEF7F1
:10C62000D5FB2846FEF722FB2046FFF739FD0546DD
:10C630000028F2D1D5E7084A084909484FF41B738E
:10C6400012F013FD002383F31188BFF36F8F0323D0
:10C65000184602DF38BD00BF546103004451030097
:10C660006C50030038B50546FFF71AFD68B1044663
:10C6700021462846FEF7AAFB2046FEF7F7FA284691
:10C68000FFF70EFD04460028F2D10024A5F8024170
:10C690002146284601F0A0FC85F8004138BD00BFC6
:10C6A00003780121122243F0030303704170C2702A
:10C6B000704700BF03780121132243F00303037086
:10C6C0004170C270704700BF0B784FF0020C43F00E
:10C6D000030307220B7081F801C0CA7090F84C3038
:10C6E0000B7170470B7980F84C3070470B784FF026
:10C6F000020C43F0030307220B7081F801C0CA70DB
:10C7000090F84C300B71704710B50B780C4609222D
:10C71000082143F00303E1706270237090F9433005
:10C72000002BACBF0B460E23E370F2F7D9F80022C2
:10C7300061F30702C1F3072C0B0C6CF30F2263F3B8
:10C7400017421B0A63F31F626060A26010BD00BF46
:10C7500038B50C460546F2F7C3F8237843F00303D7
:10C76000237009236370E370D5F84031217263F0C0
:10C77000FF031840020C0B0CC0F307252071C1F316
:10C780000721100AA2711A0AE07165716172A37221
:10C79000E27238BD0B78092243F003030B704A7034
:10C7A000CA70D0E94E23100CC2F3072C0A711A0C80
:10C7B00081F805C088714FEA102C0B72C3F3072073
:10C7C000130A81F807C048728A72CB72704700BFA3
:10C7D0002DE9F0414B68144F8E685A0F82EA1372AC
:10C7E00002F001021F400021931849419B180546A1
:10C7F00041F1000887EA0374F2F772F804EA0003D3
:10C80000C5F8403163F0FF0306F0EF063B4046EA0F
:10C810000878C5E94E3608EA01010122C5F844113D
:10C8200085F83021BDE8F0812FCF87F72DE9F04161
:10C830004A68134F8E68530F83EA127303F00103A3
:10C84000D91807EA02074FF000025241C9180546FD
:10C8500042F1000487EA0178F2F742F806F0EF06A9
:10C8600046EA0474C5E94E7608EA00000C4001234C
:10C87000C5F84001C5F8444185F83031BDE8F08184
:10C880002FCF87F70B784FF0030C43F003031922E7
:10C890000B7081F801C0CA7090F820300B7190F8CD
:10C8A00021304B71704700BF0B7980F848314B79CC
:10C8B00080F84931704700BF0B78022243F0030330
:10C8C0000B704A70CA7090F820300B71704700BF2F
:10C8D0000B7980F8203070470378074AC0F80520AC
:10C8E0004FF0060C43F0030340F60C51037080F840
:10C8F00001C0A0F803107047F105FFFF0B784FF05F
:10C90000060C43F003030C220B7081F801C0CA70BF
:10C9100090F82A310B71B0F82B31A1F80530B0F83E
:10C920002D31A1F807307047012380F829310B79A8
:10C9300080F82A31B1F80530A0F82B31B1F8073072
:10C94000A0F82D31704700BF10B50B78172443F0C5
:10C95000030303224C700B70CA70D0F82130D0F85A
:10C9600025208A604B6090F829300B7390F82A30AC
:10C970004B7301F10E0408F03DFC0C2120B1204660
:10C98000BDE8104003F0EABF2046BDE8104003F0C8
:10C99000DBBF00BF0B78032243F003034FF0170CFB
:10C9A0000B7081F801C0CA70D0F82130D0F8252072
:10C9B0008A604B6090F829300B7390F82A304B73E3
:10C9C000704700BF10B503780D21042243F0030324
:10C9D00041700370C270841808F00CFC0C2120B167
:10C9E0002046BDE8104003F0B9BF2046BDE8104026
:10C9F00003F0AABF03780121052243F0030303706B
:10CA00004170C270704700BF03780121062243F0D5
:10CA1000030303704170C270704700BF03780121A7
:10CA20000A2243F0030303704170C270704700BFD5
:10CA3000037801210B2243F0030303704170C2709D
:10CA4000704700BF037801714FF0020C43F00303FD
:10CA50000D22037080F801C0C27070470378017125
:10CA600043F003034FF0030C0370112380F801C05F
:10CA7000C3704271704700BF0B7980F84D304B791D
:10CA800080F84E30704700BF0B784FF0030C43F036
:10CA9000030316220B7081F801C0CA7090F8203091
:10CAA000C3F3C2034B7190F82030C3F302030B7140
:10CAB000704700BF0A7990F8203062F3C50380F810
:10CAC00020304A7962F3020380F82030704700BFBB
:10CAD0000B784FF0030C43F0030317220B7081F81F
:10CAE00001C0CA7090F8A831C3F3C2034B7190F82B
:10CAF000A831C3F302030B71704700BFCB88438595
:10CB00000B7980F82C304B7980F82D30704700BFBE
:10CB10000B784FF0050C43F0030318220B7081F8DB
:10CB200001C0CA70438DCB8090F82C300B7190F807
:10CB30002D304B71704700BF0A7990F8203062F3B6
:10CB4000C50380F820304A7962F3020380F8203070
:10CB5000704700BF0B784FF0180C43F003030F220F
:10CB60000B7081F801C0CA70C38C8B80038DCB80A1
:10CB7000438D0B81838D4B8190F834300B73C38EC2
:10CB8000A1F80D30038FA1F80F30438FA1F81130B9
:10CB9000838FA1F81330C38FA1F81530B0F840305F
:10CBA000A1F81730B0F84230A1F81930704700BF33
:10CBB0000B784FF0180C43F0030310220B7081F830
:10CBC00001C0CA70C38C8B80038DCB80438D0B81D9
:10CBD000838D4B8190F834300B73C38EA1F80D30E8
:10CBE000038FA1F80F30438FA1F81130838FA1F884
:10CBF0001330C38FA1F81530B0F84030A1F81730CA
:10CC0000B0F84230A1F81930704700BF8B88C38458
:10CC1000CB8803850B8943854B8983850B7B80F803
:10CC20003430B1F80D30C386B1F80F300387B1F856
:10CC300011304387B1F813308387B1F81530C387BB
:10CC4000B1F81730A0F84030B1F81930A0F84230F0
:10CC5000704700BF8B88C384CB8803850B894385CD
:10CC60004B8983850B7B80F83430B1F80D30C38657
:10CC7000B1F80F300387B1F811304387B1F81330A2
:10CC80008387B1F81530C387B1F81730A0F840306A
:10CC9000B1F81930A0F84230704700BF0B7800227D
:10CCA00043F003034FF00C0CCA700B7081F801C005
:10CCB00090F823300B71036B094AA2FB03239B0AF4
:10CCC000A1F80530438DA1F80930038DA1F8073094
:10CCD000838DA1F80B30838CA1F80D30704700BF15
:10CCE0005917B7D10B7980F82330B1F8053040F2ED
:10CCF000E24202FB03F30363B1F809304385B1F864
:10CD000007300385B1F80B308385B1F80D3083848B
:10CD1000704700BF0B784FF0080C43F0030301226B
:10CD20000B7081F801C0CA70038CA1F80930D0F8EB
:10CD300022304B6090F826300B727047B1F8093002
:10CD400003844B68C0F822300B7A80F82630704795
:10CD50000B784FF0090C43F0030314220B7081F899
:10CD600001C0CA70B0F866308B80B0F864300B81B7
:10CD7000B0F86A30CB80B0F868304B81704700BFA4
:10CD80000B784FF0090C43F0030315220B7081F868
:10CD900001C0CA70B0F866308B80B0F864300B8187
:10CDA000B0F86A30CB80B0F868304B81704700BF74
:10CDB0000B784FF0090C43F0030315220B7081F838
:10CDC00001C0CA70B0F876308B80B0F874300B8137
:10CDD000B0F87A30CB80B0F878304B81704700BF24
:10CDE0008B88A3F11B02E02A22D8B1F808C0ACF16D
:10CDF0001B02E02A1CD830B5CD88A5F5A47244F2F8
:10CE0000481492B2A24212D84A8900218E4662F397
:10CE10000F0EA2F5A4726CF30F0192B2A24263F35B
:10CE20001F4165F31F4E9CBFC166C0F870E030BD66
:10CE3000704700BF8B88A3F11B02E02A22D8B1F80B
:10CE400008C0ACF11B02E02A1CD830B5CD88A5F58E
:10CE5000A47244F2481492B2A24212D84A89002124
:10CE60008E4662F30F0EA2F5A4726CF30F0192B21C
:10CE7000A24263F31F4165F31F4E9CBFC166C0F819
:10CE800070E030BD704700BFF8B5CE6900230C4696
:10CE900007461546CB61A6B30F2D06F104011BD042
:10CEA000112D21D0E5B1214A214922484FF4A37325
:10CEB00012F0DBF8002383F31188BFF36F8F032395
:10CEC000184602DFF379637331463846FDF710FFE9
:10CED000237A092B10D0F8BD2046FFF73BFEF1E77F
:10CEE0002046FFF7DBFEEDE7084694F8202094F893
:10CEF0002110FFF7B3FDE5E73846BDE8F840FFF73E
:10CF000033BAFDF7DFFE06460028C5D1074A0A49B5
:10CF1000084840F22F1312F0A8F886F31188BFF3E7
:10CF20006F8F0323184602DFB6E700BF1C620300C1
:10CF3000445103006C500300A45E030070B58C697B
:10CF400000230D4606468B610CB319232279237109
:10CF5000338EE38095F8203084F8203043B92B8D50
:10CF600063846B8DA384AB8DE3842D2A09D070BDBF
:10CF7000738E6384B38EA384B6F8A031E3842D2A24
:10CF8000F5D120682146BDE87040F2F725BD074A7B
:10CF90000749084840F2071312F067F884F3118834
:10CFA000BFF36F8F0323184602DFCEE71C62030036
:10CFB000185F03006C500300F8B58C6900230D4620
:10CFC00006468B6194B1032327792371338EE38066
:10CFD00004F120012846FFF7BDFD2D2F00D0F8BD3C
:10CFE00020682146BDE8F840F2F7F6BC074A084938
:10CFF00008484FF4597312F038F884F31188BFF3DE
:10D000006F8F0323184602DFDDE700BF1C620300B9
:10D01000185F03006C50030030B5438E0A8D4C8DB1
:10D020008D8D934285B002D1838EA34214D001230B
:10D0300081F8223002950B6BCDE900240C7A91F82F
:10D040002320898C0391A4F10801B1FA81F14909E7
:10D05000E6F782FE05B030BDB0F8A0315B1B18BF0B
:10D060000123E5E7F8B5CD6900230C4607461646CF
:10D07000CB61002D3FD0291D112E0AD8DFE806F024
:10D080002E0909090909092A0909090909090909CA
:10D090003222234A234924484FF4527311F0E5FF0A
:10D0A000002383F31188BFF36F8F0323184602DF39
:10D0B000EB79637329463846FDF71AFE237A092B6C
:10D0C00014D0F8BD084694F8202094F82110FFF7FA
:10D0D000C5FCEDE72046FFF7F7FAE9E72046FFF742
:10D0E000DDFDE5E72046FFF763FDE1E73846BDE8F3
:10D0F000F84000F093BFFDF7E5FD05460028BAD1E2
:10D10000074A0A49084840F22E3311F0AEFF85F372
:10D110001188BFF36F8F0323184602DFABE700BF10
:10D120001C620300445103006C500300A45E030022
:10D130002DE9F0411B4E336804460D462BB1834266
:10D1400003D00123AB72BDE8F0812046FFF7FCF865
:10D150000028F6D1204600F047FF07460028F0D10E
:10D1600029462046FDF7A6FD0028EAD02046FBF719
:10D17000A7FE01218046204600F02EFFA5F836804C
:10D1800085F834700F22294620463460FFF77CFE74
:10D1900094F84330DB090CBF41F2020304236B8196
:10D1A000D1E700BF90720020C38C052B03D9028DFC
:10D1B000B2F5486F01D9002070479342FBD8438DE8
:10D1C000B3F5FA7FF7D200B5B0F82CC0ACF10A0184
:10D1D00089B240F6764E714502D900205DF804FB15
:10D1E00001339BB202FB03F3B3EB8C0FF5D290F843
:10D1F000340090428CBF00200120EFE738B58B69E6
:10D200000C46054673B11B4A1B491C4840F2863345
:10D2100011F02BFF002383F31188BFF36F8F0323DB
:10D22000184602DFFDF762FD2D23A061037194F81B
:10D2300034200121002384F8231023634AB1238D75
:10D24000E18CB3FBF2F313FB02F39BB2994298BF5C
:10D2500023852846FBF734FEAB8E06331844A084A2
:10D26000002221462846FFF7FDFE4FF60B7363812F
:10D2700038BD00BF1C620300686203006C500300ED
:10D2800038B505460C4600F0B9FE10B10923A3726B
:10D2900038BD21462846FDF70DFD0028F6D0214671
:10D2A0002846FDF70FFDE061FDF718FD10B90C23CE
:10D2B000A37238BD21462846BDE83840FFF79EBF1F
:10D2C00038B505460C46FFF73FF810B10323A372AB
:10D2D00038BD21462846FDF7EDFC0028F6D0214652
:10D2E0002846FDF7EFFCA369E0611BB32D221A71FC
:10D2F00094F834200121002384F8231023634AB1D9
:10D30000238DE18CB3FBF2F313FB02F39BB2994242
:10D3100098BF23852846FBF7D3FDAB8E0633184410
:10D32000A084002221462846FFF7AEFDFF23E372CA
:10D330000623CCE7FDF7D2FC38B1A369002BD5D189
:10D34000FDF7D4FC0346A061D0E70723BFE700BF89
:10D3500070B50C460546FBF7B3FDA38CC31A1B043E
:10D3600000D570BD21462846FFF756FE237A092BCB
:10D3700015D094F82260E6B92046FDF701FDA661BC
:10D38000284601F01BF8237A092B05D10D4B1A68AA
:10D39000954204BF00221A600023A37270BD284684
:10D3A00000F042FE237A092BE3D194F82030002BC1
:10D3B000DFD0002384F8203021462846FFF7BEFD49
:10D3C000DEE700BF9072002070B506460C4600F004
:10D3D00015FE10B10623A37270BD054621463046E6
:10D3E000FDF768FC0028F5D0112221463046FFF7F2
:10D3F00039FE304600F0E2FF237A092B04D1044BBA
:10D400001A68964208BF1D600023A37270BD00BF5A
:10D410009072002070B5204A136806460C468BB106
:10D4200083420FD002238B7200F0E8FD054620B93D
:10D4300021463046FDF73EFC08BB2046BDE8704063
:10D44000FDF77ABC218D738E16609942628DA08D96
:10D4500006D021463046FFF7AFFD0423A37270BD0E
:10D46000B38E9342F5D1B6F8A0318342F1D1204674
:10D47000FDF786FC00220523A261A37270BD4FF464
:10D480007263214623843046FFF79EFF2046FDF756
:10D4900077FCA56170BD00BF9072002070B50C468E
:10D4A000897A064615460C2900F28B80DFE801F0E8
:10D4B0000B172A323C4657895E686F820700002DA1
:10D4C00000F08F8070BD002DFCD1237A082B00F076
:10D4D000AB80092B40F099800123A37270BD012D10
:10D4E000F0D120461946FFF791FB2046FFF75CFE7E
:10D4F00050B940F61E73238421463046BDE8704083
:10D50000FFF762BF012DDDD821463046BDE87040EF
:10D51000FFF780BF002DD5D1FDF7E0FB002840F0DC
:10D52000C5800323A37270BD032D65D0042DC9D11E
:10D530000F22062384F82120A37270BD002DC1D1D3
:10D5400090F94330002B5ADA94F8203083B10F233E
:10D5500084F821302146BDE87040FFF735BF002D2B
:10D56000B0D12146BDE87040FFF72EBF002DA9D1F4
:10D57000304600F043FD002859D00823A37270BD47
:10D58000002D9FD12146BDE87040FFF779BE022DE6
:10D5900098D190F84320C2F3C011D20955D184F834
:10D5A0004C1000F02BFD0546002800F088800D236C
:10D5B000A37270BD002D85D12146BDE87040FFF7F4
:10D5C000C7BE504A5049514840F2515311F04DFDE9
:10D5D000002383F31188BFF36F8F0323184602DF04
:10D5E00070BDFDF77BFB00283FF46CAF2146304651
:10D5F000BDE87040FFF702BE0523A37270BDA561B0
:10D600002146BDE87040FFF73BBE3E4A3E493F48D9
:10D6100040F2F23311F029FD85F31188BFF36F8FCB
:10D620000323184602DF70BD0A23A37270BD214692
:10D630003046FDF73FFB00289FD0102221463046A0
:10D64000FFF710FD0A23638170BD19462046FFF7DE
:10D6500049FB218D628DA58D8B1F9BB240F67A40D0
:10D6600083422AD8B2F5FA7F27D2A5F10A039BB2EA
:10D6700040F67640834220D8531C9BB201FB03F353
:10D68000B3EB850F19D23046A58CFBF719FC2B1A8A
:10D690009BB247F6FE72934229D9282386F860315F
:10D6A000304600F08BFE0023A37270BD2146304649
:10D6B000FFF782FC0423A37270BD1E23EEE7214610
:10D6C0003046FDF7F7FA00283FF471AF07222146F4
:10D6D0003046FFF7C7FC304600F070FE237A092B76
:10D6E000E1D10B4B1A689642DDD11D60DBE7204685
:10D6F000FDF722FB0B23A37221463046BDE87040A4
:10D70000FFF726BE1C620300445103006C50030067
:10D710009072002070B506460C46FEF715FE10B15B
:10D720000523A37270BD054621463046FDF7C2FAB7
:10D730000028F5D02946304600F04EFC1122214643
:10D740003046FFF7A1FB3046FEF7E6FE237A092BB1
:10D7500002D00023A37270BD96F94330002B06DB84
:10D76000064B1A689642F4D100221A60F1E730465F
:10D77000FDF782FE0028F3D0EBE700BF9072002097
:10D7800070B50C46897A82B006461546072900F224
:10D790003C81DFE801F00920294952878B04002DE4
:10D7A00000F0BD8002B070BD002DFBD1237A082BA4
:10D7B00000F0A580092B10D09C4A9D499D484FF44C
:10D7C000F57311F052FC85F31188BFF36F8F0323BB
:10D7D000184602DFE6E7002DE4D12146304602B0CC
:10D7E000BDE87040FFF7A4BC032D00F0CF80042DEE
:10D7F00000F08780012DD5D119462046FFF72AFA7F
:10D800003046022100F0E8FB2046FFF7CDFC00285F
:10D8100040F0E18041F21E0323842146304602B0ED
:10D82000BDE87040FFF776BF002DBBD121463046E2
:10D8300002B0BDE87040FFF743BD032D00F0C1808A
:10D84000042D00F0B380022DACD119462046FFF71D
:10D8500049FA228D608DB4F82CC0931F9BB240F61C
:10D860007A418B4200F2AF80B0F5FA7F80F0AB8056
:10D87000ACF10A039BB240F676418B4200F2A380E2
:10D88000431C9BB202FB03F3B3EB8C0F80F09B8035
:10D890002946304600F0A0FB2046FDF74DFA06234E
:10D8A000A3727FE7002D7FF47DAFB6E7002D7FF4F4
:10D8B00079AFFBF705FBA38CC01A03043FF572AFE9
:10D8C0002946304600F088FB21463046FFF7A4FB8E
:10D8D000237A092B00F0878094F82250002D40F025
:10D8E0008E802046FDF74CFAA5613046FEF714FE07
:10D8F000237A092B3FD00023A37202B070BDA5612B
:10D9000094E73046022100F067FBD6F8403123F05F
:10D9100002032046C6F84031FDF70EFA86E7FDF710
:10D92000DDF900283FF43EAFA069002869D02D231F
:10D93000037194F834200121002384F82310236319
:10D940004AB1238DE18CB3FBF2F313FB02F39BB2DC
:10D95000994298BF23853046FBF7B2FAB38E06335F
:10D960000344A384002221463046FFF78DFA4FF688
:10D970000673638116E796F94330002B2DDB2E4B9F
:10D980001A689642B7D100221A60B4E75A791A2A67
:10D99000B7D00021019300F01FFB019B5B7984F855
:10D9A000203021463046FFF7C9FA9EE7D0F84031D3
:10D9B0001A2223F00203C0F84031214684F82020C7
:10D9C000F0E75B79EBE70021304600F005FB1E2312
:10D9D00086F8603189E720469EE73046FDF74CFD2A
:10D9E0000028CCD087E73046FEF7C8FC237A092B05
:10D9F0007FF472AF94F82030002B3FF46DAF00231A
:10DA0000CDE7FDF773F9A06191E7084A0849094895
:10DA10004FF43E7311F029FB002383F31188BFF309
:10DA20006F8F0323184602DFBCE600BF1C620300B1
:10DA3000445103006C5003009072002010B592F81E
:10DA400023C082B0044602F12003BCF1110F0AD8B2
:10DA5000DFE80CF02C090909090909250909090958
:10DA6000090909091E17242380F860310191FEF786
:10DA700053FD01990B7A092B1FD000238B7202B042
:10DA800010BD0322204602B0BDE81040FFF778BE6B
:10DA90000122204602B0BDE81040FFF771BE04220B
:10DAA000204602B0BDE81040FFF76ABE02222046C1
:10DAB00002B0BDE81040FFF763BE94F94330002B7D
:10DAC00006DB074B1A689442D7D100221A60D4E7CC
:10DAD00020460191FDF7D0FC01990028F1D0CCE758
:10DAE0009072002013460022FFF74ABE70B592F8EC
:10DAF000235002F1200335B10F2D09D1BDE870404C
:10DB00000122FFF7CBBCBDE870400222FFF7C6BC84
:10DB100024230E4680F86031044600F04FFC337A2F
:10DB2000092B05D1044B1A68944204BF00221A60E5
:10DB30000023B37270BD00BF907200201346002214
:10DB4000FFF7ACBC00230322FFF7A8BC002304228C
:10DB5000FFF7A4BC10B524230C4680F86031FEF713
:10DB6000DBFC0023A37210BD70B58B7A012B0C4631
:10DB7000054617D9022B06D1FBF7A2F9238CC01A50
:10DB8000030415D570BD2C4A2C492D48B62311F03D
:10DB90006CFA002383F31188BFF36F8F03231846B9
:10DBA00002DF70BDFEF7D0FB88B10123A37270BD08
:10DBB0000021284600F010FA04F122012846FBF764
:10DBC0008DF92846FEF7A8FC0023A37270BD2846F5
:10DBD00000F00AFA0028E8D121462846FDF76AF845
:10DBE0000028E2D00121284600F0F6F92846FBF78C
:10DBF00067F9831D238421462846FDF763F806460E
:10DC000060B1311D2046FFF785F8F3796373314623
:10DC10002846FDF76DF80223A37270BD064A094934
:10DC200007485C2311F021FA86F31188BFF36F8F48
:10DC30000323184602DFE4E788620300445103002F
:10DC40006C500300A45E030070B592F82330012BE2
:10DC500005460C4607D0242380F8603100F0AEFB67
:10DC60000023A37270BD8B7A012B12D013F0FD0F2D
:10DC7000F8D0154A1549164840F2271311F0F5F966
:10DC8000002383F31188BFF36F8F0323184602DF4D
:10DC900070BD02F120012046FFF750F82846268C7F
:10DCA000FBF70EF9361AB6B247F6FE739E4202D85B
:10DCB0000223A37270BD282385F86031284600F046
:10DCC0007DFB0023A37270BD8862030044510300F2
:10DCD0006C50030038B58B7A012B12D0022B0C4606
:10DCE00010D00BB3124A1349134840F2271311F016
:10DCF000BCF9002383F31188BFF36F8F0323184609
:10DD000002DF38BD0546FBF7DBF8238CC01A03049D
:10DD1000F7D404F122012846FBF7E0F8284600F08A
:10DD20004DFB0023A37238BD01238B7238BD00BFA9
:10DD300088620300445103006C50030038B5D0F8EA
:10DD400008318B4204460D4623D01C4A1C491D480D
:10DD5000782311F08AF9002383F31188BFF36F8FC2
:10DD60000323184602DFAB6913B11B792D2B15D0A5
:10DD7000D4F8083143B1D4F80C111A68C4F808215A
:10DD8000994208BFC4F80C212846BDE83840FCF78A
:10DD90006DBF8B69002BE8D10B46ECE7074A0A49B7
:10DDA00008487D2311F061F9002383F31188BFF344
:10DDB0006F8F0323184602DFDAE700BFD06203004B
:10DDC000B06103006C500300C461030038B5D0F8A3
:10DDD00008512B7A013B04460B2B28D8DFE803F0CF
:10DDE0000606060618181D131306220600222946E9
:10DDF000FEF752F9AB7B2BB129462046BDE83840EF
:10DE0000FFF79CBF38BD00222946FFF797FEF1E7D8
:10DE100000222946FBF7CCFEECE700222946FCF75E
:10DE2000D7FDE7E700222946FFF754FFE2E7084A5B
:10DE3000084909484FF4E77311F017F9002383F3F9
:10DE40001188BFF36F8F0323184602DFD2E700BFAC
:10DE5000D0620300445103006C50030070B5D0F849
:10DE6000085104461DB394F81431012B03D1022349
:10DE700084F8103170BD29462046FCF71BFF0028AE
:10DE8000F5D029462046FCF71DFF0646F0B1311DAE
:10DE90002846FEF719FCF3796B7331462046FCF7F0
:10DEA00027FF0123AB73002384F8103170BD0F4AA4
:10DEB0000F49104840F2162311F0D7F885F3118866
:10DEC000BFF36F8F0323184602DFCCE7074A0A49E6
:10DED00008484FF4EF7311F0C8F886F31188BFF3C8
:10DEE0006F8F0323184602DFD1E700BFD062030023
:10DEF0009C6103006C500300A45E030070B5D0F871
:10DF000008510446ADB394F81431012B03D1012319
:10DF100084F8103170BD29462046FCF7CBFE00285E
:10DF2000F5D029462046FCF7CDFE064600283CD019
:10DF30002046FEF75BF92A7A037A934206F1040041
:10DF400026D0082B26D02A2194F830311BB1D4F8E2
:10DF500040315B0723D4FEF775FDF3796B733146CF
:10DF60002046FCF7C5FE0123AB73002384F8103173
:10DF700070BD154A1549164840F2062311F075F890
:10DF800085F31188BFF36F8F0323184602DFBAE7CA
:10DF90002321D9E7092A14BF2A212321D4E70A46DD
:10DFA00094F81711FEF75AFDD7E7074A09490848C0
:10DFB0004FF4EF7311F059F886F31188BFF36F8FA8
:10DFC0000323184602DFB3E7D06203009C6103001D
:10DFD0006C500300A45E030080F81611704700BF68
:10DFE000704700BF0020704790F81501003818BF37
:10DFF00001207047D0F80801704700BF90F8140165
:10E00000A0F10100B0FA80F040097047012380F8C8
:10E0100014317047002380F814317047B0F818317C
:10E02000A0F81231704700BF0023A0F812317047EA
:10E0300038B5D0F80841A4B10546D5F80C212368BD
:10E04000C5F808319442214608BFC5F80C3128466E
:10E05000FCF7BCFE2046FCF709FED5F80841002C71
:10E06000EBD138BD022938B5054612D004290C463B
:10E070000AD0012900D038BDD0F80831002BFAD0E1
:10E08000BDE83840FFF7A2BEFFF7D2FF85F8104188
:10E0900038BDD0F80841002380F815313CB1002389
:10E0A0000122A5F81231A27385F8103138BD074A54
:10E0B0000749084840F2292310F0D7FF84F311885C
:10E0C000BFF36F8F0323184602DFE8E7D062030037
:10E0D0009C6103006C500300F8B590F810310446C1
:10E0E0000E461546052B00F2A180DFE803F00E1660
:10E0F00007030B03BDE8F840FFF7B4BFBDE8F840E5
:10E10000FFF7ACBE03290CD0F8BD71B10429FBD1D7
:10E11000FFF78EFF84F81061F8BDBDE8F840FFF707
:10E12000EDBE002380F81031F8BDD0F80871002F43
:10E13000EAD03B7A90F816C190F843E0112B11D841
:10E14000424A012101FA03F002405AB30A2B22D0BD
:10E15000C3B184F815612046FFF738FE032384F825
:10E160001031F8BD3A4A3B493B486B2310F07DFF24
:10E17000002383F31188BFF36F8F0323184602DF58
:10E180003B7AE3E795F8233087F84C302046BDE82A
:10E19000F840FFF763BE2046FFF718FE052384F81A
:10E1A0001031F8BD10F4386FDCD00A2BF3D0002BFF
:10E1B000E8D0BCF1000F01D10E46CAE71EF0800F77
:10E1C00012D1BCF1010F22D0BCF1020F9CD120462C
:10E1D000FEF70CF83B7A027A9A4223D0082A1FD025
:10E1E0002A2384F86031F8BDBCF1010FECD1204640
:10E1F000FDF7FCFF08B1FF22C272012384F815313C
:10E200002046FFF7E3FD032384F81031F8BD95F8AD
:10E21000233084F817312046BDE8F840FFF76EBE82
:10E22000092BDDD1232384F86031F8BD084A094960
:10E2300009484FF4437310F018FF002383F311884B
:10E24000BFF36F8F0323184602DFF8BD7FF403008E
:10E25000D0620300445103006C50030038B50C46F3
:10E260008969054610461A46237AF1B10C2B57D816
:10E27000DFE803F00D070707073C3C484242074E22
:10E28000070021462846FDF7FDFEA16921B10B7963
:10E290002D2B1CBF0023A361A37B2BB12146284655
:10E2A000BDE83840FFF74ABD38BDA26120610C2BA4
:10E2B00036D801A151F823F01DE3010083E20100EB
:10E2C00083E2010083E2010083E20100EDE201004C
:10E2D000EDE2010005E30100F9E20100F9E20100CD
:10E2E00083E2010011E3010083E201002146284698
:10E2F000FBF72EFCA169C9E721462846FFF7F6FB8C
:10E30000A169C3E721462846FCF744FBA169BDE7A4
:10E3100021462846FFF798FCA169B7E71146B5E703
:10E32000084A094909484FF4A17310F09EFE0023E2
:10E3300083F31188BFF36F8F0323184602DFA169AF
:10E34000A4E700BFD0620300445103006C500300F7
:10E3500038B50B7A072B0C4605460ED00C2B01D195
:10E36000FDF796FEA37B002262612BB12146284671
:10E37000BDE83840FFF7E2BC38BDFCF72DFBF1E704
:10E3800038B50B7A072B0C46054608D0A37B2BB17A
:10E3900021462846BDE83840FFF7D0BC38BDFCF721
:10E3A0001FFBF3E70422002380F81021A0F81231AC
:10E3B000704700BF00220121FFF78EBE002202211C
:10E3C000FFF78ABE00220321FFF786BE0022042148
:10E3D000FFF782BEF0B5044683B00E46154683B102
:10E3E00092F823301B2B31D8DFF894C090F84310FB
:10E3F0000CEB4307C9097F781AB201238B403B40DD
:10E400002BD11846FCF70EFD0746E8B10023036048
:10E41000D4F80C31E3B11860C4F80C012A4600218D
:10E420002046FFF759FEBB7B1BB139462046FFF75C
:10E4300085FCD4F8081139B12B463246204603B08A
:10E44000BDE8F040FFF70ABF03B0F0BD0023D8E7F6
:10E45000C4F80801C4F80C01E0E71CF812300A2BDC
:10E46000CFD10193FFF7E4FD0022A4F8122184F834
:10E47000152184F810212046FEF7F4F8019BC0E72F
:10E480001863030010B50446FFF7D2FD0023A4F87B
:10E49000123184F8153184F8103110BD10B50C46D6
:10E4A00030B994F888316FF3000384F8883110BDD7
:10E4B0000A4A0B490B4840F2A22310F0D6FD002374
:10E4C00083F31188BFF36F8F0323184602DF94F89C
:10E4D00088316FF3000384F8883110BD5063030066
:10E4E000986303006C50030000B9704708B5084AF0
:10E4F0000849094840F29A2310F0B7FD002383F33E
:10E500001188BFF36F8F0323184602DF08BD00BFD9
:10E5100050630300745803006C500300012800D0BE
:10E52000704710B50C46F1F71FFB84420ED0084A25
:10E530000849094840F2922310F097FD002383F325
:10E540001188BFF36F8F0323184602DF10BD00BF91
:10E5500050630300AC6303006C5003002DE9F843E3
:10E56000099C9DF820900546208E4FF6FF71884249
:10E5700025D02946204690461F46FAF709FAF0B9F9
:10E5800026780136F6B226705EB31D491D4B0F8109
:10E5900004F11C000022C860C1E9005881F80A900B
:10E5A000996001201146EEF757FC50B9FF20FAF7A9
:10E5B00023FA2046FF21BDE8F843FAF719BBBDE86E
:10E5C000F883114A114912484FF4137310F04DFDAE
:10E5D000002383F31188BFF36F8F0323184602DFF4
:10E5E000E4E7094A0B490A4840F23F2310F03DFD99
:10E5F00086F31188BFF36F8F0323184602DFC4E749
:10E60000DC770020680200205063030020510300E3
:10E610006C50030094580300438F43B110B590F839
:10E62000883113F0010488B002D008B010BD7047E3
:10E63000124A43F0010380F8883108310123CDE903
:10E640000442CDE902430690CAB2CDE90044234614
:10E6500003212046EFF7F6FF10F0FD0FE5D0084A42
:10E660000849094840F2052310F0FFFC84F31188A3
:10E67000BFF36F8F0323184602DFD6E79DE4010046
:10E6800050630300805C03006C50030038B50C46F7
:10E690001546F9F703FD48B11CB1BDE83840FCF759
:10E6A00029BE2946BDE83840FCF7FEBD022038BD32
:10E6B00038B50C461546F9F7F1FC58B190F94330DE
:10E6C000002B05DA2A462146BDE83840FCF7A4BCF9
:10E6D0000C2038BD022038BD704700BF00B970471C
:10E6E00008B5084A0849094840F21E4310F0BDFC2D
:10E6F000002383F31188BFF36F8F0323184602DFD3
:10E7000008BD00BFDC630300745803006C500300B5
:10E710002DE9F843099C9DF820900546208E4FF680
:10E72000FF7188422CD02946204690461F46FAF7B2
:10E730002FF928BB26780136F6B2267096B3022050
:10E74000FAF75AF902212046FAF752FA1D491E4BF0
:10E750000F8104F11C000022C860C1E9005881F853
:10E760000A90996001201146EEF776FB50B9FF2020
:10E77000FAF742F92046FF21BDE8F843FAF738BA24
:10E78000BDE8F883114A1249124840F2CD3310F027
:10E790006CFC002383F31188BFF36F8F03231846AB
:10E7A00002DFE4E7094A0C490A4840F2BA3310F0A4
:10E7B0005CFC86F31188BFF36F8F0323184602DFDA
:10E7C000BDE700BFF477002078020020DC6303007F
:10E7D000205103006C50030094580300F8B505461F
:10E7E0000020F8F755FF044602F034FC10F0FF005B
:10E7F00009D11DB194F83C30DB072CD52046BDE88B
:10E80000F840E4F70DBC256AAB6F73B1214A224989
:10E81000224840F2294310F028FC002383F311889A
:10E82000BFF36F8F0323184602DF05F16C0105F17A
:10E830006800EEF791FA064670B12F68AE67D7F818
:10E840006451C5B12846F1F7A3F83846F9F710FC32
:10E85000002323620320F8BD0E4A11490F4840F2FD
:10E860002B4310F002FC86F31188BFF36F8F032354
:10E87000184602DFE1E7074A0949084840F23243F7
:10E8800010F0F3FB85F31188BFF36F8F0323184655
:10E8900002DFD7E7DC630300D05803006C500300AD
:10E8A000705D03002DE9F84306460020F8F724FFC9
:10E8B00068B3036A044653B393F82C2042F0020273
:10E8C00083F82C20076A17B301460020F8F7E6FC0E
:10E8D0000546C8B93F68D7F8648107F5B279B8F141
:10E8E000000F18D04046F1F753F8172387F8683126
:10E8F0004FF6FF73A7F86A311C340223C7F86C4146
:10E9000087F88431C6F800902846BDE8F8830C25C6
:10E910002846BDE8F883074A074908484FF40473BE
:10E9200010F0A3FB88F31188BFF36F8F0323184601
:10E9300002DFD7E7DC630300705D03006C50030067
:10E9400070B50C4615461E46F9F7A8FBB8B190F80D
:10E950009AC01CF0180C04D0BCF1180F08D00C2081
:10E9600070BD33462A462146BDE87040FCF7AEBB79
:10E9700033462A462146BDE87040FCF7D7BB02204B
:10E9800070BD00BF30B583B001A8FFF78BFF044610
:10E9900010B1204603B030BDF8F7AEFE054650B1C9
:10E9A00095F8563000226FF34103204685F8563023
:10E9B0002A6203B030BD074A074908484FF419736B
:10E9C00010F053FB85F31188BFF36F8F03231846B4
:10E9D00002DFE5E7DC630300AC5B03006C5003007F
:10E9E00070B583681E68346A24B300253562A36F4E
:10E9F0006BB11F4A1F4920484FF4207310F035FBBC
:10EA000085F31188BFF36F8F0323184602DF04F1EB
:10EA10006C0104F16800EEF79FF90546C8B1206863
:10EA2000A567F9F725FB96F856306FF3410386F892
:10EA3000563070BD0E4A11490F4840F27D2310F048
:10EA400014FB84F31188BFF36F8F0323184602DF92
:10EA5000CBE7074A0A49084840F2832310F005FB38
:10EA600085F31188BFF36F8F0323184602DFD6E7C3
:10EA7000DC630300D85103006C500300CC51030049
:10EA8000705D030070B5032482B04FF6FF76204618
:10EA9000F9F704FB0546684655B195F94330002B5C
:10EAA00006DB00F02DF969462846FCF7B1FB20B9DA
:10EAB000013CA4B2B442EAD1002002B070BD00BF54
:10EAC00008607047C31E012B05D9083803288CBF86
:10EAD0000020012070470120704700BF083803283C
:10EAE0008CBF0020012070472DE9F04F95B01E46E5
:10EAF0000B1D0D930023CDE91033CDE90933FF271A
:10EB0000054691468DF83F700B933C4698460DF1B3
:10EB1000480A0DF1400B404B059311AB0020CDE9A5
:10EB200000B302231293CDF818A0CDF80C900490F6
:10EB3000029033460DF13F022946EFF765FE0228A9
:10EB400012D0129BB3B9FF2C25D03368434522D095
:10EB5000002F42D0013FFF24FFB28DF83F40DAE79B
:10EB600029460020EFF79EFE129B022BF8D0129B45
:10EB7000002BE8D0294A2A492A484FF4EE7310F0B6
:10EB800074FA002383F31188BFF36F8F03231846B1
:10EB900002DFFF2CD9D19DF83F00FF282CD013A90C
:10EBA000E6F766F80028B6D0FF2CDDF84080139B0E
:10EBB0000AD009990C934046EFF78EFE0D9B0A9AF6
:10EBC0009A1890420C9B19D8CDE90983119BD6F86D
:10EBD00000809DF83F400B939DE713490F4A114871
:10EBE0004FF4F27310F041FA87F31188BFF36F8F7F
:10EBF0000323184602DFADE7FF2C08D01E9B099ABD
:10EC00001A601F9B0B9A1A60209B0A9A1A60204672
:10EC100015B0BDE8F08F00BFC1EA01002064030019
:10EC20005C5A03006C5003006464030010B588B0A4
:10EC30000C4607AA06A905ABCDE9012100930146C0
:10EC4000194A23460320FFF74FFFFF2828D0032847
:10EC5000DDE905310DD0042803D00838C0B20328FF
:10EC60001ED822680B4402331A442260002008B0E8
:10EC700010BD22680B4402331A4422600020F7F7CB
:10EC8000A7F9036ADB6A002BF0D01A6892F85230B9
:10EC90009B07EBD523681269023313442360E5E731
:10ECA0006FF00900E3E700BFC5EA010008B50A4AB2
:10ECB000034600681060052110461B791371EEF7BA
:10ECC000E3F9064B1870FFF7DDFEF6F765FCF8F781
:10ECD00029F9002008BD00BF04780020FE84002030
:10ECE000054B064A10B41F204FF0FF3425211C604D
:10ECF0001871117010BC704704780020FE84002049
:10ED0000044A0549034610681860127908781A7198
:10ED1000704700BF04780020FE84002030B5044610
:10ED200000789DF80C5002FB01111F4A014482FB40
:10ED300001020A44521102EBC20002EB80028A1A5D
:10ED4000D0B2C1082070595C02F0070241FA02F209
:10ED500012F001021FD1B0FBF5F405FB1404E4B27C
:10ED60005D1E1046043300F1080E15F8011F5FFA0E
:10ED70008EFE024611F0010F02F1010C4FEA510123
:10ED800002D04CB1013CE4B25FFA8CF27245F1D191
:10ED900010469D42E7D130BDC11D891AC9B207296D
:10EDA0001046F6D830BD00BFA7C867DD428800888E
:10EDB00050407047F0B5344D344C48404FF0030C90
:10EDC000060A5FFA80FE0EEB8E2E06EB862004EA22
:10EDD000401705EA400605EA4E0004EA4E1E3E438F
:10EDE00040EA0E0000EB002706EB062E06EB0E268F
:10EDF00000EB0720360CC0F3074040EA062000EB8A
:10EE000000100CF1FF3C08441CF0FF0C80B2D7D17D
:10EE100041401F48A0FB01400C1A00EB5400400980
:10EE200000EBC00400EB8400081AC0F3C40400F037
:10EE30000705145D2C41E407C0B21CD401FB03F3A9
:10EE4000561EC3F307430432604600F1080516F866
:10EE500001CFEDB201461CF0010F01F101044FEAB0
:10EE60005C0C02D043B1013BDBB2E1B2A942F2D16A
:10EE700008469642E9D1F0BD0730401AC0B20728D3
:10EE80000846F6D8F0BD00BF1021020040840800FB
:10EE90004D91CFBA1A491B482DE9F0410023451E78
:10EEA000A1F1020C012606E00133082B01F1060155
:10EEB00000F1280022D003EB830215F83220D4079A
:10EEC000F2D59CF800409CF801E0D0F80080C2F335
:10EED000801206FA03F79A4001333C434EEA0202DD
:10EEE00087888F80082B8CF800408CF8012001F176
:10EEF000060141F8068C00F12800DCD1BDE8F08164
:10EF000012780020FD7800202048214A2DE9F047A2
:10EF1000204FDFF884800023951EA0F1020C01260B
:10EF200015F83310C90706FA03F926D53C7812F80C
:10EF3000011C4CB1072901EB810405D818F83410E5
:10EF40004C0701D5C90618D515F833109CF801E017
:10EF50009CF80040D2F800A0C1F3400199404EEA6D
:10EF6000010144EA0904B2F804E08CF800408CF88E
:10EF70000110A0F804E0C0F800A00133082B00F154
:10EF8000060002F10802CBD1BDE8F0877E7A0020AE
:10EF90003E7A002000850020FC7800200820704781
:10EFA00038B50020F5F752FFF0B9F8F7D9FB10F0AB
:10EFB000010019D10D4C0E4D621E14F83030072B94
:10EFC00003EB830105D815F831306FF3451305F8CD
:10EFD000313012F830306FF3000302F83030013076
:10EFE0000828EAD1002038BD0C2038BD3D7A002029
:10EFF000FC7800202DE9F04F074683B00020F5F79C
:10F0000025FF00286DD1F8F7ABFB10F0010568D1A2
:10F010003B78FF2B73D03F4E07F101094FF0FF0AF9
:10F020002C46A6F1020803F0010B06E059455CD01E
:10F030000134082C06F108060FD018F83420C2F36A
:10F040004001D207F2D4BAF1FF0F08BF5FFA84FA89
:10F050000134082C06F10806EFD1BAF1070F52D897
:10F0600018F83A2063F3410208F83A20022314FB0F
:10F070000A34D7F8013048F804304444B9F8043071
:10F08000A38097F800B0244C0BF0010B661E04E03F
:10F090000135082D04F1280439D005EB8503DF0084
:10F0A00016F83330C3F38012DB07F1D55A45EFD1A0
:10F0B00020460622494614F0C1F80028E8D1F35D45
:10F0C00043F02003F355EDB218F83A3008EBCA02CA
:10F0D00043F0010308F83A305570002003B0BDE852
:10F0E000F08F0C2003B0BDE8F08F30460622494671
:10F0F000019314F0A3F8019B002899D1EDE728466D
:10F1000003B0BDE8F08F072003B0BDE8F08FFF2506
:10F11000DAE700BF3E7A0020FD7800202DE9F041BB
:10F1200006460020F5F792FE00283AD1F8F718FBC2
:10F1300010F0010435D196F80080B8F1FF0F36D0F9
:10F140001C4D0136AF1E08F0010804E00134082C04
:10F1500005F1080528D017F83430C3F34002DB0767
:10F16000F4D54245F2D106222846314614F066F81D
:10F170000028EBD107EBC4035B78072B08D80E4AB5
:10F1800003EB830312F8331060F3451102F83310D8
:10F1900017F834306FF3000307F834300020BDE86F
:10F1A000F0810C20BDE8F0810220BDE8F08120460E
:10F1B000BDE8F0813E7A0020FC78002007282DE988
:10F1C000F8430446884615461BD81D4E04EB8403BD
:10F1D0004FEA840916F8333013F0010721D0A14417
:10F1E000012216F83930C3F3801388F80030282341
:10F1F00013FB0423F218F3582B609388AB80BDE80F
:10F20000F883104A104911484FF48C730FF02DFF0A
:10F21000002383F31188BFF36F8F0323184602DFA7
:10F22000D3E7084A0A49094840F219130FF01DFFB5
:10F2300087F31188BFF36F8F0323184602DFCEE7F1
:10F24000FC7800206C640300B06403006C50030081
:10F25000BC6403000820704710B50020F5F7EAFDF4
:10F2600008B10C2010BD0446F8F760FA0128F8D860
:10F27000194B1A48197893F82820047064F3000198
:10F2800064F30002197083F8282093F8501093F863
:10F29000782064F3000164F3000283F8501083F8CF
:10F2A000782093F8A01093F8C82064F3000164F369
:10F2B000000283F8A01083F8C82093F8F01093F8A8
:10F2C000182164F3000164F3000283F8F01083F85E
:10F2D0001821204610BD00BFFC780020FF840020CC
:10F2E0002DE9F04F83B083460020CDF800B0F5F74C
:10F2F000A1FD18B10C2003B0BDE8F08F0446F8F76B
:10F3000015FA0128F6D8DDF800B0DFF820811BF8E7
:10F31000012B019202F0010308F1FF391E4604E0BF
:10F320000134082C08F1280841D004EB840209EBD1
:10F33000C20519F83270FB074FEA840AC7F380123E
:10F34000EED5B242ECD140460622594613F076FF84
:10F350000028E5D13E467607019A07462BD4344D66
:10F3600002F00108AE1E04E00137082F05F1080580
:10F3700012D016F83730C3F34002DB07F4D542450C
:10F38000F2D106222846594613F058FF0028EBD147
:10F3900006EBC706FF237370A244002019F83A3029
:10F3A0006FF3000309F83A3003B0BDE8F08F022094
:10F3B00003B0BDE8F08FDFF87CC09CF800305E1E23
:10F3C000023B062BF6B203D895F81780B04502D160
:10F3D0008CF80060C3E7184A02EB061302EB081230
:10F3E000964605460FCB8EE80F00DFF850E005EBA0
:10F3F000850309EBC30219F83330D80705D559073F
:10F4000003D59EF81730B34207D00135082D0EF111
:10F41000280EECD1009B1A78DAE7009B82F817805F
:10F420001A78074B03F80850D2E700BFFD78002098
:10F430003E7A0020FF8400207C780020FC780020A9
:10F44000747800202DE9F8431D465B7903F0C00372
:10F45000402B01D0BDE8F8830F46F1B1DFF8A4904E
:10F46000002400F0010609F1FF3804E00134082C03
:10F4700009F12809EED004EB840318F83330D907DA
:10F48000C3F38012F2D5B242F0D106224846394683
:10F4900013F0D4FE0028E9D1E2B2072ADAD8DFF867
:10F4A000688002EB820318F83330DB07D2D502EB19
:10F4B0008202D40004F11803286848F8030008EB1E
:10F4C0000309AB88A9F804300026B0B2F8F7E6FDCE
:10F4D000013606224946054600F2B51718B13846EE
:10F4E00013F0ACFE10B1042EEFD1B3E7013408EBFA
:10F4F000040358F80420C5F8B5219B88A5F8B93154
:10F50000A8E700BFFD780020FC7800202DE9F84F27
:10F5100082461A4E1AF8018B8946002408F0010829
:10F52000771E03E0082C06F128061BD004EB8402AA
:10F53000D50017F83230C3F38012DB0704F1010461
:10F54000F0D54245EED106225146304613F076FE04
:10F5500083460028E6D118357C1906212046EDF7B0
:10F56000EBFB10B90220BDE8F88F7859C9F800000C
:10F57000A388A9F804305846BDE8F88FFD7800202C
:10F580002DE9F0478246174E1AF8018B8946002470
:10F5900008F00108771E03E0082C06F128061DD0AC
:10F5A00004EB840207EBC20517F83230C3F3801274
:10F5B000DB0704F10104EFD54245EDD106225146A7
:10F5C000304613F03BFE0028E6D16B6A1A68C9F892
:10F5D00000209B88A9F80430BDE8F0870220BDE830
:10F5E000F08700BFFD78002010B504460020F5F735
:10F5F00021FC08B10C2010BDF8F798F80128F9D8C3
:10F600000CB1012C03D1034B1C70002010BD122043
:10F6100010BD00BF00850020034B4FF47A7202FB3F
:10F6200000F01860704700BF0C7800202DE9F0470B
:10F63000824600208846F5F7FDFB10B10C20BDE89E
:10F64000F0870446F8F772F80128F7D81B4E1AF82D
:10F65000019B771E09F0010903E0082C06F128063A
:10F6600020D004EB8402D50017F83230C3F38012A7
:10F67000DB0704F10104F0D54A45EED130460622FD
:10F68000514613F0DBFD0028E7D1B8F1000F0FD091
:10F69000B8F1010F09D17B5D43F010037B550020C9
:10F6A000BDE8F0870220BDE8F0871220BDE8F087B2
:10F6B0007B5D68F304137B550020F1E7FD780020A3
:10F6C000D0B5314C3149002304F1FF3C14F833200C
:10F6D000072A02EB820E05D811F83E206FF345127F
:10F6E00001F83E201CF833206FF300020CF83320A1
:10F6F0000133082BEAD1264A264C002313700A78DE
:10F7000063F300020A7091F8282063F3000281F885
:10F71000282091F8502063F3000281F8502091F8DE
:10F72000782063F3000281F8782091F8A02063F339
:10F73000000281F8A02091F8C82063F3000281F84C
:10F74000C82091F8F02063F3000281F8F02091F8CE
:10F75000182163F3000281F818210F4A13700F4B30
:10F760004FF0FF364FF0FF37C3E900670C4B2360C3
:10F7700028B1BDE8D0400B490B4813F00CB8BDE8E8
:10F78000D040094813F013B83D7A0020FC780020DF
:10F79000008500200C780020FF840020E812002063
:10F7A000A0BB0D0041FB0100B8120020034A044B2E
:10F7B000002814BF10461846704700BF7C7A00200E
:10F7C000107800202DE9F047067898462EB30746BA
:10F7D0008946924600F12C05072426FA04F3DA073D
:10F7E0000FD597F801C04CFA04FC8CEA090C1CF008
:10F7F000010F28464FF00602514602D113F01EFDBC
:10F8000088B1013C631CA5F10605E6D10026FF2462
:10F8100088F800403046BDE8F087FF2488F80040B3
:10F820003046BDE8F087E4B20126F1E7A8B110B593
:10F830000B4A12684FF4004340F2E7300021E2FB2C
:10F8400003014FF47A720023E1F762FBBDE8104038
:10F8500002460B4603480BF009BD024812F0A7BF51
:10F860000C780020B81200200D4A08B50023138040
:10F8700070B90C4B0C4A1B780020108003B908BDEE
:10F88000F7F754FF0028FAD1BDE80840FFF702BBA4
:10F890001846F7F765FFC307EBD4FFF735FBE8E73A
:10F8A0007C7A002000850020107800200E4A08B5E0
:10F8B00000231380C2070ED40C4B0D4A1B78002086
:10F8C000108003B908BDF5F7B5FA0028FAD1BDE8F4
:10F8D0000840FFF7DFBA1846F5F7B8FA0028EBD171
:10F8E000FFF712FBE8E700BF7C7A002000850020CC
:10F8F000107800202DE9F04F834689B013F033FAD9
:10F900004A0143011B1A42EAD06262EB01029200F3
:10F9100042EA93729B001B1841EB02094FEAC909A6
:10F9200049EA5379C3F3103343EA49434FEAD939DB
:10F93000BBF1000F16D17A4AD2E90012B2F1FF3FB3
:10F9400008BFB1F1FF3F0DD076480068591A69EB46
:10F950000202814272F10002ACBF4FF0010A4FF087
:10F96000000A01E04FF0010A6F4ECDF804B0DFF855
:10F97000BC810024F71F9B460DE0254417F8353065
:10F9800043F0020307F835300134082C08F106086B
:10F9900006F1280626D004EB8403A50017F83330BF
:10F9A000D807F1D5BAF1000F01D19907ECD42B1982
:10F9B00017F833305A0763D42B1917F833301B0765
:10F9C000DBD504A9304611F03CFB002840F09880BC
:10F9D000BDF814300498A8F80430C6F81D80C8F8A3
:10F9E0000000CAE75B46DDF804B0BAF1000F02D0B0
:10F9F0004B4AC2E90039BBF1000F0BD00020F5F7EC
:10FA00000BFA044630B1FF238DF8103094F88C20A7
:10FA1000570702D409B0BDE8F08F94F82720072AD1
:10FA2000F8D894F829208DF80F3004EB8203DD6AB2
:10FA30002B7803F00F03072B05D1AB789E06E9D096
:10FA4000EB78D80743D50DF10F0104F1280001F040
:10FA500071FD6A7829460232054613F050FB0026F4
:10FA600029462046F5F790FA9DF80F30FF2B0ABF84
:10FA70009DF8103084F82930737509B0BDE8F08F17
:10FA8000317C2B4B0F2202EB01121A440DF11F00A7
:10FA90000DF10F0312F8011903F8011F8342F9D188
:10FAA00006F1170104A811F0CCFA002884D0214AED
:10FAB0002149224840F2F3230FF0D7FA002383F3C1
:10FAC0001188BFF36F8F0323184602DF74E7D9064E
:10FAD000A0D5666C737D06EB83039F69BB789A069D
:10FAE00098D0FB78DB0795D504A906F1140001F046
:10FAF00021FD7A7839460232054613F000FBAFE764
:10FB00000C4A0D490D4840F201330FF0AEFA0023C4
:10FB100083F31188BFF36F8F0323184602DF57E783
:10FB2000E81200200C78002003790020447800209F
:10FB30007C7800206C640300205103006C500300AB
:10FB400010B50120FFF7D6FE0A4A12684FF40043B1
:10FB500040F2E7300021E2FB03014FF47A72002308
:10FB6000E1F7D6F9BDE8104002460B4602480BF01B
:10FB70007DBB00BF0C780020B8120020072815D8E4
:10FB8000F8B500EB8003124D15F833301A07044620
:10FB90004FEA8006C3F3C00007D5C3F340079B07B5
:10FBA00006D5264405EBC603586AF8BD0020704709
:10FBB000084A094909484FF44A730FF056FA87F387
:10FBC0001188BFF36F8F0323184602DFE9E700BFF8
:10FBD000FC7800206C640300D06403006C500300C8
:10FBE00007280CD800EB8003064A12F833104B07A5
:10FBF00005D5282303FB002202F11E0070470020D8
:10FC0000704700BFFC7800202DE9F0478946164672
:10FC10000AB1FF231370154D002400F0010805F10F
:10FC2000FF3A09E01EB13378FF2B08BF377001346B
:10FC3000082C05F1280514D004EB8403E7B21AF868
:10FC40003330C3F38012DB07ECD54245EFD10622F7
:10FC50002846494613F0F2FA0028E8D13846BDE8B4
:10FC6000F087FF273846BDE8F08700BFFD78002009
:10FC70002DE9F04F074685B000200E469046F5F777
:10FC8000D9F818B10C2005B0BDE8F08F0446F7F79D
:10FC90004DFD0128F6D8BA460DF10F021AF8010BF6
:10FCA0005146FFF7B1FF072840F2B8809DF80F904A
:10FCB000B9F1070F00F2AE8009EB8902D200594D6D
:10FCC000D7F801100192531C09EB890BE9502B4422
:10FCD000BAF8041099803B7815F83B10009263F352
:10FCE0008611A95430461021EDF726F8009BE95CF7
:10FCF00060F38201E95440461021EDF71DF8009BA6
:10FD0000019AE95C00F0010060F3C30111F0040FF7
:10FD1000E95405EBCB0B4FEA890343D1002860D1AE
:10FD200018320021A9502A443F4E918003EB09026A
:10FD300015F8321021F0120105F8321097F8008002
:10FD4000B71E08F0010804E00134082C06F108068B
:10FD500016D017F8342012F0010BC2F34001F3D093
:10FD60004145F1D1304606225146009313F066FA20
:10FD7000009B0028E8D107EBC40787F8019001E059
:10FD80004FF0000B4B444FEA4B1215F8331042F082
:10FD9000010221F021010A43002005F8332005B0BB
:10FDA000BDE8F08FDFF884E0DFF884C09EF8001033
:10FDB0008BF817100CF80190DFF878B04FF0FF3C8B
:10FDC0000CEB011C01318EF80010DC4406F10F0130
:10FDD000013E11F801E90CF801EFB142F9D1002818
:10FDE0009ED0D61DA81903EB0901D8F800B0D8F8A9
:10FDF00004E0D8F808C0D8F80C8045F806B005EB48
:10FE0000C101C0F804E0C0F808C0C0F80C800020B0
:10FE1000486285E7072005B0BDE8F08F122005B0E5
:10FE2000BDE8F08FFC7800203E7A0020FF8400209F
:10FE3000747800207C780020072807D8044B00EB5A
:10FE4000800013F83000C0F3C000704700207047F6
:10FE5000FC780020072812D800EB8000094A12F82D
:10FE6000303013F0080F4FEAC001C3F3C00007D0D1
:10FE7000C3F340009B0703D50A44506A7047002033
:10FE8000704700BFFC780020024B1B7803700248CB
:10FE9000704700BFFF8400207C78002070B50C46BE
:10FEA00058B1072915D82E4D15F8343013F0010636
:10FEB00024D005EBC405687870BD072930D8294BDC
:10FEC00004EB840213F8323013F0010538D02046D9
:10FED00070BD254A2549264840F277330FF0C5F812
:10FEE000002383F31188BFF36F8F0323184602DFCB
:10FEF0001B4D15F8343013F00106DAD11A4A1D49AA
:10FF00001B484FF45E730FF0B0F886F31188BFF30F
:10FF10006F8F0323184602DF05EBC4056878CBE733
:10FF2000114A1549054640F27B3311480FF09DF800
:10FF300085F31188BFF36F8F0323184602DFBEE7F6
:10FF4000094A0E490A4840F27D330FF08EF885F3D6
:10FF50001188BFF36F8F0323184602DF2046B7E7EF
:10FF60003C7A0020FC7800206C640300E864030005
:10FF70006C50030094650300AC65030054660300F5
:10FF800038B5234B1B78834204460DD9214B1C5DA9
:10FF9000072C1CD8204B04EB840213F8323013F0EA
:10FFA000010524D0204638BD1C4A1D491D4840F299
:10FFB00087330FF05AF8002383F31188BFF36F8F54
:10FFC0000323184602DF134B1C5D072CE2D9134AAA
:10FFD0001549144840F289330FF047F8002383F3A2
:10FFE0001188BFF36F8F0323184602DFD2E70B4A55
:10FFF0000E490C4840F28A330FF037F885F3118828
:020000022000DC
:10000000BFF36F8F0323184602DF204638BD00BFC1
:10001000FF84002074780020FC7800206C640300CA
:10002000606603006C5003008066030054660300A2
:10003000072825D8F8B5134F00EB8003044617F8BE
:10004000333013F001054FEA800605D0264417F837
:100050003600C0F34010F8BD0B4A0C490C4840F282
:1000600095330FF002F885F31188BFF36F8F0323E8
:10007000184602DF264417F83600C0F34010F8BDDA
:1000800000207047FC7800206C640300BC6403000F
:100090006C500300F8B5144B1B788BB107290C4644
:1000A0000ED868B9114F01EB81038E0017F8333079
:1000B00013F0010509D0264417F83600430701D490
:1000C0000120F8BDC0F30010F8BD094A09490A48EB
:1000D00040F2AE330EF0C9FF85F31188BFF36F8F86
:1000E0000323184602DFE6E700850020FC780020A5
:1000F0006C640300BC6403006C5003001378FF2B96
:1001000019D12DE9F047194D0446AE46002303EB03
:10011000830C9E0015F83CC01CF0010003D0CCF30A
:10012000801CA44509D00133082B0EF1280EEED116
:100130000120BDE8F0870120704701F1FF387746C4
:100140004FF0000C17F801AF18F8019FCA450CF1E9
:10015000010CE8D1BCF1060FF4D11E44137015F860
:1001600036305A07E5D5C3F30010E2E7FC780020EB
:1001700010B40E4B1C787CB1072A0DD80C4C02EB46
:10018000820C14F83CC01CF0080F05D020B14B794C
:1001900003F0C003402B02D0002010BC704728237E
:1001A00003FB0240073010BC10F038BF0085002070
:1001B000FC780020024B1878003818BF01207047E7
:1001C0000085002000F0C0BB08B5002305F02EF923
:1001D000002008BD10B584B0079BD3E900209047EC
:1001E000012812D004460DF10F010DF10E00EFF7BA
:1001F00069FC0021064B00919DF80F209DF80E0030
:100200000121EEF77BFA034BDC6004B010BD00BFA8
:1002100019020200C87A002000B585B00DF10F0167
:100220000DF10E00EFF74EFC9DF80F20064B9DF8E8
:100230000E00002101320091D2B20221EEF75EFAE7
:1002400005B05DF804FB00BFE9020200F0B58DB017
:100250000E4605460DF12F010DF12E001C461746E6
:10026000EFF730FC9DF82FC006940CF1010C002430
:10027000CDE90744CDE90344CDE901449DF82E00C2
:10028000059700962B465FFA8CF20121EEF746F9AE
:1002900010F0FD0F0AD006480094064BC4609DF88C
:1002A0002F209DF82E000121EEF728FA0DB0F0BDA9
:1002B000C87A002019020200019B024A3121FFF78F
:1002C000C5BF00BFC902020070B5059D0446EFF727
:1002D000FFFB2B462046034ABDE870400621FFF78E
:1002E000B5BF00BFD501020001480AF069BD00BFDB
:1002F000B07A002008B501220021024812F05AF914
:10030000002008BDB07A0020024BA0F2A462C3E92D
:1003100000207047C87A00200020EEF7DBB800BF4D
:1003200008B5EEF7D7FA014B986008BDC87A0020EF
:10033000684620F007018D4601B504F00BF9EBF794
:10034000F7FBBDE801408546704700BF08B50A4B82
:10035000D3F840213AB90120ECF7DCFDBDE80840B4
:100360000220ECF7D7BD0020C3F84001D3F840319C
:10037000EEF7BCF8EFE700BF00B000400020ECF75C
:10038000C9BD00BF70B508BB214B224C1A7821783B
:100390009142D3B20FD0204A2049214840F2344341
:1003A0000EF063FE002383F31188BFF36F8F0323E6
:1003B000184602DF23781B4E1B4D32780133237021
:1003C0002B78934212D033782B7070BD124A1749A4
:1003D000134840F22F430EF048FE002383F31188A8
:1003E000BFF36F8F0323184602DFCDE70A4A104997
:1003F0000B4840F23A430EF038FE002383F3118895
:10040000BFF36F8F0323184602DF33782B7070BD64
:100410000185002002850020AC660300F46603001D
:100420006C500300068500200585002074580300E9
:100430001067030070B51A4E1A4D33782A789A4225
:1004400004460BD033782B70174E184D1CB93378F7
:100450002A789A4212D033782B7070BD144A15490D
:10046000154840F21B430EF000FE002383F3118871
:10047000BFF36F8F0323184602DFE3E70C4A0F49EF
:100480000D4840F226430EF0F0FD84F31188BFF3CF
:100490006F8F0323184602DF33782B7070BD00BFC7
:1004A00004850020038500200185002002850020AE
:1004B000AC660300386703006C50030060670300FC
:1004C00004F084B938B5194C194D237829788B423A
:1004D0001AD0184B2170002205999960012011460D
:1004E000ECF7BAFC00B938BD134A1449144840F27D
:1004F000B3430EF0BAFD002383F31188BFF36F8F6F
:100500000323184602DF38BD0B4A0E490C4840F25F
:10051000AD430EF0AAFD002383F31188BFF36F8F64
:100520000323184602DF2978D3E700BF01850020A6
:100530000285002088020020AC66030060520300A0
:100540006C5003007C6703002DE9F04F494A4A4F85
:1005500012783B789A428BB00C4605D1474B484AFB
:100560001B7812789A4271D0E368D4F800801B6837
:10057000DFF81091DD68D3E9012191422CBFC5EB72
:100580000105C5EB020508EB050626F07F46D9F804
:1005900000103046EEF7A0F910F4000002D10BB0C5
:1005A000BDE8F08F384A394B11781A78914232D130
:1005B000324A33491278097891422CD01A780132A4
:1005C0004FF0000AD2B21A705146314BCDF800A05C
:1005D00052465046EEF792F810F0FD0F1BD02D4A10
:1005E0002D492E4840F29F430EF03FFD8AF31188BB
:1005F000BFF36F8F4FF0030B584602DF254A2649A1
:10060000264840F267430EF030FD8AF31188BFF3AD
:100610006F8F584602DFE368C9F800600693204BED
:100620000022CDE907321F4BCDE90222CDE9042398
:10063000CDE900523C780134E4B2434611461046FD
:100640003C70EDF76BFF0BB0BDE8F08FC368D0F8DE
:1006500000801A68DFF82C90D568D2E90110884232
:100660002CBFC5EB0005C5EB010508EB050626F020
:100670007F46D1E705850020068500200185002002
:1006800002850020E07A00200385002004850020F8
:1006900035040200AC660300D45703006C5003001D
:1006A00085030200C5040200804A9368002B7ED0B7
:1006B0002DE9F04F136889B082467BB14FF0FF33CC
:1006C0008DF80A3003E0067F16F0030609D00DF11D
:1006D0000A00EFF7A7FB05460028F4D109B0BDE8F2
:1006E000F08FC368534576D00768B146B04602E044
:1006F000037F990722D00DF10A00EFF793FB044620
:100700000028F5D1B8F1000F08BFA8464146404681
:10071000FFF71AFF30F00203E0D0654A65496648EA
:1007200040F2FA430EF0A1FC84F31188BFF36F8FFF
:100730000323184602DF09B0BDE8F08FC368B9F1A2
:10074000000F0ED0534527D0D4F800B03946584694
:10075000EEF7C2F800F4000000281CBFA0465F4678
:10076000C9E79A458146EFD12B7FE96843F0020340
:100770002B772846AB699847FF238DF80A3003E0B2
:10078000037F13F0030413D00DF10A00EFF74AFBC7
:1007900005460028F4D1A1E72B7FE96843F0020366
:1007A0002B772846AB699847A14587D1E4E7704786
:1007B000C36853450FD03E4A40493F4840F21D535D
:1007C0000EF053FC84F31188BFF36F8F0323184698
:1007D00002DFD5F80CA0354A50465368116803AAC9
:1007E00098470446F0B110F1100F3FF477AF2F4A4D
:1007F000002093681168984714F10B0F1BD08C34BC
:100800003FF46CAF2A4A2E492B4840F25A530EF05F
:100810002CFC002383F31188BFF36F8F032318464A
:1008200002DF5BE72B7FAA69E96843F002032B77BD
:100830002846904752E70224FF258DF80B500DF112
:100840000B00EFF7EFFA98B1037F9A07F7D40EB9D0
:10085000DB07F4D4154AC36811689942EFD1037FCE
:1008600043F002030377836998478DF80B50E6E75E
:100870000126B44201D03446DFE70C4D039B2868C3
:1008800000940021CDE9041106910790296004AA83
:10089000D5E90101EFF77EFA044600287FF41EAF88
:1008A000034A084904484FF4AB633BE7E47A00206D
:1008B000AC660300D45703006C5003009867030034
:1008C000C4670300BC67030010B5154811F09DFB19
:1008D00010B3144B00249C6000F09CFB00281ADB32
:1008E000214601202246EBF70FFD22460B20012175
:1008F000EBF70AFD224621461820EBF705FD012003
:10090000EBF7D2FC0B20EBF7CFFC1820EBF7CCFC7D
:1009100003F050FE204610BD6FF0120010BD00BF66
:1009200080380300E47A002008B500F083FB00283B
:1009300009DB0120EBF7C6FC0B20EBF7C3FC18200A
:10094000EBF7C0FC002008BD034603488AB21946F5
:1009500083681B68184700BF8038030030B4074D18
:10096000AB685C6834B18AB2A446014600232846CD
:1009700030BC60476FF0850030BC704780380300A2
:10098000034603488AB2194683681B68184700BFAC
:100990008038030030B4074DAB685C6834B18AB26C
:1009A000A44601460023284630BC60476FF085000E
:1009B00030BC7047803803000020704730B5254BAD
:1009C00083B0044670B31A68824225D0FF250DF12A
:1009D00007008DF80750EFF725FA38B91AE0A14261
:1009E0000AD00DF10700EFF71DFA98B1037F9B07BE
:1009F000F7D4C168002CF2D1037F826943F002036F
:100A0000037790470DF107008DF80750EFF70AFACA
:100A10000028EBD103B030BD9D6865B101460020D0
:100A2000A847D3E79D68002DD0D019680029CDD004
:100A30000020A847CAE7084A0849094840F2BF13FE
:100A40000EF013FB85F31188BFF36F8F0323184655
:100A500002DFBBE7E47A0020AC660300D067030046
:100A60006C5003000020704738B50446EFF7CCF90E
:100A700064B1054620B324680020EFF7EDF9204665
:100A8000EFF7A2FA044658B1002038BD1B4DAC6800
:100A90002CB32C680023AB602B60002CEBD1EBE770
:100AA000174A184918484FF40C730EF0DEFA84F315
:100AB0001188BFF36F8F0323184602DF002038BD73
:100AC0000F4A1249104840F2F9130EF0CEFA85F39E
:100AD0001188BFF36F8F0323184602DFCBE7084A64
:100AE0000B4909484FF4FF730EF0BFFA84F31188E5
:100AF000BFF36F8F0323184602DFCAE7E47A0020B2
:100B0000AC660300FC6703006C500300D867030069
:100B1000E8670300054A136892681B1A18BF01238F
:100B2000B2FA82F00B704009704700BFE47A0020EF
:100B30006FF08B00704700BF10B5E8B10C4600F0B5
:100B4000BDFA002804DB2046BDE81040FFF78CBF4B
:100B50000D4A0E490E484FF418730EF086FA002322
:100B600083F31188BFF36F8F0323184602DF2046FB
:100B7000BDE81040FFF778BF064803F0FBFCBDE876
:100B8000104003F00FBE00BFAC6603000468030012
:100B90006C500300450D0200D0E90132002A04DB4D
:100BA0009A4238BF1A4610467047C068984238BF0C
:100BB0001846704710B51446EDF78CFE2146EDF748
:100BC0008BFE034610F4000004D103330E2B88BFC4
:100BD000184610BD002010BD262810B504461CD0B4
:100BE000272812D0252808D00A281ED9272821D83E
:100BF0000330400003F05CFD02E0022003F058FDEA
:100C00002046BDE8104003F059BD502003F050FDD0
:100C10002046BDE8104003F051BD1A2003F048FD06
:100C20002046BDE8104003F049BD0230400003F00B
:100C30003FFDE5E7074A0849084840F2A2230EF0C5
:100C400014FA002383F31188BFF36F8F0323184630
:100C500002DFD5E7AC660300445103006C5003008B
:100C600003F08ABD03F090BD08B503F0AFFDBDE809
:100C7000084003F02DBF00BF08B503F0A7FD03F047
:100C800027FFBDE8084003F0CBBE00BF08B503F066
:100C90009DFD03F01DFF03F001FF04F095F9BDE891
:100CA000084003F0BDBE00BF08B50146184803F078
:100CB00061FC03F0C1FD60B104F028F803F0E2FC30
:100CC00000F0FCF900280EDBBDE808400020FFF72B
:100CD000CBBE03F067FD04F019F803F0D3FC00F07D
:100CE000EDF90028F0DA0B4A0B490C4840F21E33AC
:100CF0000EF0BBF9002383F31188BFF36F8F03233A
:100D0000184602DF0020BDE80840FFF7ADBE00BF77
:100D1000C1040200AC660300046803006C500300C9
:100D200010B5044603F052FD03F0D2FE03F0B6FE08
:100D300004F04AF903F074FE2046BDE81040FFF7C6
:100D4000B3BF00BF10B5044603F040FD03F0C0FE82
:100D500003F0A4FE04F038F903F062FE2046BDE87B
:100D60001040FFF7A1BF00BF08B50146144803F0CB
:100D700001FC03F061FD40B100F0A0F900280ADB9E
:100D8000BDE808400020FFF76FBE03F00BFD00F048
:100D900095F90028F4DA0B4A0B490C4840F22D3340
:100DA0000EF063F9002383F31188BFF36F8F0323E1
:100DB000184602DF0020BDE80840FFF755BE00BF1F
:100DC000C1040200AC660300046803006C50030019
:100DD0002DE9F04F89B01F46FF239DF848B08DF8EC
:100DE0001F3080468946924602E0037F9C0722D04E
:100DF0000DF11F00EFF716F80028F6D1684DAB682B
:100E00000446002B40F08180FB682B60C5E9018916
:100E10003846D047054603E0037F13F0030356D05E
:100E20000DF11F00EEF7FEFF01460028F4D1284621
:100E300009B0BDE8F08F05683E689DF81F30059346
:100E4000044629463046EDF747FDBBF1000F01D1BE
:100E5000010254D4BC4214BF2646002602E0027FA1
:100E6000920724D00DF11F00EEF7DCFF0028F6D129
:100E70004B4D059B8DF81F30AB68002B46D1002EE3
:100E800044D1002CC0D0BBF1000F66D1BC42BBD016
:100E9000444A4549454840F2B2330EF0E6F88BF338
:100EA0001188BFF36F8F0323184602DFACE7026897
:100EB0000490294610460392EDF70EFD039A049B19
:100EC00000F4000000281CBF15461E46CAE71C4659
:100ED000FFF73AFB30F00203A9D0324A34493348D5
:100EE00040F2D2330EF0C1F884F31188BFF36F8F54
:100EF0000323184602DF284609B0BDE8F08FFF2320
:100F0000354605935C465E46ACE726464946CDF835
:100F100000B053463A464046EEF73CFF014638B330
:100F2000BBF1000F16D1002E35D03046FFF70CFB79
:100F300030F002030ED01B4A1D491C4840F28D338D
:100F40000EF093F8002383F31188BFF36F8F032310
:100F5000184602DF6FF0760569E7CDF800B053461A
:100F60003A4649464046EEF715FF06460028F1D1BD
:100F70000C4A10490D4840F27B330EF076F8002100
:100F800081F31188BFF36F8F0323184602DFBBF193
:100F9000000FC8D0DEE7002C14BF26460E46C4E77B
:100FA000E47A0020AC660300186803006C5003006C
:100FB000D45703001068030001F1100009F000BFCE
:100FC00070B505468AB00C460122002104A811F034
:100FD000F1FA0F4B01930026032369462846039636
:100FE00002930EF03DF9002810DB4FF40043314628
:100FF00040F2E730E4FB03014FF47A720023DFF79D
:1010000087FF02460B4604A809F014FF0AB070BD22
:10101000B90F020010B5012005F00AFE04490023B3
:1010200001244B608C60CB60BDE810400EF018B915
:10103000F47A002010B5012005F0FAFD04490446B9
:101040000EF089F92046BDE810400EF060B900BFEF
:10105000F47A00200C4B1A780AB10020704710B5C2
:101060000120187005F0E4FD4FF4FA710446FFF713
:10107000A7FF38B920460EF04AF902280CBF00201D
:101080006FF0040010BD00BF0785002008B50A4BB3
:10109000BFF35B8F53E8002F511C43E8001000287A
:1010A000F8D1BFF35B8F002A01DD002008BD05F0F9
:1010B000C7FD002008BD00BFF07A002008B50C4B2A
:1010C0001A68002A11DDBFF35B8F53E8002F511E11
:1010D00043E800100028F8D1BFF35B8F012A01DD3F
:1010E000002008BD05F0C2FDFAE76FF0770008BDEB
:1010F000F07A00200520704732207047014B33F80A
:10110000100070474C68030010B50446FFF7BEFDA1
:1011100003F0BAFC2046BDE81040FFF7C5BD00BF94
:1011200070B5457A867A82B00446C5F38205FFF72A
:101130009BFD06F00106962003F0DAFC33462A46B2
:101140000021284603F0ECFB0120EEF7C1FD064626
:1011500000284AD006F1200003F002FB03F04CFB0C
:1011600098BB2948214603F005FAFFF723F808BB8E
:1011700003F02EFE00210446284603F007FB022D53
:10118000044404F1A30413D0042D0CBF4FF4BC732A
:101190002823002128461C4403F0F4FA201A03F007
:1011A000C1FD03F007FE02B0BDE8704003F028BCAB
:1011B0001823EEE70DF10700FEF766FE0022014658
:1011C0009DF8070003F0B2FED2E7104A104911481B
:1011D00040F29C430DF049FF002383F31188BFF3D5
:1011E0006F8F0323184602DFBBE7084A0A49094804
:1011F0004FF493630DF039FF86F31188BFF36F8FBF
:101200000323184602DFA5E7F51902005C68030016
:10121000B06803006C500300A8680300814208B561
:101220000ED00B7ADB0702D46FF08B0008BD134B96
:101230001360FFF72BFF00280FDB6FF00A0008BDDB
:101240000B7B01EB83010B691B7803F00F03012B70
:1012500014BF6FF08B00002008BD094A09490A48F5
:1012600040F251430DF001FF002383F31188BFF3D7
:101270006F8F0323184602DFDFE700BF1517020058
:101280005C680300046803006C50030010B504465A
:10129000FFF7FCFC03F0F8FB2046FFF705FD0C4BC5
:1012A0000021012208469C60EBF7D6FD00B910BD75
:1012B000084A0949094840F2B1530DF0D6FE00230F
:1012C00083F31188BFF36F8F0323184602DF10BD2D
:1012D000980200205C680300605203006C50030019
:1012E00010B5E8B10C46FFF7E9FE002804DB204604
:1012F000BDE81040FFF7B8BB0D4A0E490E4840F25A
:1013000077430DF0B2FE002383F31188BFF36F8F94
:101310000323184602DF2046BDE81040FFF7A4BBB8
:10132000064803F027F9BDE8104003F03BBA00BFC0
:101330005C680300046803006C500300091102009C
:1013400010B500F019FF044608B1204610BD00F0AA
:10135000C1FF04460028F8D1074B0722181D64215D
:10136000EBF784FC054B9C8204222146044811F0D3
:1013700021F9204610BD00BF3C7B0020247B0020CB
:101380000C7B002010B500F0F9FE044608B12046A1
:1013900010BD00F0A1FF04460028F8D1074B07223A
:1013A000181D6421EBF762FC054B9C820422214648
:1013B000044811F0FFF8204610BD00BF3C7B002020
:1013C000247B00200C7B002010B504460548EBF779
:1013D00071FC20B1034600205870636010BD6FF0AF
:1013E0000B0010BD3C7B0020034600201870587095
:1013F00098607047037842789A4212D070B5DCB298
:1014000000EB840300260546074958685E60EBF749
:1014100067FC631CDBB2022B08BF33462B703046DF
:1014200070BD6FF00B0070473C7B002038B54478EE
:1014300000EB84030546586820B1002209495A6030
:10144000EBF74EFC631CDBB2022B08BF002305EB5D
:101450008305686820B1002302496B60EBF740FC0C
:10146000002038BD3C7B002038B52B4D2B7D6A7D9C
:101470009A4202D055F8234034B92848EBF71AFCB9
:10148000044680B1204638BD254809F0F9FC2B7D83
:101490006A7D9A42F6D00133DBB2052B08BF0023E8
:1014A0002B75204638BD1E484FF42032002309F02A
:1014B000C1FC90B91A4809F0E3FC2A7D6B7D934288
:1014C0001AD0531CDBB255F82220052B08BF00238D
:1014D0002B758AB11446204638BD124A124913486A
:1014E0004FF4DB730DF0C1FD84F31188BFF36F8FF0
:1014F0000323184602DFDDE70A4A0D490B4840F294
:10150000BB130DF0B2FD002383F31188BFF36F8F7F
:101510000323184602DFB5E7247B00203C7B002034
:101520000C7B00205C680300205103006C5003001A
:10153000C468030010B5027843789A4214D0D4B23C
:1015400044700278944204D05A1C4370D3B2022BE8
:101550000ED01A4600EB82040B70606800B110BD1B
:10156000FFF782FF606010BD0133DBB2022BF0D1C8
:1015700000221346EEE700BFF8B5027843789342A5
:10158000044625D0D5B2154A00EB8507507D92F868
:1015900014C0431CDBB2052B08BF00239C450E463C
:1015A000796806D042F8201053750D4809F008FC00
:1015B00000216B1CDBB2022B0ABF00221A46134625
:1015C00079602370012104EB820431706068F8BDFA
:1015D0001A4604EB82046068F8BD00BF247B00203B
:1015E0000C7B002070B5057AC5F302150446002D6A
:1015F00095FAA5F0B0FA80F008BF4FF0FF3082B046
:1016000000F1010641D0227A6B1E2B4063F30612D3
:1016100006F124002272FFF7DFFA00230DF1070123
:1016200004F10C008DF80730FFF7A6FF05460028EF
:101630004CD0284603F09AF82A78842302F00F024F
:10164000D340DB0718D40DF1070104F11800FFF7B0
:1016500093FF064658B39DF80730002B45D121462D
:10166000254802F087FF962003F042FA002003F09D
:101670000FF9284602B070BD2048214602F07AFFDB
:1016800003F0AEF9284602B070BD1D4A1D491E4840
:1016900040F2BC530DF0E9FC85F31188BFF36F8F66
:1016A0000323184602DF257AC5F30215ABE7144A77
:1016B0001649154840F2CF530DF0D7FC86F3118838
:1016C000BFF36F8F0323184602DFC4E70C4A1049AB
:1016D0000D4840F2C5530DF0C8FC85F31188BFF3E7
:1016E0006F8F0323184602DFA3E7D5F80230C6F850
:1016F0000230EB88F380B2E7211102003D170200AF
:101700005C680300C86803006C500300D0680300E5
:101710007069030070B5C36804461E68EDF7DAF817
:1017200005463046FFF738FA00232D1AC4E9005366
:1017300023812046BDE87040E3F776BC38B5044607
:1017400003F078F8FFF7A2FA237A03F07102012A76
:1017500005D1C3F3420262F306132372DBB213F026
:10176000700F05D0636863B193F82C309B0708D5E0
:1017700003F08AF9A36ABBB12046BDE83840FFF701
:1017800093BA2046FFF72EFF0546012003F086FAA4
:10179000A16A034621B1D1E903122846E0F7E0FF30
:1017A000BDE8384003F006BB0220EEF7FBFB054620
:1017B0000028E1D1074A0849084840F28B530DF050
:1017C00054FC85F31188BFF36F8F0323184602DFA3
:1017D000D2E700BF5C680300086903006C50030097
:1017E00010B582B00446FFF751FC00281CDB164AF6
:1017F0001649174800940023EEF714FC08B177301F
:1018000001D102B010BD134A1349144840F2AF236E
:101810000DF02BFC002383F31188BFF36F8F03239C
:10182000184602DF02B010BD0A4A0D490B484FF4BA
:101830002B730DF01AFC002383F31188BFF36F8F15
:101840000323184602DFD2E729500000E11202000C
:101850001D1202005C680300AC5203006C500300D0
:10186000046803002DE9F0410D46417A9DF8188087
:101870001746CA071E4609D5B8F1000F17D02B78B6
:10188000B7EBD31F1AD00020BDE8F08129460446EB
:1018900011F8020B079AC0F38010FEF72FFC002806
:1018A000EDD1637ADB07EED5B8F1000FE7D1079BE6
:1018B0001878FEF7BDFB0028E1D1E4E7062205F128
:1018C0000801304611F0BAFCB0FA80F04009BDE8DA
:1018D000F08100BFF8B50646032017461D46EEF717
:1018E000F7F9B0B10446EEF70FFA1623237130462C
:1018F000F3F784FAE08045B97F2320682376677682
:101900002146EEF72FFA0020F8BD03F083F8C3B2AA
:10191000F3E76FF06800F8BD2DE9F84F1F460B9B09
:101920009DF828909DF8305006460C4692466BB9BB
:10193000437A03F00303012B2CD9002D3AD02378EE
:10194000BAEBD31F4AD00020BDE8F88F88460D9A25
:1019500018F8020BC0F380104146FEF7CFFB0028B9
:10196000F2D094F800B0BAEBDB1FECD104F108011F
:101970003846062211F062FC0028E4D10D9B1B784A
:10198000FF2B1ED0F27AFF2A1BD0981AB0FA80F0F3
:101990004009D9E711F8020B0D9AC0F38010FEF749
:1019A000ADFB0028CBD1737A03F00303012BCAD916
:1019B000002DC4D10D9B1878FEF73AFB0028BED14C
:1019C000C1E7CBF3801BCB45BDD10B980622414626
:1019D00011F034FCB0FA80F04009B5E7062204F1BA
:1019E0000801384611F02AFCB0FA80F04009BDE841
:1019F000F88F00BF2DE9F04F8BB0044602F010FFC6
:101A0000C0B250B9FFF742F98948214602F0B2FD51
:101A10000BB0BDE8F04F02F0C5BE02F023FF074651
:101A200003F046F8054603F04DF803F0E5FA80466A
:101A300003F0C4FA814602F0FDFFFFB20646FFF74D
:101A400025F9002FE0D018F0FF0305937ED1FF2089
:101A50008DF827000120EEF73BF90746002800F03B
:101A6000AC80237B97F8209004EB830309F00F09E7
:101A700019690B4607F1200B13F8028B08F00F00D1
:101A800001280CBF01F1080A4FF0000AB9F1030F59
:101A9000C8F38012EDB2F6B24FEAD8186CD0B9F1A3
:101AA000050FB1D197F821102229ADD16168002925
:101AB000AAD091F82C7017F00207A5D10DF12700DC
:101AC0000390CDE901A5CDF8008059462046FFF7E7
:101AD00023FF002898D00420EEF7FAF8002893D0CE
:101AE0005448214602F046FD02F05CFE02F084FEFE
:101AF00088BB002E5BD1626892F82C3043F0010362
:101B000082F82C30EEF700F94FF6FF731722C380EE
:101B100002718460054603F0F1F8286103F052F980
:101B200000210446084602F031FE059B241A6C6130
:101B300003B39DF827306B76EEF7E6F82946E860A8
:101B40002868EEF70FF90BB0BDE8F08F5FFA89F067
:101B5000FEF716FA7CE7384A3849394840F25F63A5
:101B60000DF083FA87F31188BFF36F8F03231846B4
:101B700002DFBEE7FF23DEE797F821100C297FF490
:101B800043AFBAF1000F7FF43FAF0DF12701019190
:101B9000009559462046CDE90623FFF763FED8B9E4
:101BA00097F82090DDE9062309F00F0977E702F0A6
:101BB00031FF636883F8C2009DE71F4A214920482E
:101BC00040F2FF530DF051FA87F31188BFF36F8F86
:101BD0000323184602DF44E71548214602F0CAFCF9
:101BE00002F0FEFE237E04EB8303D86902F0BEFD03
:101BF00002F002FE68B9A37A9B07A4D59DF82720BE
:101C0000334659462046FFF765FE00287FF4FCAEB8
:101C100099E7094A09490A484FF4C3630DF025FAC8
:101C20008AF31188BFF36F8F484602DFE3E700BFF6
:101C30003D1702008D1202005C680300B0680300CB
:101C40006C500300A868030038B50546FFF71EF87E
:101C50000320EEF7A7F920B12846BDE83840FFF78A
:101C600023B80A4A0A49044640F2B51309480DF060
:101C7000FCF984F31188BFF36F8F0323184602DF4A
:101C80002846BDE83840FFF70FB800BF1C690300C5
:101C9000086903006C50030070B5064682B002F07C
:101CA000C9FDFEF7E1FF7568962002F021FF6A7A10
:101CB000AB7A5209104603F00103002102F030FE16
:101CC0000120EEF705F80446002854D004F1200066
:101CD00002F046FD02F090FD00283CD12D4831462F
:101CE00002F048FCFEF766FA18BB03F071F80446F0
:101CF000687A0121400902F049FD6B7A04445809D1
:101D0000022804F1A30412D004280CBF4FF4BC73C2
:101D1000282301211C4402F035FD201A03F002F8AB
:101D200003F048F802B0BDE8704002F069BE182325
:101D3000EFE70DF10700FEF7A7F86A7AC2F3421247
:101D4000920042F00102014602F01D029DF80700D8
:101D500003F0ECF8C9E7104A1049114840F25D233E
:101D60000DF083F9002383F31188BFF36F8F0323F2
:101D7000184602DFB2E7084A0A49094840F25923E7
:101D80000DF073F984F31188BFF36F8F03231846A6
:101D900002DF9BE7951E02001C690300B068030088
:101DA0006C500300A868030070B50446856802F013
:101DB00037FD88B120682146EDF7D4FF6A6892F8B4
:101DC0002C3043F0010382F82C30FEF75FFF2846E9
:101DD000BDE87040FEF768BF0126206826712146E5
:101DE000EDF7A8FFE16808680E71EDF7BBFFFEF79D
:101DF0004DFF2846BDE87040FEF756BF38B5054692
:101E00000320EEF7CFF848B31C48294602F0B2FB96
:101E100002F012FD40B1FFF751F900280ADBBDE8DE
:101E200038400020FEF720BE02F0BCFCFFF746F968
:101E30000028F4DA124A134913484FF4D3730DF013
:101E400014F9002383F31188BFF36F8F032318461F
:101E500002DF0020BDE83840FEF706BE084A0B4905
:101E600004464FF4CF7308480DF0FFF884F311884F
:101E7000BFF36F8F0323184602DFC5E7911E0200F0
:101E80001C690300046803006C5003000869030028
:101E900002F09CBC2DE9F04F8DB0044602F0C0FC6E
:101EA000C0B250B9FEF7F2FEAC48214602F062FB28
:101EB0000DB0BDE8F04F02F075BC02F0D3FC054652
:101EC00002F09CFD074602F0F3FD064602F0FAFD23
:101ED00003F092F8824603F071F8814602F0AAFD01
:101EE000EDB28046FEF7D2FE002DDDD01AF0FF03E2
:101EF000079340F0B680FF208DF82F000120D4F822
:101F00000490EDF7E5FE0546002800F0E8800DF1AD
:101F10002E0104F1140099F80C30FFF72DFB05F1A8
:101F2000200B8246002800F0CB809AF8031053461D
:101F300011F0020118BF0AF10A0195F820A013F868
:101F4000040B06910AF00F0AC109BAF1030FC0F39E
:101F50008012F6B2059100F08B80BAF1050FA3D183
:101F600095F8211022299FD1D9F8041000299BD07F
:101F7000069901910DF12F000599009103900296A9
:101F800059464846FFF7C8FC00288DD00420EDF7DD
:101F90009FFE0146002887D0714802F0EBFA02F05C
:101FA0001FFD02F06DFC017821F03F0141F00801B6
:101FB000017095F820100478C90961F38614047043
:101FC000847895F820106FF38714847004780246A3
:101FD000C1F3801161F3C7140121047002F8031FDB
:101FE000AC6A4460C478AE8D068144F00204C470CB
:101FF000D5F82240C0F80A40EC8CC48100F11001F1
:1020000084788A1A62F30504821C891A84704170EC
:1020100002F0ACFB02F0F0FB002841D1EDF774FEBA
:10202000172303714FF6FF73C380C0F8089004466E
:1020300002F064FE206102F0C5FE054699F8090031
:102040003946400902F0A2FB079B2D1A65616BB16E
:102050009DF82F306376EDF757FEE0600DB0BDE8D8
:10206000F08F5FFA89F0FDF78BFF45E7FF23F1E77B
:1020700095F821100C297FF417AF0DF12F01019174
:10208000009659464846CDE90823FFF7EBFB0028A8
:1020900034D195F820A0DDE908230AF00F0A5CE7A7
:1020A000304A314931484FF45D730CF0DEFF0023B4
:1020B00083F31188BFF36F8F0323184602DFADE768
:1020C000284A2B49294840F2FA230CF0CEFF8AF324
:1020D0001188BFF36F8F0323184602DF25E7214ADB
:1020E0002449224840F2F5230CF0BFFF85F3118804
:1020F000BFF36F8F0323184602DF08E799F8183003
:10210000164809EB83032146DD6902F033FA02F039
:1021100067FC284602F02AFB02F06EFB70B999F8C2
:102120000A309B079AD59DF82F205FFA88F359460D
:102130004846FFF7CFFB002890D0B5E6094A0A4988
:102140000A484FF44B730CF090FF002383F311887F
:10215000BFF36F8F504602DFE1E700BF491C02006A
:10216000A91D02001C690300B06803006C50030045
:102170009C690300A8680300002070470020704796
:1021800010B582B00446FEF781FF00281BDB154A1C
:102190001549164800940023EDF744FF08B1773045
:1021A00001D102B010BD124A124913486E230CF03F
:1021B0005CFF002383F31188BFF36F8F032318465E
:1021C00002DF02B010BD0A4A0C490B486B230CF029
:1021D0004CFF002383F31188BFF36F8F032318464E
:1021E00002DFD4E7B1510000390B0200310B0200CD
:1021F0001C690300AC5203006C5003000468030028
:1022000038B590F8242090F825309A42044604D03E
:10221000838AC28C9B1A1B0404D52046BDE8384033
:10222000FEF790BDEDF770FD054658B10F23286805
:102230002B71AC602946EDF795FD2046BDE838408E
:10224000FEF780BD074A0849084840F253130CF0D6
:102250000CFF85F31188BFF36F8F0323184602DF4D
:10226000E4E700BFB0690300285103006C5003008D
:1022700038B500B30D460446FEF720FF00280ADB00
:10228000E2682389118A01330B4413822846BDE892
:102290003840FEF7E9BB0B4A0B490C484FF49A73E0
:1022A0000CF0E3FE002383F31188BFF36F8F032349
:1022B000184602DFE4E7064802F05CF9BDE8384062
:1022C00002F070BAB0690300046803006C500300A8
:1022D00001220200002070470020704710B582B034
:1022E0000446FEF7D3FE00281BDB154A15491648A5
:1022F00000940023EDF796FE08B1773001D102B0CB
:1023000010BD124A124913485D230CF0AEFE0023A3
:1023100083F31188BFF36F8F0323184602DF02B0E7
:1023200010BD0A4A0C490B4859230CF09EFE0023AD
:1023300083F31188BFF36F8F0323184602DFD4E7BE
:102340007154000071220200310B0200B0690300D9
:10235000AC5203006C500300046803004B6823B1C7
:102360004B6893F82C30DB0719D410B581428B8B66
:1023700009D0B3B1CB8BA3B91A4802F0FBF802F035
:1023800011FA002010BD4BBB8B7DDA07F9D491F810
:102390002030DB06F5D4144802F0ECF8EFE700201B
:1023A0007047CC6A14B16FF08B0010BD0F4B1360F7
:1023B000FEF76CFE002802DB6FF00A0010BD0C4A2D
:1023C0000C490D484FF40D730CF04FFE84F3118847
:1023D000BFF36F8F0323184602DFEDE7CB8B002B93
:1023E000D2D1C9E7FD25020021590000ED260200E7
:1023F0000C6A0300046803006C5003000021E3F73B
:1024000017B900BF30B5044683B0FEF73FFCA37D8B
:1024100094F820206FF3000322F01802A3759B06A6
:1024200084F8202002D46368002B3BD0962002F071
:102430005FFB00231A461946184602F071FA012084
:10244000EDF746FC0546F0B105F1200002F088F9F1
:10245000FDF7B0FE40B902F0D3FA1448214603B0AC
:10246000BDE8304002F086B80DF10700FDF70CFD25
:1024700094F820209200014602F01C029DF807000B
:1024800002F054FDE7E70A4A0A490B4840F25F337D
:102490000CF0EBFD85F31188BFF36F8F0323184613
:1024A00002DFD1E702F09CFAC9E700BFC159000082
:1024B0000C6A0300A86803006C50030038B5054699
:1024C000FEF7E4FB02F0E0FA0420EDF76BFD20B12B
:1024D0002846BDE83840FEF7E7BB0A4A0A490446E9
:1024E0004FF47B7309480CF0C0FD84F31188BFF3EF
:1024F0006F8F0323184602DF2846BDE83840FEF7F9
:10250000D3BB00BF0C6A0300086903006C500300D2
:1025100008B5FFF777FF02F03FF9BDE8084002F089
:1025200049BC00BF70B582B00546FEF79DFB02F0C6
:1025300057FA0120EDF7CCFB0446002845D004F102
:10254000200002F00DF902F057F9E0B9FDF732FE74
:1025500060BB02F03DFC00210446084602F016F97B
:1025600000210646084602F00DF93444CB34201A07
:1025700002F0D8FB02F044FA1B48294602B0BDE83D
:10258000704001F0F7BF194A19491A4840F21A334E
:102590000CF06BFD002383F31188BFF36F8F0323CF
:1025A000184602DFFDF706FE0028D2D00DF1070025
:1025B000FDF76AFC95F820209200014602F01C020B
:1025C0009DF8070002F0B2FCC3E7084A0A4909482F
:1025D00040F216330CF049FD84F31188BFF36F8F7E
:1025E0000323184602DFAAE7C15900000C6A030062
:1025F000B06803006C500300A868030030B50446BF
:1026000085B0FEF743FB0DF10F012046FEF782FA7D
:1026100008B105B030BD054602F036FAA27D00953E
:10262000C2F34103013303F00303032B08BF00236C
:1026300063F34202A2752B46052229462846ECF791
:102640005DF89DF80F3053B1A38B7BBB94F820301D
:10265000DA0619D42046FEF727FB05B030BD04206A
:10266000EDF7A0FC05460028EED11C4A1C491D4888
:1026700040F23A430CF0F9FC85F31188BFF36F8FF9
:102680000323184602DFDFE76FF3041384F82030DA
:10269000EDF73AFB054688B10A232B71AC60A369BC
:1026A0002868EB602946EDF75DFBD3E7E38B002B51
:1026B000CCD1A37D43F08003A375C7E7074A0A493D
:1026C000084840F24D430CF0D0FC85F31188BFF36D
:1026D0006F8F0323184602DFDEE700BF0C6A03009A
:1026E000086903006C500300586A030070B5C368A2
:1026F00004461E68ECF7EEF805463046FEF74CFA45
:1027000000232D1AC4E90053238120460121BDE88E
:102710007040E2F78DBF00BF00B9704708B5084AA6
:102720000849094840F28F230CF09FFC002383F3F3
:102730001188BFF36F8F0323184602DF08BD00BF67
:102740000C6A0300745803006C50030008B50D4B6D
:1027500003989860002211460120EAF77DFB00B93A
:1027600008BD094A09490A484FF422730CF07DFC60
:10277000002383F31188BFF36F8F0323184602DF12
:1027800008BD00BFA80200200C6A030060520300CD
:102790006C5003002DE9F8439DF8209016468046C2
:1027A0000D464A46194630461F46FDF7E1FC0446F1
:1027B000A0B91DB198F820305B061CD498F81650CB
:1027C000C5F38013B3420CD0C5F3C105012D05D963
:1027D00026B17B7903F0C003402B12D02046BDE820
:1027E000F88308F122000622394610F027FD002860
:1027F000EAD10124F2E74846FDF72CFB0028EDD191
:10280000DCE7099B002BF4D0099A01231370F0E751
:1028100010B5E8B10C46FEF751FC002804DB204659
:10282000BDE81040FEF720B90D4A0E490E484FF49E
:102830001E730CF01AFC002383F31188BFF36F8F13
:102840000323184602DF2046BDE81040FEF70CB90E
:10285000064801F08FFEBDE8104001F0A3BF00BFA5
:102860000C6A0300046803006C500300FD2502009D
:102870002DE9F04F83B0074603209DF830A09DF866
:102880003450884616469946EDF722FA002800F0A3
:1028900092800446EDF738FA4FF6FF73E38097F81D
:1028A000203058076DD003F00703012B7DD0042B97
:1028B0007ED0424A4249434840F204630CF0D5FBC3
:1028C000002383F31188BFF36F8F0323184602DFC1
:1028D00094F8202002F00F03042B5CD0072B52D178
:1028E0000023BB61A76002F009FA206102F06AFAD6
:1028F000834697F82000514600F0070001F046FF9C
:10290000A37EABEB00006AF382036061A3760097BD
:1029100097F820102C4B524601F0070104F12000DB
:1029200000F048FEA37E60F3C713A3761B062AD5EA
:1029300097F8203043F0100387F820306FF00F072E
:10294000B9F1000F23D17F20B8F1000F14BF324638
:10295000FF22FF3EA37E20764FEA450518BF0126E1
:1029600045EA461505F0220523F022031D432068A1
:102970006276A5762146EDF7F5F9384603B0BDE855
:10298000F08F052323710027B9F1000FDBD002F08F
:1029900041F8C0B2D8E797F820301907F3D50523DE
:1029A00063F3030284F82020EDE7062323718FE709
:1029B000082323718CE76FF06807DEE70C6A0300D9
:1029C000445103006C500300413302000020704763
:1029D0000020704710B582B00446FEF757FB002870
:1029E0001BDB154A1549164800940023EDF71AFB26
:1029F00008B1773001D102B010BD124A1249134814
:102A000083230CF032FB002383F31188BFF36F8F15
:102A10000323184602DF02B010BD0A4A0C490B48D6
:102A200080230CF022FB002383F31188BFF36F8F08
:102A30000323184602DFD4E7FD2302001128020019
:102A40005D2302000C6A0300AC5203006C500300CB
:102A50000468030070B50B4C0546FEF717F9E560F6
:102A60002E68EBF737FF05463046FEF795F8002352
:102A70002D1AC4E90053238120460121BDE870408E
:102A8000E2F7D6BDFC7D002090F816C01CF0080FC0
:102A900002D132B901207047002AFBD11846FDF758
:102AA000C7BA10B5044608461946FDF7F3FA18B937
:102AB000A07DC0F3C00010BD012010BD70B582B074
:102AC000FF2B8DF80730064607D090F82100C01A7A
:102AD000B0FA80F0400902B070BD0C461546294698
:102AE0000DF107022046FDF709FB0028F3D096F808
:102AF0002030C3F34013A34202D0002002B070BDC7
:102B00000622294606F1080010F098FBB0FA80F082
:102B10004009E0E72DE9F04F85B005469DF83860A3
:102B20000F9F14469C4611B1DB78D8073FD59CF81F
:102B30000130072B37D99CF803209107C2F34008D6
:102B400017D50D2B2FD9E3461BF80A9BC9F3801A22
:102B50004FEAD91914B1AB7D1A0746D55B464A46F0
:102B600021462846CDE90E6705B0BDE8F04FFFF7D6
:102B700011BE9CF80020C2F3801AD2091CB90120B2
:102B800005B0BDE8F08FAB7D1B07F8D491460CF182
:102B900004010CF10A0BFF2E8DF80F600BD095F895
:102BA00021309E421DD0002005B0BDE8F08F0846C0
:102BB00005B0BDE8F08F0DF10F0250460191FDF711
:102BC0009DFA0028EFD095F820300199C3F3401307
:102BD0005345E8D1062205F1080010F02FFB00282C
:102BE000E1D1B8F1000FCAD0B8E70CF10401D2E787
:102BF0002DE9F0479DF8285047680C46AD019DF837
:102C00002010994605F04005237845F0250545EA52
:102C1000C11503F010031D4390460B9B2570222223
:102C200062701A68C4F802209B88E380099B1968C7
:102C3000A1609B88A3817B68C4F80E30B97A3B8978
:102C40006382012221756275B7F816A0064602F06C
:102C5000B9F849460546B8F1000F39D008F003032A
:102C60002B33C8F34002DB00D34040461D4401F043
:102C70008DFD33692D1A18F0040F14BF05F63C7949
:102C800005F65A2973BB0C9AC2F80090A375E37538
:102C9000FB8A23833B8B6383B38AA383D7F82230D9
:102CA000C4F81E3097F8263084F8223097F8282090
:102CB00094F8233062F3040384F82330FEF71AFA01
:102CC00094F8233060F3471384F82330BDE8F0878D
:102CD000404601F05BFD336905F5DB69A9EB0009AE
:102CE000002BD0D040F2E24303FB0AFA02F00CF8CA
:102CF000012105464046D6F8108001F045FD2B180D
:102D00004344002B01DB994501D95344F9E70C9A60
:102D10001360054AA3EB0903A2FB0323627D9B0A10
:102D20000132E3826275B3E75917B7D130B5044673
:102D300083B0FDF7ABFF24B10DF107012046F4F796
:102D4000CFFE0E4B1B8823B12046FDF7ADFF03B02D
:102D500030BD0520EDF726F905460028F4D1084AD4
:102D60000849094840F2D2230CF07FF985F3118815
:102D7000BFF36F8F0323184602DFE5E7CE84002000
:102D8000786A0300E45F03006C500300F0B50C4662
:102D900083B0074615461E46FDF766FF01F020FE8C
:102DA000204601F0DDFC01F027FD00283ED1FDF7B3
:102DB00001FA48BB02F00CF87B790446012103F0CC
:102DC000070001F0E3FC7B79044403F007000228CC
:102DD00004F1A30416D004280CBF4FF4BC732823BD
:102DE00001211C4401F0CEFC201A01F09BFF01F0F0
:102DF000E1FF01F005FE3146284603B0BDE8F04092
:102E000001F0B8BB1823EBE70DF10700FDF73CF824
:102E10007A79C2F30202920042F00202014602F005
:102E20001E029DF8070002F081F8C3E7074A08492F
:102E3000084840F26C530CF018F9002383F3118812
:102E4000BFF36F8F0323184602DFB0E7786A0300F1
:102E5000B06803006C50030070B505460120AE68F1
:102E6000ECF736FF044640B1B0690B4A2B4604F13B
:102E70002001BDE87040FFF789BF084A08490948AA
:102E80004FF4B7630CF0F1F884F31188BFF36F8F40
:102E90000323184602DFE7E7C1370200786A030020
:102EA000A86803006C50030070B505460120ECF7DC
:102EB0000FFF044640B12B4604F1200128460A4A80
:102EC000BDE87040FFF762BF084A0949094840F26F
:102ED000AA530CF0CAF884F31188BFF36F8F032351
:102EE000184602DFE7E700BFA5370200786A030053
:102EF000A86803006C50030070B505460120ECF78C
:102F0000E7FE044640B12B4604F1200128460A4A58
:102F1000BDE87040FFF73ABF084A0949094840F246
:102F2000C3530CF0A2F884F31188BFF36F8F03230F
:102F3000184602DFE7E700BF492F0200786A030066
:102F4000A86803006C5003002DE9F04F83B00546DC
:102F500001F066FC10F0FF093FD1FDF78DFE4946F8
:102F60002846F4F7BDFDEC680646002C00F0008111
:102F7000C5F80C90736893F82C206FF3000283F867
:102F80002C20B37D6FF3C713B37501272068277119
:102F90002146ECF7CFFEE468277120682146ECF764
:102FA000E1FEB369002B00F0DA80ECF7ADFE0446D9
:102FB000002800F0FE800A232371A660B369206810
:102FC000E3602146ECF7CEFE8C48314601F0D2FAA0
:102FD00003B0BDE8F04F01F0E5BB01F043FC5FFA40
:102FE00080FB02F009F85FFA80F801F0E7FF5FFA72
:102FF00080FA01F003FD0746FDF73EFE002128465A
:10300000F4F76EFDEC680646002C00F0B680002355
:10301000EB60B8F1000F00F0DB805046FCF7B0FF2A
:103020008246B9F1000FA5D0BBF1000FA2D001F08C
:1030300027FC01900120ECF74BFE8146002800F0B0
:10304000CE8099F8201001F00F03082B92D199F847
:1030500021300E2B8ED199F822303F2B8AD899F847
:10306000233003F00303032B84D109F1240BC1F3B4
:10307000801153465A463046FFF720FD00283FF4A2
:1030800079AF019B99F820201B78C3F38013B3EB31
:10309000D21F7FF46FAF01990622023109F12A0095
:1030A00010F0CCF800287FF465AF6979736801F0FF
:1030B00003022832C1F34001D200CA40B3F85C10C9
:1030C0008A4238BF0A46A3F85C206879B3F85E10DC
:1030D00000F003022832D200C0F34000C2408A420E
:1030E00038BF0A46A3F85E20697993F8662061F339
:1030F000020283F866206A79FF00C2F3020207F039
:10310000080747EA021793F8662022F0780217436F
:1031100083F86670697993F8672061F3020283F897
:103120006720B8F1000F3FF438AF99F8203094F8D9
:1031300020202068C3F3801363F3C71284F8202093
:10314000D9F82430A362B9F82830A38584F819A0EF
:103150002146ECF707FEB369002B7FF426AF284821
:10316000294601F007FA03B0BDE8F04F01F01ABBA1
:10317000CB46C8464F464FF0FF0A224A2249234811
:1031800040F2F5530BF071FF002484F31188BFF374
:103190006F8F0323184602DFEC60B8F1000F7FF455
:1031A0003CAF44464FF0FF0AB9F1000F3FF4E2AEE6
:1031B0003AE7144A1649154840F255630BF055FF9B
:1031C00084F31188BFF36F8F0323184602DFF2E602
:1031D0004FF0FF0ABBF1000F7FF429AFCAE6094A9E
:1031E0000B490A4840F207630BF03FFF89F311884F
:1031F000BFF36F8F0323184602DF22E7552A020030
:103200002D2D0200786A0300285103006C50030042
:10321000A868030038B505460520ECF7C3FE20B1C9
:103220002846BDE83840FDF79FBD0A4A0A490446D2
:1032300040F28A6309480BF018FF84F31188BFF34A
:103240006F8F0323184602DF2846BDE83840FDF79C
:103250008BBD00BF786A0300E45F03006C5003007D
:1032600038B5002836D00C46FDF728FF002809DBCA
:103270000520ECF797FE0546C8B12046BDE838406A
:10328000FDF7F2BB174A1849184840F2A3230BF088
:10329000ECFE002383F31188BFF36F8F03231846DE
:1032A00002DF0520ECF77EFE05460028E5D10D4A39
:1032B0000F490E4840F2A6230BF0D7FE85F3118884
:1032C000BFF36F8F0323184602DF2046BDE8384066
:1032D000FDF7CABB074801F04DF9BDE8384001F0E1
:1032E00061BA00BF786A0300046803006C500300F1
:1032F000E45F03002D2D0200884210B5044608D07B
:103300002046F4F7EFF900280CBF6FF08B00002087
:1033100010BD084A0849094840F281230BF0A5FE78
:10332000002383F31188BFF36F8F0323184602DF56
:10333000E6E700BF786A0300C86A03006C50030028
:103340002DE9F04F074685B0FDF7A0FCD7F80C80BB
:10335000B86898F8029001254FEA591905FA09F55D
:10336000EDB23D73F4F7BEF98246002800F0CA8042
:10337000002398F9002098F802400193002A4FEAB0
:10338000042498F8012004F4F85444EA020498F85C
:103390000020B4BF4FF496711E2101FB04F4B4BFAA
:1033A0004FF49E712E2112F0400F14BF32264FF4BD
:1033B000FA76594A009104FB06F6A2FB06264FEA6C
:1033C000850B564A4FF0000C012128465FFA8BFB13
:1033D000A2F800C001F058F95A46FF21082001F078
:1033E00095F998F8000000F03F00FDF7F5FB07F1B4
:1033F000200001F0B5F9019BB60C002B7DD04848A8
:10340000194601F0B7F8962001F072FB01232A4615
:103410000021284601F084FAFCF7CCFE002850D1A8
:103420009AF8163013F0180F40D17B690121284615
:103430001C44FDF717FCA41B241AA4F11001002062
:1034400001F004FC0F3C844207460ED0354A364951
:1034500036484FF4B3730BF008FE002383F3118852
:10346000BFF36F8F0323184602DF009B012128461C
:103470001E44FDF7F7FB37440346012128461F444D
:1034800001F084F9B9F1010F074418D0B9F1020F26
:103490000CBF4FF4BC702820384401F051FC01F0FF
:1034A00089FC05B0BDE8F04F01F0AABA0120FCF795
:1034B0007DF94178821C007801F0C6FAB5E7182042
:1034C000EAE79AF81600C0F3C000FCF76FF98246ED
:1034D0000DF10F00FCF7D8FC9AF8011080460AF1B4
:1034E00002029AF8000001F0AFFA9DF80F004BF0CD
:1034F0000202414601F01AFD97E70D48394601F0F6
:1035000039F880E7BB68009301461846F4F7E8FAFB
:10351000009B82462DE700BF83DE1B43CE84002044
:10352000A5370200786A0300D86A03006C500300D4
:10353000C137020010B582B00446FDF7A7FD002890
:103540001BDB154A1549164800940023ECF76AFD69
:1035500008B1773001D102B010BD124A12491348A8
:1035600072230BF082FD002383F31188BFF36F8F6A
:103570000323184602DF02B010BD0A4A0C490B486B
:103580006F230BF072FD002383F31188BFF36F8F5D
:103590000323184602DFD4E7F15F00006132020026
:1035A000F9320200786A0300AC5203006C50030049
:1035B000046803002DE9F04F0446007800F00F0086
:1035C000072883B00F46904699460DD04C4A4D4986
:1035D0004D4887230BF049FD002383F31188BFF387
:1035E0006F8F0323184602DF6678002E5AD0A37827
:1035F0009D0657D0E378D8074CBF0A3404349907A6
:1036000048BF06345A0748BF01341D0748BF02347B
:10361000D80647D5A2786378150205F4F8551D43FE
:1036200040D05F2A4FEA52133CD894F9002020780A
:10363000002A07F00302164406F10906B4BF4FF44E
:1036400096721E22C7F34001F60002FB05F5CE403C
:103650002A4406F596718A4224D341064CBF4FF0A6
:10366000320A4FF4FA7A294A019341460AFB05FAD5
:103670003846A2FB0A2A01F089F8019B4FF0010BA2
:1036800002460BFA03F0C0B2594601924FEA9A4A39
:10369000FDF7E8FA019A06F28D43534413440344BC
:1036A0009D4203D9002003B0BDE8F08F5846ECF7E7
:1036B0000FFB0546B0B10C9BAB60EC6001F082FBE8
:1036C00041460446384601F061F8A41B241A2946F5
:1036D00048466C6100F04EFF01F064F8012003B031
:1036E000BDE8F08F064A0A490748E9230BF0BDFC04
:1036F00085F31188BFF36F8F0323184602DFDAE7E3
:10370000786A0300786903006C50030083DE1B4372
:10371000A8680300F0B50C46C978C90783B03ED548
:10372000054617461E46FCF745FD90B9AB7D13F0E4
:10373000180F0BD00120FCF739F82246334612F857
:10374000041BC1F38011FCF73DF83870012003B071
:10375000F0BDA87D2546C0F3C000FCF727F815F89A
:10376000041B3346C1F380112A46FCF72BF838704E
:103770000028EBD123785B06E8D50DF10700FCF7B4
:1037800083FB9DF80730002BE0D0284601F068FC51
:10379000089B187001F012FC099B1870D6E70020F6
:1037A00003B0F0BD10B504460021F4F799F9627931
:1037B000214602F00702BDE81040E2F77DBD00BFE0
:1037C000034680681A7B90F82030DB0602D5002182
:1037D000E2F772BD8169E2F76FBD00BFF8B505463B
:1037E000FDF754FAECF7D0FB044600283FD0274BF6
:1037F000274A1B781178A27926485B0001F0010165
:1038000003F002030B4322F003021343224A018810
:103810001278A18001202070A371227219B195F94C
:103820002730002B04DB2846BDE8F840FDF73CBA02
:1038300095F82C30C3F30213022B16D0042B0CBFC7
:103840004FF4BC77282701F0A9FA064601F0ACFA3C
:10385000361AE660EA6BC4E904270023EB636B6465
:103860002846BDE8F840FDF71FBA1827EBE70B4ADA
:103870000B490C484FF478730BF0F7FB84F3118875
:10388000BFF36F8F0323184602DFB0E70B850020DC
:103890000C850020D08400200A850020046B0300E2
:1038A000E45F03006C50030008B500F0E5FF027808
:1038B0000346012161F301021A70002008BD00BF18
:1038C000014B00201870704708850020704700BF2A
:1038D00030B4074A074D084C0848094900231380B3
:1038E000084A2B80237003700B70137030BC704734
:1038F000D0840020D28400200C8500200D8500207B
:103900000B8500200A85002091F82C305B070AD433
:1039100081420AD1064B1B88002B14BF6FF08B002D
:103920006FF00F007047002070476FF08B007047FA
:10393000D084002091F82C305B070AD481420AD150
:10394000064B1B88002B14BF6FF08B006FF00F002D
:103950007047002070476FF08B007047D2840020C2
:1039600038B50D46002842D00446FDF7A7FB0028D5
:1039700051DBE2682389518B938301330B4492F925
:1039800027105383002913DBECF7FEFA0446F8B145
:10399000A37923F00303002243F0020301212170E5
:1039A000A280A37122722846BDE83840FDF75CB8BA
:1039B0002089136B916B00FB03330B44516B8B42DB
:1039C00028BF0B469363ECF7DFFA04460028DFD1EB
:1039D000184A1949194840F207130BF046FB84F3C3
:1039E0001188BFF36F8F0323184602DFD0E791F9E8
:1039F0002730002B07DB2946114800F0BBFDBDE84E
:103A0000384000F0CFBE0F4B1B88002BF3D10E4B7C
:103A100001221A70EFE7074A0C490848EE230BF021
:103A200024FB002383F31188BFF36F8F0323184611
:103A300002DF9EE7046B0300E45F03006C500300A9
:103A4000DD370200D28400200B85002004680300CB
:103A5000F8B505460120ECF73BF9064680B3002196
:103A600086F8211095F86740B5F85A7004F00704FD
:103A7000204600F009FE95F87E301B074FEA8402CD
:103A800012D5391D42F00102C9B2082000F03EFEF5
:103A900000F0FAFE2146024605F17F0001F09EF992
:103AA000BDE8F84000F05CBE0820F9B242F0010227
:103AB00000F02CFE06F12000BDE8F84000F050BEFA
:103AC000074A0849084840F213330BF0CEFA86F350
:103AD0001188BFF36F8F0323184602DFBFE700BFD3
:103AE000046B0300A86803006C50030038B504465B
:103AF000FDF7BAF8334AA08913880133138000F028
:103B0000F7FF94F8662094F86700C2F3C00300F052
:103B1000070002F00702002100F002FF2046FFF735
:103B200097FF00F073FE00283BD101F051F9258A80
:103B3000034694F867000D35012100F007001D448D
:103B400000F024FE94F8673003F00703022B0544CD
:103B500025D0042B0CBF4FF4BC73282394F86600C7
:103B6000C0F3C00100F007001D4400F00BFE281A4E
:103B700001F0D8F8144B1B881BB994F92730002B9F
:103B800005DA21461148BDE8384000F0F3BC00F0EA
:103B900037FF21460D48BDE8384000F0EBBC182344
:103BA000DCE70B4A0B490C4840F2AF230BF05DFAFF
:103BB000002383F31188BFF36F8F0323184602DFBE
:103BC000B3E700BFD2840020D0840020053D02006E
:103BD000046B0300506B03006C500300F8B50F46F4
:103BE00090F86610B0F8586001F007040546C1F37C
:103BF000C001204600F048FD95F87E30A200DB06AB
:103C000042F00102F1B20DD50431C9B2082000F032
:103C10007DFD394605F1A00001F026F9BDE8F84028
:103C200000F0A4BD082000F071FD3846BDE8F84062
:103C300000F09CBDF0B5054683B001AA806E0F462A
:103C4000E96EE9F79DF895F87E305A0706463BD4B1
:103C500048B3019C95F87D3095F87C2004341C44D1
:103C600012B9627885F87C2033B12378012262F39F
:103C70000103237095F87D3095F87C20D31A63708A
:103C80002846F5F7F1F8637883422BD9607001215B
:103C9000237803F00F03002243EA01132370A2707C
:103CA0003C6003B0F0BD43F0040385F87E3000F0C3
:103CB000E3FD0446124B1B78EBB1237843F010036D
:103CC00023703C6003B0F0BD43F0040385F87E3000
:103CD00000F0D2FD0446002EECD0237843F0100310
:103CE0002370EEE73268EB6E9A42D0D1044B19781C
:103CF0000029CCD1CCE7227863F304122270CFE7FD
:103D0000088500202DE9F04F85B0044600F088FDBD
:103D1000C0B250B9FCF7B0FFC348214600F02AFCFE
:103D200005B0BDE8F04F00F03DBD00F09BFDC6B210
:103D300000F080FEDFF8F482C7B2FCF79DFFB8F810
:103D4000003001200133A8F80030EBF7C1FF054631
:103D5000002800F01F81002E64D1B54A1378002B93
:103D600040F0E480012303A920461370FFF762FFAF
:103D70004FF00008DDF80C904646E08900F0B8FEF0
:103D800094F8670000F0070000F082FDA948214682
:103D900000F0F0FB01F00EF894F87E2099F8003066
:103DA00062F3C30389F8003094F87E3099F800205C
:103DB000C3F3400363F3820289F80020494620469A
:103DC000FFF70CFF00F022FD002840F0418100F0D9
:103DD000E5FF002800F09E80002E00F0A280A08A5F
:103DE0004FF6FF73984200F04F813146F4F7A0FF81
:103DF000B8F1000F0ED094F87E301B0700F1388127
:103E0000EBF782FF03232B71A38A2868EB802946F6
:103E1000EBF790FFEBF79EFF002F40F0A68005B078
:103E2000BDE8F08F94F87E20160705F1200A00F116
:103E3000F08095F8203002F00101C3F38000884241
:103E400000F0BA8094F9273081F0010161F300029B
:103E5000002B84F87E2005DA94F82C3043F0080318
:103E600084F82C30744B1A780AB1013A1A7094F81D
:103E70007E2012F0040940F01881D4E91A0103AA47
:103E8000E8F77EFF0646002800F02781039A94F8A1
:103E90007DB0043201925A44517871B194F87E2079
:103EA000D0060AD5D4F8B0200132C4F8B020D4F836
:103EB000B42042F10002C4F8B42094F87C205944A4
:103EC000C9B29142C0F0118100F040815B4A5C4967
:103ED0005C4840F26D430BF0C8F8002383F311886F
:103EE000BFF36F8F0323184602DF002694F92730B3
:103EF000002BC0F2238195F82030DA065CBF019ACE
:103F000012F80B9094F87E205CBF89F01009C9F379
:103F1000001954E000F036FF00F03AFF002E7FF465
:103F20005EAFB8F1000F7FF466AF75E794F87EA03E
:103F300003F1FF385FFA88F803A9204682F8008071
:103F4000CAF3800AFFF776FEB8F1000F7FF410AFD6
:103F50003548214600F00EFB94F92730002B0BDA90
:103F600000F03EFDDDF80C9016E700F053FD84F8FC
:103F7000C20005B0BDE8F08F00F014FC00F03CFC7E
:103F8000002840F0CB8094F87E306AF3820384F8F6
:103F90007E301CE7294A2C492A484FF4AA730BF0BB
:103FA00064F885F31188BFF36F8F0323184602DF8F
:103FB000002E3FF4D2AE35E74FF000094E46C3F372
:103FC000C003C2F340018B4200F092804FF0000822
:103FD000C2F3800A164A1D4B0021117020460122AF
:103FE00003A91A70FFF726FEB9F1000FB0D195F8BA
:103FF0002030DDF80C90D9063FF5BFAE99F80030BF
:10400000DA063FF5BAAE99F80130002B7FF4B5AE71
:104010009EE700F039FC028883782A848AF802300F
:1040200094F87E2005E700BFDD370200D084002031
:104030000D850020ED3A020008850020046B030086
:10404000445103006C500300A86803000C85002055
:104050008B4A8C498C4840F2E9130BF006F8002398
:1040600083F31188BFF36F8F0323184602DFAEE698
:1040700000F00AFC95F82120C11C05F123000FF087
:104080003EF8BDE64FF000087D4A80497E4840F288
:1040900009230AF0EAFF002383F31188BFF36F8F2F
:1040A0000323184602DFA08A9FE66FF3820284F89A
:1040B0007E2000F0E1FB94F92730002B0DDB95F812
:1040C000203013F010060AD190F8009094F87E206A
:1040D00089F01009C9F3001971E795F8203094F8B8
:1040E0007E204FF000094E4669E784F87D10FCE61B
:1040F0000320EBF7EDFD30B394F87E3083F002033C
:1041000084F87E3095F8213094F87E20002B3FF41F
:104110005DAF100734D44FF0010859E7584A5C49A5
:1041200059484FF4D6730AF0A0FF002383F3118897
:10413000BFF36F8F0323184602DF24E794F87E2035
:1041400095F820303BE794F87E203FE70022A4F862
:104150007C20E06E04F16801E8F71AFE039A4D4BEB
:1041600012683260039A16601A78039E22B9B8F872
:104170000020052A7FF6BAAE474A12781A70B5E6D3
:1041800000F0A2FE804600286AD000F0C5FE00289C
:1041900054D1D4F88F30D4F89320134305D195F837
:1041A000203003F00303032B32D03C4B3C48022267
:1041B00021461A7000F0DEF900F0F4FA00F01CFB62
:1041C00078B900F0EBFDE0B1002E3FF425AEA08AF7
:1041D0004FF6FF7398423FF455AF3146F4F7A8FD10
:1041E00018E6274A2A49284840F265130AF03DFF9D
:1041F000002383F31188BFF36F8F0323184602DF78
:10420000DFE700F0BFFD00F0C3FD002EDFD103E6C5
:1042100000F036FB4378272B0146C6D80333DAB2C9
:1042200050460EF06CFFD4F88F30013BC4F88F304D
:10423000D4F8933043F1FF33C4F89330D4F88F307F
:104240000133C4F88F30D4F8933004F18F0243F176
:1042500000035360114B01221A7094F87E205AE734
:10426000074A104908484FF491630AF0FEFE88F3AC
:104270001188BFF36F8F0323184602DF85E700BF65
:10428000046B0300506B03006C5003006C6B030065
:10429000B068030008850020098500200A850020F9
:1042A000DD370200646B0300024B1A781870104669
:1042B000704700BF0985002010B582B00446FCF7A6
:1042C000E5FE00281BDB154A15491648009400231B
:1042D000EBF7A8FE08B1773001D102B010BD124A49
:1042E0001249134855230AF0C0FE002383F31188B6
:1042F000BFF36F8F0323184602DF02B010BD0A4AD6
:104300000C490B484C230AF0B0FE002383F31188BC
:10431000BFF36F8F0323184602DFD4E7316A000032
:104320006139020035390200846B0300AC5203008E
:104330006C5003000468030010B582B00446FCF71B
:10434000A5FE00281BDB154A1549164800940023DA
:10435000EBF768FE08B1773001D102B010BD124A08
:104360001249134850230AF080FE002383F311887A
:10437000BFF36F8F0323184602DF02B010BD0A4A55
:104380000C490B484B230AF070FE002383F311887D
:10439000BFF36F8F0323184602DFD4E7996C000048
:1043A0006139020009390200E46B0300AC520300DA
:1043B0006C500300046803004FF080530246D3F8AA
:1043C000A410013107D04FF08051D1F8A00010F0B7
:1043D000010009D17047D3F8A8304FF6FF719BB2A6
:1043E0008B42F0D100207047D1F8A4301360D1F88F
:1043F000A8301371C3F3072363F03F035371D1F85F
:10440000903001331CD0D1F89430013318D0D1F85A
:104410009830013314D0D1F89C30013310D0D1F84A
:104420009030C2F80630D1F89430C2F80A30D1F892
:104430009830C2F80E30D1F89C30C2F8123008E043
:104440000023C2F80630C2F80A30C2F80E30C2F8B3
:1044500012300120704700BF00234FF080520360EC
:1044600043608360C360D2F88030013318D0D2F843
:104470008430013314D0D2F88830013310D0D2F810
:104480008C3001330CD0D2F880300B60D2F88430FD
:104490004B60D2F888308B60D2F88C30CB6070479C
:1044A00000230B604B608B60CB607047054B4FF473
:1044B00080320021C3F80815C3F84423C3F804234D
:1044C000704700BF00B00040054B1878421C1A70BE
:1044D00018B9044B01221A6070470120704700BFD1
:1044E0000E85002000B0004038B50E4D2C784CB140
:1044F000601EC0B2287018B90B4B01225A6038BD3B
:10450000012038BD094A0A490A4871230AF0ADFD65
:1045100084F31188BFF36F8F0323184602DF2C78D2
:10452000E6E700BF0E85002000B00040406C0300AD
:104530008C6C03006C500300014BD3F804057047EA
:1045400000B00040024B00F5A87043F820107047FF
:1045500000B00040044BD3F8103123B1034A044BA0
:1045600010681B6818477047001000404082002008
:104570004482002038B5044601200D46E7F7A2FE2C
:10458000084B094A1C600949094B1560102002229A
:10459000C1F80403C3F88021BDE838400120E7F7E3
:1045A00083BE00BF448200204082002000100040F3
:1045B00000E100E04FF080434FF0FF320021C3F8EC
:1045C000002EC3F8042EC3F8081EC3F80C2EC3F83F
:1045D000101EC3F8142EC3F8182EC3F81C2EC3F8EF
:1045E000202EC3F8242EC3F8282EC3F82C2EC3F88F
:1045F000302EC3F8342E704708B50120E7F762FE6D
:104600004FF080521B49D2F830310020C1F8180514
:10461000591C1FD0062B09D0174B4FF490514FF463
:104620001052C3F80018C3F8042808BDD2F834317A
:10463000033B042BF0D8114AD25CB2B10D4AD2F838
:10464000743723F0807323F0010343F08073C2F8C2
:104650007437E1E74FF0704393F8E02F062ADBD17F
:10466000D3F8E83FC3F30313E2E7054AD35C002B1A
:10467000D2D0E3E70010004000F00140A06C03003E
:10468000986C0300704700BF054B02280CBF042143
:10469000032140F20122C3F81015C3F850267047D9
:1046A00000100040014BC3F80C057047001000409B
:1046B000014BC3F80805704700100040084B00F09C
:1046C0007F00C3F85405D3F8182522F00072C3F810
:1046D0001825D3F8182542F00072C3F81825704742
:1046E00000100040084A00210123C2F82C15C2F82E
:1046F0003035C378C2F824358178038843EA014312
:104700001B02C2F81C35704700100040C2F3820340
:10471000A3F1020302F00302B3FA83F3013A5B0947
:104720001B06022A98BF43F4801300F00F000A4AC8
:10473000184340F48070C2F81405D2F81805074BEE
:104740000340C2F81835D2F81835194341F4403106
:10475000C2F81815704700BF001000400000F8FEB6
:10476000014BC3F80405704700100040014BC3F82B
:10477000040570470010004002280CBF28202920A3
:10478000704700BF012070472920704702280CBFE6
:1047900006200A20704700BF014B01225A60704773
:1047A00000100040074A084910B401234FF4106478
:1047B0000020C2F808455360D360C1F800020B61C5
:1047C00010BC704700F0014000100040094B00226F
:1047D000C3F80021D3F80011C3F80421D3F8041161
:1047E000C3F80C21D3F80C11C3F81021D3F8103101
:1047F000704700BF00100040034BD3F800010038A1
:1048000018BF0120704700BF00100040034BD3F8D1
:104810000401003818BF0120704700BF001000409D
:10482000034BD3F80C01003818BF0120704700BFBC
:104830000010004001207047034BD3F85005B0FA38
:1048400080F04009704700BF00100040044B40F268
:104850000312C3F83425C3F83805C3F83C15704774
:1048600000100040034BD3F80004003818BF0120AB
:10487000704700BF00100040004870474081002092
:10488000004870473C80002000487047387F002077
:10489000F0B41D4B1D4D1E4E1E4C1F4F0322C3F87E
:1048A00000222A78C6F8687502F10C03DBB2D0004A
:1048B000DB00910003F1804300F1804003F5F83301
:1048C00000F5F83001F18041C6F86C0501F51041A2
:1048D00004EB82041148C3F81045C3F81405D1F85D
:1048E00040352D2B8ABFD1F8403501232D3BC1F82F
:1048F00040350132064B4FF4106102F00102C3F85B
:1049000004152A70F0BC7047001000400F8500208D
:1049100000F00140409100400C11004004100040A4
:104920002DE9F041284E294C294FDFF8A8E0DFF8A7
:10493000A8800323C6F800322178CEF8688501F1FB
:104940000C03DBB2DB00CD0003F1804303F5F83349
:1049500005F1804507EB810705F5F835CEF86C5574
:104960004FEA810CC3F8107549F63465C3F8146535
:104970004AF24E23022A18BF1D460CF1804C42F227
:10498000B84241F24A53022818BF13460CF5104CA6
:10499000124A2B44A2FB0323DCF84025B2EB931F01
:1049A00085BF9809DCF8403501231B1ACCF8403547
:1049B0000131084B4FF4106201F00101C3F80425E6
:1049C0002170BDE8F08100BF001000400F8500207D
:1049D0004091004000F001400C110040D34D6210A6
:1049E0000449054B03204FF41062C1F80002C3F8DC
:1049F000082570470010004000F00140002070477B
:104A0000034AD2F8003243F48873C2F80032704788
:104A100000100040014BD3F84805704700100040DB
:104A2000034B0022C3F81C21D3F81C31704700BF90
:104A300000100040034BD3F81C01003818BF0120C0
:104A4000704700BF0010004010B44FF0000C4FEA58
:104A50008C0303F1804303F580531468C3F80046C8
:104A60000CF1010C9488C3F82046BCF1080F02F148
:104A70000602ECD1034B40EA0120C3F8400610BC0B
:104A8000704700BF00100040034AD2F8403623F0C0
:104A9000FF03C2F84036704700100040034B00226D
:104AA000C3F81421D3F81431704700BF0010004040
:104AB000034BD3F81401003818BF0120704700BF22
:104AC00000100040014BD3F8100470470010004064
:104AD0000449054B054A4FF48020C1F84803C3F848
:104AE0000825704700B0004000F00140C001700E82
:104AF000034B044A1B7803F5A87342F82300704760
:104B00000F85002000900040F0B4A2F574232F4DD3
:104B1000A3F51073AB42044606D902F1E87202F520
:104B2000D432013902F5A572294B2A482A4D2B4E61
:104B30000127DF600027C3F80475A0FB02020427E9
:104B4000C3F81075900C0227C3F80875244AC3F8FF
:104B50004005C5F848154FF48021C5F8441340219D
:104B6000C2F84065C2F84435C2F804154CB34FF49E
:104B70008013C2F804351B4A012100240423D160AC
:104B8000C2F80445C2F81035154BC2F8084511604B
:104B90001549C3F850150C32C3F8542502F5AF324D
:104BA000124CC3F8584502F5FC7201F50041C3F8F8
:104BB0005C2538310832C3F86015C3F86425F0BCB1
:104BC00070474FF40013C2F80435D4E7BFBDF07F3F
:104BD0000080004083DE1B4300B0004048B100402D
:104BE00000F00140009000400C1100404091004056
:104BF000134A30B40123134C53604FF48025D36023
:104C0000C2F84035104BC4F84815C4F8445340214D
:104C100004F5A474C3F84045C3F84425C3F804154B
:104C200030B14FF48012C3F80425012030BC704726
:104C30004FF40012C3F80425012030BC704700BFB8
:104C40000080004000B0004000F0014070B4114B03
:104C5000D8B14FF48012C3F804250F4B0A46002642
:104C6000012502E0D3F840416CB9C1EB4201C3F821
:104C70004061481CD3F84021C3F84005DD64D3F8F7
:104C80004C259142EED370BC70474FF40012C3F82C
:104C90000425E2E700F001400080004070B4154BAD
:104CA0000122DA64D3F84C25E8B103F5B8334FF4A8
:104CB0008011C3F804150F4B11460026012502E0B0
:104CC000D3F840416CB9C2EB4102C3F84061501CBB
:104CD000D3F84011C3F84005DD64D3F84C158A427F
:104CE000EED370BC7047044B4FF40011C3F80415A9
:104CF000E1E700BF0080004000F00140014BD3F825
:104D00004805704700B00040002070470349044A3E
:104D100001234B600B6153601361704700800040BA
:104D2000009000400449054BC1F844054FF08862EB
:104D3000C3F80425704700BF0080004000F0014028
:104D40000449054BC1F844054FF08862C3F80425B7
:104D5000704700BF0080004000F00140054B06484E
:104D60000649074AC3F84805C3F84C15C3F804259B
:104D7000704700BF00F0014000110040408000403B
:104D800080000004014BD3F84405704700800040C8
:104D9000014B1860704700BF347F0020014B18683A
:104DA000704700BF347F0020014BD3F840057047A7
:104DB00000800040024B4FF00062C3F804257047AA
:104DC00000F00140014BD3F84805704700800040D7
:104DD000014BD3F848057047008000401C4B30B4AD
:104DE0000024C3F8004502294FF00204C3F800452F
:104DF000044626D003F580334FF00071154DC3F8FB
:104E00000415134B1448C3F804550021C3F8084592
:104E1000124CC3F80C05C3F81025C3F81445C3F8A9
:104E20000012C3F80011D3F80021C3F80411D3F81D
:104E30000421C3F808110122D3F808111A6030BC0C
:104E40007047074B074D4FF00071C3F80415D8E7C2
:104E500000F00040010000013C800020287E00207E
:104E600000F001400100010110B4134B0022044680
:104E70000220C3F80025C3F800051048C3F8040554
:104E8000C3F808450E48C3F80C150E4CC3F81005BE
:104E90000121C3F81445C3F80012C3F80021D3F868
:104EA0000041C3F80421D3F80441C3F80821D3F822
:104EB0000821196010BC704700F00040000001019B
:104EC0003C800020287E002038B5114C0223C4F815
:104ED0000433D4F8043163B92025EFF3118085F34E
:104EE0001288BFF36F8F0BF0D3FED4F80431002B80
:104EF000F3D0074B074A02204FF40041C3F80803E0
:104F0000C2F88011D3F80801B0FA80F0400938BD2A
:104F100000F0004000E100E0034BD3F8000400384B
:104F200018BF0120704700BF00F00040F0B49407A4
:104F300003D4D30734D4072A32D91C4BD3F8042521
:104F4000502701321A4B1B4D00240326C3F800657D
:104F5000C3F80405C3F80815C3F81025C3F81455A1
:104F6000C3F80041D3F80021C3F804410F4AD3F835
:104F70000411C3F80841D3F80831C2F86075D2F8BB
:104F800000320D4943F04003C2F80032C2F8284114
:104F90004FF40003D2F82821C1F80435F0BC704763
:104FA000024BD3F804254027013ACBE7001000401C
:104FB00000F00040247E002000F00140014BD3F8B7
:104FC0000004704700F0004010B4084A084C09493A
:104FD0000023C2F828314FF40000D2F82821C4F889
:104FE0000035C1F8080510BC704700BF0010004034
:104FF00000F0004000F0014038B5164BD3F82831DE
:105000002BB3154C0123C4F80433D4F8003163B931
:105010002025EFF3118085F31288BFF36F8F0BF01B
:1050200037FED4F80031002BF3D00B4B0B4A012094
:105030004FF40041C3F80803C2F88011D3F80421EB
:105040002AB1D3F80801B0FA80F0400938BD002039
:1050500038BD00BF0010004000F0004000E100E05B
:1050600038B5214C2149002303220338C4F8002518
:10507000C4F81005C4F80031D4F80021C4F8043194
:10508000D4F80421C4F8083101224FF40043D4F8C5
:105090000801C1F88031C4F804232260D4F800313B
:1050A00063B92025EFF3118085F31288BFF36F8F6A
:1050B0000BF0EEFDD4F80031002BF3D00A4B0B4A75
:1050C00001204FF40041C3F80803C2F88011D3F85F
:1050D000040120B1D3F80801B0FA80F04009024B76
:1050E0000022C3F8002538BD00F0004000E100E0D8
:1050F0000139012905D80B200AB1E7F7D5B8E7F740
:10510000E1B808B5074A084908482D2309F0ADFF62
:10511000002383F31188BFF36F8F0323184602DF48
:1051200008BD00BFA86C0300445103006C5003008D
:1051300029B10139012905D80B20E7F7D7B8182084
:10514000E7F7D4B808B5084A08490948412309F0E7
:105150008CFF002383F31188BFF36F8F0322104667
:1051600002DF184608BD00BFA86C030044510300CD
:105170006C50030088420FD0012807D002280DD1BF
:10518000A1F10100B0FA80F040097047A1F10200DE
:10519000B0FA80F040097047012070470020704746
:1051A000012908B511D002290FD0A1B10D4A0E492D
:1051B0000E487B2309F059FF002383F31188BFF3C6
:1051C0006F8F0323184602DF08BD094B4FF40062BE
:1051D000C3F8002108BD064B4FF08072C3F80021D0
:1051E00008BD00BFA86C0300445103006C500300CD
:1051F00000E100E008B50DF0FEFA08BD032810B587
:10520000044604D8124B1C5D9CB1204610BD114AC7
:1052100011491248292309F028FF002383F311883C
:10522000BFF36F8F0323184602DF094B1C5D002C70
:10523000EBD1084A0A4909482C2309F016FF84F3E8
:105240001188BFF36F8F0323184602DF204610BD7D
:10525000786D0300F86C0300486D03006C50030088
:10526000686D0300013810B51C46042863D8DFE8D8
:1052700000F014221B29030004292CD0304A3149A4
:105280003148B82309F0F1FE002383F31188BFF3FE
:105290006F8F0323184602DF10BD04292BD0284A44
:1052A000284929484C23EDE704291CD0244A2549E4
:1052B00025487A23E6E7032925D0214A21492248B7
:1052C0006323DFE703292ED0042924D01C4A1D497B
:1052D0001D48A023D6E71D4B9C60BDE8104002216D
:1052E0000320E7F7B9BD1A4B9C60BDE810400221CE
:1052F0000120E7F7B1BD174B9C60BDE810400221CB
:105300000020E7F7A9BD144B01219C60BDE81040C7
:105310000846E7F7A1BD114B02219C60BDE8104093
:105320000846E7F799BD0E4B9C60BDE8104001218F
:105330000220E7F791BD024A02490348BE23A1E7D4
:10534000F86C0300445103006C500300D8020020A5
:10535000080300202803002018030020E802002092
:10536000F802002001460020FFF7ECB8124B30B4E1
:105370000121044600205960C3F80445C3F8000128
:10538000C3F80401196005E0D3F8042132B9D3F859
:1053900004251AB1D3F80021002AF5D05960D3F8BA
:1053A0000421002AE7D1D3F80455002DE3D0C3F837
:1053B000042530BC704700BF00E0004070B5174CBA
:1053C0000126D4F8045566600E20E6F77BFFD4F87A
:1053D000040140B10021C4F80411D5E90E32304671
:1053E000BDE870401847D4F8006146B1C4F8000128
:1053F000D5E90E3205F12001BDE870401847084A92
:1054000008490948E42309F030FE86F31188BFF308
:105410006F8F0323184602DF70BD00BF00E000401D
:105420007C6D0300445103006C50030070B58CB0D8
:105430000E4615460146102268461C46E7F76EFCEC
:1054400010220DEB02003146E7F768FC6846FFF7D3
:105450008DFF25B1102208A92846E7F75FFC2CB183
:1054600008AD0FCD20606160A260E3600CB070BD3C
:10547000014805F023BC00BF380300202DE9F041AE
:1054800084B0054604AF0E4600231A4601F056F9D3
:10549000041E11DA1E490B685A0709D01D4B0293EE
:1054A0000023CDE900330394012218460BF016FEC9
:1054B0002046BD46BDE8F08124F00303DA1D22F04A
:1054C0000702ADEB020D0DF11008284642463146A9
:1054D00001F034F9051E05DBA4080025A54211DB07
:1054E0000024E5E70A490B685B0709D00A4B0293E1
:1054F0000023CDE900330395012218460BF0EEFDA1
:105500002C46D5E758F8253098470135E6E700BF27
:10551000B4040020CD900300EA90030038B505469E
:105520004FF0FF3309484FF0FF3205F04FFB084BB7
:105530001C682CB10F222946201D0DF0C3FE18B99E
:10554000FFF796FF204638BD2468F2E738030020B5
:1055500078820020F8B506460F464FF0FF330A4820
:105560004FF0FF3205F032FB084B1D6825B92C4681
:10557000FFF77EFF2046F8BD39462846B04704466F
:105580000028F5D12D68F1E738030020788200204B
:105590002DE9F0410E46044690B107680025AF4260
:1055A00011D1002409E00835BD4206D228683146F1
:1055B000DBF7E4FC0028F6D16C682046BDE8F081FA
:1055C000084D094FF0E76368314653F8350003EBA7
:1055D000C508DBF7D3FC10B9D8F80440EDE7013576
:1055E000DDE700BFCC3C03000C4603002DE9FF4182
:1055F0000546084614460F469846FFF78FFF206081
:1056000028484FF0FF324FF0FF3305F0DFFA2668ED
:1056100056B1D6F88C506B1CC6F88C30FFF728FFBB
:10562000284604B0BDE8F08100231F480022BC21B9
:105630000CF09FFD0346206068B91C490A685207B8
:1056400006D01B4A0090CDE9010201220BF046FD75
:105650006FF00B05E2E701464246284600F080F96C
:10566000051E05DA216810480CF08DFD2660D5E78F
:1056700020680F22394604300DF036FE2368DE74B0
:105680002268D2F88C300133C2F88C302368094A82
:105690001E60516811B9C2E90033BFE70B60536067
:1056A000BCE700BF3803002004050020B40400203C
:1056B0000B9103007882002070B5064604684FF015
:1056C000FF3325484FF0FF3205F080FAD4F88C30D4
:1056D0005D1E012BC4F88C5003D0FFF7C9FE28468D
:1056E00070BD1E4B1A68002152B1944230D122681D
:1056F00041BB59681A608C4200D15A600023236074
:1057000020460BF099FD00233360FFF7B1FE94F8BB
:10571000B83023B1D4F8B41011480CF034FD204651
:1057200000F0E2F8D4F880100D480CF02CFDD4F80D
:1057300088100B480CF027FD094821460CF023FD8A
:105740000020CDE70A605A68944208BF5960D5E747
:1057500011461268C8E700BF380300207882002095
:10576000040500207FB504460D4616460BF0D1FC1B
:1057700000280FDA0E490A68520709D00D4B039032
:1057800002930023CDE90033012218460BF0A6FC5A
:1057900004B070BD3046A84720460BF0BDFC002881
:1057A000F6DA03490B685B07F2D0034B0390E7E797
:1057B000B404002034910300569103007FB50BAB75
:1057C00005930393054B02930023CDE90033012297
:1057D0001846E3F785FA07B05DF804FB81910300F2
:1057E0002DE9F04F904600F14805282202FB0855AC
:1057F00089B06A6907460E46002A42D001EB880943
:105800002C6AC9F84C2093F801B0BBF1000F61D1AC
:1058100002F11F0A202C4FF0000338BF2024002281
:105820002AF01F0ACDE900232C48524621460CF0ED
:105830005FFC0346C9F81400A0B929490A68550756
:105840000AD0284ACDF80CA0CDE90102CDE90448E0
:1058500000900122FFF7B2FF6FF00B05284609B058
:10586000BDE8F08FB26F5244B2676B686A69082B6B
:10587000044608D159460DF06AFC4644012386F8D7
:1058800040300025EAE79246AA682B6992070AD5BC
:10589000ED6907932A4659460DF059FC079B2C44A5
:1058A0002B44AAEB050ABA681946384690470546C4
:1058B00038B97B6852462146384698470546002845
:1058C000DBD0D9F8141005480CF05DFC0023C9F8B2
:1058D0001430C3E76FF00D05C0E700BF04050020DA
:1058E000B4040020819103002DE9F0410B4F00F139
:1058F0003F0600F1140500F140044FF0000816F8CF
:10590000013F2BB1296838460CF03DFCC5F80080FA
:105910000435A542F3D1BDE8F08100BF04050020A5
:1059200001460022014800230CF023BC040500209E
:1059300010B5D0F8003204466BB18B6FD1F8B020AF
:10594000A3EBC2038B67D0F8001204480CF01BFCD9
:105950000023C4F80032002010BD00BF0405002061
:105960002DE9F04F99B0002611ABB24208BF1A469C
:1059700004460D460B920127BC2231462846CDE94C
:10598000116613968DF844700DF0E1FB2368C4F89E
:105990000062A3B120469847834680B1B0490B68A6
:1059A000580700F0CF80AF4BCDF80CB0CDE90163C4
:1059B00000963346012218460BF0E8FBC2E00021B6
:1059C00020460BF0DCFB834668B1A5490B685A07FB
:1059D0003DD0A54B02930023CDE9003301221846A8
:1059E0000BF0D4FB33E004F1140634223146204698
:1059F0000BF0C3FB834628B199490B685B0726D09F
:105A00009A4BE7E79A49042230460DF017FC074607
:105A100080B193490B685F0717D0964B0393964B61
:105A2000CDE901B3102300930122334658460BF011
:105A3000ADFB0AE0A38C23F00202012A1FFA82F8D0
:105A400019D087490A6856070DD16FF0070B8449B2
:105A50000B68580776D0894BCDF80CB00293002321
:105A6000CDE90033A6E70393854B0097CDE9017399
:105A700001223B46DBE7B4F84230282B06D07849B8
:105A80000A685207E1D003937E4BEEE7B4F8446016
:105A9000C5F8B060F6003046FFF742FF0346C4F891
:105AA000000278B96E490A68570702D16FF00B0BF4
:105AB000CDE7754A0396CDE90132009342460BF0DB
:105AC00065FBF3E7AB6F3344AB670B213B463846CE
:105AD000D5F8B0209A4250D8616B20460BF051FBAC
:105AE0000646C5F8B400002852D0002385F8B83027
:105AF00004F148034FF4DC7200211846B4F84690D4
:105B00000D930DF024FB4FF0000EF0464FF0FF3ADE
:105B10004FF0280BD5F8B030734501D9032F73D15E
:105B2000D4F864313BB1D4F83C3123B1D4F814310A
:105B3000002B40F0F8804A4F3B685A0740F0D6806F
:105B40006FF0070B29462046FFF7F2FE0026D5F836
:105B500080104E480CF017FBC5E91F66BBF1000F23
:105B600000F0BD832846FFF7BFFED5F888104748F0
:105B70000CF009FBC5E92166B1E3D4F8002202F874
:105B80003310D4F8002202EBC302013350609FE7C8
:105B9000D5F8B030282202FB03F94FF0010885F850
:105BA000B8804846FFF7BCFE0346C5F8B40040B9CC
:105BB0002B490A6852073FF479AF354ACDF80C906B
:105BC00079E7616B20460BF0DAFA834658B1244935
:105BD0000B685B073FF43BAF2E4B0096CDE90163AA
:105BE00042463346FBE6D5F8B4104A4620460BF051
:105BF000C4FA834600283FF47BAF19490B685F075E
:105C00003FF425AF244BE8E7D5F8B4600BFB0E66F4
:105C10007368022B1ED1A38C012B16D1B246BAE8B1
:105C20000F0004F5887CACE80F00BAE80F00ACE880
:105C30000F009AE803008CE80300D4F80032052234
:105C400003F80820D6F818A001370EF1010E08F16C
:105C500008085FE70B2B21D1A38C032BDDE700BFE6
:105C6000B4040020B7910300DC910300FA91030013
:105C70003E96030014920300A77E03000A930300DC
:105C80003692030053920300729203000405002031
:105C90009B920300C8920300EB920300032BD4D124
:105CA000F14511D10FCE04F5B07CACE80F000FCE5A
:105CB000ACE80F0096E803008CE80300D4F800324B
:105CC000072203F80820BFE7D645BED10FCE04F562
:105CD0009C7CACE80F000FCEACE80F0096E8030008
:105CE0008CE803000622D4F80032EAE70026964B3F
:105CF0000293CDE9006633460122394630460BF067
:105D000045FA3B685B073FF41BAF6FF00703039353
:105D10008E4B0096CDE90163012233463946304669
:105D20000BF034FA0CE70B9A294620460BF0F7F9F2
:105D3000834640BB8046D5F8B03043452CD8224638
:105D400023464FF0000CD96C002900F05881D86D23
:105D5000002800F05481996EA78C9E6D0139032FA5
:105D600001EA060140F046815F6DB94240F2408190
:105D700077490B685F0700F0B880764B0293CDF847
:105D80000CC00023C8E072490B6858073FF4DAAE34
:105D9000714BCDF80CB061E6D4F80092D5F8B42080
:105DA00019F83810282303FB08F30B2902EB03072B
:105DB0004FEAC80AD3582A6B1FD1D3187E686749A7
:105DC0000C931846DBF7DAF8012E0BD0083E082EAC
:105DD00011D8082E0FD8DFE806F04A0E0E0E0E0E70
:105DE00039133D00BB685A073CD4DB0736D4002882
:105DF00018BF022607E000283DD008F101089AE705
:105E0000002818BF0A2608BF0426BB689807F4D5E7
:105E100079690029F1D0A6F10802022A2DD87B6AFF
:105E2000042B01D1890728D049490B685A075CD057
:105E30000C9B03934A4B0293CDF810800023CDE9CD
:105E40000033012218460BF0A1F94EE0002818BFDC
:105E50000926D8E7002818BF0826D4E7002818BF6D
:105E60000126D0E7B0FA80F67609B600CDE7002823
:105E700018BF0326C7E70426C7E70D9B09F80A6089
:105E80004FF0280909FB06390B9B5B685BB9D9F811
:105E900004307BB907F1280357F8042B49F8042B89
:105EA0009F42F9D1A9E738460E9298470E9A0028EA
:105EB000EDD0A2E7B868D9F8081080EA010313F022
:105EC00007031DD0224F3B685B070ED00C9B03904D
:105ED000CDE90413234B02930023CDE9003306964A
:105EE0000122394618460BF051F96FF0070B18499B
:105EF0000B685E073FF426AE1B4BCDF80CB0ADE54A
:105F0000032E10D0D2B2022A34D811490A6857079A
:105F1000EBD0164A03960292CDE9003301221846CF
:105F20000BF034F9E1E70A490A68500700F05C8198
:105F30000F4A0093CDE90132184601220BF026F9F1
:105F40006FF0850BD3E700BF309303006593030028
:105F5000B40400209594030091930300BC930300C4
:105F6000CA930300E9930300379503004F9403009D
:105F700020940300B4F824E0D7F80CC0D9F80CA0A2
:105F80003869D9F81010BEF1030F0ED1ACEB0A0E30
:105F9000421A964509D0AB4908684207A5D00C9A29
:105FA0000392A94A0496029249E77B693E6A8142BC
:105FB0000A4628BF02461844D9F81430C9F8102000
:105FC000194488422CBFC2EB0002C2EB0102D9F88F
:105FD0002030D44594BFC9F80CC0C9F80CA0C9F84A
:105FE00014209E422CBFC9F82060C9F8203004E775
:105FF0007F1A5F65761A08449E65D86559660CF16C
:10600000010CBCF10B0F03F128037FF49CAE0021BF
:10601000CDE90C110C9E0131013E084613460E9647
:106020000B287FD10B2902F12802F1D12821D5F8C4
:10603000B0305B4500F2C3800B9A294620460BF036
:1060400080F88346002840F0D280D4F82471D4F838
:106050003491E8673F09D4F8208105D082460AF1DF
:10606000010A574500F3CC80EE6FF6003046FFF78B
:1060700057FC0346C5F88000002840F0ED807149C8
:106080000A68520740F033816FF00B0B5AE50D9E02
:10609000042E42D0042800F08F80A68C032E39D124
:1060A000166DB70736D59E6FB60733D5566ED2F844
:1060B0005480D3F88C7008EB0609DE6F3744B9457D
:1060C00007D80EEB080A0AF1FF3A574507D9B94538
:1060D00020D10CEB060A0AF1FF3AD1451AD85949EA
:1060E0000B685A073FF401AF6644F04408F1FF33F0
:1060F000013ECDE90493CDE907760C9B0393534B06
:10610000069002930023CDE90033012218460BF0DC
:106110003DF8EAE60D9E032E1FD1013028337FE7BC
:1061200028330420D66C002EF7D0D2F85CE0BEF104
:10613000000FF2D05E6F002EEFD0D3F884C0BCF118
:10614000000FEAD00E9E012EA1D8042834D0A68CD0
:10615000032E02D1166DB607A5D40328E0D0D2F8DD
:106160005880566ED3F88090D3F88C7046444F44D4
:10617000BE4207D80EEB080A0AF1FF3A574507D985
:10618000BE42CAD10CEB090A0AF1FF3A5645C4D8FF
:106190002C490B685B073FF4A8AECC440CF1FF33ED
:1061A000C644CDE907730EF1FF33CDE904630C9BC0
:1061B00003930690264BA4E728330520B2E7D4F8D2
:1061C000003203EBCB0013F83B300B2B09D0D5F892
:1061D000B42001FB034301FB0B229B6D1269D31A10
:1061E00043600BF1010B22E76FF0850BAAE4154920
:1061F0000B6858073FF4A6AC164BCDF80CB02DE455
:10620000C844414620460AF0BAFF0646002840F03E
:106210003C814A4614A920460AF0AFFF06460028F2
:1062200040F033819DF85C3003F00F02013A012AFF
:106230003FF615AF1B09012B02BFEB6F0133EB6774
:106240000DE700BFB404002063940300B89403007A
:10625000F59403005A950300324600210CF077FFB5
:10626000AB6F3344AB67D4F834310D93D4E9482392
:106270001B090C920F9345D10B9B1B78002B40F010
:10628000C780D4F8FC00C3080728C5F8843013D9A8
:1062900020F007006E6AFFF743FB0346C5F888004D
:1062A000002800F0C880083600270B9B5A78D5F8E4
:1062B00084309F42C0F0C9800B9B5B7813B928469D
:1062C0000AF05AFF0B9B1B7A002B3FF43BACD5F82E
:1062D000801075480BF057FF0023C5E91F33236971
:1062E0000BB120469847584619B0BDE8F08F6FF0C3
:1062F0000B0203926D4A0093CDE9013201220AF0AC
:1063000045FFC1E60027BA460F9B0AF1010A534533
:10631000B2DDDDE90C321344194620460C930AF035
:106320002EFF002840F0AF800D9A14A920460AF0F5
:1063300024FF002840F0A7809DF85C30BDF85E90F7
:1063400003F00F02013A012ADED81B09012BDBD131
:10635000B9F1000FD8D0FB0014990E93EB6AD5F871
:1063600080200B4442F83730D5F8B430282202FBA5
:1063700009380B9BD8F80C605B789BB10B9B5B6872
:1063800063B9A38C0E9A012BD5F880301344159A6B
:1063900018BF002632445A600137B5E74046984797
:1063A0000028EED04A46294620460AF0FFFE034662
:1063B00000BBD8F8101020460AF0E3FE0346C8B927
:1063C0003B490A6857070BD16FF0850B38490B68BA
:1063D0005E073FF4B7AB374BCDF80CB0FFF73EBBD1
:1063E000354ACDF80C90CDE90102009001220AF067
:1063F000CDFEE9E7A28C15990E98012AD5F88020E8
:1064000014BF76420026024431440B445360C3E774
:106410000B9A2946204600F0D5F8064600283FF49E
:1064200030AF23490B68580702D1B346FFF78ABB48
:10643000224B03962FE01E490A6852073FF424AE10
:106440006FF00B0203921E4A55E756F8081C7AB902
:1064500056F8080CD5F8883043F83700D5F888305E
:1064600056F8042C03EBC70308365A6001371CE7C3
:1064700020460AF0C8FE011EEADD20460AF081FE31
:106480000028E7D1E4E78346A0E709490B685B07EA
:10649000CBD00C4B039602930023CDE900330122AD
:1064A00018460AF073FEC0E704050020A695030015
:1064B000B4040020EF950300D89503000E96030066
:1064C00025960300799503002DE9F04198465B6815
:1064D0008AB01B0ADDE910460F46154604D12B6031
:1064E00000200AB0BDE8F081E289002A3DD13146A2
:1064F0001046FFF74DF804462860C8B9CDE908609A
:10650000079007A92B48FFF725F8099A079B2A60EF
:1065100072B107F18C0252F8041F8B42E0D001BB2C
:10652000243447F82430D3F88C200132C3F88C206F
:106530002B68002BD4D120490A6852070ED0129A3A
:1065400092690592D8F800200093CDE903621B4AB6
:106550001846CDE9013201220AF045FE6FF03C00F9
:10656000BFE70134082CD6D1BAE74FF6F1739A424F
:1065700001D16368B3E7B0F84430934208D9B2F56B
:106580007F4F05D20AF012FE636818442860A7E71F
:1065900009490B685B070AD0094B02930023CDE938
:1065A0000322CDE90033012218460AF01CFE6FF0E9
:1065B000070096E7CF110300B404002042960300C1
:1065C000919603002DE9F04704468CB00F46002653
:1065D0004FF02809D7F8B0108E4201D300202FE0E9
:1065E000D7F8B43009FB063ADAF80420042A17D0A9
:1065F000092A68D1DAF82420082A24D041490B68F6
:106600005D070AD0404B02930023CDE90326CDE974
:106610000033012218460AF0E6FD6FF007000FE094
:1066200038490B685C0709D0384B02930023CDE949
:1066300000330396012218460AF0D5FD6FF085005D
:106640000CB0BDE8F087DAF81C208A4214D32D493B
:106650000B685807E1D008230693DAF81430039644
:10666000CDE904232A4B02930023CDE90033012214
:1066700018460AF0B8FDD0E7DAF8148018F00705DC
:10668000E5D109FB02339B6899071CD5D4F8003289
:1066900013F832300B2B0ED11A490B685B07BCD0B4
:1066A0001C4B0392CDE9015300952B46012228464D
:1066B0000AF099FDB1E7394620460AF077FD4FEA26
:1066C000D808A84501D1013684E7DAF82410DAF8B1
:1066D0001020A36801FB0521204698470028AFD170
:1066E000DAF82420636809A9204698470028A7D132
:1066F000534609AA39462046E5F72EF800289FD1CF
:106700000135DEE7B4040020DE9603000C97030099
:1067100032970300789703007FB50BAB0593039383
:10672000054B02930023CDE9003301221846E2F71E
:10673000D7FA07B05DF804FBFBA80300F0B50F46DD
:1067400087B016460546002845D041B1D0E91B2444
:106750001444EEB19C420AD96FF00B0035E0446F4F
:10676000B2B19C42F8D8C16B2246304607E0416B7B
:1067700030460CF0C4FCD5E91B02A96B30440CF088
:10678000BEFC6969EA6C00230A44A508AB4201D14A
:1067900020461AE056F82300884218D20F490A68AA
:1067A000520710D00E4A0F4CCDE904300E4B029325
:1067B000002F18BF224600230392CDE900330122A7
:1067C0001846FFF7A9FF6FF00D0007B0F0BD90422B
:1067D000E4D20133DAE76FF01500F6E7B4040020E5
:1067E0002BA9030023A90300FBA8030030B585B043
:1067F0000C4601900025084801A9CDE90255FEF795
:10680000A9FE039B03B10433C4E90035C4E9025572
:10681000258205B030BD00BFC5120300F8B505469E
:1068200050681646FEF77AFE044638B92846726864
:10683000114909F090F96FF00100F8BD021D0F49F0
:106840000F4F284609F087F90E49284609F083F9C9
:106850000026D4F88430B34201D80020EDE7D4F804
:10686000882002EBC603394652F836205B6828467A
:1068700009F071F90136ECE744A9030056A90300B9
:1068800090A903006DA9030007B50549019009F01F
:1068900062F901A90348FEF75DFE03B05DF804FB51
:1068A0009FA90300A968020010B50C46836F034935
:1068B000021D206809F04FF9002010BDC4A9030093
:1068C0002DE9F041D2E90168ADF5087D0446404666
:1068D000DAF766FB05463046DAF762FB0F280AD97D
:1068E000204624490F2209F036F96FF015000DF506
:1068F000087DBDE8F081B5F5804F09D920461E49D5
:106900004FF400536A0809F026F96FF00B00EEE728
:106910001A4F4FF4005329463A46404608F0EBFB25
:106920004FF404720546002104A80CF010FC144B2F
:106930000593144B0693144B07930023CDE90133C1
:10694000039301238DF804306A4601AB314604A855
:10695000CDE98575FEF74AFE034638B9009B0B4921
:106960001A1D204609F0F7F80020C0E70849324612
:10697000F7E700BFD5A90300FDA90300F01200202E
:106980007F120300A9120300BD12030032AA030004
:106990005EAA030038B5054650681446FEF7BEFDF2
:1069A00038B928466268054909F0D5F86FF001004A
:1069B00038BDA1680AF0A2FB0020F9E78CAA030009
:1069C00037B5054650681446FEF7A8FD019040B95A
:1069D00028466268084909F0BEF86FF0010003B06C
:1069E00030BD01A8FEF768FE28466268034909F039
:1069F000B2F80020F3E700BF8CAA0300A2AA0300AC
:106A000070B50D460649411A044649110548402211
:106A10000AF075FC2B4601462046BDE87040184739
:106A2000948200203838030037B50C460A490B4AD7
:106A3000411A4023009349110546234608480AF0AD
:106A400089FC011E05DA2846234603B0BDE8304024
:106A5000184703B030BD00BF94820020BD1303006F
:106A600038380300002270B5012104461046E5F7CE
:106A70004BFC0F4802F02EFB0E4B984215D102F052
:106A800039FB26690C49304608F0D7FB00280BDBA0
:106A90000125B5642469084904F1200008F0CDFB04
:106AA000002801DB6565002070BD6FF00400FBE786
:106AB000156C02000000AD0B586E03007FB500227C
:106AC0000123CDE9022304ABCDE90433094ACDF813
:106AD00000D06B46CDF804D00AF069FC002805DB35
:106AE0004FF480420023684604F0A4F907B05DF833
:106AF00004FB00BFCF13030010B5074C23782BB95C
:106B00004FF4A5700BF07CFA01232370BDE8104010
:106B1000002002F001BB00BF1085002010B5EFF38C
:106B20001184202383F31288BFF36F8F074A136801
:106B300023F00201DB07116002D401200BF0FFF803
:106B400084F31188BFF36F8F10BD00BFEC8200206B
:106B500030B4104B0C2202FB003301460020D3E975
:106B600010521864EFF31180202484F31288BFF3CD
:106B70006F8F9C6C04F0C00444F002049C6480F3AA
:106B80001188BFF36F8F1DB12B46034830BC1847E7
:106B900030BC7047948200203838030010B4EFF303
:106BA0001182202383F31288BFF36F8F1748016887
:106BB00041F002040460C80707D482F31188BFF3D0
:106BC0006F8F012010BC02F0A7BA4FF08041D1F8BE
:106BD0000C04D1F80C14C907EFD5EFF3118083F33F
:106BE0001288BFF36F8F0A498B6C03F0C00343F028
:106BF00002038B6480F31188BFF36F8F82F31188D7
:106C0000BFF36F8F002010BCFFF7A2BFEC82002003
:106C10009482002010B1012804D07047034B9B6C74
:106C20005B0701D1FFF794BF704700BF948200203B
:106C3000024BC0B203EB4010704700BF94820020AB
:106C4000094BBFF35B8F53E8002F42F0010143E88B
:106C500000100028F7D1BFF35B8F930702D4012007
:106C600002F05ABA704700BFEC82002010B5EFF373
:106C70001184202383F31288BFF36F8F074A1368B0
:106C800023F001019B07116002D401200BF057F89B
:106C900084F31188BFF36F8F10BD00BFEC8200201A
:106CA0002DE9F0413849BFF35B8F0746012251E8D7
:106CB000003F41E800200028F9D1BFF35B8F33B9D2
:106CC000324933484B60CB608A6008F0C9FA7B1EBA
:106CD000012B2BD8012F07D14FF08043D3F81C3460
:106CE00003F00303012B21D00BF085FD0546F8B915
:106CF000284B1B78E3B14FF080430222C3F80823EE
:106D00000646DFF894804FF08044D4F81824D4F875
:106D10001834D20315D503F00303012B01D0012F42
:106D20000FD155B386F31188BFF36F8FBDE8F081A3
:106D3000EFF31186202383F31288BFF36F8F0125B1
:106D4000DFE7ADB1304609F0A3FFD4F81835002BCA
:106D5000DBD1D4F80421002AD7D0C4F80431D4F808
:106D600004310123C4F81835C8F88031A360CCE79A
:106D7000002121200BF01BFEE7E74FF080430222A9
:106D8000C3F80423D2E700BF908200208082002055
:106D9000B48200205385002000E100E008B50748D8
:106DA0000BF033F938B10648E5F76CFB0448E1F71E
:106DB00063FC002008BD6FF01200FBE7A43803005D
:106DC000C56D02000A2838B5074D044604D1AB68EA
:106DD0000D215B6828469847AB6803485B68E1B2C1
:106DE0009847204638BD00BFA4380300EFF3118256
:106DF000202383F31288BFF36F8F0A4BD3F800115F
:106E000061B10021D3F80805C3F80011D3F80031AF
:106E1000C0B282F31188BFF36F8F70476FF00A0022
:106E2000F7E700BF00D00040F0B5034610469C785D
:106E300093F803C0EFF31182202585F31288BFF386
:106E40006F8F1F7893F801E0E41B04EA0C04A04262
:106E500088BFA0B23E180CEA06063D461E7082F3BB
:106E60001188BFF36F8F0A188A4216D177450CD16B
:106E7000EFF31182202181F31288BFF36F8F19780D
:106E8000597082F31188BFF36F8F1B79241AA342C4
:106E900022BF064B01221A60F0BD5E1901357679DA
:106EA00001F8016B05EA0C05DEE700BF00D00040E9
:106EB000DB432DE9F04713F001050E46144604D0DC
:106EC0002248FFF7B1FFBDE8F0879AB3EFF31188CE
:106ED000202383F31288BFF36F8F0D20E5F706FAA6
:106EE00007460D20E5F7EEF988F31188BFF36F8FA1
:106EF000DFF85CA0DFF85C80CAF80051DAF80031F6
:106F00004FF400590123CAF800302546C8F8809193
:106F1000DAF8003183B1FFF769FF031EC8F88091EA
:106F2000F6DB013DADB27355002DF1D117B10D2047
:106F3000E5F7BAF92046C6E7EFF31180202383F383
:106F40001288BFF36F8F09F0A3FEE1E720830020D2
:106F500000D0004000E100E02DE9F041124F0D4665
:106F6000144607F1450814B92046BDE8F0814FF0FA
:106F7000FF334FF0FF32384603F05CFF22462946CC
:106F80004046FFF751FF0646384603F019FF3EB969
:106F90004FF0FF324FF0FF33044803F04BFFE6E7BA
:106FA000A41BA4B23544DEE7F08200200883002051
:106FB00038B5194C0122114620460BF0FBFA01228C
:106FC000002104F118000BF0F5FA40F20743A4F891
:106FD00048304FF0706323630C2384F8343000256D
:106FE0000E4B84F84550A4F84650D3F8042542F0DF
:106FF0000102C3F804250121C3F80051D3F8002190
:10700000C3F804132A4619600D20E5F77DF90D2019
:10701000E5F74AF9284638BDF082002000D000404C
:1070200010B5FFF7E3FE002820DB174B93F8322062
:1070300093F8314093F83310141B31EA0404C0B2C2
:107040000DD193F8472093F8464093F84810141B4D
:1070500031EA04040BD10D4B01225A600EE09C185A
:107060000132114084F8350083F8321010BD9C18AD
:107070000132114084F84A0083F847100448BDE803
:10708000104003F09DBE00BFF082002000D0004001
:1070900008830020024B0B6001231360704700BF80
:1070A0004483002000487047A06E030070B50D4671
:1070B00086B0194628461C4616460AF006FA0346CC
:1070C00080B90C490A68520708D00B4A0090CDE9F4
:1070D0000102CDE9035401220AF008FA6FF015000D
:1070E00006B070BD24B12246294630460CF007F8A0
:1070F0000020F5E7A4040020B9AC030010B501227C
:1071000011460748074C0BF055FAF9F7F3F80AF067
:1071100099FE20600AF092FE6060002010BD00BF62
:107120004C83002044830020F0B58DB00E461546F8
:107130000AF084FE2946074630460AF0C6F903469F
:10714000A0B3B6FBF7F307FB136323B9B5FBF7F462
:1071500007FB14549CB127490B6858070AD0264BEB
:1071600002930023CDE90365CDE9003301221846DF
:107170000AF0BCF96FF0150420460DB0F0BDAF4227
:10718000FAD84FF0FF334FF0FF321C4803F052FEA5
:10719000F9F7C2F808AB0146A0B9102218460BF067
:1071A000D6FFCDE909650AF06CF91EE011490A68BD
:1071B0005207DFD0124A0090CDE90102CDE9036504
:1071C0000122D5E71022214618460BF0C0FF01220C
:1071D0008DF82C200B4ACDE906200B48CDE9096536
:1071E000F9F792F806A8DDF77FFE0446034803F09E
:1071F000E7FDC1E7A4040020D6AC03004C830020C7
:10720000B9AC030083140300645E010038B5037B4E
:1072100004460BB1F9F784F80125A368032B06D8BF
:10722000124AD2F80034DB07FBD5002038BD2368B2
:107230006068196802F0B2FB636804336360236816
:1072400004332360A368043BA360237B0135002B38
:10725000E3D02846DDF7C4FE0028DED0034AD2F88A
:107260000034D907FBD50120E0E700BF00E0014072
:1072700070B50D468CB0194628461C4616460AF0D5
:1072800024F9034688B926490A68560708D0254AD2
:107290000090CDE90354CDE9010201220AF026F95C
:1072A0006FF0150420460CB070BD45EA04039A0740
:1072B0000DD01B490B685B07F2D01B4B02930023D8
:1072C000CDE90354CDE9003301221846E6E7002C4E
:1072D000E8D04FF0FF334FF0FF32144803F0AAFD1F
:1072E000F9F71AF80346CDE9086508A80A948BB1A6
:1072F00001238DF82C300E4BCDE9063041F64C5071
:10730000F9F702F806A8DDF7EFFD0446074803F099
:1073100057FDC7E78DF82C30FFF778FFF5E700BF82
:10732000A4040020B9AC0300F5AC03004C8300209A
:107330000D72020000487047E86E03002DE9F34724
:1073400043680F1ED3F81890054616467DDBBB1820
:107350004B457AD847EA0204C4F30B04002C74D1DD
:1073600000690AF0F0F8214628460AF034F94FF097
:10737000FF3A0446002E45D1012128460AF02BF998
:10738000002C08BF044628690AF0DBF8204602B04A
:10739000BDE8F0872E4B80465A7882B10AFA02F196
:1073A00037EA01010BD101219140B14207D8B8F170
:1073B000000F1ED098F80110914238BF9846013452
:1073C000042C03F10203E7D1B8F1000F13D000231E
:1073D00098F800108122CDE9003328463B460AF098
:1073E000B8F898F801200123934004461F44F61A88
:1073F00021E09846E3E76FF01504012128460AF0E2
:10740000EAF8C0E7002CF8D1CDE9004423468022F9
:10741000062128460AF09DF804460028EDD14E4585
:10742000B8D1CDE9000003468022C72128460AF0E2
:1074300090F800260446002CDFD140F2676200235A
:1074400028460AF0F7F8044694E76FF015049DE724
:107450007BAE03002DE9F04104468CB000694FF08B
:10746000FF3201210BF0A6F8666830680AF0CDFD06
:10747000F8B1F068C8B920690AF065F820460AF04A
:107480007FF900281BDAAC490B685D0709D0AB4BCC
:10749000029300230390CDE90033012218460AF03D
:1074A00041F820690AF04DF803E00AF0AEFD00282B
:1074B000E1D16FF0120528460CB0BDE8F0812046FE
:1074C0000AF0A7F8051E33DDE9071DD420690AF08C
:1074D00038F820690AF037F84FF0030800230BAFA3
:1074E000CDF8048000971A469F2120460AF031F813
:1074F000054620690AF025F875B38F490B685B07CC
:10750000D7D08F4B03951EE08B490B6813F0060F05
:1075100008D08C4B02930023CDE900330222184699
:107520000AF000F80022002320460AF083F80546FE
:1075300020690AF006F8002DCBDA7F490B685A075C
:10754000B7D0814B039502930023CDE9003301228C
:10755000184609F0E7FFACE73846424606F1240139
:107560000BF06CFE074608B373490B685F071AD02F
:1075700096F82630089396F82530079396F824302D
:1075800006939DF82E3005939DF82D3004939DF8B9
:107590002C3003936D4B0095CDE9015301222B460E
:1075A000284609F0BFFF6FF0150584E796F82830EC
:1075B000002B3AD0206909F0C6FF20460AF029F8CE
:1075C000051E2DDD96F82830802225EA0305CDE939
:1075D00000773B46062120468DF82B5009F0B9FF75
:1075E000054650B1206909F0ACFF53490B685E07AE
:1075F0003FF45FAF564B0395A5E701210DF12B0337
:107600000093019103468022204609F0A2FF05461F
:107610000028E7D10022002320460AF00BF8054697
:10762000206909F08EFF002DDFD196F827506B1EE0
:10763000DBB2FD2B1FD815F00B0F43D0206909F0EA
:1076400082FF15F0080320D00123802201930DF161
:107650002B0300938DF82B2000231721204609F0DF
:1076600078FF054620691DBB037F43F001030377C4
:10767000206909F066FF206909F065FF636893F8E7
:1076800030309A0721D4206930E0AD0705D40023BB
:10769000CDE900338022B721E0E7CDE90033802235
:1076A0000621204609F055FF05460028EFD0206945
:1076B00009F047FF20490B6858073FF4FAAE254B05
:1076C000039540E76FF08505F4E70023CDE900332B
:1076D0008022B921204609F03CFF054610BB6368B3
:1076E000256993F830309B070FD4284609F029FF0D
:1076F000206909F028FF20460AF042F80546206973
:1077000009F01FFF05EAE575D5E60BF02CFB4FF4F9
:107710007A72A0FB020302FB0131C00B40EA414038
:10772000A861B0E7206909F00CFF002DE0DA15F13F
:10773000860FDDD0BFE600BFE00400205CAD030093
:10774000BAAD030074AD030091AD0300D3AD0300E7
:1077500011AE030026AE030038B545682B69B3B1FE
:107760001035284601F0DEFF044680B90146284660
:1077700001F0A4FF084B98420BD108492246284645
:1077800001F084FF224605210620E4F7BDFD00201C
:1077900038BD6FF00400FBE70000AD0BA1770200DD
:1077A000430970B507D10B4B596821B101250C680D
:1077B000094E854001B970BD8A682A4002D04B68E5
:1077C000304698471CB1236821461C46F2E7234601
:1077D000FAE700BF848300205C3803002DE9F04302
:1077E000476840F20636D0063B7B87B002EA0606C1
:1077F00054BFC2F34010032001F01F05B6F5837F8C
:10780000144645EA43158DF8030043D00FD8062EE1
:1078100018D007D8B6B1022E3ED06FF0150007B0D1
:10782000BDE8F083B6F5807FF7D101260AE040F28B
:107830000222964232D0B6F5407F31D0B6F5007FB5
:10784000EBD102260123220303FA01F12AD57B683A
:10785000C3F808153B695BBB05F01F026D0974D1C5
:10786000920002F1A04284F48031D2F80037C1F3D3
:107870000041C4F3404423F4E16344EA410423F0AB
:1078800007031C4344EA800444EA0624C2F8004784
:107890000020C4E70726D5E70426D3E70526D1E76D
:1078A0000326CFE7630344BF7B68C3F80C15D1E719
:1078B00010370DF102022946384601F0EDFE14F4AE
:1078C000403F80460CD1294638460AF0AAFA214B9F
:1078D0009845DDD19DF80210384601F02DFFD7E71D
:1078E00001AB4FF0000903AA29463846CDE9043917
:1078F000CDE90199CDF80C9001F0A2FD154B98420D
:107900008BD114F4003315D09DF803308DF80E3070
:1079100084F48034C4F300444B4603AA2946384615
:107920008DF80C608DF80D4001F03AFE094B98423D
:10793000CDD072E7CDE9043303AA0DF10303294644
:107940003846039301F07CFDF0E702F5E07253F84E
:107950002230FFDE0000AD0BF0B54068057B01F082
:107960001F0444EA4514056987B0002D60D0B2F5C4
:10797000001F00F1100506D1214628460AF053FAEF
:10798000002007B0F0BD01AE0027B2F5800F0197CF
:10799000776038D1B3F1007F14BF052304238DF83D
:1079A00004300023CDE904630393836823FA01F1D3
:1079B00011F0010119D1B2F1A07F16D104F01F031B
:1079C000620903F5E07339D14FF0A04252F8233039
:1079D000DB070AD40DF1030632462146284601F0A2
:1079E0005BFE184B984219D0029603AA21462846FE
:1079F00001F026FD144B98421DD101222146284654
:107A000001F0A6FEBCE7B3F1C06F05D0B3F1007F73
:107A100014BF01230223C2E70323C0E731462846EF
:107A200001F090FE084B9842DED06FF00B00A8E703
:107A30006FF08500A5E76FF01500A2E751F823303D
:107A4000FFDE00BF0400AD0B0000AD0B7FB50BAB3C
:107A500005930393054B02930023CDE900330122E4
:107A60001846E1F73DF907B05DF804FBAEAE030040
:107A700002780B69012A08D0022A08D04AB9064ABE
:107A80001A6303F1180003F09BB9044AF8E7044AAB
:107A9000F6E7044AF4E700BF0000AD0B0100AE0BAF
:107AA0000200AE0B0100AD0B2DE9F04F8DB0054685
:107AB0000A9343680769D3F828809B8B08930C4688
:107AC00093464FF0FF324FF0FF33384603F0B2F9E0
:107AD00007F1180309930023002207F1180000267C
:107AE00003F0A8F933465E4501D3002363E0207A12
:107AF000010700F18B8001365E4521680BD28207B9
:107B000009D4227D80EA020C0CF0010C02F0040280
:107B10005CEA020C08D023B901F06042B2F1005FC8
:107B20002FD04FF0000901E04FF001096268DDF845
:107B300020E003EB020CF44514D9364908684407E9
:107B40000DD028680393344B02930023CDE9042E13
:107B50000690CDE9003301221846FFF777FF6FF05A
:107B60001B0328E0C00705D408EB03000B930BF0C0
:107B7000C6FA0B9B62681A4493B2B9F1000F2ED17A
:107B800013BBD4F800A0A3884FF000090A9A217A09
:107B900000922846524600F08FF8031E0BDB4FF48C
:107BA00080420998002303F045F980B1284600F08F
:107BB00037F86FF004030893384603F001F9089B87
:107BC00018460DB0BDE8F08F9946C246DEE73B6B24
:107BD000124A9342EDD1237ADB0702D400230C34FE
:107BE00081E7C245FAD1A24609E0A9EB02011FFADA
:107BF00081F9DAF80C0018FA81F10BF080FADAF862
:107C000004209145AAF10C0AEFD2E7E76FF0850353
:107C1000D1E700BFB0040020AEAE03000000AD0B02
:107C200070B544682368D3F80855D3F80C6520462E
:107C300002F016FA3146284602F028FC00210546DB
:107C4000606A09F06EFE204602F0FAF9034B9D428D
:107C500014BF6FF00F00002070BD00BF0000AD0B1F
:107C60001FB511F00103426811D1C1F3420101298E
:107C700010D0022917D00E490A68520707D00D4AC2
:107C80000093CDE901321846012209F03AFE6FF067
:107C9000150005E013684FF0CC72C3F824250020CE
:107CA00005B05DF804FB13684FF0C862F5E700BF4C
:107CB000B0040020D3AF0300F0B58DB047680C4688
:107CC0001646002112220DF11E001D460BF03FFA50
:107CD00004F001038DF81C30BDF848308DF81D30DC
:107CE000BB8D0895AB420A9612D214490A68520716
:107CF0000AD0CDE90353124B02930023CDE90033A0
:107D00000122184609F0FDFD6FF01B000DB0F0BD1B
:107D100084F00202C2F34002520107A9384602F081
:107D2000E1F9084B984207D00B33984214BF6FF02B
:107D300004006FF00F00E9E70020E7E7B00400203F
:107D4000E5AF03000000AD0B30B5456885B02B6A88
:107D500004469847686A012109F0E3FD2346AA69B1
:107D600005F10801284602F02FF90E4B984212D077
:107D70000D490B685B070AD0236803930B4B0293F2
:107D80000023CDE900330122184609F0BAFD6FF057
:107D9000040005B030BD0121204609F0D1FD00EA04
:107DA000E070F6E70000AD0BB00400202CB003003B
:107DB0002DE9F047DFF83CC14F4F002540F2FF1698
:107DC000EBB2994202D80020BDE8F08750F8254078
:107DD00014F4804FC4F3C32EC4F3080376D1240EE9
:107DE00017F80E90B34208BF4FF0FF330C2C70D839
:107DF000DFE804F0070D1316192A166F6F6F6F3046
:107E00005E00C2F80C355C1C55D10135D8E7C2F8CC
:107E100014355C1CF9D0002456E0C2F80835F2E7AE
:107E2000C2F81035F5E75C1CC2F80835EDD0002427
:107E30005FEA531E50D14FF001084FF0A04E08FAF0
:107E400003FACEF80CA510E05C1CC2F80C35DCD0AF
:107E50000124EDE7C2F80835B9F1000FD9D15C1C57
:107E6000D3D00024A0464FF0060950F825A00AF40C
:107E7000004EBEF1000F1CBF4FF00008012403F0BC
:107E80001F0E5B0930D14FEA8E0E0EF1A04ECAF3E1
:107E9000412ADEF8003703EA0C0343EA8A0343EA87
:107EA000092343EA080343EA4403CEF80037ACE76A
:107EB000C2F80C35D0E75C0912D101244FF0A04E76
:107EC00004FA03F8CEF80885A046CEE76FF0150057
:107ED0007AE76FF0850077E70023C3F80C35FFDE03
:107EE0000023C3F80835FAE70EF5E07E002353F8C7
:107EF0002E30F4E7F0F8FCFF4CB003007FB50BAB7D
:107F000005930393054B02930023CDE9003301222F
:107F10001846E0F7E5FE07B05DF804FB54B0030037
:107F20002DE9F041044647680D460AF064FC4FF025
:107F3000200888B9264B1B7873B16426606809F065
:107F4000CFFDF0B9012009F0ECFE013EF6D1002191
:107F500021200AF02CFDF0E7EFF31186314688F37B
:107F60001288BFF36F8F606809F0BAFDA8B986F375
:107F70001188BFF36F8FEFE786F31188BFF36F8F20
:107F8000E5E7EFF31186314688F31288BFF36F8F70
:107F9000606809F0A5FD0028EED0BB691D7063681C
:107FA000BA691B680020C3F844250122C3F848259C
:107FB000C3F82001D3F82041C3F85801D3F8580181
:107FC0009A6081F31188BFF36F8FBDE8F08100BF25
:107FD00053850020F0B500220546012187B002201C
:107FE000E4F792F90220E4F75FF96B6819681A69FF
:107FF000C1F824255A7D1B7D1343C1F86C356E688A
:10800000D6E9004313F0010358D02F6907F10C00A3
:1080100009F093FE364B984210D036490B685B0747
:1080200008D0354B02930023CDE9003301221846D6
:10803000FFF764FF6FF0040007B0F0BD387B04F178
:108040000C0204F5907109F06EFE387B012707FAE7
:1080500000F000F0D7FF0823C4F80035B369C4F876
:1080600044350023C4F84835A760D4F85831002BB4
:10807000FBD00021C4F800156B68DC6805AA204617
:1080800009F077FC002805DB059B22681979186840
:10809000FFF78EFE6A6813680821C3F80015117A8D
:1080A00051B9D269C3F834250122C3F83825C3F881
:1080B0001011D3F810111A600020BDE70822C4F88F
:1080C0000025B269C4F84425C4F848350123A360EB
:1080D000D4F82031002BFBD00023C4F82031D4F891
:1080E00020310123E3604FF48073C4F80433BCE70C
:1080F0000000AD0BE804002054B003002DE9F0416E
:10810000456806692F6A88B007AA0021384609F039
:1081100030FC041E21DB079B3A6819791868FFF7C9
:1081200047FE041E19DB696A4A1C2AD005F12800A3
:1081300000F040FB10F1130F044612D134490B68D4
:108140005B0708D0334B02930023CDE900330122B3
:10815000184609F07AFD6FF01204204608B0BDE819
:10816000F081471D0DD12A490B685D07F5D02A4BD8
:1081700002930023CDE900330122184609F065FD82
:10818000EBE7EB699847B5680127D6E9023203EBC4
:10819000C2039D4204D3304609F07AFD0024DCE797
:1081A000286809F032FF034680B919490A68540764
:1081B000D1D02A7904922A6812680392174A009053
:1081C000CDE90102012209F040FDC4E728682979C0
:1081D000EB88D0F810C0D0F80880DCF80040DA074F
:1081E00054BF43F4B01383F4D01323F4801207FA7E
:1081F00001FEDB074CBF44EA0E0424EA0E04CCF86F
:108200000040D8F800309847041EA6DB0835BCE7CC
:10821000E4040020ABB00300D6B00300F3B00300C9
:108220007FB50546406829698A6D0B6E0ABBABB104
:108230004C6D8B6616461A46C96D0291CDE9004613
:1082400011B3002B18BF134600226946039301F0B7
:10825000E1FC0E4B98420AD06FF004032C692364B2
:1082600004F1280002F0ACFD002384F86C3004B067
:1082700070BD4C6D13B19A4228BF1A46002C8A6615
:1082800014BF16460026D7E70B46DDE70000AD0B0E
:1082900030B5037885B00C4663B98D6E65B94B6E09
:1082A0001C696FF07303236404F1280002F088FD59
:1082B00084F86C5005B030BD8A6D6AB1954223D9FF
:1082C0002A490A68520707D0294A0093CDE90132AA
:1082D0001846012209F0B9FC236EA26E73B19A42CE
:1082E0002AD922490B685B0708D0214B029300234F
:1082F000CDE900330122184609F0A7FC606E05B0F5
:10830000BDE83040FFF78CBF521B8A6572B94B6CD9
:1083100008334B648B6C013B8B6401F1580204F110
:108320004400483109F07EFC6065D5E74B6D002BB9
:10833000D2D02B444B65CFE79B1A23667BB9E36C05
:108340000833E364236D013B236504F1600204F10B
:10835000500104F14C0009F065FCE065CEE7E36DE7
:10836000002BCBD01344E365C8E700BFE404002032
:1083700017B103002DE9F04F8DB0046904934368F1
:1083800005938B889D040746884692462AD44FF071
:10839000FF324FF0FF3304F1100002F04BFDC4F840
:1083A0000480D7F81090D7F804B099F86D3023B155
:1083B000D9F80030984500F01681B8F8046016F43A
:1083C000006316D075490B68580708D0744B0293A8
:1083D0000023CDE900330122184609F036FC6FF086
:1083E00085050FE0A369002BD1D163689942CED1F6
:1083F000D7E716F001021ED068490A6852070FD16C
:108400006FF0150523689B8813F4005304D1636053
:1084100004F1100002F0D4FC28460DB0BDE8F08F46
:108420003A6803925F4A0093CDE90132184601226F
:1084300009F00BFCE4E716F008030DD057490B6870
:108440005E07DDD0584B0092CDE90123134601228F
:10845000184609F0FAFBD3E7C6F34512082A08D0FC
:108460004E490A685507CBD0504A0093CDE90132F6
:10847000EDE7D8F800504E4A954205D847490A68BA
:108480005007BDD04B4AF0E70BF1080EBEE80F00D5
:108490000DF11C0CACE80F00DEF80030CCF8003019
:1084A000454B9D425DD9454B9D425DD9444B9D4214
:1084B0005DD9444B9D425DD9434B9D425DD9434BB1
:1084C0009D422CBF4FF000454FF08045B207099503
:1084D00006F0040354D5002B14BF032302238DF8A8
:1084E0002830C6F300138DF82930DBF80030D3F8BC
:1084F0000825531C12D016F0020F02F01F00C6F31D
:1085000040014FEA52124FF001033DD1002A40F0E2
:1085100043814FF0A0428340C2F80C3599F86D308A
:108520002BB1584601F03EFB002389F86D304B46D5
:10853000274A07A9584601F001FB264B98424DD027
:1085400016490B685D0709D0234B02930023039063
:10855000CDE900330122184609F077FB6FF00405DE
:1085600050E74FF00075B1E74FF08065AEE74FF090
:108570000065ABE74FF08055A8E74FF00055A5E741
:10858000003B18BF0123AAE7002A40F008814FF002
:10859000A0428340C2F80835C0E700BFE4040020D1
:1085A00035B103004FB1030071B1030090B1030076
:1085B00047E80100BFB103008FD003001FA10700EF
:1085C0003F420F007F841E00FF083D0000127A002A
:1085D000918202000000AD0BF0B10300012389F885
:1085E0006D30C9F80080012384F86C30059B596A0E
:1085F0004A1C13D003F1280000F00CF974300DD19F
:1086000069490B6813F0060F08D0684B02930023EA
:10861000CDE900330222184609F017FBBAF1000F2A
:1086200040F09580C4F844A00023A36404F15802EC
:1086300004F1480104F1440009F0F4FA049B606578
:10864000002B40F08D80E3640023236504F1600279
:1086500004F1500104F14C0009F0E4FAE0652068EF
:108660000023236448B183683BB10121083009F03D
:10867000FBFA2368186909F0C3FC3846FFF7D0FD00
:108680000023A06C1A46824273D10022256D114648
:10869000A94275D19342264638BF13464FF4FA5289
:1086A00002FB03F556F8283B4FF000081B68B5FBAA
:1086B000F3F54FF4004CC835414640F2E7304FF433
:1086C0007A720023E5FB0C01D8F722FC02460B4628
:1086D000304602F0AFFB002859D033490B685B07E6
:1086E00009D0334BCDF80080CDE901830122434608
:1086F000404609F0AAFA00250598A56601F052FA4D
:1087000084F86D503F696FF07308C7F8408007F137
:10871000280002F055FB87F86C50304602F0B0FBA1
:1087200045462368002B3FF46DAE9A68002A3FF45B
:1087300069AE998811F480567FF464AE186909F027
:108740005FFC20683146083009F08EFA5AE6DAF804
:1087500000306364002B3FF467AFDAF8043064E75D
:10876000049B1B68E364002B3FF46EAF049B5B68C3
:108770006BE7616C01EBC201013249680B4482E78F
:10878000E06C00EBC10001314068024480E7256CD9
:1087900015F1740FC5D1AEE7C1F80C15FFDE00234B
:1087A000C3F80835FAE700BFE404002017B203005D
:1087B00041B20300F0B587B001238DF802300223E7
:1087C0008DF804306B4403930F4601AB0DF10301A8
:1087D0000024049305460291059400F0B3FF0C4B6E
:1087E000984206460FD103AA3946284600F028FED3
:1087F000B0420BD09DF80310284600F09DFF6FF0AB
:10880000040007B0F0BD6FF01200FAE72046F8E769
:108810000000AD0B2DE9F0410D46064609F005FBC1
:10882000002207462946304600F092FF6B0905F00A
:108830001F0429D1A40004F1A044164BD4F800274A
:10884000134043F00C03C4F8003709F057FA804690
:108850003368DB597BB100273046294609F0E3FA3B
:10886000D4F800270B4B134043F00403C4F800373F
:108870003846BDE8F08109F041FAA0EB080006286F
:10888000E6D96FF07307E7E704F5E074002353F8C7
:108890002430FFDEF0F8FCFF70B5012383400E4A60
:1088A000BFF35B8FDC4352E8001F01EA040542E896
:1088B0000056002EF7D1BFF35B8F4FF48032824019
:1088C0000648C0F80823BFF35F8FBFF36F8F0B42DA
:1088D00014BF0120002070BDFC8300200010014067
:1088E00070B40E49D1E90034D01AC31844F1000421
:1088F00022F07F46C1E90034A6F50013B3F5400F1E
:1089000009D2074B1B681A0A1B069C19054B42F13A
:108910000005C3E9004570BC03F0A8BC003300208B
:10892000008400200833002011B3BFF35B8F0123C4
:10893000104A834052E800CF4CEA030C42E800C1E1
:108940000029F7D1BFF35B8F0B4A4FF4803383408C
:10895000C2F80433094BBFF35B8F1B68BFF35B8F17
:10896000C340DB0742BF064B4FF40032C3F800217F
:10897000704700BFFC83002000100140F8830020F6
:1089800000E100E00D4B1868010A0006BFF35F8F9D
:108990000B4BD3F80435181841F10001B3F5801FD3
:1089A0000AD2084BD3E90023904271EB030303D2B0
:1089B00010F1807041F10001704700BF0084002079
:1089C00000100140083300202DE9F04F85B0164615
:1089D0001F469DF840A00446FFF75EFF0190FFF799
:1089E000D1FFB04271EB070354D23E4B301A67EB14
:1089F0000101984271F100014FD23B4B03EB04138C
:108A0000D3E902239F4208BF96425ED037494FF414
:108A1000803804F1500508FA04F8AD00C1F8488325
:108A20002046ADB209F05EF926F07F4B05F1804596
:108A300004F5A87305F58835DC464FF00309029369
:108A4000029A2CF07F4341F82230C1F84483D1F8D8
:108A50000435274A6FF00200C01A604420F07F40BE
:108A6000904232D9286868B1D1F804350393A3EB5A
:108A70000B0020F07F40B0F5000F26D9204609F00A
:108A800031F9039BBAF1000F07D109EB030C09F18F
:108A90000109D5E7BAF1000F09D06FF0150520469E
:108AA0000199FFF741FF284605B0BDE8F08F01238B
:108AB000104ABFF35B8FA34052E8000F184342E80F
:108AC00000010029F8D1BFF35B8F07490E982301FD
:108AD00001EB0412C8500F9B5360C2E902670025E6
:108AE000DDE700BF01008000F032002000100140EF
:108AF000FDFF7F00F88300207FB51C4C1C4BC4F8A1
:108B00000833C4F848331B4B00254FF0FF304FF0BB
:108B1000FF31C4F80855C3E902014FF48033C4F8AB
:108B20000433154B02264FF400320121C4F80463CC
:108B30001120C3F880212A46E3F7E6FB1120E3F772
:108B4000B3FB0E4A0123A360236013600C4B0D4A54
:108B50000093CDE9015500232846FFF735FF304645
:108B6000FEF79EF8284604B070BD00BF001001401B
:108B700003000F00F032002000E100E0FC83002041
:108B8000E1880200FFFF7F002DE9F7432F4CD4F866
:108B9000043399070BD5D4F8043143B12C4A002390
:108BA000C4F80431D4F80431136801331360D4F8E5
:108BB0000433DA0329D5BFF35B8F264B53E8002F2C
:108BC00022F0010143E800100028F7D1BFF35B8FCA
:108BD000D30702D4D4F84031BBB10025C4F84051CA
:108BE000D4F84031FFF7CEFEEFF31182202383F358
:108BF0001288BFF36F8F184BD3E90267B042B941B7
:108C000006D282F31188BFF36F8F03B0BDE8F08303
:108C10004FF0FF384FF0FF39C3E90289D3E9001064
:108C20001D604FF48033C4F84833C4F84051D4F881
:108C3000403182F31188BFF36F8F0029E5D0009097
:108C400032463B4628468847DFE700BF0010014018
:108C500000840020F8830020F032002030B5431C4F
:108C6000124C85B005D08442A8BF0446012CB8BF81
:108C70000124FFF787FE0E4B0C4DD3E90013401A79
:108C8000B0F5000F10D22218AA4228BF2A46521867
:108C90004FF0000007490091CDE9010043F10003C6
:108CA000FFF792FE05B030BD2A46F0E7FFFF7F00D8
:108CB00000330020E188020008B5FFF763FE024B95
:108CC0001B68C01A08BD00BF003300204FF070437E
:108CD00093F8E02F062A09D1D3F8E83FC3F3031332
:108CE000033B042B02D8024AD05C70470020704737
:108CF000A9B20300024AD2F80034002BFBD070471F
:108D000000E0014010B508F0FDFF40B14FF0805386
:108D10008E4AD3F82433C3F30423C2F84035FFF757
:108D2000D5FF10B18A4B8B4A5A6708F0EBFF48B168
:108D30004FF080534FF08042D3F84432C3F34233B4
:108D4000C2F83C35FFF7C2FF30B1834AD2F8FC309D
:108D500023F08073C2F8FC3008F0D4FF40B14FF02C
:108D600080430022C3F80C21C3F81021C3F8382532
:108D7000FFF7ACFF20B14FF080430322C3F8A025DA
:108D8000FFF7A4FF60B1754B0522C3F8102601223E
:108D9000C3F888260022C3F818263F22C3F81426F9
:108DA0004FF08053D3F83021511C09BF4FF070436E
:108DB000D3F8343193F8E02FD3F8E83F08BFC3F37A
:108DC0000313062A4DD1033B042B03D8644AD35C1A
:108DD000002B46D04FF08052624BD2F80414C3F8F7
:108DE0002015D2F80814C3F82415D2F80C14C3F8CF
:108DF0002815D2F81014C3F82C15D2F81414C3F89F
:108E00003015D2F81814C3F83415D2F81C14C3F86E
:108E10004015D2F82014C3F84415D2F82414C3F82E
:108E20004815D2F82814C3F84C15D2F82C14C3F8FE
:108E30005015D2F83014C3F85415D2F83414C3F8CE
:108E40006015D2F83814C3F86415D2F83C14C3F88E
:108E50006815D2F84014C3F86C15D2F84424C3F84E
:108E6000702508F04FFF48B14FF080534FF080421B
:108E7000D3F8583203F04F03C2F8E43E08F042FF43
:108E800048B14FF08043D3F80024D20744BF6FF0BD
:108E90000102C3F800244FF08053D3F83021062A92
:108EA00026D1D3F83431033B042B02D82E4AD35CAD
:108EB00063B12E4AD2F83C3743F48063C2F83C37A2
:108EC0004FF08053D3F83031062B11D14FF080533F
:108ED000D3F83431033B042B02D8254AD35C3BB191
:108EE0004FF01023D3F808224FF08043C3F85825E1
:108EF0004FF01023D3F80022002A03DBD3F804320A
:108F0000002B22DA1B4901234FF01020C1F8043551
:108F10001524FFF7EFFEC0F80042FFF7EBFEC0F8A4
:108F20000442FFF7E7FE0023C1F80435FFF7E2FE35
:108F3000BFF34F8F0849104BCA6802F4E062134335
:108F4000CB60BFF34F8F00BFFDE710BD0030014085
:108F500000C007400DF0ADBA00ED00E00050004049
:108F6000A4B2030000C000409FB203000010004004
:108F70009AB2030000E001400400FA0530B504682D
:108F8000CCB1BFF35B8FB4FA84F3C3F11F03DBB240
:108F900001229A4024EA020250E8005FA54204D16F
:108FA00040E8002CBCF1000FF6D1BFF35B8FE6D197
:108FB00002480B7030BD0248FCE700BF0000AD0B5B
:108FC0000200AD0B10B50368CB40DB0714D40123BE
:108FD0008B400268BFF35B8F43EA020150E8004F09
:108FE000944204D140E8001CBCF1000FF6D1BFF35D
:108FF0005B8FEED1014810BD0148FCE70000AD0BCE
:109000000400AD0B014BC3F80405704700F00140AC
:10901000F7B50546F8B101281BD104224FF480733F
:1090200001464FF0804003440244C0F80813002674
:10903000012111601E608D421B688DF8071008BF6A
:109040000DF1070642F210744FF0804745B1012D33
:1090500028D003B0F0BD0C224FF482730221E0E768
:10906000D7F8183403F480333EB9002BF1D0012037
:1090700008F057FE013CF3D1EBE7D7F8182402F0D3
:1090800003023260002BE4D09DF80700012803D1D1
:1090900008F047FE013CD9D1012DDAD10C4B00225A
:1090A0005A71D6E7D7F80C3403F480333EB9002B5D
:1090B000F4D0012008F035FE013CF3D1EEE7D7F8FB
:1090C0000C2402F001023270002BDDD1E6E700BF74
:1090D00004840020044B1A7922B9012218609A8076
:1090E0000248704702487047048400200000AD0B1E
:1090F0000C00AD0B08B5074B1B682BB10020E3F744
:10910000F5F808B9E3F7D0F84FF080430022C3F830
:10911000182508BD0484002038B5B0B1012855D108
:109120004FF080420023C2F80031D2F80021304ACB
:1091300003F18043012119602E4B1B68002B50D096
:109140004FF08043C3F8040340E04FF08043D3F86E
:109150001814D3F81824C8032AD502F00303012BEE
:1091600004D013B10020FFF753FF00234FF08042DB
:10917000C2F818350023C2F80431D2F804311E4A6F
:10918000D2F8FC0040F08073C2F8FC301B4B1C6826
:1091900044F0010119605D685968491BB1F50A5F27
:1091A000FAD31C60C2F8FC000823154A0220BFE76E
:1091B000D3F81424D107D8D5D3F81C249207D1D4DE
:1091C0000C4A12681AB10222C3F8042338BDD3F83E
:1091D0000421002AFBD00022C3F80421D3F8043173
:1091E000F4E71368002BFCD0002313601368EDE74D
:1091F000000100400484002000ED00E0001000E0C9
:1092000004010040F8B54FF080431C4ED3F80443EE
:109210000125002704B9F8BDB4FA84F0C0F11F009D
:10922000830003F580739BB203F1804305FA00F2DB
:109230001968D2B224EA02040029EBD01F601B682F
:109240004FF08043012AC3F8082305D0022A08D032
:109250003368C0B29847DDE77379002BDAD17271B9
:10926000F6E7D3F81814D3F818148907F0D1C3F827
:109270001855C3F804239D60CCE700BF0484002088
:1092800070B500F108030C4C34F81330DA050546CC
:109290000E4607D5C3F3432304EBC30254F833301F
:1092A00052689847A3682BB1E26831462846BDE86A
:1092B0007040184770BD00BFE003002010B4C0B27A
:1092C000114A083032F81030D9051BD5C3F34321B9
:1092D00023F4F85322F8103002F10E04002034F881
:1092E000023F13F4807F03D0C3F34323994209D094
:1092F00001302028F3D1002342F83130034810BC5C
:10930000FFF760BE10BC7047E00300203804002067
:10931000F0B5054600200446012607468C420BD1D5
:10932000114BD3F87C2132B10022C3F87C21D3F851
:109330007C3140F00040F0BDE3B29B0003F5807249
:109340009B0806FA03F31D420BD002F1804202F59E
:10935000C042D2F800C0BCF1000F02D01760126802
:1093600018430134DAE700BF00600040C0B2064B8A
:10937000083033F81000830643BF400B800000F52F
:1093800080704FF4BE707047E0030020CBB20246FD
:10939000083308460C4931F81330990611D599075E
:1093A0000FD410685B0B01219940C0F808131268B4
:1093B00002EB8303D3F8102522F00302C3F8102533
:1093C0007047002108F010BDE0030020F7B5CDB2D2
:1093D000174E0835074636F81530DB070C4624D5FE
:1093E000FFF7D4FF36F815309A0606D55B0B3A68BE
:1093F00003F5A273002142F823102046FFF75EFF19
:10940000002301A826F81530019408F09AFC019B6E
:1094100000EB8300074BD0F80027134043F0020312
:10942000C0F80037044803B0F0BD0448FBE700BFB4
:10943000E0030020F0F8FCFF0000AD0B0400AD0BD2
:109440002DE9FF41136807460C461546FBB1CEB225
:10945000DFF83C81083638F8162002F02202222A72
:1094600022D00022CDE900228DF80E208DF80F20A9
:109470000DF10E010DF10F02204608F06CFC38F8DA
:10948000163023F0020343F0010328F816306B680E
:109490004BB393F800C05A683D4EE3B2083336F838
:1094A0001310880702D5B2B13A481FE021F020011D
:1094B000C904C90C26F813106AB1BCF1030FF3D824
:1094C0006A68386852681278BCF1000F11D102F551
:1094D000A27240F822C036F8132022F01C0242EAA1
:1094E0008C0226F81320AB6843BB2B4804B0BDE8C0
:1094F000F08100EB820041EA4231D0F810E52EF015
:10950000030EC0F810E53F6807EB820741F0200129
:10951000D7F8100526F8131020F4473020F44070D7
:10952000C7F810052002D7F810E500F4F85040EA1B
:109530000C4040EA0E00C7F81005CCE7D3E90067FD
:109540002046FFF7BBFE002ECFD0114DD5E90023FA
:10955000964203D19F4201D1002209E00F480DF14C
:109560000F01FFF70BFD0C4B9842BFD19DF80F2068
:1095700045F83260E4B205EBC20308345F6035F8A9
:10958000143043EA422343F4807325F81430ACE7E7
:10959000E00300200400AD0B0000AD0B38040020F8
:1095A0002DE9FF4107460C461E4612B3CDB2DFF847
:1095B000D080083538F81530980701D4990621D4A1
:1095C00013F01C0F02D05378012B1BD001238DF810
:1095D0000F300023CDE900230DF10F01931C20462D
:1095E000013208F0B8FB38F8153043F0030328F8CF
:1095F0001530002E42D0E1B2214D083135F811204E
:10960000930703D41F4804B0BDE8F08196F800E04A
:10961000D7F800C022F020020EF5A270D204002379
:10962000D20C4CF8203025F8112096F801C0BCF17E
:10963000000F23D03868B67800EB8E004FEA0C4C50
:10964000D0F8103523F4981323F4F853C0F81035EC
:10965000230203F4F8530CF4403C3605D0F810759F
:1096600043EA0C0306F4801642EA4E32334342F0DA
:1096700020023B4325F81120C0F810350248C2E70C
:10968000E00300200400AD0B0000AD0B014BC3E96B
:1096900002127047E0030020C9B20831044B33F8CE
:1096A0001130990643BF5B0B0248137002487047A4
:1096B000E00300200000AD0B0400AD0B70B5164DAB
:1096C00095F8604006462CBB2146402205F110006B
:1096D00009F03DFD30682E6D21468E420ED10023EB
:1096E000C0F87C31D0F87C3140F30730E2F7DCFD84
:1096F00001230A4885F86030AB6570BDCBB29B0092
:1097000003F580727C2B08BF845001F1010108BF72
:109710008358E2E70248F0E7E00300200000AD0BC9
:109720000C00AD0B034B93F86000003818BF01200C
:10973000704700BFE00300200148FFF743BC00BFB3
:10974000340400200148FFF719BC00BF3404002096
:1097500073B503680C46D3F804130029A4BF4FF077
:109760000041C3F80413E3B21D49083331F8133044
:1097700099061AD513F0020617D15B0B9C000568F9
:1097800004F580716E50695801682144D1F8104584
:1097900044F00104C1F810452AB10168012202FA1F
:1097A00003F3C1F8043302B070BDC3F38203042B8A
:1097B00012D0052B12D001A8019408F0C2FA019A28
:1097C000D0F81035D34003F00103991C204602B0B5
:1097D000BDE8704008F008BB0321F7E70221F5E778
:1097E000E00300202DE9F347544B554FD3F8040311
:1097F000396DC0B240F00040FFF78AFD051E18DA4F
:109800000023F96D0093684608F0FDFA4FF0010857
:1098100097F85C30DA075AD4396D4FF00040FFF703
:1098200077FDF96D684608F0EEFA0028F0D125F0D2
:1098300000450124002D69D102B0BDE8F08794FAFB
:10984000A4F4B4FA84F4E00804F1080304F0070275
:1098500037F813901DF80030019408FA02F223EA59
:1098600002030DF8003001A808F06BFA019B03F524
:10987000E0734FEA990150F82360C9F3820A4B075D
:10988000D146C6F3014626D520465146FFF7F8FCDF
:1098900001A8019408F055FA019B03F5E073F6B2B4
:1098A00050F82330C3F301439E4207D100212046E4
:1098B00008F09AFA3146204608F096FA01A8019479
:1098C00008F03FFA019B08FA03F3C0F82035009C2A
:1098D000002CB4D1A0E7022E0CD10321204608F0C1
:1098E00083FA0AF00503012BE8D149462046FFF729
:1098F000C7FCE3E70221204608F076FABAF1030F2D
:10990000F3D0032EDAD1BAF1020FEDE795FAA5F301
:10991000B3FA83F304FA03F29B0003F1804303F5E7
:10992000C04325EA0205D3F81005D3F81015C0F39B
:109930000420C1F30141FFF7A3FC7BE70060004076
:10994000E0030020044AD2F80034DB07FBD50160B5
:10995000BFF35F8F704700BF00E001404FF08053BE
:109960001A69B0FBF2F302FB130373B9084B02222E
:10997000C3F80425C3F80805D3F80024D207FBD5A3
:1099800000220448C3F8042570470348704700BF0D
:1099900000E001400000AD0B0A00AD0B10B5054C16
:1099A0000123C4F80435FFF7CDFF0023C4F80435C4
:1099B00010BD00BF00E0014001460148FFF7DEBADC
:1099C0004404002007B5019001A808F03FFA019B6C
:1099D00000EB8300054BD0F80027134043F003034E
:1099E000C0F8003703B05DF804FB00BFF0F8FCFFDF
:1099F00073B5CB7B0446002B38D10B7B0878012B49
:109A000077D808F03AFA0B78019301A808F01EFA0B
:109A1000019B00EB83003C4BD0F80027134043F040
:109A20000103C0F800374878FF2804D008F025FA71
:109A30004878FFF7C7FF8B78FF2B0FD001A88D7BED
:109A4000019308F003FA019B00EB83002E4BD0F842
:109A50000027134043EA8503C0F80037C878FF2881
:109A600004D008F0FDF9C878FFF7ACFF2379274848
:109A7000CA78282505FB03039A770B7C9BB94B78A2
:109A800025680E78FF2B18BF1A468B78C5F8086535
:109A900008BF4FF0FF32FF2B08BF4FF0FF33C5F870
:109AA0000C25C5F8103523688A68C3F824254B7B3C
:109AB0000A7B2568003B18BF0123022A1CD0032A19
:109AC0001DD0012A01D143F00203C5F85435237992
:109AD0004979282202FB0303D97723795343C358DA
:109AE00083B1206840F3073002B0BDE87040E2F770
:109AF000DBBB08F0B5F986E743F00403E5E743F084
:109B00000603E2E702B070BDF0F8FCFF0C84002011
:109B100007B5019001A808F099F9019B00EB8300BB
:109B2000054BD0F80027134043F00203C0F800377C
:109B300003B05DF804FB00BFF0F8FCFF2DE9F04135
:109B400090F80480144C4FF0280C0CFB08FC04EB3C
:109B50000C06074696F81CE0BEF1000F19D144F838
:109B60000C20736041B1CB7B86F82530CB78B3777E
:109B70004B79F377FFF73CFF3A6808480123C2F8B6
:109B80000035282202FB0844002262772377BDE8D3
:109B9000F0810348FBE700BF0C8400200000AD0B00
:109BA0000C00AD0B70B50679194C0568282373437A
:109BB000E35833B145F30730E2F784FB0423C5F8DB
:109BC00008330023C5F80035282303FB064393F828
:109BD0002530BBB9D5F80805FFF79AFFD5F8100571
:109BE000421C01D0FFF794FFD5F80C05431C01D0AF
:109BF000FFF78EFF282303FB0643987FFF2801D041
:109C0000FFF786FF282303FB06440023237770BD5C
:109C10000C8400202DE9F8430779394C28237B4335
:109C20009046E2180E46517F8146002966D1E358DE
:109C30000BB10123537796E80F00282505FB074554
:109C400005F10C0C8CE80F00A87F0023FF2885F895
:109C5000243001D008F011F92823B8F1000F06D004
:109C600003FB0743002227485A77BDE8F883D9F859
:109C7000005003FB07430422C5F80823C3F82080E3
:109C8000C5F80881D5F8082172689AB133681B7845
:109C9000C5F81C357368012B0ED933685B78C5F89D
:109CA0001C3528237B43E65876B10423C5F80433DA
:109CB0001548DAE7DB7FEBE7F368012BF1D92823BE
:109CC00003FB0743DB7FEAE707EB870104EBC101F6
:109CD000D5F80831002BFBD0C5F808612846D5F827
:109CE000083108F0D7F80028F2D1282303FB0744F5
:109CF000A07FFF28DCD008F0B3F8D9E70348B4E729
:109D00000C8400200300AD0B0000AD0B0B00AD0B6D
:109D100010B50C480C490023C0F80831D0F80831C0
:109D200008F0B8F868B9887FFF2801D008F098F8E3
:109D300000234B770B72BDE81040D1E90031034896
:109D4000184710BD003002400C840020148400200D
:109D500010B4CC7B8A6803682CB9D1E90041C3F800
:109D60000845C3F80C15C3F8242503792C22534366
:109D7000054AD3582BB1006810BC40F30730E2F716
:109D800093BA10BC704700BF3484002030B5847B88
:109D9000F4B9016801F01F0349091BD19B0003F1CD
:109DA000A043114DD3F8002740F20C642A4022430F
:109DB000C3F80027426802F01F0352090FD19B002D
:109DC00003F1A043D3F800272A402243C3F8002719
:109DD000012030BD03F5E07354F82330FFDE03F5B6
:109DE000E07351F82330F9E7F0F8FCFF70B50D4649
:109DF00086B04FF48011044608F0C1F808B34FF460
:109E00008013C4F80833D4F82435D3B9C4F8003526
:109E10000623C4F80035AB6AC4F82435EB6913F0A7
:109E2000010318BF0123C4F85035EB69012213F078
:109E3000020314BFC4F84025C4F84035A26006B040
:109E400070BD0221204608F09AF84FF400710646D2
:109E5000204608F094F8C8B1D6B9AB68C4F8083306
:109E60000223AB60AB68C4F804334FF08071204626
:109E700008F085F818B1D4F800329B0502D401230C
:109E800023626361012385F82330D8E7002E67D071
:109E9000EB695E060AD495F823303BB92946204683
:109EA00008F02BF880F0010085F82300EB6913F02F
:109EB000040324D1C4F86031D4F86021C4F85C31C3
:109EC000D4F85C3195F825301BB195F82330002B80
:109ED00052D00023C4F80032AB60394BC4F80833C9
:109EE00044F30733002B47DB5A09012103F01F031A
:109EF000994002F16003334A42F823103CE095F8A0
:109F00002030012B0AD00023C4F85035C4F8403566
:109F1000C4F824354FF48013C4F80433D4F8C4349F
:109F2000C4F8C434980745D4590745D4DA0745D452
:109F300095F823309B00DBB28DF8003095F8253082
:109F40000BB985F82430EB695B0704D595F823300D
:109F5000002B3FF474AFD5E90031684698476EE7AF
:109F60004FF48021204608F00AF895F820307BB99C
:109F700095F82530002BADD02B8CADF80430EB6874
:109F800004932B6902936B690593AB690393C5E74F
:109F90004FF40073C4F8003240F20223AB6003F1C7
:109FA000CE73C4F80833AB68C4F804330123A3604C
:109FB000236244E70123BFE70223BDE70323BBE796
:109FC00002029C0100E100E02DE9F04190F80480DC
:109FD000174E07462C2000FB08F035180C4695F864
:109FE000221001BBA96032506B6085F8251085F8FE
:109FF00024107CB1A37B85F827302046FFF7C6FEEE
:10A0000098B1637B85F82630A368AB622146384659
:10A01000FFF79EFE2C2303FB08660648012386F803
:10A020002230BDE8F0810448FBE70448F9E700BFAF
:10A03000348400200000AD0B0C00AD0B0400AD0B10
:10A04000036802790621C3F80015044B2C2101FB9B
:10A050000233022283F82220704700BF348400209C
:10A0600010B51D4A04792C2303FB042300219960B9
:10A0700001681A4BC1F80833D1F8003223F4BC53FD
:10A08000C1F800324FF08053D3F83001B0F1FF3FF8
:10A0900009BF4FF07043D3F8343193F8E00FD3F891
:10A0A000E83F08BFC3F30313062808D1033B042B82
:10A0B00002D80B48C35C13B10923C1F800352C2327
:10A0C00003FB042300200122C1F8000583F82220AD
:10A0D00083F8240010BD00BF3484002002029C01DC
:10A0E000AEB203002DE9F74FB94D90F80490046823
:10A0F0002C2303FB09539046002283F823204B684E
:10A100000E4633B1CB6803F06043B3F1005F40F01B
:10A11000A2813378023B012B06D8336903F06043F8
:10A12000B3F1005F40F09781AA4BC4F808332C23A9
:10A1300003FB095393F8241001F0FF0241B19B681F
:10A14000DFF894B2C4F80433584603B0BDE8F08F8A
:10A1500018F0140F0CBF0121002183F8241031786E
:10A1600083F82010717883F82110F168D960716844
:10A17000196131695961B1689961C8F3001183F8B7
:10A180002510C3F81C807378C4F88835C4F86021A2
:10A19000D4F86031C4F84821D4F84831C4F82421F7
:10A1A000D4F82431C4F80421D4F8043118F00103A0
:10A1B00018BF0123C4F8503518F0020318BF01235B
:10A1C000C4F8403533782C2709FB0757032B00F2DE
:10A1D000BC80DFE803F092B17B024FF48073C4F8D7
:10A1E0000032D7E90323C4F84425C4F848350123D5
:10A1F000A3604FF48011204607F0C1FE0028F8D17B
:10A20000D7E90523C4F84425C4F848352C2303FBBB
:10A2100009534FF480229A60DFF8C0B12C2202FB70
:10A2200009F218F00803A858019305EB020114D1B4
:10A230003278032A11D0012A40F09D802260002844
:10A2400000F086802C2202FB09F27168AA5821B91D
:10A25000002A00F0D680012262612C2202FB09F262
:10A26000A918AA58002A00F0CC8018F0040F1CBFCF
:10A2700000228A6018F0400F06D12C2202FB0952FE
:10A28000916841F0020191602C2202FB0952019B6E
:10A29000916841F4007191609268C4F80423002B26
:10A2A00000F0A8803278012A00F0A4800022C4F8CF
:10A2B0005025C4F84025C4F82425C4F85021D4F80A
:10A2C00050214FF48012C4F804233DE7D7E903235B
:10A2D000C4F84425C4F84835D7E90523C4F8342523
:10A2E000C4F838354FF48453C4F800320123236294
:10A2F0002C2303FB095302228DE7D7E9032318F02F
:10A30000200FC4F84425C4F848354FF02C0315BF7E
:10A310004FF480724FF4007203FB095303FB09539F
:10A3200015BFC4F80022C4F800224FF48022022294
:10A330009A60012323626FE7D7E90323C4F8342529
:10A34000C4F838354FF48053CEE7DFF894B065E7B2
:10A35000096901B962612349DFF88CA0204607F042
:10A360000EFE012310F4007F18BF636110EA0A0F8C
:10A370001C49F3D066E70122A26000287FF462AF97
:10A380000969A9B34FF0000A174B1AEA030F7FF4CB
:10A3900059AF1449204607F0F2FD10F4007F8246C1
:10A3A000F2D04FF08071204607F0E9FDD4F800129A
:10A3B000E0B111F4007003D1012222628246626191
:10A3C000CB05E1D54FF48021204607F0D8FDD9E731
:10A3D0003484002002029C010B00AD0B0000AD0B89
:10A3E0000400AD0B020204000200040001222262FC
:10A3F0006261C7E72C2202FB0952926AC4F8242545
:10A40000A2E62C21D4F8C424C4F8C42401FB0955C5
:10A41000002185F824108AB11049114B12F0010F68
:10A4200014BF8B469B46013112F0020F18BF8B46BA
:10A4300012F0040F0B4A18BF934685E618F0400F40
:10A440007FF482AE3946204607F057FD044A0028C3
:10A4500008BF934678E6DFF810B075E60000AE0B53
:10A460000100AD0B0200AE0B0A00AD0B0149024822
:10A47000FFF7BCBC348400200030004002494FF09C
:10A480004020FFF7B3BC00BF60840020F7B506464C
:10A4900007F0A9FD084607F0A6FD01A8019607F000
:10A4A00098FD019B2E4D00EB83000C46D0F8003741
:10A4B000019440F20D612B400B43C0F8003701A816
:10A4C00007F087FD019B00EB83000127D0F80037E0
:10A4D0002B400B43C0F80037042007F022FC09256D
:10A4E00001A8019407F075FD019AD0F81035D3400A
:10A4F000DB0715D401A8019607F06BFD019B07FA55
:10A5000003F3C0F80C35042007F00BFC304607F0CD
:10A510006AFD013D042007F004FC15F0FF05DFD1C2
:10A5200001A8019407F055FD019A01239340C0F85A
:10A530000C35042007F0F5FB204607F054FD0420FD
:10A5400007F0EFFB01A8019407F043FD019AD0F852
:10A5500010350448D34003F00103C01A03B0F0BD26
:10A56000F0F8FCFF0100AD0B014804F068BD00BF2E
:10A57000B3B20300034A044B02609B1A2420B3FBCE
:10A58000F0F0704738380300A039030070B5044676
:10A5900088B10378C3B10D4D0D4EB54201D30024EF
:10A5A00009E02968A14208D1284607F02EFD0028BD
:10A5B00014BF2C460024204670BD2046D6F7DEFC92
:10A5C0000028F1D02435E8E71C46F4E738380300CA
:10A5D000A03903002DE9F843054610B304782CB1E7
:10A5E000114CDFF84880444503D300242046BDE8E1
:10A5F000F883226A52B1204607F007FD30B1166891
:10A6000026B1D6F800900027B94501D12434EAE7F5
:10A6100056F8041F2846D6F7B1FC0028E6D00137CB
:10A62000F2E70446E2E700BF38380300A039030030
:10A630001FB50446DEF7FEF907490B685B0708D033
:10A64000064B02930023CDE900330122184607F0A0
:10A65000FFFC204607F00CFDD0040020EDB2030003
:10A660002DE9F041044686B00D46EFF31188202312
:10A6700083F31288BFF36F8F2B4F2C4A3B68966889
:10A6800059074ED0042898BF294B127C94BF53F829
:10A690002030284B0390CDE90432274B029300234E
:10A6A000CDE9003320490122184607F0D1FC85B1DD
:10A6B000EB693A68C3F308035BB152071AD01F4B2A
:10A6C00002930023CDE9003317490122184607F011
:10A6D000BFFC3B685B070DD0D6B91948194B0293F4
:10A6E0000023CDE90360CDE900330F49012218466C
:10A6F00007F0AEFC29462046FFF79AFF88F3118841
:10A70000BFF36F8F304606B0BDE8F041E1F778BD8A
:10A71000304608F079F80028DFD00378002BDCD031
:10A72000DCE7002DC4D1E5E7D00400208C840020B4
:10A7300070700300FCB2030012B303003AB30300CD
:10A740000AB303005BB3030038B50A4B53F820404B
:10A75000013053F82050A54200D838BD606830B1B0
:10A76000037FDB0701D407F08EFC0834F3E723688E
:10A770009847FAE78470030070B52B4B2B4C2C4D97
:10A78000012286B003201A70FFF7DEFFFFF7ECFE10
:10A7900007F09DFC0420FFF7D7FF2646AE4204F1E8
:10A7A000300410D301F0FCF8204C224EAC4226D3EA
:10A7B00001F00AF904F083F91F4A137B23F0010327
:10A7C000137306B070BD54F80C3C059354F8103C5C
:10A7D000049354F8143C039354F8183C029354F82F
:10A7E0001C3C019354F8203C009354E90A2354E99B
:10A7F0000C0100F029FE54F8303C5E65CDE7D4E949
:10A800000A23B3F1FF3F08BFB2F1FF3F05D052EA80
:10A810000301206803D101F0F5F93034C6E7314671
:10A82000183001F0ADFCF8E753850020D83A03005A
:10A83000D83A030043290300C833002008B5034871
:10A84000034A0021121A07F035FC08BDC805002094
:10A850005C85002070B5154E154D164986B0B8239D
:10A8600003FB0066144B059301220F23CDE903324D
:10A870000023CDE90133142303FB00554FF4A072EC
:10A88000044602FB00110D4B0095304600F0DCFD44
:10A89000737B2C7423F004037373094BEE60013453
:10A8A00003EBC4236B6006B070BD00BF1033002003
:10A8B0008C840020A0D20020BDB30300032203003B
:10A8C000A0CA0020BFB50020FFF73EFF284B83F34E
:10A8D0000888284C284F636943F40073636100259E
:10A8E000E02384F82230E57725766576A57684F82E
:10A8F0002050636A43F4E023636284F82350E1F755
:10A9000045FCE1F777FD4FF0FF33A362E362DEF72A
:10A9100069F81A481A4C00F02DFE07F075FB01206B
:10A92000FFF712FF0220FFF70FFF01F081F8154B30
:10A9300015495C61154B05930123CDE903534FF491
:10A9400080623B46CDE901550095204600F07CFD34
:10A95000627B064622F004022046627307F0B4FFD1
:10A960002846FFF777FF3A4631462046E1F724FDB7
:10A97000A0D2002000ED00E079A7020058350020A9
:10A98000C83300208C840020E0D3002057770300D8
:10A9900038B5054C256804EB850405B938BD54F875
:10A9A0000439013D9847F8E7C03B030038B5044C33
:10A9B000044DAC4200D338BD54F8043B9847F8E747
:10A9C000CC3B0300CC3B030038B5064C064DAC42F3
:10A9D00001D3002038BDD4E90112204607F07EFBE8
:10A9E0001834F4E7EC0400201C05002038B5064CB0
:10A9F000064D0020AC4200D338BD204607F0DFFBF7
:10AA00000028F9DB2034F5E7EC040020EC040020FA
:10AA100070B50A4C0A4E0025002301221946204633
:10AA200007F0FDFE21463046013507F0F1FD0A2D05
:10AA300004F15004F0D1002070BD00BFE0D7002029
:10AA40001C0500202DE9F34104460E4600F10808DC
:10AA5000EFF31187202181F31288BFF36F8F406AD3
:10AA60002169884238D22568AC4218D0BDB1284649
:10AA700007F0D2FB05F1180008F050F9E2682869E8
:10AA8000314608F03CFB0023C5F8B030284607F0FB
:10AA90001BFF4046394600F03FFF002029E0E268F6
:10AAA000206A314608F02BFB236AE2681344A2694E
:10AAB0002362934204BF63692362636A0133636262
:10AAC000102104F1280008F0CBFA0028E1D187F327
:10AAD0001188BFF36F8F0CE052EA03010CD00849D4
:10AAE000896840460E61CDE900233946224600F0D0
:10AAF00097FE02B0BDE8F0816FF02200E7E700BFEB
:10AB00008C840020F7B5044604F108070846EFF3EB
:10AB10001186202181F31288BFF36F8F616A0029AB
:10AB20003AD0E268E16908F0EAFAE369E268256888
:10AB30001344A269E361934204BF6369E361636AFA
:10AB4000AC4203F1FF33636234D02846002D32D08B
:10AB500007F062FB05F1180008F0E0F8E2682969E7
:10AB6000206A08F0CCFA236AE2681344A2692362DF
:10AB7000934204BF63692362636A01336362002402
:10AB80002846C5F8B04007F09FFE3846314600F031
:10AB9000C3FE204603B0F0BD52EA030110D00A49BB
:10ABA00089680861CDE9002331462246384600F025
:10ABB00037FEEFE7002086F31188BFF36F8FE9E7D8
:10ABC0006FF02200F7E700BF8C8400202DE9F341ED
:10ABD000044617461E46EFF31188202383F312889C
:10ABE000BFF36F8FC368334A7BB180689168884236
:10ABF00019D057EA060318D188F31188BFF36F8F75
:10AC00006FF00F0002B0BDE8F081916891F90E106D
:10AC100021610133E3609368A36088F31188BFF377
:10AC20006F8F0020EEE72169F2E791F90E1090F99D
:10AC30000E309942A8BF19466FF07E029142B8BF0C
:10AC400011468B422DDD07F0AAFB0546CDE90076C3
:10AC500019482246414600F0E3FD0028E1D0EFF319
:10AC60001186202383F31288BFF36F8FA068D0B1C1
:10AC7000236821699C420AD04BB193F90E30994266
:10AC8000A8BF19466FF07E039942B8BF194607F076
:10AC900086FB40B10848314600F03EFE6FF00A00E6
:10ACA000B0E70025D2E7002DF4D186F31188BFF379
:10ACB0006F8FF3E78C84002054850020F8B58368FB
:10ACC0000546002B40D0234A926893423FD1C36887
:10ACD000012B03D9013BC3600020F8BDEFF31187BE
:10ACE000202383F31288BFF36F8F0169806807F018
:10ACF00056FB2C68A54207D10023C5E9023387F330
:10AD00001188BFF36F8FE7E7002CF5D0D4E900324C
:10AD100013605A60637B002623F002036373C4E967
:10AD20000066A66004F1180007F0F8FFAC6094F923
:10AD30000E302B612046C4F8B06007F0C5FD064810
:10AD4000394600F0E9FDC7E76FF01500C5E74FF0A1
:10AD5000FF30C2E78C8400205485002037B5EFF324
:10AD60001185202181F31288BFF36F8F04689CB195
:10AD70002368426823F003039442036008BF4360E2
:10AD80000121204607F097FB044685F31188BFF3A5
:10AD90006F8F204603B030BD52EA0301F5D0CDE9F4
:10ADA0000023294600F10C02083000F039FD00288C
:10ADB000EFD1024B9B681C69EBE700BF8C8400203D
:10ADC00070B5EFF31186202383F31288BFF36F8FE2
:10ADD0000468A0421BD0D4B1D4E9003213605A6099
:10ADE000637B002523F00203C4E900556373A5606B
:10ADF00004F1180007F092FFC4F8B050204607F0A5
:10AE000063FD31460A48BDE8704000F085BDD0E9D9
:10AE100002329A4218BF013383600221103008F0D9
:10AE20001FF90028EDD186F31188BFF36F8F70BD35
:10AE30005585002013B5EFF31181202484F3128887
:10AE4000BFF36F8F846844B1013C846081F3118843
:10AE5000BFF36F8F002002B010BD52EA030406D189
:10AE600081F31188BFF36F8F6FF00F00F3E7CDE927
:10AE700000230246014800F0D3FCECE75585002092
:10AE80002DE9F8430546EFF31188202383F3128858
:10AE9000BFF36F8F002637466FF00A092C68A54272
:10AEA00016D0ACB1D4E9003213605A60637BA7605E
:10AEB00023F002036373C4E9007704F1180007F07C
:10AEC0002DFFC4F8B090204607F0FEFC0126E5E710
:10AED0000023AB60022105F1100008F0C1F830B981
:10AEE0002EB988F31188BFF36F8FBDE8F883414610
:10AEF0000248BDE8F84300F00FBD00BF55850020B3
:10AF000073B50C46EFF31181202585F31288BFF34A
:10AF10006F8FD0E90365B5420AD92B1F036155F83D
:10AF2000043C236081F31188BFF36F8F002008E099
:10AF300052EA030507D181F31188BFF36F8F6FF0D9
:10AF40000F0002B070BDCDE900230246083000F0CA
:10AF500067FC10F10B0FF4D0024B9B681B69236058
:10AF6000E4E700BF8C8400201FB5094A92E8030083
:10AF700002AB83E803004FF40072009305490648D2
:10AF80004FF0FF3300F00AF9002005B05DF804FB34
:10AF9000B847030000DB0020803400202DE9FF418A
:10AFA0004F4E04462027EFF3118887F31288BFF332
:10AFB0006F8FD4F8B850F5B9022104F1D00007F032
:10AFC00065FB002868D004F1C8050022012128464D
:10AFD00007F014FD0028F8D1002302934FF0FF3250
:10AFE0004FF0FF33CDE90023414604F1C0023D4854
:10AFF00000F012FFD7E7D4F8BC202B68C4F8B830B3
:10B00000954208BFC4F8BC30D4F8D03043F00203F6
:10B01000C4F8D030EB6823F0040343F00103EB6085
:10B020006B6888F31188BFF36F8F28469847EFF35A
:10B03000118887F31288BFF36F8FEB68D80623F06F
:10B04000010236D4EA60EB689A0716D5306823F01F
:10B050000203EB6088B10368002170B14268954239
:10B0600035D1036869BB72683360824200D1736076
:10B07000002340F8083BFFF7A3FED4F8D03023F0BC
:10B080000203C4F8D03088F31188BFF36F8FDB055B
:10B0900089D400F015FD86E7D4F8D030D9069BD5C9
:10B0A000C4F8D00088F31188BFF36F8F04B0BDE8F7
:10B0B000F08123F01103EB6005F11000FFF780FE33
:10B0C000C1E70B607368834208BF7160D0E723B1AA
:10B0D0001A68014618461346BFE71A46F9E700BF4B
:10B0E000B084002056850020F8B5C3689A0704464E
:10B0F0000F46C3F340062CD45B071AD40B680BB978
:10B1000083680B60E368DD0744BFA3683B603D686C
:10B110004CBF02260126002D3AD01F4B9B68AB4244
:10B120000AD0D5F8D030D807C3F3800214D46FF01A
:10B13000120600233B6025E007F05DFBD5F8D03018
:10B140000028F0D1D907C3F3C002F0D552B15B0794
:10B1500008D46FF00F06ECE7002AFAD1C3F3C0035E
:10B16000002BF6D100232360D5F8BC3063B9C5E9C4
:10B170002E44284607F0A4FAE36843F00403E36092
:10B180003B68A3603046F8BD1C60C5F8BC40F0E7E2
:10B190006FF01506CDE700BF8C840020F0B589B0B4
:10B1A00004460020C4E92E000E9D04F1C000C4E94D
:10B1B000300004F1C800C4E932004DB328790028FA
:10B1C00040F2011008BF0120C4F8D00000204FF069
:10B1D000FF364FF0FF37CDE90330CDE90100CDE96F
:10B1E00006670C4B0094204600F098F955B1296889
:10B1F00011B1204600F0D6F86B791BB1237B43F0E8
:10B2000001032373204609B0BDE8F04000F0FABC0A
:10B210000120D9E79DAF020037B501900846EFF352
:10B220001184202181F31288BFF36F8FC16811F060
:10B230001E0F16D153EA020508D101A9FFF754FFEA
:10B2400084F31188BFF36F8F03B030BD41F0080164
:10B25000C160019981621030034900F091FF012023
:10B26000EEE70020ECE700BF352703000146014868
:10B27000FFF7D2BF8034002038B5EFF311852023CB
:10B2800083F31288BFF36F8F0468A04213D094B188
:10B29000204607F09FFA04F1180007F03FFD002355
:10B2A0002046C4F8B03007F00FFB0548294600F0EF
:10B2B00033FB002038BD85F31188BFF36F8FF8E7AB
:10B2C000578500202DE9F0410546EFF31187202333
:10B2D00083F31288BFF36F8F0468A04223D014B3A6
:10B2E000204607F077FA04F1180007F017FD002652
:10B2F000B046C4F8B080204607F0E6FA2C68A542B4
:10B3000006F1010608D03CB1204607F063FA04F1CB
:10B31000180007F003FDECE70648394600F0FCFA98
:10B320003046BDE8F08187F31188BFF36F8F0026A8
:10B33000F6E700BF578500202DE9F34105460C468E
:10B3400017461E46EFF31188202383F31288BFF3BC
:10B350006F8F0846FFF7B2FC2A46CDE900764146DA
:10B36000074800F05DFA05464FF0FF324FF0FF331B
:10B370002046FFF72BFC284602B0BDE8F08100BF55
:10B3800057850020EFF305833BB9054B9B68D889AF
:10B390007F288CBF0020012070470020704700BF2D
:10B3A0008C84002010B5044608B9054B9C681F2208
:10B3B00004F1780007F098FF002084F8970010BD92
:10B3C0008C8400202DE9F84F0C46A1B39AB390F875
:10B3D0000D90DFF86880571E0846B9F1000F25D0A0
:10B3E000DFF85CA00025B8F804B019EA0B0F19D0FB
:10B3F000B8F80630D8F800107E1B9E4228BF1E46C3
:10B40000324607F07CFE2E4439EA0B0904EB0600B5
:10B410000CD0BD1B012D28BF01252A46514607F03F
:10B420006EFE354408F108086019DCE7002303705C
:10B430002046BDE8F88F0348FBE700BF9C7003007F
:10B44000DBB303008E7C03002DE9F04F85B09846F6
:10B4500000F15803C0E91633129B0373073204232B
:10B460000F46002622F0070A4373119B837304469C
:10B4700001EB0A055246C0E906668660C673AA213A
:10B480003846DDF838B0DDF84C9007F060FE29460C
:10B490002046E0F741F90730109B20F00700C4F880
:10B4A000A000C4E9267A02930F9B2D1ACDE900B3C0
:10B4B0002A46434639462046E0F762FF0F9BE36683
:10B4C000109B6665C4E9198B2367EFF31183202273
:10B4D00082F31288BFF36F8F0F4F3A6A62673C6244
:10B4E00083F31188BFF36F8FB9F1000F11D01F22C2
:10B4F000494604F1780007F0F7FE84F89760BB68CE
:10B500000BB1D3F8A430C4F8A430284605B0BDE888
:10B51000F08F84F87890F2E78C840020F0B587B043
:10B5200000250595109D04950F9D03950E9D029590
:10B53000DDE912760D9D01950C9D00950446FFF7FF
:10B5400083FFB6F1FF3F08BFB7F1FF3F05D056EAD2
:10B55000070305D1204600F055FB204607B0F0BD9B
:10B5600003493A46334604F1180000F009FEF4E7B7
:10B570004329030040F2011310B583810023C0E981
:10B580002633044601F074F8014B9C6010BD00BFE7
:10B590008C8400200A4A93686FF00A01C3F8B01047
:10B5A0000849C3F8AC004B6843F080534B6000235C
:10B5B00083F31188BFF36F8F9368D3F8B00070479F
:10B5C0008C84002000ED00E070B590F90D20437BE5
:10B5D000002A36DBD90634D11B4C63F07F032246A8
:10B5E000437352F8183FE169934207D1C0E9002143
:10B5F0000860E06111E09942F8D01B68002BF5D09B
:10B6000090F90E5093F90E60B542F4D0AE42F2DDDF
:10B610005968C0E9003108605860A569954200D0BA
:10B6200005B9E568A3685A7BD20604D1DA897F2A76
:10B6300001D9AA6932B1AB4202D0284600F0A2FC7F
:10B64000656170BD6361FCE78C84002038B590F9BA
:10B650000D20437B002A014604DA03F07F03437385
:10B6600007F0F8F80D4D2A46AB6852F8184F94428F
:10B6700000D004B9EC688B4207D05A7BD20604D1C3
:10B68000DA897F2A01D9A2692AB1A34202D02046D1
:10B6900000F078FC23466B6138BD00BF8C8400202D
:10B6A00070B590F90D20437B002A014604DA03F0BF
:10B6B0007F03437307F0CEF84B7B1C4C63F07F0392
:10B6C00022464B7352F8183FE069934207D1C1E913
:10B6D00000200160E16111E09842F8D01B68002B66
:10B6E000F5D091F90E5093F90E60B542F4D0AE4208
:10B6F000F2DD5868C1E9003001605960A569A368AE
:10B70000954200D005B9E5688B4207D05A7BD20636
:10B7100004D1DA897F2A01D9AA692AB1AB4202D0C1
:10B72000284600F02FFC2B46636170BD8C840020FE
:10B73000F8B5394CA2688242074624D1EFF305835D
:10B740000BBBEFF31186202383F31288BFF36F8FB7
:10B75000537B03F07F0343F01003537307F07AF831
:10B76000234653F8185F9D4200D005B9E568A368E9
:10B770009D4202D0284600F005FC65613046BDE8D8
:10B78000F840FFF707BFEFF31185202383F31288FA
:10B79000BFF36F8F7B7BD90604D585F31188BFF388
:10B7A0006F8FF8BDD90943F0100219D17A73A669D9
:10B7B0001A4B9E4200D006B9E668A368B34202D095
:10B7C000304600F0DFFBA36866619F42E5D1EFF3EE
:10B7D0000583002BE1D13A7BD2070AD42846CEE775
:10B7E00003F07F0343F010037B73384607F032F811
:10B7F000DDE785F31188BFF36F8F83F31188BFF303
:10B800006F8F0423184602DFEFF31180202383F3A8
:10B810001288BFF36F8FB2E78C840020A4840020CD
:10B82000F8B5124B0C461146114A98681060DDE9D4
:10B830000676EFF31182202282F31288BFF36F8F16
:10B840009D68284607F018F8B6F1FF3F08BFB7F12A
:10B85000FF3F06D007493A46334605F1180000F08D
:10B860008FFC2046BDE8F840FFF794BE8C84002092
:10B87000B884002043290300F8B50446EFF311878C
:10B88000202383F31288BFF36F8F437B03F01F02E3
:10B89000002A0CBF0126002649B239D103F07F03EC
:10B8A000437306F0D7FF1B4D437B817363F07F0327
:10B8B0002A46437352F8183F934227D1E869C4E9F6
:10B8C00000200460EC610FE08342F8D01B68002B7D
:10B8D000F5D093F90EC06145F6D08C45F4DD59687A
:10B8E000C4E900310C605C60AC69944200D004B9DA
:10B8F000EC68AB689C4202D0204600F043FB6C61D0
:10B9000087F31188BFF36F8F3046F8BDE869DEE733
:10B910008173F5E78C84002049B9EFF3058030B9D5
:10B92000054B5A699B689A4201D0FFF733BE81F3F9
:10B930001188BFF36F8F70478C84002010B5EFF330
:10B940001184202282F31288BFF36F8F427BD106CD
:10B9500004D484F31188BFF36F8F10BD22F010025E
:10B960004273FFF731FE21460248BDE81040FFF761
:10B97000D3BF00BF58850020034648B9EFF30582C6
:10B9800032B9064A51699268914201D0FFF702BE6E
:10B9900083F31188BFF36F8F704700BF8C84002042
:10B9A000EFF31181202383F31288BFF36F8F054BD0
:10B9B0009A68D37B013BD37381F31188BFF36F8FF8
:10B9C000704700BF8C84002070B5EFF311862023F0
:10B9D00083F31288BFF36F8F144DAB68DA7B0132AB
:10B9E000DA732A4652F8184F944200D004B9EC6832
:10B9F0005A7BD20604D1DA897F2A01D9A2692AB1F9
:10BA0000A34202D0204600F0BDFA23466B6186F3C4
:10BA10001188BFF36F8FEFF31180202383F3128817
:10BA2000BFF36F8FBDE87040FFF7A6BF8C84002086
:10BA3000024B03F11802C3E9062270478C840020F0
:10BA400008B5FFF719FF70B1074B9B68DB7B53B953
:10BA5000EFF31180202383F31288BFF36F8FBDE8CB
:10BA60000840FFF789BF08BD8C84002070B5EFF354
:10BA70001186202383F31288BFF36F8F0E4D2B4660
:10BA800053F8184F9C4200D004B9EC68AB685A7B5D
:10BA9000D20604D1DA897F2A01D9A2692AB1A34248
:10BAA00002D0204600F06EFA23466B61314603480F
:10BAB000BDE87040FFF730BF8C840020588500201F
:10BAC00070B5EFF31186202383F31288BFF36F8FD5
:10BAD0001B4CA168E0690B68814214BF1A46002222
:10BAE00049680B605960A368E1692AB9154AC3E93E
:10BAF00000210B60E3610CE093F90E0092F90E5007
:10BB0000A84218D0854216DD5168C3E900210B60B8
:10BB10005360A5690B4B9D4200D005B9E568A36849
:10BB20009D4202D0284600F02DFA65613046BDE8FE
:10BB30007040FFF72FBD8A42D8D01268D5E700BF0A
:10BB40008C840020A484002051EA00032DE9F041F8
:10BB500005460E4604D1FFF7B3FF0020BDE8F08193
:10BB6000431C71F1FF3324DB07F0F9F84419EFF3BC
:10BB70001188202383F31288BFF36F8F0F4F104B70
:10BB8000B8681860FFF762FDB8680E492A46334668
:10BB9000183000F0F5FABA68537B43F0040353738E
:10BBA0004046FFF7F7FC07F0DAF8201A20EAE070C9
:10BBB000D4E76FF00104241AD9E700BF8C84002079
:10BBC000B8840020432903000C490D4A38B50024ED
:10BBD0004FF400458C462146C0FB05C1002360465A
:10BBE000D5F796F9C117FFF7AFFF054A47F6FF7380
:10BBF000C0FB0234DB0B43EA444038BD3F420F0038
:10BC000040420F0038B50446EFF31185202383F33B
:10BC10001288BFF36F8F437B5B070FD5183007F097
:10BC20007DF8637B23F0040320466373FFF7CCFCAD
:10BC300029460548BDE83840FFF76EBE85F31188F8
:10BC4000BFF36F8F38BD00BF58850020014B986847
:10BC5000704700BF8C8400202DE9F8430446077B21
:10BC6000EFF31185202383F31288BFF36F8F437B9B
:10BC7000190705D585F31188BFF36F8FBDE8F883E9
:10BC8000D90943F008025DD14273A36813B120467D
:10BC900006F0E8FD04F1180007F040F8A66D04F185
:10BCA0005808B04511D04FF0000976B1304606F083
:10BCB000D9FD06F1180007F031F8C6F8B09030460B
:10BCC000FFF782FCA66DB045EFD1DFF8C080D8F851
:10BCD00008309C423ED1EFF30589B9F1000918BF45
:10BCE0004FF00109D8F81860294A964200D00EB9E1
:10BCF000D8F80C60B34202D0304600F043F9204639
:10BD0000C8F8146000F096F9B9F1000F02D021488C
:10BD1000FFF730FCD8F808309C4231D1EFF30583AF
:10BD200073BB227BD20718D42846FFF733FCFB07EE
:10BD3000A4D5002383F31188BFF36F8F0423184623
:10BD400002DF9BE703F07F0343F00803437306F031
:10BD500081FD9AE74FF00009C4E785F31188BFF32E
:10BD60006F8F83F31188BFF36F8F0423184602DFB0
:10BD7000EFF31180202383F31288BFF36F8FD4E792
:10BD800085F31188BFF36F8FD1E700BF8C8400204B
:10BD9000A484002058350020F8B5014615461C46FD
:10BDA000EFF31186202383F31288BFF36F8F437B59
:10BDB0001B0720D454EA020323D0154FB8688842E9
:10BDC00022D08A6800F158039A421DD0583106F0FB
:10BDD00053FDB4F1FF3F08BFB5F1FF3F06D0B8688F
:10BDE0000C492A462346183000F0CAF93046BDE80F
:10BDF000F840FFF7CFBB002086F31188BFF36F8FA9
:10BE0000F8BD6FF00F00F7E76FF02C00F4E700BF0C
:10BE10008C84002043290300D3B5DDE90667089C24
:10BE2000CDE90067FFF7FCFC1CB1034B9B681B6965
:10BE3000236002B0D0BD00BF8C8400202DE9F04704
:10BE40008CB0CDE90912054690460024DDE91423A3
:10BE500004A889460B9406F088FFDDE90467EFF338
:10BE60001183202282F31288BFF36F8F089395F815
:10BE70002C308DF81F409A074AD405F1040A2A8A0B
:10BE80002B899B1A6A699BB29A4205D105F124005D
:10BE900006F010FE8DF81F000B995046A8EB01022A
:10BEA000494403F00FFB0B9BC41844450B940CD181
:10BEB00044469DF81F3073B3089905F11800FFF749
:10BEC0002BFD20460CB0BDE8F08795F82C30DB0741
:10BED00004D4002C08BF6FF01F04EAE7114B9B68E5
:10BEE00009AA1A610DF11F03CDE90067029308AAA0
:10BEF000294605F11C0006F0A4FD04460028BED02A
:10BF000010F10B0FD5D10B9B002B18BF1C46D0E7AF
:10BF10006FF08B04CDE7089B83F31188BFF36F8F1D
:10BF2000CFE700BF8C840020044BC01A044BC01024
:10BF30005843044B01221A54704700BF10360020AA
:10BF4000ABAAAAAA59850020C3897F2B12D80A4B15
:10BF50001B6863B1094B90F90E201B689A4209DBFC
:10BF6000437BDB0606D1064BC31A18BF012303F03F
:10BF7000010070470023FAE7C0840020BC84002041
:10BF80001033002070B50E4B0E4C1E7C06EB4603A2
:10BF900004EBC3040546204606F0C0FE0A4B00220F
:10BFA00028469A55FFF7D0FF48B1084B08491A6850
:10BFB000013A2046D317BDE8704000F0E1B870BDEB
:10BFC0008C8400201036002059850020C084002079
:10BFD00029BF020038B5EFF31185202383F31288BF
:10BFE000BFF36F8F104B114A9C681068A04206D1B6
:10BFF000FFF7C8FF85F31188BFF36F8F38BD0021AD
:10C000001B7C11600A4AD35C002BF3D02046FFF75B
:10C010009BFF0028EED0637BDB0602D12046FFF7B2
:10C020003FFB2046E4E700BF8C840020B88400205A
:10C0300059850020EFF31181202383F31288BFF389
:10C040006F8F0A4A136A834207D15B6F136281F3D1
:10C050001188BFF36F8F70471346002BF7D05A6FCC
:10C060008242F9D1426F5A67F1E700BF8C84002009
:10C07000F8B505460E46EFF31187202383F31288A7
:10C08000BFF36F8F064B1C6A24B987F31188BFF387
:10C090006F8FF8BD20463146A847646FF4E700BFB4
:10C0A0008C840020F8B506460F46EFF3118320225A
:10C0B00082F31288BFF36F8F0B490C6A154624B9BF
:10C0C00083F31188BFF36F8FF8BD83F31188BFF33B
:10C0D0006F8F39462046B047EFF3118385F31288FE
:10C0E000BFF36F8F646FEAE78C8400200748084A2B
:10C0F000084908B5121A05F0DFFF0748074A084942
:10C10000BDE80840121A05F0D7BF00BF00000020AC
:10C11000C805002038B40300000000200000002003
:10C1200038B40300024B1868984208BF00207047DB
:10C1300048040020034B1B680BB9FCF7BDBD002071
:10C14000704700BFC484002030B570B10B4B5B68F2
:10C1500098420AD0036843B1D3E90421D0E90445E9
:10C16000121941EB0501C3E90421D0E90032136043
:10C170005A600023C0E9003330BD00BF48040020EE
:10C18000B3F1FF3F08BFB2F1FF3FF8B504461D46CB
:10C1900017465AD08160EFF31186202383F312886B
:10C1A000BFF36F8F013275F1FF3316DBFFF7C2FF6C
:10C1B0007B1C45F100051B1845EBE070C4E9043019
:10C1C000FFF7B0FF264F84467868BCF1000F18D106
:10C1D000C4E9007004607C6027E02249D1E90020B6
:10C1E0006FF001039B1A4FF0FF3262EB0000DB1B84
:10C1F00060EB0500012B70F10002BCBF01230020A1
:10C20000DCE7DCE90425D4E90431934271EB050E47
:10C210001CDAD21ADCF8043065EB0105CCE9042500
:10C22000C4E900C31C60CCF80440FFF77BFF8442E4
:10C2300007D10D4B1C6824B906F057FD2146FCF7C9
:10C240000DFD86F31188BFF36F8FF8BD9B1A61EB6C
:10C2500005018445C4E90431BAD0DCF800C0B4E774
:10C260004804002028360020C48400202DE9F0472F
:10C27000EFF31185202383F31288BFF36F8FDFF86C
:10C28000A090DFF8A080C9F80000FFF74BFF002660
:10C290000027D9F80030D8E900ECD91750B1D0E91F
:10C2A0000442A34271EB020A1ADAE41A62EB0102B9
:10C2B000C0E9044213EB0E034CEB01010024C8E972
:10C2C0000031C9F8004006F010FD2146FCF7C6FC1D
:10C2D00085F31188BFF36F8FBDE8F047FFF77ABE93
:10C2E00014EB0E024CEBE473C0E90467C8E90023C9
:10C2F000FFF72AFF85F31188BFF36F8F8368984794
:10C30000EFF31185202383F31288BFF36F8FD9F8E1
:10C3100000301B1BC9F80030FFF704FFB9E700BF6E
:10C32000C48400202836002010B5EFF311842023A8
:10C3300083F31288BFF36F8FFFF7FCFE054A0346B5
:10C34000D2E90001181841EBE37184F31188BFF3BF
:10C350006F8F10BD28360020F8B50446EFF3118723
:10C36000202383F31288BFF36F8F026822B187F313
:10C370001188BFF36F8FF8BDD0E90A36581C46F11B
:10C380000001022871F1000127D3012B76F1000191
:10C39000BCBF012316465D1E46F1FF3606F0E3FCE6
:10C3A000013041F10001401946EB0101012871F112
:10C3B00000013ADB06F0D7FC013041F100016FF0DB
:10C3C0000102401946EB0103121A4FF0FF3161EBF5
:10C3D000030318492046FFF7D3FE236B0133236381
:10C3E000236A6BB187F31188BFF36F8F236A2046EE
:10C3F0009847EFF31187202383F31288BFF36F8FE1
:10C4000054F8185FA542B2D0002DB0D0284606F0EF
:10C410006AFA0023C5F8B03087F31188BFF36F8F35
:10C420002846BDE8F84006F04FBA6FF001024FF021
:10C43000FF33CEE759C302002DE9F04105461C4603
:10C4400090461F46EFF31186202383F31288BFF333
:10C450006F8FB4F1FF3F08BFB2F1FF3F05D186F304
:10C460001188BFF36F8FBDE8F081531C74F1FF3367
:10C4700009DB012A74F10003BCBF0122002412F180
:10C48000FF3844F1FF37284606F048FCDDE9060195
:10C490000023C5E90A012B63034942463B4628466F
:10C4A000FFF76EFEDBE700BF59C3020037B5044655
:10C4B000EFF31181202585F31288BFF36F8F006B96
:10C4C00098B923688BB14FF0FF334FF0FF32CDE9BD
:10C4D00000230A4804F11802FFF7A2F9EFF31181D3
:10C4E00085F31288BFF36F8F206B0023236381F3E2
:10C4F0001188BFF36F8F03B030BD00BF5A85002095
:10C50000F0B51423154E03FB01000024202701B9C8
:10C51000F0BD10F8073C40F80C4C03F03F03102B23
:10C52000A0F1140C0CD826FA03F3DB0708D550F859
:10C53000143C2BB150F8105C2B605D6040E9054461
:10C5400082F31188BFF36F8FEFF3118287F31288A4
:10C55000BFF36F8F01396046D9E700BF16010100B4
:10C560002DE9F74F1D46274B9F68012387F8603060
:10C5700087F8613052EA050316460CBF01230023F9
:10C5800007F16002804606F097FC8146EFF3118BBD
:10C590004FF0200A8AF31288BFF36F8F97F860403C
:10C5A0004CB901465A464046FFF7AAFF8BF3118863
:10C5B000BFF36F8F0BE0002387F8603056EA050366
:10C5C00009D18BF31188BFF36F8F6FF00A042046F7
:10C5D00003B0BDE8F08FCDE900650B4A0B48594622
:10C5E000FFF71EF90446EFF311858AF31288BFF3B3
:10C5F0006F8F2A4649464046FFF782FF85F3118830
:10C60000D6E700BF8C840020500400205B8500200A
:10C6100038B50346EFF31185202282F31288BFF369
:10C620006F8FC160012181600068834206D185F36C
:10C630001188BFF36F8F0024204638BDD0E9003247
:10C6400013605A600023C0E9003306F0B7FC2946A6
:10C6500004460248FFF760F9EEE700BF5B85002063
:10C660000A460146014806F027BD00BFEC04002041
:10C67000014BC0F8A4307047EC04002038B50446E4
:10C680000D4606F0B8F828B9064B9B68D3F8A430DD
:10C690000BB938BD044B2A4621461846BDE8384040
:10C6A00006F00ABD8C840020EC04002070B507F071
:10C6B00069F8094C094A2358094905195A436E6813
:10C6C00001FB0622A3FB0131013342EB010223509F
:10C6D0006A6022F0004070BD080000002DF451583F
:10C6E0002D7F954C00B5014607F04CF8034BC2185E
:10C6F0001950002353605DF804FB00BF08000000E0
:10C700000FB407B5064B04AA186852F8041B01922F
:10C7100000F0B8FB03B05DF804EB04B0704700BF55
:10C72000C44F0300014B196807F010B8C44F030051
:10C73000F8B50E4B1D68AB789B07064612D56F689F
:10C7400016F8014B29462CB90A20B847002805DB0A
:10C75000204609E02046B8470028F1DAAB7843F0DC
:10C760000403AB704FF0FF30F8BD00BFC44F0300AF
:10C770000CB430B589B005460C461C22002101A836
:10C7800006F0E5FC02238DF806300E4B029305956A
:10C7900023462CB1B4F1004F28BF4FF00043013BBA
:10C7A0001D440DAA0C99069501A8009200F06AFBA1
:10C7B00014B1059B00221A7009B0BDE8304002B0E8
:10C7C000704700BF3D3703000EB470B589B00DADA2
:10C7D00004461C22002101A855F8046B06F0B7FCA2
:10C7E00002238DF806300B4B029304F10043013B0A
:10C7F0002A46314601A806930594009500F042FBB5
:10C800000028A4BF0023235409B0BDE8704003B042
:10C81000704700BF3D3703002DE9F84F00228046E6
:10C82000894618F80230202B02F1010100F0A181A5
:10C83000A3F10900042840F29C812B2B0D4633D034
:10C840002D2B36D01846042440F02003692B32D01B
:10C850006E2B62D000224FF00A0A96469446134689
:10C86000114614F400666DD040F02007A7F1610B6B
:10C87000BBF1050F66D8573FFFB2BA4540F3F480CD
:10C8800044F08006E005B6B26AD5F40506F40070FF
:10C890007BD5002F18BF4CF0010C00B9013218F8FD
:10C8A000050034460135DCE7042418F80100951C26
:10C8B000CAE74424F9E7B04BB04F002613F8011B38
:10C8C00051B118F8052042F020028A4205F101001A
:10C8D00027D0AB4A934231D132463B4630463946A7
:10C8E000D4F74CF850B918F80530282B06D101358B
:10C8F00018F80530292B05F1010514D1630602D57E
:10C9000007F100431F46B9F1000F02D04544C9F8B2
:10C91000005030463946BDE8F88F9A4B9A4F0026B2
:10C92000CCE70546CAE723F02002413A192ADFD9AD
:10C93000A3F13002092ADBD95F2BD9D000260027CA
:10C940000025E0E7A0F13007FFB257452DDA44F0AB
:10C95000800614F48070B6B297D1BAF10A0F06D0EF
:10C96000BEF10F0F91DD44F4C076B6B28DE7BEF193
:10C97000100F8ADD44F4C076042FB6B285D9052F96
:10C9800008BF07464FF0020C7FE700B1013AAAFB4F
:10C990000334FB180AFB014444F1000153EA01008F
:10C9A0003FF47DAF0EF1010E79E7FE2F5CD1A705B4
:10C9B00056D52006C2D5002E40F0988053EA0100DB
:10C9C00005F1FF3500F0D280200540F1B38036320A
:10C9D000B1F5800FC0F093806C4FB1F5000F80F07F
:10C9E0009280BA42C0F28F804CEA030303F0030640
:10C9F000032E084604D003F00606062E40F08C8075
:10CA0000043341F10000B0F5000FC0F08580013221
:10CA1000B2F5806F80F2A78000234FF4801102F2FC
:10CA2000FF3221F4801141EA0257184639461E466A
:10CA300001F02AFC0138022804D806F0A3FE544B6A
:10CA400022221A503046394601F01EFC01380228D5
:10CA50003FF654AF06F096FE4D4B22221A504DE79A
:10CA600044F40076B6B21AE740F02000782804F0CB
:10CA7000800709D147B153EA010A05D144F40066A1
:10CA8000B6B24FF0100A0AE7002F3FF457AF7EB35B
:10CA900092007026864291D118F805002B2805F1E6
:10CAA000010604D02D2825D144F48064A4B218F8DE
:10CAB0000600A0F13006092E80D8AE1C354640F2A3
:10CAC000D34A00264FF00A0B5645DCBF30380BFB2B
:10CAD000060618F80500A0F13007092F05F1010539
:10CAE000F2D9670548BF7642324467E72E20CFE788
:10CAF0006526CFE7A0F13007092FDFD95EE7DB1805
:10CB00004941013A64E75E0846EAC17603F0010351
:10CB100033434908013260E7B2F5806F23DA9B089E
:10CB2000B0F5800F43EA80734FEA9001BFF477AF0E
:10CB3000002278E70EEB020010F5A27F10DDB0F5C1
:10CB40009B7F10DA03F0010040EA0C0001308008FE
:10CB5000181841F1000100F077FE06460F4671E714
:10CB6000002600276EE7054F00266BE7002600270A
:10CB7000C4E60A4655E600BF25B403000000F07F76
:10CB800028B4030022B403000000F87F02FCFFFF7A
:10CB900014000000242A2DE9F041044601D8012A9E
:10CBA0004CD106F0EFFD354B16221A5001B10C6046
:10CBB00000273846BDE8F08135462E4616F8010BB1
:10CBC0002028F9D0A0F10907042F0346F4D92B2817
:10CBD00036D02D2837D14FF0010C6B78AE1C302B9E
:10CBE00038D1307840F0200078282FD132F0100072
:10CBF0002CD173783446102202360CF100400138F3
:10CC00000027B0FBF2FE02FB1E08392B82BF03F1A6
:10CC1000FF3343F02003263B303B9A421ED9774531
:10CC200002DC03D1984501D24CF0020C354607FBDB
:10CC3000023715F8013B34462E46E6E70546BCE7C9
:10CC40004FF0000CC9E74FF0000CC8E7002A08BFFE
:10CC50000822D2E7002A08BF0A22CEE701B10C6001
:10CC60001CF0010F18BF7F421CF0020FA1D0074635
:10CC700006F088FD014B22221A509AE714000000AA
:10CC8000242AF0B5044601D8012A40D106F07AFDE5
:10CC90002D4B16221A5001B10C600020F0BD2F461A
:10CCA0003D4615F8010B2028F9D0A0F10906042E05
:10CCB0000346F4D92B282CD02D282CD101267B78A3
:10CCC000BD1C302B2DD1287840F02000782824D1AD
:10CCD00032F0100021D16B782C4610220235002052
:10CCE000392B82BF03F1FF3343F02003263B303B57
:10CCF0009A421AD9A0FB02040CB9C01801D346F01D
:10CD000002062F462C4617F8013B3D46E8E707464A
:10CD1000C6E70026D3E70026D3E7002A08BF08228B
:10CD2000DDE7002A08BF0A22D9E701B10C60F2074B
:10CD300048BF4042B307B1D506F024FD024B222282
:10CD40001A504FF0FF30A9E7140000002DE9F04120
:10CD500001260746B24201DCBDE8F0813B461F4692
:10CD600013F8014B002CF7D0252CF8D11C78252C7A
:10CD700007F10207F2D00023DFF804819C461D462C
:10CD80001F2D18D8A4F1200EBEF1100F09D9A4F15F
:10CD9000300EBEF1090F1ED80A2404FB03E3202540
:10CDA00004E028FA0EFE1EF0010F06D017F8014B22
:10CDB000002CE5D128E07F2D1CD8A4F1300EBEF167
:10CDC000090FE9D9242C10D1BCF1000F46D0B34291
:10CDD00046D00023EAE724F0040EBEF12A0FF8D073
:10CDE0006C2C09D145F08005E0E724F0040EBEF17B
:10CDF0002A0FEED06C2C22D06C2C1BD8682C23D0A0
:10CE00006A2C28D04C2C26D0BCF1000FA4D0B445FD
:10CE1000A0D144F02007A7F1650CBCF1020F0B680C
:10CE200001D9612F1ED1073323F0070308330B60AC
:10CE300001368EE7742CB9D07A2CB7D0E4E72C06F3
:10CE400048BF45F40075CDE7EC0548BF45F40075D3
:10CE500045F48075AAE745F42075A7E79C46B8E736
:10CE60006324D6E7692C02D007D8632C03D02F06A1
:10CE700001D5AC05D7D40433D9E7732CF6E700BF4E
:10CE8000892801002DE9F04F95B04368039383781A
:10CE900080469807CDE9081217D50D920B4600255C
:10CEA0001F78A7B1252F16D001330793039B414666
:10CEB00038469847002805F1010580F2398498F832
:10CEC000023043F0040388F802304FF0FF35284663
:10CED00015B0BDE8F08F5F789A1C252F0792E5D03A
:10CEE00000242646A246A346BBF11F0F32D8A7F165
:10CEF0002003102B0AD8DFE803F02409092A0909C6
:10CF0000091B09090922092709091900A7F130039A
:10CF1000092B2DD92A2F39D154B90D9B1BF0400F65
:10CF200053F8042B0D9329D0164601E04BF0010B6A
:10CF3000079B13F8017B0793002FD5D15BE04BF0E3
:10CF4000020B4BF0040BF3E74BF0080BF0E74BF050
:10CF5000100BEDE7BBF17F0F3FD8A7F13003092B92
:10CF6000D8D81BF0400F03D00A2202FB0636DFE7B9
:10CF70000A2202FB0A3A4BF0200BD9E7B2F1000A71
:10CF8000F9DACAF1000A4BF0280BD1E72E2F05D1B0
:10CF90001BF0400F9BD14BF0400BC9E7242F1CD155
:10CFA000002C00F04281099B0D931BF0400F0AD129
:10CFB000524608980DA9FFF7C9FE0D9B1A1DD3F81C
:10CFC00000A00D92B4E7324608980DA9FFF7BEFE07
:10CFD0000D9B1A1D1E680D92AAE76C2F00F012819E
:10CFE00000F20981682F00F015816A2F00F01A8184
:10CFF0004C2F00F0178134B1099B08980D932246FD
:10D000000DA9FFF7A3FE002E47F02009B8BF2BF0B3
:10D01000400BA9F16503BCBF1FFA8BFB0026022B56
:10D0200040F20881B9F1610F40F06782FF4307F0D9
:10D03000200306930D9B073323F007031BF0400FDB
:10D04000D3E9000103F1080208BF4FF0FF36069B49
:10D050000D9200930EAA334606F0DCFA0130C3B2FB
:10D06000B3424BF4C054049301DB049B5E1E0123C6
:10D070000E9F0593A3464FF0700907F10903122B89
:10D080000DD907F16303C62B40F20F8107F2E73396
:10D0900040F2CE72934294BF0323042305939DF87C
:10D0A0003C2002F00C0312F0010240F019811BF049
:10D0B000020F40F012811BF0040400F0F880002BF6
:10D0C00040F0118120231BF4405F1FD1049A50329D
:10D0D000002E6A4408BF0126133A049921B112F8C0
:10D0E000011D302900F036811BF0100F049A18BF83
:10D0F0003246391DC0F23381B74280F23081BA42E4
:10D100004BF4005B40F32D817E1C961B1BF40052F8
:10D110000A9200F0288127EAE774013403B1013450
:10D12000002E00F02881721C1444A245CCBFAAEB4B
:10D13000040400241BF0090F04D12C44A54240F044
:10D140001F81002443B118464146039B984700289D
:10D1500005F10105FFF6B3AE1BF4006F13D0039B7E
:10D160004146302098470028FFF6A9AE069BC3F140
:10D1700078004146039B00F0F8009847002805F12D
:10D180000205FFF69CAE1BF0080F05D12C44AC4203
:10D1900040F00281254600240A9B002B00F01C81F0
:10D1A00027EAE77AA7EB0A077642049BBB4284BFD3
:10D1B0000EABFB180AF1FF3A88BF5879039B98BF62
:10D1C0003020564505F10109414600F3EF809847AC
:10D1D000002807F10107FFF672AEBAF1FF3F08D150
:10D1E000039B41462E2098470028FFF668AE05F1C4
:10D1F00002094D46D9E7742F3FF49AAE7A2F3FF4D7
:10D2000097AEF8E61BF0800F18BF4BF4007B4BF095
:10D21000800B8DE61BF4807F18BF4BF4007B4BF432
:10D22000807B85E64BF4207B82E62646B346544657
:10D23000B2467DE6FF4307F0200306930D9B0733BC
:10D2400023F007031BF0400F03F1080208BF062676
:10D25000B9F1650FD3E900010D9213D1731C0022BF
:10D26000DBB24BF4805B1446112BCDE9002428BFC0
:10D2700011230EAA00F0DAFBC3B2049302230E9F1F
:10D280000593FAE6B9F1660F05D14BF4005B34461D
:10D2900001221123E8E7F3B2012B4FF0000238BF5F
:10D2A000012314464FF06509DEE70223F6E6002B62
:10D2B0003FF409AFBAF1030F3BDC9DF83C30A64EBA
:10D2C00013F0080FA54B08BF1E463746B94617F89E
:10D2D000010BB0BBAE1BB1447BE033BB2B23F2E6AA
:10D2E0002BBB2D23EFE62022BAF1040F13DD1BF038
:10D2F000080FAAF104040FD12C44039B0492414669
:10D3000020209847002805F10105FFF6D8ADA54279
:10D31000049AF2D19AB10024039B414610469847E3
:10D32000002805F10105C8DAC9E52B22DCE72D222A
:10D33000DAE71BF0080FAAF10304BED1DCE71446BC
:10D34000BBE7069BC01A4146039BC0B29847002822
:10D35000BCDAB4E504990139C9B20491BDE6561EA0
:10D36000D4E60026D2E61BF4006F059A0CBF032416
:10D3700005241444D2E61BF0100F18BF0134D4E684
:10D380000B934146039B2020984700280B9B05F1F7
:10D390000105BFF6D3AE92E5039B41463020984786
:10D3A000002805F10105BFF6F2AE88E59847002890
:10D3B000FFF685AD1BF0100F0BD0BAF1FF3F08D17F
:10D3C00005F1020941462E20039B98470028FFF6ED
:10D3D00076AD4D464C4433E29DF83D00039B4146FB
:10D3E00098470028FFF66BAD002E69DD039B414690
:10D3F0002E2098470028FFF662AD4FF0010A049BEB
:10D400009A45BBBF0EAB534430205879039B41462D
:10D4100098470028D346FFF652AD0AF1010A564557
:10D42000EDDA02355D44069BA9EB03004146039B00
:10D43000C0B298470028FFF642AD002FB4BF2D20A0
:10D440002B20039B4146B8BF7F4298470028FFF638
:10D4500036AD059B042B41D14FF47A79B7FBF9F631
:10D4600006F13000039B4146C0B29847002805F101
:10D470000305FFF624AD09FB16774FF06409B7FBEF
:10D48000F9F606F13000039B4146C0B298470028E8
:10D4900005F10105FFF613AD09FB16774FF00A09F8
:10D4A000B7FBF9F606F13000039B4146C0B298473E
:10D4B000002805F10105FFF602AD09FB167715E01E
:10D4C0001BF0100F01D10135ADE7039B41462E2023
:10D4D0009847002805F10205A5DAF0E4059B032B27
:10D4E00005F10205C9D0059B012BD7D107F130000A
:10D4F00005F101094146C0B266E7A7F16303122BAB
:10D5000000F2FF80DFE813F013005700FD00FD007C
:10D51000FD00FD005700FD00FD00FD00FD00FD00C9
:10D520001701F800FD00FD002C00FD00B9000D9B67
:10D530001A1D1B680D928DF8383001240EAF1BF0B8
:10D54000080F2ED03E19B946B1452CD1EF1BB94476
:10D55000AAEB04043DE700BF2DB403004D7903009E
:10D560000D9B1A1D0D921F68AB4B002F08BF1F4665
:10D570001BF0400F14BF31464FF0FF31384605F025
:10D58000C3FE0446DBE7039B414620209847002862
:10D59000FFF695AC013EB442F5D35544AD1BB246FF
:10D5A000D0E75646F7E719F8010B039B4146984729
:10D5B0000028C9DA83E41BF0800F0D9B35D01BF4E3
:10D5C000007F2DD0073323F00703D3E9000103F1D7
:10D5D00008020D922BF0100900291FFA89F936DA9A
:10D5E000404261EB410149F480690DF1380B0A2397
:10D5F0005A4605F0C1FE19F0400FA0EB0B0B65D0A9
:10D6000029F001025E4592B240F3B280002F00F093
:10D61000A98019F010033446914626D002345CE00C
:10D620001A1D18680D92C117D4E71A1D1BF4807FCC
:10D6300019680D9201D10846F5E71BF4007F15BF6C
:10D6400048B208B241F3C01141F3C031C2E750EA19
:10D650000103CAD11BF0400FC7D0002EC5D12BF05B
:10D66000110B1FFA8BF93446B34640F2064319EA10
:10D6700003031CBF013400232FE02BF0100B1FFA13
:10D680008BFB0A231BF080040D9A57D01BF400710A
:10D690001DBF073222F0070202F10801101D19BF59
:10D6A0000D91D2E900010D90106850EA010252D1AB
:10D6B0002BF016091BF0400F1FFA89F94FD0002EEE
:10D6C0004DD12BF0170B1FFA8BF9B34619F010034D
:10D6D00052D0002F4ED10BF1010419F0080F5ED18A
:10D6E00019F0010F06D0A2456EDDAAEB040404EB8D
:10D6F0000B06544622464DE04BF0100B10237827C2
:10D70000C0E7B9F1780F04D1C7F1780343F01003F3
:10D71000B8E7039B4146252098470028FFF6CFAB8A
:10D72000039B4146384698470028FFF6C8AB0235B0
:10D73000079BFFF7B5BB08230027A3E7111D0D9139
:10D740001BF480711068B0D01BF400711ABFC0B216
:10D75000214680B2A9E72BF0060B1FFA8BF90DF1D9
:10D76000380B45E729F011091FFA89F934467CE79F
:10D770009146ABE75C4651E75C4676E7CDE904238A
:10D780004146039B202098470028FFF698AB049A57
:10D79000059B01329245F1DC2C1BA5181446F3B110
:10D7A000039B4146302098470028FFF688AB6FB9AD
:10D7B0000135A9462E44A6EB09035B4521DC5D46F5
:10D7C0000EAE5DBBD944C3E65E4693E702354146E3
:10D7D0003846039B98470028EBDAFFF770BB40F20E
:10D7E000064319EA030FE4D019F0020F14BF2B20EF
:10D7F000202019F4806F05F10105414618BF2D2046
:10D80000E7E7039B414630209847002809F10109CA
:10D81000D1DAFFF754BB00BF31B40300013D039BD5
:10D82000705D414698470028CBDAFFF748BB039B61
:10D83000414620209847002805F10105FFF63FAB3F
:10D84000631B002BF3DC73E72DE9FF478046164688
:10D850000F46002900F09E80B1FA81F4341B002E9F
:10D8600004F10A04C0F29E80304600F039FB044403
:10D87000304600F03BFBA4EB0609054669463046FE
:10D8800000F05CFBA9EB05037D336A464046394650
:10D8900005F09AFDA64282460D467FDCB9F13F0FA6
:10D8A0007EDC4FF0FF33A9F1200003FA00F003FA09
:10D8B00009F2C9F12001024323FA01F10A4303FAF4
:10D8C00009F328EA030327EA020213430CBF0120ED
:10D8D0000020002D00F08880B5FA85F3E31A03F2EA
:10D8E0003E4340F2FE72934200F38780002B23EA0E
:10D8F000E376CCBF32460122121BA2F23341C1F1C2
:10D90000200CA2F23447A2F253442AFA01F305FA9A
:10D910000CFC43EA0C0325FA04F4C7F1200EA2F232
:10D92000544C234305FA0EFE2AFA07F425FA0CFCA0
:10D9300044EA0E0444EA0C0414F0010F25FA01F144
:10D94000C7F1200CA2F2544252D0A8B14FF0FF30E0
:10D9500000FA02F200FA07F4144320FA0CF2B8407D
:10D9600014432AEA000A03F0010225EA04054AEA00
:10D97000020A5AEA050A3BD0013341F10002C2F320
:10D98000130253EA020136D0184642EA065104B0A7
:10D99000BDE8F087B0FA80F420345FE7012098E713
:10D9A000002096E7C6F10009484600F09FFA241AC5
:10D9B000484600F09BFAA61B0546694648462E4499
:10D9C00000F030FB06F17C036A464046394605F01C
:10D9D000FBFC82460D464046394600F097FA8145E9
:10D9E0008CBF0020012074E7BAFA8AF3203375E770
:10D9F000C1F31302C8E70136C6E701490020C6E7B4
:10DA00000000F07F1FB502AB0093074A4FF0CC3304
:10DA100005F0C6FDDDE90201C00840EA4170C90811
:10DA200005B05DF804FB00BFCDCCCCCC2DE9F04FA8
:10DA30009BB0044605920A460A93C2F30A559DF824
:10DA400090300B93D20FC1F313030992090D7DB9E6
:10DA500050EA03021BD1059A30235371099B1560CC
:10DA600043F002031371012738461BB0BDE8F08F65
:10DA700040F2FF7295424AD10343099B059A14BFB5
:10DA800043F0080343F0040313710027ECE700F0B0
:10DA9000010208924FEA83080122AC4D48EA9078CF
:10DAA00087009A461646C5F1000B5846069200F0CC
:10DAB00011FAB5F1FF3FACBF8146A0F10109ABEB14
:10DAC000090B09EB05035846049300F017FA16A951
:10DAD000A0F17D05584600F031FA12AB069A019389
:10DAE000A9EB050510AB0292009320462B4616AA1F
:10DAF000514605F09AFCB9F1010F04460D4600F2BB
:10DB0000D280089B002B40F0C58001276BE043F4D6
:10DB1000801A00F001024FEA8A080343A5F2354556
:10DB2000089248EA90784FEA800749D140F2FE73A4
:10DB300019420CBF01260026002D3246B3DB2846D1
:10DB400000F0C2F9032DC8BF0138049000F0D6F9E7
:10DB5000049B7C305D1B054416A9184600F062FA50
:10DB600012AB019310AB009320462B46029616AAE7
:10DB7000514605F05AFC049B152B04460D4600F255
:10DB8000868014AB724A009338464FF0CC3341463E
:10DB900005F006FD149B159A9B0843EA827303EB7C
:10DBA0008303BB42DDE9109A0CD13846414600F0B0
:10DBB000ADF9049B83428CBF00270127002612E0A9
:10DBC0000126B9E7089B002B51D1013F48F1FF31F5
:10DBD000B81B61F1000100F099F9049B089F834292
:10DBE0008CBF002601260B9B002B40F09180DDF8B6
:10DBF00028B04FF00008CDE906884FF00A0ADDE9A9
:10DC00001001FFF7FFFE129B0E93CDE90C011846A1
:10DC10001399FFF7F7FE0C9B0D9A0F9198420B4654
:10DC20009341814680F08E8020462946FFF7EAFE28
:10DC30000E9A0AFB09F3934214BF002606F0010670
:10DC40000C9B10930D9BCDE911390F9B1393079BF0
:10DC5000B8F1000F14BF002707F0010701330AFBDA
:10DC600010485FFA88F8079304460D46C7E7B81CCA
:10DC700048F1000100F04AF9049B83428CBF002068
:10DC80000120B9EB00006AF10002CDE91002002783
:10DC90003E46A8E7109B119A013B42F1FF32CDE9C5
:10DCA000103201278AE7B9F13E0FF0D84FF0FF3369
:10DCB000A9F1200003FA09F203FA00F0C9F12001EA
:10DCC00023FA01F102430A4303FA09F327EA03079F
:10DCD00028EA020857EA08070CBF012700276DE76A
:10DCE00000FB02FCA1FB0012013362448C4275EB85
:10DCF000020CF5D2049ADDF828B01344259A134497
:10DD0000D20F9342B8BF13469B45A8BF9B4670E70E
:10DD10000A21002201230846E8E70AFB03F0A2FBE0
:10DD20000A2301310344944275EB0300F5D25945AF
:10DD300010DDBBF1000F02D154EA05030AD0012324
:10DD4000069371E70A2200230121ECE7CCFBFFFFD9
:10DD5000CDCCCCCC002E2FD04FF00A0A129B1399B9
:10DD60000D931846FFF74EFE0D9B0C910AFB00F237
:10DD70009A42814620D1DDE91001FFF743FE0E9063
:10DD80000D9120462946FFF73DFE0D9B0E9A1092FD
:10DD9000CDE911390C9B1393079BB8F1000F14BF09
:10DDA000002707F0010701330AFB10485FFA88F8E3
:10DDB000079304460D46D1E7DDF81090079B994480
:10DDC000002F5AD0B8F1050F57D114F001034AD1F2
:10DDD000069A32B9DDE912239D4208BF94425FD012
:10DDE000069B18194FF00A0445F100010022012694
:10DDF0002546A04271EB020755D2EBB1B3451BDAC1
:10DE00000B9B6BB1259ADDF828B006EB0903134490
:10DE1000012BB8BF01239B45A8BF9B465E450BDD88
:10DE200005304FF00A024FF0000341F10001D3F733
:10DE30006FF809F10109013E5E45A8BF5E4637B2A1
:10DE40000FFA89F9059B09FA86F607F10508013EE4
:10DE500098444FF00009B9452CDB059B1A461E601B
:10DE6000099B137100E6069B2BB9DDE912239D4245
:10DE700008BF944209D00123B3E7069B53B9DDE9FB
:10DE800012239D4208BF944204D1089B002BF2D17B
:10DE9000002EF0D0B8F1040F94BF00230123A0E7B7
:10DEA0004FF00408F1E705FB02F7A4FB0542013639
:10DEB0003A449EE70A220023D3F72AF8303208F8C2
:10DEC000012D09F10109C6E7014B5843800C704749
:10DED00041340100014B5843000D7047FB2E0B00ED
:10DEE000014B5843C00C70474F931200024B5843EC
:10DEF000C00C0130704700BF4F931200024B5843D3
:10DF0000C00C0130704700BF4F9312000A4A70B531
:10DF100003464FF0CC3600204FF0333506FB03F4B8
:10DF200002FB0144A3FB023121449D4275EB010435
:10DF300001D30130F2E770BDCDCCCCCC2DE9F04F50
:10DF40001A23354EB0FBF3FA03FB1A0389B00446DB
:10DF50000D4606EB0A1653B9D6E90023C1E90023A2
:10DF6000D6E90201C5E9020109B0BDE8F08F2B4AEC
:10DF700002EBC303D3E9008904AB0093D6E9022383
:10DF80004046494605F00CFB06AB0093D6E900235A
:10DF900083460F464046494605F002FBDDE906622E
:10DFA00016EB0B0652EB07084FF0000328BF0123C6
:10DFB000814633B1049B059A013342F10002CDE959
:10DFC000043220460391FFF799FF07461A2000FB11
:10DFD0000AF0FFF793FF3F1A324643460399009732
:10DFE000484605F0F8FA4FEA141C0D4A640004F0A4
:10DFF0001E0352F82C40DC4004F00304241841F1C5
:10E000000001C5E90041DDE904230097304641469F
:10E0100005F0E1FAA6E700BFD8480300084803006E
:10E02000DC7003002DE9F04F1A27DFF8E4A000F1BF
:10E030001905B5FBF7F56F433A1A4FEA051B89B08E
:10E0400004460E460AEB05150AD1D5E90023C1E9BD
:10E050000023D5E90201C6E9020109B0BDE8F08F4D
:10E060002C4B03EBC203D3E9008904AB0093D5E941
:10E0700002234046494605F093FA5AF80B206B6894
:10E08000013ACDE9020106A963F10003009140467F
:10E09000494605F085FADDE906528A4602996D186F
:10E0A000039952EB01084FF0000328BF012381467A
:10E0B00033B1049B059A013342F10002CDE90432E9
:10E0C0003846FFF71BFF07462046FFF717FF3F1AAA
:10E0D0002A46434600974846514605F07CFA4FEAE7
:10E0E000141C0D4A640004F01E0352F82C40DC405E
:10E0F00004F003040134241841F10001C6E9004191
:10E10000DDE9042300972846414605F064FAA2E7BA
:10E11000A849030008480300307103007FB5204A76
:10E1200021F00043934206D80022002307B05DF897
:10E1300004EBD9F721BB1B4A934204D907B05DF821
:10E1400004EB00F0C5B802AAD9F722F900F00300E9
:10E1500001280BD0022813D0C8B9DDE90423DDE97A
:10E160000201D9F709FB07B05DF804FB0090DDE977
:10E170000423DDE90201D9F7B7FB01F10041F2E721
:10E18000DDE90423DDE90201D9F7F6FAF5E7012319
:10E190000093DDE90201DDE90423D9F7A5FBE2E7FD
:10E1A000FB21E93FFFFFEF7F7FB5204A21F00043CD
:10E1B000934208D80023009300220023D9F794FB50
:10E1C00007B05DF804FB1A4A934204D907B05DF822
:10E1D00004EB00F07DB802AAD9F7DAF800F00300EA
:10E1E000012809D002280ED0C0B901230093DDE92F
:10E1F0000201DDE90423E1E7DDE90423DDE90201B1
:10E20000D9F7BAFADCE701230093DDE90201DDE981
:10E210000423D9F769FB01F10041D1E7DDE90423CB
:10E22000DDE90201D9F7A8FAF5E700BFFB21E93FD4
:10E23000FFFFEF7F7FB5124A21F00043934208D8D9
:10E240000123009300220023D9F702FC07B05DF8F8
:10E2500004FB0C4A934204D907B05DF804EB00F0CC
:10E2600037B802AAD9F794F8400000F00200C0F1D4
:10E2700001000090DDE90423DDE90201E4E700BFCD
:10E28000FB21E93FFFFFEF7F0B4631F0004107D153
:10E2900090B10D4A1A40002A14BF04200320704791
:10E2A000094A13420AD0094B994209D9914209D12E
:10E2B000B0FA80F040097047022070470320704791
:10E2C00004207047002070470000F07FFFFFEF7FC1
:10E2D00008B5FFF7D9FF0149002008BD0000F87F0D
:10E2E0002DE9F04FADF5197D12F1140F089304914B
:10E2F000B64BA299099053F821300293089B03F181
:10E30000FF33A8BFD41E0693B2BF0024182394FB8A
:10E31000F3F46FF0170304FB033303EB020A069ACE
:10E32000029B03EB0208A39BA71A03EB870920AE0D
:10E33000002500220023454514DD089A20AB03EB9D
:10E34000C2050DF5E07B4FF00008029B984536DCD6
:10E35000099B0022A3F108090023CDE900232F46E1
:10E3600000261FE0EF420BD459F82500CDE9002329
:10E37000D2F732F8DDE90023E6E802010135DAE7F9
:10E3800010461946F8E7D7E90023F9E90201D2F768
:10E390008DF802460B46DDE90001D1F7D1FECDE94B
:10E3A00000010136069B9E42A7F10807EBDDDDE97F
:10E3B000002308F10108EBE802230835C5E7029BBA
:10E3C000DDF808B00CAA02EB83030B93A39B03EBCD
:10E3D00084030A9398AB03EBCB0353E9284570AB56
:10E3E00003EBCB030DF1300907931F46C8465E4689
:10E3F000002EA7F1080771DC52462046294600F09E
:10E400009FFA00224FF07F5304460D46D2F74EF894
:10E4100000F0FEFA6E4B0022D2F748F802460B4697
:10E4200020462946D1F78AFE0D460446D2F7EEFA79
:10E430000590D1F7D1FF02460B4620462946D1F779
:10E440007DFEBAF1000F06460F466DDD0BF1FF3180
:10E450000CAB059C53F82130CAF1180043FA00F2C6
:10E46000144482409B1A0CAA059442F82130CAF148
:10E47000170213410093009B002B64DD059B0022D3
:10E480000133059314466FF07F40934500F3AC8051
:10E49000BAF1000F07DDBAF1010F00F0BE80BAF14A
:10E4A000020F00F0C580009B022B4CD132463B4648
:10E4B00048490020D1F742FE06460F46002C42D0C4
:10E4C00052464449002000F03BFA02460B463046D3
:10E4D0003946D1F733FE06460F4634E03E4B002264
:10E4E00020462946D1F7E2FFD2F790FAD1F774FF20
:10E4F00002460B46CDE90023384B0022D1F7D6FF68
:10E5000002460B4620462946D1F718FED2F77EFA7E
:10E51000D7E9002348F8040BDDE90001D1F710FE2C
:10E52000013E04460D4663E706D10BF1FF330CAA0A
:10E5300052F82330DB159DE7294B0022D2F73CFA35
:10E54000002840D100900022002330463946D2F7FF
:10E5500015FA002800F0BB800BF1FF33002202996E
:10E560008B426DDA002A00F082800BF1FF3B0CAB8E
:10E57000AAF1180A53F82B30002BF6D05246154951
:10E58000DFF854A0002000F0DBF970AB06460F4620
:10E590004FEACB0403EBCB085D464FF00009002D9A
:10E5A00080F2CB805D46002DC0F2FB800D4B0693C0
:10E5B00070AB03EBC5084FF000094FF0000A0027CD
:10E5C000ABEB0506E1E00223009357E70C73030071
:10E5D000000020400000F03F0000703E000070414D
:10E5E0000000E03FD84A0300494651F8043B54B9C3
:10E5F0006BB10132C3F18073934541F8043C0ADDED
:10E600000B6809F10801C31A41F8043C01230132E7
:10E6100089461C4639E701243AE70BF1FF320CAB7F
:10E6200053F82230C3F316030CA941F822303AE71D
:10E630000BF1FF320CAB53F82230C3F31503F3E7B1
:10E640000CA951F82310013B0A4388E7013453F821
:10E65000042D002AFAD0089B20AA5B440BF1010884
:10E6600002EBC3055C44444504DAA346B2E60B9BC7
:10E670000124ECE70A9B53F82800D1F7ADFE099B73
:10E68000C5E90001083B0093AB464FF000090026A6
:10E690000027069B994507DD079BE3E9026708F120
:10E6A000010807930835DEE70099F1E9022300919C
:10E6B0007BE80201D1F7FAFE02460B4630463946A6
:10E6C000D1F73EFD09F1010906460F46E1E7CAF11F
:10E6D00000023046394600F033F9974B00220446D9
:10E6E0000D46D2F769F900B3944B00222046294623
:10E6F000D1F7DCFED2F78AF90646D1F76DFE8E4BD4
:10E700000022D1F7D3FE0B46024629462046D1F718
:10E7100015FDD2F77BF90CAB0AF1180A43F82B0070
:10E720000BF1010B43F82B6028E720462946D2F76E
:10E730006DF90CAB43F82B0020E70CAB53F8250028
:10E74000D1F74AFE32463B46D1F7B0FE4A4668E86A
:10E750000201534630463946D1F7A8FE013D064630
:10E760000F461CE7DDF818C0FCE80201F8E80223B8
:10E77000CDF818C0D1F79AFE02460B4648465146DE
:10E78000D1F7DEFC013781468A46029B9F4201DCBD
:10E79000BE42E7DA48AB03EBC606C6E9009A013D84
:10E7A00001E7A29B022B09DC002B2CDC4ED0059B41
:10E7B00003F007000DF5197DBDE8F08FA29B032B38
:10E7C000F5D148AB1C442546DA46BAF1000F63DCAC
:10E7D0002546DA46BAF1010F7BDC00200021BBF1AF
:10E7E000010F00F39380009BDDE94878DDE94A568C
:10E7F000002B40F09280049BC3E90078C3E90256E5
:10E80000C3E90401D3E748AB1C445D460020002166
:10E81000002D32DA009B002B35D0024601F1004377
:10E82000049CC4E9002302460B46DDE94801D1F708
:10E8300085FC48AC0125AB4528DA009B13B101F1FA
:10E8400000431946049BC3E90201B0E748AB1C44EE
:10E8500000200021BBF1000F08DA009B13B101F189
:10E8600000431946049BC3E90001A0E774E80223B2
:10E87000D1F766FC0BF1FF3BECE774E80223D1F71C
:10E880005FFC013DC4E702460B46C9E7F4E90223F9
:10E89000D1F756FC0135CEE755E90289D5E90023C9
:10E8A00040464946CDE90223D1F74AFC02460B46D1
:10E8B00006460F4640464946D1F740FCDDE90223B3
:10E8C000D1F73EFC65E802010AF1FF3AC5E90067AD
:10E8D0007BE755E90289D5E9002340464946CDE961
:10E8E0000223D1F72DFC02460B4606460F46404652
:10E8F0004946D1F723FCDDE90223D1F721FC65E885
:10E9000002010AF1FF3AC5E9006763E774E80223F0
:10E91000D1F716FC0BF1FF3B61E7049B049A1F60E3
:10E9200008F100445C609D6006F10043D36001F192
:10E930000043106153613AE7000070410000703EEF
:10E94000F8B51646C1F30A5204460D460B46B2B955
:10E9500021F00047074332D0244B0022D1F7A6FD17
:10E96000C1F30A520D460B4621498E420446A2F1DC
:10E9700036020EDAE80FBDE8F84004F0FBBE40F2C4
:10E98000FF77BA4205D10246D1F7DAFB04460D46BD
:10E9900015E04CF250318E4204DDD80FBDE8F8404E
:10E9A00000F02AB8324440F2FE718A42F5DC002AB7
:10E9B00008DD23F0FF4323F4E00343EA0255204639
:10E9C0002946F8BD12F1350F01DAD80FD3E723F04D
:10E9D000FF43363223F4E00343EA02552046054B59
:10E9E00029460022D1F762FDD0E700BF0000504366
:10E9F000B03CFFFF0000903C10B10349002070477D
:10EA000002490020704700BF0000F0FF0000F07FC7
:10EA1000C1F30A52F8B5A2F2FF36132E04460D4692
:10EA20000B4607461EDC002E0DDA00293EDA21F0E7
:10EA3000004303434FF000021E4B08BF4FF000435A
:10EA40001D46144618E01C4A32411140014313D0C0
:10EA5000002DBEBF4FF4801131415B1823EA020341
:10EA60000022EDE7332E0ADDB6F5806F04D10246B1
:10EA7000D1F766FB04460D4620462946F8BDA2F2B2
:10EA800013414FF0FF32CA400242F5D0002D0ADA9E
:10EA9000142E01D1013306E0C6F134060121B14044
:10EAA00009180F46F6D227EA0202C9E700221346E8
:10EAB000C6E700BF0000F0BFFFFF0F00704708B5BA
:10EAC0000020D9F7BFF9002008BDFEE700EBC10028
:10EAD000408840087047F8B50346FFF7F7FFB0FAE3
:10EAE00080F0C0F11F0003EB800CCA00DCF810605E
:10EAF000171D0C4606328DB256B9012101FA00F0FD
:10EB0000D9680143D960CCF81040DD539D52F8BD5F
:10EB1000F1000431585AD85303EBC0009E52C5800F
:10EB20005D52F4E710B500EBC104E388994202F1AD
:10EB300004010AD1012303FA02F2C36823EA0203A3
:10EB4000C360002340F8213010BDA28840F8213076
:10EB500000EBC20100EBC300CB808280F4E708B574
:10EB60000346FFF7B3FFB0FA80F2C2F11F02184666
:10EB7000BDE80840FFF7D6BF2DE9F843B1FA81F5AB
:10EB8000C5F11F0900EB89080346D8F810200E468E
:10EB9000C2B10327D8F8104018462146FFF796FF68
:10EBA000B04206D34A461846FFF7BCFF2046BDE8F0
:10EBB000F88303EBC404013FE088C8F8100001D0DB
:10EBC0008242E7D1C5F120024FF0FF349440DA6869
:10EBD0001440EBD094FAA4F2B2FA82F2111D53F869
:10EBE00021402146DFE738B50346FFF76FFF0D46AA
:10EBF000044611461846FFF769FF03EBC5050444B8
:10EC0000600068801846FFF761FF014423F8314037
:10EC100038BD38B50346FFF759FF0C46A51A511AFF
:10EC200003EBC40405444800608003EBC2006C00A1
:10EC3000448023F8321018461146FFF747FF01447D
:10EC400023F8315038BD38B50546FFF73FFF0C4675
:10EC5000014405EBC1035B88DA070AD42846FFF7B5
:10EC60007EFF21462846FFF731FF22182846FFF78E
:10EC7000BAFF35F83410611A05EBC1035B88DB0776
:10EC80000CD42846FFF76BFF35F834102246611A82
:10EC90002846FFF7A8FF35F83430E41A2146284605
:10ECA000BDE83840FFF717BF61B100680439091AA1
:10ECB00021F007030344C9085A8822F001025A8050
:10ECC000FFF7C1BF704770B5056809B9002070BD76
:10ECD000AB68B3EBD10FF9D90B31CC0821462846EC
:10ECE000FFF74AFF06460028F0D001462846FFF706
:10ECF000EDFEA04207D932192846FFF78AFF1146D8
:10ED00002846FFF7E8FE05EBC6021046538843F09D
:10ED1000010353800430DAE72DE9F84301F1FF39AC
:10ED200019EA010906680F4614460CD04B420B4005
:10ED3000042B1A464F4628BF0422994664B9002581
:10ED40002846BDE8F883042904D8BDE8F8431146F5
:10ED5000FFF7B9BF0422F1E7B368B3EBD40FEED9E4
:10ED600004F10B013944891AC9083046FFF704FF42
:10ED700080460028E3D009F1040505EBC0057B1EA1
:10ED800035441D44B5FBF7F57D43A5EB09052C443F
:10ED90002B1F07349B1B24F00704A41BB0EBD30FDD
:10EDA0004FEAD3074FEAE40408D201463A46304618
:10EDB000FFF72FFF41463046FFF78DFE39463046BC
:10EDC000FFF784FE3844844207D230462246FFF7DC
:10EDD00020FF21463046FFF77EFE06EBC70673880C
:10EDE00043F001037380ABE72DE9F74F91460468C8
:10EDF000009098460E4631B94246494603B0BDE8F8
:10EE0000F04FFFF789BFB8F1000F06D1FFF74CFFB5
:10EE10000027384603B0BDE8F08FA368B3EBD80FE6
:10EE2000F6D90D1F2D1BED08EF003A1D224429468F
:10EE3000B21A2046FFF74AFE0192019908F10B022F
:10EE40000A4403464FEAD20AB9F1000F03D009F190
:10EE5000FF310E4240D19A450FD010D2274405EB26
:10EE60000A0229462046FFF7D4FE7B8843F00103BF
:10EE70007B8011462046FFF7E6FE3746C9E705EBE3
:10EE8000030B04EBCB014988CA0725D45946204619
:10EE9000FFF71CFE184450451ED32046AAEB03087A
:10EEA000FFF75DFE59462046FFF710FE404508D9A2
:10EEB00005EB0A022046FFF7ACFE11462046FFF79D
:10EEC0000AFE27445A4629462046FFF78CFE7B88D7
:10EED00043F001037B80D0E7009842464946FFF7A4
:10EEE0001BFF0746002893D029462046FFF7EEFD7A
:10EEF000019BC3EBC002043A4245314628BF42465B
:10EF0000384604F0FCF800983146FFF7CDFE80E764
:10EF1000043A2DE9F041CC1D114424F0070421F0FE
:10EF200007010E1BF708B7FA87F2C2F12405AD00FE
:10EF30004FF000080735C2F12002ED080460414699
:10EF4000A760C4F80C80920004F1100004F0FFF8F0
:10EF50006B0043F00103638004EBC5027B1B590087
:10EF6000A4F800805180A21924F83550A2F802803C
:10EF7000A35304EBC70329465A8842F001025A8082
:10EF80002046BDE8F041FFF7A6BD2DE9F047064653
:10EF90000D46174698462BB398F8004093F8019019
:10EFA000DB78A40004EB430498F802301C4444448A
:10EFB0004FF0000ACA4509D3D8F8042008F1080325
:10EFC00039463046AC46BDE8F047604714F8013B8F
:10EFD00048F823402046D1F7E3FF013004440AF10A
:10EFE000010AE7E76FF01500BDE8F08770B500256E
:10EFF00002462846144614F8013B0BB9184609E0AE
:10F0000098B18D4207D1702B04D0A3F140023A2A67
:10F010000BD8002070BDA3F140063A2E05D85378D6
:10F020000135941C002BE9D00020252B08BF80F06F
:10F0300001002246DEE70020704700F09FBA0FB4BF
:10F0400007B504A951F8040B019100F097FA03B039
:10F050005DF804EB04B07047002383F31188BFF31D
:10F060006F8F0423184602DF70470FB407B504A959
:10F0700051F8040B0191FFF7E0FF03B05DF804EBDA
:10F0800004B0704738B50D4604462022002104F034
:10F090005EF8EB68E361AB68A3612B6823626B6881
:10F0A00063620022A2622A6923B1591E194208BF75
:10F0B00042F001022261012204F12C000021BDE88E
:10F0C000384003F077BAA0F13003DBB2092B02D845
:10F0D0000B7000207047A0F16103052B02D8573850
:10F0E000C3B2F5E7A0F14103052B01D83738F7E7A4
:10F0F0006FF015007047F7B5054601F0010000EB11
:10F1000051069E424FEA510703D90026304603B00C
:10F11000F0BD58B128780DF10701FFF7D4FF0028A2
:10F12000F3DB9DF8073002F8013B01350135174448
:10F13000BA42EBD015F8010C0DF10701FFF7C3FF40
:10F140000028E2DB9DF807402401E4B2147015F8B2
:10F15000020BFFF7B8FF0028D7DB9DF807301C44EF
:10F1600002F8014BE4E7036800220BB91846704728
:10F170008B4210D10B6842B942680360914200D1C2
:10F18000436000230B60012070471360436899427D
:10F1900008BF4260F5E71A461B68E6E7838B13F069
:10F1A000070305D10368002B0CBF00200320704724
:10F1B000022B05D1C08BB0FA80F040098000704767
:10F1C000012B05D10368002B0CBF002005207047E0
:10F1D0000020704710B50C4600B111B96FF0150052
:10F1E00010BD081D00F0D2F80028F9D1A368032B48
:10F1F000F6D9F3E72DE9F0410D4607461946281DDB
:10F2000090461E4600F0D6F8044638B133464246D2
:10F2100029463846A446BDE8F0416047BDE8F08184
:10F2200010B4EFF31182202484F31288BFF36F8FA0
:10F23000816110BC0121D9F74DBA38B50C4605469D
:10F2400058B151B10B6843B14B6833B12022002152
:10F2500003F07DFF2C61002038BD6FF01500FBE747
:10F2600070B505460E46FFF7B5FF041E14DBEFF33D
:10F270001182202383F31288BFF36F8FEB8BAC8B4B
:10F280004FF6FF718B4204F0070407D182F3118817
:10F29000BFF36F8F6FF00A04204670BD022C0CD1B3
:10F2A0000133EB8382F31188BFF36F8F0023224673
:10F2B00031462846FFF79EFFEEE7062C14D8DFE81C
:10F2C00004F004131313041A0400002333606B6862
:10F2D0003BB9C5E90066ACB902212846D9F7FAF96D
:10F2E000DAE71E606E60F6E782F31188BFF36F8F76
:10F2F0006FF00404D0E782F31188BFF36F8F6FF0D3
:10F300008504C9E782F31188BFF36F8FC4E710B596
:10F31000EFF31182202383F31288BFF36F8F848B66
:10F3200004F00704022C0AD0012C0CBF6FF004007B
:10F330006FF0850082F31188BFF36F8F08E0C38BF5
:10F34000013B9BB2C38323B92146D9F7C3F92046B9
:10F3500010BD2046EEE738B5A8B1A1B1EFF3118595
:10F36000202282F31288BFF36F8F848BFFF7FBFE9E
:10F3700030B104F0070085F31188BFF36F8F38BDFB
:10F380006FF07700F7E76FF01500F8E7034640B13C
:10F39000426802F00302022A06D0032A04D0012A9E
:10F3A00005D06FF0150070471A68002AF9D00020C8
:10F3B0009860704710B54268816002F00302022A2B
:10F3C00003464FF0000407D0032A02D05C600020FF
:10F3D00001E018685C6010BD18685C600028F6D019
:10F3E000FDF716F9F3E770B50C8806468888241AED
:10F3F0003069A4B2844285B224BF641BA4B22D1B21
:10F40000A8B2984228BF18463368234413600B887B
:10F4100003440B8070BD70B4838985880669ED1A3A
:10F42000ADB2731B934228BF134670BC0A46011D40
:10F43000FFF7D9BF70B40E460146C58831F80A3FC0
:10F44000EC1AA3B2934228BF1346324670BCFFF7B2
:10F45000CABF10B54B880C88E41AA4B294420ED3EC
:10F460001A4492B28B884A800A800069D21A92B2FA
:10F47000824201D2002010BD03448B80FAE76FF076
:10F480001500F8E72DE9F34106460F4615464FF003
:10F4900000082A4601A93046FFF7BDFF044640B1E7
:10F4A00002463946019803F02AFE2D1BA04427444A
:10F4B000EFD14246311D3046FFF7CBFF404602B048
:10F4C000BDE8F0812DE9F34107460E4615464FF0A1
:10F4D00000082A4601A93846FFF7ACFF044648B1A8
:10F4E0002EB102460199304603F009FE26442D1B39
:10F4F000A044EED1424607F10A013846FFF7A9FFC2
:10F50000404602B0BDE8F0812DE9F34106460F46C2
:10F5100015464FF000082A4601A93046FFF78AFF3A
:10F52000044640B102460199384603F0E8FD2D1B20
:10F530002744A044EFD1002206F10A013046FFF72C
:10F5400088FF404602B0BDE8F08170470020704758
:10F5500002F0D4BB0346BFF35B8F53E8000F421C9D
:10F5600043E800210029F8D1BFF35B8F704708B54D
:10F5700000210846D9F7BCF9002008BD1FB50023BB
:10F58000CDE90201CDE900331A4619461846D9F7EC
:10F59000A7FB05B05DF804FB704700207047002012
:10F5A00070470020704718B140680079D9F7FCBA5D
:10F5B0004FF0FF30FAE702460B4609200021D9F749
:10F5C000F3BA38B5436804460D46DA711146D9F7E7
:10F5D00049FB63681D60636801225A71BDE83840C9
:10F5E000FFF7DABF10B543685B79044613B1002119
:10F5F000D9F738FB636800225A7110BD70B5D2E9A3
:10F6000001369B1B8B420C4615460AD313680A46EB
:10F610000146981903F073FDAB682344AB602046A4
:10F6200070BD6FF01B00FBE770B50E46154619461E
:10F63000044618B9BDE87040D9F720BA33B1C2F317
:10F640004A231030120D184403F059FDC4E9005646
:10F650002046BDE87040D9F729BA2DE9F3415F1C77
:10F660004FEA8708064608F1170020F007008008D7
:10F670000C461546FFF793FF0023ADF805308DF8D3
:10F6800007308DF8047068B10346019A43F8102FD3
:10F69000A8F104012A46294452F8045B43F8045FA8
:10F6A0008A42F9D1A20102F4E07242EA482222F031
:10F6B0007F4222F47002002322F03F02314602B062
:10F6C000BDE8F041FFF7B0BF7FB50BAB05930393E7
:10F6D0000A9B02930023CDE9003302221846D9F792
:10F6E000FFFA07B05DF804FB07B50123019201AAF8
:10F6F000FFF7B3FF03B05DF804FB07B5CDE90023C6
:10F7000002236A46FFF7A9FF03B05DF804FB1FB5AB
:10F71000CDE90123069B039301AA0323FFF79DFF75
:10F7200005B05DF804FBF8B506460D4614461F46C5
:10F7300004B9F8BD214628463A46B047241A054484
:10F74000F6E707B5D1E900328DF8070052680121CC
:10F750000DF107009847002003B05DF804FB0A286C
:10F7600038B504460D4602D10D20FFF7EAFF2946C1
:10F770002046FFF7E6FF002038BD2DE9F04305469F
:10F7800087B008460E8891F80090D1F808800C46A2
:10F790001746D9F775FB011EC6F38216C9F3C209D5
:10F7A0001EDB4846D9F7B8F903462146608851F870
:10F7B000102B0196C2F34A22002A01EB0204C0F387
:10F7C0000B1008BF00210022CDE90407CDE9021487
:10F7D000009241462846D9F77FFB07B0BDE8F08389
:10F7E0000023E2E7002930B4044618460BDBA56885
:10F7F0000844A84207D8E068646821448468246803
:10F80000A44630BC60476FF0150030BC70470B68F1
:10F81000834204BF01230B71704703785B075FBF0E
:10F8200003684288C3F34A2303EB12105DBF17300D
:10F8300020F0070080080020704783689B6903B1AF
:10F840001847704708B54368197311B11868FFF776
:10F85000F4FF002008BD10B5406824301C46FFF7B7
:10F8600031FE2060002010BD10B5406850F8804B7C
:10F8700003F0CCFA2046FFF7E0FFA3685B6A0BB108
:10F8800020469847002010BD2DE9F04145681E46EE
:10F890002B7B0C46174693B101EB0208A04507D11C
:10F8A0003760D5E90131012098470020BDE8F0819B
:10F8B000286814F8011B83685B689847EEE705F138
:10F8C0001000FFF7DFFD05F1B80330600121BFF341
:10F8D0005B8F53E8002F43E800100028F9D1BFF3F5
:10F8E0005B8F002AE1D1286883685B69002BDCD03C
:10F8F0009847DAE78268002382F856308268A2F8D7
:10F9000052308268A2F85030704710B50346BFF3FA
:10F910005B8F53E8000F40EA010243E80024002C0B
:10F92000F7D1BFF35B8F10BD10B50346BFF35B8FFC
:10F9300053E8000F00EA010243E80024002CF7D14D
:10F94000BFF35B8F10BDFBF741B90EB403B503AA3B
:10F9500052F8041B0192DBF711F902B05DF804EBD9
:10F9600003B0704708B510B1D1F71AFB80B208BDDB
:10F9700037B50546002384680093DBF743FBAB688B
:10F98000B3F8503004F583541C3423B14FF4F670AF
:10F99000002103F00CF801AA6946204603F087FB1A
:10F9A00003B030BD8B6828B903F583501C300021AB
:10F9B000FCF72EBE03F585500C30F8E700F58350B8
:10F9C000183019B14FF40061FFF79FBF6FF4006169
:10F9D000FFF7AABF00F58350183011B10421FFF7DB
:10F9E00094BF6FF00401FFF79FBF00F5835008B587
:10F9F000143029B10121FFF788FF00F0010008BD94
:10FA00006FF00101FFF790FFF7E7FBF757B973B508
:10FA100041F27C03856803EB0113044616461D443E
:10FA200001AA6946284603F042FB009B23B1284601
:10FA300003F03AFB2046B04702B070BD70B5836852
:10FA40001A7D012A04462DD103F58052916F490495
:10FA500007D5526F520704D40146DA6CC06900F032
:10FA6000C2FDA06841F20C1640F2676200233044E8
:10FA7000FFF769FF054618B16FF00F05284670BD06
:10FA800008212046DBF76CF96069DAF7B7F9204600
:10FA9000DAF776FB204600F004FDA0683044FFF75B
:10FAA000B4FFEBE76FF08505E8E7F8B5044680683A
:10FAB0001F46037D022B0D46164608D000F58350E5
:10FAC000BDE8F8404FF480511830FFF71EBF00F535
:10FAD000885040F2676200230C30FFF734FF60BBB0
:10FAE000A26802F58053996F090507D4926C2AB970
:10FAF0005B6F980602D5204600F0CEFB3B463246AF
:10FB00002946204600F02AFCA26802F58053996F2E
:10FB1000090507D4926C2AB95B6F9B0602D5204673
:10FB2000DBF770FA606900F097F8A06800F588507C
:10FB3000BDE8F8400C30FFF768BFF8BD0CB407B55E
:10FB400004AB53F8042B0193FFF7AFFF03B05DF84C
:10FB500004EB02B070470EB403B503AB082153F8B1
:10FB6000042B0193FFF7A1FF02B05DF804EB03B093
:10FB700070470EB403B503AB032153F8042B019374
:10FB8000FFF793FF02B05DF804EB03B070470EB4CB
:10FB900003B503AB012153F8042B0193FFF785FF55
:10FBA00002B05DF804EB03B070472DE9F041054663
:10FBB0000F46E9B10846FFF7D5FE0646A86841F2B0
:10FBC0000C1840F2676200234044FFF7BCFE044675
:10FBD00020B16FF00F042046BDE8F081731C142B98
:10FBE000A86800D83EB900F588500C30FFF70DFF2B
:10FBF0006FF01504EFE73946D1F7CAF9AB6883F81F
:10FC00003C60A8684044FFF700FFE4E738B50446CD
:10FC1000806841F20C1540F2676200232844FFF728
:10FC200092FE40B92046DAF7ABF8A0682844BDE858
:10FC30003840FFF7EABE38BD28B1836803F580532A
:10FC4000D3F8240170476FF01500704783689964FA
:10FC500009B9FFF74FBE704710B502698368126893
:10FC600001680446C0689847236900221A6010BDE5
:10FC700038B5CB681B7C022B05460C4604D10A28FC
:10FC800002D10D20FFF7F4FF236922681B68D554C9
:10FC9000226913680133136023691A6863689A4202
:10FCA00002D12046FFF7D8FF002038BD08B510B1BB
:10FCB000D1F776F980B208BD10B5047B43892244A0
:10FCC0002144B2FBF3F003FB1022B1FBF3F003FB82
:10FCD0001010101A10BD10B5047B4389214410196F
:10FCE000B1FBF3F1B0FBF3F0401A10BD30B5057B6A
:10FCF00043892944B1FBF3F403FB141101312A4475
:10FD000001340180B2FBF3F103FB11228480013244
:10FD10004C1CC480428030BD2DE9F74F00260746B9
:10FD20008846144699460660B2462378002B00F0B8
:10FD3000BF80202B3AD0093B042B37D93B685A1C93
:10FD40003A6048F823403B684B4500F0B1800026FC
:10FD50002278002AE9D0A6B9164623461C46272E4B
:10FD600004D05C2E25D0222E40F096802046FFF74E
:10FD70009DFF611C0246204603F0CFF92278002A3D
:10FD8000D3D0B242A34604F1010420D15846FFF774
:10FD90008DFF21460246584603F0BFF99BF80060EC
:10FDA0005C46002ED9D1C0E70026BEE704F801ABBF
:10FDB000BBE72046FFF77AFF651C0246294620462E
:10FDC00003F0ABF966782C46002EC8D1ADE75C2A6B
:10FDD0009BF80120D3D1B242104608D15846FFF714
:10FDE00065FF21460246584603F097F9B0E7302AEE
:10FDF00025D1022300251BF80300A0F13001C9B270
:10FE0000072919D8ED000133EDB2052B45EA0105AC
:10FE1000F1D1591E5944584601930091FFF746FF0E
:10FE2000019B0099023BC21A584603F076F99BF8F1
:10FE300001208BF80050A2E7DBB2022BE9D1782831
:10FE400025D1022100251BF80130A3F13000C0B2FA
:10FE5000092808D82D01EDB20543022901D0042359
:10FE6000D7E70321EFE7A3F16100052805D82D01AD
:10FE7000EDB2573B1D43EDB2EFE7A3F1410005287A
:10FE800003D82D01EDB2373BF4E7022902D10BF183
:10FE9000010474E70323BCE7202E85D0093E042E1D
:10FEA00082D96678631C002E7FF458AF1C463CE76D
:10FEB000304603B0BDE8F08FF8B50E461146074650
:10FEC000154603F043FA0446E0B12846FFF7EEFE7C
:10FED000A742054607D214F8013C202B02BF01358A
:10FEE000ADB204F1FF342046FFF7E0FE3388421C38
:10FEF0005B1B521B33806119204692B2BDE8F8406B
:10FF000003F00BB9F8BD2DE9F0410F4686B0164657
:10FF1000044670B1034601AC00F110051868596839
:10FF2000224603C20833AB421446F7D1186810606A
:10FF300001AC4FF00008414632462046DAF732FE67
:10FF400008F10108054628B129683846D1F716F8A6
:10FF50000028F0D1284606B0BDE8F0812DE9F04731
:10FF60001C46DDF820809DF8249000230F4616469D
:10FF700023602368BB4205461BD256F8230000F0DD
:10FF800059FD2368824618B1013323602846F0E703
:10FF900056F8231042462846FFF7B5FF48B12368BC
:10FFA0005A1C2260B9F1000FE3D08045E1D12360F3
:10FFB00055462846BDE8F087F8B50746FFF776FEB8
:10FFC000054638BBF8BD54B18AB2AA1A01300132D5
:10FFD0003944384403F0A1F82C1BA5B20024334661
:10FFE00098B26A1E9042EDDA3A5C202A03F10106CB
:10FFF00002D0093A042AF2D8B1B28BB29D42EED9AE
:020000023000CC
:100000007B5C202B02D0093B042BDCD80134A4B24A
:100010000131F2E700231C46E2E7F8B5846894F862
:10002000563006462BB9B368B3F85020A3F85220D7
:10003000F8BD04F15600B4F85030C21812F8012C83
:10004000202A1CD0093A042A19D90022C254134686
:100050001D460133425D202A9BB200EB0501F7D01B
:10006000093A042AF4D9002DDDD0B4F850707A1C76
:10007000521B7F1B03F051F8A4F85070D3E7013BEB
:100080009BB2A4F85030002BD5D184F85630CAE783
:100090000EB403B503AA52F8041B0192DAF76EFD01
:1000A00002B05DF804EB03B0704710B50446D0F71A
:1000B00077FFB4F8503013FA80F038B1638FB0FB9B
:1000C000F3F203FB1200B0FA80F0400910BD38B51E
:1000D000846804F5805320465D6FD0F761FFB4F863
:1000E0005230C5F3400580B205FB0300638FB0FBBF
:1000F000F3F203FB1200B0FA80F0400938BD10B5EE
:100100000446FFF7E4FF18B9A068FFF7CEFF20B15F
:100110006069BDE81040DAF7B5BD10BDF8B5846878
:100120000546B4F85020B4F8521004F13000FFF73F
:10013000DDFDA868A78EE68EFFF7B7FF10B16869EE
:10014000DAF7A0FDB74207D1218E638E2846C91A7F
:10015000BDE8F840DAF7B2BDE18EA38E2846C91A91
:10016000DAF796FDF0E7F8B5044680680D46B0F87A
:100170005210B0F8502030300D44FFF7B7FDA068A2
:10018000ADB2B0F852102A463030FFF7A4FD074652
:10019000A0682A46B0F852103030FFF78DFD794242
:1001A00006462046DAF774FD31462046DAF786FD2A
:1001B000A368A3F85250F8BD2DE9F0410C1E064685
:1001C00036DA644224B24FF0FF35A4B2AFB216E083
:1001D000B368B3F852C0B3F8508003F1560E6146CD
:1001E000002281B96B1C02D0B8F1000F0FD1A1EB36
:1001F0000C0109B23046FFF7B6FF013CA4B2002C57
:10020000E6D1BDE8F081884501D1012DEFD01EF87F
:10021000013023F020004138192807D9303B092B41
:1002200004D9002AE3D1394489B2DAE70122FAE796
:100230000125CAE78368B3F85210494209B2FFF7B3
:1002400092BF8368B3F85010B3F85230C91A09B29C
:10025000FFF789BF8368B3F852301BB14FF0FF310D
:10026000FFF781BF70478368B3F85220B3F850306E
:100270009A4202D20121FFF776BF70478268B2F836
:100280005210A2F850108368B3F852201344002291
:1002900083F85620DAF7E8BC10B504468068B0F859
:1002A0005020B0F852103030FFF720FDA368198EAF
:1002B0002046C1F10101DAF701FDA368998E2046BD
:1002C0000139DAF7E5FC2046BDE81040DAF7CCBC8E
:1002D0002DE9F041054686B00F4614460026ACB91C
:1002E00006B0BDE8F08141F2AC084344012101A809
:1002F00002F0A7FE4FF0FF324FF0FF33012101A8BB
:10030000FCF72EF9A868404402F0CEFE6868036846
:100310002246D3F80C80B9196B46C047009A1644A0
:10032000A41A002ADBD1AB68197D0329EED002297B
:10033000D9D903F580539A6F9207FCD5BFF35B8F31
:10034000783353E8001F21F0020143E80012002A2D
:10035000F7D1BFF35B8FD9E7FFF7BABFF7B51E46FA
:100360008368154603F580520446526FD20613D5B2
:1003700093F83E208A420FD0DB8FADF80430DAF7D5
:10038000EFFC606932462946DAF7F8FB01A92046FE
:10039000DAF708FD03B0F0BD60693246294603B0C4
:1003A000BDE8F040DAF7EABB0CB407B504AB53F88C
:1003B000042B0193FFF7D2FF03B05DF804EB02B00A
:1003C00070472DE9F0418768B7F85060B318B3F56E
:1003D000006F05468846144627DAB7F85230F61AF9
:1003E00056331F44B6B232463946381902F095FEEC
:1003F00022464146384602F082FEAA68B2F85030E2
:100400002344A2F85030AB68B3F8502013440022C4
:1004100083F85620AB6803F58051496F890706D4ED
:10042000B3F852201444A3F85240BDE8F08131469D
:100430002846BDE8F041DAF73BBDFFF7C2BF38B54B
:1004400005468068B0F85220B0F85040A41AA4B213
:100450009CB156321044411C224602F05EFEAA684E
:10046000B2F85030013BA2F85030611E28460122FC
:10047000BDE8384089B2DAF71BBD38BD10B58368D6
:10048000B3F8502004465AB1B3F8523043B14FF09C
:10049000FF31FFF768FE2046BDE81040FFF7CFBFF1
:1004A00010BD70B592B00023054601934FF47A74E5
:1004B0006868036840221E6902A901ABB047019B2E
:1004C00013B108B9013CF3D112B070BD70472DE9EA
:1004D000F84304468846914603F18E0702F08BF9F3
:1004E000054618B3EFF31185202383F31288BFF379
:1004F0006F8FA36803F580539B6F1A0521D53A4689
:1005000049464046FFF739F9A36803F580539B6FCE
:100510001B0502D42046DAF775FD02F06CF9A0B194
:1005200085F31188BFF36F8FBDE8F883A66806F5E1
:1005300088500C304FF0FF324FF0FF33FAF746FB94
:10054000D7E72046FFF7A8FED9E7A06800F5885056
:100550000C30BDE8F843FAF7B1BB2DE9F041436830
:100560001C68A368E26903F5805357685E6F93685F
:100570001B79012B0D46C6F3001606D0032B01D0C4
:10058000BDE8F0812046FFF787FE33462A4639460C
:100590002046BDE8F041FFF79ABF43681B68D3E9E6
:1005A0000632BFF35B8F53E800CF8C4443E800C0B2
:1005B0000028F8D1BFF35B8F9368BFF35B8F53E8DC
:1005C000000F084443E80002002AF8D1BFF35B8F14
:1005D000704710B513460C460A4601461846FFF709
:1005E000BBFE204610BDF8B58B68BFF35B8F03F5EB
:1005F000835304460D461746183353E8001F41F451
:10060000005143E80012002AF7D1BFF35B8F6868FE
:10061000036801219B689847064680B9D4E9041015
:10062000FEF730FD3A4620682946FEF7CAFF6368A8
:100630005B685D60A3681E60A36801221A71F8BD43
:1006400010B504460068FEF7CDFFA36802221A71B8
:1006500010BD0EB403B503AA52F8041B0192DAF7D9
:100660008DFA02B05DF804EB03B070472DE9F84352
:10067000054690460E46002967D00024335D202BA6
:1006800023D0093B042B20D93046D0F789FCAB6836
:10069000598F80B2001BA1EB0803984206EB0409B6
:1006A00015D94846002710F8012B202A06D0A2F1C0
:1006B000090CBCF1040F02D80A2A2DD03B4608EBE6
:1006C0000702914227D90137EDE70134D6E74B46BF
:1006D0000027B84214D013F8012B0A2A19D16869EF
:1006E000FFF7BAFA49463A462846FFF7F1FD68692E
:1006F000DAF7A0FC0134414628463C44DAF7DEFA3A
:1007000068693119FFF7A5FF6869BDE8F843DAF7B2
:1007100091BC0137DDE71F466869FFF79DFA3A464D
:1007200049462846FFF7D4FD3C44335D202B02D0D8
:10073000093B042B01D80134F7E76869DAF77AFC42
:1007400041462846DAF7BAFA9EE7BDE8F88300206A
:10075000704783690020186070470EB403B503AA80
:1007600052F8041B0192DAF709FA02B05DF804EBC3
:1007700003B0704708B50168FFF717FA002008BDFD
:100780008368BFF35B8F03F58353143353E8001F73
:1007900021F0200143E80012002AF7D1BFF35B8F5C
:1007A000002070478368BFF35B8F03F583531433D6
:1007B00053E8001F41F0080143E80012002AF7D176
:1007C000BFF35B8F002070478368BFF35B8F03F537
:1007D0008353143353E8001F21F0100143E8001243
:1007E000002AF7D1BFF35B8F002070478368BFF307
:1007F0005B8F03F58353143353E8001F21F0080186
:1008000043E80012002AF7D1BFF35B8F0020704746
:100810008368BFF35B8F03F58353143353E8001FE2
:1008200021F0020143E80012002AF7D1BFF35B8FE9
:10083000002070478368BFF35B8F03F58353143345
:1008400053E8001F41F0100143E80012002AF7D1DD
:10085000BFF35B8F002070478368BFF35B8F03F5A6
:100860008353143353E8001F41F0200143E8001282
:10087000002AF7D1BFF35B8F002070478368BFF376
:100880005B8F03F58353143353E8001F41F00201DB
:1008900043E80012002AF7D1BFF35B8F00207047B6
:1008A00008B58368D3E900210A6051600021C3E9DB
:1008B00000111A895B8900681A440C32FEF702FEA7
:1008C000012008BD0023C3607047F8B51F460346EA
:1008D000164653F8044F9C4202D100203880F8BDE0
:1008E000C568B1B9002DF8D0AC4202D10023C36075
:1008F000F3E76C68C460002CEFD0228904F10C018E
:10090000304602F0FCFB23893B800022F254012098
:10091000E5E7002DEED08368AB42E7D02C68E9E72D
:1009200038B50446051D6368AB4204D02046FFF786
:10093000B7FF0028F7D138BD2DE9F04F02F10C05C3
:100940000368C5F100091B6909F0030985B04D442E
:100950009D4204460191174610D80023C3606AB136
:10096000466800F1040AB2450BD05EB13389934268
:1009700008D106F10C0002F061FC18B905B0BDE821
:10098000F08F1E464FF0000B23685989DA88914298
:1009900004BFC3E901BBC3F80CB020688389828817
:1009A000D21A036992B29B1AAB4228BF2B4603AA04
:1009B000011DFEF718FD8542804628D920688389ED
:1009C0008288D21A036992B29B1AAB4228BF2B4687
:1009D00003AA011DFEF707FD854219D1738943441F
:1009E0007381A844039D01992F813A46A5F80A9086
:1009F00005F10C0002F083FB6368C5E9003A5D6015
:100A0000206865604246011DFEF723FDB6E7E9D088
:100A100020680022011DFEF71CFD63689A45B3D0D3
:100A20002046FFF73DFFAFE7031DC0E90133002378
:100A3000C360704710B5044628B1D0F7B1FA00235F
:100A400080B2984201D8002010BDE25C3F2A03D05A
:100A50002A2A01D00133F4E70120F5E710B5044656
:100A600080684FF40062002100F6560002F06FFB30
:100A7000A068B0F8502000F1560100F6560002F0D0
:100A80003EFBA06800F65600FFF796FAA46804F64D
:100A90005600D0F785FA0130A4F8540010BD10B507
:100AA00004468068B0F8542000F65601563002F033
:100AB00026FBA368B3F85420A3F8502010BD7FB5DF
:100AC0000BAB059303930A9B02930023CDE90033FC
:100AD00001221846D8F704F907B05DF804FB2DE9A8
:100AE000F0418768FB6804460D4616469847BB6888
:100AF0002BB1324629462046BDE8F04118476FF039
:100B00005700BDE8F0812DE9F74FDDF830B01F4602
:100B100043EA0B030B4381460E46144604D56FF09F
:100B2000150003B0BDE8F08F0D9B002BF7D00E9B96
:100B3000002BF4D011EB0B03F1D41BEB0702EED426
:100B4000A04207D1B94201D10020EAE7914201DA7F
:100B50009F42E4DB484601F058FA10B96FF01200EA
:100B6000DFE7204601F051FA0028F7D0A3682046BD
:100B7000DB6898470E9BD0F800804345CFD3B3FB8A
:100B8000F8F508FB1535002DC9D1DA46AB45DBD9A0
:100B9000C24508D2A3682046DB689847424641799F
:100BA0000D9802F0D4FA0E9AC245534638BF434618
:100BB000934228BF1346D9F808200193126871198F
:100BC000944648460D9AE0470028AADBA26853687D
:100BD0000D9A9C46E919019B2046E0470028A0DBBE
:100BE000019B1D44AAEB030AD0E77FB50BAB05932D
:100BF00003930A9B02930023CDE900330122184698
:100C0000D8F76EF807B05DF804FB01460068DAF724
:100C10000DBD08B5DAF77CFDBDE80840DAF788BFFE
:100C20007FB50BAB059303930A9B02930023CDE999
:100C3000003301221846D8F753F807B05DF804FBDB
:100C40007FB50BAB059303930A9B02930023CDE979
:100C5000003301221846D8F743F807B05DF804FBCB
:100C600000210120DAF7E2BC61B662B680F3118898
:100C7000BFF36F8F704772B6002383F31188BFF301
:100C80006F8FBFF34F8F30BF62B6BFF36F8F704768
:100C900072B6002383F31188BFF36F8FBFF34F8FBA
:100CA00020BF80F31188BFF36F8F62B6704708B51D
:100CB000D1E904319847002008BD08B5DBF7DAFB1D
:100CC000002008BD0B0704D5A0F14103192B98BFE4
:100CD000203070472DE9F04F85B08A4615460293C3
:100CE000044600283ED000293CD0002B00F00C81A7
:100CF0000A46A046294618F8010BFFF7E3FF034612
:100D0000C0B23F281778064627D013F0C00F0BD18A
:100D1000C8B12A2837D029463846FFF7D3FF864284
:100D200002F101022DD01DE05B287AD05C28F2D1BF
:100D3000EB07F0D46078FFF7C5FF10F0FF0618BF8F
:100D400004F10208E7E7EC0601D52F2F02D0381E88
:100D500018BF012005B0BDE8F08F1FB12F2F03D1C0
:100D6000A8070DD50120F5E72E2F09D1690707D572
:100D70005245F7D0AB0703D512F8013C2F2BF1D029
:100D800001324446B5E76078FFF79CFFC1B22A29DB
:100D900018D02E2F09D16F0707D55245E2D0AE07E4
:100DA00003D512F8013C2F2BDCD079B915F00200E5
:100DB000D0D0ED0600F1AA802F21104602F075FA7E
:100DC0000038C5E718F8010F2946DDE72F2908D1BB
:100DD000AC0706D5104602F068FA02460028D0D1CA
:100DE000C0E7029B164603F1FF3925F0040A05F01F
:100DF0000207B34629469BF80000FFF763FF10F097
:100E0000FF0406F10106ADD04B4652465946404616
:100E1000FFF760FF01289DD12F2CEAD1002FE8D0E9
:100E200098E7002F9ED02F2F01D1A8079AD43846DB
:100E3000FFF748FF6378212B814601D05E2B1DD13F
:100E40000234012314F8010B01932946FFF73AFFFE
:100E5000C6B25D2E15D04FF0000B2F2E48D05C2E61
:100E600007D1EB0708D414F8010B2946FFF72AFF36
:100E7000C6B2002E3FF476AF234605E04446002379
:100E8000E0E723464FF0000B21782D2937D1607819
:100E900003932946FFF716FF10F0FF00039B18D0BD
:100EA0005D2816D05C2804F102030CD115F0010F67
:100EB00009D1E31CA0780393FFF704FF10F0FF00B3
:100EC0003FF450AF039B4E4503DC4845A8BF4FF0AD
:100ED000010B1C46294614F8010BFFF7F3FEC6B2BE
:100EE0005D2EBAD1019B5B453FF43CAF611C03D141
:100EF0005B2F7FF437AF44460132A04641E74E45B1
:100F000008BF4FF0010BE4E7032023E7084621E781
:100F10004023FFF7DFBE7047816A8968DBF754BC66
:100F2000027A013202727047426810B52AB10B464C
:100F30001C465B68002BFBD16260416010BD10B5A0
:100F4000044620B90B7A01330B72084610BD0346E4
:100F500018465B68002BFBD1FFF7E6FF2046F5E75C
:100F600010B508B14B6843604C68002308464B60DD
:100F7000DBF7AAFC204610BD83680B440360704772
:100F80008388026819448180D018704730B48488FF
:100F90000568A3188380281930BC02F0B0B8026835
:100FA000531E036083880133838002F8011C70475D
:100FB0008288521A0346828000680844186070478D
:100FC000034600689A88521A01449A801960704753
:100FD0008388C2888168D21A03685B1AD01A704766
:100FE00030B585B014460A888B78ADF800200546E8
:100FF0000D2200210DF103008DF8023002F0A7F858
:101000006A4669462846EFF7DFF828B9BDF80020A0
:101010009DF802302280A37005B030BD13B50C4698
:1010200001AA0331FFF7DCFF48B9032201A92046DA
:1010300002F004F9B0FA80F0400902B010BD0020BF
:10104000FBE770B5CE1C05460C4630460321EFF792
:10105000B9F860B9637903F03F0343F0400363716B
:10106000224631462846BDE87040FFF7B9BF70BD43
:101070007FB50BAB059303930A9B02930023CDE945
:1010800000331846D7F72CFE07B05DF804FB0220AA
:10109000DBF7CABC033138B5C9B205460E20DBF711
:1010A000BDFD032104460C30FFF76AFF01230370E6
:1010B000A0F80150204638BD70B505460E460F20F9
:1010C0000421DBF7ABFD042104460C30FFF758FF89
:1010D0000122067042704580204670BD7FB50BAB83
:1010E000059303930A9B02930023CDE90033012269
:1010F0001846D7F7F5FD07B05DF804FB08B5843056
:10110000F4F746FA10B18047002008BD6FF00100E7
:10111000FBE70121F4F7B2B90021F4F7AFB970B5DC
:1011200013461446072205460E46F4F759FB38B914
:101130002346314628460622BDE87040F4F750BBEE
:1011400070BD2DE9F04106460D46174601F1100825
:10115000002458F8043F33B10134E4B20B2CF8D129
:101160000020BDE8F0813B46224629463046F4F790
:1011700037FB0028F0DAF4E77047436818478368C4
:101180001847C36803B11847184670477FB50BAAC4
:10119000059203920A9A02920020089A0092019006
:1011A0000122D7F79DFD07B05DF804FB10B5D0F81C
:1011B000003203EBC20413F832300B2B1DBF01EBDE
:1011C000830163684869002018BFC01810BD38B596
:1011D00005460C4684304968F4F7DAF910B1A0608E
:1011E0002560012038BD7FB50BAB059303930A9BA7
:1011F00002930023CDE9003301221846D7F770FD92
:1012000007B05DF804FB30B502460023546D8C42F4
:101210000AD8D56D25448D4206D9282202FB030049
:10122000836D1944081B30BD01330B2B02F12802DA
:10123000ECD16FF00700F6E700F18C02AC3052F809
:10124000043F3BB1D3F88C10824201F1FF31C3F867
:101250008C10F4D1704770B51D465368D0F820113A
:1012600082681B0A01EB03110446904730B963689A
:10127000294620461022BDE87040184770BD38B599
:1012800004460846D4F80C32D4F804129D18D4F859
:101290000822954228BF1546EA1A194401F02FFF8B
:1012A000C4F80C52002038BDD0F808328B4294BFED
:1012B000C0F80C32C0F80C1200207047D0F80402BD
:1012C00008447047D1E900239A4215BF0133886072
:1012D0004B60012018BF0020704710B50C46F5F791
:1012E00085FA23680BB10123237410BD0369C9B2C9
:1012F0000C2201FB0233986C00F00700704770B5B8
:10130000C9B20369EFF31185202484F31288BFF377
:101310006F8F0C2606FB0134A46C14F0C00408D0B7
:10132000A24206D085F31188BFF36F8F4FF0FF30D4
:1013300070BD71430B4401229A6485F31188BFF399
:101340006F8F43680B445B6898470020F0E780226A
:10135000FFF7D5BFF8B5069F0469C9B2EFF3118650
:10136000202585F31288BFF36F8F0C2569430C4449
:10137000A56C05F0070CBCF1010F0BD1A76486F337
:101380001188BFF36F8FC4E9102343685B589847F7
:101390000020F8BD05F0C005AF4286F31188BFF309
:1013A0006F8F0CBF6FF077004FF0FF30F1E713B590
:1013B00080240094FFF7CEFF02B010BD0069CBB2CD
:1013C00000EB431000211047002000F0B8BC10468D
:1013D000F9F7F6BCF7B51C46164600238268236071
:1013E000A36053690D4601AA69469847019B5A1E9E
:1013F00001921BB96FF0150003B0F0BD0098A26810
:1014000047682168676085B9B31AD0F800C06345A2
:1014100028BF63461A4403FB07112160A2600268DB
:101420009A4206D808300090E0E76B1AB3FBF7F356
:10143000EBE70020E0E713460022FFF7CBBF13469F
:101440000A460021FFF7C6BF07B5836801AA5B699A
:10145000694698470020019B5A1E019213B903B0B8
:101460005DF804FB009B53F8082B00931044F2E74F
:1014700010B50C4600F0DCFC0023C4E9000318465C
:1014800010BD70B5044600F0D9FC237B05460BB1B6
:10149000EEF746FF00266068F8F760FAA3685B1B6A
:1014A000A36063682B446360237B01363BB9A36868
:1014B000002BF0D1A068003818BF012070BD304665
:1014C000D3F78EFD0028F2D0F4E738B505460C4678
:1014D00000F0AEFC002D07DBA84205D9401B84427A
:1014E0008CBF0020012038BD0020FCE77FB50BAB8E
:1014F000059303930A9B02930023CDE90033012255
:101500001846D7F7EDFB07B05DF804FB43681C33C2
:101510000B6001231360704743689B690020C1E999
:10152000003070477FB50BAB059303930A9B029382
:101530000023CDE900331846D7F7D2FB07B05DF89A
:1015400004FBF9F73DBC4FF0FF324FF0FF33F9F7E2
:1015500071BCF0B58BB044680769119DCDF818D007
:10156000002000908DF804000120079010988DF85D
:101570000010CDE90805D00702F0800612D53A7FA9
:101580001BBAD10704935DBFBDF81130ADF801302F
:101590009DF81330CDF8013056BF8DF80330052388
:1015A00004230793002D06AB0CBF01220222CDE9D4
:1015B0000323029321460223059351F8040B36B10D
:1015C00083681C68002302AAA0470BB0F0BD8368A3
:1015D0001C6804ABF7E773B500230D1E466818BFFF
:1015E0000421CDE9003308BF062180220446FFF71D
:1015F000B0FF96F830309B0609D540B93DB9CDE92A
:1016000000000346802298212046FFF7A2FF02B087
:1016100070BD1FB5012301930DF10F03009300234B
:101620001A460521FFF795FF08B99DF80F0005B090
:101630005DF804FB2DE9FF41064615461C460127CF
:101640000DF10F080023CDE900871A460521304629
:10165000FFF77FFF40B99DF80F30DB0704D5284620
:10166000214601F0A4F9EDE704B0BDE8F0812DE9D1
:10167000F3471F4643680D1E9B69064690465CDB98
:10168000EA199A4259D80069FFF75DFF00213046F8
:10169000FFF7A1FF0446002844D181462FB901215C
:1016A0003046FFF798FF044640E0B7F5807FBA4622
:1016B00028BF4FF4807A05EB0A03002D03F1FF33B6
:1016C0002A464FEA1323B8BF05F1FF02B3EB222FDE
:1016D00008D06B42DBB25FFA85FA58BFC3F1000A4B
:1016E000CAF5807ACDE90099002380220621304690
:1016F000FFF72FFF0446A8B9CDE9008A2B468122C7
:1017000002213046FFF725FF044658B90122002385
:101710003046FFF78FFFA7EB0A07D0445544044635
:101720000028BBD001213046FFF755FF3069FFF795
:1017300008FF204602B0BDE8F0876FF01504F8E717
:10174000F7B51E4643680D1E9B690446174614DB19
:10175000AA199A4211D80069FFF7F5FE2B46CDE988
:101760000076012203212046FFF7F3FE054620699B
:10177000FFF7E7FE284603B0F0BD6FF01505F9E767
:10178000F7B5446894F830309A07054644D50769A0
:1017900001F0E9FA4FF47A76A0FB063206FB01224B
:1017A000DB0B43EA4243BA699B1A13D4628DA68DC0
:1017B0009B1AB3420EDAF61A4FF4004740F2E730B4
:1017C00000214FF47A720023E6FB0701CFF7A0FB5C
:1017D00001F0EDF894F8303013F004031CD1CDE99A
:1017E00000338022AB212846FFF7B3FEA8B994F856
:1017F00030309B0710D5E48D40F2E7314FF40045BF
:101800000E460146E5FB04614FF47A720023304630
:10181000CFF77EFB01F0CBF8002003B0F0BD4368AA
:101820005B68D3F810350B600020704743685B6835
:1018300002EA010021EA0201C3F80805C3F80C1509
:101840000020704743685B680020C3F808157047A4
:1018500043685B680020C3F80C15704743685A68FA
:10186000D2F8043521EA03000B40C2F80805C2F89B
:101870000C350020704710B503695868F8B18842EC
:1018800019D19C6808685860A14200D19860002076
:1018900008602AB15A680A609A68596002B999606A
:1018A000002010E0814206D10868206098688142DB
:1018B000EDD19C60EBE7044600680028F2D1002AD5
:1018C000E8D16FF0150010BD002201210320DAF7E6
:1018D0001BBD002201210420DAF716BD38B50446ED
:1018E000056901221146284600F064FE012205F137
:1018F0001800002100F05EFE2046BDE83840F6F7F3
:1019000023BA7FB50BAB059303930A9B0293002385
:10191000CDE9003301221846D7F7E2F907B05DF8A8
:1019200004FB13B501AA044600F023F8002805DBE8
:10193000019B226819791868F6F73AFA02B010BDCF
:1019400010B5446851B1012910D1606A0021FFF738
:10195000E8FF2046F8F774FB002010BD2046F8F79A
:101960007FFB606A0121FFF7DCFFF5E76FF0850080
:10197000F3E730B543681360057A446804EBC504A7
:10198000A34202D36FF0010030BD5C798C4201D0DC
:101990000833F0E70020F7E743681B68D3F88004BA
:1019A000C3F88004704742681368D3F8100150B13F
:1019B000D269002012780A70C3F81001D3F8102100
:1019C00001221A6070474FF0FF307047002A0FDD88
:1019D00042681368D3F8100158B10020C3F8100111
:1019E000D269D3F8100112780A700120186070478C
:1019F0000020704710B5436819680369EFF311823E
:101A0000202080F31288BFF36F8F1868002484733E
:101A10001B680120D8734FF48003C1F8043382F3AC
:101A20001188BFF36F8F10BD03691A68012191738C
:101A30001B680022DA737047026911680346C87B8D
:101A400040B15B681B68D3F8580118B100230B61E3
:101A500013689889704743681B68D3F810010038F1
:101A600018BF0120704743681B681022C3F8042385
:101A7000704743681B681022C3F808237047436807
:101A80001B684FF40072C3F80423704743681B6857
:101A90004FF40072C3F80823704738B543681D68D7
:101AA000D5F804335B02044605D4D5F8040310F0DE
:101AB000100006D138BDFFF7BFFF0028F5D0012088
:101AC000F8E72046FFF7C7FF003818BF0120F1E70D
:101AD000012070470369186801601B685A607047ED
:101AE00002680346D2F8580140B95B68DB0706D4A8
:101AF000D2F82001003818BF01207047012070473C
:101B000010B4436802691B68D3F80413C90517D5DC
:101B1000D3F82011A1B1EFF31181202484F31288AE
:101B2000BFF36F8FD3F8204134B10024C3F82041B4
:101B3000D3F820410124DC6081F31188BFF36F8F5B
:101B40001168D3F8584171B17CB100240C6111685F
:101B5000C97B19B94FF48001C3F8081311688C7B55
:101B60001CB100238B7310BC7047D3F8241121B132
:101B70000021C3F82411D3F8243112681368002B14
:101B8000F1D0516810BC18472DE9F041066933685F
:101B90009C89BFF35B8F94420546A8BF144610335F
:101BA000012753E8002F002A03D143E800700028E2
:101BB000F7D1BFF35B8F0CBF3B4600232BD13368BB
:101BC0002246986801F09BFAEFF31188202383F3F3
:101BD0001288BFF36F8F69680846FFF781FF32688C
:101BE00040B91061044688F31188BFF36F8F204617
:101BF000BDE8F0810B689268C3F844250022C3F861
:101C00004845C3F82021D3F82011C3F85821D3F850
:101C100058219F60E7E71C46E9E7002201212320C5
:101C2000DAF772BB10B50B6813B91360184605E0FC
:101C300003685C681CB114600368186810BD083341
:101C400003600B68013B0B60EDE77FB50BAB0593C1
:101C500003930A9B02930023CDE900331846D7F77C
:101C60003FF807B05DF804FB03460A46006819799F
:101C7000012303FA01F103691B68194218BF82F0BE
:101C8000010212B18368DB68184783681B69FBE7B0
:101C900010B5036804464BB19A683AB1186900F070
:101CA000AFF9206800210830FFF7DEFFA36933B9E0
:101CB000636004F11000BDE81040F9F781B810BD71
:101CC00010B5006903688B4206D190F86C4034B9B6
:101CD000FFF7DEFF204610BD6FF01500FBE76FF049
:101CE0000F00F8E700F150039B009BB203F1804323
:101CF00003F5883300221A601B68704708B5F6F7B1
:101D000041FE08BD4FF08053D3F83001421C04BFA0
:101D10004FF0704393F8E00F831F584258417047CB
:101D2000004700F06DB9C00000F1804000F5F830C8
:101D3000C0F81015C0F814257047F7F73DBEF7F747
:101D400067B9036803F01F025B0902600CBF4FF024
:101D5000A04000207047F7B5019001A8DDE90847D1
:101D600016461D46FFF7EDFF019BB6F1000C18BFAC
:101D70004FF0010C00EB83000B1E18BF0123002D58
:101D800043EA4C0314BF4FF00C0C4FF0000C002C36
:101D900043EA0C0314BF4FF4E06C4FF0000C002F2B
:101DA00043EA0C03D0F8002714BF4FF4403C4FF037
:101DB000000C43EA0C0322EA030301B109780EB1D7
:101DC0003678760019430DB12D78AD0031430CB152
:101DD0002478240229430FB13F783F040C433C434D
:101DE000C0F8004703B0F0BD1FB50DF10F0301931C
:101DF00000238DF80F1000931A461946FFF7ABFF2A
:101E000005B05DF804FB024611F0010007D04FF069
:101E1000A041D1F820351360C1F8203503B9002066
:101E20007047F7F7D3BAF7F7B1BA0846F7F79EBA93
:101E30004FF080531A695869504370474FF08053F0
:101E4000186970474FF0805358697047036803F072
:101E50001F025B0902600CBF4FF0A04000207047DA
:101E600007B5019001A8FFF7F1FF019A0123934004
:101E7000C0F8083503B05DF804FB07B5019001A870
:101E8000FFF7E4FF019A01239340C0F80C3503B03B
:101E90005DF804FB37B5D0F818358A69DBB28DF8E8
:101EA00007300B6A93423EBF4A699DF80740D454FD
:101EB0000B6A91F824500C695A1C0A62023335B13E
:101EC000A3428C6938BF0B619C4288BF8B610D694E
:101ED0009D4205D9CA68D35CC0F81C3501200AE0D0
:101EE0008C699C4201D9CB7FF6E7AA42F6D3A24285
:101EF0002CBF0020012003B030BD91F82020034604
:101F0000032A29D8DFE802F0212519028A68500344
:101F100004D5D3F84C250869904207D18A6852034A
:101F20001AD4D3F84C258969914215D00020062295
:101F3000C3F80005C3F800257047D3F84C2508699D
:101F40009042F3D1D3F83C25EDE7D3F84C2509694D
:101F5000EAE7D3F83C25FAE70120704730B5A2F54F
:101F60008075AD080124AC400C4207D0815829B1DE
:101F70000021815082581A6822431A6030BD13B57F
:101F800000230C4601934FF4A47201ABFFF7E6FF68
:101F900021464FF48272FFF7E1FF21464FF492721F
:101FA000FFF7DCFF21464FF4A872FFF7D7FF214669
:101FB0004FF4A672FFF7D2FF21464FF4B072FFF73D
:101FC000CDFF4FF4AE722146FFF7C8FF019802B073
:101FD00010BD036803F01F025B0902600CBF4FF0E5
:101FE000A0400020704707B5019001A8FFF7F1FF5E
:101FF000019A01239340C0F8083503B05DF804FB53
:1020000008B1DAF785BC7047704740B1C3685878AB
:1020100010F001001EBF1878B0FA80F04009704738
:1020200010B5C3685B78DB0704460BD5836963B1E1
:102030009847002805DBE3685A786FF300025A706E
:10204000002010BD4FF0FF30FBE76FF08500F8E790
:102050007FB50BAB059303930A9B02930023CDE955
:10206000003301221846D6F73BFE07B05DF804FBAB
:10207000EFF31183202383F31288BFF36F8FFEE702
:1020800008B5FFF7F5FF10B54369044633B90020E2
:10209000E268537843F00103537010BD984700285D
:1020A000F5D00028B8BF4042E368FF28A8BFFF2052
:1020B0001870EDE701F04BB801F021B8C3685B7808
:1020C000DB0701D4FFF7DFBF6FF07700704708B57B
:1020D000F8F75EFCBDE80840F8F768BC10B400F102
:1020E0000C04C0E903440024047510BCFCF710BFC5
:1020F0002DE9F04F89B0DDE9126705463B46914670
:1021000006A83246059100F030FEDDE9063405F1FF
:10211000140ACDE90234EFF311844FF0200888F35C
:102120001288BFF36F8F05F10C0B05994A462846BC
:10213000FCF7F2FD30B184F31188BFF36F8F09B063
:10214000BDE8F08F3E43F6D0DDE9022306A800F09B
:1021500030FEDDE906675A46CDE900672146504664
:10216000F9F75EFBEFF3118488F31288BFF36F8FEA
:10217000DBE707B5CDE900230A460421FFF7B8FFE6
:1021800003B05DF804FB38B50446EFF31185202356
:1021900083F31288BFF36F8FFCF786FD04F10C0008
:1021A00000F0F1FB30B1294604F11400BDE83840DD
:1021B000F9F7B2BB85F31188BFF36F8F38BD816922
:1021C000C36843EA010212F003020FD102614269BF
:1021D000013A01FB0233C2689A4201D900207047DC
:1021E00002691A60826903619B1AF4E76FF01500B7
:1021F00070476FF0850070476FF08500704700BF33
:10220000704708B52024EFF3118384F31288BFF3DD
:102210006F8FFEF730FDF6E7D0E9003213605A60A9
:10222000427B002322F00202C0E900334273836044
:102230007047C0E9032303FB02120023436280F8C6
:102240003030037200F12803C0E90621C0E9000024
:10225000C0E90A33416101627047F8B50D46A1FB40
:102260000214074616463CB92046FAF707FA01461B
:1022700028B96FF00B0001E06FF01500F8BD334690
:1022800038462A46FFF7D5FF012387F8303020462D
:10229000F4E7C3680B6003694B60436A8B60704767
:1022A000034610B50846EFF31184202282F312880A
:1022B000BFF36F8F5A6A4AB1DA68D96900F01FFF1D
:1022C000002084F31188BFF36F8F10BD6FF02200E0
:1022D000F7E770B5134604460846EFF3118620224F
:1022E00082F31288BFF36F8F626A9A4211D9D4E9E0
:1022F0000651E2686D1A53439D429CBF61695B1BA6
:10230000194400F0FCFE002086F31188BFF36F8FA4
:1023100070BD6FF02200F7E7F8B50446EFF31186C1
:10232000202383F31288BFF36F8F0568A84231D052
:102330002DB32846FFF770FF05F1180000F0EEFC02
:102340006FF02207C5F8B070284600F0BDFA256886
:10235000AC420AD100236362236AE361314604F18F
:102360000800BDE8F840F9F7D7BA3DB12846FFF7B5
:1023700053FF05F1180000F0D1FCE3E7012500232D
:102380006362236AE361002DE8D186F31188BFF30D
:102390006F8FF8BD00234362036AC361F5E790F9CC
:1023A0000E308B4201D0F9F767BA00207047034620
:1023B0000020C3E90200C3E900337047D0E90032CE
:1023C00013605A60427B002322F00202C0E900330E
:1023D0004273836070472DE9F041904604469DF8B2
:1023E00018200D46EFF31186202181F31288BFF3E8
:1023F0006F8F02B14568224652F80C7F974217D082
:10240000B7B13846FFF7DAFF07F1180000F086FC95
:102410000023C7F8B030C7F81080384600F054FAEF
:1024200004F108003146F9F777FA0020BDE8F081A1
:10243000ABB108210020FAF721F9002838D0012299
:10244000C0F804800260016801F003015DB92268F0
:102450000A430260626820606AB960600BE0C8F8F5
:1024600000304046EFE72A68032A16D80160616809
:1024700069B9C4E90000042104F1140000F0F0FD82
:102480000028CDD186F31188BFF36F8FCEE70A689D
:1024900002F0030202430A60DFE722F003020A436C
:1024A00002602A6802F0030240EA02032B60E2E7BE
:1024B0006FF00B00E6E710B5044630B102689307F1
:1024C00003D0446809B100F00AFE204610BD002385
:1024D000C0E90033037200F10C03C0E9033300F1DB
:1024E0001403C0E905337047F8B50546EFF31186CC
:1024F000202383F31288BFF36F8FC46800F10C03AD
:102500009C4200F1140719D0C4B12046FFF756FFD2
:1025100004F1180000F002FC00232046C4F8B0309B
:10252000236100F0D1F90821384600F099FD3146C9
:1025300005F10800BDE8F840F9F7EEB90821384682
:1025400000F08EFD0028F2D186F31188BFF36F8F63
:10255000F8BD07B50123009300230A461946FFF78B
:102560003AFF03B05DF804FB07B500230A46009369
:102570001946FFF730FF03B05DF804FB07B50123F0
:102580000A4600930021FFF726FF03B05DF804FB25
:1025900007B50A46002100910123FFF71CFF03B095
:1025A0005DF804FB00680021FFF785BF406800214B
:1025B000FFF781BF5AB18A4209D300F11003C0E985
:1025C0000212C0E90000C0E90433002070476FF038
:1025D00015007047C0E90311002301EB8201C0E937
:1025E000000003724161704738B505460C46002073
:1025F0008900FAF743F8014638B128462246FFF72A
:10260000E9FF01232B76002038BD6FF00B00FBE7BC
:102610002DE9F04106460F46EFF31188202383F39E
:102620001288BFF36F8FD0E9043293422BD0046835
:10263000A0421ED0ECB1D4E9003213605A60637B33
:10264000002523F002036373C4E90055A56004F17B
:10265000180000F063FB2046C4F8B050276100F07A
:1026600033F906F108004146F9F756F92846BDE866
:10267000F0811F60336904333361002088F31188CF
:10268000BFF36F8FF3E76FF00B00F7E702680123EA
:102690008B4022EA0303036022FA01F000F00100FC
:1026A000704710B5032104460C30FFF7EFFF30B13F
:1026B00004F1100000F032FBB0FA80F0400910BDC8
:1026C00020B100221146C03000F098B9704770B5B3
:1026D000C368C3F340069B07044616D485680221ED
:1026E0000C30FFF7D3FF80B1D5F8B8206AB194421F
:1026F0001DD122689EB9D5F8BC30C5F8B8209C42DF
:1027000001D1C5F8BC2000232360E36813F01F004B
:102710001EBF43F00203E36040F0020070BD326070
:10272000D5F8BC20944208BFC5F8BC60EBE716465C
:102730001268DBE773B50446EFF31185202383F3BA
:102740001288BFF36F8F0023A0F110060321043815
:102750000193FFF79BFF28B1A369019301A93046BC
:10276000F8F7C2FC85F31188BFF36F8F02B070BD1C
:1027700013B501900846EFF31184202383F31288E8
:10278000BFF36F8F01A9F8F7AFFC84F31188BFF393
:102790006F8F02B010BD38B5302204460D460021BF
:1027A00000F0D5FC4FF480736560E36038BD38B548
:1027B0000446EFF31185202383F31288BFF36F8F54
:1027C000FFF76FFF2046FFF782FF85F31188BFF305
:1027D0006F8F38BDD0E9003213605A60427B00230E
:1027E00022F00202C0E90033427383607047C0E9FF
:1027F000000000207047EFF30580003818BF01206B
:10280000704790F90E0070477830704708B50B4656
:1028100000F17801184600F067FD002008BD10B5F2
:102820000024C0E906448460037342738173C47357
:1028300010BD10B500238B4202D11360002010BDE3
:10284000C45CAA2CF9D10133F5E70A46D0E9260188
:10285000FFF7EFBFD0E9003213605A600023C0E9F0
:102860000033704708B5FFF7F5FF437B23F0020301
:1028700043730023836008BD38B504460D46F8F75E
:10288000E5FE637B43F002036373E5B1A5602B684B
:102890009D4209D16B68C4E900531C606C6012E072
:1028A0006A689A42F6D01B68002BF3D094F90E2088
:1028B00093F90E108A42F3D09142F1DD5A68C4E9CF
:1028C000003214605C6038BD10B5EFF31184202332
:1028D00083F31288BFF36F8FF8F776FE84F31188C5
:1028E000BFF36F8F10BD08B5EFF31181202282F383
:1028F0001288BFF36F8F83680BB1FFF7B3FF81F3CB
:102900001188BFF36F8F08BD10B50146EFF3118436
:10291000202383F31288BFF36F8F437B13F0280FBC
:102920000AD183680BB1FFF79DFF4B7B23F00403B3
:102930004B730846F8F748FE84F31188BFF36F8F96
:1029400010BD01211838FFF7DFBF08B50346EFF3CC
:102950001181202282F31288BFF36F8F00688342B7
:1029600007D008B1FFF77EFF81F31188BFF36F8FA7
:1029700008BD0020F8E710B5FFF7B5FFBDE810402F
:10298000183000F0CBB938B504680546AC424FF0BA
:10299000000000D138BD002CFCD02046FFF7EBFF33
:1029A0002046FFF791FF2C680120A542F1E738B5DA
:1029B00004460D46F9F7C8F8B5F1FF3F08BFB4F17A
:1029C000FF3F0246204618D000204FF47A7447F6A5
:1029D000FF730146C2FB0431B3F5004F71F10002F1
:1029E0000BD36FF400429A4243F6FF728A4126BF2E
:1029F000D80B40EA41406FF0004038BD38B5EFF3E6
:102A00001185202383F31288BFF36F8F0468A042DF
:102A100013D0A4B1C4F8B01022612046FFF722FF02
:102A200004F1180000F07AF92046F8F7CDFD0120F6
:102A300085F31188BFF36F8F38BD0020F8E720467B
:102A4000F6E7F0B585B00646154602A8DDE90A238B
:102A50000C4600F0AEF9DDE9021251EA020326D07D
:102A600023682046013340F8183B0C9B00271F7059
:102A7000CDE9001232462968F8F7D2FEEFF3118350
:102A8000202282F31288BFF36F8F2B60226894F8A4
:102A90002C30013A9907226002D51AB16FF08B00F1
:102AA00005B0F0BD23F0020384F82C30F6E76FF098
:102AB0000A00F5E738B50446002000220546114615
:102AC0002046FFF79BFF0028F7D1284638BD00239A
:102AD000C0E9023303610360037600F11C03C0E91F
:102AE000073300F12403C0E90933426100F13003E8
:102AF0000122C0E90C33416080F82C2070472DE999
:102B0000F04F8FB0054690460AA8DDE918230591DD
:102B100000F02BF9DDE90A34CDE90634EFF3118337
:102B2000202282F31288BFF36F8F95F82C400D930B
:102B300014F002044FF000038DF8333040F0908021
:102B400095F82C60F64316F0010640F08C80EA8977
:102B50006B899A4260D12B68002B58D005F11C0379
:102B6000A8EB040B0893B246EF69089B9F423DD047
:102B7000002F3BD0D7F81090DDF814C0D9F8000032
:102B8000D9E90123ABEB0601D21A8A4228BF0A46D3
:102B9000A11961441844099200F0B1FAD9F808105B
:102BA000099A16440A44D9F80410C9F808208A4240
:102BB0001CD3D7E900210A6051607A7BC7F808A0CE
:102BC00022F002027A73C7E900AA07F1180000F0A8
:102BD000A5F8C7F8B0A0C7F810A03846FFF774FEF4
:102BE0004FF00103B3458DF83330BDD83444A045D0
:102BF0000DD826469DF83330002B37D00D9905F1BE
:102C00001800F8F789FE30460FB0BDE8F08F20219C
:102C100005F1300000F024FA059BA8EB0402191915
:102C2000281DFCF72FFC0444A04501D14646E1E7EE
:102C30000DF133030293DDE906232946CDE9002394
:102C400005F124000DAAFFF7FCFE064600283FF41C
:102C500077AF10F10B0FCDD1002C18BF2646C9E776
:102C60006FF08B06C6E76FF01F06C3E70D9B83F37B
:102C70001188BFF36F8FC6E738B50446EFF31185AF
:102C8000202383F31288BFF36F8F0023C0E9023340
:102C90000361036863B190F82C3043F0020380F8BD
:102CA0002C301C30FFF706FF04F12400FFF702FF71
:102CB00085F31188BFF36F8F38BD38B50446EFF345
:102CC0001185202383F31288BFF36F8F002380F8D0
:102CD0002C301C30FFF7EEFE04F12400FFF7EAFE73
:102CE00085F31188BFF36F8F38BD10B5F9F71AFA65
:102CF0000446F9F71FFA74B1D4E904321B1A62EBE7
:102D0000E072B3F1004F72F1000104DA002AACBFA7
:102D10001846002010BD6FF00040FBE738B50246B2
:102D2000EFF31185202383F31288BFF36F8F0368BD
:102D300093B1F9F7F7F904461046F9F705FA84421A
:102D400004D1FFF7D2FF0021F5F788FF002085F3BB
:102D50001188BFF36F8F38BD6FF01500F7E708B526
:102D6000F9F7E2FA08BDF9F7DFBAB3F1FF3F08BFA0
:102D7000B2F1FF3F70B504461D46164613D01A4304
:102D800015D06FF00102921B4FF0FF3363EB05018A
:102D9000002904DAF9F7C8FA821941EB0501C4E900
:102DA0000021204670BD4FF0FF321146F7E70022A8
:102DB000FBE7B3F1FF3F08BFB2F1FF3FF8B50746AD
:102DC00016461C4610D054EA020311D0F9F7ACFAAB
:102DD000B0420A46A14103460AD2F31A64EB020448
:102DE000C7E900343846F8BD4FF0FF331C46F7E71B
:102DF0000023FBE70023C0E9081200F11802C0E934
:102E00000622C0E9003303634363704710B50446EC
:102E1000FFF784FFA8B9636A0BB12046984704F115
:102E20001800FFF792FD60B1FFF74EFDEFF3118040
:102E3000202383F31288BFF36F8FBDE81040F8F7AB
:102E40009BBD10BD0346EFF31182202181F3128850
:102E5000BFF36F8F0021006B196382F31188BFF3FA
:102E60006F8F704770B5D0E90034984209D044B1F3
:102E7000A568EDB115F9526C12F9525CB54208D053
:102E800007DDC1E900042160416010E0A342F8D0F1
:102E90001B68002BF5D09A6862B112F9522CAA4235
:102EA000F4D0F3DD5A68C1E900321160596070BD99
:102EB000AB7BFFDE937BFCE72DE9F84F00250F4647
:102EC0001446984601462E464FF0200AA946BD42B8
:102ED00002DB3046BDE8F88FEFF3118B8AF31288DE
:102EE000BFF36F8F4B7B03F03F03082B09D853B11F
:102EF000013B072B07D8DFE803F0281C0622060653
:102F0000062E102B3ED0B8F1000F34D12378002BC1
:102F100031D04B7B03F03F03082B35D8002B35D045
:102F2000013B072B32D8DFE803F03E34313A313130
:102F300031410B699B68002BE5D0022310E00B693F
:102F40001B68002BDFD004230AE00B699B68002B71
:102F5000D9D0012304E00B695B6A002BD3D0102386
:102F6000CA68C1F80890C2F38630034363F3943211
:102F7000CA6084F800908BF31188BFF36F8F01351E
:102F80001431A4E72023EBE7102B13D08C6001361B
:102F9000F1E7086922461030FFF764FFF6E7086999
:102FA00022461430F8E708692246F5E70869224608
:102FB0002830F1E7086922463030EDE72DE9F0418D
:102FC000846805460E46D4B16378012B22D114F8EB
:102FD000533C9A0711D5A4F160073846FFF7CBFCA4
:102FE000082E0CBF6FF003030023236514F8533C35
:102FF000DB0602D13846FFF767FC00232370EB683D
:10300000C3F386321643002066F39433A860EB6066
:10301000BDE8F081022BF0D12378002BEDD054F8DD
:10302000048CB8F1000FE8D004F11400FFF776FE2D
:10303000A4F114070023E36239464046FFF798FBEA
:10304000DBE710B55205090201F47C5102F40012CD
:103050000A43017B00240A43C0E90323846010BDB6
:1030600038B5EFF31185202383F31288BFF36F8FF8
:103070000468A04211D0D4E9003213605A600023E2
:10308000C4E900332046FFF799FF85F31188BFF3A9
:103090006F8F201E18BF012038BD0024F5E70023E4
:1030A000C0E9000083607047002383607047836835
:1030B0000B60C368136070470432D3B5044608D26E
:1030C00000260027CDE9006741F00401FFF710F862
:1030D00010B9002002B0D0BD40F8044BFAE720B18F
:1030E000011F50F8040CFFF74EB87047014604204A
:1030F000F9F7B6BA002070476FF0570070470A44DE
:10310000914200F1FF3300D1704710B511F8014B27
:1031100003F8014F9142F9D110BD884210B501EB7F
:10312000020402D98442234607D8431EA14208D094
:1031300011F8012B03F8012FF8E7024401468A42F7
:1031400000D110BD13F8014D02F8014DF7E702441C
:103150000346934200D1704703F8011BF9E720F0C2
:103160002003413B192B05D9303809288CBF00209A
:10317000012070470120704720F0200041381928B5
:103180008CBF0020012070471F2804D9A0F17F03C5
:1031900058425841704701207047303809288CBF89
:1031A00000200120704721385D288CBF00200120BD
:1031B0007047613819288CBF0020012070472038E3
:1031C0005E288CBF002001207047202805D00938D8
:1031D00004288CBF0020012070470120704741382F
:1031E00019288CBF002001207047A0F13003092B63
:1031F00007D920F02000413805288CBF002001208D
:10320000704701207047A0F14103192B98BF20306F
:103210007047A0F16103192B98BF20387047002137
:10322000F9F7FABA0A220021F9F7B4BC0A22002100
:10323000F9F7B0BCF9F73ABAF9F754BA10B5013951
:103240000244904201D1002005E0037811F8014FBB
:10325000A34201D0181B10BD0130F2E710B504469F
:1032600014F8013BA3F14102192A11F8012BA2F134
:10327000410098BF2033192803D82032981AEFD084
:1032800010BD981AFCD1002AEAD1F9E710B5024620
:10329000147813460132002CFAD1013B11F8012BAE
:1032A00003F8012F002AF9D110BDC9B20346184610
:1032B00013F8012B12B18A42F9D17047002918BFC7
:1032C0000020704710B56AB10139841810F8012B3D
:1032D00011F8013F9A4203D1A04201D0002AF5D152
:1032E000D01A10BD1046FCE710B50139044632B1C2
:1032F00011F8013F00F8013B013A002BF7D1002102
:10330000FFF725FF204610BD10B5024601448A4252
:10331000134603D01C780132002CF8D1181A10BDC6
:1033200038B511F0FF0403460ED12146BDE8384000
:10333000FFF7BBBF431C054621461846FFF7B5FF04
:103340000028F7D1284638BD0025F5E70A7870B582
:103350006AB970BD9A4209D10C46054614F8013F7E
:10336000002BF6D015F8016F9E42F7D0013003789C
:10337000002BEFD11846ECE72DE9F047C3F13709F0
:10338000074688465FFA89F903F01F0516464FF095
:10339000000A384641462A465346CDF7B9FDD4B215
:1033A000092C88BF4C443A46434688BFE4B2AA423F
:1033B00004F1300473EB0A0306F8014B0746884614
:1033C000E7D23046BDE8F0872DE9F04387B01C46D0
:1033D00002AB00931746D2E902238146884600F0EB
:1033E000DFF804AB0093D7E9002306460D464846B4
:1033F000414600F0D5F8DDE90423901953EB0501AF
:103400004FF0000728BF012737B1029B039A013311
:1034100042F10002CDE90232403CDDE90223009492
:1034200000F0D9F807B0BDE8F0832DE9F04F87B080
:103430000618994602AB41EB01040093154630464D
:10344000D2E900232146DDF844B000F0A9F804AB2E
:103450000093D5E90223074688463046214600F00E
:103460009FF8DDE90263841951EB0306049BD5E95B
:1034700000014FF0000228BF0122D218059B43F142
:103480000003381848EB0101B84271EB0801D5E997
:1034900002C134BF0120002014EB0C0C46EB0101EB
:1034A00010EB0C0041F10001A04271EB060C34BF9F
:1034B0004FF0010C4FF0000CCDE90423A9F1410AB3
:1034C0001CEB020243F10003CDF800A000F083F8EA
:1034D000109BC3E90001129B012BDDE9042329D1D4
:1034E000D5E90201D5E900C5201A66EB010167455F
:1034F00078EB050534BF01250025401B61F1000173
:10350000844276EB010534BF01250025521BCDF81E
:1035100000A063F1000300F05EF8DDE90423CBE9CD
:103520000001CDF800A02046314600F054F807B065
:10353000BDE8F08F17EB070E48EB080C201946EB9F
:103540000601BE457CEB080834BF01270027C719D8
:1035500041F10008D5E9000186457CEB010CD5E975
:10356000021534BF01200020381A68F1000C401AFF
:103570006CEB050192185B41A74278EB060534BF5E
:1035800001250025521943F10003874278EB010819
:1035900034BF01250025521BA9F140050095B8E76D
:1035A000F0B50F460446A0FB0201A7FB02524919E1
:1035B000A3FB044542F10002A7FB0373611845F128
:1035C0000004D219059E43F10003121943F10003D0
:1035D000C6E90023F0BDF0B5059CC4F14007C4F175
:1035E000200602FA06F6A4F12005BB4022FA05F5F2
:1035F0003343C4F120062B4301FA06F6A4F120055B
:10360000E04021FA05F53043BA402843E140104339
:103610001943F0BD2DE9F0410446CD0FC1F30A5026
:10362000C1F3130154EA0107157140F2FF7607D088
:10363000B0420CD145F0080515710020BDE8F081BD
:10364000002863D0B0425ED145F00405F4E70028BD
:1036500059D10120A0F2FF30002B106059DB0C2B58
:1036600059DCC3F10D05AD00012005F1FF3CA5F1CA
:103670002107C5F1210620FA06F600FA07F700FA3D
:103680000CF03743061847EB0708D6F1000E68EB3D
:10369000480C013E48F1FF38264008EA0108B042D4
:1036A00077EB08080FDBC5F12008B5F1200601FA19
:1036B00008F824FA05F545EA08055CBF41FA06F664
:1036C0003543ED0703D52018044641EB070104EA12
:1036D0000E0401EA0C019DF81860123218460D25FF
:1036E000C6F127064FF0300E04F00F03240944EA18
:1036F000017405F1FF3C0911571EB3B9A8420CDA59
:1037000065463A46F0E741F48011A3E704460146D6
:10371000A2E70023DFE70D23DDE782F800E01CF1DC
:10372000010365463A46DFD188E7092BC8BF9B19DC
:103730003033A8421370B8BF2846F0E7D1E904320D
:1037400093421EBF5A1C0A611870704738B58B78B7
:103750009B070D4609D5C4B24B6820469847002800
:1037600006DAAB7843F00403AB704FF0FF3038BD9E
:103770002046FCE718B100204FF0004170470020C0
:10378000002170470148006870470000E0470020B2
:08379000ECD7FC7F01000000F2
:1037980001C90000000000000000000038380300E4
:1037A800C9A9020000000000EDA902000000000005
:1037B80011AA020000000000000000005C380300AD
:1037C80000000000A4380300000000008038030057
:1037D8009D6D020000000000F98A02000000000050
:1037E8006FF5020000000000B9C4000000000000EE
:1037F80069AF02000000000000000000103903005B
:1038080000000000EC380300000000003439030019
:1038180000000000C8380300000000005839030009
:10382800000000007C390300B99B00000000000084
:1038380062AC0300706E0300603B03005B04002071
:1038480094820020656A0200000000000000000069
:10385800646E030096AE0300FC6E0300103B030089
:1038680063040020848300205977020000000000D0
:1038780000000000F06E0300A5AC0300000000008B
:10388800D83A03005D040020F0820020B16F0200E6
:103898000000000000000000886E030087B00300ED
:1038A800D06F03007C3B0300690400204C03002018
:1038B800D57F02000000000000000000C46F030074
:1038C8008853030000000000543B03005904002003
:1038D8002C6B002000000000000000000000000029
:1038E800B053030027AD030000000000E03A0300D6
:1038F8005F04002000000000FD70020000000000CE
:1039080000000000946E03008DAF0300206F0300D9
:10391800343B03006504002090830020DD18030079
:103928000000000000000000146F0300B3AF0300A4
:10393800786F0300343B030067040020C483002031
:10394800DD18030000000000000000006C6F030099
:103958007BB20300187003004C3B03006B0400208B
:1039680070030020FD80020000000000000000003D
:103978000C7003005BAE0300B46E0300F83A03005A
:1039880061040020648300205574020000000000D8
:0839980000000000A86E03000E
:1039A00005920200211D030000000000610C0300CD
:1039B000A4380300011B03006DA40200211D0300B5
:1039C0007DA40200211D030000000000610C030023
:1039D000E5970200211D030000000000610C0300B8
:1039E00000000000610C030000000000610C0300F7
:1039F00000000000610C0300000000004D03020005
:103A000000000000610C0300F08200202170020021
:103A100000000000BD53020000000000610C030024
:103A200000000000610C030000000000898B020010
:103A300000000000610C030000000000610C0300A6
:103A400000000000610C030000000000610C030096
:103A500000000000610C030000000000610C030086
:103A6000000000007D03020000000000610C030064
:103A700000000000610C030000000000610C030066
:103A800000000000610C030000000000610C030056
:103A900000000000610C030000000000610C030046
:103AA00000000000610C030000000000610C030036
:103AB00000000000610C0300119D0200211D0300A5
:103AC00000000000610C030000000000610C030016
:083AD00000000000610C03007E
:083AD800596F0200B16E0200FB
:103AE000AD7002007172020029710200A57002001F
:103AF0007114030095700200411703006F16030054
:103B00003D73020035730200191503000D15030003
:103B1000DD7702001F1803002D180300451803006D
:103B2000511803005D18030059790200771803004B
:043B30000000000091
:103B3400617C020000000000A97A0200000000007D
:083B440000000000217C0200DA
:083B4C0075830200C11C030097
:0C3B5400F900010089000100D902010005
:103B6000BD6A02004F130300AF1303000000000002
:0C3B7000ED120300000000000000000047
:103B7C00A7190300217F020099190300891B030078
:103B8C00CD190300F5190300291A0300391A030093
:103B9C00671A0300731A0300391A0300571A03003B
:103BAC007F1A03008D1A03009B1A0300D11A03001D
:043BBC00D51A030013
:0C3BC000000000000000000000000000F9
:103BCC0085770300030000009C66030003000000DF
:103BDC007C570300030000009C530300030000000B
:103BEC00C05E0300030000008866030003000000B1
:103BFC006F90030003000000CB8F03000300000054
:103C0C002C7803000300000083AC030003000000C9
:103C1C00578C0300010000001E8B03000300000002
:103C2C0052AD030003000000A28F0300030000004C
:103C3C00AAAE030003000000C5AF030003000000A0
:103C4C007B9103000100000034A903000100000077
:103C5C0042AC030001000000657803000300000083
:103C6C006978030003000000A98F03000300000023
:103C7C00B18F03000300000008750300030000006F
:103C8C00AF81030003000000B581030003000000B6
:103C9C00C08F03000300000073AE0300030000009C
:103CAC008DB20300030000009BB003000300000072
:103CBC00E04C0300D8470020C9810300000000003D
:103CCC001D7403009D0A0000687303000D0A0000B8
:103CDC0070740300B10F0000957303005D0A0000BF
:103CEC000174030041010000757303007D0900009D
:103CFC00D6730300CD0900007D740300A5090000F4
:103D0C0043740300910900008C740300E109000066
:103D1C00367403000107000029740300AD04000091
:103D2C00C97303003D0100005C730300FD03000038
:103D3C00F2730300090E00000E740300450E000020
:103D4C00BD730300D9030000E573030005010000F7
:103D5C004C73030021010000A37303005104000005
:103D6C003C730300710E000052740300B903000091
:103D7C00AF730300E100000084730300F500000042
:103D8C002F730300CD0C00005F740300110F0000B3
:103D9C001C730300CBEA020079AF03001039030057
:103DAC0073B00300A43803004EAC03003838030092
:103DBC0091AC03008038030013AD0300EC38030012
:103DCC009FAF03003439030074530300C838030059
:103DDC0067B203005839030047AE03007C39030077
:103DEC0083AE03005C380300F89E03009DC4000002
:103DFC00C2B30300FF2103005278030059F0020004
:103E0C00457803006BF00200F87503009171000017
:103E1C0002750300596E0000647603001F32030024
:103E2C0069760300253203005F7603002D32030010
:103E3C008A7503008DCA0000B475030081CB0000A5
:103E4C00A07503006DCB00009875030055CB0000E6
:103E5C007476030085C50000DA7403003DC40000CD
:103E6C00077503001DE10200BA9D030069C500003F
:103E7C004F7603005F31030037760300793103007E
:103E8C002F76030089310300277603009B31030052
:103E9C001F760300A731030007760300B33103003C
:103EAC0017760300BF31030057760300CB310300B4
:103EBC000F760300DF310300FE750300EB310300C6
:103ECC001F7503008120030016B40300F7270300BD
:103EDC0083760300ED300300EB750300A1B90200FB
:103EEC00DC750300C9B902002C750300F52D030025
:103EFC000F7503006DB2020085760300FDC400004F
:103F0C00EDA803003D320300E6A80300FF300300D8
:103F1C008C7603001B310300DFA803004F31030034
:103F2C005F7503008D0F030076750300B10F03005E
:103F3C0047750300C10F030039750300C9C80000A1
:103F4C00E674030001C702003E7803003FF0020054
:103F5C00F574030025C70200FD74030031C702008D
:103F6C006F760300353203007B76030031C5000009
:103F7C00CD740300C5F40200BF74030009F5020000
:103F8C00B274030085F402000B750300A9E1020072
:103F9C00E474030071C70200ED740300C9C702008A
:103FAC006E76030039320300B87603005D320300ED
:103FBC00947603008D3203009B760300AB32030032
:103FCC00A97603007D0F0000A97603007D0F000089
:103FDC00F4A80300910F0000A2760300A10F0000CB
:103FEC00A2760300A10F0000CB760300C5320300BC
:103FFC00CB760300C5320300C3760300E93203001D
:10400C00C3760300E9320300DA76030021330300A0
:10401C00D37603004D330300B076030081CC02004D
:10402C009B740300FD1C03000375030035E20200C2
:10403C0047760300073203003F7603001332030078
:10404C003D7803003BF00200CAA8030021200300C6
:10405C00B0A803008DA502008EA80300D5A5020010
:10406C007BA80300BD20030064A803000B20030001
:10407C0049A803000000000037A80300070B030049
:10408C0024A803000000000011A803000000000099
:10409C00FFA703006DB50000EAA70300DF0A0300C9
:1040AC00CEA7030049140300ACA703003F14030080
:1040BC0089A70300371403006DA70300000000005C
:1040CC0057A703000000000035A703000000000004
:1040DC0023A703000000000008A703000000000055
:1040EC00F1A6030000000000DEA6030000000000A3
:1040FC00C2A6030000000000A8A6030000000000F8
:10410C008DA603000000000069A60300000000005B
:10411C0049A60300000000002AA6030000000000CE
:10412C0011A6030000000000F3A50300000000002E
:10413C00D3A5030000000000B6A50300000000009A
:10414C00A1A50300000000008BA5030000000000E7
:10415C0074A503000000000052A50300000000003D
:10416C002EA50300000000001AA5030000000000AB
:10417C0007A5030001200300ECA40300C5B2020054
:10418C00D6A40300EF270300BEA4030079B20200FB
:10419C00A8A4030039B3020093A40300000000009C
:1041AC007FA40300000000006BA4030000000000CB
:1041BC0058A40300000000003EA40300000000000F
:1041CC002AA403000000000012A403000000000059
:1041DC00FBA30300F3210300E5A30300F921030073
:1041EC00D1A3030000000000BDA3030000000000E9
:1041FC00A2A3030085B3020089A303005B22030082
:10420C0077A3030005AB02005FA303009322030016
:10421C0044A303000000000029A3030000000000D9
:10422C0016A30300A122030000A30300D322030062
:10423C00ECA2030019230300DAA2030045AA020032
:10424C00C6A20300AF230300B2A20300CDAB020051
:10425C009CA20300BDAC02007FA203000000000082
:10426C0069A20300000000004EA203000000000041
:10427C0036A20300000000001DA203000000000095
:10428C0002A2030000000000EEA10300BB2C0300FF
:10429C00DAA1030000000000C8A103000000000028
:1042AC00B5A10300CF2A0300A3A103000000000066
:1042BC0090A103003DBE020077A1030000000000A6
:1042CC0063A10300792C03004FA10300FF2A030014
:1042DC0035A103000000000027A1030061C5020006
:1042EC000CA10300AF300300F2A003009F300300C9
:1042FC00D7A0030011C60200BCA00300A930030024
:10430C00A0A003007D25030083A0030091250300DA
:10431C0068A00300E924030055A003005DAD020072
:10432C0041A00300CF24030029A0030000000000DB
:10433C0010A00300A5250300F79F0300AD25030083
:10434C00E39F03006DBA0200BF9F03004DBC020047
:10435C00A89F030000000000969F0300C1AD02005F
:10436C00849F0300B5250300719F030081AE0200FA
:10437C005F9F030035AE0200509F0300AF2903007E
:10438C00369F0300E9250300239F030001AF0200C1
:10439C000F9F030011260300FE9E0300858600007C
:1043AC00E89E030001C20000D19E03001DB502006F
:1043BC00B19E030000000000919E0300000000006D
:1043CC00749E0300000000005F9E030099BD020074
:1043DC00459E03000D2803002C9E0300A5B302008C
:1043EC000F9E030003280300F29D030041BA020054
:1043FC00DB9D03003DB90200BF9D0300F5300300B7
:10440C00A49D0300F9300300849D03004B28030096
:10441C006C9D030031B70200469D030000000000B4
:10442C001E9D030000000000019D03000000000021
:10443C00E29C030000000000CD9C030039C4020084
:10444C00B39C0300452E0300989C0300ADC40200EE
:10445C00849C03000D2E0300679C030000000000E9
:10446C004A9C030000000000349C0300672D0300ED
:10447C00249C0300C9BB0200149C030005BC020071
:10448C00059C0300C1BA0200EB9B03003D670200D0
:10449C00D39B0300718A0000BD9B0300A7F50200AB
:1044AC009E9B0300B7F502008D9B0300358A00002C
:1044BC007A9B03009BF50200679B03000000000041
:1044CC00519B030000000000229B03000000000031
:1044DC000C9B030065C90000F89A030025C9000075
:1044EC00E19A030000000000CB9A030000000000DA
:1044FC00B79A030000000000A19A0300000000001E
:10450C00859A0300000000006A9A03000000000076
:10451C004F9A030000000000349A030000000000D2
:10452C001A9A030000000000FF990300000000002D
:10453C00E599030000000000CE9903000000000084
:10454C00B4990300000000009A99030000000000D9
:10455C0086990300000000006E9903000000000023
:10456C00599903000000000040990300000000006E
:10457C0029990300000000001399030000000000BB
:10458C00F998030000000000EA9803000000000006
:10459C00D598030000000000C29803000000000042
:1045AC00A1980300E9F6020080980300FBF60200D4
:1045BC005F9803000FF7020040980300958D0000F0
:1045CC002198030000000000009803000000000088
:1045DC00EC97030075C40000D7970300000000009F
:1045EC00BE97030000000000A3970300000000002A
:1045FC00C2750300E18C0000C2750300E18C000061
:10460C00C081030048000020583600202400002000
:10461C0002000000644C030054360020784C030068
:10462C00D4040020B5810300C8050020608500205B
:10463C004C4D0300CC4B03000C4C0300CC4C030042
:10464C00244D0300B84B0300C86D0300604D0300FC
:10465C00104D0300FC4C0300384D0300184B0300B5
:10466C00000000000000000000000000000000003E
:10467C00000000008279030089790300000000002B
:10468C003192000000000000777B0300817B030067
:10469C0000000000B592000003000000599F0300C9
:1046AC00B8790300000000004D92000002000000E9
:1046BC00B6A30300A07B0300F84603000000000033
:1046CC00000000003E7A0300457A03000000000061
:1046DC0081120000010100009C7A0300A47A0300FF
:1046EC00000000009D92000000000000000000008F
:1046FC0000000000000000000000000000000000AE
:10470C00637E0300687E030000000000E595000056
:10471C00020000008F7C0300947C0300000000006A
:10472C005993000000000000EB9D0300097E03007C
:10473C00000000008195000002000000357D0300A0
:10474C003C7D0300000000004D94000000000000C0
:10475C007C9D0300AE7D0300000000001D95000051
:10476C00020000000000000000000000000000003B
:08477C00000000000000000035
:08478400ED670200DB120300E7
:08479000010000000000000020
:1047A000000103FF04FF02000001060201070000F0
:1047B0000001020104040404D2B30300000100005C
:1047C0001B5B4A00001B5B4800001B5B324A000079
:1047D0001B5B4A00001B5B6D00001B3700001B3891
:1047E00000001B5B3F336C00001B5B4800001B5B41
:1047F000324A00001B3700001B3800000000000098
:104800000338FDD8704700000100000000000000E0
:10481000050000000000000019000000000000007A
:104820007D00000000000000710200000000000098
:10483000350C000000000000093D000000000000F1
:104840002D31010000000000E1F50500000000002E
:1048500065CD1D0000000000F90295000000000079
:10486000DD0EE90200000000514A8D0E000000003C
:104870009573C24800000000E941CC6B01000000C4
:104880008D49FD1A07000000C16FF2862300000069
:10489000C52EBCA2B1000000D9E9AC2D7803000000
:1048A0003D9160E45811000031D6E275BC5600001D
:1048B000F52E6E4DAEB10100C9EA26836778080077
:1048C000ED95C28F055A2A00A1EDCCCE1BC2D300B4
:1048D00025A4000A8BCA220400000000000000008A
:1048E00000000000000000100000000000000000B8
:1048F000B9340332B7F4AD1410DB1AB30892540E76
:104900000D307D951447BA1A66088F4D26ADC66DD9
:10491000F598BF85E2B74511CA96853D92BD1DEB5E
:10492000FCA11860DCEF52163C92AE220BB8C1B469
:10493000839D2D5B0562DA1C304C7E8F4E8BB25B03
:1049400016F4529F8B56A512FBD4827643ED8AF063
:104950008FE7F9311565191850F19BD94A13EEB458
:10496000284CF0A686C1251F035FC270CB9E491656
:10497000E642889C44EB2014B0650836AD6EA585F0
:1049800085F0CA14E2FD031A0B899979D5B13D0966
:10499000D8DA973A35EBCF10AC363F5E73BB38CFE1
:1049A0003E6752FA44AFBA15010000000000000053
:1049B0000000000000000020345065C05FC9A6520E
:1049C000BB13CBAEC440C21806C8DF7100D5A87CAB
:1049D000F56F0FDA58FC27136E4756357D24206596
:1049E00002C7E768E48CA41DE9E60268D7CD396107
:1049F0007977FCC2405BEF16798CDE43FFA751F953
:104A000091F3B278F5BDBE11E857E9D6E8BEE87B70
:104A1000B054AC8F848D751BEA23A499E9F9D38B2C
:104A2000B7A3714061DA3E15CEE33ECB73F9480877
:104A30008C97B427D51B7010A2BFEFB9EB85321548
:104A40004DB44DB49BBB6F1996B6076CF8E7EEAD4D
:104A500036D9B4F59135AE13222218AF4E6A684D9F
:104A600091DAAA3D4F40741E9FBD9EE006A1C098FA
:104A700057C2A7FDA40E90170E7D497173E3208FD6
:104A8000B220D87605143B12853D7434811343B0AF
:104A9000AD297A5F27F4351CE2652F227F2B7A3C03
:104AA000075C143326A6813CBDCBF07A8807703CA6
:104AB000075C143326A6913C4FBB610567ACDD3F14
:104AC000182D4454FB21E93F9BF681D20B73EF3F35
:104AD000182D4454FB21F93F00000040FB21F93F11
:104AE000000000002D44743E000000809846F83C11
:104AF0000000006051CC783B00000080831BF0393F
:104B00000000004020257A38000000802282E33631
:104B1000000000001DF369357E7703007A770300FB
:104B200000000000457E00000000000000000000C2
:104B3000357903003D79030000000000000000000B
:104B40000000000045790300497903004D79030016
:104B50005179030006000000000000000000000082
:104B600000000100EC38030001000000000001001B
:104B700000000300EC380300020000000000040005
:104B800000000300EC3803000300000000000700F1
:104B900000000100EC3803000400000000A0070042
:104BA00000600000EC380300050000000000000079
:104BB000000000017C390300557903005C79030093
:104BC0006C4603000000000000000000BC7E0300F3
:104BD000C37E0300E04B0300000000000000000063
:104BE000E44B03008F7C0300D37E03000000000031
:104BF00049960000000000000000000000000000D6
:104C00000000000000000000000000004D800300D4
:104C100054800300204C0300219700000202000092
:104C2000244C0300168103001B81030000000000D8
:104C3000E59700000502000074AB030053810300F8
:104C400000000000BD9A000002010000000000000A
:104C50000000000000000000000000000000000054
:104C60003A000000DA8400201E000000590303000F
:104C70000C4603001C000020BC3C0300A44C0300B5
:104C8000C447002064000000904C030080470020CF
:104C90008006002080000000000000001BF80200D9
:104CA00002000000D3050300CC470020DA84002076
:104CB0001E000000F19B000069F8020045F80200A8
:104CC00089F8020057F8020000000000E5840300A4
:104CD000A78403000000000075A900000100000087
:104CE0005B0503009B050300CD04030000000000EA
:104CF000000000000000000000000000A685030086
:104D0000AD8503000000000039B200000100000082
:104D1000D7850300DE850300744D0300DDB200007B
:104D200001010000838603008B8603000000000061
:104D3000F9B100000100000048AC03009C860300AC
:104D4000A04D03000000000000000000A2A403002A
:104D5000C286030000000000A5B2000001000000B0
:104D6000D0860300D4860300000000004F07030034
:104D700000000000784D0300F7860300FF86030063
:104D8000000000005DB10000010000000000000014
:104D90000000000000000000000000000000000013
:104DA000A44D0300438703004C870300000000006C
:104DB0009DB10000010000006987030078870300AF
:104DC000444E03000000000000000000288803009B
:104DD0002F880300844F0300000000000000000043
:104DE000468803004C880300444F03000000000085
:104DF00000000000638803006A880300044F03007A
:104E00000000000000000000798803007E88030095
:104E1000C44E030055B20000010100009188030058
:104E200097880300844E030000000000000000008B
:104E30000000000000000000000000000000000072
:104E400000000000484E0300A9880300B388030057
:104E500000000000ED07030001000000EB880300E4
:104E6000F288030000000000A50703000100000015
:104E70000000000000000000000000000000000032
:104E800000000000884E030071A10300298903007F
:104E900000000000530703000100000057890300D1
:104EA0005C8903000000000089B1000001000000DF
:104EB00000000000000000000000000000000000F2
:104EC00000000000C84E03003485030088890300F9
:104ED00000000000110803000100000020A90300E9
:104EE000C7890300000000007D08030001000000E6
:104EF00000000000000000000000000000000000B2
:104F000000000000084F030034850300DA89030025
:104F100000000000E9B100000100000020A903002A
:104F2000EA8903000000000075070300010000008B
:104F30000000000000000000000000000000000071
:104F400000000000484F030034850300F989030086
:104F500000000000810703000100000020A90300F9
:104F6000118A03000000000059080300010000003E
:104F70000000000000000000000000000000000031
:104F800000000000884F030034850300288A0300D6
:104F900000000000C90703000100000020A9030071
:104FA000408A0300000000003508030001000000F3
:104FB00000000000000000000000000000000000F1
:104FC0000000000050000020A5C700000000000005
:104FD000170F0300C84F0300E04F0300200000003C
:104FE00000E30020C84F0300F04F0300030100005E
:104FF000A4E40020C84F0300005003000401000097
:10500000FCF00020574553545F544F504449522FF1
:105010007A65706879722F7375627379732F626C19
:105020007565746F6F74682F636F6E74726F6C6CDC
:1050300065722F7469636B65722F7469636B657237
:105040002E6300007469636B65725F7265736368D9
:1050500065642D3E7469636B735F746F5F65787010
:10506000697265203D3D2030550000004153534595
:105070005254494F4E204641494C205B25735D20D8
:10508000402025733A25640A00000000282874692E
:10509000636B65725F72657363686564292D3E6535
:1050A00078745F64617461202626202828746963FF
:1050B0006B65725F72657363686564292D3E657800
:1050C000745F646174612D3E7469636B735F736CAC
:1050D0006F745F77696E646F7720213D20305529AA
:1050E00029000000574553545F544F504449522FF4
:1050F0007A65706879722F7375627379732F626C39
:105100007565746F6F74682F636F6E74726F6C6CFB
:1051100065722F6C6C5F73772F756C6C2E6300005B
:10512000216572720000000072780000756C6C5F7F
:105130007265665F67657428756C6C5F6864722958
:10514000000000003000000072656C65617365202E
:105150003D3D20646F6E65002172657476616C0060
:1051600064656C7461203C3D2030207C7C206D6542
:105170006D5F6C696E6B5F72782E71756F74615FB5
:10518000706475203C20282833202B2031202B20D0
:105190003629202B202832202A20283429292900AA
:1051A0006C6F6F7000000000216C6C6C5F636F6E41
:1051B0006E2D3E6C696E6B5F74785F66726565001C
:1051C0006D656D715F6C696E6B000000636F6E6E74
:1051D0005F6C6C6C0000000021636F6E6E5F6C6C26
:1051E0006C2D3E6C696E6B5F74785F6672656500EE
:1051F00072782D3E6864722E7479706520213D208E
:105200004E4F44455F52585F545950455F4E4F4E84
:10521000450000002163632D3E7374617475730053
:1052200072785F667265652D3E6864722E7479705F
:105230006520213D204E4F44455F52585F545950E0
:10524000455F4E4F4E45000021636F6E6E2D3E6CE4
:105250006C6C2E6C696E6B5F74785F66726565004E
:105260002172657400000000574553545F544F503D
:105270004449522F7A65706879722F737562737919
:10528000732F626C7565746F6F74682F636F6E74C3
:10529000726F6C6C65722F6C6C5F73772F6C6C6CBB
:1052A0005F636F6D6D6F6E2E63000000216572721B
:1052B000207C7C20657272203D3D202D31313900EB
:1052C000574553545F544F504449522F7A65706884
:1052D00079722F7375627379732F626C7565746F51
:1052E0006F74682F636F6E74726F6C6C65722F6869
:1052F00063692F6863695F6472697665722E630003
:105300004C4C20696E697469616C697A6174696F6B
:105310006E206661696C65643A20256400000000B7
:1053200042542052582070726900000042542052AA
:1053300058000000456D7074792048434920706121
:10534000636B657400000000556E6B6E6F776E20A6
:105350004843492074797065202575006572722074
:105360003D3D2030207C7C20657272203D3D202D0B
:10537000340000005F5F6465766963655F64747321
:105380005F6F72645F39320062745F6863695F6384
:105390006F6E74726F6C6C657200000062745F6394
:1053A000746C725F6863695F64726976657200002D
:1053B000B4530300010000008853030057455354C1
:1053C0005F544F504449522F7A65706879722F7339
:1053D00075627379732F626C7565746F6F74682F63
:1053E000636F6E74726F6C6C65722F6863692F687F
:1053F00063692E63000000002A6576745F6275663B
:105400000000000020202020486561646572206C47
:10541000656E6774682025752F25752C20494E56BA
:10542000414C49442E0000006576745F6275660049
:10543000131510FF1A1B12005A6570687972204FFD
:10544000532076342E312E39390000004E6F20481B
:10545000434920436F6D6D616E64206865616465CA
:1054600072000000496E76616C69642048434920EF
:10547000434D44207061636B6574206C656E677486
:105480006800000046433A205265717569726520D4
:10549000486F73742041434C204D54552028257586
:1054A00029203E3D204C4C204D61782044617461A0
:1054B000204C656E6774682028257529000000005F
:1054C00046433A20486F73742041434C2070616317
:1054D0006B65747320282575292C2042545F425532
:1054E000465F434D445F54585F434F554E54202808
:1054F000257529004E6F204843492041434C2068C0
:105500006561646572000000496E76616C696420B3
:105510004843492041434C207061636B6574206CA3
:10552000656E677468000000496E76616C6964207E
:105530004843492041434C2044617461206C656EAE
:1055400067746800547820427566666572204F76ED
:105550006572666C6F770000496E76616C696420D5
:10556000547820456E71756575650000286863691B
:105570005F686275665F73656E74202D206863696D
:105580005F686275665F61636B656429203C2068B3
:1055900063695F686275665F746F74616C000000B8
:1055A00068616E646C65203C20282873697A655FA9
:1055B000742920282828696E74292073697A656FF8
:1055C0006628636861725B31202D2032202A2021F9
:1055D00028215F5F6275696C74696E5F74797065AC
:1055E000735F636F6D70617469626C655F70285F73
:1055F0005F747970656F665F5F286863695F686272
:1056000075665F70656E64292C205F5F74797065C4
:105610006F665F5F2826286863695F686275665FEA
:1056200070656E64295B305D2929295D29202D2054
:105630003129202B202873697A656F662868636991
:105640005F686275665F70656E6429202F207369DC
:105650007A656F6628286863695F686275665F703F
:10566000656E64295B305D29292929006164762DE6
:105670003E74797065203D3D205044555F4144564D
:105680005F545950455F4449524543545F494E4425
:10569000000000002828282875696E747074725FF5
:1056A00074296E6F6465292025205F5F616C6967CE
:1056B0006E6F6628737472756374206E6F64655FB5
:1056C00072785F63632929203D3D20302900000066
:1056D0002828282875696E747074725F74296E6F3B
:1056E0006465292025205F5F616C69676E6F66289D
:1056F000737472756374206E6F64655F72785F6334
:10570000752929203D3D20302900000068616E6424
:105710006C653A203078253034782C2073746174AD
:1057200075733A2025782C2074783A2025782C201F
:1057300072783A2025782E00747970653A20307896
:10574000253032780000000072656A656374206F4E
:1057500070636F64653A203078253032780000003D
:105760000201010100000100000000000001000032
:1057700000020103030303030300000062745F637C
:10578000746C725F68636900574553545F544F509F
:105790004449522F7A65706879722F7375627379F4
:1057A000732F626C7565746F6F74682F636F6E749E
:1057B000726F6C6C65722F6C6C5F73772F756C6C8D
:1057C0005F6164762E63000068616E646C65203CE6
:1057D0002031000028726574203D3D203029207C56
:1057E0007C2028726574203D3D2032290000000095
:1057F0006164762D3E6C696E6B5F63635F66726594
:10580000650000006164762D3E6E6F64655F72789E
:105810005F63635F667265650000000073746174A6
:105820007573203D3D2030207C7C20706172616D5D
:10583000203D3D20756C6C5F64697361626C655FCF
:105840006D61726B5F6765742829207C7C202863FA
:105850006F6E6E65637461626C652026262021611F
:1058600064762D3E6C6C6C2E636F6E6E29207C7C92
:1058700020300000737461747573203D3D2030004A
:10588000216864722D3E64697361626C65645F6354
:10589000620000007265660028726574203D3D203C
:1058A0003029207C7C2028726574203D3D203229DF
:1058B000207C7C202866705F6F705F66756E632049
:1058C0003D3D202828766F6964202A293029290047
:1058D000216C6C6C2D3E6C696E6B5F74785F6672C8
:1058E000656500006D61726B203D3D20616476004E
:1058F00021657272207C7C2028657272203D3D20DB
:105900002D31323029000000616476202626206186
:1059100064762D3E69735F6372656174656400002F
:105920007064752D3E6C656E203E3D205F5F627534
:10593000696C74696E5F6F66667365746F66202844
:10594000737472756374207064755F6164765F61EF
:1059500064765F696E642C206461746129000000C4
:105960006864725F666C6167732E6164765F616400
:1059700064720000574553545F544F504449522FAE
:105980007A65706879722F7375627379732F626CA0
:105990007565746F6F74682F636F6E74726F6C6C63
:1059A00065722F6C6C5F73772F756C6C5F616476BA
:1059B0005F6175782E630000657272203D3D203076
:1059C000207C7C20657272203D3D202D31323000DC
:1059D00009706172616D313A2025752070617261C4
:1059E0006D323A2025750A0021287365635F68646B
:1059F000725F6164645F6669656C64732026202849
:105A000031554C203C3C202830292929207C7C2001
:105A100021287365635F6864725F6164645F6669AF
:105A2000656C64732026202831554C203C3C20288E
:105A300039292929000000007072695F706475209F
:105A4000213D207072695F7064755F7072657600C9
:105A50006C6C6C2D3E61757800000000737563639B
:105A600065737300287469636B735F637572726525
:105A70006E74203D3D207469636B735F7072657650
:105A8000696F757329207C7C2072657472792D2D65
:105A900000000000696420213D20282875696E748B
:105AA000385F7429282875696E74385F742930202E
:105AB0002D203129290000007469636B735F656CC8
:105AC0006170736564203C207469636B735F746FED
:105AD0005F73746172740000574553545F544F50A4
:105AE0004449522F7A65706879722F7375627379A1
:105AF000732F626C7565746F6F74682F636F6E744B
:105B0000726F6C6C65722F6C6C5F73772F756C6C39
:105B10005F6164765F73796E632E630061645F6FAB
:105B2000766572666C6F77006F766572666C6F77FC
:105B30005F6C656E0000000061645F6C656E203C08
:105B40003D206C656E000000574553545F544F5024
:105B50004449522F7A65706879722F737562737930
:105B6000732F626C7565746F6F74682F636F6E74DA
:105B7000726F6C6C65722F6C6C5F73772F756C6CC9
:105B80005F7363616E2E630021706172656E7420B5
:105B90007C7C2028706172656E7420213D206175C7
:105BA000785F7363616E5F6C6C6C29007363616E08
:105BB00000000000574553545F544F504449522F42
:105BC0007A65706879722F7375627379732F626C5E
:105BD0007565746F6F74682F636F6E74726F6C6C21
:105BE00065722F6C6C5F73772F756C6C5F7363617C
:105BF0006E5F6175782E63006175782D3E706172FD
:105C0000656E7400726566203C203255000000000D
:105C1000216C6C6C2D3E6C6C6C5F617578000000C3
:105C20006C6C6C006C6C6C5F617578006C6C6C20DB
:105C30003D3D206175782D3E706172656E74000087
:105C4000617578202626206175782D3E72785F6C0C
:105C500061737400216C6C6C2D3E6C6C6C5F6175B3
:105C600078207C7C20286C6C6C2D3E6C6C6C5F61A9
:105C70007578203D3D206C6C6C5F61757829000063
:105C8000287469636B65725F737461747573203D0A
:105C90003D203029207C7C20287469636B65725F0D
:105CA000737461747573203D3D203229000000003B
:105CB000287469636B65725F737461747573203DDA
:105CC0003D203029207C7C20287469636B65725FDD
:105CD000737461747573203D3D203229207C7C20D3
:105CE00028287469636B65725F73746174757320BF
:105CF0003D3D20312920262620302900756C6C5F1F
:105D00007363616E5F69735F76616C69645F676519
:105D100074287363616E29006C6C6C7363616E0030
:105D2000574553545F544F504449522F7A65706819
:105D300079722F7375627379732F626C7565746FE6
:105D40006F74682F636F6E74726F6C6C65722F6CFA
:105D50006C5F73772F756C6C5F636F6E6E2E630074
:105D600074785F627566000072782D3E6864722EEA
:105D70006C696E6B00000000737461747573203D74
:105D80003D2030207C7C20706172616D203D3D2083
:105D9000756C6C5F7570646174655F6D61726B5F6B
:105DA0006765742829207C7C20706172616D203DBC
:105DB0003D20756C6C5F64697361626C655F6D61D9
:105DC000726B5F67657428290000000070203D3DFC
:105DD00020706172616D0000666F7263655F6D6453
:105DE0005F636E743A206F6C643D2025752C206EC5
:105DF00065773D2025752E00696E636F6D696E674E
:105E00002054783A20636F756E743D2025752C20E0
:105E10006C656E3D2025752C20726174653D2025D2
:105E200075206270732E0000636F6E6E2D3E6C6C79
:105E30006C2E68616E646C6520213D20307846468A
:105E400046460000287469636B65725F7374617401
:105E50007573203D3D203029207C7C2028746963A7
:105E60006B65725F737461747573203D3D203229D8
:105E7000207C7C202828766F6964202A29636F6E35
:105E80006E5F6C6C203D3D20756C6C5F6469736166
:105E9000626C655F6D61726B5F67657428292900AC
:105EA0006C6C6C5F747800007064755F74782D3E64
:105EB0006C656E00216C696E6B2D3E6E65787400AA
:105EC00062745F63746C725F756C6C5F636F6E6E2F
:105ED00000000000574553545F544F504449522F1F
:105EE0007A65706879722F7375627379732F626C3B
:105EF0007565746F6F74682F636F6E74726F6C6CFE
:105F000065722F6C6C5F73772F756C6C5F6C6C6354
:105F1000705F656E632E63006E7466005745535460
:105F20005F544F504449522F7A65706879722F73CD
:105F300075627379732F626C7565746F6F74682FF7
:105F4000636F6E74726F6C6C65722F6C6C5F7377BD
:105F50002F756C6C5F6C6C63705F7068792E63007A
:105F60006E74662D3E6864722E74797065203D3DB6
:105F7000204E4F44455F52585F545950455F52453B
:105F80005441494E00000000636F6E6E2D3E6C6CF4
:105F90006C2E726F6C65203D3D20307830310000F2
:105FA000636F6E6E2D3E6C6C6C2E726F6C65203D57
:105FB0003D203078303000006374782D3E6E6F6481
:105FC000655F7265662E7478000000006374782D3A
:105FD0003E646174612E70752E6E74665F646C65CC
:105FE0005F6E6F6465000000574553545F544F5017
:105FF0004449522F7A65706879722F73756273798C
:10600000732F626C7565746F6F74682F636F6E7435
:10601000726F6C6C65722F6C6C5F73772F756C6C24
:106020005F6C6C63702E63006374782D3E6F776EC7
:10603000657200006374782D3E6E6F64655F7265F3
:10604000662E7278000000006374780085AA010053
:1060500095AA0100A5AA0100B5AA0100C5AA0100E0
:10606000D5AA01007DAB01008DAB0100E5AA0100BE
:106070009DAB0100ADAB0100BDAB0100F5AA010075
:10608000CDAB0100DDAB010005AB0100EDAB0100C4
:1060900015AB0100FDAB01000DAC01001DAC010012
:1060A0002DAC01003DAC01004DAC010025AB010061
:1060B0005DAC0100000000000000000000000000D6
:1060C000000000006DAB0100574553545F544F5022
:1060D0004449522F7A65706879722F7375627379AB
:1060E000732F626C7565746F6F74682F636F6E7455
:1060F000726F6C6C65722F6C6C5F73772F756C6C44
:106100005F6C6C63705F636F6D6D6F6E2E6300000C
:106110006374782D3E70726F63203D3D2050524F66
:10612000435F5445524D494E415445006374782DA8
:106130003E70726F63203D3D2050524F435F44419B
:1061400054415F4C454E4754485F55504441544577
:1061500000000000574553545F544F504449522F9C
:106160007A65706879722F7375627379732F626CB8
:106170007565746F6F74682F636F6E74726F6C6C7B
:1061800065722F6C6C5F73772F756C6C5F6C6C63D2
:10619000705F6C6F63616C2E630000006374782025
:1061A000213D202828766F6964202A2930290000A3
:1061B0006374785F686561646572203D3D20637437
:1061C000780000006374782D3E6E6F64655F7265C1
:1061D000662E7278203D3D202828766F6964202A3B
:1061E000293029207C7C206374782D3E6E6F646595
:1061F0005F7265662E72782D3E6864722E747970B7
:106200006520213D204E4F44455F52585F54595000
:10621000455F52455441494E0000000057455354D4
:106220005F544F504449522F7A65706879722F73CA
:1062300075627379732F626C7565746F6F74682FF4
:10624000636F6E74726F6C6C65722F6C6C5F7377BA
:106250002F756C6C5F6C6C63705F636F6E6E5F75D7
:1062600070642E63000000006374782D3E6E6F64CE
:10627000655F7265662E7278203D3D202828766F16
:106280006964202A29302900574553545F544F50E0
:106290004449522F7A65706879722F7375627379E9
:1062A000732F626C7565746F6F74682F636F6E7493
:1062B000726F6C6C65722F6C6C5F73772F756C6C82
:1062C0005F6C6C63705F63686D752E630000000027
:1062D000574553545F544F504449522F7A65706864
:1062E00079722F7375627379732F626C7565746F31
:1062F0006F74682F636F6E74726F6C6C65722F6C45
:106300006C5F73772F756C6C5F6C6C63705F72651C
:106310006D6F74652E63000008020B020A0305020C
:106320000000000000000000020200000602000061
:106330000403000002010903000000000103000043
:106340000C03000007030000000003010000000030
:10635000574553545F544F504449522F7A657068E3
:1063600079722F7375627379732F626C7565746FB0
:106370006F74682F636F6E74726F6C6C65722F6CC4
:106380006C5F73772F756C6C5F7065726970686590
:1063900072616C2E630000007469636B65725F73D9
:1063A0007461747573203D3D203000007374617416
:1063B000757320213D2031207C7C20706172616DDD
:1063C000203D3D20756C6C5F64697361626C655F34
:1063D0006D61726B5F6765742829000057455354DF
:1063E0005F544F504449522F7A65706879722F7309
:1063F00075627379732F626C7565746F6F74682F33
:10640000636F6E74726F6C6C65722F6C6C5F7377F8
:106410002F756C6C5F63656E7472616C2E63000027
:10642000574553545F544F504449522F7A65706812
:1064300079722F7375627379732F626C7565746FDF
:106440006F74682F636F6E74726F6C6C65722F6CF3
:106450006C5F73772F756C6C5F73636865642E6314
:1064600000000000726574727900000057455354B3
:106470005F544F504449522F7A65706879722F7378
:1064800075627379732F626C7565746F6F74682FA2
:10649000636F6E74726F6C6C65722F6C6C5F737768
:1064A0002F756C6C5F66696C7465722E63000000FA
:1064B000726C5F696478203C20380000726C5B72FB
:1064C0006C5F6964785D2E74616B656E000000001E
:1064D000726C5B726C5F6964785D2E727061735F61
:1064E00072656164790000006465766D617463684B
:1064F0005F6964203C20282873697A655F742920CD
:10650000282828696E74292073697A656F66286364
:106510006861725B31202D2032202A202128215FE2
:106520005F6275696C74696E5F74797065735F63BF
:106530006F6D70617469626C655F70285F5F7479FC
:1065400070656F665F5F2866616C292C205F5F74E1
:106550007970656F665F5F28262866616C295B30FD
:106560005D2929295D29202D203129202B20287300
:10657000697A656F662866616C29202F2073697AB5
:10658000656F66282866616C295B305D2929292999
:106590000000000066616C5B6465766D6174636821
:1065A0005F69645D2E74616B656E00006465766D75
:1065B000617463685F6964203C20282873697A6588
:1065C0005F742920282828696E74292073697A65E8
:1065D0006F6628636861725B31202D2032202A208B
:1065E0002128215F5F6275696C74696E5F747970D0
:1065F00065735F636F6D70617469626C655F70284D
:106600005F5F747970656F665F5F28726C292C20FC
:106610005F5F747970656F665F5F282628726C29EA
:106620005B305D2929295D29202D203129202B204F
:106630002873697A656F6628726C29202F20736928
:106640007A656F662828726C295B305D29292929B3
:1066500000000000726C5B695D2E74616B656E00FA
:1066600069726B6D617463685F6964203C2070655A
:1066700065725F69726B5F636F756E740000000016
:1066800069203C203800000062745F63746C725FA4
:10669000756C6C5F66696C746572000062745F6330
:1066A000746C725F63727970746F00005745535455
:1066B0005F544F504449522F7A65706879722F7336
:1066C00075627379732F626C7565746F6F74682F60
:1066D000636F6E74726F6C6C65722F6C6C5F737726
:1066E0002F6E6F726469632F6C6C6C2F6C6C6C2EE8
:1066F00063000000707265656D70745F7265712073
:106700003D3D20707265656D70745F61636B000064
:10671000707265656D70745F73746172745F7265B9
:106720007120213D20707265656D70745F737461B6
:1067300072745F61636B0000707265656D70745F89
:1067400073746F705F72657120213D207072656592
:106750006D70745F73746F705F61636B0000000035
:10676000707265656D70745F72657120213D207077
:106770007265656D70745F61636B00007072656552
:106780006D70745F61636B20213D20707265656D73
:1067900070745F726571000072656164792D3E707E
:1067A0007265706172655F706172616D2E70617289
:1067B000616D203D3D20706172616D00697465728C
:1067C00000000000657272203D3D202D3134300004
:1067D00021706172616D000021706172616D207CB9
:1067E0007C206E65787400006576656E742E637526
:1067F00072722E61626F72745F6362006576646F9D
:106800006E650000657272203E3D20300000000081
:106810006E65787400000000217265616479207CE7
:106820007C202672656164792D3E7072657061729C
:10683000655F706172616D203D3D207072657061B1
:1068400072655F706172616D00000000F401FA0012
:10685000960064004B0032001E001400574553544C
:106860005F544F504449522F7A65706879722F7384
:1068700075627379732F626C7565746F6F74682FAE
:10688000636F6E74726F6C6C65722F6C6C5F737774
:106890002F6E6F726469632F6C6C6C2F6C6C6C5F05
:1068A0006164762E630000006E6F64655F7278002D
:1068B00021726164696F5F69735F726561647928D1
:1068C00029000000700000006368616E0000000095
:1068D0007363616E5F706475000000000925733A90
:1068E0002041637475616C204556454E545F4F5688
:1068F0004552484541445F53544152545F555320DB
:106900003D2025750A000000657874726100000062
:10691000707265706172655F636200005745535421
:106920005F544F504449522F7A65706879722F73C3
:1069300075627379732F626C7565746F6F74682FED
:10694000636F6E74726F6C6C65722F6C6C5F7377B3
:106950002F6E6F726469632F6C6C6C2F6C6C6C5F44
:106960006164765F6175782E630000007365635F14
:10697000706475007072695F7064752D3E74797013
:1069800065203D3D205044555F4144565F54595069
:10699000455F4558545F494E440000007064755F80
:1069A00061757800707265706172655F6362000086
:1069B000574553545F544F504449522F7A6570687D
:1069C00079722F7375627379732F626C7565746F4A
:1069D0006F74682F636F6E74726F6C6C65722F6C5E
:1069E0006C5F73772F6E6F726469632F6C6C6C2FA2
:1069F0006C6C6C5F6164765F73796E632E6300000C
:106A0000707265706172655F636200005745535430
:106A10005F544F504449522F7A65706879722F73D2
:106A200075627379732F626C7565746F6F74682FFC
:106A3000636F6E74726F6C6C65722F6C6C5F7377C2
:106A40002F6E6F726469632F6C6C6C2F6C6C6C5F53
:106A50007363616E2E6300006E6F64655F727832DF
:106A600000000000636F6D6D6F6E5F707265706126
:106A700072655F6362000000574553545F544F5086
:106A80004449522F7A65706879722F7375627379F1
:106A9000732F626C7565746F6F74682F636F6E749B
:106AA000726F6C6C65722F6C6C5F73772F6E6F7288
:106AB0006469632F6C6C6C2F6C6C6C5F7363616EBC
:106AC0005F6175782E6300006E65787420213D202B
:106AD000637572720000000073746172745F757385
:106AE000203D3D20286175785F73746172745F7515
:106AF00073202B2031552900707265706172655FBB
:106B000063620000574553545F544F504449522F1D
:106B10007A65706879722F7375627379732F626CFE
:106B20007565746F6F74682F636F6E74726F6C6CC1
:106B300065722F6C6C5F73772F6E6F726469632F51
:106B40006C6C6C2F6C6C6C5F636F6E6E2E630000F0
:106B500021726164696F5F69735F616464726573F8
:106B600073282900646F6E65000000006C6C6C2D4A
:106B70003E68616E646C6520213D20307846464653
:106B800046000000574553545F544F504449522F1C
:106B90007A65706879722F7375627379732F626C7E
:106BA0007565746F6F74682F636F6E74726F6C6C41
:106BB00065722F6C6C5F73772F6E6F726469632FD1
:106BC0006C6C6C2F6C6C6C5F706572697068657250
:106BD000616C2E6300000000707265706172655F09
:106BE00063620000574553545F544F504449522F3D
:106BF0007A65706879722F7375627379732F626C1E
:106C00007565746F6F74682F636F6E74726F6C6CE0
:106C100065722F6C6C5F73772F6E6F726469632F70
:106C20006C6C6C2F6C6C6C5F63656E7472616C2E37
:106C300063000000707265706172655F63620000DE
:106C4000574553545F544F504449522F7A657068EA
:106C500079722F7375627379732F626C7565746FB7
:106C60006F74682F636F6E74726F6C6C65722F6CCB
:106C70006C5F73772F6E6F726469632F68616C2F1E
:106C80006E7266352F636E74722E63005F72656676
:106C9000636F756E740000000000010000000000CA
:106CA0000001010000000000574553545F544F504D
:106CB0004449522F7A65706879722F7375627379BF
:106CC000732F626C7565746F6F74682F636F6E7469
:106CD000726F6C6C65722F6C6C5F73772F6E6F7256
:106CE0006469632F68616C2F6E7266352F6D6179F0
:106CF000666C792E63000000574553545F544F5023
:106D00004449522F7A65706879722F73756273796E
:106D1000732F626C7565746F6F74682F636F6E7418
:106D2000726F6C6C65722F6C6C5F73772F6E6F7205
:106D30006469632F68616C2F6E7266352F746963A6
:106D40006B65722E63000000757365725F69642065
:106D50003C2073697A656F662863616C6C65725F4D
:106D600069645F6C7574290063616C6C65725F693E
:106D70006420213D20300000010304055745535491
:106D80005F544F504449522F7A65706879722F735F
:106D900075627379732F626C7565746F6F74682F89
:106DA000636F6E74726F6C6C65722F6C6C5F73774F
:106DB0002F6E6F726469632F68616C2F6E72663517
:106DC0002F6563622E6300007B910300BAAA030063
:106DD000DC6D03000000000000000000E06D030017
:106DE0008F7C0300D6AA030000000000896802001F
:106DF0000000000006AB03000FAB03000000000022
:106E0000C16802000300000072AB030079AB03000D
:106E100084470300C169020002000000A9AB03001F
:106E2000B6AB0300844703001D68020002000000A7
:106E3000E1AB0300E9AB030088470300956902005A
:106E4000030000000000000000000000000000003F
:106E50000000000000000000296A0200016A020030
:106E600000000000686E03000100000071AC030028
:106E70009D6B02001D6B020077AC0300F96A0200F3
:106E8000C91303007DAC03008C6E030001000000F9
:106E9000B5AC0300986E03000100000041AD030093
:106EA0000400000000FF0000AC6E030001000000C1
:106EB00068AE03005839030000B4C40400010000A8
:106EC0005C3803001A0001000000000000002000F0
:106ED0002000000000000100C22815000000010091
:106EE00000000100020000000100000000FF00009F
:106EF000F46E030001000000A4AE0300FFFFFFFFDB
:106F00000000005000000000000000000060004091
:106F100000000000186F0300010000009AAF03009A
:106F200000400040010000000000000000000000E0
:106F30000000980100000101717A020010000000B9
:106F4000D3180300506F030011850020FF000000DC
:106F5000004000405C6F030001000000646F03000C
:106F6000020000001600000C1700000B706F0300F9
:106F700001000000C0AF030000300040000000002E
:106F80000000000000000000000098010000010166
:106F9000717A020010000000C9180300A86F0300F6
:106FA00021850020FF00000000300040B46F030086
:106FB00001000000BC6F0300020000000F00000C85
:106FC0001000000BC86F03000100000095B0030023
:106FD000002000400100000000000000F06F0300EE
:106FE0000000D6010000000032850020318500201D
:106FF00000200040FC6F030001000000047003004B
:1070000002000000140000000900000110700300DD
:107010000100000088B203000030024000000000C0
:10702000000000FF00FF0000000000000000000161
:10703000010000001B1C030048700300FFFFFFFF5E
:107040000000000000000000003002405470030007
:10705000010000005C700300030000000300000456
:1070600004000005050000065C3803001A0001005A
:1070700073B3030081B3030095B30300A4B303000B
:10708000B0B303009837030098370300E0370300DC
:10709000E83703003838030038380300DDB3030055
:1070A00001000500629A030002000700E3B3030039
:1070B00004000800ECB3030008000400F1B303006F
:1070C00010000900FBB303002000080004B4030013
:1070D00040000A000FB4030080000600000000001A
:1070E0000000000000000000000000000000004060
:1070F0009559695955555455155555560405154119
:1071000010545540455155444045504450555545FF
:10711000004000404004449665555655454045544E
:1071200051411540559155555555405105010000A7
:1071300054455454455505040010041014044000EF
:107140000000014055551541540400004400010061
:107150000000004041000044504445505400555543
:107160005455655100400040010000010005010038
:107170001154515154555505000000000000000005
:1071800000000000FB21F93FFB2109407CD912409F
:10719000FB2119407A6A1F407CD92240BBFD254063
:1071A000FB2129403A462C407A6A2F405C47314007
:1071B0007CD932409C6B3440BBFD3540DB8F37407F
:1071C000FB2139401BB43A403A463C405AD83D4036
:1071D0007A6A3F404C7E40405C4741406C104240E0
:1071E0007CD942408CA243409C6B4440AC34454027
:1071F000BBFD4540CBC64640DB8F4740EB5848407F
:10720000FB21494083F9A200444E6E00FC29150081
:10721000D1572700DD34F50062DBC0003C999500B2
:10722000419043006351FE00BBDEAB00B761C50077
:107230003A6E2400D24D42004906E00009EA2E00D1
:107240001C92D100EB1DFE0029B11C00E83EA700F6
:10725000F535820044BB2E009CE98400B426700002
:10726000417E5F00D6913900538339009CF4390088
:107270008B5F840028F9BD00F81F3B00DEFF9700FC
:107280000F980500112FEF000A5A8B006D1F6D003B
:10729000CF7E360009CB2700464FB7009E663F00E1
:1072A0002DEA5F00BA277500E5EBC7003D7BF100D2
:1072B000F739070092528A00FB6BEA001FB15F00AA
:1072C000085D8D00300356007BFC4600F0AB6B0080
:1072D00020BCCF0036F49A00E3A91D005E61910046
:1072E000081BE60085996500A0145F008D406800CA
:1072F00080D8FF0027734D0006063100CA561500DE
:10730000C9A873007BE260006B8CC0000200000023
:107310000300000004000000060000005F5F6378C7
:10732000615F707572655F7669727475616C005F1C
:107330005F61656162695F756C3266005F5F6165A0
:107340006162695F6C6469766D6F64005F5F61653F
:107350006162695F696469766D6F64005F5F616532
:107360006162695F663264005F5F61656162695F87
:107370006432697A005F5F61656162695F64636D51
:10738000706571005F5F61656162695F75696469FD
:10739000766D6F64005F5F61656162695F6432751D
:1073A000697A005F5F61656162695F6C3264005F8A
:1073B0005F61656162695F7569646976005F5F61DD
:1073C000656162695F693264005F5F61656162691E
:1073D0005F64737562005F5F61656162695F6463CA
:1073E0006D706774005F5F61656162695F696469A0
:1073F00076005F5F61656162695F66636D706C6591
:10740000005F5F61656162695F64616464005F5F22
:1074100061656162695F66636D70756E005F5F6173
:10742000656162695F643266005F5F6165616269C0
:107430005F646D756C005F5F61656162695F646464
:107440006976005F5F61656162695F64636D706C3E
:1074500074005F5F61656162695F75693264005FD6
:107460005F61656162695F756C6469766D6F640008
:107470005F5F61656162695F64326C7A005F5F6162
:10748000656162695F64636D706C65005F5F616513
:107490006162695F64636D70756E007379735F63B9
:1074A0006C6F636B5F6379636C655F6765745F3393
:1074B000320072696E675F6275665F707574007224
:1074C000696E675F6275665F7065656B0072696E95
:1074D000675F6275665F6765740063627670726984
:1074E0006E746600736E7072696E7466007370728B
:1074F000696E74660070757463686172007075748B
:1075000073006174616E00636F730073696E006B6A
:107510005F776F726B5F7363686564756C65006B32
:107520005F666174616C5F68616C74006B5F746945
:107530006D65725F696E6974006E65745F62756611
:107540005F756E726566006E65745F6275665F7307
:10755000696D706C655F70756C6C5F6D656D006EEC
:1075600065745F6275665F73696D706C655F616499
:10757000645F6D656D006E65745F6275665F7369EB
:107580006D706C655F70756C6C0062745F627566BF
:107590005F6765745F74780062745F73656E640022
:1075A00062745F6863695F7261775F7365745F6D52
:1075B0006F64650062745F656E61626C655F7261C5
:1075C00077007A5F6C6F675F6D73675F72756E745B
:1075D000696D655F76637265617465006B5F736387
:1075E0006865645F756E6C6F636B006B5F73636877
:1075F00065645F6C6F636B006174616E3200697308
:107600007864696769740069736C6F776572006983
:107610007375707065720069737072696E74006959
:10762000736772617068006973646967697400697F
:1076300073636E74726C006973616C70686100745E
:107640006F757070657200746F6C6F77657200692A
:1076500073616C6E756D0069737370616365006151
:10766000746F6C0061746F660061746F690073728F
:10767000616E640063616C6C6F63007265616C6C59
:107680006F63006B5F6D616C6C6F63006D656D6D3A
:107690006F766500737472636174007374726368EB
:1076A00072007374726C656E00737472636D700037
:1076B000737472746F756C00737472636173656355
:1076C0006D70007374726E637079007374726E63A0
:1076D0006D70007374727374720073747272636885
:1076E00072004661696C656420746F206F70656E0E
:1076F00020666C61736820617265612C2072632062
:1077000025640A004661696C656420746F207265A7
:107710006164206865616465722C20726320256451
:107720000A00496E76616C696420736B65746368E6
:10773000206865616465720A004661696C65642051
:10774000746F206C6F616420736B657463682C20A8
:1077500072632025640A006D61696E004661696C80
:10776000656420746F2066696E64206D61696E20A7
:1077700066756E6374696F6E0A0052756E20736B66
:1077800065746368006170700028756E7369676E58
:107790006564292063686172202A207573656420FE
:1077A000666F722025257020617267756D656E7435
:1077B0002E2049742773207265636F6D6D656E644A
:1077C000656420746F206361737420697420746F22
:1077D00020766F6964202A20626563617573652075
:1077E0006974206D6179206361757365206D6973BB
:1077F0006265686176696F7220696E206365727474
:1078000061696E20636F6E66696775726174696F16
:107810006E732E20537472696E673A22257322208C
:10782000617267756D656E743A256400636270728B
:10783000696E74665F7061636B6167650076707214
:10784000696E746B006173736572745F7072696ED8
:1078500074006173736572745F706F73745F6163DA
:1078600074696F6E006C6F67006C6F675F6D676D3A
:1078700074004D6573736167652064726F70706525
:10788000642062656361757365206974206578633F
:10789000656564732073697A65206C696D697461CC
:1078A00074696F6E2028257529004D6573736167B3
:1078B00065202822257322292064726F7070656408
:1078C00020626563617573652069742065786365FE
:1078D0006564732073697A65206C696D697461747D
:1078E000696F6E2028257529000D0A001B5B306D1D
:1078F00000257320005B2530386C755D20005B250A
:107900003032753A253032753A253032752E2530B1
:1079100033752C253033755D200025732F003C25F1
:10792000733E200025733A20002530327820002055
:107930002020007C001B5B313B33316D001B5B3131
:107940003B33336D006572720077726E00696E664C
:1079500000646267006B65726E656C004B65726EE9
:10796000656C20636F6D6D616E6473006379636C29
:1079700065733A202575206877206379636C657399
:107980000A006379636C6573004B65726E656C20E9
:107990006379636C65732E00556E61626C6520744B
:1079A0006F20706172736520696E70757420286530
:1079B0007272202564290A006D7300557074696D18
:1079C000653A20256C6C75206D730A002D70002DB2
:1079D0002D70726574747900556E737570706F7266
:1079E000746564206F7074696F6E3A2025730A00A5
:1079F000757074696D653A20256C6C7520646179C9
:107A0000732C20256C6C7520686F7572732C202583
:107A10006C6C75206D696E757465732C20256C6CAB
:107A200075207365636F6E64732C20256C6C7520F4
:107A30006D696C6C697365636F6E64730A00757051
:107A400074696D65004B65726E656C207570746944
:107A50006D652E2043616E2062652063616C6C65EC
:107A600064207769746820746865202D70206F72B7
:107A7000202D2D707265747479206F7074696F6E2B
:107A80007300342E312E3939005A657068797220AE
:107A900076657273696F6E2025730A00766572735E
:107AA000696F6E004B65726E656C207665727369E6
:107AB0006F6E2E005468697320636F6D6D616E6424
:107AC0002069732064657072656361746564206108
:107AD000732069742069732061206475706C696318
:107AE0006174652E2055736520276C6F6720656E65
:107AF00061626C652720636F6D6D616E64206672D4
:107B00006F6D206C6F6767696E6720636F6D6D6165
:107B10006E6473207365742E0A00556E61626C6525
:107B200020746F207061727365206C6F67207365BD
:107B30007665726974792028657272202564290A35
:107B400000496E76616C6964206C6F67206C6576A5
:107B5000656C3A2025640A00556E61626C6520747C
:107B60006F2066696E64206C6F6720736F75726337
:107B7000653A2025730A006C6F675F6C6576656CEB
:107B8000003C6D6F64756C65206E616D653E203CD8
:107B900073657665726974792028302D34293E002A
:107BA0004B65726E656C20746872656164732E003B
:107BB0005363686564756C65723A20257520736936
:107BC0006E6365206C6173742063616C6C0A005491
:107BD0006872656164733A0A004E4100257325702E
:107BE00020252D3130730A00096F7074696F6E7330
:107BF0003A20307825782C207072696F7269747918
:107C00003A2025642074696D656F75743A20256C7F
:107C10006C640A000973746174653A2025732C2022
:107C2000656E7472793A2025700A00556E61626C37
:107C30006520746F2064657465726D696E6520756A
:107C40006E7573656420737461636B2073697A6504
:107C500020282564290A0A0009737461636B207364
:107C6000697A6520257A752C20756E757365642098
:107C7000257A752C20757361676520257A75202F0C
:107C800020257A7520282575202525290A0A006CCB
:107C9000697374004C697374206B65726E656C2037
:107CA000746872656164732E0025702049525120FA
:107CB00025303264202573287265616C2073697ADF
:107CC000652025347A75293A09756E7573656420C7
:107CD00025347A750975736167652025347A7520B6
:107CE0002F2025347A75202825327A7520252529DC
:107CF0000A00257020252D33327320287265616CAF
:107D00002073697A652025347A75293A09756E756C
:107D10007365642025347A7509757361676520255C
:107D2000347A75202F2025347A7520282532752045
:107D30002525290A00737461636B73004C697374A1
:107D4000207468726561647320737461636B20755D
:107D5000736167652E005468726561642049442030
:107D60002570206973206E6F742076616C69640AD7
:107D7000004572726F723A5368656C6C2074687259
:107D80006561642063616E6E6F7420626520737537
:107D90007370656E6465640A00546872656164207E
:107DA00025702073757370656E6465640A006B6579
:107DB000726E656C2074687265616420737573708F
:107DC000656E64203C7468726561645F69643E003E
:107DD0004572726F723A5368656C6C207468726594
:107DE00061642063616E6E6F7420626520726573DA
:107DF000756D65640A0054687265616420257020A1
:107E0000726573756D65640A006B65726E656C20D2
:107E100074687265616420726573756D65203C7469
:107E200068726561645F69643E004572726F723AA0
:107E30005368656C6C207468726561642063616E60
:107E40006E6F74206265206B696C6C65640A000A51
:107E500020546872656164202570206B696C6C65C4
:107E6000640A006B696C6C006B65726E656C2074E3
:107E70006872656164206B696C6C203C7468726523
:107E800061645F69643E005245414459004449536E
:107E900041424C454400646576696365733A0A0063
:107EA0005B25705D002D2025730020204454206E3A
:107EB0006F6465206C6162656C733A006465766915
:107EC00063650044657669636520636F6D6D616EFF
:107ED0006473004C69737420636F6E6669677572B2
:107EE00065642064657669636573005573696E67C0
:107EF00020646174612077696474682025640A00D5
:107F0000496E636F72726563742064617461207777
:107F1000696474680A00526561642076616C7565F5
:107F200020307825780A0057726974696E67207668
:107F3000616C756520307825780A00696E76616C11
:107F40006964206164647220272573270A00696EC2
:107F500076616C69642073697A6520272573270A26
:107F600000696E76616C69642077696474682027A3
:107F70002573270A00613A733A773A00272D61206A
:107F80003C616464726573733E27206973206D6180
:107F90006E6461746F72790A00272D73203C7369D7
:107FA0007A653E27206973206D616E6461746F721B
:107FB000790A006465766D656D206C6F616420736D
:107FC0007570706F7274732073657474696E672056
:107FD000627970617373206F6E20612073696E67C0
:107FE0006C6520696E7374616E63652E0A004C6F58
:107FF0006164696E672E2E2E0A707265737320633A
:1080000074726C2D78206374726C2D7120746F20E3
:108010006573636170650A004E756D626572206FED
:108020006620627974657320726561643A20256404
:108030000A002D2D002D6500556E6B6E6F776E203A
:108040006F7074696F6E20222573220A0064657652
:108050006D656D00526561642F777269746520707B
:108060006879736963616C206D656D6F72790A550B
:10807000736167653A0A52656164206D656D6F7260
:108080007920617420616464726573732077697408
:1080900068206F7074696F6E616C207769647468B2
:1080A0003A0A6465766D656D203C6164647265733F
:1080B000733E205B3C77696474683E5D0A57726961
:1080C0007465206D656D6F727920617420616464E0
:1080D000726573732077697468206D616E64617472
:1080E0006F727920776964746820616E64207661AC
:1080F0006C75653A0A6465766D656D203C616464F3
:10810000726573733E203C77696474683E203C76E8
:10811000616C75653E0064756D70005573616765CF
:108120003A0A6465766D656D2064756D70202D6109
:10813000203C616464726573733E202D73203C7330
:10814000697A653E205B2D77203C77696474683ED0
:108150005D0A0055736167653A0A6465766D656D01
:10816000206C6F6164205B6F7074696F6E735D204B
:108170005B616464726573735D0A4F7074696F6EDE
:10818000733A0A2D65096C6974746C652D656E64AB
:1081900069616E2070617273650052582072696E59
:1081A00067206275666665722066756C6C2E00735A
:1081B00068656C6C2E7368656C6C5F7561727400B9
:1081C000756172743A7E2420007368656C6C5F750B
:1081D0006172745F6261636B656E640053756263A4
:1081E0006F6D6D616E64733A0A006E6F7420746512
:1081F000726D696E617465643A2025630A00506C83
:1082000065617365207370656369667920612073A9
:108210007562636F6D6D616E642E0A004572726FD8
:10822000723A20726571756573746564206D756C42
:108230007469706C652066756E6374696F6E206515
:108240007865637574696F6E730A003A20636F6DA9
:108250006D616E64206E6F7420666F756E6400547D
:108260006F6F206D616E7920617267756D656E74D8
:108270007320696E2074686520636F6D6D616E6434
:108280002E0A0025733A2077726F6E672070617234
:10829000616D6574657220636F756E740A00574175
:1082A000524E494E473A2041207072696E742072D6
:1082B0006571756573742077617320646574656397
:1082C000746564206F6E206E6F74206163746976CC
:1082D00065207368656C6C206261636B656E642EEB
:1082E0000A000A25732573005368656C6C20746856
:1082F00072656164206572726F723A202564005065
:108300006C65617365207072657373207468652095
:108310003C5461623E20627574746F6E20746F20ED
:1083200073656520616C6C20617661696C61626C5B
:108330006520636F6D6D616E64732E0A00596F75F1
:108340002063616E20616C736F20757365207468A3
:1083500065203C5461623E20627574746F6E2074B7
:108360006F2070726F6D7074206F72206175746F02
:108370002D636F6D706C65746520616C6C20636F2C
:108380006D6D616E6473206F7220697473207375F4
:1083900062636F6D6D616E64732E0A00596F752094
:1083A00063616E2074727920746F2063616C6C203D
:1083B000636F6D6D616E64732077697468203C2D06
:1083C000683E206F72203C2D2D68656C703E2070D9
:1083D0006172616D6574657220666F72206D6F7277
:1083E0006520696E666F726D6174696F6E2E0A002A
:1083F0000A5368656C6C20737570706F72747320AB
:10840000666F6C6C6F77696E67206D6574612D6B3C
:108410006579733A0A20204374726C202B202861FE
:10842000206B65792066726F6D3A206162636465C6
:10843000666B6C6E707577290A2020416C74202061
:108440002B202861206B65792066726F6D3A20625F
:1084500066290A506C6561736520726566657220D5
:10846000746F207368656C6C20646F63756D656EE6
:10847000746174696F6E20666F72206D6F72652013
:1084800064657461696C732E0A000A417661696CD7
:1084900061626C6520636F6D6D616E64733A0A0092
:1084A000253038583A20005072696E747320746811
:1084B000652068656C70206D6573736167652E005B
:1084C0001B5B25642563001B5B313B3325646D001A
:1084D0001B5B34303325646D002573252D2A730012
:1084E0002D68002D2D68656C7000202D2000202047
:1084F000004C6F7374206C6F67733A20256C750A9B
:1085000000416374697665207368656C6C206261F4
:10851000636B656E64733A0A0020202532642E2056
:108520003A257320282573290A005B2533645D20D2
:1085300025730A006F66660020756E6B6E6F776E2E
:1085400020706172616D657465723A200025733A1E
:10855000257325730A004563686F20737461747511
:10856000733A2025730A004E6F20726573706F6E28
:1085700073652066726F6D20746865207465726D16
:10858000696E616C2C20617373756D656420383081
:108590007832342073637265656E2073697A650A78
:1085A000001B5B366E0072657476616C00507269F8
:1085B0006E742072657475726E2076616C756520BC
:1085C0006F66206D6F737420726563656E742063CF
:1085D0006F6D6D616E6400726573697A6500436FDB
:1085E0006E736F6C652067657473207465726D6956
:1085F0006E616C2073637265656E2073697A6520A5
:108600006F7220617373756D657320646566617543
:108610006C7420696E2063617365207468652072D4
:108620006561646F7574206661696C732E2049748E
:10863000206D757374206265206578656375746557
:108640006420616674657220656163682074657278
:108650006D696E616C207769647468206368616E0F
:10866000676520746F20656E7375726520636F7225
:1086700072656374207465787420646973706C61CA
:10868000792E00686973746F727900436F6D6D6144
:108690006E6420686973746F72792E005573656615
:1086A000756C2C206E6F7420556E69782D6C696B1B
:1086B00065207368656C6C20636F6D6D616E6473AB
:1086C0002E00436C6561722073637265656E2E00C7
:1086D00072656D0049676E6F7265206C696E6573B7
:1086E00020626567696E6E696E67207769746820BD
:1086F0002772656D20270064656661756C740041A2
:108700007373756D652038302063686172732073F0
:10871000637265656E20776964746820616E642099
:1087200073656E6420746869732073657474696E10
:108730006720746F20746865207465726D696E615E
:108740006C2E006261636B656E6473004C697374B8
:1087500020616374697665207368656C6C20626162
:10876000636B656E64732E0A006261636B73706184
:1087700063655F6D6F646500546F67676C65206249
:1087800061636B7370616365206B6579206D6F64E5
:10879000652E0A536F6D65207465726D696E616C2C
:1087A0007320617265206E6F742073656E64696EEC
:1087B00067207365706172617465206573636170B1
:1087C0006520636F646520666F72206261636B73FE
:1087D0007061636520616E642064656C65746520FA
:1087E000627574746F6E2E205468697320636F6DA8
:1087F0006D616E6420666F72636573207368656C6B
:108800006C20746F20696E74657270726574206478
:10881000656C657465206B657920617320626163A6
:108820006B73706163652E00636F6C6F72730054BD
:108830006F67676C6520636F6C6F72656420737916
:108840006E7461782E00767431303000546F676733
:108850006C6520767431303020636F6D6D616E64AD
:10886000732E0070726F6D707400546F67676C6563
:108870002070726F6D70742E006563686F00546FA6
:1088800067676C65207368656C6C206563686F2E24
:10889000007374617473005368656C6C2073746149
:1088A000746973746963732E006261636B737061C2
:1088B00063650053657420646966666572656E74ED
:1088C0002065736361706520636F646520666F72F5
:1088D000206261636B737061636520616E64206404
:1088E000656C657465206B65792E0064656C6574D4
:1088F0006500536574207468652073616D6520653B
:10890000736361706520636F646520666F722062B7
:1089100061636B737061636520616E642064656C74
:10892000657465206B65792E0052657365742073DC
:1089300068656C6C20737461746973746963732007
:10894000666F7220746865204C6F67676572206D72
:108950006F64756C652E0073686F770047657420CF
:108960007368656C6C207374617469737469637384
:1089700020666F7220746865204C6F67676572208F
:108980006D6F64756C652E0044697361626C65205F
:108990007368656C6C206563686F2E20456469742C
:1089A000696E67206B65797320616E64206D6574F4
:1089B000612D6B65797320617265206E6F7420681C
:1089C000616E646C656400456E61626C65207368FD
:1089D000656C6C206563686F2E0044697361626C1E
:1089E000652070726F6D70742E00456E61626C65EB
:1089F0002070726F6D70742E0044697361626C65D3
:108A000020767431303020636F6D6D616E64732E2B
:108A100000456E61626C6520767431303020636F82
:108A20006D6D616E64732E0044697361626C6520C4
:108A3000636F6C6F7265642073796E7461782E0059
:108A4000456E61626C6520636F6C6F726564207344
:108A5000796E7461782E00436F6D6D616E64206273
:108A6000756666657220697320746F6F2073686F16
:108A7000727420746F20657870616E6420616C6C14
:108A800020636F6D6D616E6473206D6174636869DE
:108A90006E672077696C64636172642070617474BE
:108AA00065726E3A2025730A0053697A65206F66F5
:108AB00020434F4E4649475F464C4153485F464925
:108AC0004C4C5F4255464645525F53495A45004E0D
:108AD00065676174697665206F6666736574206E7C
:108AE0006F7420616C6C6F7765640A00496E636F08
:108AF00072726563742073697A65206F72206F6685
:108B00006673657420616C69676E6D656E742C2088
:108B1000657870656374656420257A780A00666CF0
:108B20006173680072302F61313A2020307825302F
:108B30003878202072312F61323A20203078253069
:108B40003878202072322F61333A20203078253057
:108B500038780072332F61343A202030782530384D
:108B600078207231322F69703A20203078253038E1
:108B700078207231342F6C723A20203078253038CA
:108B8000780020787073723A202030782530387859
:108B9000004661756C74696E6720696E73747275D6
:108BA0006374696F6E2061646472657373202872E8
:108BB00031352F7063293A203078253038780055C8
:108BC0006E68616E646C6564204952516E3A20256E
:108BD0006400436F756C64206E6F7420726561640D
:108BE0002073796D626F6C2066726F6D2062696EA2
:108BF0006172792100436F756C64206E6F7420661A
:108C0000696E642073796D626F6C20257321007327
:108C1000796D20272573273A2072656C6F63617424
:108C2000696F6E206F7574206F662072616E676564
:108C30002028252378202D3E20252378290A007519
:108C40006E6B6E6F776E2072656C6F636174696FA7
:108C50006E3A2025750A00656C66002A2A2A2A2A9F
:108C6000204D5055204641554C54202A2A2A2A2A64
:108C7000002020537461636B696E67206572726FA8
:108C8000722028636F6E746578742061726561204C
:108C90006D69676874206265206E6F742076616C00
:108CA000696429002020556E737461636B696E6777
:108CB000206572726F7200202044617461204163EC
:108CC000636573732056696F6C6174696F6E002001
:108CD000204D4D46415220416464726573733A20C1
:108CE00030782578002020496E737472756374693A
:108CF0006F6E204163636573732056696F6C617496
:108D0000696F6E002020466C6F6174696E672D700C
:108D10006F696E74206C617A792073746174652058
:108D2000707265736572766174696F6E20657272B8
:108D30006F72002A2A2A2A2A20425553204641557A
:108D40004C54202A2A2A2A2A002020537461636B5B
:108D5000696E67206572726F7200202050726563C1
:108D60006973652064617461206275732065727235
:108D70006F72002020424641522041646472657344
:108D8000733A2030782578002020496D7072656331
:108D90006973652064617461206275732065727205
:108DA0006F72002020496E737472756374696F6E00
:108DB00020627573206572726F72002A2A2A2A2A2D
:108DC000205553414745204641554C54202A2A2AD4
:108DD0002A2A0020204469766973696F6E206279BF
:108DE000207A65726F002020556E616C69676E6530
:108DF00064206D656D6F72792061636365737300C4
:108E000020204E6F20636F70726F636573736F7293
:108E100020696E737472756374696F6E73002020BD
:108E2000496C6C6567616C206C6F6164206F6620B3
:108E30004558435F52455455524E20696E746F2019
:108E40005043002020496C6C6567616C2075736528
:108E5000206F6620746865204550535200202041E1
:108E60007474656D707420746F20657865637574B3
:108E70006520756E646566696E656420696E7374DD
:108E800072756374696F6E0052657365727665649E
:108E900020457863657074696F6E20280053707583
:108EA00072696F757320696E746572727570742063
:108EB000284952512000535053454C20696E20746C
:108EC0006872656164206D6F646520646F657320EE
:108ED0006E6F7420696E64696361746520505350CD
:108EE000002A2A2A2A2A2048415244204641554C29
:108EF00054202A2A2A2A2A002020427573206661DB
:108F0000756C74206F6E20766563746F7220746167
:108F1000626C65207265616400202044656275673B
:108F2000206576656E740020204661756C7420653E
:108F30007363616C6174696F6E202873656520626C
:108F4000656C6F772900415243485F45584345504F
:108F500054207769746820726561736F6E2025787C
:108F60000A002A2A2A2A2A204465627567206D6F22
:108F70006E69746F7220657863657074696F6E20B6
:108F80002A2A2A2A2A002A2A2A2A2A202573202540
:108F90006429202A2A2A2A2A0061626F72742829E9
:108FA0000A006765746F7074006E65745F62756641
:108FB000006E65745F6275665F73696D706C6500E5
:108FC000736F630000FFFFFFFFFFFF62745F72704B
:108FD0006100556E6B6E6F776E2074797065202519
:108FE0007500496E76616C696420727820747970BE
:108FF000653A20257500556E6B6E6F776E2048348C
:10900000207479706520257500496E76616C6964FD
:1090100020747820747970653A202575004843499A
:1090200020647269766572206973206E6F74207295
:1090300065616479004843492064726976657220ED
:109040006F70656E206661696C65642028256429EF
:1090500000426C7565746F6F746820656E61626C38
:10906000656420696E20524157206D6F646500620F
:10907000745F6863695F72617700574553545F544A
:109080004F504449522F7A65706879722F73756218
:109090007379732F626C7565746F6F74682F686F66
:1090A00073742F6863695F636F6D6D6F6E2E6300FD
:1090B000415353455254494F4E204641494C205B41
:1090C00025735D20402025733A25640A00466169B6
:1090D0006C656420746F20676574207461626C65D0
:1090E0002073697A653A202564004661696C65647D
:1090F00020746F206765742066756E6374696F6E87
:10910000207461626C653A202564004E6F7420659E
:109110006E6F756768206D656D6F727920666F720E
:1091200020657874656E73696F6E206D6574616417
:10913000617461004661696C656420746F206361CD
:109140006C6C20696E69742066756E6374696F6EED
:10915000733A202564004661696C656420746F2051
:1091600063616C6C2064652D696E69742066756E30
:109170006374696F6E733A202564006C6C65787453
:10918000004661696C656420616C6C6F6361746931
:109190006E6720257A6420627974657320257A646D
:1091A0002D616C69676E656420666F7220726567F9
:1091B000696F6E202564004661696C656420746F78
:1091C000207072657061726520746865206C6F61D3
:1091D0006465722C20726574202564004661696C98
:1091E000656420746F207365656B20666F7220451F
:1091F0004C4620686561646572004661696C65640F
:1092000020746F207265616420454C46206865615A
:1092100064657200496E76616C696420454C462C29
:10922000206D6167696320646F6573206E6F7420C1
:109230006D6174636800556E737570706F727465DC
:109240006420454C462066696C6520747970652001
:10925000257800496E76616C696420736563746972
:109260006F6E206865616465722073697A65202578
:1092700064004661696C656420746F20616C6C6F7A
:10928000636174652073656374696F6E206D6170CE
:109290002C2073697A6520257A75004661696C65B2
:1092A0006420746F20616C6C6F63617465207365FA
:1092B0006374696F6E20686561646572732C2073D6
:1092C000697A6520257A75004661696C6564207449
:1092D0006F207365656B20666F72207365637469B8
:1092E0006F6E2068656164657273004661696C65C4
:1092F0006420746F20726561642073656374696FA4
:109300006E2068656164657273004661696C6564AE
:1093100020746F206C6F6164206261736963204503
:109320004C4620646174612C2072657420256400B1
:10933000536F6D652073656374696F6E732061721E
:1093400065206D697373696E67206F722070726536
:1093500073656E74206D756C7469706C65207469CA
:109360006D657321004661696C656420746F2066C9
:10937000696E6420696D706F7274616E7420454C03
:1093800046207461626C65732C20726574202564BC
:10939000004661696C656420746F20636F7079208A
:1093A000454C4620737472696E67207365637469F7
:1093B0006F6E732C20726574202564002E657870A2
:1093C0006F727465645F73796D00496E76616C6964
:1093D0006420257320617272617920696E20736543
:1093E0006374696F6E20256400556E737570706FBD
:1093F000727465642073656374696F6E20666C6156
:10940000677320252378202F2025237820666F720C
:109410002025732028726567696F6E2025642900F6
:109420004D756C7469706C65205348545F4E4F42A3
:109430004954532073656374696F6E73206172655C
:10944000206E6F7420737570706F72746564005253
:109450006567696F6E202564207265646566696E54
:10946000656400496E636F6D70617469626C65203C
:1094700073656374696F6E2061646472657373658C
:109480007320666F722025732028726567696F6E7E
:1094900020256429004261642073656374696F6EDE
:1094A00020616C69676E6D656E7420696E207265EF
:1094B00067696F6E20256400526567696F6E2025AD
:1094C0006420564D412072616E6765202825237AFD
:1094D000782D25237A7829206F7665726C617073F8
:1094E0002077697468202564202825237A782D2523
:1094F000237A782900526567696F6E2025642045BC
:109500004C462066696C652072616E67652028256F
:10951000237A782D25237A7829206F7665726C61FD
:1095200070732077697468202564202825237A7851
:109530002D25237A7829004661696C656420746F53
:10954000206D617020454C462073656374696F6EB1
:10955000732C20726574202564004661696C656413
:1095600020746F20636F707920726567696F6E7306
:109570002C20726574202564004661696C65642046
:10958000746F20636F756E74206578706F72746588
:109590006420454C462073796D626F6C732C207289
:1095A0006574202564004661696C656420746F20D1
:1095B000616C6C6F6361746520657874656E736946
:1095C0006F6E2073796D626F6C207461626C652CB4
:1095D00020726574202564004E6F206461746120E0
:1095E000666F722073656374696F6E202564004630
:1095F00061696C656420746F20636F707920737982
:109600006D626F6C732C2072657420256400466156
:10961000696C656420746F206C696E6B2C207265B8
:1096200074202564004661696C656420746F206550
:1096300078706F72742C20726574202564007F45E9
:109640004C46556E646566696E65642073796D621B
:109650006F6C2077697468206E6F20656E74727904
:1096600020696E2073796D626F6C207461626C6525
:109670002025732C206F666673657420257A642C10
:10968000206C696E6B2073656374696F6E2025644E
:109690000063616E6E6F74206170706C792072650A
:1096A0006C6F636174696F6E3A2074617267657480
:1096B0002073796D626F6C2068617320756E6578B8
:1096C0007065637465642073656374696F6E206987
:1096D0006E64657820256420282523782900496E4A
:1096E00076616C696420656E7472792073697A653D
:1096F00020257A6420666F72205348545F52454C8F
:109700002073656374696F6E20256400466F756E03
:109710006420756E737570706F7274656420534841
:10972000545F52454C412073656374696F6E202508
:10973000640053616E69747920636865636B73209C
:109740006661696C656420666F7220736563746915
:109750006F6E2025642028696E666F20257A642C40
:109760002073697A6520257A642C20656E7473698C
:109770007A6520257A64290053656374696F6E20C9
:109780002564206E6F74206C6F6164656420696E5F
:1097900020616E79206D656D6F72792072656769E1
:1097A0006F6E007A5F696D706C5F7A657068797250
:1097B0005F77726974655F7374646F7574007A5F44
:1097C000696D706C5F7A65706879725F72656164EB
:1097D0005F737464696E007A5F696D706C5F7A653F
:1097E000706879725F667772697465007A5F696D17
:1097F000706C5F7A65706879725F6670757463000B
:109800007A5F696D706C5F7A5F7379735F6D757481
:1098100065785F6B65726E656C5F756E6C6F636BA0
:10982000007A5F696D706C5F7A5F7379735F6D75D5
:109830007465785F6B65726E656C5F6C6F636B00EF
:109840007A5F696D706C5F7A5F6C6F675F6D73676D
:109850005F7374617469635F637265617465007AD4
:109860005F696D706C5F7A5F6C6F675F6D73675F68
:1098700073696D706C655F6372656174655F3200FA
:109880007A5F696D706C5F7A5F6C6F675F6D73672D
:109890005F73696D706C655F6372656174655F317C
:1098A000007A5F696D706C5F7A5F6C6F675F6D7374
:1098B000675F73696D706C655F6372656174655F26
:1098C00030007A5F696D706C5F756172745F747877
:1098D0005F753136007A5F696D706C5F75617274A7
:1098E0005F74785F61626F7274007A5F696D706C2B
:1098F0005F756172745F7478007A5F696D706C5F18
:10990000756172745F72785F656E61626C655F75B8
:109910003136007A5F696D706C5F756172745F7269
:10992000785F656E61626C65007A5F696D706C5F0F
:10993000756172745F72785F64697361626C6500EF
:109940007A5F696D706C5F756172745F706F6C6C5B
:109950005F6F75745F753136007A5F696D706C5F2B
:10996000756172745F706F6C6C5F6F7574007A5F95
:10997000696D706C5F756172745F706F6C6C5F693C
:109980006E5F753136007A5F696D706C5F756172FC
:10999000745F706F6C6C5F696E007A5F696D706C7C
:1099A0005F756172745F6C696E655F6374726C5F22
:1099B000736574007A5F696D706C5F756172745F56
:1099C0006C696E655F6374726C5F676574007A5F63
:1099D000696D706C5F756172745F6972715F7570CB
:1099E00064617465007A5F696D706C5F7561727433
:1099F0005F6972715F74785F656E61626C65007A31
:109A00005F696D706C5F756172745F6972715F74AC
:109A1000785F64697361626C65007A5F696D706C10
:109A20005F756172745F6972715F72785F656E6194
:109A3000626C65007A5F696D706C5F756172745FEE
:109A40006972715F72785F64697361626C65007AD4
:109A50005F696D706C5F756172745F6972715F6967
:109A6000735F70656E64696E67007A5F696D706CB4
:109A70005F756172745F6972715F6572725F656E46
:109A800061626C65007A5F696D706C5F756172749C
:109A90005F6972715F6572725F64697361626C6540
:109AA000007A5F696D706C5F756172745F65727268
:109AB0005F636865636B007A5F696D706C5F756189
:109AC00072745F6472765F636D64007A5F696D7053
:109AD0006C5F756172745F636F6E666967757265DE
:109AE000007A5F696D706C5F756172745F636F6E31
:109AF0006669675F676574007A5F696D706C5F7334
:109B000079735F72616E645F676574007A5F696D17
:109B1000706C5F7379735F637372616E645F6765A6
:109B200074007A5F696D706C5F7379735F636C6FDB
:109B3000636B5F68775F6379636C65735F70657291
:109B40005F7365635F72756E74696D655F67657479
:109B5000007A5F696D706C5F7370695F7472616EBB
:109B6000736365697665007A5F696D706C5F7370A9
:109B7000695F72656C65617365007A5F696D706CB1
:109B80005F6C6F675F70726F63657373007A5F6994
:109B90006D706C5F6C6F675F70616E6963007A5F98
:109BA000696D706C5F6C6F675F66726F6E74656E07
:109BB000645F66696C7465725F736574007A5F696F
:109BC0006D706C5F6C6F675F66696C7465725F73F4
:109BD0006574007A5F696D706C5F6C6F675F62754A
:109BE0006666657265645F636E74007A5F696D7046
:109BF0006C5F6C6C6578745F6765745F666E5F74CC
:109C000061626C65007A5F696D706C5F6B5F79692A
:109C1000656C64007A5F696D706C5F6B5F77616B18
:109C2000657570007A5F696D706C5F6B5F75736CE2
:109C3000656570007A5F696D706C5F6B5F757074DD
:109C4000696D655F7469636B73007A5F696D706CD1
:109C50005F6B5F74696D65725F757365725F646178
:109C600074615F736574007A5F696D706C5F6B5FC0
:109C700074696D65725F757365725F646174615F4D
:109C8000676574007A5F696D706C5F6B5F74696D96
:109C900065725F73746F70007A5F696D706C5F6B73
:109CA0005F74696D65725F7374617475735F7379E6
:109CB0006E63007A5F696D706C5F6B5F74696D6570
:109CC000725F7374617475735F676574007A5F693E
:109CD0006D706C5F6B5F74696D65725F73746172D8
:109CE00074007A5F696D706C5F6B5F74696D65722B
:109CF0005F72656D61696E696E675F7469636B73CE
:109D0000007A5F696D706C5F6B5F74696D65725F1F
:109D1000657870697265735F7469636B73007A5FED
:109D2000696D706C5F6B5F7468726561645F7469A4
:109D30006D656F75745F72656D61696E696E675F81
:109D40007469636B73007A5F696D706C5F6B5F74CD
:109D500068726561645F74696D656F75745F65785D
:109D600070697265735F7469636B73007A5F696DA4
:109D7000706C5F6B5F7468726561645F737573703C
:109D8000656E64007A5F696D706C5F6B5F7468729A
:109D90006561645F737461636B5F73706163655F5A
:109DA000676574007A5F696D706C5F6B5F74687271
:109DB0006561645F737461636B5F66726565007A89
:109DC0005F696D706C5F6B5F7468726561645F730F
:109DD0007461636B5F616C6C6F63007A5F696D7057
:109DE0006C5F6B5F7468726561645F726573756DDB
:109DF00065007A5F696D706C5F6B5F746872656136
:109E0000645F7072696F726974795F736574007AE8
:109E10005F696D706C5F6B5F7468726561645F70C1
:109E200072696F726974795F676574007A5F696DD2
:109E3000706C5F6B5F7468726561645F6E616D65A5
:109E40005F736574007A5F696D706C5F6B5F7468D7
:109E5000726561645F6E616D655F636F7079007AD2
:109E60005F696D706C5F6B5F7468726561645F6A77
:109E70006F696E007A5F696D706C5F6B5F7468729A
:109E80006561645F646561646C696E655F73657468
:109E9000007A5F696D706C5F6B5F74687265616496
:109EA0005F637573746F6D5F646174615F73657414
:109EB000007A5F696D706C5F6B5F74687265616476
:109EC0005F637573746F6D5F646174615F67657400
:109ED000007A5F696D706C5F6B5F74687265616456
:109EE0005F637265617465007A5F696D706C5F6B4A
:109EF0005F7468726561645F61626F7274007A5F3B
:109F0000696D706C5F6B5F7374725F6F7574007AEC
:109F10005F696D706C5F6B5F737461636B5F7075AD
:109F20007368007A5F696D706C5F6B5F73746163F7
:109F30006B5F706F70007A5F696D706C5F6B5F73E1
:109F40007461636B5F616C6C6F635F696E697400F1
:109F50007A5F696D706C5F6B5F736C656570007ABA
:109F60005F696D706C5F6B5F73656D5F74616B656E
:109F7000007A5F696D706C5F6B5F73656D5F7265B2
:109F8000736574007A5F696D706C5F6B5F73656D8C
:109F90005F696E6974007A5F696D706C5F6B5F7387
:109FA000656D5F67697665007A5F696D706C5F6B80
:109FB0005F73656D5F636F756E745F676574007A5C
:109FC0005F696D706C5F6B5F73636865645F637519
:109FD0007272656E745F7468726561645F717565D5
:109FE0007279007A5F696D706C5F6B5F7265736325
:109FF000686564756C65007A5F696D706C5F6B5F36
:10A0000071756575655F7065656B5F7461696C001E
:10A010007A5F696D706C5F6B5F71756575655F7098
:10A0200065656B5F68656164007A5F696D706C5F20
:10A030006B5F71756575655F69735F656D70747968
:10A04000007A5F696D706C5F6B5F71756575655FD8
:10A05000696E6974007A5F696D706C5F6B5F7175B2
:10A060006575655F676574007A5F696D706C5F6BBD
:10A070005F71756575655F63616E63656C5F776160
:10A080006974007A5F696D706C5F6B5F717565757F
:10A09000655F616C6C6F635F70726570656E6400A4
:10A0A0007A5F696D706C5F6B5F71756575655F6117
:10A0B0006C6C6F635F617070656E64007A5F696D70
:10A0C000706C5F6B5F706F6C6C5F7369676E616CF7
:10A0D0005F7265736574007A5F696D706C5F6B5F4A
:10A0E000706F6C6C5F7369676E616C5F72616973CE
:10A0F00065007A5F696D706C5F6B5F706F6C6C5F31
:10A100007369676E616C5F696E6974007A5F696D0F
:10A11000706C5F6B5F706F6C6C5F7369676E616CA6
:10A120005F636865636B007A5F696D706C5F6B5F1E
:10A13000706F6C6C007A5F696D706C5F6B5F7069DB
:10A1400070655F77726974655F617661696C007ACA
:10A150005F696D706C5F6B5F706970655F77726966
:10A160007465007A5F696D706C5F6B5F70697065B4
:10A170005F7265736574007A5F696D706C5F6B5FA9
:10A18000706970655F726561645F617661696C00BA
:10A190007A5F696D706C5F6B5F706970655F726527
:10A1A0006164007A5F696D706C5F6B5F7069706588
:10A1B0005F707574007A5F696D706C5F6B5F70695A
:10A1C00070655F696E6974007A5F696D706C5F6B52
:10A1D0005F706970655F676574007A5F696D706C48
:10A1E0005F6B5F706970655F666C757368007A5F3E
:10A1F000696D706C5F6B5F706970655F636C6F73C6
:10A2000065007A5F696D706C5F6B5F706970655F28
:10A210006275666665725F666C757368007A5F6901
:10A220006D706C5F6B5F706970655F616C6C6F63A4
:10A230005F696E6974007A5F696D706C5F6B5F6FE8
:10A24000626A6563745F72656C65617365007A5FED
:10A25000696D706C5F6B5F6F626A6563745F616C80
:10A260006C6F635F73697A65007A5F696D706C5FAC
:10A270006B5F6F626A6563745F616C6C6F63007AB9
:10A280005F696D706C5F6B5F6F626A6563745F615D
:10A2900063636573735F6772616E74007A5F696D83
:10A2A000706C5F6B5F6D757465785F756E6C6F63F6
:10A2B0006B007A5F696D706C5F6B5F6D757465784C
:10A2C0005F6C6F636B007A5F696D706C5F6B5F6D65
:10A2D000757465785F696E6974007A5F696D706C1A
:10A2E0005F6B5F6D7367715F707574007A5F696D26
:10A2F000706C5F6B5F6D7367715F7075726765001F
:10A300007A5F696D706C5F6B5F6D7367715F7065AD
:10A31000656B5F6174007A5F696D706C5F6B5F6D18
:10A320007367715F7065656B007A5F696D706C5FF4
:10A330006B5F6D7367715F6E756D5F757365645F7D
:10A34000676574007A5F696D706C5F6B5F6D7367D2
:10A35000715F6E756D5F667265655F676574007AC3
:10A360005F696D706C5F6B5F6D7367715F6765745C
:10A370005F6174747273007A5F696D706C5F6B5F9C
:10A380006D7367715F676574007A5F696D706C5F8C
:10A390006B5F6D7367715F616C6C6F635F696E6932
:10A3A00074007A5F696D706C5F6B5F69735F707268
:10A3B00065656D70745F746872656164007A5F6969
:10A3C0006D706C5F6B5F66757465785F77616B65E8
:10A3D000007A5F696D706C5F6B5F66757465785F3E
:10A3E00077616974007A5F696D706C5F6B5F666C32
:10A3F0006F61745F656E61626C65007A5F696D7034
:10A400006C5F6B5F666C6F61745F64697361626CD3
:10A4100065007A5F696D706C5F6B5F6576656E7401
:10A420005F776169745F616C6C007A5F696D706CF5
:10A430005F6B5F6576656E745F77616974007A5FE4
:10A44000696D706C5F6B5F6576656E745F73657464
:10A450005F6D61736B6564007A5F696D706C5F6BD3
:10A460005F6576656E745F736574007A5F696D70A1
:10A470006C5F6B5F6576656E745F706F7374007A86
:10A480005F696D706C5F6B5F6576656E745F696E3A
:10A490006974007A5F696D706C5F6B5F6576656E7D
:10A4A000745F636C656172007A5F696D706C5F6B7D
:10A4B0005F636F6E647661725F77616974007A5F63
:10A4C000696D706C5F6B5F636F6E647661725F73F2
:10A4D00069676E616C007A5F696D706C5F6B5F635A
:10A4E0006F6E647661725F696E6974007A5F696D20
:10A4F000706C5F6B5F636F6E647661725F62726FC8
:10A50000616463617374007A5F696D706C5F6B5F27
:10A51000627573795F77616974007A5F696D706CD9
:10A520005F6932635F7472616E73666572007A5F31
:10A53000696D706C5F6932635F7461726765745FC7
:10A540006472697665725F756E726567697374654A
:10A5500072007A5F696D706C5F6932635F746172FB
:10A560006765745F6472697665725F726567697347
:10A57000746572007A5F696D706C5F6932635F72D7
:10A5800065636F7665725F627573007A5F696D707F
:10A590006C5F6932635F6765745F636F6E6669677E
:10A5A000007A5F696D706C5F6932635F636F6E66BE
:10A5B0006967757265007A5F696D706C5F67706955
:10A5C0006F5F706F72745F746F67676C655F6269ED
:10A5D0007473007A5F696D706C5F6770696F5F702C
:10A5E0006F72745F7365745F6D61736B65645F72C6
:10A5F0006177007A5F696D706C5F6770696F5F701B
:10A600006F72745F7365745F626974735F72617790
:10A61000007A5F696D706C5F6770696F5F706F72F1
:10A62000745F6765745F726177007A5F696D706CE3
:10A630005F6770696F5F706F72745F6765745F6486
:10A640006972656374696F6E007A5F696D706C5FC3
:10A650006770696F5F706F72745F636C6561725F62
:10A66000626974735F726177007A5F696D706C5FA5
:10A670006770696F5F70696E5F696E74657272751D
:10A6800070745F636F6E666967757265007A5F6983
:10A690006D706C5F6770696F5F70696E5F6765741E
:10A6A0005F636F6E666967007A5F696D706C5F6784
:10A6B00070696F5F70696E5F636F6E6669677572F0
:10A6C00065007A5F696D706C5F6770696F5F676561
:10A6D000745F70656E64696E675F696E74007A5F3F
:10A6E000696D706C5F666C6173685F7772697465C1
:10A6F000007A5F696D706C5F666C6173685F73662A
:10A7000064705F72656164007A5F696D706C5F662A
:10A710006C6173685F726561645F6A656465635FDD
:10A720006964007A5F696D706C5F666C6173685F05
:10A7300072656164007A5F696D706C5F666C6173ED
:10A74000685F6765745F77726974655F626C6F6379
:10A750006B5F73697A65007A5F696D706C5F666CB8
:10A760006173685F6765745F73697A65007A5F69B2
:10A770006D706C5F666C6173685F6765745F706154
:10A7800072616D6574657273007A5F696D706C5F7C
:10A79000666C6173685F6765745F706167655F6948
:10A7A0006E666F5F62795F6F666673007A5F696D70
:10A7B000706C5F666C6173685F6765745F7061671A
:10A7C000655F696E666F5F62795F696478007A5F62
:10A7D000696D706C5F666C6173685F6765745F70EC
:10A7E0006167655F636F756E74007A5F696D706C29
:10A7F0005F666C6173685F666C617474656E007A25
:10A800005F696D706C5F666C6173685F66696C6CC4
:10A81000007A5F696D706C5F666C6173685F657804
:10A820005F6F70007A5F696D706C5F666C617368F2
:10A830005F6572617365007A5F696D706C5F666CED
:10A840006173685F636F7079007A5F696D706C5FC8
:10A85000656E74726F70795F6765745F656E747230
:10A860006F7079007A5F696D706C5F64657669639B
:10A87000655F69735F7265616479007A5F696D70A5
:10A880006C5F6465766963655F696E6974007A5FA1
:10A89000696D706C5F6465766963655F6765745F39
:10A8A00062795F64745F6E6F64656C6162656C0091
:10A8B0007A5F696D706C5F6465766963655F676513
:10A8C000745F62696E64696E67007A5F696D706C4F
:10A8D0005F6465766963655F6465696E6974006D60
:10A8E000656D736574006D656D637079006D656D80
:10A8F000636D7000737472637079002573206675E0
:10A900006E6374696F6E2025692028257029206F79
:10A9100075747369646520746578742072656769FD
:10A920006F6E006272696E67757000746561726443
:10A930006F776E006C6C6578745F66735F6C6F61C7
:10A94000646572004E6F2073756368206C6C657867
:10A95000742025730A00457874656E73696F6E3ACA
:10A960002025732073796D626F6C730A007C20530D
:10A97000796D626F6C202020202020202020202054
:10A980007C2041646472657373202020207C0A005F
:10A990007C2025313673207C202570207C0A007CA9
:10A9A000204E616D652020202020202020202020A6
:10A9B00020207C2053697A65202020202020202020
:10A9C000207C0A007C2025313673207C2025313202
:10A9D00064207C0A00457874656E73696F6E206E22
:10A9E000616D6520746F6F206C6F6E672C206D61D8
:10A9F000782025642063686172730A0A00457874C0
:10AA0000656E73696F6E20256420627974657320AA
:10AA1000746F6F206C6172676520746F206C6F615A
:10AA2000642C206D61782025642062797465730A36
:10AA30000A005375636365737366756C6C79206C7B
:10AA40006F6164656420657874656E73696F6E20EC
:10AA500025732C20616464722025700A0A00466107
:10AA6000696C656420746F206C6F61642065787414
:10AA7000656E73696F6E2025732C20726574757214
:10AA80006E20636F64652025640A0A004E6F207390
:10AA900075636820657874656E73696F6E202573C1
:10AAA0000A00556E6C6F6164656420657874656E2C
:10AAB00073696F6E2025730A0A004C6F61646162CE
:10AAC0006C6520657874656E73696F6E20636F6D59
:10AAD0006D616E6473004C697374206C6F616465A2
:10AAE0006420657874656E73696F6E7320616E643F
:10AAF0002074686569722073697A6520696E206DBB
:10AB0000656D6F7279006C6F61645F686578004C89
:10AB10006F616420616E20656C662066696C6520DB
:10AB2000656E636F64656420696E20686578206473
:10AB300069726563746C792066726F6D20746865E4
:10AB4000207368656C6C20696E7075742E20537963
:10AB50006E7461783A0A3C6578745F6E616D653E2B
:10AB6000203C6578745F6865785F737472696E679E
:10AB70003E00756E6C6F616400556E6C6F61642091
:10AB8000616E20657874656E73696F6E20627920DE
:10AB90006E616D652E2053796E7461783A0A3C655A
:10ABA00078745F6E616D653E006C6973745F737974
:10ABB0006D626F6C73004C69737420657874656E98
:10ABC00073696F6E2073796D626F6C732E20537989
:10ABD0006E7461783A0A3C6578745F6E616D653EAB
:10ABE0000063616C6C5F666E0043616C6C2065781D
:10ABF00074656E73696F6E2066756E6374696F6ECF
:10AC000020776974682070726F746F747970652032
:10AC1000766F696420666E28766F6964292E2053EA
:10AC2000796E7461783A0A3C6578745F6E616D651F
:10AC30003E203C66756E6374696F6E5F6E616D6514
:10AC40003E006C6C6578745F7368656C6C005F5F68
:10AC50006465766963655F6474735F6F72645F34A3
:10AC60003300636C6F636B403430303030303030E1
:10AC700000636C6F636B006866636C6B006C66638B
:10AC80006C6B00636C6F636B5F636F6E74726F6C81
:10AC9000005F5F6465766963655F6474735F6F729C
:10ACA000645F36330072616E646F6D4034303030F3
:10ACB0006430303000726E6700696E76616C696472
:10ACC00020616464726573733A2030782530386C83
:10ACD000783A257A7500756E616C69676E656420D7
:10ACE000616464726573733A2030782530386C780B
:10ACF0003A257A75006E6F7420776F72642D616CDF
:10AD000069676E65643A2030782530386C783A256A
:10AD10007A75005F5F6465766963655F6474735F0D
:10AD20006F72645F373600666C6173682D636F6E97
:10AD300074726F6C6C657240343030316530303015
:10AD400000666C6173685F636F6E74726F6C6C65C4
:10AD50007200666C6173685F6E7266004661696C52
:10AD6000656420746F2065786974204450442028FD
:10AD70002564290057616974696E6720756E74696E
:10AD80006C20666C617368206973207265616479F8
:10AD9000004661696C656420746F20776169742076
:10ADA000756E74696C20666C6173682069732072BB
:10ADB000656164792028256429004A45444543207B
:10ADC00049442072656164206661696C65643A205B
:10ADD0002564004465766963652069642025303206
:10ADE000782025303278202530327820646F6573E2
:10ADF000206E6F74206D6174636820636F6E666986
:10AE0000672025303278202530327820253032787E
:10AE100000425020636C656172206661696C6564F4
:10AE20003A2025640A00556E61626C6520746F20BB
:10AE3000656E74657220342D62797465206D6F645F
:10AE4000653A2025640A005F5F6465766963655F23
:10AE50006474735F6F72645F3934006D7832357279
:10AE600031363335664030006D78323572313633E5
:10AE70003566007370695F6E6F7200D810200C0029
:10AE80000000005F5F6465766963655F6474735F8B
:10AE90006F72645F39006770696F403530303030F1
:10AEA000303030006770696F3000693263004E6582
:10AEB000656420746F207573652074686520696E01
:10AEC0007465726E616C2064726976657220627559
:10AED0006666657220627574206974732073697A7E
:10AEE0006520697320696E73756666696369656E4E
:10AEF0007420282575202B202575203E20257529B6
:10AF00002E2041646A75737420746865207A6570B8
:10AF10006879722C636F6E6361742D6275662D7330
:10AF2000697A65206F72207A65706879722C666C18
:10AF30006173682D6275662D6D61782D73697A6510
:10AF40002070726F70657274792028746865206F44
:10AF50006E65207769746820677265617465722018
:10AF600076616C75652920696E20746865202225DC
:10AF70007322206E6F64652E005F5F64657669637F
:10AF8000655F6474735F6F72645F3133006932634D
:10AF90004034303030343030300069326331005F5B
:10AFA0005F6465766963655F6474735F6F72645F25
:10AFB0003834006932634034303030333030300060
:10AFC00069326330006932635F6E7266785F7477EE
:10AFD000696D00756E737570706F7274656420733F
:10AFE0007065656400547279696E6720746F2074AF
:10AFF00072616E73666572206D6F72652074686130
:10B000006E20746865206D6178696D756D20736957
:10B010007A6520666F72207468697320646576694A
:10B0200063653A202564203E202564004661696CF2
:10B03000656420746F20696E697469616C697A65F2
:10B04000206465766963653A202573000001020378
:10B05000040506074661696C656420746F20616CA5
:10B060006C6F6361746520505049204368616E6E57
:10B07000656C005F5F6465766963655F6474735FC8
:10B080006F72645F313900756172744034303030F2
:10B090003230303000756172743000756172745FE7
:10B0A0006E7266785F7561727465004661696C6581
:10B0B0006420746F20616C6C6F636174652047500D
:10B0C000494F5445206368616E6E656C20666F72EF
:10B0D0002057414B45004661696C656420746F20C0
:10B0E000636F6E6669677572652057414B452070C6
:10B0F000696E004353204750494F20706F7274208F
:10B1000025732070696E202564206973206E6F742A
:10B11000207265616479005570646174652065789A
:10B1200063656564732063757272656E7420627501
:10B13000666665720048616C662D6475706C657832
:10B14000206E6F7420737570706F72746564005335
:10B150006C617665206D6F6465206973206E6F7415
:10B1600020737570706F72746564206F6E20257324
:10B17000004C6F6F706261636B206D6F6465206956
:10B1800073206E6F7420737570706F7274656400D5
:10B19000576F72642073697A6573206F7468657283
:10B1A000207468616E203820626974732061726552
:10B1B000206E6F7420737570706F727465640046D2
:10B1C00072657175656E63696573206C6F77657202
:10B1D000207468616E20313235206B487A206172AC
:10B1E00065206E6F7420737570706F727465640083
:10B1F0004661696C656420746F20696E6974696169
:10B200006C697A65206E7266782064726976657200
:10B210003A20253038780057616974696E67206676
:10B220006F722057414B452061636B6E6F776C6581
:10B2300064676D656E742074696D6564206F7574E4
:10B240000054696D656F75742077616974696E6704
:10B2500020666F72207472616E7366657220636F10
:10B260006D706C657465005F5F6465766963655FCA
:10B270006474735F6F72645F393300737069403454
:10B28000303032333030300073706932007370699F
:10B290005F6E7266785F73706900000000000100E5
:10B2A0000000010100000101010100000000000197
:10B2B0000101012A2A2A20426F6F74696E67205AA1
:10B2C0006570687972204F53206275696C642076CE
:10B2D000342E312E302D3839382D673662333266B0
:10B2E00034643735303636202A2A2A0A0048616C01
:10B2F00074696E672073797374656D00556E6B6E3B
:10B300006F776E206572726F7200756E6B6E6F77FD
:10B310006E003E3E3E205A45504859522046415408
:10B32000414C204552524F522025643A202573202B
:10B330006F6E20435055202564004661756C742063
:10B34000647572696E6720696E7465727275707467
:10B350002068616E646C696E670A0043757272657D
:10B360006E74207468726561643A20257020282507
:10B3700073290043505520657863657074696F6E5A
:10B3800000556E68616E646C656420696E746572E8
:10B390007275707400537461636B206F76657266AA
:10B3A0006C6F77004B65726E656C206F6F70730009
:10B3B0004B65726E656C2070616E69630069646CC8
:10B3C0006500617263685F7370696E5F72656C615E
:10B3D0007800737973776F726B71002B0064756DF1
:10B3E0006D7900736C656570696E67006465616492
:10B3F0000073757370656E6465640061626F72746A
:10B40000696E670073757370656E64696E6700714D
:10B410007565756564006B5F69735F696E5F6973FD
:10B420007200616E006E66696E697479006E616E9D
:08B4300000286E756C6C290008
:10B438001F00000000000000FFFFFFFFFF1F0000CB
:10B4480037F002004DF50200584B030000000000E1
:10B45800010000003400002000000000000000008F
:10B468000000000000E100200000000000000000D3
:10B478000000000000020000B44C03008008002017
:10B4880000000000BB0C03000000000000000000EA
:10B4980060000020600000200000000000000000A4
:10B4A8000E00000001000000010000000000000084
:10B4B80000000000000000008E7C03000100000076
:10B4C80001000000C838030000000000884900207F
:10B4D8000000000039000100000000009049002031
:10B4E800000000006DED00000000000098490020F9
:10B4F80000000000BD09020000000000A049002073
:10B5080000000000BD09020000000000A84900205A
:10B5180000000000A9E90000000000000000000091
:10B528000000000000010000346B00200000000053
:10B53800000000000000000000040000446B002030
:10B5480000000000A06D002000000000094201007A
:10B5580000000000A86D002000000000BD090200E6
:10B5680000000000B06D00200000000075450100DB
:10B5780000000000B86D002000000000E117020084
:10B5880000000000D06D002000000000BD0902008E
:10B5980000000000D86D00200000000019410100E3
:10B5A80000000000EC6D002000000000F127000002
:10B5B80000000000F46D002000000000812102005E
:10B5C80000000000806E002000000000D92A000062
:10B5D80000000000886E002000000000DD2202004C
:10B5E80000000000FC6E002000000000BD09020001
:10B5F80000000000046F002000000000017201003C
:10B60800000000000C6F002000000000D529020097
:10B6180000000000306F0020000000000000000063
:10B6280000000000386F00200000000035350200DF
:10B6380000000000506F0020000000000000000023
:10B6480000000000986F002000000000017D01004C
:10B6580000000000A06F002000000000BD090200EB
:10B6680000000000A86F0020000000009D7E01007F
:10B6780000000000B06F002000000000818C010075
:10B68800000000009472002000000000D473002025
:10B69800000000001475002000000000D47700208E
:10B6A80000000000B942020000000000EC77002012
:10B6B800000000003943020000000000D87A002092
:10B6C80000000000A906020000000000047B002022
:10B6D80000000000BD090200000000000C7E0020F0
:10B6E80000000000BD09020000000000147E0020D8
:10B6F80000000000D94D0000000000001C7E002062
:10B7080000000000D94D00000000000070820020F9
:10B718000000000001D9000000000000688200203D
:10B728000000000001D90000000000006082002035
:10B738000000000079D500000000000058820020B9
:10B748000000000001D90000000000005082002025
:10B758000000000079D500000000000048820020A9
:10B768000000000001D90000380300203803002041
:10B7780000000000000000000E0000005C03002034
:10B7880000000000000000000000000000000000B1
:10B7980000000000338500202000000000000000A9
:10B7A80000000000000000006870030001000000B5
:10B7B800800300208003002000000000010000003A
:10B7C8009003002090030020980300209803002095
:10B7D8000000000001000000A8030020A8030020CA
:10B7E8000000000000000000000000000000000051
:10B7F8000000000000000000000000000000000041
:10B80800000000005839030000000000000000009C
:10B818000000000000000000000000000000000020
:10B828000000000000000000000000000000000010
:10B838000000000000000000000000000000000000
:10B8480000000000000000000000000000000000F0
:10B8580000000000000000000000000000000000E0
:10B8680008000000FF0000000000000001000000C8
:10B87800000000003FC00F004804002048040020DA
:09B88800500400205004002001CE
:10B8910000000000000000000000000000000000A7
:04B8A10000000000A3
:04B8A800000000009C
:10B8AC00000000000000000000000000000000008C
:10B8BC00000000000000000000000000000000007C
:10B8CC00000000000000000000000000000000006C
:10B8DC00000000000000000000000000000000005C
:10B8EC00000000000000000000000000000000004C
:10B8FC00000000000000000000000000000000003C
:10B90C00000000000000000000000000000000002B
:08B91C00000000000000000023
:10B924000000000000DD0020000400000000000012
:10B93400000000000000000000000000A08E0020B5
:10B94400003C0000000000000000000000000000B7
:10B954001C0500201C050020000000003CFC002009
:0CB964003CFC002064FC002000000000FF
:10B97000000000000000000000000000440500205E
:10B98000440500204C0500204C0500200000070065
:10B990000700010000000000D44F0300E0E3002096
:10B9A00000000000000000000000000074050020FE
:10B9B000740500207C0500207C05002000000B00A1
:10B9C0000B00010000000000E44F0300C8EF00205E
:10B9D000000000000000000000000000A40500209E
:10B9E000A4050020AC050020AC05002000000A00E2
:10B9F0000A00010085C90000F44F030024FB002069
:04BA000015E015E058
:040000030000C1B97F
:00000001FF
