:020000040200F8
:10000000985B0122056F00026B100102F16E000285
:10001000F16E0002F16E0002F16E0002F16E00025C
:100020000000000000000000000000000970000255
:10003000F16E000200000000756F0002459E000294
:1000400009720002097200020972000209720002BC
:1000500009720002097200020972000209720002AC
:10006000097200020972000209720002097200029C
:10007000097200020972000209720002097200028C
:10008000097200020972000209720002097200027C
:10009000097200020972000209720002097200026C
:1000A000097200020972000209720002097200025C
:1000B000097200020972000209720002097200024C
:1000C000097200020972000209720002097200023C
:1000D000097200020972000209720002097200022C
:1000E000097200020972000209720002097200021C
:1000F000097200020972000209720002097200020C
:1001000009720002097200020972000209720002FB
:1001100009720002097200020972000209720002EB
:1001200009720002097200020972000209720002DB
:1001300009720002097200020972000209720002CB
:1001400009720002097200020972000209720002BB
:1001500009720002097200020972000209720002AB
:10016000097200020972000209720002097200029B
:10017000097200020972000209720002097200028B
:10018000097200020972000209720002097200027B
:10019000097200020972000209720002097200026B
:1001A000097200020972000209720002097200025B
:1001B000097200020972000209720002097200024B
:1001C0009FED0B7B41EC160B9FED0B5B26EE077B47
:1001D000BCEEC77BB8EE474B17EE101AA4EE456B8A
:1001E000FCEEC67B17EE900A704700BFAFF30080AD
:1001F000000000000000F03D000000000000F041A1
:10020000002902D0B0FBF1F0704708B14FF0FF3089
:1002100000F01EB80029F8D00246B0FBF1F000FB58
:1002200011217047002902D090FBF1F0704700289F
:10023000C8BF6FF00040B8BF4FF0004000F008B8F2
:100240000029F4D0024690FBF1F000FB1121704729
:10025000704700BF81F0004102E000BF83F000431F
:1002600030B54FEA41044FEA430594EA050F08BF51
:1002700090EA020F1FBF54EA000C55EA020C7FEA15
:10028000645C7FEA655C00F0E2804FEA5454D4EB92
:100290005555B8BF6D420CDD2C4480EA020281EA5C
:1002A000030382EA000083EA010180EA020281EA94
:1002B0000303362D88BF30BD11F0004F4FEA0131E6
:1002C0004FF4801C4CEA113102D0404261EB4101F5
:1002D00013F0004F4FEA03334CEA133302D052427B
:1002E00063EB430394EA050F00F0A780A4F1010437
:1002F000D5F1200E0DDB02FA0EFC22FA05F2801871
:1003000041F1000103FA0EF2801843FA05F3594156
:100310000EE0A5F120050EF1200E012A03FA0EFCD5
:1003200028BF4CF0020C43FA05F3C01851EBE371FF
:1003300001F0004507D54FF0000EDCF1000C7EEB1C
:1003400000006EEB0101B1F5801F1BD3B1F5001F5A
:100350000CD349085FEA30004FEA3C0C04F1010479
:100360004FEA445212F5800F80F09A80BCF1004FA2
:1003700008BF5FEA500C50F1000041EB045141EA24
:10038000050130BD5FEA4C0C404141EB0101013CED
:1003900028BFB1F5801FE9D291F0000F04BF0146DC
:1003A0000020B1FA81F308BF2033A3F10B03B3F1AE
:1003B00020020CDA0C3208DD02F1140CC2F10C023E
:1003C00001FA0CF021FA02F10CE002F11402D8BF9C
:1003D000C2F1200C01FA02F120FA0CFCDCBF41EA68
:1003E0000C019040E41AA2BF01EB0451294330BD37
:1003F0006FEA04041F3C1CDA0C340EDC04F1140414
:10040000C4F1200220FA04F001FA02F340EA0300EA
:1004100021FA04F345EA030130BDC4F10C04C4F130
:10042000200220FA02F001FA04F340EA0300294610
:1004300030BD21FA04F0294630BD94F0000F83F45A
:10044000801306BF81F480110134013D4EE77FEA3D
:10045000645C18BF7FEA655C29D094EA050F08BF89
:1004600090EA020F05D054EA000C04BF194610466A
:1004700030BD91EA030F1EBF0021002030BD5FEAAE
:10048000545C05D14000494128BF41F0004130BDD6
:1004900014F580043CBF01F5801130BD01F000452A
:1004A00045F0FE4141F470014FF0000030BD7FEA9D
:1004B000645C1ABF194610467FEA655C1CBF0B4698
:1004C000024650EA013406BF52EA033591EA030FAF
:1004D00041F4002130BD00BF90F0000F04BF0021A7
:1004E000704730B54FF4806404F132044FF00005DA
:1004F0004FF0000150E700BF90F0000F04BF002153
:10050000704730B54FF4806404F1320410F00045B8
:1005100048BF40424FF000013EE700BF42004FEAB3
:10052000E2014FEA31014FEA02701FBF12F07F4330
:1005300093F07F4F81F06051704732F07F4208BFE7
:10054000704793F07F4F04BF41F40021704730B5EE
:100550004FF4607401F0004521F000411CE700BF3A
:1005600050EA010208BF704730B54FF000050AE0BD
:1005700050EA010208BF704730B511F0004502D5BE
:10058000404261EB41014FF4806404F132045FEAC0
:10059000915C3FF4D8AE4FF003025FEADC0C18BF69
:1005A00003325FEADC0C18BF033202EBDC02C2F15B
:1005B000200300FA03FC20FA02F001FA03FE40EAED
:1005C0000E0021FA02F11444BDE600BF70B54FF0F1
:1005D000FF0C4CF4E06C1CEA11541DBF1CEA1355CF
:1005E00094EA0C0F95EA0C0F00F0DEF82C4481EA37
:1005F000030621EA4C5123EA4C5350EA013518BF57
:1006000052EA033541F4801143F4801338D0A0FB43
:1006100002CE4FF00005E1FB02E506F00042E0FBF0
:1006200003E54FF00006E1FB03569CF0000F18BFF6
:100630004EF0010EA4F1FF04B6F5007F64F540749E
:1006400004D25FEA4E0E6D4146EB060642EAC62131
:1006500041EA55514FEAC52040EA5E504FEACE2E9E
:10066000B4F1FD0C88BFBCF5E06F1ED8BEF1004FA1
:1006700008BF5FEA500E50F1000041EB045170BD1D
:1006800006F0004646EA010140EA020081EA030161
:10069000B4EB5C04C2BFD4EB0C0541EA045170BD5D
:1006A00041F480114FF0000E013C00F3AB8014F1D7
:1006B000360FDEBF002001F0004170BDC4F1000420
:1006C000203C35DA0C341BDC04F11404C4F12005A1
:1006D00000FA05F320FA04F001FA05F240EA0200FC
:1006E00001F0004221F0004110EBD37021FA04F632
:1006F00042EB06015EEA430E08BF20EAD37070BDEC
:10070000C4F10C04C4F1200500FA04F320FA05F04A
:1007100001FA04F240EA020001F0004110EBD3704C
:1007200041F100015EEA430E08BF20EAD37070BDBC
:10073000C4F1200500FA05F24EEA020E20FA04F395
:1007400001FA05F243EA020321FA04F001F0004144
:1007500021FA04F220EA020000EBD3705EEA430EB5
:1007600008BF20EAD37070BD94F0000F0FD101F0E4
:100770000046400041EB010111F4801F08BF013C1D
:10078000F7D041EA060195F0000F18BF704703F05B
:100790000046520043EB030313F4801F08BF013DE2
:1007A000F7D043EA0603704794EA0C0F0CEA13559E
:1007B00018BF95EA0C0F0CD050EA410618BF52EA58
:1007C0004306D1D181EA030101F000414FF000005E
:1007D00070BD50EA410606BF1046194652EA43066C
:1007E00019D094EA0C0F02D150EA013613D195EAE0
:1007F0000C0F05D152EA03361CBF104619460AD128
:1008000081EA030101F0004141F0FE4141F4700131
:100810004FF0000070BD41F0FE4141F4780170BD21
:1008200070B54FF0FF0C4CF4E06C1CEA11541DBF86
:100830001CEA135594EA0C0F95EA0C0F00F0A7F888
:10084000A4EB050481EA030E52EA03354FEA0131B5
:1008500000F088804FEA03334FF0805545EA1313C8
:1008600043EA12634FEA022245EA111545EA106590
:100870004FEA00260EF000419D4208BF964244F127
:10088000FD0404F5407402D25B084FEA3202B61A46
:1008900065EB03055B084FEA32024FF480104FF41A
:1008A000002CB6EB020E75EB030E22BFB61A75468E
:1008B00040EA0C005B084FEA3202B6EB020E75EB21
:1008C000030E22BFB61A754640EA5C005B084FEA89
:1008D0003202B6EB020E75EB030E22BFB61A754656
:1008E00040EA9C005B084FEA3202B6EB020E75EB61
:1008F000030E22BFB61A754640EADC0055EA060E22
:1009000018D04FEA051545EA16754FEA06164FEA64
:10091000C30343EA52734FEAC2025FEA1C1CC0D110
:1009200011F4801F0BD141EA00014FF000004FF09D
:10093000004CB6E711F4801F04BF01430020B4F15E
:10094000FD0C88BFBCF5E06F3FF6AFAEB5EB030C16
:1009500004BFB6EB020C5FEA500C50F1000041EB13
:10096000045170BD0EF0004E4EEA113114EB5C04E0
:10097000C2BFD4EB0C0541EA045170BD41F48011B3
:100980004FF0000E013C90E645EA060E8DE60CEABB
:10099000135594EA0C0F08BF95EA0C0F3FF43BAFD8
:1009A00094EA0C0F0AD150EA01347FF434AF95EA8F
:1009B0000C0F7FF425AF104619462CE795EA0C0F73
:1009C00006D152EA03353FF4FDAE1046194622E740
:1009D00050EA410618BF52EA43067FF4C5AE50EA1A
:1009E00041047FF40DAF52EA43057FF4EBAE12E70A
:1009F0004FF0FF3C06E000BF4FF0010C02E000BFEB
:100A00004FF0010C4DF804CD4FEA410C7FEA6C5CCD
:100A10004FEA430C18BF7FEA6C5C1BD001B050EA70
:100A2000410C0CBF52EA430C91EA030F02BF90EA5B
:100A3000020F0020704710F1000F91EA030F58BF1A
:100A4000994208BF90422CBFD8176FEAE37040F07C
:100A5000010070474FEA410C7FEA6C5C02D150EA1A
:100A6000013C07D14FEA430C7FEA6C5CD6D152EAD5
:100A7000033CD3D05DF8040B704700BF844610469A
:100A800062468C461946634600E000BF01B5FFF799
:100A9000B7FF002848BF10F1000F01BD4DF808ED69
:100AA000FFF7F4FF0CBF012000205DF808FB00BF3A
:100AB0004DF808EDFFF7EAFF34BF012000205DF894
:100AC00008FB00BF4DF808EDFFF7E0FF94BF0120E1
:100AD00000205DF808FB00BF4DF808EDFFF7CEFFE2
:100AE00094BF012000205DF808FB00BF4DF808ED21
:100AF000FFF7C4FF34BF012000205DF808FB00BFF2
:100B00004FEA410C7FEA6C5C02D150EA013C0AD109
:100B10004FEA430C7FEA6C5C02D152EA033C02D1FB
:100B20004FF0000070474FF0010070474FEA41025C
:100B300012F5001215D211D56FF47873B3EB62522F
:100B400012D94FEAC12343F0004343EA505311F056
:100B5000004F23FA02F018BF404270474FF00000E8
:100B6000704750EA013005D111F0004008BF6FF026
:100B7000004070474FF00000704700BF4A0011D29C
:100B800012F5001211D20DD56FF47873B3EB6252E7
:100B90000ED44FEAC12343F0004343EA505323FAF3
:100BA00002F070474FF00000704750EA013002D168
:100BB0004FF0FF3070474FF0000070474FEA41029E
:100BC000B2F1E04324BFB3F5001CDCF1FE5C0DD9AB
:100BD00001F0004C4FEAC0024CEA5070B2F1004FF5
:100BE00040EB830008BF20F00100704711F0804FF8
:100BF00021D113F13872BCBF01F00040704741F4BD
:100C000080114FEA5252C2F11802C2F1200C10FAC0
:100C10000CF320FA02F018BF40F001004FEAC123A4
:100C20004FEAD32303FA0CFC40EA0C0023FA02F348
:100C30004FEA4303CCE77FEA625307D150EA01331E
:100C40001EBF4FF0FE4040F44000704701F00040EE
:100C500040F0FE4040F40000704700BF80F00040CC
:100C600002E000BF81F0004142001FBF5FEA410384
:100C700092EA030F7FEA226C7FEA236C6AD04FEA84
:100C80001262D2EB1363C1BFD218414048404140C9
:100C9000B8BF5B42192B88BF704710F0004F40F47B
:100CA000000020F07F4018BF404211F0004F41F497
:100CB000000121F07F4118BF494292EA030F3FD063
:100CC000A2F1010241FA03FC10EB0C00C3F1200376
:100CD00001FA03F100F0004302D5494260EB400005
:100CE000B0F5000F13D3B0F1807F06D340084FEA70
:100CF000310102F10102FE2A51D2B1F1004F40EB65
:100D0000C25008BF20F0010040EA030070474900CC
:100D100040EB0000013A28BFB0F5000FEDD2B0FA69
:100D200080FCACF1080CB2EB0C0200FA0CF0AABF8C
:100D300000EBC25052421843BCBFD040184370472A
:100D400092F0000F81F4000106BF80F40000013230
:100D5000013BB5E74FEA41037FEA226C18BF7FEA07
:100D6000236C21D092EA030F04D092F0000F08BF49
:100D70000846704790EA010F1CBF0020704712F030
:100D80007F4F04D1400028BF40F00040704712F16F
:100D900000723CBF00F50000704700F0004343F0D4
:100DA000FE4040F4000070477FEA226216BF08460A
:100DB0007FEA23630146420206BF5FEA412390EACD
:100DC000010F40F4800070474FF0000304E000BFC3
:100DD00010F0004348BF40425FEA000C08BF704774
:100DE00043F0964301464FF000001CE050EA010238
:100DF00008BF70474FF000030AE000BF50EA01024D
:100E000008BF704711F0004302D5404261EB410139
:100E10005FEA010C02BF84460146002043F0B6435E
:100E200008BFA3F18053A3F50003BCFA8CF2083A83
:100E3000A3EBC25310DB01FA02FC634400FA02FC8C
:100E4000C2F12002BCF1004F20FA02F243EB020093
:100E500008BF20F00100704702F1200201FA02FCF5
:100E6000C2F1200250EA4C0021FA02F243EB0200E8
:100E700008BF20EADC7070474FF0FF3C06E000BF7F
:100E80004FF0010C02E000BF4FF0010C4DF804CD13
:100E90004FEA40024FEA41037FEA226C18BF7FEA23
:100EA000236C11D001B052EA530C18BF90EA010F25
:100EB00058BFB2EB030088BFC81738BF6FEAE170B4
:100EC00018BF40F0010070477FEA226C02D15FEA50
:100ED000402C05D17FEA236CE4D15FEA412CE1D0BC
:100EE0005DF8040B704700BF844608466146FFE783
:100EF0000FB5FFF7C9FF002848BF10F1000F0FBD65
:100F00004DF808EDFFF7F4FF0CBF012000205DF85D
:100F100008FB00BF4DF808EDFFF7EAFF34BF0120E2
:100F200000205DF808FB00BF4DF808EDFFF7E0FF7B
:100F300094BF012000205DF808FB00BF4DF808EDCC
:100F4000FFF7D2FF94BF012000205DF808FB00BF2F
:100F50004DF808EDFFF7C8FF34BF012000205DF811
:100F600008FB00BF4FEA40024FEA41037FEA226CD0
:100F700002D15FEA402C08D17FEA236C02D15FEAFC
:100F8000412C02D14FF0000070474FF00100704734
:100F90007BB972B90029BEBF00204FF0004106E0C6
:100FA00008BF00281CBF6FF000414FF0FF30FFF773
:100FB0004FB9ADF1080C6DE904CE002909DB002B17
:100FC0001ADB00F07FF8DDF804E0DDE9022304B06D
:100FD0007047404261EB4101002B1BDB00F072F8CF
:100FE000DDF804E0DDE9022304B0404261EB410199
:100FF000524263EB43037047524263EB430300F0FA
:1010000061F8DDF804E0DDE9022304B0404261EB61
:1010100041017047524263EB430300F053F8DDF89F
:1010200004E0DDE9022304B0524263EB430370475E
:1010300053B94AB9002908BF00281CBF4FF0FF313F
:101040004FF0FF30FFF704B9ADF1080C6DE904CEA5
:1010500000F038F8DDF804E0DDE9022304B0704761
:1010600010F8012B11F8013B012A28BF9A42F7D052
:10107000D01A7047034611F8012B03F8012B002A00
:10108000F9D17047034613F8012B002AFBD1181A37
:1010900001387047024608B50B4643EC172BB5EEF6
:1010A000C07BF1EE10FA03D4BDE80840FFF788B822
:1010B000B1EE477B51EC170BFFF782F8404261EB32
:1010C000410108BD2DE9F04786468C460846089E3A
:1010D000154674461946002B40F0C1808542B2FA8D
:1010E00082F245D94AB1C2F1200300FA02FC9540D0
:1010F00094402EFA03F343EA0C0C4FEA154EA8B2C3
:10110000230CBCFBFEF80EFB18CC08FB00F943EAED
:101110000C43994528D9EB1808F1FF3704D29945BB
:1011200002D9A8F102072B44A3EB0903A4B2B3FB35
:10113000FEFC0EFB1C330CFB00F044EA0344A0420F
:1011400014D92C190CF1FF3304D2A04202D9ACF10E
:1011500002032C44241A43EA07401EB1D440002362
:1011600034607360BDE8F0874746DDE76346F1E72A
:1011700092BB431B01214FEA154EAFB2200CB3FBCB
:10118000FEFC0EFB1C330CFB07F840EA03439845BA
:1011900061D9EB180CF1FF3004D2984502D9ACF1BB
:1011A00002002B44A3EB0803A4B2B3FBFEFC0EFB2E
:1011B0001C330CFB07F744EA0344A7424DD92C1912
:1011C0000CF1FF3304D2A74202D9ACF102032C4444
:1011D000E41B43EA0040C0E7C2F12003954094407D
:1011E00020FA03F12EFA03F34FEA154E9040AFB206
:1011F0000343B1FBFEFC0EFB1C10190C0CFB07F8A3
:1012000041EA0041884522D969180CF1FF3004D227
:10121000884502D9ACF102002944A1EB08019BB238
:10122000B1FBFEFC0EFB1C110CFB07F743EA01436C
:101230009F420ED9EB180CF1FF3104D29F4202D924
:10124000ACF102012B44DB1B41EA004193E760460D
:10125000E3E76146F7E76046A4E76346B8E7834201
:1012600006D916B9002108467CE7C6E900E0F9E78F
:10127000B3FA83F78FB9834201D3724508D8BEEB26
:10128000020460EB030301209C461EB9002169E7BC
:101290003846FAE7C6E9004CF8E7C7F1200CBB4036
:1012A0000EFA07F522FA0CF42EFA0CF1BA401C43A0
:1012B00020FA0CF3B8404FEA144901431FFA84FEA8
:1012C000B3FBF9F809FB18300B0C08FB0EFA43EAE4
:1012D00000439A4540D9E31808F1FF3004D29A45FB
:1012E00002D9A8F102002344A3EB0A0389B2B3FB9D
:1012F000F9F809FB183308FB0EFE41EA03418E455D
:101300002CD9611808F1FF3304D28E4502D9A8F117
:101310000203214443EA0040A1EB0E01A0FB029826
:101320004145CE46434602D306D14D4504D201384D
:10133000B9EB020E68EB0403002EA7D0B5EB0E024A
:1013400061EB030101FA0CFC22FA07F3F9404CEAC5
:101350000303C6E9003199E74046C5E74346D9E7AC
:101360002DE9F04704468846174688B011F0FEFB89
:101370000A220023FFF75CFEB8F1010F06460D4676
:1013800007D102460B46204627490EF029FE0020D1
:1013900011E07F6825483946FFF762FE70B1394693
:1013A0002348FFF75DFE48B120463A4621490EF03A
:1013B00033FE6FF0040008B0BDE8F087304618A394
:1013C000D3E900232946FFF7E3FD06460D46104604
:1013D0001946194A0023FFF7DBFD80460F461046E9
:1013E00019464EF660220023FFF7D2FD8246894659
:1013F000104619464FF47A720023FFF7C9FDCDE974
:1014000002A9CDE90623CDE9040132462B46204648
:10141000CDE9008709490EF0E3FDB8E7AFF300809E
:10142000005C2605000000004C5F01025D5F0102C8
:10143000605F0102695F010280EE3600815F010298
:101440002DE9F84398468468089D1746D0F8209007
:1014500090ED044B0E4690ED066B07F027FEE31C63
:10146000B8F1000F04F1020408BF1C4620FA08F08E
:1014700006EB4403B3FBF0F307EE903AB8EE675B7C
:1014800035EE043BB7EE002B33EE063B3C4482EED8
:10149000037BB4FBF0F4BCEEC77B07EE904A36EE5C
:1014A000046B85ED007AB8EE677B36EE055B37EEB0
:1014B000047B87EE056B9FED0C7B26EE077BFCEE35
:1014C000C77B17EE900AA0EB09024845A9EB000381
:1014D00088BF1346B3FBF9F3C5E90108F61B2F617A
:1014E000EE606B61BDE8F883000000000000594029
:1014F000A0F101000028FBD1704700BF00000000F0
:101500002DE9F84F0022814688462DED028B19F80F
:101510000230511C202B00F09F81A3F10900042808
:1015200040F29A812B2B0D4633D02D2B36D0184606
:10153000042440F02003692B32D06E2B5FD00022B0
:101540004FF00A0A964694461346114614F4006674
:101550006AD040F02007A7F1610BBBF1050F63D8FB
:10156000573FFFB2BA4540F3F28044F08006E005F1
:10157000B6B267D5F40506F4007078D5002F18BF11
:101580004CF0010C00B9013219F805003446013560
:10159000DCE7042419F80100951CCAE74424F9E7A4
:1015A0009FEDAF8BB44B13F8011B49B119F805201F
:1015B000681C42F020028A4225D0B04A93422FD1C3
:1015C000B4EE488BF1EE10FA09D019F80530282B4B
:1015D00005D1013519F805300135292B15D16306E0
:1015E00001D5B1EE488BB8F1000F02D04D44C8F8D8
:1015F0000050B0EE480BBDEC028BBDE8F88F9FEDBC
:101600009A8B9F4BCFE70546CDE723F02002413A66
:10161000192ADFD9A3F13002092ADBD95F2BD9D0EF
:1016200000259FED938BDEE7A0F13007FFB2574511
:101630002CDA44F0800614F48070B6B29AD1BAF174
:101640000A0F06D0BEF10F0F94DD44F4C076B6B297
:1016500090E7BEF1100F8DDD44F4C076042FB6B2D2
:1016600088D9052F4FF0020C08BF074682E700B16A
:10167000013AAAFB0334FB180AFB014444F10001C0
:1016800053EA010080D00EF1010E7DE7FE2F5ED1FE
:10169000A70558D52006C3D5002E40F0998053EAFF
:1016A000010005F1FF3500F0D480200540F1B58040
:1016B0003632B1F5800FC0F09480724FB1F5000F53
:1016C00080F09480BA42C0F291804CEA030308464D
:1016D00003F00306032E04D003F00606062E40F0A6
:1016E0008E80043341F10000B0F5000FC0F0878018
:1016F0000132B2F5806F80F2A98000234FF480118F
:1017000002F2FF3221F480111E4641EA025747ECF3
:10171000186BB0EE480B0DF03DFC0138022804D8E0
:10172000594B222211F02EFF1A50B0EE480B0DF04B
:1017300031FC013802283FF652AF534B222211F000
:1017400021FF1A504BE744F40076B6B21CE740F094
:10175000200004F08007782809D147B153EA010A34
:1017600005D144F400664FF0100AB6B20CE7002F22
:101770003FF456AF76B39200702686428FD119F8A7
:1017800005006E1C2B2804D02D2825D144F480643C
:10179000A4B219F80600A0F13006092E3FF67FAF7B
:1017A000AE1C354640F2D34A00264FF00A0B564590
:1017B000DCBF30380BFB060619F805000135A0F137
:1017C0003007092FF3D9670548BF7642324466E7F0
:1017D0002E20D0E76526D0E7A0F13007092FE0D909
:1017E0005DE7DB1802F1FF32494162E75E0803F072
:1017F0000103013246EAC176490833435EE7B2F598
:10180000806F23DA9B08B0F5800F4FEA900143EA1E
:101810008073BFF475AF002276E70EEB020010F57F
:10182000A27F10DDB0F59B7F10DA03F0010040EAE3
:101830000C0001308008181841F1000100F028F870
:10184000B0EE408B71E79FED0A8B6EE79FED048B46
:101850006BE79FED078BC2E60A4658E6AFF30080C0
:10186000000000000000F07F000000000000F87F92
:1018700000000000000000007A9901027D99010239
:101880007799010202FCFFFF140000000000000035
:101890002DE9FF47804616460F46002900F0A2803A
:1018A000B1FA81F4341B002E04F10A04C0F2A280C4
:1018B00030460DF053FA044430460DF055FAA4EBCF
:1018C00006090546694630460DF076FAA9EB050390
:1018D0006A4640467D33394611F077FCA64282467F
:1018E0000D4600F38380B9F13F0F00F381804FF084
:1018F000FF33A9F12000C9F1200103FA00F003FA37
:1019000009F223FA01F103FA09F3024328EA030377
:101910000A4327EA020213430CBF01200020002DD6
:1019200000F08A80B5FA85F3E31A40F2FE7203F202
:101930003E43934200F38980002B23EAE376D4BF31
:1019400001223246121BA2F23341A2F23447A2F224
:101950005344C1F1200C2AFA01F325FA04F4C7F12B
:10196000200E05FA0CFC25FA01F105FA0EFE43EAF9
:101970000C03A2F2544CA2F2544223432AFA07F475
:1019800025FA0CFC44EA0E0444EA0C04C7F1200CCE
:1019900014F0010F54D0A8B14FF0FF3000FA02F25A
:1019A00000FA07F4144320FA0CF2B840144303F091
:1019B00001022AEA000A25EA04054AEA020A5AEA6A
:1019C000050A3DD0013341F10002C2F3130253EA8C
:1019D000020138D0184642EA065141EC100B04B01F
:1019E000BDE8F087B0FA80F420345BE7012096E789
:1019F000002094E7C6F1000948460DF0B5F9241A15
:101A000048460DF0B1F9A61B0546694648462E44E6
:101A10000DF044FA6A46404606F17C03394611F05F
:101A2000D4FB82460D46404639460DF0ADF981455E
:101A30008CBF0020012072E7BAFA8AF3203373E7E3
:101A4000C1F31302C6E70136C4E79FED010BC6E7F9
:101A5000000000000000F07F10EE902A764922F08E
:101A600000438B4217D975498B4203D805D110EE3C
:101A7000103A13B130EE000B7047002A9FED500B67
:101A800004DD9FED517B37EE000B70479FED507BDF
:101A900037EE400B70476A498B4212D8A1F1DE71D4
:101AA0008B420BD8B7EE006B9FED4B7B30EE077B84
:101AB000B4EEC67BF1EE10FA00F381804FF0FF33F5
:101AC00015E06049B0EEC07B8B424FD8A1F55021A4
:101AD000B7EE006B8B4241D837EE075B002335EE43
:101AE000465BB0EE006B37EE067B85EE070B591CAC
:101AF00020EE005B9FED3A7B9FED3B4B25EE056BA7
:101B00009FED3B3B06EE074B9FED3B7B04EE067BD8
:101B10009FED3B4B07EE064B9FED3B7B04EE067BB8
:101B20009FED3B4B07EE064B9FED3B7B16EE073BD5
:101B30009FED3B7B13EE067B9FED3B3B17EE063B99
:101B40009FED3B7B13EE067B27EE067B04EE057BC9
:101B500027EE007B1FD130EE470B704737EE465B18
:101B6000012337EE066B85EE060BC0E736498B4244
:101B70000BD2B7EE085B0223B7EE006B37EE454B96
:101B800007EE056B84EE060BB1E7BFEE006B032397
:101B900086EE070BABE72D49002A2D4801EBC30168
:101BA00000EBC30393ED006B37EE467B37EE407BD3
:101BB00091ED000B30EE470BB8BFB1EE400B704714
:101BC000075C143326A6913C182D4454FB21F93FA1
:101BD000182D4454FB21F9BF9C7500883CE4377EE6
:101BE00011DA22E33AAD903FEB0D76244B7BA93F0F
:101BF0009AFDDE522DDEAD3F513DD0A0660DB13FC6
:101C00006E204CC5CD45B73FFF8300922449C23FAB
:101C10000D5555555555D53F2F6C6A2C44B4A2BF70
:101C20006D9A74AFF2B0B33F711623FEC671BC3F1C
:101C3000C4EB98999999C93FFFFF0F440000F07FCA
:101C4000FFFFDB3FFFFFF23F00800340884D0102B2
:101C5000684D01020000000011EE101AB0EE407B4A
:101C6000F8B511EE905A4B426F4F25F000420B43EE
:101C700042EAD373BB420DD810EE10CA17EE906A39
:101C8000CCF1000026F0004340EA0C0043EAD0709B
:101C9000B84204D937EE017BB0EE470BF8BD05F131
:101CA000404000F58010084303D1BDE8F840FFF73D
:101CB000D3BEAC1753EA0C0C04F0020444EAD67409
:101CC00011D1022C08D0032CE6D19FED3D7B9FED76
:101CD0003E6B37EE467BDFE79FED3D7B9FED3A6B3A
:101CE00037EE067BD8E7114307D1002E02DA9FEDCD
:101CF0003A7BECE79FED3A7BF0E7BA4223D193427F
:101D000015D1022C9FED307B0BD0032C0CD0012C75
:101D100002D09FED356BE3E79FED356B36EE477BE9
:101D2000BAE79FED356BDBE79FED356BF6E7022CED
:101D3000D2D0032CC9D0012C9FED337B9FED346BA7
:101D400007FE067BA8E7BB42CFD09B1AB3F1747F96
:101D50004FEA235212DB9FED227B9FED2F6B37EE74
:101D6000067B012C1AD0022C21D0002C94D09FEDA0
:101D70002C6B37EE467B9FED166BAAE7002D01DA40
:101D80003C3208DB87EE010BB0EEC00BFFF764FEC0
:101D9000B0EE407BE5E79FED1E7BE2E717EE901A81
:101DA00053EC172B01F1004343EC172B74E79FED25
:101DB0001C6B37EE467B9FED066BAFE7AFF3008001
:101DC000182D4454FB2109C059F3F8C21F6EA50118
:101DD000182D4454FB210940182D4454FB21F9BF10
:101DE000182D4454FB21F93F182D4454FB21E93FA1
:101DF000182D4454FB21E9BFD221337F7CD9024006
:101E0000D221337F7CD902C0000000000000008096
:101E10000000000000000000075C143326A6913C7F
:101E2000075C143326A6A13C0000F07F00000000F0
:101E30007FB58DED000B019B214A23F000439342B7
:101E400006D89FED1D1B07B05DF804EB00F014BA37
:101E50001C4A934204D907B05DF804EB00F0F4B9D2
:101E600002A800F031F800F0030001280BD002288E
:101E700012D0C0B99DED041B9DED020B00F0FCF9E2
:101E800007B05DF804FB9DED041B9DED020B00F017
:101E9000DFFCB1EE400BF3E79DED041B9DED020B63
:101EA00000F0EAF9F5E79DED041B9DED020B012022
:101EB00000F0CEFCE4E700BF0000000000000000DE
:101EC000FB21E93FFFFFEF7FF0B510EE907A964BD4
:101ED00089B0064627F00041994207D80022002326
:101EE00080ED000BC0E9022300201BE08F4B9942DC
:101EF0003BD8A3F51B23002F9FED7B7BA3F5F0635D
:101F000019DD994230EE470B0ED09FED796B30EE24
:101F1000467B012030EE470B86ED007B30EE460B12
:101F200086ED020B09B0F0BD9FED737B9FED746BE6
:101F300030EE470BEBE7994230EE070B0ED09FEDEA
:101F40006C6B30EE067B4FF0FF3030EE470B86EDCA
:101F5000007B30EE060B86ED020BE3E79FED667B20
:101F60009FED676B30EE070BEBE7714B99426BD837
:101F7000B6EE007BB0EEC00B9FED636B00EE067B10
:101F8000FDEEC77BB8EEE75B17EE900A9FED567B40
:101F90001F2805EE470B9FED567B25EE077B30EEA5
:101FA000476B05DC421E634B53F822308B4208D14D
:101FB00016EE903A0A15C3F30A53C3EB1153102BD4
:101FC00002DC86ED006B1AE09FED4B4B25EE044BD7
:101FD00030EE446B30EE467B37EE447B9FED484B52
:101FE00015EE047B36EE474B14EE903AC3F30A53DA
:101FF000D31A312B17DCB0EE460B86ED004B96ED75
:10200000006B002F30EE460B30EE470B86ED020BD7
:1020100088DAB1EE466BB1EE400B86ED006B86EDD3
:10202000020B40427EE79FED3A7B25EE077B36EEC2
:10203000470B36EE406B36EE477B9FED376B15EE68
:10204000067B30EE476BBCE73B4B994206D930EE3E
:10205000400B80ED020B80ED000B45E70A1510EEFA
:10206000103A08A8A2F216421C46A1EB0255032121
:1020700045EC174BBDEEC76B9FED295BB8EEC66B09
:1020800037EE467B8DED026B27EE057BBDEEC76B11
:10209000B8EEC66B37EE467B8DED046B27EE057B05
:1020A0008DED067B30ED027B0B460139B5EE407BB2
:1020B000F1EE10FAF6D0214902A801910221009117
:1020C000314600F041F9002FBFF62CAF96ED007BB2
:1020D000B1EE477B86ED007B96ED027BB1EE477B50
:1020E00086ED027B9DE700BF00004054FB21F93FD5
:1020F0003163621A61B4D03D0000601A61B4D03D12
:102100007370032E8A19A33B83C8C96D305FE43F07
:102110000000002E8A19A33BC14920259A837B39F0
:102120000000000000007041FB21E93F7BD9024024
:10213000FB21394138570102FFFFEF7FB8570102F9
:102140007FB58DED000B019B234A23F000439342A2
:1021500007D800209FED1E1B07B05DF804EB00F0D0
:1021600077BB1E4A934204D907B05DF804EB00F038
:102170006BB802A8FFF7A8FE00F0030001280CD0FE
:10218000022811D0D0B901209DED041B9DED020B5A
:1021900000F05EFB07B05DF804FB9DED041B9DEDB8
:1021A000020B00F069F8F5E79DED041B9DED020BB5
:1021B000012000F04DFBB1EE400BEBE79DED041B61
:1021C0009DED020B00F058F8F5E700BFAFF300807B
:1021D0000000000000000000FB21E93FFFFFEF7F4F
:1021E0007FB58DED000B019B154A23F00043934210
:1021F00007D801209FED101B07B05DF804EB00F03D
:102200007FBB104A934204D907B05DF804EB00F09D
:102210001BB802A8FFF758FE400000F002009DED39
:10222000041BC0F101009DED020B00F069FB07B03B
:102230005DF804FBAFF30080000000000000000028
:10224000FB21E93FFFFFEF7F08B52DED028BB0EEDC
:10225000408B0CF09FFE20B938EE080BBDEC028BD2
:1022600008BD9FED037B87EE070BF7E7AFF3008018
:102270000000000000000000B0EE407BB7EE000B55
:1022800017EE901A21F00041B1F1795F39D327EEB2
:10229000075B2B4B994227EE017BB6EE006B9FED5F
:1022A0001C3B9FED1D4B25EE066B05EE034B9FED92
:1022B0001C3B14EE053B9FED1C4B03EE054B9FEDC5
:1022C0001C3B14EE053B9FED1C4B03EE054B24EE2F
:1022D000054B14EE057B04D836EE477B30EE470BFA
:1022E0007047184B99420DD80022A1F5001343EC1A
:1022F000152B36EE456B30EE450B36EE476B30EE68
:10230000460B7047B5EE025BF3E700BFAFF300800A
:10231000D43888BEE9FAA8BDC4B1B4BD9EEE213E52
:10232000AD529C804F7E923E9015CB19A001FA3E93
:102330007751C1166CC1563F4C5555555555A53F63
:102340003233D33F0000E93F2DE9F04F2DED068BEE
:10235000ADF5137D12F1140F9A460F46BE4B6FF088
:102360001705A2990AF1FF3BA39E0DF1680E53F8E1
:102370002190A6BFD31E18210023019009EB0B0466
:10238000A8BF93FBF1F303FB0555A3EB0B009FEDF7
:10239000AC6B154406EB800C0022A2420EDD1AAA9B
:1023A0000DF5D47E002402EBCA024C4525DCDDF895
:1023B00004C0104600219FEDA27B15E0D04209D455
:1023C0005CF8221007EE901AB8EEE77B0132AEEC13
:1023D000027BE2E7B0EE467BF8E7BCEC025B90EDF7
:1023E000006B013105EE067B5945A0F10800F4DDD4
:1023F00001340832AEEC027BD7E706AA06EB830372
:102400004C4602EB890202939FED8F9B9FED90ABB0
:102410000392E3006AAA2146049392AB02EBC40242
:1024200003EBC40313ED280B06AB18460029A2F1F9
:10243000080249DC2846059300F07AFBB4EE007BE5
:10244000B0EE408B20EE077BBBFE477B002D059B4B
:10245000B2EE006B07EE468BFDEEC87B17EE908A5E
:10246000B8EEE77B38EE478B40DD611E06AAC5F16A
:10247000180052F8216046FA00F290448240B61AE1
:1024800006AA42F82160C5F117021641002E3CDD74
:10249000002108F101086FF07F4E08468C4267DC8E
:1024A000002D04DD012D7ED0022D00F08680022E4D
:1024B0002BD1B7EE000B30EE488B30B3284600F03E
:1024C00037FB38EE408B20E020EE097B0139BDEE72
:1024D000C77BB8EEC77B07EE4A0BBDEEC00BA0EC86
:1024E000010A92ED000B37EE000B9FE705D1621E4B
:1024F00006A951F82260F615C8E7B6EE007BB4EEE7
:10250000C78BF1EE10FA31DA0026B5EE408BF1EE12
:1025100010FA40F0A580621E00214A4554DA0029D5
:102520006DD0013C06AB183D53F82430002BF8D099
:10253000B7EE000B284600F0FBFA621C6AA9D30034
:1025400001EBC20122469FED406B002A80F2B2806F
:102550002246002AC0F2D0806AA9DFF800C100201C
:1025600001EBC205A11A9FED367BBAE002268FE788
:102570009C465CF8042B58B97AB10131C2F18072E3
:102580008C424CF8042C0CDDDCF8002003F1080C24
:10259000AEEB02024CF8042C0122013163461046D6
:1025A0007CE701207CE7621E06AB53F82230C3F3C0
:1025B000160306A941F8223079E7621E06AB53F8EC
:1025C0002230C3F31503F4E706AB53F82230013A87
:1025D0001943A2E7013352F8041D0029FAD0049AE6
:1025E00004EB0A011AAE601C02F51272234406EBDA
:1025F000C1016A44983A834204DA1C4609E7039A07
:102600000123E8E7029C019E54F8204007EE904A1F
:1026100004940024B8EEE77BA1EC027B9FED087BDD
:102620008C465C4503DD0130A2EC027BE3E7B6ECAF
:10263000025B3CED026B013405EE067BF1E700BF67
:102640000000000000000000000000000000703EDC
:102650000000000000007041C0580102A84D0102B6
:10266000B0EE480B684200F063FA9FED736BB4EE76
:10267000C60BF1EE10FA17DB06AA18359FED707B3A
:1026800020EE077BBDEEC77BB8EEC75B05EE460BC1
:10269000BDEEC00B10EE103A42F82430013417EEB4
:1026A000103A42F8243043E7BDEEC00B06AA10EE04
:1026B000103AF6E706A850F82200013A07EE900A11
:1026C0000190B8EEE77B27EE007B20EE060B21EDB4
:1026D000027B3AE7BCEC025BB5EC026B013005EE25
:1026E000067B484501DC8142F4DA42A8013A00EB5E
:1026F000C10181ED007B2CE7A29A022A0ADC002AA4
:102700002DDC46D008F007000DF5137DBDEC068BDF
:10271000BDE8F08FA29A032AF4D142A9A3F10802DE
:1027200020460A4411460028A1F1080152DC214646
:102730000129A2F108025DDC42AA9FED437B13440C
:10274000012C67DC9DED425B9DED446B002E67D153
:1027500087ED005B87ED026B87ED047BD2E742AA31
:102760009FED396B13442246002A24DA4EB3B1EEB2
:10277000467B44AA012387ED007B9DED427B37EE2B
:10278000467B9C4220DA0EB1B1EE477B87ED027B9F
:10279000B8E742AA9FED2C7B1344002C05DA0EB15A
:1027A000B1EE477B87ED007BACE733ED026B013C7C
:1027B00037EE067BF1E733ED027B013A36EE076B2D
:1027C000D2E7B0EE467BD4E7B2EC026B013337EED2
:1027D000067BD6E791ED007B91ED025B013837EE89
:1027E000056B37EE467B81ED006B37EE057B81EDA7
:1027F000027B98E792ED007B92ED025B013937EEA8
:10280000056B37EE467B82ED006B37EE057B82ED84
:10281000027B8DE733ED026B013C37EE067B8FE7E1
:10282000B1EE455BB1EE466BB1EE477B87ED005BE9
:1028300087ED026B90E700BF0000000000007041D0
:10284000000000000000703E0000000000000000DA
:10285000B0EE407B17EE903A23F00043B3F1795F7E
:1028600001D200F0F5B920EE005B9FED176B9FEDF4
:10287000183B20EE054B15EE063B9FED176B03EE64
:10288000056B9FED173B16EE053B9FED176B03EEB7
:10289000056B40B99FED163B15EE063B03EE047B3E
:1028A000B0EE470B704724EE066BB6EE003B11EE20
:1028B000036B16EE051B9FED106B04EE461B30EE0E
:1028C000410B7047AFF300807CD5CF5A3AD9E53D34
:1028D000EB9C2B8AE6E55A3E7DFEB157E31DC73ED1
:1028E000D561C119A0012A3FA6F810111111813F2D
:1028F000495555555555C53F495555555555C5BF6C
:1029000010EE903A884923F000428A4210B533D83D
:10291000FDEEC07B17EE901A002942D1431C10EE49
:10292000104A2343134306D1B7EE006BB0EEC07BD1
:1029300086EE070B10BD0128FCD030EE017BBFEE08
:10294000006B53EC172B86EE074B0A46B7EE006B75
:1029500043EC152B35EE400B31EE400B53EC142BB2
:102960000A4643EC172B05EE076B00EE076B06EEED
:10297000047BB0EE470BDDE76C498A4211D9002B8E
:102980009FED497BBCBFB1EE400BB1EE411B37EE72
:10299000407B9FED470B30EE410B9FED471B30EE28
:1029A000070B20EE006B61498A429FED455B9FED6E
:1029B000464B26EE067B20EE063B07EE054B9FEDD1
:1029C000445B9FED452B04EE075B9FED454B05EE09
:1029D000074B9FED455B04EE075B9FED454B05EE16
:1029E000074B9FED455B07EE025B9FED452B05EE28
:1029F000072B9FED455B02EE075B9FED452B05EE38
:102A0000072B9FED455B02EE075BB0EE457BB0EE1A
:102A1000415B04EE067B07EE035B9FED417B05EE19
:102A2000061B03EE071B30EE016B1DD907EE900A63
:102A300026EE064B9B17B8EEE77B03F00203C3F1CB
:102A4000010336EE076B84EE065B35EE416B30EE2C
:102A5000466B36EE066B37EE466B07EE903AB8EEF5
:102A6000E70B26EE000B65E701281AD0BFEE007BCE
:102A700051EC160B87EE065B0020B7EE006B41ECC5
:102A8000140B34EE400B31EE401B53EC152B024679
:102A900043EC172B04EE076B01EE076B06EE057B8C
:102AA00067E7B0EE460B45E7182D4454FB21E93F9C
:102AB000075C143326A6813C0000000000000000E3
:102AC000D47ABF74702AFB3EE9A7F0320FB8123FE8
:102AD00068108D1AF726303F735360DBCB75F3BE59
:102AE0001583E0FEC8DB573F93846EE9E326823FFF
:102AF000FE41B31BBAA1AB3FA69237A0887E143F1C
:102B00000165F2F2D844433F280356C9226D6D3F58
:102B100037D60684F464963F7AFE10111111C13F36
:102B2000635555555555D53FFFFF2F3E2794E53F3B
:102B300010EE902AC2F30A53114610B4C3B922F022
:102B4000004210EE103A1A4318D02B4C9FED267B12
:102B5000A04220EE070B10EE902AC2F30A53114652
:102B6000A3F136030DDAD00F5DF8044B00F048B83E
:102B700040F2FF72934204D130EE000B5DF8044B3B
:102B800070474CF25032904204DDC80F5DF8044BA0
:102B900000F04AB8184440F2FE739842F5DC002871
:102BA0000ADD21F0FF4121F4E00153EC102B41EA52
:102BB000005343EC102BE1E710F1350F01DAC80F99
:102BC000D2E721F0FF41363021F4E00153EC102B25
:102BD0009FED077B41EA005343EC102B20EE070BDF
:102BE000CCE700BFAFF300800000000000005043BE
:102BF000000000000000903CB03CFFFF000000001F
:102C00009FED050B9FED067B002800FE077B27EE5E
:102C1000000B7047AFF300800000000000001000C0
:102C200000000000000010809FED050B9FED067B6B
:102C3000002800FE077B27EE000B7047AFF30080F3
:102C4000FFFFFFFFFFFFEF7FFFFFFFFFFFFFEFFF34
:102C50009FED076BB7EE007B82B037EE067B8DED04
:102C6000007BDDE9002302B0704700BFAFF30080B6
:102C7000000000000000100070B5ADF50E7D0020D2
:102C800001A901F0FDF8044620B101463C480CF0D2
:102C90005FFD19E001461023019806AA0CF0EEFF33
:102CA000044610B101463748F1E79DF81F30012B6B
:102CB00005D142F24133BDF824209A4208D032486F
:102CC0000CF046FD6FF0150420460DF50E7D70BD2D
:102CD0009DF82630089E9B070AD52C482C4B81680E
:102CE00098474FF0FF314FF0FF300FF056FDF8E7F7
:102CF00031464FF480500AF093FE054618B931462C
:102D000024480CF025FD33462A46002101980CF09A
:102D1000B5FF044610B101461F48B8E701464FF41D
:102D200004720AA810F015F91C4BCDE903440B936B
:102D30001B4B1C490C931C4B02AA0D9301230AA8A0
:102D40008DF80C3003AB0594CDE98B5604F0A8FC4C
:102D5000044610B10146154899E702981449843099
:102D600004F070FC014628B912480CF0F1FC6FF039
:102D70000104A9E72246029804F04EFDA4E700BF33
:102D80002F5C0102515C01026F5C0102000B00220A
:102D900011200302865C0102A35C010201150102FD
:102DA0002B1501020B5D01023F150102C65C0102F9
:102DB000E45C0102E95C01027FB50BAB0593039370
:102DC000054B0222029300231846CDE9003300F0A0
:102DD000D3FD07B05DF804FB165D01022DE9F04F4D
:102DE00091B0009302F004030293C2F3C2030E46B3
:102DF000013381070546DDF868800392059340F0B2
:102E0000BC81041D30B1072E09D86FF01B0011B032
:102E1000BDE8F08F06F007063444C6F10806009BB3
:102E20004FF000094FF0040A591E4FF0FF334F4690
:102E30000193CB465346CDF810900DB10098206019
:102E40000598002800F3EB809948009A824203D34A
:102E500098488242C0F0E380039AA4EB050E9207E3
:102E60004FEA9E0000F106810F2F00F2B480002D82
:102E700000F0088107F140020DEB020C019A0CF8FA
:102E8000200C0CF8102C049801300490EAE07A2809
:102E900060D84B2810D847285CD829282FD8252857
:102EA00055D057D8A0F12302D2F1000C4CEB020C04
:102EB000202818BFE34675E04C382E284AD8DFE8B2
:102EC00000F07149494949494949494949494C49E9
:102ED000494949494949495A494C4C5A5A5A714CED
:102EE0006E497149184C18494983804C49494C49ED
:102EF000800000204FF0000B4FF0040A39E001225F
:102F0000A0F12A0C5FFA8CFC02FA0CFC1CEA0E0FF2
:102F100048D11CF062502ED11CEA020B42D0013C79
:102F20005444B4FBFAF40AFB04F4002D61D0A3EB83
:102F3000050CA444B4453FF668AF002868D1042BC3
:102F400047D158F8043B2360042304342AE0019A53
:102F5000013A01924FF0000B24E011F8010C6C28AB
:102F600034D1002011F8023C83466C2BC4D14FF0C1
:102F7000080A5346D3E708F1070828F00708073482
:102F800024F00704F8E802AB35B106982044B042BB
:102F90003FF63BAFC4E900AB4FF0000B08344FF0F5
:102FA000080A534611F8010F002878D0BBF1000F32
:102FB0007FF46DAF2528F5D14FF0010B019B013354
:102FC00001934FF0040AECE7584693E7002083464C
:102FD000A5E7082B02D06FF0150018E708F10708E5
:102FE00028F00708B8EC027B84ED007B0823083446
:102FF000D8E768B9042B02D108F10408A4E7082B2C
:10300000E9D108F1070828F0070808F10808EDE7FA
:1030100005980138059058F8040B00900DE7039AC5
:10302000900720D54FF0010CA4EB050E4FEA9E004F
:10303000BEF5007FCFD20F2FCDD8F5B107F14002FA
:103040000DEB020E019AC0B20EF8200C0EF8102CF7
:10305000BCF1000F3FF417AF60F07F000EF8200CBA
:1030600009F101090137C5F108024FF6DA7E04348F
:10307000069297E74FF0000CDAE7BCF1000F01D0A1
:103080000136EFE7029A0236002AEBD10098CDE92B
:103090000631FDF7F7FFDDE906310644E2E7631B81
:1030A000B3F5806F97D23DB9A6F10804E018AEE6FB
:1030B000D035010290990102029A9B0828602B707A
:1030C0009DF81030C2B1EB7085F80290B9F1000F95
:1030D00005D008A8C5F1010C7A1C013A0ED14FF0B9
:1030E000000AC5F101030DF1200801930DF1300B29
:1030F000574511D1601B8AE66B70E5E710F8013B7C
:103100001906EAD50CEB040EB64503F07F033FF633
:103110007CAE04F8013BE0E7B9F1000F03D098F969
:103120000020002A17DB029BD3B11AF80B2004F809
:10313000012B0022019B18191044B0423FF665AEE6
:1031400098F80000009904F8010B204603920FF054
:10315000D9FE039A14440AF1010A08F10108C7E7ED
:1031600098F8002055F822300093029B009845F80B
:103170002230FDF787FF421CDCE76FF00D0046E6CA
:103180002DE9F04F9BB00993249B0446C3F3C00381
:103190001746894690F802B00B9341B945780078FC
:1031A0000BEB800020444D4516D8A0EB0409E378D2
:1031B0000A93BBF1000F02D0249BDD0715D40A9BB4
:1031C000002B37D11FB149462046099AB8474E46D1
:1031D00030461BB0BDE8F08F461C3046FDF752FF6D
:1031E0000130304409F10109DDE722786368079274
:1031F0000893079B92000C9204EB8305002F40F08C
:10320000E880A84600274E4605EB0B09C84520D0AC
:1032100018F8013B54F82300FDF734FF259B0130DB
:1032200033B1269B9F423EBF259B23F817000137F1
:103230000644EBE7249B9807C4D523781D460793E3
:103240009B000C93636804EB85050893002F58D10D
:103250004E46249B5D4413F0050F0CBF4FF0020A4D
:103260004FF0010A0A9BDFF878B205EB4309249B73
:1032700003F0020307934D45AAD015F8021B15F879
:10328000013C54F82380D84502D3924B984519D37A
:103290000B9B23B308980CF030FA00B38E480368F8
:1032A00013F0060F0CD0089B049103938B4B01463F
:1032B0000293002302221846CDE90033FFF77CFD7C
:1032C000023ED8E70B9B23B108980CF016FA0028B1
:1032D000E4D1249BD90705D4A6EB0A06CBE7079BCC
:1032E000002BC8D04046FDF7CDFE259B3BB1269B69
:1032F0009F423FBF259A431C22F8173001370644EE
:10330000B9E7BBF1000F69D0249B13F0040868D023
:10331000D8464FF0000A16A85A4629460FF0F2FD8B
:103320000A9B5D445B000E930A9B05EB43030D93E0
:10333000249B03F002030F930D9BAB4253D100215A
:10334000249E637816F0020F03EB0A004FEA58023E
:1033500018BF0A4616F0010FC0B205D116F0040FCF
:10336000314614BF414600216070A170E2702046D2
:10337000099A0C990893B847061EFFF629AF079BD8
:1033800041462370089B099A63700A9B84F802B037
:10339000E37016A8B847B0F10008C0F297800C9B04
:1033A000A9EB0B01C91A0E9B2846099AC91AB847FE
:1033B0000028C0F28D80B04408EB00064FF00008F2
:1033C0000DF1480BC2455AD80021099A0846B84762
:1033D000FEE6DA464FF0000812A89DE7D846DA4626
:1033E0009EE7C2469CE715F8021B3D4B15F8016CA1
:1033F00054F826209A4202D3364B9A421AD30B9B9A
:1034000023B108980CF079F9002895D10F9BE3B906
:1034100008F1680308F101020DEB03001AAB08F193
:10342000020853FA82F200F8101C5FFA88F802F8DA
:10343000106C81E70B9B2BB108980CF05EF900280B
:103440007FF47AAF249BDA070AD50AF168030AF100
:1034500001020DEB030A0AF8206C5FFA82FA6BE7AF
:10346000249B5B077FF568AF08F1680308F1010250
:103470000DEB030808F8106C5FFA82F85CE718F8A7
:103480000B30259D54F823908DF8473035B1269B9D
:10349000984536BF2B46002533F818500121099A6C
:1034A0000DF14700B847002812DB064425B948460D
:1034B000FDF7E8FD451CADB229464846099AB847D4
:1034C000002805DB064408F101087BE746467FE655
:1034D00006467DE690990102A00A0022165D0102CF
:1034E000D0350102014B1860704700BF5005002223
:1034F00070B50446044E4518AC4200D170BD336827
:1035000014F8010B9847F7E75005002280B50546EF
:103510000E461746984609F07FFD034610F032F834
:103520000446DFF81890424649F8003039463046E4
:10353000A84754F8090003F007FD00BF1000000081
:10354000074B084A1A600022074B1A604FF46022AA
:10355000064B5A61BFF34F8FBFF36F8F704700BFA9
:103560006C35002200127A006835002200ED00E080
:103570002DE9F84F814630480F460CF03BFA0646DD
:1035800070B92E4C0546A0464FF0010ADFF8B0B0E6
:103590005C4507D3B9F1000F02D04FF0010AFDB925
:1035A000BDE8F88F237B83B12368DB680BB120462D
:1035B0009847636883F806A023681B6943B963686A
:1035C0000422204619680CF048FA01361034DFE76F
:1035D000204698470028F2D00AFA06F31D43F4E784
:1035E000A94695FAA5F4B4FA84F40AFA04F326017C
:1035F00008EB04146FEA030B25EA0305237B63B190
:1036000058F806301B698BB946447368042220467B
:10361000196809EA0B090CF020FA002DE1D11FB15D
:10362000642000210FF0B9F84D46B8E720469847CE
:103630000028F2D1E8E700BF78350022503F0102B0
:10364000603F010208B5034608462BB1044A1360E7
:1036500000F0FEFB002008BD6FF01500FBE700BF87
:10366000540500220023124A10B51370114A4FF47A
:103670007A711360104A11481360FFF7E3FF00F0FE
:103680009FF80F4B0F491C46CA1A0F3212090F310F
:103690008B4202F1010294BF10460120013800D193
:1036A00010BD1A1B5968121101320A711033F5E767
:1036B000F84900227035002274350022E5F9000235
:1036C000503F0102603F010270B50B4D297841B9AE
:1036D0000120FFF74DFF094C094EB44202D30123EC
:1036E0002B7070BD63685B791BB1236820469B68B3
:1036F00098471034F1E700BFF8490022503F01021B
:10370000603F0102014B1868704700BF743500220A
:1037100010B5044606480CF06DF93CB1054BD3E8F2
:10372000EF1F0139C3E8E21F002AF8D110BD00BF26
:1037300070350022743500222DE9F041164B054604
:103740001B689847154CDFF85880A860444501D3A2
:10375000BDE8F08163685B793BB129784B0706D5FA
:103760002368294620461B6898471034EEE7284610
:103770002E88C1F3C20700F0CFF9C6F382160246C5
:10378000002EEDD00028EBDB01233946204600F067
:10379000CBF8B042E9D3E3E754050022503F0102E1
:1037A000603F0102044A054B9B1AB1EBD30F34BFB3
:1037B00052F8310000207047B83E0102503F01022C
:1037C00000200B490B4B30B55B1ADB080A4C043167
:1037D0000133013B00D130BD11F83020256802F0E3
:1037E000070225F007052A4344F8042B0130F0E7CF
:1037F000B83E0102503F01029C0A0022F8B506467D
:1038000000240A4F0A4DED1BED08AC4203D14FF0E6
:10381000FF342046F8BD57F8340020B13146FDF79B
:103820001FFC0028F5D00134EFE700BFB83E0102CD
:10383000503F010200282DE9F047884615461F46F3
:103840001DDA4FF0000A5446DFF8A890254EA6EB8B
:1038500009063609B24509F1100902D12046BDE832
:10386000F08759F80C0C3B462A4641460079FFF791
:10387000E1FF844238BF04460AF1010AEAE71A4B25
:103880001A4AD21AB5EBD20F29D203EBC5031C7921
:10389000BC4228BF3C4607224FF0090E144EC0B26E
:1038A00000EB400056F82530824023EA020304F082
:1038B000070282401343032100224EF001E023FA65
:1038C00001F000F00700824238BF024603310FF0DA
:1038D0000BC023F00703134346F82530BEE700244E
:1038E000D9E700BF603F0102B83E0102503F01022C
:1038F0009C0A0022503F0102F8B506460F460024FC
:10390000074D084BED1AED08AC4200D3F8BD00217D
:1039100022B23B46304601340CF091F8A4B2F3E7F2
:10392000503F0102B83E010210B570B141680979FB
:1039300073B1002A17DBCBB20C4903EB430351F8F8
:103940002200D84000F0070010BD4FF0FF31EFE734
:103950000749084C1846641AB2EBD40FF4D201EBB5
:10396000C2010879F0E70420EEE700BF9C0A0022BC
:10397000B83E0102503F01022DE9F04F87B004AF7D
:103980000446D7E90EA90E46934698463D6BBAF118
:10399000000F22D0C7F80490CDF8009010215346B4
:1039A00000207A6BFFF71AFAB0F5006F014615D3C5
:1039B0001C490B6813F0060F0BD040F2FF73039302
:1039C000194B0222029300231846CDE900330CF074
:1039D000C7F80C37BD46BDE8F08F514604F0070428
:1039E0000BF0070BE40044EA8B1444EA412444EA58
:1039F000055417350D4425F00705ADEB050D04AD55
:103A0000BAF1000F07D0CDF8009053467A6B05F15C
:103A10001000FFF7E3F943462246314628460CF0F2
:103A20004FF8D6E7C40A0022035E01022DE9F04FE9
:103A3000C1F34A2691B00D469046079008930C0DAD
:103A4000002E5AD000274FF0040B4FF00A0A0BABA0
:103A500001933A460DAB31464046CDF808B0CDF85B
:103A600000A0CDE90D770F97FFF78AFBB0F5006F47
:103A7000B146034616D325490B6813F0060F0ED046
:103A800040F2FF730493D8F8043002220393204BD2
:103A90003846CDE9017300973B460CF061F811B050
:103AA000BDE8F08FC0F30A0604F11700184420F0B7
:103AB0000700800809930BF0BEFF66F35325044608
:103AC00080B1099B00F11001CDE90E370BABCDE9B8
:103AD00000A30D91404649460E4ACDF808B00DAB03
:103AE000FFF74EFB66F353252A462046089B0799AD
:103AF00011B0BDE8F04F0BF0E3BF04F1170020F068
:103B0000070080080BF097FF0446EBE7C40A002289
:103B10003B5E010295FA000243680548002BA3EBC7
:103B2000000040F38F0008BF4FF0FF30704700BF28
:103B30009C0A00220EB403B503AB53F8042B0146D4
:103B40000448019303F072FB02B05DF804EB03B08C
:103B5000704700BFDBFB0002CA0605D48B064CBFD2
:103B600002490349FFF7E6BF704700BF1E6201022A
:103B70007A5E01022DE9F04F87B09DF8446004465B
:103B80000D4690469946002E00F0A080159B03F04C
:103B9000020A03F001030493159B03F0080B03F4DE
:103BA000807305930BF049FF0246074620B120467B
:103BB0009349FFF7BFFF0746BAF1000F0AD0159BE4
:103BC00013F0440F33D12A4620468E49FFF7B2FF47
:103BD00003461F44049B53B18B4B8C4A53F8263049
:103BE0002046002B18BF1A468949FFF7A3FF059B03
:103BF000002B49D0BBF1000F65D14546B8F1000F4D
:103C000005D0424620468349FFF794FF0546129BA4
:103C10003D44002B69D1149B002B6FD1159BDB0712
:103C200000F1E78020461599FFF796FFD4E07A4B24
:103C3000186803460028CCD0784B4FF47A7A1B687A
:103C40004FF03C0CB5FBF3F5B5FBF0F14FF46163BD
:103C500000FB11550AFB05F5B1FBF3F2B5FBF0FED5
:103C600003FB121100FB1E55B1FBFCF30AFB05F52B
:103C7000B5FBF0F50CFB131120460091CDE901E5F1
:103C80006749FFF757FFA3E75D46BBF1000F07D079
:103C9000644B204653F826206349FFF74BFF054647
:103CA000B8F1000F05D0424620465A49FFF742FFBF
:103CB0000544B9F1000FAAD04A4620465B49FFF7F8
:103CC00039FF0544A3E74FF00009E1E7B9F1010F1F
:103CD000129B06D1002B66D1149B002B7CD00025B3
:103CE0000CE0002BF8D052485EE05248129B22466E
:103CF00051490BF0D1FC149B002B6AD0DFF84481B2
:103D0000DFF84491149F2046102F159928BF1027E3
:103D10004FF0000BFFF720FF5D4547DC139B494642
:103D200020461A78FFF706FF4FF0010B1BF0070F34
:103D300003D141462046FFF7FDFE5F453DD9139B69
:103D40004946204613F80B20FFF7F4FE0BF1010B58
:103D5000BBF1100FEAD14FF0000A20463749FFF7B8
:103D6000E9FE5246DFF8E4B0139B20469A5CA2F1CC
:103D700020015F2928BF2E225946FFF7DBFE0AF1FA
:103D8000010ABAF1100F1DD01AF0070F03D14146F6
:103D90002046FFF7CFFE57455246E5D8414620461C
:103DA000FFF7C8FEEBE7234835469FE7414620462C
:103DB000FFF7C0FE0BF1010BAEE720462049FFF7ED
:103DC000B9FEC3E7139B3B441393149BDB1B149373
:103DD00098D1002E7FF422AF6268A168D2E9002357
:103DE00020680BF0ECFE002263681A6007B0BDE8A3
:103DF000F08F2046054A0649FFF79CFE12E700BFF8
:103E0000825E0102865E0102FC4D01027D5E0102BE
:103E100038640102AB5E0102803500227C3500224D
:103E20008F5E0102104E0102AF5E0102B55E01021B
:103E3000F7FB0002DBFB00022D720002C45E0102F0
:103E4000C05E0102C25E0102BA5E0102556A010251
:103E5000002201230749884207D8002A08BF01230E
:103E6000054A1360054B18607047012240085B004B
:103E7000F1E700BF40420F007C3500228035002270
:103E800038B5124B0D461C68CCB1114B1A68002A8C
:103E900002F10103B8BF0123013B02D16FF0010021
:103EA00038BD224612F8101B814201D01446F3E7B8
:103EB000E0680EF016F828B100202C60F0E76FF0F3
:103EC0000C00EDE76FF01200EAE700BF5805002292
:103ED000244E010210B5044606F080F8034902465C
:103EE00020460CF07DF8002010BD00BFFD5E0102F1
:103EF00037B513460022054601920A21586801AAE7
:103F000001F0E2FC019C4CB90A2120EAE07080FB40
:103F100001010EF042FC204603B030BD2246284687
:103F200002490CF079F8019CF5E700BF295F010216
:103F300008B5034A03490CF053F8002008BD00BF40
:103F4000136001021A600102F7B517460023054607
:103F50000A2101AAB868019301F0B6FC1749C6B25C
:103F600028460CF04BF8019C44B1224628461449DF
:103F70000CF052F8019C204603B0F0BD042E09D984
:103F8000324628460F490CF047F828460CF083F8D3
:103F90000124F0E77868FFF731FC021E07DA2846B3
:103FA0007A6809490CF038F86FF01504E3E73346F6
:103FB0002146204612B20BF042FDDCE745600102CB
:103FC000AB600102D2600102E9600102002307B583
:103FD0000090694604488DF8043009F02FFA9DF8E6
:103FE000040003B05DF804FBA7FC000210B5044612
:103FF00005F0D6FF0749024620460BF0F1FF2046A8
:1040000005490BF0EDFF2146044809F031FA002084
:1040100010BD00BF41610102606101022140000248
:1040200070B58EB004460D46D0F89C600EF0E2FAF2
:1040300003460FF0A7FA214A214912589442214A17
:1040400018BF0A46181E204B204908BF18462346B1
:10405000009028460BF0C4FFD4E90A23CDE90023E1
:10406000284694F90E30227B19490BF0B9FF06A9B6
:104070002022204608F0AAFB636E02461549284616
:104080000BF0AEFF204605A90EF0D6FA024628B185
:10409000284611490BF0A4FF0EB070BD6422059BA9
:1040A0002846F11A4A43B2FBF6F20091CDE90162CB
:1040B0000A4932460BF094FFEEE700BF1000000003
:1040C000C25E0102A47501026A6101026D61010212
:1040D00079610102A5610102BC610102E96101028D
:1040E000F0B50025044691B0294608AF1C2209A866
:1040F0000EF02FFF134E1A22202138460EF029FF12
:104100002146114809F0B4F907AA4FF4006130467E
:104110000EF085FA6423079A2046C2F500614B43EE
:10412000DB0A05934FF400630097CDE90313CDE953
:10413000013206492B4632460BF052FF284611B099
:10414000F0BD00BF58D20022514100023A62010284
:1041500070B504460D46D0F89C6088B007A90EF0F3
:104160006BFA024628B128460F490BF039FF08B018
:1041700070BD20460EF03EFA6422079B0028A6EB95
:10418000030101FB02F2B2FBF6F2CDE90131CDE908
:104190000362064B224618BF03460549284600968F
:1041A0000BF01EFFE3E700BFBC6101026A61010280
:1041B0008362010238B51346054610220021586873
:1041C00009F080FD0446FFF701FF38B92246284672
:1041D0000D490BF021FF6FF0150038BD0FF0D2F93B
:1041E0000A4B1B589C4204D1284609490BF014FF86
:1041F000F1E7204608F0A0FC2846224605490BF0CE
:10420000EFFE0020E9E700BFE762010210000000B6
:10421000026301022A63010238B5134605461022E3
:104220000021586809F04EFD0446FFF7CFFE38B96B
:10423000224628460D490BF0EFFE6FF0150038BD01
:104240000FF0A0F90A4B1B589C4204D1284609499B
:104250000BF0E2FEF1E7204608F074FD2846224606
:1042600005490BF0BDFE0020E9E700BFE76201024F
:1042700010000000616301028763010238B5134634
:10428000054610220021586809F01CFD0446FFF77E
:104290009DFE38B9224628460D490BF0BDFE6FF051
:1042A000150038BD0FF06EF90A4B1B589C4204D123
:1042B000284609490BF0B0FEF1E7204602F044FE23
:1042C0002846224605490BF08BFE0020E9E700BF97
:1042D000E762010210000000BB630102E06301021B
:1042E0002DE9F04F87B00446684607F051FB2423C0
:1042F000009F082103FB0077264A20460BF063FE4F
:10430000DFF8ACA0009DDFF8ACB0BD4203D30020C5
:1043100007B0BDE8F08F2B680BB11A7832B92B4685
:1043200014211D4A01A809F003FC01AB52460821E3
:1043300020460BF048FE28460DF0D3FD0028174B11
:104340004FF0080108BF5B462046154A0BF03BFEC4
:104350002B6AA3B11E6896B1336883B10821204649
:10436000104A0BF030FEB1464FF0000833680E4A99
:10437000434506D8082120460C4A0BF024FE24357C
:10438000C3E70821204659F8043F0BF01CFE08F152
:104390000108EBE72764010231640102186401029D
:1043A000B46A01023B640102376401021E62010229
:1043B000366401021E6401022DE9F041144688466C
:1043C000074610220021606809F07CFCB8F1020F5A
:1043D000064607D8202308213846244A0BF0F3FD6F
:1043E000336816E00A220021A06809F06BFCC5B210
:1043F0002B46082138461D4A0BF0E5FDB8F1030FA6
:104400001AD1102D0CD0202DEAD0082D0BD13378E5
:10441000DBB208213846164A0BF0D5FD002009E032
:1044200033889BB2F5E738460821124A0BF0CBFDE2
:104430006FF01500BDE8F08110220021E06809F05E
:1044400041FC0821034604460B4A38460BF0BBFDED
:10445000102D06D0202D07D0082DE4D1E4B2347001
:10446000DCE7A4B23480D9E73460D7E77C6401028A
:10447000A764010291640102B864010200232DE9DE
:10448000F04F91464FF0FF35012287B00193504B1A
:10449000074688461A60202602F086FF2C46DFF881
:1044A0004CA149465246404602F0A2FF411C06D1AB
:1044B0006A1C41D1474938460BF0AEFD17E073281E
:1044C0001AD0772828D0612811D1DFF824B1102123
:1044D000DBF8000001AA01F0F7F9019B0546002B6B
:1044E000DFD0DBF800203C4938460BF095FD6FF03B
:1044F000150007B0BDE8F08FDFF8F4B00021DBF85D
:10450000000001AA01F0E0F9019B0446002BC8D08D
:10451000DBF800203149E7E7DFF8D4B00021DBF811
:10452000000001AA01F0D0F9019B0646002BB8D08B
:10453000DBF800202A49D7E7631C01D12949BAE7F3
:104540005FFA86F8C6F3C406002C3FD002AB2946BA
:104550001A46A6EB050C0CE0B8F1100F1DD0B8F10F
:10456000200F20D0B8F1080F2AD1087818703144F4
:104570003344A64203D80CEB01001028ECD9102CD0
:10458000A14628BF4FF0100929464B46384601F096
:104590006BF81035A4EB0904D6E7088880B21870D0
:1045A000000A5870E3E708684FEA102E187083F885
:1045B00001E04FEA104E000E83F802E0D870D6E713
:1045C00008213846084A0BF0FEFC90E7204690E7A9
:1045D000CC0500220D650102CC640102DF640102FA
:1045E000F26401022A65010291640102066501027A
:1045F0003447002270B50F4E04460D46337871B132
:1046000023B10D49BDE870400BF006BD01233370A6
:1046100020460A490BF0E4FC0123337004E083F0E8
:1046200001033370002BF3D129462046BDE87040CA
:104630000BF051BDF9490022446501027F6501027A
:1046400070B504463F480378182B02D10B78112B24
:1046500030D00B46551E013A25D14B5D0A780370C8
:10466000A2F13003092B384C04D922F02003413B3E
:10467000052B04D823683549CA54013323602368C5
:10468000022B3BD110220021304809F01BFB304A9D
:10469000136803F8010B13602E4A1368013313608B
:1046A000002323602AE013F8016B182ED3D11E7863
:1046B000112ED0D1274D20462A6827490BF090FCB7
:1046C00000212046FFF796FF244B1E78B6B92B68D1
:1046D00023495A1E9208002B02F10102CCBF144656
:1046E00001240868013C0AD10EB108602B6013F068
:1046F00003020BD10A6813681BBA136070BD02680D
:10470000012612BA40F8042B043BEBE75B4203F0AE
:10471000030352EA43B3022B04D10A6813885BBA3D
:104720009BB2EAE7032BE9D1086802681104C2F3DF
:10473000074301F47F010B4302F47F4213430360FC
:10474000DCE700BFFA49002284350022FC49002240
:104750009035002288350022A9650102FB4900221C
:104760008C3500222DE9F84F0023064615460C46ED
:104770002949DFF8BC800B602849DFF8B890DFF8E2
:10478000B8B088F800300B60012C2F4655F804AF04
:104790001ED90222494650460EF096FC80B99AF87E
:1047A0000220003A18BF01229244504602221C49BE
:1047B0000EF08AFC30B9012388F80030013CE3E7B1
:1047C0000022F1E749465046FCF74AFCA8B90437F5
:1047D00000227868114609F075FA0022114B114643
:1047E0001860786809F06EFA0F4B1049186030466F
:1047F000FFF700FF0020BDE8F88F9AF800202D2A6F
:10480000E6D19AF80120002AE2D0524659463046B5
:104810000BF0E6FBD2E700BF84350022883500228A
:10482000C6650102903500228C3500224146000207
:10483000FB490022C3650102C96501027FB50BABCC
:1048400005930393054B0222029300231846CDE9FA
:104850000033FFF791F807B05DF804FB2B67010206
:1048600007B50A480DF03DFB60B10423084A0093E8
:10487000126801230549074800F05CFF002003B0DF
:104880005DF804FB6FF01200F9E700BF343A010253
:10489000F04E0102E048010210B54468C4E900127C
:1048A000A36042684021134653F8404B5163536262
:1048B000002302F13801C2E904130821C2E90A33D6
:1048C000C2E9063313631162C2F8B830A36823B19A
:1048D0009B6C13B1204604499847A3689B6A0BB1AF
:1048E00020469847002010BDED4800022DE9F04712
:1048F00005460C4686B083685B6C03B19847AB688D
:104900005B6B73BB4FF0000A04F1240804F1280923
:10491000218E238D626B5B1A9BB2D31A934228BF00
:1049200013464946404605AA0AF0A6FF0646002857
:1049300044D0AB6805999B69002B33D002462846CA
:104940009847074688B33A46494640460AF0CBFFA7
:10495000B7424FF0010ADBD00020D4E9013198477B
:1049600003E0284698470028CCD1AB685B6A002B4F
:104970003BD1628BE38A04F110079B1A226A9BB237
:10498000934204F11A0828BF13464146384605AA47
:104990000AF072FF064678BB28460BF09AF9C4F875
:1049A000B86035E06FF05707CDE70246494640460C
:1049B0000AF099FFBAF1000FD7D0CDE718490B687C
:1049C00013F0060F07D0174B0222CDE90103009028
:1049D0000346FFF733FFAB689B69002BEAD0012247
:1049E00028460DF113019847E4E728469847002828
:1049F000BFD106B0BDE8F087AB6805995B6963B1CC
:104A00000246284698470246414638460AF06BFF60
:104A1000D4E9013101209847EBE76FF05702F3E743
:104A2000E00A00222B67010210B5044681681831A4
:104A300001F0B8F9A1682046BDE81040014A1831DC
:104A400001F056B96D67010238B58368044603F575
:104A500080539B6FDB071FD4C0690CF028F8606897
:104A600003685B689847054620B9E0680CF077F961
:104A7000A3681D75A3685B6C13B12946204698474F
:104A800000220EF07FFDA36803F58053C3F82021B8
:104A9000034B185802F058FA6FF00F05EAE700BF11
:104AA0001000000001490BF090B900BF1E62010226
:104AB000F7B5044680680D4600F580539B6F5A0792
:104AC00005D500210BF0CBF9E0680CF01AF9E3688A
:104AD000DB6873B9002D3CD0A66806F1560738464E
:104AE0000BF080F9002836D0394606F65600FCF760
:104AF000C1FAA2682946E0680DF1060356320CF0AF
:104B000003F958B9A06800F656015630FCF7B2FA1E
:104B1000A06856300BF066F9ADF8060020460BF0A1
:104B2000D0FDA36803F580535B6F9B0603D50B494B
:104B300060690BF04AF9204600F02EFFA268BDF82C
:104B400006302046A2F85230A268A2F850300BF08E
:104B50001DFD03B0F0BD86F85608CAE7704A010291
:104B60002DE9F04FA7B004465422002111A80EF001
:104B7000F0F90023CDE90533A368204656330293AC
:104B80000BF0A6FD20460BF0E9FC10B96069FFF7B9
:104B900089FF00264FF0FF37B246B3463546B1468F
:104BA000A0681422002118300EF0D3F920460BF033
:104BB0007AFCA168E068B1F8502056310CF0DBF8BF
:104BC00020460CF071F90DF144080396DDE9053239
:104BD000012A6DD0132B6ED85FBBBBF1000F0AD03A
:104BE00020460CF082F91423A26811A956320DEB6D
:104BF00003000BF0D8FAB9F1000F0CD099F811307E
:104C0000FE2B08D1059B26AA02EB830252F8542CF6
:104C10000AB101330593A068059D436A002B40F05B
:104C2000B780CEB1C3699E422DD00D9600F1180514
:104C300024E002234146029A06A80BF0B4FAD8F801
:104C4000042006990346029231B101290AD148B1E4
:104C50006D4A20460BF0EBFD6FF00705284627B0A4
:104C6000BDE8F08F059B002B34D0D8F8000001F090
:104C7000B9F898B166B1A5680D9618350CAE0FCE8F
:104C80000FC533682B602046FFF7CEFE0125E5E710
:104C90005E4A012120460BF0CAFDDDE7059BCBB142
:104CA00029462046D8F8002001F046FA022809D10A
:104CB000059B132B91D9069B022B8ED10121544BBE
:104CC000544AC6E7032805D0059B4FF0010B01337A
:104CD00005937BE7039B33B94846D8F8001007AA31
:104CE0000BF058FB054608F10408013F002D3BD0AE
:104CF000EB68BBF1000F08D0F3B120460BF0E8FCE5
:104D000020460BF043FC444AC3E7ABB1AE46A36870
:104D1000DDF814A003F1180CBEE80F00ACE80F009A
:104D2000DEF80030CCF80030AB682BB96B7CFE2B82
:104D300004BF2F7C07F1FF37D5F804C0A946BCF1AA
:104D4000000F08D0AE460CAEBEE80F000FC6DEF86E
:104D5000003033606646069B17B9022B7FF436AFEE
:104D6000059B0133059331E7059B13B101230393A1
:104D7000F1E7A368DB6A13B1DB68002BF6D1274BA0
:104D8000012100932046119B254A0BF050FDEDE7D1
:104D900090F82830A5EB0A05BBB14FF6FF7190F8EB
:104DA0002920FF2A08BF0A469D4202D313449D4290
:104DB0000BD98369012120461A4A0BF038FD2046A1
:104DC000FFF732FE6FF0150548E741F20C1601219E
:104DD0000BF039F8A06830440BF05CF8A36811AA16
:104DE000294602EB8A0220465B6A98470546A0687E
:104DF0004FF0FF324FF0FF3330440AF0E4FF002160
:104E0000A0680BF020F829E77B6701028F67010299
:104E1000F067010204610102AD670102DC67010273
:104E2000E16A010214680102022210B58368044697
:104E30001A7583689B6CCBB90AF0A4FF836803F5ED
:104E400080539B6FDB040CD50321094B094A0BF0FF
:104E5000EEFCA0686FF4805100F5835018300AF022
:104E6000A7FF2046BDE8104000F024BF10BD00BFE2
:104E70002F680102386401022DE9F04F0446806872
:104E8000012100F58350B1B018300AF086FFA36805
:104E90001B7D022B20D100230993A36860689E6CC0
:104EA00003681D6909AB16B310221BA9A847099B0B
:104EB00093B10121A0680AF0C6FF2046099A1BA9F8
:104EC000B0470021A0680AF0BEFFA3689B6C002BCE
:104ED000E3D12046FFF7A8FF6FF00101A06800F5BD
:104EE0008350183031B0BDE8F04F0AF061BF0122A5
:104EF0000DF12301A847099B002BEDD09DF923203C
:104F00009DF82330002AA068C7DB427D032A00F207
:104F10000683DFE812F0040083029B0204030D2BDA
:104F200000F5805266D00A2B44D0B2F87810092BD5
:104F30006FF3CA01A2F8781071D02AD8002B00F0C4
:104F40000681082BA06800F0F181024602F580502E
:104F5000426F920740F1FB80013B162B00F2F78075
:104F6000DFE813F0C402040208020002BE021A02C3
:104F7000F500F500F500F5001E022202F5003702EB
:104F8000F5003C02F500F500F500F5003E02F500E5
:104F900054021B2BA0683FD07F2B00F0D481A3F1DB
:104FA00020015E290246D1D801210AF058FF9DF860
:104FB0002310BAE0916FC1F3C70121B1916FC1F322
:104FC000C7010A29C1D1B2F8781063F3CA01A2F867
:104FD0007810A568B5F85010B1B928460AF03FFF1F
:104FE000E0680BF08EFE6069FFF75CFD2046FFF77E
:104FF0001BFF52E7916FC1F3C7010029E3D0916F06
:10500000C1F3C7010D29DDE72046FFF7A9FD05F52E
:105010008055C5F82401E9E70123437597E0A068AE
:1050200000F580535B6F9B0740F1918001210AF0EE
:1050300016FF40F2FF73A068B0F850209A4200F0CB
:1050400086800025B0F8522000F1560100F6560087
:105050000DF058FFA3681BA9B3F852200BA8134406
:1050600083F85658A268142302F656020BF09BF8F8
:105070000B9914296BD830AB03EB810343F8545CD4
:10508000A368B3F85220002A53D0134493F8553044
:10509000202B02D0093B042B4BD800294CD10025F2
:1050A0000A950A9B30AA02EB830353F854AC0026FE
:1050B00050460AF097FEB3468146B0463746394619
:1050C000284616AA00F0C6FB0346002843D1012E4D
:1050D00069D10A9B30AA02EB830353F8540C0AF0FF
:1050E00081FEA268064641462846183200F0B2FB0F
:1050F000056828460AF076FE864205D0821B92B2E9
:105100002046A9190BF0DCFBA068B0F8523003442C
:1051100093F85630202B35D0093B042B32D900F5BB
:1051200080535B6FDF0732D42021204600F088FDDA
:105130000DE00129B3D9013900200CAB0093019097
:105140000AAB1BAA0BF051F905460028A9D16069EA
:105150000AF0C7FFA1E61B684A465146184603936A
:105160000DF0B2FF60B9039B1846FBF78BFF584563
:1051700038BF5846002E08BFB8461FFA80FB0136DC
:1051800001379CE7012120460BF034FADFE70021CC
:105190000AF070FE2021204600F052FD0121A06897
:1051A0000AF068FED3E70490D1D90A9A30AB03EB3A
:1051B000820252F8543CC146184603930AF012FE8C
:1051C000049BA2680590A2F840300496A268494664
:1051D0002846183200F03EFB039BD0F800A009F1EE
:1051E00001094BB1BAF1000F06D019465046059A95
:1051F0000DF06AFF0028E9D1A168BAF1000F52D181
:10520000A1F840A0049B013B0493DFD16069FFF744
:1052100049FC204600F04EFD0A9B30AA02EB8303B6
:1052200053F8540C0AF0DEFD414611AA0746284601
:1052300000F010FB08F1010B8046A068D8F80010C0
:1052400040F2FF7200F656000DF050FFD8F80090C3
:105250004FF6FF785946284616AA0BF1010A00F0CE
:10526000F9FA002855D000234FF6FF71A268D0F854
:1052700000C002F6550212F801EF1CF80300704559
:1052800004D118B1013903F10103F4D10FB1BB42CC
:1052900007DB4345A8BF4346013E012E1FFA83F8B2
:1052A00037D0D346D6E79F4806910AF09BFD069972
:1052B00000EB0B074A8FBFB2121A92FBF7F250466F
:1052C00092B2079106920AF08DFD07993F1AB1F844
:1052D0004000069A00F1010CA1F840C0B0FBF2F1C9
:1052E00002FB110080B2BFB260B9062120468D4B8F
:1052F0008D4ACDF800A00BF09AFA3946204600F00E
:1053000035FB7FE7534606212046884A0BF08FFA8B
:10531000F3E7B8F1000F3FF41AAFA8EB07022046FD
:1053200092B209EB07010BF0CBFA10E700F58053BE
:105330005B6F9E077FF50BAF01210AF090FD2046C1
:105340000BF0DFFA03E700F580535B6F9D077FF5F5
:10535000FEAE01210AF083FDA36803F580535B6F65
:105360001907ECD420460BF0ADFAF0E620460BF01E
:10537000B8F9ECE620460BF0ABF920460BF0EEF85E
:1053800010B96069FFF78EFBA06801210AF067FD84
:105390002046FFF749FDDAE620460BF0ABF9D6E6EA
:1053A00020460BF0B2F9D2E6436F9F0603D5604961
:1053B00060690AF00AFDA36803F580535B6F9E06DF
:1053C00003D55C4960690AF000FD204600F072FCDC
:1053D000BDE600212046FFF76BFBB8E60121F9E7A7
:1053E00020460BF06EF920460AF0CCFC0121A068A3
:1053F0000AF035FDA36803F580535B6F9D067FF5CA
:10540000A6AE4D4960690AF0E0FCA0E6204600F037
:1054100041FB0121A0680AF022FD98E65B2B01D137
:105420000223FAE500F58050426F900706D5622B03
:1054300008D14FF0FF3120460BF005F90022A36898
:105440005A7584E6662BF9D10121F4E700224275F2
:10545000A26802F58051496F89077FF51EAD313B87
:105460001B2B3FF674AE01A151F823F0E954000262
:10547000F55400020B550002DD5400024F510002AA
:105480004F5100024F5100024F5100024F51000294
:105490004F5100024F5100024F5100024F51000284
:1054A0004F5100024F5100024F510002DD530002E4
:1054B000D3530002995300026D5300024F51000272
:1054C000E15400024F510002ED5400024F5100021E
:1054D0004F5100024F510002F9540002032353754B
:1054E00020460BF0F5F832E60323537520460BF007
:1054F000E8F82CE603235375A06800F58053596F34
:1055000001F0010181F001014AE603235375A3680C
:1055100003F580535B6F9B077FF519AE22E70023ED
:105520007BE500BFC15E01027368010238640102BD
:10553000754A01027A4A0102704A01022DE9F843D4
:1055400004468068154600F583501830002938D08D
:105550004FF480410AF021FCA3680021DD646068FB
:1055600003689B689847002852D120460AF0ABFC9C
:1055700000284DD1274E284FDFF8A480A06800F501
:1055800085501C304FF0FF324FF0FF33032108F0FD
:10559000C7F9054641F20C19A068BDB14FF4FA7283
:1055A000002348440AF00FFC90BB20462B46012103
:1055B0001A4A0BF03CF9A0684844BDE8F8430AF0E9
:1055C00069BC6FF480410AF0F3FBC5E74FF0FF338D
:1055D0004FF0FF3248440AF0F6FB324602212046E3
:1055E0000AF05AFC3A46294620460AF055FC204665
:1055F000424601210AF050FC606803685B6903B110
:105600009847A06800F588500C300AF043FCB5E7D5
:10561000BDE8F883494A0002794E00027968010228
:10562000F5FD000210B504460A490AF0D9FC2046EF
:1056300009490AF0D5FC204608490AF0D1FC204669
:1056400007490AF0CDFC20460021064A00F050FB35
:10565000002010BD90680102CE6801022D69010290
:10566000816901021B6A0102F8B51E4617460A4607
:10567000294904460AF0B4FC3EB320463A7827494B
:105680000AF0AEFC01256A0703D1204624490AF03E
:10569000A7FCAE421ED920467A5D20490AF0A0FC44
:1056A0000135102DEFD120461E490AF099FCB6B9FC
:1056B00020461B490AF094FC0125AE422B4610D827
:1056C000204617490AF08CFC15E0204616490AF0DE
:1056D00087FC0125204614490AF082FCE0E70025FA
:1056E0002B46FA5C2046A2F120035F2B28BF2E2216
:1056F0000E490AF075FC0135102D06D06B07DCD180
:10570000204607490AF06CFCD7E72046BDE8F84080
:1057100007490AF065BC00BF316A0102BA5E0102A6
:10572000C25E0102C45E0102C05E0102556A01024E
:10573000658E01022DE9F04704468068984600F521
:1057400080538946D3F82011154688B0002965D1C9
:1057500041F228120DF0FDFBE0680BF084FBA0681D
:1057600000F588500C3041F2BC070CF08BFD41F283
:105770007C06BA46A06830440DF094FBA068002275
:1057800083190121384410360DF05EFB564507F1B0
:105790001407EFD10026A36902211E60A06866F3FA
:1057A000820500F5835018300AF0F7FA5022A368FA
:1057B00020465A871822A3681A8721680AF03AFC03
:1057C000A368494603F580535D676068154A03681E
:1057D0001D682346A8470546E0B90122A3681A754B
:1057E000D4E90A0100220023CDE906230E23039306
:1057F000109B4FF40062CDE9018304950A4B00949D
:1058000007F090F8A36803F58053C3F82001616A9C
:1058100006F0CCFF284608B0BDE8F0876FF07705AA
:10582000F8E700BF27FE00023D55000210B5044610
:1058300013460A460146064801F0F8FC23691B7925
:1058400023B12046BDE810400AF04BBC10BD00BF9C
:10585000FB00010238B50B46154648B91449154AF4
:10586000521AB3EB920F05D251F82350284638BD97
:1058700084680CB90025F9E70F4A94420AD30F4A0D
:10588000944207D218462946226890472B68002B7D
:10589000ECD1EFE70A4A944202D30A4A944205D374
:1058A000246814225343E518E358F0E70133F8E77E
:1058B0001049010240490102584A0102604A0102AE
:1058C00040490102584A0102F7B5037804462D2BDE
:1058D000164605D16FF015030020336003B0F0BD0C
:1058E0000DF050FE002305460A4F0A46C35101A998
:1058F000204608F0E7F9EB59222B02D16FF0210383
:10590000EAE7002BE6D1019BA342E3D01B78002BF2
:10591000E4D0DFE714000000836803F580535B6F79
:105920009B0603D5024940690AF0F8BD704700BFE5
:10593000804A010201490AF0F1BD00BF1E62010266
:105940000A1E0EDC0FD04223816801F58051496F99
:10595000890608D5002A04494069B8BF52420AF0B6
:10596000DDBD4123F0E77047516A01020A1E0EDCDB
:105970000FD04423816801F58051496F890608D50D
:10598000002A04494069B8BF52420AF0C7BD432308
:10599000F0E77047516A01022DE9F0478568044637
:1059A00005F15600FBF76EFB0023984695F83C7016
:1059B000DFF8589086B2A268558FED1BB54209DB1F
:1059C000002E1FDD563360690F491A44BDE8F047C9
:1059D0000AF0A4BD1D442A4492F856A082F85680CD
:1059E000A26856331A44494660690AF097FDA368D5
:1059F0002B4483F856A0A3685B8FDB1BF61A0027A5
:105A00002B46D8E7BDE8F087386401020461010243
:105A100008290A4618D8836893F83E10914213D09B
:105A200083F83E208368082A03F580535B6F05D016
:105A3000990609D5054940690AF070BD9B0603D552
:105A4000034940690AF06ABD704700BF586A010205
:105A5000854A010238B50D4609780446FFF7D8FF9C
:105A60006A78072A12D8A36893F83F1091420DD0A4
:105A700083F83F20A36803F580535B6F9B0605D531
:105A800060690349BDE838400AF048BD38BD00BF31
:105A9000616A0102F8B583680446B3F85020002A11
:105AA00057D0B3F85210002953D0553103F15605A1
:105AB0000B441846A84206D3014611F80169202E6E
:105AC0003ED0A8423ED286B29DB2AB1B9BB2591CBF
:105AD000471CD21A014438460DF021FAA268711B06
:105AE000B2F85030204613FA81F3A2F85030A36880
:105AF00009B2B3F850201344002283F856200AF06C
:105B000079FDA36803F580535B6F9A0603D51149AD
:105B100060690AF003FD3B46082120460E4A0AF060
:105B200086FE2046FFF7F8FEA36803F580535B6FFF
:105B30009B060ED560690949BDE8F8400AF0EEBC45
:105B40000846B7E7014611F80169202EBBD0084688
:105B5000B7E7F8BD8A4A0102386401028E4A0102A1
:105B60002DE9F84F04460F4690460AB1FFF7D4FEE0
:105B7000A66806F580535B6FB6F852505B0724D5D4
:105B800005F156003044FBF77DFA0546294EB5B9BC
:105B9000A368B3F85020A3F85220A0680AF0CBFC09
:105BA00030B1B8F1000F00D017B16069FFF7C2FE45
:105BB00079422046BDE8F84F09B20AF01BBD3146D4
:105BC00060690AF0ABFC013DE1E73046FBF75AFAA9
:105BD000B6F85090738F19FA80F915FA80F0B0FB7F
:105BE000F3F2B9FBF3F39A42AA461BD0124D484593
:105BF000A368CDDA5A8F461CB0FBF2F302FB130305
:105C000013B96069FFF796FEA368204653442A46FD
:105C1000082193F856300AF1010B0AF008FEDA4623
:105C20003046E4E7563508212046044A73190AF045
:105C3000FEFDADE7A4750102556A01023864010258
:105C400013B583688DF8071003F58052526F044630
:105C5000D00725D5B3F85210B3F850208A421FD090
:105C6000481C9DF80720A3F852000B4483F85620E7
:105C7000A36803F58053596F89070FD55B6F60697F
:105C800013F0040F18BF2A2209490AF047FC2046E6
:105C90000AF064FC10B16069FFF74CFE02B010BD61
:105CA000012220460DF107010AF0CEFDF6E700BF04
:105CB000556A010210B5044683680221084A0AF0B9
:105CC000B6FDA36803F580535B6F9B0707D520469D
:105CD000FFF762FE2046BDE810400AF066BC10BD2A
:105CE0003864010201490AF0EBBE00BF1E620102E6
:105CF0002DE9F04F0E460021044617460D4689B0A7
:105D0000304603AA01F10108FFF7A4FDB0B995B12F
:105D100027B13A46082120460AF089FD00211E4F8E
:105D2000DFF87890DFF878A0304603AA01F1010887
:105D3000FFF790FD68B909B0BDE8F08F0068034631
:105D400010B1FBF79FF983B29D4238BF1D46414613
:105D5000D6E703688BB11A787AB1D0F804B04A4616
:105D6000CDE9005308213B4620460AF060FDBBF117
:105D7000000F04D16069FFF7B5FF4146D4E75246F2
:105D800020463B4608210AF052FDAA1D59462046EE
:105D900092B20AF0A2FEF0E77F6A01026A6A01028B
:105DA000B55E0102F7B50F6805460E463C461FB1C9
:105DB0003846FBF767F984B2084B28460093082160
:105DC0003B46074A0AF033FD2846E21C716892B24E
:105DD00003B0BDE8F0400AF080BE00BF7B6A01025C
:105DE0007468010210B507490446FBF739F938B168
:105DF00020460549FBF734F9B0FA80F0400910BDA0
:105E00000120FCE7716A0102746A010210B583681F
:105E1000044603F580535B6F9B0603D50549406933
:105E20000AF0DAFE5022A36800205A871822A368DD
:105E30001A8710BD924A010208B5836902491A689F
:105E40000AF0CEF8002008BD826A01022DE9F34174
:105E50000D4905460AF0C4F800220C4C0C4EDFF840
:105E60003480B44202F1010703D3002002B0BDE840
:105E7000F081636A92B20093A368414628460AF013
:105E8000AFF830343A46ECE7926A0102E04801028A
:105E900010490102AA6A010208B502490AF0CAF8CB
:105EA000002008BD1F62010273B5044600250D4E97
:105EB000A2680DF106030121E06802F656020AF01D
:105EC00023FFBDF80600A36840B12A4631462046AC
:105ED00003F656030AF084F80135E9E783F856081B
:105EE00002B070BDBB6A010210B504460AF0E9F8C1
:105EF0000349024620460AF073F8002010BD00BF97
:105F0000BF650102022907B50BD153680C49009304
:105F100012680C4B0AF080F86FF0150003B05DF8C2
:105F200004FB8368084A03F580535B6F074913F04D
:105F3000020F074B18BF1A460AF052F80020EDE78F
:105F4000DE6A0102C96A0102C56A0102E76A01024A
:105F5000C48D010210B58368044603F580535B6F5E
:105F60009A0603D5074940690AF036FEA36803F58F
:105F700080535B6F9B0603D5034960690AF02CFED2
:105F8000002010BD994A01029E4A0102F0B5012984
:105F9000044685B00AD05368614900931268614B8A
:105FA0000AF03AF86FF0150005B0F0BD836803F50C
:105FB00080535B6F990603D55B4940690AF00CFE7C
:105FC00000256FF0F9012046FFF7BAFCFA212046C0
:105FD000FFF7CCFCA0684FF40062294600F656009B
:105FE0008DF80B500CF0B5FF504960690AF0F4FDD4
:105FF00060690AF076F84FF47A76606801220368E7
:106000000DF10B011F6903ABB847039BF3B9013EC8
:106010004FF47A70B6B20BF054FF002EEDD1A368A6
:1060200003F580535B6F9B0603D5414960690AF015
:10603000D3FD5022A36820465A871822A3683D4901
:106040001A8709F0DBFF6FF00700ADE79DF80B2022
:10605000A3681B2A57D093F856181B29CDD1522A72
:1060600051D15A19002382F85638A66896F8572855
:106070005B2A33D1022740F2FE7006F6570515F869
:10608000012F39463B2A07F10107BFB229D140F25F
:10609000FF729142C3D001F6560116FA81F0002139
:1060A000D21B92B2013210F8015F1DBBFA2928BF42
:1060B000FA21FA2B28BFFA2386F85658A26851878E
:1060C000A2681387A36803F580535B6F9A0603D514
:1060D000174960690AF080FD002065E786F85638A8
:1060E0009DE703EB8303303A02EB4302013893B29E
:1060F000C5D194E701EB8101303D05EB4105013A43
:10610000A9B2D0D18BE72B440135ADB2092D83F86C
:1061100056287FF672AF0022A36883F856287EE7E0
:10612000DE6A0102C96A0102A44A0102326B01025D
:10613000A84A0102F86A01022DE9F04F0746154608
:10614000894689B021B110460AF093FE00285BD140
:10615000032455E029460AF656000CF0F9FF0646DE
:10616000002856D0FAF78EFF82B2601C3146013209
:1061700030440CF0D4FE2246594630460CF0C2FEA4
:106180004FF020033355BAF8543008F101080133B9
:106190001C44AAF85440002401994B1C484603AA09
:1061A0000193FFF757FB0646F8B1002228463168F5
:1061B0000BF0D1F80028EFD1D6F800B0D7F808A03E
:1061C0005C46BBF1000F03D05846FAF75BFF84B280
:1061D000BAF854302344B3F5006FBBDB2B460321E0
:1061E00038460D4A0AF023FB0124B8F1000F07D00E
:1061F000B8682A4600F1540100F656000AF0A3F8E8
:10620000204609B0BDE8F08F4FF000080224414657
:10621000C3E70224E9E700BFE86F01022DE9F04778
:10622000D0F808901D46A4B0D9F80C3080460F462F
:10623000164698470368802B11D924490B685C07E0
:1062400008D0234B0293002301221846CDE90033E6
:106250000AF05BFE6FF0150024B0BDE8F087002E59
:1062600005DA1A490B685807F4D01A4BEAE746EAF0
:1062700005045A1E14400ED014490A685207E9D08A
:106280000393154B0122029300231846CDE90033F6
:106290000AF03BFEDEE78022394604A80CF059FEE6
:1062A0002046AC42D8D2A5EB040ABAF1800F28BF31
:1062B0004FF0800A40465346D9F8047004AA3119B9
:1062C000B8470028C8DB5444EBE700BFA80A002207
:1062D0003A700102607001027D7001022DE9F04FF9
:1062E00080460C468DB000297DD04C4E336858074F
:1062F00032D000258B68012205934B682846049311
:106300000B6831460393464BCDE9005502932B466B
:106310000AF097FE336859071ED06369012205937E
:10632000236931460493E368284603933D4B009567
:10633000CDE901532B460AF084FE33685A070BD08F
:10634000E36901220393384B3146CDE901532846D6
:106350002B4600950AF075FE00252746A946DFF872
:10636000D8A0DFF8B8B033685B0718D0FB6A012209
:106370000A93EB1C0993BB6A59460893AB1C07931D
:106380007B6A06936B1C05933B6ACDE9019ACDE9C4
:1063900003530023CDF8009018460AF052FE04354E
:1063A000102D07F11007DED1336858071BD00025E8
:1063B000236E1A4903931D4B0122029328462B4654
:1063C000CDE900550AF03DFE336859070BD0A369AB
:1063D00001220393164B2846CDE901530F492B4662
:1063E00000950AF02EFEB8F1010F10D1EFF30583EE
:1063F0000A490A6852070AD0103B03930D4B4246E4
:10640000029300231846CDE900330AF01AFE214614
:1064100040460DB0BDE8F04F05F030BBCC0A00227D
:10642000B5700102E470010213710102657101028D
:1064300074710102A27101022271010230BFFFF7E3
:10644000FDBF00BF2DE9F04105460B4EDFF830805F
:10645000324606EB0807CC1B204608490CF052FDDB
:10646000A01942460021083C0CF073FDC5F8A84075
:1064700007F10800BDE8F08108000000604A010251
:10648000080000002DE9F04F9B4653688FB006933B
:106490004B699146DBF81C208246884607930AF038
:1064A000C5FF0AAB04464A4641465046D9F800505B
:1064B0000BF012F80AAB074680B1B8490B685E07CB
:1064C00008D0B74B0122029300231846CDE90033D0
:1064D0000AF0D2FD38460FB0BDE8F08F9DF83420A9
:1064E00002F00F02032A01BF2820BDF83620D8F899
:1064F000B410424307BFD8F830608A58D8F82C60EF
:106500000A9A009316444B4641465046CDE9016B2A
:1065100009AA02F05DF8074670B1A0490B685D0753
:10652000D8D0A04B01220293002303961846CDE950
:1065300000330AF0A1FDCDE79DF81800621932285A
:1065400000F2778101A353F820F000BFD564000268
:106550002166000219660002A36600023368000289
:1065600033680002336800023368000233680002B7
:1065700033680002E76600023368000233680002F5
:106580003368000233680002336800023368000297
:106590003368000233680002336800023368000287
:1065A0002F6800022F68000225680002336800028D
:1065B000336800023368000233680002216600027B
:1065C00021660002E76600023368000233680002B9
:1065D0003368000233680002336800023368000247
:1065E0003368000219660002336800024D6600023B
:1065F000336800025F660002AB660002AB66000211
:10660000AB660002AB660002B9670002B967000220
:10661000B9670002B96700026359099A13441CE084
:106620006FF07C4EDDF824C06159ACEB0203080228
:1066300003EBA01303F100700138704580F08680F1
:10664000C3F3970301F07F410B4306E06259564BB9
:10665000134043F0D07343F4704363513AE7099811
:106660006159A0EB020C41F31E03634413F1804F08
:1066700012D54A490B685C070BD005904B4BCDE90E
:1066800003620293002301221846CDE900330AF089
:10669000F3FC6FF007071DE723F0004301F0004112
:1066A000D2E7099B9A1A6359B8E761590B09C1F3FC
:1066B0000B0603F470433343099E06FA83F3A0F1FB
:1066C0002D06012E0CD92C28394A08BF1B140A406C
:1066D000C3F30B011B010A4303F470231343BCE70C
:1066E0009B1A2E28F0E740F6FE78605B51884FEA4F
:1066F000902E4FEA0E6308EA410803F0807343EAE4
:106700000803DFF8B080DDF824C008EA003843EA67
:1067100008038EEA51386FEA08088EEAD12E6FEA34
:106720000E0E08F0010843EAC8536FF07E480EF0E1
:10673000010E43EA8E5343F31803ACEB020E73448D
:1067400003F1FF1E0EF57F4EC64506D313490B68B5
:1067500058079ED0CDF814C090E7C3F3093C00F46D
:106760007840C3F300664CEA000040EA862060539C
:1067700001F45041C3F34A00014383F40000C0F325
:10678000C05083F480037040C3F3805341EA40312A
:10679000734041EAC32353809CE600BFA40A002251
:1067A000B5710102D87101020F0000F0F27101020F
:1067B00000F0E0FF00F03F0034F805C051884FEAD8
:1067C0000C334FEA4C0606F400669BB233439678CE
:1067D00033430E0906F4E0663343099E06FA83F359
:1067E000A0F13106012E1AD9302808BF1B145E080B
:1067F000C3F3033006F480662CF4816C30432CF034
:10680000070C40EA0C0C01F40F41D8B21B01014304
:1068100003F4E043194324F805C051805AE69B1A5B
:106820003228E2E76359079A1A44134615E7099B91
:1068300013E708490B685B073FF42BAF064B039047
:106840000293002301221846CDE900330AF014FC1C
:106850001FE700BFA40A002222720102054B9A69B9
:106860009B689A421FBF044A536843F080535360A9
:10687000704700BFB049002200ED00E07FB54D4CED
:10688000064623680D46580709D04B4B0122029358
:10689000002321461846CDE900330AF0FDFB474BA3
:1068A0009B6AD90640F1838023685A0709D0444B7C
:1068B0000122029300233F491846CDE900330AF034
:1068C000EBFB11203D4B9B6A1B070DD52368590735
:1068D00009D03C4B01220293002336491846CDE9EA
:1068E00000330AF0D9FB1220344B9B6A9A0726D555
:1068F00023685B0709D0344B0122029300232D4902
:106900001846CDE900330AF0C7FB2C4B5A6B9B6A43
:10691000180613D5236859070AD02C4B039202930B
:10692000002301221846CDE9003322490AF0B4FBC6
:1069300026B1224A936A23F08003936213201F4BEF
:106940009B6ADA070DD523685B0709D0204B01222B
:106950000293002317491846CDE900330AF09CFB47
:106960001420164B9B6A9E060DD52368580709D044
:10697000184B0122029300230E491846CDE900333B
:106980000AF08AFB15200D4B9A6AD10658BF9A6A05
:106990009A6A920642BF5A6A22F400525A629A6A6E
:1069A00042F0FF029A6200232B7004B070BD1020E9
:1069B00088E700BFCC0A00223E72010200ED00E031
:1069C00054720102877201029A720102B2720102CC
:1069D000C8720102E77201027FB5504C0646236877
:1069E0000D46580709D04E4B012202930023214641
:1069F0001846CDE900330AF04FFB4A4B9B6AD90495
:106A000078D523685A0709D0474B01220293002307
:106A100042491846CDE900330AF03EFB1720414BAE
:106A20009B6A1B050DD52368590709D03F4B0122EE
:106A30000293002339491846CDE900330AF02CFBB4
:106A40001820384B9B6A9A0526D523685B0709D026
:106A5000374B01220293002330491846CDE9003319
:106A60000AF01AFB2F4B9A6B9B6A180413D5236804
:106A700059070AD02F4B0392029300230122184694
:106A8000CDE9003325490AF007FB26B1254A936A70
:106A900023F4004393621920224B9B6A5B050DD5BA
:106AA00023685E0709D0244B0122029300231B496F
:106AB0001846CDE900330AF0EFFA1A20194A936A12
:106AC00013F4807318D02368580709D01B4B012298
:106AD0000293002311491846CDE900330AF0DCFA8D
:106AE0001B20104A936A43F47F43936200232B7068
:106AF00004B070BD162092E7926A9104F1D5226825
:106B0000520708D00E4A1846CDE901320349012246
:106B100000930AF0C1FA1C20E3E700BFCC0A002270
:106B20001673010200ED00E02C730102877201026E
:106B30003D730102567301026B73010286730102F9
:106B4000E77201021FB54C4C2368580709D04B4B24
:106B500001220293002321461846CDE900330AF0B2
:106B60009BFA474B9B6A990140F1838023685A073F
:106B700009D0444B0122029300233F491846CDE936
:106B800000330AF089FA1E203D4B9B6ADB010DD5CC
:106B90002368580709D03C4B012202930023364951
:106BA0001846CDE900330AF077FA1F20344B9B6A70
:106BB000D9020DD523685A0709D0344B012202931C
:106BC00000232D491846CDE900330AF065FA20204C
:106BD0002B4B9B6A1B030DD52368580709D02C4B00
:106BE00001220293002324491846CDE900330AF01C
:106BF00053FA2120224B9B6A59030DD523685A076B
:106C000009D0244B0122029300231B491846CDE9E9
:106C100000330AF041FA2220194B9B6A9B030DD5E1
:106C20002368590709D01C4B012202930023124903
:106C30001846CDE900330AF02FFA2320104B9B6A47
:106C4000DA030DD523685B0709D0144B01220293A8
:106C5000002309491846CDE900330AF01DFA242023
:106C6000074A936A6FEA03436FEA1343936204B0DF
:106C700010BD1D2088E700BFCC0A00229E730102D0
:106C800000ED00E0B6730102C9730102E373010273
:106C90000D7401022B740102507401026A74010226
:106CA000F0B5814B06465F68A3B00023C7F3080424
:106CB00083F31188BFF36F8F02F07F40B0F17F4FF5
:106CC0000FD102F00C0008281BD178490A68500740
:106CD00007D0774A1846CDE90132009301220AF025
:106CE000DBF900252E4600238DF81F30E31E092B0B
:106CF00000F2BC80DFE803F00BA6AAA2BABABABAC7
:106D0000BAAE120746BF0E461D460125EBE7674C9B
:106D100023685F0709D0674B0122029300232146B5
:106D20001846CDE900330AF0B7F900215E488DF826
:106D30001F10C36A13F002030ED02368580709D04E
:106D40005D4B0091CDE901130B46012257491846CE
:106D50000AF0A2F900244AE0C26A002A07DA22688F
:106D60005207F7D0554A0093CDE90132EDE7C26AE8
:106D70005700EFD52268500708D0514A1846CDE990
:106D800001324A49012200930AF086F9464BB16963
:106D90005A6942F480725A61BFF34F8FBFF36F8F0D
:106DA0005A6931F8021C22F480725A61BFF34F8F86
:106DB000BFF36F8F4DF60272914208D09A6AD2B239
:106DC00072B301200DF11F01FFF758FD38E0236871
:106DD00059070BD03368012203933A4B334902938E
:106DE00000231846CDE900330AF056F934689DF8BF
:106DF0001F309BB96822314608A80CF083F80F9B1E
:106E0000002D4BD0C3F3080222B96FEA53236FEA77
:106E100043230F93204608A9FFF760FA23B0F0BD83
:106E20009A6A12F47F4F05D001200DF11F01FFF780
:106E3000D3FD05E09B6AB3F5803F8BD3FFF782FE5D
:106E40000446D4E700200DF11F01BDE700200DF13D
:106E50001F01ECE715490B685A073FF47BAF1A4B4B
:106E6000012202930023CDE9003370E70F490B683C
:106E70005B073FF46FAF154A17F4F87F144B18BF48
:106E80001346103CCDE90334124B01220293002338
:106E90001846CDE900330AF0FFF85BE723F4FF73EF
:106EA00023F00103B5E700BF00ED00E0CC0A0022AB
:106EB000C3740102EE740102057501022675010218
:106EC00034750102537501026F750102AA74010243
:106ED0009574010293750102044B5A6942F0100245
:106EE0005A615A6922F008025A61704700ED00E0C9
:106EF000EFF30880EFF3098101B57246FFF7D0FE8A
:106F000001BD00BF0E4880F30888102080F311886F
:106F10000C484FF0AA014FF400620BF037F8094813
:106F20004FF40061401880F30988EFF314800221C8
:106F3000084380F31488BFF36F8F00F0AFF80000B0
:106F4000985B012258D20022084B9B6883420BD1E8
:106F5000EFF3058343B1064B5A6842F080525A6002
:106F60005A6A22F400425A6206F05CB8B049002224
:106F700000ED00E021498A6882F8F5E04FF030002A
:106F80001044EFF3098C80E8F01F1EF0100F03D1BE
:106F900002F1B40080EC108A102080F31288BFF355
:106FA0006F8F174F4FF000668A698A603E60D2F893
:106FB000A800144C206092F9F5E0D2F8AC00002350
:106FC000C2F8AC3080F311881EF0100F03D00023FC
:106FD000E1EE103A03E002F1B40090EC108AEFF316
:106FE000148323F0040383F31488BFF36F8F02F13B
:106FF000300090E8F01F8CF309887047B0490022F8
:1070000004ED00E0204700221EF0040F0CBFEFF358
:107010000880EFF30980816911F8021C0229FFD072
:1070200001B572460AF01DF801BD00BF40B200284C
:1070300007DB01234109034A00F01F00834042F8A7
:107040002130704700E100E040B200280CDB012253
:107050000649430900F01F008240203341F82320F5
:10706000BFF34F8FBFF36F8F704700BF00E100E0A9
:1070700040B2002801F10101ACBF00F16040064BB5
:107080004FEA0111C9B2ABBF00F5614000F00F003B
:1070900080F800131954704714ED00E0144A08B545
:1070A000144B22F07F029A60BFF34F8FBFF36F8FB4
:1070B000D3F8882022F47002C3F88820D3F88820FF
:1070C00042F4A002C3F888204FF04042C3F83422B3
:1070D000BFF34F8FBFF36F8F4FF48023E1EE103A71
:1070E00004F0BAFD06F0E8F900F07CF804F0F8FDD1
:1070F0000000000200ED00E042F8203C009B0D493A
:1071000042F81C3C019B21F0010142F8183C029B13
:1071100042F8081C42F8143C4FF0807342F8043CDB
:107120000023C0F8AC304FF47D43203A0265C0F82C
:10713000F43070470D350002104B9B6883421AD122
:10714000EFF30580B8B9EFF31181102282F31288B2
:10715000BFF36F8F1A7B22F002021A73EFF31483CE
:1071600023F0040383F31488BFF36F8F81F3118836
:10717000BFF36F8F70476FF015007047B049002262
:107180000E4615464FF4802300B5E1EE103AEFF3BA
:10719000148323F0040383F31488BFF36F8FBFF3CA
:1071A0006F8F094BD0F8A8209860084B1A602C46C6
:1071B00086F309880020064B9847204600210022CC
:1071C0000023044C204700BFB04900222047002282
:1071D000C71001020D3500021022014B1A617047E1
:1071E00000ED00E000B54FF0600E002310214EF0DE
:1071F00001E00448C21882F8001301330FF007C001
:107200005DF804FB00E100E008B5EFF30583064AF2
:10721000103B02EBC30152F8330049688847BDE8D0
:107220000840FFF71BBB00BFE83A0102F0B587B08A
:1072300007460E4614460021102268461D460BF0F4
:1072400088FE02238DF80230054B2A462146684607
:10725000CDE90476019306F035FE07B0F0BD00BF1E
:10726000EF10010208B5024B1B689847002008BDCB
:1072700024470022034B044A1860937843F002032A
:1072800093707047244700229005002208B50548F6
:1072900008F05EFA002383F31188BFF36F8F042395
:1072A000184602DFA675010208B50649064821F016
:1072B0000701C1F1085202F5602208F093F900209D
:1072C00008BD00BFE7E40122284700224FF0FF324B
:1072D0004FF0FF33014804F081BE00BFA00500223B
:1072E000014804F0F3BE00BFA005002238B50546F2
:1072F000FFF7ECFF2A460821074808F05CF804462F
:1073000028B925B10CF03EF90C22044B1A50FFF7B6
:10731000E7FF204638BD00BF2847002214000000C8
:1073200038B504460D46FFF7D1FF21462B4608220B
:10733000074808F0B4F8044628B925B10CF022F942
:107340000C22044B1A50FFF7CBFF204638BD00BF7C
:10735000284700221400000010B50446FFF7B6FFCE
:107360002146034807F0DDFFBDE81040FFF7B8BF36
:107370002847002270B5A0FB01543CB92846FFF70E
:10738000B5FF064640B90026304670BD0CF0FAF84D
:107390000C22044B1A50F6E72A4621460BF0D9FD81
:1073A000F2E700BF1400000008B500F0B7F80122B2
:1073B00000230949C0E9002241610849C0E90233BC
:1073C0000A60074903610A60064A1360064A1360AF
:1073D000064A136008BD00BF1F620102D0050022EB
:1073E000CC0500223C4700223847002234470022C7
:1073F0002DE9F04107460E46154600F08FF8C368A8
:1074000004461BB943691A78002A41D10023E3607E
:107410006368BB4256F8232008DB324B6361204689
:1074200000F062F84FF0FF30BDE8F081511C61615F
:1074300092F80080B8F12D0FEFD1911C6161517865
:107440002D29A16004D192786AB901336360E4E721
:1074500049B9244B4146284663610BF028FE0028B9
:10746000DDD0C4F80880D4F80880284641460BF0E7
:107470001EFEB8F13A0F636900D070B91B7813B9DA
:10748000636801336360204600F02EF83F20CBE7AD
:107490005A1C42611B788360E5E742783A2A0BD098
:1074A000002222611B7813B96368013363602046B0
:1074B00000F01AF8A068B7E718786268094928B997
:1074C00001329742626004DD56F82230C4E904318B
:1074D000EAE761612D7820463A2DD5D100F004F815
:1074E0002846A1E71F6201020268074B1A60426842
:1074F000064B1A608268064B1A60C268054B1A6018
:107500000269054B1A607047D0050022CC050022A5
:107510003C47002238470022344700220048704789
:10752000B4050022014804F0D1BD00BFD4050022FB
:107530002DE9F04184B005460E4604AF00231A46FB
:1075400001F082F9041E11DA1E490B685A0709D0AE
:107550001D4B01220293002303941846CDE900330A
:1075600009F0FCFE2046BD46BDE8F08124F003038F
:10757000DA1D22F00702ADEB020D0DF110082846CE
:107580004246314601F060F9051E05DB0025A408DE
:10759000A54211DB0024E5E70A490B685B0709D027
:1075A0000A4B01220293002303951846CDE90033CC
:1075B00009F0D4FE2C46D5E758F825309847013518
:1075C000E6E700BFB80A0022B6750102D3750102D2
:1075D00038B505464FF0FF334FF0FF32084804F04E
:1075E000FDFC084B1C682CB10F222946201D0BF016
:1075F0006BFD18B9FFF796FF204638BD2468F2E707
:10760000D405002240470022F8B506460F464FF049
:10761000FF334FF0FF32094804F0E0FC084B1D68CF
:1076200025B92C46FFF77EFF2046F8BD394628468F
:10763000B04704460028F5D12D68F1E7D4050022B3
:10764000404700222DE9F0410E46044690B1002546
:107650000768AF4211D1002409E00835BD4206D2C7
:1076600031462868F9F7FCFC0028F6D16C68204602
:10767000BDE8F081084D094FF0E76368314653F8E3
:10768000350003EBC508F9F7EBFC10B9D8F8044056
:10769000EDE70135DDE700BF603F0102E048010290
:1076A0002DE9FF410546084614460F469846FFF768
:1076B0008FFF20604FF0FF324FF0FF33264804F079
:1076C0008DFC266856B1D6F88C506B1CC6F88C30F1
:1076D000FFF728FF284604B0BDE8F0810023002210
:1076E000BC211E480AF0B2FC0346206068B91C4960
:1076F0000A68520706D01B4A0090CDE90102012218
:1077000009F02CFE6FF00B05E2E7014642462846E1
:1077100000F0A4F9051E05DA216810480AF0A0FC63
:107720002660D5E720680F22394604300BF0DEFCD6
:107730002368DE742268D2F88C300133C2F88C30B2
:107740002368094A1E60516811B9C2E90033BFE7D6
:107750000B605360BCE700BFD4050022000B002281
:10776000B80A0022F47501024047002270B50646AF
:1077700004684FF0FF334FF0FF32244804F02EFC32
:10778000D4F88C305D1E012BC4F88C5003D0FFF769
:10779000C9FE284670BD00211D4B1A6852B19442A3
:1077A00030D1226841BB59681A608C4200D15A60BE
:1077B00000232360204609F081FE00233360FFF799
:1077C000B1FE94F8B83023B1D4F8B41011480AF0DF
:1077D00047FC204600F006F9D4F880100D480AF066
:1077E0003FFCD4F888100B480AF03AFC09482146BF
:1077F0000AF036FC0020CDE70A605A68944208BFC0
:107800005960D5E711461268C8E700BFD4050022C9
:1078100040470022000B00227FB504460D46164665
:1078200009F0B7FD00280FDA0E490A68520709D09F
:107830000D4B03900293002301221846CDE900333B
:1078400009F08CFD04B070BD3046A847204609F011
:10785000A3FD0028F6DA03490B685B07F2D0034B5F
:107860000390E7E7B80A00221D7601023F76010285
:107870007FB50BAB05930393054B012202930023C5
:107880001846CDE90033FCF777F807B05DF804FB44
:107890006A7601022DE9F04F9B46282300F1480645
:1078A00003FB0266756981460F46144687B035B3FF
:1078B00001EB8208D6F820A0C8F84C507368082B5A
:1078C00022D0C368316943B9C8F814309BF801303D
:1078D000002B58D06FF00D0612E09847C8F814003E
:1078E0000028F3D0B0FBFAF30AFB130018B19BF8A1
:1078F0000130002B47D000233C4484F84030002660
:10790000304607B0BDE8F08F9BF80130002B3AD02D
:1079100000230C44C8F81430EFE7B96F2944B96765
:107920001D4673687269082B05D100210BF011FB0D
:1079300001233C44E1E7B36892469B07D6F810B0B8
:1079400008D5F669002132460BF003FB3544B344F9
:10795000AAEB060A59464846D9F808309847064621
:1079600040B9524629464846D9F804309847064659
:107970000028DDD0D8F8141017480AF071FB002356
:10798000C8F81430BCE7BAF1200F4FF0000338BF3D
:107990004FF0200A00221F3525F01F05CDE90023F6
:1079A00051462A460C480AF010FB0346C8F814005A
:1079B0000028B2D109490A68520709D0084ACDE91E
:1079C00004A4CDE90132039501220093FFF750FF93
:1079D0006FF00B0694E700BF000B0022B80A0022EC
:1079E0006A7601022DE9F0414FF000080A4F00F1DC
:1079F0003F0600F1140500F1400416F8013F2BB1D9
:107A0000384629680AF02CFBC5F800800435A542E9
:107A1000F3D1BDE8F08100BF000B00220146002237
:107A2000002301480AF012BB000B002210B5D0F869
:107A3000003204466BB18B6FD1F8B020A3EBC203C8
:107A40008B67D0F8001204480AF00AFB0023C4F840
:107A50000032002010BD00BF000B00222DE9F04FC6
:107A6000002A99B04FF000060D4611AB044618BF2E
:107A700013460127BC2231462846CDE911660B93F7
:107A800013968DF844700BF064FA2368C4F8006212
:107A9000A3B120469847834680B1B0490B68580788
:107AA00000F0CF80AE4BCDF80CB0CDE9016333468A
:107AB00000960122184609F0A9FCC2E000212046E8
:107AC00009F09DFC834668B1A4490B685A073DD074
:107AD000A44B029300230122CDE90033184609F09C
:107AE00095FC33E004F1140634223146204609F0B7
:107AF00084FC834628B199490B685B0726D09A4BD2
:107B0000E7E70422304699490BF09AFA074680B11C
:107B100092490B685F0717D0954B01220393954B51
:107B20005846CDE901B310230093334609F06EFCAB
:107B30000AE0A38C23F00202012A1FFA82F819D06E
:107B400086490A6856070DD16FF0070B83490B6809
:107B5000580776D0884BCDF80CB002930023CDE9BE
:107B60000033A6E70393854BCDE9017301223B4621
:107B70000097DBE7B4F84230282B06D077490A6833
:107B80005207E1D003937E4BEEE7B4F84460C5F8AA
:107B9000B060F6003046FFF741FF0346C4F800022C
:107BA00078B96E490A68570702D16FF00B0BCDE721
:107BB000744A0396CDE901320093424609F026FC4F
:107BC000F3E7AB6F0B213344AB6738463B46D5F840
:107BD000B0209A4250D82046616B09F012FC06464C
:107BE000C5F8B400002852D0002385F8B83004F15D
:107BF00048034FF4DC7200211846B4F846900D9308
:107C00000BF0A7F94FF0000E4FF0FF3AF0464FF09F
:107C1000280BD5F8B030734501D9032F73D1D4F8B0
:107C200064313BB1D4F83C3123B1D4F81431002B8A
:107C300040F0F780494F3B685A0740F0D5806FF01D
:107C4000070B002629462046FFF7F0FED5F88010E6
:107C50004D480AF005FAC5E91F66BBF1000F00F0B8
:107C6000C2832846FFF7BEFED5F8881046480AF0C2
:107C7000F7F9C5E92166B6E3D4F8002202F833101B
:107C8000D4F8002202EBC302506001339FE72822A0
:107C90004FF00108D5F8B03085F8B88002FB03F941
:107CA0004846FFF7BBFE0346C5F8B40040B92B4970
:107CB0000A6852073FF479AF344ACDF80C9079E75F
:107CC0002046616B09F09BFB834658B123490B6842
:107CD0005B073FF43BAF2E4BCDE901634246334691
:107CE0000096FBE64A462046D5F8B41009F085FB1D
:107CF000834600283FF47BAF18490B685F073FF4C9
:107D000025AF244BE8E7D5F8B4600BFB0E6673682B
:107D1000022B1ED1A38C012B16D1B24604F5887C10
:107D2000BAE80F00ACE80F00BAE80F00ACE80F00AB
:107D300005229AE803008CE80300D4F8003203F827
:107D40000820D6F818A001370EF1010E08F1080836
:107D50005FE70B2B20D1A38C032BDDE7B80A0022B1
:107D6000A0760102C5760102E3760102277B0102BB
:107D7000FD76010238640102F37701021F770102E8
:107D80003C7701025B770102000B0022847701023D
:107D9000B1770102D4770102032BD5D1F14511D17E
:107DA0000FCE04F5B07CACE80F000FCEACE80F00AE
:107DB000072296E803008CE80300D4F8003203F8A9
:107DC0000820C0E7D645BFD10FCE04F59C7CACE8B7
:107DD0000F000FCEACE80F0096E803008CE803001C
:107DE0000622D4F80032EAE70026994B01220293DA
:107DF000394633463046CDE9006609F007FB3B685B
:107E00005B073FF41CAF6FF007030393914B012214
:107E1000CDE90163394633463046009609F0F6FA5B
:107E20000DE7294620460B9A09F0B9FA834660BB54
:107E30008046D5F8B030434530D8224623464FF02F
:107E4000000C0B27D96C002900F05F81D86D002849
:107E500000F05B81996EB4F824E09E6D0139BEF1AB
:107E6000030F01EA060140F04B81D3F854E071455D
:107E700040F2428178490B685F0700F0BA80774B87
:107E8000CDF80CC002930023CAE073490B68580771
:107E90003FF4D7AE724BCDF80CB05EE62823D4F891
:107EA000009203FB08F319F83810D5F8B4200B2919
:107EB00002EB03074FEAC80AD3582A6B1FD1D31825
:107EC0007E68184667490C93F9F7CAF8012E0BD063
:107ED000083E082E11D8082E0FD8DFE806F04A0E0B
:107EE0000E0E0E0E39133D00BB685A073CD4DB075B
:107EF00036D4002818BF022607E000283DD008F13C
:107F0000010896E7002818BF0A2608BF0426BB68A8
:107F10009807F4D579690029F1D0A6F10802022A60
:107F20002DD87B6A042B01D1890728D04A490B68D8
:107F30005A075ED00C9BCDF8108003934A4B0293F6
:107F4000002301221846CDE9003309F05FFA50E022
:107F5000002818BF0926D8E7002818BF0826D4E74C
:107F6000002818BF0126D0E7B0FA80F67609B600DF
:107F7000CDE7002818BF0326C7E70426C7E709F89E
:107F80000A604FF028090D9B09FB06390B9B5B68C3
:107F90006BB9D9F804308BB94FF00A0E4EF001E0FE
:107FA00057F8043B49F8043B0FF007C0A7E73846F1
:107FB0000E9298470E9A0028EBD0A0E7B868D9F83F
:107FC000081080EA010313F007031DD0224F3B681D
:107FD0005B070ED00C9B0390CDE90413234B0122C9
:107FE0000293002339461846CDE90033069609F07E
:107FF0000DFA6FF0070B18490B685E073FF421AECE
:108000001B4BCDF80CB0A8E5032E10D0D2B2022A3B
:1080100034D811490A685707EBD0164A03960292E2
:1080200001221846CDE9003309F0F0F9E1E70A49E9
:108030000A68500700F05D810F4A1846CDE9013209
:108040000093012209F0E2F96FF0850BD3E700BF3E
:10805000197801024E780102B80A00227E790102E5
:108060007A780102A5780102B3780102D278010280
:10807000207A01023879010209790102B4F824E07A
:10808000D7F80CC0BEF1030FD9F80CA03869D9F8A5
:1080900010100ED1ACEB0A0E421A964509D0AB492E
:1080A00008684207A5D00C9A04960392A84A029247
:1080B00047E781420A4628BF02467B693E6A184468
:1080C000D9F81430C9F81020194488422CBFC2EBEB
:1080D0000002C2EB0102D9F82030D44594BFC9F8A0
:1080E0000CC0C9F80CA0C9F814209E422CBFC9F8D6
:1080F0002060C9F8203002E7AEEB010EC3F854E06F
:10810000761A08449E65D8655966013F0CF1010C4A
:1081100003F128037FF496AE0021CDE90C11013163
:10812000084613460C9E013E0E960B287FD10B2964
:1081300002F12802F1D12821D5F8B0305B4500F2D8
:10814000C380294620460B9A09F03BF98346002854
:1081500040F0D280D4F82471D4F834913F09E86714
:10816000D4F8208105D082460AF1010A574500F370
:10817000CC80EE6FF6003046FFF750FC0346C5F8A2
:108180008000002840F0EC8070490A68520740F0F7
:1081900032816FF00B0B54E50D9E042E42D0042863
:1081A00000F08F80A68C032E39D1166DB70736D517
:1081B0009E6FB60733D5566ED2F85480D3F88C70C4
:1081C00008EB0609DE6F3744B94507D80EEB080AFD
:1081D0000AF1FF3A574507D9B94520D10CEB060AF9
:1081E0000AF1FF3AD1451AD858490B685A073FF4AB
:1081F00000AFF04408F1FF336644CDE90493013E3B
:108200000C9BCDE907760393524B06900293002313
:1082100001221846CDE9003309F0F8F8E9E60D9E91
:10822000032E1FD1013028337FE704202833D66C7A
:10823000002EF7D0D2F85CE0BEF1000FF2D05E6FF6
:10824000002EEFD0D3F884C0BCF1000FEAD00E9E10
:10825000012EA1D8042834D0A68C032E02D1166D8D
:10826000B607A5D40328E0D0D2F85880566ED3F8CC
:108270008090D3F88C7046444F44BE4207D80EEB32
:10828000080A0AF1FF3A574507D9BE42CAD10CEB9A
:10829000090A0AF1FF3A5645C4D82C490B685B0716
:1082A0003FF4A7AECC440CF1FF33C644CDE90773CD
:1082B0000EF1FF33CDE904630C9B06900393264B2C
:1082C000A4E705202833B2E7D4F8003203EBCB0053
:1082D00013F83B300B2B09D0D5F8B42001FB034336
:1082E00001FB0B229B6D1269D31A43600BF1010B4A
:1082F00022E76FF0850BA4E414490B6858073FF49C
:10830000A0AC164BCDF80CB027E4C844414620463B
:1083100009F075F80646002840F03A814A462046A2
:1083200014A909F06AF80646002840F031819DF84A
:108330005C3003F00F02013A012A3FF615AF1B092A
:10834000012B02BFEB6F0133EB670DE7B80A002288
:108350004C790102A1790102DE790102437A01021E
:10836000324600210AF0F5FDAB6F3344AB67D4F819
:1083700034310D93D4E948231B090C920F9345D156
:108380000B9B1B78002B40F0C680D4F8FC00C30880
:108390000728C5F8843013D920F007006E6AFFF76C
:1083A0003DFB0346C5F88800002800F0C780002781
:1083B00008360B9B5A78D5F884309F42C0F0C880AD
:1083C0000B9B5B7813B9284609F016F80B9B1B7AB8
:1083D000002B3FF436ACD5F88010754809F040FE0C
:1083E0000023C5E91F3323690BB12046984758463F
:1083F00019B0BDE8F08F6FF00B0203926D4ACDE922
:1084000001320093012209F001F8C2E60027BA46C2
:108410000F9B0AF1010A5345B2DDDDE90C3213442A
:10842000194620460C9308F0EAFF002840F0AE8081
:1084300020460D9A14A908F0E0FF002840F0A6801D
:108440009DF85C30BDF85E9003F00F02013A012AFE
:10845000DED81B09012BDBD1B9F1000FD8D0FB000E
:1084600014990E93EB6AD5F880200B4442F837300C
:108470002822D5F8B43002FB09380B9BD8F80C60E1
:108480005B789BB10B9B5B6863B9A38C0E9A012B45
:1084900018BF0026D5F880301344159A32445A602C
:1084A0000137B5E7404698470028EED04A462946AE
:1084B000204608F0BBFF034600BB2046D8F810104A
:1084C00008F09FFF0346C8B93B490A6857070BD11C
:1084D0006FF0850B38490B685E073FF4B2AB374B42
:1084E000CDF80CB0FFF739BB354ACDF80C90CDE98B
:1084F00001020090012208F089FFE9E7A28C0E99A1
:10850000012AD5F880205FEA06B60A44159931445D
:108510000B445360C4E7294620460B9A00F0D8F874
:10852000064600283FF431AF23490B68580702D1B3
:10853000B346FFF786BB234B03962FE01E490A681C
:1085400052073FF426AE6FF00B0203921E4A56E725
:1085500056F8081C7AB956F8080CD5F88830083651
:1085600043F83700D5F8883056F80C2C03EBC703D6
:108570005A6001371DE7204608F085FF011EEADD3D
:10858000204608F03EFF0028E7D1E4E78346A1E754
:1085900009490B685B07CBD00C4B03960293002371
:1085A00001221846CDE9003308F030FFC0E700BFD4
:1085B000000B00228F7A0102B80A0022D87A010249
:1085C000C17A0102F77A01020E7B0102627A01028E
:1085D0002DE9F04198465B688AB01B0A0F46DDE939
:1085E0001046154604D12B6000200AB0BDE8F0818A
:1085F000E289002A3FD131461046FFF723F80446AE
:108600002860D0B9CDE90860079007A92C48FEF78B
:10861000FBFF099A079B2A607AB1082207F18C01B7
:1086200051F8040F8342DFD000BB243447F82430D4
:10863000D3F88C200132C3F88C202B68002BD3D1C7
:1086400020490A6852070ED0129A1846926905927C
:10865000D8F800200093CDE903621B4ACDE901322E
:10866000012208F000FF6FF03C00BEE7013A04F180
:108670000104D5D1B8E74FF6F1739A4201D163688E
:10868000B1E7B0F84430934208D9B2F57F4F05D234
:1086900008F0CCFE636818442860A5E709490B6818
:1086A0005B070AD0094BCDE9032202930023012284
:1086B0001846CDE9003308F0D6FE6FF0070094E7C6
:1086C0004F140102B80A00222B7B01027A7B0102BF
:1086D0002DE9F04704460F4600264FF028098CB0DC
:1086E000D7F8B0108E4201D300202FE0D7F8B43075
:1086F00009FB063ADAF80420042A17D0092A68D1BF
:10870000DAF82420082A24D041490B685D070AD0F2
:10871000404BCDE903260293002301221846CDE900
:10872000003308F0A0FE6FF007000FE038490B6837
:108730005C0709D0384B01220293002303961846A8
:10874000CDE9003308F08FFE6FF085000CB0BDE876
:10875000F087DAF81C208A4214D32D490B68580799
:10876000E1D008230693DAF814300396CDE9042308
:108770002A4B0122029300231846CDE9003308F06A
:1087800072FED0E7DAF8148018F00705E5D109FB8E
:1087900002339B6899071CD5D4F8003213F83230A5
:1087A0000B2B0ED11A490B685B07BCD01C4B0392F4
:1087B000CDE9015301222B462846009508F053FECF
:1087C000B1E73946204608F031FE4FEAD808A845FF
:1087D00001D1013684E7DAF82410DAF810202046B7
:1087E00001FB0521A36898470028AFD12046DAF89D
:1087F0002420636809A998470028A7D15346394621
:10880000204609AAFDF73EFE00289FD10135DEE78C
:10881000B80A0022C77B0102F57B01021B7C010222
:10882000617C01027FB50BAB05930393054B0122DD
:10883000029300231846CDE90033FBF79DF807B0FB
:108840005DF804FB9F8D0102F0B50F461646054604
:1088500087B0002847D041B1D0E91B241444FEB1B1
:108860009C420AD96FF00B0037E0446FC2B19C42C2
:10887000F8D8C16B2246304607E0416B30460AF01B
:1088800041FBD5E91B02A96B30440AF03BFB0022F7
:10889000D5F814C0E96CA30861440133013B01D150
:1088A00020461AE056F82200604518D20F490B689E
:1088B0005B0710D00E4C002F0E4B18BF23460393BE
:1088C0000D4BCDE904200293002301221846CDE987
:1088D0000033FFF7A7FF6FF00D0007B0F0BD88422F
:1088E000E4D20132DAE76FF01500F6E7B80A0022A9
:1088F000C78D0102CF8D01029F8D010230B5002589
:1089000085B00C46019001A90848CDE90255FEF753
:108910007BFE039BC4E902551A1DAB4218BF1346E8
:108920002582C4E9003505B030BD00BF47150102FE
:10893000F8B5054650681646FEF74AFE044638B9B3
:1089400028467268114907F04BFB6FF00100F8BD33
:10895000021D0F49284607F043FB28460D4907F042
:108960003FFB00260C4FD4F88430B34201D80020DE
:10897000EDE7D4F88820394602EBC603284652F8C2
:1089800036205B6807F02CFB0136ECE7E88D01022E
:10899000FA8D0102118E0102348E010207B50549DC
:1089A000019007F01DFB01A90348FEF72DFE03B05F
:1089B0005DF804FB438E0102BD89000210B50C4630
:1089C000836F021D0249206807F00AFB002010BDDA
:1089D000688E01022DE9F0410446D2E90168ADF547
:1089E000087D4046F8F74EFB05463046F8F74AFB4F
:1089F0000F280AD920460F22234907F0F1FA6FF019
:108A000015000DF5087DBDE8F081B5F5804F09D959
:108A100020464FF400531D496A0807F0E1FA6FF051
:108A20000B00EEE71A4F4FF4005329463A464046F2
:108A300006F0EAFE4FF404720546002104A80AF08D
:108A400088FA144B6A460593134B31460693134B31
:108A500004A807930023CDE90133039301238DF884
:108A6000043001ABCDE98575FEF71AFE034638B92F
:108A7000009B0B491A1D204607F0B2FA0020C0E700
:108A800032460849F7E700BF798E0102A18E010244
:108A900038110022011501022B1501023F150102B8
:108AA000D68E0102028F010238B505465068144681
:108AB000FEF78EFD38B928466268054907F090FA3E
:108AC0006FF0010038BDA16808F058FC0020F9E7FC
:108AD000308F010237B5054650681446FEF778FD21
:108AE000019040B928466268084907F079FA6FF0AA
:108AF000010003B030BD01A8FEF738FE28466268C9
:108B0000034907F06DFA0020F3E700BF308F010240
:108B1000468F010210B5036944681A6959791868CB
:108B2000904794F90C30064A03F5C65352F82310C7
:108B30006FF3104142F8231052F8233010BD00BFEC
:108B4000006000400D2210B50446064B5820C3F8C3
:108B500060240C210022FEF78BFA2046BDE810406D
:108B600008F005BD00C000400E2210B50446064BBB
:108B70005920C3F864240C210022FEF779FA20461C
:108B8000BDE8104008F0F3BC00C0004068B161B11E
:108B90000A68074B496853F82200012203688A409B
:108BA00023EA02030360002070476FF0150070474E
:108BB0003054010260B159B10A68074B496853F853
:108BC0002220012310688B4003431360002070476C
:108BD0006FF01500704700BF3054010208B5074818
:108BE00009F07FF938B10648FEF744FB0448FAF76C
:108BF00079FC002008BD6FF01200FBE7343A010257
:108C0000058C00020A2838B50446074D04D1AB682C
:108C10000D2128465B689847AB6803485B68E1B262
:108C20009847204638BD00BF343A0102017801223E
:108C3000024B09B91A7070475A7070471C4A0022DB
:108C400010B504690C4B2079012807D1E468A40908
:108C50001C6040245C6010600B6010BD4FF400503D
:108C600008244FF03D0CC3E900404FF40040C3E935
:108C700002C00220EFE700BFB847002210B5302243
:108C800031240B4B2046C3F8C4430121C3F8C82349
:108C90000022FEF7EDF9002201213220FEF7E8F96B
:108CA0002046FEF7C3F9BDE810403220FEF7BEB9FA
:108CB00000C0004010B50469084809F012F948B135
:108CC0000020A36803F15942534253412371044BDE
:108CD000236010BD6FF01200FBE700BF103A0102E5
:108CE0001C0600222DE9F8430469904620461A46E6
:108CF00089461F4608F012FD002848D0002F3AD0C0
:108D000023792568C3B9EFF31186102383F3128802
:108D1000BFF36F8FA2683B46414628464A4408F09D
:108D2000FEFF2379B8B18BB986F31188BFF36F8F3B
:108D30006FF00400BDE8F8834FF0FF324FF0FF33CF
:108D400005F1440003F07EFA0026E3E705F1440054
:108D500003F03EFAECE7012B07D195F85C308BB1BC
:108D60000C4F7B784BB100237B70237953B986F38A
:108D70001188BFF36F8F0020DCE70021012009F08C
:108D80000CFDEEE705F1440003F022FAF3E76FF083
:108D90001500CFE71C4A00222DE9F84F06698046EE
:108DA00030468B461446376808F0B8FC18B96FF0A7
:108DB0001500BDE8F88F002A66D0DFF8ECA0594610
:108DC0005246404608F08DFC05460028EFD1DAF8FF
:108DD0000090D945EBD13379DFF8C4B04C4413BBD4
:108DE000B4F5FC1F24D14523CBF80830DBF808206C
:108DF000DAF80840141B47D033793BBBEFF31185F9
:108E0000102383F31288BFF36F8FB1682246384670
:108E1000494401F06FFF337930B303BB85F3118808
:108E2000BFF36F8F0FE0B4F5405F01D1C023DBE7E4
:108E30001B4A2146404608F054FC0028B7D1DBF815
:108E400000309C42D2D06FF00400B2E74FF0FF3206
:108E50004FF0FF3307F1440003F0F4F9D5E707F1D1
:108E6000440003F0B5F9EEE7012B07D197F85C3029
:108E70008BB10C4C23784BB100232370337953B959
:108E800085F31188BFF36F8F002092E70021012046
:108E900009F083FCEEE707F1440003F099F9F3E7EA
:108EA000A04700221C4A0022AC4700222DE9F043D3
:108EB00002F44033B3F5403F80460E4614464768FF
:108EC00089B000F08C8012F0200540F088803B7D56
:108ED000FF2B17D06FF012004FF0010C07F11303B6
:108EE000C01B5A78591C002A70D1012001F0E2F908
:108EF0003F4A012092F84C3C23EA050382F84C3C9F
:108F000001F0ACF93B7914F4003503F00F0343EAA8
:108F100006138DF80430C4F3C04343F0040318BFB4
:108F20001D4614F0040F45F0400318BF1D4614F011
:108F3000100F45F0100318BF1D46620224D53146BC
:108F4000D8F8040008F081FC814600284AD0006867
:108F500008F0C7FF002848D03B79CDF80C808DF889
:108F6000103004F0C063059304F0B0730693214BF6
:108F70008DF811600793D9F8000003A908F00CFBE5
:108F8000002820DB45F48045A30212D5D8F8040060
:108F9000314608F05AFC804620B3006808F0A1FF73
:108FA00018B332463979D8F8000008F03CFB25F4B4
:108FB0008045A40004F440642C430022012101A850
:108FC000029400F051FB09B0BDE8F08303440CFAB1
:108FD00003F32B43B24208BF1D460B4681E76FF0F7
:108FE0008500F0E76FF01500EDE76FF00A00EAE7A3
:108FF00000E001407F18010270B40F2945681DD8B8
:109000002D791A4301EB05140E4D55F8245015F037
:10901000040F14BF4FF400344FF4803415F0400FA8
:1090200044F0040618BF344615F0100F44F0100643
:1090300018BF3446224370BCFFF738BF6FF01500ED
:1090400070BC704700084040612208B5164B0121F2
:10905000C3F86C246222C3F870246322C3F874241A
:1090600064225B20C3F878240022FEF701F8002276
:1090700001215C20FDF7FCFF002201215D20FDF7AE
:10908000F7FF002201215E20FDF7F2FF5B20FDF7D4
:10909000CDFF5C20FDF7CAFF5D20FDF7C7FFBDE8EF
:1090A00008405E20FDF7C2BF00C00040F0B5164B7F
:1090B00016491A6A93F82430160ADFB2C2F3032263
:1090C00003F00F03086842EA0301090718D50324D7
:1090D000012107F0070504FA05F517F0080F01FA5A
:1090E00003F318BF2B4606F00705AC4016F0080F37
:1090F00001FA02F118BF21464343B3FBF1F0F0BD82
:109100009840D040FBE700BF00E001406C350022F2
:109110002DE9F04F2DED068B83689DB00C4606932C
:109120000646914690ED049B90ED06ABD0F820A04A
:10913000FFF7BCFF724B09909C4205D0714B9C42DB
:1091400002D0714B9C4248D1069B182203F10108C2
:109150004FEA480307930AAB0021184609F0F9FECD
:1091600000230090424630460799F8F769F907EE68
:10917000904AB7EE006BB8EEE77B39EE0A9B86EEBD
:10918000078B002738EE498B069B03F1030B099BE5
:10919000FB4006EE103A4FEA4B0307EE103AB8EEEA
:1091A000466BB8EE477B16EE087BBAFE477BFCEEBB
:1091B000C77B17EE904A3E2C02D8079BA34228D9C2
:1091C0000137082F1ED10D9B89F802300E9B89F8BC
:1091D00001300C9B89F800300FE04C490B685B07AD
:1091E0000BD04B4B012203934A4B04940293002370
:1091F0001846CDE9003308F068FB1DB0BDEC068BC6
:10920000BDE8F08F069B012F03F1020308BF9B46C8
:10921000BDE7642304FB0AF5B5FBF3F510AB454548
:109220004FF018024FF00001184638BF454609F0CC
:1092300090FE3B4600902A4621463046F8F700F95A
:10924000119B0893089B9A4510D3089B9A4531D8E7
:10925000DDE9132313431F2BB2D80AAC10AD0FCD99
:109260000FC495E8030084E80300ACE7013DA8457E
:10927000EBD8631B1F2BE8D81822002116A809F091
:1092800068FE16AB2A46009321463B463046F8F767
:10929000D7F81B9A159B9A42D7D20DF1400C0DF1CD
:1092A000580EBEE80F00ACE80F009EE803008CE803
:1092B0000300C7E70135AC42CAD31F2DC8D8631BD2
:1092C0009845C5D81822002116A809F042FE16AB11
:1092D0002A46009321463B463046F8F7B1F81B9AE0
:1092E000159B9A42B4D20DF1400C0DF1580EBEE818
:1092F0000F00ACE80F009EE803008CE80300A4E731
:10930000801A060040420F00A0860100D80A002201
:10931000B79601029494010230B511F010030D4686
:10932000046987B00FD120490A68500707D01F4A47
:109330001846CDE901320093012208F0C6FA6FF019
:10934000040007B030BDC1F34203022B14D0032B3D
:1093500025D0012B25D014490A685207EFD0049379
:10936000134B01220393134B029300231846CDE9BC
:10937000003308F0AAFAE2E70F49616404F19702AA
:109380004068FFF7C5FE204602F0F4F8204604F1DD
:10939000400102F0ADF80020C4F89C50D1E7074925
:1093A000EBE70749E9E700BFD80A0022B3940102BE
:1093B000D5960102D3940102801A060040420F00A4
:1093C000A08601002DE9F0430D4699461446164645
:1093D00087B012B3076901200B7A43F004030B72C4
:1093E00084420E7A2BDD0A7D82EA0603DB0718D55C
:1093F00012F0040315D158490A6857070BD0574A91
:10940000CDE904040392564A029201221846CDE99E
:10941000003308F05AFA6FF00406304607B0BDE892
:10942000F083B6070ED54C490B685A07F3D04B4B67
:10943000CDE9040403934B4B02930023E5E746F088
:1094400002060E720130A04201F10C01C8DD07F1E5
:1094500068084FF0FF324FF0FF33404602F0BEFD88
:10946000D7F89C30494613F0080F0CBF01220222A6
:10947000384608F0AAFC07F17C09287A012C00F094
:109480000100D5E9001207D02B7DC3F3800328B972
:10949000384608F0D4FC04E0E0B10023384608F078
:1094A000EEFC064668B32C4908280B6803F0070356
:1094B00012D0172816D153B1284B03932A4B02938D
:1094C000002301221846CDE9003308F0FEF96FF0C1
:1094D00004063CE00346DBE7002BF8D01F4B039368
:1094E000224BECE7002BF2D01C4B01220393204BC4
:1094F000049002930023CDE90033184608F0E5F903
:10950000E5E74FF0FF324FF0FF33484602F09AFE96
:1095100097F89420012A13D10F490B685B07D6D026
:109520002B7A144813F0010F134B18BF0346049312
:109530000A4B00960393114BCDE901633346DCE7F8
:10954000013C14F0FF0405F10C0596D12646404677
:1095500002F0BCFD61E700BFD80A0022EA960102D2
:109560000295010264950102C2950102249601024E
:109570005E960102F7940102FC9401027D960102BD
:10958000F0B5466889B0076905460021706807AAEA
:1095900008F0ABF9041E07DB079B00221979186855
:1095A00000F062F8041E11DA28490B6858070AD047
:1095B000274B01220393274B029300231846CDE942
:1095C000003308F082F9204609B0F0BD07F16800C9
:1095D00008F058FE0122002107F17C0008F040FF4E
:1095E0007B6C1D4A934205D01C4A934202D01C4A10
:1095F000934217D1194607F197026868FFF788FD73
:10960000012387F8953087F8963007F195037B663C
:1096100007F14001384601F06BFF28463368984750
:109620000024D0E709490A68520702D16FF0850487
:10963000C9E70493064B012203930A4B02930023CC
:109640001846CDE9003308F040F9EFE7D80A0022C8
:10965000A79601028C960102801A060040420F0074
:10966000A08601009494010270B5EFF310850123E8
:1096700083F31088174B1C681CB9174A14754024D3
:1096800014751A6801321A6085F31088134E01317F
:10969000013913D1EFF31081012282F310881A6887
:1096A00012B11A68013A1A601A681AB90A4B1A7587
:1096B00080221A7581F31088002070BD04784568F7
:1096C00004F00F02120102EB141246F82250083087
:1096D000DEE700BF68350022000D40400008404032
:1096E000036993F94730002B08DB0122590903F085
:1096F0001F0302FA03F3024A42F82130704700BF09
:1097000000E100E0036993F94730002B0DDB0121F4
:109710005A0903F01F03994002F12003034A42F85B
:109720002310BFF34F8FBFF36F8F704700E100E04E
:1097300010B50469636F0BB1A16F984794F941307C
:10974000044A03F5C65352F823106FF3104142F850
:10975000231010BD0060004010B50469636F0BB1A9
:10976000A16F984794F94330044A03F5C65352F861
:1097700023106FF3104142F8231010BD0060004029
:1097800010B50469636F0BB1A16F984794F9453028
:10979000044A03F5C65352F823106FF3104142F800
:1097A000231010BD0060004010B50469636F0BB159
:1097B000A16F984794F94730044A03F5C65352F80D
:1097C00023106FF3104142F8231010BD00600040D9
:1097D00070B505460E461446002141F288320068F5
:1097E00000F07AFF2B79042B37D8DFE803F004036D
:1097F000040C0C000323B3706B79032B2DD8DFE826
:1098000003F0021702056FF0850028E00123F370D2
:10981000AB79042B21D801A252F823F0079800025B
:1098200007980002659800023598000261980002CE
:109830000023ECE7022373704FF4807323804FF60C
:10984000FF73002263810823A2702372EB79012B3E
:109850000AD00ED9023B012BD5D96FF0150070BD8F
:109860000023E8E70323E6E7032300202373627362
:10987000F5E71346F9E700BF40F26312284B2DE9E4
:10988000F341C3F860234FF4B272C3F8642340F28B
:109890006512C3F868234FF4B3720446C3F86C230F
:1098A000012100221820FDF7E3FB002201211920ED
:1098B000FDF7DEFB002201211A20FDF7D9FB002273
:1098C00001211B20FDF7D4FB63680021586801AA21
:1098D000256908F00AF8041E1DDB019B0022197996
:1098E0001868FFF7C1FE041E15DB05F13C0605F103
:1098F0005C0705F1700843463A46314605F13400ED
:10990000FFF766FF044630B93146C5F86080AF65A1
:10991000281D00F077FD204602B0BDE8F08100BFB1
:1099200000C000402DE9F0434468056989B06068D3
:1099300008F0D7FA20B96FF0120009B0BDE8F08343
:10994000636833491E683046F7F78AFB30B130460A
:109950003049F7F785FB003818BF012085F8C300B0
:109960000021206807AA07F0C0FF0028E5DB079B5D
:10997000002219791868FFF777FE0028DDDB012641
:10998000AC68D5E9023203EBC2039C4204D32846FB
:1099900008F033F90020D0E7206808F0A2FA034667
:1099A00080B91D490A685207C5D0227904922268FD
:1099B000126800900392194ACDE90102012208F0D1
:1099C000D5F8B8E720682179E38843F4B01213F0A2
:1099D000010F83F4D01708BF1746D0F810C006FA5D
:1099E00001FEDCF8003017F0010F43EA0E0923EA0C
:1099F0000E0318BF4B46D0F80880CCF80030D8F8DA
:109A0000003027F480129847002896DB0834B8E726
:109A1000719701026E970102D00A00227897010225
:109A20002DE9F04F80460E4699461746046987B0E7
:109A300012B91D46002B5DD0B38899045ED44FF057
:109A4000FF324FF0FF3304F1100002F0FBFB6660C1
:109A5000D8F810502B689E4268D0AB6E1BB105F150
:109A6000680001F04FFAB6F90420B388002AC0F26A
:109A7000A48103F0010385F8A130B388C3F3400348
:109A800085F8A330B388C3F3800385F8A230B38888
:109A9000C3F3001385F8A530306828B195F8C310DA
:109AA00005F1C40201F0ACFB002385F8BD30B368BA
:109AB0005BB3012385F8BC3005F1BC03C5F8B830B1
:109AC0007E4B05F19801C5E92C3805F1680001F0DD
:109AD00057FA50B37A490B685A071BD16FF0150536
:109AE00023689B8813F4005304D1636004F11000D1
:109AF00002F06EFB284607B0BDE8F08FA369002B8B
:109B00009DD163689E429AD1A2E785F8BC3085F862
:109B1000BF30D1E76B4B039002930023012218461C
:109B2000CDE9003308F022F8D8E72E60B688256F1B
:109B3000C6F34516013EF6080136F6B284F86460B5
:109B4000002F40F0A08067640023A36404F1440365
:109B5000059304F1480704F1580833464246394654
:109B6000059807F0EDFF6065B9F1000F40F09280B5
:109B7000C4F84C90002304F14C0904F1500A04F19C
:109B8000600B5A46514623654846334607F0D8FFD6
:109B90000026E065324601212046266408F00DF8D3
:109BA000AB6866F31D73AB60A36D23B90222AB688B
:109BB00062F31D73AB60236E23B90122AB6862F3BD
:109BC0001D73AB600123EB66AB6843F00103AB6030
:109BD00023686A699B88C3F34513013B42EA034348
:109BE0006B612368266F9B88DB076DD4626D13461B
:109BF00032B1A36D23B194F86430022B53D91368AA
:109C0000326D9000FCD533604FF00053B366A26D07
:109C100094F864307AB1013AA265002A47D1626CA7
:109C2000394608326264A26C0598013AA264424641
:109C300007F086FF6065236E002B73D0336D002B19
:109C4000FCDA4FF000433268B36694F86430022BBC
:109C5000E36D40F28D801A60226E94F86430216DBD
:109C6000002A5FD0013A2266002A40F08580E26C2B
:109C700001390832E26421655A465146484607F0E8
:109C80005FFFE0654EE03B686364002B3FF45CAF30
:109C90007B685AE7D9F80030E364002B3FF46AAFE1
:109CA000D9F8043067E70CBF13881378A8E7626D12
:109CB000002AC0D01A446265BDE700BF271C01021C
:109CC000D00A00229C970102336D99004BD5A36DF9
:109CD000002B48D0636D1A4623B194F86420022A01
:109CE00037D91A684FF00053B3663260A26D94F80A
:109CF00064307AB1013AA265002A2ED1626C3946ED
:109D000008326264A26C0598013AA264424607F0E8
:109D100017FF6065336D002B04DAE36D13B1236E1A
:109D2000002B8ED100210A46A36C0133013B29D1BF
:109D300000221646236D0133013B2AD19142A36DC7
:109D40002ED2002B7FF44DAF236E002B7FF449AF52
:109D500028E00CBF1A881A78C4E7626D002AD9D0AF
:109D60001A446265D6E7B3686FF31453B360D1E762
:109D70000CBF1A801A706FE7E26D002AD2D01A4425
:109D8000E265CFE7606C00EBC2004068013201443D
:109D9000CCE7E06C00EBC600406801360244CBE73C
:109DA000002BD1D12A6DC2F340639201FAD4AA6884
:109DB00063F30002AA601D4692E66FF085058FE608
:109DC0004FF0E02310B50F499C691A6908689B6938
:109DD0000D4902F4803234B993B903464AB90A688E
:109DE0001044C01A10BD002B08BF03460AB9A34295
:109DF000F5D90A6802440A604FF0E0221269EEE7E2
:109E00000446F3E72C4800222848002210220A4B7F
:109E1000002083F823204BF68032084B1A60084B51
:109E20004BF67F3218604FF0E0235A6198611A694F
:109E300042F007021A61704700ED00E02C48002252
:109E400028480022684620F007018D4619B5FFF723
:109E5000B7FF1149114B0868D3E90042001942F1DC
:109E60000002C3E9000200230B604BF680330C4A6A
:109E7000D2E90041001BB0FBF3F043431B1941F151
:109E80000001C2E9003103F0D7FBFCF7E7FCBDE8B5
:109E900019408546704700BF284800224031002203
:109EA000383100222DE9F041DFF8F08099B1421CF1
:109EB0000BD14FF0E022136923F0010313614FF03F
:109EC0007F43C8F80030BDE8F081D8F80060012871
:109ED00007DC00270BE0431CD8F80060F7D14FF4F3
:109EE000AE7040F25D139842A8BF1846471EEFF3CC
:109EF0001185102383F31288BFF36F8FFFF760FF84
:109F00004FF0E023214C9969D4E9002380184FF0E9
:109F1000000243F10003C4E900031D4B1A601D4B0E
:109F20001A68831A2ED44BF6803C0CFB073303F5DA
:109F30003B437F33B3FBFCF7131A40F6B8320CFBFC
:109F40000733934238BF1346134A934228BF134640
:109F50004FF0E022C8F80030013B906953610023C4
:109F600081429361A1EB000338BF9B19D4E9001231
:109F70005B1842F10002C4E9003285F31188BFF397
:109F80006F8FA0E740F6B833E2E700BF4031002210
:109F9000284800223831002200E2FE002C4800222E
:109FA00038B5EFF31185102383F31288BFF36F8F59
:109FB000084B1C68084B1B68E41AFFF701FF85F388
:109FC0001188BFF36F8F4BF680332044B0FBF3F062
:109FD00038BD00BF403100223831002238B5EFF3E0
:109FE0001185102383F31288BFF36F8F044B1C6815
:109FF000FFF7E6FE85F31188BFF36F8F204438BD6D
:10A000004031002210B5EFF31184102383F312883E
:10A01000BFF36F8FFFF7D4FE054AD2E90031C018B5
:10A0200041F1000184F31188BFF36F8F10BD00BFB1
:10A03000403100220E4A0F4992F8263092F824202F
:10A04000DBB202F00F02082A51F8233005D10322B7
:10A05000B3FBF2F3084A13607047092A01D10622C4
:10A06000F6E70A2A01D10C22F2E7D340F2E700BF5B
:10A0700000E00140284A00226C3500224AF20352D7
:10A08000F8B5564B564DA3F8FA230123AB80AB88A5
:10A090009BB2002BFBD10123524A2B805248534BD9
:10A0A0005349C3E900024FF40042C3E902211A6197
:10A0B0005049514AC3E907125A61FFF7BBFF162204
:10A0C000464B83F8502A092283F8A22093F8002CEB
:10A0D0001AB993F8012C91077AD093F8002C52B951
:10A0E0000121C82083F8001C00F094F83B4A92F844
:10A0F000003C012BFBD10022384B83F8012C83F864
:10A10000002C0022354B83F8322093F83C201207B4
:10A11000FBD545F601721A8540F23112A3F84C20A6
:10A1200000222E4C83F82A2094F83C309B06FBD565
:10A13000042305262B770125304F9620276284F8CB
:10A14000245084F82660FFF775FF294600F062F876
:10A15000002384F824302762FFF76CFF96202946FD
:10A1600000F058F884F82660FFF764FF84F8305058
:10A1700084F8525084F8535094F8743043F04003FC
:10A1800084F87430154C94F87430DB09FBD0062346
:10A1900084F86C30472384F87430072384F87430D3
:10A1A00094F87430DB09FBD115491648032207F0F7
:10A1B00059FD02221A39213807F054FD01220A31D3
:10A1C0000A3007F04FFD4FF42543A4F8FA33F8BDE9
:10A1D0004FF47A7007F058FD93E700BF00E00140AC
:10A1E00000C1014000127A00006CDC02284A002203
:10A1F000002D3101001C4E0E00389C1C3223123100
:10A200006EE0014076E00140014B53F820007047BA
:10A21000284A002210B40F4B0F4A1B684843B2FB78
:10A22000F3F24FF47A73A0FB031434B9B1FBF2F0EC
:10A2300060B15DF8044BF7F75BB9B0FBF2F0A0FB3F
:10A240000303002BF4D04FF0FF30F2E75DF8044B2E
:10A25000704700BF6C35002200CA9A3B10B5EFF37F
:10A260001081012383F310880F4A32F810309BB21B
:10A270002BB132F81030013B9BB222F8103032F88B
:10A2800010309BB263B9094A094CB2F8FA3334F87A
:10A2900010009BB243F4254323EA0003A2F8FA33EB
:10A2A00081F3108810BD00BFF049002200E001409A
:10A2B000D058010230B5EFF31084012383F31088E6
:10A2C0000D4A32F810309BB263B90C490C4DB1F80D
:10A2D000FA3335F810509BB22B4343F425439BB21D
:10A2E000A1F8FA3332F8103001339BB222F8103063
:10A2F00084F3108830BD00BFF049002200E0014027
:10A30000D0580102054B00F5C65053F820206FF3DA
:10A31000104243F8202053F820307047006000407E
:10A3200001220649430900F01F008240203341F812
:10A330002320BFF34F8FBFF36F8F704700E100E022
:10A3400070B52E4B426804469A4255D1026A936812
:10A3500023F44013936003783BB1026A536A43F4D9
:10A36000004353620022036A5A61226A936823F011
:10A3700010039360226A137FDB06FCD4E36993F930
:10A380000700FFF7CDFFE36993F90900FFF7C8FF66
:10A39000226A936823F480339360E36993F905009C
:10A3A000FFF7BEFFE36993F90B00FFF7B9FFE3691D
:10A3B000DB681BB19A681868126A9047E3691B69E9
:10A3C0001BB19A681868126A9047EFF31085012153
:10A3D00081F31088E3690A4A1E784FF00043506801
:10A3E000F3400343536053689620FFF713FF85F350
:10A3F00010880020606070BD0720FCE7424943538D
:10A40000003020402DE9F8430B784FF0000803F5A9
:10A41000800303F556531B02036240F21F2380F8AA
:10A4200000800A78C161D340012203F001031B01BF
:10A4300003704B69044643628B690D46C0E90A8389
:10A440008378CE6962F3010383704B789A4F43455A
:10A4500008BF0222837862F30103837091F90B90A5
:10A460004846FFF75DFF4846FFF74CFF47F8294095
:10A4700095F905904846FFF753FF4846FFF742FF1E
:10A4800047F8294095F907904846FFF749FF4846A5
:10A49000FFF738FF47F8294095F909904846FFF73C
:10A4A0003FFF4846FFF72EFF47F82940EB68002B97
:10A4B00040F0BF802B69002B40F0D880EFF310876D
:10A4C000012181F310884FF000407C4B95F800C0CB
:10A4D0005A6820FA0CF022EA00025A605B68962063
:10A4E000FFF798FE87F310884FF48062236A9A6022
:10A4F0006B78E978EA691B02890301F4804103F46F
:10A5000040730B4351782078C90389B20B43517BC8
:10A5100000284FEA415101F4001143EA0103117888
:10A52000206A4FEA016101F0407143EA010343F4FC
:10A53000805143F4801343F4805308BF0B465168A5
:10A5400043611378981E012800F2B3805C49022B06
:10A550005C4B18BF0B46216A0B61117BAB7801F095
:10A56000030141F0300133B1022B14BF4FF44073AB
:10A570004FF48073194393781B0703F080530B4308
:10A58000216ACB600023216A8B612178B1B1216AF5
:10A590004D484862E0692178C56835B9C0694B1EED
:10A5A000007A03401B0403F47023206A0139456AD2
:10A5B000090601F0706129430B434362937BD17B11
:10A5C000127C01F01F0103F0010343EA012302F0B2
:10A5D0001F0243EA0243226A13630023C4E90333E0
:10A5E000C4E905337389394A2381236A9A660122B3
:10A5F000236A1A67E36993F9050007F046FBE369EC
:10A6000093F90B0007F041FBE36993F9070007F0AA
:10A610003CFBE36993F9090007F037FB2C4A236AF6
:10A620009A60226A137FDB07FCD52A4B0027636000
:10A6300019E05A68276A1268D17868F30511D17059
:10A64000E169D07849785760B1FA81F1490961F33D
:10A650000510D0709A68D3E9000112689047074648
:10A6600000283FF427AF3846BDE8F8835A68216ACE
:10A670001268081DD1786FF30511D170E169D778A0
:10A6800049789060B1FA81F1490961F30517D770F3
:10A690009A68D3E9000112689047074600283FF402
:10A6A0000DAFEB68002BDED09A681868126A9047ED
:10A6B000D9E70B684FE700BF304800220030204048
:10A6C00004FF00FF24FF00FF008080001000079DB2
:10A6D00011040100424943532DE9F04F1C461B6809
:10A6E0008BB003F0FF1323F4803343F0004343F4B3
:10A6F0007F439046584A05900191236092F8543068
:10A7000003F00F03052B04D8DFE803F05D5D5D6403
:10A710006062052592F8550000F00F00FFF774FD08
:10A72000B0FBF5F300934D4B984548DC4FF0000A21
:10A73000D3464B4D009BA3FB05230893009B079238
:10A740001B0A049300265FFA8AF30693454B9B5D30
:10A75000C3F34002C3F38003039313460292039AA8
:10A760001343069A934220D13F4B33F81690059B32
:10A7700003FB09F9009BB3FBF9F7B7F5807F14D809
:10A7800007FB09F28FB1DDE90701D3170992F6F74C
:10A79000FFFB019B099A013FF3B9A0F5C330A03834
:10A7A0000028B8BF4042A8424EDB01360D2ECDD165
:10A7B000BAF1000F4CD145454FF0010AC2DC002030
:10A7C0000BB0BDE8F08F01259D40A3E70825A1E768
:10A7D00003259FE706259DE7049BB2FBF3F31906CB
:10A7E000E3D5DBB25843002800F1FF01B8BF0846AB
:10A7F0000012A0F5C330A0380028B8BF40428542FF
:10A8000019DD9B460546174B6770995D2378C1F3A8
:10A81000000060F304130298C1F3C10160F3451313
:10A82000039860F386132370A37861F30513A37074
:10A83000019B002BB9D0A37884F803B043F0010347
:10A84000A370A2EB09029DE70546DDF804B0DAE744
:10A850004545B4DD0320B3E700E001409F860100D9
:10A86000A0860100FB970102D858010290F904303C
:10A87000054903F5C65351F82320002042F08072A9
:10A8800041F82320704700BF0060004090F9043079
:10A89000054A03F5C65352F8231000206FF31861E0
:10A8A00042F82310704700BF0060004090F9042078
:10A8B000114B53F822300022C1E90022DA783F2AF6
:10A8C00012D94FF480728A60DA89D2B2CA60DA781B
:10A8D00002F0C002802A05D14FF480320A609B89C1
:10A8E0009BB24B60002070474FF480328A60DB8956
:10A8F0009BB2CB60F6E700BF000C002210B590F9C8
:10A9000004200849034602F5C65051F820406FF371
:10A91000186441F820400020034941F822001860E3
:10A9200010BD00BF00600040000C00220B4610B5B7
:10A930001C46DA7810333F2A81BF33F8022CD2B29A
:10A9400042EA022223F8022CA2783F2AF0D80822F9
:10A95000044B1A7490F90400034A42F8201018229C
:10A960001A7410BD00AC0040000C00222DE9F0412B
:10A970001D4B044693F800800D46B8F1000F1BD123
:10A9800001261E70EFF3108786F31088174B1A68A4
:10A9900022F480021A601B6896203146FFF73AFCC9
:10A9A00087F31088124F4FF4C0724146384608F0C2
:10A9B000D0FA104B5F611E736B6893F90030002B67
:10A9C0000EDB0B4A52F8232062B92371296811B1BA
:10A9D0002046FFF7ABFF0020074B2360BDE8F08166
:10A9E0000B20FBE70820F9E71E4A00220030204038
:10A9F000000C002200AC00400043544437B50191E4
:10AA000090F9041000921D4A1D4C52F8212001F5C6
:10AA1000C65154F821506FF3186544F8215090F94D
:10AA20000440184D44F40044E98989B28C42FBD0BB
:10AA300008212974019909B101995160009909B15E
:10AA400000999160D17801F0C004802C11D19381DC
:10AA500018220C4B0A491A7490F90430002003F5AF
:10AA6000C65351F8232042F0807241F8232003B0EE
:10AA700030BD3F2998BFD381EAE700BF000C002218
:10AA80000060004000AC004010B5044690F904306E
:10AA9000104A03F5C65352F823006FF3186042F8CA
:10AAA000230094F904200C4842F40042C3899BB26D
:10AAB0009A42FBD02046FFF739FF94F9043005494C
:10AAC00003F5C65351F82320002042F0807241F86C
:10AAD000232010BD0060004000AC0040F0B5164BD4
:10AAE000164A196A93F82430C14001F00F05DFB20D
:10AAF00003F00F03106845EA0302120718D5032478
:10AB0000012207F0070604FA06F617F0080F02FA0A
:10AB100003F318BF334601F00706B44011F0080FE5
:10AB200002FA05F218BF22464343B3FBF2F0F0BD30
:10AB30009840E840FBE700BF00E001406C35002290
:10AB4000054B00F5C65053F820206FF3104243F830
:10AB5000202053F820307047006000400122064951
:10AB6000430900F01F008240203341F82320BFF347
:10AB70004F8FBFF36F8F704700E100E070B5012287
:10AB80000026294B80F83460054683F8542A1C209F
:10AB9000FFF7A4FF04461820FFF7A0FF234B9C42B9
:10ABA0003FD9234904F5742202F23F22B2FBF1F2AD
:10ABB00000F5742303F23F23B3FBF1F302F5F052E7
:10ABC0001C4992B2A1F8E42043F6B8510622594339
:10ABD000B1FBF2F1A96040F6D8615943B1FBF2F143
:10ABE000E9605900B1FBF2F1296154215943B1FBED
:10ABF000F2F16961104930465943B1FBF2F1A961A4
:10AC000044F250615943B1FBF2F169620B49594377
:10AC1000B1FBF2F129620A494B43B3FBF2F3EB615A
:10AC200070BD4FF4FB70FBE700E00140FF083D0002
:10AC300040420F0000E0114038AF040080DE0F00FA
:10AC4000A0F70300F8B541600B7804460D46114E9D
:10AC5000EBB14B68104F8363CB6803640023C3637D
:10AC60000123337691F9110047F8204007F029F8C5
:10AC70009823337595F9130047F8204007F021F821
:10AC80002046FFF77BFF08B9044B2360F8BD3376FD
:10AC90003375F5E700E01140304800224E45504F33
:10ACA0004FF4964313B50193436804461A7842B1B2
:10ACB00093F9110007F005F8636893F9130007F0A2
:10ACC00000F84AF680230A4AA2F88430B2F88430A9
:10ACD0009BB2802B02D1002002B010BD019B1BB1A2
:10ACE000019B013B0193F1E74FF4FA70F4E700BFD9
:10ACF00000E0114070B5002580F8345021F08055F7
:10AD0000B5F11C5F044614D2B5F1007F43D3244C47
:10AD100021F09155234B0C40B5F5803F03EA010328
:10AD200038BF2346BDE8704001F08051194308F058
:10AD30002FBC21F03F0181620263FFF7B1FF06469D
:10AD400058BB63681B78EBB1022384F834300122CE
:10AD5000154BA3F8E02032464021204608F028FC9D
:10AD6000626803461278A2B919224FF4005108F024
:10AD70001BFC236B05463BB10028ECD008F01CFC03
:10AD80002B4606E0666AE2E708F016FC0346002D53
:10AD9000F6D1184670BD1623FBE74FF4FA73F8E7B7
:10ADA00000E0FFEF0080FFEF00E0114070B5EFF32F
:10ADB00003841349134B0A7C103C64B2100753F808
:10ADC0002460D1F88010D3B214D41A0614D4DB0650
:10ADD00014D511F4405F0CBF06250725304608F056
:10ADE000DBFB2046FFF7ACFE29463046BDE870404D
:10ADF00006F07BBF0425F1E70525EFE70725EDE722
:10AE000000E011403048002238B5EFF303801B4BBF
:10AE1000103840B253F82040FFF792FE94F83450B7
:10AE2000012D0CD1236BEBB100220421204608F048
:10AE3000B7FB10B32046BDE8384008F0ADBB022D8B
:10AE400009D1236B1D466BB12046BDE83840002276
:10AE5000402108F0ADBB0A4B93F8D430012B14BF4E
:10AE60000225032508F0A8FB002384F83430294686
:10AE70002046BDE8384006F038BF38BD30480022D3
:10AE800000E01140054B00F5C65053F820206FF349
:10AE9000104243F8202053F82030704700600040F3
:10AEA00001234109034A00F01F00834042F821308A
:10AEB000704700BF00E100E008B50146FFF7E2FF80
:10AEC000BFF35F8F012201F01F0082404B0904484D
:10AED000603340F82320BDE808400846FFF7E0BF94
:10AEE00000E100E001220649430900F01F00824012
:10AEF000203341F82320BFF34F8FBFF36F8F70478C
:10AF000000E100E010B50446002831D002681A4B79
:10AF10009A422FD10023036043685B691BB19A6892
:10AF20001868126A904763681B691BB19A681868B1
:10AF3000126A9047636893F90200FFF7D3FF6368D2
:10AF400093F90100FFF7CEFF636893F90300FFF761
:10AF5000C9FF636893F90400FFF7C4FF0020A368EA
:10AF60009A686FF300029A60A368044A9A6610BD5B
:10AF70000120FCE70720FAE749505352000080FD0A
:10AF80002DE9F74F0D460446002800F02C81974F1D
:10AF90000368BB4200F02281002900F024818B6904
:10AFA000002B00F020810B6A002B00F01C810B7835
:10AFB000012B00F2158191F90120002AC0F21381C2
:10AFC00091F90220002AC0F20E8191F90320002A93
:10AFD000C0F2098191F90420002AC0F2048103F52E
:10AFE0008003D1F8108003F557534FEA0329B8F1D5
:10AFF000000F40F0B8806B69002B40F0CD80656099
:10B00000AB696362EB69E3620023A3622B7803F50B
:10B01000800303F557531B02A360687A744B002822
:10B020001ABF4FF4441300224FF48052697B1A4335
:10B03000EB7A090341EA4301AB7A19432B6ADD79C4
:10B0400042EAC5721D78002D40F0C280B0FA80F54A
:10B050006D0941EAC5115D7842F40036002D08BF44
:10B06000324693F8029042EA0576DD781A7A09FAB8
:10B0700005F949EA02291A794FEA056C92462AB184
:10B08000022A0CBF4FF4401A4FF4001A5D793DB10B
:10B0900046F4807E46F44072012D0CBF164676467B
:10B0A0009A7901925A7A02F003024CEA82050D4322
:10B0B000002840F0908093F80C80DA7A4FEA084834
:10B0C0009B7A48EA022845F4604548EA0308EFF312
:10B0D000108B012181F31088636846481B78426811
:10B0E000C3F1130301FA03F322EA03034360436845
:10B0F0009620FFF78FF88BF310883F4AA3689A6673
:10B10000A368019AC3F81090A368C3F80480A368E9
:10B11000C3F80CA0A3685D61A368384D1A64A368E6
:10B1200026F080429A60A3689A689E606368002651
:10B1300093F9020045F82040FFF7BEFE636893F9DB
:10B14000010045F82040FFF7B7FE636893F904005B
:10B1500045F82040FFF7B0FE636893F9033045F8E7
:10B160002340276014E04FF00062D8F804301B68D9
:10B170001A60D8F804301B68C3F80890D8F8083073
:10B18000D8E900011B689847064600283FF433AF12
:10B19000304603B0BDE8F08F4FF400215A681268C2
:10B1A00011605A681268C2F804909A68D3E90001E5
:10B1B00012689047064600283FF421AFB8F1000F0F
:10B1C000E6D0D8F80830D8F800001B6A9847DFE7C7
:10B1D00042F080723FE74FF0000878E70E26D7E78D
:10B1E00040F27A56D4E70126D2E700BF49505352C5
:10B1F0000000314000302040000080FD3048002237
:10B200000129F8B5054614463B484DD1026A90F82D
:10B210002430170B5FFA83FEC2F3033203F00F03EF
:10B22000364842EA0306360700683AD503260EF090
:10B23000070C06FA0CFC1EF0080F01FA03F318BF06
:10B24000634607F0070C06FA0CF617F0080F01FA30
:10B2500002F118BF31464343B3FBF1F06B1E0344C8
:10B26000B3FBF5F0B0F5805F43D801283ED9B0F5C7
:10B27000007F37D9B0F5806F36D9B0F5006F94BF35
:10B28000022203220221431E91400B44B3FBF1F33F
:10B29000013BDBB200206178237062F30101617031
:10B2A000F8BD9840D040D9E790F8563003F00F032E
:10B2B000052B04D8DFE803F00D0D0D141012052640
:10B2C00090F8570000F00F00FEF79EFFB0FBF6F07D
:10B2D000C4E701269E40F3E70826F1E70326EFE7DF
:10B2E0000626EDE70022CDE70122CBE70022134638
:10B2F000D0E70620D4E700BF00E001406C35002213
:10B30000054B00F5C65053F820206FF3104243F868
:10B31000202053F820307047006000400122064989
:10B32000430900F01F008240203341F82320BFF37F
:10B330004F8FBFF36F8F704700E100E01F2270B5A1
:10B3400003690D461A705F22036904461A70DF22F2
:10B350000369294E1A70036802695B6A1B7943F01E
:10B36000E0031374036802695B6ADB7843F0E0036F
:10B370005374036802695B6A9B781B0103F07003D6
:10B3800043F008039370036801695A6A137852788E
:10B39000012B14BF0423052343EA4203DBB2CB7025
:10B3A00003685A68154B9A4214BF7722F722036943
:10B3B0005A71002203699A71B3220369DA7195F90F
:10B3C000110046F8204006F0ECFC95F90F0046F815
:10B3D000204006F0E6FC95F9100046F8204006F003
:10B3E000E0FC95F90E0046F8204006F0DAFC9F22BA
:10B3F00023691A7070BD00BF3048002240420F0020
:10B4000037B5394B01691B6A0193019B03F00F2388
:10B410000193019A019C0B7C90F82C50DBB285B90A
:10B42000C2F30322A2EB146293409B080133013B59
:10B4300002D1082003B030BD4A78D209F7D1B32336
:10B44000CB710023826980F82B30C26190F82620EE
:10B4500080F82D3080F82720026880F82E3080F8A0
:10B46000283080F82F30036280F83030516A046948
:10B470000A784978012A14BF0422052242EA4102CF
:10B48000D2B2E27001690A7942F010020A710169D0
:10B490000A7963F3C3020A7101690A7963F304123A
:10B4A0000A710269537943F001035371036893F9F8
:10B4B0000F30002B08DB0122590903F01F0302FAA9
:10B4C00003F30A4A42F82130BF220369DA7190F887
:10B4D0002C3023B9022203695A700020AAE7002306
:10B4E00080F82C30F9E700BF00E0014000E100E007
:10B4F000F8B500250A781C4B016013441B02036158
:10B500008B68044643600B7B0E460372CB69436332
:10B510000B6A8563C363EFF31087012181F3108801
:10B52000124A33785068C3F1090301FA03F320EAA1
:10B530000303536053689620FEF76CFE87F3108870
:10B5400020463146FFF7FAFE094BC4E90555C4E928
:10B55000075584F82950E36084F82A5084F82B506A
:10B5600084F82C502846F8BDE025400000302040EB
:10B570004349495270B504460025012106F046FCB6
:10B580002369DD712368E56093F91100FFF7C6FEBA
:10B59000236893F90E00FFF7C1FE236893F91000AA
:10B5A000FFF7BCFE236893F90F00FFF7B7FEEFF338
:10B5B0001086012181F310882368084A1B7850689F
:10B5C000C3F1090301FA03F3034353605368962060
:10B5D000FEF720FE86F31088284670BD003020401C
:10B5E00037B506F0D9FBFFF78BFE06F0D5FB464BCF
:10B5F00053F8204094F82D302BBBA369022B9FBF3A
:10B600002269137943F040031371E369012B0ED1D2
:10B610002269137943F0100313712269137943F0FF
:10B6200008031371226913796FF3041313712369EB
:10B63000DB7CDBB28DF807309DF80730012384F8FE
:10B640002D3003B030BDE569002DFAD0032D17D1A0
:10B650002269137943F04003137123696269D97C2D
:10B66000236AD154236A01332362E369013BE36116
:10B67000002BE6D121690A7963F386120A71E0E7AB
:10B68000022D0ED12269137943F010031371226940
:10B69000137943F008031371226913796FF30413CC
:10B6A000DAE7012DD9D194F82A301BB3236893F936
:10B6B0000F00FFF733FE2269D37943F08003D37183
:10B6C0002269137943F010031371226913796FF320
:10B6D000C3031371226913796FF3041313710422E6
:10B6E00023695A70226953796FF30003537184F808
:10B6F0002C50B2E72269537A03F0F7035372082201
:10B7000023695A70A9E700BF3048002208B506F047
:10B7100043FBFFF7F5FD06F03FFB3E4B53F82010CF
:10B7200091F82730002B54D091F826000A6903289D
:10B7300034D191F82830022B2AD191F8303003F01F
:10B74000FF00002B40D1D37960F3C713D371C0231E
:10B750000869C279D20901D0013BFAD10B6893F98B
:10B760001000FFF7CDFD0B6893F91030002B09DBBB
:10B7700001205A0903F01F03984002F16003264A92
:10B7800042F823000A69D37943F04003D37117E0EC
:10B79000BBB1022B18D091F8243006E0012891F8B3
:10B7A000243002D991F8280058B1937491F82830C8
:10B7B000013381F8283091F82730013B81F8273098
:10B7C00008BD91F82530F0E791F8253043F00103EA
:10B7D000EBE791F82930002BF2D1CA690B6962B905
:10B7E0000A69D3796FF3C713D371C0230869C2798B
:10B7F000D209B3D0013BFAD1B0E70A6A4869825C4A
:10B800009A740B6A01330B62CB69013BCB61002B4D
:10B81000D6D1E5E73048002200E100E038B506F077
:10B82000BBFA274B53F8204094F8293013B394F80F
:10B830002720012A1ED194F83030DBB92169CB7959
:10B8400043F08003CB7104212369597084F83020C0
:10B850002269D3796FF38613D371C0232269D1791A
:10B86000490601D5013BFAD106F096FABDE8384009
:10B87000FFF746BDE569002DEAD194F82A30ABB157
:10B88000236893F90F00FFF749FD2269D37943F04C
:10B890008003D371042223695A702269537965F3B6
:10B8A00000035371012384F82C30D1E72269537AC5
:10B8B00003F0F7035372082223695A70C8E700BFE8
:10B8C0003048002238B506F067FA2D4B53F8204077
:10B8D0002269537A517ADD0601F0E0015172D8B243
:10B8E00003F003020CD523695978490600D5DAB173
:10B8F0000125294684F82B50204606F087FA3AE0C5
:10B90000002AF5D102072CD594F82B30002B34D126
:10B91000B32294F829102369C1F10301C9B2DA7185
:10B92000204606F056FA16E05A785506C2F3801102
:10B93000E8D5082284F82B105A7023685B6A1B78BC
:10B94000012B14BF022203222369DA702269537982
:10B9500043F00103537106F01FFABDE83840FFF7CA
:10B96000CFBC94F82C30002BF5D04307F3D594F8D6
:10B970002B30002BCCD00121D2E70021BCE700BF47
:10B9800030480022014803F0E3BE00BF08980102DE
:10B99000034A044B026024209B1AB3FBF0F070476B
:10B9A000F8360102E83A010270B5044688B103781E
:10B9B000C3B10D4D0D4EB54201D3002409E02968F5
:10B9C000A14208D1284606F08CFA002814BF2C4664
:10B9D0000024204670BD2046F5F742FB0028F1D038
:10B9E0002435E8E71C46F4E7F8360102E83A01029C
:10B9F0002DE9F8430646044640B103781C462BB1B6
:10BA0000104CDFF84480444503D300242046BDE8B1
:10BA1000F883226A52B1204606F063FA30B1156805
:10BA200025B10027D5F80090B94501D12434EAE7C3
:10BA3000304655F8041FF5F713FB0028E6D0013710
:10BA4000F2E700BFF8360102E83A01021FB50446EA
:10BA5000F7F73AFE07490B685B0708D0064B01224F
:10BA6000029300231846CDE9003306F05DFA204624
:10BA700006F06AFACC0A0022429801022DE9F04150
:10BA800004460D4686B0EFF31188102383F3128825
:10BA9000BFF36F8F2B4F2C4A3B68966859074ED0E7
:10BAA000042898BF294B127C94BF53F82030284BB0
:10BAB0000390CDE90432274B012202930023214950
:10BAC0001846CDE9003306F02FFA85B1EB693A68E4
:10BAD000C3F308035BB152071AD01F4B0122029334
:10BAE000002318491846CDE9003306F01DFA3B68DB
:10BAF0005B070DD0D6B91948194BCDE90360029305
:10BB0000002301221846CDE900330E4906F00CFA55
:10BB100029462046FFF79AFF88F31188BFF36F8FFD
:10BB2000304606B0BDE8F041FBF70EBA304606F0ED
:10BB300061FD0028DFD00378002BDCD0DCE7002D8E
:10BB4000C4D1E5E7CC0A0022B04900222456010204
:10BB500051980102679801028F9801025F980102D3
:10BB6000B098010238B50A4B53F82040013053F821
:10BB70002050A54200D838BD606830B1037FDB0794
:10BB800001D406F0ECF90834F3E723689847FAE7A4
:10BB900038560102012270B52A4B032086B01A7074
:10BBA000FFF7E0FFFFF7EEFE06F0FDF90420FFF7D8
:10BBB000D9FF254C254D2646AE4204F1300410D362
:10BBC00001F0F2F8204C224EAC4226D301F000F9ED
:10BBD00003F007FA1F4A137B23F00103137306B027
:10BBE00070BD54F80C3C059354F8103C049354F881
:10BBF000143C039354F8183C029354F81C3C0193F2
:10BC000054F8203C009354E90A2354E90C0100F055
:10BC10001FFE54F8303C5E65CDE7D4E90A23B3F14A
:10BC2000FF3F08BFB2F1FF3F05D052EA0301206891
:10BC300003D101F0CDF93034C6E73146183001F0B8
:10BC400085FCF8E71F4A0022E83D0102E83D0102B9
:10BC5000312701024032002208B50348034A00217F
:10BC6000121A06F093F908BD800D0022284A00221E
:10BC7000F82370B5144E86B003FB0066134B012207
:10BC800005930F23CDE903320023CDE901331823B7
:10BC90004FF4A0720E4D0F4903FB0055044602FB02
:10BCA00000110D4B3046009500F0D2FD737B2C74D3
:10BCB00023F004037373094B013403EBC423EE60D8
:10BCC0006B6006B070BD00BF4831002212990102BE
:10BCD000B049002258DA0022D920010258D20022AD
:10BCE000BFB50020FFF73EFF254B83F308880024F3
:10BCF000F023244D244F85F82230EC772C766C7697
:10BD0000AC766B6A43F4E0236B62FBF7E5F8FBF774
:10BD100063FA4FF0FF33AB62EB62F7F7A3FC1B480B
:10BD200000F02CFE06F0DCF8F7F70AFC0120FFF724
:10BD300019FF0220164DFFF715FF01F07DF8154B96
:10BD400015499D61154B4FF4004205930123284688
:10BD5000CDE90343CDE901443B46009400F078FD72
:10BD600006466A7B284622F004026A7306F0A3FCAA
:10BD70002046FFF77DFF3A4631462846FBF700FA9A
:10BD800058DA002200ED00E095BB0002503400229A
:10BD900040320022B049002298DB0022E45C01021C
:10BDA00038B5054C256804EB850405B938BD54F851
:10BDB0000439013D9847F8E7AC3E010238B5044C20
:10BDC000044DAC4200D338BD54F8043B9847F8E723
:10BDD000B83E0102B83E010238B5064C064DAC42F1
:10BDE00001D3002038BD2046D4E9011206F0E2F864
:10BDF0001834F4E7E80A0022180B0022002038B5B6
:10BE0000054C064DAC4200D338BD204606F044F93F
:10BE10000028F9DB2034F5E7E80A0022E80A0022CE
:10BE200070B50025094C0A4E002301221946204610
:10BE300006F0EBFB21463046013506F03FFB0A2DAC
:10BE400004F15004F0D1002070BD00BF985B0122C6
:10BE5000180B00222DE9F34104460E4600F10808B4
:10BE6000EFF31187102181F31288BFF36F8F406ABF
:10BE70002169884239D22568AC4218D0BDB1284624
:10BE800006F035F905F1180006F04BFE3146E26880
:10BE9000286907F037F800232846C5F8B03006F0C7
:10BEA0000AFC4046394600F03BFF00202AE03146BC
:10BEB000E268206A07F026F8236AE268102113443A
:10BEC000A2692362934208BF636904F1280008BF96
:10BED0002362636A0133636206F0C5FF0028E0D184
:10BEE00087F31188BFF36F8F0CE052EA03010CD087
:10BEF0000749404689680E61CDE90023394622464C
:10BF000000F092FE02B0BDE8F0816FF02200E7E79A
:10BF1000B0490022F7B50446084604F10807EFF3DC
:10BF20001186102181F31288BFF36F8F616A002997
:10BF30003DD0E268E16906F0E5FFE369E268256863
:10BF40001344A269E361934208BF63694FF00000A4
:10BF500008BFE361636AAC4203F1FF33636236D02A
:10BF6000002D34D0284606F0C2F805F1180006F07E
:10BF7000D8FDE2682969206A06F0C4FF236AE268F6
:10BF800028461344A2692362934204BF6369236273
:10BF9000636A013363620024C5F8B04006F08BFB8E
:10BFA0003846314600F0BCFE204603B0F0BD52EAF0
:10BFB00003010AD0084989680861CDE900233146A8
:10BFC0002246384600F030FEEFE76FF0220086F39D
:10BFD0001188BFF36F8FE8E7B04900222DE9F341E4
:10BFE000044617461E46EFF31188102383F3128888
:10BFF000BFF36F8FC368334A7BB180689168884212
:10C0000019D057EA060318D188F31188BFF36F8F50
:10C010006FF00F0002B0BDE8F081916891F90E1049
:10C020000133E36093682161A36088F31188BFF353
:10C030006F8F0020EEE72169F2E791F90E1090F979
:10C040000E306FF07E029942A8BF19469142B8BFE8
:10C0500011468B422DDD06F00DF90546224641467C
:10C06000CDE90076184800F0DFFD0028E1D0EFF3BD
:10C070001186102383F31288BFF36F8FA068D0B1AD
:10C08000236821699C420AD04BB193F90E30994242
:10C09000A8BF19466FF07E039942B8BF194606F053
:10C0A000E9F840B13146084800F03AFE6FF00A0066
:10C0B000B0E70025D2E7002DF4D186F31188BFF355
:10C0C0006F8FF3E7B0490022204A0022F8B5836859
:10C0D0000546002B40D0234A926893423FD1C36863
:10C0E000012B03D9013BC3600020F8BDEFF311879A
:10C0F000102383F31288BFF36F8F0169806806F005
:10C10000B9F82C68A54207D10023C5E9023387F3AB
:10C110001188BFF36F8FE7E7002CF5D0D4E9003228
:10C12000002613605A60637BC4E9006623F00203B3
:10C130006373A66004F1180006F0F3FCAC6094F998
:10C140000E3020462B61C4F8B06006F0B4FA3946D0
:10C15000054800F0E5FDC7E76FF01500C5E74FF0B3
:10C16000FF30C2E7B0490022204A002237B5EFF382
:10C170001185102181F31288BFF36F8F04689CB181
:10C180002368426823F003039442036008BF4360BE
:10C190000121204606F0FAF8044685F31188BFF322
:10C1A0006F8F204603B030BD52EA0301F5D0CDE9D0
:10C1B0000023294600F10C02083000F035FD00286C
:10C1C000EFD1024B9B681C69EBE700BFB04900222E
:10C1D00070B5EFF31186102383F31288BFF36F8FCE
:10C1E0000468A0421BD0D4B1D4E90032002513600A
:10C1F0005A60637BC4E9005523F002036373A560B2
:10C2000004F1180006F08DFC2046C4F8B05006F08A
:10C2100052FA3146BDE87040094800F081BDD0E9CE
:10C2200002329A4253EA039302218360103006F0EF
:10C230001AFE0028EDD186F31188BFF36F8F70BD11
:10C24000214A002213B5EFF31181102484F31288E0
:10C25000BFF36F8F846844B1013C846081F311881F
:10C26000BFF36F8F002002B010BD52EA030406D165
:10C2700081F31188BFF36F8F6FF00F00F3E7CDE903
:10C2800000230246014800F0CFFCECE7214A0022DF
:10C290002DE9F8430546EFF31188102383F3128844
:10C2A000BFF36F8F00266FF00A0937462C68A5424E
:10C2B00016D0ACB1D4E9003213605A60637BC4E994
:10C2C000007723F002036373A76004F1180006F0FF
:10C2D00028FC2046C4F8B09006F0EDF90126E5E709
:10C2E00000230221AB6005F1100006F0BCFD30B95F
:10C2F0002EB988F31188BFF36F8FBDE8F8834146EC
:10C30000BDE8F843014800F00BBD00BF214A002200
:10C3100073B50C46EFF31181102585F31288BFF336
:10C320006F8FD0E90365B5420AD92B1F036155F819
:10C33000043C236081F31188BFF36F8F002008E075
:10C3400052EA030507D181F31188BFF36F8F6FF0B5
:10C350000F0002B070BDCDE900230246083000F0A6
:10C3600063FC10F10B0FF4D0024B9B681B69236038
:10C37000E4E700BFB04900221FB5094A02AB92E8CA
:10C3800003004FF4806283E80300009305494FF0F7
:10C39000FF33054800F008F9002005B05DF804FB04
:10C3A000684A0102B85E0122383300222DE9FF41BC
:10C3B000044610274D4EEFF3118887F31288BFF320
:10C3C0006F8FD4F8F850F5B9022104F5887006F0A3
:10C3D000B3F8002868D004F58475002201212846AE
:10C3E00006F014FA0028F8D100234FF0FF32029330
:10C3F0004FF0FF334146CDE900233D4804F58072FC
:10C4000000F0F2FED7E7D4F8FC202B689542C4F880
:10C41000F83008BFC4F8FC30D4F8103143F0020300
:10C42000C4F81031EB6823F0040343F00103EB6020
:10C430006B6888F31188BFF36F8F28469847EFF336
:10C44000118887F31288BFF36F8FEB68D80623F04B
:10C45000010236D4EA60EB689A0716D5306823F0FB
:10C460000203EB6088B10021036870B14268954215
:10C4700035D1036869BB72683360824200D1736052
:10C48000002340F8083BFFF7A3FED4F8103123F057
:10C490000203C4F8103188F31188BFF36F8FDB05F6
:10C4A00089D400F011FD86E7D4F81031D9069BD568
:10C4B000C4F8100188F31188BFF36F8F04B0BDE892
:10C4C000F08123F01103EB6005F11000FFF780FE0F
:10C4D000C1E70B607368834208BF7160D0E71A46FA
:10C4E00003B11A68014618461346BEE7D849002230
:10C4F000224A0022F8B5C36804469A070F46C3F3E0
:10C5000040062CD45B071AD40B680BB983680B6008
:10C51000E368DD0742BFA36802263B603D6858BF61
:10C520000126002D3AD01F4B9B68AB420AD0D5F8AC
:10C530001031D807C3F3800214D46FF01206002321
:10C540003B6025E006F04DF8D5F810310028F0D119
:10C55000D907C3F3C002F0D552B15B0708D46FF01E
:10C560000F06ECE7002AFAD1C3F3C003002BF6D183
:10C5700000232360D5F8FC3063B9C5E93E44284662
:10C5800005F0E5FFE36843F00403E3603B68A36064
:10C590003046F8BD1C60C5F8FC40F0E76FF01506AA
:10C5A000CDE700BFB0490022F0B50446002089B0B5
:10C5B000C4E93E000E9D04F58070C4E9400004F516
:10C5C0008470C4E942004DB32879002840F201107C
:10C5D00008BF0120C4F8100100204FF0FF364FF0D3
:10C5E000FF37CDE90330CDE90100CDE906672046EC
:10C5F0000B4B009400F096F955B1296811B1204613
:10C6000000F0D4F86B791BB1237B43F00103237353
:10C61000204609B0BDE8F04000F0DABC0120D9E7BF
:10C62000ADC3000237B501900846EFF31184102125
:10C6300081F31288BFF36F8FC16811F01E0F16D1FE
:10C6400053EA020508D101A9FFF754FF84F31188CA
:10C65000BFF36F8F03B030BD41F00801C160019995
:10C6600010308161034900F071FF0120EEE70020E6
:10C67000ECE700BF5F25010201460148FFF7D2BF8A
:10C680003833002238B5EFF31185102383F3128875
:10C69000BFF36F8F0468A04213D094B1204605F019
:10C6A0008FFF04F1180006F03CFA00232046C4F87E
:10C6B000B03006F000F82946044800F031FB0020B5
:10C6C00038BD85F31188BFF36F8FF8E7234A002246
:10C6D0002DE9F0410546EFF31187102383F312880B
:10C6E000BFF36F8F0468A04222D00CB3002620460F
:10C6F00005F066FF04F1180006F013FAB046204674
:10C70000C4F8B08005F0D7FF2C680136A54208D0E8
:10C710003CB1204605F054FF04F1180006F001FA80
:10C72000EDE73946054800F0FBFA3046BDE8F081F8
:10C7300087F31188BFF36F8F0026F6E7234A0022A4
:10C740002DE9F34105460C4617461E46EFF31188C6
:10C75000102383F31288BFF36F8F0846FFF7B6FCF0
:10C760002A464146CDE90076074800F05DFA0546C5
:10C770004FF0FF324FF0FF332046FFF72FFC2846E3
:10C7800002B0BDE8F08100BF234A0022EFF3058329
:10C790003BB9054B9B68D8897F288CBF00200120BE
:10C7A00070470020704700BFB049002210B5044612
:10C7B00008B9054B9C681F2204F1780006F096FC2E
:10C7C000002084F8970010BDB04900222DE9F84FF1
:10C7D0000C46A1B39AB390F80D90DFF86C80084630
:10C7E000571EB9F1000F25D00025DFF860A0B8F87A
:10C7F00004B019EA0B0F19D0B8F806307E1B9E4220
:10C8000028BF1E46D8F80010324606F07BFB2E44A7
:10C8100039EA0B0904EB06000CD0BD1B012D28BF23
:10C82000012551462A4606F06DFB354408F10808FB
:10C830006019DCE7002303702046BDE8F88F01484B
:10C84000FBE700BF1F62010250560102309901024E
:10C850002DE9F04F984685B000F15803C0E9163332
:10C86000129B0F46037304230026044643730732CA
:10C87000119B22F0070A5246837301EB0A05C0E9B7
:10C8800006668660C673AA213846DDF838B0DDF842
:10C890004C9006F05EFB29462046F9F7D3FD109B2D
:10C8A000073020F00700C4F8A000C4E9267A0293FC
:10C8B0000F9B2D1ACDE900B32A4643463946204640
:10C8C000FAF71AFC0F9BC4E9198BE366109B6665A7
:10C8D0002367EFF31183102282F31288BFF36F8F67
:10C8E0000F4F7A6A7C62626783F31188BFF36F8FA0
:10C8F000B9F1000F11D01F22494604F1780006F06B
:10C90000F5FB84F89760BB680BB1D3F8A4302846D8
:10C91000C4F8A43005B0BDE8F08F84F87890F2E751
:10C92000B0490022F0B5002587B00595109DDDE9DE
:10C93000127604950F9D044603950E9D02950D9D5C
:10C9400001950C9D0095FFF783FFB6F1FF3F08BFEF
:10C95000B7F1FF3F05D056EA070305D1204600F0A6
:10C9600037FB204607B0F0BD3A463346024904F192
:10C97000180000F0EBFDF4E73127010240F201134B
:10C980008381002310B50446C0E9263301F050F836
:10C99000014B9C6010BD00BFB04900226FF00A013E
:10C9A000094A9368C3F8B0100849C3F8AC004B6853
:10C9B00043F080534B60002383F31188BFF36F8FE4
:10C9C0009368D3F8B0007047B049002200ED00E052
:10C9D00070B590F90D20437B002A36DBD90634D19F
:10C9E0001B4C63F07F032246437352F81C3F216ABD
:10C9F000934207D1C0E900210860206211E099420A
:10CA0000F8D01B68002BF5D090F90E5093F90E600A
:10CA1000B542F4D0AE42F2DD5968C0E90031086099
:10CA20005860E569954200D005B9E568A3685A7B6E
:10CA3000D20604D1DA897F2A01D9AA6932B1AB4280
:10CA400002D0284600F084FCA56170BDA361FCE71C
:10CA5000B049002238B590F90D200146002A437BE9
:10CA600004DA03F07F03437305F0EBFD0D4D2A4616
:10CA700052F81C4FAB68944200D004B9EC688B426A
:10CA800007D05A7BD20604D1DA897F2A01D9A2695C
:10CA90002AB1A34202D0204600F05AFC2346AB61E3
:10CAA00038BD00BFB049002270B590F90D20014695
:10CAB000002A437B04DA03F07F03437305F0C1FDD2
:10CAC0001C4C4B7B224663F07F034B7352F81C3F98
:10CAD000206A934207D1C1E900200160216211E080
:10CAE0009842F8D01B68002BF5D091F90E5093F9BD
:10CAF0000E60B542F4D0AE42F2DD5868C1E90030B4
:10CB000001605960E569A368954200D005B9E56800
:10CB10008B4207D05A7BD20604D1DA897F2A01D909
:10CB2000AA692AB1AB4202D0284600F011FC2B467C
:10CB3000A36170BDB0490022F8B5394C0746A26820
:10CB4000824224D1EFF305830BBBEFF31186102350
:10CB500083F31288BFF36F8F537B03F07F0343F09F
:10CB60001003537305F06DFD234653F81C5F9D427F
:10CB700000D005B9E568A3689D4202D0284600F0C0
:10CB8000E7FB3046A561BDE8F840FFF707BFEFF3CC
:10CB90001185102383F31288BFF36F8F7B7BD90637
:10CBA00004D585F31188BFF36F8FF8BDD90943F021
:10CBB000100219D17A73E6691A4B9E4200D006B969
:10CBC000E668A368B34202D0304600F0C1FBA36818
:10CBD000A6619F42E5D1EFF30583002BE1D13A7BBB
:10CBE000D2070AD42846CEE703F07F0343F01003B0
:10CBF00038467B7305F025FDDDE785F31188BFF32B
:10CC00006F8F83F31188BFF36F8F0423184602DF01
:10CC1000EFF31180102383F31288BFF36F8FB2E715
:10CC2000B0490022CC490022F8B5124B0C46DDE990
:10CC3000067611469868104A1060EFF311821022B0
:10CC400082F31288BFF36F8F9D68284605F00BFDB5
:10CC5000B6F1FF3F08BFB7F1FF3F06D03A46334673
:10CC6000064905F1180000F071FC2046BDE8F840C7
:10CC7000FFF794BEB0490022E049002231270102AB
:10CC8000F8B50446EFF31187102383F31288BFF33E
:10CC90006F8F437B49B203F01F02002A0CBF0126AD
:10CCA000002639D103F07F031C4D437305F0C9FC06
:10CCB0002A46437B817363F07F03437352F81C3F22
:10CCC000934227D1286AC4E9002004602C620FE057
:10CCD0008342F8D01B68002BF5D093F90EC0614554
:10CCE000F6D08C45F4DD5968C4E900310C605C6015
:10CCF000EC69944200D004B9EC68AB689C4202D065
:10CD0000204600F025FBAC6187F31188BFF36F8FDD
:10CD10003046F8BD286ADEE78173F5E7B0490022A6
:10CD200049B9EFF3058030B9054B9A699B689A427F
:10CD300001D0FFF733BE81F31188BFF36F8F7047C7
:10CD4000B049002210B5EFF31184102282F312884B
:10CD5000BFF36F8F427BD10604D484F31188BFF3F5
:10CD60006F8F10BD22F010024273FFF731FE214693
:10CD7000BDE810400148FFF7D3BF00BF244A00229E
:10CD8000034648B9EFF3058232B9064A91699268C1
:10CD9000914201D0FFF702BE83F31188BFF36F8F7A
:10CDA000704700BFB0490022EFF31181102383F3D5
:10CDB0001288BFF36F8F054B9A68D37B013BD37307
:10CDC00081F31188BFF36F8F704700BFB049002215
:10CDD00070B5EFF31186102383F31288BFF36F8FC2
:10CDE000144DAB68DA7B0132DA732A4652F81C4FD5
:10CDF000944200D004B9EC685A7BD20604D1DA8997
:10CE00007F2A01D9A2692AB1A34202D0204600F0AC
:10CE10009FFA2346AB6186F31188BFF36F8FEFF360
:10CE20001180102383F31288BFF36F8FBDE8704029
:10CE3000FFF7A6BFB0490022024B03F11C02C3E971
:10CE400007227047B049002208B5FFF719FF70B1FB
:10CE5000074B9B68DB7B53B9EFF31180102383F3FF
:10CE60001288BFF36F8FBDE80840FFF789BF08BD88
:10CE7000B049002270B5EFF31186102383F31288B6
:10CE8000BFF36F8F0E4D2B4653F81C4F9C4200D0C2
:10CE900004B9EC68AB685A7BD20604D1DA897F2AE0
:10CEA00001D9A2692AB1A34202D0204600F050FA6B
:10CEB0002346AB613146BDE870400248FFF730BF02
:10CEC000B0490022244A002270B5EFF311861023E6
:10CED00083F31288BFF36F8F1B4CA168226A0B6823
:10CEE000914208BF0022496818BF1A460B6059607A
:10CEF000A368216A2AB9154AC3E900210B6023629D
:10CF00000CE093F90E0092F90E50A84218D0854219
:10CF100016DD5168C3E900210B605360E5690B4BD6
:10CF20009D4200D005B9E568A3689D4202D028461D
:10CF300000F00EFAA5613046BDE87040FFF72EBD47
:10CF40008A42D8D01268D5E7B0490022CC490022E5
:10CF500051EA00032DE9F04105460E4604D1FFF7E2
:10CF6000B3FF0020BDE8F081431C71F1FF3324DBE7
:10CF700005F0F8FD4419EFF31188102383F31288AC
:10CF8000BFF36F8F0F4F104BB8681860FFF762FD4B
:10CF9000B8680E492A463346183000F0D7FABA6806
:10CFA0004046537B43F004035373FFF7F7FC05F04F
:10CFB000D9FD201A20EAE070D4E76FF00104241AAA
:10CFC000D9E700BFB0490022E04900223127010221
:10CFD00038B50446EFF31185102383F31288BFF3AD
:10CFE0006F8F437B5B070FD5183005F09AFD637B8D
:10CFF000204623F004036373FFF7EAFC2946BDE8EB
:10D0000038400448FFF78CBE85F31188BFF36F8F5B
:10D0100038BD00BF244A0022014B9868704700BF0A
:10D02000B04900222DE9F8430446077BEFF3118550
:10D03000102383F31288BFF36F8F437B190705D545
:10D0400085F31188BFF36F8FBDE8F883D90943F0EA
:10D05000080260D14273A36813B1204605F0F9FAC3
:10D0600004F1180005F05DFDA66D04F15808B04507
:10D0700011D04FF0000976B1304605F0EAFA06F11A
:10D08000180005F04EFD3046C6F8B090FFF7A0FC42
:10D09000A66DB045EFD1DFF8CC80D8F808309C42BF
:10D0A00041D1EFF30589B9F1000918BF4FF001092B
:10D0B000D8F81C60294A964200D00EB9D8F80C6006
:10D0C000B34202D0304600F043F92046C8F8186059
:10D0D000FAF732F8204600F093F9B9F1000F02D0C8
:10D0E0001F48FFF74BFCD8F808309C4231D1EFF3D2
:10D0F000058373BB227BD20718D42846FFF74EFC6A
:10D10000FB07A1D5002383F31188BFF36F8F04239E
:10D11000184602DF98E703F07F0343F008034373E8
:10D1200005F08FFA97E74FF00009C1E785F3118802
:10D13000BFF36F8F83F31188BFF36F8F04231846FB
:10D1400002DFEFF31180102383F31288BFF36F8F98
:10D15000D4E785F31188BFF36F8FD1E7CC49002264
:10D1600050340022B0490022F8B5014615461C464D
:10D17000EFF31186102383F31288BFF36F8F437B85
:10D180001B0720D454EA020323D0154FB868884205
:10D1900022D08A6800F158039A421DD0583105F018
:10D1A00062FAB4F1FF3F08BFB5F1FF3F06D0B8689F
:10D1B0002A4623460B49183000F0C8F93046BDE82E
:10D1C000F840FFF7EBBB002086F31188BFF36F8FA9
:10D1D000F8BD6FF00F00F7E76FF02C00F4E700BF29
:10D1E000B049002231270102D3B5DDE90667089C6A
:10D1F000CDE90067FFF718FD1CB1034B9B681B6965
:10D20000236002B0D0BD00BFB04900222DE9F04D2F
:10D2100000248CB0CDE9091205461646DDE9142339
:10D2200004A80F460B9405F0A3FCDDE904ABEFF373
:10D230001183102282F31288BFF36F8F089395F841
:10D240002C308DF81F409A0749D405F104082A8A2A
:10D250002B899B1A6A699BB29A4205D105F1240079
:10D2600005F02EFB8DF81F000B994046721A3944C9
:10D2700002F072FB0B9BC418B4420B940CD13446E1
:10D280009DF81F3073B3089905F11800FFF748FDAA
:10D2900020460CB0BDE8F08D95F82C30DB0704D4A7
:10D2A000002C08BF6FF01F04EAE7114B09AA9B6826
:10D2B00029461A610DF11F03CDE900AB029308AABC
:10D2C00005F11C0005F0C3FA04460028BFD010F198
:10D2D0000B0FD5D10B9B002B18BF1C46D0E76FF06E
:10D2E0008B04CDE7089B83F31188BFF36F8FCFE7E3
:10D2F000B04900220122044BC01A044BC01058430D
:10D30000034B1A54704700BF48350022ABAAAAAAA3
:10D31000254A0022C3897F2B12D80A4B1B6863B1B0
:10D32000094B90F90E201B689A4209DB437BDB0610
:10D3300006D1064BC31A18BF012303F00100704742
:10D340000023FAE7E8490022E4490022483100229C
:10D3500070B50E4B0E4C1E7C054606EB460304EBE7
:10D36000C304204605F0DDFB00220A4B28469A55EF
:10D37000FFF7D0FF48B1084B2046BDE870401A685F
:10D380000649013AD31700F0E1B870BDB049002258
:10D3900048350022254A0022E8490022F5D2000241
:10D3A00038B5EFF31185102383F31288BFF36F8F25
:10D3B000104B114A9C681068A04206D1FFF7C8FFC5
:10D3C00085F31188BFF36F8F38BD00211B7C11607E
:10D3D0000A4AD35C002BF3D02046FFF79BFF0028BE
:10D3E000EED0637BDB0602D12046FFF75DFB2046D3
:10D3F000E4E700BFB0490022E0490022254A0022AC
:10D40000EFF31181102383F31288BFF36F8F0A4A61
:10D41000536A834207D15B6F536281F31188BFF374
:10D420006F8F70471346002BF7D05A6F8242F9D1A5
:10D43000426F5A67F1E700BFB0490022F8B50546D0
:10D440000E46EFF31187102383F31288BFF36F8F1B
:10D45000064B5C6A24B987F31188BFF36F8FF8BD60
:10D4600020463146A847646FF4E700BFB049002268
:10D47000F8B506460F46EFF31183102282F31288A7
:10D48000BFF36F8F15460B494C6A24B983F311889B
:10D49000BFF36F8FF8BD83F31188BFF36F8F3946E9
:10D4A0002046B047EFF3118385F31288BFF36F8FE7
:10D4B000646FEAE7B0490022074808B5074A0849FF
:10D4C000121A04F065FDBDE808400648064A0749FF
:10D4D000121A04F05DBD00BF50050022340B00227B
:10D4E000E09E0102000000225005002290990102F6
:10D4F000024B1868984208BF00207047400A00227B
:10D50000034B1B680BB9FCF74BBD0020704700BFF5
:10D51000EC49002230B570B10B4B5B6898420AD0E1
:10D52000036843B1D3E90421D0E90445121941EB62
:10D530000501C3E90421D0E9003213605A600023D9
:10D54000C0E9003330BD00BF400A0022B3F1FF3F05
:10D5500008BFB2F1FF3FF8B504461D4617465AD042
:10D560008160EFF31186102383F31288BFF36F8F6E
:10D57000013275F1FF3316DBFFF7C2FF7B1C45F16B
:10D5800000051B1845EBE070C4E90430FFF7B0FF5D
:10D59000264F84467868BCF1000F18D1C4E90070AA
:10D5A00004607C6027E06FF001032149D1E900208D
:10D5B0009B1A4FF0FF3262EB0000DB1B60EB0500B3
:10D5C000012B70F10002BCBF01230020DCE7DCE985
:10D5D0000425D4E90431934271EB050E1CDAD21A0A
:10D5E000DCF8043065EB0105CCE90425C4E900C38F
:10D5F0001C60CCF80440FFF77BFF844207D10D4B41
:10D600001C6824B905F074FA2146FCF74BFC86F33C
:10D610001188BFF36F8FF8BD9B1A61EB050184453C
:10D62000C4E90431BAD0DCF800C0B4E7400A0022F3
:10D6300060350022EC4900222DE9F047EFF3118517
:10D64000102383F31288BFF36F8F254F4FF000082C
:10D6500038604FF00009FFF74BFF224E3B68D6E9D8
:10D66000001E4FEAE37C50B1D0E90442A3427CEBB8
:10D67000020A18DAE41A62EB0C02C0E90442002440
:10D680005B184EEB0C02C6E900323C6005F030FA44
:10D690002146FCF707FC85F31188BFF36F8FBDE8C7
:10D6A000F047FFF77DBE61184EEBE473C0E90489D3
:10D6B000C6E90013FFF72EFF85F31188BFF36F8FC4
:10D6C00083689847EFF31185102383F31288BFF323
:10D6D0006F8F3B681B1B3B60FFF70AFFBEE700BF75
:10D6E000EC4900226035002210B5EFF311841023BD
:10D6F00083F31288BFF36F8FFFF702FF0346054ADB
:10D70000D2E90001181841EBE37184F31188BFF3EB
:10D710006F8F10BD60350022F8B50446EFF3118716
:10D72000102383F31288BFF36F8F026822B187F34F
:10D730001188BFF36F8FF8BDD0E90A36581C46F147
:10D740000001022871F1000127D3012B76F10001BD
:10D75000BCBF012316465D1E46F1FF3605F006FAF2
:10D76000013041F10001401946EB0101012871F13E
:10D7700000013ADB05F0FAF9013041F100016FF0E8
:10D780000102401946EB01034FF0FF31121A61EB21
:10D79000030320461749FFF7D9FE236B01332363A8
:10D7A000236A6BB187F31188BFF36F8F2046236A1A
:10D7B0009847EFF31187102383F31288BFF36F8F1D
:10D7C00054F8185FA542B2D0002DB0D0284604F01E
:10D7D00081FF0023C5F8B03087F31188BFF36F8F46
:10D7E0002846BDE8F84004F066BF6FF001024FF034
:10D7F000FF33CEE719D700022DE9F04105461C465C
:10D8000090461F46EFF31186102383F31288BFF36F
:10D810006F8FB4F1FF3F08BFB2F1FF3F05D186F330
:10D820001188BFF36F8FBDE8F081531C74F1FF3393
:10D8300009DB012A74F10003BCBF0122002412F1AC
:10D84000FF3844F1FF37284605F06BF9DDE9062380
:10D85000C5E90A23002342462B6328463B4602497A
:10D86000FFF774FEDBE700BF19D7000237B50446A7
:10D87000EFF31181102585F31288BFF36F8F006BD2
:10D8800098B923688BB14FF0FF334FF0FF320B484C
:10D89000CDE9002304F11802FFF7C6F9EFF3118177
:10D8A00085F31288BFF36F8F206B0023236381F30E
:10D8B0001188BFF36F8F03B030BD00BF264A00222E
:10D8C0001423F0B500241027144E03FB010001318E
:10D8D000013900D1F0BD10F8073CA0F1140C03F0A1
:10D8E0003F03102B40F80C4C0CD826FA03F3DB074F
:10D8F00008D550F8143C2BB150F8105C2B605D60DB
:10D9000040E9054482F31188BFF36F8FEFF3118272
:10D9100087F31288BFF36F8F6046D9E716010100C5
:10D920002DE9F74F1D46274B16469F68012387F8C0
:10D93000603087F8613052EA05030CBF01230023F1
:10D9400007F16002804605F0BAF98146EFF3118BCA
:10D950004FF0100A8AF31288BFF36F8F97F8604078
:10D960004CB901465A464046FFF7AAFF8BF311888F
:10D97000BFF36F8F0BE0002387F8603056EA050392
:10D9800009D18BF31188BFF36F8F6FF00A04204623
:10D9900003B0BDE8F08F5946CDE900650A4A0B484F
:10D9A000FFF742F90446EFF311858AF31288BFF3BB
:10D9B0006F8F2A4649464046FFF782FF85F311885C
:10D9C000D6E700BFB0490022480A0022274A0022B9
:10D9D00038B50346EFF31185102282F31288BFF3A6
:10D9E0006F8FC160012181600068834206D185F399
:10D9F0001188BFF36F8F0024204638BDD0E9003274
:10DA000013605A600023C0E9003305F0DAF92946B3
:10DA100004460248FFF784F9EEE700BF274A0022D8
:10DA20000A460146014805F04ABA00BFE80A00224A
:10DA3000014BC0F8A4307047E80A002238B504460C
:10DA40000D4604F0CEFD28B9064B9B68D3F8A430F0
:10DA50000BB938BD044B2A4621461846BDE838406C
:10DA600005F02DBAB0490022E80A002270B50A4C30
:10DA700005F088FD094A2358051909496E685A437B
:10DA800001FB0622A3FB0131013342EB01022350CB
:10DA90006A6022F0004070BD080000002DF451586B
:10DAA0002D7F954C054B014600B505F06BFDC21866
:10DAB0001950002353605DF804FB00BF080000000C
:10DAC0000FB407B504AA064B52F8041B186801925C
:10DAD00000F0F8F903B05DF804EB04B0704700BF44
:10DAE00054520102014B196805F037BD545201022E
:10DAF000F8B50E4B06461D68AB789B0712D56F68CC
:10DB000016F8014B29462CB90A20B847002805DB36
:10DB1000204609E02046B8470028F1DAAB7843F008
:10DB20000403AB704FF0FF30F8BD00BF5452010248
:10DB30000CB430B589B005460C461C22002101A862
:10DB400005F007FA022305958DF806300D4B029378
:10DB500023462CB1B4F1004F28BF4FF00043013BE6
:10DB60001D440DAA0C9901A80695009200F0AAF98F
:10DB700014B1059B00221A7009B0BDE8304002B014
:10DB8000704700BF4B3501020EB470B589B0044632
:10DB90001C2200210DAD01A855F8046B05F0D9F940
:10DBA000022301A82A4631468DF80630094B059418
:10DBB000029304F100430095013B069300F082F9C3
:10DBC0000028A4BF0023235409B0BDE8704003B06F
:10DBD000704700BF4B350102242A2DE9F04104466D
:10DBE00001D8012A4CD1364B162205F0CBFC1A5035
:10DBF00001B10C6000273846BDE8F08135462E465D
:10DC000016F8010B2028F9D0A0F109070346042FCC
:10DC1000F4D92B2836D02D2837D14FF0010CAE1C6B
:10DC20006B78302B38D1307840F0200078282FD115
:10DC300032F010002CD173783446102202360CF1E9
:10DC4000004000270138B0FBF2FE02FB1E08392B12
:10DC500082BF03F1FF3343F02003263B303B9A425F
:10DC60001ED9774502DC03D1984501D24CF0020C55
:10DC7000354607FB0237344615F8013B2E46E6E7EA
:10DC80000546BCE74FF0000CC9E74FF0000CC8E7B1
:10DC9000002A08BF0822D2E7002A08BF0A22CEE7DE
:10DCA00001B10C601CF0010F18BF7F421CF0020F85
:10DCB000A1D0034B2222074605F064FC1A509AE7D4
:10DCC00014000000242AF0B5044601D8012A40D1EE
:10DCD0002E4B162205F056FC1A5001B10C600020A4
:10DCE000F0BD2F463D4615F8010B2028F9D0A0F1D4
:10DCF00009060346042EF4D92B282CD02D282CD12C
:10DD00000126BD1C7B78302B2DD1287840F02000D7
:10DD1000782824D132F0100021D16B782C461022C3
:10DD200002350020392B82BF03F1FF3343F020037B
:10DD3000263B303B9A421AD9A0FB02040CB9C0180A
:10DD400001D346F002062F462C4617F8013B3D460C
:10DD5000E8E70746C6E70026D3E70026D3E7002A10
:10DD600008BF0822DDE7002A08BF0A22D9E701B16F
:10DD70000C60F20748BF4042B307B1D5034B2222E3
:10DD800005F000FC1A504FF0FF30A9E71400000026
:10DD90002DE9F04101260746B24201DCBDE8F081E1
:10DDA0003B461F4613F8014B002CF7D0252CF8D129
:10DDB0001C780237252CF3D00023DFF804819C4621
:10DDC0001D461F2D18D8A4F1200EBEF1100F09D941
:10DDD000A4F1300EBEF1090F1ED80A24202504FB41
:10DDE00003E304E028FA0EFE1EF0010F06D017F838
:10DDF000014B002CE5D128E07F2D1CD8A4F1300E7A
:10DE0000BEF1090FE9D9242C10D1BCF1000F46D086
:10DE1000B34246D00023EAE724F0040EBEF12A0FF5
:10DE2000F8D06C2C09D145F08005E0E724F0040E11
:10DE3000BEF12A0FEED06C2C22D06C2C1BD8682C93
:10DE400023D06A2C28D04C2C26D0BCF1000FA5D0B2
:10DE5000B445A1D144F020070B68A7F1650CBCF1D3
:10DE6000020F01D9612F1ED1073323F007030833B6
:10DE700001360B608FE7742CB9D07A2CB7D0E4E769
:10DE80002C0648BF45F40075CDE7EC0548BF45F4C6
:10DE9000007545F48075AAE745F42075A7E79C4610
:10DEA000B8E76324D6E7692C02D007D8632C03D0E7
:10DEB0002F0601D5AC05D7D40433D9E7732CF6E788
:10DEC000892801002DE9F04F436893B08046019303
:10DED00083789807CDE9061216D50B4600250B92DC
:10DEE0001F789FB1252F15D0013305934146384641
:10DEF000019B01359847002880F22A8498F8023067
:10DF000043F0040388F802304FF0FF35284613B081
:10DF1000BDE8F08F5F789A1C252F0592E6D000248B
:10DF20002646A246A346BBF11F0F32D8A7F1200315
:10DF3000102B0AD8DFE803F02409092A0909091B74
:10DF400009090922092709091900A7F13003092B3A
:10DF50002DD92A2F39D154B90B9B1BF0400F53F800
:10DF6000042B0B9329D0164601E04BF0010B059BC7
:10DF700013F8017B0593002FD5D15BE04BF0020B2A
:10DF80004BF0040BF3E74BF0080BF0E74BF0100BF2
:10DF9000EDE7BBF17F0F3FD8A7F13003092BD8D8AD
:10DFA0001BF0400F03D00A2202FB0636DFE70A22ED
:10DFB00002FB0A3A4BF0200BD9E7B2F1000AF9DA7A
:10DFC000CAF1000A4BF0280BD1E72E2F05D11BF028
:10DFD000400F9BD14BF0400BC9E7242F1CD1002CE4
:10DFE00000F03E81079B1BF0400F0B930AD1524675
:10DFF0000BA90698FFF7CCFE0B9B1A1DD3F800A0C7
:10E000000B92B4E732460BA90698FFF7C1FE0B9BB3
:10E010001A1D1E680B92AAE76C2F00F00E8100F209
:10E020000581682F00F011816A2F00F016814C2FB6
:10E0300000F0138134B1079B22460BA906980B937D
:10E04000FFF7A6FE002E47F02009B8BF2BF0400BCB
:10E05000A9F16503BCBF00261FFA8BFB022B40F21F
:10E060000481B9F1610F40F05882FF431BF0400F6B
:10E070000CA84BF4C05407F0200308BF4FF0FF3644
:10E08000049331460B9B073323F0070303F1080287
:10E0900093ED000B0B92049A05F0BEF90130C3B268
:10E0A000B342029301DB029B5E1E01230C9FA34639
:10E0B0004FF07009039307F10903122B0DD907F1F3
:10E0C0006303C62B40F20A8107F2E73340F2CE72B7
:10E0D000934294BF0323042303939DF8342002F05A
:10E0E0000C0312F0010240F014811BF0020F40F00B
:10E0F0000D811BF0040400F0F380002B40F00C8134
:10E1000020231BF4405F20D1029A002E02F1480226
:10E1100008BF01266A44133A029921B112F8011D81
:10E12000302900F02E811BF0100F029A18BF3246E2
:10E13000391DC0F22B81B74280F22881BA424BF4DC
:10E14000005B40F325817E1C961B1BF40052089255
:10E1500000F0208127EAE774013403B10134002E76
:10E1600000F02081721C1444A245CCBFAAEB040429
:10E1700000241BF0090F04D12C44A54240F0178164
:10E1800000243BB118464146019B013598470028C1
:10E19000FFF6B4AE1BF4006F12D041463020019B55
:10E1A00098470028FFF6AAAE049B41460235C3F10A
:10E1B0007800019B00F0F80098470028FFF69EAE1B
:10E1C0001BF0080F05D12C44AC4240F0FC802546E2
:10E1D0000024089B002B00F0158127EAE77A76429D
:10E1E000A7EB0A07029B0AF1FF3A05F10109414634
:10E1F000BB4289BF0CAB3020FB1858795645019BB8
:10E2000000F3EA809847002807F10107FFF676AE91
:10E21000BAF1FF3F08D141462E20019B98470028C4
:10E22000FFF66CAE05F102094D46DBE7742F3FF4B3
:10E230009EAE7A2F3FF49BAEFCE61BF0800F18BF1A
:10E240004BF4007B4BF0800B91E61BF4807F18BFF2
:10E250004BF4007B4BF4807B89E64BF4207B86E615
:10E2600026465446B346B24681E6FF431BF0400FB4
:10E2700007F0200308BF0626B9F1650F04930B9B36
:10E2800003F1070323F0070303F1080293ED000BEA
:10E290000B9211D1711C00224BF4805BC9B2134662
:10E2A00011290CA828BF112100F0F2FA0C9FC3B26B
:10E2B000029302230393FEE6B9F1660F05D14BF4F6
:10E2C000005B334601221121EAE7F1B200224FF050
:10E2D00065090129134638BF0121E1E70223FBE666
:10E2E000002B3FF40EAFBAF1030F39DC9DF8343048
:10E2F000A14E13F0080FA14B08BF1E463746B94682
:10E3000017F8010BA0BBAE1BB14478E023BB2B2355
:10E31000F7E61BBB2D23F4E62022BAF1040F12DD31
:10E320001BF0080FAAF104040ED12C444146202012
:10E33000019B0135029298470028FFF6DFADA54208
:10E34000029AF3D192B1002441461046019B013557
:10E3500098470028CADAD1E52B22DEE72D22DCE738
:10E360001BF0080FAAF10304C0D1DEE71446BDE795
:10E37000049B4146C01A019BC0B298470028BEDAF0
:10E38000BCE502990139C9B20291C5E6561EDCE628
:10E390000026DAE61BF4006F039A0CBF0324052461
:10E3A0001444DAE61BF0100F18BF0134DCE60993C1
:10E3B0004146019B20209847002805F10105099B53
:10E3C000BFF6DBAE9AE541463020019B0135984708
:10E3D0000028BFF6F9AE91E598470028FFF68EAD0C
:10E3E0001BF0100F0BD0BAF1FF3F08D105F1020965
:10E3F00041462E20019B98470028FFF67FAD4D46F1
:10E400004C442CE241469DF83500019B984700287A
:10E41000FFF674AD002E65DD41462E20019B984726
:10E420000028FFF66BAD4FF0010A029B4146D34630
:10E430009A45B7BF0CAB302053445879019B98479D
:10E440000028FFF65BAD0AF1010A5645EDDA023508
:10E450005D44049B4146A9EB0300019BC0B2984771
:10E460000028FFF64BAD002F4146019BB6BF2D2083
:10E470002B207F4298470028FFF640AD039B042BDA
:10E480003DD14FF47A794146019B0335B7FBF9F64C
:10E4900006F13000C0B298470028FFF62FAD09FB07
:10E4A00016774FF064094146019B0135B7FBF9F639
:10E4B00006F13000C0B298470028FFF61FAD09FBF7
:10E4C00016774FF00A094146019B0135B7FBF9F673
:10E4D00006F13000C0B298470028FFF60FAD09FBE7
:10E4E000167713E01BF0100F01D10135B1E741465B
:10E4F0002E20019B023598470028AADAFEE4039BF0
:10E500000235032BCDD0039B012BDAD107F130006C
:10E5100005F101094146C0B26CE7A7F16303122B74
:10E5200000F2FF80DFE813F013005700FD00FD004C
:10E53000FD00FD005700FD00FD00FD00FD00FD0099
:10E540001701F800FD00FD002C00FD00B9000B9B39
:10E5500001240CAF1A1D1B680B928DF830301BF094
:10E56000080F2ED03E19B946B1452CD1EF1BB94446
:10E57000AAEB040443E700BF82990102DE5E0102B8
:10E580000B9B1A1D0B921F68AB4B002F08BF1F4639
:10E590001BF0400F384614BF31464FF0FF3104F0F6
:10E5A000B5FD0446DBE741462020019B9847002843
:10E5B000FFF6A4AC013EB442F5D35544B246AD1BC0
:10E5C000D0E75646F7E7414619F8010B019B9847FB
:10E5D0000028C9DA92E41BF0800F0B9B35D01BF4A6
:10E5E000007F2DD0073323F0070303F10802D3E99E
:10E5F00000010B922BF0100900291FFA89F936DA75
:10E60000404249F4806961EB41010DF1300B0A236E
:10E610005A4604F0B3FD19F0400FA0EB0B0B65D088
:10E6200029F001025E4592B240F3B280002F00F063
:10E63000A98019F010033446914626D002345CE0DC
:10E640001A1D18680B92C117D4E71A1D1BF4807F9E
:10E6500019680B9201D10846F5E71BF4007F19BF3A
:10E6600048B241F3C01108B241F3C031C2E750EAE9
:10E670000103CAD11BF0400FC7D0002EC5D12BF02B
:10E68000110B34461FFA8BF9B34640F2064319EAE0
:10E6900003031CBF013400232FE02BF0100B0A23CF
:10E6A0001FFA8BFB1BF080040B9A57D01BF40071F0
:10E6B00015BF0732101D22F007020B900FBF106824
:10E6C00002F108010B91D2E9000150EA010252D196
:10E6D0002BF016091BF0400F1FFA89F94FD0002EBE
:10E6E0004DD12BF0170B1FFA8BF9B34619F010031D
:10E6F00052D0002F4ED10BF1010419F0080F5ED15A
:10E7000019F0010F06D0A2456EDDAAEB040404EB5C
:10E710000B06544622464DE04BF0100B1023782791
:10E72000C0E7B9F1780F04D1C7F1780343F01003C3
:10E73000B8E741462520019B98470028FFF6DEAB4D
:10E7400041463846019B98470028FFF6D7AB023573
:10E75000059BFFF7C5BB08230027A3E7111D106821
:10E760000B911BF48071B0D01BF400711ABFC0B2C2
:10E77000214680B2A9E72BF0060B1FFA8BF90DF1A9
:10E78000300B45E729F0110934461FFA89F97CE777
:10E790009146ABE75C4651E75C4676E7CDE902235C
:10E7A00041462020019B98470028FFF6A7AB029A1C
:10E7B000039B01329245F1DC2C1BA5181446F3B1E2
:10E7C00041463020019B98470028FFF697AB6FB970
:10E7D0000135A9462E44A6EB09035B4521DC5D46C5
:10E7E0000CAE5DBBD944C3E65E4693E702354146B5
:10E7F0003846019B98470028EBDAFFF77FBB40F2D1
:10E80000064319EA030FE4D019F0020F05F10105E0
:10E81000414614BF2B20202019F4806F18BF2D20F3
:10E82000E7E741463020019B09F10109984700289C
:10E83000D1DAFFF763BB00BF86990102013D414673
:10E84000019B705D98470028CBDAFFF757BB414624
:10E850002020019B013598470028FFF64FAB631B32
:10E86000002BF4DC74E700BF1FB502AB074A00932E
:10E870004FF0CC3304F096FDDDE90201C00840EA18
:10E880004170C90805B05DF804FB00BFCDCCCCCC0D
:10E890002DE9F04F9DB055EC104BCDE90C322A46D6
:10E8A000C5F313030B91290DD20FC5F30A55079039
:10E8B0008DED050A0A9275B922461A431BD1302301
:10E8C0000126056043710A9B43F002030371304641
:10E8D0001DB0BDE8F08F40F2FF7295424DD1059A10
:10E8E000002613430A9B079A14BF43F0080343F022
:10E8F00004031371EBE7059A4FEA83089A46B14D7A
:10E9000002F001020992059A48EA927897000122E2
:10E910001646C5F1000B0892584600F019FAB5F1F9
:10E92000FF3FACBF8146A0F10109ABEB090B09EB3E
:10E9300005035846069300F01FFA18A9A0F17D05BB
:10E94000584600F039FA14AB089AA9EB0505019373
:10E9500012AB02925146009318AA2B46059804F078
:10E9600064FCB9F1010F04460D4600F2D880099B02
:10E97000002B40F0CB8001276FE0059A43F4801A0A
:10E98000A5F2354502F001024FEA8A080992059A7C
:10E99000134348EA92784FEA82074BD140F2FE7364
:10E9A00019420CBF01260026002D3246B1DB284655
:10E9B00000F0C8F90346032DC8BF013B1846069373
:10E9C00000F0DAF9069B7C3018A95D1B0544184657
:10E9D00000F064FA14AB18AA0598019312AB5146E3
:10E9E000029600932B4604F020FC069B04460D463D
:10E9F000152B00F2888016AB734A384641460093C7
:10EA00004FF0CC3304F0CEFC169B179A9B0843EAD8
:10EA1000827303EB8303BB42DDE9129A0CD13846C3
:10EA2000414600F0B1F9069B83428CBF00270127C5
:10EA3000002612E00126B7E7099B002B53D1013FC6
:10EA400048F1FF31B81B61F1000100F09DF9069B10
:10EA5000099F83428CBF002601260D9B002B40F0AE
:10EA60009380DDF82CB04FF000084FF00A0ACDF883
:10EA70002080CDF81480DDE91201FFF7F5FE149B2C
:10EA8000CDE90E01184615991093FFF7EDFE0E9B88
:10EA900081460F9A98420B461191934180F08E80E7
:10EAA00020462946FFF7E0FE0AFB09F3109AB8F169
:10EAB000000F14BF002707F001070AFB10480D469E
:10EAC000934214BF002606F001060E9B5FFA88F8F9
:10EAD000044612930F9BCDE91339119B1593089BA4
:10EAE00001330893C7E7B81C48F1000100F04CF966
:10EAF000069B83428CBF00200120B9EB00006AF125
:10EB00000002CDE9120200273E46A6E7129B01272C
:10EB1000139A013B42F1FF32CDE9123288E7B9F195
:10EB20003E0FF0D84FF0FF33A9F12000C9F12001CA
:10EB300003FA09F203FA00F023FA01F103FA09F3E8
:10EB4000024327EA03070A4328EA020857EA0807AC
:10EB50000CBF012700276BE700FB02FC0133A1FB80
:10EB6000001262448C4275EB020CF5D2069A1344F3
:10EB70000C9A1344D20F9342B8BF13460B9A9A4291
:10EB8000A8BF1A4693466EE70A21002201230846D1
:10EB9000E8E70AFB03F00131A2FB0A230344944295
:10EBA00075EB0300F5D2594510DDBBF1000F02D122
:10EBB00054EA05030AD00123059371E70A220023D2
:10EBC0000121ECE7CCFBFFFFCDCCCCCC7EB34FF0EA
:10EBD0000A0A149B159918460F93FFF745FE0F9BE1
:10EBE0000AFB00F281460E919A4220D1B8F1000F43
:10EBF00014BF002707F00107DDE91201FFF734FE1B
:10EC000010900F9120462946FFF72EFE0F9B0AFB1E
:10EC10001048109A04460D465FFA88F81292CDE922
:10EC200013390E9B1593089B01330893D1E7069B7C
:10EC3000089A13449946002F5DD0B8F1050F5AD1B8
:10EC400014F001034DD1059A32B9DDE914239D4238
:10EC500008BF944262D0059B18194FF00A044FF088
:10EC600000024FF0010645F100012546A04271EB7C
:10EC7000020756D2FBB1B3451DDA0D9B73B106EB0B
:10EC800009030C9A1A44012A13460B9AB8BF0123B0
:10EC90009A42A8BF1A46964293460CDD053009F108
:10ECA000010906F1FF364FF00A024FF0000341F16F
:10ECB0000001F2F7BDF95E450FFA89F9079BA8BF7D
:10ECC0005E4636B2B14406F1050809F1FF379844B3
:10ECD0004FF00009B1452BDB079B0A9A1F601A71A0
:10ECE000F5E5059B2BB9DDE914239D4208BF94424D
:10ECF00009D00123B0E7059B53B9DDE914239D42F8
:10ED000008BF944204D1099B002BF2D1002EF0D011
:10ED1000B8F1040F94BF002301239DE74FF00408CE
:10ED2000F1E705FB02F70136A4FB05423A449DE7F3
:10ED30000A220023F2F77CF9303209F1010908F8C0
:10ED4000012DC7E7014B5843800C70474134010047
:10ED5000014B5843000D7047FB2E0B00014B5843ED
:10ED6000C00C70474F931200024B5843C00C013047
:10ED7000704700BF4F931200024B5843C00C013044
:10ED8000704700BF4F93120070B50346094A002038
:10ED90004FF0CC364FF0333506FB03F402FB014451
:10EDA000A3FB023121449D4275EB010401D30130E4
:10EDB000F2E770BDCDCCCCCC1A232DE9F04FB0FBDF
:10EDC000F3FA334E03FB1A0389B004460D4606EBF3
:10EDD0000A1653B9D6E90023C1E90023D6E9020196
:10EDE000C5E9020109B0BDE8F08F2A4A02EBC3036E
:10EDF000D3E9008904AB404649460093D6E9022393
:10EE000004F0D0FA06AB83460F46404649460093CD
:10EE1000D6E9002304F0C6FA00238146DDE9066244
:10EE200016EB0B0652EB070828BF012333B1049BF6
:10EE3000059A013342F10002CDE9043220460391E4
:10EE4000FFF79AFF07461A2000FB0AF0FFF794FF2E
:10EE50003F1A3246434648460399009704F0BDFAEC
:10EE60000D4A4FEA141C640004F01E0352F82C40B3
:10EE7000DC4004F003042418304641F10001DDE9D0
:10EE80000423C5E900414146009704F0A6FAA7E72C
:10EE9000A84B0102D84A0102905601022DE9F04F19
:10EEA0001A2700F11905DFF8E8A089B004460E46DC
:10EEB000B5FBF7F56F434FEA051B0AEB05153A1A48
:10EEC0000AD1D5E90023C1E90023D5E90201C6E949
:10EED000020109B0BDE8F08F2B4B03EBC203D3E96D
:10EEE000008904AB404649460093D5E9022304F06B
:10EEF00059FA5AF80B206B68013ACDE9020106A9CC
:10EF000063F1000340460091494604F04BFA8A46FB
:10EF1000029900238146DDE906526D18039952EBF0
:10EF2000010828BF012333B1049B059A013342F144
:10EF30000002CDE904323846FFF71EFF074620469F
:10EF4000FFF71AFF3F1A2A464346484651460097A4
:10EF500004F043FA0D4A4FEA141C640004F01E0347
:10EF600052F82C40DC4004F00304013424182846F5
:10EF700041F10001DDE90423C6E900414146009763
:10EF800004F02BFAA3E700BFD84A0102E4560102BD
:10EF9000784C010251EC100B0B4631F0004107D1C7
:10EFA00090B10D4A1A40002A14BF04200320704774
:10EFB000094A13420AD0094B994209D9914209D111
:10EFC000B0FA80F040097047022070470320704774
:10EFD00004207047002070470000F07FFFFFEF7FA4
:10EFE000704708B50020F3F747FE002008BDFEE794
:10EFF000836800EBC101B3F5004F2CBF51F822002C
:10F0000031F81200704700EBC1018068B0F5004F85
:10F010002CBF41F8223021F812307047012208B588
:10F02000FFF7E6FFD04008BD836800EBC101B3F5F0
:10F03000004F09D34B68002A23F0010043F001037D
:10F0400008BF03464B6070474B881AB143F0010379
:10F050004B80704723F00103FAE753000122FFF7CA
:10F06000D2BF8368B3F5004F34BF04230823C91A05
:10F07000081AC0087047B0F5004F34BF04230823B6
:10F08000481C0833A0EBD300B0FA80F0C0F11F0099
:10F0900070472DE9F041174603220E460446FFF75C
:10F0A000A7FF8642054607F104080AD10122E3685A
:10F0B000BA4023EA0203E360002344F82830BDE8A5
:10F0C000F081314602222046FFF792FF06462B468A
:10F0D00001460322204644F82850FFF794FF3346A8
:10F0E00029462046BDE8F0410222FFF78CBF70B5EB
:10F0F0000D4686680446FFF791FFB6F5004F0146BE
:10F1000001D3012809D03046FFF7B5FF2946024652
:10F110002046BDE87040FFF7BCBF70BD2DE9F04749
:10F1200005468068FFF7A7FF05EB800ADAF8109024
:10F1300088460646B9F1000F1BD00327DAF81040C5
:10F1400028462146FFF76AFF404507D3324621464D
:10F150002846FFF79EFF2046BDE8F08703222146A0
:10F160002846FFF745FF013FCAF8100001D081454E
:10F17000E4D14FF0FF34EB680136B4401C40EAD0D4
:10F1800094FAA4F2B2FA82F2131D55F82340DEE796
:10F190002DE9F04114460E460546FFF73FFFA4EB6C
:10F1A0000608371B0744424631462846FFF755FFFD
:10F1B0003A4621462846FFF750FF434600222146A3
:10F1C0002846FFF720FF21462846FFF727FF3B464A
:10F1D000211800222846BDE8F041FFF714BF2DE9B1
:10F1E000F041164604460F46FFF718FF3146054624
:10F1F0002046FFF713FF05442A4639462046FFF70D
:10F200002CFF31462046FFF709FF2B46311800221C
:10F210002046BDE8F041FFF7F6BE2DE9F0410D466E
:10F2200086680446FFF7FAFEB6F5004F014601D3A3
:10F23000012832D03046FFF71EFF04EB80010E6933
:10F2400096B90122E36882401343E36002220D6114
:10F250002B4629462046FFF7D6FE032229462046A4
:10F26000BDE8F041FFF7CFBE022231462046FFF74E
:10F27000BFFE0746034629462046FFF7C4FE032289
:10F28000334629462046FFF7BEFE39462B46204628
:10F29000FFF7B9FE02223146E1E7BDE8F081F8B59B
:10F2A0000C460546FFF7BAFE2618012231462846CD
:10F2B000FFF79EFEC3070CD431462846FFF717FF21
:10F2C00021462846FFF7AAFE214622182846FFF7C6
:10F2D00086FF002221462846FFF78AFE271A0122D0
:10F2E00039462846FFF784FE10EA020613D1394654
:10F2F0002846FFF7FCFE214632462846FFF778FEF7
:10F300002246211A2846FFF76AFF21463246284640
:10F31000FFF76EFE241A21462846BDE8F840FFF7A5
:10F320007CBF38B579B1056800222846FFF799FE01
:10F33000044601462846FFF777FE21462846BDE8E9
:10F340003840FFF7ACBF38BD70B5056809B900207B
:10F3500070BDAB68B3EBD10FF9D9B3F5004F34BF33
:10F3600004230823CC1D1C44E40821462846FFF74B
:10F37000D5FE06460028EAD001462846FFF74EFE95
:10F38000A04209D93444314628462246FFF700FFFF
:10F3900021462846FFF741FF284601223146FFF764
:10F3A00043FEAB68B3F5004F34BF0423082303EBDF
:10F3B000C603E818CCE72DE9F84306681446B2689E
:10F3C00001F1FF39B2F5004F34BF0423082319EAD5
:10F3D00001090F460BD0494239408B424F4628BFA6
:10F3E0000B46894654B900252846BDE8F883994262
:10F3F000F8D82146BDE8F843FFF7A6BFB2EBD40F1B
:10F40000F1D9B2F5004F34BF04220822E11D39447E
:10F41000C91A11443046C908FFF780FE804600280B
:10F42000E1D0B36809EBC005B3F5004F34BF042346
:10F4300008231D4435447B1E1D44B5FBF7F57D4371
:10F44000A5EB090529463046FFF70BFE2C4407348F
:10F4500024F00704A41B804507464FEAE40408D2C1
:10F46000024641463046FFF793FE41463046FFF7DD
:10F47000D4FE39463046FFF7D1FD3844844208D2E5
:10F48000394630462246FFF783FE21463046FFF7D5
:10F49000C4FE012239463046FFF7C6FDA4E72DE938
:10F4A000F74F914698460F460468009031B942469E
:10F4B000494603B0BDE8F04FFFF77DBFB8F1000F3C
:10F4C00006D1FFF72EFF0025284603B0BDE8F08FD8
:10F4D000A568B5EBD80FF6D92046FFF7C2FD014667
:10F4E00006462046FFF79AFDB5F5004F34BF0421CC
:10F4F000082101EBC602224408F10705BB1A0D449E
:10F500001D4483460193ED08B9F1000F03D009F1C2
:10F51000FF32174244D15D450FD010D235442A4600
:10F5200031462046FFF734FE314620460122FFF7E0
:10F530007BFD29462046FFF7B2FE3D46C4E706EBB9
:10F540000B0A012251462046FFF752FDC30727D47C
:10F5500051462046FFF762FD5844A84220D3514649
:10F560002046FFF7C4FD51462046FFF757FDA5EBA7
:10F570000B08404509D93544514620462A46FFF735
:10F5800007FE29462046FFF748FE524631462046F0
:10F59000FFF725FE012231462046FFF745FDCCE767
:10F5A000424649460098FFF706FF054600288AD0E4
:10F5B00031462046FFF732FDA368019AB3F5004FAC
:10F5C00034BF04230823C2EBC002D21A4245394695
:10F5D00028BF4246284603F095FC39460098FFF7BD
:10F5E000A0FE71E7B2F5802F2CBF082304232DE97C
:10F5F000F0410026D21A8C18CD1D25F0070524F005
:10F600000704641BE408056021462046AC60EE60F8
:10F61000FFF731FD421D9200013002F107074FEA6A
:10F62000D7073146A2F1100205F11000B8BF3246EB
:10F6300003F08FFC3A4631462846FFF70EFD33466D
:10F64000324631462846FFF7DEFCA4EB0708314678
:10F6500028460122FFF7E8FC424639462846FFF7D4
:10F66000FCFC3B46324639462846FFF7CCFC214697
:10F670002846FFF7F2FC4346324621462846FFF76C
:10F68000C2FC214628460122FFF7CEFC3946284617
:10F69000BDE8F041FFF7C1BD2DE9F04706460D4634
:10F6A000174698462BB34FF0000A98F8004093F89D
:10F6B0000190DB78A40004EB430498F802301C446A
:10F6C0004444CA4509D339463046AC46D8F80420EC
:10F6D00008F10803BDE8F047604714F8013B0AF160
:10F6E000010A204648F82340F1F7CCFC01300444DD
:10F6F000E7E76FF01500BDE8F08770B5002502461A
:10F700002846144614F8013B0BB9184609E098B195
:10F710008D4207D1702B04D0A3F140023A2A0BD8B6
:10F72000002070BDA3F140063A2E05D8537801356C
:10F73000941C002BE9D0002080F00102D2B2252BCE
:10F7400008BF10462246DCE70020704700F062B98F
:10F750000FB407B504A951F8040B019100F05AF950
:10F7600003B05DF804EB04B07047002383F3118805
:10F77000BFF36F8F0423184602DF70470FB407B53D
:10F7800004A951F8040B0191FFF7E0FF03B05DF805
:10F7900004EB04B0704738B50D4604462022002122
:10F7A00003F0D7FB0022EB68E361AB68A3612B6831
:10F7B00023626B68A26263622A6923B1591E1942EF
:10F7C00008BF42F001022261012204F12C00002155
:10F7D000BDE8384002F044BEA0F13003DBB2092B93
:10F7E00002D800200B707047A0F16103052B02D8EE
:10F7F0005738C3B2F5E7A0F14103052B01D83738DC
:10F80000F7E76FF015007047F7B5054601F0010006
:10F8100000EB51069E424FEA510703D900263046BD
:10F8200003B0F0BD58B128780DF10701FFF7D4FF00
:10F830000028F3DB9DF80730013502F8013B013564
:10F840001744BA42EBD015F8010C0DF10701FFF790
:10F85000C3FF0028E2DB9DF807402401E4B21470E6
:10F8600015F8020BFFF7B8FF0028D7DB9DF807302B
:10F870001C4402F8014BE4E7F0B506460C88888882
:10F880003769241AA4B2BDB2601BBC4280B228BF43
:10F8900004462D1BA8B2984228BF1846336823445B
:10F8A00013600B8803440B80F0BD70B48389858896
:10F8B0000669ED1AADB2731B934228BF134670BCA4
:10F8C0000A46011DFFF7D8BF70B40E460146C58831
:10F8D00031F80A3FEC1AA3B2934228BF13463246CE
:10F8E00070BCFFF7C9BF10B54B880C88E41AA4B2EE
:10F8F00094420ED31A4492B28B884A800A800069DF
:10F90000D21A92B2824201D2002010BD03448B80F1
:10F91000FAE76FF01500F8E72DE9F34106460F46C8
:10F9200015464FF000082A46304601A9FFF7BDFFF3
:10F93000044640B102463946019803F0E3FA2D1B14
:10F94000A0442744EFD142463046311DFFF7CBFF9C
:10F95000404602B0BDE8F0812DE9F34107460E466E
:10F9600015464FF000082A46384601A9FFF7ACFFBC
:10F97000044648B12EB102460199304603F0C2FA5E
:10F9800026442D1BA044EED14246384607F10A0119
:10F99000FFF7A9FF404602B0BDE8F0812DE9F34131
:10F9A00006460F4615464FF000082A46304601A984
:10F9B000FFF78AFF044640B102460199384603F03A
:10F9C000A1FA2D1B2744A044EFD10022304606F1B6
:10F9D0000A01FFF788FF404602B0BDE8F08170479A
:10F9E0000020704708B503F0C1F80A220023F1F7A0
:10F9F0001FFB08BD0346D3E8EF0F421CC3E8E12F0D
:10FA00000029F8D17047002108B50846F3F7B0FD8A
:10FA1000002008BD1FB50023CDE902011A46194692
:10FA20001846CDE90033F3F7A7FF05B05DF804FBF6
:10FA3000704700207047002070470020704718B1C1
:10FA400040680079F3F7F6BE4FF0FF30FAE7024660
:10FA50000B4609200021F3F7EDBE38B504460D46EC
:10FA600043681146DA71F3F747FF012263681D60AE
:10FA700063685A71BDE83840FFF7DABF10B54368D4
:10FA800004465B7913B10021F3F736FF0022636867
:10FA90005A7110BD70B5D2E901369B1B8B420C46E2
:10FAA00015460AD313680A460146981903F02AFA44
:10FAB0002046AB682344AB6070BD6FF01B00FBE7D2
:10FAC00070B50E4615461946044618B9BDE8704093
:10FAD000F3F71EBE33B1C2F34A231030120D18449F
:10FAE00003F010FAC4E900562046BDE87040F3F771
:10FAF00023BE2DE9F3415F1C4FEA8708064608F153
:10FB0000170020F0070080080C461546FFF793FF0A
:10FB100000238DF80470ADF805308DF8073068B11A
:10FB20000346019AA8F1040143F8102F2A462944FC
:10FB300052F8045B8A4243F8045FF9D1002331464E
:10FB4000A20102F4E07242EA482222F07F4222F44B
:10FB5000700222F03F0202B0BDE8F041FFF7B0BFF3
:10FB60007FB50BAB059303930A9B022202930023FC
:10FB70001846CDE90033F3F7FFFE07B05DF804FB4C
:10FB800007B50123019201AAFFF7B3FF03B05DF8A7
:10FB900004FB07B5CDE9002302236A46FFF7A9FF5E
:10FBA00003B05DF804FB1FB5CDE90123069B01AA54
:10FBB00003930323FFF79DFF05B05DF804FBF8B541
:10FBC00006460D4614461F4604B9F8BD2146284690
:10FBD0003A46B047241A0544F6E707B5D1E90032A2
:10FBE0008DF80700012152680DF1070098470020A9
:10FBF00003B05DF804FB0A2838B504460D4602D16F
:10FC00000D20FFF7EAFF29462046FFF7E6FF002018
:10FC100038BD2DE9F043054687B008460E8891F8B7
:10FC200000900C46D1F808801746F3F775FF011EC7
:10FC3000C6F38216C9F3C2091EDB4846F3F7B2FDCC
:10FC400003462146002251F8100B6488C0F34A2075
:10FC5000904201EB000C08BF1146C4F30B14CDE930
:10FC6000021C28464146CDE90447CDE90026F3F7BA
:10FC700081FF07B0BDE8F0830023E2E7002930B43C
:10FC8000044618460BDBA5680844A84207D8E0687C
:10FC90006468214484682468A44630BC60476FF0DF
:10FCA000150030BC70470B68834204BF01230B7101
:10FCB000704703785B075FBF03684288C3F34A233A
:10FCC00003EB12105DBF173020F007008008002002
:10FCD000704783681B6A03B11847704708B54368CB
:10FCE000197311B11868FFF7F4FF002008BD10B5B3
:10FCF00040681C462430FFF72FFE2060002010BD16
:10FD000010B5406850F8804B02F083FF2046FFF7A3
:10FD1000E0FFA368DB6A0BB120469847002010BDC6
:10FD20002DE9F04145681E462B7B0C46174693B1E2
:10FD300001EB0208A04507D137600120D5E9013168
:10FD400098470020BDE8F081286814F8011B8368FB
:10FD50005B689847EEE705F11000FFF7DDFD012134
:10FD6000306005F1B803D3E8EF2FC3E8E01F0028A7
:10FD7000F9D1002AE5D128688368DB69002BE0D03F
:10FD80009847DEE70023826882F856308268A2F83E
:10FD900052308268A2F850307047034610B5D3E85D
:10FDA000EF0F40EA0102C3E8E42F002CF7D110BDA9
:10FDB000034610B5D3E8EF0F00EA0102C3E8E42FD1
:10FDC000002CF7D110BDFCF709B90EB403B503AA96
:10FDD00052F8041B0192F5F729FD02B05DF804EB1F
:10FDE00003B0704708B5034610B1F1F74BF983B281
:10FDF000184608BD37B50023054684680093F5F71B
:10FE000059FFAB6804F58354B3F850301C341BB170
:10FE10009620002102F0C1FC6946204601AA03F0A9
:10FE200049F803B030BD8B68002803F5835203F511
:10FE3000855302F11C0203F10C0314BF184610464F
:10FE40000021FDF7C5BD00F58350183019B14FF4FE
:10FE50000061FFF7A2BF6FF40061FFF7A9BF00F5D3
:10FE60008350183011B10421FFF797BF6FF00401E0
:10FE7000FFF79EBF00F5835008B5143029B101216A
:10FE8000FFF78BFF00F0010008BD6FF00101FFF7E5
:10FE90008FFFF7E7FCF71AB941F27C0373B5856869
:10FEA00003EB0113044616461D446946284601AA81
:10FEB00003F000F8009B23B1284602F0F8FF20462B
:10FEC000B04702B070BD70B5836804461A7D012A40
:10FED0002DD103F58052916F490407D5526F520717
:10FEE00004D40146DA6CC06900F0B8FD41F20C168A
:10FEF000A0684FF4FA7200233044FFF764FF054610
:10FF000018B16FF00F05284670BD08212046F5F79F
:10FF10007FFD6069F4F7C6FD2046F4F785FF2046B3
:10FF200000F002FDA0683044FFF7B4FFEBE76FF08C
:10FF30008505E8E7F8B5044680681F46037D0D4651
:10FF4000022B164608D0BDE8F84000F583504FF468
:10FF500080511830FFF721BF00F588504FF4FA7236
:10FF600000230C30FFF72FFF60BBA26802F580531F
:10FF7000996F090507D4926C2AB95B6F980602D570
:10FF8000204600F0D0FB3B4632462946204600F092
:10FF900028FCA26802F58053996F090507D4926C7A
:10FFA0002AB95B6F9B0602D52046F5F783FE606990
:10FFB00000F097F8A068BDE8F84000F588500C30D4
:10FFC000FFF768BFF8BD0CB407B504AB53F8042BBA
:10FFD0000193FFF7AFFF03B05DF804EB02B0704789
:10FFE0000EB403B503AB53F8042B08210193FFF7BC
:10FFF000A1FF02B05DF804EB03B070470EB403B587
:020000040201F7
:1000000003AB53F8042B03210193FFF793FF02B0D6
:100010005DF804EB03B070470EB403B503AB53F8BF
:10002000042B01210193FFF785FF02B05DF804EB7B
:1000300003B070472DE9F04105460F46E9B1084687
:10004000FFF7D0FE41F20C180646A8684FF4FA728A
:1000500000234044FFF7B7FE044620B16FF00F04C1
:100060002046BDE8F081731C142BA86800D83EB967
:1000700000F588500C30FFF70DFF6FF01504EFE727
:100080003946F0F7F7FFAB6883F83C60A868404456
:10009000FFF700FFE4E738B541F20C15044680682D
:1000A0004FF4FA7200232844FFF78DFE40B9204632
:1000B000F4F7BAFCA0682844BDE83840FFF7EABE70
:1000C00038BD28B1836803F58053D3F82401704705
:1000D0006FF0150070478368996409B9FFF752BE45
:1000E000704710B502690446836812680168C068E9
:1000F0009847002223691A6010BD38B5CB680546C1
:100100001B7C0C46022B04D10A2802D10D20FFF7DC
:10011000F4FF236922681B68D554226913680133F0
:10012000136023691A6863689A4202D12046FFF778
:10013000D8FF002038BD08B5034610B1F0F7A2FF84
:1001400083B2184608BD10B5047B43892244B2FB34
:10015000F3F0214403FB1022B1FBF3F003FB10107A
:10016000101A10BD10B5047B438921441019B0FB4F
:10017000F3F0B1FBF3F1401A10BD30B5057B4389B4
:100180002944B1FBF3F403FB14112A44013101802B
:10019000B2FBF3F103FB11220134848001324C1CC9
:1001A000C480428030BD2DE9F74F002607468846BF
:1001B00014469946B24606602378002B00F0BF80B3
:1001C000202B3AD0093B042B37D93B685A1C3A60A4
:1001D00048F823403B684B4500F0B1800026227868
:1001E000002AE9D0A6B9164623461C46272E04D07D
:1001F0005C2E25D0222E40F096802046FFF79BFFF4
:10020000611C0246204602F08AFE2278002AD3D0E2
:10021000B242A34604F1010420D15846FFF78BFFF8
:1002200021460246584602F07AFE9BF800605C4682
:10023000002ED9D1C0E70026BEE704F801ABBBE72A
:100240002046FFF778FF651C02462946204602F04B
:1002500066FE66782C46002EC8D1ADE75C2A9BF876
:100260000120D3D1B242104608D15846FFF763FFB0
:1002700021460246584602F052FEB0E7302A25D108
:10028000022300251BF80300A0F13001C9B20729A1
:1002900019D8ED000133EDB2052B45EA0105F1D186
:1002A000591E5944584601930091FFF744FF019BA2
:1002B0000099023BC21A584602F031FE9BF8012019
:1002C0008BF80050A2E7DBB2022BE9D1782825D1C8
:1002D000022100251BF80130A3F13000C0B209282B
:1002E00008D82D01EDB20543022901D00423D7E738
:1002F0000321EFE7A3F16100052805D82D01EDB238
:10030000573B1D43EDB2EFE7A3F14100052803D8A9
:100310002D01EDB2373BF4E7022902D10BF10104C4
:1003200074E70323BCE7202E85D0093E042E82D932
:100330006678631C002E7FF458AF1C463CE73046BD
:1003400003B0BDE8F08FF8B50E46114607461546D6
:1003500002F0FEFE0446E0B12846FFF7ECFEA7429D
:10036000054607D214F8013C202B02BF0135ADB27F
:1003700004F1FF342046FFF7DEFE3388421C5B1B8E
:10038000521B33802046611992B2BDE8F84002F05A
:10039000C6BDF8BD2DE9F0410F461646044686B0AD
:1003A00070B1034601AC00F1100522461868596887
:1003B000083303C2AB421446F7D1186801AC106091
:1003C0004FF00008414632462046F5F743FA08F15F
:1003D0000108054628B138462968F0F741FE002893
:1003E000F0D1284606B0BDE8F0812DE9F0471C4663
:1003F00000230F461646DDF820809DF824902360E8
:1004000023680546BB421BD256F8230000F031FD9D
:100410002368824618B1013328462360F0E742463C
:10042000284656F82310FFF7B5FF48B123685A1C39
:100430002260B9F1000FE3D08045E1D15546236039
:100440002846BDE8F087F8B50746FFF774FE054675
:1004500030BBF8BD54B18AB2AA1A01302C1B01324C
:1004600039443844A5B202F05AFD0024334698B20C
:100470006A1E9042EDDA3A5C5E1C202A02D0093AEC
:10048000042AF3D8B1B28BB29D42EFD97B5C202B0A
:1004900002D0093B042BDDD80134A4B20131F2E7CC
:1004A00000231C46E3E7F8B58468064694F8563006
:1004B0002BB9B368B3F85020A3F85220F8BD04F16B
:1004C0005600B4F85030C21812F8012C202A1CD063
:1004D000093A042A19D90022C25413461D46425D26
:1004E0000133202A9BB200EB0501F7D0093A042A18
:1004F000F4D9002DDDD0B4F850707A1C521B7F1B4C
:1005000002F00DFDA4F85070D3E7013B9BB2A4F8B4
:100510005030002BD5D184F85630CAE70EB403B55D
:1005200003AA52F8041B0192F5F780F902B05DF8B6
:1005300004EB03B0704710B50446F0F7A3FDB4F820
:10054000503013FA80F318463BB1628FB3FBF2F1DF
:1005500002FB1133B3FA83F0400910BD38B584684B
:1005600004F5805320465D6FF0F78CFDB4F85230EF
:10057000C5F3400580B205FB0300638FB0FBF3F2C7
:1005800003FB1200B0FA80F0400938BD10B50446F4
:10059000FFF7E4FF18B9A068FFF7CDFF20B160694D
:1005A000BDE81040F5F7C6B910BDF8B5054684683A
:1005B00004F13000B4F85020B4F85210FFF7DDFD1C
:1005C000A868A78EE68EFFF7B6FF10B16869F5F749
:1005D000B1F9B74207D1218E638E2846C91ABDE80A
:1005E000F840F5F7C3B9E18EA38E2846C91AF5F78E
:1005F000A7F9F0E7F8B504460D468068B0F8521048
:10060000B0F8502030300D44FFF7B7FDA068ADB210
:10061000B0F852102A463030FFF7A4FD0746A06814
:100620002A46B0F852103030FFF78DFD0646794269
:100630002046F5F785F931462046F5F797F9A36886
:10064000A3F85250F8BD2DE9F0410C1E064636DAEB
:100650004FF0FF35644224B2A4B2AFB216E0B368E3
:100660000022B3F852C0B3F85080614603F1560E31
:1006700081B96B1C02D0B8F1000F0FD1A1EB0C01B6
:10068000304609B2FFF7B6FF013CA4B2002CE6D118
:10069000BDE8F081884501D1012DEFD01EF8013071
:1006A00023F020004138192807D9303B092B04D901
:1006B000002AE3D1394489B2DAE70122FAE70125B9
:1006C000CAE78368B3F85210494209B2FFF792BFF4
:1006D0008368B3F85010B3F85230C91A09B2FFF763
:1006E00089BF8368B3F852301BB14FF0FF31FFF779
:1006F00081BF70478368B3F85220B3F850309A42F4
:1007000002D20121FFF776BF70478268B2F852101B
:10071000A2F850108368B3F852201344002283F8E3
:100720005620F5F7F9B810B504468068B0F85020A7
:10073000B0F852103030FFF720FDA3682046198E24
:10074000C1F10101F5F712F9A3682046998E01392C
:10075000F5F7F6F82046BDE81040F5F7DDB82DE9CD
:10076000F04105460F461446002686B0ACB906B0E7
:10077000BDE8F08141F2AC080121434401A802F038
:1007800063FB4FF0FF324FF0FF33012101A8FDF76B
:10079000C7F8A868404402F08AFB686822460368EC
:1007A000B919D3F80C806B46C047009A1644A41AB6
:1007B000002ADBD1AB68197D0329EED00229D9D9F3
:1007C00003F580539A6F9207FCD57833D3E8EF1F77
:1007D00021F00201C3E8E21F002ADED0F6E7FFF7AE
:1007E000BEBFF7B51E468368154603F58052526FAB
:1007F0000446D20613D593F83E208A420FD0DB8FF1
:10080000ADF80430F5F704F9324629466069F5F78A
:100810000DF8204601A9F5F71DF903B0F0BD3246E9
:100820002946606903B0BDE8F040F4F7FFBF0CB49F
:1008300007B504AB53F8042B0193FFF7D2FF03B0C5
:100840005DF804EB02B070472DE9F041876805467A
:10085000B7F850608846B318B3F5006F144627DA2E
:10086000B7F85230F61A56331F44B6B232463946FC
:10087000381902F054FB22464146384602F042FB4A
:10088000AA68B2F850302344A2F85030AB68B3F8ED
:1008900050201344002283F85620AB6803F58051A2
:1008A000496F890706D4B3F852201444A3F8524084
:1008B000BDE8F08131462846BDE8F041F5F750B972
:1008C000FFF7C2BF38B505468068B0F85220B0F8CF
:1008D0005040A41AA4B29CB156321044411C224686
:1008E00002F01DFBAA68611EB2F850302846013B99
:1008F000A2F8503089B20122BDE83840F5F730B98E
:1009000038BD10B583680446B3F850205AB1B3F827
:10091000523043B14FF0FF31FFF76CFE2046BDE887
:100920001040FFF7CFBF10BD002370B505464FF450
:100930007A7492B0019368684022036802A91E6924
:1009400001ABB047019B13B108B9013CF3D112B020
:1009500070BD70472DE9F84304468846914603F17F
:100960008E0701F03EFE054618B3EFF31185102304
:1009700083F31288BFF36F8FA36803F580539B6FD7
:100980001A0521D53A4649464046FFF742F9A36881
:1009900003F580539B6F1B0502D42046F5F78AF9B7
:1009A00001F01FFEA0B185F31188BFF36F8FBDE882
:1009B000F883A66806F588500C304FF0FF324FF0F0
:1009C000FF33FBF70BFBD7E72046FFF7ACFED9E779
:1009D000A06800F588500C30BDE8F843FBF776BB03
:1009E0002DE9F04143680D461C68A368E26903F5F0
:1009F00080535E6F936857681B79C6F30016012B0E
:100A000006D0032B01D0BDE8F0812046FFF78BFE16
:100A100033462A4639462046BDE8F041FFF79ABFE3
:100A200043681B68D3E90632D3E8EFCF8C44C3E8B0
:100A3000E0CF0028F8D19368D3E8EF0F0844C3E86B
:100A4000E20F002AF8D17047134610B50C460A464B
:100A500001461846FFF7C3FE204610BDF8B5044610
:100A60000D4617468B6803F583531833D3E8EF1F01
:100A700041F40051C3E8E21F002AF7D16868012160
:100A800003689B689847064680B9D4E90410FEF7CE
:100A900082FE3A4629462068FEF7DFFF012263689E
:100AA0005B685D60A3681E60A3681A71F8BD10B52D
:100AB00004460068FEF7E2FF0222A3681A7110BD27
:100AC0000EB403B503AA52F8041B0192F4F7AEFE6C
:100AD00002B05DF804EB03B070472DE9F84305461A
:100AE00017460E4600296FD00024335D202B28D0F6
:100AF000093B042B25D93046F0F7C4FAAA6883B223
:100B0000518F1B1BCA1B934206EB04091BD98F4252
:100B100048464FF0000802F1010300D801B9012353
:100B200010F8011B202906D0A1F1090CBCF1040F1B
:100B300002D80A292FD04246013B2BD008F10108E8
:100B4000EEE70134D1E74A464FF000080133013B9C
:100B500014D012F8011B0A2919D16869FFF7C1FAEC
:100B6000494642462846FFF7FAFD6869F5F7BAF8A4
:100B70000134394628464444F4F7F8FE68693119CF
:100B8000FFF79EFF6869BDE8F843F5F7ABB808F1D9
:100B90000108DCE790466869FFF7A3FA4246494638
:100BA0002846FFF7DCFD4444335D202B02D0093B8F
:100BB000042B01D80134F7E76869F5F793F8394653
:100BC0002846F4F7D3FE96E7BDE8F8830020704787
:100BD00083690020186070470EB403B503AA52F869
:100BE000041B0192F4F722FE02B05DF804EB03B09F
:100BF000704708B50168FFF71DFA002008BD83683B
:100C000003F583531433D3E8EF1F21F02001C3E829
:100C1000E21F002AF7D100207047836803F5835351
:100C20001433D3E8EF1F41F00801C3E8E21F002AA4
:100C3000F7D100207047836803F583531433D3E85A
:100C4000EF1F21F01001C3E8E21F002AF7D10020B6
:100C50007047836803F583531433D3E8EF1F21F003
:100C60000801C3E8E21F002AF7D10020704783681B
:100C700003F583531433D3E8EF1F21F00201C3E8D7
:100C8000E21F002AF7D100207047836803F58353E1
:100C90001433D3E8EF1F41F01001C3E8E21F002A2C
:100CA000F7D100207047836803F583531433D3E8EA
:100CB000EF1F41F02001C3E8E21F002AF7D1002016
:100CC0007047836803F583531433D3E8EF1F41F073
:100CD0000201C3E8E21F002AF7D10020704708B5DF
:100CE0008368D3E900210A60516000211A89C3E9B1
:100CF00000115B8900681A440C32FEF72DFE0120BA
:100D000008BD0023C3607047F8B51F46034653F87B
:100D1000044F16469C4202D100203880F8BDC568B9
:100D2000B1B9002DF8D0AC4202D10023C360F3E783
:100D30006C68C460002CEFD02289304604F10C01AD
:100D400002F0E0F80022238901203B80F254E5E71D
:100D5000002DEED08368AB42E7D02C68E9E738B5C8
:100D60000446051D6368AB4204D02046FFF7B7FF79
:100D70000028F7D138BD2DE9F04F02F10C050368CA
:100D8000C5F100091B6909F003094D4485B09D4276
:100D900004461746019110D80023C3606AB1466823
:100DA00000F1040AB2450BD05EB13389934208D1F9
:100DB00006F10C0002F044F918B905B0BDE8F08F57
:100DC0001E464FF0000B23685989DA88914204BF10
:100DD000C3E901BBC3F80CB0206883898288011D78
:100DE000D21A036992B29B1AAB4228BF2B4603AAC0
:100DF000FEF742FD8542804628D920688389828893
:100E0000011DD21A036992B29B1AAB4228BF2B462E
:100E100003AAFEF731FD854219D1738943447381DA
:100E2000A844039D3A4601992F81A5F80A9005F13F
:100E30000C0002F067F863684246C5E9003A5D605D
:100E400020686560011DFEF74EFDB6E7E9D0206819
:100E50000022011DFEF747FD63689A45B3D0204686
:100E6000FFF73DFFAFE7031DC0E901330023C36077
:100E7000704710B50346044658B1F0F703F9002156
:100E800082B28A4202F1010308BF0123013B02D171
:100E90000023184610BD625C3F2A03D02A2A01D0E5
:100EA0000131F3E70123F4E710B5044680684FF4FD
:100EB0000062002100F6560002F04BF8A068B0F87E
:100EC000502000F1560100F6560002F01BF8A06811
:100ED00000F65600FFF7B7FAA46804F65600F0F7DC
:100EE000D1F80130A4F8540010BD10B50446806854
:100EF000B0F8542000F65601563002F003F8A3680B
:100F0000B3F85420A3F8502010BD7FB50BAB059368
:100F100003930A9B0122029300231846CDE9003374
:100F2000F2F72AFD07B05DF804FB2DE9F041876870
:100F30000446FB680D4616469847BB682BB13246FF
:100F400029462046BDE8F04118476FF05700BDE83C
:100F5000F0812DE9F74FDDF830B01F4643EA0B036F
:100F60000B4381460E46144604D56FF0150003B0BE
:100F7000BDE8F08F0D9B002BF7D00E9B002BF4D01B
:100F800011EB0B03F1D41BEB0702EED4A04207D107
:100F9000B94201D10020EAE7914201DA9F42E4DB45
:100FA000484600F09EFF10B96FF01200DFE72046C0
:100FB00000F097FF0028F7D0A3682046DB68984729
:100FC0000E9BD0F800804345CFD3B3FBF8F508FB68
:100FD00015330093002BC8D1DA46009B9B45D9D925
:100FE000C24508D2A3682046DB689847424641794B
:100FF0000D9801F0AEFFC245534638BF43460E9AE6
:10100000934228BF1346D9F8082000991268484631
:10101000154671180D9A0193A8470028A7DBA2680E
:101020000099536820461D460D9A019B3944A847F4
:1010300000289CDBDDE900231A440092AAEB030A96
:10104000CBE77FB50BAB059303930A9B0122029379
:1010500000231846CDE90033F2F78EFC07B05DF8A7
:1010600004FB01460068F5F739B908B5F5F7E6F96C
:10107000BDE80840F5F7F2BB7FB50BAB05930393D2
:101080000A9B0122029300231846CDE90033F2F7B0
:1010900073FC07B05DF804FB7FB50BAB05930393BE
:1010A0000A9B0122029300231846CDE90033F2F790
:1010B00063FC07B05DF804FB00210120F5F70EB9D1
:1010C0006FF08500704761B662B680F31188BFF398
:1010D0006F8F704772B6002383F31188BFF36F8F51
:1010E000BFF34F8F30BF62B6BFF36F8F704708B545
:1010F000D1E904319847002008BD08B5F6F7B2F8E9
:10110000002008BD0B0706D5A0F1410200F1200325
:101110001A2A38BF184670472DE9F04F85B08A4625
:1011200015460446019300283ED000293CD0002BF0
:1011300000F00F810E46A046294618F8010BFFF774
:10114000E1FF0346C0B23F288146377827D013F02D
:10115000C00F0BD1C8B12A2837D029463846FFF72F
:10116000D1FF814506F101062DD01DE05B2879D025
:101170005C28F2D1EB07F0D46078FFF7C3FF0234AC
:1011800010F0FF0918BFA046E7E7EC0601D52F2FA6
:1011900002D0381E18BF012005B0BDE8F08F1FB186
:1011A0002F2F03D1A8070DD50120F5E72E2F09D148
:1011B000690707D55645F7D0AA0703D516F8013CAD
:1011C0002F2BF1D001364446B5E76078FFF79AFF40
:1011D000C1B22A2918D02E2F09D16B0707D5564541
:1011E000E2D0AF0703D516F8013C2F2BDCD079B93C
:1011F00015F00200D0D0ED060846CDD42F213046A0
:1012000001F055FF0038C5E7294618F8010FDDE762
:101210002F2908D1AC0706D5304601F048FF064615
:101220000028D0D1C0E7019B25F0040A03F1FF3963
:1012300005F00207B34629469BF80000FFF762FF5E
:1012400010F0FF0406F10106AED04B465246594657
:101250004046FFF761FF01289ED12F2CEAD1002FD5
:10126000E8D099E7002F9FD02F2F01D1A8079BD45A
:101270003846FFF747FF63788146212B01D05E2B6C
:101280001DD101230234294614F8010B0093FFF706
:1012900039FFC3B25D2B15D04FF0000B2F2B4CD074
:1012A0005C2B07D1EA0708D4294614F8010BFFF795
:1012B00029FFC3B2002B3FF477AF224605E0444636
:1012C0000023E0E722464FF0000B21782D293BD187
:1012D00029466078CDE90232FFF714FF10F0FF00D5
:1012E000039A1BD05D2819D05C28029B04F10202EE
:1012F0000ED115F0010F0BD1E21CA07803930292DE
:10130000FFF700FF10F0FF003FF44EAFDDE90223CE
:101310004B4503DC4845A8BF4FF0010B1446294656
:1013200014F8010BFFF7EEFEC3B25D2BB6D1009BA4
:101330005B453FF439AF621C03D15B2F7FF434AFC0
:101340004446A04601363EE74B4508BF4FF0010B2F
:10135000E4E7032020E74023FFF7DEBE7FB50BABB9
:10136000059303930A9B0122029300231846CDE9BB
:101370000033F2F701FB07B05DF804FB08B58430D9
:10138000F6F760F910B18047002008BD6FF001004A
:10139000FBE70121F6F7CCB80021F6F7C9B870B524
:1013A00013461446072205460E46F6F773FA38B977
:1013B000234631462846BDE870400622F6F76ABA51
:1013C00070BD2DE9F04106460D461746002401F197
:1013D000100858F8043F33B10134E4B20B2CF8D1B3
:1013E0000020BDE8F0813B46224629463046F6F70C
:1013F00051FA0028F0DAF4E7704743681847836829
:101400001847C36803B11847184670477FB50020D6
:101410000BAA059203920A9A01900292089A0092EE
:101420000122F2F7A9FA07B05DF804FB10B5D0F875
:10143000003203EBC20413F832300B2B1DBF01EB5B
:10144000830148696368002018BFC01810BD38B513
:1014500005460C4684304968F6F7F4F810B1A060F0
:101460000120256038BD7FB50BAB059303930A9B24
:101470000122029300231846CDE90033F2F77CFAEB
:1014800007B05DF804FB70B5034600240B225D6DC8
:101490008D420AD8DE6D2E448E4206D9282303FBE6
:1014A0000400836D1944481B70BD013A04F1010426
:1014B00003F12803EBD16FF00700F5E708228C3029
:1014C00050F8043F3BB1D3F88C10013A01F1FF31E1
:1014D000C3F88C10F4D1704770B51D465368D0F82E
:1014E00020111B0A826801EB03110446904730B9B2
:1014F0002946204663681022BDE87040184770BD39
:1015000038B50446D4F80C3208469D18D4F80822A1
:10151000D4F80412954228BF15461944EA1A01F07E
:10152000F1FCC4F80C52002038BDD0F808328B42D0
:1015300094BFC0F80C32C0F80C1200207047D0F8ED
:10154000040208447047D1E900239A4215BF0133D1
:1015500088604B60012018BF0020704710B50C4612
:10156000F7F7CCF923680BB10123237410BD10B534
:1015700042680069137A947A43F08001002C03F0EA
:101580007F0318BF0B4612681370012214301146F6
:1015900000F066FF002010BDF8B50E4647680569EB
:1015A0003B68F8681C78F5F74FFDF36804F0FC041D
:1015B000B3F5800F16D1B368B3F1007F1FD144F0AB
:1015C0000304AA88B3889A4222D13B681C702C4637
:1015D00035460FCD0FC42B682360F868F5F726FD5C
:1015E0000020F8BDB3F1A07F09D1B368B3F1806FDB
:1015F00008D0B3F1C06F08D0B3F1007FE1D06FF035
:101600008500EEE744F00104DBE744F00204D8E78C
:101610000022002305F11400FAF714FE0028D4D0AC
:101620006FF00F00DDE710B5046923798B4202D01B
:101630006379934209D14368D868F5F705FD04F151
:101640001400BDE81040FAF7C3BD10BD002070477C
:1016500038B51446456849B142B12878F8F7D4FD49
:101660006B68B0FBF3F02060002038BD6FF0150010
:10167000FBE708B5F8F702FD002008BD2DE9F341AE
:101680001C460023904682682360A3600D46536980
:10169000694601AA9847019B5A1E019223B96FF02F
:1016A000150002B0BDE8F0810098A2684768216883
:1016B000676085B9A8EB02030668B34228BF3346CA
:1016C00003FB07111A442160A26002689A4206D8FF
:1016D00008300090DFE76B1AB3FBF7F3ECE700206C
:1016E000DFE713460022FFF7C9BF13460A46002171
:1016F000FFF7C4BF07B5836869465B6901AA9847CD
:101700000020019B5A1E019213B903B05DF804FB3F
:10171000009B53F8082B10440093F2E700290ADBE2
:10172000C3688B4207D95B1A934204D3891834BF2C
:101730000120002070470020704703690020DB680B
:10174000C1E90030704740687047F8B50769154631
:1017500038461A460E461C46FFF7E0FF38B124B162
:10176000B9682846314401F0CDFB0020F8BD6FF088
:101770001500FBE738B5436805691B68984728469C
:1017800005F15C01F9F75EFA044638B9012205F16A
:101790004400114600F064FE204638BD6FF004009E
:1017A000FBE7436800209B689B889BB20B607047F7
:1017B0004368986843889BB25A400A4053409BB2A2
:1017C000438000207047436800209B685A8811437B
:1017D00089B259807047436800209A6853889BB249
:1017E00023EA010353807047436800209B685A88AE
:1017F000514089B25980704710B503695868F8B1F3
:10180000884219D19C680868A142586000D198604C
:10181000002008602AB15A680A609A68596002B9C3
:101820009960002010E0814206D108682060986825
:101830008142EDD19C60EBE7044600680028F2D1BC
:10184000002AE8D16FF0150010BDF0B50022044663
:101850004FF00C0C0669B24201D10020F0BD00250A
:10186000E3680CFB023083680133013B01D1013294
:10187000F1E747687F5D8F42F0D00135F5E770B53D
:1018800002690B465168064619B101250C689D4056
:1018900001B970BD8A682A4002D030464B6898472B
:1018A000234604B1236821461C46F1E70369002062
:1018B000D3F89C300B607047036802791B6983F88A
:1018C000942003F17C00FAF783BC7FB50BAB059342
:1018D00003930A9B0122029300231846CDE90033AB
:1018E000F2F74AF807B05DF804FB30B503681360FF
:1018F0000579046804EBC504A34202D36FF001002C
:1019000030BD5C798C4201D00833F0E70020F7E766
:1019100043681B681A6D12F47C5F1DBF1B680020B2
:101920000B704FF0FF30704743681B689A6C520091
:10193000FCD51971704743681B689A6CC2F3006349
:1019400012F0006F43F0020118BF0B4612F0805FE7
:1019500043F0040008BF1846704770B50369456836
:101960001879B0B9002A13DD2B689A6CC2F3407065
:10197000920042BF0A7801201A7109E0085D013423
:101980001071013B204603D02A68566D102EF5D108
:1019900070BD0024A24202F10103B8BF0123F0E7A9
:1019A00030B5446800692368007928BB002A1DDD32
:1019B000986CC00F1EBF1B6801200B7016E01268E8
:1019C0000A540130013B226803D0156D15F47C5F89
:1019D000F5D1136D13F47C5F08D1936E43F000438F
:1019E00093662268136F43F00103136723689A6EAE
:1019F0006FF318629A6630BD0020824202F1010343
:101A0000B8BF0123DEE743681A68936843F44013C4
:101A10009360704743681A68936823F44013936097
:101A2000704743681B689B68DB0207D50369DB6F5F
:101A300013F0C04F14BF01200020704700207047F2
:101A400043681B689B689B0243BF0369D86FC0F360
:101A500080700020704743681A68936843F48033AD
:101A60009360704743681B689A686FF310429A60EE
:101A700070474268034612689168C1F30040C90389
:101A800007D51B69DB6F002B04DB106D00F0010034
:101A9000704700207047436819688B688A6C13F49C
:101AA000801F03F480330ED012F0C04F0BD07BB1F7
:101AB00012F0194F4FF001000CD10B6D13F0010F14
:101AC00018BF0120704718461BB112F01940F4D01E
:101AD00001207047704742680169136801209B6CC0
:101AE000CB67126803F0C853936670470369C3E974
:101AF0001D12704702690020536B0B60936B4B60A3
:101B000070472DE9F0410D460469284604F13C0870
:101B1000414604F1700304F15C02F7F759FE0646F2
:101B200058B9271D3846F8F70BFC41463846F8F7F8
:101B300069FC2B6863636B68A3633046BDE8F08182
:101B400030B50446086808B9106008E020684568A8
:101B50009D4205D3B5FBF3F515602368186830BDC9
:101B600008302060086801380860EBE77FB50BABF0
:101B7000059303930A9B0122029300231846CDE9A3
:101B80000033F1F7F9FE07B05DF804FB02460B469F
:101B9000012110B41279006891400269146883F041
:101BA0000102214218BF134623B18368DB685DF848
:101BB000044B184783681B69F9E710B504460068B1
:101BC000D0B18368C3B149B101210830FFF7DEFF0E
:101BD00023681869BDE8104000F073B912B9838812
:101BE000DB0409D4006900F06CF920680021BDE82D
:101BF00010400830FFF7CABF10BD10B50122002108
:101C00000446FFF7DAFFA36933B9636004F11000FB
:101C1000BDE81040FAF7DCBA10BD08B50069FFF75F
:101C2000ECFF002008BD10B583681C690379012B07
:101C300010D0033B052B14D8002220461146FFF795
:101C4000BCFF6FF00403236404F12800BDE81040DA
:101C5000FAF7BEBA002220461146FFF7AEFF002376
:101C6000F1E710BD037843F0400303700378DB090C
:101C7000FCD0C5230A700370037803F0BF03037020
:101C80000378DB09FCD17047704708B50146F8F7C7
:101C900039FBBFF35F8F012201F01F039A404B090C
:101CA0009B0003F1604303F56143C3F880211A6090
:101CB00008BD0620704706207047062070470620A2
:101CC000704708B50146F8F73BFFBFF35F8F01226D
:101CD00001F01F039A404B099B0003F1604303F599
:101CE0006143C3F880211A6008BD37B5C36B044651
:101CF0000A466D468BB193E8030085E803001A702D
:101D0000226C18465A60A26B9047E36B1BB195E8B2
:101D1000030083E8030003B030BD2B46EFE75B0808
:101D200070B503630023C0E90A1222F08052B2F1B9
:101D30001C5F044680F8343003D2BDE8704001F0E7
:101D40003FBCF8F7ADFF034620BB62681278D2B102
:101D50000122064684F8342032460421204601F050
:101D60001FFC626803461278A2B918224FF4805112
:101D700001F01AFC236B05463BB10028ECD001F0C2
:101D80001BFC2B4606E0E668E6E701F015FC03467F
:101D9000002DF6D1184670BDEFF30380103840B225
:101DA000704708B50146F9F7ABFABFF35F8F012220
:101DB00001F01F039A404B099B0003F1604303F5B8
:101DC0006143C3F880211A6008BD4160027200209F
:101DD000704737B5836B04460A466D46A3B193E856
:101DE000030085E80300E16B1A7119601846626B05
:101DF0009047A36B1BB195E8030083E80300002321
:101E000084F82B3003B030BD2B46ECE710B5044608
:101E100029B100220369DA710168F9F78FFA94F8A1
:101E20002620002384F82820A26984F82C3022621E
:101E3000B322E36184F82A302369DA7110BDC0E966
:101E40000512017A80F82A3043680129DAB20FBFFF
:101E50000023DB0903F00E0343F0F00318BF022157
:101E600080F825304FF0000304BF5200D2B280F852
:101E7000242080F8261080F82930F9F7C1BAC0E98B
:101E80000512017A80F82A3043680129DAB20FBFBF
:101E90000023DB0903F00E0343F0F00318BF032116
:101EA00080F825304FF0010302BF520042F00102DA
:101EB000D2B280F8242080F8261080F82930F9F773
:101EC0009FBA38B5044650B1F8F788F84FF4F0736C
:101ED00005465C43F8F782F8431BA342FAD338BDAA
:101EE000704740B1C368587810F001001EBF1878E1
:101EF000B0FA80F04009704710B5C36804465B78BB
:101F0000DB070BD5836963B19847002805DB002008
:101F1000E3685A786FF300025A7010BD4FF0FF303B
:101F2000FBE76FF08500F8E77FB50BAB05930393F4
:101F30000A9B0122029300231846CDE90033F1F7F2
:101F40001BFD07B05DF804FBEFF31183102383F34F
:101F50001288BFF36F8FFEE708B5FFF7F5FF10B5E6
:101F60004369044633B90020E268537843F0010323
:101F7000537010BD98470028F5D00028B8BF4042E4
:101F8000FF28A8BFFF20E3681870EDE700F0E1BF6D
:101F900000F0B8BFC3685B78DB0701D4FFF7DFBF91
:101FA0006FF07700704708B5F9F7FAFEBDE8084012
:101FB000F9F704BF10B400F10C04C0E90344002495
:101FC00004755DF8044BFDF70DBB2DE9F04F054698
:101FD00089B0DDE9126791463B46324606A8059175
:101FE00005F1140A00F0C4FDDDE90634CDE9023440
:101FF000EFF311844FF0100888F31288BFF36F8F4E
:1020000005F10C0B4A4628460599FDF7D4F930B185
:1020100084F31188BFF36F8F09B0BDE8F08F3E43A2
:10202000F6D0DDE9022306A800F0C6FDDDE906676B
:102030005A4621465046CDE90067FAF7F5FDEFF321
:10204000118488F31288BFF36F8FDBE707B5CDE902
:1020500000230A460421FFF7B8FF03B05DF804FB34
:1020600038B50446EFF31185102383F31288BFF3CC
:102070006F8FFDF756F904F10C0000F07BFB30B1D7
:10208000294604F11400BDE83840FAF749BE85F34B
:102090001188BFF36F8F38BD8169C36843EA0102BD
:1020A00012F003020FD102614269013A01FB0233CF
:1020B000C2689A4201D90020704702691A60826999
:1020C00003619B1AF4E76FF015007047F5F734B819
:1020D000FEF7F6BF00BF7047102408B5EFF3118379
:1020E00084F31288BFF36F8FFEF7F4FFF6E7D0E9B1
:1020F000003213605A600023427BC0E9003322F0B3
:102100000202427383607047C0E9032303FB02129B
:102110000023436280F83030037200F12803C0E9E5
:102120000621C0E90000C0E90A334161016270473D
:10213000F8B50D46A1FB0214074616463CB92046E9
:10214000FBF77CFC014628B96FF00B0001E06FF053
:102150001500F8BD334638462A46FFF7D5FF012360
:10216000204687F83030F4E7C3680B6003694B60A2
:10217000436A8B607047034610B50846EFF311843D
:10218000102282F31288BFF36F8F5A6A4AB1DA685D
:10219000D96900F0B7FE002084F31188BFF36F8F78
:1021A00010BD6FF02200F7E770B5134604460846ED
:1021B000EFF31186102282F31288BFF36F8F626AE9
:1021C0009A4211D9D4E90651E2686D1A53439D42EF
:1021D0009CBF61695B1B194400F094FE002086F3EC
:1021E0001188BFF36F8F70BD6FF02200F7E7F8B56D
:1021F0000446EFF31186102383F31288BFF36F8F29
:1022000005680023A84231D02DB32846FFF76FFFA1
:1022100005F1180000F085FC6FF022072846C5F88C
:10222000B07000F048FA2568AC420AD1002363621E
:10223000236AE361314604F10800BDE8F840FAF78B
:102240006FBD3DB12846FFF752FF05F1180000F0C1
:1022500068FCE3E7012300226262226AE261002B4C
:10226000E8D186F31188BFF36F8FF8BD4362036A2C
:10227000C361F6E790F90E308B4201D0FAF700BD4A
:102280000020704703460020C3E90033C3E9020081
:102290007047D0E9003213605A600023427BC0E9E6
:1022A000003322F002024273836070472DE9F0414F
:1022B000904604460D469DF81820EFF31186102134
:1022C00081F31288BFF36F8F02B14568224652F83E
:1022D0000C7F974217D0B7B13846FFF7DAFF07F106
:1022E000180000F01EFC00233846C7F8B030C7F8CD
:1022F000108000F0E0F904F108003146FAF710FD13
:102300000020BDE8F081ABB108210020FBF796FB6F
:10231000002838D00122C0F804800260016801F072
:1023200003015DB922680A430260626820606AB9ED
:1023300060600BE04046C8F80030EFE72A68032AE7
:1023400016D80160616869B9C4E90000042104F18C
:10235000140000F088FD0028CDD186F31188BFF36A
:102360006F8FCEE70A6802F0030202430A60DFE7DC
:1023700022F003020A4302602A6802F0030240EAE4
:1023800002032B60E2E76FF00B00E6E710B50446AE
:1023900030B10268930703D0446809B100F0A2FD90
:1023A000204610BD0023C0E90033037200F10C0386
:1023B000C0E9033300F11403C0E905337047F8B5F1
:1023C0000546EFF31186102383F31288BFF36F8F56
:1023D000C46800F10C039C4200F1140719D0C4B189
:1023E0002046FFF756FF04F1180000F09AFB002387
:1023F0002046C4F8B030236100F05DF9082138466A
:1024000000F031FD314605F10800BDE8F840FAF76B
:1024100087BC0821384600F026FD0028F2D186F35B
:102420001188BFF36F8FF8BD012307B50A460093EB
:102430000021FFF73BFF03B05DF804FB07B50A4638
:10244000002101230091FFF731FF03B05DF804FB89
:1024500000210068FFF79ABF00214068FFF796BF90
:102460005AB18A4209D300F11003C0E90212C0E94F
:102470000000C0E90433002070476FF0150070477A
:102480000023C0E9031101EB8201C0E900000372DF
:102490004161704738B505460C4600208900FBF7BE
:1024A000CDFA014638B128462246FFF7E9FF01235D
:1024B00000202B7638BD6FF00B00FBE72DE9F041D3
:1024C00006460F46EFF31188102383F31288BFF3FB
:1024D0006F8FD0E9043293422BD00468A0421ED003
:1024E000ECB1D4E90032002513605A60637BC4E983
:1024F000005523F002036373A56004F1180000F097
:1025000010FB2046C4F8B050276100F0D4F806F163
:1025100008004146FAF704FC2846BDE8F081002097
:102520001F6033690433336188F31188BFF36F8F01
:10253000F3E76FF00B00F7E7012302688B4022EA14
:102540000303036022FA01F000F00100704728B194
:10255000002200F58070114600F058B9704773B53D
:102560000446EFF31185102383F31288BFF36F8FB6
:102570000023A0F11006032104380193FFF7DCFFCC
:1025800028B1A369304601A90193F9F7B3FF85F398
:102590001188BFF36F8F02B070BD13B5019008466C
:1025A000EFF31184102383F31288BFF36F8F01A917
:1025B000F9F7A0FF84F31188BFF36F8F02B010BD4D
:1025C000D0E9003213605A600023427BC0E9003337
:1025D00022F00202427383607047C0E900000020CD
:1025E0007047EFF30580003818BF0120704790F95D
:1025F0000E0070477830704708B50B4600F178013F
:10260000184600F073FD002008BD10B500240373C8
:10261000C0E90644846042738173C47310BD002313
:1026200010B50131013902D10020136010BDC45C26
:10263000AA2CF9D10133F5E70A46D0E92601FFF7C4
:10264000EEBFD0E9003213605A600023C0E90033C6
:10265000704708B5FFF7F5FF437B23F00203437390
:102660000023836008BD38B504460D46FAF7F2F939
:10267000637B43F002036373E5B1A5602B689D4261
:1026800009D16B68C4E900531C606C6012E06A6891
:102690009A42F6D01B68002BF3D094F90E2093F9E0
:1026A0000E108A42F3D09142F1DD5A68C4E900323B
:1026B00014605C6038BD10B5EFF31184102383F310
:1026C0001288BFF36F8FFAF783F984F31188BFF391
:1026D0006F8F10BD08B5EFF31181102282F31288BD
:1026E000BFF36F8F83680BB1FFF7B3FF81F31188DE
:1026F000BFF36F8F08BD014610B5EFF311841023AF
:1027000083F31288BFF36F8F437B13F0280F0AD136
:1027100083680BB1FFF79DFF4B7B084623F0040352
:102720004B73FAF755F984F31188BFF36F8F10BD1F
:1027300001211838FFF7DFBF08B50346EFF3118119
:10274000102282F31288BFF36F8F0068834207D094
:1027500008B1FFF77EFF81F31188BFF36F8F08BDCB
:102760000020F8E710B5FFF7B5FFBDE810401830BE
:1027700000F0D7B938B5054604680020AC4200D156
:1027800038BD002CFCD02046FFF7ECFF2046FFF7B9
:1027900092FF2C680120A542F1E738B504460D46AA
:1027A000FAF7D6FBB5F1FF3F08BFB4F1FF3F034690
:1027B000204614D013F109004FEAE37141F1000102
:1027C0000A2871F100030BD36FF00A0383424FF024
:1027D00004038B4106D30A220023EEF729FC38BDFF
:1027E0000020FCE76FF00040F9E7C117633008B53F
:1027F0004FF064024FF0000341F10001EEF718FCC6
:10280000C117FAF7A5FB6423584308BD38B5EFF3A9
:102810001185102383F31288BFF36F8F0468A042E1
:1028200013D0204664B1C4F8B0102261FFF711FF45
:1028300004F1180000F075F92046FAF7C9F80120F4
:1028400085F31188BFF36F8F38BD0020F8E7F0B52E
:1028500085B006461546DDE90A2302A80C4600F0BD
:10286000ABF9DDE9021251EA020326D02046002727
:102870002368013340F8183B0C9B1F70CDE9001210
:1028800032462968FAF7D0F9EFF31183102282F368
:102890001288BFF36F8F2B60226894F82C30013AB6
:1028A0009907226002D51AB16FF08B0005B0F0BD18
:1028B00023F0020384F82C30F6E76FF00A00F5E706
:1028C00038B5044600200022054611462046FFF791
:1028D0009DFF0028F7D1284638BD00234261012220
:1028E000C0E9023303610360037600F11C03C0E911
:1028F000073300F12403C0E9093300F13003C0E9D4
:102900000C33416080F82C2070472DE9F04F2DEDFD
:10291000028B8DB005469046DDE9182308A8049186
:1029200000F026F99DED088BEFF31183102282F35E
:102930001288BFF36F8F0B93002395F82C408DF80E
:102940002B3014F0020440F0908095F82C60F64390
:1029500016F0010640F08C80EA896B899A4262D1B8
:102960002B68002B5AD0B24605F11C03A8EB040BD0
:102970000593EF69059B9F423ED0002F3CD0D7F8CE
:102980001090ABEB0601D9E90123D21A8A4228BF85
:102990000A46D9F8001004980691A1190144069836
:1029A0000792184400F0AEFAD9F80810079A1644B6
:1029B0000A44D9F80410C9F808208A421CD3D7E980
:1029C00000210A6051607A7BC7E900AA22F0020266
:1029D0007A73C7F808A007F1180000F0A2F838468B
:1029E000C7F8B0A0C7F810A0FFF765FE4FF00103CD
:1029F000B3458DF82B30BCD83444A0450ED82646BC
:102A00009DF82B30BBB30B9905F11800FAF788F944
:102A100030460DB0BDEC028BBDE8F08F202105F1F2
:102A2000300000F020FA049BA8EB04021919281DBD
:102A3000FCF772FF0444A04501D14646E0E70DF1E2
:102A40002B038DED008B294602930BAA05F1240080
:102A5000FFF7FDFE064600283FF477AF10F10B0F9D
:102A6000CED1002C18BF2646CAE76FF08B06C7E709
:102A70006FF01F06C4E70B9B83F31188BFF36F8FC2
:102A8000C6E738B50446EFF31185102383F31288A7
:102A9000BFF36F8F0023C0E90233036103685BB1AA
:102AA00090F82C301C3043F002030374FFF708FF4A
:102AB00004F12400FFF704FF85F31188BFF36F8F43
:102AC00038BD38B50446EFF31185102383F312881F
:102AD000BFF36F8F00231C300374FFF7F1FE04F186
:102AE0002400FFF7EDFE85F31188BFF36F8F38BD2B
:102AF00010B5FAF7FDFC0446FAF702FD74B1D4E90B
:102B000004321B1A62EBE072B3F1004F72F1000164
:102B100004DA002AACBF1846002010BD6FF0004058
:102B2000FBE7024638B5EFF31185102383F31288D3
:102B3000BFF36F8F036893B1FAF7DAFC04461046CF
:102B4000FAF7E8FC844204D1FFF7D2FF0021F7F73F
:102B5000A9F9002085F31188BFF36F8F38BD6FF09E
:102B60001500F7E708B5FAF7BFFD08BDFAF7BCBDD9
:102B7000B3F1FF3F08BFB2F1FF3F70B504461D46F9
:102B8000164613D01A4315D06FF001024FF0FF33F1
:102B9000921B63EB0501002904DAFAF7A5FD8219FF
:102BA00041EB0501C4E90021204670BD4FF0FF3222
:102BB0001146F7E70022FBE7B3F1FF3F08BFB2F190
:102BC000FF3FF8B5074616461C4610D054EA0203EC
:102BD00011D0FAF789FDB0420A46A14103460AD254
:102BE000F31A64EB0204C7E900343846F8BD4FF02D
:102BF000FF331C46F7E70023FBE70023C0E9081278
:102C000000F11802C0E90622C0E900330363436300
:102C1000704710B50446FFF784FFA8B9636A0BB18B
:102C20002046984704F11800FFF786FD60B1FFF7D2
:102C300042FDEFF31180102383F31288BFF36F8FEF
:102C4000BDE81040FAF79CB810BD0346EFF31182BF
:102C5000102181F31288BFF36F8F0021006B19637D
:102C600082F31188BFF36F8F704770B5D0E90034DD
:102C7000984209D044B1A568EDB115F9526C12F92A
:102C8000525CB54208D007DDC1E900042160416013
:102C900010E0A342F8D01B68002BF5D09A6862B10F
:102CA00012F9522CAA42F4D0F3DD5A68C1E900327D
:102CB0001160596070BDAB7BFFDE937BFCE72DE9B3
:102CC000F84F00250F461446984601462E464FF011
:102CD000100AA946BD4202DB3046BDE8F88FEFF38B
:102CE000118B8AF31288BFF36F8F4B7B03F03F0386
:102CF000082B09D853B1013B072B07D8DFE803F0B5
:102D0000281C06220606062E102B3ED0B8F1000F16
:102D100034D12378002B31D04B7B03F03F03082BB9
:102D200035D8002B35D0013B072B32D8DFE803F034
:102D30003E34313A313131410B699B68002BE5D08B
:102D4000022310E00B691B68002BDFD004230AE08C
:102D50000B699B68002BD9D0012304E00B695B6AE7
:102D6000002BD3D01023CA68C1F80890C2F3863074
:102D7000034363F39432CA6084F800908BF31188A4
:102D8000BFF36F8F01351431A4E72023EBE7102B3D
:102D900013D08C600136F1E7224608691030FFF746
:102DA00064FFF6E7086922461430F8E7224608690E
:102DB000F5E7086922462830F1E7086922463030F5
:102DC000EDE72DE9F041846805460E46D4B16378FD
:102DD000012B22D114F8533C9A0711D5A4F16007B6
:102DE0003846FFF7BFFC082E0CBF6FF0030300232B
:102DF000236514F8533CDB0602D13846FFF75BFC31
:102E0000002323700020EB68A860C3F386321643CA
:102E100066F39433EB60BDE8F081022BF0D12378A8
:102E2000002BEDD054F8048CB8F1000FE8D004F179
:102E30001400FFF776FE0023A4F11407394640463C
:102E4000E362FFF7AAFBDBE710B500245205090295
:102E500001F47C5102F400120A43017B84600A43AE
:102E6000C0E9032310BD38B5EFF31185102383F3B8
:102E70001288BFF36F8F0468A04211D0D4E90032EA
:102E800013605A6000232046C4E90033FFF799FF1E
:102E900085F31188BFF36F8F201E18BF012038BD46
:102EA0000024F5E70023C0E9000083607047002399
:102EB0008360704783680B60C36813607047043297
:102EC000D3B5044608D20026002741F00401CDE91D
:102ED0000067FFF77AF810B9002002B0D0BD40F8C3
:102EE000044BFAE720B1011F50F8040CFFF7B8B803
:102EF000704701460420FAF793BD002070476FF039
:102F0000570070470A44431E914200D1704710B5E4
:102F100011F8014B914203F8014FF9D110BD8842DD
:102F200010B501EB020402D98442234607D8431EA0
:102F3000A14208D011F8012B03F8012FF8E7024451
:102F400001468A4200D110BD13F8014D02F8014D2F
:102F5000F7E702440346934200D1704703F8011B90
:102F6000F9E720F02003413B192B05D93038092817
:102F70008CBF0020012070470120704720F0200006
:102F8000413819288CBF0020012070471F2804D920
:102F9000A0F17F03584258417047012070473038F4
:102FA00009288CBF00200120704721385D288CBF84
:102FB000002001207047613819288CBF00200120B3
:102FC000704720385E288CBF0020012070472028E1
:102FD00005D0093804288CBF00200120704701204B
:102FE0007047413819288CBF002001207047A0F19C
:102FF0003003092B07D920F02000413805288CBF69
:1030000000200120704701207047A0F14103192BD7
:1030100098BF20307047A0F16103192B98BF20386A
:1030200070470021EEF76CBA0A220021FAF7D4BDEE
:103030000A220021FAF7D0BDFAF718BDFAF732BD1F
:103040000139024410B5904201D1002005E0037817
:1030500011F8014FA34201D0181B10BD0130F2E757
:1030600010B5044614F8013BA3F14102192A11F8E6
:10307000012BA2F1410098BF2033192803D8203238
:10308000981AEFD010BD981AFCD1002AEAD1F9E7BE
:10309000024610B5147813460132002CFAD1013BD8
:1030A00011F8012B03F8012F002AF9D110BDC9B284
:1030B0000346184613F8012B12B18A42F9D1704722
:1030C000002918BF0020704710B56AB10139841873
:1030D00010F8012B11F8013F9A4203D1A04201D010
:1030E000002AF5D1D01A10BD1046FCE710B5013901
:1030F000044632B111F8013F013A00F8013B002BC0
:10310000F7D10021FFF725FF204610BD02460144FC
:1031100010B58A42134603D01C780132002CF8D136
:10312000181A10BD38B511F0FF0403460ED1214620
:10313000BDE83840FFF7BBBF431C05462146184693
:10314000FFF7B5FF0028F7D1284638BD0025F5E781
:103150000A7870B56AB970BD9A4209D10C46054625
:1031600014F8013F002BF6D015F8016F9E42F7D0FE
:1031700001300378002BEFD11846ECE72DE9F0473A
:10318000C3F137090746884603F01F055FFA89F93E
:1031900016464FF0000A384641462A465346EDF798
:1031A00047FF4346D4B23A4688460746092C84BFB7
:1031B0004C44E4B2AA4204F1300473EB0A0306F86B
:1031C000014BE8D23046BDE8F0872DE9F04387B0E7
:1031D0001C461746814602AB88460093D2E902237B
:1031E00000F0E0F804AB06460D4600934846414621
:1031F000D7E9002300F0D6F80027DDE90423901971
:1032000053EB050128BF012737B1029B039A013315
:1032100042F10002CDE90232403CDDE90223009494
:1032200000F0DBF807B0BDE8F0832DE9F04F061899
:1032300089B09946154641EB010404AB3046DDF8F0
:103240004CB021460093A9F1410AD2E9002300F0D5
:10325000A9F806AB07468846304621460093D5E9D3
:10326000022300F09FF80022DDE90463841951EB8A
:103270000306069B28BF0122D5E90001D218079B4F
:1032800043F10003381848EB0101B84271EB080123
:10329000E968039138BF0120A96828BF0020CDF854
:1032A00000A014EB010C039946EB010110EB0C009C
:1032B00041F10001A04271EB060C34BF4FF0010C4C
:1032C0004FF0000CCDE906231CEB020243F1000392
:1032D00000F083F8129BC3E90001149B012BDDE988
:1032E000062329D1D5E90201D5E900C5201ACDF878
:1032F00000A066EB0101674578EB050534BF0125A9
:103300000025401B61F10001844276EB010534BFCA
:1033100001250025521B63F1000300F05EF8DDE992
:103320000623CBE9000120463146CDF800A000F08D
:1033300054F809B0BDE8F08F17EB070E48EB080C06
:10334000201946EB0601BE457CEB080834BF012777
:103350000027C71941F10008D5E9000186457CEB3B
:10336000010C34BF01200020D5E90215381A68F19C
:10337000000C401A6CEB050192185B41A74278EBF8
:10338000060534BF01250025521943F10003874289
:1033900078EB010834BF01250025521BA9F1400537
:1033A0000095B8E7F0B50F460446A0FB0201059E64
:1033B000A7FB02524919A3FB0445A7FB037342F183
:1033C0000002611845F10004D21943F100031219FB
:1033D00043F10003C6E90023F0BDF0B5059CC4F13C
:1033E0004007C4F12006A4F12005E04002FA06F6E9
:1033F000BB4022FA05F5BA403343C4F120062B4303
:1034000001FA06F6A4F12005304321FA05F5E14062
:10341000284319431043F0BD2DE9F04357EC106BDE
:103420003B463446FE0F40F2FF77C3F30A55C3F321
:103430001303067154EA030C07D0BD420CD146F0C9
:10344000080606710020BDE8F083002D64D0BD425F
:103450005FD146F00406F4E7002D5AD10125A5F20C
:10346000FF35002905605ADB0C295ADCC1F10D0536
:103470000126AD0005F1FF3EA5F1210CC5F12107A4
:1034800006FA0CFC26FA07F706FA0EF64CEA070CC9
:10349000B7194CEB0C09D7F1000869EB490E013F55
:1034A00049F1FF39274009EA0309BE427CEB0909CB
:1034B00010DBC5F12009B5F1200724FA05F503FA60
:1034C00009F958BF43FA07F745EA090558BF3D43D4
:1034D000ED0703D5A619344643EB0C0304EA0804B0
:1034E00003EA0E0300F112050D260846C2F1270279
:1034F0004FF0300E04F00F01240906F1FF3C6F1E5F
:1035000044EA03741B11B1B9B0420CDA66463D4679
:10351000F0E743F48013A2E72C462B46A1E70021F5
:10352000E0E70D21DEE785F800E01CF101016646C9
:103530003D46DFD187E70929C8BF8918B04201F1AC
:103540003001B8BF30462970EFE7D1E90432934229
:103550001EBF5A1C0A611870704738B58B780D462B
:103560009B0709D5C4B24B6820469847002806DA65
:10357000AB7843F00403AB704FF0FF3038BD20460A
:10358000FCE7000001480068704700002047002267
:103590005FF800F00D0400225FF800F0F500002253
:1035A0005FF800F0910100225FF800F0390200227C
:1035B0005FF800F0510100225FF800F001000022E6
:0835C0005FF800F0690300222E
:0835C80098DAFE7F010000000B
:1035D00000000000CC380102000000006038010249
:1035E000000000006437010200000000A83801025A
:1035F000000000008837010200000000843801024A
:10360000000000001838010200000000AC37010281
:1036100000000000F836010200000000F43701024B
:10362000000000003C3801020000000040370102A9
:1036300000000000D0370102000000001C3701022A
:10364000D9BD000200000000FDBD00020000000026
:1036500021BE00020000000000000000C839010285
:1036600000000000A4390102000000005C390102E2
:10367000000000001439010200000000F0380102CF
:1036800000000000EC390102000000008039010256
:10369000000000003839010200000000343A010245
:1036A00000000000103A0102DD8B00020000000063
:1036B0000D9E00020000000007FA0002000000005A
:1036C000A97200020000000079C30002000000009F
:1036D00000000000A03A010200000000C43A01020C
:1036E000000000007C3A010200000000583A01028C
:0836F000614800020000000027
:1036F8007C9101022C530102443E0102640A00221B
:10370800000000004D16010200000000000000004B
:1037180020530102B192010240530102443E0102CA
:10372800660A0022000000004D1601020000000099
:103738000000000034530102AD910102545301020C
:10374800443E0102680A0022000000004D160102F2
:10375800000000000000000048530102CA91010265
:1037680068530102443E01026A0A00220000000078
:103778004D16010200000000000000005C53010229
:10378800E59101027C530102443E01026C0A0022C9
:10379800000000004D1601020000000000000000BB
:1037A80070530102FE91010290530102443E01024E
:1037B8006E0A0022000000004D1601020000000001
:1037C800000000008453010218920102A453010270
:1037D800443E0102700A0022000000004D1601025A
:1037E800000000000000000098530102329201021C
:1037F800B8530102443E0102720A00220000000090
:103808004D1601020000000000000000AC53010248
:103818004C920102CC530102443E0102740A002278
:10382800000000004D16010200000000000000002A
:10383800C053010267920102E0530102443E0102B3
:10384800760A0022000000004D1601020000000068
:1038580000000000D453010281920102F4530102D6
:10386800443E0102780A0022000000004D160102C1
:103878000000000000000000E8530102CC910102A2
:1038880008540102443E01027A0A002200000000A6
:103898004D1601020000000000000000FC53010268
:1038A800AF9201021C540102443E01027C0A00222C
:1038B800000000004D16010200000000000000009A
:1038C80010540102CA92010200000000000000002A
:1038D8007E0A0022000000007316010200000000AA
:1038E800000000002454010206910102F452010272
:1038F80000000000600A002248470022698B00028D
:103908000000000000000000E8520102419101029D
:103918001053010200000000620A002274470022CE
:10392800458B000200000000000000000453010263
:103938008B93010274540102003E0102860A0022A0
:10394800E047002200000000000000000000000026
:1039580068540102B593010298540102003E010225
:10396800880A0022EC470022000000000000000046
:10397800000000008C540102DF930102BC540102D4
:10398800003E01028A0A0022F847002200000000D7
:103998000000000000000000B05401020994010278
:1039A800E0540102003E01028C0A00220448002271
:1039B800000000000000000000000000D4540102D4
:1039C8003294010204550102003E01028E0A0022CF
:1039D8001048002200000000000000000000000065
:1039E800F85401025C94010228550102003E0102CC
:1039F800900A00221C48002200000000000000007D
:103A0800000000001C550102FC9201021806002269
:103A180000000000800A00221C060022751701021F
:103A28000000000000000000445401024C6701023D
:103A38007C550102603E0102940A0022940800228B
:103A48007998000200000000000000007055010293
:103A58002B930102E8050022E83D0102820A0022B8
:103A6800F0050022B58C00020000000000000000F4
:103A7800505401025693010200060022E83D01025B
:103A8800840A002208060022B58C0002000000000B
:103A9800000000005C54010212970102B04A0102C2
:103AA800243E0102920A0022F407002281950002B6
:103AB800000000000000000040550102C897010204
:103AC800B85501023C3E0102960A00221409002260
:103AD800259900020000000000000000A455010222
:103AE80000000000B910010200000000B910010236
:103AF80000000000B910010200000000B910010226
:103B080000000000B910010200000000B910010215
:103B180000000000B910010200000000B910010205
:103B280000000000B910010200000000B9100102F5
:103B380000000000B910010200000000B9100102E5
:103B480000000000B910010200000000B9100102D5
:103B580000000000B910010200000000B9100102C5
:103B680000000000B910010200000000B9100102B5
:103B780000000000B910010200000000B9100102A5
:103B880000000000B910010200000000B910010295
:103B980000000000B910010200000000B910010285
:103BA800343A010231970002343A0102599700026F
:103BB800343A010281970002343A0102A9970002BF
:103BC80000000000B910010200000000B910010255
:103BD80000000000B910010200000000B910010245
:103BE80000000000B910010200000000B910010235
:103BF80000000000B910010200000000B910010225
:103C080000000000B910010200000000B910010214
:103C180000000000B910010200000000B910010204
:103C280000000000B910010200000000B9100102F4
:103C380000000000B910010200000000B9100102E4
:103C480000000000B910010200000000B9100102D4
:103C580000000000B910010200000000B9100102C4
:103C680000000000B9100102103A010209AE00027A
:103C7800103A0102ADAD000200000000B9100102C7
:103C880000000000B910010200000000B910010294
:103C980000000000B910010200000000B910010284
:103CA80000000000B910010200000000B910010274
:103CB80000000000B910010200000000B910010264
:103CC80000000000B910010200000000B910010254
:103CD80000000000B910010200000000B910010244
:103CE80000000000B910010200000000B910010234
:103CF80000000000B910010200000000B910010224
:103D080000000000B910010200000000B910010213
:103D180000000000B910010200000000B910010203
:103D280000000000B910010200000000B9100102F3
:103D380000000000B910010200000000B9100102E3
:103D480000000000B910010200000000B9100102D3
:103D580000000000B910010200000000B9100102C3
:103D680000000000B910010200000000B9100102B3
:103D780000000000B910010200000000B9100102A3
:103D880000000000B910010200000000B910010293
:103D980000000000B910010200000000B910010283
:103DA80014390102158B0002F0380102158B00024C
:103DB80000000000B9100102A03A0102E1B50002BA
:103DC800A03A01020DB70002A03A01021DB8000294
:103DD800A03A0102C5B8000200000000B9100102B3
:103DE8004B170102E58C0002998D0002471701026A
:083DF8003B170102418C00029F
:103E0000AD8E0002A3170102B1170102C71701020C
:103E1000D7170102E9170102F98F0002F917010211
:043E2000000000009E
:103E240019930002AD180102C593000200000000BE
:083E3400000000000000000086
:083E3C00219A00021B1C010287
:103E44008D8B0002B58B00020000000051160102A8
:0C3E540000000000000000000000000062
:103E6000111901022919010237190102031B01026C
:103E7000F51A01025B190102A1190102071A0102D8
:103E8000151A0102231A0102571A0102651A0102CA
:103E9000411A0102731A0102E1960002059700021D
:0C3EA000971A0102D71A0102ED1A010264
:0C3EAC000000000000000000000000000A
:103EB800125D010203000000B95D01020300000069
:103EC8003A72010201000000AF7001020300000015
:103ED8006B93010203000000AF75010203000000AC
:103EE800329701020300000064760102010000001D
:103EF800D88D010201000000E690010201000000D7
:103F0800F65D010203000000FA5D010203000000F3
:103F1800DE5A010203000000DA97010203000000E4
:103F28005F970102030000003697010203000000BA
:103F38004067010203000000466701020300000019
:083F4800F25D0102030000001C
:103F5000704F0102184700225A670102000000005A
:103F6000F3590102BD0B00023E5901022D0B000264
:103F7000465A0102951000026B5901027D0B0002A6
:103F8000D7590102610200024B5901029D0A000249
:103F9000AC590102ED0A0002535A0102C50A00029F
:103FA000195A0102B10A0002625A0102010B000211
:103FB0000C5A010221080002FF590102CD0500023E
:103FC0009F5901025D020002325901021D050002E3
:103FD000C8590102290F0002E4590102650F0002CD
:103FE00093590102F9040002BB59010225020002A3
:103FF00022590102410200027959010271050002B1
:1040000012590102910F0002285A0102D90400023C
:1040100085590102010200025A59010215020002EB
:1040200005590102ED0D0002355A0102311000025E
:10403000F2580102EFEF0002529201023C380102F5
:10404000B3970102C43A010298910102403701027C
:1040500003920102D0370102E7920102103A0102F5
:10406000419301027C3A010216930102583A01027F
:10407000839101021C370102F5930102A439010268
:10408000A19301025C390102FE960102A03A0102ED
:10409000B6920102CC3801026D9201026038010231
:1040A000B69101026437010245970102343A0102D8
:1040B0002D91010214390102F2900102F03801023F
:1040C00048940102EC3901029B920102A8380102D6
:1040D000D1910102883701028792010284380102DE
:1040E0003892010218380102EA910102AC3701024C
:1040F00068910102F8360102CB9301028039010276
:1041000077930102383901021E920102F43701024D
:104110001F940102C8390102B78301028D720002A7
:1041200017990102D5200102DF5D01026BF7000241
:10413000D25D01027DF70002455B0102591C0002BD
:10414000D85A0102591A0002B15B01022330010260
:10415000B65B010229300102AC5B01023130010281
:10416000C15B010275730002B05A01022D72000298
:10417000DD5A0102311E00027982010259730002E8
:104180009C5B0102632F0102845B01027D2F01020F
:104190007C5B01028D2F0102745B01029F2F0102E3
:1041A0006C5B0102AB2F0102545B0102B72F0102CD
:1041B000645B0102C32F0102A45B0102CF2F010245
:1041C0005C5B0102E32F01024B5B0102EF2F010256
:1041D000F55A0102591F01026B990102E325010200
:1041E000D05B0102F32E0102385B0102A9CD00026F
:1041F000295B0102D1CD0002025B0102FB2B01020F
:10420000E55A010279C60002D25B0102ED7200029A
:10421000918D0102413001028A8D0102052F0102B8
:10422000D95B01021F2F0102838D0102532F01026E
:10423000BC5A0102C1DA0002CB5D010251F7000253
:10424000CB5A0102E5DA0002D35A0102F1DA000288
:10425000BC5B010239300102C85B0102217300021C
:10426000A35A010259F90002955A01029DF9000270
:10427000885A010219F90002E15A010241210002A3
:10428000BA5A010231DB0002C35A010289DB000283
:10429000BB5B01023D300102055C0102613001029D
:1042A000E15B010291300102E85B0102AF300102E3
:1042B000F65B010261100002F65B01026110000270
:1042C000988D010275100002EF5B0102851000025B
:1042D000EF5B010285100002185C0102C930010287
:1042E000185C0102C9300102105C0102ED300102CC
:1042F000105C0102ED300102275C01022531010250
:10430000205C010251310102FD5B0102C5DC0002AB
:10431000715A0102DD9F0002E497010205A000022C
:10432000D95A0102E1210002945B01020B30010223
:104330008C5B010217300102CA5D01024DF70002D9
:104340006E8D0102F91E0102548D0102A9B900020D
:10435000328D0102F1B900021F8D0102951F010289
:10436000088D0102E31E0102F68C0102530F0102C7
:10437000E38C010200000000D08C0102000000006C
:10438000BE8C01021D620002A98C01022B0F0102EA
:104390008D8C0102F51601026B8C0102EB160102F5
:1043A000488C0102E31601022C8C0102000000007F
:1043B000168C010200000000F48B010200000000D6
:1043C000E28B010200000000C78B01020000000028
:1043D000B08B0102000000009D8B01020000000074
:1043E000818B010200000000678B010200000000C9
:1043F0004C8B010200000000288B0102000000002D
:10440000088B010200000000E98A010200000000A0
:10441000D08A010200000000B28A01020000000000
:10442000928A010200000000758A0102000000006B
:10443000608A0102000000004A8A010200000000B8
:10444000338A010200000000118A0102000000000E
:10445000ED89010200000000D9890102000000007E
:10446000C6890102C31E0102AB890102D1C6000246
:1044700095890102DB2501027D89010285C60002C2
:104480006789010241C70002528901020000000051
:104490003E890102000000002A890102000000009C
:1044A0001789010200000000FD88010200000000E1
:1044B000E988010200000000D1880102000000002C
:1044C000BA880102CD200102A4880102D120010294
:1044D00090880102000000007C88010200000000BA
:1044E000618801028DC70002488801023121010262
:1044F0003688010215BF00021E88010269210102EF
:104500000388010200000000E887010200000000AB
:10451000D587010277210102BF870102A92101028B
:10452000AB870102EF2101029987010255BE00020B
:10453000858701028522010271870102DDBF000229
:104540005B870102CDC000023E870102000000002F
:1045500028870102000000000D8701020000000012
:10456000F586010200000000DC8601020000000068
:10457000C186010200000000AD860102C32A0102CB
:1045800099860102000000008786010200000000F9
:1045900074860102DB28010262860102000000002D
:1045A0004F8601020DD20002368601020000000093
:1045B00022860102832A01020E8601020B290102D2
:1045C000F485010200000000E685010221D9000205
:1045D000CB850102B52E0102B1850102A52E010293
:1045E00096850102D1D900027B850102AF2E01021E
:1045F0005F85010229240102428501023D24010256
:1046000027850102BF230102148501026DC100024A
:1046100000850102A5230102E884010200000000D8
:10462000CF84010251240102B684010259240102FF
:10463000A284010275CE00027E84010219D000021C
:10464000678401020000000055840102D1C100020C
:1046500043840102612401023084010291C20002FC
:104660001E84010245C200020F8401029B27010241
:10467000F583010295240102E283010211C30002C5
:10468000CE830102BD240102BD830102F134000288
:10469000A7830102496F00029083010225C900022D
:1046A000708301020000000050830102000000003E
:1046B00033830102000000001E83010269D1000261
:1046C00004830102F9250102EB820102ADC7000259
:1046D000CE820102EF250102B182010249CE000221
:1046E0009A82010245CD00027E820102FB2E010268
:1046F00063820102FF2E0102438201023926010278
:104700002B82010239CB0002058201020000000069
:10471000DD81010200000000C081010200000000F4
:10472000A1810102000000008C810102F9D7000282
:10473000728101024B2C0102578101026DD80002E7
:1047400043810102132C01022681010200000000B6
:104750000981010200000000F38001026D2B0102BB
:10476000E3800102EB270102D3800102D1CF0002D6
:10477000C4800102C9CE0002AA8001024988000259
:1047800092800102053700027C8001023FFA00029C
:104790005D8001024FFA00024C800102C93600021E
:1047A0003980010233FA0002268001020000000075
:1047B0001080010200000000E17F01020000000003
:1047C000CA7F010200000000B47F01020000000067
:1047D000A07F0102000000008A7F010200000000AB
:1047E0006E7F010200000000537F01020000000004
:1047F000387F0102000000001D7F01020000000060
:10480000037F010200000000E87E010200000000BA
:10481000CE7E010200000000B77E01020000000011
:104820009D7E010200000000837E01020000000066
:104830006F7E010200000000577E010200000000B0
:10484000427E010200000000297E010200000000FB
:10485000127E010200000000FC7D01020000000049
:10486000E27D010200000000D37D01020000000093
:10487000BE7D010200000000AB7D010200000000CF
:104880008A7D010281FB0002697D010293FB000227
:10489000487D0102A7FB0002297D01022D3A00029A
:1048A0000A7D010200000000E97C01020000000016
:1048B000D57C010265720002C07C0102000000008C
:1048C000A77C0102000000008C7C010200000000B7
:1048D0000F5B0102793900020F5B01027939000296
:1048E00051670102880500229835002264050022E4
:1048F00002000000F44E010294350022084F01022C
:10490000DC0A002246670102800D0022584A00227C
:10491000DC4F01025C4E01029C4E01025C4F010221
:10492000B44F0102484E010258520102F04F0102F9
:10493000A04F01028C4F0102C84F0102E84D010255
:104940000000000000000000000000000000000067
:1049500000000000135F01021A5F01020000000066
:10496000D53E000200000000086101021261010250
:1049700000000000493F000203000000188401020B
:10498000495F010200000000F13E00020200000049
:104990007588010231610102CC490102000000006A
:1049A00000000000CF5F0102D65F0102000000009E
:1049B00061130002010100002D6001023560010257
:1049C00000000000313F0002000000000000000075
:1049D00000000000000000000000000000000000D7
:1049E000F4630102F9630102000000007D4200024D
:1049F00002000000206201022562010200000000A6
:104A0000ED3F000200000000AA8201029A63010249
:104A1000000000001942000202000000C66201020C
:104A2000CD62010200000000E14000020000000031
:104A30003B8201023F63010200000000B541000219
:104A40000200000000000000000000000000000064
:084A500000000000000000005E
:084A5800FD8800025D1501025A
:084A600001000000000000004D
:104A680027990102000100001B5B4A00001B5B48FC
:104A780000001B5B324A00001B5B4A00001B5B6D99
:104A880000001B3700001B3800001B5B3F336C0025
:104A9800001B5B4800001B5B324A00001B3700000C
:104AA8001B38000000000000499000025055010228
:104AB80001000000000000002B69A4292B1B803E88
:104AC8002B69A4292B1B803E320000000000000047
:104AD80001000000000000000500000000000000C8
:104AE80019000000000000007D0000000000000028
:104AF8007102000000000000350C000000000000FA
:104B0800093D0000000000002D31010000000000F8
:104B1800E1F505000000000065CD1D000000000063
:104B2800F902950000000000DD0EE9020000000017
:104B3800514A8D0E000000009573C2480000000025
:104B4800E941CC6B010000008D49FD1A0700000007
:104B5800C16FF28623000000C52EBCA2B100000080
:104B6800D9E9AC2D780300003D9160E458110000AC
:104B780031D6E275BC560000F52E6E4DAEB101007F
:104B8800C9EA268367780800ED95C28F055A2A007E
:104B9800A1EDCCCE1BC2D30025A4000A8BCA2204E7
:104BA80000000000000000000000000000000010ED
:104BB8000000000000000000B9340332B7F4AD145F
:104BC80010DB1AB30892540E0D307D951447BA1AAB
:104BD80066088F4D26ADC66DF598BF85E2B74511BD
:104BE800CA96853D92BD1DEBFCA11860DCEF5216FC
:104BF8003C92AE220BB8C1B4839D2D5B0562DA1CD2
:104C0800304C7E8F4E8BB25B16F4529F8B56A5129A
:104C1800FBD4827643ED8AF08FE7F93115651918D0
:104C280050F19BD94A13EEB4284CF0A686C1251F33
:104C3800035FC270CB9E4916E642889C44EB201461
:104C4800B0650836AD6EA58585F0CA14E2FD031A75
:104C58000B899979D5B13D09D8DA973A35EBCF1058
:104C6800AC363F5E73BB38CF3E6752FA44AFBA15D5
:104C7800010000000000000000000000000000200B
:104C8800345065C05FC9A652BB13CBAEC440C2182E
:104C980006C8DF7100D5A87CF56F0FDA58FC27131A
:104CA8006E4756357D24206502C7E768E48CA41D4D
:104CB800E9E60268D7CD39617977FCC2405BEF1627
:104CC800798CDE43FFA751F991F3B278F5BDBE1197
:104CD800E857E9D6E8BEE87BB054AC8F848D751BE5
:104CE800EA23A499E9F9D38BB7A3714061DA3E1599
:104CF800CEE33ECB73F948088C97B427D51B7010C8
:104D0800A2BFEFB9EB8532154DB44DB49BBB6F19FB
:104D180096B6076CF8E7EEAD36D9B4F59135AE1313
:104D2800222218AF4E6A684D91DAAA3D4F40741E90
:104D38009FBD9EE006A1C09857C2A7FDA40E90177C
:104D48000E7D497173E3208FB220D87605143B128B
:104D5800853D7434811343B0AD297A5F27F4351C3F
:104D6800E2652F227F2B7A3C075C143326A6813C10
:104D7800BDCBF07A8807703C075C143326A6913CBB
:104D88004FBB610567ACDD3F182D4454FB21E93F5B
:104D98009BF681D20B73EF3F182D4454FB21F93F4A
:104DA80000000040FB21F93F000000002D44743E44
:104DB800000000809846F83C0000006051CC783B29
:104DC80000000080831BF0390000004020257A385D
:104DD800000000802282E336000000001DF36935E0
:104DE8000B5D0102075D010200000000792C000242
:104DF8000000000000000000C65E0102CE5E010255
:104E0800000000000000000000000000D65E010263
:104E1800DA5E0102DE5E0102E25E010202000000CB
:104E2800000000000020030000E000007C3A0102BE
:104E3800010000000000000000300000583A0102A4
:104E4800E65E0102ED5E0102404901020000000039
:104E5800000000004D64010254640102704E01021A
:104E68000000000000000000744E010220620102F0
:104E78006464010200000000E1420002000000003A
:104E8800000000000000000000000000000000001A
:104E980000000000DE650102E5650102B04E010276
:104EA800B943000202020000B44E0102A7660102E3
:104EB800AC660102000000007D440002050200000B
:104EC80018900102E4660102000000006547000234
:104ED80002010000000000000000000000000000C7
:104EE80000000000000000003A000000FE49002217
:104EF8001E000000DF070102E04801025C050022F5
:104F0800503F0102344F01020447002264000000B0
:104F1800204F0102C0460022780E002280000000C7
:104F280000000000B3FC000202000000490A010270
:104F38000C470022FE4900221E000000994800028A
:104F480001FD0002DDFC000221FD0002EFFC000271
:104F580000000000766A0102386A010200000000C1
:104F68002556000201000000E1090102210A0102A0
:104F780053090102000000000000000000000000CA
:104F880000000000376B01023E6B010200000000C8
:104F9800E95E000201000000686B01026F6B01020C
:104FA800045001028D5F000201010000146C01022F
:104FB8001C6C010200000000A95E00020100000054
:104FC800EC9001022D6C010230500102000000003B
:104FD8000000000061890102536C0102000000001A
:104FE800555F000201000000616C0102656C01025E
:104FF80000000000CD0B0102000000000850010273
:10500800886C0102906C0102000000000D5E000235
:105018000100000000000000000000000000000087
:10502800000000000000000034500102D46C0102AE
:10503800DD6C0102000000004D5E0002010000006E
:10504800FA6C0102096D0102D4500102000000004F
:1050580000000000B96D0102C06D01021452010286
:105068000000000000000000D76D0102DD6D0102A4
:10507800D45101020000000000000000F46D01029C
:10508800FB6D0102945101020000000000000000C5
:105098000A6E01020F6E010254510102055F0002FF
:1050A80001010000226E0102286E01021451010262
:1050B80000000000000000000000000000000000E8
:1050C800000000000000000000000000D8500102AD
:1050D8003A6E0102446E010200000000530C010206
:1050E800010000007C6E0102836E010200000000D6
:1050F8001B0C01020100000000000000000000007D
:10510800000000000000000000000000185101022B
:1051180030860102BA6E010200000000D10B0102C4
:1051280001000000E86E0102ED6E010200000000BF
:10513800395E0002010000000000000000000000CD
:1051480000000000000000000000000058510102AB
:10515800C56A0102196F0102000000006F0C01020C
:1051680001000000C48D0102586F01020000000018
:10517800C30C010201000000000000000000000054
:10518800000000000000000000000000985101022B
:10519800C56A01026B6F010200000000995E0002FF
:1051A80001000000C48D01027B6F010200000000B5
:1051B800F30B0102010000000000000000000000E5
:1051C800000000000000000000000000D8510102AB
:1051D800C56A01028A6F010200000000FF0B01028C
:1051E80001000000C48D0102A26F0102000000004E
:1051F800A70C0102010000000000000000000000F0
:105208000000000000000000000000001852010229
:10521800C56A0102B96F010200000000370C0102E3
:1052280001000000C48D0102D16F010200000000DE
:105238008B0C0102010000000000000000000000CB
:10524800000000000000000000000000900500229F
:10525800647601025E8F01026C52010200000000B8
:105268000000000070520102206201027A8F0102E0
:10527800000000009D89000200000000AA8F0102C2
:10528800B38F010200000000D5890002030000006E
:10529800169001021D900102584A0102D58A0002A7
:1052A800020000004D9001025A900102584A010282
:1052B8003189000202000000859001028D900102F0
:1052C8005C4A0102A98A00020300000000000000F5
:1052D80000000000000000000000000000000000C6
:1052E800EC52010201000000229101020D60004011
:1052F8000D000000000300005900000008530102DF
:10530800010000005D9101020C6000400C000000EB
:1053180000030000580000002453010201000000AF
:105328007C910102050000000200000038530102D0
:1053380001000000B1920102070000000500000012
:105348004C53010201000000AD910102050000006C
:10535800060000006053010201000000CA9101022A
:105368000500000004000000745301020100000061
:10537800E5910102050000000800000088530102C1
:1053880001000000FE910102050000000400000079
:105398009C53010201000000189201020500000060
:1053A80002000000B0530102010000003292010225
:1053B8000500000004000000C453010201000000C1
:1053C8004C9201020500000008000000D8530102B9
:1053D80001000000679201020500000008000000BB
:1053E800EC53010201000000819201020500000057
:1053F800040000000054010201000000CC910102E9
:105408000500000002000000145401020100000021
:10541800AF920102050000000100000028540102BB
:1054280001000000DD9201020030204004302040DD
:10543800083020400C3020401030204048540102F1
:1054480001000000AF700102545401020100000085
:105458003A930102605401020100000064930102C2
:105468006C5401020100000099930102FFFF000043
:105478000A000000400140408C06002203000000A2
:10548800FF0000009054010201000000C3930102D4
:10549800FFFF000006000000C0004040B0060022E8
:1054A80001000000FF000000B454010201000000E8
:1054B800ED930102FFFF000005000000A00040403E
:1054C800BC06002205000000FF000000D8540102BD
:1054D8000100000017940102FFFF00000400000013
:1054E80080004040F8060022090000000203040082
:1054F800FC5401020100000040940102FFFF00007B
:105508000100000020004040640700220300000062
:10551800FF00000020550102010000006A9401020A
:10552800FFFF000000000000000040408807002244
:1055380009000000FF0000004455010202000000BD
:105548002097010225970102585501020100000029
:105558006055010202000000C500000000040107B8
:10556800B5000000000401077455010201000000A5
:105578005997010200893540845501028C55010272
:10558800010000009455010202000000EA0000003A
:1055980000040105FA00000000000105A8550102F9
:1055A80001000000D5970102000000000000000083
:1055B800C855010260380102010000001200000015
:1055C800D055010201000000D85501020400000076
:1055D800A400000000000106B4000000000001065D
:1055E800C400000000000106D4000000000001060D
:1055F8006DA9000289AA0002FDA900026DA8000297
:105608008DA80002B31C0102B71C0102ADA800025C
:10561800FDA80002BB1C0102BF1C0102C8980102C0
:10562800D6980102EA980102F99801020599010247
:10563800D0350102D0350102B0360102B836010278
:10564800F8360102F836010232990102010005001C
:105658004B7F01020200070038990102040008008C
:10566800419901020800040046990102100009004E
:1056780050990102200008005999010240000A00CF
:10568800649901028000060000000000000000008C
:105698000000000000000000000000409559695912
:1056A8005555545515555556040515411054554032
:1056B80045515544404550445055554500400040DB
:1056C800400444966555565545404554514115404A
:1056D80055915555555540510501000054455454B0
:1056E8004555050400100410140440000000014052
:1056F80055551541540400004400010000000040C5
:105708004100004450444550540055555455655186
:1057180000400040010000010005010011545151F2
:10572800545555050000000000000000000000006E
:10573800FB21F93FFB2109407CD91240FB2119408C
:105748007A6A1F407CD92240BBFD2540FB212940B5
:105758003A462C407A6A2F405C4731407CD9324027
:105768009C6B3440BBFD3540DB8F3740FB21394013
:105778001BB43A403A463C405AD83D407A6A3F40CA
:105788004C7E40405C4741406C1042407CD94240CE
:105798008CA243409C6B4440AC344540BBFD454023
:1057A800CBC64640DB8F4740EB584840FB21494079
:1057B80083F9A200444E6E00FC291500D15727003A
:1057C800DD34F50062DBC0003C9995004190430050
:1057D8006351FE00BBDEAB00B761C5003A6E240022
:1057E800D24D42004906E00009EA2E001C92D10081
:1057F800EB1DFE0029B11C00E83EA700F53582002C
:1058080044BB2E009CE98400B4267000417E5F00F2
:10581800D6913900538339009CF439008B5F84009A
:1058280028F9BD00F81F3B00DEFF97000F98050020
:10583800112FEF000A5A8B006D1F6D00CF7E3600C6
:1058480009CB2700464FB7009E663F002DEA5F0050
:10585800BA277500E5EBC7003D7BF100F739070073
:1058680092528A00FB6BEA001FB15F00085D8D0051
:10587800300356007BFC4600F0AB6B0020BCCF0029
:1058880036F49A00E3A91D005E619100081BE6004A
:1058980085996500A0145F008D40680080D8FF00DE
:1058A80027734D0006063100CA561500C9A87300B3
:1058B8007BE260006B8CC000020000000300000067
:1058C80004000000060000000100020008001000AB
:1058D800060008001000180020004000600080004A
:1058E800000180010002000400085F5F6378615FC7
:1058F800707572655F7669727475616C005F5F615F
:10590800656162695F756C3266005F5F61656162DF
:10591800695F6C6469766D6F64005F5F6165616281
:10592800695F696469766D6F64005F5F6165616274
:10593800695F663264005F5F61656162695F6432F6
:10594800697A005F5F61656162695F64636D706554
:1059580071005F5F61656162695F75696469766D31
:105968006F64005F5F61656162695F643275697A5F
:10597800005F5F61656162695F6C3264005F5F61EF
:10598800656162695F7569646976005F5F61656119
:1059980062695F693264005F5F61656162695F6463
:1059A800737562005F5F61656162695F64636D70F2
:1059B8006774005F5F61656162695F696469760049
:1059C8005F5F61656162695F66636D706C65005FEA
:1059D8005F61656162695F64616464005F5F6165FE
:1059E8006162695F66636D70756E005F5F616561B6
:1059F80062695F643266005F5F61656162695F6406
:105A08006D756C005F5F61656162695F646469768A
:105A1800005F5F61656162695F64636D706C7400EB
:105A28005F5F61656162695F75693264005F5F61CC
:105A3800656162695F756C6469766D6F64005F5F4C
:105A480061656162695F64326C7A005F5F6165619C
:105A580062695F64636D706C65005F5F6165616258
:105A6800695F64636D70756E007379735F636C6FE3
:105A7800636B5F6379636C655F6765745F3332007E
:105A880072696E675F6275665F7075740072696EC1
:105A9800675F6275665F7065656B0072696E675FE8
:105AA8006275665F676574006362767072696E74AA
:105AB8006600736E7072696E746600737072696ED8
:105AC8007466007075746368617200707574730031
:105AD8006174616E00636F730073696E006B5F774A
:105AE8006F726B5F7363686564756C65006B5F6686
:105AF8006174616C5F68616C74006B5F74696D657B
:105B0800725F696E6974007A5F6C6F675F6D736747
:105B18005F72756E74696D655F76637265617465D1
:105B2800006B5F73636865645F756E6C6F636B00B1
:105B38006B5F73636865645F6C6F636B006174614E
:105B48006E320069737864696769740069736C6F91
:105B58007765720069737570706572006973707229
:105B6800696E74006973677261706800697364694B
:105B7800676974006973636E74726C006973616C31
:105B880070686100746F757070657200746F6C6F07
:105B9800776572006973616C6E756D0069737370F7
:105BA8006163650061746F6C0061746F6600617495
:105BB8006F69007372616E640063616C6C6F63007F
:105BC8007265616C6C6F63006B5F6D616C6C6F63A9
:105BD800006D656D6D6F7665007374726361740036
:105BE800737472636872007374726C656E00737498
:105BF80072636D7000737472746F756C0073747275
:105C080063617365636D70007374726E637079009D
:105C18007374726E636D7000737472737472007350
:105C2800747272636872004661696C656420746F8F
:105C3800206F70656E20666C6173682061726561A3
:105C48002C2072632025640A004661696C65642013
:105C5800746F2072656164206865616465722C20C8
:105C680072632025640A00496E76616C696420734A
:105C78006B65746368206865616465720A00556EB7
:105C880061626C6520746F20616C6C6F6361746510
:105C98002025642062797465730A004661696C6521
:105CA8006420746F207265616420736B6574636827
:105CB80020617265612C2072632025640A004661A8
:105CC800696C656420746F206C6F616420736B6508
:105CD8007463682C2072632025640A006D61696E04
:105CE800004661696C656420746F2066696E642083
:105CF8006D61696E2066756E6374696F6E0A005215
:105D0800756E20736B657463680061707000287528
:105D18006E7369676E6564292063686172202A2042
:105D28007573656420666F7220252570206172671F
:105D3800756D656E742E2049742773207265636FC4
:105D48006D6D656E64656420746F20636173742083
:105D5800697420746F20766F6964202A20626563F5
:105D680061757365206974206D617920636175734D
:105D780065206D69736265686176696F7220696E06
:105D8800206365727461696E20636F6E66696775FA
:105D9800726174696F6E732E20537472696E673AFC
:105DA8002225732220617267756D656E743A2564C9
:105DB8000063627072696E74665F7061636B6167BD
:105DC8006500767072696E746B00617373657274C6
:105DD8005F7072696E74006173736572745F706F5F
:105DE80073745F616374696F6E00736F63006C6FC7
:105DF80067006C6F675F6D676D74004D65737361E5
:105E080067652064726F7070656420626563617590
:105E180073652069742065786365656473207369A8
:105E28007A65206C696D69746174696F6E202825C4
:105E38007529004D657373616765202822257322D3
:105E4800292064726F707065642062656361757380
:105E58006520697420657863656564732073697A61
:105E680065206C696D69746174696F6E2028257589
:105E780029000D0A001B5B306D00257320005B258F
:105E880030386C755D20005B253032753A2530322C
:105E9800753A253032752E253033752C25303375FB
:105EA8005D200025732F003C25733E200025733AA2
:105EB8002000253032782000202020007C001B5B49
:105EC800313B33316D001B5B313B33336D00657201
:105ED800720077726E00696E6600646267006B65B7
:105EE800726E656C004B65726E656C20636F6D6DCC
:105EF800616E6473006379636C65733A202575205D
:105F08006877206379636C65730A006379636C65ED
:105F180073004B65726E656C206379636C65732ED4
:105F280000556E61626C6520746F207061727365D4
:105F380020696E7075742028657272202564290A9C
:105F4800006D7300557074696D653A20256C6C7529
:105F5800206D730A002D70002D2D70726574747990
:105F680000556E737570706F72746564206F70740D
:105F7800696F6E3A2025730A00757074696D653A09
:105F880020256C6C7520646179732C20256C6C75E8
:105F980020686F7572732C20256C6C75206D696E86
:105FA800757465732C20256C6C75207365636F6E32
:105FB80064732C20256C6C75206D696C6C69736535
:105FC800636F6E64730A00757074696D65004B6564
:105FD800726E656C20757074696D652E2043616EF4
:105FE8002062652063616C6C656420776974682041
:105FF800746865202D70206F72202D2D7072657465
:106008007479206F7074696F6E7300342E312E3975
:1060180039005A65706879722076657273696F6E97
:106028002025730A0076657273696F6E004B65727E
:106038006E656C2076657273696F6E2E00546869A0
:106048007320636F6D6D616E642069732064657081
:106058007265636174656420617320697420697373
:106068002061206475706C69636174652E205573B6
:106078006520276C6F6720656E61626C65272063F9
:106088006F6D6D616E642066726F6D206C6F6767EF
:10609800696E6720636F6D6D616E647320736574DC
:1060A8002E0A00556E61626C6520746F20706172F3
:1060B8007365206C6F6720736576657269747920E3
:1060C80028657272202564290A00496E76616C6918
:1060D80064206C6F67206C6576656C3A2025640ACD
:1060E80000556E61626C6520746F2066696E64206D
:1060F8006C6F6720736F757263653A2025730A00A9
:106108006C6F675F6C6576656C003C6D6F64756C71
:1061180065206E616D653E203C73657665726974B5
:10612800792028302D34293E004B65726E656C202D
:10613800746872656164732E005363686564756C76
:1061480065723A2025752073696E6365206C6173EA
:10615800742063616C6C0A00546872656164733AF8
:106168000A004E41002573257020252D3130730A11
:1061780000096F7074696F6E733A20307825782C37
:10618800207072696F726974793A20256420746985
:106198006D656F75743A20256C6C640A0009737418
:1061A8006174653A2025732C20656E7472793A20E3
:1061B80025700A00556E61626C6520746F206465F5
:1061C8007465726D696E6520756E7573656420738C
:1061D8007461636B2073697A6520282564290A0A2B
:1061E8000009737461636B2073697A6520257A7579
:1061F8002C20756E7573656420257A752C2075734F
:1062080061676520257A75202F20257A7520282535
:1062180075202525290A0A006C697374004C697376
:1062280074206B65726E656C207468726561647346
:106238002E002570204952512025303264202573C4
:10624800287265616C2073697A652025347A75290E
:106258003A09756E757365642025347A7509757306
:106268006167652025347A75202F2025347A7520BA
:106278002825327A75202525290A00257020252D04
:1062880033327320287265616C2073697A65202522
:10629800347A75293A09756E757365642025347AE0
:1062A800750975736167652025347A75202F202557
:1062B800347A752028253275202525290A0073741B
:1062C80061636B73004C69737420746872656164F0
:1062D8007320737461636B2075736167652E005456
:1062E8006872656164204944202570206973206EB6
:1062F8006F742076616C69640A004572726F723A35
:106308005368656C6C207468726561642063616EA3
:106318006E6F742062652073757370656E64656452
:106328000A00546872656164202570207375737063
:10633800656E6465640A006B65726E656C207468CE
:10634800726561642073757370656E64203C74684F
:10635800726561645F69643E004572726F723A5398
:1063680068656C6C207468726561642063616E6E28
:106378006F7420626520726573756D65640A0054D8
:10638800687265616420257020726573756D656437
:106398000A006B65726E656C2074687265616420B2
:1063A800726573756D65203C7468726561645F69B8
:1063B800643E004572726F723A5368656C6C207463
:1063C80068726561642063616E6E6F742062652017
:1063D8006B696C6C65640A000A20546872656164B4
:1063E800202570206B696C6C65640A006B696C6CA5
:1063F800006B65726E656C20746872656164206BF1
:10640800696C6C203C7468726561645F69643E0005
:1064180052454144590044495341424C4544006463
:106428006576696365733A0A005B25705D002D2007
:1064380025730020204454206E6F6465206C6162CF
:10644800656C733A006465766963650044657669CE
:10645800636520636F6D6D616E6473004C6973745E
:1064680020636F6E66696775726564206465766916
:10647800636573005573696E672064617461207782
:10648800696474682025640A00496E636F727265D6
:10649800637420646174612077696474680A0052C7
:1064A8006561642076616C756520307825780A000E
:1064B80057726974696E672076616C7565203078EB
:1064C80025780A00696E76616C696420616464727B
:1064D80020272573270A00696E76616C696420732A
:1064E800697A6520272573270A00696E76616C69C9
:1064F8006420776964746820272573270A00613A45
:10650800733A773A00272D61203C616464726573A1
:10651800733E27206973206D616E6461746F7279B0
:106528000A00272D73203C73697A653E272069731A
:10653800206D616E6461746F72790A006465766DAE
:10654800656D206C6F616420737570706F72747301
:106558002073657474696E67206279706173732043
:106568006F6E20612073696E676C6520696E737445
:10657800616E63652E0A004C6F6164696E672E2E2A
:106588002E0A7072657373206374726C2D782063A1
:1065980074726C2D7120746F206573636170650A65
:1065A800004E756D626572206F662062797465733E
:1065B80020726561643A2025640A002D2D002D653E
:1065C80000556E6B6E6F776E206F7074696F6E20FA
:1065D800222573220A006465766D656D0052656137
:1065E800642F777269746520706879736963616C68
:1065F800206D656D6F72790A55736167653A0A5245
:10660800656164206D656D6F7279206174206164C5
:1066180064726573732077697468206F7074696F2A
:106628006E616C2077696474683A0A6465766D6592
:106638006D203C616464726573733E205B3C7769CE
:106648006474683E5D0A5772697465206D656D6F84
:10665800727920617420616464726573732077694C
:106668007468206D616E6461746F727920776964F3
:10667800746820616E642076616C75653A0A646599
:10668800766D656D203C616464726573733E203C71
:1066980077696474683E203C76616C75653E006479
:1066A800756D700055736167653A0A6465766D6546
:1066B8006D2064756D70202D61203C616464726585
:1066C80073733E202D73203C73697A653E205B2DE1
:1066D80077203C77696474683E5D0A00557361678A
:1066E800653A0A6465766D656D206C6F6164205B40
:1066F8006F7074696F6E735D205B6164647265733B
:10670800735D0A4F7074696F6E733A0A2D65096C70
:106718006974746C652D656E6469616E2070617250
:1067280073650052582072696E67206275666665E7
:10673800722066756C6C2E007368656C6C2E7368BD
:10674800656C6C5F7561727400756172743A7E2451
:1067580020007368656C6C5F756172745F62616359
:106768006B656E6400537562636F6D6D616E647303
:106778003A0A006E6F74207465726D696E61746593
:10678800643A2025630A00506C6561736520737054
:106798006563696679206120737562636F6D6D61E9
:1067A8006E642E0A004572726F723A2072657175B6
:1067B8006573746564206D756C7469706C652066AA
:1067C800756E6374696F6E20657865637574696F3B
:1067D8006E730A003A20636F6D6D616E64206E6F90
:1067E8007420666F756E6400546F6F206D616E79EA
:1067F80020617267756D656E747320696E207468A8
:106808006520636F6D6D616E642E0A0025733A20F2
:1068180077726F6E6720706172616D657465722042
:10682800636F756E740A005741524E494E473A20BD
:1068380041207072696E7420726571756573742079
:10684800776173206465746563746564206F6E2076
:106858006E6F7420616374697665207368656C6C0B
:10686800206261636B656E642E0A000A25732573C6
:10687800005368656C6C2074687265616420657289
:10688800726F723A20256400506C656173652070E0
:106898007265737320746865203C5461623E20629F
:1068A8007574746F6E20746F2073656520616C6CED
:1068B80020617661696C61626C6520636F6D6D61E2
:1068C8006E64732E0A00596F752063616E20616CC7
:1068D800736F2075736520746865203C5461623E4F
:1068E80020627574746F6E20746F2070726F6D7093
:1068F80074206F72206175746F2D636F6D706C6595
:10690800746520616C6C20636F6D6D616E647320BB
:106918006F722069747320737562636F6D6D616E39
:1069280064732E0A00596F752063616E2074727942
:1069380020746F2063616C6C20636F6D6D616E6491
:10694800732077697468203C2D683E206F72203C64
:106958002D2D68656C703E20706172616D6574657F
:106968007220666F72206D6F726520696E666F7235
:106978006D6174696F6E2E0A000A5368656C6C202D
:10698800737570706F72747320666F6C6C6F776953
:106998006E67206D6574612D6B6579733A0A2020E6
:1069A8004374726C202B202861206B6579206672F5
:1069B8006F6D3A206162636465666B6C6E707577A3
:1069C800290A2020416C7420202B202861206B6527
:1069D800792066726F6D3A206266290A506C65618B
:1069E800736520726566657220746F207368656CC4
:1069F8006C20646F63756D656E746174696F6E2069
:106A0800666F72206D6F72652064657461696C735E
:106A18002E0A000A417661696C61626C6520636FB9
:106A28006D6D616E64733A0A00253038583A20005B
:106A38005072696E7473207468652068656C702084
:106A48006D6573736167652E001B5B2564256300A4
:106A58001B5B313B3325646D001B5B34303325648D
:106A68006D002573252D2A73002D68002D2D68656E
:106A78006C7000202D20002020004C6F7374206C57
:106A88006F67733A20256C750A00416374697665EF
:106A9800207368656C6C206261636B656E64733A21
:106AA8000A0020202532642E203A257320282573D9
:106AB800290A005B2533645D2025730A006F66662A
:106AC8000020756E6B6E6F776E20706172616D65F8
:106AD8007465723A200025733A257325730A0045B8
:106AE80063686F207374617475733A2025730A00A4
:106AF8004E6F20726573706F6E73652066726F6D6E
:106B080020746865207465726D696E616C2C2061F3
:106B18007373756D6564203830783234207363720E
:106B280065656E2073697A650A001B5B366E0072B4
:106B3800657476616C005072696E74207265747544
:106B4800726E2076616C7565206F66206D6F737448
:106B580020726563656E7420636F6D6D616E64008D
:106B6800726573697A6500436F6E736F6C65206731
:106B7800657473207465726D696E616C20736372DD
:106B880065656E2073697A65206F7220617373750D
:106B98006D65732064656661756C7420696E206329
:106BA8006173652074686520726561646F7574200F
:106BB8006661696C732E204974206D757374206248
:106BC80065206578656375746564206166746572AF
:106BD8002065616368207465726D696E616C2077E9
:106BE80069647468206368616E676520746F2065E6
:106BF8006E7375726520636F727265637420746555
:106C0800787420646973706C61792E006869737494
:106C18006F727900436F6D6D616E6420686973747B
:106C28006F72792E0055736566756C2C206E6F74C3
:106C380020556E69782D6C696B65207368656C6C7E
:106C480020636F6D6D616E64732E00436C656172B5
:106C58002073637265656E2E0072656D0049676EFC
:106C68006F7265206C696E657320626567696E6E08
:106C7800696E672077697468202772656D20270020
:106C880064656661756C7400417373756D65203851
:106C9800302063686172732073637265656E207754
:106CA8006964746820616E642073656E642074681A
:106CB80069732073657474696E6720746F207468D3
:106CC80065207465726D696E616C2E006261636B1C
:106CD800656E6473004C69737420616374697665CA
:106CE800207368656C6C206261636B656E64732EDB
:106CF8000A006261636B73706163655F6D6F6465E1
:106D080000546F67676C65206261636B73706163C1
:106D180065206B6579206D6F64652E0A536F6D650C
:106D2800207465726D696E616C7320617265206E86
:106D38006F742073656E64696E6720736570617225
:106D48006174652065736361706520636F64652095
:106D5800666F72206261636B737061636520616E38
:106D6800642064656C65746520627574746F6E2E3A
:106D7800205468697320636F6D6D616E6420666F5F
:106D880072636573207368656C6C20746F20696E1C
:106D9800746572707265742064656C657465206BC7
:106DA8006579206173206261636B73706163652E1E
:106DB80000636F6C6F727300546F67676C65206354
:106DC8006F6C6F7265642073796E7461782E0076CB
:106DD8007431303000546F67676C652076743130D9
:106DE8003020636F6D6D616E64732E0070726F6D0D
:106DF800707400546F67676C652070726F6D707483
:106E08002E006563686F00546F67676C6520736850
:106E1800656C6C206563686F2E0073746174730011
:106E28005368656C6C2073746174697374696373F7
:106E38002E006261636B7370616365005365742033
:106E4800646966666572656E7420657363617065F2
:106E580020636F646520666F72206261636B737074
:106E680061636520616E642064656C657465206B80
:106E780065792E0064656C657465005365742074CB
:106E880068652073616D6520657363617065206353
:106E98006F646520666F72206261636B73706163F3
:106EA8006520616E642064656C657465206B657926
:106EB8002E005265736574207368656C6C2073745A
:106EC800617469737469637320666F72207468658E
:106ED800204C6F67676572206D6F64756C652E0056
:106EE80073686F7700476574207368656C6C2073EE
:106EF80074617469737469637320666F722074684F
:106F080065204C6F67676572206D6F64756C652EC0
:106F18000044697361626C65207368656C6C2065F8
:106F280063686F2E2045646974696E67206B6579A4
:106F38007320616E64206D6574612D6B65797320B3
:106F4800617265206E6F742068616E646C656400A0
:106F5800456E61626C65207368656C6C206563685A
:106F68006F2E0044697361626C652070726F6D707A
:106F7800742E00456E61626C652070726F6D70745E
:106F88002E0044697361626C65207674313030205C
:106F9800636F6D6D616E64732E00456E61626C6522
:106FA80020767431303020636F6D6D616E64732E9E
:106FB8000044697361626C6520636F6C6F7265640D
:106FC8002073796E7461782E00456E61626C65205D
:106FD800636F6C6F7265642073796E7461782E00CC
:106FE800436F6D6D616E64206275666665722069B7
:106FF8007320746F6F2073686F727420746F2065CC
:107008007870616E6420616C6C20636F6D6D616E69
:107018006473206D61746368696E672077696C6456
:1070280063617264207061747465726E3A202573AE
:107038000A0053697A65206F6620434F4E464947D8
:107048005F464C4153485F46494C4C5F4255464663
:1070580045525F53495A45004E65676174697665C4
:10706800206F6666736574206E6F7420616C6C6F38
:107078007765640A00496E636F7272656374207382
:10708800697A65206F72206F666673657420616C1B
:1070980069676E6D656E742C2065787065637465BC
:1070A8006420257A780A00666C6173680072302F54
:1070B80061313A2020307825303878202072312FFD
:1070C80061323A2020307825303878202072322FEB
:1070D80061333A20203078253038780072332F61B8
:1070E800343A2020307825303878207231322F69B0
:1070F800703A2020307825303878207231342F6C5F
:10710800723A2020307825303878002078707372F1
:107118003A202030782530387800735B2532645D5A
:107128003A20203078253038782020735B25326467
:107138005D3A20203078253038782020735B25325E
:10714800645D3A20203078253038782020735B251C
:1071580032645D3A202030782530387800667073C4
:1071680063723A2020307825303878004661756C93
:1071780074696E6720696E737472756374696F6E73
:10718800206164647265737320287231352F7063CF
:10719800293A2030782530387800556E68616E6459
:1071A8006C6564204952516E3A20256400436F751E
:1071B8006C64206E6F7420726561642073796D62EF
:1071C8006F6C2066726F6D2062696E617279210042
:1071D800436F756C64206E6F742066696E642073EB
:1071E800796D626F6C202573210073796D202725D6
:1071F80073273A2072656C6F636174696F6E206FD4
:107208007574206F662072616E6765202825237863
:10721800202D3E20252378290A00756E6B6E6F7726
:107228006E2072656C6F636174696F6E3A202575A4
:107238000A00656C66002A2A2A2A2A204D50552001
:107248004641554C54202A2A2A2A2A0020205374C1
:1072580061636B696E67206572726F722028636F55
:107268006E746578742061726561206D69676874F1
:10727800206265206E6F742076616C696429002035
:1072880020556E737461636B696E67206572726FE7
:107298007200202044617461204163636573732028
:1072A80056696F6C6174696F6E0020204D4D4641C0
:1072B8005220416464726573733A203078257800EF
:1072C8002020496E737472756374696F6E20416310
:1072D800636573732056696F6C6174696F6E002003
:1072E80020466C6F6174696E672D706F696E7420CB
:1072F8006C617A7920737461746520707265736546
:1073080072766174696F6E206572726F72002A2AD4
:107318002A2A2A20425553204641554C54202A2ACD
:107328002A2A2A002020537461636B696E672065DE
:1073380072726F72002020507265636973652064F1
:1073480061746120627573206572726F720020200B
:107358004246415220416464726573733A20307822
:107368002578002020496D70726563697365206413
:1073780061746120627573206572726F72002020DB
:10738800496E737472756374696F6E2062757320C9
:107398006572726F72002A2A2A2A2A205553414799
:1073A80045204641554C54202A2A2A2A2A002020C2
:1073B8004469766973696F6E206279207A65726FA5
:1073C800002020556E616C69676E6564206D656D7F
:1073D8006F72792061636365737300202053746151
:1073E800636B206F766572666C6F772028636F6EAB
:1073F800746578742061726561206E6F742076619F
:107408006C6964290020204E6F20636F70726F636F
:107418006573736F7220696E737472756374696FC4
:107428006E73002020496C6C6567616C206C6F611D
:1074380064206F66204558435F52455455524E208C
:10744800696E746F205043002020496C6C65676139
:107458006C20757365206F662074686520455053ED
:1074680052002020417474656D707420746F20651B
:1074780078656375746520756E646566696E6564A4
:1074880020696E737472756374696F6E00526573E8
:10749800657276656420457863657074696F6E20DF
:1074A800280053707572696F757320696E74657200
:1074B8007275707420284952512000535053454C1E
:1074C80020696E20746872656164206D6F64652040
:1074D800646F6573206E6F7420696E64696361748C
:1074E8006520505350002A2A2A2A2A20484152440B
:1074F800204641554C54202A2A2A2A2A0020204274
:107508007573206661756C74206F6E207665637480
:107518006F72207461626C6520726561640020205E
:107528004465627567206576656E74002020466143
:10753800756C7420657363616C6174696F6E202863
:107548007365652062656C6F772900415243485F17
:1075580045584345505420776974682072656173B3
:107568006F6E2025780A002A2A2A2A2A2044656272
:107578007567206D6F6E69746F72206578636570CA
:1075880074696F6E202A2A2A2A2A002A2A2A2A2A75
:1075980020257320256429202A2A2A2A2A006162A4
:1075A8006F727428290A006765746F7074004661E9
:1075B800696C656420746F20676574207461626CFF
:1075C800652073697A653A202564004661696C65AF
:1075D8006420746F206765742066756E6374696FC4
:1075E8006E207461626C653A202564004E6F7420C9
:1075F800656E6F756768206D656D6F727920666F4F
:107608007220657874656E73696F6E206D6574613C
:1076180064617461004661696C656420746F2063FD
:10762800616C6C20696E69742066756E6374696F2D
:107638006E733A202564004661696C656420746F36
:107648002063616C6C2064652D696E6974206675B1
:107658006E6374696F6E733A202564006C6C65788C
:1076680074004661696C656420616C6C6F63617459
:10767800696E6720257A6420627974657320257A9B
:10768800642D616C69676E656420666F722072652F
:1076980067696F6E202564004661696C65642074B3
:1076A8006F207072657061726520746865206C6FF8
:1076B800616465722C2072657420256400466169D6
:1076C8006C656420746F207365656B20666F72202B
:1076D800454C4620686561646572004661696C6561
:1076E8006420746F207265616420454C462068658B
:1076F8006164657200496E76616C696420454C4628
:107708002C206D6167696320646F6573206E6F74E8
:10771800206D6174636800556E737570706F727454
:10772800656420454C462066696C652074797065EF
:1077380020257800496E76616C69642073656374EE
:10774800696F6E206865616465722073697A652067
:107758002564004661696C656420746F20616C6CF7
:107768006F636174652073656374696F6E206D6102
:10777800702C2073697A6520257A75004661696CDA
:10778800656420746F20616C6C6F6361746520732D
:10779800656374696F6E20686561646572732C2017
:1077A80073697A6520257A75004661696C6564207D
:1077B800746F207365656B20666F722073656374E0
:1077C800696F6E2068656164657273004661696CF3
:1077D800656420746F2072656164207365637469E1
:1077E8006F6E2068656164657273004661696C65D7
:1077F8006420746F206C6F61642062617369632018
:10780800454C4620646174612C207265742025649F
:1078180000536F6D652073656374696F6E732061C3
:107828007265206D697373696E67206F722070725C
:107838006573656E74206D756C7469706C65207401
:10784800696D657321004661696C656420746F20F9
:1078580066696E6420696D706F7274616E7420451C
:107868004C46207461626C65732C20726574202507
:1078780064004661696C656420746F20636F707979
:1078880020454C4620737472696E67207365637473
:10789800696F6E732C20726574202564002E6578DC
:1078A800706F727465645F73796D00496E76616C90
:1078B800696420257320617272617920696E207372
:1078C800656374696F6E20256400556E73757070FA
:1078D8006F727465642073656374696F6E20666C7B
:1078E80061677320252378202F2025237820666F51
:1078F800722025732028726567696F6E20256429B8
:10790800004D756C7469706C65205348545F4E4F18
:10791800424954532073656374696F6E73206172B2
:1079280065206E6F7420737570706F727465640073
:10793800526567696F6E20256420726564656669A3
:107948006E656400496E636F6D70617469626C6521
:107958002073656374696F6E206164647265737304
:10796800657320666F722025732028726567696FBA
:107978006E20256429004261642073656374696F11
:107988006E20616C69676E6D656E7420696E207219
:107998006567696F6E20256400526567696F6E20A0
:1079A800256420564D412072616E67652028252385
:1079B8007A782D25237A7829206F7665726C617024
:1079C800732077697468202564202825237A782D08
:1079D80025237A782900526567696F6E202564200F
:1079E800454C462066696C652072616E6765202883
:1079F80025237A782D25237A7829206F7665726C6D
:107A08006170732077697468202564202825237A9B
:107A1800782D25237A7829004661696C656420747D
:107A28006F206D617020454C462073656374696FE3
:107A38006E732C20726574202564004661696C653C
:107A48006420746F20636F707920726567696F6E48
:107A5800732C20726574202564004661696C656426
:107A680020746F20636F756E74206578706F727400
:107A7800656420454C462073796D626F6C732C20C9
:107A8800726574202564004661696C656420746FB2
:107A980020616C6C6F6361746520657874656E73C2
:107AA800696F6E2073796D626F6C207461626C65AA
:107AB8002C20726574202564004E6F206461746107
:107AC80020666F722073656374696F6E2025640089
:107AD8004661696C656420746F20636F70792073E8
:107AE800796D626F6C732C20726574202564004672
:107AF80061696C656420746F206C696E6B2C2072F0
:107B08006574202564004661696C656420746F2083
:107B18006578706F72742C20726574202564007FFC
:107B2800454C46556E646566696E65642073796D6B
:107B3800626F6C2077697468206E6F20656E74724E
:107B48007920696E2073796D626F6C207461626C44
:107B5800652025732C206F666673657420257A640A
:107B68002C206C696E6B2073656374696F6E2025B9
:107B7800640063616E6E6F74206170706C7920723E
:107B8800656C6F636174696F6E3A207461726765C2
:107B9800742073796D626F6C2068617320756E65EF
:107BA800787065637465642073656374696F6E20AB
:107BB800696E646578202564202825237829004982
:107BC8006E76616C696420656E7472792073697A67
:107BD8006520257A6420666F72205348545F5245A9
:107BE8004C2073656374696F6E20256400466F7559
:107BF8006E6420756E737570706F7274656420534F
:107C080048545F52454C412073656374696F6E2018
:107C180025640053616E69747920636865636B73CA
:107C2800206661696C656420666F72207365637491
:107C3800696F6E2025642028696E666F20257A6436
:107C48002C2073697A6520257A642C20656E7473FC
:107C5800697A6520257A64290053656374696F6EB3
:107C6800202564206E6F74206C6F616465642069E0
:107C78006E20616E79206D656D6F7279207265670F
:107C8800696F6E007A5F696D706C5F7A657068798C
:107C9800725F77726974655F7374646F7574007A64
:107CA8005F696D706C5F7A65706879725F72656123
:107CB800645F737464696E007A5F696D706C5F7A73
:107CC80065706879725F667772697465007A5F6952
:107CD8006D706C5F7A65706879725F6670757463D1
:107CE800007A5F696D706C5F7A5F7379735F6D7529
:107CF8007465785F6B65726E656C5F756E6C6F63CB
:107D08006B007A5F696D706C5F7A5F7379735F6D12
:107D1800757465785F6B65726E656C5F6C6F636BAD
:107D2800007A5F696D706C5F7A5F6C6F675F6D7307
:107D3800675F7374617469635F637265617465001A
:107D48007A5F696D706C5F7A5F6C6F675F6D736780
:107D58005F73696D706C655F6372656174655F32CE
:107D6800007A5F696D706C5F7A5F6C6F675F6D73C7
:107D7800675F73696D706C655F6372656174655F79
:107D880031007A5F696D706C5F7A5F6C6F675F6DE9
:107D980073675F73696D706C655F63726561746545
:107DA8005F30007A5F696D706C5F756172745F74C3
:107DB800785F753136007A5F696D706C5F756172D6
:107DC800745F74785F61626F7274007A5F696D7056
:107DD8006C5F756172745F7478007A5F696D706C3E
:107DE8005F756172745F72785F656E61626C655F02
:107DF800753136007A5F696D706C5F756172745F9A
:107E080072785F656E61626C65007A5F696D706C2F
:107E18005F756172745F72785F64697361626C65C3
:107E2800007A5F696D706C5F756172745F706F6CFA
:107E38006C5F6F75745F753136007A5F696D706C51
:107E48005F756172745F706F6C6C5F6F7574007AC8
:107E58005F696D706C5F756172745F706F6C6C5F79
:107E6800696E5F753136007A5F696D706C5F756138
:107E780072745F706F6C6C5F696E007A5F696D70A9
:107E88006C5F756172745F6C696E655F6374726C48
:107E98005F736574007A5F696D706C5F7561727489
:107EA8005F6C696E655F6374726C5F676574007A96
:107EB8005F696D706C5F756172745F6972715F750F
:107EC8007064617465007A5F696D706C5F7561726A
:107ED800745F6972715F74785F656E61626C65006A
:107EE8007A5F696D706C5F756172745F6972715FDA
:107EF80074785F64697361626C65007A5F696D703C
:107F08006C5F756172745F6972715F72785F656EBC
:107F180061626C65007A5F696D706C5F756172741F
:107F28005F6972715F72785F64697361626C650022
:107F38007A5F696D706C5F756172745F6972715F89
:107F480069735F70656E64696E67007A5F696D70EA
:107F58006C5F756172745F6972715F6572725F657B
:107F68006E61626C65007A5F696D706C5F756172D5
:107F7800745F6972715F6572725F64697361626C64
:107F880065007A5F696D706C5F756172745F6572A8
:107F9800725F636865636B007A5F696D706C5F75AB
:107FA8006172745F6472765F636D64007A5F696D95
:107FB800706C5F756172745F636F6E666967757206
:107FC80065007A5F696D706C5F756172745F636F6D
:107FD8006E6669675F676574007A5F696D706C5F6C
:107FE8007379735F636C6F636B5F68775F637963E3
:107FF8006C65735F7065725F7365635F72756E74CD
:10800800696D655F676574007A5F696D706C5F7331
:1080180070695F7472616E736365697665007A5F13
:10802800696D706C5F7370695F72656C65617365AB
:10803800007A5F696D706C5F6C6F675F70726F63F9
:10804800657373007A5F696D706C5F6C6F675F70E2
:10805800616E6963007A5F696D706C5F6C6F675FF2
:1080680066726F6E74656E645F66696C7465725F64
:10807800736574007A5F696D706C5F6C6F675F66BB
:10808800696C7465725F736574007A5F696D706C92
:108098005F6C6F675F62756666657265645F636E65
:1080A80074007A5F696D706C5F6C6C6578745F677B
:1080B80065745F666E5F7461626C65007A5F696D96
:1080C800706C5F6B5F7969656C64007A5F696D706D
:1080D8006C5F6B5F77616B657570007A5F696D7057
:1080E8006C5F6B5F75736C656570007A5F696D7046
:1080F8006C5F6B5F757074696D655F7469636B73D2
:10810800007A5F696D706C5F6B5F74696D65725F33
:10811800757365725F646174615F736574007A5F1B
:10812800696D706C5F6B5F74696D65725F7573659F
:10813800725F646174615F676574007A5F696D700E
:108148006C5F6B5F74696D65725F73746F70007AD2
:108158005F696D706C5F6B5F74696D65725F737476
:10816800617475735F73796E63007A5F696D706CA3
:108178005F6B5F74696D65725F7374617475735F4B
:10818800676574007A5F696D706C5F6B5F74696DA9
:1081980065725F7374617274007A5F696D706C5F89
:1081A8006B5F74696D65725F72656D61696E696E2A
:1081B800675F7469636B73007A5F696D706C5F6B7E
:1081C8005F74696D65725F657870697265735F74F5
:1081D80069636B73007A5F696D706C5F6B5F74685D
:1081E800726561645F74696D656F75745F72656DE2
:1081F80061696E696E675F7469636B73007A5F6942
:108208006D706C5F6B5F7468726561645F74696DD3
:10821800656F75745F657870697265735F7469639B
:108228006B73007A5F696D706C5F6B5F7468726501
:1082380061645F73757370656E64007A5F696D70F1
:108248006C5F6B5F7468726561645F737461636BA4
:108258005F73706163655F676574007A5F696D70ED
:108268006C5F6B5F7468726561645F737461636B84
:108278005F66726565007A5F696D706C5F6B5F74CD
:1082880068726561645F737461636B5F616C6C6F66
:1082980063007A5F696D706C5F6B5F7468726561AB
:1082A800645F726573756D65007A5F696D706C5F88
:1082B8006B5F7468726561645F7072696F7269740C
:1082C800795F736574007A5F696D706C5F6B5F745A
:1082D80068726561645F7072696F726974795F67EB
:1082E8006574007A5F696D706C5F6B5F7468726546
:1082F80061645F6E616D655F736574007A5F696D57
:10830800706C5F6B5F7468726561645F6E616D65E8
:108318005F636F7079007A5F696D706C5F6B5F7413
:1083280068726561645F6A6F696E007A5F696D7013
:108338006C5F6B5F7468726561645F646561646CCF
:10834800696E655F736574007A5F696D706C5F6BE9
:108358005F7468726561645F637573746F6D5F6481
:108368006174615F736574007A5F696D706C5F6BCF
:108378005F7468726561645F637573746F6D5F6461
:108388006174615F676574007A5F696D706C5F6BBB
:108398005F7468726561645F637265617465007AB1
:1083A8005F696D706C5F6B5F7468726561645F6153
:1083B800626F7274007A5F696D706C5F6B5F737463
:1083C800725F6F7574007A5F696D706C5F6B5F7355
:1083D8007461636B5F70757368007A5F696D706C48
:1083E8005F6B5F737461636B5F706F70007A5F6956
:1083F8006D706C5F6B5F737461636B5F616C6C6FE6
:10840800635F696E6974007A5F696D706C5F6B5F3A
:10841800736C656570007A5F696D706C5F6B5F7314
:10842800656D5F74616B65007A5F696D706C5F6B19
:108438005F73656D5F7265736574007A5F696D70EF
:108448006C5F6B5F73656D5F696E6974007A5F69F5
:108458006D706C5F6B5F73656D5F67697665007AD9
:108468005F696D706C5F6B5F73656D5F636F756E71
:10847800745F676574007A5F696D706C5F6B5F73BA
:10848800636865645F63757272656E745F74687241
:108498006561645F7175657279007A5F696D706C8A
:1084A8005F6B5F72657363686564756C65007A5F9E
:1084B800696D706C5F6B5F71756575655F7065651B
:1084C8006B5F7461696C007A5F696D706C5F6B5F7C
:1084D80071756575655F7065656B5F68656164007A
:1084E8007A5F696D706C5F6B5F71756575655F69E3
:1084F800735F656D707479007A5F696D706C5F6B1E
:108508005F71756575655F696E6974007A5F696D1D
:10851800706C5F6B5F71756575655F676574007A10
:108528005F696D706C5F6B5F71756575655F6361C1
:108538006E63656C5F77616974007A5F696D706CF2
:108548005F6B5F71756575655F616C6C6F635F709C
:10855800726570656E64007A5F696D706C5F6B5FE1
:1085680071756575655F616C6C6F635F617070656F
:108578006E64007A5F696D706C5F6B5F706F6C6CB6
:108588005F7369676E616C5F7265736574007A5FAB
:10859800696D706C5F6B5F706F6C6C5F7369676E31
:1085A800616C5F7261697365007A5F696D706C5F99
:1085B8006B5F706F6C6C5F7369676E616C5F696E1F
:1085C8006974007A5F696D706C5F6B5F706F6C6C5B
:1085D8005F7369676E616C5F636865636B007A5F80
:1085E800696D706C5F6B5F706F6C6C007A5F696D42
:1085F800706C5F6B5F706970655F77726974655FD7
:10860800617661696C007A5F696D706C5F6B5F7031
:108618006970655F7772697465007A5F696D706CFF
:108628005F6B5F706970655F7265736574007A5F10
:10863800696D706C5F6B5F706970655F72656164AE
:108648005F617661696C007A5F696D706C5F6B5F02
:10865800706970655F72656164007A5F696D706CDE
:108668005F6B5F706970655F707574007A5F696DC4
:10867800706C5F6B5F706970655F696E6974007AB2
:108688005F696D706C5F6B5F706970655F6765745B
:10869800007A5F696D706C5F6B5F706970655F66AB
:1086A8006C757368007A5F696D706C5F6B5F706979
:1086B80070655F636C6F7365007A5F696D706C5F7E
:1086C8006B5F706970655F6275666665725F666C20
:1086D800757368007A5F696D706C5F6B5F70697045
:1086E800655F616C6C6F635F696E6974007A5F695E
:1086F8006D706C5F6B5F6F626A6563745F72656CE7
:1087080065617365007A5F696D706C5F6B5F6F623E
:108718006A6563745F616C6C6F635F73697A650027
:108728007A5F696D706C5F6B5F6F626A6563745FB7
:10873800616C6C6F63007A5F696D706C5F6B5F6F03
:10874800626A6563745F6163636573735F677261AF
:108758006E74007A5F696D706C5F6B5F6D757465C0
:10876800785F756E6C6F636B007A5F696D706C5FB4
:108778006B5F6D757465785F6C6F636B007A5F69AA
:108788006D706C5F6B5F6D757465785F696E697429
:10879800007A5F696D706C5F6B5F6D7367715F7096
:1087A8007574007A5F696D706C5F6B5F6D7367716C
:1087B8005F7075726765007A5F696D706C5F6B5F7B
:1087C8006D7367715F7065656B5F6174007A5F696F
:1087D8006D706C5F6B5F6D7367715F7065656B0063
:1087E8007A5F696D706C5F6B5F6D7367715F6E75D3
:1087F8006D5F757365645F676574007A5F696D7036
:108808006C5F6B5F6D7367715F6E756D5F667265C8
:10881800655F676574007A5F696D706C5F6B5F6D2B
:108828007367715F6765745F6174747273007A5FF0
:10883800696D706C5F6B5F6D7367715F67657400FE
:108848007A5F696D706C5F6B5F6D7367715F616C88
:108858006C6F635F696E6974007A5F696D706C5FD5
:108868006B5F69735F707265656D70745F74687251
:10887800656164007A5F696D706C5F6B5F667574C3
:1088880065785F77616B65007A5F696D706C5F6BA7
:108898005F66757465785F77616974007A5F696D82
:1088A800706C5F6B5F666C6F61745F656E61626C44
:1088B80065007A5F696D706C5F6B5F666C6F617481
:1088C8005F64697361626C65007A5F696D706C5F83
:1088D8006B5F6576656E745F776169745F616C6CF8
:1088E800007A5F696D706C5F6B5F6576656E745F4B
:1088F80077616974007A5F696D706C5F6B5F65762C
:10890800656E745F7365745F6D61736B6564007A1F
:108918005F696D706C5F6B5F6576656E745F7365BC
:1089280074007A5F696D706C5F6B5F6576656E74F5
:108938005F706F7374007A5F696D706C5F6B5F65F1
:1089480076656E745F696E6974007A5F696D706CC4
:108958005F6B5F6576656E745F636C656172007AE4
:108968005F696D706C5F6B5F636F6E647661725F79
:1089780077616974007A5F696D706C5F6B5F636FB4
:108988006E647661725F7369676E616C007A5F69A5
:108998006D706C5F6B5F636F6E647661725F696E3A
:1089A8006974007A5F696D706C5F6B5F636F6E648A
:1089B8007661725F62726F616463617374007A5F7B
:1089C800696D706C5F6B5F627573795F77616974ED
:1089D800007A5F696D706C5F6932635F7472616E93
:1089E80073666572007A5F696D706C5F6932635F88
:1089F8007461726765745F6472697665725F756EBB
:108A08007265676973746572007A5F696D706C5F0F
:108A18006932635F7461726765745F6472697665F1
:108A2800725F7265676973746572007A5F696D70E9
:108A38006C5F6932635F7265636F7665725F6275DA
:108A480073007A5F696D706C5F6932635F67657424
:108A58005F636F6E666967007A5F696D706C5F69E6
:108A680032635F636F6E666967757265007A5F6906
:108A78006D706C5F6770696F5F706F72745F746F31
:108A880067676C655F62697473007A5F696D706CA3
:108A98005F6770696F5F706F72745F7365745F6D25
:108AA80061736B65645F726177007A5F696D706C82
:108AB8005F6770696F5F706F72745F7365745F6210
:108AC8006974735F726177007A5F696D706C5F6754
:108AD80070696F5F706F72745F6765745F726177DA
:108AE800007A5F696D706C5F6770696F5F706F7235
:108AF800745F6765745F646972656374696F6E003B
:108B08007A5F696D706C5F6770696F5F706F7274A0
:108B18005F636C6561725F626974735F726177002D
:108B28007A5F696D706C5F6770696F5F70696E5F9F
:108B3800696E746572727570745F636F6E6669676B
:108B4800757265007A5F696D706C5F6770696F5FD9
:108B580070696E5F6765745F636F6E666967007AD8
:108B68005F696D706C5F6770696F5F70696E5F6376
:108B78006F6E666967757265007A5F696D706C5FA4
:108B88006770696F5F6765745F70656E64696E674B
:108B98005F696E74007A5F696D706C5F666C617393
:108BA800685F7772697465007A5F696D706C5F667B
:108BB8006C6173685F736664705F72656164007A84
:108BC8005F696D706C5F666C6173685F7265616424
:108BD8005F6A656465635F6964007A5F696D706C7C
:108BE8005F666C6173685F72656164007A5F696D66
:108BF800706C5F666C6173685F6765745F777269D4
:108C080074655F626C6F636B5F73697A65007A5F26
:108C1800696D706C5F666C6173685F6765745F73BC
:108C2800697A65007A5F696D706C5F666C617368FC
:108C38005F6765745F706172616D657465727300FA
:108C48007A5F696D706C5F666C6173685F67657485
:108C58005F706167655F696E666F5F62795F6F6697
:108C68006673007A5F696D706C5F666C6173685FCC
:108C78006765745F706167655F696E666F5F62796B
:108C88005F696478007A5F696D706C5F666C6173A8
:108C9800685F6765745F706167655F636F756E7441
:108CA800007A5F696D706C5F666C6173685F666C93
:108CB800617474656E007A5F696D706C5F666C6173
:108CC80073685F66696C6C007A5F696D706C5F666B
:108CD8006C6173685F65785F6F70007A5F696D704B
:108CE8006C5F666C6173685F6572617365007A5F5B
:108CF800696D706C5F666C6173685F636F70790033
:108D08007A5F696D706C5F6465766963655F6973C6
:108D18005F7265616479007A5F696D706C5F646524
:108D2800766963655F696E6974007A5F696D706CF6
:108D38005F6465766963655F6765745F62795F64C0
:108D4800745F6E6F64656C6162656C007A5F696DF3
:108D5800706C5F6465766963655F6765745F626997
:108D68006E64696E67007A5F696D706C5F646576C2
:108D78006963655F6465696E6974006D656D7365C7
:108D880074006D656D637079006D656D636D70005D
:108D98007374726370790025732066756E637469E5
:108DA8006F6E2025692028257029206F75747369D6
:108DB8006465207465787420726567696F6E0062F7
:108DC80072696E6775700074656172646F776E00A2
:108DD8006C6C6578745F66735F6C6F616465720054
:108DE8004E6F2073756368206C6C657874202573EA
:108DF8000A00457874656E73696F6E3A2025732092
:108E080073796D626F6C730A007C2053796D626FA1
:108E18006C20202020202020202020207C2041643D
:108E28006472657373202020207C0A007C20253121
:108E38003673207C202570207C0A007C204E616DD2
:108E480065202020202020202020202020207C2079
:108E580053697A652020202020202020207C0A00C9
:108E68007C2025313673207C2025313264207C0A11
:108E780000457874656E73696F6E206E616D65204C
:108E8800746F6F206C6F6E672C206D61782025647D
:108E98002063686172730A0A00457874656E7369A5
:108EA8006F6E20256420627974657320746F6F205B
:108EB8006C6172676520746F206C6F61642C206D23
:108EC80061782025642062797465730A0A005375F5
:108ED800636365737366756C6C79206C6F61646528
:108EE8006420657874656E73696F6E2025732C2015
:108EF800616464722025700A0A004661696C6564C1
:108F080020746F206C6F616420657874656E736976
:108F18006F6E2025732C2072657475726E20636FD6
:108F280064652025640A0A004E6F20737563682003
:108F3800657874656E73696F6E2025730A00556EC7
:108F48006C6F6164656420657874656E73696F6EB3
:108F58002025730A0A004C6F616461626C652065A4
:108F68007874656E73696F6E20636F6D6D616E6482
:108F780073004C697374206C6F6164656420657854
:108F880074656E73696F6E7320616E6420746865B2
:108F980069722073697A6520696E206D656D6F72DC
:108FA80079006C6F61645F686578004C6F6164205C
:108FB800616E20656C662066696C6520656E636FFE
:108FC80064656420696E20686578206469726563E9
:108FD800746C792066726F6D20746865207368659B
:108FE8006C6C20696E7075742E2053796E7461787C
:108FF8003A0A3C6578745F6E616D653E203C657821
:10900800745F6865785F737472696E673E00756E29
:109018006C6F616400556E6C6F616420616E2065D1
:109028007874656E73696F6E206279206E616D6504
:109038002E2053796E7461783A0A3C6578745F6EB5
:10904800616D653E006C6973745F73796D626F6CF6
:1090580073004C69737420657874656E73696F6EFC
:109068002073796D626F6C732E2053796E746178FA
:109078003A0A3C6578745F6E616D653E0063616CA9
:109088006C5F666E0043616C6C20657874656E7306
:10909800696F6E2066756E6374696F6E2077697488
:1090A800682070726F746F7479706520766F696468
:1090B80020666E28766F6964292E2053796E746154
:1090C800783A0A3C6578745F6E616D653E203C664F
:1090D800756E6374696F6E5F6E616D653E006C6C72
:1090E8006578745F7368656C6C005F5F646576694A
:1090F80063655F6474735F6F72645F3339006578AA
:109108007465726E616C2D696E74657272757074B7
:1091180040343030303630306400706F72745F69BC
:1091280072713133005F5F6465766963655F64748B
:10913800735F6F72645F33380065787465726E614F
:109148006C2D696E7465727275707440343030308D
:109158003630306300706F72745F6972713132003B
:109168005F5F6465766963655F6474735F6F72647B
:109178005F3733006C6364636C6B005F5F646576B4
:109188006963655F6474735F6F72645F3138300060
:109198005F5F6465766963655F6474735F6F72644B
:1091A8005F3132370063616E6664636C6B005F5FCA
:1091B8006465766963655F6474735F6F72645F3357
:1091C8003100736369636C6B005F5F646576696324
:1091D800655F6474735F6F72645F35300066636CDB
:1091E8006B005F5F6465766963655F6474735F6F66
:1091F80072645F35360062636C6B005F5F6465762E
:109208006963655F6474735F6F72645F31323800DD
:1092180070636C6B65005F5F6465766963655F6446
:1092280074735F6F72645F39350070636C6B6400D0
:109238005F5F6465766963655F6474735F6F7264AA
:109248005F35340070636C6B63005F5F64657669DB
:1092580063655F6474735F6F72645F31313100708E
:10926800636C6B62005F5F6465766963655F6474F5
:10927800735F6F72645F32390070636C6B61005F9B
:109288005F6465766963655F6474735F6F72645F5A
:109298003532005F5F6465766963655F6474735F28
:1092A8006F72645F343900637075636C6B005F5F65
:1092B8006465766963655F6474735F6F72645F3257
:1092C800380070636C6B626C6F636B4034303230A3
:1092D800333030300070636C6B626C6F636B005FAF
:1092E8005F6465766963655F6474735F6F72645FFA
:1092F80031333700666C6173682D636F6E74726FFB
:109308006C6C6572403430313030303030005F5F23
:109318006465766963655F6474735F6F72645F31F7
:10932800343100666C617368403237303030303029
:109338003000666C61736831005F5F6465766963ED
:10934800655F6474735F6F72645F31333800666C95
:10935800617368403230303030303000666C617391
:10936800683000666C6173685F68705F7261005F87
:109378005F6465766963655F6474735F6F72645F69
:109388003838006770696F403430343030313430E9
:1093980000696F706F727461005F5F6465766963FE
:1093A800655F6474735F6F72645F313900677069F9
:1093B8006F40343034303030633000696F706F7212
:1093C8007436005F5F6465766963655F6474735FB4
:1093D8006F72645F3834006770696F4034303430BE
:1093E8003030613000696F706F727435005F5F6490
:1093F80065766963655F6474735F6F72645F313843
:10940800006770696F40343034303030383000696C
:109418006F706F727434005F5F6465766963655F4F
:109428006474735F6F72645F39006770696F40348A
:109438003034303030323000696F706F7274310000
:109448005F5F6465766963655F6474735F6F726498
:109458005F3430006770696F4034303430303030FA
:109468003000696F706F7274300008090A0F0B0CB6
:109478000A090804030E0F0809010A020B0000017B
:1094880004050A090F0806050402010025733A209D
:10949800496E76616C696420493243207370656552
:1094A8006420726174653A202564004F6E6C7920DF
:1094B800493243204D6173746572206D6F64652075
:1094C800737570706F727465642E0025733A204945
:1094D8006E76616C696420493243207370656564F7
:1094E800207261746520666C61673A2025640052B9
:1094F8006561640057726974650025733A20526586
:10950800737461727420636F6E646974696F6E201E
:109518006265747765656E206D65737361676573E1
:10952800206F6620646966666572656E742064697A
:1095380072656374696F6E732069732072657175E3
:10954800697265642E43757272656E742F546F74F8
:10955800616C3A205B25642F25645D0025733A20F1
:10956800496E76616C69642073746F7020666C61F3
:10957800672E2053746F7020636F6E646974696F0F
:109588006E206973206F6E6C7920616C6C6F7765E3
:1095980064206F6E206C617374206D6573736167EE
:1095A800652E2043757272656E742F546F74616CEA
:1095B8003A205B25642F25645D0025733A2050729C
:1095C8006F7669646564206E756D626572206F667A
:1095D800206279746573206D6F7265207468616E9E
:1095E8002075696E7431365F742073697A65202836
:1095F800363535333529207768696C6520445443FE
:10960800206973207573656420666F7220646174C5
:1096180061207472616E736665722E0025733A203C
:10962800427573206275737920636F6E646974691B
:109638006F6E2E20416E6F74686572207472616E51
:10964800736665722077617320696E2070726F6728
:10965800726573732E0025733A20556E6B6E6F77A3
:109668006E206572726F722E204653505F455252BB
:109678003D25640A0025733A202573206661696CCC
:1096880065642E0025733A2070696E6374726C20CD
:10969800636F6E666967206661696C65642E006930
:1096A80032635F72615F6969635F696E69740063E1
:1096B800616C635F6969635F6D61737465725F6331
:1096C8006C6F636B5F73657474696E67006932638E
:1096D8005F72615F6969635F636F6E666967757200
:1096E80065006932635F72615F6969635F747261A3
:1096F8006E73666572005F5F6465766963655F6453
:1097080074735F6F72645F32330069696331403428
:109718003032356531303000696963310072656E09
:10972800657361735F6D6970695F69326300726543
:109738006E657361735F72615F696963005F5F641F
:1097480065766963655F6474735F6F72645F3334F1
:10975800007561727439007261385F756172745F87
:109768007363695F6200736369737069636C6B002C
:109778004353204750494F20706F7274202573203F
:1097880070696E202564206973206E6F742072657D
:1097980061647900525F5350495F425F4F70656E54
:1097A800206572726F723A202564005F5F64657687
:1097B8006963655F6474735F6F72645F313135002C
:1097C80073706940343033356331303000737069F9
:1097D80031007261385F7370695F62007379735F1B
:1097E800636C6F636B5F6379636C655F6765745FF8
:1097F8003634000403010C00091408111C10191850
:109808002A2A2A20426F6F74696E67205A65706829
:109818007972204F53206275696C642076342E313A
:109828002E302D3839382D67366233326634643736
:1098380035303636202A2A2A0A0048616C74696E47
:10984800672073797374656D00556E6B6E6F776EF4
:10985800206572726F7200756E6B6E6F776E003E68
:109868003E3E205A455048595220464154414C20CA
:109878004552524F522025643A202573206F6E209E
:10988800435055202564004661756C7420647572D8
:10989800696E6720696E746572727570742068618C
:1098A8006E646C696E670A0043757272656E742027
:1098B8007468726561643A20257020282573290030
:1098C80043505520657863657074696F6E00556EF6
:1098D80068616E646C656420696E74657272757017
:1098E8007400537461636B206F766572666C6F7772
:1098F800004B65726E656C206F6F7073004B6572FC
:109908006E656C2070616E69630069646C650061E6
:109918007263685F7370696E5F72656C61780073FB
:109928007973776F726B71002B0064756D6D7900B8
:10993800736C656570696E67006465616400737552
:109948007370656E6465640061626F7274696E67D6
:109958000073757370656E64696E670071756575FF
:109968006564006B5F69735F696E5F69737200613C
:109978006E006E66696E697479006E616E00286E9D
:08998800756C6C290000000061
:109990004FF42A4110B500204FF49644144AB2F80F
:1099A0008430A2F884109BB2B2F8841089B2C9B98D
:1099B000012B16D14DF60111A2F844100D4A9380E7
:1099C00093889BB2002BFBD101211180BFF34F8FF5
:1099D000BFF36F8F084AC2F85032BFF34F8FBFF307
:1099E0006F8F10BD002C08BF4FF4FA70013CDBE70D
:1099F00000E0114000C1014000ED00E04FF496434B
:109A0000B32282B001930C4B1A700C4AD2F880300A
:109A10001B0408D5137C40F2F51013F0100F08BF9B
:109A2000002002B07047019B1BB1019B013B0193D9
:109A3000ECE71420F5E700BF0000104000E0114003
:109A40004FF49643502282B001930C4B1A700C4A8B
:109A5000D2F880301B0408D5137C40F2F51013F0C7
:109A6000100F08BF002002B07047019B1BB1019B83
:109A7000013B0193ECE71420F5E700BF0000104024
:109A800000E0114070B5436805461A7842B193F979
:109A9000110000F01DFA6B6893F9130000F018FA3A
:109AA0000E4BB3F884309BB213B9284600F014FA79
:109AB000FFF7A4FF0646FFF7C3FF04463EB1FFF7DA
:109AC00067FF3446002385F83430204670BDFFF729
:109AD0005FFF002C08BF0446F4E700BF00E0114020
:109AE00030B52025836A0C4C23630C4B1D70D025A8
:109AF0001D70836A0B448362036B013B0363104652
:109B00002AB10130D4F880301B0401D5002030BDCB
:109B10000138F7D11420FAE700E0114000001040AE
:109B2000F7B504460E46154622B9436893F911006D
:109B300000F0CEF9E822E36A204877080363204B5F
:109B4000C6F347061A7000221E7097420AD1D0222F
:109B50001A7035B3194A0135D2F880301B041DD56F
:109B6000002019E021690191A16A09881980D0F8C3
:109B7000801049050AD4A16A01320231A162E16A6A
:109B80000231E162216B01392163DEE701994E1E4A
:109B900001960029EBD1142003B0F0BD013DDBD1CB
:109BA000F9E7636893F911300122590903F01F03A3
:109BB00002FA03F3034A42F82130D1E700E01140F2
:109BC0000000104000E100E010B5124B14461A7C72
:109BD000D20606D4D3F88030194213D168B90020D8
:109BE00010BDD3F88020520442BF1A7C00221A74A0
:109BF000D3F88030194205D148B10446FFF7FEFE84
:109C00002046EDE70028F8D1002CF7D1E7E740F235
:109C1000F514F3E700E0114007B583694022019392
:109C2000104B1963082141F001E0A3F5F0331A70DD
:109C30000D4A197032F8021B19800FF005C8D022A6
:109C40001A70084AD2F880301B0403D5002003B0F4
:109C50005DF804FB019B1BB1019B013B0193F1E704
:109C60001420F4E700E01140500A00226FEA41514D
:109C700010B56FEA51514FF6FF74074B42EAC032FC
:109C800042F4F0421C805C80DA8099801C815C8107
:109C90009C81DC8110BD00BF500A00224FF4964326
:109CA00013B50193436804461A7842B193F9110041
:109CB00000F00EF9636893F9130000F009F94FF40E
:109CC00059430C4AA2F844304AF60123A2F88430E2
:109CD000B2F884309BB2012B02D1002002B010BD3B
:109CE000019B1BB1019B013B0193F1E74FF4FA701B
:109CF000F4E700BF00E0114038B50546FFF7CEFF9E
:109D0000044660B1204638BD8021AA682846FFF786
:109D100007FF18224FF4A041FFF756FF04462B6BB4
:109D20002BB9FFF735FE002C08BF0446EAE7002CEC
:109D3000EAD0FFF72DFEE5E738B5144B144DD3F804
:109D40009032044603F00703072B124B124818BF4A
:109D50001D462B680E2203F00703DB43FF2120F88A
:109D6000023B00F0B1F82046FFF798FF2946204655
:109D7000FFF752FF18220021FFF726FF0446FFF7E6
:109D800007FE002C18BF204638BD00BF00A000030E
:109D900090A1001310A20003500A002238B581627E
:109DA00002630546FFF77AFF044650B90122144BBF
:109DB000A3F8E0202B6BEBB9FFF7EAFD002C08BFFE
:109DC0000446204638BDAB6AD5E9072123F0087365
:109DD000B3F5803F2ABF0A464FF400514FF40041CB
:109DE0002846FFF77DFE19224FF4C041FFF7ECFE35
:109DF0000446DFE7002CE6D0FFF7CAFDE1E700BF2D
:109E000000E011402DE9F041104B0546D3F8DC602D
:109E10000F469046FFF742FFF60F044698B94FEA07
:109E200058323046790BFFF721FF09492846FFF7E2
:109E3000F3FE21461822FFF7C7FE0446FFF7A8FDF0
:109E4000002C08BF04462046BDE8F08100E0114028
:109E500030A10003F8B506460D461746FFF71EFF72
:109E6000044630BB47B1144B45F4CC45A3F8E85049
:109E7000BDE8F840FFF78CBD1022FF210F4800F02D
:109E800023F84FF6FF7215F0010F47F6FF7308BF76
:109E900013460A4A0A493046D380FFF7BDFE2146E1
:109EA0001822FFF791FE0446FFF772FD002C08BF51
:109EB00004462046F8BD00BF00E01140500A0022D1
:109EC00030A10003000000005FF800F0532F0102F2
:109ED0005FF800F05DAB00025FF800F0A1AC00029B
:109EE00049F70002E1F90002284E010200000000DB
:109EF00001000000740500220000000000000000C6
:109F000000000000B8E20122000000000000000094
:109F10000000000000020000444F010278100022FF
:109F200000000000FB100102000000000000000023
:109F3000A0050022A0050022000000000000000093
:109F40000E00000001000000010000000000000001
:109F500000000000000000001F620102010000007C
:109F600001000000D4050022D405002200000000FA
:109F7000000000000E0000000400000000FF0000D0
:109F8000000000000000000000000027003000007A
:109F90008000000000FF0000000000000000000042
:109FA0000000000200801F007D8C00020000000005
:109FB00000000000000000000000000000000000A1
:109FC0000000000000000000000000000000000091
:109FD0000000000000000000000000000000000081
:109FE0000000000000000000000000000000000071
:109FF0000000000000000000000000000000000061
:10A000000000000000000000010000002D8C000294
:10A0100000000000000000000131013200000000DB
:10A02000749401020100000000000000739401021A
:10A030000100000000000000729401020100000015
:10A040000000000075940102010000000000000003
:10A050007A940102010000000000000079940102DE
:10A0600001000000000000007894010201000000DF
:10A0700000000000779401020100000000000000D1
:10A0800076940102010000000000000085940102A6
:10A0900001000000000000008394010202000000A3
:10A0A0000000000081940102020000000000000096
:10A0B0008094010201000000000000007F94010272
:10A0C00001000000000000007E9401020100000079
:10A0D000000000007D94010201000000000000006B
:10A0E0007C94010201000000000000007B9401024A
:10A0F000010000000000000089940102010000003E
:10A10000000000008794010202000000000000002F
:10A1100086940102010000000000000093940102F7
:10A120000100000000000000929401020100000004
:10A1300000000000919401020100000000000000F6
:10A140009094010201000000000000008F940102C1
:10A1500001000000000000008E94010201000000D8
:10A16000143901028D94010201000000F03801024F
:10A170008B94010202000000000000008A9401029A
:10A1800001000000000000000000000000000000CE
:10A1900000000000000000000000000000000000BF
:10A1A00000000000000000000000000000000000AF
:10A1B000000000000000000000000000000000009F
:10A1C000000000000100000040420F0000000000FD
:10A1D000010C5B5C5D5E0000000000000000000000
:10A1E000B9180102A03A01020000000000000000BE
:10A1F000000000000000000000000000000000005F
:10A20000000000000000000000000000000000004E
:10A21000000000000000000000000000000000003E
:10A2200000000000343A01020000000000000000BD
:10A23000000000000000000000000000000000001E
:10A24000000000000000000000000000000000000E
:10A25000000000000000000000C201000001030037
:10A260000900000001180119011A011B000000007B
:10A2700000000000000000000000000000000000DE
:10A2800000000000000000000000000000000000CE
:10A2900000000000000000000000000000000000BE
:10A2A000000000000000000000000000B0550102A6
:10A2B0000000000024090022240900220000000000
:10A2C0000100000034090022340900223C09002268
:10A2D0003C09002200000000010000004C0900229F
:10A2E0004C090022000000000000000000000000F7
:10A2F000000000000000000000000000000000005E
:10A30000000000000000000000000000000000004D
:10A31000000000000000000000000000000000003D
:10A32000000000000000000000000000000000002D
:10A3300000000000000000000000000001202122B9
:10A3400023010101010000000000000000000000E6
:10A3500000000000000000000000000000000000FD
:10A3600000000000000000000000000000000000ED
:10A37000EC090022040A0022F85501020000000046
:10A3800000000000000008000000000000000000C5
:10A3900000000000F40900220C0A00222000000046
:10A3A0001C0A0022340A0022F855010200000000B5
:10A3B0000000000000001008000000000000000085
:10A3C00000000000240A00223C0A002221000000B4
:10A3D000400A0022400A0022480A0022480A0022BD
:10A3E000FFFF00000000000000000000000000006F
:10A3F000000000000000000000000000000000005D
:10A40000000000000000000000000000000000004C
:10A41000000000000000000000000000000000003C
:08A42000000000000000000034
:04A428000000000030
:10A42C000000000000000000000000000000000020
:10A43C000000000000000000000000000000000010
:10A44C000000000000000000000000000000000000
:10A45C0000000000000000000000000000000000F0
:0CA46C00000000000000000000000000E4
:10A4780000000000B8620122008000000000000017
:10A4880000000000000000000000000058520022F8
:10A498000080000000000000000000000000000034
:10A4A800180B0022180B002200000000B8E401225B
:0CA4B800B8E40122E0E4012200000000F2
:04A4C40015E015E0AA
:020000040300F7
:10A10000FFFFFFFFFFFFFFFFFFFFFFFFFFFFFFFF5F
:04A11000FFFFFFFF4F
:04A13400FFFFFFFF2B
:10A20000FFFFFFFDFFFFFFFFFFFFFFFFFFFFFFFF60
:10A21000FFFFFFFFFFFFFFFFFFFFFFFFFFFFFFFF4E
:10A22000FFFFFFFFFFFFFFFFFFFFFFFFFFFFFFFF3E
:10A23000FFFFFFFFFFFFFFFFFFFFFFFFFFFFFFFF2E
:10A24000FFFFFFFFFFFFFFFFFFFFFFFFFFFFFFFF1E
:10A25000FFFFFFFFFFFFFFFFFFFFFFFFFFFFFFFF0E
:10A26000FFFFFFFFFFFFFFFFFFFFFFFFFFFFFFFFFE
:10A27000FFFFFFFFFFFFFFFFFFFFFFFFFFFFFFFFEE
:10A2800000000000FFFFFFFFFFFFFFFFFFFFFFFFDA
:10A29000FFFFFFFFFFFFFFFFFFFFFFFFFFFFFFFFCE
:10A2A000FFFFFFFFFFFFFFFFFFFFFFFFFFFFFFFFBE
:10A2B000FFFFFFFFFFFFFFFFFFFFFFFFFFFFFFFFAE
:10A2C000FFFFFFFFFFFFFFFFFFFFFFFFFFFFFFFF9E
:0400000502006F0581
:00000001FF
