:020000021000EC
:10000000B84805201D790100A9F003000979010015
:100010000979010009790100097901000000000057
:10002000000000000000000000000000217A010034
:1000300009790100000000008D7901005998020043
:100040000D7C01000D7C01000D7C01000D7C010088
:100050000D7C01000D7C01000D7C01000D7C010078
:100060000D7C01000D7C01000D7C01000D7C010068
:100070000D7C01000D7C01000D7C01000D7C010058
:100080000D7C01000D7C01000D7C01000D7C010048
:100090000D7C01000D7C01000D7C01000D7C010038
:1000A0000D7C01000D7C01000D7C01000D7C010028
:1000B0000D7C01000D7C01000D7C01000D7C010018
:1000C0000D7C01000D7C01000D7C01000D7C010008
:1000D0000D7C01000D7C01000D7C01000D7C0100F8
:1000E0000D7C01000D7C01000D7C01000D7C0100E8
:1000F0000D7C01000D7C01000D7C01000D7C0100D8
:100100000D7C01000D7C01000D7C01000D7C0100C7
:100110000D7C01000D7C01000D7C01000D7C0100B7
:100120000D7C01000D7C01000D7C01000D7C0100A7
:100130000D7C01000D7C01000D7C01000D7C010097
:100140000D7C01000D7C01000D7C01000D7C010087
:100150000D7C01000D7C01000D7C01000D7C010077
:100160000D7C01000D7C01000D7C01000D7C010067
:100170000D7C01000D7C01000D7C01000D7C010057
:100180000D7C01000D7C01000D7C01000D7C010047
:100190000D7C01000D7C01000D7C01000D7C010037
:1001A0000D7C01000D7C01000D7C01000D7C010027
:1001B0000D7C01000D7C01000D7C01000D7C010017
:1001C000002902D0B0FBF1F0704708B14FF0FF30CA
:1001D00000F01EB80029F8D00246B0FBF1F000FB99
:1001E00011217047002902D090FBF1F070470028E0
:1001F000C8BF6FF00040B8BF4FF0004000F008B833
:100200000029F4D0024690FBF1F000FB1121704769
:10021000704700BF81F0004102E000BF83F000435F
:1002200030B54FEA41044FEA430594EA050F08BF91
:1002300090EA020F1FBF54EA000C55EA020C7FEA55
:10024000645C7FEA655C00F0E2804FEA5454D4EBD2
:100250005555B8BF6D420CDD2C4480EA020281EA9C
:10026000030382EA000083EA010180EA020281EAD4
:100270000303362D88BF30BD11F0004F4FEA013126
:100280004FF4801C4CEA113102D0404261EB410135
:1002900013F0004F4FEA03334CEA133302D05242BB
:1002A00063EB430394EA050F00F0A780A4F1010477
:1002B000D5F1200E0DDB02FA0EFC22FA05F28018B1
:1002C00041F1000103FA0EF2801843FA05F3594197
:1002D0000EE0A5F120050EF1200E012A03FA0EFC16
:1002E00028BF4CF0020C43FA05F3C01851EBE37140
:1002F00001F0004507D54FF0000EDCF1000C7EEB5D
:1003000000006EEB0101B1F5801F1BD3B1F5001F9A
:100310000CD349085FEA30004FEA3C0C04F10104B9
:100320004FEA445212F5800F80F09A80BCF1004FE2
:1003300008BF5FEA500C50F1000041EB045141EA64
:10034000050130BD5FEA4C0C404141EB0101013C2D
:1003500028BFB1F5801FE9D291F0000F04BF01461C
:100360000020B1FA81F308BF2033A3F10B03B3F1EE
:1003700020020CDA0C3208DD02F1140CC2F10C027E
:1003800001FA0CF021FA02F10CE002F11402D8BFDC
:10039000C2F1200C01FA02F120FA0CFCDCBF41EAA8
:1003A0000C019040E41AA2BF01EB0451294330BD77
:1003B0006FEA04041F3C1CDA0C340EDC04F1140454
:1003C000C4F1200220FA04F001FA02F340EA03002B
:1003D00021FA04F345EA030130BDC4F10C04C4F171
:1003E000200220FA02F001FA04F340EA0300294651
:1003F00030BD21FA04F0294630BD94F0000F83F49B
:10040000801306BF81F480110134013D4EE77FEA7D
:10041000645C18BF7FEA655C29D094EA050F08BFC9
:1004200090EA020F05D054EA000C04BF19461046AA
:1004300030BD91EA030F1EBF0021002030BD5FEAEE
:10044000545C05D14000494128BF41F0004130BD16
:1004500014F580043CBF01F5801130BD01F000456A
:1004600045F0FE4141F470014FF0000030BD7FEADD
:10047000645C1ABF194610467FEA655C1CBF0B46D8
:10048000024650EA013406BF52EA033591EA030FEF
:1004900041F4002130BD00BF90F0000F04BF0021E7
:1004A000704730B54FF4806404F132044FF000051A
:1004B0004FF0000150E700BF90F0000F04BF002193
:1004C000704730B54FF4806404F1320410F00045F9
:1004D00048BF40424FF000013EE700BF42004FEAF4
:1004E000E2014FEA31014FEA02701FBF12F07F4371
:1004F00093F07F4F81F06051704732F07F4208BF28
:10050000704793F07F4F04BF41F40021704730B52E
:100510004FF4607401F0004521F000411CE700BF7A
:1005200050EA010208BF704730B54FF000050AE0FD
:1005300050EA010208BF704730B511F0004502D5FE
:10054000404261EB41014FF4806404F132045FEA00
:10055000915C3FF4D8AE4FF003025FEADC0C18BFA9
:1005600003325FEADC0C18BF033202EBDC02C2F19B
:10057000200300FA03FC20FA02F001FA03FE40EA2D
:100580000E0021FA02F11444BDE600BF70B54FF031
:10059000FF0C4CF4E06C1CEA11541DBF1CEA13550F
:1005A00094EA0C0F95EA0C0F00F0DEF82C4481EA77
:1005B000030621EA4C5123EA4C5350EA013518BF97
:1005C00052EA033541F4801143F4801338D0A0FB84
:1005D00002CE4FF00005E1FB02E506F00042E0FB31
:1005E00003E54FF00006E1FB03569CF0000F18BF37
:1005F0004EF0010EA4F1FF04B6F5007F64F54074DF
:1006000004D25FEA4E0E6D4146EB060642EAC62171
:1006100041EA55514FEAC52040EA5E504FEACE2EDE
:10062000B4F1FD0C88BFBCF5E06F1ED8BEF1004FE1
:1006300008BF5FEA500E50F1000041EB045170BD5D
:1006400006F0004646EA010140EA020081EA0301A1
:10065000B4EB5C04C2BFD4EB0C0541EA045170BD9D
:1006600041F480114FF0000E013C00F3AB8014F117
:10067000360FDEBF002001F0004170BDC4F1000460
:10068000203C35DA0C341BDC04F11404C4F12005E1
:1006900000FA05F320FA04F001FA05F240EA02003C
:1006A00001F0004221F0004110EBD37021FA04F672
:1006B00042EB06015EEA430E08BF20EAD37070BD2C
:1006C000C4F10C04C4F1200500FA04F320FA05F08B
:1006D00001FA04F240EA020001F0004110EBD3708D
:1006E00041F100015EEA430E08BF20EAD37070BDFD
:1006F000C4F1200500FA05F24EEA020E20FA04F3D6
:1007000001FA05F243EA020321FA04F001F0004184
:1007100021FA04F220EA020000EBD3705EEA430EF5
:1007200008BF20EAD37070BD94F0000F0FD101F024
:100730000046400041EB010111F4801F08BF013C5D
:10074000F7D041EA060195F0000F18BF704703F09B
:100750000046520043EB030313F4801F08BF013D22
:10076000F7D043EA0603704794EA0C0F0CEA1355DE
:1007700018BF95EA0C0F0CD050EA410618BF52EA98
:100780004306D1D181EA030101F000414FF000009E
:1007900070BD50EA410606BF1046194652EA4306AC
:1007A00019D094EA0C0F02D150EA013613D195EA20
:1007B0000C0F05D152EA03361CBF104619460AD168
:1007C00081EA030101F0004141F0FE4141F4700172
:1007D0004FF0000070BD41F0FE4141F4780170BD62
:1007E00070B54FF0FF0C4CF4E06C1CEA11541DBFC7
:1007F0001CEA135594EA0C0F95EA0C0F00F0A7F8C9
:10080000A4EB050481EA030E52EA03354FEA0131F5
:1008100000F088804FEA03334FF0805545EA131308
:1008200043EA12634FEA022245EA111545EA1065D0
:100830004FEA00260EF000419D4208BF964244F167
:10084000FD0404F5407402D25B084FEA3202B61A86
:1008500065EB03055B084FEA32024FF480104FF45A
:10086000002CB6EB020E75EB030E22BFB61A7546CE
:1008700040EA0C005B084FEA3202B6EB020E75EB61
:10088000030E22BFB61A754640EA5C005B084FEAC9
:100890003202B6EB020E75EB030E22BFB61A754696
:1008A00040EA9C005B084FEA3202B6EB020E75EBA1
:1008B000030E22BFB61A754640EADC0055EA060E62
:1008C00018D04FEA051545EA16754FEA06164FEAA5
:1008D000C30343EA52734FEAC2025FEA1C1CC0D151
:1008E00011F4801F0BD141EA00014FF000004FF0DE
:1008F000004CB6E711F4801F04BF01430020B4F19F
:10090000FD0C88BFBCF5E06F3FF6AFAEB5EB030C56
:1009100004BFB6EB020C5FEA500C50F1000041EB53
:10092000045170BD0EF0004E4EEA113114EB5C0420
:10093000C2BFD4EB0C0541EA045170BD41F48011F3
:100940004FF0000E013C90E645EA060E8DE60CEAFB
:10095000135594EA0C0F08BF95EA0C0F3FF43BAF18
:1009600094EA0C0F0AD150EA01347FF434AF95EACF
:100970000C0F7FF425AF104619462CE795EA0C0FB3
:1009800006D152EA03353FF4FDAE1046194622E780
:1009900050EA410618BF52EA43067FF4C5AE50EA5A
:1009A00041047FF40DAF52EA43057FF4EBAE12E74A
:1009B0004FF0FF3C06E000BF4FF0010C02E000BF2B
:1009C0004FF0010C4DF804CD4FEA410C7FEA6C5C0E
:1009D0004FEA430C18BF7FEA6C5C1BD001B050EAB1
:1009E000410C0CBF52EA430C91EA030F02BF90EA9C
:1009F000020F0020704710F1000F91EA030F58BF5B
:100A0000994208BF90422CBFD8176FEAE37040F0BC
:100A1000010070474FEA410C7FEA6C5C02D150EA5A
:100A2000013C07D14FEA430C7FEA6C5CD6D152EA15
:100A3000033CD3D05DF8040B704700BF84461046DA
:100A400062468C461946634600E000BF01B5FFF7D9
:100A5000B7FF002848BF10F1000F01BD4DF808EDA9
:100A6000FFF7F4FF0CBF012000205DF808FB00BF7A
:100A70004DF808EDFFF7EAFF34BF012000205DF8D4
:100A800008FB00BF4DF808EDFFF7E0FF94BF012021
:100A900000205DF808FB00BF4DF808EDFFF7CEFF22
:100AA00094BF012000205DF808FB00BF4DF808ED61
:100AB000FFF7C4FF34BF012000205DF808FB00BF32
:100AC0004FEA410C7FEA6C5C02D150EA013C0AD14A
:100AD0004FEA430C7FEA6C5C02D152EA033C02D13C
:100AE0004FF0000070474FF0010070474FEA41029D
:100AF00012F5001215D211D56FF47873B3EB625270
:100B000012D94FEAC12343F0004343EA505311F096
:100B1000004F23FA02F018BF404270474FF0000028
:100B2000704750EA013005D111F0004008BF6FF066
:100B3000004070474FF00000704700BF4A0011D2DC
:100B400012F5001211D20DD56FF47873B3EB625227
:100B50000ED44FEAC12343F0004343EA505323FA33
:100B600002F070474FF00000704750EA013002D1A8
:100B70004FF0FF3070474FF0000070474FEA4102DE
:100B8000B2F1E04324BFB3F5001CDCF1FE5C0DD9EB
:100B900001F0004C4FEAC0024CEA5070B2F1004F35
:100BA00040EB830008BF20F00100704711F0804F38
:100BB00021D113F13872BCBF01F00040704741F4FD
:100BC00080114FEA5252C2F11802C2F1200C10FA01
:100BD0000CF320FA02F018BF40F001004FEAC123E5
:100BE0004FEAD32303FA0CFC40EA0C0023FA02F389
:100BF0004FEA4303CCE77FEA625307D150EA01335F
:100C00001EBF4FF0FE4040F44000704701F000402E
:100C100040F0FE4040F40000704700BF80F000400C
:100C200002E000BF81F0004142001FBF5FEA4103C4
:100C300092EA030F7FEA226C7FEA236C6AD04FEAC4
:100C40001262D2EB1363C1BFD21841404840414009
:100C5000B8BF5B42192B88BF704710F0004F40F4BB
:100C6000000020F07F4018BF404211F0004F41F4D7
:100C7000000121F07F4118BF494292EA030F3FD0A3
:100C8000A2F1010241FA03FC10EB0C00C3F12003B6
:100C900001FA03F100F0004302D5494260EB400045
:100CA000B0F5000F13D3B0F1807F06D340084FEAB0
:100CB000310102F10102FE2A51D2B1F1004F40EBA5
:100CC000C25008BF20F0010040EA0300704749000D
:100CD00040EB0000013A28BFB0F5000FEDD2B0FAAA
:100CE00080FCACF1080CB2EB0C0200FA0CF0AABFCD
:100CF00000EBC25052421843BCBFD040184370476B
:100D000092F0000F81F4000106BF80F40000013270
:100D1000013BB5E74FEA41037FEA226C18BF7FEA47
:100D2000236C21D092EA030F04D092F0000F08BF89
:100D30000846704790EA010F1CBF0020704712F070
:100D40007F4F04D1400028BF40F00040704712F1AF
:100D500000723CBF00F50000704700F0004343F014
:100D6000FE4040F4000070477FEA226216BF08464A
:100D70007FEA23630146420206BF5FEA412390EA0D
:100D8000010F40F4800070474FF0000304E000BF03
:100D900010F0004348BF40425FEA000C08BF7047B4
:100DA00043F0964301464FF000001CE050EA010278
:100DB00008BF70474FF000030AE000BF50EA01028D
:100DC00008BF704711F0004302D5404261EB41017A
:100DD0005FEA010C02BF84460146002043F0B6439F
:100DE00008BFA3F18053A3F50003BCFA8CF2083AC4
:100DF000A3EBC25310DB01FA02FC634400FA02FCCD
:100E0000C2F12002BCF1004F20FA02F243EB0200D3
:100E100008BF20F00100704702F1200201FA02FC35
:100E2000C2F1200250EA4C0021FA02F243EB020028
:100E300008BF20EADC7070474FF0FF3C06E000BFBF
:100E40004FF0010C02E000BF4FF0010C4DF804CD53
:100E50004FEA40024FEA41037FEA226C18BF7FEA63
:100E6000236C11D001B052EA530C18BF90EA010F65
:100E700058BFB2EB030088BFC81738BF6FEAE170F4
:100E800018BF40F0010070477FEA226C02D15FEA90
:100E9000402C05D17FEA236CE4D15FEA412CE1D0FC
:100EA0005DF8040B704700BF844608466146FFE7C3
:100EB0000FB5FFF7C9FF002848BF10F1000F0FBDA5
:100EC0004DF808EDFFF7F4FF0CBF012000205DF89E
:100ED00008FB00BF4DF808EDFFF7EAFF34BF012023
:100EE00000205DF808FB00BF4DF808EDFFF7E0FFBC
:100EF00094BF012000205DF808FB00BF4DF808ED0D
:100F0000FFF7D2FF94BF012000205DF808FB00BF6F
:100F10004DF808EDFFF7C8FF34BF012000205DF851
:100F200008FB00BF4FEA40024FEA41037FEA226C10
:100F300002D15FEA402C08D17FEA236C02D15FEA3C
:100F4000412C02D14FF0000070474FF00100704774
:100F50007BB972B90029BEBF00204FF0004106E006
:100F600008BF00281CBF6FF000414FF0FF30FFF7B3
:100F70004FB9ADF1080C6DE904CE002909DB002B57
:100F80001ADB00F09CF8DDF804E0DDE9022304B090
:100F90007047404261EB4101002B1BDB00F08FF8F2
:100FA000DDF804E0DDE9022304B0404261EB4101D9
:100FB000524263EB43037047524263EB430300F03A
:100FC0007EF8DDF804E0DDE9022304B0404261EB85
:100FD00041017047524263EB430300F070F8DDF8C3
:100FE00004E0DDE9022304B0524263EB430370479F
:100FF00053B94AB9002908BF00281CBF4FF0FF3180
:101000004FF0FF30FFF704B9ADF1080C6DE904CEE5
:1010100000F055F8DDF804E0DDE9022304B0704784
:10102000D0B500220B4B06460F46FFF7AFFAFFF78D
:1010300085FD0446FFF730FA0022074BFFF7A6FABA
:1010400002460B4630463946FFF7E8F8FFF776FDD3
:101050002146D0BD0000F03D0000F04110F8012B0A
:1010600011F8013B012A28BF9A42F7D0D01A7047E5
:10107000034611F8012B03F8012B002AF9D1704720
:10108000034613F8012B002AFBD1181A01387047C8
:1010900038B50022002304460D46FFF7E9FC28B9C5
:1010A00020462946BDE83840FFF7BABF204605F183
:1010B0000041FFF7B5FF404261EB410138BD2DE92A
:1010C000F04786468C460846089E154674461946E3
:1010D000002B40F0C1808542B2FA82F245D94AB174
:1010E000C2F1200300FA02FC954094402EFA03F36B
:1010F00043EA0C0C4FEA154EA8B2230CBCFBFEF8D9
:101100000EFB18CC08FB00F943EA0C43994528D99B
:10111000EB1808F1FF3704D2994502D9A8F102076C
:101120002B44A3EB0903A4B2B3FBFEFC0EFB1C3360
:101130000CFB00F044EA0344A04214D92C190CF132
:10114000FF3304D2A04202D9ACF102032C44241A8A
:1011500043EA07401EB1D440002334607360BDE809
:10116000F0874746DDE76346F1E792BB431B012169
:101170004FEA154EAFB2200CB3FBFEFC0EFB1C3346
:101180000CFB07F840EA0343984561D9EB180CF1D2
:10119000FF3004D2984502D9ACF102002B44A3EBF6
:1011A0000803A4B2B3FBFEFC0EFB1C330CFB07F7D9
:1011B00044EA0344A7424DD92C190CF1FF3304D261
:1011C000A74202D9ACF102032C44E41B43EA0040DD
:1011D000C0E7C2F120039540944020FA03F12EFAB3
:1011E00003F34FEA154E9040AFB20343B1FBFEFC50
:1011F0000EFB1C10190C0CFB07F841EA0041884556
:1012000022D969180CF1FF3004D2884502D9ACF11B
:1012100002002944A1EB08019BB2B1FBFEFC0EFBCE
:101220001C110CFB07F743EA01439F420ED9EB1850
:101230000CF1FF3104D29F4202D9ACF102012B44E0
:10124000DB1B41EA004193E76046E3E76146F7E7CD
:101250006046A4E76346B8E7834206D916B9002181
:1012600008467CE7C6E900E0F9E7B3FA83F78FB9EF
:10127000834201D3724508D8BEEB020460EB03033E
:1012800001209C461EB9002169E73846FAE7C6E905
:10129000004CF8E7C7F1200CBB400EFA07F522FA24
:1012A0000CF42EFA0CF1BA401C4320FA0CF3B840AF
:1012B0004FEA144901431FFA84FEB3FBF9F809FB16
:1012C00018300B0C08FB0EFA43EA00439A4540D94C
:1012D000E31808F1FF3004D29A4502D9A8F10200C0
:1012E0002344A3EB0A0389B2B3FBF9F809FB1833D3
:1012F00008FB0EFE41EA03418E452CD9611808F126
:10130000FF3304D28E4502D9A8F10203214443EAF7
:101310000040A1EB0E01A0FB02984145CE4643469A
:1013200002D306D14D4504D20138B9EB020E68EB69
:101330000403002EA7D0B5EB0E0261EB030101FA06
:101340000CFC22FA07F3F9404CEA0303C6E900312A
:1013500099E74046C5E74346D9E700000000000092
:101360002DE9F04704468846174688B039F036FB29
:101370000A220023FFF73CFEB8F1010F06460D4696
:1013800007D102460B46204627492CF05AFE002082
:1013900011E07F6825483946FFF760FE70B1394695
:1013A0002348FFF75BFE48B120463A4621492CF01E
:1013B00064FE6FF0040008B0BDE8F087304618A363
:1013C000D3E900232946FFF7C3FD06460D46104624
:1013D0001946194A0023FFF7BBFD80460F46104609
:1013E00019464EF660220023FFF7B2FD8246894679
:1013F000104619464FF47A720023FFF7A9FDCDE994
:1014000002A9CDE90623CDE9040132462B46204648
:10141000CDE9008709492CF014FEB8E7AFF300804E
:10142000005C260500000000A33A0500B43A050060
:10143000B73A0500C03A050080EE3600D83A0500FC
:10144000012870B50C4607D039F0E2FF16221C4B7C
:101450001A504FF0FF3070BD8A681A4B9A42F3D889
:1014600039F0BCFA184D23686668A3FB053205FB0A
:101470000622A468154D1B1942EBE474A0FB05027B
:1014800005FB0121181A64EB01010BA3D3E900232A
:10149000FFF75EFDEFF31184102383F31288BFF38F
:1014A0006F8F0B4BC3E900019A6084F31188BFF37F
:1014B0006F8F0020CFE700BF00CA9A3B00000000FA
:1014C00014000000FFC99A3B00CA9A3BA0860100A5
:1014D00078580020000000002DE9F04F0029D0F8D6
:1014E000108044688BB005DD6FF0150738460BB0EF
:1014F000BDE8F08FD8F80030D4E90069002B4BD15B
:10150000A389A5680793B368494630465B6808AA73
:101510009847071EEADBDDE9087BA5FB072305FBEF
:101520000B334FF0FF3A05920493DDE9041032A328
:10153000D3E90023FFF75CFD059B049A9A45304BE5
:101540000690934102D26FF08507CFE76B08A3FBAB
:10155000075703FB0B7728A3D3E900232846394616
:10156000FFF746FD264AAA45BA410346EBD3069942
:10157000B2689942B8D30799304600914946156838
:10158000069AA84707460028B0D1208A38F0C7FA43
:10159000012388F80430A9E7B368494630465B6800
:1015A00008AA984707460028A0D10346DDE90801AC
:1015B000D8F80020FFF71CFD1A430DD011490B6825
:1015C00013F0060F08D0104B0222CDE90173384604
:1015D0003B46009716F026FADDE90801D8F800200E
:1015E0000023FFF705FDA5890246D4E900018368C1
:1015F00000951D685308C4E700CA9A3B000000002C
:10160000FFC99A3BD81E00200E8005000000000094
:1016100001292DE9F04F4AD889B30FF2D40BDBE949
:1016200000AB0FF2D409D9E9008935A7D7E90067E3
:1016300035A5D5E9004536A3D3E900239FED1E5B10
:101640009FED1F6B9FED207B9FED214B80ED045B99
:1016500080ED004B80ED024B80ED066B80ED087B4A
:10166000C0E90AABC0E90C89C0E90E67C0E91045C2
:10167000C0E91223C0F8D0100020BDE8F08F9FED24
:10168000165B0FF2940BDBE900AB0FF29409D9E97A
:10169000008925A7D7E9006725A5D5E9004526A338
:1016A000D3E900239FED0E6B9FED0F7BCCE76FF02E
:1016B0007400E2E7AFF30080D89E05C15D9DBBCB0F
:1016C00007D57C362A299A6217DD70305A01599164
:1016D000000000000000000008C9BCF367E6096ACA
:1016E0003BA7CA8485AE67BB2BF894FE72F36E3CB1
:1016F00039590EF7D8EC2F15310BC0FF6726336729
:1017000011155868874AB48EA78FF9640D2E0CDB2B
:10171000A44FFABE1D48B547F1361D5F3AF54FA5F7
:10172000D182E6AD7F520E511F6C3E2B8C68059B1B
:101730006BBD41FBABD9831F79217E1319CDE05BD3
:101740002DE9FF47804616460F46002900F0A2808B
:10175000B1FA81F4341B002E04F10A04C0F2A28015
:1017600030462BF065F8044430462BF067F8A4EBC4
:1017700006090546694630462BF088F8A9EB0503B3
:101780006A4640467D33394639F065FCA6428246BA
:101790000D4600F38380B9F13F0F00F381804FF0D5
:1017A000FF33A9F12000C9F1200103FA00F003FA88
:1017B00009F223FA01F103FA09F3024328EA0303C9
:1017C0000A4327EA020213430CBF01200020002D28
:1017D00000F08A80B5FA85F3E31A40F2FE7203F254
:1017E0003E43934200F38980002B23EAE376D4BF83
:1017F00001223246121BA2F23341A2F23447A2F276
:101800005344C1F1200C2AFA01F325FA04F4C7F17C
:10181000200E05FA0CFC25FA01F105FA0EFE43EA4A
:101820000C03A2F2544CA2F2544223432AFA07F4C6
:1018300025FA0CFC44EA0E0444EA0C04C7F1200C1F
:1018400014F0010F54D0A8B14FF0FF3000FA02F2AB
:1018500000FA07F4144320FA0CF2B840144303F0E2
:1018600001022AEA000A25EA04054AEA020A5AEABB
:10187000050A3DD0013341F10002C2F3130253EADD
:10188000020138D0184642EA065141EC100B04B070
:10189000BDE8F087B0FA80F420345BE7012096E7DA
:1018A000002094E7C6F1000948462AF0C7FF241A31
:1018B00048462AF0C3FFA61B0546694648462E4403
:1018C0002BF056F86A46404606F17C03394639F05B
:1018D000C2FB82460D46404639462AF0BFFF81458D
:1018E0008CBF0020012072E7BAFA8AF3203373E735
:1018F000C1F31302C6E70136C4E79FED010BC6E74B
:10190000000000000000F07F2DE9F84F55EC104B6F
:1019100025F00043C24AAB46934220D9C14A9342C4
:1019200001D80CD15CB122462B4620462946FEF751
:1019300077FC04460D4645EC104BBDE8F88FBBF133
:10194000000F99A3D3E9002303DD99A1D1E9000198
:10195000EDE799A1D1E90001FEF760FCE9E7B24AA1
:10196000934213D8A2F1DE7293420CD82046294646
:1019700093A3D3E90023FEF753FC0022AB4BFFF700
:1019800095F80028D7D14FF0FF3A28E0A84A26461C
:1019900025F00047934200F2BA80A2F5502293420C
:1019A00000F29C8022463B4620463946FEF738FC32
:1019B00000229E4B4FF0000AFEF730FC04460D4615
:1019C00000224FF0804330463946FEF729FC02469C
:1019D0000B4620462946FEF703FF04460D462246E5
:1019E0002B4620462946FEF7D1FD02460B4680468F
:1019F0008946FEF7CBFD06460F4673A3D3E90023C5
:101A0000FEF7C4FD72A3D3E90023FEF709FC3246BA
:101A10003B46FEF7BBFD70A3D3E90023FEF700FCB5
:101A200032463B46FEF7B2FD6DA3D3E90023FEF735
:101A3000F7FB32463B46FEF7A9FD6BA3D3E9002333
:101A4000FEF7EEFB32463B46FEF7A0FD68A3D3E966
:101A50000023FEF7E5FB42464B46FEF797FD804626
:101A600089463046394664A3D3E90023FEF78EFD4C
:101A700063A3D3E90023FEF7D1FB32463B46FEF7D2
:101A800085FD61A3D3E90023FEF7C8FB32463B4640
:101A9000FEF77CFD5EA3D3E90023FEF7BFFB3246D1
:101AA0003B46FEF773FD5CA3D3E90023FEF7B6FBCC
:101AB00032463B46FEF76AFD02460B464046494623
:101AC000FEF7AEFB22462B46FEF760FDBAF1FF3F64
:101AD00002460B4646D1204629463DE70022534B9D
:101AE00020463946FEF79AFB04460D4600224F4B2E
:101AF000304639464FF0010AFEF792FB02460B468C
:101B000020462946FEF76CFE04460D4667E7494A23
:101B100093421CD20022484B20463946FEF77EFBFA
:101B2000002204460D46444B304639464FF0020A27
:101B3000FEF72CFD00223D4BFEF772FB02460B46E2
:101B400020462946FEF74CFE04460D4647E722464E
:101B50003B4600203949FEF743FE4FF0030A044696
:101B60000D463CE7364B374E03EBCA0306EBCA067D
:101B7000D3E90023FEF752FB22462B46FEF74EFB2D
:101B800002460B46D6E90001FEF748FBBBF1000F09
:101B900004460D46BFBF024601F1004314461D46F0
:101BA000C9E600BFAFF30080075C143326A6913C62
:101BB000182D4454FB21F93F182D4454FB21F9BF43
:101BC0009C7500883CE4377E11DA22E33AAD903F01
:101BD000EB0D76244B7BA93F513DD0A0660DB13F64
:101BE0006E204CC5CD45B73FFF8300922449C23FCC
:101BF0000D5555555555D53F2F6C6A2C44B4A2BF91
:101C00009AFDDE522DDEAD3F6D9A74AFF2B0B33F58
:101C1000711623FEC671BC3FC4EB98999999C93FD0
:101C2000FFFF0F440000F07FFFFFDB3F0000F03FAD
:101C3000FFFFF23F008003400000F83F0000F0BFCC
:101C4000A0180500C01805007FB58DED000B019BA5
:101C5000254A23F00043934206D89FED211B07B08D
:101C60005DF804EB00F0D4BA204A934204D907B0DF
:101C70005DF804EB00F0C0BA02A800F039F800F0FB
:101C8000030001280BD0022819D0F8B99DED041BE0
:101C90009DED020B00F0BCFA53EC102B0AE09DED19
:101CA000041B9DED020B00F0CFFE51EC100B024621
:101CB00001F1004343EC102B07B05DF804FB9DEDF0
:101CC000041B9DED020B00F0A3FAEEE79DED041B53
:101CD0009DED020B012000F0B7FEDDE7AFF30080C1
:101CE0000000000000000000FB21E93FFFFFEF7F44
:101CF0002DE9F04F5BEC10AB2BF00048C44B8DB0DE
:101D000004469845CDF810B007D80022002380ED96
:101D1000000BC0E90223002528E0BE4B984578D887
:101D2000049B5046BC4D5946002BABA3D3E900237E
:101D300038DDFEF773FAA84506460F461AD0A8A369
:101D4000D3E90023FEF76AFA02460B46804689462D
:101D500030463946FEF762FAA1A3D3E900230125F4
:101D6000FEF75CFAC4E90089C4E9020128460DB017
:101D7000BDE8F08F9CA3D3E90023FEF74FFA064697
:101D80000F469BA3D3E90023FEF748FA02460B4611
:101D90008046894630463946FEF740FA94A3D3E997
:101DA0000023DCE7FEF73CFAA84506460F4618D0AC
:101DB0008BA3D3E90023FEF733FA02460B46804695
:101DC000894630463946FEF729FA85A3D3E9002330
:101DD000FEF726FA4FF0FF35C4E90089C4E9020195
:101DE000C4E781A3D3E90023FEF71AFA06460F469B
:101DF0007FA3D3E90023FEF713FA02460B46804681
:101E0000894630463946FEF709FA79A3D3E900231B
:101E1000DEE7824B984500F2CE802BF0004750461B
:101E200075A3D3E900233946FEF7B0FB00227C4BB3
:101E3000FEF7F6F9FEF75AFE0546FEF73DFB0246B1
:101E40000B46CDE9022364A3D3E90023FEF79EFBF2
:101E500002460B4650463946FEF7E0F982468B466D
:101E60005FA3D3E90023DDE90201FEF78FFB024601
:101E70000B4606460F4650465946FEF7CFF91F2D32
:101E800005DC6A1E674B53F82230434508D14FEA00
:101E900028530593C1F30A53C3EB1853102B02DCEC
:101EA000C4E9000139E050A3D3E90023DDE90201D0
:101EB000FEF76CFB06460F4602460B465046594657
:101EC000FEF7ACF902460B46804689465046594615
:101ED000FEF7A4F932463B46FEF7A0F906460F4648
:101EE00043A3D3E90023DDE90201FEF74FFB3246AD
:101EF0003B46FEF793F902460B4606460F46404620
:101F00004946FEF78BF9059AC1F30A53D31A312BD0
:101F100020DCC246CB46C4E90001D4E90089504622
:101F2000594642464B46FEF779F93B463246FEF7A4
:101F300075F9049B002BC4E90201BFF617AF09F144
:101F40000043C4F80080A060636001F10043E360D7
:101F50006D420BE72AA3D3E90023DDE90201FEF776
:101F600015FB06460F4602460B4640464946FEF71D
:101F700055F982468B4602460B4640464946FEF7D7
:101F80004DF932463B46FEF749F906460F461EA379
:101F9000D3E90023DDE90201FEF7F8FA32463B46B9
:101FA000FEF73CF906460F4602460B465046594698
:101FB000FEF734F974E71C4B984537D952465B4617
:101FC00050465946FEF72AF9C4E90201C4E9000166
:101FD000A1E600BFAFF3008000004054FB21F93FB1
:101FE0003163621A61B4D03D0000601A61B4D03D23
:101FF0007370032E8A19A33B83C8C96D305FE43F19
:102000000000002E8A19A33BC14920259A837B3901
:10201000FB21E93F7BD90240FB21F93FFB213941FC
:102020000000E03F9C2F0500FFFFEF7F4FEA28559F
:1020300050460DF13009A5F21645A8EB05514FF0B9
:1020400003080F46FEF752FDFEF736FA02460B462E
:1020500050463946CDE90623FEF7E0F80022204B32
:10206000FEF794FA0F460646FEF740FDFEF724FA07
:1020700002460B463046394600260027CDE90823A4
:10208000FEF7CCF80022164BFEF780FACDE90A01E4
:1020900032463B46C24608F1FF3879E90201FEF7B5
:1020A000DDFC0028F4D10F4B2A46214606A80193F7
:1020B00002230093534600F06BF9049B0546002B66
:1020C000BFF654AED4E9002101F10043C4E9002376
:1020D000D4E9022101F10043C4E9022338E700BF3B
:1020E000000070411C3005007FB58DED000B019B99
:1020F000254A23F00043934207D800209FED201B80
:1021000007B05DF804EB00F09FBC204A934204D96D
:1021100007B05DF804EB00F06FB802A8FFF7E8FD28
:1021200000F00300012810D0022815D008BB0120C0
:102130009DED041B9DED020B00F086FC53EC102B73
:1021400043EC102B07B05DF804FB9DED041B9DEDE7
:10215000020B00F05DF8F1E79DED041B9DED020B15
:10216000012000F071FC51EC100B024601F100431C
:10217000E6E79DED041B9DED020B00F049F8F2E748
:102180000000000000000000FB21E93FFFFFEF7F9F
:102190007FB58DED000B019B154A23F00043934260
:1021A00007D801209FED101B07B05DF804EB00F08D
:1021B00003BD104A934204D907B05DF804EB00F068
:1021C0001BB802A8FFF794FD400000F002009DED4F
:1021D000041BC0F101009DED020B00F0EDFC07B007
:1021E0005DF804FBAFF30080000000000000000079
:1021F000FB21E93FFFFFEF7F08B52AF091FC9FED3F
:10220000020B08BDAFF30080000000000000F87F63
:102210002DE9F74F59EC108B29F00046B6F1795FA4
:102220008DED001BC0F0888042464B464046494633
:10223000FEF7ACF904460D4600224F4BFEF7A6F917
:1022400082468B46204629463DA3D3E90023FEF76C
:102250009DF93DA3D3E90023FDF7E2FF22462B467B
:10226000FEF794F93AA3D3E90023FDF7D7FF2246FE
:102270002B46FEF78BF938A3D3E90023FDF7D0FFF7
:1022800022462B46FEF782F935A3D3E90023FDF75A
:10229000C5FF22462B46FEF779F933A3D3E9002385
:1022A000FDF7BEFF22462B46FEF770F922462B466D
:1022B000FEF76CF904460D4640464946DDE9002329
:1022C000FEF764F90B46024629462046FDF7A6FFB5
:1022D0002A4B804689469E4210D802460B465046FD
:1022E0005946FDF79BFF02460B4600202449FDF7A7
:1022F00095FF41EC100B03B0BDE8F08F214B00249B
:1023000000201F499E42224694BFA6F500151E4D8F
:102310002B46FDF783FF224606460F462B465046C6
:102320005946FDF77BFF42464B46FDF777FF0246D5
:102330000B4630463946DAE79FED0D0BDBE700BF71
:10234000D43888BEE9FAA8BDC4B1B4BD9EEE213E22
:10235000AD529C804F7E923E9015CB19A001FA3E63
:102360007751C1166CC1563F4C5555555555A53F33
:10237000000000000000F03F0000E03F3233D33F98
:102380000000F03F0000E93F0000D23F00000000E5
:102390002DE9F04F2DED028BADF51B7D12F1140FE1
:1023A0004FF000050993A8BFD41EBD4BB8BF002451
:1023B000019122AEA6990A9053F821300493099B0B
:1023C00003F1FF330693A4BF182394FBF3F46FF0DB
:1023D000170304FB033303EB020B049B069A03EB86
:1023E0000208A71AA79B9FEDAA8B03EB8709454517
:1023F00013DD22AA099B0DF5E47A4FF0000802EBE9
:10240000C305049B984530DCDDF828902F46002654
:102410009FED9F7B8DED027B1BE0EF4207D459F8C7
:102420002500FEF749F80135E6E80201DFE751EC47
:10243000180BF8E7D7E90023F9E802010136FEF7A7
:10244000A5F802460B46DDE90201FDF7E9FECDE9FC
:102450000201069B083F9E42ECDD08F101080835A9
:102460009DED027BAAEC027BCBE7049B0EAADDF874
:10247000109002EB83030C93A79B03EB84030B9355
:102480004FEAC9030DF1380A4F460D939AABD04677
:1024900003EBC90313ED287B72AB03EBC9068DED8B
:1024A000027B002FA6F1080677DC58469DED020B53
:1024B0002AF072FB00224FF07F5355EC104B204660
:1024C0002946FEF763F841EC100B2AF0C3FB00220B
:1024D000744B51EC100BFEF759F802460B462046A0
:1024E0002946FDF79BFE0D460446FEF7FFFA0890CD
:1024F000FDF7E2FF02460B4620462946FDF78EFE19
:10250000BBF1000F06460F466BDD09F1FF310EAB44
:10251000CBF11800089C53F8213043FA00F2144420
:1025200082409B1A0EAA089442F82130CBF1170280
:1025300013410293029B002B62DD089B00226FF087
:102540007F40013314460893914500F3B780BBF1F7
:10255000000F07DDBBF1010F00F0C980BBF1020FD6
:1025600000F0D080029B022B4AD132463B4600202D
:102570004D49FDF753FE06460F46002C40D0584605
:102580009FED450B2AF008FB3046394653EC102BE3
:10259000FDF744FE06460F4632E00022434B013F62
:1025A000DDE90201FDF7F2FFFEF7A0FAFDF784FF77
:1025B00000223F4B04460D46FDF7E8FF02460B465E
:1025C000DDE90201FDF72AFEFEF790FA294648F8F8
:1025D000040B2046D6E90023FDF722FECDE90201D7
:1025E0005FE706D109F1FF330EAA52F82330DB155D
:1025F0009FE700222F4BFEF74FFA002843D10290AD
:102600000022002330463946FEF728FA002800F061
:10261000CB8009F1FF33002204998B427ADA002A39
:1026200000F0958009F1FF390EABABF1180B53F8B0
:102630002930002BF6D058464E464FF0000ADFF8FE
:102640006CB09FED150B2AF0A7FA09F1010372AAED
:102650004FEAC30802EBC30755EC104B002E80F283
:10266000DB804C46002CC0F20981134B4FF0000A6E
:102670004FF0000B00261F4672ABA9EB040503EBDD
:10268000C4030693EEE00223029356E7AFF3008003
:102690000000000000000000000000000000F03F0B
:1026A00024310500000020400000F03F0000703E93
:1026B000000070410000E03FE0180500514651F86D
:1026C000043B54B96BB10132C3F18073914541F8B9
:1026D000043C0ADD0B680AF10801C31A41F8043C06
:1026E000012301328A461C462EE701242FE709F117
:1026F000FF320EAB53F82230C3F316030EA941F894
:1027000022302FE709F1FF320EAB53F82230C3F32A
:102710001503F3E70EA951F82310013B0A437BE7A9
:10272000013453F8042D002AFAD00D9B22AA09F196
:1027300001074C4403F51A730DEB0305099B4B4449
:10274000983D02EBC306BC4204DAA14698E60C9B16
:102750000124E6E70B9B4FF0000853F82700FDF734
:10276000ABFEDDF828909FEDAC7BE6E80201B246B7
:102770008DED027B069B984505DD01379DED027BC3
:10278000A5EC027BDFE77AE90223F9E80201FDF715
:10279000FDFE02460B4608F10108DDE90201FDF7E6
:1027A0003FFDCDE90201E5E7CBF1000047EC106BFE
:1027B0002AF0F2F900229A4B55EC104B204629469C
:1027C000FEF76AF900B30022964B20462946FDF732
:1027D000DDFE0BF1180BFEF789F90646FDF76CFEDE
:1027E00000228F4BFDF7D2FE0B46024629462046BB
:1027F000FDF714FDFEF77AF90EAB43F8290009F155
:10280000010943F8296016E720462946FEF76EF9CC
:102810000EAB43F829000EE70EAB53F82600013E3D
:10282000FDF74AFE22462B46FDF7B0FE52465B46B8
:1028300067E9020120462946FDF7A8FE04460D4639
:102840000CE706990136F1E802230691F7E8020148
:10285000FDF79CFE02460B4650465946FDF7E0FC4C
:1028600082468B46049B9E4201DCB542E9DA4AABC4
:10287000013C03EBC505C5E900ABF3E6A69B022BC3
:102880000BDC002B38DC5AD0089B03F007000DF559
:102890001B7DBDEC028BBDE8F08FA69B032BF3D113
:1028A00008F51A73CA460DEB0304A4F5A474254673
:1028B000BAF1000FA5F1080567DC4D46012DA4F122
:1028C000080400F383804AAB0020002103EB0804D6
:1028D000B9F1010F00F39880029BDDE94A78DDE948
:1028E0004C56002B40F0A080019BC3E90078C3E95F
:1028F0000256C3E90401C7E74AAB4C460020002159
:102900009844002C32DA029B002B35D0024601F1AC
:102910000043019C4CADC4E90023012402460B4650
:10292000DDE94A01FDF77AFCA14528DA029B13B1E3
:1029300001F100431946019BC3E90201A4E74AAB38
:10294000002000219844B9F1000F08DA029B13B16E
:1029500001F100431946019BC3E9000194E778E9BE
:10296000022309F1FF39FDF75BFCECE778E902236C
:10297000013CFDF755FCC4E702460B46C9E7F5E804
:1029800002230134FDF74CFCCEE795ED007B0AF104
:10299000FF3A8DED047B95ED027BDDE9040153ECFC
:1029A000172B8DED067BFDF73BFC02460B460646DA
:1029B0000F46DDE90401FDF731FCDDE90623FDF7F3
:1029C0002FFCC5E90067C5E9020171E794ED007BC2
:1029D000D4E902AB013D52465B4651EC170B8DED3D
:1029E000047BFDF71DFC02460B4606460F46DDE95B
:1029F0000401FDF713FC52465B46FDF711FCC4E9E8
:102A00000067C4E9020159E774E9022309F1FF39BB
:102A1000FDF706FC5CE700BF0000000000000000BE
:102A2000000070410000703E019B08F10044019AD3
:102A30001F605C609D6006F100431061D36001F18E
:102A40000043536120E700BF2DE9F04F5BEC10AB72
:102A50002BF0004385B08046B3F1795F8DED001B0C
:102A600004D205B0BDE8F04F38F0D1BC52465B4609
:102A700050465946FDF78AFD04460D4602460B4670
:102A800050465946FDF782FD06460F462046294628
:102A90003CA3D3E90023FDF779FD3CA3D3E9002350
:102AA000FDF7BCFB22462B46FDF770FD39A3D3E9A9
:102AB0000023FDF7B5FB22462B46FDF767FD37A344
:102AC000D3E90023FDF7AAFB22462B46FDF75EFD66
:102AD00034A3D3E90023FDF7A3FBCDE90201B8F14C
:102AE000000F17D102460B4620462946FDF74EFD42
:102AF0002EA3D3E90023FDF791FB32463B46FDF7B9
:102B000045FD52465B46FDF78BFB41EC100B05B0D3
:102B1000BDE8F08F00221A4BDDE90001FDF736FD1C
:102B20008046894630463946DDE90223FDF72EFD11
:102B300002460B4640464946FDF770FB22462B46AF
:102B4000FDF724FDDDE90023FDF768FB04460D4693
:102B50003046394608A3D3E90023FDF717FD0246A6
:102B60000B4620462946FDF759FB02460B465046C8
:102B70005946FDF753FBC8E7495555555555C5BF4F
:102B80000000E03F7CD5CF5A3AD9E53DEB9C2B8A3B
:102B9000E6E55A3E7DFEB157E31DC73ED561C1193A
:102BA000A0012A3FA6F810111111813F4955555532
:102BB0005555C53F000000002DE9F04F5BEC10AB10
:102BC0002BF00047D84B89B006469F42CDF808B09D
:102BD00059EC118B59D850465946FDF787FF0546E9
:102BE000002878D1731C51460B433B430CD152460D
:102BF0003B460020CD49FDF7F3FD82468B464BEC6A
:102C000010AB09B0BDE8F08F012EF8D042464B461C
:102C100050465946FDF704FB02460B460F4600207E
:102C2000C349FDF7DDFD2E462C46CDE90001DDE967
:102C30000023304652461D4639465B46FDF7EEFA04
:102C400002460B4640464946FDF7E8FA32462B4617
:102C5000FDF79CFC324682468B462B463046394671
:102C6000FDF794FC0022B14BFDF7DAFA02460B4661
:102C700050465946FDF7D4FADDE90023FDF786FCFE
:102C800022462B46FDF7CCFAB7E7AA4B9F4222D942
:102C9000029B002B05DA0BF100439B4609F1004330
:102CA000994652465B4682A1D1E90001FDF7B6FA8A
:102CB00004460D4642464B464FF000084FF00009CF
:102CC0007DA1D1E90001FDF7A9FA22462B46FDF7C7
:102CD000A7FA82468B4652465B4650465946FDF758
:102CE00055FC02460B46CDE90023FDF74FFC044698
:102CF0000D4650465946DDE90023FDF747FC70A319
:102D0000D3E90023CDE9040120462946FDF73EFC26
:102D10006DA3D3E90023FDF783FA22462B46FDF786
:102D200035FC6BA3D3E90023FDF77AFA22462B4644
:102D3000FDF72CFC68A3D3E90023FDF771FA2246C6
:102D40002B46FDF723FC66A3D3E90023FDF768FAC1
:102D500022462B46FDF71AFC63A3D3E90023FDF7B7
:102D60005FFADDE90023FDF711FC61A3D3E900233D
:102D7000CDE9060120462946FDF708FC5EA3D3E90C
:102D80000023FDF74DFA22462B46FDF7FFFB5CA31F
:102D9000D3E90023FDF744FA22462B46FDF7F6FB64
:102DA00059A3D3E90023FDF73BFA22462B46FDF752
:102DB000EDFB57A3D3E90023FDF732FA22462B4659
:102DC000FDF7E4FB54A3D3E90023FDF729FA0246FB
:102DD0000B46DDE90601FDF723FADDE90423FDF7E3
:102DE000D5FB42464B46FDF71BFADDE90023FDF714
:102DF000CDFB42464B46FDF713FA04460D4648A369
:102E0000D3E90023DDE90401FDF7C0FB22462B4690
:102E1000FDF706FA0B460246CDE900015046594639
:102E2000FDF7FEF9434B04460D469F4240F2848075
:102E30003046FDF741FB2246804689462B46204618
:102E40002946FDF7A3FB06460F4642464B46204661
:102E50002946FDF7E5F902460B4630463946FDF7AF
:102E6000BFFCDDE90023FDF7D9F902460B465046C9
:102E70005946FDF7D3F902460B46FDF7D1F9024654
:102E80000B4640464946FDF7C9F9029B04460D46EC
:102E90004FEAA37A0AF0020ACAF10100FDF70CFB1F
:102EA00002460B4620462946FDF770FBA5E600BF0B
:102EB000182D4454FB21E93F075C143326A6813CBE
:102EC000D47ABF74702AFB3EE9A7F0320FB8123FE4
:102ED00068108D1AF726303F1583E0FEC8DB573F98
:102EE00093846EE9E326823FFE41B31BBAA1AB3F58
:102EF000735360DBCB75F3BEA69237A0887E143F78
:102F00000165F2F2D844433F280356C9226D6D3F54
:102F100037D60684F464963F7AFE10111111C13F32
:102F2000635555555555D53FFFFF2F3E0000F03FE7
:102F30000000F0BF2794E53F012E33D04FF000088A
:102F4000894602460B46002018494446CDE90289CD
:102F5000FDF746FC52460F465B4606460D46404688
:102F60004946FDF75BF902460B46DDE90001FDF736
:102F700055F942463B46FDF709FB424682468B46E1
:102F80003B4640464946FDF701FB0022084BFDF752
:102F900047F902460B4650465946FDF741F932467D
:102FA0003B466BE682468B4629E600BF0000F0BF39
:102FB0000000F03F0000000010B19FED030B7047D0
:102FC0009FED030B704700BF000000000000008071
:102FD000000000000000000010B19FED030B7047DF
:102FE0009FED030B704700BF000000000000F0FFE2
:102FF000000000000000F07F70B5ADF58C4D92B080
:1030000044F23C521C4943A837F0C2FE002002A9FA
:1030100001F06CFB044640B1014618482AF034FA2E
:1030200020460DF58C4D12B070BD03AB019302AD7F
:103030000146019A4FF4807328682AF015FE4FF478
:103040008072019943A837F041FF0028E8D0286832
:10305000214682682AF032FE064628B10146084819
:103060002AF012FA3446DBE744F23C532146286842
:1030700043AA2AF00EFED3E7C8CD04006A3105004A
:103080008C31050070B5ADF50E7D022001A901F06F
:103090002DFB044620B1014631482AF0F5F919E02C
:1030A00001461023019806AA2AF0DEFD044610B15D
:1030B00001462C48F1E79DF81F50012D05D142F241
:1030C0004133BDF824209A4208D027482AF0DCF981
:1030D0006FF0150420460DF50E7D70BD9DF826306D
:1030E000089E9B070AD52148214B816898474FF0DD
:1030F000FF314FF0FF3037F06AFAF8E701464FF43E
:1031000004720AA837F06BFE1A4B1B490B931B4B3A
:1031100002AA0C931A4B0AA80D934FF48013CDE921
:103120008B3603ABCDE9034405948DF80C5008F0C1
:1031300005FB044610B101461248AEE70298124959
:10314000843008F0CDFA014628B910482AF09CF9DD
:103150006FF00104BEE72246029808F0ABFBB9E726
:103160006A31050022370500403705002C20002079
:1031700011001000A10204009C370500CB020400DE
:10318000DF02040057370500753705007A37050060
:103190007FB50BAB05930393054B022202930023EB
:1031A0001846CDE9003301F01FF807B05DF804FBC5
:1031B000A73705002DE9F04F91B0009302F004030A
:1031C0000293C2F3C2030133840705460E46DDF8BD
:1031D00068800392059340F0BB81041D30B107293C
:1031E00009D86FF01B0011B0BDE8F08F01F00706A1
:1031F0003444C6F10806009B4FF000094FF0040A62
:10320000591E4FF0FF334F460193CB465346CDF83E
:1032100010900DB1009820600598002800F3E88018
:103220009848009A824203D397488242C0F0E080D7
:10323000039AA4EB050E92074FEA9E0000F103816A
:103240000F2F00F2B180002D00F0058107F1400240
:103250000DEB020C019A0CF8200C0CF8102C0498C1
:1032600001300490E7E07A285DD84B280ED8472833
:1032700059D829282DD8252852D054D820287AD09A
:103280002338D0F1000B4BEB000B74E04C382E28A8
:1032900049D8DFE800F0704848484848484848485E
:1032A00048484B484848484848484859484B4B5973
:1032B0005959704B6D487048184B184848827F4BDD
:1032C00048484B487F0000204FF0000B4FF0040AA5
:1032D00038E001222A38C0B202FA00F010EA0E0FDC
:1032E00049D110F0625C2FD110EA020B43D0604646
:1032F000013C5444B4FBFAF40AFB04F4002D61D001
:10330000A3EB050CA444B4453FF66BAF002868D18D
:10331000042B47D158F8043B2360042304342AE0EB
:10332000019A013A01924FF0000B24E011F8010CD0
:103330006C2834D1002011F8023C83466C2BC5D197
:103340004FF0080A5346D3E708F1070828F00708AA
:10335000073424F00704F8E802AB35B1069820449E
:10336000B0423FF63EAFC4E900AB4FF0000B08346B
:103370004FF0080A534611F8010F002878D0BBF12E
:10338000000F7FF470AF2528F5D14FF0010B019BA2
:10339000013301934FF0040AECE7584694E700200C
:1033A0008346A5E7082B02D06FF015001BE708F154
:1033B000070828F00708B8EC027B84ED007B08239F
:1033C0000834D8E768B9042B02D108F10408A4E74F
:1033D000082BE9D108F1070828F0070808F10808C8
:1033E000EDE705980138059058F8040B009010E7B8
:1033F000039A900720D54FF0010CA4EB050E4FEA7D
:103400009E00BEF5007FCFD20F2FCDD8F5B107F1CA
:1034100040020DEB020E019AC0B20EF8200C0EF81D
:10342000102CBCF1000F3FF41AAF60F07F000EF8D3
:10343000200C09F101090137C5F108024FF6DA7EC7
:103440000434069297E74FF0000CDAE7BCF1000F66
:1034500001D00136EFE7029A0236002AEBD100983C
:10346000CDE90631FDF70CFEDDE906310644E2E761
:10347000631BB3F5806F97D245B9A6F10804E01835
:10348000B1E600BF60B4040088970500029A9B086B
:1034900028602B709DF81030C2B1EB7085F8029057
:1034A000B9F1000F05D0002208A8C5F1010C974220
:1034B0000ED14FF0000AC5F101030DF12008019370
:1034C0000DF1300B574512D1601B8CE66B70E5E7B0
:1034D00010F8013B190608D50CEB040EB64503F0B5
:1034E0007F033FF67EAE04F8013B0132DFE7B9F11E
:1034F000000F03D098F90020002A17DB029BD3B1FC
:103500001AF80B2004F8012B0022019B1819104413
:10351000B0423FF666AE98F80000009904F8010B3F
:103520002046039237F034FC039A14440AF1010A4E
:1035300008F10108C6E798F8002055F822300093FA
:10354000029B009845F82230FDF79AFD421CDCE70B
:103550006FF00D0047E600BF2DE9F04F9BB0DDF89E
:1035600090B00993CBF3C00304461646884690F802
:1035700002A00B9341B9457800780AEB8000204403
:10358000454516D8A0EB0408E3780A93BAF1000F7A
:1035900002D01BF0010F15D10A9B002B39D11EB1AF
:1035A00041462046099AB047454628461BB0BDE82B
:1035B000F08F471C3846FDF763FD0130384408F1B1
:1035C0000108DDE72278636806920893069B920063
:1035D0000C9204EB8301002E40F0E7800F4600269A
:1035E000454601EB0A08474522D017F8013B0691F2
:1035F00054F82300FDF744FD259B0699013033B1B3
:10360000269B9E423EBF259B23F8160001360544AB
:10361000E9E71BF0020FC2D023781F4606939B00F8
:103620000C93636804EB87010893002E56D145463E
:103630001BF0050F01EB0A070CBF4FF0020A4FF019
:10364000010A0A9B07EB43090BF0020306934F455F
:10365000ABD017F8021B17F8013C54F82380934BAA
:10366000984502D3924B984519D30B9B23B30898E6
:1036700029F0E1FE00B38F48036813F0060F0CD069
:10368000089B049103938C4B014602930023022272
:103690001846CDE90033FFF77BFD023DD7E70B9BD2
:1036A00023B1089829F0C7FE0028E4D11BF0010FD0
:1036B00005D1A5EB0A05CAE7069B002BC7D04046FB
:1036C000FDF7DEFC259B3BB1269B9E423FBF259A22
:1036D000431C22F8163001360544B8E7BAF1000F52
:1036E00067D01BF0040767D057464FF0000916A8B3
:1036F0005246079137F04CFB079901EB0A030793F9
:103700000A9B0A9A5B000E93079B03EB42030D93FF
:103710000BF002030F930D9B079A93424ED16378EF
:103720001BF0020F18BF002103EB090208BF790844
:103730001BF0010FD2B240F08A801BF0040F14BFBF
:10374000384600206270A070E1702046099A0C99FA
:103750000893B047051EFFF628AF069B3946237035
:10376000089B099A63700A9B84F802A0E37016A86C
:10377000B047071EC0F295800C9BA8EB0A01C91A3E
:103780000E9B099A0798C91AB0470028C0F28B808F
:103790004FF000082F443D180DF1480BC14558D893
:1037A0000021099A0846B047FFE6D146002712A833
:1037B0009EE75746D146A0E7B9469EE7079B13F818
:1037C000021B13F8015C079354F82520374B9A42EB
:1037D00002D3374B9A4217D30B9B23B1089829F099
:1037E0002AFE002897D10F9BCBB907F168037A1CFA
:1037F0000DEB03001AAB023753FA82F200F8101CEB
:10380000FFB202F8105C86E70B9B2BB1089829F0F9
:1038100012FE00287FF47FAF1BF0010F0AD009F1E0
:10382000680309F101020DEB030909F8205C5FFA56
:1038300082F970E71BF0040F3FF46DAF07F16803E6
:103840007A1C0DEB030707F8105CD7B263E7002082
:1038500078E718F80B3054F823A08DF84730259BF3
:10386000EBB1269B98451AD2259B33F8187001219D
:10387000099A0DF14700B047002814DB054427B929
:103880005046FDF7FDFB471CBFB239465046099A2A
:10389000B047002807DB054408F101087EE7002750
:1038A000E5E73D4681E605467FE600BF60B40400DB
:1038B00088970500D41E0020A7370500014B18602B
:1038C000704700BF880E002070B50446044E4518AE
:1038D000AC4200D170BD336814F8010B9847F7E78C
:1038E000880E002080B505460E461746984626F0FD
:1038F00079FE034637F08CFD0446DFF81890424607
:1039000049F8003039463046A84754F8090004F019
:1039100027F800BF1000000000B5162237F078FD30
:10392000024B1A504FF0FF305DF804FB140000000A
:103930000F2800B508D937F06BFD0922074B1A5044
:103940004FF0FF305DF804FB3022054B02FB0033E3
:10395000D3E8AF3F002BEED00020F3E714000000C7
:10396000940E00203023434330B50D4908330B44F7
:10397000D3E8AF2F92B1541ED3E8EF5F954204D144
:10398000C3E8EC4FBCF1000FF6D1F1D1012A05D10B
:103990003023584300230A180B50536030BD00BF3A
:1039A0008C0E002038B504461546FFF7C1FF0028ED
:1039B0000BDB094A59B1302303FB04235B688B42BC
:1039C00005D037F025FD054B1D50002038BD3023B4
:1039D0005C431059FAE700BF8C0E00201400000071
:1039E0002DE9F041184E90461F46002435463368B5
:1039F000984202D1736899420BD00134102C06F121
:103A00003006F4D137F004FD17224FF0FF340F4B8E
:103A10001A502046FFF78CFF002812DBB8F1000F88
:103A200005D0302101FB04510C31C8F8001017B942
:103A30000120BDE8F081302303FB045520353D60B3
:103A4000F6E70020F5E700BF8C0E00201400000010
:103A500038B504461546FFF76BFF00280DDB302311
:103A60006343074AD0184068086015B10C3313440B
:103A70002B6030235C43105938BD0020FCE700BFA9
:103A80008C0E002070B500254FF0FF334FF0FF3251
:103A9000184829F019FD184BD3E8AF2F82B1013532
:103AA000102D03F13003F7D137F0B2FC17224FF09D
:103AB000FF35124B1A500F4829F008FD284670BDFB
:103AC00030246C43D3E8EF0F0130C3E8E10F002945
:103AD000F8D10B4E331932515A609A6204F10C003E
:103AE000304436F034FA04F12000304436F090FCD3
:103AF000E1E700BF70200020940E002014000000B9
:103B00008C0E00202DE9F0413024164644430F4A24
:103B1000101911514660C362B6B1F368A3B137F012
:103B200077FC0B4F0C3450F807801319054640F210
:103B30000512304629F0B7FCB8F15F0F04D0EB59FD
:103B40005F2B08BF45F80780BDE8F0818C0E002090
:103B500014000000F8B50546FFF7EAFE002824DB54
:103B600030246C43124F04F10C063E444FF0FF32F8
:103B70004FF0FF33304629F0A7FC3A1953689B6891
:103B80008BB1D26A385912F4404F0AD0294698476F
:103B90000446304629F09AFC2846FFF7E3FE20460B
:103BA000F8BD9847F4E71C46F3E74FF0FF34F6E71B
:103BB0008C0E00202DE9F84340F26C7344690569CE
:103BC000E1170135E41841F10001022D8CBF0023FB
:103BD0000123E41AC76861F100010029064607F1D4
:103BE000FF374EDA6FF4C7704FF4C8720023201805
:103BF00061F10001FDF7ACF9244B4FF03C0E03FBE3
:103C00000044D6E900834FEAE37C99466346022DDF
:103C100002468CBF6FF002000920B6680544C6FB5F
:103C20000E93A9FB0EC60EFB036640F26D1E992093
:103C3000A3080EFB04333B44642745430520B4FB33
:103C4000F7F40235B5FBF0F51B1B114C1CEB080C0F
:103C5000A2FB042004FB01012B4446EBE8769818F4
:103C60000C4A41F1000380180B4A63F10003A0FBEA
:103C7000020102FB031110EB0C0041EB0601BDE851
:103C8000F8834FF4C87200232046B3E770FEFFFFAD
:103C9000B13A02009405F5FF8051010010B5FFF71D
:103CA00089FF0024024637F0B3FB0B46024944501B
:103CB0001046194610BD00BF1400000070B5EFF3A8
:103CC0001186102383F31288BFF36F8F00242546DB
:103CD000134B03201C805C809C80DC8015F0A6FFC9
:103CE000104B5C609C60DC601C61A3F558231C6772
:103CF0005C679C670C4B04F1A0020134102C43F864
:103D00002250F8D1032015F065FF084B084A1A60CD
:103D1000084B1D6086F31188BFF36F8F70BD00BF25
:103D2000F8D7002000000E4000E100E034900020B1
:103D300000127A0030900020F0B587B02A4D2B4E4B
:103D4000284635F0FBFE034668B93268510707D0B4
:103D5000274A3146CDE901020090012229F027FED1
:103D60006FF0120415E0AF683B68ABB10021284644
:103D70009847041E13DA33685A070AD01D4B039480
:103D80000293002301221846CDE90033174929F098
:103D90000EFE204607B0F0BD6FF05704EBE7FB685E
:103DA0005BB10021284605AA9847041E08DA33684B
:103DB0005B07EED0104B0394E2E76FF05704F6E791
:103DC000336803F00703022B01D80024E1E7059BC9
:103DD00003220393094B3146029300231846CDE991
:103DE000003329F0E4FDF0E708BB0400E01E0020EA
:103DF00087380500B9380500EC3805002239050080
:103E00002DE9F84F814630480F4629F0E9FD064676
:103E100070B92E4C0546A0464FF0010ADFF8B0B04D
:103E20005C4507D3B9F1000F02D04FF0010AFDB98C
:103E3000BDE8F88F237B83B12368DB680BB1204694
:103E40009847636883F806A023681B6943B96368D1
:103E500004222046196829F0F6FD01361034DFE708
:103E6000204698470028F2D00AFA06F31D43F4E7EB
:103E7000A94695FAA5F4B4FA84F40AFA04F32601E3
:103E800008EB04146FEA030B25EA0305237B63B1F7
:103E900058F806301B698BB94644736804222046E3
:103EA000196809EA0B0929F0CEFD002DE1D11FB1F7
:103EB0006420002136F08BFB4D46B8E7204698473A
:103EC0000028F2D1E8E700BF4090002074BF040052
:103ED00084BF040008B5034608462BB1044A1360AA
:103EE00000F0EEFB002008BD6FF01500FBE700BFFF
:103EF0008C11002000230D4A10B513700C4A4FF4AA
:103F00007A7113600B4A0C481360FFF7E3FF00F06F
:103F100095F80A4B0A4918468B4200D310BD1A1A6D
:103F20005C681211013222711033F5E702D80020CB
:103F3000389000203C900020D1D9030074BF0400C9
:103F400084BF040070B50B4D297841B90120FFF7FB
:103F500057FF094C094EB44202D301232B7070BDA8
:103F600063685B791BB1236820469B6898471034CF
:103F7000F1E700BF02D8002074BF040084BF040032
:103F8000014B1868704700BF3C90002010B50446F4
:103F9000064829F025FD3CB1054BD3E8EF1F013958
:103FA000C3E8E21F002AF8D110BD00BF38900020FE
:103FB0003C9000202DE9F041164B05461B689847C0
:103FC000154CDFF85880A860444501D3BDE8F08166
:103FD00063685B793BB129784B0706D5236829468E
:103FE00020461B6898471034EEE728462E88C1F318
:103FF000C20700F0C9F9C6F382160246002EEDD0C2
:104000000028EBDB01233946204600F0C7F8B04218
:10401000E9D3E3E78C11002074BF040084BF0400DF
:10402000044A054B9B1AB1EBD30F34BF52F8310051
:1040300000207047ECBD040074BF040000210B4851
:104040000B4B30B51B1A0B4CDB080430994200D1E6
:1040500030BD10F83120256802F0070225F0070571
:104060002A4344F8042B0131F0E700BFECBD040003
:1040700074BF0400D01E0020F8B5064600240A4F85
:104080000A4DED1BED08AC4203D14FF0FF34204642
:10409000F8BD57F8340020B13146FCF7DFFF0028A7
:1040A000F5D00134EFE700BFECBD040074BF04009D
:1040B00000282DE9F047884615461F461DDA4FF0C7
:1040C000000A5446DFF8A090234EA6EB09063609F5
:1040D000B24509F1100902D12046BDE8F08759F830
:1040E0000C0C3B462A4641460079FFF7E1FF84422B
:1040F00038BF04460AF1010AEAE7184B184AD21AF7
:10410000B5EBD20F26D203EBC5031C79BC4228BF06
:104110003C460722134EC0B200EB400056F8253053
:10412000824023EA020304F0070282401343002185
:10413000032223FA02F000F00700814202F1030299
:1041400038BF01461E2AF4D123F007030B4346F87B
:104150002530C1E70024DCE784BF0400ECBD040087
:1041600074BF0400D01E002074BF0400F8B50646DA
:104170000F460024074D084BED1AED08AC4200D362
:10418000F8BD002122B23B463046013429F04DFCF7
:10419000A4B2F3E774BF0400ECBD040070B1416841
:1041A000097973B1002A17DBCBB20C4903EB430347
:1041B00051F82200D84000F0070070474FF0FF315F
:1041C000EFE707490748401AB2EBD00F3ABF01EBBF
:1041D000C20108791846704704207047D01E00209D
:1041E000ECBD040074BF04002DE9F04F87B004AFAC
:1041F0000446D7E90EA90E46934698463D6BBAF1A0
:10420000000F22D0C7F80490CDF80090102153463B
:1042100000207A6BFEF7CEFFB0F5006F014615D394
:104220001C490B6813F0060F0BD040F2FF73039389
:10423000194B0222029300231846CDE9003329F0DE
:1042400085FC0C37BD46BDE8F08F514604F00704ED
:104250000BF0070BE40044EA8B1444EA412444EADF
:10426000055417350D4425F00705ADEB050D04ADDC
:10427000BAF1000F07D0CDF8009053467A6B05F1E4
:104280001000FEF797FF434622463146284629F0A4
:104290000DFCD6E7081F0020613905002DE9F04F1D
:1042A000C1F34A2691B00D469046079008930C0D35
:1042B000002E5AD000274FF0040B4FF00A0A0BAB28
:1042C00001933A460DAB31464046CDF808B0CDF8E3
:1042D00000A0CDE90D770F97FFF73EF9B0F5006F1D
:1042E000B146034616D325490B6813F0060F0ED0CE
:1042F00040F2FF730493D8F8043002220393204B5A
:104300003846CDE9017300973B4629F01FFC11B0F8
:10431000BDE8F08FC0F30A0604F11700184420F03E
:1043200007008008099329F07CFB66F353250446B7
:1043300080B1099B00F11001CDE90E370BABCDE93F
:1043400000A30D91404649460E4ACDF808B00DAB8A
:10435000FFF702F966F353252A462046089B079982
:1043600011B0BDE8F04F29F0A1BB04F1170020F017
:104370000700800829F055FB0446EBE7081F0020E2
:104380009939050081DA0300406820B1034BC01A57
:1043900040F38F0070474FF0FF307047D01E002071
:1043A0000EB403B503AB53F8042B01460448019344
:1043B00003F03EFC02B05DF804EB03B0704700BFB1
:1043C000C7DB0300CA0605D48B064CBF024903496C
:1043D000FFF7E6BF704700BF398E0500D8390500EA
:1043E0002DE9F04F87B09DF8446004460D46904695
:1043F0009946002E00F0A280159B03F0020A03F0FC
:1044000001030493159B03F0080B03F480730593D9
:1044100029F009FB024600283DD020469449FFF7C9
:10442000BFFF0746BAF1000F09D0159B13F0440FE8
:1044300033D12A4620468F49FFF7B2FF0744049B39
:1044400053B18D4B204653F826208C4B8C49002AC3
:1044500008BF1A46FFF7A4FF059B002B49D0BBF10C
:10446000000F64D1B8F1000F66D04246204685495E
:10447000FFF796FF0546129B3D44002B6DD1149B20
:10448000002B73D1159BDB0700F1EB8020461599BB
:10449000FFF798FFD8E00746C4E77B4B1868002871
:1044A000CCD07A4B4FF47A7A1B684FF03C0CB5FBBA
:1044B000F3F5B5FBF0F14FF4616300FB11550AFB16
:1044C00005F5B1FBF3F2B5FBF0FE03FB121100FBA7
:1044D0001E55B1FBFCF30AFB05F5B5FBF0F50CFB33
:1044E000131120460091CDE901E56949FFF758FF16
:1044F000A4E7BBF1000F1DD0664B204653F82620E1
:104500006549FFF74DFF0546B8F1000F05D042465B
:1045100020465C49FFF744FF0544B9F1000FAAD0DB
:104520004A4620465D49FFF73BFF0544A3E74FF0AD
:104530000009E1E75D46E7E745469CE7B9F1010F71
:10454000129B06D1002B66D1149B002B7CD000253A
:104550000CE0002BF8D052485EE05248129B2246F5
:10456000514928F037FF149B002B6AD0DFF84481B3
:10457000DFF84491149F2046102F159928BF10276B
:104580004FF0000BFFF71EFF5D4547DC139B4946CC
:1045900020461A78FFF704FF4FF0010B1BF0070FBE
:1045A00003D141462046FFF7FBFE5F453DD9139BF3
:1045B0004946204613F80B20FFF7F2FE0BF1010BE2
:1045C000BBF1100FEAD14FF0000A20463749FFF740
:1045D000E7FE5246DFF8E4B0139B20469A5CA2F156
:1045E00020015F2928BF2E225946FFF7D9FE0AF184
:1045F000010ABAF1100F1DD01AF0070F03D141467E
:104600002046FFF7CDFE57455246E5D841462046A5
:10461000FFF7C6FEEBE7234835469FE741462046B5
:10462000FFF7BEFE0BF1010BAEE720462049FFF776
:10463000B7FEC3E7139B3B441393149BDB1B1493FC
:1046400098D1002E7FF41EAF6268A168D2E90023E2
:10465000206829F0AAFA002263681A6007B0BDE852
:10466000F08F2046054A0649FFF79AFE0EE700BF85
:10467000E0390500E439050044190500DB3905007F
:104680008A3F0500093A0500489000204490002028
:10469000ED390500581905000D3A0500133A0500DB
:1046A000E3DB0300C7DB0300317C0100223A050095
:1046B0001E3A05008E900500183A05006D4605006B
:1046C00000210123064A904206D8064A01B9012377
:1046D0001360054B18607047012140085B00F2E74A
:1046E00040420F00449000204890002070B5104BCD
:1046F0000D461C68B4B10F4B196800238B4202DBD6
:104700006FF0010070BD224612F8106B864202D095
:1047100014460133F2E7E06835F010FA28B10020C2
:104720002C60EFE76FF00C00ECE76FF01200E9E7A8
:10473000901100206C19050010B5044615F058F9C9
:1047400003490246204629F07CFC002010BD00BF32
:104750005B3A050037B513460022054601920A214F
:10476000586801AA01F0BCFD019C4CB90A2120EA5D
:10477000E07080FB010135F02AFF204603B030BD18
:1047800022462846024929F078FC019CF5E700BF43
:10479000803A050008B5034A034929F052FC00207D
:1047A00008BD00BF6A3B0500713B0500F7B5174621
:1047B000002305460A2101AAB868019301F090FD83
:1047C0001749C6B2284629F04AFC019C44B122464A
:1047D0002846144929F051FC019C204603B0F0BD45
:1047E000042E09D9324628460F4929F046FC2846AE
:1047F00029F082FC0124F0E77868FFF73DFC021EF7
:1048000007DA28467A68094929F037FC6FF0150461
:10481000E3E733462146204612B229F006F9DCE7E9
:104820009C3B0500023C0500293C0500403C05007E
:10483000002307B50090694604488DF8043026F03F
:10484000E3F89DF8040003B05DF804FBF1DC03001D
:1048500010B5044615F0AEF807490246204629F087
:10486000F0FB2046054929F0ECFB2146044826F0E0
:10487000E5F8002010BD00BF983C0500B73C0500DE
:104880008548010070B58EB004460D46D0F89C6096
:1048900035F0CBFD034636F0BBFD214A21491058C7
:1048A000214A002B18BF1A460092204A2346844210
:1048B00018BF0A4628461E4929F0C3FBD4E90A233B
:1048C000CDE90023284694F90E30227B194929F0BE
:1048D000B8FB06A92022204625F05EFA636E024648
:1048E0001549284629F0ADFB204605A935F0BEFD47
:1048F000024628B12846114929F0A3FB0EB070BD2D
:104900006422059B2846F11A4A43B2FBF6F2009155
:10491000CDE901620A49324629F093FBEEE700BF78
:10492000100000008E900500C13C05008C8C050035
:10493000C43C0500D03C0500FC3C0500133D0500CF
:10494000403D0500F0B50025044691B0294608AF6A
:104950001C2209A836F043FA134E1A2220213846A9
:1049600036F03DFA2146114826F068F807AA4FF4C0
:104970000061304635F06EFD6423079A2046C2F58B
:1049800000614B43DB0A05934FF400630097CDE9C8
:104990000313CDE9013206492B46324629F051FB7B
:1049A000284611B0F0BD00BF78BF0420B549010012
:1049B0008C3D050070B504460D46D0F89C6088B06B
:1049C00007A935F053FD024628B128460E4929F0C3
:1049D00038FB08B070BD204635F027FD6422079BE8
:1049E0000096F11A4A43B2FBF6F2CDE90131074BCA
:1049F000CDE90362002818BF034622462846044931
:104A000029F01FFBE5E700BF133D0500C13C050091
:104A1000D53D050038B513460546102200215868DB
:104A200026F0BAFE0446FFF703FF38B922462846AF
:104A30000D4929F022FB6FF0150038BD36F0E8FC77
:104A40000A4B1B589C4204D12846094929F015FB02
:104A5000F1E7204625F056FB28462246054929F075
:104A6000F0FA0020E9E700BF393E05001000000021
:104A7000543E05007C3E050038B51346054610221D
:104A80000021586826F088FE0446FFF7D1FE38B9A9
:104A9000224628460D4929F0F0FA6FF0150038BD7E
:104AA00036F0B6FC0A4B1B589C4204D128460949F3
:104AB00029F0E3FAF1E7204625F02AFC28462246B1
:104AC000054929F0BEFA0020E9E700BF393E05009C
:104AD00010000000B33E0500D93E050038B513466E
:104AE000054610220021586826F056FE0446FFF7BE
:104AF0009FFE38B9224628460D4929F0BEFA6FF0CC
:104B0000150038BD36F084FC0A4B1B589C4204D17A
:104B10002846094929F0B1FAF1E7204602F020FFC2
:104B200028462246054929F08CFA0020E9E700BF13
:104B3000393E0500100000000D3F0500323F050022
:104B40002DE9F04F87B00446684624F09BF92423F2
:104B5000009F082103FB0077264A204629F064FACB
:104B6000DFF8ACA0009DDFF8ACB0BD4203D300205D
:104B700007B0BDE8F08F2B680BB11A7832B92B461D
:104B800014211D4A01A826F083FB01AB52460821DF
:104B9000204629F049FA284634F0D0FF174B082167
:104BA000002808BF5B46164A204629F03DFA2B6ACA
:104BB000A3B11E6896B1336883B108212046114A1B
:104BC00029F032FAB1464FF0000833680E4A4345E7
:104BD00006D8082120460D4A29F026FA2435C4E7D4
:104BE0000821204659F8043F29F01EFA08F101086F
:104BF000EBE700BF793F0500833F05006A3F0500F2
:104C0000CC4605008D3F0500893F0500398E050023
:104C1000883F0500703F05001FB50C68D1E90432DC
:104C200003944C68013302948C6802F26C72019414
:104C3000C9680091024929F004FA04B010BD00BF10
:104C4000C73F0500F7B5137806463A2B0F461546C1
:104C500014D1541C23783A2B28D101340A2220463F
:104C600001A926F023FD019A0346A242386017D01D
:104C70001078A8B93C2B15D915490EE00A22284610
:104C800001A926F013FD019CB860AC4208D023783E
:104C90003A2B05D1172807D90E49304629F0EDF9EE
:104CA0006FF0150003B0F0BD0134D3E70A222046AF
:104CB00001A926F0FBFC019B7860A342F0D01A7892
:104CC0003A2AEDD13B2801D90349E6E75C1CC5E748
:104CD00006400500E83F0500F63F05002DE9F041DC
:104CE0000D4690B002A904460120174603F03AFA97
:104CF00007A902A826F0F0F9032D55D17D680A22F4
:104D0000284601A926F0D2FC019E8046B54215D066
:104D100032782D2A12D101360A22304601A926F016
:104D2000C5FC019B9E4209D01A782D2A06D1451E4A
:104D30000B2D0CD92849204629F09FF9204629F04F
:104D4000DBF96FF01505284610B0BDE8F0815E1C58
:104D50000A22304601A926F0A9FC019B9E42EDD013
:104D60001B78002BEAD1431E1E2B01D91B49E2E719
:104D7000A8F26C73CDE90B53BA680A90204607A9D4
:104D8000FFF760FF0028D9D107A8FEF787FFB1F130
:104D9000FF3F08BFB0F1FF3FCDE9020108D1204637
:104DA0000F4929F06AF9CCE7022DC7D17A68E5E707
:104DB0000023012002A90493FCF742FB054628B119
:104DC00002460849204629F058F9BAE7204607A9C3
:104DD000FFF722FFB7E700BF16400500254005009A
:104DE000324005005B4005002DE9F041144688463D
:104DF000074610220021606826F0CEFCB8F1020FB1
:104E0000064607D8202308213846244A29F00CF901
:104E1000336816E00A220021A06826F0BDFCC5B266
:104E20002B46082138461D4A29F0FEF8B8F1030F39
:104E30001AD1102D0CD0202DEAD0082D0BD13378AB
:104E4000DBB208213846164A29F0EEF8002009E0C6
:104E500033889BB2F5E738460821124A29F0E4F876
:104E60006FF01500BDE8F08110220021E06826F007
:104E700093FC0821034604460B4A384629F0D4F82F
:104E8000102D06D0202D07D0082DE4D1E4B23470C7
:104E9000DCE7A4B23480D9E73460D7E79740050057
:104EA000C2400500AC400500D340050000232DE9B9
:104EB000F04F91464FF0FF35012287B00193504BE0
:104EC000074688461A60202602F08CFF2C46DFF841
:104ED0004CA149465246404602F0A8FF411C06D16B
:104EE0006A1C41D14749384629F0C7F817E07328B2
:104EF0001AD0772828D0612811D1DFF824B11021E9
:104F0000DBF8000001AA01F0EBF9019B0546002B3C
:104F1000DFD0DBF800203C49384629F0AEF86FF0CE
:104F2000150007B0BDE8F08FDFF8F4B00021DBF822
:104F3000000001AA01F0D4F9019B0446002BC8D05F
:104F4000DBF800203149E7E7DFF8D4B00021DBF8D7
:104F5000000001AA01F0C4F9019B0646002BB8D05D
:104F6000DBF800202A49D7E7631C01D12949BAE7B9
:104F70005FFA86F8C6F3C406002C3FD002AB294680
:104F80001A46A6EB050C0CE0B8F1100F1DD0B8F1D5
:104F9000200F20D0B8F1080F2AD1087818703144BA
:104FA0003344A64203D80CEB01001028ECD9102C96
:104FB000A14628BF4FF0100929464B46384601F05C
:104FC0005FF81035A4EB0904D6E7088880B21870A2
:104FD000000A5870E3E708684FEA102E187083F84B
:104FE00001E04FEA104E000E83F802E0D870D6E7D9
:104FF00008213846084A29F017F890E7204690E73C
:105000000412002028410500E7400500FA40050091
:105010000D41050045410500AC400500214105005A
:10502000B0A2002070B50F4E04460D46337871B122
:1050300023B10D49BDE8704029F01FB8012333703A
:1050400020460A4928F0FDFF0123337004E083F075
:1050500001033370002BF3D129462046BDE8704090
:1050600029F06AB803D800205F4105009A41050085
:1050700070B504463B480378182B02D10B78112BEE
:1050800031D00B46013A8D18AB4225D18B5C0A78A2
:105090000370A2F13003092B334C04D922F0200312
:1050A000413B052B04D823683049CA54013323609F
:1050B0002368022B33D1102200212C4826F06CFBF0
:1050C0002B4A136803F8010B13602A4A1368013353
:1050D00013600023236022E013F8016B182ED3D154
:1050E0001E78112ED0D1234D20462A68224928F05F
:1050F000A8FF20460021FFF795FF204B187870B9D4
:105100001F4A2B681168042B0ADC08B111602B6060
:1051100013F003010BD1126813681BBA136070BD42
:105120000868043B00BA41F8040B0120EBE75B423E
:1051300003F0030358BF5942022904D112681388AF
:105140005BBA9BB2EAE70329E9D11068026811044F
:10515000C2F3074301F47F010B4302F47F42134380
:105160000360DCE704D800204C90002006D8002023
:105170005890002050900020C441050005D8002020
:10518000549000202DE9F84F0023064615460C46A2
:105190002949DFF8BC800B602849DFF8B890DFF8B8
:1051A000B8B088F800300B60012C2F4655F804AFDA
:1051B0001ED902224946504635F0CCFE80B99AF8F5
:1051C0000220003A18BF01229244504602221C4994
:1051D00035F0C0FE30B9012388F80030013CE3E728
:1051E0000022F1E749465046FBF738FFA8B90437DB
:1051F00000227868114626F0CFFA0022114B1146A2
:105200001860786826F0C8FA0F4B104918603046CD
:10521000FFF708FF0020BDE8F88F9AF800202D2A3C
:10522000E6D19AF80120002AE2D05246594630468B
:1052300028F007FFD2E700BF4C90002050900020DC
:10524000DE4105005890002054900020715001006C
:1052500005D8002042950500E14105007FB50BAB64
:1052600005930393054B0222029300231846CDE9D0
:105270000033FEF7B9FF07B05DF804FB43430500B8
:1052800007B50A4834F05AFC60B10423084A009379
:10529000126801230549074800F058FF002003B0B9
:1052A0005DF804FB6FF01200F9E700BFE8B90400F5
:1052B000AC1A050034CC040010B54468C4E90012EF
:1052C000A36042684021134653F8404B5163536238
:1052D000002302F13801C2E904130821C2E90A33AC
:1052E000C2E9063313631162C2F8B830A36823B170
:1052F0009B6C13B1204604499847A3689B6A0BB185
:1053000020469847002010BD0D5301002DE9F047BD
:1053100005460C4686B083685B6C03B19847AB6862
:105320005B6B73BB4FF0000A04F1240804F12809F9
:10533000218E238D626B5B1A9BB2D31A934228BFD6
:1053400013464946404605AA28F07EFA064600283C
:1053500044D0AB6805999B69002B33D002462846A0
:105360009847074688B33A464946404628F0A2FA8D
:10537000B7424FF0010ADBD00020D4E90131984751
:1053800003E0284698470028CCD1AB685B6A002B25
:105390003BD1628BE38A04F110079B1A226A9BB20D
:1053A000934204F11A0828BF13464146384605AA1D
:1053B00028F04AFA064678BB284628F0C1FCC4F813
:1053C000B86035E06FF05707CDE7024649464046E2
:1053D00028F070FABAF1000FD7D0CDE718490B6862
:1053E00013F0060F07D0174B0222CDE901030090FE
:1053F0000346FFF733FFAB689B69002BEAD001221D
:1054000028460DF113019847E4E7284698470028FD
:10541000BFD106B0BDE8F087AB6805995B6963B1A1
:1054200002462846984702464146384628F042FA46
:10543000D4E9013101209847EBE76FF05702F3E719
:10544000581F00204343050010B5044681681831F9
:1054500001F0B4F9A1682046BDE81040014A1831B6
:1054600001F052B98543050038B58368044603F559
:1054700080539B6FDB071FD4C06929F046FB60682F
:1054800003685B689847054620B9E06829F08DFC01
:10549000A3681D75A3685B6C13B129462046984725
:1054A000002235F0B5FFA36803F58053C3F820212F
:1054B000034B185802F054FA6FF00F05EAE700BFEB
:1054C00010000000014928F0B7BC00BF398E05006C
:1054D000F7B5044680680D4600F580539B6F5A0768
:1054E00005D5002128F0ECFCE06829F030FCE368E9
:1054F000DB6873B9002D3CD0A66806F15607384624
:1055000028F0A7FC002836D0394606F65600FBF7EF
:10551000AFFDA2682946E0680DF10603563229F076
:1055200019FC58B9A06800F656015630FBF7A0FDEB
:10553000A068563028F08DFCADF80600204629F012
:10554000EEF8A36803F580535B6F9B0603D50B4908
:10555000606928F071FC204600F02AFFA268BDF8BF
:1055600006302046A2F85230A268A2F8503029F046
:105570003BF803B0F0BD86F85608CAE704130500EF
:105580002DE9F04FA7B004465422002111A835F0B0
:1055900026FC0023CDE90533A36820465633029349
:1055A00029F0C4F8204629F007F810B96069FFF720
:1055B00089FF00264FF0FF37B246B3463546B14665
:1055C000A06814220021183035F009FC204628F08C
:1055D00099FFA168E068B1F85020563129F0F1FB3D
:1055E000204629F080FC0DF144080396DDE90532E0
:1055F000012A6DD0132B6ED85FBBBBF1000F0AD010
:10560000204629F091FC1423A26811A956320DEB13
:10561000030028F0F7FDB9F1000F0CD099F8113014
:10562000FE2B08D1059B26AA02EB830252F8542CCC
:105630000AB101330593A068059D436A002B40F031
:10564000B680CEB1C3699E422DD00D9600F11805EB
:1056500024E002234146029A06A828F0D3FDD8F898
:10566000042006990346029231B101290AD148B1BA
:105670006D4A204629F009F96FF00705284627B042
:10568000BDE8F08F059B002B34D0D8F8000001F066
:10569000B5F898B166B1A5680D9618350CAE0FCE69
:1056A0000FC533682B602046FFF7CEFE0125E5E7E6
:1056B0005E4A0121204629F0E8F8DDE7059BCBB1E1
:1056C00029462046D8F8002001F042FA022809D1E4
:1056D000059B132B91D9069B022B8ED10121544B94
:1056E000544AC6E7032805D0059B4FF0010B013350
:1056F00005937BE7039B33B94846D8F8001007AA07
:1057000028F077FE054608F10408013F9DB3EB68D9
:10571000BBF1000F08D0F3B1204629F007F820466E
:1057200028F062FF444AC4E7ABB1AE46A368DDF897
:1057300014A003F1180CBEE80F00ACE80F00DEF86F
:105740000030CCF80030AB682BB96B7CFE2B04BF6B
:105750002F7C07F1FF37D5F804C0BCF1000F08D04B
:10576000AE460CAEBEE80F000FC6DEF80030336068
:105770006646A94603E0059B53B101230393069BAC
:1057800017B9022B7FF432AF059B013305932DE748
:10579000A368DB6A13B1DB68002BEED1274B012134
:1057A00000932046119B264A29F06FF8E5E790F810
:1057B0002830A5EB0A05BBB14FF6FF7290F829100F
:1057C000FF2918BF0A469D4202D313449D420BD9BC
:1057D0008369012120461B4A29F057F82046FFF72C
:1057E00033FE6FF0150549E741F20C16012128F050
:1057F0005BFBA068304428F07EFBA36811AA294611
:1058000002EB8A0220465B6A98470546A0684FF083
:10581000FF324FF0FF33304428F00CFB0021A0682A
:1058200028F042FB2AE700BF93430500A743050089
:10583000084405005B3C0500C5430500F443050032
:10584000F94605002C440500022210B58368044681
:105850001A7583689B6CCBB928F0CBFA836803F583
:1058600080539B6FDB040CD50321094B094A29F0B7
:105870000CF8A0686FF4805100F58350183028F0C0
:10588000CEFA2046BDE8104000F020BF10BD00BF9A
:10589000474405008A3F05002DE9F04F0446806823
:1058A000012100F58350B1B0183028F0ADFAA3689B
:1058B0001B7D022B20D100230993A36860689E6C96
:1058C00003681D6909AB16B310221BA9A847099BE1
:1058D00093B10121A06828F0E7FA2046099A1BA994
:1058E000B0470021A06828F0DFFAA3689B6C002B6A
:1058F000E3D12046FFF7A8FF6FF00101A06800F593
:105900008350183031B0BDE8F04F28F088BA01223A
:105910000DF12301A847099B002BEDD09DF9232011
:105920009DF82330002AA068C7DB427D032A00F2DD
:105930000283DFE812F004007E02960200030D2BC2
:1059400000F5805266D00A2B44D0B2F87810092BAB
:105950006FF3CA01A2F8781071D02AD8002B00F09A
:105960000681082BA06800F0EC81024602F5805009
:10597000426F920740F1FB80013B162B00F2F7804B
:10598000DFE813F0C002FF010302FB01BA021502B7
:10599000F500F500F500F50019021D02F5003202D0
:1059A000F5003702F500F500F500F5003902F500C5
:1059B0004F021B2BA0683FD07F2B00F0CF81A3F1BB
:1059C00020015E290246D1D8012128F079FA9DF8FC
:1059D0002310BAE0916FC1F3C70121B1916FC1F3F8
:1059E000C7010A29C1D1B2F8781063F3CA01A2F83D
:1059F0007810A568B5F85010B1B9284628F060FABB
:105A0000E06829F0A4F96069FFF75CFD2046FFF724
:105A10001BFF52E7916FC1F3C7010029E3D0916FDB
:105A2000C1F3C7010D29DDE72046FFF7A9FD05F504
:105A30008055C5F82401E9E70123437597E0A06884
:105A400000F580535B6F9B0740F19180012128F0A6
:105A500037FA40F2FF73A068B0F850209A4200F085
:105A600086800025B0F8522000F1560100F656005D
:105A700035F08EF9A3681BA9B3F852200BA8134484
:105A800083F85658A268142302F6560228F0BAFB8F
:105A90000B9914296BD830AB03EB810343F8545CAA
:105AA000A368B3F85220002A53D0134493F855301A
:105AB000202B02D0093B042B4BD800294CD10025C8
:105AC0000A950A9B30AA02EB830353F854AC0026D4
:105AD000504628F0BEF9B3468146B04637463946AF
:105AE000284616AA00F0C2FB0346002843D1012E27
:105AF00069D10A9B30AA02EB830353F8540C28F0B7
:105B0000A8F9A268064641462846183200F0AEFBC6
:105B10000568284628F09DF9864205D0821B92B27E
:105B20002046A91928F0FAFEA068B0F852300344C4
:105B300093F85630202B35D0093B042B32D900F591
:105B400080535B6FDF0732D42021204600F084FDB4
:105B50000DE00129B3D9013900200CAB009301906D
:105B60000AAB1BAA28F070FC05460028A9D1606981
:105B700028F0E8FAA1E61B684A4651461846039306
:105B800035F0E8F960B9039B1846FBF779FA5845F8
:105B900038BF5846002E08BFB8461FFA80FB0136B2
:105BA00001379CE70121204628F052FDDFE7002164
:105BB00028F091F92021204600F04EFD0121A06837
:105BC00028F089F9D3E70490D1D90A9A30AB03EBD6
:105BD000820252F8543CC1461846039328F039F922
:105BE000049BA2680590A2F840300496A26849463A
:105BF0002846183200F03AFB039BD0F800A009F1C8
:105C000001094BB1BAF1000F06D019465046059A6A
:105C100035F0A0F90028E9D1A168BAF1000F4ED102
:105C2000A1F840A0049B013B0493DFD16069FFF71A
:105C300049FC204600F04AFD0A9B30AA02EB830390
:105C400053F8540C28F005F9414611AA814628461C
:105C500000F00CFB0746A068396840F2FF7200F6BE
:105C6000560035F089F93B684FF6FF7708F1010AD5
:105C7000B84603935146284616AA0AF1010B00F0D4
:105C8000F5FA002851D00022A168036801F65501F9
:105C900011F801EF985C704503D110B10132424513
:105CA000F6D1B9F1000F01D04A4506DBBA42A8BFD0
:105CB0003A46013E012E97B237D0DA46DAE79F48DE
:105CC000069128F0C6F8069900EB0B074A8FBFB281
:105CD000121A92FBF7F2504692B20791069228F000
:105CE000B8F807993F1AB1F84000069A00F1010C84
:105CF000A1F840C0B0FBF2F102FB110080B2BFB2CC
:105D000060B9062120468D4B8D4ACDF800A028F0C1
:105D1000BCFD3946204600F035FB83E7534606219B
:105D20002046884A28F0B1FDF3E7002F3FF41FAF6B
:105D30000399A7EB0902204692B2494428F0EEFDF0
:105D400015E700F580535B6F9E077FF510AF0121CB
:105D500028F0B6F8204628F002FE08E700F5805348
:105D60005B6F9D077FF503AF012128F0A9F8A368B9
:105D700003F580535B6F1907ECD4204628F0D0FD63
:105D8000F5E6204628F0DBFCF1E6204628F0CEFCC4
:105D9000204628F011FC10B96069FFF793FBA0685A
:105DA000012128F08DF82046FFF74EFDDFE6204662
:105DB00028F0CEFCDBE6204628F0D5FCD7E6436F82
:105DC0009F0603D56049606928F036F8A36803F59B
:105DD00080535B6F9E0603D55C49606928F02CF800
:105DE000204600F073FCC2E600212046FFF770FB5E
:105DF000BDE60121F9E7204628F091FC204627F076
:105E0000F8FF0121A06828F05BF8A36803F5805330
:105E10005B6F9D067FF5ABAE4D49606928F00CF8CD
:105E2000A5E6204600F042FB0121A06828F048F8D2
:105E30009DE65B2B01D10223FFE500F58050426F08
:105E4000900706D5622B08D14FF0FF31204628F08D
:105E500028FC0022A3685A7589E6662BF9D1012136
:105E6000F4E700224275A26802F58051496F890764
:105E70007FF523AD313B1B2B3FF679AE01A151F8E5
:105E800023F000BF015F01000D5F0100235F0100EF
:105E9000F55E01006F5B01006F5B01006F5B01004D
:105EA0006F5B01006F5B01006F5B01006F5B0100C6
:105EB0006F5B01006F5B01006F5B01006F5B0100B6
:105EC0006F5B0100F35D0100E95D0100AF5D010062
:105ED000835D01006F5B0100F95E01006F5B0100F3
:105EE000055F01006F5B01006F5B01006F5B0100EC
:105EF000115F010003235375204628F017FC36E696
:105F000003235375204628F00AFC30E6032353751B
:105F1000A06800F58053596F01F0010181F0010183
:105F20004EE603235375A36803F580535B6F9B070D
:105F30007FF51DAE21E700237FE500BF1F3A050076
:105F40008B4405008A3F0500091305000E13050068
:105F5000041305002DE9F84304468068154600F552
:105F600083501830002938D04FF4804127F04CFF7F
:105F7000A3680021DD64606803689B689847002877
:105F800052D1204627F0D0FF00284DD1274E284F70
:105F9000DFF8A480A06800F585501C304FF0FF3278
:105FA0004FF0FF33032124F0B9FF054641F20C19ED
:105FB000A068BDB14FF4FA720023484427F03AFFBD
:105FC00090BB20462B4601211A4A28F05EFCA068AF
:105FD0004844BDE8F84327F08EBF6FF4804127F0B6
:105FE0001EFFC5E74FF0FF334FF0FF32484427F064
:105FF00021FF32460221204627F07FFF3A462946FC
:10600000204627F07AFF20464246012127F075FFFF
:10601000606803685B6903B19847A06800F5885021
:106020000C3027F068FFB5E7BDE8F883695401003C
:1060300099580100914405005FDE030010B5044645
:106040000A4927F0FEFF2046094927F0FAFF2046BB
:10605000084927F0F6FF2046074927F0F2FF2046BF
:106060000021064A00F050FB002010BDA8440500A6
:10607000E644050045450500994505003346050001
:10608000F8B51E4617460A462949044627F0D9FFA7
:106090003EB320463A78274927F0D3FF01256A0707
:1060A00003D12046244927F0CCFFAE421ED920461A
:1060B0007A5D204927F0C5FF0135102DEFD120462C
:1060C0001E4927F0BEFFB6B920461B4927F0B9FF8D
:1060D0000125AE422B4610D82046174927F0B1FFC4
:1060E00015E02046164927F0ACFF0125204614494B
:1060F00027F0A7FFE0E700252B46FA5C2046A2F137
:1061000020035F2B28BF2E220E4927F09AFF01356E
:10611000102D06D06B07DCD12046074927F091FFF0
:10612000D7E72046BDE8F840074927F08ABF00BFFF
:1061300049460500183A05008E900500223A0500F0
:106140001E3A05006D460500DD7805002DE9F04793
:1061500004468068984600F580538946D3F820119C
:10616000154688B0002965D141F2281234F037FE77
:10617000E06828F09EFEA06800F588500C3041F2DF
:10618000BC0733F0E4FE41F27C06BA46A068304416
:1061900034F0C0FDA0680022831901213844103674
:1061A00034F08AFD564507F11407EFD10026A369A4
:1061B00002211E60A06866F3820500F58350183046
:1061C00027F022FE5022A36820465A871822A3688F
:1061D0001A87216827F05FFFA368494603F58053BB
:1061E0005D676068154A03681D682346A847054631
:1061F000E0B90122A3681A75D4E90A01002200233C
:10620000CDE906230E230393109B4FF40042CDE902
:10621000018304950A4B009423F06AFEA36803F5FA
:106220008053C3F82001616A23F0A6FD284608B018
:10623000BDE8F0876FF07705F8E700BF91DE030057
:10624000555F010010B5044613460A46014606484C
:1062500001F0EEFC23691B7923B12046BDE8104014
:1062600027F070BF10BD00BF5DE1030038B50B46DD
:10627000154648B91449154A521AB3EB920F05D284
:1062800051F82350284638BD84680CB90025F9E739
:106290000F4A94420AD30F4A944207D2184629461D
:1062A000226890472B68002BECD1EFE70A4A944212
:1062B00002D30A4A944205D3246814225343E518B2
:1062C000E358F0E70133F8E764CC040098CC04000D
:1062D000B0CD0400B8CD040098CC0400B0CD0400CB
:1062E000F7B5037804462D2B164605D16FF015033C
:1062F0000020336003B0F0BD35F08AF80023054676
:106300000A4F0A46C35101A9204625F045FAEB5928
:10631000222B02D16FF02103EAE7002BE6D1019B8B
:10632000A342E3D01B78002BE4D0DFE71400000089
:10633000836803F580535B6F9B0603D50249406970
:1063400028F01BB9704700BF14130500014928F05D
:1063500014B900BF398E05000A1E0EDC0FD042238F
:10636000816801F58051496F890608D5002A0449E2
:106370004069B8BF524228F000B94123F0E77047A6
:10638000694605000A1E0EDC0FD04423816801F522
:106390008051496F890608D5002A04494069B8BF71
:1063A000524228F0EAB84323F0E7704769460500F7
:1063B0002DE9F0478568044605F15600FAF760FEBE
:1063C0000023984695F83C70DFF8589086B2A26892
:1063D000558FED1BB54209DB002E1FDD563360697A
:1063E0000F491A44BDE8F04728F0C7B81D442A44B5
:1063F00092F856A082F85680A26856331A4449464D
:10640000606928F0BAF8A3682B4483F856A0A36803
:106410005B8FDB1BF61A00272B46D8E7BDE8F08719
:106420008A3F05005B3C050008290A4618D88368A6
:1064300093F83E10914213D083F83E208368082AD7
:1064400003F580535B6F05D0990609D5054940696E
:1064500028F093B89B0603D50349406928F08DB80E
:10646000704700BF704605001913050038B50D468A
:1064700009780446FFF7D8FF6A78072A12D8A3687C
:1064800093F83F1091420DD083F83F20A36803F5A5
:1064900080535B6F9B0605D560690349BDE83840B2
:1064A00028F06BB838BD00BF79460500F8B58368A1
:1064B0000446B3F85020002A57D0B3F852100029F0
:1064C00053D0553103F156050B441846A84206D364
:1064D000014611F80169202E3ED0A8423ED286B274
:1064E0009DB2AB1B9BB2591C471CD21A01443846C3
:1064F00034F05BFCA268711BB2F85030204613FAEE
:1065000081F3A2F85030A36809B2B3F850201344C5
:10651000002283F8562028F09BF8A36803F58053E7
:106520005B6F9A0603D51149606928F026F83B464F
:10653000082120460E4A28F0A8F92046FFF7F8FE69
:10654000A36803F580535B6F9B060ED5606909490C
:10655000BDE8F84028F011B80846B7E7014611F841
:106560000169202EBBD00846B7E7F8BD1E13050011
:106570008A3F0500221305002DE9F84F04460F4617
:1065800090460AB1FFF7D4FEA66806F580535B6F0C
:10659000B6F852505B0724D505F156003044FAF79F
:1065A0006FFD0546294EB5B9A368B3F85020A3F88E
:1065B0005220A06827F0EEFF30B1B8F1000F00D0F4
:1065C00017B16069FFF7C2FE79422046BDE8F84F77
:1065D00009B228F03DB83146606927F0CEFF013D91
:1065E000E1E73046FAF74CFDB6F85090738F19FA90
:1065F00080F915FA80F0B0FBF3F2B9FBF3F39A429D
:10660000AA461BD0124D4845A368CDDA5A8F461CC6
:10661000B0FBF2F302FB130313B96069FFF796FEB8
:10662000A368204653442A46082193F856300AF1BD
:10663000010B28F02AF9DA463046E4E756350821FE
:106640002046044A731928F020F9ADE78C8C050028
:106650006D4605008A3F050013B583688DF8071065
:1066600003F58052526F0446D00725D5B3F8521077
:10667000B3F850208A421FD0481C9DF80720A3F889
:1066800052000B4483F85620A36803F58053596FDA
:1066900089070FD55B6F606913F0040F18BF2A22BA
:1066A000094927F06AFF204627F086FF10B160698C
:1066B000FFF74CFE02B010BD012220460DF107018C
:1066C00028F0F0F8F6E700BF6D46050010B5044667
:1066D00083680221084A28F0D8F8A36803F580539C
:1066E0005B6F9B0707D52046FFF762FE2046BDE89B
:1066F000104027F088BF10BD8A3F0500014928F0EF
:106700000DBA00BF398E05002DE9F04F0E4600216D
:10671000044617460D4689B0304603AA01F1010828
:10672000FFF7A4FDB0B995B127B13A46082120463C
:1067300028F0ABF800211E4FDFF87890DFF878A042
:10674000304603AA01F10108FFF790FD60B909B0D6
:10675000BDE8F08F006810B1FAF792FC80B2854274
:1067600038BF05464146D7E703688BB11A787AB13E
:10677000D0F804B04A46CDE9005308213B462046F4
:1067800028F083F8BBF1000F04D16069FFF7B6FF72
:106790004146D5E7524620463B46082128F075F889
:1067A000AA1D5946204692B228F0C5F9F0E700BF6D
:1067B0009746050082460500133A0500F7B50F68B5
:1067C00005460E46A7B13846FAF75AFC84B2094B83
:1067D0002846009308213B46074A28F056F82846E9
:1067E000E21C716892B203B0BDE8F04028F0A3B992
:1067F0003C46ECE7934605008C44050010B507497C
:106800000446FAF72BFC38B120460549FAF726FC76
:10681000B0FA80F0400910BD0120FCE78946050070
:106820008C46050010B58368044603F580535B6F02
:106830009B0603D50549406928F0F4F95022A36866
:1068400000205A871822A3681A8710BD2613050056
:1068500008B5836902491A6827F0F3FB002008BDD8
:106860009A4605002DE9F3410D49054627F0E9FB5D
:1068700000220C4C0C4EDFF83480B44202F10107C8
:1068800003D3002002B0BDE8F081636A92B20093A6
:10689000A3684146284627F0D4FB30343A46ECE75B
:1068A000AA46050034CC040064CC0400C2460500AE
:1068B00008B5024927F0EFFB002008BDAD8C0500AC
:1068C00073B5044600250D4EA2680DF106030121A3
:1068D000E06802F6560228F03DFABDF80600A3680B
:1068E00040B12A463146204603F6560327F0A9FB5D
:1068F0000135E9E783F8560802B070BDD3460500BC
:1069000010B5044627F00EFC03490246204627F046
:1069100098FB002010BD00BFDA410500022907B531
:106920000BD153680C49009312680C4B27F0A5FB60
:106930006FF0150003B05DF804FB8368084A03F5A7
:1069400080535B6F074913F0020F074B18BF1A46BD
:1069500027F077FB0020EDE7F6460500E14605004D
:10696000DD460500FF4605003C78050010B583684C
:10697000044603F580535B6F9A0603D507494069C7
:1069800028F050F9A36803F580535B6F9B0603D58D
:106990000349606928F046F9002010BD2D13050059
:1069A00032130500F0B50129044685B00AD05368BA
:1069B000614900931268614B27F05FFB6FF015008F
:1069C00005B0F0BD836803F580535B6F990603D56E
:1069D0005B49406928F026F900256FF0F90120464F
:1069E000FFF7BAFCFA212046FFF7CCFCA0684FF471
:1069F0000062294600F656008DF80B5034F0EFF98E
:106A00005049606928F00EF9606927F09BFB4FF44C
:106A10007A766068012203680DF10B011F6903ABF0
:106A2000B847039BF3B9013E4FF47A70B6B233F026
:106A300076F8002EEDD1A36803F580535B6F9B06BB
:106A400003D54149606928F0EDF85022A36820463B
:106A50005A871822A3683D491A8727F000FB6FF078
:106A60000700ADE79DF80B20A3681B2A56D093F8CA
:106A700056181B29CDD1522A50D15A19002382F819
:106A80005638A66896F857285B2A2ED1022506F6B6
:106A9000570010F8011F2A463B2905F10105ADB248
:106AA00026D140F2FF718A42C5D002F6560216FA8C
:106AB00082F1002211F8010F20BBFA2A28BFFA2226
:106AC000FA2B28BFFA2386F85608A1684A87A268DD
:106AD0001387A36803F580535B6F9A0603D51A49A1
:106AE000606928F09FF800206AE786F85638A2E728
:106AF00003EB8303303901EB4301B5F5006F8BB233
:106B0000C7D198E7013502EB8202ADB2303800EB15
:106B10004200B5F5006F82B2CCD18CE72B44013531
:106B2000ADB2092D83F856287FF673AF0022A36813
:106B300083F856287FE700BFF6460500E1460500CA
:106B4000381305004A4705003C13050010470500AF
:106B50002DE9F04F07461546894689B021B1104608
:106B600028F0ADF900285CD1032456E05C463CE0F7
:106B700029460AF6560034F031FA0646002855D068
:106B8000FAF77EFA82B2601C31460132304434F0AA
:106B90000CF922465946304634F0FAF84FF02003FB
:106BA0003355BAF8543008F1010801331C44AAF8EF
:106BB0005440002401994B1C484603AA0193FFF757
:106BC00055FB0646F0B100222846316828F0E3FB69
:106BD0000028EFD1D6F800B0D7F808A0BBF1000F1D
:106BE000C4D05846FAF74CFA84B2BAF85430234469
:106BF000B3F5006FBCDB2B46032138460C4A27F067
:106C000044FE0124B8F1000F07D0B8682A4600F10D
:106C1000540100F6560027F0C5FB204609B0BDE838
:106C2000F08F4FF0000802244146C4E70224E9E750
:106C3000004C05002DE9F047D0F808901D46A4B09F
:106C4000D9F80C3080460F46164698470368802BCB
:106C500011D924490B685C0708D0234B0293002309
:106C600001221846CDE9003328F06EF96FF01500C7
:106C700024B0BDE8F087002E05DA1A490B685807E2
:106C8000F4D01A4BEAE746EA05045A1E14400ED027
:106C900014490A685207E9D00393154B0122029365
:106CA00000231846CDE9003328F04EF9DEE78022B4
:106CB000394604A834F093F82046AC42D8D2A5EB6C
:106CC000040ABAF1800F28BF4FF0800A40465346AD
:106CD000D9F8047004AA3119B8470028C8DB544415
:106CE000EBE700BFE81E0020524C0500784C050081
:106CF000954C05002DE9F04F80460C468DB00029DB
:106D00007DD04C4E3368580732D000258B68012265
:106D100005934B68284604930B6831460393464B12
:106D2000CDE9005502932B4628F0AAF9336859079C
:106D30001ED0636901220593236931460493E368F9
:106D4000284603933D4B0095CDE901532B4628F08F
:106D500097F933685A070BD0E36901220393384B44
:106D60003146CDE9015328462B46009528F088F995
:106D700000252746A946DFF8D8A0DFF8B8B0336869
:106D80005B0718D0FB6A01220A93EB1C0993BB6ACC
:106D900059460893AB1C07937B6A06936B1C0593BB
:106DA0003B6ACDE9019ACDE903530023CDF8009069
:106DB000184628F065F90435102D07F11007DED1CB
:106DC000336858071BD00025236E1A4903931D4BC7
:106DD0000122029328462B46CDE9005528F050F9B0
:106DE000336859070BD0A36901220393164B284639
:106DF000CDE901530F492B46009528F041F9B8F130
:106E0000010F10D1EFF305830A490A6852070AD02F
:106E1000103B03930D4B4246029300231846CDE9E5
:106E2000003328F02DF9214640460DB0BDE8F04F63
:106E300022F09EB8181F0020CD4C0500FC4C050028
:106E40002B4D05007D4D05008C4D0500BA4D05000C
:106E50003A4D050030BFFFF7FDBF00BF2DE9F041FF
:106E600005460B4EDFF83080324606EB0807CC1B98
:106E70002046084933F08CFFA01942460021083C07
:106E800033F0ADFFC5F8A84007F10800BDE8F08178
:106E900008000000B8CD0400080000002DE9F04F04
:106EA0009B4653688FB006934B699146DBF81C20D4
:106EB00082468846079329F08AF90AAB04464A4677
:106EC00041465046D9F8005029F0D6F90AAB07469A
:106ED00080B1B8490B685E0708D0B74B0122029316
:106EE00000231846CDE9003328F0E5F838460FB006
:106EF000BDE8F08F9DF8342002F00F02032A01BF95
:106F00002820BDF83620D8F8B410424307BFD8F87F
:106F100030608A58D8F82C600A9A009316444B4681
:106F200041465046CDE9016B09AA05F077FB0746BB
:106F300070B1A0490B685D07D8D0A04B0122029325
:106F4000002303961846CDE9003328F0B4F8CDE7C6
:106F50009DF818006219322800F2778101A353F8D6
:106F600020F000BFED6E01003970010031700100AA
:106F7000BB7001004B7201004B7201004B720100AB
:106F80004B7201004B7201004B720100FF70010057
:106F90004B7201004B7201004B7201004B720100F9
:106FA0004B7201004B7201004B7201004B720100E9
:106FB0004B7201004B7201004772010047720100E1
:106FC0003D7201004B7201004B7201004B720100D7
:106FD0004B7201003970010039700100FF7001002F
:106FE0004B7201004B7201004B7201004B720100A9
:106FF0004B7201004B7201004B72010031700100B5
:107000004B720100657001004B7201007770010046
:10701000C3700100C3700100C3700100C3700100A0
:10702000D1710100D1710100D1710100D171010054
:107030006359099A13441CE06FF07C4EDDF824C0BC
:107040006159ACEB0203080203EBA01303F10070DB
:107050000138704580F08680C3F3970301F07F41CB
:107060000B4306E06259564B134043F0D07343F490
:10707000704363513AE709986159A0EB020C41F360
:107080001E03634413F1804F12D54A490B685C0715
:107090000BD005904B4BCDE90362029300230122F4
:1070A0001846CDE9003328F006F86FF007071DE712
:1070B00023F0004301F00041D2E7099B9A1A63597B
:1070C000B8E761590B09C1F30B0603F4704333436E
:1070D000099E06FA83F3A0F12D06012E0CD92C2867
:1070E000394A08BF1B140A40C3F30B011B010A43B2
:1070F00003F470231343BCE79B1A2E28F0E740F6F5
:10710000FE78605B51884FEA902E4FEA0E6308EAE2
:10711000410803F0807343EA0803DFF8B080DDF82C
:1071200024C008EA003843EA08038EEA51386FEABF
:1071300008088EEAD12E6FEA0E0E08F0010843EA25
:10714000C8536FF07E480EF0010E43EA8E5343F3AE
:107150001803ACEB020E734403F1FF1E0EF57F4ED5
:10716000C64506D313490B6858079ED0CDF814C006
:1071700090E7C3F3093C00F47840C3F300664CEA9F
:10718000000040EA8620605301F45041C3F34A00F6
:10719000014383F40000C0F3C05083F480037040C7
:1071A000C3F3805341EA4031734041EAC323538023
:1071B0009CE600BFDC1E0020CD4D0500F04D050013
:1071C0000F0000F00A4E050000F0E0FF00F03F0065
:1071D00034F805C051884FEA0C334FEA4C0606F4E8
:1071E00000669BB23343967833430E0906F4E0669B
:1071F0003343099E06FA83F3A0F13106012E1AD912
:10720000302808BF1B145E08C3F3033006F4806601
:107210002CF4816C30432CF0070C40EA0C0C01F488
:107220000F41D8B21B01014303F4E043194324F892
:1072300005C051805AE69B1A3228E2E76359079A43
:107240001A44134615E7099B13E708490B685B07C7
:107250003FF42BAF064B0390029300230122184604
:10726000CDE9003327F027FF1FE700BFDC1E002019
:107270003A4E0500054B9A699B689A421FBF044A23
:10728000536843F080535360704700BFB8D7002065
:1072900000ED00E07FB54D4C064623680D465807CB
:1072A00009D04B4B01220293002321461846CDE919
:1072B000003327F010FF474B9B6AD90640F18380CB
:1072C00023685A0709D0444B0122029300233F4907
:1072D0001846CDE9003327F0FEFE11203D4B9B6A96
:1072E0001B070DD52368590709D03C4B0122029397
:1072F000002336491846CDE9003327F0ECFE122072
:10730000344B9B6A9A0726D523685B0709D0344B18
:107310000122029300232D491846CDE9003327F0BE
:10732000DAFE2C4B5A6B9B6A180613D52368590753
:107330000AD02C4B03920293002301221846CDE978
:107340000033224927F0C7FE26B1224A936A23F070
:107350008003936213201F4B9B6ADA070DD52368C5
:107360005B0709D0204B01220293002317491846DE
:10737000CDE9003327F0AFFE1420164B9B6A9E0622
:107380000DD52368580709D0184B0122029300231A
:107390000E491846CDE9003327F09DFE15200D4B10
:1073A0009A6AD10658BF9A6A9A6A920642BF5A6A86
:1073B00022F400525A629A6A42F0FF029A62002353
:1073C0002B7004B070BD102088E700BF181F00208C
:1073D000564E050000ED00E06C4E05009F4E050086
:1073E000B24E0500CA4E0500E04E0500FF4E0500F6
:1073F0007FB5504C064623680D46580709D04E4BC2
:1074000001220293002321461846CDE9003327F0DC
:1074100062FE4A4B9B6AD90478D523685A0709D083
:10742000474B01220293002342491846CDE900331D
:1074300027F051FE1720414B9B6A1B050DD5236891
:10744000590709D03F4B01220293002339491846BE
:10745000CDE9003327F03FFE1820384B9B6A9A0590
:1074600026D523685B0709D0374B012202930023FE
:1074700030491846CDE9003327F02DFE2F4B9A6B8B
:107480009B6A180413D5236859070AD02F4B03921F
:107490000293002301221846CDE90033254927F045
:1074A0001AFE26B1254A936A23F4004393621920F9
:1074B000224B9B6A5B050DD523685E0709D0244BE0
:1074C0000122029300231B491846CDE9003327F01F
:1074D00002FE1A20194A936A13F4807318D02368A5
:1074E000580709D01B4B012202930023114918466B
:1074F000CDE9003327F0EFFD1B20104A936A43F4D7
:107500007F43936200232B7004B070BD162092E776
:10751000926A9104F1D52268520708D00E4A1846A3
:10752000CDE9013203490122009327F0D4FD1C204C
:10753000E3E700BF181F00202E4F050000ED00E01C
:10754000444F05009F4E0500554F05006E4F050046
:10755000834F05009E4F0500FF4E05001FB54C4CA4
:107560002368580709D04B4B012202930023214680
:107570001846CDE9003327F0AEFD474B9B6A9901D1
:1075800040F1838023685A0709D0444B01220293BB
:1075900000233F491846CDE9003327F09CFD1E200B
:1075A0003D4B9B6ADB010DD52368580709D03C4B46
:1075B00001220293002336491846CDE9003327F013
:1075C0008AFD1F20344B9B6AD9020DD523685A07C8
:1075D00009D0344B0122029300232D491846CDE9EE
:1075E000003327F078FD20202B4B9B6A1B030DD521
:1075F0002368580709D02C4B012202930023244909
:107600001846CDE9003327F066FD2120224B9B6A06
:1076100059030DD523685A0709D0244B0122029340
:1076200000231B491846CDE9003327F054FD2220E2
:10763000194B9B6A9B030DD52368590709D01C4B36
:1076400001220293002312491846CDE9003327F0A6
:1076500042FD2320104B9B6ADA030DD523685B079C
:1076600009D0144B01220293002309491846CDE9A1
:10767000003327F030FD2420074A936A6FEA034362
:107680006FEA1343936204B010BD1D2088E700BF6A
:10769000181F0020B64F050000ED00E0CE4F05009A
:1076A000E14F0500FB4F0500255005004350050044
:1076B0006850050082500500F0B5814B06465F68B2
:1076C000A3B00023C7F3080483F31188BFF36F8FBF
:1076D00002F07F40B0F17F4F0FD102F00C0008287C
:1076E0001BD178490A68500707D0774A1846CDE978
:1076F00001320093012227F0EEFC00252E460023E4
:107700008DF81F30E31E092B00F2BC80DFE803F088
:107710000BA6AAA2BABABABABAAE120746BF0E46AA
:107720001D460125EBE7674C23685F0709D0674BCF
:1077300001220293002321461846CDE9003327F0A9
:10774000CAFC00215E488DF81F10C36A13F00203C3
:107750000ED02368580709D05D4B0091CDE9011385
:107760000B4601225749184627F0B5FC00244AE091
:10777000C26A002A07DA22685207F7D0554A0093F6
:10778000CDE90132EDE7C26A5700EFD52268500714
:1077900008D0514A1846CDE901324A4901220093E6
:1077A00027F099FC464BB1695A6942F480725A61DC
:1077B000BFF34F8FBFF36F8F5A6931F8021C22F469
:1077C00080725A61BFF34F8FBFF36F8F4DF6027215
:1077D000914208D09A6AD2B272B301200DF11F0112
:1077E000FFF758FD38E0236859070BD033680122B2
:1077F00003933A4B3349029300231846CDE90033F3
:1078000027F069FC34689DF81F309BB96822314627
:1078100008A833F0BDFA0F9B002D4BD0C3F308022C
:1078200022B96FEA53236FEA43230F93204608A936
:10783000FFF760FA23B0F0BD9A6A12F47F4F05D0CB
:1078400001200DF11F01FFF7D3FD05E09B6AB3F5A1
:10785000803F8BD3FFF782FE0446D4E700200DF172
:107860001F01BDE700200DF11F01ECE715490B6872
:107870005A073FF47BAF1A4B012202930023CDE954
:10788000003370E70F490B685B073FF46FAF154A91
:1078900017F4F87F144B18BF1346103CCDE903349E
:1078A000124B0122029300231846CDE9003327F042
:1078B00012FC5BE723F4FF7323F00103B5E700BF7D
:1078C00000ED00E0181F0020DB5005000651050008
:1078D0001D5105003E5105004C5105006B5105003E
:1078E00087510500C2500500AD500500AB510500A1
:1078F000044B5A6942F010025A615A6922F0080298
:107900005A61704700ED00E0EFF30880EFF3098162
:1079100001B57246FFF7D0FE01BD00BF0E4880F3EF
:107920000888102080F311880C484FF0AA014FF40A
:10793000006232F058F909484FF40061401880F3B2
:107940000988EFF314800221084380F31488BFF301
:107950006F8F00F0ADF80000B848052078BF042014
:10796000084B9B6883420BD1EFF3058343B1064B71
:107970005A6842F080525A605A6A22F400425A62AF
:1079800022F036BEB8D7002000ED00E021498A6819
:1079900082F8F5E04FF030001044EFF3098C80E8F6
:1079A000F01F1EF0100F03D102F1B40080EC108A1A
:1079B000102080F31288BFF36F8F174F4FF00066CF
:1079C0008A698A603E60D2F8A800144C206092F95F
:1079D000F5E0D2F8AC000023C2F8AC3080F3118897
:1079E0001EF0100F03D00023E1EE103A03E002F185
:1079F000B40090EC108AEFF3148323F0040383F3B4
:107A00001488BFF36F8F02F1300090E8F01F8CF301
:107A100009887047B8D7002004ED00E0E8A10020F5
:107A20001EF0040F0CBFEFF30880EFF309808169AB
:107A300011F8021C0229FFD001B5724627F030FB75
:107A400001BD00BF0028ACBF00F16040064B4FEA0B
:107A50000111C9B2ABBF00F5614000F00F0080F822
:107A600000131954704700BF14ED00E040B2002825
:107A700007DB01234109034A00F01F00834042F85D
:107A80002130704700E100E040B200280CDB012209
:107A90000649430900F01F008240203341F82320AB
:107AA000BFF34F8FBFF36F8F704700BF00E100E05F
:107AB000144A08B5144B22F07F029A60BFF34F8F2F
:107AC000BFF36F8FD3F8882022F47002C3F88820A8
:107AD000D3F8882042F4A002C3F888204FF0404237
:107AE000C3F83422BFF34F8FBFF36F8F0023E1EE53
:107AF000103A21F02BFB22F0C5FF00F07BF821F0BB
:107B000069FB00BF0000010000ED00E042F8203CEE
:107B1000009B0D4942F81C3C019B21F0010142F8F9
:107B2000183C029B42F8081C42F8143C4FF080734A
:107B300042F8043C0023C0F8AC304FF47D43203AB7
:107B40000265C0F8F4307047E5380100104B9B68BF
:107B500083421AD1EFF30580B8B9EFF311811022F7
:107B600082F31288BFF36F8F1A7B22F002021A731E
:107B7000EFF3148323F0040383F31488BFF36F8FB0
:107B800081F31188BFF36F8F70476FF01500704756
:107B9000B8D700200E461546002300B5E1EE103A96
:107BA000EFF3148323F0040383F31488BFF36F8F80
:107BB000BFF36F8F084BD0F8A8209860074B1A606E
:107BC0002C4686F309880020054B98472046002163
:107BD00000220023034C2047B8D70020E8A1002052
:107BE0000DF10300E53801001022014B1A617047C6
:107BF00000ED00E0002310210348C2180133602B80
:107C000082F80013F9D1704700E100E008B5EFF306
:107C10000583064A103B02EBC30152F83300496862
:107C20008847BDE80840FFF725BB00BF7C1B00204C
:107C3000F0B587B007460E4614460021102268466C
:107C40001D4633F0CCF802238DF80230054B2A464E
:107C500021466846CDE90476019323F09DFE07B0E6
:107C6000F0BD00BF35F1030008B5024823F0F0FA7B
:107C7000FEE700BFA234050008B5024B1B68984719
:107C8000002008BDECA10020034B044A1860937843
:107C900043F0020393707047ECA10020C81100204C
:107CA00008B5054825F0F0FB002383F31188BFF3E6
:107CB0006F8F0423184602DFBE51050008B5064940
:107CC000064821F00701C1F1005202F5002225F01B
:107CD00029FB002008BD00BF532F0620F0A1002083
:107CE0004FF0FF324FF0FF33014821F021BC00BFBD
:107CF000D8110020014821F093BC00BFD81100200A
:107D000038B50546FFF7ECFF2A460821074825F05D
:107D1000F3F9044628B925B133F07AFB0C22044B61
:107D20001A50FFF7E7FF204638BD00BFF0A1002042
:107D30001400000038B504460D46FFF7D1FF214678
:107D40002B460822074825F04BFA044628B925B1EE
:107D500033F05EFB0C22044B1A50FFF7CBFF20469A
:107D600038BD00BFF0A100201400000010B504468B
:107D7000FFF7B6FF2146034825F075F9BDE810402E
:107D8000FFF7B8BFF0A1002070B5A0FB01543CB9CB
:107D90002846FFF7B5FF064640B90026304670BDBD
:107DA00033F036FB0C22044B1A50F6E72A462146E4
:107DB00033F015F8F2E700BF1400000038B50025D5
:107DC000074C204632F0C3F804F11400013532F0BC
:107DD0001FFB052D04F12404F3D1002038BD00BFA2
:107DE000FCA1002008B500F0B7F8012200230949E2
:107DF000C0E9002241610849C0E902330A6007492D
:107E000003610A60064A1360064A1360064A13605B
:107E100008BD00BFAD8C0500081200200412002030
:107E2000B8A20020B4A20020B0A200202DE9F041A9
:107E300007460E46154600F08FF8C36804461BB986
:107E400043691A78002A41D10023E3606368BB428A
:107E500056F8232008DB324B6361204600F062F8BD
:107E60004FF0FF30BDE8F081511C616192F8008055
:107E7000B8F12D0FEFD1911C616151782D29A160CE
:107E800004D192786AB901336360E4E749B9244BBD
:107E900041462846636133F050F80028DDD0C4F82D
:107EA0000880D4F808802846414633F046F8B8F1F7
:107EB0003A0F636900D070B91B7813B96368013356
:107EC0006360204600F02EF83F20CBE75A1C426149
:107ED0001B788360E5E742783A2A0BD000222261C2
:107EE0001B7813B9636801336360204600F01AF809
:107EF000A068B7E718786268094928B90132974243
:107F0000626004DD56F82230C4E90431EAE76161B9
:107F10002D7820463A2DD5D100F004F82846A1E767
:107F2000AD8C05000268074B1A604268064B1A6068
:107F30008268064B1A60C268054B1A600269054BDD
:107F40001A6070470812002004120020B8A2002016
:107F5000B4A20020B0A2002000487047EC1100201D
:107F600030B50346EFF31181102282F31288BFF37C
:107F70006F8F00220C4C04EB0210057B15F0020FF2
:107F80000CD143F0020325F0030203F00303134373
:107F9000037381F31188BFF36F8F30BD0132102A54
:107FA000E9D10020F5E700BFBCA20020134640F253
:107FB0000112914210B504460AD040F207129142D4
:107FC00010D0B1F5807F14D100F0FAFF00280DE049
:107FD000D3E9001200F088FF0028F7D1204600F016
:107FE000A7FFF3E7196800F0C7FF002808DA43424B
:107FF00000E05F2333F00CFA024A13504FF0FF30D9
:1080000010BD00BF1400000008B500F049FF031EBA
:1080100006DA33F0FDF9034A5B4213504FF0FF33A9
:10802000184608BD1400000008B500F015FF031E37
:1080300006DA33F0EDF9034A5B4213504FF0FF3399
:10804000184608BD140000002DE9F84391464B1175
:108050008A1002F0100203F02003CE10134306F042
:1080600040061E4301F00303012B80460C4629D035
:10807000022B2AD00BB946F00106FBF703FD071EC1
:108080001DDB0020FFF76CFF0546C8B30023C0E9E5
:108090000033037263061BD441462846F2B200F057
:1080A000FFFD041E23DA2B7B6FF341032B7338464D
:1080B00025F00EFA33F0ACF9134B64421C504FF02C
:1080C000FF371AE046F00206D7E746F00306D4E78A
:1080D00009F00302414642F0100200F0E1FD041EE7
:1080E000E1DB284600F092FE041ED5DADBE7002330
:1080F00029463846054AFBF705FD3846BDE8F883B2
:108100006FF01704D3E700BF140000000C1200202A
:10811000012830B50C4609D0042817D100230022CD
:10812000C1E9002300238B60002030BDEFF31185EF
:10813000102383F31288BFF36F8F084B0FCB84E8B3
:108140000F0085F31188BFF36F8FEDE733F060F90F
:108150001622034B1A504FF0FF30E6E77858002004
:108160001400000030B501280C4685B01FD004284B
:1081700021D100230022CDE900230023029332F015
:108180002DFC42F210720023F8F732FF009B134DD2
:10819000C018019B43EB0101029BC4E9000105FBF0
:1081A00002320F4BA2609A420ED800200AE06946C4
:1081B000FFF7AEFFE3E733F02BF91622094B1A5015
:1081C0004FF0FF3005B030BD074B013041F10001E9
:1081D0001344C4E90001A360E7E700BFA0860100E3
:1081E000FFC99A3B14000000003665C438B500246E
:1081F000054D2846013432F00BF9052C05F1080530
:10820000F7D1002038BD00BFBCA3002038B5002442
:10821000054D2846013431F09AFE052C05F1140570
:10822000F7D1002038BD00BFE4A300200B4B30B5D0
:108230001C4600250A4A191BB1F5986F01D9002088
:1082400030BD506803F58071C3E94020016003F53B
:10825000987303F8085C5160EDE700BF8858002070
:108260001C12002070B541690446857A0B4E59B145
:10827000437ADB0706D4302303FB05639B6A1B6844
:108280009B6898470023636105EB4505214606EB93
:108290000510BDE8704031F037BF00BFF821002065
:1082A0003022024B02FB0030704700BFF821002053
:1082B0003021827A064B01FB0233DA6A93F82230CE
:1082C000801A1B3323F00303B0FBF3F0704700BFA9
:1082D000F821002038B53024827A064B04FB0233A3
:1082E0009B6AD3E901240C601568FFF7E1FF04FBEA
:1082F000005038BDF82100202DE9F04385B0054637
:10830000684690461C46039132F06AFBDDE900673F
:10831000EFF31189102383F31288BFF36F8F2B8C37
:10832000002B43D0EA8B9A4225D90022002328460D
:1083300021F0C6F90446F0B189F31188BFF36F8FBD
:10834000039B002B43D032463B46684632F06CFB21
:108350003021A27A264B204601FB02339B6A03A9F7
:108360001B681D68DDE90023A847606180BB2046CB
:10837000FFF778FF26E0298C4B1E2B8489F31188A8
:10838000BFF36F8F95F82230EA8BEC6A1B3323F032
:108390000303521A02FB0344154B164AEB1A1B1136
:1083A0005343A37295F82230E372C9E789F3118829
:1083B000BFF36F8F23464246284621F081F90446D9
:1083C0000028BDD10024204605B0BDE8F0836361DC
:1083D000012300252381039B29466382E27A65609D
:1083E00004F1180032F0FBFC63692582E360EAE7E0
:1083F000F8210020ABAAAAAA70B530250B4C00B911
:1084000070BD037A4668013BDBB20372002BF7D1E3
:10841000C3604360837A05FB03435B6A13B19847EB
:108420003046ECE7FFF71EFFFAE700BFF821002017
:10843000F0B5EFF31184102383F31288BFF36F8F2D
:10844000036BDD0740F18380B1F5817F44D00BD809
:10845000032930D0042936D05F2332F0D9FF3E4AB9
:1084600013504FF0FF3029E040F203139942F3D14B
:10847000D2E900329988CD070AD5D0E90A152943F7
:10848000D98818BF41F00101D980116814311160F9
:10849000998849071ED5D0E90A51023571F1FF319B
:1084A00034BF01200020D98841EA8001D9801368B7
:1084B000143313600EE044F20200184084F3118874
:1084C000BFF36F8FF0BD126824490A4241D10B40BF
:1084D000134303630020F1E79168D2E90053AA88AF
:1084E000D70718D51A68914201D10C23B5E70127A7
:1084F00010611A68567B67F3050656731A68967BF7
:108500006FF3451696731A68D6686FF39436D66083
:108510001A6814321A60AA885607DBD51A68914285
:10852000E3D01030106101201A68517B60F305011F
:1085300051731A68917B6FF3451191731A68D16872
:108540006FF39431D1601A6814321A60C2E70923BC
:1085500083E7162381E700BF14000000FDBFFFFF83
:108560002DE9F3411E460023072A04460D46CDE9B6
:1085700000330BD961B90E2332F04AFF4FF0FF34BC
:10858000344A1350204602B0BDE8F0811623F3E7C9
:10859000EFF311874FF0100888F31288BFF36F8F45
:1085A000036B5B040ED5B047002850DA434232F02B
:1085B0002FFF4FF0FF34274A135087F31188BFF382
:1085C0006F8FDFE731F028FF08B10B23EFE76A4632
:1085D0002046214901ABFBF703FA87F31188BFF36B
:1085E0006F8F00984FF0FF324FF0FF3320F0A0FF65
:1085F000EFF3118788F31288BFF36F8F2946204667
:10860000B04710F10B0F024612D0F0B132F000FF6C
:108610004FF0FF340F4B52421A5087F31188BFF3CB
:108620006F8F019821F014FB009820F0F9FFA9E763
:1086300087F31188BFF36F8FDDE900104FF0FF3231
:108640004FF0FF3321F062FBD2E70824E5E708246E
:10865000B3E700BF14000000201E0500014BFFF728
:108660007FBF00BF93F50300014BFFF779BF00BF49
:1086700001F60300002373B50546CDE9003331F060
:10868000CBFE044648B132F0C3FE0B224FF0FF345C
:108690001E4B1A50204602B070BD6A4628461C493F
:1086A00001ABFBF79DF900984FF0FF324FF0FF331D
:1086B00020F03EFFEFF31186102383F31288BFF3FF
:1086C0006F8F2B6BDB0711D432F0A2FE09224FF023
:1086D000FF340E4B1A5086F31188BFF36F8F019849
:1086E00021F0DCFA009820F09BFFD3E7094B0A4AFF
:1086F000EB1ADB105A430121084825F06FF80022DD
:1087000000232C63C5E90A23E5E700BF140000003D
:10871000201E0500785E0020B76DDBB63412002005
:108720002DE9F34721F4804727F002078046894668
:1087300057B132F06DFE1622214B1A504FF0FF3523
:10874000284602B0BDE8F08701211E4801AA24F0A6
:10875000F3FF002804DA32F05BFE0C22184BECE742
:108760003823019CDFF864A05C43FBF78BF9051EFE
:1087700004EB0A0605DA0121019A124825F02EF8C9
:10878000DCE749F001031034C6E90A873363544437
:10879000204632F0BFFA304632F0BCFAB8F1000F92
:1087A00003D03946304622F011FC0021204622F049
:1087B0000DFC002331462846034AFBF7A3F9BFE727
:1087C0001400000034120020201E0500785E0020F6
:1087D00010B509220C460749FBF7E4F830B108222E
:1087E0002146054BFFF7BCFEC01710BD4FF0FF3010
:1087F000FBE700BF201E050001F6030007B509498D
:10880000CDE900230922FBF7CDF840B108226946E3
:10881000054BFFF7A5FEC01703B05DF804FB4FF052
:10882000FF30F9E7201E050093F503002DE9F04F16
:1088300083464FF00009DA464E469DB008A814461C
:108840001D46069132F0CCF8DDE90823DDF81880EA
:10885000CDE904230DAB0A93CDF80C90B8F1000FCD
:108860001FD1002E77D0B5F1FF3F08BFB4F1FF3F15
:108870004FF0FF3006D0A04278EB050864D30A2001
:10888000B4FBF0F0069B019000934FF482725B46BC
:108890004946039826F0E4FE074638461DB0BDE879
:1088A000F08FDAF80000002849DB0CAA0BA9FBF7CF
:1088B000CFF80746002842D00C984FF0FF324FF017
:1088C000FF3320F035FE1CAB01930AAB00934FF44D
:1088D0008172534639460B9826F0C2FE10F1780F8C
:1088E00003461AD10023002208A832F079F8DDE906
:1088F0000834CDE904340024254623460C98079318
:1089000020F08EFE079B002B19DA5B4232F080FDCF
:10891000474A4FF0FF371350BFE710F1120FEDD168
:10892000039B2BB90B9BB946039300230126E5E774
:10893000384606F079FA03460028F3D1F6E70AF143
:10894000080A08F1FF3889E70A2200232046294651
:10895000F8F74EFB96E7DDE9042308A832F064F847
:10896000DDE9084522462B46DFF8CC800A990DAC9C
:10897000091B891008FB01F1204622F0CFFA00F113
:108980000B030B2B04D82B4F1F4117F0010701D00D
:108990004342BBE70A94B9465C46069D95B9B9F1D6
:1089A000000F3FF47AAF002F7FF477AFDDE90423A7
:1089B00008A832F039F8DDE908452B462543224660
:1089C000D4D16AE72068E68000282ADB0CAA0BA92C
:1089D000FBF73EF8824618B92023E380013720E0F8
:1089E0000C984FF0FF324FF0FF3320F0A1FD0AAB9F
:1089F0005146009340F2031223460B9826F030FEB6
:108A000082460C9820F00CFE1AF10B0F0CD0BAF134
:108A1000000F02D0CAF1000378E7B4F90630002B4A
:108A2000DCD10834013DB9E74FF00109F9E700BF97
:108A3000140000007EF7FFFFCDCCCCCC2DE9F04F29
:108A400089B016461D460F46129CD1B1D1F800E000
:108A5000CEB1D6F80090C5B1D5F800C04EEA0902F3
:108A600052EA0C025ED0002101238846134227D02F
:108A7000B8F1020F0BDD32F0CBFC0C225B4B1A502D
:108A80004AE08E46E4E7B146E5E7AC46E6E713EA9E
:108A90000E0F14BF0120002013EA090F18BF40F089
:108AA00004000DF1200A13EA0C0F0AEBC80A18BFE4
:108AB00040F002004AF8181C2AF8140C08F10108CA
:108AC000013120294FEA4303D0D16CB3484A2068D2
:108AD0006368A0FB020102FB03114FF47A72A368E2
:108AE000B3FBF2F3C01841F100010029BCBF002024
:108AF000014663304FF064024FF0000341F1000182
:108B0000F8F776FA02460B46414602A8FFF78EFEBA
:108B1000B0F1FF3F82460BD14FF0FF34204609B041
:108B2000BDE8F08F9046D0E74FF0FF321346EBE7F9
:108B300017B1384626F0ADFD16B1304626F0A9FD36
:108B400015B1284626F0A5FD00240DF10809009472
:108B500035E0DA0707D537B139465846019326F094
:108B60009BFD019B013403F01A025B0717D576B118
:108B700031465846019226F08FFD019A631C9AB344
:108B800085B3294626F088FD0234314602E07AB1E9
:108B900075B12946584626F07FFD013408E03AB108
:108BA00025B12946584626F077FD0134002EECD138
:108BB0000AF1FF3A009B09F1080901330093009B79
:108BC0009845ABD0BAF1000FA8DDB9F90630002BFB
:108BD000F0D09906D9F800B0BBD532F019FC0922C3
:108BE000024B4CE71C46D0E71C46E1E714000000AE
:108BF00040420F0002460B46014820F099BC00BFDE
:108C0000E8200020014820F00BBD00BFE820002034
:108C10002DE9F74F4FF00009824608460F4690466F
:108C2000F8F72EFA4E4683464FF0FF314FF0FF30F3
:108C3000FFF7E0FF194B1C689C4208BF00245B68EB
:108C40005CB9FFF7DFFF36B3CAF80060B8F1000F78
:108C50001DD1002003B0BDE8F08FA569A94512D849
:108C6000AB4510D3012D03D97A5D2F2A00D052B91C
:108C70002A463846E168019332F06CF9002804BFB7
:108C8000A9462646019B9C42DBD02468D8E7B369FD
:108C9000C8F80030DDE76FF00100DBE74412002088
:108CA0002DE9F043054616460F4687B039B1084610
:108CB000F8F7E6F9012802D93B782F2B12D04C495E
:108CC0000B68580708D04B4B01220293002318462B
:108CD000CDE9003326F0E8FC6FF01504204607B01C
:108CE000BDE8F083D5F80480B8F1000F79D1424691
:108CF000394605A8FFF78CFF041E0EDA3C490B68C5
:108D00005A07EBD03C4B0122CDE901834046434654
:108D1000CDF8008026F0C8FCE0E7DDF8148098F874
:108D200020309B0702D516F0120F5DD1D8F81C2019
:108D3000136813B316F0400924D016F002030ED1C5
:108D40002B490A68540707D02C4A1846CDE901324E
:108D50000093012226F0A8FC6FF00C04BEE75369D3
:108D600073B923490A68500707D0254A1846CDE948
:108D700001320093012226F097FC6FF08504ADE7E5
:108D80004FF00109C5F80480D8F81C303246394646
:108D900028461B689847041E10DA15490B685A07C5
:108DA00009D0184B03940293002301221846CDE901
:108DB000003326F079FC00236B608FE72E72B9F147
:108DC000000F8BD0D8F81C30002128465B699847EB
:108DD000041E83DA06490B685B07ECD00A4B039448
:108DE000E1E76FF00F0479E76FF01D0476E700BF4D
:108DF000F01E0020395205004D5205006552050055
:108E000093520500B3520500C852050030B54468BE
:108E1000054685B09CB1E369DB69B3B19847041E90
:108E200010DA0B490B685B0709D00A4B0122029349
:108E3000002303941846CDE9003326F035FC204684
:108E400005B030BD00236B60F9E76FF08504F6E7ED
:108E5000F01E0020E45205001FB54368B3B1DB6982
:108E60005B68B3B19847041E0DDA0B490B685B07CA
:108E700009D00A4B01220293002303941846CDE93E
:108E8000003326F011FC204604B010BD6FF008043A
:108E9000F9E76FF08504F6E7F01E0020FA520500AE
:108EA0001FB54368B3B1DB699B68B3B19847041E33
:108EB0000DDA0B490B685B0709D00A4B01220293BC
:108EC000002303941846CDE9003326F0EDFB20463D
:108ED00004B010BD6FF00804F9E76FF08504F6E701
:108EE000F01E00200F5305001FB54368B3B1DB69C6
:108EF000DB68B3B19847041E0DDA0B490B685B07BA
:108F000009D00A4B01220293002303941846CDE9AD
:108F1000003326F0C9FB204604B010BD6FF00804F2
:108F2000F9E76FF08504F6E7F01E002025530500F1
:108F30001FB54368B3B1DB691B69B3B19847041E21
:108F40000DDA0B490B685B0709D00A4B012202932B
:108F5000002303941846CDE9003326F0A5FB2046F4
:108F600004B010BD6FF00804F9E76FF08504F6E770
:108F7000F01E00203A5305001FB54368B3B1DB690A
:108F80005B69B3B19847041E0DDA0B490B685B07A8
:108F900009D00A4B01220293002303941846CDE91D
:108FA000003326F081FB204604B010BD6FF00804AA
:108FB000F9E76FF08504F6E7F01E00204F53050037
:108FC0001FB54368B3B1DB699B69B3B19847041E11
:108FD0000DDA0B490B685B0709D00A4B012202939B
:108FE000002303941846CDE9003326F05DFB2046AC
:108FF00004B010BD6FF00804F9E76FF08504F6E7E0
:10900000F01E00206853050070B50E46054686B078
:1090100030B1F8F735F8012802D92B782F2B0FD073
:1090200022490B685C0708D0214B012202930023E0
:109030001846CDE9003326F037FB6FF0150413E036
:109040000022294605A8FFF7E3FD041E0FDA1749A1
:109050000B68580708D0174B0122029300231846CB
:10906000CDE9003326F020FB204606B070BD059800
:10907000C3691B6CB3B1324629469847821C04462B
:10908000F2D00028F0DA09490B685B07ECD00A4BF4
:1090900003900293002301221846CDE9003326F005
:1090A00003FBE1E76FF08504DEE700BFF01E002060
:1090B0007D5305004D52050098530500F7B506464F
:1090C0000D460D488AB2836831461B6898470028D0
:1090D00010DA00240CE02F1B042F28BF042710F007
:1090E00087FC3A46019001A9301931F051FE3C4409
:1090F000A542F0D803B0F0BD7CB9040010B503461A
:109100000548826814688AB21946A0470028B4BF8F
:109110006FF00400002010BD7CB9040030B5044697
:1091200085B021F027F9204626F0DDFAA06990B13C
:1091300094F86830D9072BD430F000FD0346A0B96D
:1091400015490A68520706D0144A0090CDE9010279
:10915000012226F0B8FA6FF01205201D26F0CAFA97
:1091600021F01CF9284605B030BD204601F022F858
:1091700005460028F1D10146282204F1200031F0F3
:109180002EFE94F8683043F0010384F86830E4E779
:109190006FF07705E1E700BF801F0020B95305009D
:1091A0007FB5054621F0E6F8284626F09CFA95F8AA
:1091B0006830D9072DD59A07C3F340062CD4A86987
:1091C0002BF080FF0446A0B115490B685B0708D05F
:1091D000144B0122CDE9016330463346009626F058
:1091E00072FA281D26F086FA21F0D8F8204604B03D
:1091F00070BD284626F022FC044618B1A8692BF061
:109200008AFFEEE795F8683043F0020385F868308E
:10921000E7E74FF0FF34E4E76FF07704E1E700BFE2
:10922000801F0020DC53050030B590F868300446FC
:10923000990785B031D526F056FA0021204601F075
:1092400089F960B116490B685A0708D0154B0122FD
:10925000029300231846CDE9003326F034FAA069C2
:109260002BF059FF054660B10D490B685B0708D02C
:109270000D4B0122029300231846CDE9003326F05E
:1092800022FA94F86830201D6FF3410384F86830A7
:1092900026F030FA284605B030BD6FF07705F9E7C3
:1092A000801F0020F8530500165405002DE9F043F7
:1092B00089B00746884614461E4626F01DFA054624
:1092C0008EB1384626F01DFA012809D032F0A0F8F8
:1092D0006FF08502364B1A50002009B0BDE8F083CC
:1092E000B5FA85F56D09013429463846E2B226F013
:1092F000EDFB814668B92F490B685B07E6D02E4B22
:109300000122CDE9010303940346009026F046FBB9
:10931000DCE744684EB12068616805AA03C2237A7D
:1093200005AC137007238DF8153008F10C06304694
:1093300026F020F92278824203D9304626F01AF925
:1093400002462146304626F0E1F8D9F80C90B9F1F2
:10935000000F09D1B8F81010FB8C9942BCD93046E7
:10936000C91A26F0F8F8B7E7D9F8040083681B6B30
:1093700013B9D9F80090EAE7294698470028F8D0B1
:10938000041F54F8043F002BF3D01B78002BF0D0BF
:10939000304626F0EFF823681A78824203D9304627
:1093A00026F0E8F882B23046216826F0AFF8E8E708
:1093B00014000000701F0020465405002DE9F04104
:1093C00090F82030044603F01F03012B0E4600F1F5
:1093D00020071DD0022B05D00BBB90F8211026F0E2
:1093E00002FC03E090F8241001F044FA0546B0B105
:1093F000E18C94F8200026F0E1FA02466868836860
:109400005AB19B683BB332463946BDE8F041184734
:1094100090F8241026F0CEFBE8E7DB68F2E7204660
:1094200094F8211026F0C1F90246A0B194F820501A
:10943000E18C284626F0C2FA38B113692BB13246C6
:10944000394620469847034607E021B1ED0902D08E
:10945000D368002BF3D16FF0850331F0D9FF024AB6
:1094600013500020BDE8F081140000002DE9F04FFA
:109470000E7E044636F080050F46904697B012D017
:1094800096490B685C0708D0954B01220293002394
:109490001846CDE9003326F081FA6FF0040528461E
:1094A00017B0BDE8F08F4A7E02F00103B8F1000F5B
:1094B0001DD018F10C0F1AD0E3B918F1710F03D1B8
:1094C0003846FEF799FFEAE784490A68500709D051
:1094D000844A1846CDE90132CDE9036801220093A0
:1094E00026F05CFA3846FEF787FF4546D7E7002BA3
:1094F00000F0AE84002E40F071843B8A072B14D913
:10950000FA6813682362536863627A68E18C3ABB35
:1095100072490B685A0715D0734B0122CDE90163DC
:1095200030463346009626F039FA6C490B685E07E0
:1095300008D06E4B0122029300231846CDE9003378
:1095400026F02CFA3846FEF757FFE28C94F82030CC
:10955000A06912B1DB0900F09A84802100F09CBC64
:1095600094F8200026F02AFAD8B1537E81B19B07E7
:1095700032D45A490B685807E4D05D4B0392CDE9C9
:109580000163012233463046009626F007FACCE705
:10959000590721D451490B685B07D3D0554B03922F
:1095A000EDE751B94D490B685D07CBD0524B012215
:1095B000CDE9016300963346B5E7537E99070BD496
:1095C00046490B685B07BDD0494B0392CDE9016367
:1095D000012233460096D8E73946002025F055FF92
:1095E000074660B93D490B685D07AED03E4BCDE9FB
:1095F000017301223B46009726F0D0F9A5E731F030
:1096000007FF002394F82060DFF8F49016F0600F55
:1096100040F80930C6F3411307D0032B40F0F58121
:1096200031F0F6FE6FF085033CE0B4F826A030463A
:10963000514626F0C3F994F82130002800F08581C6
:10964000013B0A2BECD801A252F823F03998010013
:1096500021960100B9980100219601007996010038
:1096600021960100219601002196010065970100D5
:1096700021960100F1970100A069618C03697F299F
:10968000D3F88020CCD8A38C5AEA0303C8D116F0B3
:109690001F06C5D194F82C30022B06D131F0B8FE4C
:1096A0004FF0FF3349F8003037E012072AD5C9B22E
:1096B00026F0ABF9054640B308490B685B073FF459
:1096C000FFAE638C012203930C4B3046CDE901635E
:1096D0000096334626F062F9F2E600BF701F0020C4
:1096E0006C5405008D540500BC5405001F55050041
:1096F000DE540500ED540500FE5405003655050006
:1097000014000000012384F8353094F82C30012B2C
:1097100026D1638C23BB84F82C3031F079FE59F8C4
:109720000030002B7FF40EAF0123E18C94F8200071
:10973000A36226F043F9002800F03D83002900F0E1
:109740003A833946002025F0A0FE0746002840F065
:109750002E83B0490B685B073FF4F7AEAE4B46E78C
:109760000123D8E7204625F0C7FF628C0146FF2A77
:109770003FF656AFE38C002B7FF452AF94F82030C5
:10978000D8067FF44DAF94F82C30002B86D032B140
:109790002046D2B226F0C0F900283FF47FAF618C9A
:1097A00094F834308B42B8D02046C9B200F0D2FED3
:1097B000054688B197490B685A073FF481AE04907B
:1097C000638C01220393954B029300231846CDE945
:1097D000003326F0E3F873E6628C0521002A14BFFB
:1097E00002230123204684F82C3026F049FB94E71D
:1097F00006F01F06012E7FF413AFBAF1000F7FF4BD
:109800000FAF628CFF2A3FF60BAFA18CFF293FF60A
:1098100007AF94F82C30022B7FF440AF2046D2B231
:10982000C9B226F049FA831C054640F0448131F064
:10983000EFFD49F8005070E7A58CBAF1000F7FF4F6
:10984000EFAE94F82C30002B3FF428AF012B10D151
:10985000002D7FF423AF16F01F060DD1638C012B72
:109860007FF45BAF94F868306FF3C30384F868301B
:1098700053E716F01F0615D0022E7FF44EAF668C0C
:10988000002E7FF44AAFEDB22946204626F0C8FAF2
:10989000034631F0BDFD49F80030013306D14FF0E9
:1098A000FF350DE6002D7FF4F9AED7E732462946A5
:1098B000204626F063F830E7A38CBAF1000F7FF45E
:1098C000AFAE628CDDB2022A10D106F01F062E4325
:1098D0007FF4A6AE0122A069190A26F076F80028C6
:1098E0007FF49EAE012384F8353016E794F82C10EF
:1098F00000293FF4D3AE01290DD1002B7FF4CEAE69
:1099000016F01F060AD1012A7FF407AF94F86830D9
:1099100043F00803AAE716F01F0612D0022E7FF4C8
:10992000FCAE002A7FF4F9AE2946204626F064FA00
:10993000034631F06DFD49F800300133AFD001220C
:10994000B5E7002B7FF4AAAEDDE70A2B3FF668AE41
:1099500001A252F823F000BF859901002196010071
:109960002196010021960100219601002196010017
:10997000FF99010021960100479D010021960100F9
:10998000759D0100BAF1020FA18C7FF449AE94F8E5
:109990002C30002B3FF482AE012B0ED100297FF436
:1099A0007DAE16F01F060BD194F868309D0805F0C7
:1099B0000205C3F300131D4305E016F01F060FD088
:1099C000022E11D0002507F10C06304625F0D2FDFD
:1099D000E38C98420ED231F01BFD6FF00B0361E671
:1099E00000297FF45BAEDFE72046C9B226F027FAF4
:1099F0000546E8E72946304625F099FD8DE6628C5C
:109A0000F6064FEA1223D2B20AD039462046FFF7B3
:109A1000D5FC4FE0701F00209D55050058550500EE
:109A2000013B0E2B3FF6FCAD01A151F823F000BF26
:109A30006D9A0100AB9A0100C39A010021960100C2
:109A4000219601000B9C0100BF9A010021960100A4
:109A50002196010021960100219601002196010026
:109A60002196010021960100699C010007F10C0676
:109A7000304625F07FFD824509D2E58C204625F051
:109A80003BFE48B101287FF4CBAD216F05E03046A5
:109A900025F070FD0546F1E7E16E0A783046AA42EE
:109AA00028BF2A4625F032FD37E6002339462046F6
:109AB000FFF7FCFB0546002D7FF402AD2DE60123E8
:109AC000F4E70321204625F0AFFE064600283FF4C8
:109AD000A7AD25F04EFFB4F826B0D0B9B38A07F190
:109AE0000C05ADF83830336928461B88ADF83A309C
:109AF00025F040FD834501D2E08C02E0284625F0A8
:109B000039FD9DF838200EA9824228BF024628461A
:109B1000C8E74FF0000A737DB2688DF82530A94B75
:109B20008DF824A01340A84A93425FD110210AA8BF
:109B30000EF0C8FC002836DB0EAB1E46DFF898C2DC
:109B40000AAA854203F1020340D1AD0002358DF827
:109B5000245007F10C0A504625F00CFD9DF82450C6
:109B60005D4528BF5D46A84203D2504625F002FD60
:109B70000546022DAB4628BF4FF0020B5A46A5EB17
:109B80000B05B346504609A925F0C0FC6B0806EB4F
:109B9000550293452FD1E8077FF5BFAD5046F15CE4
:109BA00025F0BDFCB9E558307FF43AAD87490B6824
:109BB0005D073FF435AD864B0122CDE901A3504648
:109BC0005346CDF800A025F0E9FE29E512F8011B67
:109BD00001354FEA111E01F00F011CF80EE01CF8D0
:109BE000011003F802EC03F8011CAAE7337D366983
:109BF0008DF82430ADE750461BF8011BCDE9063245
:109C000025F095FCDDE90632C3E7204625F074FD1A
:109C1000D4E91B32002808BF134640F20A62ADF8AF
:109C200038205A882046ADF83A201A798DF83C2021
:109C30005A798DF83D209A798DF83E20DA798DF8A1
:109C40003F205B7C8DF8403000238DF8413025F0BB
:109C500058FD01287FF4E4AC07F10C052846E68C9A
:109C600025F088FC864246E7204625F045FD20B1D8
:109C700001287FF4D5AC236F00E0E36E5B88B3F579
:109C8000007F7FF6CDAC534B04F1480B0E930023BD
:109C90008DF83C30A36C9B4552D107F10C0A50461D
:109CA00025F068FCBDF83A50E38C9D4228BF1D4664
:109CB000A84203D2504625F05DFC05469DF83820A9
:109CC0005046AA4228BF2A460EA925F01FFC052DA2
:109CD00094BF6D1B053D002D3FF41FADA66C5E4586
:109CE0003FF41BAD002E3FF418AD737D0F2B0FD149
:109CF000327D5046AA4228BF2A46316925F006FC2B
:109D0000337DAB4294BFED1A6D1B002D3FF405ADC2
:109D1000E36CB3423FF401AD3668E3E75A7D0F2AA6
:109D20000AD11A7DBDF83A100A44ADF83A209DF8E0
:109D30003C2001328DF83C20E26C9A42ADD01B6889
:109D4000002BEBD1A9E794F82C3094F83460002B69
:109D50003FF4A4ACBAF1010F7FF462AC07F10C053B
:109D6000284625F007FCE38C9842FFF434AE3146D8
:109D7000284615E706F01F06012E7FF48FAC20461B
:109D800025F0B8FE00283FF489ACA38C4268FF2B75
:109D90003FF646AC12799A42FFF442AC0F2B3FF6E5
:109DA0003FAC234493F83660E38C012BD4E77B7EF1
:109DB00059077FF5C6AC3946204617B0BDE8F04FCD
:109DC00000F0F0BE00FF020000030200701F002040
:109DD0007B550500050F0500D855050052077FF596
:109DE000B4AB802E7FF4B1AB3846FEF705FBA66A14
:109DF000012E7FF454AB94F83530002B3FF44FAB79
:109E000094F82130052B2AD0002594F82130032B1B
:109E100019D1638C022B16D1A18C00220E0A314677
:109E2000A06925F0D2FD054668B11F490B685A07A5
:109E300009D01E4B01220293002303961846CDE958
:109E4000003325F0ABFD002384F83530FFF727BB46
:109E500053077FF57AAB002E3FF432ABC1E794F89D
:109E60002210A06925F0D1FD05460028CCD00E496E
:109E70000B685807C9D0638C324603930C4B02938E
:109E800000231846CDE9003325F088FDBDE718F121
:109E90000C0118BF0121C9012BF044F8002305462D
:109EA000A362FFF7FCBA00BF701F0020BA5505007F
:109EB0003655050030B590F82C300D46022B85B094
:109EC0000ED125F017FE034660B913490A68520700
:109ED00006D0124A0090CDE90102012225F0B4FD1E
:109EE00005B030BDC468002CFAD02B78032B07D006
:109EF000052B0CD0022B08D1606883689B6902E0B7
:109F0000606883685B6903B198472468EBE7606821
:109F10008368DB69F7E700BF781F0020F255050072
:109F20000022002301481FF03FBA00BFBC210020DF
:109F30002DE9F047DFF8E081724EDFF8E0918AB05A
:109F40004FF0FF334FF0FF32404607A91FF08CFA65
:109F5000099B1B69D3F89C409DF81C30072BEFD858
:109F6000DFE803F00A041A0D2C279CC0002201210F
:109F7000204625F085FFE3E700221146F8E794F834
:109F8000683007A943F00403204684F86830FFF7DF
:109F900091FF00220321EBE794F8683007A96FF3E3
:109FA0008203204684F86830FFF784FF00220221F4
:109FB000DEE7204607A9FFF77DFFC1E794F8683088
:109FC000A7696FF3820384F86830D7F808A03B696B
:109FD000A033D3E8AF3F9A0721D53846DAF83C30B2
:109FE0009847DAF824300021384698470546DAF8D1
:109FF000403038469847A5B92946204600F0AAFACD
:10A00000054630B3326812F007020ED000273E4BEF
:10A0100001220293CDE900773B463A4914E04FF024
:10A02000FF35326812F0070206D10421204625F0E0
:10A0300027FF2A4607219BE70027344B0122029382
:10A0400031463B46CDE90077384625F0FDFC3A46DF
:10A05000EBE78021204625F0CCFE60B133685B073A
:10A0600009D02B4B0122CDE9015328462B46254927
:10A07000009525F0E9FCA0692BF00EF8002294F879
:10A080006830871E7842784123F0680343EA401322
:10A09000042184F82C2084F8683069E7089F204662
:10A0A0003B7E39465D06D7F81E2018D1FFF7DEF952
:10A0B000054600283FF444AF33685A07B9D0089BDF
:10A0C000012205933B7E3146CDE90303114B0293F8
:10A0D00000231846CDE9003325F0B6FCA9E725F0AA
:10A0E00079FDE5E733685B0709D00023012231469B
:10A0F0001846CDE90033CDF8089025F0A5FC0621DF
:10A10000089A35E7781F00204F56050021560500B4
:10A110007B56050098560500BC210020C25605005C
:10A1200030B589B0002200230024CDE906236FF06A
:10A1300007034FF48062CDE90334CDE90144154BA8
:10A140001549009415481FF0D3FE154913481FF018
:10A1500013FE144B14498B4207D30020134B1449B0
:10A160008B420CD3002009B030BD03F11402D2E8B9
:10A17000EF0FC2E8E54F002DF9D11833EBE703F1FB
:10A180001402D2E8EF4FC2E8E50F002DF9D11833E1
:10A19000E6E700BF319F0100C8500220B05E0020FA
:10A1A000D25605000824002020240020202400206E
:10A1B0003824002030B5024605461149806985B033
:10A1C0002AF0C9FF044678B10E490B685B0708D036
:10A1D0000D4B0122029300231846CDE9003325F0F0
:10A1E00033FC204605B030BD85F83400284600F029
:10A1F00061F904460028F4D0A8692AF0DBFFF0E7F3
:10A20000219F0100781F0020D75605002DE9F0435B
:10A21000012506460C462F4685B02068002849D007
:10A2200065F07F02D2B211465FFA85F825F02CFC6A
:10A2300010B3D6F800901146484625F025FC034699
:10A2400070B91E490C68640707D003921C4A00933A
:10A25000CDE90132012225F007FC6FF015002AE05C
:10A2600022F08002103207FA02F229EA0203336078
:10A27000236823EA020323604146206825F004FC9A
:10A28000A8B132684146104625F0FEFB034628B9C6
:10A290000A490A685207E0D00395D7E707FA05F1A3
:10A2A00022EA01023260236823EA010323600135B8
:10A2B000102DB2D1002005B0BDE8F0838C1F002026
:10A2C000FE5605002DE9F04F002791B05368CDE907
:10A2D0000821D5680B9004930E97059775B9059BD7
:10A2E000049A09339BB293701B0AD370089B1771B1
:10A2F000DD68002D40F0CC802C46B3E00023686878
:10A300000F9383681B6B002B00F0B380099998476B
:10A31000002800F0AE8000233E46C5E90333A0F1DB
:10A32000040959F8043F0BB11A78C2B9BE4240F291
:10A330009D80EB680F9A1343EB60686883689B6AA3
:10A34000002B00F0988098470446002800F0968083
:10A3500055490B685B0700F08580544B7AE05A78CA
:10A360000B2A08BF9E70D9F800305A78042A10D101
:10A37000EA680F990A43EA60DA78002A59D1012283
:10A380009E702B69B240134301362B61F6B2002355
:10A390000F93D9F8008098F80130052BC1D16FF0E8
:10A3A00012044FF0010B0B9B9B690A9398F8043041
:10A3B00098F805205FFA8BFA43EA0223ADF83630AD
:10A3C00098F90230002B0E9BB8BF4AF0800A514624
:10A3D0001846069325F058FB90BB0F9B5146184634
:10A3E000079325F051FB58BB98F8063098F80320E6
:10A3F000514600930A980DF136032AF00AFD0446EF
:10A40000F0B901231AF0800F1EBF2AF0800110312D
:10A410008B400698079908BF03FA0AF3BDF8362067
:10A4200019431843CDE90E0188F802A0A8F80420CA
:10A4300077E7721E9A700FA90EA8FFF7E7FEA6E74E
:10A440000BF1010BBBF1100FB0D117490B685A0784
:10A4500008D0174B0293002301221846CDE90033A0
:10A4600025F002FB204611B0BDE8F08F6FF0150417
:10A47000EBE73E4661E76FF0850469E76868099994
:10A4800025F078FB059B374603442D68059325E7A7
:10A49000EB6805F10C01AB600EA8FFF7B7FE0446B0
:10A4A0000028DFD12D6824E78C1F00203F570500CE
:10A4B0001B5705007FB5836905461B69C26E93F87B
:10A4C0008030C3F34113022B0CD0032B0CD0012B93
:10A4D0000CBF10230823D371AE6D3EB92E6D0EBB99
:10A4E00034461AE02023F6E74023F4E73246012100
:10A4F0002846FFF7E7FE044690B113490B685A0758
:10A500000BD073685B790393104B029300230122F5
:10A510001846CDE9003325F0A7FA204604B070BDF7
:10A520003668DAE7324600212846FFF7CBFE0446BC
:10A5300040B105490B685B07EFD073685B79039303
:10A54000034BE2E73668CAE78C1F0020635705001B
:10A55000865705002DE9FF4105460E4625F0CCF84B
:10A5600095F83430804683B3284625F0C3FA074671
:10A5700040B30146284625F04DFB10220446002139
:10A5800005F1360030F02BFC002385F83430FF68ED
:10A590008FB9D4B11E490B685B0708D01D4B01224F
:10A5A000029300231846CDE9003325F076FA2046C1
:10A5B00004B0BDE8F081786883685B6A03B19847AE
:10A5C0003F68E5E76FF03C04E4E71EB985F83460C6
:10A5D0000024ECE732464146284625F077FA074644
:10A5E00090B10246284625F03FFB04460028DED104
:10A5F00085F83460FC68002CEAD0606883681B6AC8
:10A6000003B198472468F6E76FF03C04CFE700BF3A
:10A610006C1F0020F85305002DE9FF4105468846D0
:10A620001446566825F049FA95F86830DF0715D5C5
:10A6300069490B68580708D0684B01220293002330
:10A640001846CDE9003325F028FA6FF00F08281DD1
:10A6500025F03AFA404604B0BDE8F081B8F1010FA8
:10A6600027D1284625F04DF8034668B95A490A68AB
:10A67000520706D05A4A0090CDE90102424625F021
:10A680000CFA6FF08508E2E7F3799B063AD5AB69DF
:10A690001B69D3F8803013F0020325D14E490A68B4
:10A6A0005607EED04F4A029201221846CDE90033F8
:10A6B000E5E7F3799F06EAD4B8F1000F1AD1AB6D44
:10A6C000002B38D105F1500700223B68002B3CD10C
:10A6D0006268B8F1000F62D1EB6E5B7C0133DBB2D4
:10A6E0005371EA6E53743BE0B8F1000FE7D0B8F154
:10A6F000010F07D038490B685C07C2D03A4B029370
:10A700000023D1E72B6D13B905F15807DCE79C4214
:10A710000FD131490B68580708D0344B02930023FE
:10A7200001221846CDE9003325F0B7F96FF015087E
:10A730008DE71B68E7E7A34205D127490B685A0755
:10A74000F4D02B4BEAE71B68BAE79C4224D123687C
:10A75000E2B97A683B60944200D17B6000232360B9
:10A76000A16869B3284625F079F8804620B31A49D4
:10A770000B685B073FF46BAF1E4B01220293002373
:10A780001846CDE9003325F088F960E713607B684F
:10A790009C4208BF7A60E1E71A461B6896E7B8F169
:10A7A000010F02D001235371DAE72B6F5B7C013379
:10A7B000DBB253712A6F95E7A06825F0DAF8B07123
:10A7C000002323607B6823B9C7E900444FF00008E9
:10A7D0003DE71C607C60F9E76C1F0020CD57050049
:10A7E000EF570500A9570500475805000D5805000B
:10A7F0002A580500675805007FB50546A9B101290B
:10A800000BD1164C164E1BE0636828461968F6F704
:10A8100025FC38B11834B442F6D312490B685B07F3
:10A8200011D10024204604B070BD0F4C0F4EF2E74A
:10A83000636828461968F6F711FC0028F2D018342E
:10A84000B442F5D3E9E70A4B0122029300230395B2
:10A850001846CDE9003325F076F9E2E72024002000
:10A8600038240020741F0020082400202024002009
:10A870009E5805007FB5012501F07F0311F0800F80
:10A8800018BF10339D4090F82C300446022B0FD097
:10A8900011490B685B0708D0104B0122029300237B
:10A8A0001846CDE9003325F04EF9002004B070BD04
:10A8B00090F8346024F020FF32460146204625F00F
:10A8C00005F90028F1D0C0680028EED083681D4249
:10A8D000ECD10068F8E700BF741F0020BC580500E9
:10A8E0002DE9F043054685B00846114616469946BF
:10A8F000FFF782FF0446002850D0284625F033F9A0
:10A9000095F86830DF0716D526490B68580708D137
:10A910006FF00F04281D1EF083FE204605B0BDE831
:10A92000F083214B0293002301221846CDE9003326
:10A9300025F009F9ECE7D4F8048004F11407D7E80E
:10A94000AF0F10F00103E3D1D8F8042042B1AA42BE
:10A9500006D014490A685207DAD0144A0292E3E793
:10A960004A463146284625F0B1F8A0B100232360BD
:10A9700003696BB9C0E90344D7E8EF3F43F0010333
:10A98000C7E8E23F002AF7D10024C8F80450C1E725
:10A990001C600461F0E76FF03C04BBE76FF0120449
:10A9A000BBE700BF741F0020CD570500E15805002C
:10A9B0002DE9F0430129804616461F4687B02CD169
:10A9C000294DDFF8B89021E027B13946284625F017
:10A9D000AAF8D0B969683346012240460968FFF7F2
:10A9E0007FFF044688B121490B685A0711D00496AD
:10A9F0006B681B6803931E4B0293002301221846C9
:10AA0000CDE9003325F09FF803E018354D45DBD341
:10AA10000024204607B0BDE8F08301B36FF0850441
:10AA2000F7E718354D45F3D22FB13946284625F0C2
:10AA30007AF80028F5D16968334600224046096853
:10AA4000FFF74EFF04460028EBD008490B685B0770
:10AA5000DFD004966B681B680393064BCCE7064D6A
:10AA6000DFF81C90DEE700BF20240020741F0020C8
:10AA700016590500435905000824002038240020F9
:10AA8000202400207FB50BAB05930393054B0122D7
:10AA9000029300231846CDE90033F9F7A5FB07B070
:10AAA0005DF804FB7B5905002DE9F04F8BB04C6835
:10AAB0000E460993804617469DF850B024F01CFEC0
:10AAC000A36801461B6B2BB96FF0150420460BB031
:10AAD000BDE8F08F204698470028F5D00024051FD8
:10AAE00006F10C0955F8041F09B10B782BB9002C9D
:10AAF0000CBF6FF03C040024E8E74B78042B0DD129
:10AB0000002C37D18B78099A9342EBD1CB785B45F7
:10AB1000E8D10B79002BD9D00124E3E7052BE1D153
:10AB2000002CDFD0012F91F802A008D0022FF3D122
:10AB30004A465146D8F8180025F026F904E04A465E
:10AB4000D8F8180025F004F904460028E4D00A4992
:10AB50000B685B07BAD00690F3680122CDE904A325
:10AB6000064B0397029300231846CDE90033FFF705
:10AB700089FFABE70024A9E7881F00207B59050067
:10AB80007FB50BAB05930393054B01220293002382
:10AB90001846CDE90033F9F727FB07B05DF804FB51
:10ABA000B75905002DE9FF410B7E054633F08006BD
:10ABB0000C4642D11F0636D524F0EBFD88B1204962
:10ABC0000B68580708D01F4B0122CDE901633046BE
:10ABD00033460096FFF7D4FF4FF0FF3004B0BDE8D6
:10ABE000F0812846D5F86C80268AEF8C24F084FD0D
:10ABF00000B3421E534253419B01228A9AB1BE4286
:10AC0000324628BF3A46E98C91420CD9B2FBF3F1A7
:10AC100003FB11223AB994F91830002BBEBF637EB2
:10AC200043F0080363762146A86904B0BDE8F0410B
:10AC30002AF0D8B998F80730DFE76FF01500CDE7B4
:10AC4000841F0020B759050070B50646EFF3118147
:10AC5000102282F31288BFF36F8F1D4C236881F39B
:10AC60001188BFF36F8F5B6893F86830DB0705D4FA
:10AC7000BDE870400A2200231EF0E4BFEFF3118309
:10AC800082F31288BFF36F8F256865B983F311884B
:10AC9000BFF36F8F2368D3B13046BDE87040002208
:10ACA00000231EF09BBF61682A688D4208BF626066
:10ACB000226083F31188BFF36F8F686805F1080184
:10ACC000C3699847294603482FF02DF8E2E770BD85
:10ACD0004CA40020F41F002030B585B06C4605461A
:10ACE00084E8060000230022144803A91EF014FB88
:10ACF0000246E8B994E80300039B5D60083383E8EB
:10AD00000300EFF31180102383F31288BFF36F8FDA
:10AD1000039B1A600A4A516861B9C2E9003380F3A3
:10AD20001188BFF36F8F0022002306481EF056FFE4
:10AD300005B030BD0B605360F1E700BFF41F002089
:10AD40004CA400205005002000B5034630F060FB05
:10AD5000094A1158094A91420CD11B6993F84000E5
:10AD600030B1DA6B9388918910695B1A9BB2C01A73
:10AD70005DF804FB0020FBE710000000A85F002046
:10AD800000B5034630F044FB054A1158054A91428C
:10AD90000ABF1B69002093F838005DF804FB00BF70
:10ADA00010000000A85F002000B5034630F030FB23
:10ADB000084A1158084A914207D11B6993F840206C
:10ADC0002AB993F838005DF804FB0020FBE7012066
:10ADD000F9E700BF10000000A85F002038B5046943
:10ADE00004F18805D5E8EF3F43F00403C5E8E23FEE
:10ADF000002AF7D1636B5A89DB889A4204D009484C
:10AE000004F124012FF0BFFA0421284625F07EF832
:10AE100030B904F178010348BDE838402FF0B3BAE7
:10AE200038BD00BFA85F002010B5034630F0F0FA2F
:10AE3000074C24580748844208D11C69606B22F0F3
:10AE400072FD10B1012384F8393010BD0020FCE7F9
:10AE500010000000A85F002010B50469606B4289F3
:10AE6000C3889A4202D14FF0FF3010BD012222F078
:10AE70005AFD0028F7D0034804F178012FF083FA37
:10AE80000020F2E7A85F002038B5034630F0C0FA92
:10AE90000D4C24580D48844213D11C69EFF31185E1
:10AEA000102383F31288BFF36F8FE06B22F01BFD3A
:10AEB00085F31188BFF36F8F10B1012384F84130FF
:10AEC00038BD0020FCE700BF10000000A85F002094
:10AED00038B503464D7814461A69202D4068136929
:10AEE00008D0222D3AD030F093FA6FF08502204B33
:10AEF0001A502DE0C9880729F5D1E1680C685C601B
:10AF00008C881C818979997259681961197A61B1A3
:10AF100001290CBF022103215975597A4C1E032CBB
:10AF200005D8DFE804F0050505050121F4E7002157
:10AF30001975997A06290DD007290DD005290CBF5E
:10AF4000002103219975997ED975082124F0A6FF67
:10AF5000002038BD0121F5E70221F3E74988C1F35C
:10AF60004004998101F0010159761C760921EDE731
:10AF700014000000034630B51B6940685D6885B069
:10AF8000AC68A37A84F8223094F8343084F8233003
:10AF9000696879B124F062FC78B10A490B685B07F3
:10AFA00008D0094B0122029300231846CDE9003353
:10AFB00024F0E3FF002005B030BD686824F0D9FC20
:10AFC0002074F7E7681F0020DC59050037B500251D
:10AFD000094C20462FF0E7F94FF0FF334FF4806221
:10AFE0002046064900951EF091FD054920461EF0B9
:10AFF000C3FE284603B030BDA85F0020C85402201D
:10B00000065A050008B51346026910694A78212AD4
:10B0100012D133B930F0FCF96FF00B02094B1A5022
:10B0200008E0CA88011D072A28BF072203F10C0087
:10B0300024F06CFA002008BD30F0EAF96FF08502C8
:10B04000004BECE71400000073B5102504698DF87F
:10B050000710EFF3118685F31288BFF36F8F01227B
:10B06000E06B0DF1070122F03EFC86F31188BFF37F
:10B070006F8F012809D02FF0CFF908B9A37E6BB9E3
:10B08000094B1A780AB901221A700A22002304F126
:10B09000480106481EF078FD02B070BD00210A206C
:10B0A0002FF095FAD5E700BF26D80020A85F002032
:10B0B0002DE9F041036906460D4647681C6991F881
:10B0C000188086B0002A3BD071320FD03F490B6800
:10B0D0005B070BD02B8A0122CDE903833C4B029303
:10B0E00000231846CDE9003324F047FF304695F899
:10B0F000188024F01FFF804504D1042104F188004A
:10B1000024F054FF304695F8188024F021FF804544
:10B1100004D1052104F1880024F048FF304695F859
:10B12000188024F0F9FE804503D104F18C001EF054
:10B1300059FB2946384606B0BDE8F04124F056BE1A
:10B1400024F0F8FE404516D12A8AE968606B22F0A7
:10B15000CAFB30B1E36923B11E4804F124012FF08A
:10B1600012F9042104F1880024F020FF194804F1A9
:10B1700078012FF008F9304695F8188024F0E8FEA1
:10B18000804517D1E36923B1124804F124012FF05F
:10B19000FAF8052104F1880024F008FFE36B5A89CE
:10B1A000DB889A4206D0002200230A4804F14801B5
:10B1B0001EF0EAFC304695F8188024F0ADFE80457C
:10B1C000B7D104F18C001EF0ADFAB2E7681F002081
:10B1D000155A0500A85F002038B5002405690C4900
:10B1E000EB6B05F14800C3E90144DC606B6BC3E91C
:10B1F0000144DC602FF0DEF805F1780005492FF0FE
:10B2000097F805F1240004492FF092F8204638BD44
:10B21000D5B4010019B401001DB2010030B550F8D9
:10B22000243C04465B6885B01A6850F8083C6BB94A
:10B230002F490A68520707D02E4A1846CDE9013235
:10B240000093012224F099FE05B030BD002300F1E7
:10B250006405838283830221284624F057FEC8B107
:10B2600054E9023110699847637D23B1224804F103
:10B2700054012FF088F80521284624F047FEA0B994
:10B28000637F73B10022002304F124011A481EF0E9
:10B290007BFC0AE00321284624F038FE0028DFD199
:10B2A000E2E714F8093C002BECD10221284624F0F7
:10B2B0002DFE40B123695A89DB889A4203D021468A
:10B2C0000D482FF060F80321284624F01FFE0028C7
:10B2D000BAD0A2699388918912695B1A9BB29A428B
:10B2E000B2D02146044805B0BDE830402FF04BB83D
:10B2F000681F0020365A0500A85F002008B50346E5
:10B3000030F086F8144A1158144A914221D11B6931
:10B31000022103F18802104624F0F8FD28B1596B90
:10B320004889C988401A18BF012083F838000321D2
:10B33000104624F0EBFD40B1DA6B908891891269D8
:10B34000401A80B2801A18BF012083F84000012003
:10B3500008BD0020FCE700BF10000000A85F00202F
:10B3600070B503691C6904F18805D5E8EF2F42F038
:10B370000102C5E8E12F0029F7D10221284624F077
:10B38000C5FD10B11846FFF729FD0321284624F01A
:10B39000BDFDB8B1E26B9388918912695B1A9BB2CB
:10B3A0009A4206D004F124010748BDE870402EF00F
:10B3B000EABF04F148010022BDE8704000230248C2
:10B3C0001EF0E2BB70BD00BFA85F0020016901F163
:10B3D0008803D3E8EF0F40F00800C3E8E20F002A2B
:10B3E000F7D1CA6B9388908912691B1A9BB29A4253
:10B3F00003D0024824312EF0C6BF7047A85F00205A
:10B4000010B5002204460023024824F018F800B1C9
:10B41000047610BDF82100207FB550F8782C00F19B
:10B4200010045268034600212046156824F06EFD82
:10B43000002848D00121204624F068FD002842D190
:10B4400053F8442C68689388918916695B1A9BB2FB
:10B45000F61A24F0A2FDB04235D8D4E8EF3F43F00D
:10B460001002C4E8E12F0029F7D1DA062BD42846D0
:10B4700024F060FD0646FFF7C3FF044618B3686872
:10B4800024F08BFD638A984203D2686824F085FD1E
:10B4900083B221462846638224F090FC98B10B4980
:10B4A0000B685B0709D00A4B012202930023039625
:10B4B0001846CDE9003324F060FD204604B0BDE815
:10B4C0007040FCF799BF04B070BD00BF681F00203A
:10B4D0004E5A05002DE9F04350F8483C00F1400574
:10B4E0005B68074685B000212846D3F8008024F029
:10B4F0000DFD00285AD00121284624F007FD002820
:10B5000054D1D5E8EF3F43F02002C5E8E12F0029F0
:10B51000F7D19A064AD4404624F01AFDFFF770FF8F
:10B52000064660B92846052124F040FD0A22002382
:10B530003946204805B0BDE8F0431EF025BB8146E2
:10B54000428A59F80C1F57F80C0C22F0ECF904460B
:10B550000146484623F0D4FF54B1D8F8040024F043
:10B560001CFDB4FBF0F303FB1044B4FA84F464094B
:10B570003146404607F82D4C24F020FCB0B10E496E
:10B580000B685B0708D00D4B01220293002318467D
:10B59000CDE9003324F0F1FC3046FCF72DFF052106
:10B5A000284605B0BDE8F04324F000BD05B0BDE875
:10B5B000F08300BFA85F0020681F0020735A0500B9
:10B5C00001481EF02DB800BF141300202DE9F041F2
:10B5D00084B005460E4604AF00231A4601F058F920
:10B5E000041E11DA1E490B685A0709D01D4B0122AF
:10B5F0000293002303941846CDE9003324F07FFD25
:10B600002046BD46BDE8F08124F00303DA1D22F098
:10B610000702ADEB020D0DF11008284642463146F7
:10B6200001F036F9051E05DB0025A408A54211DB53
:10B630000024E5E70A490B685B0709D00A4B0122A1
:10B640000293002303951846CDE9003324F057FDFB
:10B650002C46D5E758F8253098470135E6E700BF76
:10B66000FC1E0020C35A0500E05A050038B5054607
:10B670004FF0FF334FF0FF3208481DF059FF084BE1
:10B680001C682CB10F222946201D2FF063FC18B92D
:10B69000FFF796FF204638BD2468F2E71413002018
:10B6A00054A80020F8B506460F464FF0FF334FF080
:10B6B000FF3209481DF03CFF084B1D6825B92C4698
:10B6C000FFF77EFF2046F8BD39462846B0470446BE
:10B6D0000028F5D12D68F1E71413002054A80020AC
:10B6E0002DE9F0410E46044690B100250768AF42AF
:10B6F00011D1002409E00835BD4206D23146286840
:10B70000F5F7ACFC0028F6D16C682046BDE8F08166
:10B71000084D094FF0E76368314653F8350003EBF5
:10B72000C508F5F79BFC10B9D8F80440EDE70135E2
:10B73000DDE700BF84BF040034CC04002DE9FF41E5
:10B740000546084614460F469846FFF78FFF2060CF
:10B750004FF0FF324FF0FF3326481DF0E9FE266818
:10B7600056B1D6F88C506B1CC6F88C30FFF728FF0A
:10B77000284604B0BDE8F08100230022BC211E4809
:10B780002EF091FA0346206068B91C490A685207F6
:10B7900006D01B4A0090CDE90102012224F0AFFC43
:10B7A0006FF00B05E2E701464246284600F080F9BB
:10B7B000051E05DA216810482EF07FFA2660D5E7CD
:10B7C00020680F22394604302FF0D6FB2368DE7440
:10B7D0002268D2F88C300133C2F88C302368094AD1
:10B7E0001E60516811B9C2E90033BFE70B605360B6
:10B7F000BCE700BF141300202C200020FC1E0020FA
:10B80000015B050054A8002070B5064604684FF09F
:10B81000FF334FF0FF3224481DF08AFED4F88C30FD
:10B820005D1E012BC4F88C5003D0FFF7C9FE2846DB
:10B8300070BD00211D4B1A6852B1944230D122686C
:10B8400041BB59681A608C4200D15A6000232360C2
:10B85000204624F002FD00233360FFF7B1FE94F888
:10B86000B83023B1D4F8B41011482EF026FA20468F
:10B8700000F0E2F8D4F880100D482EF01EFAD4F84B
:10B8800088100B482EF019FA094821462EF015FAB7
:10B890000020CDE70A605A68944208BF5960D5E796
:10B8A00011461268C8E700BF1413002054A80020F6
:10B8B0002C2000207FB504460D46164624F03AFCA5
:10B8C00000280FDA0E490A68520709D00D4B039081
:10B8D0000293002301221846CDE9003324F00FFC27
:10B8E00004B070BD3046A847204624F026FC00284E
:10B8F000F6DA03490B685B07F2D0034B0390E7E7E6
:10B90000FC1E00202A5B05004C5B05007FB50BABDD
:10B9100005930393054B0122029300231846CDE9BA
:10B920000033F8F761FC07B05DF804FB715B0500BC
:10B930002DE9F04F9046282200F1480502FB0855FA
:10B940006A6907460E4689B0002A42D001EB880991
:10B950002C6AC9F84C2093F801B0BBF1000F61D1FB
:10B96000202C4FF0000338BF202402F11F0A0022D0
:10B970002AF01F0ACDE90023214652462B482EF01B
:10B9800051F90346C9F81400A0B929490A685507B6
:10B990000AD0284ACDE90448CDE90102CDF80CA02F
:10B9A00001220090FFF7B2FF6FF00B05284609B0A7
:10B9B000BDE8F08FB26F04465244B2676B686A69A3
:10B9C000082B08D159462FF00AFA0123464486F87D
:10B9D00040300025EAE79246AA682B6992070AD50B
:10B9E000ED6959462A4607932FF0F9F9079B2C4435
:10B9F0002B44AAEB050A19463846BA689047054613
:10BA000038B95246214638467B6898470546002893
:10BA1000DBD0D9F8141005482EF04FF90023C9F8EF
:10BA20001430C3E76FF00D05C0E700BF2C200020E5
:10BA3000FC1E0020715B05002DE9F0414FF000086D
:10BA40000A4F00F13F0600F1140500F1400416F81A
:10BA5000013F2BB1384629682EF02FF9C5F8008038
:10BA60000435A542F3D1BDE8F08100BF2C200020B1
:10BA700001460022002301482EF015B92C20002099
:10BA800010B5D0F8003204466BB18B6FD1F8B020FE
:10BA9000A3EBC2038B67D0F8001204482EF00DF917
:10BAA0000023C4F80032002010BD00BF2C2000206D
:10BAB0002DE9F04F002699B011ABB24208BF1A46EB
:10BAC0000D46044601270B923146BC222846CDE99B
:10BAD000116613968DF844702FF081F92368C4F82D
:10BAE0000062A3B120469847834680B1B0490B68F5
:10BAF000580700F0CF80AF4BCDF80CB0CDE9016313
:10BB0000334600960122184624F051FBC2E0002182
:10BB1000204624F045FB834668B1A5490B685A07C7
:10BB20003DD0A54B029300230122CDE900331846F6
:10BB300024F03DFB33E004F1140634223146204664
:10BB400024F02CFB834628B199490B685B0726D06B
:10BB50009A4BE7E70422304699492FF0B7F9074698
:10BB600080B193490B685F0717D0964B012203936E
:10BB7000954B5846CDE901B310230093334624F08A
:10BB800016FB0AE0A38C23F00202012A1FFA82F8B6
:10BB900019D087490A6856070DD16FF0070B844901
:10BBA0000B68580776D0894BCDF80CB00293002370
:10BBB000CDE90033A6E70393854BCDE9017301225C
:10BBC0003B460097DBE7B4F84230282B06D0784993
:10BBD0000A685207E1D003937E4BEEE7B4F8446065
:10BBE000C5F8B060F6003046FFF742FF0346C4F8E0
:10BBF000000278B96E490A68570702D16FF00B0B43
:10BC0000CDE7754A0396CDE901320093424624F010
:10BC1000CEFAF3E7AB6F0B213344AB6738463B46B4
:10BC2000D5F8B0209A4250D82046616B24F0BAFA79
:10BC30000646C5F8B400002852D0002385F8B83075
:10BC400004F148034FF4DC7200211846B4F8469022
:10BC50000D932FF0C4F84FF0000E4FF0FF3AF0466E
:10BC60004FF0280BD5F8B030734501D9032F73D1AD
:10BC7000D4F864313BB1D4F83C3123B1D4F8143159
:10BC8000002B40F0F8804A4F3B685A0740F0D680BE
:10BC90006FF0070B002629462046FFF7F1FED5F886
:10BCA00080104E482EF009F8C5E91F66BBF1000F61
:10BCB00000F0BD832846FFF7BFFED5F8881047483F
:10BCC0002DF0FBFFC5E92166B1E3D4F8002202F8AC
:10BCD0003310D4F8002202EBC302506001339FE717
:10BCE00028224FF00108D5F8B03085F8B88002FB63
:10BCF00003F94846FFF7BCFE0346C5F8B40040B957
:10BD00002B490A6852073FF479AF354ACDF80C90B9
:10BD100079E72046616B24F043FA834658B1244901
:10BD20000B685B073FF43BAF2E4BCDE90163424606
:10BD300033460096FBE64A462046D5F8B41024F078
:10BD40002DFA834600283FF47BAF19490B685F0743
:10BD50003FF425AF244BE8E7D5F8B4600BFB0E6643
:10BD60007368022B1ED1A38C012B16D1B24604F5A9
:10BD7000887CBAE80F00ACE80F00BAE80F00ACE826
:10BD80000F0005229AE803008CE80300D4F8003283
:10BD900003F80820D6F818A001370EF1010E08F1BB
:10BDA00008085FE70B2B21D1A38C032BDDE700BF35
:10BDB000FC1E0020A75B0500CC5B0500EA5B0500CC
:10BDC0002E600500045C05008A3F0500FA5C050052
:10BDD000265C0500435C0500625C05002C20002009
:10BDE0008B5C0500B85C0500DB5C0500032BD4D13F
:10BDF000F14511D10FCE04F5B07CACE80F000FCEA9
:10BE0000ACE80F00072296E803008CE80300D4F8A2
:10BE1000003203F80820BFE7D645BED10FCE04F5A7
:10BE20009C7CACE80F000FCEACE80F0096E8030056
:10BE30008CE803000622D4F80032EAE70026964B8D
:10BE400001220293394633463046CDE9006624F09C
:10BE5000AEF93B685B073FF41BAF6FF0070303933A
:10BE60008E4B0122CDE901633946334630460096B8
:10BE700024F09DF90CE7294620460B9A24F060F93E
:10BE8000834640BB8046D5F8B03043452CD8224687
:10BE900023464FF0000CD96C002900F05881D86D72
:10BEA000002800F05481996EA78C9E6D0139032FF4
:10BEB00001EA060140F046815F6DB94240F24081DF
:10BEC00077490B685F0700F0B880764BCDF80CC05F
:10BED00002930023C8E072490B6858073FF4DAAEBA
:10BEE000714BCDF80CB061E62823D4F8009203FB27
:10BEF00008F319F83810D5F8B4200B2902EB030722
:10BF00004FEAC80AD3582A6B1FD1D3187E68184647
:10BF100066490C93F5F7A2F8012E0BD0083E082EC7
:10BF200011D8082E0FD8DFE806F04A0E0E0E0E0EBE
:10BF300039133D00BB685A073CD4DB0736D40028D0
:10BF400018BF022607E000283DD008F101089AE753
:10BF5000002818BF0A2608BF0426BB689807F4D536
:10BF600079690029F1D0A6F10802022A2DD87B6A4E
:10BF7000042B01D1890728D049490B685A075CD0A6
:10BF80000C9BCDF810800393494B029300230122B0
:10BF90001846CDE9003324F00AF94EE0002818BF16
:10BFA0000926D8E7002818BF0826D4E7002818BFBC
:10BFB0000126D0E7B0FA80F67609B600CDE7002872
:10BFC00018BF0326C7E70426C7E709F80A604FF041
:10BFD00028090D9B09FB06390B9B5B685BB9D9F8F7
:10BFE00004307BB907F1280357F8042B9F4249F826
:10BFF000042BF9D1A9E738460E9298470E9A0028EB
:10C00000EDD0A2E7B868D9F8081080EA010313F070
:10C0100007031DD0224F3B685B070ED00C9B03909B
:10C02000CDE90413234B012202930023394618461D
:10C03000CDE90033069624F0BAF86FF0070B1849E3
:10C040000B685E073FF426AE1B4BCDF80CB0ADE598
:10C05000032E10D0D2B2022A34D811490A685707E9
:10C06000EBD0164A0396029201221846CDE900331E
:10C0700024F09DF8E1E70A490A68500700F05C8166
:10C080000F4A1846CDE901320093012224F08FF8BF
:10C090006FF0850BD3E700BF205D0500555D0500FF
:10C0A000FC1E0020855E0500815D0500AC5D05007D
:10C0B000BA5D0500D95D0500275F05003F5E0500FC
:10C0C000105E0500B4F824E0D7F80CC0BEF1030FF1
:10C0D000D9F80CA03869D9F810100ED1ACEB0A0EC3
:10C0E000421A964509D0AB4908684207A5D00C9A78
:10C0F00004960392A84A029249E781420A4628BF61
:10C1000002467B693E6A1844D9F81430C9F81020F9
:10C11000194488422CBFC2EB0002C2EB0102D9F8DD
:10C120002030D44594BFC9F80CC0C9F80CA0C9F898
:10C1300014209E422CBFC9F82060C9F8203004E7C3
:10C140007F1A5F65761A08449E65D86559660CF1BA
:10C15000010CBCF10B0F03F128037FF49CAE00210E
:10C16000CDE90C110131084613460C9E013E0E9696
:10C170000B287FD10B2902F12802F1D12821D5F813
:10C18000B0305B4500F2C380294620460B9A23F06D
:10C19000E9FF8346002840F0D280D4F82471D4F817
:10C1A00034913F09E867D4F8208105D082460AF12E
:10C1B000010A574500F3CC80EE6FF6003046FFF7DA
:10C1C00057FC0346C5F88000002840F0ED80714917
:10C1D0000A68520740F033816FF00B0B5AE50D9E51
:10C1E000042E42D0042800F08F80A68C032E39D173
:10C1F000166DB70736D59E6FB60733D5566ED2F893
:10C200005480D3F88C7008EB0609DE6F3744B945CB
:10C2100007D80EEB080A0AF1FF3A574507D9B94586
:10C2200020D10CEB060A0AF1FF3AD1451AD8594938
:10C230000B685A073FF401AFF04408F1FF3366443E
:10C24000CDE90493013E0C9BCDE907760393534B54
:10C2500006900293002301221846CDE9003323F013
:10C26000A6FFEAE60D9E032E1FD1013028337FE79B
:10C2700004202833D66C002EF7D0D2F85CE0BEF153
:10C28000000FF2D05E6F002EEFD0D3F884C0BCF167
:10C29000000FEAD00E9E012EA1D8042834D0A68C1F
:10C2A000032E02D1166DB607A5D40328E0D0D2F82C
:10C2B0005880566ED3F88090D3F88C7046444F4423
:10C2C000BE4207D80EEB080A0AF1FF3A574507D9D4
:10C2D000BE42CAD10CEB090A0AF1FF3A5645C4D84E
:10C2E0002C490B685B073FF4A8AECC440CF1FF333C
:10C2F000C644CDE907730EF1FF33CDE904630C9B0F
:10C3000006900393264BA4E705202833B2E7D4F820
:10C31000003203EBCB0013F83B300B2B09D0D5F8E0
:10C32000B42001FB034301FB0B229B6D1269D31A5E
:10C3300043600BF1010B22E76FF0850BAAE415496E
:10C340000B6858073FF4A6AC164BCDF80CB02DE4A3
:10C35000C8444146204623F023FF0646002840F00B
:10C360003D814A46204614A923F018FF06460028BE
:10C3700040F034819DF85C3003F00F02013A012A4D
:10C380003FF615AF1B09012B02BFEB6F0133EB67C3
:10C390000DE700BFFC1E0020535E0500A85E0500EF
:10C3A000E55E05004A5F0500324600212EF017FDCC
:10C3B000AB6F3344AB67D4F834310D93D4E94823E1
:10C3C0001B090C920F9345D10B9B1B78002B40F05F
:10C3D000C880D4F8FC00C3080728C5F8843013D9F6
:10C3E00020F007006E6AFFF743FB0346C5F888009C
:10C3F000002800F0C980002708360B9B5A78D5F832
:10C4000084309F42C0F0CA800B9B5B7813B92846EA
:10C4100023F0C3FE0B9B1B7A002B3FF43BACD5F8FB
:10C42000801076482DF049FC0023C5E91F332369AD
:10C430000BB120469847584619B0BDE8F08F6FF011
:10C440000B0203926E4ACDE901320093012223F0E0
:10C45000AEFEC1E60027BA460F9B0AF1010A53451A
:10C46000B2DDDDE90C321344194620460C9323F06B
:10C4700097FE002840F0B08020460D9A14A923F0C2
:10C480008DFE002840F0A8809DF85C30BDF85E90DD
:10C4900003F00F02013A012ADED81B09012BDBD180
:10C4A000B9F1000FD8D0FB0014990E93EB6AD5F8C0
:10C4B00080200B4442F837302822D5F8B43002FBF4
:10C4C00009380B9BD8F80C605B789BB10B9B5B68C1
:10C4D00063B9A38C0E9A012B18BF0026D5F88030C3
:10C4E0001344159A32445A600137B5E740469847DD
:10C4F0000028EED04A462946204623F068FE03462F
:10C5000000BB2046D8F8101023F04CFE0346C8B9F3
:10C510003C490A6857070BD16FF0850B39490B6806
:10C520005E073FF4B7AB384BCDF80CB0FFF73EBB1E
:10C53000364ACDF80C90CDE901020090012223F09B
:10C5400036FEE9E7A28C1599012A08BF0026D5F826
:10C5500080200E9818BF7642314402440B44536049
:10C56000C2E7294620460B9A00F0D6F80646002876
:10C570003FF42FAF23490B68580702D1B346FFF7AA
:10C5800089BB234B03962FE01E490A6852073FF4EC
:10C5900023AE6FF00B0203921E4A54E756F8081CB4
:10C5A0007AB956F8080CD5F88830083643F83700C1
:10C5B000D5F8883056F80C2C03EBC7035A600137C6
:10C5C0001BE7204623F030FE011EEADD204623F063
:10C5D000E9FD0028E7D1E4E783469FE709490B68B6
:10C5E0005B07CBD00C4B0396029300230122184625
:10C5F000CDE9003323F0DBFDC0E700BF2C20002095
:10C60000965F0500FC1E0020DF5F0500C85F050087
:10C61000FE5F050015600500695F05002DE9F0412A
:10C6200098465B688AB01B0A0F46DDE9104615463E
:10C6300004D12B6000200AB0BDE8F081E289002A15
:10C640003DD131461046FFF74BF804462860C8B983
:10C65000CDE90860079007A92B48FFF723F8099A4E
:10C66000079B2A6072B107F18C0252F8041F8B42BB
:10C67000E0D001BB243447F82430D3F88C200132B9
:10C68000C3F88C202B68002BD4D120490A685207AC
:10C690000ED0129A184692690592D8F8002000939D
:10C6A000CDE903621A4ACDE90132012223F0ACFD43
:10C6B0006FF03C00BFE70134082CD6D1BAE74FF643
:10C6C000F1739A4201D16368B3E7B0F84430934202
:10C6D00008D9B2F57F4F05D223F079FD636818447D
:10C6E0002860A7E709490B685B070AD0094BCDE929
:10C6F00003220293002301221846CDE9003323F0E0
:10C7000083FD6FF0070096E7F1010400FC1E002096
:10C7100032600500816005002DE9F04704460F46B0
:10C7200000264FF028098CB0D7F8B0108E4201D304
:10C7300000202FE0D7F8B43009FB063ADAF80420DD
:10C74000042A17D0092A68D1DAF82420082A24D02C
:10C7500041490B685D070AD0404BCDE9032602939F
:10C76000002301221846CDE9003323F04DFD6FF080
:10C7700007000FE038490B685C0709D0384B0122ED
:10C780000293002303961846CDE9003323F03CFDC5
:10C790006FF085000CB0BDE8F087DAF81C208A4203
:10C7A00014D32D490B685807E1D008230693DAF813
:10C7B00014300396CDE904232A4B0122029300236F
:10C7C0001846CDE9003323F01FFDD0E7DAF81480D6
:10C7D00018F00705E5D109FB02339B6899071CD5C2
:10C7E000D4F8003213F832300B2B0ED11A490B68F3
:10C7F0005B07BCD01C4B0392CDE9015301222B46B1
:10C800002846009523F000FDB1E73946204623F085
:10C81000DEFC4FEAD808A84501D1013684E7DAF8F2
:10C820002410DAF81020204601FB0521A368984760
:10C830000028AFD12046DAF82420636809A9984778
:10C840000028A7D153463946204609AAFAF726FB05
:10C8500000289FD10135DEE7FC1E0020CE600500D8
:10C86000FC60050022610500686105007FB50BAB27
:10C8700005930393054B0122029300231846CDE94B
:10C880000033F7F7B1FC07B05DF804FB177805003B
:10C89000F0B50F461646054687B0002845D041B191
:10C8A000D0E91B241444EEB19C420AD96FF00B006E
:10C8B00035E0446FB2B19C42F8D8C16B2246304695
:10C8C00007E0416B30462EF063FAD5E91B02A96BF5
:10C8D00030442EF05DFA00236969EA6CA5080A4429
:10C8E000AB4201D120461AE056F82300884218D204
:10C8F0000F490A68520710D0CDE904300D4A0E4B9B
:10C900000E4C0293002F18BF2246002303921846B4
:10C910000122CDE90033FFF7A9FF6FF00D0007B04A
:10C92000F0BD9042E4D20133DAE76FF01500F6E78C
:10C93000FC1E002047780500177805003F780500A9
:10C9400030B5002585B001900C46084801A9CDE915
:10C950000255FEF7A7FE039B03B10433C4E900357B
:10C96000C4E90255258205B030BD00BF6103040053
:10C97000F8B5054650681646FEF778FE044638B905
:10C9800028467268114921F05CFB6FF00100F8BD88
:10C99000021D0F49284621F054FB28460D4921F07D
:10C9A00050FB00260C4FD4F88430B34201D800204D
:10C9B000EDE7D4F88820394602EBC603284652F842
:10C9C00036205B6821F03DFB0136ECE7607805001E
:10C9D0007278050089780500AC78050007B505492F
:10C9E000019021F02EFB01A90348FEF75BFE03B086
:10C9F0005DF804FBBB780500FDC9010010B50C46CD
:10CA0000836F021D0249206821F01BFB002010BD2E
:10CA1000E07805002DE9F0410446D2E90168ADF562
:10CA2000087D4046F4F72CFB05463046F4F728FB1A
:10CA30000F280AD920460F22234921F002FB6FF06C
:10CA400015000DF5087DBDE8F081B5F5804F09D9D9
:10CA500020464FF400531D496A0821F0F2FA6FF0A6
:10CA60000B00EEE71A4F4FF4005329463A46404672
:10CA700020F07FFD4FF404720546002104A82EF03B
:10CA8000AEF9144B6A460593134B31460693134B8C
:10CA900004A807930023CDE90133039301238DF804
:10CAA000043001ABCDE98575FEF748FE034638B981
:10CAB000009B0B491A1D204621F0C3FA0020C0E755
:10CAC00032460849F7E700BFF178050019790500FB
:10CAD000C0600020A1020400CB020400DF020400B9
:10CAE0004E7905007A7905002DE9F041ADF5107D0C
:10CAF000054605A990681646FCF786FA044650B12B
:10CB00000346B2682846204921F0B7FA20460DF5C1
:10CB1000107DBDE8F0819DF81470D6F808803FB113
:10CB200042462846194921F0A8FA6FF00704EDE7BC
:10CB30004FF4067239460AA82EF051F9144BCDE98C
:10CB400002770A93134B01AA0B93134B71680C9352
:10CB5000124B0AA80E9301238DF8083002ABCDF8D2
:10CB600030820497FEF7EAFD031E019A05DA284693
:10CB70000B49043221F065FAD7E7134628460949E4
:10CB8000043221F05EFAC1E7A8790500D3790500E7
:10CB9000E70204000D03040031030400470304000E
:10CBA0007A7905004E79050038B505465068144677
:10CBB000FEF75CFD38B928466268054921F041FA64
:10CBC0006FF0010038BDA16823F0A9FA0020F9E751
:10CBD000E279050037B5054650681446FEF746FD74
:10CBE000019040B928466268084921F02AFA6FF09E
:10CBF000010003B030BD01A8FEF706FE28466268BA
:10CC0000034921F01EFA0020F3E700BFE279050096
:10CC1000F879050070B590B06C462246084B03F1D8
:10CC20004006254618685968083303C5B3422C46A8
:10CC3000F7D140230021034805F064FC10B070BD1B
:10CC400027D80020090014F10048704727D8002099
:10CC5000034A044B1168928819609A80FFF7DABF83
:10CC6000037C050027D800202DE9F04F82461C46A2
:10CC70000846154693B062B1D2E90138B8F1020F07
:10CC800000F218815A0705D56FF0030013B0BDE814
:10CC9000F08F9046002838D00A2200211EF006FDB1
:10CCA0004FF6FE73421E9A42064600F20681BAF122
:10CCB000000F4BD1002DE7D06F6817F00107E3D0CC
:10CCC000D5F808E0BEF1010F2AD8030243EA202379
:10CCD000E3840123BE460822A38404F12408C4F897
:10CCE00028A004F12C030020C4E90628236284F85C
:10CCF0002C002060C4F808E0EB68022B0ABF022772
:10CD000006231123C4E90373C0E7BAF1000F1CD155
:10CD10002EF07EFB16226A4B1A506FF00A00B5E720
:10CD2000BEF1020FB0D1674B04F1280C0FCB8CE899
:10CD30000F00330243EA2623E384182204F1240877
:10CD4000A4F824E004F12C03CDE70646079500255E
:10CD5000370247EA2627BFB2ADF83C50ADF83E7027
:10CD60001194ADF840504FF0FF32294608A82DF03D
:10CD700000FAB8F1020F13D16FF008000023442429
:10CD8000BDF83C109AB2914200F28E8000287FF4E8
:10CD90007DAF4422119B02FB013343F8440C75E73D
:10CDA00044F62064AB4644F62062002304A82DF02C
:10CDB00017FEDDE904986FF00903A3427BEB05033E
:10CDC0003FD30A2204F10906B6FBF2F60AF00AF98B
:10CDD00007AB01933C4B012200935146029610ABE6
:10CDE00027F06AFE0246002852D116F1630FA5BF54
:10CDF0000A2206F16403134683FB022308A81CF0F1
:10CE0000CBFC0B3033D14A46434604A82DF00CFE30
:10CE1000DDE90423134320D024196D412B4622461B
:10CE200004A82DF0DDFD049B9945059B78EB0303D9
:10CE3000C1D24A46434604A82DF0F6FDDDE904457B
:10CE4000B9E714F109004FF00A024FF0000345F171
:10CE50000001F4F7CDF80646B8E7BDF840400AF007
:10CE6000C1F8214627F025FE6FF002000EE70E9B69
:10CE7000653308D14A46434604A82DF0D5FDDDE9C7
:10CE800004231343C8D10E98C31C7FF477AFEBE79C
:10CE900010F1600F3FF470AF2EF0BAFA084B524217
:10CEA0001A506FF00A0069E7119A04FB032201335C
:10CEB000D78467E76FF00800E8E66FF00100E5E669
:10CEC000140000001C200500890304002DE9F04136
:10CED00005460E461746134CDFF85080444508D3EC
:10CEE0002EF096FA6A22104B1A504FF0FF30BDE830
:10CEF000F0812368AB4200D08BB93A4631462846D0
:10CF0000A368984758B12EF083FA0022064B3146A9
:10CF1000C2503A462846E368BDE8F041184710344D
:10CF2000DCE700BFB0BD040014000000E0BD040059
:10CF300037B50D4601AA6946F6F78AFD044660B189
:10CF4000009B1B695BB986232EF062FA4FF0FF3419
:10CF50000B4A1350204603B030BD0923F4E74FF0CD
:10CF6000FF3201984FF0FF3323F0DCFA009B294693
:10CF700020461B6998470446019823F0D5FAE9E753
:10CF80001400000073B50D461646694601AAF6F76F
:10CF90005FFD0446B0B1009B5B69DBB14FF0FF322F
:10CFA0004FF0FF33019823F0BDFA009B2046324634
:10CFB00029465B6998470446019823F0B5FA204654
:10CFC00002B070BD09232EF023FA034A4FF0FF345C
:10CFD0001350F4E75F23F6E71400000073B50D4625
:10CFE0001646694601AAF6F733FD0446B0B1009B28
:10CFF0009B69DBB14FF0FF324FF0FF33019823F014
:10D0000091FA009B2046324629469B699847044680
:10D01000019823F089FA204602B070BD09232EF052
:10D02000F7F9034A4FF0FF341350F4E75F23F6E7B4
:10D030001400000037B50D4601AA6946F6F708FD51
:10D040000446A8B1009BDB69D3B14FF0FF324FF02B
:10D05000FF33019823F066FA009B20462946DB69DE
:10D0600098470446019823F05FFA204603B030BD8C
:10D0700009232EF0CDF9034A4FF0FF341350F4E7A3
:10D080005F23F6E71400000073B50D4616466946A7
:10D0900001AAF6F7DDFC0446B0B1009B1B6ADBB1C8
:10D0A0004FF0FF324FF0FF33019823F03BFA009B23
:10D0B0002046324629461B6A98470446019823F0C9
:10D0C00033FA204602B070BD09232EF0A1F9034ABD
:10D0D0004FF0FF341350F4E75F23F6E7140000002D
:10D0E0002DE9FF410D46164602A903AA1F46F6F791
:10D0F000AFFC0446E8B1029B5B6A13B34FF0FF320A
:10D100004FF0FF33039823F00DFA0B9B2046019359
:10D110000A9B32460093029B2946D3F824803B4663
:10D12000C0470446039823F0FFF9204604B0BDE849
:10D13000F08109232EF06CF9034A4FF0FF341350AD
:10D14000F3E75F23F6E700BF1400000073B50D4658
:10D150001646694601AAF6F77BFC0446B0B1009B6F
:10D160005B6BDBB14FF0FF324FF0FF33019823F0E0
:10D17000D9F9009B2046324629465B6B9847044606
:10D18000019823F0D1F9204602B070BD09232EF09A
:10D190003FF9034A4FF0FF341350F4E75F23F6E7FB
:10D1A000140000002DE9FF410D46164602A903AA0E
:10D1B0001F46F6F74DFC0446E8B1029B9B6A13B389
:10D1C0004FF0FF324FF0FF33039823F0ABF90B9B86
:10D1D000204601930A9B32460093029B2946D3F8CE
:10D1E00028803B46C0470446039823F09DF920461B
:10D1F00004B0BDE8F08109232EF00AF9034A4FF08C
:10D20000FF341350F3E75F23F6E700BF140000007C
:10D2100073B50D461646694601AAF6F719FC044691
:10D22000B0B1009B9B6BDBB14FF0FF324FF0FF338F
:10D23000019823F077F9009B2046324629469B6BE4
:10D2400098470446019823F06FF9204602B070BD5C
:10D2500009232EF0DDF8034A4FF0FF341350F4E7B2
:10D260005F23F6E71400000073B50D4616466946C5
:10D2700001AAF6F7EDFB044648B92EF0C9F80922D9
:10D280004FF0FF340B4B1A50204602B070BD01988E
:10D290004FF0FF324FF0FF3323F044F9214633467D
:10D2A0002A46009823F02FF90446019823F03CF910
:10D2B000EAE700BF1400000073B50D461646694644
:10D2C00001AAF6F7C5FB044648B92EF0A1F80922D9
:10D2D0004FF0FF340B4B1A50204602B070BD01983E
:10D2E0004FF0FF324FF0FF3323F01CF9009B324622
:10D2F00029462046DB6898470446019823F014F934
:10D30000EAE700BF140000002DE9FF410D46164674
:10D3100002A903AA1F46F6F79BFB0446D8B1029B5D
:10D32000DB6A03B34FF0FF324FF0FF33039823F073
:10D33000F9F80A9B20460093029B3246D3F82C80D2
:10D3400029463B46C0470446039823F0EDF82046A3
:10D3500004B0BDE8F08109232EF05AF8034A4FF0DB
:10D36000FF341350F3E75F23F6E700BF140000001B
:10D370002DE9FF410D46164602A903AA1F46F6F7FE
:10D3800067FB0446D8B1029B1B6B03B34FF0FF321F
:10D390004FF0FF33039823F0C5F80A9B2046009313
:10D3A000029B3246D3F8308029463B46C0470446AC
:10D3B000039823F0B9F8204604B0BDE8F0810923B2
:10D3C0002EF026F8034A4FF0FF341350F3E75F23A3
:10D3D000F6E700BF1400000073B50D461646694617
:10D3E00001AAF6F735FB0446B0B1009BDB6BDBB15D
:10D3F0004FF0FF324FF0FF33019823F093F8009B7A
:10D40000204632462946DB6B98470446019823F0B4
:10D410008BF8204602B070BD09232DF0F9FF034AB6
:10D420004FF0FF341350F4E75F23F6E714000000D9
:10D4300073B50D461646694601AAF6F709FB044680
:10D44000B0B1009B1B6CDBB14FF0FF324FF0FF33EC
:10D45000019823F067F8009B2046324629461B6C52
:10D4600098470446019823F05FF8204602B070BD4B
:10D4700009232DF0CDFF034A4FF0FF341350F4E79A
:10D480005F23F6E71400000010B5044609B10C2A2A
:10D4900007D016232DF0BCFF0E4A13504FF0FF307B
:10D4A00010BD0B68002BF4D0886860B123F061F8E0
:10D4B00038B994F99000002809DC04F057F80028E6
:10D4C000E7D05823E6E7081D24F0A8FAEEE723F09A
:10D4D00050F8F4E714000000F7B507460E4614466E
:10D4E000F6F7D0FA051E18DB3CB97B1E012B04D8D9
:10D4F000022E17D0012E08BF0624F1B201ABA2B252
:10D50000B8B205F03BF9061E0EDA28461FF0E0FF20
:10D510002DF07EFF104B76421E504FF0FF3528460F
:10D5200003B0F0BD1124E8E7002301984360C36510
:10D5300060302CF09CFD01987C302CF069FF062CAB
:10D5400002D1019824F01DFD4FF440432846034AC0
:10D550000199F6F7D7FAE2E714000000041F05006E
:10D5600037B5069D0446E3B90093002200230E4917
:10D5700005F0EAF904F160002CF079FD04F17C007B
:10D580002CF046FF214605F160002CF0B2FD20464C
:10D5900024F0F7FC05F17C0003B0BDE830401CF03E
:10D5A00057BB03B030BD00BF890504002DE9F04131
:10D5B00088B00C46DDE90E5858EA05010646109F72
:10D5C00013D014F1690F02D014F10B0F0DD168467E
:10D5D0002DF02AFADDE9002313430ED114F1690F6F
:10D5E0000CBF6FF00B046FF068042DF011FF2F4B90
:10D5F00064421C504FF0FF304DE0B8F1FF3F08BFD0
:10D60000B5F1FF3F0AD0B8F1000F16D10A23B5FBE0
:10D61000F3F03B68834294BF3B603860D6F88400E7
:10D6200008B11BF0FDFF14F1690F0DD10A21386814
:10D63000A0FB01012CF0CBFF23E00A2200232846A7
:10D640004146F3F7D5FCE4E70B341AD1B6F88E4027
:10D65000C4F38114012CE9D196F9900022F089FFDE
:10D66000304626F04FFE00220346022103A82DF08B
:10D6700023FB0A233A68A2FB0323214603A81DF0DB
:10D680004DFC3B685B00642B28BF64233B60D6F8ED
:10D69000840018B9002008B0BDE8F0814FF0FF32D7
:10D6A0004FF0FF331BF044FFF4E700BF140000000D
:10D6B000F8B540F203139942044600F08E80B1F5AC
:10D6C000827F0ED2042923D0B1F5817F2BD003298C
:10D6D00019D02DF09DFE5F226D4B1A504FF0FF3098
:10D6E00015E045F21B43994200F0C48045F2214306
:10D6F000994200F0BD8040F205139942E9D11368C8
:10D70000C0F884300DE0C06DC0F340008003F8BD68
:10D710001268C36D550423F0020301D543F00203E0
:10D72000E3650020F3E7D2E900158B889768D807F6
:10D730001BD52B689F4202D16FF00B00E7E7042056
:10D7400004F160021A612B685A7B60F305025A7378
:10D750002B689A7B6FF345129A732B68DA686FF324
:10D760009432DA602B6814332B608B885A072CD5DF
:10D77000B4F88E30C3F38113012B02D06FF0770021
:10D78000C5E794F9900022F0F4FE2E68B742D3D09A
:10D79000B4F88E302046C3F34103012B1AD126F092
:10D7A000B4FD022130612B685A7B61F305025A7384
:10D7B0002B689A7B6FF345129A732B68DA686FF3C4
:10D7C0009432DA602B6814332B60E36D13F0050F8D
:10D7D000A7D0D3E726F096FDE3E7D2E90056AB8861
:10D7E000DB070ED53368DB6813F4EE1F02D1C36D7F
:10D7F000DF0703D5EB8843F00103EB803368143374
:10D800003360AB8858071ED5B4F88E30C3F381134C
:10D81000012B28D194F9900022F0ABFE3368DB682D
:10D8200013F4FE1F0CD0E36DD90709D4B4F88E3081
:10D83000C3F34103022B02BFEB8843F00403EB80E8
:10D84000336814333360E36D5A0742BFEB8843F00B
:10D850000803EB80E36DDB077FF563AFEB8843F0F4
:10D860001003EB805DE7EB8843F00403EB80EAE70D
:10D87000C36D53E70023146819461A4622F0E8FEE8
:10D880006FF00043984294BF2060236049E700BFD7
:10D890001400000013B50021B0F88E300446C3F325
:10D8A0004103032B4FF000024FF00003009119D108
:10D8B00024F05FFE04236360E36D204643F004031D
:10D8C000E36522F0A2FE204605F016F8031E06DAF4
:10D8D0002DF09EFD054A5B4213504FF0FF33184672
:10D8E00002B010BD05F030F8E4E700BF14000000FE
:10D8F00037B505460C4611BBB0F88E300022C3F395
:10D900004103032B00914FF000030DD124F031FEB1
:10D91000031E0CDA2DF07CFD0E4A5B4213504FF0D3
:10D92000FF34204603B030BD05F00EF8F0E7EB6D94
:10D93000284643F00103EB6522F067FEF1E74C1E39
:10D940002DF066FD012C94BF86221622014B1A5041
:10D95000E5E700BF1400000013B5044624F044FBC3
:10D96000031E07DA2DF054FD0C4A5B4213504FF0B2
:10D97000FF3006E0B4F88E30C3F38113022B02D0DF
:10D98000002002B010BD63680022009320460023EF
:10D99000034904F0D9FF031EF2DAE3E714000000A4
:10D9A000890504002DE9F043B0F88E301746C3F323
:10D9B0004102022A04460E4685B039D0012AC56DBF
:10D9C0000ED12DF025FD15F0040F08BF7822254B50
:10D9D00018BF62681A504FF0FF3005B0BDE8F08301
:10D9E00015F00205C3F3811319BF4FF000084FF083
:10D9F000000947F230584FF0000918BF1A4D012BAB
:10DA0000426817D1009200230022184904F09CFFBD
:10DA1000002801DA434217E063683A460293314630
:10DA20002B462046CDE9008924F008FD0028F1DBD3
:10DA30000020D2E72B460292CDE900893A4624F035
:10DA4000FDFC031E05DA5B422DF0E2FC054A135093
:10DA5000C1E763680022009320460023034904F0D5
:10DA600073FFE3E714000000770504008905040054
:10DA700013B5044624F057FB031E08DA5B422DF071
:10DA8000C7FC094A13504FF0FF3002B010BD00220E
:10DA9000002320460549009424F06BFD002801DA9C
:10DAA0004342ECE70020F0E71400000061D50100DC
:10DAB0002DE9F04F16464FF0FF384FF0FF390A229C
:10DAC0008FB05B0604460D46CDE90C89189F0B927A
:10DAD00003D4C36D13F002034BD000220023CDE921
:10DAE0000C2308A82CF07CFFDDE90C23DDE9088974
:10DAF00008A82CF075FFDDE90823CDE9062363684B
:10DB00000022009320460023274904F01DFF031E36
:10DB100036DB4FF0000A0DF12C0B6168DDE90C23B8
:10DB2000002F37D0CDE90223199B04910093324690
:10DB30003B4629462046CDF804A024F0A9FD002844
:10DB400025DADDE90C230146CDE9002320464246D3
:10DB50004B46CDF808B0FFF729FD002817DBDDE9BB
:10DB6000062308A82CF060FFDDE90823CDE90C238B
:10DB7000D3E70CAA052105F017F800230B4AB0E7FC
:10DB80002DF046FC0A4A5B4213504FF0FF300FB0B5
:10DB9000BDE8F08FCDE9002302913B46324629468D
:10DBA000204624F017FDCAE789050400A08601007D
:10DBB000140000002DE9F0474FF0FF3315464FF0F9
:10DBC000FF328CB0CDE90A230A2309936B06044681
:10DBD0000E4603D4C36D13F0020339D00022002394
:10DBE000CDE90A23002706A82CF0FAFEDDE90A2376
:10DBF000DDE9068906A82CF0F3FEDDE90623CDE970
:10DC000004230DF1240ADDE90A233146CDE900237E
:10DC1000204600232A46029724F015FD00281EDA2C
:10DC2000DDE90A230146CDE90023204642464B4662
:10DC3000CDF808A0FFF7BAFC002810DBDDE90423CB
:10DC400006A82CF0F1FEDDE90623CDE90A23DAE788
:10DC50000AAA052104F0A8FF0023024AC2E70CB07B
:10DC6000BDE8F087A0860100F7B5C36D04469D07A7
:10DC70000F46164614D44FF0FF334FF0FF3269467B
:10DC8000CDE9002322F077FD031E09DA2DF0C0FB59
:10DC9000384A5B4213504FF0FF35284603B0F0BDC1
:10DCA000002204F1600000231BF00AFD044628B99D
:10DCB0002DF0AEFB0B222F4B1A50ECE7F5F7E2FEEE
:10DCC000051E06DA204622F0A0FC204604F014FED1
:10DCD000E1E704F160002CF048FAA8B190F8373081
:10DCE000990711D5E36D284643F00103E3651FF062
:10DCF000EFFB204622F089FC204604F0FDFD2DF0CC
:10DD000087FB71221B4BD7E7B4F88E305A0508D534
:10DD10002DF07EFB7122174B1A5028461FF0D8FBBE
:10DD2000D0E723F40073A4F88E3077B16EB1326877
:10DD30003846082A28BF082204F128012DF028F8C7
:10DD4000238D012B09D1082333604FF44043214632
:10DD50002846094AF5F7D6FE9FE7022B01D1182382
:10DD6000F2E728461FF0B4FB2DF052FB8622014B50
:10DD70001A50A7E714000000041F05002DE9F04F1A
:10DD80008FB01F46DDE9195A4FF0FF3303924FF071
:10DD9000FF32CDE90423189B0C465906064603D4EE
:10DDA000C36D13F0020330D000220023CDE9042319
:10DDB000DDE90489189B06F1600B13F0020301935F
:10DDC00037D01022002109A82DF009F80423CDF83E
:10DDD00034B08DF8313001214B46424609A81DF080
:10DDE0009DF800F10B010B29034618D88D4A0A4112
:10DDF000D20714D458462CF0B4F98046F8B92DF067
:10DE000007FB0B22884B1A500EE0042104AA04F0F1
:10DE1000CBFE304604A922F0AEFC031EC8DA2DF07A
:10DE2000F7FA814A5B4213504FF0FF300FB0BDE864
:10DE3000F08F42464B4658461BF042FCDDE7D0E9E6
:10DE400003930093002D4FD0BAF1000F4CD0B6F8D9
:10DE50008C30DAF80060029324F025FF98F8372020
:10DE6000C2F302122A8098F83720C2F30212012A64
:10DE700060D100231422072ECDE909323FD90DF1DC
:10DE8000240B5946404625F0EAF8064610B96FF0D3
:10DE9000680236E040460A9924F054FF0028F6D183
:10DEA000404698F83A1024F04DFF0028EFD1F16871
:10DEB0009DF808206960112A34D107AA0992082226
:10DEC00059460A92404625F0CAF80028DFD0028859
:10DED000009B6A80C8F80C90C8F810302A88012A84
:10DEE0002BD10822CAF80020002C64D0E2680AB1C5
:10DEF000A26832BB2DF08CFA0C224B4B83E76FF0FB
:10DF00001502009BC8F80C90C8F8103052422DF052
:10DF10007FFA4549019B0A50002B85D1404624F0E9
:10DF200032FE81E7062A05D11422CDF81CB00892F2
:10DF300007A9C7E76FF08502E3E7022A6FD118222D
:10DF4000D0E7404624F07AFF87423E4628BF064687
:10DF50000546B2464FF0000BBAF1000F0FD1AF42A9
:10DF600003D2A26942F02002A2612269002A4ED0A7
:10DF7000606978B30F2848D8C4F814A02AE0A268D2
:10DF800052F80B1002EB0B0021B92DF041FA1622CA
:10DF9000254B38E742684046524528BF5246029218
:10DFA00024F0E6FE0BF1080B029A08B16922AEE7F5
:10DFB000AAEB020AD0E7404624F040FF87423E46E3
:10DFC00028BF0646054632464046039924F0D0FE57
:10DFD0000028EBD1019BE3B9404624F0D4FD189B07
:10DFE00013F0200F0CBF304628461FE78A44073144
:10DFF00021F00707103717448742BDD821F00701E9
:10E000000A4411680029F1D1B6E71044F9E76261CA
:10E01000E0E7009BC8F80C90C8F81030DFE78622D4
:10E0200075E700BF7EF7FFFF140000002DE9F04FF9
:10E0300017461E464FF0FF324FF0FF338DB0CDE94B
:10E040000823B0F88E300D46D9070446DDF8588015
:10E0500040F1A880C3F34103022B40F0A58018F0E3
:10E06000400F02D1C36D9A071BD500220023CDE9D2
:10E070000823002E40D0DDE90823CDE90576CDE95F
:10E080000A2308F4807BCDB1C7B9EB688BB96FF078
:10E09000150043422DF0BCF9444A4FF0FF361350AF
:10E0A0002AE013F00503E4D1042108AA04F07CFD62
:10E0B000DFE7AB681A685B68059207930027DDE924
:10E0C0000A233E4602A82CF08BFCDDE90223CDE9B1
:10E0D0000023069B63B3E36D13F0040010D0606867
:10E0E0004042002820EAE076D3DB18F0020F03D18B
:10E0F0003146204624F0F6FA30460DB0BDE8F08FE8
:10E10000DB07EED4DDE90AA95AEA090312D1C5B941
:10E110004346204606AA05A922F09AFA831950EA36
:10E1200003063DD15AEA090918D0BBF1000F31D1DD
:10E130003046D6E720460AA922F01DFB0028E6DA81
:10E14000CFE74346204607AA05A922F081FA0644F4
:10E1500050EA060305D15AEA090302D16FF00A001A
:10E1600097E7AA68FB0052F8371001440591069919
:10E17000091A069107990029D7D1E96801378F421A
:10E18000D6D00833D118D2584B68059207930AB1FC
:10E19000002BD6D1DDE900230AA82CF045FC98E736
:10E1A0001E46C2E7092375E7802373E714000000C9
:10E1B000F0B585B01C46DDE90A67134602B3B0F836
:10E1C0008E20C2F38112022A08D10A46CDE90167E6
:10E1D00000210094FFF7D2FD05B0F0BD012A07D160
:10E1E0000A4600210A9405B0BDE8F040FFF71EBFC3
:10E1F0002DF00EF98622034B1A504FF0FF30EBE75B
:10E200001046E9E714000000F0B5B0F88E4085B084
:10E21000C4F3811499B18E68D6B100231D46D1F89C
:10E220000CC00436AC4517D1022C1AD10C1D029437
:10E230000C68CDE900240022FFF7A0FD06E01623BC
:10E240002DF0E6F80A4A13504FF0FF3005B0F0BD4C
:10E250000C23F5E78623F3E756F8357001353B4488
:10E26000E0E7012CF6D100920022FFF7DFFEEDE798
:10E270001400000073B50D46062D1C461146069B82
:10E2800046D005DC002D4BD0012D0DD06D238EE046
:10E29000292DFBD1122A00F38380102A00F39080ED
:10E2A000F4D122460F210AE00F2A2ED00DDC032ADA
:10E2B0001DD0042A15D0022AE8D12246092104F0F3
:10E2C00073FC00281BDA434271E0262A1AD0272A61
:10E2D000DCD11B68042B69D1B0F88E30C3F3C203C4
:10E2E00003E01B68042B61D14368236007E0B0F8AA
:10E2F0008E20C2F381121B68042B57D122600020AC
:10E3000002B070BDB0F88C20F5E722460A21D6E7AE
:10E31000012ABBD1224602B0BDE8704025F0CBBF38
:10E320000E2A3AD006DC012A3DD0022AAED122467E
:10E330001021C4E7202A04D0212AA7D122460D218A
:10E34000BDE7B0F88E20C2F3C202012A36D1042202
:10E350001B68019294B1934210D10DEB020313217B
:10E360006A4604F021FC00280CDA43422DF050F8F4
:10E370004FF0FF35144A13502846C1E71623F5E73E
:10E380000223F3E7009808B92060F5E723F09AF933
:10E390000028F5D043682360EEE7224614218EE77B
:10E3A000432A7FF473AF2246082188E716232DF015
:10E3B0002FF8054A13504FF0FF30A1E76A23F6E724
:10E3C00022460E217BE700BF1400000073B50E4605
:10E3D000062E1C4605461146069B70D005DC002E15
:10E3E00075D0012E26D06D2354E0292EFBD11A2A98
:10E3F00000F3C0800F2AF6DDA2F110010A29F2D83D
:10E4000001A252F821F000BF79E5010081E5010089
:10E4100087E50100E7E30100E7E30100E7E301002E
:10E42000E7E30100E7E30100E7E30100E7E30100C0
:10E4300043E401000F2A22D006DC022A17D00D2A5D
:10E44000D1D1002002B070BD192ACCD1B0F88E20F5
:10E45000C2F3C2010139012951D81BB1002C50D09F
:10E46000217879B922F40062A5F88E20E9E72246E6
:10E47000092104F009FB0028E3DA43420AE02246BE
:10E480000A21F6E7082B3CD1204603F083FC031E4B
:10E4900007DA5B422CF0BCFF3C4A13504FF0FF30D0
:10E4A000D0E722F066F870B3B5F88E3043F400631D
:10E4B000A5F88E3003F096FB85F89000C1E7012A9D
:10E4C00091D1224602B0BDE8704025F0C8BE212A95
:10E4D0004AD008DC022A4AD0202A16D0012A82D14A
:10E4E00022460821C5E7A2F1230101293FF67BAFAF
:10E4F0001A46214602B0BDE87040FEF7C5BF6A2348
:10E50000C8E71623C6E71323C4E700961CB10C2BFB
:10E5100003D0082B16D016231EE0A06890B122F07D
:10E5200028F80090009808B103F05CFB04230190E8
:10E53000132128460DEB030204F0A6FA002811DA95
:10E54000434209E06368002BECD06946201D03F0CC
:10E55000EFF80028E6D102232CF05AFF4FF0FF36E7
:10E560000A4A135030466DE722460D2181E72246C4
:10E5700010217EE7432AB2E722460F21284678E79A
:10E5800022461321FAE722460E21F7E71400000085
:10E5900013B503461446084669B162B1B3F88E203C
:10E5A000D1050AD480232CF033FF124A13504FF0C8
:10E5B000FF3002B010BD1623F5E7C2F38111012927
:10E5C00003D1C2F34102022AECD11A8D012AF2D101
:10E5D000ADF800205A8DDB6AADF80220226869464A
:10E5E000082A28BF082201932CF0D2FB0823002020
:10E5F0002360DEE714000000F0B51546028C0E46DD
:10E60000012A4FF0000485B023D1436ACDE90244CA
:10E61000EBB1082301AA0DEB0301019324F078F874
:10E62000031E07DA5B422CF0F3FE0D4A13504FF045
:10E63000FF300AE0019F2A683046BA4228BF3A46B6
:10E6400002A92CF0A5FB20462F6005B0F0BD1623D3
:10E65000E9E72CF0DDFE1622014B1A50E7E700BF78
:10E660001400000010B5044618B3134B984220D391
:10E6700003F59B6398421CD20379DB0719D500F59B
:10E68000A2702BF07BF904F170002BF02AF904F54D
:10E69000D4702AF046FE04F54F702AF042FE04F5CD
:10E6A0009A602AF0E4FC002023796FF300032371C1
:10E6B00010BD6FF00800FBE7D880002008B50346C6
:10E6C00051B10B4413F8013C33B904492CF086FCDA
:10E6D000003818BF012008BD0020FCE70A7C0500B7
:10E6E0002DE9F04F43790446012B0E4614BF4FF03D
:10E6F00001084FF000088BB005D06FF08505284663
:10E700000BB0BDE8F08F002500F170090146694BA0
:10E710004846694A009504F5A2772BF05BF82B4632
:10E7200042463146384619F021FD054610B16FF0DA
:10E730000B05E4E70421384619F03EFB36B994F89E
:10E7400058301BB948465D4919F0FEFA94F9591042
:10E750004B1C02D038462BF038F84FF00008C24668
:10E760000022384656492BF032F801F071FE04F1D0
:10E770002C030593CDF81080236C98453CDA4FF0BC
:10E78000000B5E46059B53F8042FCDE9053204F5D6
:10E790009A6307933146069801F040FE064628B971
:10E7A000BBF1000F78D008F10108E5E73378013BB1
:10E7B000042B1FD8DFE803F003484B57640004F52F
:10E7C000D47394F95A10D6E902B241B111465846B1
:10E7D00009930892FFF772FFDDE9082320B159463B
:10E7E000184617F0C1F903E0594618462AF0CEFD45
:10E7F000002845D06FF0150501F034FE002D7FF4A0
:10E800007EAF049B4BB1384604F5D4712A462AF0FA
:10E81000EBFF38462B492AF0E5FFBAF1000F3ED155
:10E82000636C23B1384604F144012AF0D9FF39461C
:10E83000484619F081FD054600287FF478AF23791A
:10E8400043F0020323715AE704F54F73B9E700233D
:10E8500002931B4B0798019300230093D6E9021201
:10E8600015F0B8FDC4E70521706801F0C1FD20B9BD
:10E8700001F0F8FD6FF0010541E701F0F3FD3CE721
:10E880003378012B06D0022B08BF4FF0010A4FF05E
:10E89000010B7FE70493FAE76FF00105ACE7384618
:10E8A00004F59A6204F54F7119F028FA0028B7D0E0
:10E8B0003DE700BFFDE80100C9E80100AD8C05009F
:10E8C00073080400342B050007B500680023CDE968
:10E8D00000334023FEF704FC002808DA2CF098FDF2
:10E8E000044B1B5804480B2B18BF6FF04D0003B0AE
:10E8F0005DF804FB140000008097FFFF07B5006877
:10E900000023CDE900334023FEF74CFC002808DA51
:10E910002CF07EFD044B1B5804480B2B18BF6FF0E6
:10E920004B0003B05DF804FB140000000097FFFFEC
:10E9300008B54FF49B62002106482CF050FA1822CB
:10E94000002105482CF04BFA04482BF000FB002076
:10E9500008BD00BFD8800020C08000205CA8002037
:10E96000F8B54FF0FF364FF0FF37214C32463B46AB
:10E97000204822F049F8257915F0010532D14FF4ED
:10E980009B62294620462CF02AFA2379194843F045
:10E9900001032371FF2384F859304FF0FF33C4E99A
:10E9A0001867C4E91A67236022F030F8012229466B
:10E9B00004F110002BF0DDFB04F170002AF0CCFE16
:10E9C00004F5A2702AF0D6FF04F5D4702AF0A4FC56
:10E9D00004F54F702AF0A0FC04F59A602AF043FB7E
:10E9E0002046F8BD034822F011F80020F9E700BFE7
:10E9F000D88000205CA800202DE9F04107460E4693
:10EA000014461FFA82F8F5F73DF8051E1CDB7B1E45
:10EA1000012B0FD8A4F58074032C18D8012E19D11E
:10EA2000FFF79EFF0446C0B92CF0F2FC0C22174BF6
:10EA30001A5006E06FF069032CF0EAFC134A5B42BF
:10EA4000135028461EF044FD4FF0FF351BE06FF0D9
:10EA50007A03F1E76FF06A03EEE7062231463846A3
:10EA6000FEF734FA002803DA2046FFF7FBFDE8E75B
:10EA700020604FF4404321462846054AA4F806800A
:10EA80006671F5F73FF82846BDE8F08114000000F4
:10EA9000481F05002DE9F04F042905460E4614468F
:10EAA0008DB01AD802291CD9006809AA08A9F4F760
:10EAB000CFFF0546D0B92CF0ABFC09229A4B4FF0A2
:10EAC000FF341A5027E06FF481773E44022E26D897
:10EAD000DFE816F07D00DD001E00A1F58173032B39
:10EAE000F1D92CF095FC5F228F4BE8E74FF0FF3215
:10EAF0004FF0FF33099821F087FF089B22463146EB
:10EB00002846DB6898470446099821F07FFF02E019
:10EB100023680024AB6220460DB0BDE8F08FD4E935
:10EB20000076B7F90480D4F8089018F0010F21D0CE
:10EB3000697902291ED195F95B30DBB9A869C8B99A
:10EB4000336805F110021A6133685A7B61F30502DC
:10EB50005A7333689A7B60F345129A733368DA68A4
:10EB600060F39432DA60336814333360BB8823F087
:10EB70000103BB80286809AA08A9F4F769FF0446C5
:10EB800010B34FF0FF324FF0FF33099821F03CFFF4
:10EB900021463B464FF48172CDE90069089821F087
:10EBA00038FE044668B9BB88DE070AD52B795807BA
:10EBB00007D405F170002AF096FC002818BF6FF00A
:10EBC0007704A7F804809FE76FF00804F9E7286846
:10EBD00009AA08A9D4E90067B6F90480F4F738FF58
:10EBE0000446002850D04FF0FF334FF0FF32099811
:10EBF00021F00AFFB388D90721D53B6805F110023F
:10EC0000196991421BD103F11402DB6813F4FE1F52
:10EC100010D02146CDE9007233464FF48172089836
:10EC200021F0F7FD044660B310F1780F08BF6FF0D4
:10EC30000A0469E73A60B38823F00103B3802146F0
:10EC4000334640F203120898009721F0E2FD044693
:10EC5000A0B9B388DA0711D53146284621F02DFE38
:10EC600010F10B0F0AD1B6F906303BB93B6853F8E7
:10EC7000082C64F39432044643F8082CA6F8048068
:10EC800042E76FF00A043FE76FF0080443E7D4E976
:10EC90000079D4F808A000252BF0A0FE0A2200235A
:10ECA000F2F7A6F92C46039009AEA94517DC00221D
:10ECB000386808A9F4F7CCFE0546002838D12CF0B6
:10ECC000A7FB1622184B1A50002309AA99457FF773
:10ECD00022AF52F8041B47F833100133F6E757F818
:10ECE00035000022114946F82500F4F75BFE834603
:10ECF00098B13B1D33F83530DB070AD50379580747
:10ED0000C3F3800804D40BF170002AF0ECFB30B997
:10ED10000024DBF8003047F835300135C5E76FF0E7
:10ED20007704C246F5E700BF14000000481F050045
:10ED3000D046BB1D049300231A46994527DC3B4669
:10ED40004FF482722946CDE90098089821F061FDC0
:10ED5000041EB9DB00233E469B461C46D9451BDCFE
:10ED6000002BB1D0002CAFD1BAF1000FACD0E2DD56
:10ED70002BF034FE039B0A220AEB03080023F2F770
:10ED800037F9A8EB0008B8F1000FD4DC9CE7049930
:10ED900021F833200133D0E7059309AB53F82B005A
:10EDA00000222049F4F7FEFD059B0546002833D0DC
:10EDB000B288D10730D54279022A24D190F95B205C
:10EDC0000ABB027912070CD5642000212BF0FFFB4F
:10EDD000F38823F00103F38001230BF1010B0836C4
:10EDE000BCE782697AB900684023CDE900220DF1C1
:10EDF0001F010122FEF7D6F90028BEBFF38843F0B9
:10EE00000803F380E4E731462846059321F055FDD9
:10EE10000B30059B08BF0123B6F90620002ADCD081
:10EE20000134DAE7481F050050B1064B984206D37B
:10EE300003F59B6398422CBF0020012070470020FF
:10EE4000704700BFD880002038B500230546836096
:10EE5000703017F04DFE2846FFF704FC0446286882
:10EE600021F06CFB40B9002C06DA2CF0D1FA034BF0
:10EE700064421C504FF0FF3038BD00BF140000004A
:10EE80002DE9F04304460D46164603210022006892
:10EE9000A1B021F0CDFCB0F10008C0F2C58018F49B
:10EEA000804705D00421206828F4804221F0C0FC6E
:10EEB000206832462946FEF791F8002809DB27B181
:10EEC00042460421206821F0B3FC6379012B03D072
:10EED000002021B0BDE8F08300212046FFF700FCB0
:10EEE000031E49DB00230DF108080293A360C8F854
:10EEF000043094F85C3083B332462946DFF834910D
:10EF000040462BF045FF04A82AF022FCD9F8101047
:10EF1000B9F80830BDF80820E1B193421AD1012BAD
:10EF200018D1BDF80A20B9F80A309A4212D1D9F89E
:10EF30000C30039A9A420DD1D9F8142004A819F084
:10EF400085F8002820DAD9F8100011F04DFD0023D3
:10EF5000C9F8103004A82AF0B1FC002347F230525F
:10EF6000204621F06AFD031E14DA13F10B0F03D1C2
:10EF7000002F08BF6FF073032CF04AFA2C4A5B4253
:10EF800013504FF0FF30A4E704A904F1700019F00A
:10EF900025F8DFE7002794F85C300297C8F8047082
:10EFA000002B95D03246294640462BF0F1FE04A8AE
:10EFB0002AF0CEFB04A904F1700019F02BF8B84236
:10EFC0001EDB1C4C206910B111F00EFD27610022E0
:10EFD00001AB114604A818F001FF0199012011F0BE
:10EFE000FDFC0146206158B1019A01AB04A818F05C
:10EFF000F5FE002808DA206911F0F6FC00232361F1
:10F0000004A82AF05BFC63E7019B63612BF0E6FC3C
:10F0100000230A22F1F7ECFF074BC4E9000198E84E
:10F02000030083E80300EBE76FF0040051E700BF43
:10F0300014000000C0800020C8800020F8B50446FD
:10F040000D461746F4F71EFD061E1EDBA06A21F0D2
:10F05000DDFC20683A462946FEF716F807464FF0D1
:10F06000FF324FF0FF33A06A21F0CEFC002F10DA00
:10F070002CF0CEF9264B1C58644230461EF028FA7C
:10F080002CF0C6F9224B64421C504FF0FF3630463C
:10F09000F8BDFFF765FC0546B8B3E38800F1300220
:10F0A000C380637904F17001437104F1300353F8B4
:10F0B000040B8B4242F8040BF9D195F858302BB170
:10F0C000D4F8301105F1700018F03EFE4FF44043C3
:10F0D000294630460F4AF4F715FD012128462F60D6
:10F0E000FFF7FEFA041E09DB002347F23052AB6043
:10F0F0002846002321F0A1FC041EC8DA2846FFF7A9
:10F10000B1FA384621F01AFAB7E76FF00B04F8E7C6
:10F1100014000000481F05002DE9F04F8846836069
:10F12000194643790446012B914685B058D10068B1
:10F1300021F08CFBE36805461BB92379DB060AD571
:10F1400071232CF065F9294A13504FF0FF3B5846C4
:10F1500005B0BDE8F08F10BB00220023CDE90223EB
:10F16000DDE90223684604F1700A2BF039FCDDE981
:10F1700000674A464146504617F082FCB0F1000B4A
:10F18000E5DA2BF0800313F5D24F05D01BF5CA4FFB
:10F1900002D01BF5E04F1AD125B90B23D1E7D4E9F2
:10F1A0001823DBE732463B4602A82BF03DFCDDE9A5
:10F1B00002321343F1D002A821F010FB5A46014657
:10F1C000206821F025FC0028D3D04342B9E720462F
:10F1D00021F053FB10B10C23E360B2E77123FBE78E
:10F1E0002CF016F98622014B1A50AEE714000000ED
:10F1F0002DE9F347814692460C4659BB2CF008F99D
:10F2000016224FF0FF36164B1A50304602B0BDE8BA
:10F21000F087A36803EBC708D8F804302BB10025AA
:10F22000D8F80420954205D32E440137E368BB4249
:10F23000EFD8EAE76368D8F80010019323682944FF
:10F24000009348465346521BFFF766FF011E04DB3E
:10F250000D44E5E700273E46E8E70E46D5E700BF48
:10F26000140000002DE9F04F90469A0704468A46A4
:10F270001F4689B007D52CF0CBF88622424B1A5096
:10F280004FF0FF3531E083604379012BF3D13946EC
:10F29000006821F0DBFAE5688146002D5FD1237913
:10F2A000DB0622D428BB002200230025CDE906235B
:10F2B000DDE9062304A82BF093FBDDE90423CDE967
:10F2C000002307F4807704F1700B5846A8EB050281
:10F2D0000AEB050117F048FB061E4BDA16F5F14F55
:10F2E0000AD1237943F010032371284609B0BDE801
:10F2F000F08FD4E91A23D8E716F5CF4FF1D026F0D6
:10F30000800313F5D24F08D016F5CA4F05D016F575
:10F31000E04F02D016F5F64F29D1B9F1000F23D0F6
:10F32000DDE9002306A82BF07FFBDDE9063213435D
:10F330001AD006A821F052FA0390A06A21F066FBC9
:10F3400032460399206821F063FB06464FF0FF32F6
:10F350004FF0FF33A06A21F057FB6EB175422CF0DD
:10F3600057F8094B1D508BE76FF00A06F6E76FF070
:10F370000406F3E7B9D03544002DA6D0002FB4D051
:10F38000A845A2D8B1E700BF1400000070B5049CE6
:10F390001D4603B13CB916232CF03AF8364A1350F7
:10F3A0004FF0FF3070BD012913D1262A05D1C38843
:10F3B0002268042AEFD12B6029E0042A02D1C36815
:10F3C000002BF5D100682B460494BDE87040FDF792
:10F3D0009BBFB1F58D7FF5D1013A0B2A44D8DFE808
:10F3E00002F006431830434340434343433B236802
:10F3F000990736D1ABB3066C00F13001B6009E42DE
:10F4000028BF1E46284632462BF0C2FC266000204C
:10F41000C8E723689A0724D11BB3436C7BB916F065
:10F4200037FC23689A08002350F8231021B145F8CF
:10F43000231001339A42F7D19B002360E7E7443061
:10F44000EFE72368042B0CD170302AF0E3F978B190
:10F4500029F0AFFF2860DAE7226890F85C30042AD0
:10F46000A9D06FF0150301E06FF06C035B4293E7E6
:10F470006FF07F03FAE700BF1400000070B50E467E
:10F48000012E154604461946049A4CD1152D24D157
:10F49000102A40F0D380D3E900308A6853EA000193
:10F4A00008D13AB94FF0FF324FF0FF33C4E91823C7
:10F4B000002070BD6849A3FB013501FB0055D11741
:10F4C000633241F10001981845EB010164220023E9
:10F4D000F1F78EFDC4E91801EAE7142D26D1102AB0
:10F4E00040F0AC80D3E9002652EA06019B6807D1C0
:10F4F00033B94FF0FF324FF0FF33C0E91A23D7E79B
:10F500005548DD17A2FB002100FB0611633345F1CE
:10F510000005981841EB050164220023F1F768FD0E
:10F52000C4E91A01C4E7B6F58D7F08D020680492BB
:10F530000B462A463146BDE87040FDF719BF013D34
:10F540000C2D00F2858001A353F825F081F5010010
:10F550009DF50100AFF5010051F60100DDF5010058
:10F5600001F601003DF6010051F6010051F60100DF
:10F57000EFF50100B1F4010013F6010027F60100D8
:10F5800000295BD0900759D1132A4FEA920555D82C
:10F5900004F130002BF0FCFB256489E7703018F093
:10F5A000D3FB00284AD1012384F8583080E7002992
:10F5B00044D012F0030641D1132A4FEA92053DD8F8
:10F5C00000F1440318462BF0E3FB04EB85050146EC
:10F5D0006E6404F5A2702AF003F969E771B3042A96
:10F5E0002CD10B68022B29D880F8593060E729B359
:10F5F000042A23D10B68012B20D880F85A3057E712
:10F60000E1B1042A1AD10B68012B17D880F85B30BE
:10F610004EE799B1042A11D10B685A1E5342534147
:10F6200080F85C3044E70D4B186908B111F0DCF943
:10F630001822002109482BF0D2FB39E76FF015039F
:10F640002BF0E6FE064A5B4213504FF0FF3030E7E6
:10F650006FF06C03F4E700BF40420F00C080002051
:10F66000140000002DE9F84307460E4690469946DF
:10F670004FF0FF334FF0FF322B4819F059FF2B4B5F
:10F680001B78ABB94FF0FF324FF0FF3326492848C3
:10F690001AF03CFB274B9F4240D3274B9F423DD261
:10F6A0007B681EBB314614204FF0FF3435460DE019
:10F6B000032BEFD06FF0040412E000FB01F23B6873
:10F6C000013113445C603B6813441D817B6899429F
:10F6D000F3DB1A49012200230868F9F78FF80024A8
:10F6E000114819F09DFF2046BDE8F883984518DCC5
:10F6F00000254FF0140CA845EBDD0CFB05F23C682F
:10F7000006EBC5031444043493E8030084E80300C3
:10F710003B6801351344C3F80C90ECE76FF001042B
:10F72000DEE76FF00B04DBE78420002067D80020C1
:10F73000F0210020E0BD0400ECBD040070A8002012
:10F740002DE9F04F534BDFF8608185B0A8EB030241
:10F750000B2A40F296800026434506F1010725D387
:10F76000032F00F28E8000214B4D0846AF61F8F761
:10F77000D7FF041EDFF82C917DDB032389F80030CE
:10F7800046481AF08BFA01234FF0140A2C60AB8024
:10F790004FF0FF334FF0FF32414819F0C9FE3D4BA7
:10F7A00043451BD20024D3F804C013E09A680C33FD
:10F7B000176053F8082C1644CEE79A681868126848
:10F7C0000AFB0400224405EBC202D0E9010182E8F1
:10F7D00003000134A445F0DC0C33E1E7304819F0B4
:10F7E0001FFF4FF0FF3239462B481FF048FF00281B
:10F7F00041DD4FF0010B284CB3450CDD0028F0D063
:10F80000B5F90630002BECD0286802A9F8F7E0FF24
:10F810000023EB80BCE7D4F808C0BCF1000F26DB66
:10F82000B4F90E30002B22DD1A4B09E01A680AFBEE
:10F83000002251688C4509D001307045F6DB0C334D
:10F840004345A5D20020D3F804E0F6E71361131D69
:10F85000D4E9020183E803004FF0FF31A3681046AA
:10F86000A160019321F07AF90020019BA3600BF1C4
:10F87000010B0834C0E7022389F8003005B0BDE869
:10F88000F08F0122074B1A70044805B0BDE8F04F15
:10F890001AF004BAE0BD040070A80020F021002096
:10F8A0008420002067D80020ECBD040000B589B09A
:10F8B00000220023CDE9062300230E22CDE90133E7
:10F8C000CDE9032300934FF49662054B05490648A2
:10F8D0001AF00EFB054909B05DF804EB1AF04CBABA
:10F8E00041F70100C8580420B0850020267C05009F
:10F8F00000B5036A012B14BF162286222BF088FD67
:10F90000024B1A504FF0FF305DF804FB140000006A
:10F9100000B55F222BF07CFD024B1A504FF0FF30F8
:10F920005DF804FB1400000070B5174C164694F8FF
:10F930002430DB070CD4F4F7A5F8051E0ADA1C23E3
:10F940002BF066FD4FF0FF35104A1350284670BD6E
:10F950000223F5E794F824304FF47A7243F0010360
:10F9600084F824300023C4E904234FF0FF324FF021
:10F97000FF332146C4E906234FF44043044A26627C
:10F98000F4F7C0F8E2E700BFA886002014000000EA
:10F990008C1F050010B56529044610461A46029BC7
:10F9A0000BD152B14BB1216849B902232BF030FD84
:10F9B000084A13504FF0FF3010BD1623F6E7064CEF
:10F9C000A042FAD100F03AFF002801DA4342EDE705
:10F9D0000020F1E7140000000500085210B5652969
:10F9E000044610461A46029B0BD152B14BB1216816
:10F9F00049B902232BF00CFD094A13504FF0FF3098
:10FA000010BD1623F6E7074CA042FAD11B6801F09F
:10FA10004FF8002801DA4342ECE70020F0E700BF8E
:10FA2000140000000B000852102A38B504460D4699
:10FA30001CD1486858B101F073FD206040B92BF02B
:10FA4000E7FC02220B4B1A504FF0FF3038BD20600C
:10FA5000AB686360236A012B06D1EB682268A36060
:10FA600012B143F08043A3600020EFE76FF0150070
:10FA7000ECE700BF140000002DE9F0479246D0E902
:10FA8000068900225B0648BF904604460D4648BFE3
:10FA9000C1468AB0129F049207AE2068D4F808C00D
:10FAA00006ABCDE902890096A0B9604605AA04A973
:10FAB00022F011FA10F1740F1FD0002813DA43421C
:10FAC0002BF0A6FC4FF0FF341D4A135020460AB01D
:10FAD000BDE8F087614604AA22F009FA236805937D
:10FAE000E8E77A23ECE7A268049B934307D0B9F1D7
:10FAF000FF3F08BFB8F1FF3FCFD00B23E0E757B17E
:10FB0000059808B102F06EF878606368BB60052361
:10FB10003B80049BFB60069981B1079A02F10804BF
:10FB20005445DED805F108002BF032F90123CDE968
:10FB3000083408AB03CB28606960C7E70C46F5E7DB
:10FB40001400000000B5036A012B14BF16228622A0
:10FB50002BF05EFC024B1A504FF0FF305DF804FBB7
:10FB60001400000000B57F222BF052FC024B1A500B
:10FB70004FF0FF305DF804FB1400000000B51622C2
:10FB80002BF046FC024B1A504FF0FF305DF804FB9F
:10FB90001400000000B55F222BF03AFC024B1A5013
:10FBA0004FF0FF305DF804FB1400000000B56D223B
:10FBB0002BF02EFC024B1A504FF0FF305DF804FB87
:10FBC0001400000000B56D222BF022FC024B1A50ED
:10FBD0004FF0FF305DF804FB1400000008B5002270
:10FBE0000549F3F7DFFE28B1838C828D006B9B1AE9
:10FBF0009BB2C01A08BD00BFD01F0500002208B587
:10FC00000349F3F7CFFE003818BF012008BD00BF3D
:10FC1000D01F05002DE9F8430546E0B3064656F827
:10FC2000440B431C04D10021304620F0C1FF25E0E5
:10FC300000221A49F3F7B6FE044618B94FF0FF3315
:10FC40002B60F0E700F108094FF0FF324FF0FF336F
:10FC5000484620F0A9FF4FF0FF380746C0B92046BC
:10FC6000394640F8348B20F0A3FF30463946C5F8BA
:10FC7000008020F09DFF484620F098FF28469422FF
:10FC800000212BF0ACF82846BDE8F8432BF062B811
:10FC9000C5F80080C7E7BDE8F88300BFD01F0500A6
:10FCA00000B57F222BF0B4FB024B1A504FF0FF300F
:10FCB0005DF804FB140000002DE9F04F88469146E2
:10FCC000044689B008B101B152B92BF0A1FB16224C
:10FCD0004A4B1A504FF0FF35284609B0BDE8F08F67
:10FCE00000F1080700220023384620F05DFF666817
:10FCF000002806F0010612DA36BB4FF0FF324FF053
:10FD0000FF33384620F050FF002805DA43422BF03D
:10FD10007FFB3A4A1350DDE7666806F0010620686B
:10FD2000FFF76CFFE28C638D05469A4246D138B1ED
:10FD300066B12BF06DFB0B22304B4FF0FF351A50A4
:10FD4000384620F033FFC7E70B23E0E72AF064FBD7
:10FD50000028EED101964FF0FF360199029669BB5B
:10FD60004FF0010B102203A82BF039F89DF8193041
:10FD700038466BF3050304F1340A8DF81930CDF8D9
:10FD80001CA020F013FF4FF0FF3259464FF0FF3315
:10FD900003A81BF0C3F84FF0FF324FF0FF33384693
:10FDA00020F002FF504602AA01A92AF0BBFF019BE6
:10FDB000002BD2D0029BE3B15B45CED14A464146EF
:10FDC00004F120001DF0AFFDE28C638D06469A42DF
:10FDD00007D12068FFF712FF18B104F134002AF0B0
:10FDE0009EFF25B1012104F1440020F0E1FE3546DB
:10FDF000A6E72BF00DFB2022004B9EE7140000002D
:10FE00002DE9F04F0E461746054689B008B101B1FD
:10FE100052B92BF0FDFA16226B4B1A504FF0FF36F9
:10FE2000304609B0BDE8F08F00F108080023002239
:10FE3000404620F0B9FE6B68002803F0010914DA8F
:10FE4000B9F1000F23D14FF0FF324FF0FF3340469E
:10FE500020F0AAFE002805DA43422BF0D9FA5A4ACC
:10FE60001350DBE76B6803F001090022574928684B
:10FE7000F3F798FD044660B92BF0CAFA2022524BE2
:10FE80001A504FF0FF36404620F090FEC8E70B2393
:10FE9000E3E700F1080A00220023504620F084FE28
:10FEA000002830DAB9F1000F27D14FF0FF324FF0C0
:10FEB000FF33504620F078FE002801DA43421DE06F
:10FEC0002868FFF78BFE30B331463A4604F1200034
:10FED0001DF009FD06462868FFF780FE18B904F1F9
:10FEE00044002AF01CFF012104F1340020F060FEE0
:10FEF00004F1080020F05AFEC5E70B232BF088FA26
:10FF0000314A1350BDE72868FFF768FE0028DBD1AF
:10FF1000B9F1000F52D12AF07FFA00284ED14FF0EC
:10FF2000FF3B0190DDF80490CDF808B004F1080A19
:10FF3000B9F1000FC8D11022494603A82AF04FFF9B
:10FF400001219DF81930504661F3050344348DF8C2
:10FF50001930079420F02AFE4FF0FF324FF0FF33A4
:10FF6000012103A81AF0DAFF0028A7DB4A46174947
:10FF70002868F3F717FD044600283FF47DAF4FF0E3
:10FF8000FF324FF0FF33083020F00EFE002895DBE3
:10FF900002AA01A904F144002AF0C4FE019B002B2F
:10FFA000C0D0029B13B1012B8ED0BBE72BF030FAEF
:10FFB0002022054B4FF0FF361A5099E72BF028FA14
:10FFC0000B22014BF6E700BF14000000D01F050014
:10FFD0002DE9F0410E46074600B141B92BF018FA61
:10FFE0001622204B1A504FF0FF30BDE8F081006818
:10FFF000FFF704FE804610B13868FFF7EFFD0023DD
:020000022000DC
:100000001D467C68F168994207D1B8F1000F0BD109
:100010002BF0FEF92022134BE4E7B26802EBC30297
:10002000526801331544EEE72DB1854205D800240E
:10003000F368A34209D82846D7E714F00104F7D0A3
:100040002BF0E6F97A22074BCCE7B368384603EB8E
:10005000C402526853F83410FFF7D2FE0130C2D008
:100060000134E5E7140000002DE9F7430D4616467C
:10007000044650B92BF0CCF916224FF0FF34874BD1
:100080001A50204603B0BDE8F08300F108074FF096
:10009000FF334FF0FF32384620F086FD40F2031365
:1000A0009D4200F09280B5F5827F0ED2042D1ED0C5
:1000B000B5F5817F2ED0032D11D02BF0A9F95F2249
:1000C000764B4FF0FF341A500DE045F21B439D4232
:1000D00019D045F221439D42EFD163680BE064687B
:1000E000A40304F48044384620F060FDC9E7326878
:1000F0006368510404D543F0010363600024F2E710
:1001000023F00103F9E7E38C618D32685B1A9BB23F
:100110001360F3E7D6E90058AB88B668DA070DD567
:100120002068FFF76BFD002800F0B180D8F80030A0
:100130009E4200F0AF8004F134021A61AD8815F0E0
:10014000040540D02068FFF759FD0546002800F05F
:100150009E80D8F800309E4200F09C8000225049DA
:100160002068F3F71FFC4FF0FF3206464FF0FF33D5
:10017000083020F019FD041EB5DBD8F8003006F178
:1001800044021A610121D8F800305A7B61F305025C
:100190005A73D8F800309A7B6FF345129A73D8F8E7
:1001A0000030DA686FF39432DA60D8F80030143334
:1001B000C8F80030002EA1D0002D9FD006F1080015
:1001C00020F0F4FC9AE72E46DCE7D6E90058AE882A
:1001D00016F0040608D02068FFF710FD064628B97F
:1001E000EB8843F01003EB80B14616E000222C4967
:1001F0002068F3F7D7FB4FF0FF3281464FF0FF3313
:10020000083020F0D1FC002821DB2068FFF7E6FC55
:1002100078B1EB8843F00403EB80AB88DB0727D58C
:100220002068FFF7EBFCA0B9EB8843F00103EB80FB
:100230001EE00090694601AA09F144002AF072FD0F
:10024000009B002BE9D0EB8843F01003E4E7002685
:10025000E3E7E28C638D9A42E6D10023009369467E
:1002600001AA04F134002AF05DFD009B002BDBD1D4
:10027000D8F800301433C8F80030B9F1000F3FF45B
:100280003DAF002E3FF43AAF09F1080098E76FF058
:10029000770428E76FF00B0425E700BF1400000087
:1002A000D01F05002DE9F3471E46002306281546FA
:1002B000CDE900330AD02BF0ABF86A22424B1A503A
:1002C0004FF0FF35284602B0BDE8F087012904D081
:1002D0002BF09EF86B223C4BF1E722B12BF098F803
:1002E0007B22394BEBE726B92BF092F80E22364BE6
:1002F000E5E7E8461746DFF8D49094202AF031FD70
:10030000044698B92BF084F80C222F4B1A5002ABFC
:1003100003EB8707002347F8083C0098FFF77AFCB7
:100320000198FFF777FCCBE70127E6E79022002151
:1003300004302AF054FD20464FF0FF3340F8083BCC
:100340000122114629F015FF04F154032362002312
:10035000C4E90933E3624023236304F134002AF043
:10036000D9FC04F1440A50462AF0D4FC012150463D
:1003700020F01EFCF3F786FB03460133206008D112
:100380002BF046F81722104B1A502046FFF742FC7C
:10039000BDE74FF440434A462146F3F7B3FB48F824
:1003A000044B002FC0D0DDE900473B6822683A606B
:1003B00044F8083B2046336020F0F8FB3B682046B9
:1003C000736020F0F3FB7DE714000000D01F0500F0
:1003D00008B54022002104482AF001FD034829F015
:1003E000B6FD002008BD00BFA0A800208CA80020FA
:1003F000094B30B51A4600241D788D4205D15D6841
:10040000854202D102EB041030BD0134042C03F10B
:100410001003F1D10020F7E7A0A8002010B50B4B86
:1004200031B11031CA1A1211032A03D9002008E091
:100430001946F7E70C782CB14C68844202D103EBE3
:10044000021010BD01321031EEE700BFA0A800205D
:100450004FF0FF324FF0FF33014819F069B800BF89
:100460008CA80020014819F0DBB800BF8CA8002040
:100470002DE9F84306460F4690469946FFF7E8FFF8
:1004800039463046FFF7B4FF0446A0B90B4B2101B3
:100490005D5C03EB041245B9C2E9028956605F5402
:1004A000FFF7E0FF2846BDE8F8830134042CEED1C5
:1004B0006FF00B05F4E76FF01005F1E7A0A800203E
:1004C0002DE9F041D1F808800546D8F80C300C46EB
:1004D00013B90220BDE8F081B8F810200D2AF8D930
:1004E0004FF0030C0620D3F806109E89C4F826109E
:1004F000598984F82500618584F824C0D3F800E088
:1005000072BAC4F82EE09B8804F12E01638684F849
:100510002D0084F82CC00846A28620F0A2FB94F897
:100520002E3097B203F0010385B1D5F800C0BCF1BD
:10053000000F0BD09CF81120062A07D148B943B907
:100540000CF112002AF0C2FC18B1C2E708B9002B66
:10055000BFD00E2108F10C001FF004F8A3688BB97E
:10056000204B214A21499342B3D29889B84207D1FE
:100570005868884204D1D3F80880B8F1000F03D13D
:100580001033F0E75B68EAE7224639462846C04761
:1005900000289FD002289CD048F688639E4299D0BC
:1005A00094F83730C3F30213012B12D1A368DB6830
:1005B0005B885BBA9BB22D2B8CD8A268002A89D0AD
:1005C000118A994235BF5B1A13829BB2002352688D
:1005D000F4E7022B7FF47EAFA368DB689B885BBAED
:1005E0002833E7E790BD0400B0BD0400F4230020E9
:1005F00000487047467C0500F0B58DB015460446AE
:100600000E463022002168462AF0E9FB01232046ED
:100610008DF807508DF8003020F0F2FA0546876813
:10062000CCB12368BBB15A680C4B9A4213D1204617
:1006300020F0EBFAC3040ED56FB13C695CB133888E
:10064000012B08D10DF10101301D20F073FB6A462A
:100650000A212846A0470DB0F0BD00BFF4230020BA
:100660002DE9F047814620F0CBFA8A8ED0F808A019
:1006700057BA0E46BFB2BAF1000F00F0A680DAF802
:100680001C3023B96FF085052846BDE8F08791F846
:100690003730C3F30213012B52D1B2F5006F4FD1A3
:1006A0008B688D69DC6801F003FE226903689A4259
:1006B00000F09180284604F1100100F0BFFF0028EF
:1006C00040F08980B368D9681031084620F08BFA71
:1006D000024600287FD1304600F086FB0446002801
:1006E00076D086422ED0304622F04DFAA78E7FBAC1
:1006F000BFB2002FC6D094F82D304BB9374B1A68D3
:10070000C4F82D209A889B79A4F8312084F83330DE
:100710004FF47A7200230E21204602F0F9FA804647
:1007200090B96FF00B05B7F5C16FADD1304622F02F
:1007300011FAA3684846D968103100F087FD36E009
:100740003446D6E70827D6E70E2150F80C5F1EF096
:10075000D7FEB7F5C16F2ED094F83730C3F302132C
:10076000012B28D1A368DA681032104620F03BFA3A
:1007700008B32946104620F0DDFAD4F82630414669
:10078000C5F80630638D20466B81AF8122F01BFADD
:10079000204622F088FA484620F032FA2146DAF85C
:1007A0001C30984705460028BDD1A3684BB92046A8
:1007B00022F0E9F968E7D4F82E302B60638EAB8025
:1007C000DBE71A8A5B681544F0E76FF001055BE729
:1007D0006FF00B0558E734468DE700BF397C050004
:1007E00038B50123054620F006FA11490376044680
:1007F0004561043029F09CFD284620F006FA4205A8
:1008000048BF237E284644BF43F00403237620F0EC
:10081000FCF9C30404D50021064A074800F0B8FEDD
:1008200000F028FD637E43F00203637638BD00BF0D
:10083000F10C0400F9050200E0A800202DE9F043C6
:100840008046144699460E468DB0002900F0298155
:100850000B68002B00F025811D683022AF68002155
:1008600068462AF0BCFA002F00F018813B6923B9D2
:100870006FF085000DB0BDE8F083002C00F085809E
:10088000B9F1300F40F08180874B4344122B7CD864
:10089000DFE813F0130024004A00550064007E00D6
:1008A000A400B700CC007B007B007B007B007B00BA
:1008B0007B00D900E9007B00F6000821284620F0E3
:1008C00071FA0028D4D0002123788DF800303068E8
:1008D0003B6900B100686A469847CBE7237853B17B
:1008E0001021284620F05EFA0028C1D001238DF89F
:1008F00000300121EBE763784BB12021284620F03E
:1009000051FA0028B4D001238DF80130F1E7A37823
:10091000002B3AD04021284620F044FA0028A7D0E6
:1009200001238DF80230E4E78021284620F03AFACE
:1009300000289DD0237802218DF80030C7E70021E0
:10094000304620F03DFA10B16FF00C0092E72068BD
:10095000A38803210090ADF80430B8E74FF400718C
:10096000284620F01FFA002882D0237953B1023B99
:10097000012B0AD96B462068616803C3A068042173
:100980001860A4E7A368642BF4D96FF0150071E731
:100990004FF40031284620F005FA00283FF468AFF4
:1009A0006379012BF1D02379032B0AD13F4B226AC3
:1009B0009A42EAD8D4E904128B424FF000039341E3
:1009C000E3D36A4604F130051346206861680834B1
:1009D00003C3AC421A46F7D1052178E74FF48021D2
:1009E000284620F0DFF900283FF442AF2379042B9A
:1009F000CBD06B462068616803C3A06806211860ED
:100A000065E74FF40021284620F0CCF900283FF498
:100A10002FAF304620F0DEF9002895D16B462068D4
:100A2000616803C3A0680721186050E74FF4806134
:100A3000284620F0B7F900283FF41AAF23780821A0
:100A40008DF8003043E7304620F0C4F900287FF4E9
:100A50007BAF2068A288A3790C210090ADF8042018
:100A60008DF8063033E74FF48011284620F09AF9CC
:100A700000283FF4FDAE23780D218DF8003026E7E5
:100A80004FF48051284620F08DF900283FF4F0AE55
:100A90006B466168206803C30A2118E76FF0010004
:100AA000E8E600239B68FFDEFFFFF7ADFFC99A3B36
:100AB0002DE9F0430746144698468DB0002900F012
:100AC00015810B68002B00F011811D683022AE6883
:100AD000002168462AF083F9002E00F00181D6F843
:100AE0001490B9F1000F04D16FF085000DB0BDE88E
:100AF000F083002C00F0F780B8F1300F40F0F38065
:100B00007C4B3B44082B00F2EE80DFE813F0090039
:100B10001B0037003C008200B700EC00EC00D50061
:100B20004FF40061284620F03DF90028DCD06A46E9
:100B300009212846736998470028D7D1009B236074
:100B40000020D3E74FF40071284620F02BF900284D
:100B5000CAD023686A460093237904218DF80430B3
:100B60002846736998470028C0D19DF80430042BAB
:100B7000E6D8DFE803F0777777779D006A460B21A8
:100B80002846C847D8E74FF40031284620F00AF934
:100B90000028A9D023792268012B08BF238A00925C
:100BA000A28808BFADF81030ADF8042005216A46D0
:100BB000284673699847002898D19DF80430032B84
:100BC000BED8DFE803F0751F4F0206AD2E4604F1D4
:100BD00018020AAF2B4603CBBB42106051601D4682
:100BE00002F10802F6D102AD04F108022B4603CB54
:100BF000B342106051601D4602F10802F6D10A9B13
:100C0000A3629DE702AB03CBA0601868E16020619E
:100C100096E74FF48021284620F0C4F800283FF4DE
:100C200063AF23686A460093237906218DF8043068
:100C300028467369984700287FF458AF9DF8043020
:100C4000052B3FF67DAF01A252F823F0B10C020054
:100C5000650C0200650C0200410B0200B10C0200A1
:100C60006B0C0200029BA3606AE79DF80830227AB1
:100C7000C3F3010363F30102227261E74FF4002121
:100C8000284620F08FF800283FF42EAF63686A46AC
:100C90000193237807218DF800302846736998471F
:100CA00000287FF423AF9DF80030002B7FF448AF7D
:100CB0009DF80830237243E74FF48011284620F056
:100CC00071F800283FF410AF6A460D212846736979
:100CD000984700287FF40AAF9DF8003023702FE773
:100CE0006FF0010002E76FF01500FFE600239B683C
:100CF000FFDE00BFF6FFF7AD002301461A460148AC
:100D000001F000BC010008D2002301461A46014848
:100D100001F0F8BB020008D208B5084B5A683AB196
:100D200000211B6823B19A4204D1044820F067F8DF
:100D3000104608BD19461B68F4E700BF00A9002053
:100D40002DE9F84320F084F84FF0FF3306464FF0CA
:100D5000FF32214820F0A4F8204B1C685CB12568C4
:100D6000DFF878801E4FC6F5FA6934B91A48BDE835
:100D7000F84320F0C2B82546F2E7626809EB0203A7
:100D8000002B21DC0121204620F0C5F8224600215D
:100D9000404620F034F8002323607B6833B9C7E96C
:100DA000004435B12B682C461D46DEE71C607C6094
:100DB000F7E72B46F7E70A2302F5FA62A2FB0323C3
:100DC000084818F03FFFD1E7921B12F5FA6FF2D1F5
:100DD00000221346F4E700BFECA8002008A9002079
:100DE00010A90020D08600202DE9F04F89469046BA
:100DF000064687B020B90025284607B0BDE8F08F29
:100E00008368002BF7D05AB9806920F036FC38B9D6
:100E1000B3699B6823B103F13C09DB6B002BEAD07B
:100E20004FF0FF324FF0FF33744820F039F80023C1
:100E3000734D05932F684A463846B16905AB20F0DB
:100E40004EF8044658BBDFF8C8A10346DAF80000A4
:100E500020F045F80546002842D16A480468002C75
:100E60003AD0224629461FF0CAFFB3690393B8F16E
:100E7000000F43D14FF47A7200231C21CDE90023E7
:100E800003984346424602F06FF80546B8BB002C73
:100E900000F0998021465B481FF0AAFF93E0B8421A
:100EA00007D00246059928461FF0A9FF21461FF0EA
:100EB0009FFF524820F021F8A0681FF0B0FF811C6E
:100EC00006F124001FF0EEFF04F1100106F12C00E2
:100ED0001FF0E8FF35468FE7FFF71EFF0446C4E723
:100EE000304621F037FE014605F1180029F02AF9B5
:100EF0000028BAD0414820F000F87CE7354640F69B
:100F000006030122AB8695F83730A86862F3061312
:100F100085F837301C210C301EF0F2FAAB6805F171
:100F2000240BDF68002C56D0304621F013FE3146EA
:100F300004F1180029F0DDF8AB69A360D9F800309E
:100F4000E360A0681FF06BFF811C58461FF0AAFFEA
:100F500000232360DAF80430CBBBCAE900441FF059
:100F600077FF6060284829F019FD084305D144F651
:100F700020620023254818F065FEFFF739FB014683
:100F800005F12C001FF08EFF0821B9700621002307
:100F90000122397104213B707A70FB707971BB7149
:100FA000FA71C7F81230FB82D9F80030BB61D5F86E
:100FB0002630BB606B8DBB81ACB9B368D8680C3090
:100FC0000368C7F80E300D481FF097FF14E71C6048
:100FD000CAF80440C3E703981FF021FF811C58465C
:100FE0001FF060FFC9E7A368414698681FF063FFE0
:100FF0000028E5D1C7F80E00E5E700BFECA8002007
:1010000000A9002010A90020E0860020D086002042
:1010100008A900202DE9F74F05460F4616469846C9
:101020009DF830901FF033FF38B94FF0FF324FF08A
:10103000FF3305F174001FF033FF4FF0FF324FF024
:10104000FF3349481FF02CFF0023DFF82CA1019348
:10105000DAF800B03A462946584601AB1FF03FFF88
:10106000044680BBBBF1000F02D1404829F0B0F923
:10107000B8F1000F0BD03E483A462946006801AB54
:101080001FF02DFF18B133680361B3888382B9F173
:10109000000F0FD000233648294601933A460068D6
:1010A00001AB1FF01CFF014600283FD033680361ED
:1010B000B38883822C481FF020FF284603B0BDE888
:1010C000F04F1FF01CBF0246019950461FF097FEDB
:1010D000DAF8003013B9254829F07AF93368214647
:1010E0002361B3882248A3821FF082FE04F118070F
:1010F000A369002BDED04FF0FF334FF0FF323846AC
:1011000018F0DEFA83680646D9682C301FF0CAFE54
:101110003DB32B682BB35B68314628465B68984724
:101120000028E5DA304621F02EFDE1E71148046899
:101130008CB122461FF063FE1FF08AFEC4E9010550
:101140003B68E360336821462361B3880848A38283
:101150001FF04EFEAEE7FFF7DFFD04460028EBD19F
:10116000A8E700235B68FFDEECA80020D086002003
:1011700000A9002010A9002008A900202DE9F843AB
:10118000DFF8C08005464FF0FF324FF0FF332A48AA
:101190001FF086FED8F8004024B100272668DFF84B
:1011A000A89094B9254F3C682CB14FF000082668F0
:1011B000DFF8949024BB3B6813B9214829F008F963
:1011C000BDE8F8431C481FF098BE234615B1A2683D
:1011D000AA420DD1002120461FF09DFE394640460F
:1011E00022461FF00CFE214648461FF001FE3B46FA
:1011F00026B1326834461F461646D2E73246F9E732
:10120000234615B1A268AA420DD1012120461FF044
:1012100082FE4146384622461FF0F1FD21464846EF
:101220001FF0E6FD434626B132683446984616461E
:10123000C0E73246F9E700BFECA8002008A900206B
:10124000D086002000A9002010A9002008B50A4679
:1012500001460748002300681FF041FE20B101212C
:101260001FF059FE002008BD6FF00100FBE700BF32
:1012700008A9002038B5124D2B7803BB114A124C37
:10128000C2E90033114AC4E90033C2E9003310480F
:1012900028F0EDFE20460F491FF0AAFD01F14C0099
:1012A00028F0E5FE20460C491FF0A2FD0B490C4832
:1012B00029F080F80B4828F04AFE01232B7038BD36
:1012C00068D8002008A9002010A9002000A900204B
:1012D00030A9002018A900204CA90020410D0200CF
:1012E000D0860020ECA80020036804481BBA1B0C21
:1012F0001B041B1A58425841704700BF0000FEA94A
:1013000070B58CB0054620F07AF8154B0C46834238
:10131000164602D001200CB070BD284620F074F8AB
:101320008368002BF6D0DB68002BF3D0984704428B
:10133000F0D0284620F068F88368C4F110015B699A
:10134000C9B20BB90020E6E76A4698470028F9D1F0
:10135000009B36EA030314BF01200020DBE700BF37
:10136000F42300204FF0FF3370B54FF0FF320546F5
:10137000184820F098F8184B196879B10A684FF0AE
:10138000FF334FF47A7659B95A1C1BD1134829F010
:101390001FF8BDE870400F4820F08EB80A46EEE70F
:1013A000CC69098C641B06FB0141002909DD8B42D5
:1013B00028BF0B461AB1106811460246E3E71046F3
:1013C000FAE700230A220548A3FB022318F03AFC9F
:1013D000DFE700BF98200020E4A90020008700205C
:1013E0002DE9F341044615460E46984620F05DF877
:1013F000A26882B9002732E051400E062BD403F1D7
:101400000802D2B20133DBB249009342C9B222D002
:10141000080620D4F6E7936915491940154B9942FF
:10142000E8D11388012BE5D1171D3846FFF75CFF83
:101430004045DFD15368D269013E13400193002338
:1014400001A816F8011F10F8012B9142D4D10833DE
:10145000DBB2202BF5D12A789A42CBD82B7004F13D
:10146000600020F029F8384602B0BDE8F08100BFE6
:1014700000FF0200000102002DE9F0471FF0ECFF21
:10148000244E80464FF0FF324FF0FF33224820F0C9
:101490000AF834682CB100254FF47A7AA9462768F7
:1014A0003CB94046FFF75EFFBDE8F0471A4820F020
:1014B00003B8E369218CA3EB08030AFB0133002B7B
:1014C000224619DCA388012B06D11023A1691348F9
:1014D00004F1080201F016F823689DB972683360C0
:1014E000944200D173602A4694F82230C4F80090E8
:1014F00069F3000384F8223057B13B683C46154637
:101500001F46CDE72B6073689C4208BF7560EAE711
:101510003B46F3E7E4A9002098200020060004E001
:10152000002809DD9022431E044802FB0300044BFF
:10153000984228BF002070470020704748230020B1
:10154000D8230020024608B50649074B8B4202D338
:101550000023184608BD18461FF056FF8242F8D0F7
:101560009033F3E7D823002048230020054B064A98
:10157000934205D0054A1068002808BF18467047F6
:101580000020704748230020D8230020ECA9002029
:10159000F8B504460D4D4FF0FF330D4816464FF099
:1015A000FF320F461FF07FFF214628461FF00CFF39
:1015B0002B6823606B682C6003B96C60C4E901760A
:1015C0000348BDE8F8401FF077BF00BF8CA900209A
:1015D0009820002038B504460D461FF066FF06210E
:1015E00020461FF02FFF10B3A36843B105B12B6055
:1015F000002504F160001FF05FFF284638BD4FF062
:10160000FF324FF0FF330B481FF04DFF0A4B5A6C6F
:101610003AB9A3605C6405B12B6006481FF04CFF2B
:10162000E6E704481FF048FF6FF00205E1E76FF0BE
:101630008505DEE7982000209CA9002070B50D46A6
:1016400068B1BDE870401FF085BF294620461FF0F5
:1016500081FF18B99034B442F7D3002070BD014C1B
:10166000014EF8E748230020D823002000232DE96D
:10167000F34105460E468DF8073000294ED0084646
:10168000FFF732FE034628BBFDB128460DF10702E5
:10169000FFF7A6FE04460CE03846002331460DF164
:1016A0000702FFF79DFE002818BF04469037474504
:1016B000F2D3A4BB0121284620F001F8044670BBF8
:1016C00002B0BDE8F04100F0EFBD2C46164FDFF848
:1016D0005C80ECE7EDB1012128461FF0EDFFD9E772
:1016E0002046012331460DF10702FFF779FE00285D
:1016F00018BF074690344445F2D3FFF737FF314611
:1017000001230DF10702FFF76BFE044638B93C4692
:10171000CFE72F46044CDFF81480ECE70C46204658
:1017200002B0BDE8F08100BF48230020D82300208C
:10173000F8B506460D46114C114FBC4201D30024AA
:1017400019E020461FF0B1FEA36804F160001BB948
:101750001FF0B2FE9034F0E79A7E9207F8D51A880F
:10176000012AF5D1326859689142F1D105B12C6056
:101770001C461FF0A1FE2046F8BD00BF48230020F4
:10178000D82300202DE9F7430646884691461D469A
:101790001FF08BFE304601A9FFF71CFF002806F161
:1017A000600728DBB468A37E99071AD5D8F8001023
:1017B0006268914215D1DA060CD404F11403D3E81F
:1017C000EF1F0131C3E8E21F002AF8D1A37E43F0E6
:1017D0001003A37638461FF06FFE204603B0BDE825
:1017E000F083B9F1020F019C02D1237E042B04D0B7
:1017F000A37E9B0701D50024ECE7002CEAD0012250
:10180000A37E228023F0120343F01203A376D8F8BC
:101810000030A17E6360B5FA85F35B0963F30001D4
:101820006FF07F43E36104236261A1766276314603
:10183000034884F81890E21800F064FECAE700BF7D
:10184000010004E0F8B505460E461FF02EFE00210B
:101850002846FFF7BFFE002823DB336803F0F003C0
:10186000E02B1ED1AC68C4B905F160001FF024FE66
:101870002046F8BD43F0010384F8383001232246A6
:1018800023843368294642F8243F0748042304F19F
:10189000200700F037FE3C46E6E794F83830DA07D8
:1018A000E8D50024E0E700BF030004E0F8B50646F1
:1018B0000D46154C154FBC4207D245B12B6833B1CC
:1018C000A34204D09034BC42F8D3002419E020464F
:1018D0001FF0EBFDA36804F160001BB91FF0ECFDE5
:1018E0009034E8E793F83820D207F7D51EB1596A4B
:1018F00032689142F2D105B12C6003F120041FF04F
:10190000DBFD2046F8BD00BF48230020D82300207F
:1019100073B50368002104469D7E1FF093FD0028E7
:1019200040D102262368002B00F09A809E7623681F
:101930009B7EB34240F09480062E61D1062D00F0CC
:101940008F80082120461FF08FFD002321461A4674
:10195000444800F0D7FD20461FF067FD10F0080551
:101960007ED120461FF0A1FD314620461FF06AFDC2
:1019700000283AD0204601A9FFF72CFE002834DBCE
:1019800028462946019B03F13402054601B304F1C0
:1019900060001FF091FD65B32B6853B3143B43B354
:1019A0005B69FAE720461FF02FFD28F0C7F868B101
:1019B000092120461FF046FD0028B2D00A2120460A
:1019C0001FF040FDC0F10606F6B2ABE70326A9E71B
:1019D00093F83810CE07DAD58907D8D40121586397
:1019E00008B91046D1E71546D1E704F160001FF0B1
:1019F00063FD0621204602B0BDE870401FF022BD05
:101A0000062D2DD1082120461FF03DFD0023214643
:101A10001A46154800F076FD20461FF006FD020725
:101A20001ED420461FF041FD294620461FF00AFD26
:101A300030B904F1600002B0BDE870401FF03CBD59
:101A4000204601A9FFF7C6FD0028F2DB019991F8B5
:101A50003830DB07EDD5204620311FF0CEFEE8E719
:101A600002B070BD020001D0010001D02DE9F843A1
:101A700005468846174699461FF020FD0446B0B13A
:101A800000F11402D2E8AF6F8EB1701ED2E8EF3FC2
:101A9000B34203D1C2E8E10F0029F7D1F2D1012E00
:101AA00009DDB9F1000F04D0C9F8004001E06FF082
:101AB0001500BDE8F883A37EB8F1010F6FF3410371
:101AC000A37601D00020F4E7002FFBD028461FF0BA
:101AD000ECFCAB682BB1042329460448E21800F063
:101AE00011FD05F160001FF0E7FCEBE7020004E0E8
:101AF000F8B54FF0FF33054617460E484FF0FF325A
:101B00000E461FF0D0FC0C4B1B680BB11C6823B9B0
:101B10000848BDE8F8401FF0CFBC3A463146284699
:101B20005B6898471CB1226823461446EFE72246BB
:101B3000FAE700BF9820002094A900200023F7B501
:101B400004460D46CDE90033002943D0244B1B68E1
:101B500053B195F82D202E31062A3BD80DF1020005
:101B60008DF8012029F014F9092120466F691FF032
:101B700069FC88B30D2120461FF064FC38B94FF092
:101B8000FF324FF0FF3304F174001FF08CFC20464D
:101B90001FF035FC29464368204698470D2106462C
:101BA00020461FF04FFC18B904F174001FF084FCAC
:101BB000002E02DA284620F0E6FF1FB131463846F3
:101BC0001FF027FC9DF8013023B1324669462046BC
:101BD000FFF78EFF03B0F0BD6FF07206EAE700BFBB
:101BE00094A90020074B984208D3074A904205D297
:101BF000C01A064B00115843013070474FF0FF30B8
:101C0000704700BF48230020D8230020398EE338D6
:101C1000F8B505460E46054C054FBC4200D3F8BD4D
:101C200020463146A8479034F7E700BF48230020FC
:101C3000D823002038B505461FF037FC0021284680
:101C40001FF000FC40BB28461FF0D9FB044680B1C2
:101C5000846874B128461FF0D7FB27F06FFFF0B1FE
:101C600028461FF0CCFB0121836828469847041EB4
:101C70000CDB002128461FF0F7FB002309481A4619
:101C8000294600F03FFC2846FFF742FE05F16000C0
:101C90001FF012FC204638BD6FF07704F6E76FF0B6
:101CA0000504F3E7040001D038B505461FF0FDFB3D
:101CB000002128461FF0C6FBE8B128461FF09FFB15
:101CC000044628B184681CB12846A047041E0CDBDA
:101CD000002128461FF0D7FB002308481A46294652
:101CE00000F010FC2846FFF713FE05F160001FF01E
:101CF000E3FB204638BD6FF07704F6E7030001D020
:101D000008B503461FF07BFB084A824208D14BB15D
:101D10001B683BB19B68987E431E5842584108BDE2
:101D20000020FCE700239B7EFFDE00BFF4230020A1
:101D30002DE9F0410D460646F8B1F1B10846EFF73E
:101D40009FF908281CD8114FDFF84480441C4745F0
:101D500008D32246294606F1500029F019F8002040
:101D6000BDE8F081B74206D02246294607F150006F
:101D700029F0ACF838B19037E9E76FF01500EFE7DC
:101D80006FF05A00ECE76FF07700E9E74823002096
:101D9000D823002070B50546B8B10D4C0D4EB442A5
:101DA00002D36FF0010070BD2846EFF769F92946AC
:101DB000024604F1500029F0CDF820B92046BDE8D4
:101DC0007040FFF70FBF9034E9E76FF01500EAE7C6
:101DD00048230020D82300202DE9F0434FF0FF32A4
:101DE0004FF0FF33374885B01FF05DFB002521F031
:101DF00069F9354C354FDFF80081354EBC4213D3BD
:101E000065B14FF4A072334B33493448A3F84020F6
:101E100028F0D0FA0022324BC3E90022294805B04D
:101E2000BDE8F0431FF048BB00222046C4E914225D
:101E300084F858201FF0E8FAD0F80890B9F1000FA4
:101E400018D0D9F80030ABB1062120461FF00CFBAA
:101E500004F1600028F07BF804F1740028F077F8B2
:101E6000D9F800302046984794F8883023F00303CF
:101E700084F8883094F8503083B92046FFF740FF4B
:101E800078B1184A1368591C1160174A092101A832
:101E900019F0FEF9204601A9FFF74AFF01359034F9
:101EA000ACE720461FF0ABFA804505D10F4A136816
:101EB000591C11600E4AE9E733685A1C32600D4A1A
:101EC000E4E700BF9820002048230020D82300200A
:101ED00080A900209CA9002079140200008700201E
:101EE000E4A9002088A90020507C050084A90020D6
:101EF000577C05005D7C0500F423002038B5074CB5
:101F0000074DAC4200D338BD032120461FF09AFA9A
:101F100010B92046FFF78EFE9034F2E748230020E8
:101F2000D82300202DE9F04F00248BB002288246F0
:101F30000D46CDE9084405925CD10B68069143B982
:101F40004A68002A4DD14FF6FF734C89E11A4C4282
:101F50004C4108A80246002305F1100705EB430198
:101F60000E88002E3FD00133082B02F10102F5D17B
:101F70004FF0FF384FF0010B002710F8013B5B4595
:101F800088BFB84607F1010788BF9B46082FF4D1E8
:101F90003A23BBF1010F02934FF0000308BF4FF04B
:101FA000FF380493002105980026042F63D1049B79
:101FB0009A5D7ABB0346302203F8022B029A4270E4
:101FC00018460136B742F0DC059B984214D0BAF1AE
:101FD000010F4FF0000340F08A8000F8013C0598A3
:101FE0000BE01C46B5E7167802310136B94216708F
:101FF000B6D1B8E7012803D000200BB0BDE8F08FC0
:102000002E2304274FF0FF38834625460491029380
:102010000694C7E7039200224FF00909DFF8D4C005
:1020200001900792DDF80CE0BEFBFCF20CFB12E322
:10203000079A0393914501DBE64509D3BEFBFCFEFD
:10204000019B0EF1300E03F801EBCDF81C900193CB
:102050000A2209F1FF39B9F1FF3FBCFBF2FCE1D1E3
:102060004FF00002019B1A701B1A50FA83F0029B7A
:1020700000F8013BA5E76CB1052E0BDD05F10C0363
:1020800004933A2300F8013B2E2304274FF0010A62
:10209000029389E7B0450ED111B9B8F1000F02D112
:1020A0003A2300F8013B3A2300F8013B0BF1FF33E0
:1020B00000211E4485E711B13A2300F8013B069B3D
:1020C00033F816305BBA13F47F4FC3F307215FFA7E
:1020D00083F90AD0002361221FF0F4FC0123494652
:1020E00061221FF0EFFC01216BE70B46F7E703705D
:1020F00075E700BF00CA9A3B01282DE9F8430C465A
:10210000164637D100234C1E136019461A461D4649
:1021100014F8010F18B12E281BD101339BB20129ED
:1021200009D9092A03D9032907D1632A05D86FF0F1
:102130001500BDE8F8830029F9D0FF2AF7D87255B9
:1021400022781AB10135EDB2042D10D1032B7BD0CA
:10215000EDE73038C7B2092FE9D80131C9B20429F7
:10216000E5D002EB820200EB420082B2D0E700220F
:102170001146CDE70228DAD12E21204628F0DDFED7
:10218000237800280CBF082706273A2B08BF013404
:102190002046EEF775FF00224249824223DB0025EC
:1021A000A8462378002BC2D03A2B41D01022002120
:1021B000204619F07BFA102281460021204619F0B2
:1021C00075FAC9F3072949EA002926F815903A213A
:1021D000204628F0B2FED8B1441C0135AF42E0DC05
:1021E000062F31D133E0A35CA3F13005092D09D9C5
:1021F000462B09D82D2B9AD92E3BDBB221FA03F3BB
:10220000DB0794D50132C8E7613B052BFAD98EE78D
:102210007B1EAB428BDC0135AF4288DC062F13D12D
:1022200085E706EB450306F8158083F80180013544
:10223000BD42F6DB3A21204628F0BAFEA0421ED16C
:10224000062F03D06378F3B9002072E7013400252C
:102250000B362378002B3FF46AAF00210A22204678
:1022600019F024FA2E2106F8010F204628F065FE09
:10227000B0B10135042D00F10104EAD1E4E7062FE5
:1022800008BF00F1FF307D1E013010F8013D3A2BF0
:1022900002D1013DFFF44BAFA042F6D101349CE7DF
:1022A000032D54E70110F80100487047182005007D
:1022B00000487047142005002DE9F0474A4F4B4D68
:1022C00096B003AE002200233146384617F0CCF812
:1022D00010B116B0BDE8F0874FF0FF324FF0FF337A
:1022E000434817F025F9DFF80C81DFF80C91C84559
:1022F0000DD32C682CB14FF0000AD046D4F80090D2
:102300002CBB3B481FF098FD18F0C4F8D9E714988F
:10231000D8F8003080EA030280EA0301C2F30172B8
:10232000C1F30A410A430FD182B222B19AB212B16B
:1023300003409BB243B1D8F8083032460093159958
:10234000139BD8F80440A04708F10C08CFE7149B72
:10235000226983EA020183EA0200C1F30171C0F33A
:102360000A40014325D199B221B191B211B1134074
:102370009BB2F3B1139B23B3A660139B1201E360DE
:10238000636828D5996911B1159A914211D1149AAF
:102390002261159A9A612268BAF1000F13D16B6815
:1023A0002A609C4200D16A606068C4F8008017F01F
:1023B000B9F9B9F1000F14D0D9F800304C4699465C
:1023C0009EE7A360DAE7CAF800206B689C4208BF6A
:1023D000C5F804A0E8E72046DDE914129847A246B4
:1023E000E7E74B46EAE700BF882100203CAA00202F
:1023F000FC200020E0BD0400E0BD040000210C4BE7
:102400001A6802B9704782420FD1026839B9596817
:102410001A60884200D15A600023036070470A6046
:102420005A68904208BF5960F6E711461268E8E71B
:102430003CAA002000231A46114910B51148124C3D
:102440000B60A0420BD303B10A60104B1B685BB159
:102450001A68002408684BB904B1086010BD50F830
:102460000C3B1A430123ECE71A46F2E71B691843B9
:1024700022B11468134622460124ECE71446F9E71A
:1024800044AA0020E0BD0400E0BD04003CAA0020F6
:1024900010B504464FF0FF324FF0FF330B4817F0F2
:1024A00047F82046FFF7AAFF094B1A6822605A68CE
:1024B0001C6002B95C60074A2369116803480B433A
:1024C0001360BDE810401FF0B7BC00BFFC20002027
:1024D0003CAA002044AA002038B50446084D4FF01D
:1024E000FF334FF0FF32284617F022F82046FFF75F
:1024F00085FFFFF79FFF2846BDE838401FF09CBCD2
:10250000FC2000202DE9F0411E46224B17461B6897
:10251000040F020C24EA137422EA134204F00304A9
:10252000C2F30A0220EA030314439BB21C4305468C
:1025300088462DD14FF0FF324FF0FF33164816F08A
:10254000F7FF164B4C221846214628F048FC03465C
:1025500047B13EB1402E16D83246394628F018FC15
:1025600003460664C3E911580C49642200230C4851
:1025700016F01AFF08481FF05FFCBDE8F04109495A
:10258000094827F000BF0448BDE8F0411FF054BCE3
:10259000BDE8F08144AA002010210020F0A900200D
:1025A0008821002028130020308700201FB5FFF766
:1025B00041FF0023094C0393094B2046029327F067
:1025C000F2FE02AB00934FF400524FF0FF3320466F
:1025D000044917F09BFA04B010BD00BF30870020FB
:1025E000637C0500785D04202DE9F347294C0E46F5
:1025F000174698460025A246B4F88E30DB0721D551
:10260000236B98421ED194235D4305F10C0454447E
:102610004FF0FF334FF0FF3220461FF083FCB069CC
:10262000FFF7E0FA0AEB050989F89000C6F8149064
:10263000D9F83430CBB920461FF076FC022002B026
:10264000BDE8F0870135062D04F19404D4D14FF094
:10265000FF324FF0FF330C201FF064FCB069FFF72E
:10266000C1FA002383F89030FFDE05F144005044A6
:1026700017F058F8204600241FF056FC0A9B0094DF
:102680000193484643463A463146D9F83450A84764
:102690002046D4E760AA00202DE9F84F05460E46F3
:1026A0001746354C98469DF82CA00A9B9DF830B0F3
:1026B00004F55E79B4F88E20D10705D494344C45E6
:1026C000F8D10020BDE8F88F0DB1A542F6D0B4F8DE
:1026D0008C10B942F2D1618C4145EFD1120528D45A
:1026E0001A88012AEAD1626A002AE7D0218C0129DE
:1026F000E4D112680AB1596831BBBBF1000F03D0B5
:1027000094F88A100029D9D1BAF1000F0ED0B4F88C
:102710008E10C1F38110012803D1C1F341010329B7
:1027200004D0002ACAD15A68002AC7D16FF010001D
:10273000C8E7002ED4D094F990000A931FF0F6FB5E
:1027400086420A9BBAD1CBE78A42B7D1BBF1000FD0
:1027500003D094F88A20002AB0D1BAF1000FE5D056
:10276000B4F88E20C2F38112012ADFD1226C92F8D4
:1027700038220A2ADAD1A1E760AA002002282DE92E
:10278000F84F8A461446984605D860B96FF0690438
:102790002046BDE8F88F033801288CBF6FF069042C
:1027A0006FF05F04F4E7022800F09680022906D05B
:1027B000032907D0012923D06FF06A04E8E7112A22
:1027C00040F08D80B8F1000F00F08C804FF0FF33A7
:1027D0004FF0FF32454816F0DFFF454B00251E46FF
:1027E000B3F88E1011F001010CD00135062D03F164
:1027F0009403F5D16FF001043C4816F093FFC7E74E
:10280000062ADDE7942202FB05F706EB0709484696
:1028100028F0E5FAFEF7AAFE062C51D09420FF23FB
:1028200000214FF0010C00FB056282F89030314B23
:10283000A2F88E103B44D3E8EFEFC3E8EBCFBBF137
:10284000000FF8D1B2F88E300AF1FF32022A3DD9DA
:1028500000FB0565A5F88C400024194341F00801F0
:1028600007F12803A5F88E10F218F45007F12003A1
:1028700006EB030A54605146F4504846CAF8044037
:102880001FF056FBAAF8020018B34023012185F877
:10289000913085F8921007F144004FF0FF32304438
:1028A00027F067FC07F10C00304427F050FBB5F827
:1028B0008E3043F00103A5F88E30C8F800909BE7F6
:1028C000484601F0D5F80028A8DA93E74FEA8A11C4
:1028D000BEE76FF06F048FE76FF05F0458E76FF0AB
:1028E0007A0455E76FF0150452E700BF48AA0020AC
:1028F00060AA002068AA002070B50446F0B1114B10
:1029000098421BD303F55E73984217D2002500F15D
:102910000C064FF0FF324FF0FF3330461FF002FB42
:102920002046C4E90D55E56301F050FB20461FF039
:1029300032FB30461FF0F8FA284670BD6FF01500E4
:10294000FBE700BF60AA00202DE9F04F9846B0F8E1
:102950008E3089B0DE0704468B469146DDF848A0EC
:1029600040F18C8000F10C074FF0FF334FF0FF3245
:1029700038461FF0D7FAB4F88C30112B73D10023EE
:10298000B4F88E00266BCDF81A30ADF81E30C0F3C7
:10299000C203ADF818309EB3628D10F4807352BA42
:1029A00092B2C4F834B0304600923649524618BF4D
:1029B00004F1280300F01CFD0546002D19DB59EA3F
:1029C000080316D04434204616F00CFF38461FF09A
:1029D000ABFA4A464346204616F0DEFE4FF0FF3281
:1029E0000B304FF0FF33384608BF6FF073051FF010
:1029F00099FA38461FF098FA284609B0BDE8F08FDA
:102A000020461FF072FB05460028D6D1B4F88E3060
:102A1000C3F3C203012B23D1636A13B11B6807936D
:102A200006AB628CB4F88E50B4F88C00C5F3C201CA
:102A3000ED0504F13005C4F834B0CDE904A5114D1D
:102A400052BACDE9024592B20192628D48BF04F1BB
:102A5000280652BA92B20092324600F07BFBABE7F6
:102A600033463246DEE7062B05D15246594620460C
:102A700021F093F9A0E76FF06A05BAE76FF0080557
:102A8000BAE700BFE92502002DE9F0418846154666
:102A90001E460446002800F08180424B98427DD3B8
:102AA00003F55E73984279D200F10C074FF0FF32C4
:102AB0004FF0FF3338461FF035FA08F1FF31142983
:102AC00013D8DFE801F05F5F5F5F5F5F5F0B212C72
:102AD0005F5F1D5F5F195F5F3F365F00002D57D05E
:102AE000012E55D82B7884F88830002438461FF002
:102AF0001BFA2046BDE8F0812B6884F89130F4E79A
:102B00002B6884F89230F0E7002D41D0042E3FD19D
:102B10002B68003B18BF012384F88930E5E7BDB37B
:102B2000042E35D12B68003B18BF012384F88A306E
:102B3000DBE7B4F88E30C3F3C203012BD5D16FF0BD
:102B40005E04D3E7B4F88E302D68C3F3C202012AC5
:102B50001BD1042E1CD1C3F38113022B18D115B93C
:102B600084F88B50C1E76B1EFE2B11D82846FEF768
:102B7000D7FC80B106211FF0CBF90028F0D16FF00F
:102B80006A04B3E76FF08504B0E76FF06904ADE75E
:102B90006FF01504AAE76FF00104A7E76FF01504C2
:102BA000A7E700BF60AA00202DE9F0410C461646B9
:102BB0001D468046002800F091804A4B9842C0F0A4
:102BC0008D8003F55E73984280F0888000F10C07D9
:102BD0004FF0FF324FF0FF3338461FF0A3F9611E6C
:102BE000142914D8DFE801F06E6E6E6E6E6E6E0BF7
:102BF000242E6E6E216E6E1A6E6E4E316E0098F837
:102C00008830002E61D033700DB101232B60002479
:102C100038461FF089F92046BDE8F08198F89130D8
:102C20003360002DF3D00423F0E798F89230F7E7F3
:102C300098F88930002E48D015B12A68042A44D16A
:102C40003360E4E798F88A30F4E7B8F88E3013F48C
:102C5000006409D098F990001FF068F910B100687D
:102C600000B1008B3060DCE7C3F3C203012B2FD12E
:102C700008F12C001EF042FD10B1036803B11C8B5B
:102C80002046EFE7B8F88E30C3F3C202012A1FD105
:102C900098F88B000028E5D11B0510D598F9900015
:102CA0001FF044F9062103461FF032F998B1184687
:102CB000FEF798FF0028D5DC6FF00104A8E7FEF7C7
:102CC00055FCEFE76FF08504A2E76FF015049FE76E
:102CD0006FF069049CE76FF06A0499E76FF01504E0
:102CE00099E700BF60AA00204FF0FF3201210148A0
:102CF00027F03FBA48AA0020014601481FF013BF41
:102D0000B8220020014601481FF00DBFE822002034
:102D100010B404460846646805498C4203D15DF846
:102D2000044BFFF7E9BF5DF8044BFFF7EBBF00BFB3
:102D3000941F002073B5054616461C4627F06CFB11
:102D400008B10026344601A932462346284616F02B
:102D5000E3FA014690B9019C4022204628F03FF852
:102D60000123074A204695422362656008BF84F824
:102D70003C301FF098FF204602B070BD0024FAE7F7
:102D8000D41F002002460B460148FFF7D3BF00BF07
:102D9000D41F002002460B460148FFF7CBBF00BFFF
:102DA000941F0020F7B506461C460F46E9B11546AC
:102DB00027F032FB08B100252C46CDE900540E4B1C
:102DC0000E4C75680E480022A54208BF18463946C9
:102DD0001FF0BBFD044658B1014630461FF069FFA5
:102DE00020461CF030FB80234382002003B0F0BD5E
:102DF0006FF00B00FAE700BFE8220020D41F00208C
:102E0000B82200202DE9F34DDDE90AAB0446164651
:102E100098460F4629B923B990F8373013F0700F50
:102E20004AD027F0F9FA18B14FF0000A4FF0000B22
:102E300020461FF0D2FE94F83750024680B915F0B4
:102E4000700FC5F302100DD041461FF06CFDA36951
:102E50003918C5F302153BB9012D0AD00B460DE018
:102E60000020F4E71046F2E7186848B3012D038B01
:102E70002AD1B3F5107F38BF4FF410739B1A9942D3
:102E800028BF19466568154B154F16483246BD4296
:102E900008BF1846CDE900AB1FF057FD0146C8B189
:102EA00020461FF006FF3EB1A06831460C301CF0F2
:102EB00023FB20461FF0F7FE002002B0BDE8F08D96
:102EC000012DCBD10346D4E7456807488542C5D1DB
:102ED0000E33D3E76FF00B00EFE700BFE8220020CE
:102EE000D41F0020B8220020F42300202DE9F7434E
:102EF000DDE90A89044616460D4639B932B990F81B
:102F0000373013F0700FC3F3021026D027F084FA85
:102F100018B14FF000084FF00009A06950B93346CE
:102F2000002229462046CDE90A8903B0BDE8F043D6
:102F3000FFF768BF62680B4B9A42F0D103687BB120
:102F40005B681F69002FEAD033462A462146CDE947
:102F50000089B84710F1860FE1D003B0BDE8F083D7
:102F60001B69FFDED41F002030B585B00093DDE97A
:102F700008451346CDE902450A46014602481FF0BE
:102F8000A9FE05B030BD00BFD41F002030B585B00C
:102F90000093DDE908451346CDE902450A4601469E
:102FA00002481FF097FE05B030BD00BF941F0020FF
:102FB0004FF4907208B5034B02FB003027F099F8EC
:102FC000002008BD48880020082828BF0020014BA9
:102FD000185C7047757C050030B58BB0164C2046E8
:102FE00027F045F84FF0FF324FF0FF330025CDE9D1
:102FF00006234FF0FF330094CDE9033504F12000A0
:103000004FF40052CDE901550C4B0D4916F070FFFD
:10301000044678B12B4608210A4A08A818F038F966
:10302000204608A916F0A8FE20460BB0BDE83040A7
:1030300017F0B4BA0BB030BD48880020A5300400AA
:10304000787D04206C7C05002DE9F3410746884615
:1030500016466FF001054FF0FF334FF0FF32134873
:1030600016F066FA124B1C6834B9104816F0D8FAFC
:10307000284602B0BDE8F081227C33789A4213D111
:10308000637C72789A4200D073B9A36813B1BA69AD
:10309000934209D1E3684246009365683346394656
:1030A0002046A847051EE0DB2468DDE7AC200020B1
:1030B000D8AD0020F8B50F4616461D460446D0B1DF
:1030C000CBB11422002127F08AFE65602774667454
:1030D0004FF0FF324FF0FF33084816F029FA084B43
:1030E0001A6822605A681C6002B95C60034816F0D6
:1030F00097FA0020F8BD6FF01500FBE7AC20002028
:10310000D8AD002002460B46014816F011BA00BFA8
:103110005C200020014816F083BA00BF5C2000202C
:1031200010B504462822002127F059FE4FF0FF3049
:103130004FF0FF31FFF7E6FF054B1A6822605A682F
:103140001C6002B95C60BDE81040FFF7E3BF00BF40
:10315000E8AD00202DE9F04F87B01F46129DBDF865
:10316000403080461446BDF844B00291039365B3E5
:1031700095F99000FEF7D4F9064628461EF0FCFEAD
:1031800001904FF0FF304FF0FF31FFF7BBFF784A5F
:103190001268002A00F08680D2F800909BFA9BFA11
:1031A0001FFA8AF304939AB9FFF7B4FF4FF0FF3088
:1031B0004FF0FF31FFF7A6FF6E4A1668002E75D15B
:1031C000FFF7A8FF6FF001044CE02E460195D8E709
:1031D000108C40451AD192F82200029B984215D1DA
:1031E00092F8230000F00403C7B17BB1B7F800C028
:1031F000BCF1010F0AD1B2F80CC0BCF1010F05D12E
:10320000D7F804E0D2F810C0E64509D0B9F1000FB4
:103210004AD0D9F800004A468146C4E7002BF5D1D0
:10322000B2F80EC0049B9C45F0D100F00200ECB156
:103230000028EBD020880128E8D190880128E5D12A
:10324000D4F804C090688445E0D1039BB2F806C06E
:1032500058BA80B28445D9D19269B2B9FFF75AFF02
:103260006FF06F04204607B0BDE8F08F0028CDD185
:10327000019B002BE9D090690028E6D005921EF052
:103280007BFE059A0028E0D0C0E7002EE6D0B2F819
:103290008E000305E2D592F99000FEF741F98642CF
:1032A000B4D1DBE7914679E74846B4E75168306826
:1032B0008E4208BF5060106000223260FFF72AFF84
:1032C000C7B13A88012A0FD13A68F2607A68326150
:1032D0007A68003A18BF0122920142F0040254B108
:1032E00021883B88994206D03046FFF719FF6FF0DE
:1032F0001504B7E73A46BBF1000F03D042F01002C5
:10330000A6F80EA0139B21467361149B86F8232018
:10331000F361029B3046039AA6F8208086F822309B
:10332000B5611FF0DBFE04460028DDD1159B03B11B
:103330001E6096F823304FF0FF3043F0010386F80B
:1033400023304FF0FF31FFF7DDFE094B1A68326082
:103350005A681E6002B95E60FFF7DCFE28461EF068
:103360000EFE96F8243060F3000386F8243079E7E7
:10337000E0AD0020E8AD00201B4B10B5984204469C
:103380002BD3A033984228D890F82330DB0727D5D9
:103390004FF0FF314FF0FF30FFF7B4FE0021134B29
:1033A0001A6852B1944215D1226869B959681A60F5
:1033B0008C4200D15A6000232360FFF7ABFE204609
:1033C000FFF7AEFE002010BD0A605A68944208BFA5
:1033D0005960F0E711461268E3E76FF01500F2E775
:1033E0006FF00100EFE700BFF0AD0020E0AD00207E
:1033F000F0B40D4D0F46A84216461946BDF81020F0
:103400000BD3A035A84208D890F82330DB0708D5A5
:103410004761C661F0BC1FF061BE6FF01500F0BCE3
:1034200070476FF00100FAE7F0AD00202DE9F04F92
:1034300089B0049390F837300546C3F3021306931E
:10344000013B012B0E469046D0F8189003D902207C
:1034500009B0BDE8F08F112A42D1049B1B681A887D
:103460000392B3F802B0069B012B57D137680021B5
:1034700007F10C042046FEF75BF9824600283BD09A
:10348000039B5B45E3D031680B6903F0F003E02B4D
:1034900047D048461031FEF7D1F802904FF00009AE
:1034A00000274FF0FF304FF0FF31FFF72BFE6E4B40
:1034B000BA461C684FF0FF330793002C36D1BAF19F
:1034C000000F40F0A380FFF725FEB9F1000F00F0D8
:1034D000BA80002FBBD028461FF055FB0020B7E76D
:1034E000062A04D1049B1B68002BB8D1AFE74FF02C
:1034F000000BCDF80CB0B6E7FEF7DAFEFA68036809
:103500009A42BDD021465046FEF798F83368DA68F3
:103510001B699A42B4D00028B5D0B1E700230293CA
:10352000BCE700234FF001090293B9E7A369002B20
:103530003FD194F82230002B4AD1238C434545D10A
:10354000E38813B1039A934240D1E3890BB15B4501
:103550003CD194F8233099070ED595F83720A188EF
:10356000C2F30212914231D1012905D1A2681AB1E8
:103570003168C9688A4229D15A070ED595F8372093
:10358000A189C2F30212914220D1012905D12269F9
:103590001AB1316809698A4218D1079A03F0780391
:1035A0009A4213DAB9F1000F16D11BB2A246079363
:1035B0000CE0B3F88E201005BBD5AA6993F99000F2
:1035C0000592FDF7ADFF059A8242B2D0246874E7F8
:1035D000069A9A42B1D0F9E74FF47A72002328464E
:1035E0001FF0F6FC059010B9FFF794FD2FE7E36993
:1035F000324600932046049B05996769B847022824
:1036000002D105981FF0BFFA4F46DFE7DAF8144001
:10361000DAF81CB0FFF77EFDB9F1000F11D0002FD2
:103620007FF459AF002C3FF412AF049B3246294679
:103630005046CDF800B0A047831E58425841400084
:1036400006E7002CF1D1029B002B7FF400AFB8F10C
:10365000060F03D1284620F019FBF8E6032228467E
:1036600011461FF034FEF2E6E0AD002000230B4AC5
:1036700010B5C2E900330A4A184611461446013310
:10368000042B086002F1280202D008461146F6E732
:10369000044B054AC3E9002410BD00BFE0AD002083
:1036A000F0AD0020E8AD002068AE00200022082127
:1036B000014B0248FFF7FEBC8531040090AE0020AC
:1036C00038B504461FF046FA0B4B1D685DB1204625
:1036D000A847002802DA20461FF055FA2046BDE828
:1036E00038401FF050BA26F097FE421E65F10003E5
:1036F00020461DF085FDECE7A8AE002010B500F5D2
:10370000E4742046074926F055FE0A22064B21465E
:10371000BDE810401B68054823EAE37383FB0223DE
:1037200016F062BA073C0400B4AE0020688900209D
:103730002DE9F04190F859320446DB071ED500F11F
:10374000980704F12806384626F042FE4FF0FF3273
:103750004FF0FF33304620F095F804F1180020F0C8
:1037600012F8054630465DB920F0D0F9A26972B969
:1037700094F8593262F3000384F85932BDE8F081BD
:1037800020F0C4F9A5F11C001FF0FDF9EEE70923B4
:10379000C4F82C320A23B4F84E223946BDE8F04171
:1037A000A2FB0323014816F01FBA00BF688900205E
:1037B00010B50446FFF7BCFF04F5E47026F008FEE0
:1037C00043F69822002304F59471024816F00CFA8F
:1037D0000A2010BD6889002070B5044600F1280653
:1037E0004FF0FF324FF0FF33304620F04BF8A56921
:1037F000002D4BD0304620F089F994F859321C3D09
:10380000D80716D4284620F071F8437B102B31D00E
:1038100003F0EF02082A2DD05A072BD428464FF484
:103820007A7200231FF0D4FB054600284AD10020FD
:1038300070BDD4F82C32002B5AD04FF47A7200238A
:1038400028461FF0C5FB30B1FFF73AFFD4F82C3201
:10385000013BC4F82C3294F85932D907E7D50A2233
:10386000B4F84E32A3FB022304F19801214816F06C
:10387000BBF9DCE730464FF0FF324FF0FF3320F06A
:1038800001F804F118001FF07EFF18B9304620F04F
:103890003DF9CCE7A0F11C05304620F037F9284669
:1038A0001FF0CBFF06462846FFF70AFF94F859326F
:1038B000DB07D4D4002EBAD0A369002BB7D00022E6
:1038C0000023D1E71FF0B9FF06462846FFF7F8FEB0
:1038D00004F1A80027F062F80843E7D10923C4F8EF
:1038E0002C3294F8593243F0010384F85932DDE761
:1038F00001209DE7688900202DE9F8430546A0F5E1
:10390000DC74A0F5A67700220023384615F0D8FE17
:10391000064600287ED1A5F5C8774FF0FF3338461C
:103920004FF0FF321FF0AEFF6368186B18B1FFF75E
:1039300023FD63681E63206950B194F85932DB0699
:1039400006D50023B4F8F81105F14402FEF78EF80D
:1039500000236268A5F590781364404684F83832F5
:1039600026F036FDA5F5D0794FF0FF324FF0FF334A
:1039700038461FF087FF48461FF005FF06463846C9
:10398000002E4AD120F0C2F8A5F1C00026F020FD9B
:10399000A0681FF0F8F8E0681FF0F5F8A5F19000B6
:1039A00026F016FD05F1100026F012FDA5F16000CD
:1039B00026F00EFDA5F1300026F00AFD404626F067
:1039C00007FDA5F1F00026F003FD384620F09EF833
:1039D00060681EF0E0FA4FF0FF324FF0FF331748F7
:1039E00066601FF04FFF164B1A6852B1944221D106
:1039F0002268CEB959681A608C4200D15A600023FF
:103A000023600E4820F082F82146BDE8F8430D48B7
:103A100026F089B91FF0B7F875E720F077F8A6F11E
:103A20001C001FF0B0F89FE732605A68944208BF4C
:103A30005E60E4E716461268D7E700BF2421002045
:103A4000ACAE0020B41F002000F50D73D3E8AF2FFB
:103A5000D3E8EF2F013AC3E8E12F0029F8D122B9CA
:103A600000F5DC71014826F08EBC704768890020A3
:103A7000002337B50546019300220023564801A9CB
:103A800015F04AFC0446002840F08C8001464FF4B3
:103A90001872019827F0A3F94FF47A700021FFF70C
:103AA00079F9019BD860002800F085804FF47A7086
:103AB0000021FFF767F9019B986000287BD003F194
:103AC000280026F044FA01986C3026F0D0FA0198CC
:103AD0003C304FF0FF32214626F04BFB019854302A
:103AE0000122114626F045FB012201983B4980F84E
:103AF00038224FF00622C0E991224FF4C062A0F8AC
:103B00004C2290F8592280F8574222F01A0280F88D
:103B100059224FF6FF72C0F83C42A0F85022C0E98B
:103B20000644983026F046FC01982D4900F5947023
:103B300026F040FC01982B4900F5E47026F03AFC91
:103B400001982949F83026F035FC01982749C830FA
:103B500026F030FC0198264900F5AC7026F02AFCCE
:103B60000198244900F5C47026F024FC01982249EC
:103B700000F5DC7026F0DCFB019800F50D701FF0FD
:103B8000E0FF4FF0FF324FF0FF331C481FF07AFE8A
:103B9000019B1B4A1C60516851B9C2E900331748A8
:103BA0001FF0B4FF019B9BB96FF00B0003B030BD59
:103BB0000B605360F3E7019BD86820B11EF0E3FF70
:103BC0000022019BDA600199034826F0ACF8EBE78C
:103BD0005D6000202B64E9E7B41F0020CF3B0400A8
:103BE000133C04001F3C040091400200113B040000
:103BF000253F0200E13D0400F938020024210020A5
:103C0000ACAE002070B50446036C002088B0CDE94E
:103C100006001BB96FF0150008B070BD93F83802AC
:103C20000128F7D11962B4F88E30C3F3C203012B17
:103C3000ADF81830EED1636A0BB11B680793638C43
:103C4000658D6260206B5EBAADF81A30FFF794FBA9
:103C5000B4F88E2004F13003B4F88C006DBACDE9CD
:103C60000443094BB6B2ADB212F48072CDE90243FF
:103C7000CDE900569DF8181018BF04F1280206ABD4
:103C8000FFF768FAC8E700BF49540200F0B589B0F1
:103C900003AB01931423029390F83730154A164F63
:103CA000C3F302130E4601A90446022B08BF1746B0
:103CB0001FF0D5F90546C8B1002303744374394693
:103CC000A0691DF0A3FE00B956B1062120461DF0E3
:103CD000FBFF288294F8383043F0080384F838302A
:103CE000204601A91FF0D9F909B0F0BD6FF06800B6
:103CF000FAE700BF000420000100200070B590F832
:103D000037300E46114A1249C3F302130446022B00
:103D100008BF114680691DF07DFE40B9314620463E
:103D20001FF09DF9054648B90025284670BD0621BB
:103D300020461DF0C9FF0028F0D0F5E731462046A7
:103D40001FF0ABF90028F0D0EEE700BF0004200020
:103D5000010020002DE9F04F9A4690F89230044679
:103D600013F0010F0F4643684FF000014FF47A70D3
:103D70008BB01546B3F88E20CDE900014FF0060355
:103D800014BF182114212069C2F3C202FFF7ECF816
:103D90000646002800F0BF8025B1A9681EF089FF03
:103DA0000023AB6096F83730C3F30213012B40F0C9
:103DB00088803146606804F5057304F5FE721EF0D4
:103DC000D3F9051E06DA30461EF0DDFE28460BB09C
:103DD000BDE8F08F4FF0140B0DF10C094946304649
:103DE0000DF11408CDF80C80CDF810B01FF037F9A4
:103DF000054610B96FF06805E5E75A46002126F040
:103E0000EEFFB4F8FA312B80B4F812326B80052241
:103E10002B7B62F307132B7394F892306F7303F0CC
:103E2000010313442A7B63F307122A73B4F8483260
:103E30005BBAEB819AFA8AFAC5F804A017F010076A
:103E400003D0D4F840321BBAAB60494630461FF06D
:103E500024F9051EB7DB94F89230DB071AD504234A
:103E600041463046CDF8149006931FF0F8F8054609
:103E70000028BFD020461FF096FF83B21BBA43F440
:103E8000806343F002032B60414630461FF005F982
:103E9000051E98DB30461EF006FF96F83730C3F358
:103EA0000213012B0DD1062130461FF052FB051ED7
:103EB00089DB1A4B1A683AB130460BB0BDE8F04FB7
:103EC00010476FF015057EE7F261E26906F11C0309
:103ED00092B9C4E906331FB1B4F84832A4F84432A9
:103EE00030461FF0AAFC50B10022002304F19801D3
:103EF0000B4815F049FE69E71360E361EBE72046E4
:103F0000FFF76AFC00283FF461AF6FF073012046B1
:103F10001FF01FFE5AE76FF0680557E7A8AE0020B4
:103F200068890020F8B5A0F59877A0F5AC754FF03A
:103F3000FF324FF0FF33064638461FF0A3FCD5F89A
:103F40003C3200221021013B2846FFF703FF2846A0
:103F50001FF05FFCB5F84C4264BB95F85832B5F8D9
:103F60004E223E2B9CBF013385F8583295F85832CB
:103F7000134DA3F12000C3F1200102FA00F022FA50
:103F800001F19C409A40002304430C43501E44F12D
:103F9000FF31854273EB010138BF1C464FF00A0325
:103FA00038BF084A0848A2FB032103FB041331462B
:103FB00015F01AFE3846BDE8F8401FF0A7BD00BF57
:103FC000BFD40100C0D401006889002070B5046C22
:103FD000002C55D004F128054FF0FF334FF0FF328D
:103FE00028461FF04FFC94F83832033B012B3AD897
:103FF000D4F82862BEB10A2294F85932224843F01C
:10400000040384F85932B4F84E3204F1F801A3FBEA
:10401000022315F0E9FD28461FF078FD2046FFF742
:1040200013FD002070BD0A22184B04F5E4711B68D3
:10403000154823EAE37383FB022315F0D5FDD4F87A
:104040003C22D4F830321121134420463246FFF787
:1040500081FE20B9D4F83C320133C4F83C32052348
:1040600084F83832D7E794F859329A07D3D56FF3EA
:10407000410384F8593204F13C0015F0B3FBCAE760
:104080006FF00100CEE700BF68890020B4AE0020C9
:10409000F8B50446A0F1D0064FF0FF334FF0FF32E1
:1040A000A0F1F80530461FF0EDFB94F85E31082BC7
:1040B00009D930461FF02AFD2846BDE8F8406FF0C8
:1040C00073011FF046BD002B54D114F86C3C2846F8
:1040D000DA0754BF4FF4067734F8707C1FF063FEA4
:1040E000B84240F3848014F86C3CDB0740F18480D4
:1040F00034F8703C5B00D4F8382102EBD272B3EB99
:10410000620F4FEA620013DD14F86C3C2846DF07AB
:1041100054BF4FF4067734F8707C1FF044FEB84269
:104120006DDD14F86C3CD8076DD534F8700C400088
:1041300080B214F86C3CA4F85A01D907284654BF41
:104140004FF4067734F8707C1FF02DFEB8425DDD29
:1041500014F86C3CDA075DD534F8700CA4F85801FB
:1041600028461FF01AFB28B100220023A4F1A40066
:104170001FF061FB01230027284684F84131C4F871
:1041800038711FF042FE94F85E110131C9B284F813
:104190005E11002841D194F861315B0742D5D4F813
:1041A0003071002F3ED10A22284B04F1D0011B6848
:1041B000274823EAE37383FB022315F015FD05234B
:1041C000D4F8442184F84031D4F838311121134413
:1041D00028463A46FFF7BEFD20B9D4F844310133F2
:1041E000C4F844313046BDE8F8401FF08FBC284683
:1041F0001FF0D9FD43007EE74FF486637BE7284636
:104200001FF0D1FD93E74FF4866092E728461FF038
:10421000CAFDA3E74FF40670A0E73D3002D184F851
:104220004171DFE70829B4F856310DDD0A22214635
:1042300083FB0223064815F0D7FCD3E703EB6303A7
:1042400001328A42FADBF1E70022FAE7B4AE00203D
:10425000688900202DE9F74F414B0446D3F80090C0
:104260000D461746B9F1000F04D0C847022003B02D
:10427000BDE8F08F43685B6B002BF7D0C368D2F8C2
:1042800000A09B68002B68D0DA68002A65D01B8AE2
:10429000002B62D008461FF029FBE2684368916852
:1042A0001BBA8E690AEB030BABEB060208460193BF
:1042B00000921FF0F6FA009A80468242019B3DD29E
:1042C00032B1114628461EF0D3FC4644A6EB0B083B
:1042D000E368A86899681BF0C7F80022E36804F156
:1042E000C8009A6026F074F83B68284643443B6057
:1042F0001EF0D9FC95F83730A86843F0010385F823
:1043000037301FF0CEFA3968411A28461EF01AFDE0
:104310003968204649421FF051FEB4F844323A68E9
:1043200004F16C009A428EBF00239B1A9BB229466F
:10433000A4F8443225F0DDFE002098E7A6EB0A063B
:10434000F61A002E09DC0846F4F756F8E36804F183
:10435000C800C3F8089026F03BF84FF00008C3E708
:10436000A4AE0020F8B50446002520461FF024FA2C
:10437000061E08DD94F8593219070FD520461FF0A4
:1043800044FD051EF1DAD4F8283204F1F80604F5EC
:10439000847023BB26F002FB2846F8BDD4F83032E7
:1043A000002BEBDD94F88C302046DA0754BF4FF435
:1043B0000677B4F888701FF0F6FCB84208DD94F870
:1043C0008C30DB0708D5B4F888008642D6DADAE705
:1043D00020461FF0E8FCF8E74FF40670F5E726F0FA
:1043E000DDFA0843D8D1002384F856320A23B4F802
:1043F0004E223146A2FB0323014815F0F5FBCBE723
:10440000688900202DE9F04F04460D4697B0B9B9F0
:104410000F460026B04604F1280305934FF0FF3203
:104420004FF0FF3305981FF02DFA94F83832B3B9E6
:1044300005981FF06BFB0226304617B0BDE8F08FE1
:1044400008461FF053FA002780460028E1D0067B7B
:10445000477B3609053EB60007F03F07DBE7B8F1BA
:10446000000F34D098F80C304F2B7CD80421204614
:104470001FF0B1FC01236FF0670A02260293656802
:1044800005B12D6B0598D4F814801FF03FFB04F1A3
:104490006C0775B104F50D79D9E8AF3F002B08DD45
:1044A00000220023384615F00BF98346002840F01F
:1044B000E986029B002BBFD094F83832002BBBD08A
:1044C0000B2BB9D0514620461FF043FBB4E717F041
:1044D000FF095FD1002E00F0E380D5E903BA28463A
:1044E0001EF0E1FB95F83A3095F83610284619444D
:1044F00014311EF027FC282E3246284628BF2822D9
:104500000CA91EF035FCC5E903BA94F88C300028DC
:1045100023F0030384F88C3003DB31460CAB002915
:1045200066DC002EA2DDB8F1000F21D128461FF075
:1045300054FA8146002302269A460493029394F883
:104540003832CDF82C90013B092B00F23181DFE8A5
:1045500013F0B20099011E0101025305DA05290585
:10456000FE052F05440617F0FF0930D1002EB4D107
:1045700094F83832013B012B6AD9414620461FF09E
:1045800039F9002864D0B9F1000F61D019F0020F99
:104590005ED06BE719F0040F9CD0414620461FF017
:1045A00029F9029000283FF443AF94F8593243F0C0
:1045B00020039A0784F859320DD4002D00F05A8652
:1045C00028461EF0E0FA6FF0670A002657E719F058
:1045D000040FE2D1CAE798F80D30142BEDD1002D6D
:1045E00000F04D8628461EF0CEFA6FF06E0AECE71A
:1045F0001878002895D0012828D001293FF436AF3B
:104600005A78012A7FF632AF9142FFF62FAF022887
:1046100004D0032810D01344891A80E7042A7FF4B9
:1046200025AF588840BAA4F8880094F88C0040F070
:10463000010084F88C00EEE7032A7FF417AF94F8AA
:104640008C00A4F88A2040F00200F2E70246E2E77C
:10465000B8F80E30B4F84A225BBA9BB2934228BF36
:10466000134604F5AC763046A4F84C32EBB925F08D
:10467000ADFE50B90A23B4F84E2284F858023146F0
:10468000A2FB0323B14815F0AFFA20461FF085F8CE
:10469000034604F154005BB1002200231FF0CBF865
:1046A000002D7FF443AFA94644E725F091FEECE7E7
:1046B00015F038F8F4E7FBB2022B3DD1002794F84F
:1046C0009230122143F0010384F89230D8F804208C
:1046D000D4F8403212BA013313442046C4F84032B1
:1046E0001FF079FB0A2294F8923098486FF3000388
:1046F00084F89230D4F83C3204F5E4710133C4F804
:104700003C32934B1B6823EAE37383FB022315F0CF
:104710006BFA002D00F0A68528461EF034FA4FF003
:1047200003093E46049B84F83892002B40F0EF804A
:104730000025A846A94602E794F89230002243F0EB
:10474000010384F8923002212046D4F83C32FFF76E
:1047500001FB0028C0F2778594F8923004F50D70C3
:104760006FF3000384F89230D4F83C324FF0020922
:104770000133C4F83C321FF0E4F9002DD2D0002EF2
:1047800040F0518428461EF0FEF900F0AFBC17F04F
:10479000FF020DD0D8F80830D4F83C121BBA8B4277
:1047A00006D1D8F80430D4F840121BBA8B4203D09B
:1047B000002D40F0C78062E6D306F9D502F0EF077E
:1047C000D4F82090B9F1000F20D0D9F82080D9F882
:1047D000049004F5E47025F0FBFD2046FEF7A8FFE9
:1047E00004F50D701FF0ADF96268B2F88E3023F059
:1047F000060343F00403A2F88E3000232362B8F1CD
:10480000000F05D16068FFF7E1FBD1E7C846E0E79C
:10481000D4F81002D4F814120CAA03C266680CAAC9
:1048200003CAB062F162B9F88E206068C2F3C202B6
:10483000022A00F1280114BF08221822CDF80090A6
:10484000C04720461FF0CAFC0B9B002B00F0F384EE
:1048500029460BAA2046FFF7FDFC0646D4F8403255
:104860000B9A102113442046C4F840322EB91FF091
:10487000B2FA4FF00409002654E71FF0ACFA4FF0EB
:1048800004094FE717F0FF0256D0B8F1000F53D0DC
:10489000D8F80830D4F83C121BBA8B424CD112F035
:1048A000120F49D002F0ED072046FEF741FFD8F87D
:1048B0000420D4F8403212BA01330B9E1344C4F8DA
:1048C00040326EB129460BAA2046FFF7C3FC061EF4
:1048D00008BF0025D4F840320B9A1344C4F8403284
:1048E00062682046B2F88E304FF0040923F00603C8
:1048F00043F00403A2F88E301FF070FC1021204614
:104900001FF069FA002D40F0A38484F8389294F8DF
:1049100059326FF3410384F85932636A2BB16068EE
:104920000021426898470023636204F13C0014F0C0
:10493000F9FE01230493FBE6002D3FF4A0AD2846C9
:104940001FF0A4F94FF0000919E700BF68890020A3
:10495000B4AE0020B8F1000F00F0628217F0FF0340
:10496000039343D0D8F80430D4F840221BBA9342C2
:104970003CD1039BD80739D503F0FE070B9E3EB10F
:10498000294620460BAAFFF765FC061E08BF002536
:104990000B9B5A1CD4F840321344C4F8403217F031
:1049A000FF031CD0D9061AD503F0EF07D8F808305A
:1049B000D4F83C221BBA9A1A002A01DDC4F83C3212
:1049C000112120461FF007FAD4F83C32204601336B
:1049D000C4F83C32FEF792FE4FF00909CDE61021F3
:1049E00020461FF0F8F94FF00709C6E6D8F808305E
:1049F000D4F83C221BBA934240F0A380D4F828326A
:104A0000002B00F0C480B9F1000F28D194F8573280
:104A10002046032B28BF0323013384F8573294F830
:104A20008C30B4F850B2DA0754BF4FF40673B4F8C0
:104A3000883006931FF0B7F9069B984240F3A08098
:104A400094F88C30DB0740F19F80B4F888004FF673
:104A5000FF7383449B45A8BF9B46A4F850B294F8CB
:104A60003932002B6DD194F85722032A69D1D4F83A
:104A700030B22046C4F830321FF0C7F9B4F85432CF
:104A8000C4F830B2002B52D194F88C30D8072046AD
:104A900054BF4FF4067BB4F888B01FF084F9584532
:104AA00078DD94F88C30D90779D5B4F888305B007C
:104AB000D4F8302202EBD272B3EB620F4FEA6200FD
:104AC00013DD94F88C302046DA0754BF4FF4067B90
:104AD000B4F888B01FF067F9584563DD94F88C305E
:104AE000DB0763D5B4F88800400080B294F88C30BE
:104AF000A4F85202D807204654BF4FF4067BB4F8FE
:104B000088B01FF050F9584553DD94F88C30D90720
:104B100053D5B4F8880000EB400080B2B4F85232AC
:104B20001844D4F83032A4F85002A4F85432204685
:104B30001EF033FE28B10022002304F154001EF0C1
:104B40007AFED8F808301BBA0693D4F83C320793A3
:104B5000DDE90632A3EB020BBBF1000F40F3288125
:104B6000D4F828225A452BD2042120461FF033F9CD
:104B700001230293002D40F06F836FF0670A7EE4FB
:104B800020461FF010F962E74FF406705FE784F8E3
:104B9000573264E720461FF006F9430088E74FF4D8
:104BA000866385E720461FF0FEF89DE74FF4866098
:104BB0009CE720461FF0F7F8ADE74FF4C960ADE77A
:104BC0005946A068CDF820B01EF073FE0028CBDB5C
:104BD000002284F8572294F88C20089B12F0010FD1
:104BE0000CBF4FF40672B4F888202046CDE9083295
:104BF000B4F850621FF0D7F8099A089B90422EDD56
:104C000094F88C20D20740F14D83B4F88820934566
:104C10000ED3B4F88830204608931FF0C4F8089BE0
:104C200098422ADD94F88C30D8072BD5B4F8883018
:104C3000B4F854224ABBB4F85022B4F8521291424C
:104C40009EBF03FB032303F1FF3393FBF2F34FF605
:104C5000FF7233449342A8BF13469BB21CE0204628
:104C600008931FF0A0F88345089BE1D394F88C309B
:104C7000DB07CED44FF40673CDE720461FF093F840
:104C80000346D5E74FF40673D2E7934561D300237B
:104C9000A4F85432B4F85232A4F85032DDE90623B5
:104CA0009A1AD4F8283220461344C4F82832D4F88B
:104CB00030325B4534BF00239B18C4F830321EF0FD
:104CC0006CFD18B904F1540014F02CFD0026D4F842
:104CD0003C3284F856625B44C4F83C3294F8393272
:104CE000012B04D12046C4F830621EF092FDD4F8A6
:104CF000283284F839624BB10A22B4F84E32AA48FD
:104D0000A3FB022304F1F80114F06EFF94F859326A
:104D100059072BD5D4F8283243BB2046FEF708FDAF
:104D20000A22A24B04F5E4711B689F4823EAE3734F
:104D300083FB022314F058FF112120461FF04BF88B
:104D4000D4F83C320133C4F83C325DB94FF0050968
:104D500091E51FFA8BF1B4F85032521AA4F854229C
:104D60005B1A7AE728461DF00EFFEFE794F8393218
:104D7000012B13D02046FFF7F5FA061E0EDA16F1C6
:104D8000690F0BD0042120461FF025F815B12846E5
:104D90001DF0F9FE0123B246029316E420461EF0F0
:104DA000FCFC28B10022002304F154001EF043FD56
:104DB000D8F80480D4F8403298FA88F8984551D150
:104DC000B9F1000F00F0E380039B002B3FD013F0FC
:104DD000080803D003F0F7074FF001080B9B002BE6
:104DE00000F0DB8029460BAA2046FFF733FAD4F8FF
:104DF00040320B9A064613442046C4F840321FF056
:104E000098F804F5C47110B9B8F1000F22D14FF42D
:104E10007A720023644814F0B7FE002E08BF002504
:104E2000D4F828322BB984F8563204F1F80025F072
:104E3000CFFA20461EF0B1FC034604F15400002BCB
:104E400000F0AD80002200231EF0F5FCB0E4DDF898
:104E50000C80C3E7084625F0BBFA102120461EF05F
:104E6000BAFFDAE7A3EB0803002B04DD102120468C
:104E70001EF0B1FF8BE0B9F1000F00F08480A8684C
:104E80001EF00FFDA0EB090128461EF012FD0028C0
:104E9000ECDBAB68198A5E68C3F81880414426BB16
:104EA000E068D0F808B0BBF1000F23D0DBF80C307D
:104EB00003B3BBF81030EBB1DBF818305846C91A11
:104EC0001EF0EFFC814229D358461AF0BCFA8369E0
:104ED000018AA3EB0803994519443DD98945C5D3F7
:104EE000E3689868F3F788FA23E0338AB16176685B
:104EF0001944D4E7A9681DF0DCFE002304F1C806BC
:104F00003046AB6025F062FA0028AFD144F620624B
:104F100000233146244814F067FEA7E78945A5D948
:104F200011B128461DF0A4FEE368A86899681AF03C
:104F30009BFAE368AA689A60E3684FF001089868F2
:104F400000220346A3B9B8F1000FD6D1F3F754FA03
:104F5000E368C3F80880D0E7894587D911B1E068D4
:104F60001DF086FEE368A96898681AF07DFAE3E709
:104F700099691EB1914218BF4FF000081A8A1E4667
:104F80000A445B68DEE7039B0BB1DA0701D4002615
:104F900046E7039B03F0FE0768E7022640E714F0AC
:104FA000C1FB05E401210CE568890020B4AE0020B6
:104FB000B8F1000F3FF4FCAB17F0FF023FF4F8AB81
:104FC000D8F80830D4F83C121BBA8B427FF4F0AB0F
:104FD000102A7FF4EDAB2046FEF7AAFB04F5E4703F
:104FE00025F0F6F915B128461DF0CDFD01234FF04F
:104FF000000A0293FFF7E9BAB8F1000F3FF4D8AB0B
:1050000000234A46414620461EF03EFC984210DDF1
:105010002046FEF7CDFB0421814620461EF0DBFE34
:10502000002D7FF4ACABB9F1000F7FF47BABFFF741
:1050300026BA17F0FF0230D0D8F80810D4F83C0296
:1050400009BA81422CD112F0100927D002F0EF07E3
:105050002046FEF76DFB4FF0010B00264FF00609CE
:1050600017F0FF000B9A32D0D8F80430D4F8401271
:105070001BBA13448B422AD1C30728D500F0FE0780
:10508000D4F8403220460133C4F84032BBF1000F5F
:1050900009D0FEF78DFB814621E09146CB46DFE744
:1050A0009B469946DCE7FEF743FBD4F83C325A4670
:1050B00011212046013BFEF74DFE002D00F0D78068
:1050C00028461DF060FD4FF00809FFF7D4BB002A09
:1050D000A6D02046BBF1000F0AD0FEF729FB102115
:1050E00020461EF078FE002D7FF44CAB00269AE798
:1050F000FEF71EFBD4F83C325A4611212046013BF4
:10510000FEF728FEEFE7B8F1000F3FF451AB0023A4
:105110004A46414620461EF0B7FB98423FF778AF1B
:1051200017F0FF0200F08280D8F80430D4F8401263
:105130001BBA4B448B4279D1D00777D502F0FE07DA
:10514000D4F8403220460133C4F84032A1E7B8F128
:10515000000F3FF42DAB01234A46414620461EF086
:1051600093FB00283FF754AF17F0FF032AD0D8F87D
:105170000820D4F83C1212BA8A4226D113F0100942
:1051800021D003F0EF072046FEF712FB4FF0010B92
:105190008146002617F0FF000B9A1AD0D8F80410A9
:1051A000531C09BA0B44D4F840128B4211D1C107E9
:1051B0000FD500F0FE072046FEF7BAFABBF1000F4C
:1051C00098D08CE79946CB46E4E74FF0000BD946E0
:1051D000E0E7002A3FF424AFEDE7B8F1000F3FF419
:1051E000E7AA01234A46414620461EF04DFB00280F
:1051F00005DD042120461EF0EEFDFFF7D9BA17F0B9
:10520000FF0213D0D8F80430D4F840121BBA01338F
:105210008B420BD1D30709D5102120461EF0DBFDB0
:1052200055B328461DF0AFFCFFF7CFB9B9F1000F19
:105230003FF4BEAAF0E7002D3FF41BAB28461DF05B
:10524000A2FCFFF716BB012382460293FFF7B0BA18
:1052500001230493FFF793BA4FF000096FF0670A38
:10526000FFF78DBA4FF003092E46FFF75BBA4FF0F8
:105270000809F9E76FF0670A2E46FFF700B96FF0EB
:105280006E0AF9E7002359461A462846CDF80080F1
:10529000FDF7AAF902287FF4FFA858461DF073FC19
:1052A000FFF7F7B8BBF5067FBFF4E4ACC0E400BF7E
:1052B0002DE9F04F89B00546DDE914A9046C884654
:1052C00093461E46BDF8487090F99000FCF728F907
:1052D000206120461EF09DFAB5F88E30C3F3C2035C
:1052E000012B5AD0022B00F0A980042107A8F3F764
:1052F000E5FE079B7FBAC4F83C32B5F88E1005F185
:10530000300321F0060141F0020189B2A5F88E10A8
:10531000CDE904534B4B76BACDE90253B6B2BFB2D6
:10532000009601975B464246B5F88C00C1F3C20176
:10533000FDF710FF061E2CDB04F5FE72B4F8F81121
:1053400020691CF0AAFA94F8593204F50D7043F064
:10535000100384F85932169B00216362179B6B601F
:1053600094F8593243F0020384F859321EF0E9FBF5
:105370002046FFF747F894F838320BB10B2B2CD1AD
:1053800094F85932990653D56FF06E062046FEF711
:105390005BFB304609B0BDE8F08F0022A4F8F8317D
:1053A000C4F8FC21C4F81422A4F81032A4F8126244
:1053B000A4F8FA71DBF8043043B995F99000FCF7D2
:1053C000AFF808F10401FCF751F90368C4F8FC31A7
:1053D000D8F80430C4F8143287E75AEA090201D138
:1053E000042B28D152464B4604F13C001EF023FA10
:1053F000B8B194F83832042B13D094F859329A0784
:1054000008D56FF341036FF07301204684F85932D9
:105410001EF09FFB94F859329B06B5D46FF07306CB
:10542000B4E794F859326FF3410384F85932ADE789
:105430006FF07F06AAE76FF07606A7E76FF0150614
:10544000A7E700BF495402002DE9F0414FF0FF33B8
:105450008AB04FF0FF326A480D46DDF840801EF0FA
:1054600011FA684B1C681CB126681CB9274617E066
:105470002646FAE70022294604F5FC701EF0EAFAF7
:1054800028B9002E54D1334634461E46EDE701229A
:10549000294604F504701EF0DDFA07460028F0D016
:1054A00057481EF033FB17B1002C40F0A18028466E
:1054B0001EF01CFA467BB30733D516F0100630D128
:1054C00095F837700622C7F302170121384606AB5C
:1054D000CDE90866D8F840800696FDF74FF9002818
:1054E0001FDB069B1C6CAB69204623611EF091F903
:1054F00095F837306268C3F30213042B98BFDE00BF
:10550000B2F88E3029461E43A2F88E6004F5047668
:10551000012230461EF076FA00280BDA0698FDF7D5
:10552000EBF928461EF0B2FB02200AB0BDE8F0817C
:105530003368A9E70022294604F5FC701EF062FAE0
:105540000028EBDB3368069A936273681784D36292
:10555000B2F88E3043F48073A2F88E30C3F3C203E6
:10556000012BADF8203002D1D4F8FC310993082288
:10557000069808A91CF038FD0028CFDB069AB2F87F
:105580008E30C3F3C203012B04BFB4F8FA31538445
:10559000042107A8F3F792FD069A079B3946C4F841
:1055A0003C3202F13003CDE90423174B0620CDE94C
:1055B0000223B4F8FA3128325BBA9BB20193B4F8F3
:1055C00012325BBA9BB2009308ABFDF7C3FD002813
:1055D000A4DBB4F81012206904F5FE721CF05DF92A
:1055E00094F85932C4F8208043F0100384F85932FB
:1055F000294620460AB0BDE8F041FEF703BF00BFD0
:1056000024210020ACAE00204954020013B5002430
:105610006FF00D034FF400520C490D48009414F044
:1056200075FA09212346C8220139134402EB6202AC
:10563000FAD1084AC83303EB6303136006490448F0
:1056400002B0BDE8104014F097BB00BF789D042065
:1056500068890020B4AE00207D7C05000823F0B5E9
:1056600085B0039390F837301E4A1F4FC3F30213DF
:105670000E4602A90446022B08BF1746CDF808D0F3
:105680001DF0EDFC054650B30023A2681ABB94F848
:105690003A1094F836200A449B1A5BBAAB8039461C
:1056A000A0691CF0B3F900B97EB1112120461CF0AD
:1056B0000BFB4FF6FF73002818BF0346EB8094F8EE
:1056C000383043F0080384F83830204602A91DF032
:1056D000E4FC05B0F0BD118A52680B44D6E76FF0C8
:1056E0006800F6E70004400001004000F8B590F8BB
:1056F00037301F4A1F4EC3F3021304460F46022BD6
:1057000008BF16461DF0ABFC054610B9002528461B
:10571000F8BD394620461DF0C0FC03460028F5D1EF
:10572000AA88A16852BA92B2B1B994F8361094F826
:105730003A0001445B1A9A42E8D13146A0691CF054
:1057400069F90028E3D0EB8853B994F83730C3F3F4
:105750000213012BDBD0D9E7088A49680344E3E749
:10576000112120461CF0B0FA0028D0D0CEE700BFAF
:105770000004400001004000124B70B51A889B786D
:1057800002808370104B1968D1B103230A6819B9DC
:105790000E4A033B136070BD0C7A01461D1811F8C8
:1057A000016BA64205D08D42F9D1092B01DCC4540E
:1057B00001331AB1146811462246E8E71446FAE7A5
:1057C0000323E5E7867C0500BCAE0020B8AE0020D0
:1057D00070B504460D461EF0CEFDC4E902012561F8
:1057E0000022BDE870400023014814F02BBA00BF2E
:1057F000808A002070B50446D0E90A3200F1100515
:105800000AB95A08C262226B3AB940F26B314FF4BE
:105810007A725943B1FBF2F12163D4E90B12914240
:1058200001D29A4209D35A08E26240F26B325343E2
:105830004FF47A72B3FBF2F3236306232846E16A3E
:1058400084F84030FFF7C4FF2A462146BDE8704087
:1058500040230148FCF756BE080004E002460B4610
:10586000014813F065BE00BFC0200020014813F0BE
:10587000D7BE00BFC020002038B501F14053A3F1CE
:105880000113012B0D46144631D84FF0FF304FF075
:10589000FF31FFF7E3FF164B04F110021B681BB941
:1058A000BDE83840FFF7E2BF93420ED01B68F6E731
:1058B00094F84030062BF3D101232046A4F8403061
:1058C00004F138011CF000F8EAE70A4B9D42EFD0E2
:1058D0001EF051FD0023013861F10001C4E9060109
:1058E000236200220023044814F0ACF9D8E738BD45
:1058F000D8AE0020010001D0808A0020002373B5BB
:1059000004461A460D4601461B48FCF7FBFD4FF0C6
:10591000FF304FF0FF31FFF7A1FF94F8403013BB89
:10592000012384F8403004210DEB0100F3F7C6FB9E
:10593000019A626235B10923B2FBF3F303EBC303AF
:10594000D21A551C0D4E336813B90D48FCF7A0FD53
:1059500000232361736804F110004BB9C6E900000D
:105960002946FFF735FF02B0BDE87040FFF77EBF64
:1059700018607060F4E700BF070004E0D8AE0020B4
:10598000C4AE00202DE9F04F95B01E4609AB04933C
:105990002C2388469146059305469DF87CB09DF8DA
:1059A00080A0F7F751F90290EBF76AFB074616B9AA
:1059B000FCF77AFC0646BBF1000F0CBFF421FA217C
:1059C000BAF1000F00D00631B8F1010F01BF634BEF
:1059D0001B680533C9180FB1BB1C19444FF47A7208
:1059E00000232846CDE9002311230122FDF7BCFA4C
:1059F0000446002800F0A280FF2331461E9A80F85A
:105A000039301DF095FD002840F095804FF4864216
:105A10004FF4884120461EF07BFC0390002840F0A4
:105A20008A8004A920461DF01AFB039B06461946EE
:105A30002A22023025F0D3F9012333707370002D30
:105A400000F087802B68002B00F083805B7C06F1E0
:105A50001C00B3706B6A1BBA7360B9F1000F02D0FF
:105A6000D9F80030F3602968002975D04A7C1231DA
:105A700025F08EF904A920461DF00FFB01460028F1
:105A800059D1402220461DF068F90146002852D124
:105A9000802220461DF061F900284CD104222046C6
:105AA0002F491DF0C1FA002845D101223521204699
:105AB00006AB8DF818801EF0A1FC00283BD0BBF18E
:105AC000000F2FD1BAF1000F07D004223221204657
:105AD00005F138031EF092FC68B3B8F1010F0CD148
:105AE00006A8FFF749FE1D4B37211A68034603320B
:105AF0002046D2B21EF082FCE8B10FBBFF23012288
:105B0000204606A98DF818301DF08EFA98B9204667
:105B10001DF0C9F8112120461DF01BFD204615B0CF
:105B2000BDE8F08F04223621204605F134031EF033
:105B300065FC0028C6D120461DF025F80024EDE7BD
:105B40000C212046029BFAB21EF058FC0028D5D149
:105B5000F1E700235B78FFDE4B78FCE7B8AE00206E
:105B60008A7C05002DE9F04F85B01EF004FC054647
:105B70000E464FF0FF304FF0FF31FFF76FFE764BD0
:105B80001C68BCB1D4F800804FF0FF374FF47A792D
:105B900094B9FFF76BFE7B1C00F0DB804FF47A7347
:105BA0005F430A23A7FB03236C4805B0BDE8F04F11
:105BB00014F048B8A046E7E72069D4E9023109FBB0
:105BC00000F0C01841F10001854276EB01030DDAC7
:105BD00040F2E733401B61EB0601C01841F10001C0
:105BE0004FF47A720023EBF7B3F940B9A4F1100A2D
:105BF000002150461EF0EDFB68B94FF0FF308742A0
:105C000028BF0746B8F1000F00F0A180D8F8003097
:105C100044469846BCE7082150461EF0DAFB0028AF
:105C2000EBD094F83030013B062BE6D8DFE803F0E8
:105C30001C24284F6D300400636901336361FCF755
:105C400037FB002301220090CDE9013204211A46DE
:105C50005046FFF797FE834630B11EF0C3FB002885
:105C600002DA58461CF08FFF0023C4E90633C4E96A
:105C70000833A3620223238650461EF0E1FBBEE7F1
:105C800094F83130022BEFD850461EF004FCB6E7F2
:105C90004FF47A73E0695843D4E90231C01841F1F6
:105CA0000001854276EB01030EDA40F2E733401B38
:105CB00061EB0601C01841F100014FF47A72002334
:105CC000EBF746F900289AD104232386DCE74FF44A
:105CD0007A73206A5843D4E90231C01841F10001B7
:105CE000854276EB01030EDA40F2E733401B61EBAD
:105CF0000601C01841F100014FF47A720023EBF75E
:105D000027F90028C0D10523DFE74FF47A73A06993
:105D10005843D4E90231C01841F10001854276EBC5
:105D200001030EDA40F2E733401B61EB0601C018B5
:105D300041F100014FF47A720023EBF709F90028D2
:105D4000A2D1504604F128011BF0BEFD8CE743466A
:105D50005EE705B0BDE8F08FD8AE0020808A002055
:105D60002DE9F04F99B00DAB07932C230D469146CA
:105D7000089320B90224204619B0BDE8F08F00290D
:105D8000F8D08C69002CF5D000238E68002E40F0EE
:105D90008180472BEED928461CF085FF1C21284620
:105DA0001CF0D0FF0028E5D1284607A91DF057F9BF
:105DB00080460028DED04FF0FF304FF0FF31FFF774
:105DC0004DFD98F80030022B40F0F580D8F80430F3
:105DD000626A1BBA9A4240F0EE80216808F11C000A
:105DE000002900F0BB814E7C1231324625F06EF85E
:105DF000002840F0E08098F80230B34240F0DB80A9
:105E0000089928461CF09EFFC02128461CF09AFFE6
:105E1000002840F0D0800422284606A91CF0A8FFE4
:105E2000002840F0C8800422AA4806A925F04EF8B0
:105E30000746002840F0BF808346CDE900000122DC
:105E400028460DF117011CF093FF0646002840F08C
:105E5000B2809DF81730FF2B20D1022F40F01D811A
:105E6000009B23B920460BA90B931BF09BFCD9F890
:105E70000030DB68A36494F84030022B40F0458189
:105E80000323A4F84030D8F810302046A3631EF056
:105E900002FB3AE1328A7668134477E7012228460A
:105EA0000DF116011CF064FF002840F08480EB68BF
:105EB00002932B690393884B1E68AEB1D6F800A0FD
:105EC0009DF817309DF8162086B93B2B07D8322B4A
:105ED00030D8032B50D0062B66D0012B42D0114670
:105EE00028461CF02FFFC6E0B246E9E7317A994216
:105EF00012D1F36828469A4228BF1A4631691CF02D
:105F000037FF002857D1736830469C463A462346EF
:105F100066469DF81610B047029BEB60039B2B6111
:105F2000BAF1000F04D0DAF8003056469A46C7E7B7
:105F30005346FAE7333B082BD1D801A151F823F09F
:105F400011600200DF5E02007F60020069600200F3
:105F5000DF5E0200DF5E0200DF5E02002D600200F5
:105F60004B600200042A26D128460BA91CF000FF32
:105F700008BB0B9BE36362E791071CD1032A1AD984
:105F8000042228460BA91CF0F3FEA0B99DF81610B8
:105F9000284604391CF0D6FE68B920460BA91BF030
:105FA00001FC012300934AE709ABCDE90B369307C7
:105FB000CDE9096603D00224FFF758FCDBE6072A87
:105FC00002D85FEA920A09D0042228460AA91CF0E6
:105FD000CFFE0028EFD14FF0010A00E00B969DF8AC
:105FE00016102846A1EB8A011CF0ACFE0028E2D175
:105FF00000F0F8FFBAF1000F02D00123ADF8243011
:1060000000210BAA00F07AFF0028BFF618AFD2E7F4
:10601000042AD0D1284604F128011CF0B2FE002841
:10602000C9D1A36A002B7FF40AAFC4E7042AC2D106
:10603000284604F12C011CF0A4FE0028BBD1E36A21
:10604000002BB8D001230193F9E6042AB3D12846E6
:1060500004F130011CF095FE0028ACD1236B002B1D
:10606000A9D04FF0010BEAE6042AA4D1284604F196
:1060700034011CF07DFE00283FF4E1AE9BE7012ACD
:1060800099D1002328460BA98DF82C301CF070FE06
:10609000002890D19DF82C70D1E6052F2FD194F8CF
:1060A00040301A1F012A19D9D9F80020032BD268D1
:1060B000A2642AD104F13806022231462046A36A9E
:1060C000FBF760FB08B33146204604F13C021BF0AD
:1060D0002EFB0DE08A7C0500BCAE0020019B03B9BD
:1060E000E362BBF1000F07D0D9F80030DB68A3648E
:1060F0002046FFF77FFB08E0C4F830B0F4E7D9F89A
:106100000030062FDB68A36404D028461CF03BFD5A
:10611000002451E794F84030032B0DD9043B012BA8
:10612000F3D8204604F138011BF0CEFBC4E90A661F
:10613000C4E90C66A6630DE0042204F1480104F1F1
:10614000440024F0C3FE0028DFD1C4E90A00C4E9FA
:106150000C00A0630223A4F84030D6E77378FFDE7A
:106160001FB50446B0B14368A3B14FF0FF304FF004
:10617000FF31FFF773FB094B1A6822605A681C60F5
:1061800002B95C6001A8FFF7F7FAFFF76FFB002088
:1061900004B010BD6FF01500FAE700BFBCAE0020E0
:1061A00010B588B0FCF780F80368079300240E4B05
:1061B0000120CDE90143442321460093CDE9034466
:1061C000234606AAADF818001EF0BFF8002809DB28
:1061D0000648074924F0EEF82046064B064A5A6066
:1061E000064A1A6108B010BD615D0200808A002075
:1061F000655B0200C4AE002079580200030001D0A4
:106200002DE9F04F0427C368426889B0029753F81C
:106210002240064604F130084FF0FF324FF0FF33C2
:10622000404613F085F9706802AD272201210095E0
:1062300004ABF7F769F8B6F80A9019F028090CD002
:10624000706801213A46009505ABF7F75DF84046C6
:1062500013F0E6F909B0BDE8F08F049B2348012B49
:1062600014BF182308230393D4E9122319F0E7F885
:1062700005460028EBD050F80CBFD6F804A019F062
:1062800081F9024603AB06AF019359464B4650468F
:106290000097F6F787FF00281BDBB0F5007F02466A
:1062A00028BF4FF4007203287168039BEE6810DD6D
:1062B000F07800F00F0005280BD0B678207BF609A7
:1062C0000BD102280BD1CDE90052A6693A462046EF
:1062D000B0472846F2F790F8B9E70128F2E7E06AFC
:1062E0000028F6D0CDE900528669EFE72822002089
:1062F000F8B504464C4E4FF0FF334FF0FF324B4899
:1063000013F016F933681D4615B933B9194605E07F
:10631000AC4200F086802D68F6E71968002273B958
:10632000002A7ED1002D44D0EB6A002B79D1134690
:106330003F49EC62226A9A4226DC00252BE0E068A5
:10634000DF68784030F47F4007D1A76A986A8742B7
:1063500003D11F8A208A874212D065B9277B187B18
:10636000874208D0E789D889874204D11F8A208ACA
:10637000874208BF1D4629B108680B460146CEE793
:106380000122F8E70846F8E7E26952F833200F2ABD
:1063900006DD6FF02105254813F042F92846F8BDC7
:1063A000002A04DB51F8220008B941F822400133E9
:1063B000C0E741F288320023C4E91223E389606A0E
:1063C000012B14BF1822082204F10E01F6F7DAFDA2
:1063D000002805DA25F01CF8164B1D586D42DAE747
:1063E0001348E562D4E90712AA420DDC6068104B3D
:1063F000F9F738F9051ECEDB336823607368346023
:10640000002BC8D17460C6E751F835300F2BC0DCC3
:10641000002B04DB50F823200AB940F82340013553
:10642000E0E76FF07705B6E720AF0020D42000202A
:10643000E0AE00201400000010B504464FF0FF321B
:106440004FF0FF331D4813F073F800211C4B1A68FE
:1064500052B1944223D12268D9B959681A608C424A
:1064600000D15A60002323606068002319461A4651
:10647000F9F7F8F84FF0FF3363620023184611492B
:10648000226A9A420EDC00240C4813F0C9F8204618
:1064900010BD0A605A68944208BF5960E2E711468D
:1064A0001268D5E7E26952F833200F2A03DC41F87D
:1064B00022000133E4E76FF02104E5E7D420002057
:1064C00020AF0020E0AE00200022024BC3E90022F2
:1064D000704700BF20AF0020F8B590F8E8500446A0
:1064E000002D3FD1012300F1700680F8E8303046DE
:1064F0001EF0F6F9A368002B20DB04F118073846DC
:10650000FFF79AFF2388022B2AD0201D1BF0F6F8F4
:106510000146082322461548FBF7F4FFA0681AF04D
:106520000DF8A368A26E38469A4204BF4FF0FF33BD
:10653000A366FFF781FF4FF0FF33A3600C4A30469C
:106540001368013B23EAE37313604FF0FF334FF00E
:10655000FF321EF0B9F90223002084F8E830F8BDBC
:106560002946D6E76FF00100F9E700BF080014F1F3
:1065700030AF0020682330B54B43C418C35A0246DD
:10658000012B85B03ED1251D28461EF07AF908B3AF
:10659000E379FB2B1ED1237C43F001032374638832
:1065A00013B94FF454536380682303FB01231A7C0F
:1065B000D20770D56168394A91426CD1D868FAF730
:1065C000AFFF002867D12146354805B0BDE830400F
:1065D000FBF71EBB682303FB0123187C6FF300004D
:1065E000187428461EF04DF920B1E079A0F1FC05A1
:1065F00068426841682303FB01231D7C60F3410569
:106600001D74CCE72379FF2B02D1E37CFB2B12D046
:10661000682303FB0123187C6FF3000018742379AF
:10662000FF2B33D00020682303FB01231D7C60F384
:1066300041051D7403E0237C43F001032374638848
:1066400013B94FF454536380682303FB01252B7C5B
:10665000DB0720D50D2200210DF1020024F0BFFB45
:10666000FF238DF8003002238DF80130FB23102228
:106670006946201D8DF80F3024F028FC58B9E868D1
:10668000FAF74EFF38B9214606489EE7E07CC51E62
:1066900068426841C7E705B030BD00BFE00000FBBD
:1066A000934804007B4904002DE9F04F98460123EC
:1066B0004FF0000987B0ADF80830BDF840301746FC
:1066C0005BBA0446DDF844A0CDF80C90ADF80A3072
:1066D000002800F0D58090F8E830022B40F0D380FD
:1066E0004FF0FF338360836619B10E1F56F8045FC5
:1066F0006DB957B33B6843B31A6822605A68626049
:10670000BAF1000F1DD0DAF80030E36019E025215E
:10671000284624F012FC834678B3451BE6D0407827
:1067200018B10BF10100FBF735FBE060C4F80090F5
:10673000C4F804902246294630681BF062FB00280A
:10674000D4D000212046FFF715FF2688002E00F048
:106750008180022E7ED0012E40F0988011220221ED
:106760003046F6F7B3FB051E0DDA24F051FE4A4B16
:106770001858404207B0BDE8F08F2846EAF780FC81
:1067800005465846D1E7E268A560002A3EDC23882A
:10679000022B6CD0201D1AF0B1FF05462846211DA2
:1067A000FAF764FFA368A16E01228B4204D000298E
:1067B000BCBFA366A4F86C203849E3632388216337
:1067C000012B04F16801C4E90D12C4E9078484F8BF
:1067D00024205ED102AB03CBC4F82600C4F82A10F3
:1067E00004F11800FFF784FD002842DA10F1780F59
:1067F000C0D12B4A0020136884F8E80001331360ED
:1068000041F288320023C4E92223B3E7254904ABCF
:106810000868496803C31046FAF782FE082204A9F3
:106820001BF034F900280FDB0823192200933146AE
:10683000284604ABF6F79CFD00280EDA24F0E8FDAC
:10684000154B1B58002B08DDA06819F077FE4FF0A0
:10685000FF33A3606FF015008CE7E068FAF760FE85
:1068600023880546022B9DD0002897D192E700256A
:1068700098E70823224629460B48FBF743FEB8E772
:106880006FF0010076E76FF0590073E76FF0690071
:1068900070E76FF085006DE7140000006D6902007D
:1068A00030AF002040130500070014F1002307B5A6
:1068B000CDE90033024B1EF0D8F803B05DF804FBBD
:1068C000E0BD04002DE9F347074688469946144683
:1068D000002A41D0D0E92223234818F0B0FD054614
:1068E00000B3064656F80CAF304618F04BFE234670
:1068F000024651460DF106001DF081FE041E06DA27
:106900002846F1F779FD204602B0BDE8F087304611
:10691000BDF8064018F036FE0134844205DB2846F7
:10692000F1F76AFD6FF00B04EDE7BDF80610304695
:1069300018F0E6FD4946304618F003FEBDF8063073
:106940004FF6FF714AF20100EA68023316F0DDF9F2
:1069500004462846F1F750FD22464146384602B02B
:10696000BDE8F0471DF0BEBF582200202DE9F04FD2
:10697000866895B006F1700303934FF0FF324FF035
:10698000FF3303981DF0A0FF96F8E840002C40F07C
:106990009381D6E92223C24818F051FD8046002891
:1069A00000F08C811E9B2422D3F80C901F9B214663
:1069B000B3F5007F28BF4FF400730BA8ADF8283063
:1069C000CDF8189024F00BFA1F9B032B40F26C813A
:1069D00099F80330B9F8005003F00F036FBA052B94
:1069E000BFB217D100246FF0030522463946304666
:1069F0001DF058FF041EC0F24281582303FB0464BB
:106A000090342846224600211DF044FF20461DF008
:106A10005DFF34E199F80230DB0900F02F8139463F
:106A200006A81DF064FE031E05DA24F0F1FC9D4A61
:106A30005B42135011E0069B9B88B3F5807F0FD01B
:106A4000002DCFD106A81DF0B3FE0C306FD124F07D
:106A5000DFFC0C220024934B1A506FF00A05C4E7A8
:106A600006A81DF0A5FE002861DA0C30EFD0002D3D
:106A7000B8D1069B9B881BB9BDF82430ADF82630F1
:106A800000244FF0FF35A246A1464FF00C0B8DF8C5
:106A90001340069AD3885BBA9BB29A454DDB6B1CB8
:106AA00015D1BDF82430D4182046EAF7E9FA224679
:106AB000C31C4FF6FF714AF2010016F026F9394661
:106AC0000246044630461DF0EDFE051E66DBB9F1B8
:106AD000000F40F0C480079B133340F0E78040462E
:106AE00050F80C9FBDF820A018F04CFD06AB0246F4
:106AF000CDF800A0484608F110011DF086FE031EE7
:106B000093DB582202FB0562394692F8DC303046AE
:106B1000D2F8D820FFF7D6FE2246394630461DF07F
:106B2000C1FE051E80F2CD806FF00205A7E0069B36
:106B30009B885BBA3B439BB29DE70DF1130359461B
:106B400005AA06A81DF092FD031EFFF66EAF079B77
:106B500013F1150F05D013337FF445AFBDF820B006
:106B600073E06A1C28D1BDF82430069C1C442046E2
:106B7000EAF786FA23462118994214D12246C31C0B
:106B80004FF6FF714AF2010016F0BFF8394602468F
:106B9000044630461DF086FE051E0DDA24F038FC52
:106BA0000222404B22E01A78A2F14105192D98BF2C
:106BB000203203F8012BDFE7582303FB056393F82A
:106BC000DC30012B14D19DF81330012B61D101234E
:106BD0008DF83830ADF82C3008230D93BDF82230F5
:106BE000032B1DD824F014FC7A222E4B1A5034E7C4
:106BF0001C2B08D19DF813301C2B0CBF6FF0050522
:106C00006FF00805F1E6FF2B46D19DF81330012BFC
:106C1000DDD01C2B14BF6FF008056FF00505E4E60E
:106C2000BDF82030BDF82820191D9142DADC069A03
:106C30006FF06300D358582202FB05620BA9903213
:106C40000C931DF027FE09F10109BDF82030BDF8B5
:106C500022200AF1010A1344ADF8263019E7012D6C
:106C600027DC582303FB056590356FF066002A4644
:106C700000211DF00FFE28461DF028FE002540468D
:106C8000F1F7BAFB03981DF02BFE284615B0BDE8BE
:106C9000F08F6FF00805A8E66FF00505A5E600BFC8
:106CA000882200201400000027469BE66FF00405B0
:106CB0009BE66FF0660598E60025E3E76FF00905AF
:106CC000E0E7B368002BFFF62FAF1E9850F80C9F3B
:106CD00018F058FC2946CDE900084A4630461F9B6B
:106CE0001DF04CFE051ECADAB7E600BF2DE9F04FD5
:106CF00091B0894690461E460446DDF868A01C9D6A
:106D000068B161B1BAF1000F09D06B1C0AD00A2733
:106D100025EAE57585FB075755EA070303D16FF0B0
:106D200015052EE02F464846EAF7AAF90DF1140B97
:106D300001465A4648461BF064F8A8B307AB18460C
:106D40002422002124F04BF8B8F1010F03461CD196
:106D5000BDF81420022A24D09BE80300082283E80F
:106D6000030019466FF0630009928DF828801B9A82
:106D7000ADF81C80D04700216FF066001B9AD04709
:106D80000025284611B0BDE8F08FB8F11C0F0BD1DB
:106D9000BDF81430012B14BF6FF069056FF05F056B
:106DA000EFE76FF05F05ECE704F1700B4FF0FF3396
:106DB0004FF0FF3258461DF087FD94F8E830002B65
:106DC00040F08F80D4F8C4305BB1D4F8D830002BB9
:106DD00040F08A8004F1900023F0F8FA002840F097
:106DE00083801B9BC4F8D890C4F8C830002304F1FA
:106DF00090094846C4E934573D49A4F8E030C4F846
:106E0000C4A084F8DC80C4F8C04023F0D3FAD4E9ED
:106E10002223384818F013FB0746002857D0D4E93E
:106E20002223354818F00BFB804600283CD0C1686F
:106E3000FF22D4F8D83010301DF0E1FB051E42DBF4
:106E4000022107A8F2F73AF9BDF81C30A4F8DE30A9
:106E500006B13380A368002B1EDB3D4655F80C2F8E
:106E60002846039218F08EFB8246284618F08AFBCB
:106E70005346CDE9000800212046039A1DF07EFD0F
:106E8000002809DA48461DF021FD6FF001052EBBF0
:106E90003846F1F7B1FA03E03846F1F7ADFA0025CC
:106EA0004046F1F7A9FA0AE048461DF00FFD0EB181
:106EB000A6F800803846F1F79FFA6FF00B055846A8
:106EC0001DF00EFD5DE748461DF000FDDFE748467A
:106ED0001DF0FCFC002EF0D03780EEE7002333805D
:106EE000D6E76FF01505EAE76FF00A05E7E700BFA0
:106EF0004149040058220020882200202DE9FF414A
:106F00000F4616460446002866D000F170084FF080
:106F1000FF324FF0FF3340461DF0D6FCB7B9002ECC
:106F200053D03368002B52D01A880025012A25D16E
:106F30002288012A22D15A6863689A421ED14046AB
:106F40001DF0CEFC284604B0BDE8F0813D68002D60
:106F5000E5D02846EAF794F802AA014628461AF036
:106F600050FF0028DBD0BDF80830039A012B05D173
:106F70002388012B02D163689A42D0D094F8E8109C
:106F8000012926D051B100233246CDE900333946DC
:106F90002046134BFFF788FB0546D0E7D4F8C430F2
:106FA00063B1D4F8D8304BB104F190056FF06400B0
:106FB0002A461DF06FFC28461DF088FC2046FFF78E
:106FC0008BFA05460028DED0B9E73546B7E71D46FF
:106FD000B5E76FF00F05B2E76FF00105B2E700BF4C
:106FE000E0BD040000487047B08A00200022034939
:106FF000034B4A600B60FFF759BC00BF28AF00206D
:107000008E7C05000148FFF7F1BF00BFB08A002069
:107010000A2210B50446064B2920C3F8A4230C21EC
:10702000002218F068F82046BDE810401DF05EBD53
:10703000006000400B2210B50446064B2A20C3F81E
:10704000A8230C21002218F056F82046BDE8104075
:107050001DF04CBD006000402DE9FF4705468A4603
:1070600091461F46D0F808801DF039FE044668B3EB
:1070700090F82060F30714D523490B6858070BD00C
:1070800094F8243001220393204B029300231846E6
:10709000CDE900331DF0D3FD6FF0770004B0BDE8FB
:1070A000F0873B464A4651461DF0D9FD034680B95C
:1070B00015490A68520709D094F8242000900392D9
:1070C000134ACDE9010201221DF0B9FD6FF0120053
:1070D000E4E79DF8303026F00E0684F82590E7842A
:1070E00084F8283084F82060D8F8183021462846E3
:1070F0009847B0FA80F394F820205B0963F300020C
:1071000084F82020CAE700BF601F00200B7D050027
:10711000257D05007FB5054686681DF0E0FD044627
:1071200048B390F8203013F0010312D113490A68D4
:1071300052070AD090F8242018460392104A009370
:10714000CDE9013201221DF07AFD6FF0770004B025
:1071500070BD0146F3692846984750B194F8203035
:1071600003F0010394F8202063F3000284F8202048
:10717000EDE70346F6E76FF01200E8E7601F002036
:10718000477D05002DE9FF411646D0F808800546E9
:10719000D8F83C300F4698470022002331460E486D
:1071A000F1F7AAF80446A0B90C490B685B0708D0B0
:1071B0000B4B0122CDE901030396034600901DF01D
:1071C0003EFD2846D8F840309847204604B0BDE838
:1071D000F0810776F5E700BF18230020601F00202C
:1071E000627D050030B54D7E0469ED07D4F880005E
:1071F0000B7ED4F8A42085B010D53BBBC868C088EE
:10720000C4F8A8100AB1C4F8A43060B3CB681B78E6
:10721000DB090133C4F8A43005B030BDB3B9012A8D
:1072200023D0042A04D10A8A002AF3D00623F1E7E6
:107230000F490B685B07F9D00E4B01220293002324
:107240001846CDE900331DF0FAFCEFE7052A08D017
:10725000022A04D180F0040303F00403DAE7032ACE
:10726000E6D10023D6E70323D4E70523D2E700BF06
:10727000601F0020817D050030B503690446D3F806
:10728000AC5085B005F5887105F1F80003F09EFF5C
:107290000246A8B90146009040232046FFF7DCFED5
:1072A000024680B1174B1B68580709D0164B0122C4
:1072B0000293002313491846CDE900331EF041F92B
:1072C0006FF004041AE00090402320468021FFF76D
:1072D000C3FE04460028E5D195F91901411C01D0EF
:1072E000F0F7C4FB95F91501421C01D0F0F7BEFB85
:1072F00095F91601431C01D0F0F7B8FB204605B004
:1073000030BD00BF641F0020A57D050030B50369B6
:1073100085B000210446D3F8AC50FFF7FBFE90B1D6
:10732000104B1B685B0709D00F4B0122029300230F
:107330000C491846CDE900331EF003F96FF0040440
:10734000204605B030BD20468021FFF7E3FE04460D
:107350000028E5D105F1F80004F00AF80028EFD084
:10736000ECE700BF641F0020C77D0500034610B591
:107370001A790069013A86B0052A1AD8DFE802F0C6
:10738000030A0D1610130022042106B0BDE81040B8
:107390001DF01BBD00221146F7E700220121F4E792
:1073A00000220321F1E700220221EEE7002205215D
:1073B000EBE7002202AC04338DF8042093E80700C9
:1073C00084E807000022002301A9024811F0ECFF25
:1073D00006B010BD542100202DE9F04F04460022D4
:1073E0000C21362089B017F086FED4F804B0256948
:1073F000DBF81C20D5F8AC60022A96F814211ED1C7
:10740000013A012A0BD80021DBF8000007AA1EF080
:10741000DCFB071E76DA384609B0BDE8F08FAA49D2
:107420000B685A0708D0A94B029300230122184683
:10743000CDE900331EF085F86FF08507EBE7012AF0
:107440005CD0A1490B685B07F6D0A14BECE798F83C
:10745000000002F093FBD8F804209E49B0FBF2F83C
:10746000DAF8002010460592E9F7F8FD059A0028A1
:1074700035D1994B98450BD0934C23685E07DBD0F0
:10748000964B0122CDE90103214603460090D1E746
:1074900049461046E9F7E2FD50B30137DBF8082012
:1074A0009742B0D2DBF8042052F827A0DAF8048023
:1074B000504622F043FB0028C9D183490B685F077F
:1074C0000AD0DAF8003001220393854B0090CDE911
:1074D000010303461EF035F86FF012079BE749469B
:1074E0001046E9F7BBFD0028D7D17E4B9845D4D094
:1074F00075490B685D079FD07B4B95E70027DFF848
:10750000F491CBE7079800220179006801F0A6FB0F
:10751000071E80DB05F1840022F019FD95F880201C
:107520004FF02C0922F0620242F0620285F88020BE
:1075300096F814214FF0400A022A01BF95F88020E6
:107540004FF4806842F0010285F8802018BF40F2B5
:10755000FF380025DBF80C20AA422AD800254FF07E
:107560002C094FF0400ADBF80C20AA426CD896F99F
:1075700019210027501C1FBF40F27F105B49C03209
:1075800041F8220096F91521511C1FBF6D20574963
:10759000C03241F8220096F91621531C1FBF6E20FD
:1075A0005249C03241F82200DBF818302046984793
:1075B00031E709FB05F2DBF814101144887F40F035
:1075C00040008877DBF814101144887F1DBB40F021
:1075D00001008877DBF814101144A1F81CA0DBF837
:1075E00014102046114481F82450DBF81410114483
:1075F0001DF091FB074628B333490B685C073FF445
:107600000AAF3B4B0122029300231846CDE9003319
:107610001DF097FFFFE640F004008877DBF81410B8
:107620001144887F40F002008877DBF81410114481
:10763000887F40F008008877DBF814101144A1F827
:107640001C80CCE7013585E709FB05F2DBF810105B
:107650001144887F40F020008877DBF81010114437
:10766000887FCDB940F001008877DBF81010114415
:10767000A1F81CA0DBF8101065F07F00114481F820
:107680002400DBF81010204611441DF044FB07468F
:107690000028B1D1013566E740F004008877DBF8B7
:1076A00010101144887F40F002008877DBF810103A
:1076B0001144887F40F008008877DBF810101144EF
:1076C000A1F81C80D6E700BF641F0020EA7D0500FA
:1076D000257E0500617E0500006CDC02667E0500EB
:1076E000517E0500008793038E7E050000600040F8
:1076F000B17E0500877E050030B5036989B0044678
:10770000D3F8AC5000220023CDE906236FF0070325
:107710000122CDE9033200230090CDE901334FF47B
:1077200000722846054B064912F0E2FB2168284604
:1077300009B0BDE8304012F01FBB00BF4577020022
:1077400078BD042004462DE98048DFF80CA27F4F65
:107750008BB04FF0FF3205A94FF0FF337C4811F09A
:1077600083FE9DF81410012900F0A780022900F083
:10777000D9800029EDD19DF81830072B2ED0082B89
:10778000E7D19DF81D5023690A4620462946D3F8C3
:10779000ACB09DF81C90DDF820801DF0B1FA2946B0
:1077A00020461DF0F7FA06460028D2D0B9F1000FA6
:1077B00011D12B064FD51DF0FFFA002858D03046C6
:1077C0001DF0FEFA4B464A4629460BF1F80003F03D
:1077D0008DFF0028BDD06FF0040247E0082220464C
:1077E0001DF04AFC054660B958490B685A07B0D0ED
:1077F000584B0122CDE90103009003461DF0A1FE84
:10780000A7E71DF0D2FA082207A905F10C0017F02E
:107810007DFE20462946FFF7E5FC20461DF063FD6E
:1078200068B1EB682046D9881DF043FE10F10C0FBB
:1078300002468ED1294620461DF0D3FA89E720461C
:107840001DF058FD18B120461DF001FD81E72046CE
:107850001DF023FD7DE7294620461DF073FA4146C1
:1078600006460C3085B117F04BFE00223146E2E7A8
:10787000294620461DF066FA802D0646F5D10146C0
:1078800020461DF03CFE64E717F03AFE20461DF04E
:1078900038FD18B1314620461DF01EFD2046314608
:1078A000FFF7A0FC20461DF033FD00283FF451AF48
:1078B000314620461DF0A5FC4BE79DF82450236976
:1078C00029462046D3F8AC801DF012FA00287FF438
:1078D00040AF294620461DF05DFA064600283FF4D9
:1078E00038AF2906C2684CBF338A738A294608F12B
:1078F000F80003F0FBFE78B13B685B0709D000237A
:10790000012239461846CDE902A5CDE900331DF024
:1079100018FE6FF06E02A9E70122294620461DF0ED
:10792000EFF916E7236980212046D3F8AC601DF0FB
:1079300009FA054600283FF40CAF002380211A46BF
:1079400006F1F80003F0D2FE294699E7641F0020F3
:1079500054210020CD7E0500EA7E050030B50D469D
:10796000144687B01422002101A823F038FA2146DA
:1079700028461DF018FA95F82430802B8DF8143025
:107980000FD1238A002B14BF012302238DF804306A
:107990000022002301A9044811F006FD002007B0D1
:1079A00030BD0123F2E700BF5421002068B161B16E
:1079B0000A68074B496853F82200012203688A408D
:1079C00023EA02030360002070476FF01500704740
:1079D000EC21050060B159B10A68074B496853F8BA
:1079E0002220012310688B4003431360002070475E
:1079F0006FF01500704700BFEC21050000290369F6
:107A00000ADC1B6813B10020136070474368996853
:107A1000034BB3FBF1F3F6E76FF01500704700BFBF
:107A200000CA9A3B7FB50BAB05930393054B02222B
:107A3000029300231846CDE90033ECF7D5FB07B0DD
:107A40005DF804FB0E80050008B5074822F076F8C3
:107A500038B10648F0F718F90448EBF72FFF00207B
:107A600008BD6FF01200FBE7E8B90400717A02006C
:107A70000A2838B50446074D04D1AB680D212846C5
:107A80005B689847AB6803485B68E1B2984720465B
:107A900038BD00BFE8B90400C368054A1A4205D0E2
:107AA0000369186900F5DD6011F03CBE704700BF46
:107AB0000000070170B5002440F26F12134B0669F5
:107AC0001C70134B88B0C3F8CC23054622460C210A
:107AD000332017F010FB00220023CDE906236FF0BE
:107AE0000D0340F2DC52CDE9024306F11001094BCF
:107AF000CDE90054049406F5BE6012F0F9F9332084
:107B0000EFF7B4FF204608B070BD00BF000D08407D
:107B100000600040C97B0200F0B5044685B0002833
:107B200045D00368002B42D01E6806223569032326
:107B3000291D776819F057FD2B6803B92C60204682
:107B400005F5E064F8F74CFE2046396806F00CFABB
:107B500060B118490B685A0708D0174B01220293ED
:107B600000231846CDE900331DF068FD002332469E
:107B7000204612491EF07CFF60B10E490B685B077E
:107B800008D00F4B0122029300231846CDE90033A1
:107B90001DF054FD786883689B6813B1324609492B
:107BA0009847286805B0BDE8F04019F05BBF002396
:107BB0001B69FFDEE41E002096800500997A020012
:107BC000BF8005005D5604002DE9F04F06464FF4D6
:107BD0007A7A4FF0000BD0F810802D4F2D4D87B0E2
:107BE00041F28832002308F5DD6011F0D5FD04462E
:107BF0000028F5D1D6F810900590394605AA09F568
:107C0000E0601EF0A2FF80B1B0F57A6F0DD02B6856
:107C10005907E5D0204B0122CDE9014329462346EF
:107C2000204600941DF00AFDDAE70023D9F8000091
:107C30001A46CDE900AB0599FBF7A8F9044650B9FF
:107C40002B685A07CCD0154B0122CDE901032946F8
:107C500003460090E6E73946059A1BF0E5F980B146
:107C60002B685B0709D00E4B0122029300232946A3
:107C70001846CDE900331DF0E1FC20461AF083FFE1
:107C8000AEE72146A06919F05EFB0028A8DAF4E708
:107C900053DE0020E41E0020EF8005000681050071
:107CA000218105000346002208462DE9F043D3F860
:107CB00010808E6885B096B9DFF8689097B23A4622
:107CC00049461BF055F8054668B115490B685B0736
:107CD0001CD14FF0FF35284605B0BDE8F083338A4C
:107CE00076681A44E7E73B2F07D8C7F13C0209EB57
:107CF0000700314623F073F83C273A46094908F556
:107D0000E0601EF0E2FE0028E5D0DEE7064B01222F
:107D1000029300231846CDE900331DF08FFCD8E70D
:107D2000E41E002069D800204E8105002DE9F043B3
:107D3000074650F8105C8BB000F1340400264FF079
:107D4000FF324FF0FF33204611F026FDD5F80490A6
:107D50000121484608AAD5F81080ADF81C60ADF89E
:107D60001E60ADF82060ADF82260ADF82460ADF87B
:107D700026601DF0F0FCB042C0F2D380BDF8202098
:107D800098F8411002F00403C2F38002914200F01F
:107D9000C88088F8412003BB64490A6802F00702E2
:107DA000022A0ED8204611F0BDFC28461DF077FDB2
:107DB00041F28832002338460BB0BDE8F04311F0A1
:107DC00041BF99F8002018460392594A0093CDE923
:107DD000013203221DF097FCE4E70421686807AA3A
:107DE0001DF0B9FC0028C0F29C80314668680DF196
:107DF0001E021DF0B0FC0028C0F29380BDF81E20CA
:107E0000314622F4806242F4905292B26868ADF832
:107E10001E201DF087FC0028C0F283802926013E29
:107E20007FD000214FF47A7022F0D1FB01216868E5
:107E300008AA1DF090FC002873DB0121686808AADD
:107E40001DF089FC00286CDBBDF820309B06E6D5D0
:107E5000052168680DF122021DF07DFC002860DB21
:107E600098F85C30EBB10921686809AA1DF073FC31
:107E7000002856DB0A2168680DF126021DF06BFC14
:107E800000284EDBBDF8263098F85C209B08ADF842
:107E9000263032B1BDF8242013409E0537D4D805D2
:107EA00037D4BDF82220BDF81C301340D90532D498
:107EB0001A0632D413F0400F14BF022301231B4AC9
:107EC00088F84030126802F00702022A7FF66AAF93
:107ED00013F0300F99F8001021D1164813F00C0F51
:107EE000154A08BF0246154813F02A0F144B18BF55
:107EF0000346CDE90423134B03910293002303228D
:107F00001846CDE9003309491DF0FDFB4AE720235F
:107F1000D5E71023D3E70823D1E70423CFE70A4AA4
:107F2000E1E7204611F0FEFB42E700BF1C1F0020E6
:107F3000AE810500CE7C050061830500A4810500AB
:107F4000A9810500BF8105009F8105002DE9F04151
:107F500004464768056988B0012205F144001146CE
:107F600022F007F900232C606B60BE7866B17A6856
:107F70004B4B53F8223085F84030012385F84130CF
:107F8000002008B0BDE8F08185F84160B8688368DA
:107F90001B6803B198477978E1B94FF400426068F3
:107FA0001DF0C0FB002815DB4FF00D08B8F10108EB
:107FB00010D000214FF4FA7022F009FB0021606814
:107FC0000DF11E021DF0C7FB002803DBBDF91E30BA
:107FD000002BEBDB022160680DF11E021DF0BBFBE4
:107FE000002832DB032160680DF11E02BDF81E80FF
:107FF0001DF0B1FB00284FEA084826DBBDF81E3013
:10800000284943EA08030A68581C02F007020ED107
:1080100052B13B7801220393234B0293002318466D
:10802000CDE900331DF06FFB6FF01500A9E7022AC0
:108030000BD904933B78032203931C4B0293002338
:108040001846CDE900331DF05EFB0121606807AAE8
:108050001DF081FB00280FDA012685F85C603F21C6
:10806000103520461DF08CFB2846114922F0A2F95C
:108070002846FFF75BFE83E7BDF81C30DB05ECD537
:108080000F2160680DF11E021DF065FB0028E3DB87
:10809000BDF81E6006F44056003E18BF0126DCE71E
:1080A000C42205001C1F0020E4810500FF8105009B
:1080B0002D7D020001780122024B09B91A70704728
:1080C0005A7070473DE4002010B504690C4B2079CC
:1080D000012807D1E468A4091C6040245C6010609A
:1080E0000B6010BD4FF4005008244FF03E0CC3E964
:1080F00000404FF40040C3E902C00220EFE700BF98
:1081000054B3002010B5302231240B4B2046C3F865
:10811000C4430121C3F8C823002216F0ECFF00225B
:108120000121322016F0E7FF2046EFF79FFCBDE863
:1081300010403220EFF79ABC0060004010B504698F
:10814000084821F0FBFC48B10020A36803F1784205
:10815000534253412371044B236010BD6FF0120052
:10816000FBE700BFA0B90400601400202DE9F8432C
:108170000469904620461A4689461F461DF0F5FBC5
:10818000002848D0002F3AD023792568C3B9EFF3EF
:108190001186102383F31288BFF36F8FA2683B46CA
:1081A000414628464A441EF0ADF82379B8B18BB950
:1081B00086F31188BFF36F8F6FF00400BDE8F8837A
:1081C0004FF0FF324FF0FF3305F1440011F0E4FAB5
:1081D0000026E3E705F1440011F0A4FAECE7012BD7
:1081E00007D195F85C308BB10C4F7B784BB10023F5
:1081F0007B70237953B986F31188BFF36F8F00200A
:10820000DCE70021012022F0E2F9EEE705F144006D
:1082100011F088FAF3E76FF01500CFE73DE4002096
:108220002DE9F84F0669804630468B46144637687C
:108230001DF09BFB18B96FF01500BDE8F88F002A00
:1082400066D0DFF8ECA05946524640461DF070FB60
:1082500005460028EFD1DAF80090D945EBD1337903
:10826000DFF8C4B04C4413BBB4F5001F24D146233F
:10827000CBF80830DBF80820DAF80840141B47D0A8
:1082800033793BBBEFF31185102383F31288BFF3DF
:108290006F8FB16822463846494401F0DFFF3379D9
:1082A00030B303BB85F31188BFF36F8F0FE0B4F5D4
:1082B000005F01D18023DBE71B4A214640461DF0C9
:1082C00037FB0028B7D1DBF800309C42D2D06FF0EA
:1082D0000400B2E74FF0FF324FF0FF3307F14400E4
:1082E00011F05AFAD5E707F1440011F01BFAEEE756
:1082F000012B07D197F85C308BB10C4C23784BB134
:1083000000232370337953B985F31188BFF36F8F3E
:10831000002092E70021012022F059F9EEE707F151
:10832000440011F0FFF9F3E73CB300203DE40020E6
:1083300048B300202DE9F04302F44033B3F5403F49
:1083400080460E461446476889B000F0878012F0D8
:10835000200540F083803B7DFF2B17D06FF012008B
:108360004FF0010C07F11303C01B5A78591C002A67
:108370006CD1012001F05AFC3D4A012092F8BB3437
:1083800023EA050382F8BB3401F024FC14F4003521
:1083900018BFC4F3C0453B7918BF45F0040560071A
:1083A00048BF45F0400503F00F03E10643EA06131A
:1083B00048BF45F0100562028DF8043024D53146DF
:1083C000D8F804001DF068FB8146002849D00068F9
:1083D00021F0B4FB002847D03B79CDF80C808DF814
:1083E000103004F0C063059304F0B0730693214B82
:1083F0008DF811600793D9F8000003A91CF08AFBDF
:10840000002820DB45F48045A30212D5D8F80400EB
:1084100031461DF041FB804618B3006821F08EFB09
:1084200010B332463979D8F800001CF0BAFB25F4B5
:108430008045A40004F440642C430022012101A8DB
:10844000029400F00BFC09B0BDE8F083B24202BF19
:108450001B180CFA03F31D430B4686E76FF08500EB
:10846000F1E76FF01500EEE76FF00A00EBE700BFF1
:1084700000E00140CB5A040030B40F2944681AD8F8
:1084800024790F4D01EB041455F824501A4315F0CC
:10849000040F14BF4FF400344FF4803415F0400F34
:1084A00018BF44F00404ED0648BF44F01004224312
:1084B00030BCFFF73FBF6FF0150030BC704700BF06
:1084C00000080840102928BF102110B50C460A46A4
:1084D000024922F05DFC204610BD00BF90810001E2
:1084E000782208B5164B0121C3F86C247922C3F811
:1084F00070247A22C3F874247B225B20C3F878248A
:10850000002216F0F8FD002201215C2016F0F3FD98
:10851000002201215D2016F0EEFD002201215E20E7
:1085200016F0E9FD5B20EFF7A1FA5C20EFF79EFA69
:108530005D20EFF79BFABDE808405E20EFF796BAA2
:10854000006000402DE9F04F90ED047B87B08DED89
:10855000007B90ED067B8DED027B0E463349344C5B
:10856000096A24681746D0F820B08268C1F3026017
:108570008440C1F302219A46109DCC40002B51D17A
:1085800002F1030824FA0AF406EB4800B0FBF4F009
:10859000E7F782FF02460B46CDE90423DDE900231D
:1085A000E7F73EFEDDE90223E7F73AFE02460B4617
:1085B00000202049E8F714F9E8F7C0FA286007EB33
:1085C0000800B0FBF4F0E7F767FFDDE90023E7F709
:1085D00027FEDDE9002380468946DDE90201E7F751
:1085E0001FFEDDE90423E7F71BFE02460B4640466B
:1085F0004946E8F7F5F800220F4BE7F7C7FFE8F721
:108600009DFA5845C5E9010A8CBFA0EB0B00ABEB06
:108610000000B0FBFBF0F61B2F61EE60686107B055
:10862000BDE8F08F02F10208ACE700BF00E00140B6
:10863000349000200000F03F000059402DE9F04345
:108640000D469946144687B01AB307690E460120B5
:108650000B7A43F004030B728442317A2BDD327DB6
:1086600082EA0103DB0718D512F0040315D157493C
:108670000A6855070BD0564ACDE904040392554ABF
:10868000029201221846CDE900331DF051FA6FF035
:108690000404204607B0BDE8F08389070ED54B4996
:1086A0000B685A07F3D04A4BCDE9040403934A4BB5
:1086B00002930023E5E741F0020131720130A0424C
:1086C00006F10C06C8DD07F168084FF0FF324FF0E5
:1086D000FF33404610F02CFFD7F89C30494613F08A
:1086E000080F0CBF0122022238461DF04BFE07F195
:1086F0007C09287A012C00F00100D5E9001207D08E
:108700002B7DC3F3800328B938461DF05CFE04E0DE
:10871000E0B1002338461DF08FFE064668B32B49B2
:1087200008280B6803F0070312D0172816D153B19D
:10873000274B0393294B0293002301221846CDE9CE
:1087400000331DF0F5F96FF004043BE00346DBE76E
:10875000002BF8D01E4B0393214BECE7002BF2D0FB
:108760001B4B012203931F4B049002930023CDE97E
:10877000003318461DF0DCF9E5E74FF0FF324FF00B
:10878000FF33484611F008F897F89420012A13D1D6
:108790000E490B685B07D6D02B7A134813F0010FF4
:1087A000124B18BF03460493094B00960393104BDA
:1087B000CDE901633346DCE7013C14F0FF0405F129
:1087C0000C0596D1404610F02BFF62E74C1F0020AD
:1087D000528705000785050069850500C7850500E6
:1087E0002986050063860500FC84050001850500D7
:1087F000828605002DE9F04F90ED067BD0E90467F5
:108800000C469FB08DED087B036A84490693914620
:10881000834B844A8C428246D0F808801B6A1268D7
:1088200005D081498C4202D080498C4266D1C3F385
:1088300002618A40C3F3022322FA03F308F1010B19
:108840000B934FEA4B0307930CAB182200211846F9
:1088500022F0C5FA5A460023079900905046FFF7C8
:1088600071FE08F1030320460A93E7F715FE02465E
:108870000B4600206E49E7F7B3FFDDE90823044605
:108880000D4630463946E7F7CBFC02460B462046FC
:108890002946E7F7C3FC0026CDE908010B9B23FA24
:1088A00006F0E7F7F9FDDDE90823E7F76FFE0A9B1D
:1088B000044658000D46E7F7EFFD02460B462046FA
:1088C0002946E7F7ABFC41EC100B14F0CDF851EC66
:1088D000100BE8F733F93E28054602D8079B834280
:1088E00025D90136082E1CD10F9B89F80230109B28
:1088F00089F801300E9B89F800300FE04D490B6874
:108900005B070BD04C4B012203934C4B0494029316
:1089100000231846CDE900331DF00AF91FB0BDE869
:10892000F08F012E04BF08F102030A93B6E7069BFD
:10893000182200FB03F46423B4FBF3F412AB5C4590
:108940004FF00001184638BF5C4622F048FA334623
:108950000090224629465046FFF7F4FD139F069BE0
:10896000BB4210D3069BBB4231D8DDE9152313432C
:108970001F2BB6D80CAC12AD0FCD0FC495E8030079
:1089800084E80300B0E7013CA345EBD82B1B1F2B69
:10899000E8D81822002118A822F021FA18AB2246A4
:1089A0000093294633465046FFF7CCFD1D9A179B8E
:1089B0009A42D7D20DF1480C0DF1600EBEE80F00BF
:1089C000ACE80F009EE803008CE80300C7E7013421
:1089D000A542CAD31F2CC8D82B1B9B45C5D818222B
:1089E000002118A822F0FBF918AB22460093294673
:1089F00033465046FFF7A6FD1D9A179B9A42B4D204
:108A00000DF1480C0DF1600EBEE80F00ACE80F0050
:108A10009EE803008CE80300A4E700BF801A06006C
:108A200000E001403490002040420F00A086010089
:108A30000000F03F4C1F00201F87050091860500B5
:108A4000F0B5466889B0076905460021706807AA35
:108A50001DF0BBF8041E07DB079B0022197918687C
:108A600000F0FCF8041E11DA28490B6858070AD0F8
:108A7000274B01220393274B029300231846CDE98D
:108A800000331DF055F8204609B0F0BD07F168002D
:108A900021F05DFA0122002107F17C0021F069FB41
:108AA0007B6C1D4A934205D01C4A934202D01C4A5B
:108AB000934217D1194607F197026868FFF79AFEAB
:108AC000012387F8953087F8963007F195037B6688
:108AD00007F14001384601F0D9FE2846336898472F
:108AE0000024D0E709490A68520702D16FF08504D3
:108AF000C9E70493064B012203930A4B0293002318
:108B00001846CDE900331DF013F8EFE74C1F0020A5
:108B10000F870500B0860500801A060040420F004E
:108B2000A08601009186050030B511F010030D46B6
:108B3000046987B00FD120490A68500707D01F4A3F
:108B40001846CDE90132009301221CF0F1FF6FF0CD
:108B5000040007B030BDC1F34203022B14D0032B35
:108B600025D0012B25D014490A685207EFD0049371
:108B7000134B01220393134B029300231846CDE9B4
:108B800000331CF0D5FFE2E70F49616404F197025E
:108B90004068FFF72FFE204601F0B4FE204604F1A6
:108BA000400101F073FE0020C4F89C50D1E7074952
:108BB000EBE70749E9E700BF4C1F0020CB86050023
:108BC0003D870500EB860500801A060040420F0035
:108BD000A08601007FB50BAB05930393054B0122E3
:108BE000029300231846CDE90033EBF7FDFA07B0F6
:108BF0005DF804FB9C87050030B5436887B00569C4
:108C00000021186805AA1CF0E0FF041E1EDB059B6E
:108C100000221979186800F021F80446B0B905F16E
:108C2000140105F12C0005F051F960B109490B68F8
:108C30005B0708D0084B0122CDE9014320462346BB
:108C40000094FFF7C7FF284621F081F9204607B0BE
:108C500030BD00BF501F00209C87050070B5EFF3AA
:108C60001085012383F31088174B1C681CB9174A21
:108C7000D4704024D4701A6801321A6085F31088C9
:108C8000134E00EBC101884213D1EFF31081012292
:108C900082F310881A6812B11A68013A1A601A68C9
:108CA0001AB90A4BDA708022DA7081F3108800203A
:108CB00070BD0478456804F00F02120102EB141233
:108CC00046F822500830DEE730900020000D0840C2
:108CD0000008084010B501291446006988B010D971
:108CE0000D490B685B0708D00C4B0122029300234F
:108CF0001846CDE900331CF07BFF6FF0150008B07B
:108D000010BD05A902F0EAF818B9069BC4E90030C5
:108D1000F5E76FF00400F2E73C1F0020F387050041
:108D200070B54668056986B0306820F007FF0346D5
:108D300078B927490A68540706D0264A0090CDE939
:108D4000010201221CF054FF6FF01204204606B00D
:108D500070BD314651F8040B83681B688BB198478E
:108D6000041E11DA1A490B685A07EFD01A4B039404
:108D70000293002301221846CDE900331CF038FF8E
:108D8000E4E76FF05704EDE70021F06805AA1CF056
:108D90001CFF041E07DB059B002219791868FFF7EA
:108DA0005DFF044630B10A490B685B07CED00B4B20
:108DB0000394DDE705F140032846EB6305F120014C
:108DC00001F0A4FF002818BF6FF00404BEE700BF45
:108DD0003C1F0020198805003888050058880500C8
:108DE000F0B501290E4617461D46046985B010D915
:108DF00035490B685C0708D0344B012202930023ED
:108E0000CDE9003318461CF0F3FE6FF0150005B0F5
:108E1000F0BD227C012A0CD1B7F5803F09D32A4945
:108E20000B685807F1D02A4B02930023CDE9003399
:108E3000E8E7012396BB84F84030E16BBDF82830A9
:108E4000886BDB07A26848BF7D1BF8B90B783BB184
:108E50004B78180140EA831040F4847040F0010020
:108E60008B785BB191F803C04FEA0C1343EA8C1383
:108E700040EA034343F0847040F4803091F821309D
:108E800091F820C05B0743EA4C33184350632046F7
:108E90001DF0F4FA28B16FF00400B8E784F842300E
:108EA000CBE7394620461DF0F3FA0028F3D13246CD
:108EB000294620461DF03FFB0028ECD120461DF03E
:108EC000E2FA0028A3D0E6E73C1F0020F387050064
:108ED0007E8805007FB50BAB05930393054B0122FC
:108EE000029300231846CDE90033EBF77DF907B074
:108EF0005DF804FB04890500F0B5446885B00546BB
:108F00001CF099FEA06A30B90021284605B0BDE8E2
:108F1000F0401CF009BF20F011FE034688B9144947
:108F20000A68520709D0A26A126800900392114A97
:108F3000CDE901020122FFF7CDFF6FF0120005B06D
:108F4000F0BDE38DA06A94F82C1043F400320124A4
:108F5000066913F0010F336804FA01F414BF2343C8
:108F6000A343876833603B6898470028CCDAE6E77C
:108F7000481F002004890500036993F94730002B3E
:108F800008DB0122590903F01F0302FA03F3024A26
:108F900042F82130704700BF00E100E0036993F917
:108FA0004730002B0DDB01215A0903F01F039940C4
:108FB00002F12003034A42F82310BFF34F8FBFF39F
:108FC0006F8F704700E100E010B50469636F0BB16B
:108FD000A16F984794F94130044AC03352F82310E6
:108FE0006FF3104142F8231010BD00BF0060004035
:108FF00010B50469636F5BB1A16F984794F9433072
:10900000044AC03352F823106FF3104142F8231082
:1090100010BD00BF0060004010B50469636F5BB114
:10902000A16F984794F94530044AC03352F8231091
:109030006FF3104142F8231010BD00BF00600040E4
:1090400010B50469636F5BB1A16F984794F947301D
:10905000044AC03352F823106FF3104142F8231032
:1090600010BD00BF0060004070B504460E461546B6
:10907000012141F28832006800F078FF002832D1E7
:109080002379042B2FD8DFE803F00403040C0C0031
:109090000323B3706379032B25D8DFE803F00217AD
:1090A00002056FF0850070BD0123F370A379042BD6
:1090B00019D801A252F823F0A3900200A390020055
:1090C000F1900200D1900200ED9002000023ECE745
:1090D0000223737008232B72E279012A0BD009D97D
:1090E000023A012ADDD96FF01500DCE70023F0E732
:1090F0000323EEE7002300202B73A873D3E700BF00
:109100002DE9F8430E4604690A462346014604F158
:109110003C09154814F0B8F94946304604F170038B
:1091200004F15C02FFF7A0FF054601460F4814F06A
:10913000ABF995B904F10408404600F0E9FD494651
:109140000746404600F014FE074309D1084814F0D2
:109150009BF9336863637368A3632846BDE8F883AB
:109160006FF00405F9E700BF4E8905006F8905001F
:10917000858905004FF4DB72194B10B5C3F828241C
:1091800040F2B712C3F82C244FF4DC72C3F8302439
:1091900040F2B9120446C3F83424012100224A20C7
:1091A00015F0A9FF002201214B2015F0A4FF002299
:1091B00001214C2015F09FFF002201214D2015F0C8
:1091C0009AFF4A20EEF752FC4B20EEF74FFC4C2062
:1091D000EEF74CFC2046BDE810401CF08FBF00BFEE
:1091E000006000404FF4D872194B10B5C3F88023CB
:1091F00040F2B112C3F884234FF4D972C3F8882324
:1092000040F2B3120446C3F88C230121002220202F
:1092100015F071FF00220121212015F06CFF0022C2
:109220000121222015F067FF00220121232015F0E3
:1092300062FF2020EEF71AFC2120EEF717FC222017
:10924000EEF714FC2046BDE810401CF057BF00BFED
:10925000006000402DE9F041436888B005690021B5
:10926000186807AA1CF0B1FC00281FDB079B00222E
:1092700019791868FFF7F2FC002817DB0126AC68A3
:10928000D5E9023203EBC2039C4204D328461CF00A
:10929000C3FF00200AE0206820F050FC0346A8B974
:1092A0001B490A68550704D16FF0120008B0BDE8E9
:1092B000F081227904922268126800900392154A84
:1092C000CDE9010201221CF064FFEDE7206821795D
:1092D000E388D0F810C0DA07DCF8007054BF43F41C
:1092E000B01383F4D01323F4801206FA01FEDB07D7
:1092F000D0F808804CBF47EA0E0727EA0E07CCF8E3
:109300000070D8F8003098470028CFDB0834B7E762
:10931000441F0020D68905002DE9F04F81460E46F6
:109320001F469046046989B00AB9002B3BD0B38828
:109330009D043CD44FF0FF324FF0FF3304F1100096
:1093400010F02AFA6660D9F810502B689E4200F09F
:10935000B080AB6E1BB105F1680001F03BF8B6F9C7
:109360000430B288002BC0F2318202F0010285F88D
:10937000A120B388C3F3400385F8A330B38813F06A
:10938000040324D122B344490A68500716D16FF070
:10939000150723689B8813F4005304D1636004F11C
:1093A000100010F0BFF9384609B0BDE8F08FA3698E
:1093B000002BBFD163689E42BCD1C4E7374A184630
:1093C000CDE90132009301221CF0E3FEDFE7012228
:1093D00085F8A220B388C3F3001385F8A530B388BD
:1093E000C3F3803385F8BE30B38813F001032BD16B
:1093F000DFF8A4A0DAF8002002F00702022A0AD956
:10940000326851460392264A1846CDE9013200934C
:1094100003221CF0BEFE306805F1C30101F024F9FF
:1094200090B1DAF80030590702D16FF00407B0E7C5
:109430001C4B012202930023CDE90033164903900F
:1094400018461CF0A6FEF0E7002385F8BD30B3688F
:10945000E3B1012385F8BC3005F1BC03C5F8B83091
:10946000114B05F19801C5E92C3905F1680000F0B0
:10947000E3FFE8B108490B685A07D6D00B4B01222D
:10948000029300230390CDE90033D9E785F8BC307F
:1094900085F8BF30E0E700BF441F0020FA890500CF
:1094A0000E8A05001C8A0500456204003D8A0500FD
:1094B0002E60B3882268C3F34513013BDB080133F8
:1094C000DBB284F864309588266FC5F34515013DFD
:1094D000EDB2B8F1000F40F0C080C4F84480002223
:1094E000A26404F14402059204F14802069204F1D8
:1094F00058084246DDE9050107931CF034FE079B3E
:109500006065002F40F0B280E764002204F14C094E
:1095100004F1500A04F1600B5146226548465A4650
:109520001CF021FE0027E0653A4601212046276411
:109530001CF052FE337867F341033370A26D1AB901
:10954000337862F341033370236E1BB9337843F0F1
:1095500002033370F37A0F2DDBB240F28E800135B7
:1095600023F04003AD0843F02003053DDBB2F37266
:10957000338A9BB243EA05239BB23382337843F0AC
:10958000400333702368256F9B88C3F34517013F61
:10959000DB07FFB200F19680626D002A78D0A36DE0
:1095A00023B194F86430022B6ED91368EA789006E0
:1095B000FCD50F2F6ED96B60A26D94F864308AB120
:1095C000013AA265002A6CD1DDE90501626C0793BE
:1095D00008326264A26C013AA26442461CF0C3FDE8
:1095E000079B60652A78910721D4EA78D209FCD0DC
:1095F0000F2F5CD96A68E16D21B1206E10B1022B8A
:109600005CD90A60226E94F86430216D7AB1013A17
:109610002266002A40F0AE80E26C01390832E26432
:1096200021655A46514648461CF09DFDE0650022E2
:109630001346A06C834240F0A48000231946256D98
:10964000A94240F0A5809A42A16D80F0A88000292F
:1096500098D1236E002B95D1A4E0D8F80020626445
:10966000002A3FF43CAFD8F8042039E73A68E264B6
:10967000002A3FF44AAF7A6848E7072D94BF43F0C9
:10968000400323F0600371E70CBF138813788DE764
:1096900013468BE7072F95BFDBB29BB22B71AB80D4
:1096A0008AE7626D002A9DD01A4462659AE7072F07
:1096B00095BF2A79AA88D2B292B29CE70CBF0A80E1
:1096C0000A709FE7EB789A0644D5636D002B41D072
:1096D000A26D002A3ED094F86420022A29D91B6882
:1096E0000F2F2AD96B60A26D94F864307AB1013AD9
:1096F000A265002A28D1DDE90501626C08326264A6
:10970000A26C013AA26442461CF02DFD6065EB7824
:10971000DB098CD0E26D002A89D0236E002B86D025
:109720000F2F1CD96B6894F8641002291ED913609E
:1097300068E70CBF1B881B78D2E7072F95BFDBB209
:109740009BB22B71AB80CEE7626D002ADFD01A444A
:109750006265DCE72B786FF345132B70D7E7072F93
:1097600095BF2B79AB88DBB29BB2DCE70CBF1380D3
:10977000137047E7E26D002A3FF459AF1A44E265DF
:1097800055E7616C01EBC301496801330A4451E7B5
:10979000E06C00EBC10040680131034450E7002950
:1097A0007FF457AFF378C3F340079B07FAD43378BD
:1097B0003A4667F386133946204633701CF00CFD99
:1097C000276404F128000FF0ADFFE2E56FF0850794
:1097D000DFE500BF4FF0E02310B50F499C691A691F
:1097E00008689B690D4902F4803234B993B9034685
:1097F0004AB90A681044C01A10BD002B08BF0346BE
:109800000AB9A342F5D90A6802440A604FF0E0227F
:109810001269EEE70446F3E728B4002024B40020E0
:1098200010220A4B002083F8232044F62062084BC4
:109830001A60084B44F61F6218604FF0E0235A612B
:1098400098611A6942F007021A61704700ED00E062
:1098500028B4002024B40020684620F007018D467B
:1098600019B5FFF7B7FF1149114B0868D3E900425A
:10987000001942F10002C3E9000200230B6044F624
:1098800020630C4AD2E90041001BB0FBF3F04343D4
:109890001B1941F10001C2E9003111F0CBF9EDF7DC
:1098A000E9FCBDE819408546704700BF24B400209C
:1098B000088C0020008C00202DE9F041DFF8F080BA
:1098C00099B1421C0BD14FF0E022136923F0010340
:1098D00013614FF07F43C8F80030BDE8F081D8F83D
:1098E0000060012807DC00270BE0431CD8F800606B
:1098F000F7D140F2453040F246339842A8BF1846AF
:10990000471EEFF31185102383F31288BFF36F8F87
:10991000FFF760FF4FF0E023214C9969D4E9002361
:1099200080184FF0000243F10003C4E900031D4B0F
:109930001A601D4B1A68831A2ED444F6206C0CFB57
:10994000073303F59C431F33B3FBFCF7131A40F2B4
:10995000E2420CFB0733934238BF1346134A93424B
:1099600028BF13464FF0E022C8F80030013B906951
:109970005361002381429361A1EB000338BF9B191F
:10998000D4E900125B1842F10002C4E9003285F309
:109990001188BFF36F8FA0E740F2E243E2E700BF18
:1099A000088C002024B40020008C0020A06EFF0052
:1099B00028B4002038B5EFF31185102383F3128803
:1099C000BFF36F8F084B1C68084B1B68E41AFFF746
:1099D00001FF85F31188BFF36F8F44F620632044A5
:1099E000B0FBF3F038BD00BF088C0020008C0020D5
:1099F00038B5EFF31185102383F31288BFF36F8F0F
:109A0000044B1C68FFF7E6FE85F31188BFF36F8FE8
:109A1000204438BD088C002010B5EFF311841023CA
:109A200083F31288BFF36F8FFFF7D4FE054AD2E9A4
:109A30000031C01841F1000184F31188BFF36F8F2A
:109A400010BD00BF088C0020064B93F826101A6A40
:109A5000054BC2F3026253F82130D340034A13602E
:109A6000704700BF00E00140A8D0012034900020E2
:109A70004AF2035208B5384BA3F8FE230123374AB4
:109A8000A2F80431B2F8040180B20028FAD101230F
:109A9000A2F80031324ADFF8E0C093601360314B26
:109AA000314A3249C3E900C24FF40042C3E90221FE
:109AB0001A612F4A5A61FFF7C7FF0922264B83F824
:109AC000130483F8A22093F880241AB993F8812410
:109AD00091073BD093F8802452B90121C82083F824
:109AE000801400F051F81C4A92F88034012BFBD10D
:109AF0000022194B83F8812483F880240022164B1E
:109B000083F8322093F83C201207FBD543F202126F
:109B10001A850022104883F82A2090F83C309B06D2
:109B2000FBD503220D4B83F81C21124B0362052346
:109B300080F82630FFF788FF012380F8303080F866
:109B400052304FF42543A0F8FE3308BD4FF47A702D
:109B50001CF097FBD2E700BF00E0014000C00140CD
:109B600000700040A8D0012000127A0000366E017B
:109B700000C2EB0B21120120002D3101014B53F8E3
:109B800020007047A8D0012010B4104B104A1B6869
:109B90004843B2FBF3F24FF47A73A0FB03143CB9D1
:109BA000B1FBF2F3980868B15DF8044B1CF06ABB96
:109BB0009200B0FBF2F0A0FB0303002BF3D04FF0B8
:109BC000FF30F1E75DF8044B704700BF3490002090
:109BD00000CA9A3B10B5EFF31081012383F310887C
:109BE0000F4A32F810309BB22BB132F81030013BE3
:109BF0009BB222F8103032F810309BB263B9094A98
:109C0000094CB2F8FE3334F810009BB243F42543FC
:109C100023EA0003A2F8FE3381F3108810BD00BFD1
:109C2000F8D7002000E001403431050030B5EFF3F3
:109C30001084012383F310880D4A32F810309BB250
:109C400063B90C490C4DB1F8FE3335F810509BB296
:109C50002B4343F425439BB2A1F8FE3332F8103076
:109C600001339BB222F8103084F3108830BD00BF5E
:109C7000F8D7002000E0014034310500054BC0302A
:109C800053F820206FF3104243F8202053F820307F
:109C9000704700BF0060004008B50146FFF7EEFFC7
:109CA000BFF35F8F01224B0901F01F018A40024977
:109CB000603341F8232008BD00E100E0090100F114
:109CC000604303F56143C9B283F80013014B43F8C5
:109CD000202070472CB4002001234109034A00F0E2
:109CE0001F00834042F82130704700BF00E100E0D0
:109CF00001220649430900F01F008240203341F849
:109D00002320BFF34F8FBFF36F8F704700E100E058
:109D100038B500250446036A45609D70C36993F910
:109D20000500FFF7E5FFE36993F90B00FFF7E0FF9C
:109D3000E36993F90700FFF7DBFFE36993F9090093
:109D4000FFF7D6FFEFF31081012383F31088E36957
:109D5000064A1C784FF000435068E34003435360C9
:109D6000536881F31088284638BD00BF0040084082
:109D70002DE9F041002640F2F9374FF001080B7849
:109D8000067003F5800303F58C531B0203620B7806
:109D9000C16127FA03F303F001031B0103704B6950
:109DA0000D4643628B690446C0E90A63837868F311
:109DB000010383704B78B34214BF4246022283787A
:109DC00062F30103837091F90B20897A1CF06FFA1A
:109DD000204695F9052029791CF069FA204695F965
:109DE0000720A9791CF063FA204695F90920297A01
:109DF0001CF05DFAEFF3108088F310884FF00041FB
:109E0000584B95F800C05A6821FA0CF122EA010279
:109E10005A605B6880F31088236A9E70236A1E7103
:109E2000236A5E72236A9E72236ADE72236A5E83ED
:109E30002B78DF40FB0742BF4022236ADA740622F8
:109E4000236A1A772278AAB1E369013ADB69216AA9
:109E50001B7A13401B02120392B203F47063134384
:109E600043F0010243F007038B82216A8B8A9BB285
:109E70009A42FBD1EB78AA78DB0043EA02136A78B6
:109E8000032A54D1F22243F04003216ADBB20B7063
:109E9000236AD2B29A71EA690020137B216A082BE7
:109EA0000EBF0A235B0003F002034B7353789178D3
:109EB000DB01490101F02001DBB20B43216A08728A
:109EC000117802390129216A36D8FF2048701278AA
:109ED000022A08BF43F01003226ADBB2D3710026C6
:109EE000C4E90366C4E90566E369EF6993F905000F
:109EF0003D781CF0CCF9E36905F0030593F90B00FC
:109F00001CF0C5F9E36945F0700593F907001CF0F2
:109F1000BEF9E36993F909001CF0B9F9236A3046E8
:109F20009D707B892381104B6360BDE8F081002A1E
:109F30000CBFE222F222A8E7DBB2CB715268236A9F
:109F4000917859705078197860F301011970D178BF
:109F50009974D979127801F0A30102F05C020A43E6
:109F6000DA71BCE700400840554943532DE9F04FF2
:109F70001C46FF23A370237890466FF3820323705F
:109F800080238BB0E3704D4B01914D4A05901B6AC5
:109F90001268C3F302618A40C3F3023322FA03F367
:109FA0000093484B984548DC4FF0000AD346464D95
:109FB000009BA3FB05230893009B07921B0A0493B5
:109FC00000265FFA8AF30693404B9B5DC3F3400281
:109FD000C3F38003039313460292039A1343069A32
:109FE000934220D13A4B33F81690059B03FB09F9B5
:109FF000009BB3FBF9F7B7F5807F14D807FB09F294
:10A000008FB1DDE90701D3170992E6F7A1FF019BA4
:10A01000099A013FABB9A0F5C330A0380028B8BFFA
:10A020004042854242DC01360D2ECDD1BAF1000FFF
:10A0300040D145454FF0010AC2DC00200BB0BDE81D
:10A04000F08F049BB2FBF3F10B06ECD5C9B2484389
:10A0500048BFFF300312A3F5C333A03B002BB8BFAA
:10A060005B429D4219DD8B461D46184BA770995DDA
:10A070002378C1F3000060F386130298C1F3C10195
:10A0800060F30413039860F3C3032370637861F3F0
:10A0900001036370019B002BC5D0237884F803B0C3
:10A0A00043F004032370A2EB0902A9E70546DDF89B
:10A0B00004B0DAE74545C0DD0320BFE700E001401A
:10A0C000349000209F860100A0860100968A05003A
:10A0D0003C3105004FF4964313B5019343680446A1
:10A0E0001A7842B193F911001CF0D1F8636893F922
:10A0F00013001CF0CCF84AF680230A4AA2F88430F8
:10A10000B2F884309BB2802B02D1002002B010BD87
:10A11000019B1BB1019B013B0193F1E74FF4FA70E6
:10A12000F4E700BF00E07F4001460123002030B586
:10A130002C4D81F8340085F816342B4B2C6A1B68A3
:10A14000C4F3026203FA02F2C4F30274E2402C6A1E
:10A15000C4F30264A340E340244CA2423ED9244C01
:10A1600002F5742202F23F22B2FBF4F203F57423EB
:10A1700003F23F23B3FBF4F302F5F0521D4C92B20D
:10A18000A4F8E42043F6B85406225C43B4FBF2F48E
:10A190008C6040F6D8645C43B4FBF2F4CC605C00A5
:10A1A000B4FBF2F40C6154245C43B4FBF2F44C6154
:10A1B000114C5C43B4FBF2F48C6144F250645C4398
:10A1C000B4FBF2F44C620D4C5C43B4FBF2F40C6251
:10A1D0000B4C6343B3FBF2F3CB6130BD4FF4FB7028
:10A1E000FBE700BF00E0014034900020FF083D0085
:10A1F00040420F0000E07F4038AF040080DE0F00D7
:10A20000A0F7030070B541600B7804460D46114E6F
:10A21000E3B14B6802468363CB6803640023C363E6
:10A2200001233376097C95F911001CF039F8982345
:10A2300033752246A97C95F913001CF031F82046AD
:10A24000FFF772FF08B9044B236070BD3376337596
:10A25000F5E700BF00E07F404E45504F0023B1F1CD
:10A26000006F70B5044680F8343010D2BDE87040FD
:10A2700021F40013B3F5803F35BF21F4FF5121F4E1
:10A28000FF4121F01F0121F07F0121F0CDB821F025
:10A290003F0181620263FFF71DFF064648BB63680A
:10A2A0001B78EBB1022384F834300122124BA3F85F
:10A2B000E02032464021204621F0C2F86268034681
:10A2C0001278A2B919224FF4005121F0C1F8236B82
:10A2D00005463BB10028ECD021F0B6F82B4606E04D
:10A2E000666AE2E721F0B0F80346002DF6D1184681
:10A2F00070BD4FF4FA73FAE700E07F4070B5EFF3FA
:10A3000003841349134B0A7C103C64B2100753F8C2
:10A310002460D1F88010D3B214D41A0614D4DB060A
:10A3200014D511F4405F0CBF06250725304621F0F7
:10A3300077F82046FFF7A2FC29463046BDE870407A
:10A340001BF0C6BF0425F1E70525EFE70725EDE77C
:10A3500000E07F402CB4002038B5EFF303801B4BA6
:10A36000103840B253F82040FFF788FC94F834507E
:10A37000012D0CD1236BE3B100220421204621F0F2
:10A3800057F808B32046BDE8384021F049B8022DFF
:10A3900008D1256B6DB12046BDE838400022402130
:10A3A00021F04EB80A4B93F8D430012B14BF02258C
:10A3B000032521F049F8002384F83430294620464B
:10A3C000BDE838401BF084BF38BD00BF2CB400206E
:10A3D00000E07F4010B5044638B30268154B9A423E
:10A3E00025D100230360436893F90200002801DBB4
:10A3F000FFF77EFC636893F90100002801DBFFF79B
:10A4000077FC636893F90300FFF772FC636893F9C4
:10A410000400FFF76DFC0020A26813786FF3861329
:10A420001370A368DA78D87010BD0120FCE707200C
:10A43000FAE700BF495053522DE9F04F044685B06A
:10A44000002800F00981864E0368B34200F0FF80C7
:10A45000002900F001818B69002B00F0FD800B6A60
:10A46000002B00F0F9800B78012B00F2F28091F9BB
:10A470000330002BC0F2F08091F90430002BC0F2C1
:10A48000EB804B7A012B03D18B7A012B40F0E680D5
:10A49000002261608B696362CB69A262E3620B7820
:10A4A00003F5800303F58D531B02A3604F7A002F41
:10A4B00040F0C1804FF0B80C082310204D7BCA7AC1
:10A4C0002D0345EA42058A7A15430A6A92F800E0AC
:10A4D000BEF1000F40F0B480012309788B409B0748
:10A4E00004D0B7FA87F35B0945EAC31592F801E097
:10A4F00025F070054FEA4E1141EA4E012CEACE13C9
:10A500000B4301939178D3789940029111791B0103
:10A5100019B102290CBF3021202192F805C0BCF1ED
:10A52000000F06D0BCF1010F14BF40F0010040F055
:10A53000030092F808C092F806A00CF0030C43EA5E
:10A540008C032B43002F7ED192F809E092F80AC0C9
:10A55000D57A43F46043EFF3108B4FF0010888F392
:10A560001088DFF80091D9F80470039767683F7886
:10A57000C7F1130708FA07F8039F27EA0807C9F885
:10A580000470D9F804708BF31088A768C9B297F8E3
:10A5900003804FF0000887F80380A7689DF80480C7
:10A5A0005FFA8EFE87F80080A7689DF808805FFA42
:10A5B0008CFC87F80180A768EDB2B970A168D279E8
:10A5C000C0B28A72A2689BB282F80CE0A26882F8DC
:10A5D0000DC0A2689573A268D073A268138210227E
:10A5E000A36883F820A0A36883F82120636893F907
:10A5F0000200002803DB224699791BF051FE6368B4
:10A6000093F90100002803DB224659791BF048FE2C
:10A6100063682246197A93F904001BF041FE6368CF
:10A62000224693F90300D979FFF748FB0020266002
:10A6300005B0BDE8F08F4FF0B00C134610463DE773
:10A6400043F0B10C52E70025AC46AE4683E70E203E
:10A65000EEE740F27A50EBE70120E9E70620E7E772
:10A66000495053520040084010B51B4B1A6A1B4B0F
:10A67000C2F302641B68C2F30232A340D340421EFD
:10A680001344B3FBF0F0B0F5805F22D801281DD948
:10A69000B0F5007F16D9B0F5806F15D9B0F5006F11
:10A6A00094BF022203220224431E94402344B3FB9E
:10A6B000F4F3013BDBB248780B7062F301004870A1
:10A6C000002010BD0022EEE70122ECE70022134635
:10A6D000F1E70620F5E700BF00E0014034900020DC
:10A6E00037B5394B01691B6A0193019B03F00F23B6
:10A6F0000193019A019C0B7C90F82C50DBB2A5B918
:10A70000C2F30322A2EB146293409B0813B9082002
:10A7100003B030BD4A78D20905D0013BF6E70023EB
:10A7200080F82C304EE0B323CB710023826980F88F
:10A730002B30C26190F8262080F82D3080F8272039
:10A74000026880F82E3080F8283080F82F300362BD
:10A7500080F83030516A04690A784978012A14BFB8
:10A760000422052242EA4102D2B2E27001690A796A
:10A7700042F010020A7101690A7963F3C3020A7197
:10A7800001690A7963F304120A710269537943F08B
:10A7900001035371036893F90F30002B08DB01228A
:10A7A000590903F01F0302FA03F3084A42F8213063
:10A7B000BF220369DA7190F82C30002BAFD102224E
:10A7C00003695A700020A3E700E0014000E100E0C7
:10A7D0001F2238B503690D461A705F2203690446CB
:10A7E0001A70DF2203691A70036802695B6A1B79B9
:10A7F00043F0E0031374036802695B6ADB7843F09B
:10A80000E0035374036802695B6A9B781B0103F0E1
:10A81000700343F008039370036801695A6A137860
:10A820005278012B14BF0423052343EA4203DBB211
:10A83000CB700368144A5B68934214BF7723F723F5
:10A8400002695371002203699A71B3220369DA71B4
:10A85000697B024695F911001BF022FD2246697BB7
:10A8600095F90F001BF01CFD2246697B95F910003D
:10A870001BF016FD2246697B95F90E001BF010FDBA
:10A880009F2223691A7038BD40420F00F8B5002599
:10A890000A78016002F5800202F51F62120202616D
:10A8A0008A68044642600A7B0272CA6942630A6A85
:10A8B0008563C263EFF3108C012282F310880F4E80
:10A8C0000B787768C3F109039A4027EA02027260A5
:10A8D00073688CF31088FFF77BFF094BC4E90555BB
:10A8E000C4E9075584F82950E36084F82A5084F8B5
:10A8F0002B5084F82C502846F8BD00BF004008407B
:10A900004349495270B50446002501211BF07BFDE7
:10A910002369DD712368E56093F91100FFF7E8F919
:10A92000236893F90E00FFF7E3F9236893F9100009
:10A93000FFF7DEF9236893F90F00FFF7D9F9EFF37A
:10A940001080012383F310882168064A097856682D
:10A95000C1F109018B4033435360536880F3108881
:10A96000284670BD0040084037B51BF006FDFFF7D4
:10A9700085F91BF002FD464B53F8204094F82D302A
:10A980002BBBA369022B9FBF2269137943F04003BD
:10A990001371E369012B0ED12269137943F010037F
:10A9A00013712269137943F0080313712269137933
:10A9B0006FF3041313712369DB7CDBB28DF807306E
:10A9C0009DF80730012384F82D3003B030BDE569D0
:10A9D000002DFAD0032D17D12269137943F04003DB
:10A9E000137123696269D97C236AD154236A0133C4
:10A9F0002362E369013BE361002BE6D121690A7917
:10AA000063F386120A71E0E7022D0ED122691379F1
:10AA100043F0100313712269137943F00803137193
:10AA2000226913796FF30413DAE7012DD9D194F871
:10AA30002A301BB3236893F90F00FFF759F92269F5
:10AA4000D37943F08003D3712269137943F0100363
:10AA50001371226913796FF3C30313712269137998
:10AA60006FF304131371042223695A702269537916
:10AA70006FF30003537184F82C50B2E72269537AC4
:10AA800003F0F7035372082223695A70A9E700BF45
:10AA90002CB4002010B51BF070FCFFF7EFF81BF092
:10AAA0006CFC3E4B53F8204094F82730002B54D0D8
:10AAB00094F826102269032934D194F82830022B07
:10AAC0002AD194F8303003F0FF01002B40D1D37924
:10AAD00061F3C713D371C0232169CA79D20901D0A8
:10AAE000013BFAD1236893F91000FFF7C7F82368F8
:10AAF00093F91030002B09DB01215A0903F01F03E1
:10AB0000994002F16003264A42F823102269D37962
:10AB100043F04003D37117E0BBB1022B18D094F877
:10AB2000243006E0012994F8243002D994F8281042
:10AB300059B1937494F82830013384F8283094F88C
:10AB40002730013B84F8273010BD94F82530F0E71A
:10AB500094F8253043F00103EBE794F82930002BFB
:10AB6000F2D1E269236962B92269D3796FF3C7131D
:10AB7000D371C0232169CA79D209B3D0013BFAD17C
:10AB8000B0E7226A61698A5C9A74236A013323629E
:10AB9000E369013BE361002BD6D1E5E72CB400204B
:10ABA00000E100E038B51BF0E8FB274B53F82040EC
:10ABB00094F8293013B394F82720012A1ED194F871
:10ABC0003030DBB92169CB7943F08003CB710421AC
:10ABD0002369597084F830202269D3796FF3861382
:10ABE000D371C0232269D179490601D5013BFAD13D
:10ABF0001BF0C3FBBDE83840FFF740B8E569002D06
:10AC0000EAD194F82A30ABB1236893F90F00FFF72B
:10AC10006FF82269D37943F08003D371042223694A
:10AC20005A702269537965F300035371012384F844
:10AC30002C30D1E72269537A03F0F70353720822CC
:10AC400023695A70C8E700BF2CB4002038B51BF048
:10AC500094FB2D4B53F820402269537A517ADD063C
:10AC600001F0E0015172D8B203F003020CD5236960
:10AC70005978490600D5DAB10125294684F82B50C8
:10AC800020461BF0C0FB3AE0002AF5D102072CD584
:10AC900094F82B30002B34D1B32294F82910236977
:10ACA000C1F10301C9B2DA7120461BF06FFB16E057
:10ACB0005A785506C2F38011E8D5082284F82B1083
:10ACC0005A7023685B6A1B78012B14BF022203228F
:10ACD0002369DA702269537943F0010353711BF041
:10ACE0004CFBBDE83840FEF7C9BF94F82C30002B70
:10ACF000F5D04307F3D594F82B30002BCCD00121AD
:10AD0000D2E70021BCE700BF2CB40020F7B5012238
:10AD10000B7C0D4602FA03F313F00F0FC3600CBF58
:10AD20001346002341600374097C694B04460B44BD
:10AD30001B0283606B694361AB69C361002383615C
:10AD4000EE69EFF3108782F310884FF00040614AFC
:10AD500095F810C0116920FA0CF021EA0001116188
:10AD6000126987F310884FF42541A26820461160CC
:10AD7000A268D362A268D363A26893642A782B7A0C
:10AD8000032A4FEAC353A26808BF43F480336968BB
:10AD9000D3621BF097FBA368B2690139DA61A3683B
:10ADA000F2694FF0FF3C1A62A3689966A36859667E
:10ADB00000232A78CDE900C3B76B002A40F08180D8
:10ADC0006B685B08013B0093A268009B5365A26817
:10ADD00093652A78032A81BFA268D365A2681366A7
:10ADE000019B1A0642EA0342B36B73B9337823B16D
:10ADF000717828781BF0FDFB0743B3782BB1F1780D
:10AE000028781BF0F6FB47EA00476368DB6993F894
:10AE10003010C80741BF996AA06801F1FF31C164D1
:10AE200093F83010890741BFDB6AA16803F1FF3353
:10AE30000B650023A1688B63A168C1F88830B36BF0
:10AE40003BB996F8213096F820105B0743EA41336E
:10AE50001F4396F83030002B14BF4FF4A0014FF47D
:10AE6000AA01A36819642B78012B04D10023A168DF
:10AE7000CB64A1680B65D4E90231D960A36842F0C4
:10AE800003015F63A36842F001021963A3681A63B8
:10AE9000697C224695F912001BF0A6FB224696F823
:10AEA000221096F924001BF09FFB96F925002246FC
:10AEB00096F823101BF098FB0020074B236003B08B
:10AEC000F0BD012A80D06A46E9681BF009FB7BE7E8
:10AED00090164000004008405450470010B5836869
:10AEE0005B6E01338B608368D86A094BC0F3C35033
:10AEF0001A6A084BC2F302641B6802F00702A340FF
:10AF0000D340C3404B60012300200B7010BD00BF35
:10AF100000E001403490002010B5836804461A68B0
:10AF2000012A08D193F909001BF0B1F9074B4FF43E
:10AF30005D421A8610BD93F905001BF0A8F9A368BD
:10AF400093F906001BF0A3F9014BF0E70010114044
:10AF50000000094010B5836804461B68012B42F2CB
:10AF6000FF230AD10B4A118E0B401386836893F995
:10AF70000900BDE81040FEF7BBBE074A118E0B402A
:10AF80001386836893F90500FEF7B2FEA36893F970
:10AF90000600EEE700101140000009400368012B95
:10AFA00009D00A4A138D03F00F039942FAD1538D49
:10AFB0009B04FCD57047064A138D03F00F0399429A
:10AFC000FAD1538D9904FCD5704700BF00000940A9
:10AFD00000101140036889B2012B0CBF034B044BD6
:10AFE000A3F86410B3F86C0080B2704700101140F1
:10AFF000000009402DE9F74F82682E4C1668034681
:10B00000012E08BFA14604F102042B4808BFA34645
:10B010004FF09804294A18BF024600F1100018BFEB
:10B02000814600F1020018BF83460C20744300FBE8
:10B030000144234D88462819C78827B901202F517C
:10B0400003B0BDE8F08F41F48060A9F80000986873
:10B0500001920093FFF7BEFF8246009B414698682D
:10B06000FFF79CFF57453B4628BF53469BB2019ACA
:10B0700043B12959CDE900131BF0F5FADDE90013BE
:10B08000194429519A4584BF4FF40042ABF800207F
:10B090000022A9F80020B9F8000010F00F00FAD142
:10B0A000982256430C2202FB0866FF1A3544EF80B3
:10B0B000C6E700BF281011401800094018101140C1
:10B0C000ACB500202DE9F84F8068234CD0F8008003
:10B0D000B8F1010F2AD1B4F89E5065B31F4B204A36
:10B0E000B3F85E60DFF884B006F07F06AE42374604
:10B0F00028BF2F466FB14FF0980909FB08F954F8A3
:10B1000009A03B4651461BF0AEFA0AEB070344F890
:10B110000930B7423CBF4FF40043ABF800309823EE
:10B1200003FB0844ED1B0020E5800AE0982303FBA5
:10B130000843DD883DB998230022012003FB08F372
:10B14000E250BDE8F88F074B074AB3F85E60DFF8BE
:10B1500020B006F07F06C9E7ACB500200010114012
:10B160001410114000000940140009402210114041
:10B170002200094003680139012B05D1042907D8B1
:10B18000044800EB81007047042901D80248F8E721
:10B190000020704790101140900009400368012B77
:10B1A00004D139B1054849000844704721B1044829
:10B1B0004900F9E703487047034870476E10114093
:10B1C0006E0009406010114060000940F8B5634A04
:10B1D0000D46634B09680646012908BF1346002146
:10B1E0009822C0E901356B69C360AB6901614361B5
:10B1F00028685C4B02FB00301FF0F1FDB3681A6851
:10B20000594B012A6BD1EFF3108182F310885A68F1
:10B2100022F480525A605B6881F310882F68012FF6
:10B2200066D12B794D4C981E22884342434163F3EB
:10B23000C7122280E38F39469BB223F0010343F00B
:10B240000203E387E38F384643F03003E387FEF7DA
:10B250009BFC23884FF47A716FF3451323803846A3
:10B26000FEF792FCE38F6FF34103E387B4F80231FA
:10B2700043F48043A4F80231E388D907FCD50122C6
:10B28000238843F00103238063889BB243F00F03BC
:10B290006380E38F62F30923E387B36840211A6870
:10B2A000012A43D12D4BB3F85E0061F30600A3F8E9
:10B2B0005E005A87DA862B680021012B4FF45D422D
:10B2C0003DD1264BA3F840101A863246297C95F9C9
:10B2D00009001AF0E5FF254B00203360F8BDEFF3BD
:10B2E0001081012282F310885A6822F4006291E7EB
:10B2F0001B4B1A8842F480621A801A885205FCD5CA
:10B300001A886FF345121A801A886FF386121A8012
:10B310001A8842F001021A800522C3F8F020D3F8FF
:10B3200000246FF30412C3F80024B6E70C4BB3F803
:10B330005E2061F30602A3F85E200122B9E7084B04
:10B34000A3F840101A86297B324695F905001AF0B9
:10B35000A7FF3246697B95F90600BAE70010114055
:10B3600000000940ACB5002000400840444253555D
:10B3700010B50446FFF7EEFDA36880211B78012B72
:10B380004FF0000351D14A4A1381A2F86010A2F88D
:10B390007030A2F87230A2F87430A2F87630A2F8B9
:10B3A0007830A2F87A30A2F87C30A2F87E30A2F889
:10B3B0008030D3861387538713865386A2F846308E
:10B3C000A2F84830A2F84A30118821F0100109048F
:10B3D000090C1180118821F001010904090C118068
:10B3E000118821F020010904090C1180118821F035
:10B3F00040010904090C1180A2F80231012108461C
:10B40000FEF7C2FBA3681A682A4B012A47D1EFF363
:10B41000108182F310885A6842F480525A605B6847
:10B4200081F310880020206010BD234A1381A2F808
:10B430006010A2F87030A2F87230A2F87430A2F84E
:10B440007630A2F87830A2F87A30A2F87C30A2F8F0
:10B450007E30A2F88030D3861387538713865386B5
:10B46000A2F84630A2F84830A2F84A30138823F0F8
:10B4700010031B041B0C1380138823F020031B04F0
:10B480001B0C1380138823F040031B041B0C138038
:10B49000138823F001031B041B0C1380AEE7EFF3AA
:10B4A0001081012282F310885A6842F40062B5E7E5
:10B4B00000101140004008400000094083681B68EC
:10B4C000012B0AD1084B1A8842F480721A801A881C
:10B4D00042F010021A8000207047044A138843F09B
:10B4E00010031380F7E700BF00101140000009406F
:10B4F000836800201B68012B0CBF034B034B1A8889
:10B500006FF304121A8070470010114000000940C8
:10B510002DE9F3474FF00C0CCF7804468946887824
:10B520009821434A434B07F00307CDE9002302ABC0
:10B5300003EB470313F8085C13F8076C3E4AAE426E
:10B540000BDBA3681B684B430CFB0633134493F8D7
:10B5500008E0BEF1000F05D136B940F2DD5002B06F
:10B56000BDE8F087013EEAE71872A36800F07F0AA1
:10B570001B684FFA80F84B43C00903EB00131A44D1
:10B5800052440501204682F87860FFF7E3FCA36887
:10B59000B1B21B68012B05BF47F60843274A284A6A
:10B5A000A2F86A30A2F86410A36831461B79022B16
:10B5B000B9F804300CBFC3F30A03C3F30803A2F8BD
:10B5C0006C30A068FFF7EAFD4FF44073038000235E
:10B5D000022F038045EA0A0323D143F48543012265
:10B5E000A168B240096892B201290CBF13491449FD
:10B5F00082F47F7585F00305A1F86830A1F8465004
:10B60000CB8EB8F1000F9BB243EA0203CB8601DB7D
:10B61000022F01D0012303802046FFF77DFC00208C
:10B620009DE7032F0CBF43F4004343F44243D6E7A6
:10B630000000010201050609ACB500200010114010
:10B64000000009402DE9F843982306468068CA099E
:10B65000D0F80080170103FB08F303EB021301226B
:10B66000174C01F07F0523442B4493F8789049460A
:10B67000FFF794FD02FA09F2D243B8F1010F0CBFB3
:10B68000104B114B92B2D98E0A40DA86002202800A
:10B69000A3F86490A3F8682098220C210020B368D6
:10B6A0001B68534301FB093121440872B3681B68CE
:10B6B00002FB03773C442C4484F87800BDE8F8830F
:10B6C000ACB5002000101140000009408368002044
:10B6D0001B68012B0CBF034A034A138943F4807390
:10B6E0001381704700101140000009402DE9F0411E
:10B6F0000546884616461C46FFF72CFCAA6818F03B
:10B700007F005F4B12684FFA88FC6AD04FF09808B0
:10B71000012A5C4908FB02F25B4F18BF0F4601F19A
:10B720000201DFF870E118BF8E464FEADC7102EBD0
:10B7300001111944014491F87880B8F1000F00F02C
:10B740009B800C2101FB0822BCF1000F03EB0201DE
:10B750009E508C80CC801BDA54B141462846FFF7BE
:10B7600049FC00242846FFF7D7FB2046BDE8F081BE
:10B77000A7F80080BEF800301A0444BF4FF400431D
:10B78000AEF8003000233B803B881B07FCD1E8E784
:10B79000AE6841463046FFF7EDFC02460028E0D097
:10B7A00041463046FFF716FC41460646A868FFF7BB
:10B7B000F5FC018834448F0718BF002104F1FF34E1
:10B7C00094FBF6F418BF01801188A4B241F4807193
:10B7D00011805480118841F400711180012202808F
:10B7E000BFE72A4FDFF8B0E0012A294918BF3946E0
:10B7F00007F1400708BF77464FF0980E0EFB02F2A4
:10B800004FEADC7C02EB0C121A44B8F1800F92F87C
:10B8100078C017D14FF484620A800A889006FCD55C
:10B82000AA680C20116898224A4300FB0C22981841
:10B830008480C480BCB128469E50FFF743FC01239E
:10B840003B808EE708800A889206FCD4AA680C2008
:10B85000116898224A4300FB0C2298188480C48007
:10B860000CB19E50EBE7982251430C2202FB0C11C5
:10B8700000225A500523E3E74FF4BC6472E700BF8F
:10B88000ACB50020280009402810114020000940D4
:10B89000201011402A1011406010114070B505466B
:10B8A0000C46FFF757FB9820AA68E109136804F0DB
:10B8B0007F04434303EB0111284B0B44234493F8CB
:10B8C0007860002E44D031461046FFF753FC3146D5
:10B8D00004461046FFF762FC038802469B071CBF24
:10B8E000002303800123B340DB43A9689BB20968AE
:10B8F00001290CBF1A491B49C88E1840C886088FF9
:10B9000018400887488F03404B87238823F400732F
:10B910001B041B0C238023889BB243F48073238079
:10B920000B8D03F00F039E4202BF0B8D6FF30303D9
:10B930000B8513889BB243F400731380138823F4A0
:10B9400000731B041B0C1380138803F40053138033
:10B950002846FFF7E1FA002070BD00BFACB500201B
:10B96000001011400000094038B505460C46FFF7AD
:10B97000F1FA9821A868E209036804F07F044B43B8
:10B9800003EB0212094B1344234493F87810FFF79A
:10B9900005FC038803F0030343F002030380022342
:10B9A00003802846FFF7B8FA002038BDACB5002068
:10B9B00070B505460C46FFF7CDFA9821A868E20954
:10B9C000036866B24B4303EB0212174B04F07F048B
:10B9D0001344234493F878201146FFF7DFFB4FF41C
:10B9E0008073002E038002DA012303800DE0AB6830
:10B9F000196801290ED10D4BA3F86420B3F8683003
:10BA0000C3F38133012B00D001802846FFF784FA6D
:10BA1000002070BD064BA3F86420B3F86830C3F370
:10BA20008133012BE0D1F0E7ACB5002000101140CC
:10BA3000000009402DE9F04F89B0EFF30383103B7C
:10BA40005BB20193019A9F4B53F82240A3681B6895
:10BA5000012B0CBF9C4A9D4A9D4BB2F84050ADB2A1
:10BA60002B4083F47F4383F0FF0343F00803A2F8E5
:10BA700040302A040AD515F0800F0CBF032302239F
:10BA8000204605A98DF814301AF0C4FD6B0414D5B6
:10BA900000230622CDE9053307938DF81420A26810
:10BAA00020461268012A0CBF874A884A118E63F328
:10BAB0004D31118605A91AF0ADFDAF0417D500234D
:10BAC0000422CDE9053307938DF81420A26812688B
:10BAD000012A0CBF7C4A7D4A118E8E0407D5118E37
:10BAE000204663F34D31118605A91AF093FDE80451
:10BAF00008D505F07003202B00F0378176D8102B85
:10BB000000F08F80A90509D5A3681B68012B4FF0B1
:10BB100000030CBF6C4A6D4AA2F848302A0535D59F
:10BB2000EB0740F13B81A3686A4E1A686A4B012A11
:10BB300018BF1E46694903F5002303F6E27318BFD8
:10BB40000B4631880F0721D54FF480411980072318
:10BB5000012A8DF814300CBF5B4B5C4B2046B3F8C8
:10BB6000542005A9ADF81820B3F85620ADF81A20D6
:10BB7000B3F85820ADF81C20B3F85A309BB2ADF89A
:10BB80001E301AF047FD4FF6F77333806E0524D54B
:10BB90000021A3681B68012B0CBF4B4A4B4AB2F82B
:10BBA0004A30A2F84A109BB2D80716D52046FFF7B4
:10BBB00089FA90B1A36898211A6808238DF8143087
:10BBC0004FF40043ADF81830454B204601FB0233DB
:10BBD0009B8805A907931AF01DFDE90500F1FA807D
:10BBE000019809B0BDE8F04FFEF748B8602B04D0CB
:10BBF00015D805F06003402B84D10023CDE905332F
:10BC0000079305238DF81430A3681B68012B0CBF24
:10BC10002D4A2E4A138E43F4005313864CE0702BAA
:10BC2000EAE7A3681B68012B60D1274A5387D386B4
:10BC30004FF48043538400231385138D13F00F03B7
:10BC4000FBD19385118D11F00F01FBD101234FF42E
:10BC5000007C4FF48077234E23481FFA83FEA2F81E
:10BC600064E0A2F8681020F813C020F8131026F83A
:10BC700023700133062BF0D100214FF400769FB2E0
:10BC8000A2F86470A2F8681020F8136020F813106E
:10BC900001330A2BF3D1138903F00703013B9AB256
:10BCA000022A60D903230022CDE90522079201224E
:10BCB0008DF818308DF81420204605A91AF0AAFC3A
:10BCC00020E700BF2CB40020001011400000094004
:10BCD00000F8FFFF401011404000094022000940D9
:10BCE000ACB500208C1011406E1011400122BF4BEA
:10BCF0005A87DA864FF480425A8400221A851A8DB8
:10BD000012F00F02FBD19A851A8D12F00F02FBD1AF
:10BD1000012396464FF4007C4FF48077B44EB5492A
:10BD2000B2481FFA83F8A0F86480A0F868E021F810
:10BD300013C021F8132026F823700133062BF0D10D
:10BD400000204FF400760746A84A1FFA83FCA2F8A9
:10BD500064C0A2F8687021F8136021F81300013361
:10BD60000A2BF2D197E7DBB29DE7A3681B68012B92
:10BD70000CBFA14B9D4BB3F8503003F07F03002B59
:10BD80003FF4C0AE0722ADF81A308DF8142000231E
:10BD90004FF4A0620793ADF818208DE715F0070265
:10BDA0007FF4F4AEA36895491868954B8DF8182078
:10BDB000012808BF0B4608211B888DF81410C3F317
:10BDC0004013DB01204605A98DF8193007921AF0BF
:10BDD00021FCDBE6A3681B68012B0CBF864B834B61
:10BDE000DA8EB3F84670BFB21740FA4392B2A3F8A6
:10BDF0004620002F3FF4F4AE97FAA7F8A368B8FAEC
:10BE000088F81D6898230C216B4301FB08317D4E97
:10BE1000314491F90820002A1EDA41462046FFF7F6
:10BE2000E9F8002800F08C8008238DF814300023F6
:10BE30008DF8183098235D430C2303FB08552E44DE
:10BE4000337AF2888DF81930B38820469B1A05A9F9
:10BE500007931AF0DFFB73E0B8F1000F76D06A4B5E
:10BE6000012D6A486A4A08BF1A46A3F5002308BF95
:10BE70008246A3F57F6300F1020018BF9A4603F1E2
:10BE8000020308BF034602931FFA88F3B1F806B015
:10BE9000AAF800304146A0680392FFF79BF841469C
:10BEA0008146A068FFF77AF8012D0CBF524B4F4B2B
:10BEB000CB45598D5B4628BF4B46C1F30B019BB266
:10BEC0008B4228BF0B4698210C20694300FB0811C8
:10BED000039A715883B1084601EB030C92F800E015
:10BEE00000F801EB8445F9D198220C206A4300FB4D
:10BEF0000822444840F802C0994582BF4FF480426E
:10BF0000029802800022AAF80020BAF80020120746
:10BF1000FBD198220C206A4300FB0822ABEB030CF8
:10BF200032449945A2F806C001D89B4508D1982310
:10BF300000226B4300FB0833F25000297FF474AFFA
:10BF4000012303FA08F327EA030752E7012D36D04D
:10BF50003344D888254BDFF8BCC0B3F85E20598C39
:10BF6000DFF8B4E002F07F02C1F30B018242134616
:10BF700028BF03468B4228BF0B4683B198216943F3
:10BF8000715801EB03099EF800A001F801AB494587
:10BF9000F9D14FF0980E0EFB05FE46F80E10C11AAF
:10BFA0009A4289B24FF0980218D802FB0562984273
:10BFB000D180C5D1982300226B43F25034E70E4B59
:10BFC000B6F89E00B3F85E20598CDFF850C0DFF859
:10BFD00050E002F07F02C1F30B01C7E74FF480434A
:10BFE00002FB0562ACF80030D180E3E700000940B5
:10BFF0008C0009406E0009400010114020101140D3
:10C0000020000940ACB50020181011402810114044
:10C010001800094022000940140009402210114074
:10C020001410114007B5054B01A8DB6A03F00F039C
:10C03000019300F0A5FE03B05DF804FB00000E4084
:10C0400008B50D4B9A686FF3DF729A6000F07AF9C9
:10C0500000F086F978B94FF6FF72084BC3F8D42187
:10C06000FFF7E0FF38B900F039FE00F06FFABDE8E5
:10C07000084001F0A3B908BD004008400010164078
:10C0800008B500F0C1FD024B002818BF184608BDD6
:10C0900002000100682310B5074CC4F80431074BB7
:10C0A000C4F8E030D4F80431002BFBDA00681AF051
:10C0B000EFFAC4F8000110BD001016400000018026
:10C0C00010B5074B074CC4F838310023C4F8F030E2
:10C0D0004FF0805363611AF0DBFAC4F80C0110BD15
:10C0E0006A8097F500101640054B064AC3F83821C0
:10C0F0000022C3F8F0204FF00112C3F80C21704762
:10C10000001016406A8097F538B50546FFF7ECFF3A
:10C1100001230A4C2846A3621AF0BAFA43F2080334
:10C12000E063636143F2180363610023C4F8D03114
:10C13000C4F8D0312368002BFCDB38BD001016405A
:10C1400038B50546FFF7D0FF01230B4C2846C4F84D
:10C1500080301AF09DFA43F20803C4F88C00636142
:10C1600043F2180363610023C4F8D031C4F8D0311E
:10C170002368002BFCDB38BD0010164038B50D4697
:10C180001AF086FA054C606128461AF081FA0023FD
:10C190006061C4F8D031C4F8D03138BD0010164009
:10C1A000F8B50F4616461D460F4C104BC4F8C43068
:10C1B000D4F80431002BFBDA1AF06AFAC4F8000153
:10C1C00038461AF065FAC4F8000130461AF060FAF1
:10C1D000C4F8000128461AF05BFAC4F80001D4F84C
:10C1E000C830DB03FBD4F8BD001016408D3A0F00B9
:10C1F000F8B50F4616461D460F4C104BC4F8C43018
:10C20000D4F80431002BFBDA1AF042FAC4F800012A
:10C2100038461AF03DFAC4F8000130461AF038FAF0
:10C22000C4F8000128461AF033FAC4F80001D4F823
:10C23000C8309B03FBD4F8BD001016408D3A0E00A9
:10C24000F8B50F4616461D460D4C0E4BC4F8C430CB
:10C25000D4F80431002BFBDA1AF01AFAC4F8000102
:10C2600038461AF015FAC4F8000130461AF010FAF0
:10C27000C4F8000128461AF00BFAC4F80001F8BD12
:10C28000001016408D3A0D0038B540F25223274C6D
:10C29000C4F80431264BC4F8C430D4F80431002B60
:10C2A000FBDA00201AF0F4F9224DC4F80001C4F8BA
:10C2B000C450D4F80431002BFBDA00201AF0E8F95E
:10C2C000C4F80001C4F8C450D4F80431002BFBDAE0
:10C2D00000201AF0DDF9184BC4F80001C4F8C4308E
:10C2E00042F21323236023689A01FCD44FF4C05315
:10C2F000E3615223C4F80431104BC4F8C430D4F8BD
:10C300000431002BFBDA00201AF0C2F90C4BC4F800
:10C310000001C4F8C43042F21323236023689B0158
:10C32000FCD44FF4C053E36138BD00BF0010164089
:10C3300074370001F4370001050806004436070190
:10C3400005080B000022054BC3F83821C3F8D021A3
:10C35000C3F8D021C3F8D021704700BF00101640A9
:10C360002DE9F04701F044FC614C624B40F2017250
:10C37000C4F838310023C4F8F03001236360C4F8F6
:10C380000C21D4F8BC5115F01F0540F0AD80C4F865
:10C390008030A362E367636E1905C3F3C02AFAD441
:10C3A00008236366544B40F25239C4F884304FF48A
:10C3B0007063C4F83C3148F202035048C4F8883036
:10C3C000C4F804911AF064F906464D481AF060F971
:10C3D00007464C481AF05CF980464B481AF058F969
:10C3E0004246034639463046FFF702FF474BC4F842
:10C3F00088A0C4F80491C4F8C430D4F80431002BE8
:10C40000FBDA434B4348C4F80031A3F18353A3F54F
:10C41000D413A3F5CD53C4F800313F4BC4F8003119
:10C4200003F15B4303F52B1303F6BD13C4F800318E
:10C430001AF02EF9064639481AF02AF90746384804
:10C440001AF026F9804637481AF022F94246034688
:10C4500039463046FFF7CCFE33481AF019F9064644
:10C4600032481AF015F9074631481AF011F980469A
:10C4700030481AF00DF94246034639463046FFF778
:10C480008FFE41F2010363600023C4F8D031A36939
:10C490009A0406D42023284DC4F8BC312846BDE8B0
:10C4A000F0874FF6FF73A3604FF408732348C4F876
:10C4B0003C311AF0EDF8064621481AF0E9F8074633
:10C4C00020481AF0E5F880461F481AF0E1F8424685
:10C4D000034639463046FFF7B3FE4023C4F8BC316B
:10C4E000A369DB04FCD4D9E74FF00115D6E700BF00
:10C4F000001016406A8097F501010100D8A5A2E15D
:10C5000028541A82C37A777C901215FD0D3A0F00D9
:10C510005965D69E80CEE6F4D3D1F5D20F3B77395C
:10C520008F7F22864000812BA590553E5374FA964A
:10C53000193A210EEC8A4912020001009195CB6252
:10C54000926C557237C9CA458FBE31842DE9F041CE
:10C55000C04CD4F8BC3113F01F0340F0F68240F217
:10C560000222C4F88420C4F808315223C4F80431EC
:10C57000B94BC4F8C430D4F80431002BFBDAB74807
:10C580001AF086F85223C4F80001C4F80431B44B01
:10C59000C4F8C430D4F80431002BFBDA00201AF0C0
:10C5A00077F8B04BC4F80001C4F8EC300323C4F8AA
:10C5B000EC30AD4BC4F8EC3040F62103C4F8EC305D
:10C5C0008023C4F8EC30636E1805FCD4082363663E
:10C5D000636E1905FCD442F20803636640F66303F8
:10C5E000C4F8EC3040F68403C4F8EC3040F6A50300
:10C5F000C4F8EC304BF2C043C4F8EC301323C4F859
:10C60000EC304BF2E043C4F8EC304FF45273C4F812
:10C61000EC304FF43543C4F8EC30B7232025DFF875
:10C62000D482924FC4F8EC30914B4046914A9249E3
:10C63000FFF7B6FD47F60143C4F8EC304FF4C003F2
:10C64000E3610023C4F8D031E369B3F1807F80F067
:10C65000F080636E1A05FCD4884B894A6366894969
:10C66000894B8A48FFF7C4FD894BC4F8C43003F1F5
:10C670007C5303F2A3532360636E1805FCD44FF47C
:10C680009053E36123685900C3F38072FAD4012305
:10C690002360C4F8C420636E1A05FCD47D4B636626
:10C6A0004FF40063C4F8EC307B4BC4F8E03048F240
:10C6B0004343236023689B01FCD44FF4C053E361E0
:10C6C00043F6A003C4F8EC3043F20543C4F8EC3061
:10C6D00042F60403C4F8EC3003F150536F4E03F5F7
:10C6E00000130433C4F8EC70C4F8EC60C4F8EC3008
:10C6F00043F28543C4F8EC60694AC4F8EC306949F8
:10C70000694B6A48FFF774FD013D8DD14BF2E04360
:10C71000C4F8EC304FF43563C4F8EC3040F6420313
:10C72000C4F8EC3040F6C603C4F8EC304BF280435A
:10C73000C4F8EC300423C4F8EC304BF2A043C4F846
:10C74000EC30022310254FF411514FF4335042F2D4
:10C750008542C4F8EC30564B013DC4F8EC30C4F8C7
:10C76000EC70C4F8EC60C4F8EC10C4F8EC00C4F849
:10C77000EC20F1D142F62042C4F8EC204D4A4FF4AF
:10C780001811C4F8EC204FF40052C4F8EC208022B9
:10C79000C4F8E020E16101F5D111E1614BF2E04123
:10C7A000C4F8EC1033214FF03C0CC4F8EC104BF201
:10C7B0008041C4F8EC10C4F8ECC0C4F8EC30C4F804
:10C7C000EC70C4F8EC60C4F8EC00C4F8EC103E2146
:10C7D000C4F8EC10C4F8EC30374BC4F8EC70C4F873
:10C7E000EC60C4F8EC304FF42603C4F8EC50334945
:10C7F000C4F8E0203248E361324A334BFFF7D0FC03
:10C800004FF48003E361C4F8D051E3695E0240F164
:10C8100084802E4B2E4A2F492F48FFF711FD4023CD
:10C82000C4F8BC31A369DD04FCD42C4D2846BDE816
:10C83000F081E36903F07F43B3F1807F5CD1636EE5
:10C840001B05FCD4264B274A63662749274B2848FB
:10C8500008E700BF001016408C3B090056BAC7011C
:10C860000408070020A8003020000100E028203440
:10C870007B77B4BD5E434C2A7C3C5D901C902000CD
:10C8800089DB24A2FC2C6934FB8D26080485D64E56
:10C890005E1E004108B0100000009080665000103D
:10C8A000891F0D3E376423714BDFD258A43E3BCA2B
:10C8B000043800014088003860880038F9451223A8
:10C8C0009BD6D425DA7BA752C85B7EBAD17C648123
:10C8D000CA5815C57943083E7087947D040001004D
:10C8E0001E90200055911E95EA6E508A4774BB1524
:10C8F00007D9E67D64E2716CE36903F07F43B3F12D
:10C90000007F7FF4B1AE636E1E05FCD4904B914A5C
:10C9100063669149914B9248A4E64BF2C073C4F808
:10C92000EC304FF4F873C4F8EC304BF2E073C4F819
:10C93000EC308C4BC4F8EC3043F6FE73C4F8EC30AA
:10C94000636E1805FCD41C2363665223C4F80431BB
:10C95000854BC4F8C430D4F80431002BFBDA002036
:10C9600019F096FE814BC4F80001C4F8E03048F29B
:10C970001323236023689901FCD44FF4C053E3616F
:10C9800003F1824303F2DD63C4F8C43042F213437F
:10C99000236023689A01FCD44FF4C053E361744CC4
:10C9A000636EC3F3C0221B05FAD4724B6266C4F8EF
:10C9B000E03048F21323236023689F01FCD44FF436
:10C9C000C0536D4AE3616D496D4B6E48FFF7E8FB5C
:10C9D0005223C4F804316C4BC4F8C430D4F8043189
:10C9E000002BFBDA002019F053FE40F25233C4F85A
:10C9F0000001C4F80431654BC4F8C430D4F80431E4
:10CA0000002BFBDA002019F043FEC4F800010020DF
:10CA100019F03EFEC4F80001002019F039FEC4F8F8
:10CA20000001012019F034FE594BC4F80001594AA5
:10CA300059495A48FFF7B4FB4FF48073C4F8D0301B
:10CA4000574BC4F8C430574BC4F8E03042F62303C8
:10CA5000236023689E01FCD44FF4C053E361524B22
:10CA6000C4F8C43042F21323236023689801FCD435
:10CA70004FF4C053E361454BC4F8C43042F2132372
:10CA8000236023689901FCD44FF4C053474A4849B6
:10CA90004848E361484BFFF783FBFFF7F5FB474B43
:10CAA000474A48494848FFF77BFB5223C4F8043102
:10CAB000464BC4F8C430D4F80431002BFBDA002014
:10CAC00019F0E6FD424B434A4349C4F8000143488C
:10CAD000FFF766FBFFF7D8FB414B424A4249434808
:10CAE000FFF75EFB5223C4F80431414BC4F8C43055
:10CAF000D4F80431002BFBDA002019F0C9FD40F214
:10CB00001223C4F80001636063685A00FCD5D4F8AE
:10CB10000021384B38491A65D4F8002137485A6546
:10CB2000D4F800219A65D4F80021DA6540F2022396
:10CB3000334AC4F83C31334BFFF782FB4023C4F83F
:10CB4000BC31A369DB04FCD470E64FF001156DE63F
:10CB50001D902000EFD532134A403AB8CE7C829423
:10CB60000DDA126F72C9242EC40C0001000004807B
:10CB7000001016408000048092A447F561BAD5E603
:10CB800006F61B4078FB0B8D04080B000508070018
:10CB90005EF695DCF5A7F5D6AFE82E24F356FCBF7C
:10CBA000F7B700010000088105080B00FEE8081E29
:10CBB000C203148BEF5BDE487CA8A7A1CD897DBEA4
:10CBC000880F1BF7AD74B1BA9E77B53C040C0D010C
:10CBD0005E721D43926AFB55DDE47922AB7AAD9516
:10CBE000DF2BA13867F86A7301B60677852E787057
:10CBF000840C0001DCB60020F05EB99AE16FFE758E
:10CC000001C859EC3A69CB8470B5264C0646D4F875
:10CC1000BC5115F01F0542D142F20203224AC4F86A
:10CC200084302249224B2348C4F80851FFF7B8FA50
:10CC3000FFF72AFB5223C4F804311F4BC4F8C43059
:10CC4000D4F80431002BFBDA002019F021FD1B4B36
:10CC5000C4F800011A4A1B491B48FFF7A1FA40F229
:10CC60001323636063685A00FCD5D4F80031174A77
:10CC70003360D4F8003116497360D4F80031154898
:10CC8000B360D4F80031F360134BFFF7D9FA4023B7
:10CC9000C4F8BC31A369DB04FCD4284670BD4FF056
:10CCA0000115FAE700101640D5C5B7135B494BD5FF
:10CCB00028C2A0F9956A56CC840C0001F48346EF93
:10CCC000774DA05DE56F144D4A110AF9C7FFDFB635
:10CCD000AE374C97FE3BF25CEE025EB038B5214CAD
:10CCE000D4F8BC5115F01F0539D142F20163C4F8E4
:10CCF00084301D4BC4F80851C4F8843040F60173E9
:10CD00001A4AC4F83C31C4F88420C4F83C314BF2D0
:10CD1000C073C4F8EC304FF4F873C4F8EC304BF245
:10CD2000E073C4F8EC3043F6FE73C4F8EC50C4F87A
:10CD3000EC304FF00113C4F8843040F202230C4A67
:10CD4000C4F83C310B490C4B0C48FFF779FA4023EF
:10CD5000C4F8BC31A369DB04FCD4284638BD4FF0CD
:10CD60000115FAE70010164002000100030001005F
:10CD7000CDAF116C3938C3705844543AC32C155E8A
:10CD800070B5544C0646D4F8BC5115F01F0540F060
:10CD90000A8344F20103C4F88430C4F80851FFF751
:10CDA00079F94BF22043C4F8EC300923C4F8EC3095
:10CDB000494BC4F8EC30494BC4F8EC304FF4F8431D
:10CDC000C4F8EC30464BE36133683BBB4FF43803A7
:10CDD000444AE3614449454B4548FFF709FA454B4E
:10CDE0004549464A4648FFF7DBF94FF48003E361C3
:10CDF0000023C4F8D031E369590240F1D580414B9A
:10CE0000414A42494248FFF71BFA4023C4F8BC316B
:10CE1000A369DA04FCD43F4D284670BD013B072BC3
:10CE20004AD8DFE803F0040C141C243139414FF4D4
:10CE30003003394AE3613949394B3A48CDE74FF479
:10CE40003103394AE3613949394B3A48C5E74FF470
:10CE50003203394AE3613949394B3A48BDE74FF467
:10CE60003303394AE3613949394B3A48B5E74FF45E
:10CE70003403E36103F1725303F58933364A3749CA
:10CE8000374803F5D273A8E74FF43503354AE36119
:10CE90003549364B3648A0E74FF43603354AE3614F
:10CEA0003549364B364898E74FF43703354AE36146
:10CEB0003549364B364890E7364B374AC4F8EC30A4
:10CEC0008023C4F8E0304FF426033449E36134484A
:10CED000344B82E700101640012820340134002032
:10CEE00000206000F0524502F06AB866ACB68B696B
:10CEF0002052F68DBE1BF578B7ECCA3C07A822A6D7
:10CF0000892B9EC4862212D5831A43EBFDDEDEB840
:10CF1000C911380C02000100457B98A8AA739FCF65
:10CF20000C9F0101294F4775167C1EAD8DBFA1DBFB
:10CF3000BA9B94F4137EFE37E2AF48DB42FB2841F4
:10CF4000754A079915E4F7CA4FEEFC3121757894BC
:10CF5000BD464D86A6F4F85750EF8BFC54D627C932
:10CF6000FDD66BB12903C624E7CA0827CEF0A1D6A7
:10CF7000125C6E08436079AF8738ECE5D7AA70F889
:10CF80008964586487D7DD2D108FDA61DED7860972
:10CF9000C6B718DD000C003829D12E17FA63F263EA
:10CFA0004A7C5D850FA28F7C40F25233C4F8043175
:10CFB000BD4BC4F8C430D4F80431002BFBDABB48B5
:10CFC00019F066FBC4F80001B94819F061FBC4F818
:10CFD0000001B84819F05CFBC4F80001B64819F02C
:10CFE00057FBB64EC4F80001B54BB64AB649B74830
:10CFF000FFF7D6F8C4F8C460D4F80431002BFBDA8C
:10D00000002019F045FBB24BC4F80001C4F8C4304D
:10D01000D4F80431002BFBDAAE4819F039FBAE4BE3
:10D02000C4F80001AD4AAE49AE48FFF7B9F8C4F8FC
:10D03000C460D4F80431002BFBDA002019F028FB7F
:10D04000A94BC4F80001C4F8C430D4F80431002B53
:10D05000FBDAA64819F01CFB40F25233C4F8000179
:10D06000C4F80431904BC4F8C430D4F80431002B18
:10D07000FBDA9F4819F00CFBC4F800019D4819F039
:10D0800007FBC4F800019C4819F002FBC4F800013A
:10D090009A4819F0FDFA9A4BC4F80001994A9A4946
:10D0A0009A48FFF77DF89A4BC4F8D030994BC4F8F2
:10D0B000C4304FF00043C4F8E83042F213632360F9
:10D0C00023689B01FCD44FF4C053E3614FF08043CD
:10D0D000C4F8D030904BC4F8C430904BC4F8E8305A
:10D0E00042F21363236023689801FCD44FF4C053C9
:10D0F000E3618B4BC4F8A43041F21323236023680F
:10D100009901FCD44FF4C053864AE3618649874BAA
:10D110008748FFF745F8874BC4F8A43041F2132342
:10D12000236023689A01FCD44FF4C053E3614BF2AF
:10D130002043C4F8EC304FF4D873C4F8EC3043F615
:10D140000143C4F8EC304FF08043C4F8D03048F2CB
:10D15000B573C4F8C430784BC4F8E83042F21363B6
:10D16000236023689B01FCD44FF4C053E361734BED
:10D17000C4F8C43042F21323236023689801FCD41E
:10D180004FF4C053E36140F25123C4F804314FF02F
:10D190008043C4F8B0306A4BC4F8A430D4F80431EA
:10D1A000002BFBDA002019F073FA4FF08043C4F82B
:10D1B0000001C4F8B03048F68463C4F8A430D4F851
:10D1C0000431002BFBDA5F4819F062FA4FF080431C
:10D1D000C4F80001C4F8B03048F68463C4F8A43041
:10D1E000594CD4F80431002BFBDA584819F050FAA6
:10D1F0004BF22043C4F80001C4F8EC304FF4E8735C
:10D20000C4F8EC30524BC4F8E03048F223132360EA
:10D2100023689901FCD44FF4C0534E4AE3614E4950
:10D220004E4B4F48FEF7BCFFC4F8C460D4F804313D
:10D23000002BFBDA002019F02BFA4A4BC4F800014E
:10D24000C4F8C430D4F80431002BFBDA464819F096
:10D250001FFA464BC4F80001C4F8C430D4F80431B6
:10D26000002BFBDA002019F013FA40F69C63C4F897
:10D270000001C4F8C430D4F80431002BFBDA3C4878
:10D2800019F006FA4BF22043C4F80001C4F8EC3060
:10D290004FF4E073C4F8EC30364BC4F8E03048F299
:10D2A0001323236068E000BF0D3A0F00FFDB2F7EE1
:10D2B000494EE3D4474A0486FB77EA780C3A442087
:10D2C000EAD2C5A7B37974C78E4675B797EA225AD2
:10D2D0001C3E08205D72EA0107BB10FEC8195E60A3
:10D2E00011D39DCE6BFCCFFB1C3E09205D72EA0280
:10D2F000D2F0011262D5C19F25FC024F19FF606B6D
:10D30000BC8988CFBFD5E2F3F4B6EC545C965DBA25
:10D3100000010040B587F002B587F00004000080EE
:10D3200005080800A3A98664751B0B882A49F09C90
:10D330006E171EAE0508090008000080450C80002D
:10D34000048A440095E29E010010164095E29E0278
:10D35000010088808BD5DC8C43D779895238CAABE1
:10D36000C0CD79F71C3E0C2038DB52010C0A44007A
:10D370000E37F7010100848023689A01FCD44FF432
:10D38000C053E36140F21123084AC4F83C31084914
:10D39000084B0948FEF754FF4023C4F8BC31A36989
:10D3A000DB04FCD438E54FF0011535E5DA2BA5A5F3
:10D3B000B300BCDFEDB09A8B6BBE71FF2DE9F0417D
:10D3C000C94CD4F8BC5115F01F0540F0DF8349F279
:10D3D0000323C4F884304BF2C073C4F80851C4F876
:10D3E000EC304FF4F873C4F8EC3043F6FE33C4F875
:10D3F000EC30BE4BBE4AC4F8EC30BE4BBE49C4F85C
:10D40000EC308023C4F8E0304FF42603BB48E361DE
:10D41000BB4BFEF7C5FE4FF48003E361C4F8D05167
:10D42000E3695F0240F14C835223C4F80431B54BE9
:10D43000C4F8C430D4F80431002BFBDAB24819F038
:10D4400027F95223C4F80001C4F80431AF4BC4F8E3
:10D45000C430D4F80431002BFBDA002019F018F99D
:10D46000AB4BC4F80001C4F8EC300323C4F8EC3033
:10D47000A84BC4F8EC3040F62103C4F8EC3080230C
:10D48000C4F8EC30636E1E05FCD408236366636E3B
:10D490001805C3F3C026FAD442F20803636640F6C7
:10D4A0006303C4F8EC3040F68403C4F8EC3040F673
:10D4B000A503C4F8EC304BF2C043C4F8EC3013239E
:10D4C000C4F8EC304BF2E043C4F8EC304FF4527344
:10D4D000C4F8EC304FF43543C4F8EC30B7238E4A2F
:10D4E000C4F8EC308D498E4B8E48FEF759FE47F656
:10D4F0000143C4F8EC304FF4C003E361C4F8D061D9
:10D50000E369B3F1807F80F04381636E1905FCD439
:10D51000854B864A63668649864B8748FEF768FED8
:10D52000864BC4F8C43003F17C5303F2A353236049
:10D53000636E1F05FCD44FF49053E36123685E00D3
:10D54000C3F38072FAD401232360C4F8C420636E4D
:10D550001805FCD47A4B63664FF40063C4F8EC30D2
:10D56000784BC4F8E03048F24343236023689901C4
:10D57000FCD44FF4C053E36143F6A003C4F8EC308D
:10D5800043F20543C4F8EC3042F60403C4F8EC302F
:10D5900003F150536C4FDFF8F48103F500130433AB
:10D5A000C4F8EC80C4F8EC70C4F8EC3043F2854366
:10D5B000664A67496748C4F8EC70C4F8EC30664BBB
:10D5C000FEF716FE4BF2E043C4F8EC305A23C4F8E1
:10D5D000EC3040F64203C4F8EC3040F6C603C4F821
:10D5E000EC304BF28043C4F8EC300423C4F8EC3048
:10D5F0004BF2A043C4F8EC30022310264FF4115133
:10D600004FF4335042F28542C4F8EC30534B013EA4
:10D61000C4F8EC30C4F8EC80C4F8EC70C4F8EC103A
:10D62000C4F8EC00C4F8EC20F1D142F62042C4F872
:10D63000EC204B4A4FF41811C4F8EC204FF48072E0
:10D64000C4F8EC208022C4F8E020E16101F5D1119A
:10D65000E1614BF2E041C4F8EC1033214FF03C0C97
:10D66000C4F8EC104BF28041C4F8EC10C4F8ECC0E4
:10D67000C4F8EC30C4F8EC80C4F8EC70C4F8EC00EA
:10D68000C4F8EC103E21C4F8EC10C4F8EC30354B73
:10D69000C4F8EC80C4F8EC70C4F8EC304FF4260306
:10D6A000C4F8EC603049C4F8E0203048304AE36107
:10D6B000304BFEF775FD4FF48003E361C4F8D06191
:10D6C000E3695A0240F18E802B4B2C4A2C492D489D
:10D6D000FEF7B6FD4023C4F8BC31A369DB04FCD4DB
:10D6E000294D2846BDE8F08100101640E08B003837
:10D6F000602BF8CC72C9242E0F97F2A4B3FF52729C
:10D70000BC3AF6FA8C3B090056BAC7010408070078
:10D7100020A8003020000100FD40C92EB125E60AF6
:10D72000FB5367FD3C6AC4791C9020009412DD070E
:10D7300060A78E7C67528E222CE64C585E1E0041FC
:10D7400008B010000000908066500010D7254D7979
:10D75000A543EB207409ECA85005DD4B043800010B
:10D760004088003860880038893A28303D1CE661DE
:10D770008E8209596E9C69A7FE20D277F35E80CC19
:10D78000008587D9EE0E354E04000100E0282034D4
:10D79000E36903F07F43B3F1807F0DD1636E1A0517
:10D7A000FCD4974B974A636603F1475303F55843FC
:10D7B000954996484733B1E6E36903F07F43B3F1F7
:10D7C000007F7FF4ADAE636E1B05FCD4904B914A95
:10D7D000636603F1D54303F53C138F498F4803F289
:10D7E000F5539BE6636E1F05FCD41C23636652232E
:10D7F000C4F804318A4BC4F8C430D4F80431002B87
:10D80000FBDA002018F044FF864BC4F80001C4F88E
:10D81000E03048F21323236023689E01FCD44FF4C8
:10D82000C053E36103F1824303F2DD63C4F8C43003
:10D8300042F21343236023689801FCD44FF4C05391
:10D84000E361636E1905C3F3C022FAD4764B6266B6
:10D85000C4F8E03048F213232360744C23689A0123
:10D86000FCD44FF4C053724AE3617249724B73485F
:10D87000FEF796FC5223C4F80431714BC4F8C4304F
:10D88000D4F80431002BFBDA002018F001FF40F23D
:10D890005233C4F80001C4F804316A4BC4F8C430F0
:10D8A000D4F80431002BFBDA002018F0F1FEC4F8A4
:10D8B0000001002018F0ECFEC4F80001002018F070
:10D8C000E7FEC4F80001012018F0E2FE5E4BC4F848
:10D8D00000015E4A5E495F48FEF762FC4FF48073C8
:10D8E000C4F8D0305C4BC4F8C4305C4BC4F8E030B2
:10D8F00042F62303236023689B01FCD44FF4C053FA
:10D90000E361574BC4F8C43042F213232360236809
:10D910009F01FCD44FF4C053E3614A4BC4F8C430B8
:10D9200042F21323236023689E01FCD44FF4C053BA
:10D930004C4A4D494D48E3614D4BFEF731FCFEF733
:10D94000A3FC4C4B4C4A4D494D48FEF729FC522351
:10D95000C4F804314B4BC4F8C430D4F80431002B64
:10D96000FBDA002018F094FE474B484A4849C4F8B7
:10D9700000014848FEF714FCFEF786FC464B474A78
:10D9800047494848FEF70CFC5223C4F80431464B83
:10D99000C4F8C430D4F80431002BFBDA002018F0AE
:10D9A00077FE40F21223C4F80001636063685800F8
:10D9B000FCD5D4F8000118F06BFE3C4E3066D4F86C
:10D9C000000118F065FE7066D4F8000118F060FEE2
:10D9D000B066D4F8000118F05BFE40F20223F06656
:10D9E000334AC4F83C313349334B3448FEF728FC02
:10D9F0004023C4F8BC31A369D904FCD471E600BF4C
:10DA00001E90200023576563E5BE33734953887C1D
:10DA10001D9020004D1F6C41EA97309659A86C79F3
:10DA2000C40C000100000480800004800010164037
:10DA300018FB58FF6AD413214BFEED242574AF99CF
:10DA400004080B0005080700E2530E46BD4B3FFBE0
:10DA500012951C9166874F09F7B7000100000881F5
:10DA600005080B00C29884B29B1320FABF43130B26
:10DA7000911F069A0B646E2ED1DA422ECB734DEDB8
:10DA800044832627040C0D0175492577868774D6B3
:10DA90004E89577E768687B36C1AE90084E965ADB6
:10DAA000E9560C11C5C70FA5840C0001DCB6002097
:10DAB000EB0A5C9A2ECB2A960850C76E8C4C9C07BA
:10DAC000344B354A35493648FEF76AFBFEF7DCFB36
:10DAD000344B354A35493648FEF762FB5223C4F8C9
:10DAE0000431344BC4F8C430D4F80431002BFBDAD1
:10DAF000002018F0CDFD304B304A3149C4F8000108
:10DB00003048FEF74DFBFEF7BFFB2F4B2F4A304945
:10DB10003048FEF745FB5223C4F804312E4BC4F8BD
:10DB2000C430D4F80431002BFBDA002018F0B0FD2B
:10DB300040F21223C4F80001636063685A00FCD508
:10DB4000D4F8000118F0A4FD244E3066D4F800018A
:10DB500018F09EFD7066D4F8000118F099FDB066CB
:10DB6000D4F8000118F094FD40F20223F0661C4A3C
:10DB7000C4F83C311B491C4B1C48FEF761FB402399
:10DB8000C4F8BC31A369DB04FCD4AAE54FF001154D
:10DB9000A7E500BF537FF663AA5D32876591081140
:10DBA000236B276BF39E131754CBB5E5C416B2D67F
:10DBB0005FECB09E040C0D013390B4575005B909C9
:10DBC000CD0A91F4041DD7195610EBF44D3BEA3100
:10DBD0005747025B1CB5030F840C0001DCB6002024
:10DBE000C6CFCBFB227D7DBFE80F8DDD4ACE4A97A5
:10DBF0002DE9F8439E4C9F4B43F20800C4F838319E
:10DC00004FF00113C4F80C319B4B23610123E367F0
:10DC100048F20703A367994BC4F8343118F038FD74
:10DC2000054643F2180018F033FD01462846FEF77A
:10DC3000A5FA2368002BFCDB4FF0011018F028FD3B
:10DC4000FEF73EFA636E1805FCD40823636640F2C3
:10DC500017438B4EA3668B48E66618F019FD054600
:10DC6000894818F015FD01462846FEF787FA236813
:10DC7000002BFCDB012018F00BFDFEF721FA01233D
:10DC8000824AA362E263824AE26448F2BB02C4F8B9
:10DC90008030C4F88C20C4F89460E36740F21F130E
:10DCA000A367636E1905FCD40823636617237948BC
:10DCB000A36618F0EDFC0546774818F0E9FC01462C
:10DCC0002846FEF75BFA2368002BFCDB0625734F22
:10DCD000DFF8EC81012018F0DBFCFEF7F1F93846A3
:10DCE00018F0D6FC0646404618F0D2FC01463046F5
:10DCF000FEF744FA2368002BFCDB013DEAD1062540
:10DD00000126DFF89881DFF8B891012018F0C0FCF7
:10DD1000FEF7D6F9A662C4F88060E667636E1A055E
:10DD2000FCD408234046636618F0B2FC0746484618
:10DD300018F0AEFC01463846FEF720FA2368002BA7
:10DD4000FCDB013DE1D103250126DFF87881DFF816
:10DD50007891012018F09CFCFEF7B2F94B4BA662BB
:10DD6000E3634F4BC4F88060C4F8B030C4F8D030DF
:10DD70004FF40043C4F8A430C4F8C43048F68B0311
:10DD8000C4F88C300723E667A367636E1B05FCD4D9
:10DD90000823636617234046A36618F079FC0746FC
:10DDA000484618F075FC01463846FEF7E7F9236847
:10DDB000002BFCDB013DCCD1FEF796F90123A362D9
:10DDC000384B43F20800E36318F062FC054643F267
:10DDD000180018F05DFC01462846FEF7CFF92368CD
:10DDE000002BFCDB06242F4D284618F051FCFEF7D3
:10DDF0008BF9013CF8D103242B4D284618F048FC40
:10DE0000FEF782F9013CF8D10324284D284618F08A
:10DE10003FFCFEF779F9013CF8D10324244D284654
:10DE200018F036FCFEF770F9013CF8D1214818F0E3
:10DE30002FFCFEF785F906241E4D284618F028FC15
:10DE4000FEF77EF9013CF8D103241B4D284618F05B
:10DE50001FFCFEF775F9013CF8D10324174D284645
:10DE600018F016FCFEF76CF9013CF8D1BDE8F88318
:10DE7000001016406A8097F56745230110325476EA
:10DE800001EFCDAB08300010183000107301010015
:10DE9000896745230710F0721710F0720730F0728F
:10DEA00010000040730181007F1980007B01FE009B
:10DEB0001F09AF00BB800300BB910100B7850100C3
:10DEC0001730F0720730F07A1730F07A70B50346E9
:10DED00008780E4A800202440020DA6018619960D6
:10DEE000EFF31086012282F310889D6808492D788F
:10DEF0004C68C5F10F05AA4024EA02024A604A684C
:10DF000086F31088034A1A6070BD00BF204111409B
:10DF10000040084059485052C37E012B1BD1036971
:10DF20001B689B051AD483681A68002A0BDB1968E2
:10DF30000C4A0A401A608268136843F00043136079
:10DF40008368DB688360436900201A69012A1CBF6B
:10DF500001221A61704740F6A170704740F6A27026
:10DF6000704700BF60FCFFC72DE9F047DFF8D49091
:10DF7000036804464B450E465CD0002791F80080AC
:10DF8000D1F834A04FEA8828A8F1BF28A8F56E0878
:10DF9000C0F810800D78416005F1401505F58855F1
:10DFA0002D02456187614A7DDAF800003946120189
:10DFB0001CF015FF636839461A7DDAF80400120177
:10DFC0001CF00DFF204618F008FEB36A6269236258
:10DFD000336B1948C4E909731368012143F0010345
:10DFE0001360164B1B68B0FBF3F00844FBF7CCFD45
:10DFF0006369626891689A6F61F305029A67626863
:10E0000051799A6F61F311429A673723C8F810303B
:10E010000B4B2246AB622B6B43F480032B6363688C
:10E0200093F92000596A18F03BF93846C4F800907B
:10E03000BDE8F0870E20FBE700E1F50534900020F5
:10E040009F0FFF47454854452DE9F0411646D0E95A
:10E0500004721368044643F001031360584B594897
:10E060001B680D46B0FBF3F001210844FBF78CFD63
:10E07000636962684FF0004E91689A6F61F3050220
:10E080009A67626851799A6F61F3114200219A6729
:10E09000AB882A685BBA9BB212BAC7F8C020C7F82F
:10E0A000C83063688C46586B0B466268557DA94240
:10E0B00041D333B11A6842F080421A600268DA60D4
:10E0C000A26000214FF0010C0F466268127D914260
:10E0D0004CD333B11A6842F080421A604268DA6069
:10E0E000E260012ED4E904235CD1916941F0020180
:10E0F0009161196B41F48001196340F2EE51916016
:10E10000142111656168C968D1661A6842F040023D
:10E110001A60A2681A62E2689A6162689278002ABC
:10E120004CD19A6300229A6440F20F721A65012260
:10E130009A65BDE8F0810768928B07EB0113DA80DE
:10E14000A3F804C002680D0105F110084244DA602A
:10E150006268013192693AB102EB810252F8042CF3
:10E160009A6047F805E0A0E79A609EE742680D01D3
:10E1700002EB0113A3F806C09F8057514268103587
:10E180002A44DA60656801F1010E6A7842B9AA6929
:10E190001AB16D7D294452F8212071469A6094E7A6
:10E1A0000022FAE7196B41F480011963196B41F4FD
:10E1B00080211963196B41F400119DE78022B0E7BB
:10E1C0003490002000E1F50530B587B0EFF303830C
:10E1D000144A103B5BB252F82300D0E90441226993
:10E1E0008B6A5D0204D5950744BF012585762261BF
:10E1F0008B62016A61B14168CDE903230C780B6B36
:10E200000194032401A98DF80840059318F035FC0A
:10E21000EFF30380103840B207B0BDE83040FBF7A1
:10E220002DBD00BF2CB400202DE9F04FADF5077DCA
:10E2300006AD012300222C4646A813F0800F14BF20
:10E240001B21002143F30606C25481EA4601013234
:10E2500005F8013BB2F5807F83EA0103DBB2ECD124
:10E2600001230022644913F0800F41F8043B43F37B
:10E2700006050CBF00231B23013283EA45030A2A4B
:10E28000DBB2F0D163235D4A844613700023174646
:10E2900001255B4E86F863301CF8013FC3F1FF0394
:10E2A00014F803E04FEA4E0141EADE115FFA81F80B
:10E2B0004FEA4803DBB2C1F3C01119434FEA410AE8
:10E2C0005FFA8AFA4AEAD3134FEA43095FFA89F9F7
:10E2D00049EADA198EEA090E88EA0E0881EA08018D
:10E2E0004B4083F06303F5540135B5F5807F07F8A3
:10E2F000013FD1D1837BDFF81CC10293437A414FA8
:10E300000393437B404E0493C37AFF2005933F4B16
:10E31000DFF804B1DFF804A1DFF80491DFF804812D
:10E32000DFF8DCE0019312F8013B13F0800F14BF1B
:10E330001B21002143F3060481EA4401C9B203EB27
:10E34000032441EA04244B4084EA03634FEA336127
:10E350004AF8041B4FEA334149F8041B1EF8011B1D
:10E360004BF8043B4FEA332348F8043B002941D0E3
:10E3700046AB5B5C03995918B1FBF0F4C4EB042481
:10E38000091B06AC655C04995918B1FBF0F4C4EBA9
:10E390000424091B06AC615C029C09041C4441EA8C
:10E3A0000521B4FBF0F5C5EB0525641B06AD2C5D1E
:10E3B0006140059C2344B3FBF0F4C4EB04241B1B15
:10E3C000EB5C1B064B40019941F8043B01914FEA7D
:10E3D00033614CF8041B4FEA33414FEA332346F8CC
:10E3E000043B0B4B47F8041B93429CD10DF5077D72
:10E3F000BDE8F08F0B46E5E760B700203FE5002061
:10E400003FE4002088BB002088B7002088C300209C
:10E410003FE6002088BF002088D3002088CF00205E
:10E4200088CB002088C70020C02AF8B506460D46D4
:10E43000144648D0B2F5807F47D0802A40F0C4808F
:10E440000A23634F33603B681BB9FFF7EDFE0123DE
:10E450003B60334600222946640943F8042F05EB4C
:10E4600084048C4233D133680C2B35D00E2B64D00E
:10E470000A2B26D1574D58493046A036426955F8E7
:10E48000044B8768C2F30723CB5C7C406340140EC7
:10E490000C5D103083EA0443D4B20C5D83EA04635C
:10E4A000C2F307440C5D83EA042350F8044C8360F4
:10E4B00063400468C36063405A400361426186421E
:10E4C000DCD10020F8BD0C23BBE70E23B9E751F8DF
:10E4D000042B43F8042FC4E730463E4C3E4906F176
:10E4E000C005C26954F8046B8768C2F30723CB5C8C
:10E4F0007E407340160E8E5D183083EA0643D6B216
:10E500008E5D83EA0663C2F307468E5D83EA0623C7
:10E5100050F80C6C8360734050F8086CC360734013
:10E5200050F8046C036173400668436173405A40BD
:10E530008361C2618542D4D1C3E7264D2649304666
:10E54000E036446A55F8042B8768C4F30723CB5C94
:10E550007A405340220E8A5C876983EA0243E2B222
:10E560008A5C203083EA0263C4F307428A5C83EA50
:10E57000022350F8142C8360534050F8102CC360D1
:10E58000534050F80C2C036153404361DAB28A5C6B
:10E590007A401F0ECF5D82EA0762C3F30727CF5D83
:10E5A000C3F30743CB5C82EA072282EA034350F8B5
:10E5B000042C836153400268C36153405C40036292
:10E5C00044628642BDD17CE76FF01F007AE700BF4E
:10E5D0005CB7002060B700203FE500202DE9F04F38
:10E5E000C9B0044602A816460D4618F07AFB00236F
:10E5F00032462946636002A8FFF716FF0646002848
:10E6000060D1029F039B04A903EB870301EB830204
:10E6100051F8233004F1180CA3605368103AE360FA
:10E62000936961462361D369964663617B1E984670
:10E63000294827600193B8F1000F2ADDAEF1040AE2
:10E6400001F1100B5AF8044F244BE5B210F8059075
:10E65000250E53F82990455D214B53F82550214B49
:10E6600089EA0509C4F30725455DC4F3074453F857
:10E670002550045D1C4B89EA050553F8244065408C
:10E6800041F8045B5945DDD108F1FF38AEF1100EB9
:10E69000D1E76FF00F01019B002F01FB03F3D4BF03
:10E6A00000241C46C3F10003D8BF002310191259DF
:10E6B0000CEB03014CF8032043684B6083688B60CC
:10E6C000C368CB6002A84FF48C7102F07BF930462E
:10E6D00049B0BDE8F08F00BF3FE5002088C30020AF
:10E6E00088B7002088BF002088BB00202DE9F04FAC
:10E6F00091B00192426800F1080303EB82060D68B5
:10E7000053F822304C685D4073688A686340009318
:10E710000993B368DFF838C35A40CB68F168DFF873
:10E7200034E34B400168DFF830834FEA610A06F1B9
:10E7300030010026DFF8249308950A920B930AF122
:10E74000FF3A51F8184C51E90807029451F8144C5B
:10E750002031039451F8304CBAF1000F049451F871
:10E760002C4C059451F8284C069451F8244C0794ED
:10E7700000F3C08026B100990895CDE909120B93EA
:10E78000DFF8D092DDE90841DDE90A56E2B2330E46
:10E7900059F823305CF82220DFF8BC825A40C1F3DC
:10E7A000072358F82330DFF8B4E25A40C5F3074393
:10E7B0005EF823305A404240CBB2200E59F8200078
:10E7C0005CF823300C924340C5F3072058F8200032
:10E7D0004340C6F307405EF8200043407B40E8B268
:10E7E0000F0E59F827705CF820002D0E7840C6F304
:10E7F000072758F82770F6B25CF8266059F82550BC
:10E800007840C4F30747C4F3072458F82440C1F301
:10E8100007415EF82110754065405EF827704D4055
:10E82000039978404D40029F8849D6B278408E5D6A
:10E83000049F2C0E0C5D7E4086EA0466C3F3072419
:10E840000C5DDFB286EA0426C0F307440C5D0D932D
:10E8500086EA044E140E0E900F95CDF820E00C5D64
:10E86000CF5D059E5FFA80FC774087EA0467C0F3BE
:10E8700007240C5D11F80CC087EA0427C5F3074490
:10E880000C5D069E87EA04471C0E0C5D8CEA060CA4
:10E890008CEA046CC5F307240C5DEDB28CEA042C01
:10E8A000C2F307440C5D000EC2F30722C3F3074313
:10E8B000085C8A5CCB5C8CEA044C4C5D2021079D93
:10E8C00009976C4084EA006080EA022282EA0343EE
:10E8D000019A0DEB0100C2F800E05760C2F808C0D1
:10E8E000D360CDF828C00B9302F06CF8002011B073
:10E8F000BDE8F08FEEB24FEA136B5EF82BB05CF818
:10E900002660009C86EA0B06464000984FEA156B8D
:10E91000C0F3072058F820005EF82BB04640C2F341
:10E92000074059F820000AF1FF3A46409DF80000E0
:10E930005CF8200080EA0B007840C2F3072758F803
:10E9400027704FEA146B7840C3F3074759F82770D4
:10E950005EF82BB07840D7B25CF82770120E87EAC9
:10E960000B07C3F3072BDBB2029C5EF822205CF896
:10E97000233058F82BB067405340039A87EA0B07BF
:10E98000C5F3074BC5F30725534058F8252059F820
:10E990002BB05340009A87EA0B07C2F3074459F89B
:10E9A0002420F4B253401A0E5CF824505EF8222062
:10E9B000C4B25540049A5CF824405540C0F3072285
:10E9C00058F822204FEA106B5540C7F3074259F818
:10E9D0002220C0F307405540320E5EF822205440FA
:10E9E000059A5440C7F3072258F822205440C3F335
:10E9F000074259F8222062400092FAB25EF82BB02A
:10EA00005CF82220069C82EA0B02C3F3072B58F81D
:10EA10002BB0DBB23F0E62405CF823305EF827700B
:10EA200082EA0B02079CC6F3074BC6F3072658F889
:10EA300026607B4059F82BB059F8200063407340A2
:10EA400082EA0B02012643407BE600BF3FE500203F
:10EA500088D3002088C7002088CF002088CB0020E2
:10EA60002DE9F04F002791B00192426800F10803B0
:10EA700003EB82060D6853F822304C685D407368E2
:10EA80008A68634000930993B368DFF838C35A403B
:10EA9000CB68F168DFF830E34B400168DFF82C8386
:10EAA0004FEA610ADFF8289308950A920B930AF15E
:10EAB000FF3A06F1300151F8184C51E9080602946A
:10EAC00051F8144C2031039451F8304CBAF1000F36
:10EAD000049451F82C4C059451F8284C069451F8A4
:10EAE000244C079400F3C08027B100990895CDE924
:10EAF00009120B93089D0999DFF8CC92EBB20A0E2C
:10EB000059F822205CF82330DFF8C082DDE90A479B
:10EB10005340C7F3072258F82220DFF8B4E25340ED
:10EB2000C4F307425EF8222053405840220ECBB275
:10EB300059F822205CF823300C905340C5F307228B
:10EB400058F822205340C7F307425EF82220534072
:10EB50007340E2B23E0E59F826605CF82220FFB204
:10EB60007240C1F3072658F82660C4F307247240A8
:10EB7000C5F307465EF826602D0E7240029E59F8D6
:10EB8000255072405CF8276058F82440C1F30741D3
:10EB90005EF82110754065404D400399C6B24D4066
:10EBA0008749049F8E5D1C0E0C5D7E4086EA0466DC
:10EBB000C5F307240C5DDFB286EA0426C2F30744DE
:10EBC0000C5D0D9386EA044E140E0E920F95CDF84F
:10EBD00020E00C5DCF5D059E5FFA82FC774087EAFE
:10EBE0000467C0F307240C5D11F80CC087EA042702
:10EBF000C5F307440C5D069E87EA04472C0E0C5DA6
:10EC00008CEA060C8CEA046CC3F307240C5DEDB2AD
:10EC10008CEA042CC0F307440C5D000EC2F30722FB
:10EC2000C3F30743085C8A5CCB5C8CEA044C4C5D04
:10EC30002021079D09976C4084EA006080EA022247
:10EC400082EA0343019A0DEB0100C2F800E057602D
:10EC5000C2F808C0D360CDF828C00B9301F0B2FE13
:10EC6000002011B0BDE8F08F009CEFB24FEA146BAA
:10EC70005EF82BB05CF82770029C87EA0B074740D0
:10EC8000C3F3072058F820004FEA126B4740C2F345
:10EC9000074059F820005EF82BB047409DF800006F
:10ECA0000AF1FF3A5CF8200080EA0B007040C5F3DF
:10ECB000072658F826604FEA136B7040C3F30746E7
:10ECC00059F826605EF82BB07040D6B25CF826602A
:10ECD000DBB286EA0B066640009C5CF82330C4F386
:10ECE000072B58F82BB0039C86EA0B06C5F3074B9D
:10ECF0002D0E5EF82550C2F3072258F822206B40F3
:10ED000063405340009A59F82BB0C2F3074459F8B6
:10ED10002420FCB25340020E5CF824505EF82220FE
:10ED200086EA0B065540049AC4B25540C3F3072245
:10ED300058F822205CF824405540C6F3074259F8A1
:10ED400022204FEA136B5540320E5EF822205440C9
:10ED5000059A5440C7F3072258F822205440C3F3C1
:10ED6000074259F82220DBB262400092F2B25EF80C
:10ED70002BB05CF82220069C82EA0B02C0F3072B22
:10ED800058F82BB0624082EA0B02C7F3074B3F0EE4
:10ED90005EF827705CF82330079CC6F307267B409B
:10EDA00058F82660C0F3074059F82BB059F82000F6
:10EDB00063407340012782EA0B0243407BE600BFB9
:10EDC0003FE4002088C3002088B7002088BF0020CF
:10EDD00088BB002070B586B0CDE9043205460E46EA
:10EDE0001046002110221C461BF0F9FF04AB0393D0
:10EDF000064BFF22029300233146CDE9003328461B
:10EE0000E3B218F0DEF806B070BD00BFF16D04008B
:10EE100030B5074C256824686A40D2B2891A101AA6
:10EE2000090A41EA1021634023EA0100C0B230BD63
:10EE300088D700202DE9F84F4FF0000A0546884694
:10EE40001646994654465746DDF828B05F4516D217
:10EE5000002319F8070020280CD0ABEB0702012A89
:10EE600011D00D280FD109EB070252780A2A6CD174
:10EE70000137EBE70137BB454FF00103E9D1A4B9F6
:10EE80000020346004E00A28F2D01BB16FF02B00A0
:10EE9000BDE8F88F0206F9D43D2858D10AF1010ADD
:10EEA000BAF1020FF2D80134E2E7062204F00703B8
:10EEB000E408534354430733A4EB0A0404EBD3049C
:10EEC00065B144450AD809EB070B00272C46BA4622
:10EED000B846234AD94505D1641BD1E76FF0290014
:10EEE0003460D5E719F8010BA0F10A03DBB2162B49
:10EEF00009D93D284FEA88180CD018F018F9184A9B
:10EF000048EA000807E042FA03F3DB07E2D54FEADC
:10EF10008818F2E701370AF1010ABAF1040FD9D1D2
:10EF20004FEA1843012F237003D901344FF0000A30
:10EF3000D0E74FEA1823637017B101270234F5E7D1
:10EF400084F80280BA460334C4E7002B9ED1BAF19C
:10EF5000000F9BD118F0EBF80028A4DA96E700BF69
:10EF6000F6FFBFFF044B1B68584043085B4240421A
:10EF70001843C017704700BF88D700208842F0B5FB
:10EF800004D00025084F0438AA4200D1F0BD3E68E5
:10EF900050F8044F5E4024EA060451F8256001351C
:10EFA0001E4034430460EFE788D700202DE9F04F7E
:10EFB0008DB01D46189B8346B3F12A3F8A46179FA2
:10EFC0001A9E059240F08D803946169818F0E3F8A5
:10EFD000012838BF0120470900F01F044FF0010944
:10EFE0007B01502B34BF4B4603230A9309FA03F3EA
:10EFF0000B930A9B059805FA03F306EB830306932C
:10F0000003EB8503079318F0C3FA4FEA85084246DD
:10F010000021089030461BF0E2FE079BC6F80090E6
:10F020000393089B3146CDE90153059B3046199A5D
:10F03000009306EB08092B4618F0BBFA51464246EE
:10F0400048461BF0A5FE0223494609930B9B099AEB
:10F05000934248D14246314658461BF099FE4FF044
:10F060000009CA46079B5A460393089B5946CDE9B7
:10F070000153059B584600932B4618F09AFA002C32
:10F0800047D11F24013F169B0AF1010A53F827308C
:10F09000E34003F0010343EA49090A9B534503D0C7
:10F0A000002CDFD1002FDDD1189BB3F12A3F32D1E4
:10F0B000424609FB086106981BF06AFE079B594609
:10F0C0000393089B5846CDE90153059B069A00938C
:10F0D0002B4618F06EFA002CC1D1BFB90DB0BDE8B7
:10F0E000F08F00247AE7079B01EB080A0393089B43
:10F0F0004A46CDE90153059B504600932B4618F034
:10F1000058FA099B5146013309939FE7A146A2464D
:10F11000A8E7013CB7E731464FF0000A0A4B2A4600
:10F1200018681B68584080EA090080EA0A00FFF767
:10F1300019FFC3430698FFF721FF099B0AF1010A53
:10F1400053454144EAD1B9E788D70020054B013146
:10F150001B680132434022EA030208400243501E6A
:10F1600000B2704788D700202DE9F04F834699B050
:10F170000F46184600211646049318F0CDFC0028CF
:10F1800000F0878100240125774B304614930499C1
:10F1900015ABCDE90B45CDE90D45CDE90F45CDE9E1
:10F1A0001145139318F041FCA04228DABBF1000F7F
:10F1B00005D1E7B90024204619B0BDE8F08F2146FB
:10F1C000584618F0A7FB04460028F2D00BA818F008
:10F1D000EEFA0DA818F0EBFA0FA818F0E8FA11A84B
:10F1E00018F0E5FA0C2115A801F0ECFBE3E7314635
:10F1F000384618F05AFB04460028E7D1DAE73146D2
:10F200000BA818F052FB04460028DFD104990DA882
:10F2100018F04BFB04460028D8D1F1880FA8023122
:10F22000ADF83850ADF8305018F0CFFA0446002849
:10F23000CCD101460FA818F06DFB04460028C5D1BB
:10F24000F18811A8023118F0C0FA04460028BDD197
:10F250000DA818F09EFB00F01F001F2873D0C0F10E
:10F260001F0319460BA8019318F0B9FB04460028A8
:10F27000ACD101990DA818F0B2FB04460028A5D125
:10F28000BDF83250BDF83A800DA8A5EB080A4FEA48
:10F290004A19494618F0A3FB0446002896D14FEAC4
:10F2A0008A0A0DA90BA818F0EFFB00284DDA494691
:10F2B0000DA818F0B1FB0446002887D108F1FF33F0
:10F2C00002939B0005F1FF3A069305F1804508F192
:10F2D0008043023B013D9B00A5EB08050993AB0071
:10F2E0000393029B9A4541D8BBF1000F0DD05846BD
:10F2F0000FA918F0DAFA002840F0C780049AB38802
:10F30000928813FB02F3ABF80430002F3FF45EAF9A
:10F3100001990BA818F080FB002840F0B680B38854
:10F320000BA93846ADF8303018F0BFFA0146002876
:10F3300040F0AD80384618F0EFFB00287FF446AF70
:10F340000123BB8042E701949AE70F9A0BA952F878
:10F350000A300846013342F80A300DAA18F0C1FC01
:10F36000044600289DD031E7010003000D9B069A5A
:10F3700005931344DDF82C900893059B4FEA8A0807
:10F380009A5859F82A10A8F104030F9D0793039B7C
:10F3900091421D4474D20798002359F80000E1F708
:10F3A00027FE002914BF4FF0FF330346BAF1010FC7
:10F3B0002B600EBF002309EB080353F8083C099AA1
:10F3C0001593079B59F80330169359F80830179393
:10F3D0002B6801332B60059B134498462B68002152
:10F3E000013B2B6011A818F095FA00284DD1029B23
:10F3F000002B48D0D8F80020119B11A91A60089A58
:10F40000084612685A602A6818F00BFD00283CD1A3
:10F4100013A911A818F038FB0028DFDC2A680DA911
:10F4200011A818F0FEFC80BB039B11A84FEAC3088B
:10F43000414618F0D4FA40BB0BA9084611AA18F0AF
:10F4400050FC014618BB0BA818F066FB002812DA26
:10F450000DA911A818F029FAB8B9414611A818F059
:10F46000BEFA90B90BA9084611AA18F037FC60B98A
:10F470002B68013B2B60039B0AF1FF3A043B2FE70B
:10F480004FF0FF3392E7029AB6E704469EE60C4639
:10F490009CE66FF00B048EE618B112B100201160EB
:10F4A00070470148704700BF009FFFFF0246044BB2
:10F4B000586800B9704719789142FBD00833F7E7D4
:10F4C0000827050010B50446A8B1006C10B124212E
:10F4D00019F008F9E06B40B12368074ADB79C3F300
:10F4E000840352F823309B6998472046BDE81040BA
:10F4F000442101F067BA10BDE01A002038B5054676
:10F500000C46A9B1442200211BF069FCE379094AA9
:10F51000C3F3840352F823305B6913B900202C60D5
:10F5200038BD9847E8630028F8D1A0F5C340F7E755
:10F530000148F5E7E01A0020009FFFFF70B4DCB23D
:10F54000012C29D804683CB3E57905F00305012DA9
:10F5500005D8657905F00F05B2EB851F1CD1426017
:10F560000372012BC06BE3790D4D08D0647904F070
:10F57000F006302E03D004F0E004402C06D1C3F393
:10F58000840355F82330DB6870BC1847C3F3840349
:10F5900055F823301B69F7E7024870BC704700BF7D
:10F5A000E01A0020009FFFFF38B5036805461446A7
:10F5B000BBB1102A13D8DA79D20707D41B795B09BB
:10F5C000B4EB830F4FEA83020BD314462CB12246CF
:10F5D00005F128001BF0DCFBAC63002038BD0248BD
:10F5E000FCE70248FAE700BF809FFFFF009FFFFF94
:10F5F0002DE9F04F1546026885B0044688469946C5
:10F60000DDF838A01AB9624805B0BDE8F08F0022D5
:10F61000CAF800200268002A00F0B380167916F0BC
:10F620001F0600F0AE80527902F0F002102A15D1C8
:10F63000B54240F0A880CAF8005002685549D27916
:10F64000C2F3840251F8222090F90810556842460E
:10F65000AC46C06B05B0BDE8F04F6047994208D199
:10F66000436A002BCFD1B5FBF6F306FB1353002BF7
:10F67000C9D1202A40F08980626A94F90830039247
:10F680008BB9039BE268F31A8AB1AB4249D3039862
:10F690002A461430414620441BF07AFB636A2B440F
:10F6A00063620020B0E7012B03D1039BF31AAB4246
:10F6B000EDD8039B002B37D1002DF2D0B5FBF6F728
:10F6C00006FB175737B994F908301BB9E368002BCC
:10F6D00018BF3746ED1B3A4608EB050104F114004C
:10F6E0001BF056FB636A3B446362002DD9D023684C
:10F6F000284ADB79C3F3840352F82330CDE900892B
:10F700002A469E6894F90810E06B04F12803B0477C
:10F7100000287FF479AFDAF800302B44CAF80030C3
:10F72000BFE7039B002BC9D0039B4146A6EB030B0D
:10F7300003F114005A4620441BF02AFB234653F8D9
:10F74000142B1449D279C2F3840251F82220CDE956
:10F750000039936894F908101F463246E06B04F1B3
:10F760002803B84700287FF44FAFDAF80030039F32
:10F7700033442F44CAF80030B1446062D844BD1B02
:10F780009AE7054840E705483EE705483CE700BFE3
:10F79000009FFFFFE01A0020809CFFFF809DFFFF7D
:10F7A000809FFFFFF7B5036804460E46154613B960
:10F7B0003A4803B0F0BD002313600368597901F0A3
:10F7C000F002202A08D10269002AF1D09A794C3A35
:10F7D000012A1AD80020ECE701F0B0003028F9D057
:10F7E00001F0E0014029F5D0602AF3D0902AF1D051
:10F7F000A02AEFD09B794C3B012BEBD9102A4AD1A0
:10F80000636A002BE6D02648D3E790F90810426AD5
:10F81000012931D1C76817B9002ADBD0F3E7A16B02
:10F82000143011B9197949098900B847234653F8AA
:10F83000281B1C480A79C97902F01F02C1F3840110
:10F8400050F8211004F11400019600908F68E06BCD
:10F8500094F90810B8470028ABD194F90830216812
:10F860009BB9236911B1097901F01F012A4630467D
:10F8700003B0BDE8F04018471B7903F01F039A421C
:10F88000D4D0C368002BC7D0BDE711B1097901F00E
:10F890001F0129609EE704488BE700BF009FFFFF20
:10F8A000809DFFFFE01A0020809FFFFF0268034653
:10F8B0005AB1527902F0F002202A06D1042906D169
:10F8C0000020044AD8601A61704703487047034813
:10F8D000704700BF99F40200009FFFFF809FFFFF69
:10F8E000F0B585B00446DDE90B751E46FFF75CFEFA
:10F8F000A8B92368ABB160623B46314620460A9AFC
:10F900000095FFF775FE50B92968204603AA3944CF
:10F91000FFF748FF18B92B68039A13442B6005B012
:10F92000F0BD0148FBE700BF009FFFFF044B1B68D1
:10F93000584043085B4240421843C017704700BF1D
:10F9400088D700202DE9F84305460027DFF87080AE
:10F950008A1A8F4201D1BDE8F883D8F80040D8F860
:10F9600000607C40564084EA0600C00FFFF7DEFFCF
:10F97000D8F80030A41B4340064024EA0304344373
:10F98000E00FFFF7D3FF00244E1EA64204D8AB5D64
:10F9900001370340AB55DCE715F804C004EB050E56
:10F9A00001342B5DD8F800900CEA000C80EA0909BC
:10F9B00023EA090343EA0C038EF80030E5E700BFB1
:10F9C00088D70020F0B5114C002B14BF9C468C4604
:10F9D000246800234440E443059F03F1040E774567
:10F9E00002D2BB4209D3F0BDD5585CF80360054094
:10F9F00026403543CD507346EFE7D55C1CF80360D5
:10FA0000054026403543CD540133EAE788D700202E
:10FA10002DE9F7430746884691461C460B9E0D4D3F
:10FA20000A9B9C4202D903B0BDE8F0832B682A6888
:10FA30003946534083EA090383EA0400FFF776FF5F
:10FA400008EB04020023C0430096FFF7BBFF01341C
:10FA5000E6E700BF88D700200338C0B208289ABF65
:10FA6000024B53F820000020704700BF8C27050090
:10FA700008B530B3036823B319B30A680AB39342D5
:10FA80001FD11B78033B082B1BD8DFE803F0051AB6
:10FA90000B1A1A10101515004968406818F094FDEB
:10FAA000002008BD4968406818F09EFFF8E74968E3
:10FAB000406819F049F8F3E74968406819F008F917
:10FAC000EEE70148EDE700BF00AFFFFF70B50D4660
:10FAD0001646044600B109B9284870BD0023C0E9A4
:10FAE000013301600B78033B082BF5D801A252F8D3
:10FAF00023F000BF19FB0200D9FA02002FFB02001D
:10FB0000D9FA0200D9FA020041FB020041FB0200CF
:10FB100053FB020053FB02005821012000F05EFF5E
:10FB2000606048B318F047FDE6B90020D5E75C21D6
:10FB3000012000F053FF6060F0B118F04CFFF3E7D4
:10FB40006C21012000F04AFF6060A8B118F0F3FFBB
:10FB5000EAE7D821012000F041FF606060B119F0B0
:10FB6000AEF8E1E70220A97800F038FFA060002895
:10FB7000DBD1204618F0E8FC0148AEE700AFFFFFFC
:10FB800080AEFFFFF0B10368E3B11B78033B082BA5
:10FB900018D8DFE803F005170817170B0F11150029
:10FBA000406800F053B9406802F08ABC0121406807
:10FBB00003F0F4BB0021FAE701214068E1F728BD1A
:10FBC0000021FAE70048704700AFFFFF10B400B310
:10FBD0000368F3B11B78033B082B1AD8DFE803F066
:10FBE00005190A19190F0F14140040685DF8044B29
:10FBF00018F0EFBC40685DF8044B18F0FABE40689E
:10FC00005DF8044B18F0A5BF40685DF8044B19F08F
:10FC100064B802485DF8044B704700BF00AFFFFFB7
:10FC2000C0B10368B3B11B78033B082B12D8DFE8DF
:10FC300003F005110811110B0B0E0E00406818F0AF
:10FC400001BD406818F00EBF406818F0C1BF4068A1
:10FC500019F094B80048704700AFFFFF10B4044695
:10FC6000084611461A4604B32378033B082B1CD8D8
:10FC7000DFE803F0051B091B1B0D121419005DF8CA
:10FC8000044B00F083BC5DF8044B18F034BF012333
:10FC90005DF8044B18F0ECBF0023F9E701235DF891
:10FCA000044B19F0EAB80023F9E702485DF8044B69
:10FCB000704700BF00AFFFFF2DE9F0410E46174629
:10FCC000054690B000286DD00368002B6AD082688A
:10FCD000002A67D09B78BB4214D2FFF753FF04463B
:10FCE00000283BD13A4631462846FFF76FFF0446CD
:10FCF000A0BB69462846FFF793FF044670BB6E46DB
:10FD00002B685F782B68D5F808809A7836214046B2
:10FD100008EB02041BF063F82B685C219A782046FC
:10FD20001BF05DF80023191D8F4208EB03021DD262
:10FD30009F4223D80023191D8F4204EB030224D2D3
:10FD40009F4228D82846FFF71DFF044630B92B688C
:10FD5000414628469A78FFF739FF04464021684615
:10FD600000F030FE204610B0BDE8F081F25858F89F
:10FD70000300424048F803200B46D4E7F05C1178BA
:10FD80000133414002F8011BD2E7F258E0584240EB
:10FD9000E2500B46CFE7F05C11780133414002F8A6
:10FDA000011BCDE7004CDDE700AFFFFF10B438B119
:10FDB00004682CB183681BB15DF8044BFFF706BFE4
:10FDC00001485DF8044B704700AFFFFFF0B50D46EA
:10FDD000044691B000B30368F3B18668E6B16946A2
:10FDE0009F78FFF71DFFA8B92046FFF7CBFE88B923
:10FDF000236820469A78F119FFF7E8FE50B9236886
:10FE0000694620465A78FFF7E1FE18B92946204690
:10FE1000FFF706FF11B0F0BD0048FBE700AFFFFFA2
:10FE200038B5044670B1036863B1856855B1FFF712
:10FE3000A9FE40B92368294620469A78BDE8384093
:10FE4000FFF7C4BE004838BD00AFFFFF03460020E7
:10FE5000084AC3E900009A6002F18832DA6002F1D0
:10FE60002942A2F59612A2F68B621A61A2F188329B
:10FE70005A617047012345672DE9F04F4B68A1B0E7
:10FE800001930D938B68D1F8009002930E93CB6889
:10FE9000D1F814C003930F930B69D1F81C8004931D
:10FEA00010938B69CDF844C0059312930B6ACDF87B
:10FEB0003090069314934B6ACDF84C8007931593BA
:10FEC0008B6ADFF800A408931693CB6A0993179303
:10FED0004B6B42690A931993CB6B0F6B0B931B937C
:10FEE000D0E903B383EA020404EA0B045440E64B6E
:10FEF0008268D1F838E013444B441C4403690BEB8F
:10FF000074648BEA0302224041695A40DF4B056961
:10FF10000B440199039E0B44DD491A4404EB325211
:10FF20008BEA04032944029D1340294483EA0B030E
:10FF30000B44D84902EBF33384EA02051D405944CF
:10FF400031446540049E0D4403EBB52582EA03016C
:10FF50002940B244A24451405144DFF86CA305EB60
:10FF6000716183EA05040C40E24492445C40059EC2
:10FF70005444DFF858A301EB345485EA01022240CF
:10FF8000B2449A446A405244DFF844A304EBF2328C
:10FF900081EA04031340C244AA444B40069E5344E2
:10FFA000DFF830A302EBB32384EA02051D40B2441C
:10FFB0008A446540079E5544DFF81CA303EB756532
:10FFC00082EA03012940B244A244089E51405144B0
:10FFD00005EB315183EA0504A6F5244A0C40AAF149
:10FFE0004F0A92445C40099E5444DFF8F0A201EBB2
:10FFF000F43485EA01022240B2449A446A405244F1
:020000023000CC
:10000000DFF8DCA204EBB22281EA04031340BA4415
:10001000AA444B400A9E53449F4D02EB736384EA0B
:10002000020A0AEA030A35440D448AEA040AAA4489
:100030009A4D03EB3A5A82EA030101EA0A01754438
:10004000254451400B9E2944954D0AEBF13183EA3A
:100050000A040C40354415445C402C4401EBB424A4
:10006000019E904A81EA040505EA0A0532441A44D1
:100070004D40154404EBF565059E8B4B84EA050263
:100080000A403344534462401A4405EBF252099E3D
:10009000DFF850A285EA02032340B2448A446B4051
:1000A000534402EBB343DFF840A282EA0301294044
:1000B000CA44A2445140514403EB3131DFF82CA231
:1000C00083EA01041440E244AA445C40544401EB36
:1000D000F4641897CDF868E0DFF814A2089E81EA6E
:1000E00004051D40B24492444D40554404EBF5557F
:1000F0000B9EDFF800A284EA05020A40B2449A444B
:100100006240524405EBB242049EDFF8ECA185EA5E
:1001100002032340B2448A446B40534402EB33331E
:10012000079EDFF8D8A182EA03012940B244A24425
:100130005140514403EBF161DFF8C4A183EA0104AB
:100140001440F244AA445C40544401EBF454039E2E
:10015000DFF8B0A181EA04051D40B24492444D404D
:10016000554404EBB545069EDFF89CA184EA0502E0
:100170000A40B2449A446240524405EB32320A9E2D
:10018000DFF888A185EA02032340B2448A446B4029
:10019000534402EBF363029EDFF874A182EA030189
:1001A0002940B244A2445140514403EBF151DFF8DD
:1001B00064A183EA01041440C244AA445C4054444C
:1001C00001EBB44481EA04052E46DFF84CA11D4042
:1001D000BA449244ACF5B822A2F2BE621A44334645
:1001E0004D40554404EB3535069E6B40DFF82CA19D
:1001F0001A4405EB3273B24484EA05025A408A4439
:10020000099E02EB0A01294A03EB715185EA030AB0
:10021000324422448AEA010A254C924401EB3A4ACC
:1002200083EA01027444019E2C4482EA0A02214DB1
:1002300022440AEB722281EA0A04354454401D44E8
:10024000049E63191C4C02EB33738AEA02053444A2
:100250000C445D401949254403EB755582EA0304BB
:100260004144089E51446C40DFF8B4A00C4405EBB7
:10027000344483EA0501B24492440A9E6140104A24
:10028000514404EB71214DE078A46AD756B7C7E812
:10029000DB702024EECEBDC1937198FD8E4379A60C
:1002A0002108B44962251EF640B340C022619D6D0D
:1002B0000C38E5FD44EABEA4A9CFDE4B604BBBF68B
:1002C000C67E9B28AF0F7CF52AC68747134630A809
:1002D000019546FDD8988069AFF7448BBED75C89FD
:1002E0002211906B515A5E26AAC7B6E95D102FD62F
:1002F0005314440281E6A1D8C8FBD3E7E6CDE1213F
:10030000D60737C3870DD5F4ED145A4505E9E3A99F
:10031000F8A3EFFCD9026F678A4C2A8D81F67187AA
:1003200070BCBFBE85EA040A32441A448AEA010A54
:10033000804B924401EB3A7A84EA01024B44039EDB
:100340002B4482EA0A027C4D1A440AEB725281EA7B
:100350000A0335442544059E5340784C2B4402EB58
:1003600033438AEA020534440C44079E5D407449D5
:10037000254403EB752582EA0304314451446C4063
:10038000DFF8FCA10C4405EB347483EA0501BA44A0
:100390000B9E924461406B4A514404EB715185EAD3
:1003A000040A32441A44029E8AEA010A664B9244C5
:1003B00001EB3A4A84EA010233442B4482EA0A02FE
:1003C0001A44624D0AEB722262EA01034D4425444D
:1003D00083EA0A032B445E4D02EBB36363EA0A042B
:1003E00045440D4454402C445A4D03EBB45464EA44
:1003F00002017544554459402944DFF888E104EB73
:10040000714161EA0305E644964465407544DFF8AE
:1004100078C101EBF52565EA0402BC449C444A40DE
:10042000039E62444C4F05EBB26262EA010337441B
:100430002744089E6B403B4402EBB353A6F580165D
:1004400063EA0504A6F683360E445440019F344403
:10045000424E03EB744464EA02013E442E44594088
:10046000069F31443E4E04EBF12161EA03053E4410
:10047000164465400B9F35443A4E01EBB56565EA7D
:1004800004023E441E444A40059F3244364E05EB6A
:10049000B25262EA01033E4426446B400A9F334451
:1004A000324E02EB734363EA05043E440E4454406B
:1004B000049F34442E4E03EBF42464EA02013E44CC
:1004C0002E445940099F31442A4E04EBB16161EA40
:1004D00003053E4465401644029FAA19264E01EBCF
:1004E000B25262EA04053E444D401E44AB1902EB91
:1004F00073431C911F921E93204E079F63EA0105D0
:100500003E4455402644AC19856803EBF424294445
:10051000816001691D940B44036143695C441A4482
:10052000C460426150210CA800F04CFA002021B0B8
:10053000BDE8F08FFA27A1EA8530EFD4051D8804C5
:1005400039D0D4D9F87CA21F6556ACC4442229F412
:1005500097FF2A43A72394AB92CC0C8FD15D84855F
:100560004F7EA86FE0E62CFE144301A3A111084EB4
:10057000827E53F735F23ABDBBD2D72A91D386EBB0
:10058000E599DBE639A093FCC3595B6570B596B07D
:10059000044668460E46154618F00DF80023CDE9CE
:1005A0000033114B2146029303F18833039303F187
:1005B0002943A3F59613A3F68B6304933246A3F164
:1005C00088336846059318F004F8044620B9294694
:1005D000684618F037F804466846582100F0F2F9EA
:1005E000204616B070BD00BF0123456701680E4A62
:1005F0000346914215D1C169A2F11022A2F1EF1276
:1006000091420ED18268012A0BD8C26812B10169E9
:100610008A4206D0586928B19B691B1A5842584132
:1006200070470120704700BF55AA00FF70B50D4B01
:100630009E68A6B13046FFF7D9FF044678B9F36843
:100640006BB935690DB9204670BD2846FFF7CEFF5E
:1006500028B9EB68B34202D12E462D69F2E7012496
:10066000F1E700BF8CD700202DE9F8433F4F3C68ED
:10067000D4B1BC68C4B100284AD0002948D001FBDD
:1006800000F5B5FBF0F0884242D1281D40D8A907FB
:100690000DD025F003060436FC6803E06368B3421E
:1006A00038D2A469002CF9D12046BDE8F8832E4643
:1006B000F2E7FB6041E006F120016318203A5A603E
:1006C0000022C3E902242A4822691A61605029499C
:1006D000D96102B1D36062695A61A1699961AAB115
:1006E00093619A6902B153614FF0010923610023BC
:1006F000C4E90169C4E905333B69DB072ED5FFF77F
:1007000095FF58B31C4B48461B6826E0FB60E8E7A2
:100710000024C9E7A3681BB1174B01201B68984749
:10072000626804F12008921B232AC4D80123A36025
:10073000D4E90523002ABCD09361A3690BB1626997
:100740005A610023C4E905333B69DA0706D5FFF790
:100750006DFF18B10120084B1B6898472A460021FD
:10076000404644461AF03BFB9EE700BF8CD7002072
:1007700055AA00FF669911EEE81A002070B50546EB
:10078000002800F08880444E3368002B00F08380FE
:10079000B268002A7FD0834203D87268134498421B
:1007A00003D33E4B01201B689847A5F12004204647
:1007B000FFF71CFF18B1394B01201B68984755F80B
:1007C000183C012B03D0354B01201B6898470023B0
:1007D00045F8183C55F8143C3BB39A682ABB55F8C9
:1007E0001C2C02F120015A680A445A6055E905326E
:1007F0001A6155F8145C2B6903B1DD6020220021D9
:1008000020461AF0ECFA286910B18368002B2ED02C
:1008100033699B073FD5FFF709FF00283BD0BDE8B0
:1008200070401E4B01201B68184755F8100C00281B
:100830002AD0836843BB42686368134420336360F3
:1008400003692361D4E905239AB9CBB9436963618C
:100850008269A261B3B19C61A36903B15C61236940
:1008600003B1DC60202200211AF0B9FAD0E72C464F
:10087000E1E79361A369002BE8D062695A61E5E77B
:10088000F360F7E7F460E7E7F36845F8083C03B185
:100890005C61F460BCE770BD8CD70020E81A0020D2
:1008A00038B50C4614220021054613481AF097FA71
:1008B0001249134800F09EF8232C1CD915F00303AD
:1008C0001FBF043CE418C3F10403ED1822460021C5
:1008D00028461AF084FA084B0A49C3E90054203C20
:1008E0009D606C609A6811609A68A1F11021A1F175
:1008F000EF11D161DA6038BD8CD700207D0703008D
:100900006906030055AA00FF38B50546084C206863
:1009100010B90446204638BD6B6862689A4204D11B
:10092000A9681AF0D3FA0028F4D01434EFE700BF16
:100930008C28050070B50E46054610B1094C20689C
:1009400010B96FF02D0070BD6B6862689A4203D1D8
:10095000A9681AF0BBFA08B11434F0E723693360D0
:10096000F1E700BF4029050070B50E46054610B1FD
:10097000094C206810B96FF02D0070BD6B6862687B
:100980009A4203D1A9681AF0A1FA08B11434F0E729
:10099000237C3370F1E700BF3C28050030B5084BDD
:1009A0001C6814B96FF02D0006E01D7C854204D14F
:1009B00000200C605B68136030BD1433F0E700BFAB
:1009C000B027050010B50A46044619B1024B0021B4
:1009D0001B68984710BD00BFE41A0020014B1B683C
:1009E000184700BFF01A0020014B1B68184700BFD2
:1009F000EC1A0020024B1860024B0020196070476F
:100A0000F01A0020EC1A00202DE9F04F95B006AC4A
:100A100005468A461746A1461E46744BDDF8788087
:100A200003F1300C224618685968083303C2634545
:100A30001446F7D118689B88106093802EB96FF028
:100A40000304204615B0BDE8F08FB8F1000FF6D0D2
:100A50003368002BF3D1D8F800100029EFD12846D5
:100A600017F05AF80028EADD0121384617F054F84B
:100A70000028E4DD2946384617F006F80028DEDABB
:100A80000121504617F048F80028D8DD2946504685
:100A900016F0FAFF0028D2DA04A816F083FE02A8A6
:100AA00016F080FE5246394602A817F04EF9044669
:100AB00080B902A90122084617F02FF9044648B967
:100AC00002A816F053FF1FFA80FBBBF1000F08D1FC
:100AD0006FF0030404A816F06AFE02A816F067FE81
:100AE000AFE781B202A816F097FF04460028F1D1C3
:100AF0002B681F6807F007077B1E5F425F4119F8EC
:100B0000071004A816F006FF04460028E2D12A4682
:100B1000304604A917F0E8FA04460028DAD101218A
:100B2000304616F0F9FF20B10137BBB2362BE6D1C3
:100B3000CEE704A92B460846CDF8008002AA17F09C
:100B4000C0FA04460028C5D14FF0010A012104A8CB
:100B500016F0E2FF002841D004A90122084617F050
:100B6000C4F804460028B5D12A46304604A917F037
:100B7000BBFA04460028ADD10121304616F0CCFF67
:100B800001280DD12946304616F07EFF013007D1ED
:100B9000214633462A464046FEF7E6FA044699E7E0
:100BA00004A90122084617F0B8F80446002891D19C
:100BB00004AA1146104617F0C8F80446002889D147
:100BC00004A92A46084617F05DF90446002881D199
:100BD0000AF1010A1FFA8AFAD345B7D2012104A803
:100BE00016F09AFF00289FD072E700BF009405001E
:100BF0002DE9F043884685B08146684615461E4675
:100C00000C9F16F0CFFD02A816F0CCFDB8F1000F36
:100C10001FD0F5B1B9F1000F46D02A4641466846CB
:100C200017F093F80446002840F0948001214846CC
:100C300016F072FF002804DD4946684616F024FFCE
:100C400050B1684616F0B3FD02A816F0B0FD484852
:100C500027E0B9F1000F1DD0E6B1DFB10121304628
:100C600016F05AFF0028ECDD0121384616F054FF3B
:100C70000028E6DD4946304616F006FF0028E0DA97
:100C80004946384616F000FF0028DADAB8F1000FBE
:100C900000D06DB9684616F08AFD02A816F087FDEF
:100CA000002005B0BDE8F083002EF3D0002FF1D076
:100CB0000121404616F030FF0028C2DD0121284600
:100CC00016F02AFF0028BCDD3A463146684617F088
:100CD0003CF8044600283DD101226946684617F0D9
:100CE0001CF80446B0BB0122414602A817F015F8D3
:100CF000044678BB6946684602AA17F0C3F8044662
:100D000040BB0146684616F007FF002899D13A46D5
:100D10003146684617F019F80446D8B901226946E9
:100D2000684616F0FAFF0446A0B90122294602A837
:100D300016F0F3FF044668B96946684602AA17F040
:100D4000A1F8044630B90146684616F0E5FE0028D1
:100D5000A0D076E7684616F02AFD02A816F027FD17
:100D600014F5844F3FF473AFA4F5844099E700BFB6
:100D700000BEFFFF2DE9F043994685B00446DDE94A
:100D80000C8668460D46174616F00CFD02A816F0B4
:100D900009FDB9F1000F49D054B93A4C684616F034
:100DA00006FD02A816F003FD204605B0BDE8F0835D
:100DB00001222146684616F0B0FF002859D13A4674
:100DC000494602A816F08DFF002852D102A96A46B2
:100DD000084617F057F800284BD1014602A816F034
:100DE0009BFE002843D1B8F1000F1CD0002DD4D0B9
:100DF00001222946684616F090FF002839D13A466C
:100E0000414602A816F06DFF98BB02A96A46084643
:100E100017F038F868BB014602A816F07DFE30BB1B
:100E200016B164B9B9E746B90024B7E7B8F1000FC5
:100E3000DCD1002EF8D0002CAFD0002DADD02A464A
:100E40003146684616F081FF98B901226946684626
:100E500016F063FF68B922466946684617F012F833
:100E600038B90146684616F057FE0028DCD0064C1B
:100E700094E710F5844FFAD010F5814F8DD0A0F58E
:100E800084448BE780BFFFFF00BEFFFF044B1B685D
:100E9000584043085B4240421843C017704700BFA8
:100EA00088D7002010B50B4C226823684240594077
:100EB00081EA0200C00FFFF7E9FF2368521A43409E
:100EC00022EA030208401043C00FBDE81040FFF7BC
:100ED000DDBF00BF88D70020034B1A681B68534052
:100EE0004B405840FFF7D2BF88D700202DE9F0478C
:100EF00094B0054601A80E469046994617F01FFB90
:100F00009DF87000FEF7A8FD0746002850D001A804
:100F100017F015FB0022394601A8FEF7D7FD04465D
:100F200050B9384617F03EFB40220746214604A838
:100F300019F055FF009456B904A84021FFF742FD6F
:100F400001A817F001FB204614B0BDE8F087BE42AF
:100F500001A8B24628BFBA46FEF714FE30BB4A4687
:100F6000414601A8FEF732FE00BB042269460DEBA4
:100F70000200FEF72BFEC8B904A901A8FEF750FE37
:100F8000A0B904AA05EB0A018D4207D19DF80330F0
:100F9000A6EB0A0601338DF80330CCE715F8010BF8
:100FA00012F8013B434005F8013CEDE70446C3E776
:100FB000004CC8E780BFFFFF2DE9F0411546204AED
:100FC00086B007468846106851681E4601AB03C3C9
:100FD0009DF83400FEF740FD044678B303A817F0EF
:100FE000AEFA2146002203A8FEF770FD0446F0B9D0
:100FF00003A8FEF7C7FD0446C8B9082201A903A843
:10100000FEF7E4FD044690B94246394603A8FEF7D0
:10101000DDFD044658B93246294603A8FEF7D6FD41
:10102000044620B90C9903A8FEF7FAFD044603A86C
:1010300017F08AFA204606B0BDE8F081014CF9E7C6
:101040004813050080BFFFFF2DE9F3471E4600232C
:101050000D4691460746CDE90033DDF8288000288B
:101060003BD017F0EAFB0446002868D06A463846B1
:1010700001A9FFF793FC002861D1AC425FD1009C2D
:101080002C4404F108037F2B59D804F10A0305F11D
:101090000A02934253D3B34251D8341B0A3C0A2C60
:1010A0004DD943464FF0000A012203F802AB033C3E
:1010B000184688F80120FF21224619F090FE0346C9
:1010C000204403F804A067B92A464946013019F0C4
:1010D0005FFE002002B0BDE8F0878E422FD3741A65
:1010E000DDE730224270009CC27004F10803E2B2D6
:1010F00053FA85F38370131D037106234371C31DD7
:10110000827101992246184619F042FE05210423F6
:1011100002190155EFB29370D318184682F801A056
:10112000D77049462A4619F033FE034608EB0602FB
:101130002B449A42CDD031464046FFF743FC01484C
:10114000C8E700BF80BFFFFF38B5154615F004FFA4
:10115000044638B90146284616F0DEFC024B00284A
:1011600008BF1C46204638BD80BFFFFFF8B500F120
:1011700008064768044630460D4616F00EFC8742C6
:101180004BD16368B3F5806F47D80021304616F025
:10119000C3FC002841DD0021304616F0D7FBE0B348
:1011A00045B9294604F1100016F0B6FC002834DDDC
:1011B0000020F8BD04F120050021284616F0ACFC03
:1011C00000282ADD0021284616F0C0FB28B304F1D0
:1011D00028050021284616F09FFC00281DDD00216F
:1011E000284616F0B3FBC0B1002104F1100016F040
:1011F00093FC002811DD002104F1300016F08CFC76
:1012000000280ADD002104F1380016F085FC0028D2
:1012100003DD002104F14000C6E70148C9E700BF33
:1012200080BFFFFF2DE9F04F00F108098DB00446A3
:101230000021484616F070FC04F120070021064604
:10124000384616F069FC04F1280800210690404653
:1012500016F062FC04F1180A00210B90504616F0BB
:101260005BFC04F1100B00210A90584616F054FC68
:1012700004F13003002105461846039316F04CFC98
:1012800004F13803002107901846049316F044FC3B
:1012900004F14003002108901846059316F03CFC29
:1012A000DDE90A320699099041B10AB113B9FDB9D5
:1012B000294839E096B9002DFAD02DE0002EF7D05C
:1012C000002AF5D1F3B1002DF2D03B4652465946E3
:1012D0004846CDF80080FFF797FB10E0002DE7D0DF
:1012E000079B5BB3089B4BB3099B3BB301230BE00C
:1012F0008EB153465A464146384617F0FDF900284C
:10130000EED00FE0002DD3D0194620460DB0BDE839
:10131000F04FFFF72BBF012642463946484616F0EC
:1013200014FD20B1A0F581400DB0BDE8F08F484616
:1013300016F033FB6060002ED2D0DAE7059B5246F0
:101340000193049B414600933846039B17F031FA02
:101350000028CBD0E6E700BF80BFFFFF70B50021BB
:101360000446FFF703FF054610B10E4D284670BD39
:1013700004F10806304616F00CFB7F28F5D910342E
:101380002946204616F0E2FA0028EED0204616F054
:1013900000FB0128E9D93146204616F075FB0028EC
:1013A000E4DBE2E700BEFFFF30B58C188BB00546EA
:1013B00008913023214609AA08A815F067FD28B92D
:1013C000DDE9083213449C4202D023480BB030BD03
:1013D0000223214609AA08A815F058FD0028F5D1D6
:1013E000DDE908120346CDE90500CDE90300CDE9AA
:1013F00001000090284617F06AFA0028E5D1DDE9DF
:101400000832134408932146022309AA08A815F0BC
:101410003DFD0028DAD1DDE9081299B9DDE908328D
:10142000284613440893FFF7FDFE0028CDD1284637
:10143000FFF794FF0028C8D1089BA34218BF6FF0A4
:101440006500C3E705F1100016F0ADFA0028E5D0FD
:10145000B0F5814FE2D0B8E780BFFFFFF0B585B0AF
:101460000446FFF77BFF20B901212046FFF77EFEEF
:1014700010B1134805B0F0BD04F1100304F12005CC
:1014800004F1280604F11807CDE901000093324663
:101490003B46294604F10800FFF7AAFB0028E8D1E3
:1014A00004F14003019304F1380300933A463146B6
:1014B000284604F13003FFF75DFC0028DAD0D8E7B6
:1014C00000BEFFFF38B505460C46FFF747FF18B9C9
:1014D0002046FFF7C3FF08B1094838BD04F10801F1
:1014E00005F1080016F0D0FA0028F5D104F110013A
:1014F00005F1100016F0C8FA0028EED0ECE700BFA6
:1015000000BEFFFFF0B50C4685B00021054616462B
:10151000FFF72CFE002839D102A816F043F9214626
:101520006A6802A816F03FFA044618B102A816F03D
:101530003EF90CE005F10804214602A816F0A4FAD1
:10154000002807DB02A816F032F96FF00304A4F5B7
:10155000854418E005F1480302A96F680846009326
:1015600005F11002234616F0B5FD04460028DDD132
:101570003A46314602A816F02CFA044602A816F0A4
:1015800016F9002CE3D1204605B0F0BD004CFAE777
:1015900080BFFFFF2DE9F04F054617461C460E465B
:1015A0009DB039B9024C20461DB0BDE8F08F00BF98
:1015B00080BFFFFF0121FFF7D9FD0028F2D104A869
:1015C00016F0F0F806A816F0EDF808A816F0EAF8FC
:1015D0000AA816F0E7F810A816F0E4F812A816F01A
:1015E000E1F80CA816F0DEF80EA816F0DBF814A847
:1015F00016F0D8F816A816F0D5F821466A6804A89F
:1016000016F0D1F90446002840F04E8105F1080893
:10161000414604A816F038FA002880F2C4811AA8BE
:1016200016F0C0F8AB6E002B00F0658105F1600983
:101630004A464946484616F088FB0446002840F0D2
:101640008D8142464946484616F01CFC0446002857
:1016500040F0848105F168094A464946484616F03B
:1016600074FB0446002840F07981424649464846CA
:1016700016F008FC0446002840F070811AA816F005
:1016800096F804A9084605F1600216F05EFB0446D0
:10169000002840F0098104A94246084616F0F2FBF2
:1016A0000446002840F0008104A914A816F0FDF8B3
:1016B0000446002840F0F88005F1200A0122514636
:1016C00006A816F02AFB0446002840F0ED8005F13C
:1016D00028090122494608A816F01FFB04460028E5
:1016E00040F0E2803B4632461C210AA816F078FD05
:1016F0000446002840F0D8800AAA06A910A816F0CF
:1017000024FB0446002840F0CF8010A9084605F1CC
:10171000300216F0E3FA0446002840F0C5803B464C
:1017200032461C210AA816F05BFD0446002840F052
:10173000BB800AAA08A912A816F007FB04460028D5
:1017400040F0B28012A9084605F1380216F0C6FA38
:101750000446002840F0A88005F15003009310AA29
:10176000534604A90CA816F0ACFC0446002840F02F
:101770009B8005F15803009312AA4B4604A90EA8BA
:1017800016F09FFC0446002840F08E800EAA0CA99B
:1017900004A816F0A6FA0446002840F0858005F15A
:1017A000400204A90CA816F0D0FA044600287BD108
:1017B00052460CA904A816F065FB0446002873D114
:1017C0004A4604A90CA816F0C0FA044600286BD1BA
:1017D0000CAA0EA904A816F081FA0446002863D1C9
:1017E00005F14803009305F11002434604A916A829
:1017F00016F067FC0446002856D114A916A816F066
:1018000043F9002840F0D280A86815F0C1FE0746D1
:1018100018A8EE8915F0C6FF1AA815F0C3FF4146B7
:1018200018A815F011FF0446002840F0B880710098
:1018300001311AA815F0C9FF0446002840F0AF8016
:10184000314604A815F0C1FF0446002840F0A780E7
:10185000314605F1680015F0B8FF0446002840F055
:101860009E801A9B04990293189B0846CDE9007349
:101870003346AA6815F07AFF1A9B0196CDE90273E8
:10188000AB680499009308463346AA6E15F091FEA2
:1018900018A815F08CFF1AA815F089FF6A68269918
:1018A00004A816F096F8044606A815F080FF08A8CC
:1018B00015F07DFF0AA815F07AFF10A815F077FF44
:1018C00012A815F074FF04A815F071FF0CA815F00C
:1018D0006EFF0EA815F06BFF16A815F068FF14A890
:1018E00015F065FF002C3FF45EAE14F17F0FA8BF2A
:1018F000A4F5864457E64FF00C0A05F1680B05F194
:101900006009BAF1010A48D069683B463246584638
:10191000013916F065FC044600BB69683B46324657
:1019200001391AA816F05CFC0446B8B95946484675
:101930001AAA16F00AFA044680B9424649464846B1
:1019400016F0A0FA044648B942464946484616F001
:101950005FFC044630B110F10E0FD2D01AA815F07A
:1019600026FFA1E7494648461AAA16F0EEF90446B2
:101970000028F3D142464946484616F083FA044609
:101980000028EBD105F148030093494643464846F9
:1019900005F1100216F095FB6CE6054CDEE718A881
:1019A00015F005FFDAE76FF003047DE7014C7BE7F4
:1019B00080BBFFFF80BCFFFF2DE9F04F89B006928E
:1019C0000746DDE912B2DDE914A588461C460492FB
:1019D000002B46D1BBF1000F3FD1B8F1000F03D16E
:1019E000484809B0BDE8F08F7E6897F87490B9F167
:1019F000000F08BFA146484616F01FFF0446002806
:101A0000EED0BAF1FF3F3AD102B2B6EB420F4FEA45
:101A10004203E5D30233B3423AD9B31EA3EB000A23
:101A200032460021284619F0DAF907F10803184672
:101A3000059315F0AEFF07900120331B9A1EA2EB11
:101A40000A02A9180131A854524606980391C047CA
:101A50000399F8B1A0F58940C3E7049B002BBCD1E2
:101A6000BEE7049B002BBBD00029B9D046682046B6
:101A700016F0E3FE0028B3D08345B6D0B0E7BAF144
:101A8000000FADDB0AF102020244B242C8D9A7E757
:101A90008246C5E701EB0A030A46CDE90039039304
:101AA000594653460498FFF787FA002899D1079BB7
:101AB000039A013B13F0070F0CBF01200020331BDA
:101AC000591E091A2346CDF800902844FFF70EFA54
:101AD000002886D1059815F05CFFFF23C0EBC600F7
:101AE0002A780130034113402B70BC23039A4146EE
:101AF000135538462B46069A129509B0BDE8F04FAB
:101B0000FFF748BD80BFFFFF2DE9F04F87B0CDE95B
:101B10000223109B064604938A46DDE91183DDF813
:101B20004C90059319B9364807B0BDE8F08F90F88E
:101B3000740016F082FE04460028F4D002B208F1C8
:101B4000020303EB4203434575684FEA420BEAD3B5
:101B5000AB42E8D82A460021484619F040F94F46E2
:101B6000002307F8013B224639460298D04710B1BE
:101B7000A0F58940D8E796F8740007EB040AFDF752
:101B80006BFF0028CFD0DDE903125346FEF766F85D
:101B90000028C9D10122A5EB0803023B2344A3EB93
:101BA0000B030AEB03000AF80320B8F1000F04D07E
:101BB00042460599013019F0EBF896F8743004F1BB
:101BC0000108013DC8442D1B00933A46234629468F
:101BD0004046FFF78BF90028A6D196F874304246AC
:101BE000009321462B463846FFF780F900289BD109
:101BF0004A464946304607B0BDE8F04FFFF782BC81
:101C000080BFFFFF2DE9F74F1E460C9B16F10C0F0E
:101C10008046894692460D9F4468019303D91C482B
:101C200003B0BDE8F08F06F10B03A342F7D8002301
:101C30003B700029F3D00223A41B013CBD1C7B7028
:101C40003C44A5420FD100232B7026B132460199A6
:101C5000681C19F09DF83A463946404603B0BDE885
:101C6000F04FFFF74FBC4FF0640B0122294650465E
:101C7000C8472A7842B9BBF1010B02D1A0F58940CF
:101C8000CEE70028F1D0F9E70028F7D10135D8E7F1
:101C900080BFFFFFF0B5056F85B0DDE90A6725B1AC
:101CA000012D07D0074805B0F0BD05B0BDE8F040F4
:101CB000FFF7A8BF01930023CDE902670093FFF768
:101CC00023FFF0E700BFFFFF2DE9F04F9B46036FB6
:101CD0000646012B89461446ADF2544D05D0564CAC
:101CE00020460DF2544DBDE8F08F43680393103B3E
:101CF000B3F57C7FF3D890F8740016F09EFD05468E
:101D00000028ECD0039B471CB3EB470F4FEA470872
:101D1000E5D30DF1500A224649463046DDF88034BD
:101D2000CDF800A0FFF736FC0446002868D1039BDD
:101D3000574403F1FF3996F87430A9EB0509009375
:101D40003A464B4629460DF15100FFF7CFF80446BD
:101D5000002855D196F874304946009338462B46F2
:101D60000DF15102FFF7C2F80446002848D196F859
:101D70007400FDF771FE002857D05946DDF878242D
:101D800004ABFDF76BFF0446D0BB9DF85000FFF796
:101D90007DF80DF151035E1907462A463146DFF8FA
:101DA000A49004A816F0A8FBFFF770F83544D9F802
:101DB0000060AA46F643A346039B0743A3EB08082B
:101DC000A844C24526D1012115F80B00FFF784F87D
:101DD000D9F800203843824205EB0B0627D1039B3C
:101DE000711814AADDF888048A1A9A1A824220D837
:101DF000DDF87C0402601AB1DDF8840418F0C8FF35
:101E000014A84FF48061FEF7DDFD402104A8FEF721
:101E1000D9FD65E700211AF8010BFFF75DF826EA06
:101E2000000606F001029344CBE7034CE8E7034CBD
:101E3000E6E7034CE4E700BF80BFFFFF00BFFFFF02
:101E400000BCFFFF88D700202DE9F04FADF2144D04
:101E50000293036FD0F80480002B40F08380A8F138
:101E60001003B3F57C7F7DD804AFDDF838340097DC
:101E7000FFF790FB044600286AD1DDF84034A8F152
:101E80000B0B5B4528BF5B4638789946FEF7FEFF93
:101E9000022106467878FFF71FF825460C46DFF842
:101EA000CCA00643DAF800300021385D0393FFF739
:101EB00013F8039B013463EA0003DA43A04502F000
:101EC00001010D44F0D1082128461643FEF7EAFF30
:101ED000DAF800300643A8EB05057340033D25EA18
:101EE000030509EA06031D4329464846FEF7DAFFC3
:101EF0000346DAF8004006F48242744020EA040403
:101F000004F4884414430DF11B015A4630430393F3
:101F100016F0FFFA039BDAF80020A8EB09085A40F4
:101F200025EA020509EA03031D43B8444946404631
:101F3000A9EB0502FDF706FDDDF8403464422BB144
:101F40004A464146DDF83C0418F022FF029B1D6022
:101F50004FF480613846FEF735FD20460DF2144DF2
:101F6000BDE8F08F004CF8E780BFFFFF88D7002066
:101F7000F0B5056F87B0DDF838C0DDE90C6725B135
:101F8000012D07D0084807B0F0BD07B0BDE8F0400C
:101F9000FFF75ABFCDE901360023CDE9037C00935A
:101FA000FFF792FEEFE700BF00BFFFFF1FB5046F12
:101FB000012C0FD1446F04B963B1089C03944FF016
:101FC000FF340294079C0194069C0094FFF7F4FCF4
:101FD00004B010BD0048FBE780BFFFFF2DE9F347C9
:101FE0000C9F054689469246DDE90A12184603B958
:101FF00009B1002A4CD02B6F002B49D100976B6898
:10200000FFF722F8044638B901206968FEF7E6FCBC
:10201000064628B96FF00F04204602B0BDE8F087ED
:1020200001206968FEF7DAFC804618B93046FEF7F1
:10203000DBFCEFE73B465246494628460096FFF751
:10204000A9FA044690B9424631462846FFF75AFAA3
:10205000044658B9394640466A6816F04DFA0446B7
:10206000A0B9314638466A6818F092FE3046696871
:1020700016F038FB4046696816F034FB002CCBD0D4
:10208000212138466A6818F0AAFEC5E7014CEDE741
:10209000014CC1E700BDFFFF80BFFFFFF0B4069E0B
:1020A000DDE9044503B904B195B1076F27B1012FEC
:1020B00008D00848F0BC7047CDE905560494F0BC40
:1020C000FFF78CBFCDE905560494F0BCFFF76EBF57
:1020D0000148EFE700BFFFFF80BFFFFF2DE9F04F92
:1020E0000D460021ADF2544D0746914615A84FF418
:1020F0007F7214AE9DF878B40393316018F06FFED0
:1021000015B9B9F1000F06D0039B23B93F480DF272
:10211000544DBDE8F08FD7F80480A8F11003B3F553
:102120007C7FF3D832463846DDF88014FFF7EAF9B1
:102130000028ECD108F1FF34335DBC2B01D03448CA
:10214000E5E7002D59D1584616F077FB05460028E3
:10215000DCD007F1080015F01CFC3278471EC8F1EE
:10216000010307EBC3031A41D0D1780708BFA0468B
:1021700005F1020314BF34460DF151044345C5D89F
:10218000A8EB0501013904EB010A2B465246204613
:10219000CDF800B0FEF7AAFE0028B8D1FF233278B0
:1021A000C7EBC8073B41134033700AF1FF3214F804
:1021B000013B611E8A4201D9002BF8D0012BBED110
:1021C000DDF87C24AAEB0403511C01D09342B6D164
:1021D00004AE224649460398CDF804B00096FEF7B7
:1021E000EBFE002893D12A463146504618F06EFE89
:1021F000084B002818BF184689E7284616F01DFB33
:10220000002883D081459ED080E700BF80BFFFFFBC
:1022100000BFFFFF80BCFFFF30B585B001B902B140
:1022200073B1446F54B1E4B2089D02954FF0FF358D
:10223000CDE90045FFF752FF05B030BD0C46F3E78E
:102240000048F9E780BFFFFF2DE9F347804691463C
:102250009A460C4601B912B1BAF1000F3FD0D8F836
:10226000045001202946FEF7B9FB064648B129462D
:102270000120FEF7B3FB074648B92946304616F061
:1022800031FA6FF00F04204602B0BDE8F0870090ED
:102290002B46204652464946FEF7D6FE044640B13C
:1022A0002946304616F01EFA2946384616F01AFA24
:1022B000E9E7324640460A99FFF724F90446002828
:1022C000EED139462A46304616F016F9044629461C
:1022D0003046002CE6D016F005FA024CE4E7024C3A
:1022E000D1E700BF80BCFFFF80BFFFFF30B4029C7E
:1022F00001B902B173B1056F25B1012D06D00648B1
:1023000030BC7047029430BCFFF79EBF029430BCD3
:10231000FFF782BF0148F3E700BFFFFF80BFFFFF69
:1023200070B50D46144688B0064606A815F03AFA70
:10233000059525443023294604AA05A814F0A6FDD6
:10234000044628B9DDE9042313449D4203D05B4CC5
:10235000204608B070BD294603AA05A814F0F8FD70
:1023600004460028F4D1039B002BF0D1294606AA8D
:1023700005A8FEF7E9FE044618B106A815F017FAFD
:1023800095E003460246CDE9000006A9304616F066
:102390005BFA04460028F0D1294606AA05A8FEF7F4
:1023A000D3FE04460028E8D106A906F1100015F076
:1023B0007CFA10B1B0F58144DFD1294606AA05A800
:1023C000FEF7C2FE04460028D7D106A906F1180080
:1023D00015F06BFA10B1B0F58144CED1294606AAAA
:1023E00005A8FEF7B1FE04460028C6D106A906F1ED
:1023F000200015F05AFA10B1B0F58144BDD129463C
:1024000006AA05A8FEF7A0FE04460028B5D106A935
:1024100006F1280015F049FA10B1B0F58144ACD1AD
:10242000294606AA05A8FEF78FFE04460028A4D177
:1024300006A906F1300015F038FA044600289CD1B0
:10244000294606AA05A8FEF77FFE0446002894D177
:1024500006A906F1380015F028FA044600288CD1A8
:10246000294606AA05A8FEF76FFE0446002884D177
:1024700006A906F1400015F018FA044600287FF47A
:102480007CAF3046FEF7CEFE044600287FF475AFE1
:102490003046FEF763FF044600287FF46EAF059BCD
:1024A00006A8AB4207D015F082F96FF065043046FC
:1024B00016F058FA4CE715F07AF949E780BFFFFFAC
:1024C00003460020094AC3E900009A6002F18832FD
:1024D000DA6002F12942A2F59612A2F68B621A6125
:1024E000A2F188325A61024A9A6170470123456716
:1024F000F0E1D2C32DE9F04F4B68CD68AFB01BBA05
:1025000007932BBA08930B69D1F800E093FA83F88C
:102510004B698E6893FA83FA8B6900901BBA099312
:10252000CB699EFA8EFE1BBA11930B6A36BA93FAE8
:1025300083FB4B6A1BBA0A938B6A1BBA0B93CB6A59
:102540001BBA0C930B6B1BBA0D934B6B1BBA02930C
:102550008B6B1BBA0393CB6B1BBA049383680E93EC
:10256000C368019303690E9905934369019F0F9313
:1025700083690F9A1293059B089D83EA0200019BD1
:1025800018405040DD4B129A03EBB7071A4402EB98
:10259000F16210440199059A704482EAB1020E99E1
:1025A0002F440A4005990A9D4A400F998EEA060E6B
:1025B00019440A4407998EEA0B0E0A440E9902EB5D
:1025C000F0624FEAB10C01998CEAB104044084EA4C
:1025D000B1040599194431440C448CEAB00111400E
:1025E00004EBF26481EA0C014FEAB202394482EA58
:1025F000B00727409C4401EBF461C44482EAB4096B
:1026000087EAB007674409EA01090AEB030C07EB04
:10261000F1670CEBB00C4FEAB101099889EA0209A5
:10262000E14481EAB40C0CEA070C184410448CEA2B
:10263000B40C119A09EBF769844481EAB70000EA07
:1026400009001A4402EBB402484010444FEAB902B0
:102650000CEBF96C82EAB7040BEB030904EA0C04F7
:1026600084EAB704894400EBFC6004EB090182EAC8
:10267000BC0405EB0309044001EBF0610B9D4FEA3C
:10268000B00009EBB70954404C4480EABC09EF188C
:1026900009EA0109174489EABC090C9A04EBF164C0
:1026A000B94480EAB10727401A4409EBF4690D9D4B
:1026B0004FEAB40402EBBC024740174484EAB1027B
:1026C00005EB030C02EA0902029D07EBF96784445B
:1026D00082EAB10284EAB9006244384005EB030C97
:1026E00002EBF7620CEBB10C4FEAB70703996040BD
:1026F000604487EAB90C0CEA020C194421448CEAC4
:10270000B90C049C00EBF2608C4487EAB2010140F2
:102710001C4404EBB904794021448EEA0504069474
:10272000069D0CEBF06C03EBF57EBE44DDE907572C
:102730006F400A9D4FEAB00080EAB2046F40039DEB
:1027400004EA0C047D4084EAB204744403EBF57E91
:102750000EEBB20E0B9A86EA080601EBFC6180EAEA
:10276000BC075640049A0F4056404740774403EB5D
:10277000F67E86440898079580EA0A050C9804EBD3
:10278000F164454006984FEAB10185EAF070109077
:10279000109D4FEAF07007EBF467149081EAB400E3
:1027A000384003EBF57303EBBC0348401844099B26
:1027B0004FEAF67288EA03080D9B139288EA030831
:1027C000079B81EABC0288EAF3730893089D4C4B8F
:1027D000224082EABC0203EBF57C8C441199029DF5
:1027E000724402EBF7628AEA01014FEAB70787EA0F
:1027F000B409694081EAF67189EA0209E14403EB10
:10280000F17C0CEBB40C099C00EBF26084EA0B0841
:10281000039C87EAB20A88EA0408109C8AEA000A44
:1028200088EAF478E24403EBF87C119DBC440A9FEB
:1028300009EBF06985EA070E049D4FEAB0008EEAC5
:10284000050E089D4FEAF8748EEAF57E03EBFE77DD
:1028500015944FEAFE7580EAB20407EBB2070B9AB3
:102860001195069D84EA09048BEA02020AEBF96AD3
:10287000644482EAF57280EAB90C04EBFA6482EAF5
:10288000F1728CEA0A0C4FEABA0A03EBF27BBC4401
:102890008AEAB907674083440A9D07EB0B000C9F47
:1028A00009926F40079D0D9A87EAF57787EAF875D8
:1028B0000A9503EBF57B0B9D0BEBB90B85EA02093F
:1028C00089EAF67686EAFE760CEBF46C8AEAB407BF
:1028D0004FEAF672029D169287EA0C070C9A5F4443
:1028E00003EBF67BD34482EA050A109A00EBFC6006
:1028F0008AEAF2754FEABC0C099A03E09979825A88
:10290000A1EBD96E8CEAB40985EAF27589EA00096F
:1029100007EBF0678CEAB00AD94403EBF57B8AEA4F
:10292000070A0BEBB40B09EBF7690AEB0B044FEA50
:10293000F572109204EBF9620C92039C0D9A4FEA27
:10294000B70782EA040A089A049C8AEAF27A0A9A89
:102950008AEAF27203EBF27B87EAB00A0B928AEA08
:10296000090A0C9AE3440AEB0B0C0CEBF26C029A8A
:1029700082EA040A8AEAF17A8AEAF67202920C9AE8
:1029800087EAB90A8AEA020A029A03EBF27B0C9AF6
:102990000BEBB00BDA4406984FEAB20B039A0AEB42
:1029A000FC6A82EAF07484EAF87484EAF5748BEACB
:1029B000B90003EBF4784FEAF47280EA0C00B844F3
:1029C0000D9200EB0807049A079807EBFA6782EA72
:1029D000F0700B9A80EAFE7080EAF2720C924FEA75
:1029E000F27217920C9A06988BEABC0E03EBF278FF
:1029F000139A08EBB9088EEA0A0EC64482EAF07808
:102A0000099A4FEABA0A88EAF278029A079888EA9D
:102A1000F27203928AEABC0803EBF279149AD94461
:102A200088EA0708C84482EAF0790A9A089889EA8D
:102A3000F27989EAF4720EEBF76E04928AEAB7092A
:102A400003EBF27B139A89EA0E090BEBBC0B09EB43
:102A50000B0C82EAF0790C9A89EAF67989EAF27924
:102A600008EBFE684FEAF9724FEABE0E13928EEA47
:102A7000B706149A03EBF97B86EA0806D34406EB03
:102A80000B0A82EAF176039A86EAF57686EAF2760E
:102A90004FEAF6721492159A03EBF67B0BEBB70B29
:102AA00082EAF0770B9A0CEBF86C87EAF277049ADB
:102AB0008EEAB80587EAF27285EA0C0506925D4453
:102AC00003EBF27B119A0AEBFC6A82EAF1714FEA9E
:102AD000BC0C029A8CEAB807F34481EAF27187EAE7
:102AE0000A075F4481EAF97B05EBFA658CEABA0EC6
:102AF00003EBFB7101EBB8018EEA050E159A8E44CB
:102B000009990A9882EAF17181EAF47484EAF67408
:102B10004FEAF4721592119A03EBF478E04482EADA
:102B2000F07C0C9A07EBF5678CEAF270069A4FEA94
:102B3000B50580EAF2720C924FEAF27211920C9A89
:102B40000EEBF76E85EAB70C03EBF27303EBBA03F7
:102B50008CEA0E0C099A9C44169B85EABA0183EA1A
:102B6000F272039BD948794082EAF37282EAFB73DE
:102B7000414401EBFE6100EBF372154441EABE02F1
:102B80000CEBF16C01EABE0802EAB70205EBFC654A
:102B900042EA08022A440793109D0A9B4CEAB108B6
:102BA00085EAF375049B08EABE0885EAF37585EAB1
:102BB000F4730CEAB10548EA050500EBF37808EB7D
:102BC000B708089305EB0807169B0B9D07EBF26708
:102BD00083EAF5780C9B88EAF97888EAF37800EBC9
:102BE000F87505EBBE0E42EABC0502EABC0905EA2F
:102BF000B1054FEAF87345EA09050EEBF76EAE44EE
:102C00001693029D109B47EAB20983EAF575079B6C
:102C100085EAF67686EAF37609EABC0907EAB205A0
:102C20004FEAF67349EA050500EBF679109309EBD4
:102C3000B1090D9B0B994D4483EAF171069B05EB9D
:102C4000FE6581EAF371089B0EEAB70981EAF37326
:102C500000EBF37101EBBC0C4EEAB701029809934B
:102C600001EAB201179B0CEBF56C41EA09016144E2
:102C700083EAF07C8CEAFB7C944845EABE098CEA46
:102C8000F87309EAB70905EABE0C49EA0C0C00EB37
:102C9000F379029309EBB2090D9B039ACC4483EAC2
:102CA000F27282EAF47484EAF67400EBF47202EBD6
:102CB000B70741EAB5020CEBF16C01EAB50902EA8B
:102CC000BE024FEAF47342EA090207EBFC671744BD
:102CD0000D93179B049A4CEAB10983EAF2720C9B9C
:102CE00009EAB50982EAF370099B0CEAB10280EAAD
:102CF000F3730A934FEAF3730C9374480A9B49EAFF
:102D0000020200EBF379139B039809EBBE0983EAF7
:102D1000F07E079B6D488EEAF37E029B4A448EEA62
:102D2000F37300EBF37909EBB50947EABC0502EB55
:102D3000F7620498039307EABC0E149B05EAB105F9
:102D400045EA0E0509EBF269A94483EAF075089B90
:102D50005E4885EAF37585EAF47342EAB70505EA49
:102D6000BC0502EAB70E45EA0E0E00EBF3750493BC
:102D700005EBB105139B0699AE4483EAF1710A9BFA
:102D800081EAF87888EAF37800EBF8714FEAF87393
:102D9000139301EBBC0C149B49EAB2010EEBF96EE4
:102DA00009EAB20501EAB701294383EAFB7A0CEB91
:102DB000FE6C039B8C448AEAF67A4EEAB9018AEAF1
:102DC000F37A01EAB2010EEAB9050D4300EBFA719C
:102DD0004FEAFA7301EBB70114930D44159B069962
:102DE00005EBFC6583EAF171099B81EAF371049BB1
:102DF00081EAF373069300EBF377119B07EBB207BD
:102E00004CEABE020CEABE0102EAB90283EAFB7B8D
:102E1000029B0A4307EBF56717448BEAF37B45EA0D
:102E2000BC028BEAF87B02EABE0205EABC01114350
:102E300000EBFB7202EBB902159B1144079A01EB00
:102E4000F76183EAF27686EAF47686EAFA7600EBB0
:102E5000F67447EAB50204EBBE0402EABC0207EAD4
:102E6000B50E4FEAF67342EA0E0204EBF164144425
:102E70001593119B089A41EAB70E83EAF2720A9BF6
:102E80000EEAB50E82EAF370069B01EAB70280EA09
:102E9000F3704FEAF07311930C4B4EEA020203EB0E
:102EA000F07E0EEBBC0E169B02EB0E0C079A0CEBA1
:102EB000F46C83EAF272039B04EAB10E82EAF372C5
:102EC00082EAFB73014A079302E000BFDCBC1B8F60
:102ED00002EBF37202EBB50244EAB10505EAB7056D
:102EE00045EA0E0502EBFC622A44109B089D0CEAA1
:102EF000B40E83EAF575049B85EAF37585EAF673EB
:102F00004CEAB40505EAB10545EA0E0ED14D089329
:102F100005EBF37505EBB705169BAE44099D0EEB6B
:102F2000F26E83EAF57585EAF87585EAF0754FEA81
:102F3000F5731693C74B02EABC0803EBF57707EB72
:102F4000B10742EABC0101EAB40141EA080107EB1A
:102F5000FE670F44109B02994EEAB20983EAF171B1
:102F6000079B81EAFA7181EAF3714FEAF1731093DA
:102F7000B84B09EABC090EEAB20803EBF17349EA5F
:102F8000080803EBB4030B9108EB030409990D9BAC
:102F90004FEABE0A83EAF17306998AEAB20E83EA1F
:102FA000F17308998EEA070E83EAF17319460993C3
:102FB000A94B04EBF76403EBF1780C99029B08EB47
:102FC000BC0881EAF37C8CEAFB7CA3498CEAF573AC
:102FD00001EBF37C0A930CEBB20C0D9B039AC644F5
:102FE00083EAF2790B9B8AEAB70889EAF6790EEB55
:102FF000F46E89EAF37988EA04084FEAB40401EB35
:10300000F972E04484EAB70C4FEAF97352448CEA4F
:103010000E0C0D9394440C9B049A08EBFE6883EA13
:10302000F276099B86EAF07686EAF3764FEAF67343
:103030000C9301EBF670139B039900EBB70083EA46
:10304000F177079B049987EAF3770A9B84EABE022B
:1030500087EAF3774FEAF7737F4F02931993DF19EB
:10306000149B82EA08022744024483EAF1744FEA7F
:10307000B800089B0CEBF86C80EABE0A8AEA0C0ADE
:1030800084EAF37484EAF974BA44734F4FEAF47330
:10309000069903931A93DF19139B02EBFC6280EAF3
:1030A000BC0483EAF17807EBBE07544088EAF57860
:1030B0003C4488EAF678684F0AEBF26A4FEAF878FF
:1030C0004FEAB202149B82EABC054744074485EAF2
:1030D0000A053D4483EAFB770B9B5F4987EAF37758
:1030E000029B04EBFA645F404FEAF77782EABA008A
:1030F000791801EBBC016040159B08440699DFF884
:1031000058C183EAF171099B05EBF46581EAF3711B
:10311000039B4FEAB40459404FEAF171119B8C4470
:10312000944483EAFB720A9B84EABA0E82EAF37241
:1031300082EA0802DFF820B14FEAF2728EEA050E49
:1031400000EBF560E644934484EAB50C0BEBBA0B54
:103150008CEA000C0EEBF06E159BDC444FEAB00BD2
:103160000798CDF86C8083EAF07A8AEAF97A8AEADD
:10317000070ADFF8E4904FEAFA731C971D911E923C
:103180009944049308981F93119BA14483EAF07417
:1031900084EAF6744C404FEAF4732F4C07980CEB1A
:1031A000FE6C069320938BEABE061C19169B04EB5B
:1031B000B50486EA0C06264483EAF074029B08985C
:1031C0005C40109B8BEAB50A83EAF070039B544085
:1031D000214D4FEAF4745840049B8AEA0E0A65199F
:1031E0005D44CA445840DFF870B00AEBFC6A4FEA0D
:1031F000F0734FEABC0C099807938CEABE0922933E
:103200009B44169B89EA0A0906EBFA660BEBBE0B98
:10321000A94483EAF07E8CEABA05069B75408EEAE3
:10322000080E5D448EEA030EDFF82CB04FEAFE7EF6
:10323000109B0A98F344E34483EAF07C8CEA070C81
:103240008CEA040C4FEAFC77DFF80CC009EBF66956
:1032500004E000BFDCBC1B8FD6C162CA4FEAB606D1
:103260000D9B099805EBF9652194BC4486EAB904E5
:103270000CEBBA0C6C40644483EAF07C079B8CEA4C
:10328000010C8CEA030C4FEAFC71DFF80CC10C9BBB
:103290008C44B44486EABA080A9E88EA090883EA9C
:1032A000F676564086EA0E064FEAF676269606F140
:1032B0004A46D84406F5C50608EBF56806F5834688
:1032C0004FEAB50504EBF86485EAB90085EAB8026F
:1032D000563606EBB90680EA080062400D9B604452
:1032E0003244029E00EBF4604FEAB404CDF88CE067
:1032F000249725912D945E40049B02EBF0625E4082
:103300007E404FEAF676279606F14A4606F5C50650
:1033100006F5834656360C9B2E44039D84EAB80777
:103320005D40069B47405D404D4018954FEAF5755E
:10333000289505F14A4505F5C5054FEAB00005F5A4
:10334000834584EA000156355140374405EBB80502
:1033500007EBF2674B190E9903EBF76329930B44C4
:1033600000992A978B60019B4FEAB2021F44059B8C
:103370002B921A440F9B2C901844129BCF601C4434
:103380000A6148618C6118A85821FDF71BFB0020D9
:103390002FB0BDE8F08F00BFD6C162CA0129034635
:1033A0002DE9F04143D8234A002918BF9046224A0C
:1033B000224F18BF964602F1794202F5740202F5D7
:1033C000016218BF94461E4A1E4818BF17461E4A7F
:1033D0001E4E18BF164602F1D14208BF804602F5C4
:1033E000C0121B4802F51E6208BF8646194D1A48D6
:1033F00018BF1546194A08BF8446194C194818BF0A
:103400001446A2F11162A2F50C22A2F28E2218BF7C
:1034100002460020C3E9128EC3E91000C3E914C7B5
:10342000C3E91665C3E918429966BDE8F0816FF0FB
:103430007300FAE7D89E05C107D57C363AF54FA54B
:1034400039590EF767E6096A310BC0FF7F520E51FA
:1034500085AE67BB8C68059B72F36E3CA78FF964E1
:10346000ABD9831FA44FFABE03462DE9F04FCFB06E
:1034700000900391483346AD00F168062A4618686B
:103480005968083303C2B3421546F7D1DDE94883D2
:10349000DDE94B96DDE946154FF0000C01933D4BFD
:1034A000DDF834B14A9804AA0293BCF10F0F5AD840
:1034B000039B53F82C301BBA4FEAF02E86EA09071B
:1034C000029C8EEAB01E07408EEA706E7740774409
:1034D00054F804EB936077443B4445EA010E4FEA0D
:1034E0007137029487EAB107019C0EEA080E05EADB
:1034F000010A5B444EEA0A0E87EAB1570CF1010C4F
:1035000077441C44BCF1400FA646B3463B4402F14D
:103510000402CDF804801FD1CDE94631CDE904374E
:10352000CDE94A40009B009CCDE94C96CDE9485836
:10353000443345A9643453F8042F51F8040FA342CF
:1035400002441A60F7D104A84FF49471FDF73AFAD7
:1035500000204FB0BDE8F08FA8464E460D4681468C
:1035600019467046A1E7136852F834AC4FEAF34E9F
:103570008EEA734E52F8387C8EEA932E52F8143C41
:103580003B444FEABA4787EAFA17734487EADA07F7
:103590003B4491E7F429050002460B462DE9F04F24
:1035A000ADF5437D0D901032B2AD00F150062C46C2
:1035B00010685168083203C4B2422546F7D1194653
:1035C00010AB01F1800448680A6800BA083112BAE9
:1035D00043F8080F8C425A60F5D1102512A8844692
:1035E000D0E91C47D0E90216E30CFA0C4FEAC70EEB
:1035F0004FEAC4084EEA547E43EA473342EA443273
:1036000048EA5778A40982EA0E0244EA876483EA0A
:103610000803634082EA9712DCE91247DCE900EC18
:1036200014EB0E0447EB0C071B1942EB07024C0886
:103630004FEA112E77084FEA162C47EAC1774CEA79
:10364000016C44EAC6744EEA066EC90984EA0E04A7
:1036500041EA4661614087EA0C075B1887EAD614A5
:1036600005F1010542EB04020830502DC0E91E327D
:10367000B5D1BA9BBB980693BE9BDDF8E4C2079315
:10368000BF9BDFF880E80893BC9BDDE9C0AB0993E2
:10369000BD9BDDE9B6890A93B29B0193B39B02936C
:1036A000B49B0393B59B0493B89B05930EAB069A0A
:1036B000940B950C44EA804745EA8035840B44EA34
:1036C00082466F40840CD50544EA823445EA502591
:1036D0006F406640DEF80050C40544EA522466405C
:1036E000D3E90424AD18DEF8042042EB04047D196C
:1036F000079A46EB0404099E0A9F5640089A5740D1
:10370000069A07401640079A5640089AAD1987EA6C
:103710000207059A44EB070415EB0A054BEB04047A
:10372000AA18059244EB0C020B92019A170F029A09
:1037300047EA0217160F019A46EA0216029A910703
:10374000019A41EA92014FEA827C029A4E404CEA89
:10375000920C87EA0C074FEA426C019A4CEAD21CA1
:103760005106029A86EA0C0641EAD21179404919BB
:1037700044EB0606019A039C049D1443029A039F9E
:103780001543019A04EA080402EA070C029A049F0E
:1037900044EA0C04174005EA090511EB040A45EA5E
:1037A000070546EB050BDEE90216079AD3E9065436
:1037B000491946EB04048918089A069D42EB040453
:1037C000099A85EA02060A9A80EA0205059A1640D5
:1037D0000B9A1540099A56400A9A891985EA0205FA
:1037E000059A44EB0504950B0B9A45EA8245970B25
:1037F000059A47EA82474FEA924C0B9A4CEA823C80
:10380000960C059A85EA0C0546EA82360B9A7740B3
:10381000D605059A46EA52264FEAC25C0B9A7E40CC
:103820004CEA522C85EA0C054D1944EB06064FEA8A
:103830008B714FEA1B7415EB080241EA9A014FEABB
:103840001A7744EA0A144FEA8A7C4CEA9B0C0792E6
:1038500047EA0B1746EB09024C404FEA4A6187EAF8
:103860000C07089241EADB11019A79404FEA4B6C50
:103870004D194CEADA1C4AEA0201029A84EA0C0465
:1038800046EB04044BEA0206039A1140049A1640E0
:10389000019A0AEA020C029A41EA0C010BEA0207B9
:1038A00015EB010846EA070644EB0609D3E908567A
:1038B000DEE90414099A491944EB060489180A9AA6
:1038C00042EB0404DDE9052585EA02060B9A80EA4D
:1038D0000205079A1640089A1540069A4540564038
:1038E000079A891944EB0504950B089A45EA824525
:1038F000970B079A47EA82474FEA924C089A4CEA9C
:10390000823C960C079A85EA0C0546EA8236089AAC
:103910007740D605079A46EA52264FEAC25C089AD3
:103920007E404CEA522C85EA0C05039A4D1944EB73
:1039300006064FEA897152194FEA197441EA980153
:1039400009924FEA1877049A44EA08144FEA887CEF
:103950004CEA990C47EA091784EA01044FEA4861E6
:1039600042EB060287EA0C0741EAD91179400A9234
:103970004FEA496C019A4D194CEAD81C4AEA0801F1
:1039800084EA0C0401EA0201029A46EB04040AEA02
:10399000080C4BEA09060BEA090741EA0C0116403C
:1039A0003E436A18039244EB06020492069ADEE94B
:1039B0000616D3E90A54491946EB0404891840EB6A
:1039C0000404059A079850400B9A089D099F6A4085
:1039D000099D28400A9D2A40059D68400B9D0918B5
:1039E00082EA050244EB0204099A0A98920B42EA21
:1039F0008042850B099845EA8045860C0A9846EA7C
:103A00008036800C40EA873045400A987240C005F5
:103A100040EA5720FE050A9F684046EA5726724052
:103A20008A18019944EB0000891806910299039EB7
:103A300041EB00010C910399049F0D0F049945EA95
:103A400001150C0F039944EA01140499890741EA0E
:103A50009601B60746EA97064C40039975407E06E4
:103A600046EAD116490641EAD71169408A180399F6
:103A7000039D84EA060448EA010140EB040408EAD5
:103A8000050649EA070001EA0A0109EA0705314388
:103A900000EA0B00521840EA0500019244EB0002D4
:103AA0000292D3E90C01DEE908241218059844EBD0
:103AB000010112180B98099C40EB010107980A9D1F
:103AC00044400898069F6840069D2C400C9D284065
:103AD000079D6C40089D121980EA050041EB00012A
:103AE0000698850B0C9845EA8045840B069844EAB5
:103AF0008044860C0C9846EA8036800C40EA873079
:103B000044400C987540C60546EA5726F8050C9FB8
:103B1000744040EA572068401018019A41EB0404B1
:103B20000299120F42EA01124FEA117C0199019D9C
:103B30004CEA011C0299029E890741EA9501AD07F2
:103B400045EA96058CEA010C01996A40750645EA3A
:103B5000D115490641EAD6111AEB000A81EA0201A1
:103B60004BEB040B039A091801988CEA050C44EB03
:103B70000C0C019D42EA00040398049A2840049D1D
:103B800004EA08043243354002EA090220430918D6
:103B900042EA05024CEB020C0591DEE90A25D3E965
:103BA0000E401219079C45EB00001219089C069D57
:103BB00044EB0000099C099E65400A9C05EA0A0541
:103BC00075407C400A9E04EA0B047440521940EB95
:103BD00004004FEA9B454FEA9B3445EA8A354FEA99
:103BE0009A3644EA8A444FEA9A4747EA8B376C4050
:103BF00046EA8B464FEACA557E4045EA5B254FEAC6
:103C0000CB57754047EA5A27521984EA070440EB1C
:103C1000040018EB0204079449EB000408944FEAEF
:103C20001C754FEA8C7444EA91040E0F45EA0115A5
:103C30008F0747EA9C07654046EA0C164C067E4013
:103C400044EADC144FEA4C6747EAD1177440A218E3
:103C500085EA070540EB05050198039C40EA01064B
:103C600002982640049C40EA0C002040019C029FE0
:103C70000C40344307EA0C0712EB040840EA070043
:103C800045EB0009D3E91045DEE90C201219099C27
:103C900040EB050012190A9C079E44EB0000069CAD
:103CA00084EA0A050C9C3540089E84EA0B043440E3
:103CB000069E75400C9E521984EA060440EB0400EF
:103CC000079C089DA40B44EA8544AE0B079D46EA79
:103CD0008546AF0C089D079947EA8537AD0C45EA44
:103CE000813508996E40CD0507997C4045EA5125FC
:103CF000CF050899754047EA51277C401419039A6B
:103D000040EB050512190992049A4FEA197042EB2B
:103D100005020A924FEA897242EA98024FEA18763F
:103D200040EA08104FEA887747EA9907504046EA88
:103D300009164FEA48627E4042EAD91272401419CD
:103D4000059A019942EA080606EA010602994FEA35
:103D500049674CEA090247EAD81702EA01020599C5
:103D600080EA070045EB000001EA080535430CEA4C
:103D70000907611942EA070240EB0202D3E9124542
:103D80000492DEE90E201419069A40EB0505A418EA
:103D90000C9A039142EB0505079A09998AEA0200F9
:103DA000089A08400A998BEA02020A4080EA0A004F
:103DB000241882EA0B0245EB0205099A4033960B60
:103DC00046EA81468A0B09990EF1400E42EA814289
:103DD0008F0C0A9947EA8137880C09997E4040EA9E
:103DE00081300A994240CF05099947EA5127C80511
:103DF0000A997A4040EA51207040241845EB0205A8
:103E0000039A0499120F42EA0112080F039940EA3B
:103E1000011004998E07039946EA91068F070499C9
:103E2000704047EA91074E0603997A4046EAD11658
:103E30004F060499704047EAD11703997A4048EA3F
:103E40000107049949EA0106059906EA0C0639407A
:103E50000691039908EA0107049909EA01010B9107
:103E600006990F430B99D719019A46EA010640EBD0
:103E7000060612190692029A42EB0500E219019217
:103E800045EB06020292AEAA9A427FF410AC059B63
:103E9000CDE9C0ABCDE9B83C079BCDE9B689BE936F
:103EA000089BCDE91076BF93099BCDE90E45BC93E5
:103EB0000A9BB0ACBD93039BB493049BB593069B44
:103EC000CDE9BA30019BB293029BB3930D9B03F1F2
:103ED0000802483352F8081F54F8085F50686668B3
:103EE000491940EB06009A42C2E90010F2D10EA82F
:103EF0004FF43471FCF766FD00200DF5437DBDE8FD
:103F0000F08F00BF9013050008B54EF660210248FF
:103F1000FCF7C6FC002008BD3FE600202DE9F04F6D
:103F200089B00C46DDE9127892469946054600288C
:103F300000F0D580184617F051F88346002800F0AD
:103F400031815146484617F049F80646002800F0EE
:103F50002981834580F026812046DDF791F81BF802
:103F600000300BEB0004202B08BF013423780D2B0D
:103F700008BF013423780A2B40F014815046DDF746
:103F80007FF8335C3218202B08BF0132137804F11C
:103F9000010B0D2B08BF013213780A2B08BF013229
:103FA000149BA2EB09021A60A6EB0B03152B40F33E
:103FB0009880162258467F4916F088FF002840F066
:103FC0009080E37D0D2B14BF1734183423780A2B0F
:103FD00004D0794C204609B0BDE8F08F04F1010906
:103FE000A6EB090ABAF10D0F40F3DE800E22484617
:103FF000724916F06BFF002840F0D680BAF1150F19
:1040000040F3D280162248466D4916F05FFFB0B1EA
:10401000162248466B4916F059FF98B116224846B9
:10402000694916F053FF002840F0BE804FF00709A1
:1040300004F11703F31A1F2B07DC644CCAE74FF097
:104040000509F5E74FF00609F2E70DF1100A102215
:104050000021504616F0C3FE002204F1160010F8AD
:10406000011FA1F130035FFA83FCBCF1090F05D9F0
:10407000A1F14103052B14D8A1F137034FEA520CEB
:10408000D1071AF80C1058BF1B0101320B43202A2C
:104090000AF80C30E3D194F837300D2B08D13834BE
:1040A00007E0A1F16103052BC7D8A1F15703E5E7AC
:1040B000373423780A2B8CD14FF0010A04F1010B1D
:1040C000B34586D20021A6EB0B045B46084600945C
:1040D00003AAFAF7AFFE2C3068D0039929B93C4CFB
:1040E00078E74FF00009CA46EAE70120FCF776FCC2
:1040F000064600285CD000945B46039903AAFAF7B1
:1041000099FE044630B13046039914F0EBFAA4F559
:1041100088545FE7039BBAF1000F34D02FB91946DA
:10412000304614F0DFFA2B4C54E7B9F1050F0ED1ED
:1041300010213246CDE900780DEB010014F0C4FEE9
:1041400003990446A0B1304614F0CCFA42E7B9F125
:10415000060F05D132461821CDE9007804A8EDE715
:10416000B9F1070F04D132462021CDE90078F5E7F7
:104170000399731813F8012C91420ED3881A034641
:10418000994205D80390039B00242E606B6021E7C1
:10419000F45C944201D10133F2E7304614F0A2FA04
:1041A0000D4C17E70D4C15E70D4C13E70D4C11E7BF
:1041B0000D4C0FE73794050000EFFFFF4E9405000C
:1041C0005D940500749405008B94050000EEFFFFDC
:1041D00080EBFFFF00EDFFFF80ECFFFF80EFFFFFB4
:1041E00080EDFFFFD4EEFFFF80EEFFFF30B51546F8
:1041F000002285B0C3E900229A6001AA1C4612F091
:1042000044FF18B1A0F56A5005B030BD294601A899
:10421000FCF7AAFB60B92B78012BF5D12368052B9D
:1042200000D03BB96268044B002A18BF1846EBE780
:104230000248E9E70048E7E780C5FFFF80C3FFFFCA
:104240000023F0B58D1889B0064604918DF807302B
:104250002946302303AA04A812F018FE20B1A0F5C5
:104260007454204609B0F0BDDDE903371F443946D8
:1042700002AA04A812F06CFE0028F0D1029B002BC9
:104280003BD1394605AB0DF1070204A8FFF7AEFF9D
:1042900004460028E5D10423394603AA04A812F0F5
:1042A000F5FD0028DBD1039B4BB39DF8070000F020
:1042B00027F9014608B9134CD3E7304600F028F936
:1042C00004460028CDD19DF80730012BF3D196E8A4
:1042D000030014F0AAFEDDE90321FEF721F80446ED
:1042E00018B1304614F0C3FEBBE7DDE903231344E5
:1042F000054A9D4218BF1446B3E7044CB1E7044C8D
:10430000AFE700BF80C3FFFF9AC2FFFF80C2FFFF7D
:10431000A0C2FFFF0023F0B587B016468DF8073026
:1043200002AA3023054612F0B1FD20B1A0F5745465
:10433000204607B0F0BD029B2F6828461F4439462F
:1043400003AB0DF10702FFF751FF04460028EFD140
:104350003946284602AA12F07CFE10B1A0F56C5432
:10436000E6E72B68029A13449F4229D19DF8070083
:1043700000F0C6F8014628B3304600F0C9F80446FC
:104380000028D5D19DF80730012B15D196E8030000
:1043900014F04BFE29687A1AFDF706F8044608B9AE
:1043A0002F60C5E700F16C030C2B07D8A0F56C5407
:1043B000304614F05CFEBBE7034CF9E7034CF7E72B
:1043C000034CB5E7004CB3E780C3FFFF00C5FFFF18
:1043D0009AC4FFFF2DE9F04305460F461C46904660
:1043E00089B0002A57D005A808F1FF3914F006FE5D
:1043F00017F80930ABBB109B04AECDE90043394A36
:104400003B463949029605A8FFF788FD0446E0B906
:10441000012000F075F80146284600F079F80446BE
:1044200048B995E8030014F000FEDDE90512FDF738
:1044300077FF044610B1284614F019FE05A814F0C1
:10444000E2FD204609B0BDE8F08310F59C5F45D041
:1044500010F5985F44D010F5845FF2D117F8093059
:10446000DBB1424639462846FFF7EAFEA0B32846AC
:1044700014F0FDFD284614F0F6FD012000F040F890
:104480000146284600F044F8E0B1284614F0EFFD5C
:10449000284614F0E8FD154CD3E7CDE9013600932A
:1044A000134A3B46134905A8FFF738FD044628B9CF
:1044B000DDE905122846FFF7C3FEBAE710F5845F71
:1044C000BFD1CEE795E8030014F0AFFD4246394670
:1044D000FDF726FF0028D8D10024B2E7064CB0E74C
:1044E000064CAEE7A2940500C094050000C3FFFF90
:1044F000E0940500FA94050080C4FFFF00C4FFFFAC
:104500000128024818BF0020704700BFF42A0500A8
:1045100038B504460D4669B103685BB94B6A13B9F7
:104520000020256038BD984760600028F8D1A0F5CC
:104530007E50F7E70048F5E780C1FFFFF0B585B092
:10454000044616460D46039301B91BB116B90D4832
:1045500005B0F0BD2368002BF9D0284603A914F05C
:1045600072FD0028F3D123681F694FB10B9B3246BF
:1045700001930A9B294600932046039BB847E7E72F
:104580000148E5E780C1FFFF00C1FFFFF0B589B03A
:10459000044616460D46079301B91BB116B91048DB
:1045A00009B0F0BD2368002BF9D0284607A914F004
:1045B0004AFD0028F3D123685F697FB1129B324620
:1045C0000493119B29460393109B204602930F9B53
:1045D00001930E9B0093079BB847E1E70148DFE793
:1045E00080C1FFFF00C1FFFF10B404682CB1A469B3
:1045F0003CB1A4465DF8044B604703485DF8044BAA
:1046000070470248FAE700BF80C1FFFF00C1FFFF0B
:1046100010B404682CB1E4693CB1A4465DF8044BC5
:10462000604703485DF8044B70470248FAE700BF53
:1046300080C1FFFF00C1FFFF2DE9F04F87B00746A3
:10464000DDE910A9DDE912B80C4615461E4613B97E
:10465000B9F1000F07D0BAF1000F04D12A4C20465F
:1046600007B0BDE8F08F2B68002BF7D039462846FD
:1046700014F00DFD002841D0062F0CD0002CEDD1F8
:104680004B46524631462846CDE910B807B0BDE842
:10469000F04F14F005BD284614F014FD01282FD169
:1046A000002CDBD0284614F006FD0730B8EBD00F05
:1046B00028D395E8030004AB83E80300184614F000
:1046C00001FDCDF808B0636801280193237808BF85
:1046D0000846009318BF002053464A463146FDF76E
:1046E000FDFC04460028BAD1284614F0E4FC074B30
:1046F0000730B8EBD00F88BF1C46B0E7044CAEE7DC
:10470000044CACE7044CAAE780C1FFFF00C7FFFFE1
:1047100000C1FFFF80C6FFFF80BCFFFF012243688E
:1047200005480A700A73054A486003F1080010330F
:1047300088600A614B617047169505001C9505005D
:104740002DE9F14F4768DDE90ABA3846DDE90C8901
:104750000D4614461E4614F003F95045CBF80000F0
:104760000AD823464A4641463846CDE90A5601B0A2
:10477000BDE8F04FFDF78EBA014801B0BDE8F08FFB
:1047800000BCFFFF2DE9F14F47681646DDE90AAB93
:10479000DDE90C8938460C461D4614F0E1F8B042BC
:1047A0000BD153464A4641463846CDE90B5B0A9445
:1047B00001B0BDE8F04FFDF7DBBB024801B0BDE83A
:1047C000F08F00BF80BFFFFF2DE9F74F4768DDE99D
:1047D0000CAB3846DDE90E4816461D46DDF8409024
:1047E000019114F0BDF8584520600BD84A46414667
:1047F0003846019BCDE90D6A0C9503B0BDE8F04F3A
:10480000FDF74CBC014803B0BDE8F08F80C7FFFF47
:104810002DE9F743D0F80490DDF82C8048460D468A
:1048200017461E4614F09CF8404504460FD80A9BD4
:104830003246009329463B464846FDF757FD18B9D6
:10484000044B444538BF184603B0BDE8F083024826
:10485000FAE700BF00C7FFFF80BCFFFF38B5036861
:104860001546CA1A002A044616DD1A7802F07F029D
:10487000022A13D15A1C02602A461B7842F8043BD4
:1048800012F0D0FA10B1A0F50A5038BD23686A685A
:10489000AB6013442360F8E70148F6E70148F4E70A
:1048A00020DDFFFF1EDDFFFF2DE9F74F05468A469D
:1048B00090461446DFF808B131236A46514628462F
:1048C00012F0E4FA074668B1A0F50E54D8F81800C3
:1048D00012F025FC00232746C8F81830384603B0EC
:1048E000BDE8F08F26462A68009B02EB03093023BF
:1048F0004946284601AA12F0C9FA88B1A0F50E541B
:10490000002CE3D12B684B4547D001202021307784
:10491000FCF764F8B06108B9254CD7E70646E6E72E
:10492000019A2B68002A03EB020401DC214CCDE73D
:1049300032461B78214642F8043B2846062312F0F3
:10494000A5FA0028DAD129687068B1600B18E21A5C
:10495000002A2B60EADD0A5C1E2A05D01C2A1AD820
:104960002BFA02F2D20716D501332B600B5C06F14D
:10497000100221462846F36012F054FA0028BDD1F7
:104980002B683269736113449C422B6001D1B06182
:10499000B8E7094C9AE7094C98E7D1459ED0202109
:1049A0000120FCF71BF80446B061002884D1B3E76E
:1049B00080D7FFFF20DCFFFF1ADCFFFF1EDCFFFFBC
:1049C000081058102DE9F34703681446CA1A002A44
:1049D000074640F39F801A78172A12D0182A40F011
:1049E0009B804FF00408013338463B6001AA12F067
:1049F00019FA064640B1A0F51056304602B0BDE89F
:104A0000F0874FF00208EEE7019B08F10A029A4294
:104A100009D008F10B0293421BD13A681A4412F8EC
:104A2000012C5A2A15D13D682B4428463B6014F0CE
:104A30006FFB002820600CDBB8F1040F0BD164235E
:104A4000023503FB00F1284614F062FB00282060C9
:104A500007DA324ED1E7312840F26C71D8BF4FF4FB
:104A6000FA612368A81C1944216014F051FB8046A8
:104A70006060281D14F04CFBA0600746A81D14F0D0
:104A800047FBE060824605F1080014F041FB20611D
:104A9000814605F10A0014F03BFBB8F10C0F024609
:104AA0006061D6D8012341F2AA5003FA08F3034209
:104AB00028D113F4256F27D1B8F1020FC9D18B0784
:104AC00024D16420B1FBF0F300FB131303BB4FF4BC
:104AD000C870B1FBF0F300FB1313002B0CBF1D23B8
:104AE0001C23013F9F42B4D242F20F739942B0D8C7
:104AF000BAF1170FADD8B9F13B0FAAD83B2A7FF610
:104B00007CAFA6E71F23ECE71E23EAE71C23E8E7B8
:104B10001D23E6E7024E70E7024E6EE700DCFFFF62
:104B2000A0DBFFFF9EDBFFFF73B51546026804465E
:104B30008B1A002B10DD167801AA12F08AFA18B130
:104B4000A0F5125002B070BD019A2E606A60236811
:104B5000AB6013442360F5E70048F3E720DBFFFF79
:104B600010B50C4611461A46029B1B687BB913F020
:104B7000A9FD10B1A0F5185010BD2368052B00D079
:104B80003BB96268044B002A18BF1846F4E7034893
:104B9000F2E70148F0E700BF00DDFFFF00D8FFFFAC
:104BA00073B543F0A006144633460432054612F0AE
:104BB0006DF918B1A0F5145002B070BD26602968D7
:104BC0003023A160646828460C44214601AA12F0F3
:104BD0005DF90028EED1019A2B681344024A9C42E9
:104BE00018BF1046E8E700BF9ADAFFFF1FB50023A1
:104BF000144601AA01938DF80830039312F0BFF90F
:104C000018B1A0F5145004B010BD019B2BB1012BBD
:104C100005D1039B1B782370F5E70346FBE70148AA
:104C2000F1E700BF9CDAFFFF2DE9F041036806467B
:104C300003F0DF03803B0C468CB0072B00F2D380DF
:104C4000DFE813F00800AB008F00D100B300D10003
:104C5000800097008568436802951D442946062315
:104C600001AA02A812F012F9C0B1A0F51450002850
:104C700036D128222046002116F0B1F8043403AAC8
:104C80000BAD134603CBAB42206061601A4604F1C2
:104C90000804F6D118682060002021E0DDE90187D2
:104CA000B8F1080F40F09F8042463946504816F050
:104CB0000DF9002840F0978006260597A0230837B5
:104CC000294601AA02A8CDE90368029712F0DEF88E
:104CD0000028CAD1DDE9012313449D4203D0454891
:104CE0000CB0BDE8F0813023294601AA02A812F0D9
:104CF000CDF80028B9D1DDE9012313449D42EED15E
:104D00003346294601AA02A812F0C0F80028ACD107
:104D1000029B019A089313440293042307922946A5
:104D20000DEB030202A8069612F0B0F800289CD101
:104D30000423019A0993029B0A920B9313449D4208
:104D400097D0CCE70D1D24220021284616F047F805
:104D500006232360336863607368A360B368E3600D
:104D60009AE70D1D24220021284616F038F8022368
:104D7000EFE70D1D24220021284616F030F8072306
:104D800023607368042B01D0102B2ED1336863602D
:104D900073686B60B368AB607EE70D1D2422002151
:104DA000284616F01CF80123D3E787680D1D24223E
:104DB00000212846039716F012F804232360716837
:104DC000302302AA394403A812F060F8002887D1E2
:104DD000DDE902312A46194403A8FFF765FD0028E2
:104DE0003FF45AAF7CE704487AE7044878E700BF0D
:104DF000229505009ADAFFFF80DFFFFF00D8FFFF52
:104E00002DE9F04705460F46904616468EB02C68B1
:104E1000BC4207D30023F3602B68294CBB4208BF78
:104E2000002411E02822002104A815F0D8FF14F86E
:104E3000012B3946019228466A462C6011F0F2FF98
:104E4000824628B1A0F5145420460EB0BDE8F08784
:104E50002B680393009B0293019B03F0C003802BFC
:104E600028D10DF10409484604A9FFF7DDFE0446E8
:104E700048B110F5025F06D0D8F80C0012F0FDF82A
:104E8000C8F80CA0E0E704A814F07AF9B36843B1BD
:104E9000F3688BB910210120FBF7A0FDF06068B129
:104EA000064699E8070086E807002B68029A134433
:104EB0002B60ACE7034CC7E7034CC5E7034CC3E7E3
:104EC0009ADAFFFF9EDAFFFF00DBFFFF96DAFFFFB3
:104ED00073B53023164601AA04460D4611F0D6FFDD
:104EE00018B1A0F5145002B070BD2368019A1344A4
:104EF0009D4205D1324629462046FFF781FFF2E761
:104F00000048F0E79ADAFFFFD0F85831024613F074
:104F1000040011D0D2F8643121F4004222F00102E1
:104F20009A4308D148F2010223EA010313420348DD
:104F300008BF002070470148704700BF00D8FFFF3E
:104F40002DE9F041D0F85831044613F400600E46C4
:104F5000154618D0DFF8388004F5B4746768AF429E
:104F600005D12A463146A06815F0B0FF58B1042F8C
:104F700005D13A464046A16815F0A8FF18B1E4688B
:104F8000002CEBD10148BDE8F08100BF00D8FFFF45
:104F9000501305002DE9F04F1D460023B1B0914696
:104FA0003A9A1BAF04460591136018463A464FF0F3
:104FB000FF3101330A2BC2E9000102F10802F8D1E6
:104FC000B9F1000F00F0BB81002D4FD14FF0000A66
:104FD00004F1CC05284614F075F830B10123D9F856
:104FE000042001388340134201D14AF4004A294683
:104FF000484614F023F908B14AF4803A0023012608
:105000001B941C93069394F888313BB10122013B19
:1050100002FA03F3D9F80020134202D14FF480437F
:105020007B6094F889313BB10122013B02FA03F322
:10503000D9F80420134203D17B6843F400437B601A
:10504000012E40F0A78004F1700104F1500014F02B
:10505000B6F8059D002800F09B804FF0010804F190
:1050600050030893069BF31A09939EE02846DCF749
:1050700007F8D4F8583180469B0662D54FF0000BF4
:1050800004F1F806B2465B46DAF8002002F01F028F
:10509000062A38D0072A39D0022A08D142462946A2
:1050A0005046049314F0E1F8049B00288ED0DAF8FF
:1050B0000CA0BAF1000FE7D1FBB128460BA914F000
:1050C00006F90246C8B1B246DAF8003003F01F0311
:1050D000072B0DD1DAF804309A4209D1DAF808002A
:1050E0000BA9049215F0F2FE049A00283FF46EAF6B
:1050F000DAF80CA0BAF1000FE6D1BBF1000F07D12E
:105100004FF0040A64E74FF0010BD0E70123CEE72C
:10511000336803F01F03062B08D17368984505D147
:1051200042462946B06815F0D1FE20B1F668002E3F
:10513000EED14FF0FF30003818BF01204FEA800A4F
:1051400046E7804E04F1700ADAF80420032A0ED1F3
:105150003046DAF8081015F0B9FE40B94246294643
:105160000AF10C0014F081F800283FF42FAFDAF8B0
:1051700018A0BAF1000FE7D1C2E7A268AB689A4263
:1051800004D1E968E06815F0A1FEF0B1D5F89051BE
:10519000002DF2D1059D60E7089805F1700114F02B
:1051A0000EF8049010B3D5F89051002DF4D1B8F159
:1051B000000F40F0828030AA731E02EBC30353F845
:1051C000502C42F0080243F8502C1C9B43EA0A037F
:1051D0001C931BAB03EBC604002E40F08F803A9B60
:1051E00059481B68002B08BF0020A5E0B8F1000F4C
:1051F00002D0EB69022B09DDD5F85C31002BD2D04F
:1052000004212846FFF780FE0028CCD1D5F8603174
:10521000002B02DD099A9342C5D394F88801FAF76E
:105220001BFC834613F0BEF9D4E9052107900BABB4
:105230005846FAF713FD38B1B8F1000FB3D1012E7B
:1052400043D04FF0000B28E005F1CC0B584694F802
:10525000891113F01CFF0028EED0D4F8802194F8B7
:10526000883194F889010392D4F884210292079A34
:1052700001920BAA0092D4F88C115A46FFF7DCF980
:10528000B8F1000F01D000288DD1B0FA80FB012EBB
:105290004FEA5B1BCDF8108014D004F1700104F1CB
:1052A000500013F08CFF10B9069B01330693049B4A
:1052B00043B9082E06D925483AE04FF00008D4F843
:1052C0009051CFE6BBF1000F03D17B6843F0080398
:1052D0007B60484605F1CC0113F0B0FF18B17B6844
:1052E00043F480337B600023FB60049BBD60013688
:1052F0000837002B7FF469AF2C4684E654F8043C51
:10530000013E0B933B9B3BB93A9B0B9A1B68083CB5
:1053100013433A9A13605FE73246DDE93B5054F895
:10532000081C0BABA8470028EED010F51C5FC2D0BC
:105330004FF0FF333A9A136031B0BDE8F08F044864
:10534000F6E700BF2F91050000D9FFFF00D0FFFF57
:1053500000D8FFFF2DE9F04F9BB00C4617461E46C4
:105360000390002800F0EC83002900F0E983054653
:105370004FF00009EB69A3B1D5F890314BB94FF468
:10538000CA710120FBF72AFBC5F8900120B9AA4C8D
:1053900063E0A9461D46EDE713F0BEFFA946D5F828
:1053A00090510023CDE90E33CDE91033CDE912330E
:1053B000CDE9143316934DB9B9F1000F01D0C9F8F6
:1053C00090519E4C2846FBF70FFB46E0302308AA7D
:1053D000E11909A8CDE9087411F058FD68B1284613
:1053E00013F09FFF964CB9F1000F02D00023C9F8CB
:1053F0009031039BAB42E5D12FE0DDE9083202EBAF
:10540000030BABEB0401A9605EB30120FBF7E6FAE6
:105410000990E860002800F091832146AA6815F001
:10542000B7FC01232B60AA68089B0999D31A0B4487
:10543000099301EB020B099B5946AB6108AA302383
:1054400009A811F023FD044670B12846A4F50654BE
:1054500013F067FF002CC6D1002420461BB0BDE826
:10546000F08FEC602E60E6E7DDE908371F44AB699A
:105470003946FB1A6B6117AAA02309A811F006FD93
:1054800008B310F1620F1AD1EC61394605F1200220
:1054900009A8FFF7E3F9044630BB05F12C063246B4
:1054A00039460EAB09A813F043FE0446E0B9EB6998
:1054B000022B1DD9284613F034FF624C93E7A0F568
:1054C00006548CB9E1E7099E179B05F11C021E44A6
:1054D000314609A811F03CFD10B1A0F50854F0E7E1
:1054E000099B9E42D1D0584C284613F01AFF7AE708
:1054F0000133EB6105F5C6730093304605F289135D
:1055000005F5C4720EA9FFF72BFB04460028EBD16A
:10551000099B39462B6408AA302309A811F0B6FC70
:105520000446002891D1DDE9083105F15002194403
:1055300009A8FFF7B9F904460028D5D12A6C099BC0
:1055400039469B1AEB6317AA302309A811F09EFC79
:10555000002855D0B0F51054C6D1099B3946EB64EC
:1055600008AA302309A811F091FC044600287FF412
:105570006CAFDDE9083143B105F17002194409A8A7
:10558000FFF792F904460028AED1099AEB6CC5F8F2
:10559000C820D31A3946AB6405F1CC0209A8FEF73E
:1055A000B9FE044600289FD1099BD5F8C8209A1A55
:1055B000C5F8C420EA69023A012A04D89F4247D1BB
:1055C000099B9F4263D1EB69099A032B40F08C80C1
:1055D000974200F07E82394605F1EC0209A8FFF7F8
:1055E000DFFA044600287FF47FAFD5E93C328246DB
:1055F000D3180493099B049A9A4263D874D066E145
:10560000099E179B05F190021E44314609A8FFF739
:10561000D9F9044600287FF467AF314605F1A802A6
:1056200009A8FFF7CFF9044600287FF45DAF099B76
:105630009E4292D0054C57E780D7FFFF00D8FFFF6E
:1056400080DEFFFF80DAFFFF9ADDFFFF9ADBFFFFBE
:105650001B783946C5F8D43005F1D802A12309A832
:1056600011F014FC58B110F1620F03D0B0F50654DC
:105670007FF43AAFEB69023B012BA1D9A3E7099B69
:10568000D5F8D820C5F8DC3013440993F2E71B782D
:105690003946C5F8E03005F1E402A22309A811F06B
:1056A000F5FB38B110F1620F8DD0B0F506547FF4E0
:1056B0001BAF88E7099BD5F8E420C5F8E830134410
:1056C000099380E7302304990AAA09A8CDE917AA0B
:1056D000CDE90BAACDF864A011F0D8FB68B1A0F514
:1056E0001454002C7FF400AF099B9F4200F0F1811D
:1056F000284613F016FEA84C75E6DDE90923D418F8
:105700002146062318AA09A811F0C0FB0028E6D1FB
:105710000623189A1793099B2146199309A8134445
:105720000BAA099311F0FBFB10B110F1620FD6D157
:10573000042321460AAA09A811F0A8FB0028CED10B
:10574000099B0A9E05931E44B44240F0C0800CA9F8
:1057500017A8FBF7EFF8C0B1249A0B9B7AB1DDE9EB
:105760002440099A29460092019617AAA0470446A8
:1057700018B10B9B002B7FF4B7AE09963AE709945A
:10578000002B3FF437AF854CAEE6D5F858210C9B83
:1057900012EA030140F0D6811A43202BC5F85821A4
:1057A00000F0EC8010DC013B072B00F28D81072B11
:1057B00000F28A81DFE813F08D0073008801570042
:1057C000880188018801F800B3F5006F53D0B3F564
:1057D000803F00F0DA80B3F5807F40F07581C5E945
:1057E0005711302331460DAA09A811F04FFB28B1FB
:1057F000A0F51454002C3FF4FDAE75E6099B9E42C3
:105800003FF4F8AE05F5AE784246314609A811F0EE
:1058100086FB78B110F1620FEAD14246314609A801
:1058200011F096FB0028E3D1D5F85C3113B10123C8
:10583000C5F85C31099B9E423FF4DCAE314605F56C
:10584000B07209A811F084FB0028D1D1099B9E42B7
:105850003DD16FF00042D5F8603193421DD0013345
:10586000C5F86031C6E6314605F5B27209A813F0F5
:1058700066FC0446BEE70623214605F5B47209A876
:10588000F9F7A8FA20B1B0F514543FF4B3AE2BE603
:10589000D5F87031002B7FF4ADAE414C24E60023E7
:1058A00021460D930DAA042309A811F0EFFA002850
:1058B000E9D104230D9AC5F80831099BC5F80C21DC
:1058C000C5F81031134409939C423FF493AE354C14
:1058D0000AE6002331460D930DAA302309A811F0E2
:1058E000D5FA002884D1099B0D9A13449E42EED12B
:1058F000802331460DAA09A811F0C8FA002839D131
:1059000004210D9A099BC5F81821C5F81C311344D0
:10591000C5F814110993099B9E4228D9A123314649
:105920000DAA09A811F0B2FA00287FF461AF099915
:105930000D9B05F59072194409A8FFF761FA04461A
:1059400000287FF4D1AD822331460DAA09A811F0B9
:105950009DFA00287FF44CAF02210D9A099BC5F8EF
:105960003421C5F838311344C5F830110993099B27
:105970009E42AAE710F1620FCDD039E7214605F12A
:10598000F80209A8FFF7A4FA73E7214605F5BC72EF
:1059900009A8FFF72BF96CE71ADEFFFF9EDAFFFF7D
:1059A0009CDAFFFF9ADAFFFF302331460DAA09A8DF
:1059B00011F06CFA0446E0B1A0F51454002C3FF449
:1059C00019AE14F5025F7FF48FAD249A0B9B5AB188
:1059D000DDE92440059A29460092019617AAA047BE
:1059E00000283FF407AE0B9B002B3FF403AE574C4F
:1059F0007AE50D9A099B13449E427FF468AF002A12
:105A00003FF465AF05F5A478099B9E4205D84FF099
:105A10000003C8F80C30D1D059E7302331460DAA25
:105A200009A811F033FA10B1A0F51454C6E7099A89
:105A30000D9B09A8D3180293029906230DAA11F011
:105A400025FA0028F0D10D9A099B042A069339D132
:105A500019463F48079215F039FA3C4B079A00283F
:105A600018BF1C46D8F8083073B1D8F80C3007922C
:105A7000002B67D110210120FAF7B0FFC8F80C0005
:105A8000002861D08046079A0623C8F80030069B9C
:105A9000C8E90123099B0D9A1344029A09939A427B
:105AA0000BD9302302990DAA09A811F0EFF90028AB
:105AB000BAD1099B0D9A13440993099B029A9A4201
:105AC000A2D004E7214CCDE70B9B002B3FF455AE51
:105AD0008DE7594611AB14AA09A813F029FB044617
:105AE00000287FF401AD2A6B159B9A4212D11699BA
:105AF000686B15F0EBF968B90E9A119B9A4209D1BF
:105B00000F9A129B9A4205D14AB11399109815F039
:105B1000DDF920B1284613F004FC0E4C63E459462D
:105B200005F5BE7209A8FEF7FFFF044600287FF4C2
:105B3000DBAC099B9B453FF48FACD9E5064C52E4A6
:105B4000064C8AE4064CCFE4064CCDE480DFFFFF30
:105B50005513050080D9FFFF80D7FFFF00D8FFFF56
:105B600000DBFFFF96DAFFFF2DE9F04F0D461746E9
:105B7000804689B000285DD000295BD04AB18B18DF
:105B800013F8016C2EB928462C4915F027FA002885
:105B90004BD13A462946404609B0BDE8F04F13F0D4
:105BA000FEBB05A813F02AFA04AB02930023594662
:105BB000CDE90033224A2B4605A8FEF7AFF982460D
:105BC000D0B9DDE90512049B4046FF1A1D4413F0CD
:105BD000E6FB824605A813F016FABAF1000F1CD1B5
:105BE0004FF00109012FDCD8B9F1000F24D1154B7A
:105BF000002C08BF1C4614E010F5A45F10D010F56F
:105C0000845FF1D005A813F0FEF9049ABF1A154479
:105C1000002C08BF54460136E4E71AF5225FF7D19D
:105C20005446204609B0BDE8F08F3446B146DFF84F
:105C30000CB0D7E7044CF4E73446F2E70A7C0500E1
:105C40002B95050080D8FFFF00D8FFFF38B505462B
:105C500068B1084C236813B91C46204638BD294654
:105C60006068DBF7FBF90028F7D01034F2E7044650
:105C7000F3E700BF442B05000246044803680BB954
:105C8000184670479342FCD01030F7E7442B0500CC
:105C9000F8B50D4D2B6853B90C490D4E01F11007A5
:105CA00056F8044B2CB900230B6001232B600748E6
:105CB000F8BDB942F7D22046FFF7DEFF0028EFD04B
:105CC00041F8044BECE700BFA0D70020A4D7002088
:105CD000942B050008B5FFF7CFFF08B1406808BD59
:105CE0000048FCE7459505002DE9F04F466B054659
:105CF00089B0002E00F01081826B1378002B3AD00F
:105D0000B388038193802B68A96B9C692022D86992
:105D1000D431A047044650BB40F203332A899A424B
:105D200008D1F368A3F11002102A27D8AB6B1B78B7
:105D300003B9F3600121284606AB05AA13F071FBF5
:105D40000446A0B9DDE90587D5F8389008EB0706C9
:105D5000B9F80430B3F5417F06D240F202332C8902
:105D60009C4294BF00240124B0450BD96B4C2046C3
:105D700009B0BDE8F08F03685B88C3E7002BD9D07A
:105D8000F060D7E7012FF1DD2B6840F2033259793B
:105D9000404613F0C6FB08F102039E42E6D3212FD2
:105DA000E4DD09F1D40209F1F40952F8041B4A4573
:105DB00043F8041BF9D16B6BDA6808F122039E42A9
:105DC000D4D3531C223FBB42D0D888F82220696B21
:105DD00008F1230BCA685846103114F0D9FF6B6BD9
:105DE000DB680BEB03090393002307932B684E45F5
:105DF000DB68BBD3A6EB0902012AB7DD043B09F13E
:105E000002070293029B53F804AF0293BAF1000F0A
:105E10006AD1BE42AAD3F31B012BA7DD3B464FF448
:105E20007F42039923F8022BA7EB090252BA2BF801
:105E300001209E42A3EB0902079297D3F31A012B8C
:105E400094DD012307F104094E45BB7087F803A0D8
:105E50008CD3A6EB0903012B88DD07F1060ADCB120
:105E60000DF11C0B5B4632465146284602F0DEFD22
:105E7000044600287FF47BAF079B32469A44514684
:105E80000346CDF800B0284600F042FE0446002844
:105E90007FF46DAF079B9A44AAEB0903023B02D043
:105EA000D1465BBABB80A9EB08094A4601212846C6
:105EB00013F0ECFB044600287FF459AFAB6B4A4665
:105EC0002846DB6805999847044600287FF44FAFC1
:105ED0004A462846069913F0D6FA044600287FF46D
:105EE00046AF02236B6042E75046FFF7C5FEAA6B40
:105EF00001462B892846928813F003FE002881D1A1
:105F0000BE42FFF433AFF31B012B7FF72FAF9AFA9A
:105F10009AFA27F802AB75E7014C28E70096FFFFD5
:105F20000094FFFF044B1B68584043085B4240420B
:105F30001843C017704700BF88D7002010B50B4C1E
:105F4000226823684240594081EA0200C00FFFF7EF
:105F5000E9FF2368521A434022EA03020840104333
:105F6000C00FBDE81040FFF7DDBF00BF88D700209D
:105F700008B5054A1368126853404B405840FFF774
:105F8000D1FFC04308BD00BF88D700202DE9F04FE6
:105F9000154699460E4695B009B9634C3EE0002A75
:105FA000FBD0D368002BF8D0D2E904329342F4D36B
:105FB0009B1AAA699342F0D3084613F018FC6A6949
:105FC000AB69EF6829691744B3F5E05F1A4483466B
:105FD000A1EB020800F2A680012800F29E80F26880
:105FE000424500F29D802868696804AA03C22A7AA3
:105FF00006F1340A8DF81820B5F809205BBAADF81F
:10600000192050460D2204A9ADF81B30F9F7CEFE39
:10601000044638B1F16808A8FAF7D4FC204615B058
:10602000BDE8F08F39465046AA69F9F7BFFE04462D
:106030000028EFD1504608A9F9F7C8FE0446002809
:10604000E8D15046F9F7ECFE04460028E2D1A869F1
:10605000F26808A9384414F09BFEAB69F26808A8FE
:106060001344AB61F1684FF0010AA8EB0108FAF79D
:10607000A9FC0BF1FF3B5FFA8BFBBBF1010F8CD846
:10608000AA6973680132B2FBF3F103FB11229A1A79
:10609000934208BF0022531C434541D80023F818FF
:1060A000A96901339A424254F9D2AB6901331344CE
:1060B000AB61B9F1000F3FF470AF72686B69934246
:1060C0002ED306F1140841461E98C84704460028FE
:1060D000A4D172684146B81A14F05AFE08ABCDE953
:1060E0000173AB694146009372683B4606F150006C
:1060F000F9F7F6FB0446002890D1AA69089B9A425A
:106100007FF44BAF71686B695B1A6B617368134402
:10611000AB61BAF1000F81D13FE74FF0000AA8E769
:10612000024C7BE7024C79E70094FFFF0096FFFFEB
:10613000008FFFFF2DE9F04FB14B0C461546D3F809
:106140000080BBB04AB1D16839B1D2E90432934280
:1061500003D3A8699B1A834204D2AA4E30463BB0AF
:10616000BDE8F08F204601EB020B13F040FB013835
:10617000C0B20128F1D86668AF69B7EB460F01D20B
:10618000A14EEBE7E368334401339F42F8D3B7FBFA
:10619000F6F306FB1377002FF2D104F1240A3246FE
:1061A0005946504614F0F4FD6B69B34433446B61B7
:1061B0006268AB6951469B1A0AAAAB61CDE901B28C
:1061C000009362685B4604F19400F9F789FB064688
:1061D0000028C3D1AE690A9B9E42BED10BEB0603D9
:1061E000E16813F801AC013151443046FFF7A6FED7
:1061F00048EA00086FEA08082AEA000A0AF10102E0
:10620000B6F5807FA6EB0203049394BFA6EB0609C4
:10621000A6F580794E455FD811463846FFF7A8FEAF
:1062200000EA080301EA0309A6EB090700262C226D
:106230003146AF6113A80593129614F0D0FD2C22BD
:1062400031461FA81E9614F0CAFDE36869682868E5
:10625000A7EB03080EAB03C32B7AC5F818808DF8A3
:106260004030B5F80930206CADF8413098FA98F319
:10627000ADF8433012F099F90A2814BF4023802367
:106280000993A36C206C089312F08CF907900BA86B
:1062900012F055F93246216C0BA8F9F717FC0746A6
:1062A00078B30BA812F050F93B4637461E46E1681A
:1062B0001EA8FAF787FBE16812A8FAF783FB002E05
:1062C0007FF44CAF4E4B059A1B689A423FF458AF8F
:1062D000012F3FF443AF40E7484604990692FFF789
:1062E0002DFE514605901BF80900FFF741FE059B66
:1062F000069A20EA030000F00100074409F10109B1
:1063000088E704F1400A0D2250460EA9F9F75EFC19
:10631000064618B10BA812F017F9C8E708EB0903F5
:10632000B3F5807F049338BF4FF48073A3F5807377
:106330001A46594650460693F9F748FC0746002886
:10634000AFD12121079A12A814F049FDDDF8189069
:10635000049B4B4512D250462AA9F9F761FC064628
:106360000028D7D15046F9F70DFC804600284DD0C3
:106370000BA8374612F0E8F8464698E751460BA8B6
:10638000F9F776FB0646F8B92AA90BA8F9F748FCF5
:106390000646C8B941464846FFF7EAFD079B2AAAC8
:1063A000009312A93346F9F70DFB049B4B4502D825
:1063B00009F10109CCE7012250460BEB0901F9F77D
:1063C00005FC06460028F3D00BA812F0BDF8002EFD
:1063D0007FF46DAFE36859460193049B1EA80093B8
:1063E000AA69069BF9F714FBE26812A91EA812F02D
:1063F00083F810B1024B1B680593012757E700BFD4
:1064000088D700200094FFFF808EFFFFDDE908128F
:1064100050461144F9F7DAFB064620B10BA812F0FA
:1064200093F8474643E75046079A12A9F9F7CEFB7F
:10643000804600289CD1504612A9F9F7F1FB064688
:106440000028EBD15046F9F7EBFC0646BCE700BF4D
:10645000F8B5C36904460D460BB9036A3BB1236E18
:10646000A26D9B1AC3F5EA530D33AB4218D2144800
:106470001AE0204612F0C8FFD8B9D4E90870216E9E
:10648000E36FAE1B194487B1236832461B6DB847D2
:10649000002810D008DB86420FD3E36F0344E36784
:1064A000E66FB542E5D80020F8BD3246E36998476B
:1064B000EEE70448F8E70448F6E70448F4E700BFCD
:1064C000008FFFFF0098FFFF808DFFFF0094FFFF0C
:1064D00010B5816F03290FD9C26E937854781B02CF
:1064E000D27843EA044313430433C0F880300348AE
:1064F000994228BF002010BD0148FCE7808FFFFFB4
:10650000008EFFFF426F162A01D1FFF7E1BF142A68
:1065100009D1826F012A18D1C36E10481B78012B54
:1065200008BF00207047152A0DD1826F022A0CD1B6
:10653000C36E1A78022A0AD0012A0AD15B7853B1B5
:106540000748642BECE70020704704487047054873
:106550007047034870470448704700BF008EFFFF34
:106560008099FFFF8088FFFF8087FFFF10B5836958
:1065700004460BB3D0F8B43083B9002010BDD4F872
:106580009C10A369606A891A98470028F6DDD4F840
:10659000B430834212D31B1AC4F8B430D4F8B420F8
:1065A000002AECD1D4F8943020460833216CC4F88A
:1065B0009C3012F058FFE0E70148DFE70148DDE7D3
:1065C000008FFFFF0094FFFFF0B50689D0F89C30E4
:1065D00076BAD0F8B020A3F80160D0F8B8300D46F4
:1065E000D0F8981004460B60D0F8BC308BB04B60EC
:1065F000D0F8A03051BA1980076C002F33D0D0F8F2
:10660000A420D0F894300692D31AC3F5EA530D3380
:106610000793D0F8B0300993D0F8A8309B1AD0F87F
:10662000982008931068516803AB03C3D4F8AC20DA
:1066300023688DF81420DA693946009220469B6958
:1066400003AAADF81560FFF7A1FC90BB089B7BBBCC
:106650009DF81430099AC4F8AC30D4F8A03051BA7F
:10666000C4F8B0201980D4F89C10D4F8A430204687
:106670005B1A1344D4F8AC200A70D4F8B420216C0F
:106680001A44C4F8B420D4F89C201A44C4F89C20BE
:1066900012F0E9FE082204F1C00111F8013D013AAF
:1066A0000133DBB20B7063B9002AF6D1074800E072
:1066B00007480BB0F0BD20460BB0BDE8F040FFF737
:1066C00055BF012DF7D00020F3E700BF8094FFFFF6
:1066D0000094FFFF70B50446D4F8AC60D0F8B03039
:1066E000D0F8A800162E1546027803D0142E1FD01D
:1066F000154818E0C2B9B3F5E05FF9D8043B1E0CA9
:106700004670D4F8A8001E0A8670D4F8A800C3709A
:10671000A2B199B1A36B2046DB68D4F8B020D4F8BD
:10672000A810984750B170BDA66B002EE3D1DFE7EB
:10673000A26B002ADCD0B3F5E05FD9D82946204609
:10674000BDE87040FFF740BF0094FFFF10B4C0B138
:106750000468B4B1D0F8B4401CB15DF8044BFFF745
:1067600005BF02244FF0150CC0E92BC4D0F8A84097
:106770002170D0F8A83001215A705DF8044BFFF762
:1067800023BF02485DF8044B704700BF008FFFFF36
:10679000F0B5D0F8886004460D4689B0002E40F070
:1067A000B1800527D4F88010236F51B3002B40F03F
:1067B000AE80A26F914222D2E06E521AA2670144CB
:1067C00014F0F3FAC4F88060A36FEBB12046FFF732
:1067D00099FE10F5CD4FE5D010F5CB4FE2D0002853
:1067E00040F08A80636F162B40F08F80012D40F0BF
:1067F0008C80204609B0BDE8F04012F022BEA367AD
:10680000E0E7002BE0D1A36705212046FFF720FE3B
:10681000002873D1E36F226E042B6CD913788DF8A6
:106820000C30143B032B66D8537821688DF80D305B
:1068300093788DF80E30B2F8013009885BBA9BB2BC
:10684000994258D3E16D01AB08684968069703C3C4
:10685000B2F8033004925BBA9BB2591D07930591BD
:10686000002B48D02046FFF7F3FD002846D1E16B0E
:10687000E06719B3204601AAFFF75CFC00283DD170
:10688000079A9DF80C307AB940F20332218991427F
:1068900001D1172B2FD1D4F884300133032BC4F846
:1068A000843003DD1B4827E0C4F884000822E16D32
:1068B000013A8B5C0133DBB28B54C3B1079BB3F558
:1068C000E05F18D8204612F0F2FD636E226E0233AC
:1068D000A3669DF80C3063671370069A049B1344FB
:1068E000E366079B626EA3675BBA13806EE7002ABC
:1068F000DDD1094800E0094809B0F0BD10F5CB4FE3
:10690000FAD14FE70023C0F888300020F4E70448AC
:10691000F2E700BF808EFFFF8094FFFF008EFFFF35
:106920000094FFFF012110B50446FFF731FF014637
:1069300040B9636F142B07D002210A222046FFF7CB
:1069400005FF0849084610BDA36CE363636BA362AF
:10695000E36D18605860204612F0A9FD63680133AA
:106960006360EFE70089FFFFF8B50E46154607465E
:10697000002874D00368002B71D043681B2B05D00E
:1069800001F0F6FA10F5D64F00D068BB396FB9B1F7
:10699000BC6FAC4228BF2C4635B12246304614F0BD
:1069A000F7F9BB6F1B1BBB672146386FFAF70AF874
:1069B000BB6F002B4FD13B67C7F88830204613E0F0
:1069C0007B6D43B1F86C9847013004D13B68384681
:1069D000196D12F012FD01213846FFF7D9FE20B1E2
:1069E00010F5E54F00D10020F8BDD7E91D323AB9C6
:1069F000172B05D101213846FFF7CAFE0028EFD139
:106A00007B6F162B19D13B89B3F5417F29D23B68A7
:106A10001B7963B9FB6E1B783BBBD7F88030042B26
:106A200023D1642201213846FFF790FEADE7012B08
:106A3000F7D1FB6E1B78012BF2E7152B13D0172B28
:106A400013D1FB6E3B677B681A2B9FDD0021384614
:106A500012F0D3FC9AE73B6F23443B67AEE7044850
:106A6000C2E70448C0E70448BEE70448BCE700BFEB
:106A7000008FFFFF0094FFFF0097FFFF0089FFFFDB
:106A800070B50E461546044668B303685BB34368A9
:106A90001B2B05D1204612F0DEFE002805DA70BD62
:106AA00001F066FA0028F5D0F9E7D4F8B430854251
:106AB00028BF054633B12046FFF758FD0028EED128
:106AC0002846ECE71723C4F8B050C4F8AC302DB119
:106AD0002A463146D4F8A80014F05AF9012120467C
:106AE000FFF772FDEAE70148D9E700BF008FFFFF1B
:106AF00040B1026832B143681A2B05DD0022012142
:106B0000FFF724BE0148704700207047008FFFFF49
:106B100030B50025039C256003681B7A73B1914250
:106B20000FD8521A042A0CDD4FF480730B80012316
:106B30008D70CB7003681B7A0B71052300202360D6
:106B400030BD0148FCE700BF0096FFFF2DE9F0478C
:106B50004368044694B00F2B00F29F80DFE813F0E7
:106B60001000130018002F0134016601B301C801A1
:106B7000CD012C02A902AE02B302B802BD02BF02CF
:106B80000123636019E114B0BDE8F047FFF7ACB82A
:106B90000121FFF7FDFD054600287FD1636FE76EF9
:106BA000162B06D00A2202212046FFF7CFFD984D72
:106BB00074E0D4F88030292B02D93B78022B06D020
:106BC000322202212046FFF7C1FD924D66E0236884
:106BD00007F104095979484612F0A6FC636B20813D
:106BE00098802268636B12799A7022682389518891
:106BF000994202D812889A4206D2462202212046A1
:106C0000FFF7A4FD844D49E0A36BBA1DF43307F1EF
:106C1000260152F8040B8A4243F8040BF9D197F885
:106C20002650202DCCD8D4F8803005F12B02934289
:106C30001ED909EB0502D68C76BAB6B2721E022AAC
:106C4000BED905F12C0232449342B9D109EB0503B8
:106C5000B3F8238093F8253098FA98F81FFA88F84B
:106C600063B12F2202212046FFF770FD6B4D15E026
:106C700005F12A029342A3D10026E7E74046D4F863
:106C800038A0FEF7F9FFCAF80800A36B996849B964
:106C9000502202212046FFF759FD614D284614B0CD
:106CA000BDE8F087204601F01BF8D4F838A027375C
:106CB0009AF800306BB165B1606B8368984508D174
:106CC000C3689D4205D12A463946103014F0FEF8BB
:106CD000E8B163682A460133636000238AF8003014
:106CE000636B3946C3F80880636BDD60606B1030FE
:106CF00014F04EF82368DB68043B53F8040F48B9DE
:106D00002F2202212046FFF721FD464DC6E70C2326
:106D10006360EFE7626B92689042EED1FEF7ACFFE2
:106D2000238901461A46204612F0EBFE30B1282294
:106D300002212046FFF70AFD3B4DAFE740F2FF106E
:106D400028354D446EB9A36B1B787BB3204601F008
:106D5000ADFB054650B3502202212046FFF7F6FC5A
:106D60009CE76B8829885BBA9BB21A1DB2423FF63A
:106D700027AFB1F5807F0FD0814206D1012BD6D14C
:106D800029790029D3D1C4F8C430F31A1E1F053B5A
:106D9000022B1544D6D818E72168097A0029AFD00C
:106DA000012BADD12F798F42EFD0A9E7D4F8C430B1
:106DB0001BB92368DB79022BB9D000256EE714B02C
:106DC000BDE8F04701F03CBF836B9E68B37A012BAE
:106DD00001D10523D5E60121FFF7DAFC054600289D
:106DE0007FF45CAF636F162B7FF4DCAEE36E1B7831
:106DF0000C2B00F07781B37A03F0FD03052B7FF4B1
:106E0000D1AE0123C4F8883063680133B9E600BF0E
:106E10000089FFFF008DFFFF8091FFFF808FFFFF44
:106E2000008FFFFF009AFFFF0092FFFF836B9B68BC
:106E30009B7A042B20D813B301212046FFF7A8FC2E
:106E4000054600287FF42AAF636F162B7FF4AAAEA5
:106E50006368A26B01336360E36E1B78A3F10D01DD
:106E60004B424B4182F8B430A36B93F8B43043B932
:106E70000123C4F88830A0E7093B012BDCD90623A5
:106E80007FE6D4F88000E16E04287FF699AE0B7996
:106E90009A1D90427FF694AECA18B2F80520DE1D06
:106EA00052BA95B216FA82F290427FF689AE2B441E
:106EB0001944B1F80720093352BA13FA82F3984201
:106EC0003FF47BAF7CE60121FFF762FC054600281A
:106ED0007FF4E4AE636F162B7FF469AED4F8803094
:106EE000042B7FF46DAEE36E1B780E2B8CD067E61F
:106EF00014B0BDE8F04701F0C9BC856BAB689F7A60
:106F0000012F40F0EF80036805F58A78597940F247
:106F10000332404612F005FB236805F58B712E22E3
:106F20009E69D869B047054600287FF4B7AE302285
:106F3000A36B3946C3F84421A66B5036304612F095
:106F4000A6F8002836D02268A16BD069D4F8A83002
:106F5000039092693046029241F6FA32019208AAF1
:106F60000092D1F8442106334146FDF751FB054616
:106F700000287FF493AE089BD4F8A82059BA9180DA
:106F800002333046089312F072F8089B1022043343
:106F9000C4F8B0301623C4F8AC30D4F8A8301A7056
:106FA000012263681146013320466360FFF792FBBC
:106FB000054673E64C4D71E6836BD0F8A860D3F8B4
:106FC00008800023D0F89470069301F06FFA05460C
:106FD00000287FF463AE98F80A30042B60D8002BA9
:106FE00061D0A16B91F8B430002B5CD0CB6C1BB995
:106FF00023689B6B002B56D01B68002B53D0204678
:1070000012F0B4FA002852D00B69204607AA08A94A
:107010009847054600287FF441AEA36BD4F8A8201A
:107020009B6820465D7A0A2D14BF04230523137143
:1070300018BF092512F09AFAD4F8A88012F0AFFC14
:10704000002188F805002046079112F08FFA236886
:107050000591DA6904929B69F21BC2F5EA52039327
:10706000053206AB01920293D4F8A83008AA08337F
:1070700000930B462946FDF789FA054600287FF460
:107080000DAE069BD4F8A82059BA0833D180C4F8B5
:10709000B03016230F22C4F8AC30D4F8A8307EE705
:1070A000093B012B9DD9636801336360F6E50F4D01
:1070B000F4E514B0BDE8F04712F0ECB914B0BDE847
:1070C000F04712F0D3BC14B0BDE8F047FFF72ABC7C
:1070D00014B0BDE8F04701F053BC0F2351E512F0A6
:1070E000A6FC6AE6024DD9E50093FFFF008AFFFF88
:1070F0000094FFFF10B5074A1468136812686340D4
:107100005340594041404808404249420843C01753
:1071100010BD00BF88D700202DE9FF47064608466E
:107120009046FEF7A9FD044600283DD033898289A8
:107130009A4218D8C2899A4215D312F040F933689E
:1071400007469D6B00B375B14FF000090DF10C0AB5
:10715000CDF80C9028683946CC3011F098FF30B942
:10716000AD68002DF4D1002004B0BDE8F087CDF863
:1071700000A040F2033300222146286801F0A8FC59
:107180000028EDD1B36BDD64204612F029F910B967
:10719000C8F80040E7E712F00AFC0146304612F05A
:1071A0009BFC0028F4D1DEE70048DDE70094FFFFF8
:1071B0002DE9F04F4368B1B01A46044604930F2AF4
:1071C00000F27884DFE812F010001300A7017402C7
:1071D0007902940216031E032303E0035C04610496
:1071E00066046B047004730401236360A1E2D0F8A9
:1071F00088302BB1236E1B78162B0BD0AE4D05E0DB
:107200000521FFF725F905460028F3D0284631B0BF
:10721000BDE8F08F636E1E88D4F8883076BAB6B2B7
:10722000002B43D00023C4F88830D4F86C90A36BB3
:10723000324649462046DB68984705460028E5D196
:10724000032E5AD999F80030012BD7D199F8013083
:1072500099F802204FEA034848EA022899F80320E7
:1072600048EA0208002B48D108F104039E4244D1A9
:10727000B8F1250F09F1040B3FD923685846597915
:1072800012F052F9636B208198802268636B127947
:107290009A7040F2033322899A4215D04622022185
:1072A0002046FFF753FAA5F5DD45AFE7B6F5E05FF9
:1072B00001D9824DAAE72046711DFFF7C9F805469E
:1072C0000028A3D1E067B0E7A36B09F10602D4332D
:1072D00009F1260152F8040B8A4243F8040BF9D154
:1072E00099F82670202F03D807F12403984506D279
:1072F000322202212046FFF729FA714D86E7636B9F
:107300002022DF60606B0021103013F068FD606B9D
:1073100009F12701C26807F12306103013F038FD88
:107320003BF8063093FA93FA1FFA8AFABAF1010F82
:10733000DED95644F21C9045DAD3C3F30029DB05AD
:10734000D6D402361BF806305A1E0F2AD0D81E4457
:10735000731C9845CCD306F103060AD9B045C7D3B0
:107360003BF803305BBA1FFA83F916FA83F39845AA
:10737000BED100215E44B9F1000F3DD119B940F2F0
:107380000122A36BDA61002325375F447A1CF95C84
:1073900000297BD1D15CFF2978D10123C4F8C43006
:1073A0002368DB6D002B7FD100262368D3F80C9077
:1073B00014969B7A012B00F09E80B046A9F1040B35
:1073C0005BF8043F002B42D00026B95BDBF80030AD
:1073D00049BA89B2994209D1204614AAFFF79CFE06
:1073E000002866D1149B002B40F08A800236B245FB
:1073F000EBD808F10108E3E7B9F1030F7FF678AFA6
:10740000B6F80280328898FA98F81FFA88F808F1DE
:1074100004039945FFF46CAFB2F5506F29D040F2E8
:10742000FF1082420ED0B2F5807F19D1B8F1010F62
:1074300002D13279042A26D92F2202212046FFF7D1
:1074400085F936E7B8F1010F01D1327932B128223E
:1074500002212046FFF77AF91A4DD7E6C4F8C48016
:10746000C8F1FF2808F57F0808F1FC08C1441E4454
:1074700081E72046F218311D059300F0ABFFC0B93B
:10748000DDE90413ECE7606B0270E9E702339A452B
:107490003FF67DAFD4F8C4202368012A80D0DB7981
:1074A000022B7FF47DAFD2E72046984700283FF4B7
:1074B0007BAF0546AAE600BF0089FFFF009AFFFFE9
:1074C000008DFFFF0092FFFFBBF8001049BA89B2A0
:1074D000994207D1204614AAFFF71EFE0028E8D1E2
:1074E000149B6BB908F1010859F82830002BEBD137
:1074F0000236B245ABD94FF0000807EB060BF3E7B5
:10750000636B59F828209A60A36B149A9A60636899
:10751000013363607AE60368D0F8A860028959797C
:10752000301D11F0FEFF2368B71D9D690422394606
:10753000D869A847054600287FF468AE236814225E
:107540009D69D86906F10A01A847054600287FF41D
:107550005DAE236808229D69D86906F11E01A8471F
:10756000054600287FF452AE3946A36B06F1260289
:10757000F43351F8040B914243F8040BF9D1A36B97
:107580001B78012B29D0676BFB6833B323681B6A18
:107590001BB314A812F0DCF82068FA68056A14AB73
:1075A000806A07F11001A847054698B9BA68169B8A
:1075B0009A420FD1384612F081F9702214A9384648
:1075C00013F0E6FB7022294614A813F008FC0122F0
:1075D000A36B1A7014A812F071F9A36B1B78002B1F
:1075E00058D12022636801336360636BDA602368DB
:1075F000616B9D69D8691031A847054600287FF462
:1076000005AE626B06F12703D268184686F826207D
:10761000616BCA68103113F0BBFB0346616BC8682D
:1076200089681A1849BA195200239370D4F8C41003
:10763000D01C012934D140F2FF15D371A2F80550B6
:1076400011725372636B1B7883B3052302F10A0135
:107650004FF480750D8000258D700125CD70656B10
:1076600005332D780D7159BA0233A2F8031018446E
:1076700016230222C4F8AC30D4F8A830801BC4F81A
:10768000B0001A7001222046114631B0BDE8F04F1B
:10769000FFF720B80C232046636000F007FFACE73B
:1076A000616B09780029E3D0511DD1E70523DAE7A2
:1076B00031B0BDE8F04F01F0E9B8836B9B689B7A6D
:1076C000013BDBB2092B05D840F2513222FA03F319
:1076D000D8070BD4162304210C22C4E92B31D4F88B
:1076E000A8301A70636801336360CBE705237CE53B
:1076F0000622836BD0F8A8709B6842609B7A042BAB
:1077000014D8B3B123689B799BB101237B713B7182
:10771000A36B07F1060923B1DA79012A01D19D6C27
:107720008DBB23689D6C75BB924D6FE5093B012BAA
:10773000E8D900256AE520464FEA182101F092F8C1
:1077400070B9238953450BD12B881A0A013A052AAF
:1077500006D8DAB2012A03D102365BBA29F806301C
:1077600035F8028FB8F1000FE5D173BAFB802368BA
:10777000301D5A7A4844012A2BD11D6E05B9DD6BA4
:1077800007F5E05921E0002640F2033A023DE7E721
:10779000AB6C81451FFA83FA1BD3A9EB00030AF1F6
:1077A0000202934215D303469AFA9AF223F8022B67
:1077B000E96C5246184613F0EBFA0AF10201414413
:1077C000D5F8905150441FFA81F815B1EB69002BA0
:1077D000DED116230D22C4F8AC30D4F8A830C01B7B
:1077E000C4F8B0001A70D4F8A83098FA98F133446D
:1077F000198147E716230422C0E92B320E22D0F864
:10780000A8306EE731B0BDE8F04F01F019BA836BD4
:1078100001219F68FEF7BCFF054600287FF4F6AC07
:10782000D4F88030E66E06EB0308636F162B7FF406
:10783000E5AC3378102B7FF4E1ACBB7A012B40F040
:107840003C814FF6FF73A76BADF85030079047B1FE
:10785000FD6C35B12868002800F08580CC306D685B
:107860000BE023689B6B002B7DD0186800287AD032
:107870002368CC309D6B002DF1D111F01CFC06F17A
:1078800006090730C8454FEAD00A6ED33379C0F3F2
:10789000C720834269D172795FFA8AF39A4264D130
:1078A00009EB0A03984560D10121284611F0EFFB4E
:1078B00000285CD023684946DA69284603929B6910
:1078C000524602933023019307AB009314ABFCF7AD
:1078D0008BFE06462368626B5979928806A811F0E0
:1078E00020FE254B30210798D3F800B0FFF702FCAB
:1078F0009DF8181080469DF85000FFF7FBFB9DF89F
:10790000191082469DF85100FFF7F4FB2368814669
:107910009D693022D86908A9A847054600287FF448
:1079200075AC3022A36B86EA0B06C3F84421A36B27
:107930007508D3F844316D42764248EA0A08354367
:1079400048EA090040EAE570009308AA14AB07F57D
:107950008A71F8F737F8204600F0A8FD05460028A0
:107960003FF4D5AD52E4054EB4E7054EB2E7054EFF
:10797000B0E700BF80A1FFFF88D70020808BFFFF0A
:10798000008DFFFF008AFFFF836B9B689B7A042BAF
:1079900070D8002B71D0636B1B6E002B6DD0002153
:1079A0002046FEF7F5FE054600287FF42FAC6368FD
:1079B00001336360636F162B7FF420ACE36E1A789B
:1079C0000F2A7FF41BACD4F88020A76B052A07F19F
:1079D00050077FF692AC187900F000FC06460028AC
:1079E0003FF467ACE36E2046197900F03BFF0028B6
:1079F0007FF45FACE36E052E58790CBF0DF1600883
:107A00000DF1500811F0DDFF014600283FF451ACA4
:107A1000384611F03CFB00283FF44BACD4F88020F2
:107A2000072A7FF66AACE36EDB885BBA1FFA83F93C
:107A300009F108039A427FF460ACA36B20461B69EE
:107A400008AA14A99847054600287FF4DFABCDF8B3
:107A50000490E36E424608330093314603463846AD
:107A600011F01EFB054600287FF4D0AB204611F034
:107A7000E8FC1EE5093B012B8DD90A23FFF7B5BBB6
:107A800031B0BDE8F04FFEF74DBF31B0BDE8F04F6B
:107A900000F076BF31B0BDE8F04F11F0FBBC31B063
:107AA000BDE8F04F11F0E2BF0F23FFF79EBB11F0CE
:107AB000BEFF3EE6024DFFF7A9BB024DFFF7A6BB96
:107AC000008FFFFF0094FFFF013803289ABF034B8C
:107AD00033F810004FF4E050704700BF56310500F6
:107AE0002DE9F04F044697B003A88A4699460092C4
:107AF000DDF88CB010F023FD2046F7F7ADFF074608
:107B0000002800F09C8010F04DFD05464846D9F74E
:107B1000B7FA219B00EB0308A84441460120F8F77F
:107B20005DFF044670B903A810F00EFD454F06A88E
:107B30004021F8F747FF2046F8F756FF384617B0C0
:107B4000BDE8F08F4846D9F79BFA0646631902460E
:107B500049461846019313F01BF9DDE92012A819D4
:107B6000204413F015F93946012203A8F7F7AEFFB8
:107B7000074638B103A810F0E7FC41462046F8F765
:107B800021FFD4E75146009A03A8F8F795F8074675
:107B90000028EFD1219B611903EB060A524603A886
:107BA000F8F704F907460028E4D1214603A8F8F7BE
:107BB0000DF907460028DDD18146AA443BE003A821
:107BC000F8F72EF907460028D4D15246214603A8DB
:107BD000F8F7ECF807460028CCD106A903A8F8F777
:107BE000F5F807460028C5D103A8F8F719F90746A4
:107BF0000028BFD12A46214603A8F8F7D7F8074640
:107C00000028B7D1214603A8F8F7E0F80746002876
:107C1000B0D109EB05065E4588BFBBFBF5F2229BA0
:107C200098BF2A4603EB090088BF05FB12B206A9DC
:107C300013F0AEF8B146D945C1D300279AE7024FF9
:107C40007CE700BF0081FFFF0094FFFF2DE9F047B4
:107C5000064688B005A8884615461F4610F06FFCFA
:107C6000D6F83490B9F1000F01D1D6F830901199BF
:107C7000194A1A4B4046002914BF92469A4610F002
:107C800097FC0022014605A8F7F720FF0446E0B95B
:107C9000414605A8F7F7ECFE0446B0B9294605A809
:107CA000F7F7BEFF044680B90C223021B36B029275
:107CB000109A09EB0100CDE9007252469E692B46ED
:107CC000B04739462846F8F77DFE05A810F03CFC81
:107CD000204608B0BDE8F087D7950500C795050098
:107CE000826B044B487A04490A2818BF0B46D360BC
:107CF000704700BFC9950400C195040070B50446E3
:107D000016460D4649B9806B10B9A063002070BDBE
:107D10008568F8F769FE2846F6E70C210120F8F798
:107D20005DFE60B10023C0E900568360A36B002BA9
:107D3000EBD01A469B68002BFBD19060E6E7014828
:107D4000E5E700BF0081FFFFF8B505460E4639B9EB
:107D5000D0F8C070EFB90023C5F8C0300020F8BDDE
:107D60000846D9F78DF9FF2804461DD8D5F8C0700C
:107D700087B90120611CF8F731FEC5F8C000A8B131
:107D80002246314613F004F80022D5F8C0301A55C7
:107D9000E4E70C463846D9F773F90146384610F047
:107DA000A1FC002ED7D0E4E70148D8E70148D6E788
:107DB000008FFFFF0081FFFF0429024608B508D8A5
:107DC0000846FFF781FEB0F5E05F02D8002011728F
:107DD00008BD0148FCE700BF008FFFFF2DE9F0411F
:107DE000164698460446002873D0042A07D93A4B11
:107DF000082E1A681B790A600B7107D8053140F20A
:107E00000333A2889A4210D1002714E08388A6F198
:107E100009074B7183788B7183685BBAA1F80730CF
:107E200040F2033382889A4202D02C48BDE8F081A8
:107E3000542F0AD80931236E2BBB57250A35AE4281
:107E4000C8F800503CD30020F0E7C36804F13002CA
:107E50004B72103001F10A0350F8045B904243F872
:107E6000045BF9D101F12A0304F1600250F8045BCC
:107E7000904243F8045BF9D1E36E1BBAC1F85A3063
:107E8000236EC3B15E31656E5735BD420DD80B46CA
:107E900094F8682003F8022B626E18464A70D4E901
:107EA000181212F075FF616E01446B1CBB429CBF3F
:107EB00023780B70C2E7562F04D86123C8F800302E
:107EC0000748B3E781F85E3081F85F3057256031AD
:107ED000EBE70448AAE700BF5A130500808FFFFFB5
:107EE0000096FFFF0094FFFF38B5044600283BD002
:107EF0000368002B38D0836BB3B343681B2B33D09C
:107F0000FEF734FB054618BB204611F011FB054671
:107F1000F0B923681A7972B1012A23D12046FFF7FC
:107F200047F9A8B1054694F88C308BB12046BDE8DE
:107F3000384011F0FDBA62682AB1012A0AD0204601
:107F4000FEF704FE09E0012262601B799342E5D04E
:107F5000284638BD2046FDF7C7FE23681B79012B54
:107F6000DFD1DBE7014DDEE7004DF1E7008FFFFFDA
:107F700010B5044608B103682BB9054807E0204650
:107F8000FFF7B2FF18B963681B2BF8D1002010BDB2
:107F9000008FFFFF38B50C46054611F08FFC7022AC
:107FA0002146284612F0F4FE236E0BB9002038BD9E
:107FB0000120616EF8F712FD286650B1D4E918125D
:107FC00012F0E6FE94F8683085F86830636E6B66F0
:107FD000ECE70148EBE700BF0081FFFF10B5044666
:107FE00080B179B1406B68B123681B7953B9A36B39
:107FF0001B78012B08D0FFF7CDFF10B90122A36B2E
:108000001A7010BD0148FCE70148FAE7008FFFFF36
:10801000808FFFFF10B5044608467CB171B1216B1B
:1080200061B123681B794BB94B78012B08D0FFF75E
:10803000B1FF10B90122236B5A7010BD0148FCE753
:108040000148FAE7008FFFFF808FFFFF2DE9F8431B
:108050000D461646044601EB0209002873D0042A97
:1080600005D8DFF8F880204611F028FC68E00522EA
:108070002846394912F02AFF8046002866D1731F2E
:10808000032BEED940F203316A7942F44072A280A8
:10809000AB798A42A370B5F807305BBA9BB2A36094
:1080A000A6F10903DDD1542BDBD96B7A04F1100260
:1080B000E36005F12A0105F10A0353F8040B8B4232
:1080C00042F8040BF9D104F1300205F15A0153F8DA
:1080D000040B8B4242F8040BF9D1D5F85A301BBA85
:1080E000E36600232366A6F15E03012BB9D995F858
:1080F0005E0005F1600784F8680095F85F306366FC
:10810000BBB1F7F7A9FC0028ABD0656E10F04AFAB6
:108110008542A6D1616E603EB142A2D80120F8F737
:108120005DFC2066A8B13946626E12F031FE636EC6
:108130001F44B94595D017F8013BB945237090D13C
:108140004046BDE8F883DFF818808CE7DFF814803C
:1081500089E7DFF8148086E712960500008FFFFF9D
:108160000094FFFF00A1FFFF0081FFFF10B5044650
:108170000171427109B902228271012262720022E8
:10818000A2724FF00332022B226009D10B4B0C4A32
:10819000E3600C4B63630C4BC4E91232002010BD4A
:1081A000FDF776FD094B0A4A21686363094BE060DD
:1081B000B1F1033F08BF1346074AEDE77C2E0500E7
:1081C0005E310500242B050000D80020342B05006B
:1081D000141B002060310500683105000138C0B271
:1081E00005289ABF014B185C002070470C960500CB
:1081F000033808289ABF024B185C0020704700BF64
:1082000003960500F8B50446806C08B111F070F9CA
:10821000606B08B111F052FBA36B13B1204611F053
:108220002FFBA36C23B9D8210120F8F7D7FBA0645A
:10823000636B23B970210120F8F7D0FB6063A36B57
:108240002BB94FF4A4710120F8F7C8FBA063A06B11
:1082500018B1A36C0BB1636B6BB90025F8F7C4FBC5
:10826000A06CA563F8F7C0FB606BA564F8F7BCFBD6
:1082700065632E4D41E0184611F06AFAA56B4FF484
:10828000A4720021284612F0AAFD05F19C0010F00E
:1082900056F905F1A80010F052F9254B05F15000F0
:1082A000EB6010F0E0FEA06C11F03AFA204611F0FD
:1082B000FFF9054608BB23681A68B2F1033F31D1C4
:1082C0005E6C7EB3043E324601464FF6FE7752F8AE
:1082D000040FA0B9012919D901200231A76BF8F7C1
:1082E0007DFBB864A36B9A6C002AC2D056F8040FC9
:1082F00070B910800122A36BDA712846F8BDFFF730
:1083000077FF0028E3D00231B942E0D9094DF4E704
:10831000FFF76EFF0028E9D0000240F0010022F8CC
:10832000020BE3E70022A36BE6E700BF0081FFFF3B
:108330006996040080A1FFFF38B501600B68044610
:10834000B3F1033F3BD18B69002B3AD00B8841F648
:108350004D5103810023C0F894300120F8F73EFB13
:10836000A065C0B9184DA06DF8F73EFBD4F8940095
:10837000F8F73AFB0023C4E91733C4E91933C4E919
:108380002633C4E928332360A365C4F89430E36638
:10839000C4F8A83011E041F64D510120F8F71EFB5A
:1083A000C4F894000028DDD0204611F08AF8204659
:1083B000FFF728FF05460028D5D1284638BD034DD4
:1083C000FBE7034DF9E700BF0081FFFF80A1FFFF3E
:1083D000008CFFFF9142F8B505460C4616460CD8B6
:1083E000531A012B09DD806B34F8027B282200210F
:1083F0001C3012F0F4FCA64206D228463221294A4B
:1084000011F0ACF82748F8BD7BBA9BB2321B9A42F8
:10841000F3D3002123449C420AD3B442EDD1002976
:1084200038D128462821204A11F098F81E48EAE75A
:108430001A1B012AE1D040F2033734F8022BB5F8B9
:1084400008E050BABE451FFA80FC15D1D2B2013AFD
:10845000052AE0D85FFA8CF2012ADCD1AA6BA2B11E
:10846000D779012F11D1926C7AB1023A32F8027F9A
:10847000002FD0D0BC45F9D14F1C132F9FBFAA6B42
:1084800002EB410290833946C5E72A68926C002AC4
:10849000EBD1C0E70020AB6B0C3103EB41039880BC
:1084A000B1E700BF008DFFFF0092FFFF2DE9F04F05
:1084B000836B05469A687248527A724C0A2A724A4D
:1084C000724918BF1046724A986118BF1146714A26
:1084D00018BF2246C3E90412D5E90D310A78CFB09E
:1084E000B2B930263344019340230296009301F53C
:1084F0008A748F6901F1D4032046674AD1F8441188
:10850000B847834600284AD131462046F8F75AFA40
:10851000AC6B0EAE04F1D402B446134604F58A7473
:10852000674610685168083203C7A242BC46F7D1BB
:1085300016AC27460DF1780C224603CA6245186036
:108540005960144603F10803F6D13446AB6BF4339B
:10855000224603CABA4218605960144603F1080360
:10856000F6D140213046F8F72DFA6B6BAC6C986869
:1085700030330793AB6B05939B690693059BD4330C
:1085800008932B8909932B681B790A93099BA4F8FC
:108590004C30FDF771FB074628B9DFF804B15846A7
:1085A0004FB0BDE8F08F11F02AF90328824606D1BA
:1085B000FB7A13F0020F0CBF102308232361387AD3
:1085C000F6F774FF80460028E7D0787AF7F744FA88
:1085D00081460028E1D0DDE906704FF48073CDE9D3
:1085E00001634023302100932C4A089BB8478346FF
:1085F0000028D4D198F80530BAF1020F03F00F0328
:108600000D9302D9DFF89CB0C9E704F134030122CD
:108610004946184698F804700B93F7F757FA07F095
:108620001F07834618B14FF480713046CBE004F148
:1086300040030122494618460C93F7F747FA834650
:108640000028F0D148460FF0ADFFE06098F8043004
:1086500006465B099B006360BAF1000F00F0B6802C
:10866000B0FBF7F207FB027740F20332099927606B
:10867000914219D04FF480710EA8F8F7A3F9C1E721
:10868000A1950400D1950400819504005996040039
:1086900061960400EB950400E7950500F59505004B
:1086A000008FFFFF0094FFFF1F440D9A27604FEAE1
:1086B000C20A0A9A002A40F08B80D4F808B00EAAA9
:1086C000BBF1000F08BF9B4637B202EB47090AEB2C
:1086D0004707174432440A9207EB0A015A4604F14D
:1086E000140012F055FB0AEB0B015A46394404F111
:1086F000240012F04DFB0EAB0993D5F8C8A0BAF1D7
:10870000000F16D0554B0699059A9942D5F8CC0022
:1087100002F1F40200F08180514BC91A4B424B41E7
:108720005B000293089B0021CDE900233023079AC8
:10873000D04704F1500A41465046F6F7DFFE834623
:10874000002840F08780943441462046F6F7D6FE54
:10875000834600287ED198F80520012302F00F02FD
:10876000494650469201F6F7E9FE8346002871D14A
:1087700098F80520034602F00F0239462046920180
:10878000F6F7DCFE8346002864D198F8052012092C
:10879000022A44D07EB1324609990B98F7F78CFA39
:1087A0000446002848D132460A990C98F7F784FA13
:1087B0000446002840D14FF480710EA8F8F702F962
:1087C0004021A86BD430F8F7FDF8E8E607466CE7DF
:1087D0000A9A012A7FF44EAFD4F808B037B2BBF141
:1087E000000F08BF9B460EAA0AEB4709914402EB13
:1087F00047073244099209EB0A015A4604F1240062
:1088000012F0C6FA0AEB0B015A46494404F114006F
:1088100012F0BEFA0EAB0A936FE7012381E7042141
:108820005046F7F743F8074668B920460421F7F7A2
:108830003DF804460028ADD04FF480710EA8F8F73B
:10884000C1F8A346ABE64FF480710EA8F8F7BAF86A
:10885000BB46A4E64FF480710EA8B4E7A1950400CE
:1088600081950400042906D0052907D1836B054AA8
:1088700000201A617047836B034AF9E74FF0FF301D
:10888000704700BF59960400619604002DE9F0413D
:10889000826B044693689B7A013BDBB2092B40D87C
:1088A00040F24F3121FA03F3DB073AD501680B7927
:1088B000002B32D0012B07D1D36C13B98B6B002B5B
:1088C00056D01B68002B53D0D36C13B98B6B002B85
:1088D0004CD01E6841F6FD37072346BBD4F8A810DC
:1088E000DA1F100C0871D4F8A810100A4871D4F8D7
:1088F000A81020468A71C4F8B03016230B22C4F8A1
:10890000AC30D4F8A8301A700122636811460133E4
:108910006360BDE8F041FDF7DDBE92F8B430002B96
:10892000D2D10020636801336360BDE8F081B5688F
:10893000FA1AAA421ED3D4F8A820290CD154D4F88C
:10894000A820290A1A445170D4F8A82003F103087A
:108950001A449570D4F8A800F1682A46404412F0F1
:1089600017FAD6F8906105EB0803B6E70723B5E7D9
:108970000148DAE70148D8E70094FFFF0096FFFFBF
:1089800030B50446036885B01A79836B82F0010222
:108990005B6901A9984701212046FDF7F9FE0546CC
:1089A00040B9636F162B0CD00A2202212046FDF736
:1089B000CDFE1B4D01A80C21F8F704F8284605B0A0
:1089C00030BDE06E0378142BEED1D4F88030102B3C
:1089D00006D0322202212046FDF7B8FE114DE9E70C
:1089E0000C2201A904300FF087FD054630B1332277
:1089F00002212046FDF7AAFE0B4DDBE7A36B1B7897
:108A000053B123681A790AB90A2262601B79012BD3
:108A1000D0D10F236360CDE763680133FAE700BF6D
:108A20000089FFFF008DFFFF0092FFFFF0B50746B2
:108A300000209142186001D92248F0BD501A052843
:108A4000FADDB86B8C1DC8B1C579012D16D1866CC5
:108A5000A6B1254640F2033E023E36F8020F98B911
:108A60002C1B2CD04FF45062A4B20A80A21C52BA24
:108A700064BA6D1A4A808C801D60DEE73868866CA7
:108A8000002EE6D11048D8E7B7F808C0F445E4D185
:108A90004FEA102C0CF1FF3CBCF1050FDDD85FFA5A
:108AA00080FCBCF1010FD8D19542C5D8A2EB050CD2
:108AB000BCF1010FC0DD40BA25F8020BCDE7034839
:108AC000BBE700BF0096FFFF80A1FFFF0094FFFF00
:108AD000F8B5174640F2033293420646069D2BD165
:108AE00057BB8B7A013B092B06D8DFE803F027251B
:108AF000252505052705232300213046FCF704FA28
:108B0000044628B14FF0FF342B6843F400632B6018
:108B10000B490C4B0822002F08BF19463046FCF7C2
:108B20000FFA28B14FF0FF342B6843F480532B60C9
:108B30002046F8BD0821E0E78021DEE72021DCE7C0
:108B4000938E05005B8E05002DE9F04305469046A7
:108B500099460E4687B021B90024204607B0BDE8EB
:108B6000F08303690468002B3DD042690E99E76BDE
:108B7000CDE9032102936B6B39466C330193D5F831
:108B8000C03040460093636B226C10F0B9FB2B6839
:108B900004461A796B6B49466C33009340462B8927
:108BA000FFF796FF60B30CB3012E22D114F51C5FC2
:108BB000D2D014F5F44FCFD06B6BDB6EDF0530D421
:108BC0005E0730D413F4CC3F2FD1D8072FD49907A8
:108BD0002FD413F0080F0CBF2E223022022128467A
:108BE000FDF7B4FDB9E7D4E90B32BFE7012EB3D0EE
:108BF000114C002FE0D1114B022E08BF1C46DBE7C1
:108C0000012E08D114F51C5FA6D014F5F44FA3D0A3
:108C1000002CA1D0D0E7002FFAD1022EF8D1074CBA
:108C2000CAE73122DAE72A22D8E72B22D6E72D221B
:108C3000D4E72C22D2E700BF0086FFFF8089FFFF28
:108C40002DE9FF470446A36B00689B6890F80680F7
:108C5000997A4B1EDBB2092B10D840F24F3222FA20
:108C600003F3DB070AD50379012B0CD1072905D0C3
:108C7000B8F1000F07D18022636BDA6663680025C4
:108C80000133636037E001212046FDF781FD054691
:108C900088BB2368656B1B79BBB1D4F88030072B88
:108CA00013D1636F162B10D1E06E03780B2B0CD110
:108CB00003226949043012F009F930B94023B8F1B0
:108CC000010FEB66DAD0654D15E0286E30B1F7F78D
:108CD0008BFE00232B6685F868306B664FF4CA71F3
:108CE0000120F7F77BFE064648B9502202212046B4
:108CF000FDF72CFD5A4D284604B0BDE8F08710F072
:108D00000BFB636F162B0CD00A2202212046FDF7C5
:108D10001DFD544D304610F004FB3046F7F764FE5D
:108D2000E9E7E26E13780B2BEED1D4F88010092915
:108D300006D8322202212046FDF708FD4A4DE9E718
:108D4000B2F8053012795BBA9BB2002AF1D1073331
:108D50009942EED10727DFF81891DFF818A1D4F86F
:108D600080309F4244D30022A36B0092414632469A
:108D700020469B68FFF7E8FE05460028CAD1D6E9E1
:108D80000295D6E93187304610F0CBFA3046F7F736
:108D90002BFE20210120666BF7F720FE3066636B07
:108DA0001B6E002BA1D00920F6F756FE636B4A46D6
:108DB00029461B6EF6F752FF0922636B054683F8BE
:108DC00068202022636B5A66002894D1A06B039719
:108DD000503010F048F9A26B47443946503203A88E
:108DE000FBF798FA00283FF449AFA5F5D84582E78C
:108DF000F91C99429DD8E06EC25D32B12B2202214E
:108E00002046FDF7A3FC194D84E70744B7F801207D
:108E100052BA92B27F2A8CD98F18BB4289D30144AF
:108E2000304610F0B3FA10F5165F05460FD04845EE
:108E30000ADA10F5225F0CD0504590D02A22022188
:108E40002046FDF783FC65E7002888D0F6E72B2253
:108E5000F5E75022F3E700BF5F130500808BFFFFAB
:108E60000081FFFF0089FFFF008DFFFF0086FFFFED
:108E700081DAFFFFD2D9FFFF014804F005BB00BF34
:108E800017960500034A044B026024209B1AB3FB8B
:108E9000F0F0704740B60400BCBB040070B5044657
:108EA00088B10378C3B10D4D0D4EB54201D30024F6
:108EB00009E02968A14208D1284610F03FFE0028A9
:108EC00014BF2C460024204670BD2046D8F7C6F8B3
:108ED0000028F1D02435E8E71C46F4E740B604004A
:108EE000BCBB04002DE9F843054610B304782CB14F
:108EF000114CDFF84880444503D300242046BDE8E8
:108F0000F883226A52B1204610F018FE30B116687C
:108F100026B10027D6F80090B94501D12434EAE7FC
:108F2000284656F8041FD8F799F80028E6D00137EC
:108F3000F2E70446E2E700BF40B60400BCBB040011
:108F40001FB50446DAF7FEFF07490B685B0708D038
:108F5000064B0122029300231846CDE9003310F09E
:108F600010FE204610F01DFE181F0020519605002F
:108F70002DE9F04104460D4686B0EFF31188102329
:108F800083F31288BFF36F8F2B4F2C4A3B68966890
:108F900059074ED0042898BF294B127C94BF53F830
:108FA0002030284B0390CDE90432274B0122029355
:108FB000002321491846CDE9003310F0E2FD85B1C8
:108FC000EB693A68C3F308035BB152071AD01F4B31
:108FD00001220293002318491846CDE9003310F00E
:108FE000D0FD3B685B070DD0D6B91948194BCDE9C8
:108FF00003600293002301221846CDE900330E4995
:1090000010F0BFFD29462046FFF79AFF88F311882C
:10901000BFF36F8F304606B0BDE8F041DEF7A0BC6D
:10902000304611F002FA0028DFD00378002BDCD0A4
:10903000DCE7002DC4D1E5E7181F0020B8D70020D9
:10904000882E0500609605006E9605009696050030
:1090500045950500B796050038B50A4B53F82040F2
:10906000013053F82050A54200D838BD606830B1B7
:10907000037FDB0701D410F09FFD0834F3E723687A
:109080009847FAE79C2E0500012270B52A4B032071
:1090900086B01A70FFF7E0FFFFF7EEFE10F0B0FDAC
:1090A0000420FFF7D9FF254C254D2646AE4204F19A
:1090B000300410D301F05EF9204C224EAC4226D38E
:1090C00001F06CF903F01BFE1F4A137B23F0010330
:1090D000137306B070BD54F80C3C059354F8103C63
:1090E000049354F8143C039354F8183C029354F836
:1090F0001C3C019354F8203C009354E90A2354E9A2
:109100000C0100F08BFE54F8303C5E65CDE7D4E9ED
:109110000A23B3F1FF3F08BFB2F1FF3F05D052EA87
:109120000301206803D101F039FA3034C6E7314633
:10913000183001F009FDF8E79FD00120BCBB040006
:10914000BCBB040065A50400088D002008B50348D9
:10915000034A0021121A10F046FD08BD40240020E9
:10916000A8D00120F82370B5144E86B003FB00662A
:10917000134B012205930F23CDE903320023CDE9E0
:10918000013318234FF4A0720E4D0F4903FB005515
:10919000044602FB00110D4B3046009500F03EFEE8
:1091A000737B2C7423F004037373094B013403EBBA
:1091B000C423EE606B6006B070BD00BF108C002051
:1091C00019970500B8D7002078C70420A39D040094
:1091D00078BF0420BFB50020FFF73EFF264B83F386
:1091E00008880024F023254D254F85F82230EC77A0
:1091F0002C766C76AC7685F820406B6A43F4E023DD
:109200006B62DEF775FBDEF7EFFC4FF0FF33AB620E
:10921000EB62DAF76FFE1B4800F096FE10F08DFC53
:10922000DAF74CFD0120FFF717FF0220164DFFF77C
:1092300013FF01F0E7F8154B15499D61154B4FF4ED
:109240000042059301232846CDE90343CDE90144BB
:109250003B46009400F0E2FD06466A7B284622F079
:1092600004026A7311F041F92046FFF77BFF3A468A
:1092700031462846DEF78EFC78C7042000ED00E07A
:1092800089900300188F0020088D0020B8D7002097
:10929000B8C804207537050038B5054C256804EBBF
:1092A000850405B938BD54F80439013D9847F8E7FD
:1092B00084BD040038B5044C044DAC4200D338BD25
:1092C00054F8043B9847F8E790BD040090BD0400B3
:1092D00038B5064C064DAC4201D3002038BD2046BF
:1092E000D4E9011210F093FC1834F4E714200020A4
:1092F0005C200020002038B5054C064DAC4200D360
:1093000038BD204610F0F5FC0028F9DB2034F5E7E5
:10931000941F00201420002073B50C46EFF3118138
:10932000102585F31288BFF36F8F05695DB1256045
:109330002B680361C3690133C361002081F3118885
:10934000BFF36F8F11E052EA030603D16FF00B00F9
:109350002560F3E7CDE900230246083000F04AFF1C
:1093600018B9034B9B681B69236002B070BD00BF36
:10937000B8D7002070B50025094C0A4E0023012201
:109380001946204611F05CF821463046013510F0B0
:109390001EFF0A2D04F15004F0D1002070BD00BF63
:1093A000B8480520382100202DE9F34104460E4637
:1093B00000F10808EFF31187102181F31288BFF341
:1093C0006F8F406A2169884239D22568AC4218D033
:1093D000BDB1284610F0F0FC05F1180011F0BDFAFF
:1093E0003146E268286911F0D3FC00232846C5F80D
:1093F000B03011F07AF84046394600F077FF00208F
:109400002AE03146E268206A11F0C2FC236AE26871
:1094100010211344A2692362934208BF636904F1D7
:10942000280008BF2362636A0133636211F053FCB2
:109430000028E0D187F31188BFF36F8F0CE052EA68
:1094400003010CD00749404689680E61CDE900232D
:109450003946224600F0CEFE02B0BDE8F0816FF042
:109460002200E7E7B8D70020F7B50446084604F124
:109470000807EFF31186102181F31288BFF36F8F75
:10948000616A00293AD0E268E16911F081FCE36980
:10949000E26825681344A269E361934204BF6369EB
:1094A000E361636AAC4203F1FF33636234D0284660
:1094B000002D32D010F080FC05F1180011F04DFAAB
:1094C000E2682969206A11F063FC236AE268284691
:1094D0001344A2692362934204BF63692362636AEF
:1094E000013363620024C5F8B04010F0FEFF384637
:1094F000314600F0FBFE204603B0F0BD52EA030106
:1095000010D00A4989680861CDE900233146224616
:10951000384600F06FFEEFE7002086F31188BFF3B6
:109520006F8FE9E76FF02200F7E700BFB8D70020A0
:109530002DE9F341044617461E46EFF31188102328
:1095400083F31288BFF36F8FC368334A7BB180689F
:109550009168884219D057EA060318D188F3118818
:10956000BFF36F8F6FF00F0002B0BDE8F08191681C
:1095700091F90E100133E36093682161A36088F3D1
:109580001188BFF36F8F0020EEE72169F2E791F9B0
:109590000E1090F90E306FF07E029942A8BF194666
:1095A0009142B8BF11468B422DDD10F0C8FC054634
:1095B00022464146CDE90076184800F01BFE0028FF
:1095C000E1D0EFF31186102383F31288BFF36F8F7E
:1095D000A068D0B1236821699C420AD04BB193F9AD
:1095E0000E309942A8BF19466FF07E039942B8BF6A
:1095F000194610F0A4FC40B13146084800F076FE50
:109600006FF00A00B0E70025D2E7002DF4D186F311
:109610001188BFF36F8FF3E7B8D70020A0D00120E7
:10962000F8B583680546002B40D0234A92689342E0
:109630003FD1C368012B03D9013BC3600020F8BDB3
:10964000EFF31187102383F31288BFF36F8F016943
:10965000806810F074FC2C68A54207D10023C5E98E
:10966000023387F31188BFF36F8FE7E7002CF5D043
:10967000D4E90032002613605A60637BC4E90066B7
:1096800023F002036373A66004F1180011F065F97A
:10969000AC6094F90E3020462B61C4F8B06010F035
:1096A00024FF3946054800F021FEC7E76FF015009A
:1096B000C5E74FF0FF30C2E7B8D70020A0D00120A7
:1096C00037B5EFF31185102181F31288BFF36F8F47
:1096D00004689CB12368426823F00303944203604A
:1096E00008BF43600121204610F0B5FC044685F315
:1096F0001188BFF36F8F204603B030BD52EA0301DB
:10970000F5D0CDE90023294600F10C02083000F025
:1097100071FD0028EFD1024B9B681C69EBE700BF8D
:10972000B8D7002070B5EFF31186102383F31288A9
:10973000BFF36F8F0468A0421BD0D4B1D4E90032CC
:10974000002513605A60637BC4E9005523F00203CF
:109750006373A56004F1180011F0FFF82046C4F807
:10976000B05010F0C2FE3146BDE87040094800F02C
:10977000BDBDD0E902329A4218BF01330221836095
:10978000103011F0A8FA0028EDD186F31188BFF34C
:109790006F8F70BDA1D0012013B5EFF3118110249C
:1097A00084F31288BFF36F8F846844B1013C8460F6
:1097B00081F31188BFF36F8F002002B010BD52EA11
:1097C000030406D181F31188BFF36F8F6FF00F0090
:1097D000F3E7CDE900230246014800F00BFDECE77A
:1097E000A1D001202DE9F8430546EFF3118810239D
:1097F00083F31288BFF36F8F00266FF00A09374694
:109800002C68A54216D0ACB1D4E9003213605A607E
:10981000637BC4E9007723F002036373A76004F15C
:10982000180011F09AF82046C4F8B09010F05DFED0
:109830000126E5E700230221AB6005F1100011F0DD
:109840004AFA30B92EB988F31188BFF36F8FBDE89B
:10985000F8834146BDE8F843014800F047BD00BF2A
:10986000A1D0012073B50C46EFF31181102585F3CB
:109870001288BFF36F8FD0E90365B5420AD92B1F59
:10988000036155F8043C236081F31188BFF36F8FA7
:10989000002008E052EA030507D181F31188BFF3E5
:1098A0006F8F6FF00F0002B070BDCDE9002302464C
:1098B000083000F09FFC10F10B0FF4D0024B9B68B6
:1098C0001B692360E4E700BFB8D700201FB5094A31
:1098D00002AB92E803004FF4806283E80300009338
:1098E00005494FF0FF33054800F010F9002005B09E
:1098F0005DF804FBC0CD0400D84B0520008E00208D
:109900002DE9FF41044610274E4EEFF3118887F3EF
:109910001288BFF36F8FD4F8F850F5B9022104F51F
:10992000887010F092FC002868D004F5847500223D
:109930000121284610F084FE0028F8D100234FF0C2
:10994000FF3202934FF0FF334146CDE900233E48FA
:1099500004F5807200F02EFFD7E7D4F8FC202B68C6
:109960009542C4F8F83008BFC4F8FC30D4F8103180
:1099700043F00203C4F81031EB6823F0040343F012
:109980000103EB606B6888F31188BFF36F8F284683
:109990009847EFF3118887F31288BFF36F8FEB6856
:1099A000D80623F0010236D4EA60EB689A0716D590
:1099B000306823F00203EB6088B10021036870B1C6
:1099C0004268954235D1036869BB72683360824250
:1099D00000D17360002340F8083BFFF7A3FED4F8E2
:1099E000103123F00203C4F8103188F31188BFF35B
:1099F0006F8FDB0589D400F04DFD86E7D4F8103178
:109A0000D9069BD5C4F8100188F31188BFF36F8F76
:109A100004B0BDE8F08123F01103EB6005F1100004
:109A2000FFF780FEC1E70B607368834208BF716077
:109A3000D0E723B11A68014618461346BFE71A4615
:109A4000F9E700BFE0D70020A2D00120F8B5C36835
:109A500004469A070F46C3F340062CD45B071AD47A
:109A60000B680BB983680B60E368DD0742BFA3682E
:109A700002263B603D6858BF0126002D3AD01F4B9F
:109A80009B68AB420AD0D5F81031D807C3F38002E7
:109A900014D46FF0120600233B6025E010F0BCFCEC
:109AA000D5F810310028F0D1D907C3F3C002F0D5A2
:109AB00052B15B0708D46FF00F06ECE7002AFAD129
:109AC000C3F3C003002BF6D100232360D5F8FC308C
:109AD00063B9C5E93E44284610F0D1FBE36843F082
:109AE0000403E3603B68A3603046F8BD1C60C5F822
:109AF000FC40F0E76FF01506CDE700BFB8D70020B7
:109B00000146014810F03FBC008E0020F0B504462D
:109B1000002089B0C4E93E000E9D04F58070C4E9C0
:109B2000400004F58470C4E942004DB32879002850
:109B300040F2011008BF0120C4F8100100204FF0CE
:109B4000FF364FF0FF37CDE90330CDE90100CDE915
:109B5000066720460B4B009400F0CAF955B12968FE
:109B600011B1204600F008F96B791BB1237B43F05B
:109B700001032373204609B0BDE8F04000F00EBD9C
:109B80000120D9E70199030037B501900846EFF3AA
:109B90001184102181F31288BFF36F8FC16811F017
:109BA0001E0F16D153EA020508D101A9FFF74EFF97
:109BB00084F31188BFF36F8F03B030BD41F008010B
:109BC000C160019910308161034900F0BDFF01209F
:109BD000EEE70020ECE700BFF5A2040001460148D3
:109BE000FFF7D2BF008E0020F7B50C4616461D4683
:109BF0000190EFF31187102383F31288BFF36F8F67
:109C0000084610F02DFB55EA060309D1204601A9AC
:109C1000FFF71CFF87F31188BFF36F8F03B0F0BD10
:109C2000E36804F1100043F00803E360019B32464F
:109C3000A36203492B4600F087FF0120EAE700BF3B
:109C4000F5A2040001460148FFF7CEBF008E0020B8
:109C500038B5EFF31185102383F31288BFF36F8FAC
:109C60000468A04213D094B1204610F0C4FB04F164
:109C7000180010F072FE00232046C4F8B03010F037
:109C800034FC2946044800F031FB002038BD85F340
:109C90001188BFF36F8FF8E7A3D001202DE9F041C1
:109CA0000546EFF31187102383F31288BFF36F8FFC
:109CB0000468A04222D00CB30026204610F09BFB83
:109CC00004F1180010F049FEB0462046C4F8B080F8
:109CD00010F00BFC2C680136A54208D03CB12046A0
:109CE00010F089FB04F1180010F037FEEDE739465B
:109CF000054800F0FBFA3046BDE8F08187F3118893
:109D0000BFF36F8F0026F6E7A3D001202DE9F341C2
:109D100005460C4617461E46EFF31188102383F3C1
:109D20001288BFF36F8F0846FFF77AFC2A46414638
:109D3000CDE90076074800F05DFA05464FF0FF32A6
:109D40004FF0FF332046FFF7F3FB284602B0BDE893
:109D5000F08100BFA3D00120EFF305833BB9054B91
:109D60009B68D8897F288CBF002001207047002085
:109D7000704700BFB8D7002010B5044608B9054B9E
:109D80009C681F2204F1780011F0F6F8002084F896
:109D9000970010BDB8D700202DE9F84F0C46A1B3AD
:109DA0009AB390F80D90DFF86C800846571EB9F111
:109DB000000F25D00025DFF860A0B8F804B019EA3C
:109DC0000B0F19D0B8F806307E1B9E4228BF1E46E6
:109DD000D8F80010324610F0DBFF2E4439EA0B09A8
:109DE00004EB06000CD0BD1B012D28BF01255146F8
:109DF0002A4610F0CDFF354408F108086019DCE769
:109E0000002303702046BDE8F88F0148FBE700BF40
:109E1000AD8C0500B42E0500D39205002DE9F04F5E
:109E2000984685B000F15803C0E91633129B0F46DF
:109E3000037304230026044643730732119B22F068
:109E4000070A5246837301EB0A05C0E9066686607D
:109E5000C673AA213846DDF838B0DDF84C9010F012
:109E6000BEFF29462046DCF7F9FF109B073020F0A3
:109E70000700C4F8A000C4E9267A02930F9B2D1AAC
:109E8000CDE900B32A46434639462046DDF73EFE7B
:109E90000F9BC4E9198BE366109B66652367EFF39C
:109EA0001183102282F31288BFF36F8F0F4F7A6AEB
:109EB0007C62626783F31188BFF36F8FB9F1000F83
:109EC00011D01F22494604F1780011F055F884F8AA
:109ED0009760BB680BB1D3F8A4302846C4F8A4300F
:109EE00005B0BDE8F08F84F87890F2E7B8D700208D
:109EF000F0B5002587B00595109DDDE91276049533
:109F00000F9D044603950E9D02950D9D01950C9D98
:109F10000095FFF783FFB6F1FF3F08BFB7F1FF3FA2
:109F200005D056EA070305D1204600F037FB20464E
:109F300007B0F0BD3A463346024904F1180000F07C
:109F400003FEF4E765A5040040F2011383810023BA
:109F500010B50446C0E9263301F068F8014B9C6057
:109F600010BD00BFB8D700206FF00A01094A9368FE
:109F7000C3F8B0100849C3F8AC004B6843F08053F5
:109F80004B60002383F31188BFF36F8F9368D3F87E
:109F9000B0007047B8D7002000ED00E070B590F930
:109FA0000D20437B002A36DBD90634D11B4C63F0ED
:109FB0007F032246437352F81C3F216A934207D124
:109FC000C0E900210860206211E09942F8D01B68C6
:109FD000002BF5D090F90E5093F90E60B542F4D0F5
:109FE000AE42F2DD5968C0E9003108605860E569A9
:109FF000954200D005B9E568A3685A7BD20604D122
:10A00000DA897F2A01D9AA6932B1AB4202D0284647
:10A0100000F084FCA56170BDA361FCE7B8D7002007
:10A0200038B590F90D200146002A437B04DA03F08D
:10A030007F03437310F01FFA0D4D2A4652F81C4F50
:10A04000AB68944200D004B9EC688B4207D05A7BCD
:10A05000D20604D1DA897F2A01D9A2692AB1A342A2
:10A0600002D0204600F05AFC2346AB6138BD00BF49
:10A07000B8D7002070B590F90D200146002A437B27
:10A0800004DA03F07F03437310F0F5F91C4C4B7BAB
:10A09000224663F07F034B7352F81C3F206A9342C1
:10A0A00007D1C1E900200160216211E09842F8D097
:10A0B0001B68002BF5D091F90E5093F90E60B54254
:10A0C000F4D0AE42F2DD5868C1E900300160596059
:10A0D000E569A368954200D005B9E5688B4207D0D1
:10A0E0005A7BD20604D1DA897F2A01D9AA692AB11A
:10A0F000AB4202D0284600F011FC2B46A36170BD94
:10A10000B8D70020F8B5394C0746A268824224D15E
:10A11000EFF305830BBBEFF31186102383F3128853
:10A12000BFF36F8F537B03F07F0343F01003537330
:10A1300010F0A1F9234653F81C5F9D4200D005B9E9
:10A14000E568A3689D4202D0284600F0E7FB304650
:10A15000A561BDE8F840FFF707BFEFF311851023B5
:10A1600083F31288BFF36F8F7B7BD90604D585F309
:10A170001188BFF36F8FF8BDD90943F0100219D1D0
:10A180007A73E6691A4B9E4200D006B9E668A36866
:10A19000B34202D0304600F0C1FBA368A6619F42E3
:10A1A000E5D1EFF30583002BE1D13A7BD2070AD446
:10A1B0002846CEE703F07F0343F0100338467B7355
:10A1C00010F059F9DDE785F31188BFF36F8F83F342
:10A1D0001188BFF36F8F0423184602DFEFF311805D
:10A1E000102383F31288BFF36F8FB2E7B8D7002034
:10A1F000D4D70020F8B5124B0C46DDE9067611469F
:10A200009868104A1060EFF31182102282F31288CE
:10A21000BFF36F8F9D68284610F03FF9B6F1FF3FFE
:10A2200008BFB7F1FF3F06D03A463346064905F16D
:10A23000180000F089FC2046BDE8F840FFF794BE06
:10A24000B8D70020E8D7002065A50400F8B504467B
:10A25000EFF31187102383F31288BFF36F8F437BD3
:10A2600049B203F01F02002A0CBF0126002639D193
:10A2700003F07F031C4D437310F0FDF82A46437B27
:10A28000817363F07F03437352F81C3F934227D1DD
:10A29000286AC4E9002004602C620FE08342F8D0F1
:10A2A0001B68002BF5D093F90EC06145F6D08C45A4
:10A2B000F4DD5968C4E900310C605C60EC699442DB
:10A2C00000D004B9EC68AB689C4202D0204600F094
:10A2D00025FBAC6187F31188BFF36F8F3046F8BD63
:10A2E000286ADEE78173F5E7B8D7002049B9EFF3B4
:10A2F000058030B9054B9A699B689A4201D0FFF7F7
:10A3000033BE81F31188BFF36F8F7047B8D7002039
:10A3100010B5EFF31184102282F31288BFF36F8F10
:10A32000427BD10604D484F31188BFF36F8F10BD34
:10A3300022F010024273FFF731FE2146BDE81040C3
:10A340000148FFF7D3BF00BFA4D00120034648B99E
:10A35000EFF3058232B9064A91699268914201D0C1
:10A36000FFF702BE83F31188BFF36F8F704700BF02
:10A37000B8D70020EFF31181102383F31288BFF3C5
:10A380006F8F054B9A68D37B013BD37381F31188A0
:10A39000BFF36F8F704700BFB8D7002070B5EFF3E1
:10A3A0001186102383F31288BFF36F8F144DAB68AF
:10A3B000DA7B0132DA732A4652F81C4F944200D0FD
:10A3C00004B9EC685A7BD20604D1DA897F2A01D914
:10A3D000A2692AB1A34202D0204600F09FFA234688
:10A3E000AB6186F31188BFF36F8FEFF311801023F9
:10A3F00083F31288BFF36F8FBDE87040FFF7A6BFED
:10A40000B8D70020024B03F11C02C3E907227047B2
:10A41000B8D7002008B5FFF719FF70B1074B9B684C
:10A42000DB7B53B9EFF31180102383F31288BFF362
:10A430006F8FBDE80840FFF789BF08BDB8D700207F
:10A4400070B5EFF31186102383F31288BFF36F8F7B
:10A450000E4D2B4653F81C4F9C4200D004B9EC68BB
:10A46000AB685A7BD20604D1DA897F2A01D9A26966
:10A470002AB1A34202D0204600F050FA2346AB6135
:10A480003146BDE870400248FFF730BFB8D7002022
:10A49000A4D0012070B5EFF31186102383F3128846
:10A4A000BFF36F8F1B4CA168206A0B68814214BFF9
:10A4B0001A46002249680B605960A368216A2AB9CC
:10A4C000154AC3E900210B6023620CE093F90E00EA
:10A4D00092F90E50A84218D0854216DD5168C3E9A2
:10A4E00000210B605360E5690B4B9D4200D005B91C
:10A4F000E568A3689D4202D0284600F00FFAA561E6
:10A500003046BDE87040FFF72FBD8A42D8D01268B0
:10A51000D5E700BFB8D70020D4D7002051EA000308
:10A520002DE9F04105460E4604D1FFF7B3FF0020A8
:10A53000BDE8F081431C71F1FF3324DB10F04AFACF
:10A540004419EFF31188102383F31288BFF36F8F40
:10A550000F4F104BB8681860FFF762FDB8680E49DE
:10A560002A463346183000F0EFFABA684046537B6B
:10A5700043F004035373FFF7F7FC10F02BFA201A93
:10A5800020EAE070D4E76FF00104241AD9E700BF95
:10A59000B8D70020E8D7002065A5040038B50446E8
:10A5A000EFF31185102383F31288BFF36F8F437B82
:10A5B0005B070FD5183010F0D0F9637B204623F0ED
:10A5C00004036373FFF7EAFC2946BDE838400448FA
:10A5D000FFF78CBE85F31188BFF36F8F38BD00BFC6
:10A5E000A4D00120014B9868704700BFB8D7002065
:10A5F0002DE9F8430446077BEFF31185102383F31D
:10A600001288BFF36F8F437B190705D585F3118837
:10A61000BFF36F8FBDE8F883D90943F0080260D11A
:10A620004273A36813B120460FF02DFF04F1180008
:10A6300010F093F9A66D04F15808B04511D04FF011
:10A64000000976B130460FF01EFF06F1180010F039
:10A6500084F93046C6F8B090FFF7A0FCA66DB0456F
:10A66000EFD1DFF8CC80D8F808309C4241D1EFF32D
:10A670000589B9F1000918BF4FF00109D8F81C602D
:10A68000294A964200D00EB9D8F80C60B34202D0E5
:10A69000304600F043F92046C8F81860DDF756FA56
:10A6A000204600F093F9B9F1000F02D01F48FFF7E0
:10A6B0004BFCD8F808309C4231D1EFF3058373BBD3
:10A6C000227BD20718D42846FFF74EFCFB07A1D502
:10A6D000002383F31188BFF36F8F0423184602DF32
:10A6E00098E703F07F0343F0080343730FF0C3FEC2
:10A6F00097E74FF00009C1E785F31188BFF36F8F2B
:10A7000083F31188BFF36F8F0423184602DFEFF342
:10A710001180102383F31288BFF36F8FD4E785F382
:10A720001188BFF36F8FD1E7D4D70020188F002096
:10A73000B8D70020F8B5014615461C46EFF3118640
:10A74000102383F31288BFF36F8F437B1B0720D442
:10A7500054EA020323D0154FB868884222D08A6891
:10A7600000F158039A421DD058310FF096FEB4F113
:10A77000FF3F08BFB5F1FF3F06D0B8682A46234621
:10A780000B49183000F0E0F93046BDE8F840FFF71B
:10A79000EBBB002086F31188BFF36F8FF8BD6FF01D
:10A7A0000F00F7E76FF02C00F4E700BFB8D70020E8
:10A7B00065A50400D3B5DDE90667089CCDE900670F
:10A7C000FFF718FD1CB1034B9B681B69236002B0A7
:10A7D000D0BD00BFB8D700202DE9F04D00248CB0CB
:10A7E000CDE9091205461646DDE9142304A80F46F3
:10A7F0000B9410F0F5F8DDE904ABEFF311831022B0
:10A8000082F31288BFF36F8F089395F82C308DF880
:10A810001F409A0749D405F104082A8A2B899B1AFC
:10A820006A699BB29A4205D105F124000FF064FFDA
:10A830008DF81F000B994046721A394403F073F8E3
:10A840000B9BC418B4420B940CD134469DF81F30B6
:10A8500073B3089905F11800FFF748FD20460CB0C6
:10A86000BDE8F08D95F82C30DB0704D4002C08BF30
:10A870006FF01F04EAE7114B09AA9B6829461A6189
:10A880000DF11F03CDE900AB029308AA05F11C00EE
:10A890000FF0F9FE04460028BFD010F10B0FD5D100
:10A8A0000B9B002B18BF1C46D0E76FF08B04CDE745
:10A8B000089B83F31188BFF36F8FCFE7B8D70020D1
:10A8C0000122044BC01A044BC0105843034B1A54C6
:10A8D000704700BF10900020ABAAAAAAA5D0012003
:10A8E000C3897F2B12D80A4B1B6863B1094B90F9BF
:10A8F0000E201B689A4209DB437BDB0606D1064B20
:10A90000C31A18BF012303F0010070470023FAE7C0
:10A91000F0D70020ECD70020108C002070B50E4B33
:10A920000E4C1E7C054606EB460304EBC304204692
:10A9300010F013F800220A4B28469A55FFF7D0FF73
:10A9400048B1084B2046BDE870401A680649013AF4
:10A95000D31700F0F9B870BDB8D7002010900020D0
:10A96000A5D00120F0D70020C1A8030038B5EFF32F
:10A970001185102383F31288BFF36F8F104B114A98
:10A980009C681068A04206D1FFF7C8FF85F31188C4
:10A99000BFF36F8F38BD00211B7C11600A4AD35C66
:10A9A000002BF3D02046FFF79BFF0028EED0637BFF
:10A9B000DB0602D12046FFF75DFB2046E4E700BF3F
:10A9C000B8D70020E8D70020A5D00120EFF31181EF
:10A9D000102383F31288BFF36F8F0A4A536A8342AE
:10A9E00007D15B6F536281F31188BFF36F8F70479C
:10A9F0001346002BF7D05A6F8242F9D1426F5A6743
:10AA0000F1E700BFB8D70020F8B505460E46EFF3D2
:10AA10001187102383F31288BFF36F8F064B5C6A94
:10AA200024B987F31188BFF36F8FF8BD20463146F4
:10AA3000A847646FF4E700BFB8D70020F8B5064612
:10AA40000F46EFF31183102282F31288BFF36F8F4A
:10AA500015460B494C6A24B983F31188BFF36F8FF5
:10AA6000F8BD83F31188BFF36F8F39462046B04796
:10AA7000EFF3118385F31288BFF36F8F646FEAE7FA
:10AA8000B8D70020074808B5074A0849121A0FF03E
:10AA9000ACF8BDE808400648064A0749121A0FF00C
:10AAA000A4B800BF5005002038240020D89C050021
:10AAB000000000205005002088970500024B186810
:10AAC000984208BF00207047F41A0020034B1B680F
:10AAD0000BB9EEF76FBF0020704700BFF4D700201E
:10AAE00030B570B10B4B5B6898420AD0036843B134
:10AAF000D3E90421D0E90445121941EB0501C3E96A
:10AB00000421D0E9003213605A600023C0E9003309
:10AB100030BD00BFF41A002070B50246FFF7CEFF2B
:10AB20000346002007494D68014603B970BDD3E9CB
:10AB30000446001941EB06019342F7D09D42F5D03F
:10AB40001B68F2E7F41A0020B3F1FF3F08BFB2F12F
:10AB5000FF3FF8B504461D4617465AD08160EFF313
:10AB60001186102383F31288BFF36F8F013275F1C2
:10AB7000FF3316DBFFF7AAFF7B1C45F100051B180E
:10AB800045EBE070C4E90430FFF798FF264F844698
:10AB90007868BCF1000F18D1C4E9007004607C60D3
:10ABA00027E06FF001032149D1E900209B1A4FF003
:10ABB000FF3262EB0000DB1B60EB0500012B70F144
:10ABC0000002BCBF01230020DCE7DCE90425D4E956
:10ABD0000431934271EB050E1CDAD21ADCF8043012
:10ABE00065EB0105CCE90425C4E900C31C60CCF881
:10ABF0000440FFF763FF844207D10D4B1C6824B962
:10AC00000FF092FE2146EEF757FE86F31188BFF350
:10AC10006F8FF8BD9B1A61EB05018445C4E90431CF
:10AC2000BAD0DCF800C0B4E7F41A00202890002065
:10AC3000F4D700202DE9F047EFF31185102383F3BB
:10AC40001288BFF36F8F254F4FF0000838604FF028
:10AC50000009FFF733FF224E3B68D6E9001E4FEA9A
:10AC6000E37C50B1D0E90442A3427CEB020A18DA3B
:10AC7000E41A62EB0C02C0E9044200245B184EEBBC
:10AC80000C02C6E900323C600FF04EFE2146EEF7A2
:10AC900013FE85F31188BFF36F8FBDE8F047FFF710
:10ACA00065BE61184EEBE473C0E90489C6E9001380
:10ACB000FFF716FF85F31188BFF36F8F83689847FE
:10ACC000EFF31185102383F31288BFF36F8F3B6876
:10ACD0001B1B3B60FFF7F2FEBEE700BFF4D700206E
:10ACE0002890002010B5EFF31184102383F312880D
:10ACF000BFF36F8FFFF7EAFE0346054AD2E9000172
:10AD0000181841EBE37184F31188BFF36F8F10BD06
:10AD100028900020F8B50446EFF31187102383F341
:10AD20001288BFF36F8F026822B187F31188BFF3D7
:10AD30006F8FF8BDD0E90A36581C46F10001022891
:10AD400071F1000127D3012B76F10001BCBF012373
:10AD500016465D1E46F1FF360FF040FE013041F110
:10AD60000001401946EB0101012871F100013ADBB5
:10AD70000FF034FE013041F100016FF00102401983
:10AD800046EB01034FF0FF31121A61EB030320463B
:10AD90001749FFF7D9FE236B01332363236A6BB195
:10ADA00087F31188BFF36F8F2046236A9847EFF32C
:10ADB0001187102383F31288BFF36F8F54F8185F45
:10ADC000A542B2D0002DB0D028460FF09DFB002345
:10ADD000C5F8B03087F31188BFF36F8F2846BDE800
:10ADE000F8400FF082BB6FF001024FF0FF33CEE767
:10ADF00015AD03002DE9F04105461C4690461F465F
:10AE0000EFF31186102383F31288BFF36F8FB4F131
:10AE1000FF3F08BFB2F1FF3F05D186F31188BFF3B2
:10AE20006F8FBDE8F081531C74F1FF3309DB012AF9
:10AE300074F10003BCBF0122002412F1FF3844F179
:10AE4000FF3728460FF089FDDDE90623C5E90A230F
:10AE5000002342462B6328463B460249FFF774FE17
:10AE6000DBE700BF15AD030037B50446EFF31181F2
:10AE7000102585F31288BFF36F8F006B98B9236894
:10AE80008BB14FF0FF334FF0FF320B48CDE9002379
:10AE900004F11802FFF7AEF9EFF3118185F3128880
:10AEA000BFF36F8F206B0023236381F31188BFF3FF
:10AEB0006F8F03B030BD00BFA6D001201423F0B5C2
:10AEC0000024102703FB0100134E01B9F0BD10F858
:10AED000073CA0F1140C03F03F03102B40F80C4C7E
:10AEE0000CD826FA03F3DB0708D550F8143C2BB135
:10AEF00050F8105C2B605D6040E9054482F31188D6
:10AF0000BFF36F8FEFF3118287F31288BFF36F8F58
:10AF100060460139D9E700BF160101002DE9F74F5E
:10AF20001D46274B16469F68012387F8603087F837
:10AF3000613052EA05030CBF0123002307F16002D0
:10AF400080460FF0F4FD8146EFF3118B4FF0100AAD
:10AF50008AF31288BFF36F8F97F860404CB90146AF
:10AF60005A464046FFF7AAFF8BF31188BFF36F8F55
:10AF70000BE0002387F8603056EA050309D18BF314
:10AF80001188BFF36F8F6FF00A04204603B0BDE84D
:10AF9000F08F5946CDE900650A4A0B48FFF72AF9B8
:10AFA0000446EFF311858AF31288BFF36F8F2A46A8
:10AFB00049464046FFF782FF85F31188D6E700BF78
:10AFC000B8D70020FC1A0020A7D0012038B50346CE
:10AFD000EFF31185102282F31288BFF36F8FC160E7
:10AFE000012181600068834206D185F31188BFF397
:10AFF0006F8F0024204638BDD0E9003213605A60BC
:10B000000023C0E900330FF014FE2946044602482D
:10B01000FFF76CF9EEE700BFA7D001200A46014612
:10B0200001480FF084BE00BF14200020014BC0F87F
:10B03000A43070471420002038B504460D460FF0A8
:10B04000EBF928B9064B9B68D3F8A4300BB938BD8F
:10B05000044B2A4621461846BDE838400FF067BE2B
:10B06000B8D700201420002070B50A4C10F0D0F999
:10B07000094A2358051909496E685A4301FB0622FB
:10B08000A3FB0131013342EB010223506A6022F03D
:10B09000004070BD080000002DF451582D7F954CE4
:10B0A000054B014600B510F0B3F9C2181950002342
:10B0B00053605DF804FB00BF0800000008B5054BB5
:10B0C000044613B10021AFF3008001F04FFD20468C
:10B0D000DCF7CAFD00000000F8B54D4A0C4600231D
:10B0E0004C4DD0E90001D5F733FF002A4FF46161E0
:10B0F00000F52F20B7BF02F5A83200F66C2000F64D
:10B100006B2002F5C072B2FBF1F301FB13223C216C
:10B11000A360B2FBF1F301FB13226360C31C226046
:10B12000072293FBF2F2C2EBC2029B1A52D50733FD
:10B13000A361A0F50E33A3F52C7393FBF5F5364B05
:10B1400048F6AC6140F2B45740F26D1603FB0500BF
:10B150004FF0050CB0FBF1F1B0FBF7F30144C91A55
:10B160002E4BB0FBF3F3C91A48F69463B1FBF3F32B
:10B17000B1FBF6F2B1FBF7F103445B1A992106FB30
:10B18000123303EB83005E1C0230B0FBF1F779430E
:10B190000231B1FBFCF1761A40F2F95188424FF4CA
:10B1A000C8708CBF6FF00901022100FB05253944EE
:10B1B000012998BF0135B3F5997F11D3A3F5997390
:10B1C000A5F26C75E36100232046E6602362C4E9C2
:10B1D0000415F8BD0028A361ABDB90FBF5F5AEE7E5
:10B1E000970710D14FF0640C92FBFCF70CFB17276C
:10B1F0005FB992FBF0F700FB1722B2FA82F2520914
:10B200003B331344DCE70022FAE70122F8E700BFF2
:10B2100080510100B13A02004FC5FDFFB03A020073
:10B220000FB407B504AA064B52F8041B1868019224
:10B2300000F0B2FB03B05DF804EB04B0704700BF50
:10B24000101E0500014B196810F0CDB8101E050046
:10B25000F8B50E4B06461D68AB789B0712D56F6894
:10B2600016F8014B29462CB90A20B847002805DBFF
:10B27000204609E02046B8470028F1DAAB7843F0D1
:10B280000403AB704FF0FF30F8BD00BF101E050087
:10B290000CB430B589B005460C461C22002101A82B
:10B2A0000FF09DFD022305958DF806300D4B02939E
:10B2B00023462CB1B4F1004F28BF4FF00043013BAF
:10B2C0001D440DAA0C9901A80695009200F064FB9C
:10B2D00014B1059B00221A7009B0BDE8304002B0DD
:10B2E000704700BFD7B304000EB470B589B00446F0
:10B2F0001C2200210DAD01A855F8046B0FF06FFD65
:10B30000022301A82A4631468DF80630094B0594E0
:10B31000029304F100430095013B069300F03CFBCF
:10B320000028A4BF0023235409B0BDE8704003B037
:10B33000704700BFD7B304002DE9F84F00228046C4
:10B34000894618F80230511C202B00F09E81A3F191
:10B350000900042840F299812B2B0D4633D02D2B68
:10B3600036D01846042440F02003692B32D06E2BCF
:10B3700060D000224FF00A0A9646944613461146C2
:10B3800014F400666BD040F02007A7F1610BBBF10D
:10B39000050F64D8573FFFB2BA4540F3F28044F03E
:10B3A0008006E005B6B268D5F40506F4007079D5DC
:10B3B000002F18BF4CF0010C00B9013218F805003D
:10B3C00034460135DCE7042418F80100951CCAE76F
:10B3D0004424F9E7AE4B0026AE4F13F8011B49B1E8
:10B3E00018F80520681C42F020028A4226D0AA4A9A
:10B3F000934230D132463B4630463946D5F72EFB94
:10B4000048B918F80530282B05D1013518F8053052
:10B410000135292B14D1630602D507F100431F46DD
:10B42000B9F1000F02D04544C9F8005047EC106B49
:10B43000BDE8F88F994B0026994FCEE70546CCE73B
:10B4400023F02002413A192AE0D9A3F13002092A57
:10B45000DCD95F2BDAD0002600270025E0E7A0F139
:10B460003007FFB257452DDA44F0800614F480709F
:10B47000B6B299D1BAF10A0F06D0BEF10F0F93DD23
:10B4800044F4C076B6B28FE7BEF1100F8CDD44F401
:10B49000C076042FB6B287D9052F4FF0020C08BF33
:10B4A000074681E700B1013AAAFB0334FB180AFB07
:10B4B000014444F1000153EA01003FF47FAF0EF173
:10B4C000010E7BE7FE2F5CD1A70556D52006C2D51D
:10B4D000002E40F0968053EA010005F1FF3500F0A0
:10B4E000D180200540F1B2803632B1F5800FC0F036
:10B4F00091806C4FB1F5000F80F09180BA42C0F29C
:10B500008E804CEA0303084603F00306032E04D0A2
:10B5100003F00606062E40F08B80043341F1000054
:10B52000B0F5000FC0F084800132B2F5806F80F278
:10B53000A68000234FF4801102F2FF3221F4801123
:10B540001E4641EA025747EC106B01F0E9FA013858
:10B55000022804D8544B22220FF05AFF1A5047EC0D
:10B56000106B01F0DDFA013802283FF654AF4E4B64
:10B5700022220FF04DFF1A504DE744F40076B6B288
:10B580001CE740F0200004F08007782809D147B17B
:10B5900053EA010A05D144F400664FF0100AB6B22E
:10B5A0000CE7002F3FF457AF6EB39200702686422F
:10B5B00091D118F805006E1C2B2804D02D2824D119
:10B5C00044F48064A4B218F80600A0F13006092EF5
:10B5D00081D8AE1C354640F2D34A00264FF00A0B04
:10B5E0005645DCBF30380BFB060618F80500013560
:10B5F000A0F13007092FF3D9670548BF76423244DE
:10B6000069E72E20D1E76526D1E7A0F13007092FA1
:10B61000E0D960E7DB1802F1FF32494165E75E08D7
:10B6200003F00103013246EAC1764908334361E77A
:10B63000B2F5806F23DA9B08B0F5800F4FEA9001D6
:10B6400043EA8073BFF478AF002279E70EEB020083
:10B6500010F5A27F10DDB0F59B7F10DA03F001003A
:10B6600040EA0C0001308008181841F10001D6F7BB
:10B6700067F857EC106B72E7002600276FE700268B
:10B68000044F6CE700260027C5E60A4659E600BFCE
:10B69000759705000000F07F789705007297050008
:10B6A0000000F87F02FCFFFF14000000242A2DE9AF
:10B6B000F041044601D8012A4CD1364B16220FF036
:10B6C000A7FE1A5001B10C6000273846BDE8F08192
:10B6D00035462E4616F8010B2028F9D0A0F10907AF
:10B6E0000346042FF4D92B2836D02D2837D14FF01C
:10B6F000010CAE1C6B78302B38D1307840F0200034
:10B7000078282FD132F010002CD1737834461022D3
:10B7100002360CF1004000270138B0FBF2FE02FBBC
:10B720001E08392B82BF03F1FF3343F02003263B71
:10B73000303B9A421ED9774502DC03D1984501D2AD
:10B740004CF0020C354607FB0237344615F8013B36
:10B750002E46E6E70546BCE74FF0000CC9E74FF080
:10B76000000CC8E7002A08BF0822D2E7002A08BF59
:10B770000A22CEE701B10C601CF0010F18BF7F4216
:10B780001CF0020FA1D0034B222207460FF040FE0F
:10B790001A509AE714000000242AF0B5044601D894
:10B7A000012A40D12E4B16220FF032FE1A5001B161
:10B7B0000C600020F0BD2F463D4615F8010B2028F7
:10B7C000F9D0A0F109060346042EF4D92B282CD079
:10B7D0002D282CD10126BD1C7B78302B2DD128782B
:10B7E00040F02000782824D132F0100021D16B786D
:10B7F0002C46102202350020392B82BF03F1FF3383
:10B8000043F02003263B303B9A421AD9A0FB0204A6
:10B810000CB9C01801D346F002062F462C4617F883
:10B82000013B3D46E8E70746C6E70026D3E700268A
:10B83000D3E7002A08BF0822DDE7002A08BF0A2252
:10B84000D9E701B10C60F20748BF4042B307B1D558
:10B85000034B22220FF0DCFD1A504FF0FF30A9E716
:10B86000140000002DE9F04101260746B24201DC38
:10B87000BDE8F0813B461F4613F8014B002CF7D082
:10B88000252CF8D11C780237252CF3D00023DFF8C3
:10B8900004819C461D461F2D18D8A4F1200EBEF130
:10B8A000100F09D9A4F1300EBEF1090F1ED80A24D9
:10B8B000202504FB03E304E028FA0EFE1EF0010F2E
:10B8C00006D017F8014B002CE5D128E07F2D1CD8BD
:10B8D000A4F1300EBEF1090FE9D9242C10D1BCF12E
:10B8E000000F46D0B34246D00023EAE724F0040E0E
:10B8F000BEF12A0FF8D06C2C09D145F08005E0E7A5
:10B9000024F0040EBEF12A0FEED06C2C22D06C2C49
:10B910001BD8682C23D06A2C28D04C2C26D0BCF104
:10B92000000FA5D0B445A1D144F020070B68A7F1C2
:10B93000650CBCF1020F01D9612F1ED1073323F032
:10B940000703083301360B608FE7742CB9D07A2CCB
:10B95000B7D0E4E72C0648BF45F40075CDE7EC0509
:10B9600048BF45F4007545F48075AAE745F4207595
:10B97000A7E79C46B8E76324D6E7692C02D007D82E
:10B98000632C03D02F0601D5AC05D7D40433D9E7F7
:10B99000732CF6E7892801002DE9F04F436893B036
:10B9A0008046019383789807CDE9061216D50B4699
:10B9B00000250B921F789FB1252F15D001330593D9
:10B9C00041463846019B01359847002880F22A8479
:10B9D00098F8023043F0040388F802304FF0FF3546
:10B9E000284613B0BDE8F08F5F789A1C252F05928A
:10B9F000E6D000242646A246A346BBF11F0F32D84C
:10BA0000A7F12003102B0AD8DFE803F02409092A44
:10BA10000909091B09090922092709091900A7F1C0
:10BA20003003092B2DD92A2F39D154B90B9B1BF088
:10BA3000400F53F8042B0B9329D0164601E04BF02E
:10BA4000010B059B13F8017B0593002FD5D15BE01B
:10BA50004BF0020B4BF0040BF3E74BF0080BF0E755
:10BA60004BF0100BEDE7BBF17F0F3FD8A7F1300390
:10BA7000092BD8D81BF0400F03D00A2202FB063650
:10BA8000DFE70A2202FB0A3A4BF0200BD9E7B2F1BA
:10BA9000000AF9DACAF1000A4BF0280BD1E72E2F81
:10BAA00005D11BF0400F9BD14BF0400BC9E7242F71
:10BAB0001CD1002C00F03E81079B1BF0400F0B9324
:10BAC0000AD152460BA90698FFF7CCFE0B9B1A1D14
:10BAD000D3F800A00B92B4E732460BA90698FFF703
:10BAE000C1FE0B9B1A1D1E680B92AAE76C2F00F07B
:10BAF0000E8100F20581682F00F011816A2F00F09D
:10BB000016814C2F00F0138134B1079B22460BA9FC
:10BB100006980B93FFF7A6FE002E47F02009B8BF4A
:10BB20002BF0400BA9F16503BCBF00261FFA8BFB6D
:10BB3000022B40F20481B9F1610F40F05882FF43BB
:10BB40001BF0400F0CA84BF4C05407F0200308BFB3
:10BB50004FF0FF36049331460B9B073323F0070366
:10BB600003F1080293ED000B0B92049A0FF09AFB7D
:10BB70000130C3B2B342029301DB029B5E1E01237C
:10BB80000C9FA3464FF07009039307F10903122B92
:10BB90000DD907F16303C62B40F20A8107F2E733A0
:10BBA00040F2CE72934294BF0323042303939DF883
:10BBB000342002F00C0312F0010240F014811BF05B
:10BBC000020F40F00D811BF0040400F0F380002B05
:10BBD00040F00C8120231BF4405F20D1029A002EFC
:10BBE00002F1480208BF01266A44133A029921B1C2
:10BBF00012F8011D302900F02E811BF0100F029A5F
:10BC000018BF3246391DC0F22B81B74280F228811D
:10BC1000BA424BF4005B40F325817E1C961B1BF45B
:10BC20000052089200F0208127EAE774013403B142
:10BC30000134002E00F02081721C1444A245CCBFB8
:10BC4000AAEB040400241BF0090F04D12C44A542E4
:10BC500040F0178100243BB118464146019B013555
:10BC600098470028FFF6B4AE1BF4006F12D041468F
:10BC70003020019B98470028FFF6AAAE049B41465E
:10BC80000235C3F17800019B00F0F80098470028C6
:10BC9000FFF69EAE1BF0080F05D12C44AC4240F0DD
:10BCA000FC8025460024089B002B00F0158127EA24
:10BCB000E77A7642A7EB0A07029B0AF1FF3A05F101
:10BCC00001094146BB4289BF0CAB3020FB185879B3
:10BCD0005645019B00F3EA809847002807F10107C9
:10BCE000FFF676AEBAF1FF3F08D141462E20019B08
:10BCF00098470028FFF66CAE05F102094D46DBE7D8
:10BD0000742F3FF49EAE7A2F3FF49BAEFCE61BF0FF
:10BD1000800F18BF4BF4007B4BF0800B91E61BF4B7
:10BD2000807F18BF4BF4007B4BF4807B89E64BF49B
:10BD3000207B86E626465446B346B24681E6FF435C
:10BD40001BF0400F07F0200308BF0626B9F1650F6E
:10BD500004930B9B03F1070323F0070303F108028D
:10BD600093ED000B0B9211D1711C00224BF4805B00
:10BD7000C9B2134611290CA828BF112100F0F2FA0C
:10BD80000C9FC3B2029302230393FEE6B9F1660F40
:10BD900005D14BF4005B334601221121EAE7F1B2F1
:10BDA00000224FF065090129134638BF0121E1E760
:10BDB0000223FBE6002B3FF40EAFBAF1030F39DC90
:10BDC0009DF83430A14E13F0080FA14B08BF1E465A
:10BDD0003746B94617F8010BA0BBAE1BB14478E05B
:10BDE00023BB2B23F7E61BBB2D23F4E62022BAF15D
:10BDF000040F12DD1BF0080FAAF104040ED12C442D
:10BE000041462020019B0135029298470028FFF609
:10BE1000DFADA542029AF3D192B10024414610460B
:10BE2000019B013598470028CADAD1E52B22DEE7CD
:10BE30002D22DCE71BF0080FAAF10304C0D1DEE7D6
:10BE40001446BDE7049B4146C01A019BC0B2984707
:10BE50000028BEDABCE502990139C9B20291C5E6F3
:10BE6000561EDCE60026DAE61BF4006F039A0CBFD0
:10BE7000032405241444DAE61BF0100F18BF013424
:10BE8000DCE609934146019B20209847002805F1F4
:10BE90000105099BBFF6DBAE9AE541463020019BC8
:10BEA000013598470028BFF6F9AE91E5984700287C
:10BEB000FFF68EAD1BF0100F0BD0BAF1FF3F08D18B
:10BEC00005F1020941462E20019B98470028FFF604
:10BED0007FAD4D464C442CE241469DF83500019B18
:10BEE00098470028FFF674AD002E65DD41462E20F0
:10BEF000019B98470028FFF66BAD4FF0010A029BAB
:10BF00004146D3469A45B7BF0CAB302053445879CD
:10BF1000019B98470028FFF65BAD0AF1010A5645E0
:10BF2000EDDA02355D44049B4146A9EB0300019B19
:10BF3000C0B298470028FFF64BAD002F4146019B49
:10BF4000B6BF2D202B207F4298470028FFF640AD3A
:10BF5000039B042B3DD14FF47A794146019B033575
:10BF6000B7FBF9F606F13000C0B298470028FFF69B
:10BF70002FAD09FB16774FF064094146019B01354F
:10BF8000B7FBF9F606F13000C0B298470028FFF67B
:10BF90001FAD09FB16774FF00A094146019B013599
:10BFA000B7FBF9F606F13000C0B298470028FFF65B
:10BFB0000FAD09FB167713E01BF0100F01D101350F
:10BFC000B1E741462E20019B023598470028AADAA6
:10BFD000FEE4039B0235032BCDD0039B012BDAD16A
:10BFE00007F1300005F101094146C0B26CE7A7F145
:10BFF0006303122B00F2FF80DFE813F013005700F9
:10C00000FD00FD00FD00FD005700FD00FD00FD00EE
:10C01000FD00FD001701F800FD00FD002C00FD00F3
:10C02000B9000B9B01240CAF1A1D1B680B928DF8F5
:10C0300030301BF0080F2ED03E19B946B1452CD137
:10C04000EF1BB944AAEB040443E700BF7D9705004A
:10C050003C3A05000B9B1A1D0B921F68AB4B002F3F
:10C0600008BF1F461BF0400F384614BF31464FF043
:10C07000FF310EF091FF0446DBE741462020019B93
:10C0800098470028FFF6A4AC013EB442F5D35544CE
:10C09000B246AD1BD0E75646F7E7414619F8010B0B
:10C0A000019B98470028C9DA92E41BF0800F0B9B94
:10C0B00035D01BF4007F2DD0073323F0070303F1A5
:10C0C0000802D3E900010B922BF0100900291FFA96
:10C0D00089F936DA404249F4806961EB41010DF19A
:10C0E000300B0A235A460EF08FFF19F0400FA0EBD9
:10C0F0000B0B65D029F001025E4592B240F3B2808D
:10C10000002F00F0A98019F010033446914626D084
:10C1100002345CE01A1D18680B92C117D4E71A1D8F
:10C120001BF4807F19680B9201D10846F5E71BF4D8
:10C13000007F19BF48B241F3C01108B241F3C031CA
:10C14000C2E750EA0103CAD11BF0400FC7D0002E4E
:10C15000C5D12BF0110B34461FFA8BF9B34640F2D0
:10C16000064319EA03031CBF013400232FE02BF020
:10C17000100B0A231FFA8BFB1BF080040B9A57D07D
:10C180001BF4007115BF0732101D22F007020B903F
:10C190000FBF106802F108010B91D2E9000150EACB
:10C1A000010252D12BF016091BF0400F1FFA89F93A
:10C1B0004FD0002E4DD12BF0170B1FFA8BF9B34641
:10C1C00019F0100352D0002F4ED10BF1010419F0D9
:10C1D000080F5ED119F0010F06D0A2456EDDAAEB63
:10C1E000040404EB0B06544622464DE04BF0100BC2
:10C1F00010237827C0E7B9F1780F04D1C7F178038D
:10C2000043F01003B8E741462520019B98470028DA
:10C21000FFF6DEAB41463846019B98470028FFF603
:10C22000D7AB0235059BFFF7C5BB08230027A3E763
:10C23000111D10680B911BF48071B0D01BF40071BC
:10C240001ABFC0B2214680B2A9E72BF0060B1FFA35
:10C250008BF90DF1300B45E729F0110934461FFA2F
:10C2600089F97CE79146ABE75C4651E75C4676E7A7
:10C27000CDE9022341462020019B98470028FFF684
:10C28000A7AB029A039B01329245F1DC2C1BA51847
:10C290001446F3B141463020019B98470028FFF631
:10C2A00097AB6FB90135A9462E44A6EB09035B4550
:10C2B00021DC5D460CAE5DBBD944C3E65E4693E728
:10C2C000023541463846019B98470028EBDAFFF7D4
:10C2D0007FBB40F2064319EA030FE4D019F0020FC6
:10C2E00005F10105414614BF2B20202019F4806F71
:10C2F00018BF2D20E7E741463020019B09F10109D5
:10C3000098470028D1DAFFF763BB00BF819705008B
:10C31000013D4146019B705D98470028CBDAFFF74D
:10C3200057BB41462020019B013598470028FFF666
:10C330004FAB631B002BF4DC74E700BF1FB502ABEF
:10C34000074A00934FF0CC330EF072FFDDE9020193
:10C35000C00840EA4170C90805B05DF804FB00BFA1
:10C36000CDCCCCCC2DE9F04F9DB055EC104BCDE9A8
:10C370000C322A46C5F313030B91290DD20FC5F3D6
:10C380000A5507908DED050A0A9275B922461A439F
:10C390001BD130230126056043710A9B43F0020341
:10C3A000037130461DB0BDE8F08F40F2FF72954238
:10C3B0004DD1059A002613430A9B079A14BF43F0F8
:10C3C000080343F004031371EBE7059A4FEA83086F
:10C3D0009A46B14D02F001020992059A48EA927814
:10C3E000970001221646C5F1000B0892584600F04E
:10C3F00019FAB5F1FF3FACBF8146A0F10109ABEBE3
:10C40000090B09EB05035846069300F01FFA18A91B
:10C41000A0F17D05584600F039FA14AB089AA9EB53
:10C420000505019312AB02925146009318AA2B46C0
:10C4300005980EF040FEB9F1010F04460D4600F2DA
:10C44000D880099B002B40F0CB8001276FE0059A34
:10C4500043F4801AA5F2354502F001024FEA8A083A
:10C460000992059A134348EA92784FEA82074BD122
:10C4700040F2FE7319420CBF01260026002D324601
:10C48000B1DB284600F0C8F90346032DC8BF013BC5
:10C490001846069300F0DAF9069B7C3018A95D1B5C
:10C4A0000544184600F064FA14AB18AA05980193E5
:10C4B00012AB5146029600932B460EF0FCFD069BF4
:10C4C00004460D46152B00F2888016AB734A384699
:10C4D000414600934FF0CC330EF0AAFE169B179AFC
:10C4E0009B0843EA827303EB8303BB42DDE9129AA4
:10C4F0000CD13846414600F0B1F9069B83428CBF0F
:10C5000000270127002612E00126B7E7099B002B30
:10C5100053D1013F48F1FF31B81B61F1000100F038
:10C520009DF9069B099F83428CBF002601260D9B27
:10C53000002B40F09380DDF82CB04FF000084FF056
:10C540000A0ACDF82080CDF81480DDE91201FFF74A
:10C55000F5FE149BCDE90E01184615991093FFF7CF
:10C56000EDFE0E9B81460F9A98420B461191934126
:10C5700080F08E8020462946FFF7E0FE0AFB09F393
:10C58000109AB8F1000F14BF002707F001070AFB4B
:10C5900010480D46934214BF002606F001060E9B7C
:10C5A0005FFA88F8044612930F9BCDE91339119B6B
:10C5B0001593089B01330893C7E7B81C48F10001A5
:10C5C00000F04CF9069B83428CBF00200120B9EBA0
:10C5D00000006AF10002CDE9120200273E46A6E7FC
:10C5E000129B0127139A013B42F1FF32CDE912322F
:10C5F00088E7B9F13E0FF0D84FF0FF33A9F12000E2
:10C60000C9F1200103FA09F203FA00F023FA01F15B
:10C6100003FA09F3024327EA03070A4328EA020858
:10C6200057EA08070CBF012700276BE700FB02FC55
:10C630000133A1FB001262448C4275EB020CF5D26F
:10C64000069A13440C9A1344D20F9342B8BF134670
:10C650000B9A9A42A8BF1A4693466EE70A21002217
:10C6600001230846E8E70AFB03F00131A2FB0A2395
:10C670000344944275EB0300F5D2594510DDBBF13C
:10C68000000F02D154EA05030AD00123059371E794
:10C690000A2200230121ECE7CCFBFFFFCDCCCCCC60
:10C6A0007EB34FF00A0A149B159918460F93FFF7B3
:10C6B00045FE0F9B0AFB00F281460E919A4220D163
:10C6C000B8F1000F14BF002707F00107DDE91201E0
:10C6D000FFF734FE10900F9120462946FFF72EFEFB
:10C6E0000F9B0AFB1048109A04460D465FFA88F823
:10C6F0001292CDE913390E9B1593089B01330893D1
:10C70000D1E7069B089A13449946002F5DD0B8F1F3
:10C71000050F5AD114F001034DD1059A32B9DDE964
:10C7200014239D4208BF944262D0059B18194FF014
:10C730000A044FF000024FF0010645F100012546C2
:10C74000A04271EB020756D2FBB1B3451DDA0D9B37
:10C7500073B106EB09030C9A1A44012A13460B9A8B
:10C76000B8BF01239A42A8BF1A46964293460CDDF1
:10C77000053009F1010906F1FF364FF00A024FF0CA
:10C78000000341F10001D4F733FC5E450FFA89F94B
:10C79000079BA8BF5E4636B2B14406F1050809F111
:10C7A000FF3798444FF00009B1452BDB079B0A9AED
:10C7B0001F601A71F5E5059B2BB9DDE914239D4235
:10C7C00008BF944209D00123B0E7059B53B9DDE9C6
:10C7D00014239D4208BF944204D1099B002BF2D13F
:10C7E000002EF0D0B8F1040F94BF002301239DE781
:10C7F0004FF00408F1E705FB02F70136A4FB054200
:10C800003A449DE70A220023D4F7F2FB303209F1C3
:10C81000010908F8012DC7E7014B5843800C704708
:10C8200041340100014B5843000D7047FB2E0B00B3
:10C83000014B5843C00C70474F931200024B5843B2
:10C84000C00C0130704700BF4F931200024B584399
:10C85000C00C0130704700BF4F93120070B5034603
:10C86000094A00204FF0CC364FF0333506FB03F475
:10C8700002FB0144A3FB023121449D4275EB0104FC
:10C8800001D30130F2E770BDCDCCCCCC1A232DE919
:10C89000F04FB0FBF3FA334E03FB1A0389B00446A2
:10C8A0000D4606EB0A1653B9D6E90023C1E9002369
:10C8B000D6E90201C5E9020109B0BDE8F08F2A4AB4
:10C8C00002EBC303D3E9008904AB40464946009319
:10C8D000D6E902230EF0ACFC06AB83460F46404679
:10C8E00049460093D6E900230EF0A2FC00238146BE
:10C8F000DDE9066216EB0B0652EB070828BF0123A1
:10C9000033B1049B059A013342F10002CDE90432B0
:10C9100020460391FFF79AFF07461A2000FB0AF012
:10C92000FFF794FF3F1A3246434648460399009763
:10C930000EF099FC0D4A4FEA141C640004F01E032B
:10C9400052F82C40DC4004F003042418304641F136
:10C950000001DDE90423C5E90041414600970EF0DE
:10C9600082FCA7E7E016050010160500F42E05006E
:10C970002DE9F04F1A2700F11905DFF8E8A089B07A
:10C9800004460E46B5FBF7F56F434FEA051B0AEB6D
:10C9900005153A1A0AD1D5E90023C1E90023D5E9E2
:10C9A0000201C6E9020109B0BDE8F08F2B4B03EB91
:10C9B000C203D3E9008904AB404649460093D5E958
:10C9C00002230EF035FC5AF80B206B68013ACDE9D2
:10C9D000020106A963F100034046009149460EF0AA
:10C9E00027FC8A46029900238146DDE906526D182C
:10C9F000039952EB010828BF012333B1049B059A28
:10CA0000013342F10002CDE904323846FFF71EFF40
:10CA100007462046FFF71AFF3F1A2A464346484674
:10CA2000514600970EF01FFC0D4A4FEA141C64009B
:10CA300004F01E0352F82C40DC4004F003040134DF
:10CA40002418284641F10001DDE90423C6E900412C
:10CA5000414600970EF007FCA3E700BF1016050043
:10CA6000482F0500B017050070B555EC104BC5F305
:10CA70000A502B462146A0F2FF32132A1CDC002A62
:10CA800007DA002D40DB294342D10B461D460C46F8
:10CA90001EE02148104105EA0006264318D0002D6B
:10CAA000C4BF4FF4801141FA02F24FF00001C8BF39
:10CAB0009B1823EA0003E9E7332A0CDDB2F5806F07
:10CAC00006D1224620462946D3F7AAFB04460D4646
:10CAD00045EC104B70BDA0F213404FF0FF36C6403E
:10CAE0002642F5D0002D02DD142A03D1013321EABC
:10CAF0000601CBE70120C2F1340200FA02F212195A
:10CB0000114628BF1B18F2E700214FF00043BDE794
:10CB10000021024BBAE700BFFFFF0F000000F03F0B
:10CB200051EC100B0B4631F0004107D190B10D4A8A
:10CB30001A40002A14BF042003207047094A1342F8
:10CB40000AD0094B994209D9914209D1B0FA80F033
:10CB50004009704702207047032070470420704747
:10CB6000002070470000F07FFFFFEF7F38B5074DD2
:10CB7000074C641BA41024B9064B0BB1AFF3008023
:10CB800038BD013C55F824309847F4E70000000018
:10CB9000000000000000000070B555EC104BC5F31C
:10CBA0000A5206462B46BAB925F00041214335D03A
:10CBB0000022254B20462946D3F7E8FCC1F30A5250
:10CBC0000D460B4621490446363A8E4210DAE80FEC
:10CBD000BDE87040D6F7F0B940F2FF718A4207D144
:10CBE000224620462946D3F71BFB04460D4615E096
:10CBF0004CF250318E4204DDD80FBDE87040D6F7BC
:10CC0000EBB9324440F2FE718A42F5DC002A08DDBD
:10CC100023F0FF4323F4E00343EA025545EC104BB5
:10CC200070BD12F1350F01DAD80FD1E723F0FF43C1
:10CC30003632204623F4E00343EA02550022044B37
:10CC40002946D3F7A3FCD0E700005043B03CFFFFD8
:10CC50000000903C51EC100BC1F30A520B4670B52A
:10CC6000A2F2FF340546132C1EDC002C0CDA00293E
:10CC70003CDA21F00043002203431E4B08BF4FF073
:10CC800000431946104617E01B4A224101EA0206FA
:10CC9000064311D00029BEBF4FF4801121415B181B
:10CCA00023EA02030022ECE7332C08DDB4F5806FA1
:10CCB00002D10246D3F7B4FA41EC100B70BDA2F2D8
:10CCC00013464FF0FF32F2400242F5D000290ADA53
:10CCD000142C01D1013306E0C4F134040121A14038
:10CCE00049190D46F6D225EA0202CAE70022134688
:10CCF000C7E700BF0000F0BFFFFF0F00704708B597
:10CD00000020D6F7BFF9002008BD30B5044608461C
:10CD100013449A4200D130BD082512F8011B484047
:10CD200000F00101400811B184EA000188B2013D20
:10CD3000F6D1EEE7FEE7836800EBC101B3F5004FE3
:10CD40002CBF51F8220031F81200704700EBC101EE
:10CD50008068B0F5004F2CBF41F8223021F8123026
:10CD60007047012208B5FFF7E6FFD04008BD836891
:10CD700000EBC101B3F5004F08D34B681AB143F083
:10CD800001034B60704723F00103FAE74B881AB1A7
:10CD900043F001034B80704723F00103FAE753008F
:10CDA0000122FFF7D3BF8368B3F5004F34BF0423DC
:10CDB0000823C91A081AC0087047B0F5004F34BFDD
:10CDC00004230823481C0833A0EBD300B0FA80F0FA
:10CDD000C0F11F0070472DE9F041174603220E46AF
:10CDE0000446FFF7A8FF8642054607F104080AD16A
:10CDF0000122E368BA4023EA0203E360002344F817
:10CE00002830BDE8F081314602222046FFF793FF2B
:10CE100006462B4601460322204644F82850FFF7D9
:10CE200095FF334629462046BDE8F0410222FFF730
:10CE30008DBF70B50D4686680446FFF792FFB6F5C4
:10CE4000004F014601D3012809D03046FFF7B5FF56
:10CE5000294602462046BDE87040FFF7BCBF70BDC2
:10CE60002DE9F04705468068FFF7A7FF05EB800A2C
:10CE7000DAF8109088460646B9F1000F1BD0032758
:10CE8000DAF8104028462146FFF76BFF404507D3EC
:10CE9000324621462846FFF79EFF2046BDE8F08730
:10CEA000032221462846FFF746FF013FCAF810003B
:10CEB00001D08145E4D14FF0FF34EB680136B44036
:10CEC0001C40EAD094FAA4F2B2FA82F2131D55F88B
:10CED0002340DEE72DE9F04114460E460546FFF7F4
:10CEE00040FFA4EB0608371B07444246314628465C
:10CEF000FFF755FF3A4621462846FFF750FF4346C5
:10CF0000002221462846FFF721FF21462846FFF749
:10CF100028FF3B46211800222846BDE8F041FFF7D4
:10CF200015BF2DE9F041164604460F46FFF719FFDD
:10CF3000314605462046FFF714FF05442A46394688
:10CF40002046FFF72CFF31462046FFF70AFF2B460D
:10CF5000311800222046BDE8F041FFF7F7BE2DE969
:10CF6000F0410D4686680446FFF7FBFEB6F5004F1C
:10CF7000014601D3012832D03046FFF71EFF04EBF3
:10CF800080010E6996B90122E36882401343E36091
:10CF900002220D612B4629462046FFF7D7FE0322C9
:10CFA00029462046BDE8F041FFF7D0BE02223146B7
:10CFB0002046FFF7C0FE0746034629462046FFF7F6
:10CFC000C5FE0322334629462046FFF7BFFE3946F9
:10CFD0002B462046FFF7BAFE02223146E1E7BDE8C4
:10CFE000F081F8B50C460546FFF7BBFE2618012276
:10CFF00031462846FFF79FFEC3070CD4314628462A
:10D00000FFF717FF21462846FFF7ABFE21462218FF
:10D010002846FFF786FF002221462846FFF78BFEB1
:10D02000271A012239462846FFF785FE10EA020634
:10D0300013D139462846FFF7FCFE214632462846E2
:10D04000FFF779FE2246211A2846FFF76AFF21469C
:10D0500032462846FFF76FFE241A21462846BDE8CF
:10D06000F840FFF77CBF38B571B10568002228464B
:10D07000FFF799FE044601462846FFF778FE214651
:10D08000BDE83840FFF7ADBF38BD70B5066809B9D7
:10D09000002070BDB368B3EBD10FF9D9B3F5004FE1
:10D0A00034BF04230823CC1D1C44E4082146304629
:10D0B000FFF7D6FE05460028EAD001463046FFF7C6
:10D0C00050FEA04209D92C44294630462246FFF79B
:10D0D00001FF21463046FFF742FF30460122294634
:10D0E000FFF745FEB368B3F5004F34BF04230823B0
:10D0F00003EBC5031844CCE72DE9F8430668144652
:10D10000B26801F1FF39B2F5004F34BF04230823A0
:10D1100019EA01090F460BD0494239408B424F466C
:10D1200028BF0B46894654B900252846BDE8F88338
:10D130009942F8D82146BDE8F843FFF7A6BFB2EB05
:10D14000D40FF1D9B2F5004F34BF04220822E11DFB
:10D150003944C91A11443046C908FFF781FE804698
:10D160000028E1D0B36809EBC005B3F5004F34BF28
:10D17000042308231D4435447B1E1D44B5FBF7F5ED
:10D180007D43A5EB090529463046FFF70CFE2C44EC
:10D19000073424F00704A41B804507464FEAE40443
:10D1A00008D2024641463046FFF794FE41463046DB
:10D1B000FFF7D5FE39463046FFF7D3FD38448442A9
:10D1C00008D2394630462246FFF784FE21463046D3
:10D1D000FFF7C5FE012239463046FFF7C8FDA4E738
:10D1E0002DE9F74F914698460F460568009031B9F2
:10D1F0004246494603B0BDE8F04FFFF77DBFB8F1A6
:10D20000000F06D1FFF72FFF0024204603B0BDE832
:10D21000F08FAC68B4EBD80FF6D92846FFF7C3FD02
:10D22000014606462846FFF79CFDB4F5004F34BF83
:10D230000421082101EBC6022A4408F10704BB1AA5
:10D240000C441C4483460193E408B9F1000F03D059
:10D2500009F1FF32174243D15C450ED00FD234445E
:10D26000224631462846FFF735FE31460122284640
:10D27000FFF77DFD2146FFF7B4FE3C46C5E706EB10
:10D280000B0A012251462846FFF755FDC30727D454
:10D2900051462846FFF765FD5844A04220D3514629
:10D2A0002846FFF7C6FD51462846FFF75AFDA4EB76
:10D2B0000B08404509D93444514628462246FFF719
:10D2C00009FE21462846FFF74AFE524631462846C7
:10D2D000FFF727FE012231462846FFF748FDCCE73D
:10D2E000424649460098FFF707FF044600288BD0C6
:10D2F00031462846FFF735FDAB68019AB3F5004F7C
:10D3000034BF04230823C2EBC002D21A4245394677
:10D3100028BF424620460DF03BFD39460098FFF7F6
:10D32000A2FE72E7B2F5802F2CBF082304232DE95B
:10D33000F0410026D21A8C18CD1D25F0070524F0E7
:10D340000704641BE408056021462046AC60EE60DB
:10D35000FFF733FD421D9200013002F107074FEA4B
:10D36000D7073146A2F1100205F11000B8BF3246CE
:10D370000DF035FD3A4631462846FFF710FD33469D
:10D38000324631462846FFF7E1FCA4EB0708284661
:10D3900031460122FFF7EBFC42463946FFF7FFFC1E
:10D3A0003B46324639462846FFF7D0FC2146284600
:10D3B000FFF7F5FC4346324621462846FFF7C6FCF8
:10D3C000214628460122FFF7D2FC3946BDE8F0414C
:10D3D000FFF7C5BD2DE9F04706460D4617469846AE
:10D3E0002BB34FF0000A98F8004093F80190DB78D7
:10D3F000A40004EB430498F802301C444444CA459A
:10D4000009D339463046AC46D8F8042008F1080361
:10D41000BDE8F047604714F8013B0AF1010A2046D5
:10D4200048F82340D3F72CFE01300444E7E76FF0BF
:10D430001500BDE8F08770B5002502462846144661
:10D4400014F8013B0BB9184609E098B18D4207D199
:10D45000702B04D0A3F140023A2A0BD8002070BDF3
:10D46000A3F140063A2E05D853780135941C002BC1
:10D47000E9D00020252B224608BF80F00100DEE71E
:10D480000020704700F0BCBA0FB407B504A951F8EA
:10D49000040B019100F0B4FA03B05DF804EB04B0A2
:10D4A0007047002070470CB4034607B504AA08462D
:10D4B00052F8041BDB680192984703B05DF804EB57
:10D4C00002B0704700207047FCF732B8FCF7A8B8EC
:10D4D000D6F748BA002383F31188BFF36F8F042374
:10D4E000184602DF70470FB407B504A951F8040BC2
:10D4F0000191FFF7C7FF03B05DF804EB04B070477C
:10D5000038B50D460446202200210DF068FC0022AB
:10D51000EB68E361AB68A3612B6823626B68A2626E
:10D5200063622A6923B1591E194208BF42F0010201
:10D530002261012204F12C000021BDE838400CF0EA
:10D5400018BEA0F13003DBB2092B02D800200B700B
:10D550007047A0F16103052B02D85738C3B2F5E735
:10D56000A0F14103052B01D83738F7E76FF015001C
:10D570007047F7B5054601F0010000EB51069E42E9
:10D580004FEA510703D90026304603B0F0BD58B129
:10D5900028780DF10701FFF7D4FF0028F3DB9DF891
:10D5A0000730013502F8013B01351744BA42EBD090
:10D5B00015F8010C0DF10701FFF7C3FF0028E2DBAE
:10D5C0009DF807402401E4B2147015F8020BFFF730
:10D5D000B8FF0028D7DB9DF807301C4402F8014B48
:10D5E000E4E7013A01F01F030A4430B54C09012178
:10D5F000550902F01F02C26001FA02F2836001FACB
:10D6000003F3511E5B420A43AC42036108BF13405F
:10D6100004604560426108BF036130BDF0B587B06A
:10D6200004460C981D4610B96846FFF7DAFF0168FA
:10D630004768A368B94253F82120066908D125B18B
:10D64000324343F8212007B0F0BD22EA0602F8E792
:10D65000B5B1324343F821204168A268456952F8C8
:10D6600021302B4342F821304FF0FF310368013362
:10D6700042689A42E7D9A26842F823100133F7E7DB
:10D6800022EA060243F82120A2684168466952F85E
:10D69000213023EA060342F8213002684368013250
:10D6A0009342D0D9A36843F82250F7E7F8B506466D
:10D6B000DDE906051C46FFF794FFD0E90013994207
:10D6C000B66802690BD156F8213004B9DB4332EA5F
:10D6D000030023D022EA030215BB0020F8BD56F850
:10D6E000217004B9FF4332EA070C02D022EA070294
:10D6F000F2E756F8237004B9FF43426932EA0700A3
:10D7000009D0194622EA0702E6E756F8212004B1BB
:10D71000D243002AE0D101318B42F6D80120DDE767
:10D7200092FAA2F3002AB3FA83F308BF4FF0FF3353
:10D7300003EB41132B60D0E72DE9F04F05460E4671
:10D7400090468BB0EFF31189102383F31288BFF357
:10D750006F8F002A3FD000293DD00168B1423AD3F3
:10D760000022406890424FEA42140DD0AB6853F853
:10D7700022305F1C01D10132F4E72BB1DB4393FA75
:10D78000A3F3B3FA83F31C44A1EB060A0DF10C0BCF
:10D7900004AF544502D96FF01B0012E0002332465B
:10D7A00021462846CDE9007BFFF780FF80B128465F
:10D7B0000123324621460097FFF730FF0020C8F8CA
:10D7C000004089F31188BFF36F8F0BB0BDE8F08F75
:10D7D000039C0134DDE76FF01500F2E72DE9F0431B
:10D7E0004B1E80460D46164689B01344EFF311894F
:10D7F000102282F31288BFF36F8FF9B102688A4258
:10D800001CD3B2421AD99A4218D9002402AF0A4650
:10D810000123314601940097FFF748FF88B1404645
:10D8200023462A4631460097FFF7F8FE204689F343
:10D830001188BFF36F8F09B0BDE8F0836FF015005A
:10D84000F5E76FF00D00F2E770B506460C888888A2
:10D85000241A3069A4B2844285B224BF641BA4B2E6
:10D860002D1BA8B2984228BF184633682344136082
:10D870000B8803440B8070BD70B48389858806696A
:10D88000ED1AADB2731B934228BF134670BC0A4613
:10D89000011DFFF7D9BF70B40E460146C58831F8A7
:10D8A0000A3FEC1AA3B2934228BF1346324670BC1B
:10D8B000FFF7CABF10B54B880C88E41AA4B2944293
:10D8C0000ED31A4492B28B884A800A800069D21A19
:10D8D00092B2824201D2002010BD03448B80FAE74D
:10D8E0006FF01500F8E72DE9F34106460F4615469F
:10D8F0004FF000082A46304601A9FFF7BDFF044655
:10D9000040B10246394601980DF042FA2D1BA04461
:10D910002744EFD142463046311DFFF7CBFF40464A
:10D9200002B0BDE8F0812DE9F34107460E461546E9
:10D930004FF000082A46384601A9FFF7ACFF04461D
:10D9400048B12EB10246019930460DF021FA264425
:10D950002D1BA044EED14246384607F10A01FFF7DD
:10D96000A9FF404602B0BDE8F0812DE9F34106462B
:10D970000F4615464FF000082A46304601A9FFF72A
:10D980008AFF044640B10246019938460DF000FA7C
:10D990002D1B2744A044EFD10022304606F10A0196
:10D9A000FFF788FF404602B0BDE8F08170477FB5C1
:10D9B0000BAB059303930A9B029300231846CDE912
:10D9C0000033D6F711FC07B05DF804FB0020704768
:10D9D00008B50DF003F80A220023D3F709FB08BDB0
:10D9E0000346D3E8EF0F421CC3E8E12F0029F8D12A
:10D9F0007047002108B50846D6F702FA002008BD96
:10DA00001FB50023CDE902011A4619461846CDE993
:10DA10000033D6F7E9FB05B05DF804FB7047002042
:10DA20007047002070470020704718B140680079A7
:10DA3000D6F73EBB4FF0FF30FAE702460B4609200F
:10DA40000021D6F735BB38B504460D46436811466C
:10DA5000DA71D6F78BFB012263681D6063685A7127
:10DA6000BDE83840FFF7DABF10B5436804465B797C
:10DA700013B10021D6F77AFB002263685A7110BDFA
:10DA800070B5D2E901369B1B8B420C4615460AD372
:10DA900013680A46014698190DF07AF92046AB68DA
:10DAA0002344AB6070BD6FF01B00FBE770B50E4602
:10DAB00015461946044618B9BDE87040D6F766BA4F
:10DAC00033B1C2F34A231030120D18440DF060F93F
:10DAD000C4E900562046BDE87040D6F76BBA2DE980
:10DAE000F3415F1C4FEA8708064608F1170020F053
:10DAF000070080080C461546FFF793FF00238DF8BA
:10DB00000470ADF805308DF8073068B10346019A0E
:10DB1000A8F1040143F8102F2A46294452F8045B67
:10DB20008A4243F8045FF9D100233146A20102F48E
:10DB3000E07242EA482222F07F4222F4700222F090
:10DB40003F0202B0BDE8F041FFF7B0BF7FB50BABBD
:10DB5000059303930A9B0222029300231846CDE902
:10DB60000033D6F741FB07B05DF804FB07B501238E
:10DB7000019201AAFFF7B3FF03B05DF804FB07B5FC
:10DB8000CDE9002302236A46FFF7A9FF03B05DF841
:10DB900004FB1FB5CDE90123069B01AA03930323D0
:10DBA000FFF79DFF05B05DF804FBF8B506460D468E
:10DBB00014461F4604B9F8BD214628463A46B047E8
:10DBC000241A0544F6E707B5D1E900328DF80700BD
:10DBD000012152680DF107009847002003B05DF85D
:10DBE00004FB0A2838B504460D4602D10D20FFF784
:10DBF000EAFF29462046FFF7E6FF002038BD2DE961
:10DC0000F043054687B008460E8891F800900C4610
:10DC1000D1F808801746D6F7B7FB011EC6F3821667
:10DC2000C9F3C2091EDB4846D6F7FAF90346214676
:10DC300051F8102B6088C2F34A22002A01EB02043B
:10DC400008BF00210022C0F30B10CDE90407CDE985
:10DC500002142846414601960092D6F7C1FB07B050
:10DC6000BDE8F0830023E2E7002930B404461846FB
:10DC70000BDBA5680844A84207D8E0686468214423
:10DC800084682468A44630BC60476FF0150030BC3F
:10DC90007047002930B4044618460BDBA5680844D9
:10DCA000A84207D8E0686468214484686468A44690
:10DCB00030BC60476FF0150030BC70470029034648
:10DCC00010B410460CDB9C680844A04208D8D86801
:10DCD0005B68194483689B683BB15DF8044B184747
:10DCE0006FF015005DF8044B70476FF05700F9E7CF
:10DCF0000B68834204BF01230B71704710B50446C3
:10DD00008EB069460120DAF72DFA05A96846FDF7BD
:10DD1000E3F9204605A9D6F77FFF00200EB010BD1D
:10DD200003785B075FBF03684288C3F34A2303EBB2
:10DD300012105DBF173020F00700800800207047E8
:10DD400083681B6A03B11847704708B543681973A5
:10DD500011B11868FFF7F4FF002008BD10B5406846
:10DD60001C462430FFF7DFFD2060002010BD10B5F9
:10DD7000406850F8804B0CF084FE2046FFF7E0FF2F
:10DD8000A368DB6A0BB120469847002010BD2DE93F
:10DD9000F04145681E462B7B0C46174693B101EBBC
:10DDA0000208A04507D137600120D5E90131984725
:10DDB0000020BDE8F081286814F8011B83685B68C7
:10DDC0009847EEE705F11000FFF78DFD0121306067
:10DDD00005F1B803D3E8EF2FC3E8E01F0028F9D11D
:10DDE000002AE5D128688368DB69002BE0D09847DA
:10DDF000DEE70023826882F856308268A2F852304B
:10DE00008268A2F850307047034610B5D3E8EF0F90
:10DE100040EA0102C3E8E42F002CF7D110BD03460D
:10DE200010B5D3E8EF0F00EA0102C3E8E42F002C9D
:10DE3000F7D110BDFBF77CBB0EB403B503AA52F8B3
:10DE4000041B0192D8F7FEF902B05DF804EB03B0B1
:10DE5000704708B510B1D3F713F980B208BD37B5D4
:10DE60000023054684680093D8F730FCAB6804F5BE
:10DE70008354B3F850301C341BB1962000210CF0B1
:10DE8000A6FB6946204601AA0CF04CFF03B030BD4A
:10DE90008B6828B903F583501C300021FDF796B834
:10DEA00003F585500C30F8E700F58350183019B1B0
:10DEB0004FF40061FFF7A8BF6FF40061FFF7AFBF39
:10DEC00000F58350183011B10421FFF79DBF6FF0AA
:10DED0000401FFF7A4BF00F5835008B5143029B141
:10DEE0000121FFF791FF00F0010008BD6FF0010173
:10DEF000FFF795FFF7E7FBF793BB41F27C0373B5A0
:10DF0000856803EB0113044616461D4469462846FE
:10DF100001AA0CF007FF009B23B128460CF0FFFE7E
:10DF20002046B04702B070BD70B5836804461A7DC4
:10DF3000012A2DD103F58052916F490407D5526F04
:10DF4000520704D40146DA6CC06900F0B5FD41F215
:10DF50000C16A0684FF4FA7200233044FFF76AFFF2
:10DF6000054618B16FF00F05284670BD0821204600
:10DF7000D8F75AFA6069D7F7A5FA2046D7F764FCB4
:10DF8000204600F0FFFCA0683044FFF7B4FFEBE749
:10DF90006FF08505E8E7F8B5044680681F46037D05
:10DFA0000D46022B164608D0BDE8F84000F5835018
:10DFB0004FF480511830FFF727BF00F588504FF419
:10DFC000FA7200230C30FFF735FF60BBA26802F540
:10DFD0008053996F090507D4926C2AB95B6F980634
:10DFE00002D5204600F0CDFB3B463246294620466E
:10DFF00000F025FCA26802F58053996F090507D44B
:10E00000926C2AB95B6F9B0602D52046D8F75EFB5F
:10E01000606900F097F8A068BDE8F84000F5885006
:10E020000C30FFF768BFF8BD0CB407B504AB53F86C
:10E03000042B0193FFF7AFFF03B05DF804EB02B0D0
:10E0400070470EB403B503AB53F8042B08210193BA
:10E05000FFF7A1FF02B05DF804EB03B070470EB408
:10E0600003B503AB53F8042B03210193FFF793FF90
:10E0700002B05DF804EB03B070470EB403B503AB18
:10E0800053F8042B01210193FFF785FF02B05DF8DF
:10E0900004EB03B070472DE9F04105460F46E9B1A6
:10E0A0000846FFF7D6FE41F20C180646A8684FF462
:10E0B000FA7200234044FFF7BDFE044620B16FF022
:10E0C0000F042046BDE8F081731C142BA86800D80B
:10E0D0003EB900F588500C30FFF70DFF6FF01504C6
:10E0E000EFE73946D2F7C4FFAB6883F83C60A86815
:10E0F0004044FFF700FFE4E738B541F20C15044651
:10E1000080684FF4FA7200232844FFF793FE40B969
:10E110002046D7F799F9A0682844BDE83840FFF7B2
:10E12000EABE38BD28B1836803F58053D3F82401D3
:10E1300070476FF0150070478368996409B9FFF75D
:10E1400058BE704710B502690446836812680168BA
:10E15000C0689847002223691A6010BD38B5CB68A3
:10E1600005461B7C0C46022B04D10A2802D10D2047
:10E17000FFF7F4FF236922681B68D55422691368EE
:10E180000133136023691A6863689A4202D12046FA
:10E19000FFF7D8FF002038BD08B510B1D2F770FFE7
:10E1A00080B208BD10B5047B43892244B2FBF3F072
:10E1B000214403FB1022B1FBF3F003FB1010101AF3
:10E1C00010BD10B5047B438921441019B0FBF3F056
:10E1D000B1FBF3F1401A10BD30B5057B43892944EA
:10E1E000B1FBF3F403FB14112A4401310180B2FBAB
:10E1F000F3F103FB11220134848001324C1CC480F2
:10E20000428030BD2DE9F74F002607468846144668
:10E210009946B24606602378002B00F0BF80202B81
:10E220003AD0093B042B37D93B685A1C3A6048F86E
:10E2300023403B684B4500F0B18000262278002A3D
:10E24000E9D0A6B9164623461C46272E04D05C2EDC
:10E2500025D0222E40F096802046FFF79DFF611CBE
:10E26000024620460CF0A1FD2278002AD3D0B2420B
:10E27000A34604F1010420D15846FFF78DFF214643
:10E28000024658460CF091FD9BF800605C46002E5B
:10E29000D9D1C0E70026BEE704F801ABBBE72046B2
:10E2A000FFF77AFF651C0246294620460CF07DFDEB
:10E2B00066782C46002EC8D1ADE75C2A9BF8012079
:10E2C000D3D1B242104608D15846FFF765FF214628
:10E2D000024658460CF069FDB0E7302A25D10223EA
:10E2E00000251BF80300A0F13001C9B2072919D895
:10E2F000ED000133EDB2052B45EA0105F1D1591EC0
:10E300005944584601930091FFF746FF019B00993D
:10E31000023BC21A58460CF048FD9BF801208BF8CE
:10E320000050A2E7DBB2022BE9D1782825D10221E7
:10E3300000251BF80130A3F13000C0B2092808D82D
:10E340002D01EDB20543022901D00423D7E70321B3
:10E35000EFE7A3F16100052805D82D01EDB2573B89
:10E360001D43EDB2EFE7A3F14100052803D82D01CD
:10E37000EDB2373BF4E7022902D10BF1010474E757
:10E380000323BCE7202E85D0093E042E82D966786F
:10E39000631C002E7FF458AF1C463CE7304603B0A8
:10E3A000BDE8F08FF8B50E461146074615460CF04D
:10E3B00015FE0446E0B12846FFF7EEFEA7420546EB
:10E3C00007D214F8013C202B02BF0135ADB204F195
:10E3D000FF342046FFF7E0FE3388421C5B1B521BD4
:10E3E00033802046611992B2BDE8F8400CF0DDBCE4
:10E3F000F8BD2DE9F0410F461646044686B070B1CF
:10E40000034601AC00F1100522461868596808332C
:10E4100003C2AB421446F7D1186801AC10604FF04C
:10E420000008414632462046D7F720FF08F1010890
:10E43000054628B138462968D2F710FE0028F0D1E9
:10E44000284606B0BDE8F0812DE9F0471C460023C0
:10E450000F461646DDF820809DF82490236023683F
:10E460000546BB421BD256F8230000F028FD236866
:10E47000824618B1013328462360F0E74246284619
:10E4800056F82310FFF7B5FF48B123685A1C2260E5
:10E49000B9F1000FE3D08045E1D15546236028460D
:10E4A000BDE8F087F8B50746FFF776FE054630BBB6
:10E4B000F8BD54B18AB2AA1A01302C1B013239447A
:10E4C0003844A5B20CF071FC0024334698B26A1EA1
:10E4D0009042EDDA3A5C5E1C202A02D0093A042A06
:10E4E000F3D8B1B28BB29D42EFD97B5C202B02D026
:10E4F000093B042BDDD80134A4B20131F2E700233B
:10E500001C46E3E7F8B58468064694F856302BB904
:10E51000B368B3F85020A3F85220F8BD04F15600B8
:10E52000B4F85030C21812F8012C202A1CD0093A35
:10E53000042A19D90022C25413461D46425D0133F4
:10E54000202A9BB200EB0501F7D0093A042AF4D93E
:10E55000002DDDD0B4F850707A1C521B7F1B0CF0DC
:10E5600024FCA4F85070D3E7013B9BB2A4F85030D0
:10E57000002BD5D184F85630CAE70EB403B503AAF0
:10E5800052F8041B0192D7F75DFE02B05DF804EB70
:10E5900003B0704710B50446D2F772FDB4F850309E
:10E5A00013FA80F038B1638FB0FBF3F203FB120073
:10E5B000B0FA80F0400910BD38B5846804F5805386
:10E5C00020465D6FD2F75CFDB4F85230C5F34005CC
:10E5D00080B205FB0300638FB0FBF3F203FB120074
:10E5E000B0FA80F0400938BD10B50446FFF7E4FFEB
:10E5F00018B9A068FFF7CEFF20B16069BDE81040F0
:10E60000D7F7A4BE10BDF8B50546846804F1300004
:10E61000B4F85020B4F85210FFF7DEFDA868A78EBA
:10E62000E68EFFF7B7FF10B16869D7F78FFEB742E4
:10E6300007D1218E638E2846C91ABDE8F840D7F766
:10E64000A1BEE18EA38E2846C91AD7F785FEF0E752
:10E65000F8B504460D468068B0F85210B0F8502066
:10E6600030300D44FFF7B8FDA068ADB2B0F85210DD
:10E670002A463030FFF7A5FD0746A0682A46B0F8C5
:10E6800052103030FFF78EFD064679422046D7F70C
:10E6900063FE31462046D7F775FEA368A3F85250B3
:10E6A000F8BD2DE9F0410C1E064636DA4FF0FF3575
:10E6B000644224B2A4B2AFB216E0B3680022B3F849
:10E6C00052C0B3F85080614603F1560E81B96B1CFD
:10E6D00002D0B8F1000F0FD1A1EB0C01304609B206
:10E6E000FFF7B6FF013CA4B2002CE6D1BDE8F081F3
:10E6F000884501D1012DEFD01EF8013023F0200014
:10E700004138192807D9303B092B04D9002AE3D115
:10E71000394489B2DAE70122FAE70125CAE78368BA
:10E72000B3F85210494209B2FFF792BF8368B3F8B9
:10E730005010B3F85230C91A09B2FFF789BF836885
:10E74000B3F852301BB14FF0FF31FFF781BF704774
:10E750008368B3F85220B3F850309A4202D20121B4
:10E76000FFF776BF70478268B2F85210A2F85010D7
:10E770008368B3F852201344002283F85620D7F759
:10E78000D7BD10B504468068B0F85020B0F85210DC
:10E790003030FFF721FDA3682046198EC1F1010139
:10E7A000D7F7F0FDA3682046998E0139D7F7D4FD3D
:10E7B0002046BDE81040D7F7BBBD2DE9F041054626
:10E7C0000F461446002686B0ACB906B0BDE8F0810D
:10E7D00041F2AC080121434401A80CF06DFA4FF05E
:10E7E000FF324FF0FF33012101A8FCF797FBA86827
:10E7F00040440CF094FA686822460368B919D3F8CB
:10E800000C806B46C047009A1644A41A002ADBD13C
:10E81000AB68197D0329EED00229D9D903F58053BD
:10E820009A6F9207FCD57833D3E8EF1F21F00201ED
:10E83000C3E8E21F002ADED0F6E7FFF7BEBFF7B558
:10E840001E468368154603F58052526F0446D20671
:10E8500013D593F83E208A420FD0DB8FADF80430F9
:10E86000D7F7E2FD324629466069D7F7EBFC204630
:10E8700001A9D7F7FBFD03B0F0BD32462946606918
:10E8800003B0BDE8F040D7F7DDBC0CB407B504AB6E
:10E8900053F8042B0193FFF7D2FF03B05DF804EBAC
:10E8A00002B070472DE9F04187680546B7F850601F
:10E8B0008846B318B3F5006F144627DAB7F852301C
:10E8C000F61A56331F44B6B23246394638190CF0A0
:10E8D0006CFA2246414638460CF05AFAAA68B2F859
:10E8E00050302344A2F85030AB68B3F850201344A2
:10E8F000002283F85620AB6803F58051496F8907E1
:10E9000006D4B3F852201444A3F85240BDE8F08175
:10E9100031462846BDE8F041D7F72EBEFFF7C2BF0B
:10E9200038B505468068B0F85220B0F85040A41AB7
:10E93000A4B29CB156321044411C22460CF035FA68
:10E94000AA68611EB2F850302846013BA2F8503048
:10E9500089B20122BDE83840D7F70EBE38BD10B5E8
:10E9600083680446B3F850205AB1B3F8523043B12B
:10E970004FF0FF31FFF76CFE2046BDE81040FFF777
:10E98000CFBF10BD002370B505464FF47A7492B026
:10E99000019368684022036802A91E6901ABB04771
:10E9A000019B13B108B9013CF3D112B070BD70479F
:10E9B0002DE9F84304468846914603F18E070BF093
:10E9C0002BFD054618B3EFF31185102383F312884E
:10E9D000BFF36F8FA36803F580539B6F1A0521D592
:10E9E0003A4649464046FFF70AF9A36803F58053C3
:10E9F0009B6F1B0502D42046D7F768FE0BF00CFD79
:10EA0000A0B185F31188BFF36F8FBDE8F883A668C6
:10EA100006F588500C304FF0FF324FF0FF33FAF715
:10EA200087FDD7E72046FFF7ACFED9E7A06800F5E1
:10EA300088500C30BDE8F843FAF7F2BD2DE9F041FB
:10EA400043680D461C68A368E26903F580535E6F56
:10EA5000936857681B79C6F30016012B06D0032B69
:10EA600001D0BDE8F0812046FFF78BFE33462A46F1
:10EA700039462046BDE8F041FFF79ABF43681B685E
:10EA8000D3E90632D3E8EFCF8C44C3E8E0CF0028C7
:10EA9000F8D19368D3E8EF0F0844C3E8E20F002AE7
:10EAA000F8D17047134610B50C460A460146184681
:10EAB000FFF7C3FE204610BDF8B504460D461746C5
:10EAC0008B6803F583531833D3E8EF1F41F40051EB
:10EAD000C3E8E21F002AF7D16868012103689B6838
:10EAE0009847064680B9D4E90410FEF709FD3A4676
:10EAF00029462068FEF7A7FF012263685B685D6016
:10EB0000A3681E60A3681A71F8BD10B504460068BA
:10EB1000FEF7AAFF0222A3681A7110BD0EB403B556
:10EB200003AA52F8041B0192D7F78CFB02B05DF8E0
:10EB300004EB03B070472DE9F843054690460E46B6
:10EB4000002967D00024335D202B23D0093B042B00
:10EB500020D93046D2F794FAAB6880B2598F001BA7
:10EB6000A1EB0803984206EB040915D94846002793
:10EB700010F8012B202A06D0A2F1090CBCF1040FD9
:10EB800002D80A2A2DD03B4608EB0702914227D92A
:10EB90000137EDE70134D6E74B460027B84214D0E1
:10EBA00013F8012B0A2A19D16869FFF7CBFA4946F5
:10EBB0003A462846FFF701FE6869D7F79FFD013402
:10EBC000414628463C44D7F7DDFB68693119FFF719
:10EBD000A5FF6869BDE8F843D7F790BD0137DDE7C9
:10EBE0001F466869FFF7AEFA3A4649462846FFF7DE
:10EBF000E4FD3C44335D202B02D0093B042B01D8BB
:10EC00000134F7E76869D7F779FD41462846D7F719
:10EC1000B9FB9EE7BDE8F8830020704783690020B8
:10EC2000186070470EB403B503AA52F8041B019292
:10EC3000D7F708FB02B05DF804EB03B0704708B5E6
:10EC40000168FFF728FA002008BD836803F58353A5
:10EC50001433D3E8EF1F21F02001C3E8E21F002A9C
:10EC6000F7D100207047836803F583531433D3E84A
:10EC7000EF1F41F00801C3E8E21F002AF7D100208E
:10EC80007047836803F583531433D3E8EF1F21F0F3
:10EC90001001C3E8E21F002AF7D100207047836803
:10ECA00003F583531433D3E8EF1F21F00801C3E8C1
:10ECB000E21F002AF7D100207047836803F58353D1
:10ECC0001433D3E8EF1F21F00201C3E8E21F002A4A
:10ECD000F7D100207047836803F583531433D3E8DA
:10ECE000EF1F41F01001C3E8E21F002AF7D1002016
:10ECF0007047836803F583531433D3E8EF1F41F063
:10ED00002001C3E8E21F002AF7D100207047836882
:10ED100003F583531433D3E8EF1F41F00201C3E836
:10ED2000E21F002AF7D10020704708B58368D3E9B5
:10ED300000210A60516000211A89C3E900115B8932
:10ED400000681A440C32FEF7EEFD012008BD0023D6
:10ED5000C3607047F8B51F46034653F8044F164684
:10ED60009C4202D100203880F8BDC568B1B9002DA1
:10ED7000F8D0AC4202D10023C360F3E76C68C460F2
:10ED8000002CEFD02289304604F10C010CF000F881
:10ED90000022238901203B80F254E5E7002DEED0CC
:10EDA0008368AB42E7D02C68E9E738B50446051D17
:10EDB0006368AB4204D02046FFF7B7FF0028F7D1C5
:10EDC00038BD2DE9F04F02F10C050368C5F10009CB
:10EDD0001B6909F003094D4485B09D42044617465E
:10EDE000019110D80023C3606AB1466800F1040A9B
:10EDF000B2450BD05EB13389934208D106F10C00C5
:10EE00000CF064F818B905B0BDE8F08F1E464FF05D
:10EE1000000B23685989DA88914204BFC3E901BB1A
:10EE2000C3F80CB0206883898288011DD21A036957
:10EE300092B29B1AAB4228BF2B4603AAFEF704FDF1
:10EE40008542804628D9206883898288011DD21A8C
:10EE5000036992B29B1AAB4228BF2B4603AAFEF766
:10EE6000F3FC854219D1738943447381A844039DFF
:10EE70003A4601992F81A5F80A9005F10C000BF094
:10EE800087FF63684246C5E9003A5D6020686560B7
:10EE9000011DFEF70FFDB6E7E9D020680022011D35
:10EEA000FEF708FD63689A45B3D02046FFF73DFFA3
:10EEB000AFE7031DC0E901330023C360704710B5FD
:10EEC000044628B1D2F7DCF8002380B2984201D87A
:10EED000002010BDE25C3F2A03D02A2A01D0013372
:10EEE000F4E70120F5E710B5044680684FF40062AE
:10EEF000002100F656000BF072FFA068B0F8502019
:10EF000000F1560100F656000BF042FFA06800F633
:10EF10005600FFF7C7FAA46804F65600D2F7B0F817
:10EF20000130A4F8540010BD10B504468068B0F854
:10EF3000542000F6560156300BF02AFFA368B3F8B0
:10EF40005420A3F8502010BD7FB50BAB059303935D
:10EF50000A9B0122029300231846CDE90033D5F71E
:10EF600043F907B05DF804FB2DE9F04187680446DA
:10EF7000FB680D4616469847BB682BB132462946BA
:10EF80002046BDE8F04118476FF05700BDE8F0811A
:10EF90002DE9F74FDDF830B01F4643EA0B030B4372
:10EFA00081460E46144604D56FF0150003B0BDE847
:10EFB000F08F0D9B002BF7D00E9B002BF4D011EBA4
:10EFC0000B03F1D41BEB0702EED4A04207D1B942E8
:10EFD00001D10020EAE7914201DA9F42E4DB484692
:10EFE0000AF0ACFD10B96FF01200DFE720460AF01E
:10EFF000A5FD0028F7D0A3682046DB6898470E9B44
:10F00000D0F800804345CFD3B3FBF8F508FB1533A8
:10F010000093002BC8D1DA46009B9B45D9D9C24545
:10F0200008D2A3682046DB689847424641790D988C
:10F030000BF0D5FEC245534638BF43460E9A934265
:10F0400028BF1346D9F8082000991268484615468B
:10F0500071180D9A0193A8470028A7DBA2680099B0
:10F06000536820461D460D9A019B3944A847002845
:10F070009CDBDDE900231A440092AAEB030ACBE7EC
:10F080007FB50BAB059303930A9B012202930023E8
:10F090001846CDE90033D5F7A7F807B05DF804FBB3
:10F0A00001460068D7F726BE08B5D7F7D3FEBDE8FE
:10F0B0000840D8F7DFB87FB50BAB059303930A9BE5
:10F0C0000122029300231846CDE90033D5F78CF8CE
:10F0D00007B05DF804FB7FB50BAB059303930A9B68
:10F0E0000122029300231846CDE90033D5F77CF8BE
:10F0F00007B05DF804FB013140B2D8F7A3BC002192
:10F100000120D7F7F7BD6FF08500704761B662B692
:10F1100080F31188BFF36F8F704772B6002383F3BB
:10F120001188BFF36F8FBFF34F8F30BF62B6BFF34D
:10F130006F8F704708B5D1E904319847002008BDAA
:10F1400008B5D8F799FD002008BD0B0704D5A0F13C
:10F150004103192B98BF203070472DE9F04F85B03F
:10F160008A4615460446029300283ED000293CD02A
:10F17000002B00F00C810A46A046294618F8010B26
:10F18000FFF7E3FF0346C0B23F280646177827D0B3
:10F1900013F0C00F0BD1C8B12A2837D02946384602
:10F1A000FFF7D3FF864202F101022DD01DE05B285C
:10F1B0007AD05C28F2D1EB07F0D46078FFF7C5FF76
:10F1C00010F0FF0618BF04F10208E7E7EC0601D5CE
:10F1D0002F2F02D0381E18BF012005B0BDE8F08FD8
:10F1E0001FB12F2F03D1A8070DD50120F5E72E2F32
:10F1F00009D1690707D55245F7D0AB0703D512F8F7
:10F20000013C2F2BF1D001324446B5E76078FFF77F
:10F210009CFFC1B22A2918D02E2F09D16F0707D51C
:10F220005245E2D0AE0703D512F8013C2F2BDCD0BB
:10F2300079B915F00200D0D0ED0600F1AA802F2197
:10F2400010460BF07AFE0038C5E7294618F8010F82
:10F25000DDE72F2908D1AC0706D510460BF06DFE6F
:10F2600002460028D0D1C0E71646029B25F0040ACA
:10F2700003F1FF3905F00207B34629469BF8000069
:10F28000FFF763FF10F0FF0406F10106ADD04B4617
:10F29000524659464046FFF760FF01289DD12F2C6A
:10F2A000EAD1002FE8D098E7002F9ED02F2F01D170
:10F2B000A8079AD43846FFF748FF63788146212B88
:10F2C00001D05E2B1DD101230234294614F8010B15
:10F2D0000193FFF73AFFC6B25D2E15D04FF0000B39
:10F2E0002F2E48D05C2E07D1EB0708D4294614F8FE
:10F2F000010BFFF72AFFC6B2002E3FF476AF23467C
:10F3000005E044460023E0E723464FF0000B217858
:10F310002D2937D1294660780393FFF716FF10F0A7
:10F32000FF00039B18D05D2816D05C2804F102036F
:10F330000CD115F0010F09D1E31CA0780393FFF75E
:10F3400004FF10F0FF003FF450AF039B4E4503DC79
:10F350004845A8BF4FF0010B1C46294614F8010B85
:10F36000FFF7F3FEC6B25D2EBAD1019B5B453FF4B9
:10F370003CAF611C03D15B2F7FF437AF4446A046FE
:10F38000013241E74E4508BF4FF0010BE4E703208F
:10F3900023E7084621E74023FFF7DFBED4F7DABBB7
:10F3A0000EB403B5039911F040021EBF04AB049ADA
:10F3B0000193D8F749FE02B05DF804EB03B0704743
:10F3C00010B50446D9F722FD237B6FF34103237365
:10F3D00010BD01F0B5B801F01EB8DDF755BEDDF780
:10F3E000D1BDDDF7FBBDDDF725BE13B50024CDE9AA
:10F3F0000044DDF7D7FE02B010BD30B4DDE90245B0
:10F40000CDE9024530BCDDF7CDBE13B50024CDE912
:10F410000044DDF765FE02B010BD30B4DDE9024501
:10F42000CDE9024530BCDDF75BBE10B4019C019410
:10F430005DF8044BDDF79CBFDDF748BD7047816A7E
:10F440008968D8F759BF034618465B68002BFBD183
:10F450007047426810B52AB10B461C465B68002B0A
:10F46000FBD16260416010BD10B5044620B908466A
:10F470000B7A01330B7210BD034618465B68002BF4
:10F48000FBD1FFF7E6FF2046F5E710B508B14B6862
:10F49000436000234C6808464B60D8F7ADFF204618
:10F4A00010BD2DE9F04107460D46144634B9A0467B
:10F4B0004046BDE8F08164689B1AF7E7228A9A42C9
:10F4C000F9D9069A4FF00008954228BF1546002C3E
:10F4D000EED0002DECD0268AE168F61AAE4228BFA5
:10F4E0002E46194407EB080032460BF051FCB0449D
:10F4F00000236468AD1BEAE783680B440360704730
:10F500008388026819448180D018704730B4848899
:10F510000568A3188380281930BC0BF039BC10B5DE
:10F52000838802685C1C8480D154D01810BD838805
:10F5300030B502689D1C8580D418D154090A6170C9
:10F5400030BD30B5838802689D1C8580D418080AB8
:10F55000D054617030BD83885B1A9BB28380006891
:10F560001844704703468288521A82800068084413
:10F57000186070478388C2888168D21A03685B1A52
:10F58000D01A704703688268C0889B1AC01A80B27C
:10F59000704738B5036B0446DB0728D5D1E9003244
:10F5A000B2F1FF3F08BFB3F1FF3F23D0D0E90A50CB
:10F5B0005B1942414FF0000128BF0121E9B9B2F1C6
:10F5C000FF3F08BFB3F1FF3F17D0B2F1FF3F08BFC5
:10F5D00013F1020FC4E90A3203D104F110000BF059
:10F5E0009EFB00212046FBF7F1FC002038BD6FF0A8
:10F5F0000800FBE76FF01500F8E76FF00A00F5E789
:10F6000038B50446006BC50724D5D4E90A2352EA6D
:10F61000030522D0800716D501220023C1E900236B
:10F62000D4E90A32013B42F1FF32C4E90A32134302
:10F6300002D120460BF073FB002104F11000FBF710
:10F64000C5FC002038BDC1E9002300220023C4E925
:10F650000A23EEE76FF00800F4E76FF00A00F1E725
:10F660000CB4034607B504AA084652F8041BDB682D
:10F670000192984703B05DF804EB02B07047002A8E
:10F68000ABBF0A234FF0FF3282FB03231346D9F7A7
:10F69000CDB80023036070471F2804D801220B68EF
:10F6A000824013430B6070477FB50BAB0593039308
:10F6B0000A9B029300231846CDE90033D4F794FD4A
:10F6C00007B05DF804FB7FB50BAB059303930A9B72
:10F6D0000122029300231846CDE90033D4F784FDBC
:10F6E00007B05DF804FB4FF0FF324FF0FF330430FA
:10F6F000F9F71EBFF9F794BF90F86800C0F3411006
:10F70000704783691B69D3F8800000F001007047DF
:10F7100070B5044616460D46FFF7E5FF94F86820DD
:10F72000C2F3400392070ED41DB1012D09D05B80B6
:10F73000FFDEE36E00255E80201DFFF7DBFF28461D
:10F7400070BD236FF6E76FF07705F5E7F8B504466F
:10F750000D461E461746FFF7C6FF94F86830C3F300
:10F7600040019B0712D41DB1012D0DD00971FFDEA0
:10F77000E16E00259DF818300F714E718B71201DC0
:10F78000FFF7B8FF2846F8BD216FF2E76FF0770565
:10F79000F5E790F86800C0F38000704783691B6943
:10F7A00093F88000C0F3001070470246034652F8F9
:10F7B000600F904201D1002070470028FCD0027AEF
:10F7C0008A42F9D05A6E8242F5D000680028F6D1FC
:10F7D000704738B504460D46FFF785FF94F868304A
:10F7E000DB0718D42B690BB9EB68BBB1236E1BB9CF
:10F7F00004F16003C4E918332B6893B9626E04F115
:10F800006001C5E90012156065661D46201DFFF701
:10F8100071FF284638BD4FF0FF35F7E76FF015054B
:10F82000F4E76FF07705F1E710B50446034654F8A6
:10F83000480FA0420DD100200DE0447D8C4204D140
:10F84000032909D1047A944205D0DC6CA042F2D09D
:10F8500000680028F1D110BD0F29F5E72DE9F84324
:10F8600005460C46071D4FF0FF324FF0FF33384678
:10F87000F9F75EFED5E91B89B8F1000F73D0B9F135
:10F88000000F70D095F86830DB076CD4AB6C1BB9F7
:10F8900005F14803C5E912332368002B66D1637D67
:10F8A0000F2B09D1237A012B10D0EB6C05F1480204
:10F8B000C4E900231C60EC64637D032B29D1AA6C8E
:10F8C00005F1480090422BD1002336E02846E1683C
:10F8D000FFF77FFF06460028E7D03846F9F7A0FE7D
:10F8E0003046BDE8F8834E7D032E14D001332372D9
:10F8F0004B68C4E900131C604C60637A022B26D06D
:10F90000032B2AD0012B02BF237A89F80E3088F806
:10F910000E300026E1E70E7A013EB342E6D11268CE
:10F92000002AD1D0537DE96C032B0DD18A42137A82
:10F9300002D011680029D6D101332372EB6CC4E9DF
:10F9400000031C60EC64D8E78A42E8D1BCE7237A64
:10F9500089F80F3088F80F30DBE7237A89F8103008
:10F9600088F81030D5E74FF0FF36B6E76FF077062E
:10F97000B3E70346006800B1187A704770B50C46CB
:10F980001546DAF777FF40B1406883681B6823B1FA
:10F990002A462146BDE87040184770BD7FB50BABC5
:10F9A000059303930A9B0122029300231846CDE995
:10F9B0000033D4F719FC07B05DF804FB0346084692
:10F9C00001B1D80980F001007047F8B504460D4632
:10F9D000174686680369A033D3E8AF3F9B070ED56F
:10F9E000B36A7BB1F36B98472946B36A3A4620461F
:10F9F0009847336C0546204698472846F8BD4FF097
:10FA0000FF35FAE76FF08505F7E770B504460D4658
:10FA100086680369A033D3E8AF3F9B070BD5F36B30
:10FA200098472946736A20469847336C0546204616
:10FA30009847284670BD4FF0FF35FAE7034600208F
:10FA400083F82C00986270477FB50BAB0593039346
:10FA50000A9B0122029300231846CDE90033D4F714
:10FA6000C3FB07B05DF804FB7FB50BAB05930393B5
:10FA70000A9B0122029300231846CDE90033D4F7F4
:10FA8000B3FB07B05DF804FB0B0644BF21F0800117
:10FA90001031C84000F0010070477FB50BAB0593F3
:10FAA00003930A9B0122029300231846CDE90033F9
:10FAB000D4F79AFB07B05DF804FB4FF0FF324FF02C
:10FAC000FF330430F9F734BDF9F7AABD21B101299C
:10FAD0000DD000231B68FFDE5030006848B143683A
:10FAE0005B79934205D000680028F8D17047583000
:10FAF000F3E7704710B590F82C300446022B09D17B
:10FB0000FFF7FAFD94F8342001462046BDE8104086
:10FB1000FFF7DCBF002010BD08B5FFF7D7FF0038A6
:10FB200018BF012008BD38B505460C1F54F8041F46
:10FB300009B9084638BD6B681868D1F78FFA0028F4
:10FB4000F4D10120F6E77FB50BAB059303930A9B35
:10FB50000122029300231846CDE90033D4F744FB79
:10FB600007B05DF804FB4FF0FF324FF0FF33043075
:10FB7000F9F7DEBC08B583681B6B0BB198470346E9
:10FB8000002023B153F8042B0AB1127802B908BD42
:10FB90001044F6E710B51C46FFF798FF48B1012264
:10FBA000C06802FA04F320B10269134201D100686F
:10FBB000F9E710BD10B50C46FFF79CFF48B10123D3
:10FBC000C06803FA04F120B10369194201D1006849
:10FBD000F9E710BDD1F81A0083681B6903B1184713
:10FBE0006FF08500704738B50C46FFF783FF80B192
:10FBF000C06870B14368DA681AB10023117999427C
:10FC000001DC0068F5E71568ED5CA54201D0013321
:10FC1000F5E738BDF8B50646CC680CB9204622E0B9
:10FC2000012504F10C07E268AAB165F07F03D9B29F
:10FC300003F07F031033DA40D2070ED4E368EB40C1
:10FC4000DB0705D53A46B069E9B200F09DF850B936
:10FC50000135102DE7D12468DFE73A46B06900F09E
:10FC600093F80028EAD0F8BD2DE9F34700240546B3
:10FC70000E46A146576897F805803B79A34203DCFE
:10FC8000002002B0BDE8F0875FFA84FA314653469F
:10FC900042462846FFF77EFF014650B153460122F7
:10FCA0002846CDF80090DAF7FFFE0028E9D10134AC
:10FCB000E3E76FF03C00E4E72DE9F74307460C4625
:10FCC0001546FFF777FF064620B96FF0010003B035
:10FCD000BDE8F0830F2CF8D807EB040898F83690AD
:10FCE0004D4501D10020F2E7014623460022384667
:10FCF0000095DAF7D9FE0028E7D1234602223146E3
:10FD00003846CDF80090DAF7CFFE0028DFD1234641
:10FD10000122314638460095DAF7C6FE0028D6D1D2
:10FD2000706883685B6813B12A462146984788F853
:10FD30003650D7E7012311F0800F18BF21F0800162
:10FD4000026818BF10318B4022EA0303036070473A
:10FD500037B58B790C46009315468B88CA7889781D
:10FD600005F09BF870B994F90230A178002B4FF0A0
:10FD70000103B8BF21F080012A68B8BF10318B4061
:10FD800013432B6003B030BDF8B506460D46174649
:10FD900005F0ACF8044658B929463846FFF7CAFFC3
:10FDA0002946304605F047F9044608B9FAF772FBD0
:10FDB0002046F8BD43689869E7F7E4B970B591F952
:10FDC00018300546002B0C46466807DBC4F81A506D
:10FDD0002146B069BDE8704005F004B93046FFF730
:10FDE000D8FC0028F2D04FF0FF3070BD806905F0DC
:10FDF00045B9806905F01FB938B5054680690C46DC
:10FE000005F090F858B9012314F0800F18BF24F0C2
:10FE100080042A6B18BF1034A34013432B6338BDF2
:10FE200070B5054680690E4605F0A8F8044620B96D
:10FE3000314605F13000FFF77DFF204670BD0B060F
:10FE400048BF21F08001006B48BF1031C84000F06E
:10FE500001007047F8B505460E46071D4FF0FF320A
:10FE60004FF0FF333846F9F763FBEC692CB9EE61CC
:10FE70003846F9F7D5FB2046F8BD6FF07704F7E771
:10FE8000C36982B08DF8001001922BB102AB13E967
:10FE9000060002B0DAF720BF02B07047C36982B033
:10FEA0008DF8001001922BB102AB13E9060002B0ED
:10FEB000DAF712BF02B07047704703695B68D3E995
:10FEC0000303012908BF184670470369C3E90712F5
:10FED00070470229036907D0042907D0012907D1F7
:10FEE0001B690020136070471B7EFAE75B7EF8E712
:10FEF0006FF085007047CB7902690BB1012B02D1FD
:10FF00000020937670476FF085007047D0E8AF0F00
:10FF1000084100F00100704710B5036940685B6854
:10FF20009C68FFF7E9FB01280CBF94F82D0094F8BA
:10FF3000260010BD10B5036940685B689C68FFF738
:10FF4000DBFB01280CBF94F8520094F8440010BD6C
:10FF500010B5036940685B689C68FFF7CDFB01281A
:10FF60000CBF94F84B0094F83D0010BD02690020CE
:10FF700013690B6053694B6070477FB50BAB0593FA
:10FF800003930A9B0122029300231846CDE9003314
:10FF9000D4F72AF907B05DF804FB08B5FFF7ACFB0E
:10FFA00001280CBF4FF40070402008BD01238B4096
:10FFB000DB43D0E8EF2F1A40C0E8E12F0029F8D149
:10FFC0007047006902218830FFF7F0BF0069032104
:10FFD0008830FFF7EBBF08B5036900211869883046
:10FFE000FFF7E4FFBDE808400121FFF7DFBF036929
:10FFF000012118698830FFF7D9BF40297FB534D077
:020000024000BC
:100000000DD8102933D006D801296AD0082930D05C
:100010006FF0150426E02029FAD1042308E0B1F599
:10002000807F28D0B1F5007F27D08029F0D1102320
:1000300004699BB2E18912B30B4342F2A1014FF470
:100040000032E381CDE901120669ADF80C30436856
:1000500000211C6806F188031846FFF757FF88B98E
:100060006FF00C04204604B070BD0823E0E70223C3
:10007000DEE70123DCE72023DAE74023D8E721EAA3
:100080000303DAE701211846FFF740FF0028E7D114
:100090002046FFF741FF0A2201462046FFF78AFE6D
:1000A0000546D8B10A2201A90C30FFF72FFA2046E5
:1000B0002946FFF783FE044618B12846D8F79CF975
:1000C000D0E74FF0FF324FF0FF3306F18C00F9F725
:1000D00063FB0B3008BF6FF08B04C3E76FF00B04BA
:1000E000C0E70024BEE703691B698833D3E8EF1F2C
:1000F00041F00201C3E8E21F002AF7D170477FB543
:100100000BAB059303930A9B01220293002318462D
:10011000CDE90033D4F768F807B05DF804FB08B503
:100120008430DBF7DDFA10B18047002008BD6FF0A6
:100130000100FBE70121DBF749BA0021DBF746BAF2
:1001400070B513461446072205460E46DBF7F0FB52
:1001500038B9234631462846BDE870400622DBF711
:10016000E7BB70BD2DE9F04106460D461746002459
:1001700001F1100858F8043F33B10134E4B20B2CFC
:10018000F8D10020BDE8F0813B46224629463046A2
:10019000DBF7CEFB0028F0DAF4E770474368184736
:1001A00083681847C36803B11847184670477FB57E
:1001B00000200BAA059203920A9A01900292089AD3
:1001C00000920122D4F710F807B05DF804FB10B5D7
:1001D000D0F8003203EBC20413F832300B2B1DBFF2
:1001E00001EB830148696368002018BFC01810BD87
:1001F00038B505460C4684304968DBF771FA10B112
:10020000A0600120256038BD7FB50BAB059303933B
:100210000A9B0122029300231846CDE90033D3F74D
:10022000E3FF07B05DF804FB0246002330B5546DD0
:100230008C420AD8D56D25448D4206D9282202FB6E
:100240000300836D1944081B30BD01330B2B02F1F1
:100250002802ECD16FF00700F6E700F18C02AC3019
:1002600052F8043F3BB1D3F88C10824201F1FF31C8
:10027000C3F88C10F4D1704770B51D465368D0F8A0
:1002800020111B0A826801EB03110446904730B924
:100290002946204663681022BDE87040184770BDAB
:1002A00038B50446D4F80C3208469D18D4F8082214
:1002B000D4F80412954228BF15461944EA1A0AF0E8
:1002C00067FDC4F80C52002038BDD0F808328B42CC
:1002D00094BFC0F80C32C0F80C1200207047D0F860
:1002E000040208447047002310B501220446C0E907
:1002F0008333D0F8081280F8143200F50370D8F771
:10030000CFFC10B9012384F8043210BD10B590F869
:10031000043214464BB100F50370D8F79DFDA0429E
:1003200014BF6FF01500002010BD6FF01500F6E748
:1003300090F8043223B1002200F50370D8F7D4BD41
:100340006FF01500704710B590F80432044633B1D1
:1003500000F50370D8F75AFD002384F8043210BD6D
:10036000D1E900239A4215BF013388604B60012018
:1003700018BF0020704710B50C46DCF7E1FA23687F
:100380000BB10123237410BDF8B515460E4649B9CB
:1003900010F1670F08BF0020D061101DBDE8F840C4
:1003A000F9F7C0B9138C012B31D8946A442202FBAF
:1003B00003440BB144F8444C04F12403314618467D
:1003C000B2680AF0E5FC6A8C04F12C01E2840A466A
:1003D000E061B36806F12100A36106F10D0353F853
:1003E000047B834242F8047BF9D11B7813702162AD
:1003F000337BA3602B685BB1DB684BB1022B14BF6E
:1004000006221122C4E903322B8C01332B84F8BD60
:1004100001230622F6E72DE9F74F0746884602201A
:1004200044211E461546D7F7AFFC0446306000282D
:1004300066D04FB3B5B3D5E9023ABAF1020F37D05F
:100440004FF0060B4FF0010A38460193D0F718FE23
:1004500004F1240301461A463846009301F0D1FC0A
:1004600090B1019BB4F824900BB199450CD1B8F12F
:10047000000F20D00A2200214046FBF717F94FF663
:10048000FE73421E9A4217D933682A4641463846BF
:10049000DCF7EAFB044670B33068D7F767FC00234B
:1004A000336029E04FF0060B4FF0010A2B46CBE7F3
:1004B0004FF0110BC8E74046B9F1010FC4E9029AA9
:1004C000C4F810B006D0B9F1020FDDD1009BE36192
:1004D000182302E0009BE3610823A36104F12C03CD
:1004E0002362002384F82C302360030243EA202394
:1004F000E384A4F824900024204603B0BDE8F08FE4
:100500006FF00904F8E70CB4034607B504AA0846DF
:1005100052F8041BDB680192984703B05DF804EBC6
:1005200002B07047F9F704B8F9F77AB807B50022B6
:1005300001A9D3F78DFA03B05DF804FBD3F70ABB2A
:1005400008B5E1F7D9FDB0FA80F0400908BD38B52B
:100550000D460446DCF778FB2A46014620460AF0A1
:100560000BFD002038BD013801288CBF0020012080
:100570007047E0F7D5BF002905DAC36D494243F063
:1005800004034160C365704770B50446D0F8840029
:100590000D46049E28B14FF0FF324FF0FF33F8F7BD
:1005A000C7FF002E05DAE36D764243F00403666070
:1005B000E36504F16006E5B9304609F0D6FD88B977
:1005C000E36D43F00103E365304609F05DFD04F19E
:1005D0007C00F9F73DFBD4F88400A8B1BDE8704079
:1005E000F9F71EB890F8373043F0020380F837303F
:1005F000EDE795F8373029466FF34103304685F82B
:10060000373009F076FDE2E770BDF8B50446B0F882
:100610008E6000F16007C6F34106002200233846D1
:10062000F9F74EF8054640B9384609F02DFD04F1BA
:100630007C00BDE8F840F9F70BBB032E05D1FFF7AE
:10064000E4FF2846E2F758F9E7E702F09CFAE4E70E
:100650002DE9F04F154681461A460E4689B021B164
:10066000DDB92F464FF0FF3B04E0002DF9D00F46D7
:10067000D5F800B04FF0000802F002030193CDF866
:10068000088009F1600ABBF1000F08D10FB1C5F86D
:1006900000B0029809B0BDE8F08F0127E8E75046A6
:1006A00009F05FFD04460028F0D08045EED0B8F197
:1006B000000F08BF804602F0C1FB83455A4628BFA1
:1006C00002460299034611440291ABEB02010491E8
:1006D000BFB102B3019919B1E16803912169059194
:1006E00031682046CDE9062302F042FB3168069AC4
:1006F000079B1144019A316082B1039BE360059B23
:100700002361002200235046F8F7DAFF01465046E5
:1007100009F0EFFC15E0019A002AF2D19B4510D3B5
:10072000002300225046F8F7CBFF90F837309B07A4
:1007300042BFD9F85C3043F00103C9F85C3002F0E5
:1007400022FADDF810B09EE7DDF7A4B8DDF7D0B8E7
:10075000DDF702B9DDF726B9DDF78AB9DDF7A8B90B
:10076000002307B5CDE90033DDF7A2F903B05DF84A
:1007700004FBDDF71FBA10B5D0F8842004460B4601
:1007800092B1026E0AB1002010BDD0F88410D3E9F6
:1007900000237C30F9F7BAFA0028F5DBE36D5B073C
:1007A000F1D560684042EFE76FF01500ECE7DDF748
:1007B0005BBADDF7FDBC002307B5CDE90033DDF7FB
:1007C000F7FC03B05DF804FBDDF71EBDDDF752BD9D
:1007D000DDF7FCBDDDF7DCBEDDF70EBF08B5D0E907
:1007E000000150EA01030FD0B1F1FF3F08BFB0F1A3
:1007F000FF3F0BD019B90A23B0FBF3F008BD0A2262
:100800000023D0F7F5FBF9E70020F7E74FF0FF30C2
:10081000F4E70CB4034607B504AA084652F8041BD3
:10082000DB680192984703B05DF804EB02B07047B3
:100830000EB403B503AB53F8041B049A0193DCF721
:1008400013FD02B05DF804EB03B0704710B5002251
:100850000C460321FFF7ECFF431C08D000F4804056
:1008600004F0400404430CBF0120002010BD002010
:10087000FCE708461146D8F741BC38B5054670304C
:1008800009F0BDF8044618B905F11000F8F7AAFF01
:10089000204638BD0068DCF7CBBD0068DCF79CBDA6
:1008A000037943F0040303710068DCF7C3BB0068FD
:1008B000DCF768BB0068DCF73BBB70B50379054625
:1008C0005E070C4608D4703008F00DFE20B1E388B6
:1008D00043F00103E38005E06B79012B09D1E38844
:1008E000D80701D4002070BD2B795907FAD49A0794
:1008F0002CD54023002205F1700611463046AB602E
:10090000F6F732F8002840DA10F5F14F22D16B7972
:10091000022B17D12846FFF7B0FF40B96A79B4F926
:100920000630022A12D123F00103E3800EE0E388AF
:10093000DB06F3D46FF00B025242EA60E38843F027
:100940000803C7E72B7943F010032B71E38843F0CA
:100950001003BFE710F5D24F09D1B4F90630DE0617
:10096000DCD423F001036FF00A00E380BBE710F54D
:10097000D14FF2D02846FFF780FFE3880028D7D177
:10098000D806CBD46FF07002D6E7304608F0ABFD46
:1009900010F1800F0246C1D0B4F90630D906BDD49B
:1009A0000028C9DB9ED1DCE710B5002486B0ADF885
:1009B00016400490ADF814200A4604A80121FEF761
:1009C0005EFE011E13DB012917D1BDF916309A0610
:1009D00015D413F0080315D004220498039203AB36
:1009E000009302ABDCF790FC20B90299494208461B
:1009F00006B010BD6FF00401F9E72146F7E76FF08C
:100A00000801F4E71946F2E7F8F792BDF8F708BED7
:100A100012F5D24F08B504D10122BDE80840FFF716
:100A2000C3BF12F5D14F01D10422F6E700214FF4E4
:100A30007A7009F0CCFD002008BD2DE9FF41054684
:100A4000017905F1700841F0080101716846CDE9AE
:100A5000022309F0C5FFDDE900674046F7F788FA91
:100A6000044620B905F11000F8F75CFE15E024F00B
:100A7000800313F5D24F05D014F5CA4F02D014F5F8
:100A8000E04F1ED132463B4602A809F0CDFFDDE91A
:100A90000232134309D16FF00A0420462B796FF319
:100AA000C3032B7104B0BDE8F08102A8FFF796FEE6
:100AB000224601462868FFF7ABFF04460028ECD128
:100AC000CBE714F5D54F284607D1FFF7D6FE88B9F6
:100AD000DDE902321343C0D1DDE714F5D04F07D171
:100AE000FFF7CBFE30B974236FF07304EB60D4E7EB
:100AF000FFF7C3FE71236FF07004EB60CDE70138A0
:100B0000012807D8A2F58072032A03D84B1E584249
:100B10005841704700207047DEF796B9DEF7B0B94C
:100B2000DEF78CBADEF7F8BA002307B5CDE900335B
:100B3000DEF7F2FA03B05DF804FBDEF759BBDEF72F
:100B400091BB002307B5CDE90033DEF78BFB03B083
:100B50005DF804FBDEF71ABCDEF790BC30B5044646
:100B600087B001AD0FCC0FC5236801A82B60019B96
:100B7000984707B030BD0020704700207047002024
:100B800070470239012903D8531E58425841704713
:100B900000207047002307B50093DEF76DFF03B018
:100BA0005DF804FBDEF768BFF8F7F6BDF8F7BABDED
:100BB000FAF70CBA10B504464FF0FF324FF0FF338E
:100BC0000830FFF7F1FF2046DFF724F8002010BDC2
:100BD00010B4029B0BB100241C605DF8044BDFF7DE
:100BE0006BB8DFF70DB9006800F0F000A0F1E0038A
:100BF00058425841704710B1006800B18068704792
:100C000010B1006800B10068704710B5FFF7F8FF39
:100C1000836823B1DB6813B1BDE81040184700209A
:100C200010BD08B5FFF7E7FF007E08BD70B50446AC
:100C3000FFF7E6FF85688DB161B92046E0F79EFABF
:100C4000AB680BB9002070BD2046FFF7D9FFBDE8A7
:100C5000704018476B68002BF9D1F3E76FF0010083
:100C6000F1E70378FF2B11D14378FF2B0ED1837866
:100C7000FF2B0BD1C378FF2B08D10379FF2B05D1B4
:100C80004079A0F1FF035842584170470020704757
:100C9000B1F5006FF8B5144624D19368DD68284695
:100CA000FFF7DFFF40B90122012094F8373062F3EB
:100CB000061384F83730F8BD05F110063046FFF70B
:100CC00092FF0028EFD19769E1F7F2FA2A690368E9
:100CD0009A42E8D031463846E0F7B0FC0028E2D12D
:100CE0000220E8E748F2DD639942F9D10222DBE70E
:100CF00010B503690446E3B1031FD3E8AF3F427D5B
:100D000003F0010302F00101994212D063F30002E3
:100D10004275006933B1DFF7EFFF2069BDE810408D
:100D200000F08CBEDFF7F0FF2069BDE8104000F056
:100D300099BE10BD01230B7000234B705E238B7096
:100D40004378CB70827803F07F030A71C278CB704E
:100D50004A71704708B5FFF74EFFD0E8EF3F43F008
:100D60000102C0E8E12F0029F7D1DB0704D4BDE878
:100D700008400430F8F7C4BE08BD08B5FFF73BFFD4
:100D8000D0E8EF3F23F00102C0E8E12F0029F7D1BE
:100D9000DB0704D5BDE808400430F8F7B1BE08BD54
:100DA0000020704710B583680C463BB1DB682BB15F
:100DB0009847204214BF0120002010BD1846FCE7D0
:100DC00038B1006828B10C30D0E8AF0F084100F00E
:100DD0000100704708B5034648B10021FFF7F0FF56
:100DE00018B108211846FFF7EBFF00F0010008BD1D
:100DF00003680B604368016003B941607047136882
:100E000039B9416803608A4200D14360002313600E
:100E100070470B6043689A4208BF4160F6E710B123
:100E2000006800B1103070470278034662B940781C
:100E300050B99A785AB9D87840B91A793AB95879E4
:100E4000B0FA80F0400970470020704710467047A4
:100E500008B509F0C3FD0A220023D0F7C9F808BD80
:100E60000378FF2B11D14378FF2B0ED18378FF2B12
:100E70000BD1C378FF2B08D10379FF2B05D1407923
:100E8000A0F1FF035842584170470020704730B12D
:100E9000006820B10C30D0E8AF0FC0F3403070478D
:100EA000F8F746BB31B1062343700B68C0F8023037
:100EB0008B88C380704788B1837E9B070DD50388DC
:100EC000012B0AD190F91930012B06D119B10A680A
:100ED00043689A4201D1043070470020704730B512
:100EE00000B930BD84688C4203D1C5681468A5423E
:100EF000F7D003B118600068F2E7F8F791BB08B5C6
:100F00000346FFF7C4FF28B903F17400BDE80840A9
:100F1000FFF7F3BF08BD38B5044619B100F1180555
:100F2000A3692BB90023A360E3602361A38238BDCA
:100F30004FF0FF324FF0FF332846F8F7C1FB01F0C6
:100F400022FEEDE72DE9F743904682680E460546FE
:100F50001146002329B91B2B07D8022003B0BDE896
:100F6000F083088A49680344F4E7D4682388B3F51A
:100F7000807FF2D16388082BEFD12279062AECD149
:100F80006379042BE9D1A37B7F2BE6D0E388B3F50B
:100F9000807F08D0B3F5007F00F0B080284601F0D4
:100FA000F2FD0020DAE7D5F8189004F1080748466A
:100FB000FFF735FF811C384609F088FF0028CCD0A8
:100FC0004046FFF74DFFC0B104F112021046FFF793
:100FD00047FF18B91046FFF727FF70B1D4F80E206D
:100FE000A3699A4209D100233A4600934846012357
:100FF00004F10E01E0F70EF8D0E7DFF7F9FA062268
:101000000146404609F062FF28B9D4F80E3003F0DB
:10101000F003E02BA1D0D5F8188004F11801D8F81E
:101020000800FFF748FF002897D004F11200FFF7EF
:10103000FBFE48B101233A4600934046002304F1E9
:101040000E01DFF7E7FF3E464FF47A720023AF69E7
:10105000CDE9002300231C211A463846E1F784FF1E
:10106000044600289AD080681C210C30FEF748FA0C
:101070000820A368AA68DB68D1689870002206205F
:101080001A70DA7018719A714FF001080420022268
:1010900083F80180DA715871306803F11202C3F8E5
:1010A0001200B088D8823846FFF7B9FED0F8026047
:1010B0009E60C0889881D1F80E0098618969C3F854
:1010C0000E103846FFF7ABFE811C04F12400FFF739
:1010D000E9FE114604F12C00FFF7E4FE40F606039A
:1010E000A38694F83730002268F3061384F837306B
:1010F00021460023A06900F01BFC4FE704F118060D
:101100003046E0F715FB38B100230093A86904F1DD
:10111000080204F10E016DE7E1F7CAF8A26903685D
:101120009A42F1D031460020E0F788FA00283FF4D7
:1011300035AFE9E7104692F83730012262F3061323
:1011400080F8373000F12E0200F12601FFF7FABED9
:1011500038B590F8383004466FF3820380F83830A1
:1011600083680D467BB199B194F83830204643F03E
:10117000040384F8383001F096FD94F83730C3F357
:101180000213032B0DD92046BDE8384001F0FBBC0B
:101190000146806900F0C3FB0128E5D00028F2D1A8
:1011A00038BDA368DB681B7803F0F003402BEAD15D
:1011B0002946204602F014FAF0E710B5DBF748FDA7
:1011C00001F06FFFE1F790FDE2F770FA02F0DAFA52
:1011D000E2F74CFAE4F71AFAE1F7E8F9E0F7FCFD78
:1011E000E1F7FAFEE0F78AFEDEF760FBE4F7D8FFEE
:1011F000044618B9E5F768F9E5F704FF204610BD85
:101200002DE9F04115461E460446002800F08F8067
:101210008368002B00F08B808369002B00F08A80AC
:1012200001F00CFD204601F03EFD94F83730C3F389
:101230000213012B0AD02A4633462146A06900F04A
:1012400087FB022836D16FF004000BE0A368DF684B
:101250003B7A7BB3E1F728F83A6903689A4203D1F5
:101260006FF07C00BDE8F081A368DF683B7C7F2BDA
:1012700022D1A368DB68DA68A368DB681969D960E2
:10128000A368DB681A614FF40063A569A38604F1C3
:10129000240004F12C06002D3AD10822294609F039
:1012A00077FD00231A680121E2625A6820467260C5
:1012B000FFF74EFF0020D5E7D4F81880E0F7F8FFDD
:1012C0003A6903689A421DD007F110014046E0F7E1
:1012D000B5F90146B0B9A368D3F80C8008F110073E
:1012E0003846E0F725FA0028C3D1E0F7E1FFD8F847
:1012F000102003689A42BCD039460020E0F79EF9DE
:101300000028B6D1A368DB681B7B7F2B93D1A7E7AE
:10131000296841B10B6963624B6943602B68002BFC
:10132000BFD01033BEE7082209F032FDF6E76FF0B8
:101330003C0097E76FF0150094E7816809B9FFF763
:1013400007BF4968FAE738B505460C46A1B398B31C
:101350008B68A3B3DA6892B31B8A83B3036813B9AB
:101360006FF0720038BD0C33D3E8AF3FDB07F7D521
:1013700091F83730084643F0010381F8373001F027
:1013800092FCA5612B68EBB11B7C84F8243084F8B7
:101390002C30A36853B994F83C00E1F715FE2146C0
:1013A000C0B2E1F705FE18B90020DBE75B68F1E7A2
:1013B000204601F0E8FBF7E76FF01500D2E76FF089
:1013C0003C00CFE71B78FFDE002203680BB918460C
:1013D00070478B4210D10B6842B94268036091425A
:1013E00000D14360002301200B6070471360436805
:1013F000994208BF4260F5E71A461B68E6E710B15C
:10140000006800B14068704710B1006800B1006822
:10141000704710B430B1846B24B1234642685DF844
:10142000044B18475DF8044B704710B50346FFF7AF
:10143000E6FF28B1C2681AB1BDE81040184610474F
:10144000002010BD38B1006828B10C30D0E8AF0FD3
:10145000084100F00100704708B509F0BFFA0A2200
:101460000023CFF7C5FD08BD60B1036853B1012269
:101470000C3302FA01F1D3E8EF0F0843C3E8E20F9F
:10148000002AF8D1704768B103685BB1012202FA03
:1014900001F1C9430C33D3E8EF0F0840C3E8E20F72
:1014A000002AF8D17047F8F743B84FF0FF324FF0F9
:1014B000FF336030FFF7F7BFF8F7B2B870B50C46EE
:1014C00005461646FFF7F1FF012C0DD1AC686CB94B
:1014D00005F16000FFF7F0FF204670BD62683368D9
:1014E0009A4218BF0024F3E70024F1E7A37EC3F378
:1014F00040029B07F2D41446EAE7F8B50E461746B9
:10150000054628B3FFF7D1FFAB682BB900241AE0DA
:10151000002F18BF002416E09A7EC2F34004920701
:1015200011D5711C03D093F91920B242EED11A885B
:10153000012AEBD11C1D2046DFF7D6FE0028E7D09C
:10154000002F08BF002405F16000FFF7B5FF254616
:101550002846F8BD70B504460D46FFF7A6FFA36800
:1015600033B9002604F16000FFF7A6FF304670BDD6
:101570009A7EC2F340069207F3D51A88012AF0D169
:10158000DA695B6863EA02032A689342E9D1E9E712
:1015900010B588B1006878B101230C3003FA01F16D
:1015A000D0E8EF3F43EA0102C0E8E42F002CF7D176
:1015B000194214BF0120002010BD30B590B1006861
:1015C00080B1012303FA01F1CA430C30D0E8EF3FA8
:1015D00003EA0204C0E8E54F002DF7D1194214BF19
:1015E0000120002030BD2DE9F04104460D4617468C
:1015F0009846FFF75AFF08212046FFF723FFD0B98E
:10160000062F1BD8D4B12668C6B106F112006DB9F9
:10161000C6F812508580002586F81080777404F192
:101620006000FFF749FF2846BDE8F0813A462946A9
:1016300009F0AEFBEFE74FF0FF35F0E76FF015056F
:10164000EDE738B504460D46FFF72FFF0021204691
:10165000DFF7C0FF002801DBA3682BB904F16000AD
:10166000BDE83840FFF728BF9A7E9207F6D51A8862
:10167000012AF3D12A68DA61F0E770B505460E4613
:10168000FFF713FFAB6883B19A7E0021C2F34004D9
:1016900092070BD51A88012A05D158683268DB6990
:1016A00042401A4202D00C4600E01C4605F16000A0
:1016B000FFF702FF204670BD0122FFF71EBF002288
:1016C000FFF71BBF38B5DFF72BFF044640B1FFF72C
:1016D000ECFEA5685DB904F16000FFF7EDFE2C4655
:1016E000204638BD2B88012B18BF0025F3E7AB7EC1
:1016F000C3F340029B07F5D41546ECE713B501464A
:1017000000200190DFF7B2FF0446E0F7CDFD8442F0
:1017100005D1DFF72BFF0190019802B010BD2046E4
:1017200001A9E0F705F8019B002BF5D1F1E7F8B529
:1017300005460F461646FFF7B8FE00212846DFF79C
:1017400049FF002818DBAB68B3B19A7E0021C2F3D1
:10175000400492070AD51A88012A0FD158683A68BE
:101760004240D869024209D13268DA6105F160006D
:10177000FFF7A2FE2046F8BD0024F7E70C46F5E788
:1017800008B5DFF7CDFE10B1FFF75BFF012008BD04
:1017900010B51446DFF7C4FE18B12246FFF7C7FFA5
:1017A000012010BD38B504460D46FFF77EFE00212E
:1017B0002046DFF70FFF002803DBA3680BB12A6880
:1017C000DA6304F16000BDE83840FFF775BE08B584
:1017D000DFF7A6FE10B1FFF7E5FF012008BD70B5E9
:1017E00015461E46DFF79CFE30B133462A46DFF72A
:1017F000C9FF003818BF012070BD38B50C4605463A
:1018000060B159B1FFF751FE237E05F160006FF31F
:1018100041032376BDE83840FFF74EBE38BD38B5EA
:101820000C46054660B159B1FFF73FFE237E05F136
:10183000600043F002032376BDE83840FFF73CBE6A
:1018400038BD38B50546FFF730FE00212846DFF7E2
:10185000C1FE002809DBAC680CB194F8404005F1EA
:101860006000FFF729FE204638BD0024F7E738B5B1
:101870000546FFF71AFE00212846DFF7ABFE0028D9
:1018800009DBAC680CB194F8414005F16000FFF74A
:1018900013FE204638BD0024F7E710B5FFF70EFE13
:1018A00080B100F11403D3E8AF2F5AB1511CD3E833
:1018B000EF4F944204D1C3E8EC1FBCF1000FF6D106
:1018C000F1D110BD0020FCE737B50C460546D8B174
:1018D000A9B1FFF7EAFDAB6863B1224601212846B2
:1018E00001ABE0F7C3F800280CDD019B9A7E6FF393
:1018F00004129A76002405F16000FFF7DDFD204612
:1019000003B030BD0124F6E70446F8E708B5DFF779
:1019100007FE18B1BDE80840FFF7D6BF08BD10B5F7
:101920000346FFF76CFDBDE81040026818461047FB
:1019300010B50C468B684BB994F83C0001F0C0FB25
:101940002146A069BDE81040E0F7F8B85B68F2E70F
:101950002DE9F0410C46D1F81480092105461646C0
:101960001F46FFF76FFD70B96FF07206B8F1000FF8
:1019700003D031464046FFF74CFD94F82D30002B44
:101980003AD1022025E004212846FFF75BFD00281C
:10199000EAD101212846FFF755FD68B994F82530B2
:1019A00053B9A3690BB95B78FFDE186898B1427C24
:1019B00000F11201062A10D994F83730C3F302134C
:1019C000012B11D0284632463B462146FFF7B0FF97
:1019D0000020BDE8F0814378E6E784F8252004F193
:1019E000260009F0D5F9E7E7204601F0C9FE0228F4
:1019F00009D16FF00406B9E73246284604F12C01FC
:101A0000E0F776F8BDE70028E3D1DBE70A460121DD
:101A1000DFF776BC0A460221DFF772BC002307B568
:101A200001A90193DFF784FE28B1019803B05DF8A6
:101A300004EBE0F7D7B803B05DF804FB10B504463B
:101A400078B1FFF732FD09212046FFF7A1FD10B95B
:101A50002046DFF75DFF04F16000BDE81040FFF7AE
:101A60002BBD10BD10B5044678B1FFF71EFD09214E
:101A70002046FFF7A2FD10B12046DFF749FF04F131
:101A80006000BDE81040FFF717BD10BDF8B50E4669
:101A9000174688B181B1002A0EDD00F150052846B5
:101AA000CFF7EEFA8742044609DD421C294630464C
:101AB00009F06EF92046F8BD6FF01504FAE76FF0F3
:101AC0002104F7E710B50C0901F00F0103B944B187
:101AD000092C85BFA2F10A03E4183034E4B200F8FF
:101AE000014B0023092985BF0A3A89183031C9B250
:101AF000017000F8013F10BD10292DE9F0479A460A
:101B000080460B460C46164628BF1023002586B09B
:101B1000AB4243DC1D46BAF1000F45D02A463A21BC
:101B2000404609F027F98146A0B3A0EB08039D4287
:101B3000A8BF1D4641464FF0000801AF2A4638466F
:101B400009F026F905F118036B4403F8148C012001
:101B50003946321DE0F7D0FA40451BDB01233380C4
:101B6000BAF1000F2FD0013C641B224609EB0301A0
:101B7000384609F00DF904F118030DEB03040A22AD
:101B80006946384604F8148CF9F706FE009BBB4200
:101B90000CD158B9002006B0BDE8F08718F8052030
:101BA000002AB8D00135B3E7D146C3E79DF8042039
:101BB000002AEFD01B78002BECD1B0F5803F83B228
:101BC000E8D25BBA73800120E5E72DE9F04111F01E
:101BD00001064BD1334640BA80B28C0708D5012AA2
:101BE00006D931F8024B023A2418204643F100038B
:101BF0000D4694464FF0000EBCF10F0F05F1100595
:101C000040D86FF00F05140905FB042217464FEA70
:101C1000041C01EB0414032F4AD86FF00305940849
:101C200005FB04242A406244012C01EB020506D97D
:101C30008A5A023C1218104643F100030235012C67
:101C400007D12A78E90748BF12021218104643F15B
:101C50000003020C42EA0342190C52EA134380B219
:101C60002ED10EB940BA80B2BDE8F0810023002A1F
:101C7000BED011F8014B013A24022418204643F14A
:101C80000003AAE755E90447E41955F8087C4EEB30
:101C90000E08E41955F8047C48F10008E41948F1ED
:101CA000000724182046ACF1100C43EB0703A3E710
:101CB00054F8045B043F2D18284643F10003AAE7BB
:101CC000801841F10003C4E72DE9F04790F8373060
:101CD0000546C3F30213012B7DD14B1E012B50D9B6
:101CE00000228368002B48D14FF0080995F8363060
:101CF00095F83A000344CC1A1444A4B22846D5E916
:101D0000038700F0D0FF95F8373095F8361003F0D0
:101D1000010643F0010385F83730A1EB090128469D
:101D200001F010F84A4629692046FFF74EFF95F862
:101D30003A1004464944284601F004F8EA6862B1C2
:101D40002B6953B1B2F81090D2689B1AA9EB030922
:101D5000D5F80CA0BAF1000F16D1002C38D064BA17
:101D6000A4B2E04395F83730C5E9038766F3000372
:101D700085F8373080B2BDE8F087188A5B68024486
:101D8000B0E70024A146B9E720464A462969FFF793
:101D90001CFFDAF804300446EB60002BDDD01A8A11
:101DA000002ADAD0DA6819F0010F2A610DD0117813
:101DB00001320C44A4B22A61A142B3F8109084BF4E
:101DC0000134A4B209F1FF39C2E7B3F81090BFE7BC
:101DD0004FF6FF74C5E70020CDE708B590F8361040
:101DE00090F83A2083680A440020D968FFF7EDFE96
:101DF00020B140BA80B2C04380B208BD4FF6FF7038
:101E0000F9E770B4A8B1A1B1037893B15B2B10D0FE
:101E1000044600230E1814F8015B25B13A2D08BFC3
:101E20000133B442F7D1012B18BF002370BCFFF778
:101E300063BE002070BC7047F7F7F2BB2DE9F04796
:101E40008CB00C46DDE9148700218146164607A8B0
:101E500014221D4608F0C3FF01230DF1140A089354
:101E6000102209AB0021684644F00064CDE905AAC0
:101E7000CDE9093308F0B3FFCDF804A00494B9F11B
:101E8000000F01D0CDF82C906846E0F701FB0198D7
:101E9000DDE91623F7F780FC041E0BDA14F10B0FB3
:101EA000684608BF6FF07304E0F716FB20460CB0DD
:101EB000BDE8F0870EB1049B33600DB10B9B2B6026
:101EC000B8F1000FF2D0029BC8F80030002FEDD01F
:101ED000039B3B60EAE710B4019CCDE90134134653
:101EE0005DF8044B0A4601460020FFF7A7BF10B477
:101EF000019CCDE9013400235DF8044BFFF79EBF40
:101F0000006800F0F000A0F1E0035842584170472B
:101F100038B1006828B10C30D0E8AF0F084100F0AC
:101F200001007047F7F704BBF7F77ABBDFF7F8BAA1
:101F3000F0B506460F46052587B002210DF11600C3
:101F4000D7F7BCF8BDF81640013D4FF0000144F44E
:101F500000440ED0CDE9011164BA0097A4B2234623
:101F6000304696F88C20E0F797FB1130E5D02046FC
:101F700000E0284607B0F0BD90F88A0070470120C5
:101F8000704700F10803D3E8EF0F0130C3E8E20F18
:101F9000002AF8D1704738B5044600F10803D3E8A9
:101FA000EF0F421EC3E8E12F0029F8D1012801D02C
:101FB000013838BD04F10C0528464FF0FF324FF0D0
:101FC000FF33FFF7AFFF206B18B1E1F7D5F900231E
:101FD0002363B4F88E30284623F00703A4F88E302C
:101FE000FFF7A2FF0020E4E7F0B5056B04460E46BC
:101FF00087B0002D73D10B88012B73D1072A05956B
:1020000070D9B0F88E301B0504D590F99000FFF719
:102010008DFF0590371D3846FFF772FFB0B1B4F859
:102020008E30C3F38113022B05D194F88B0010B1CD
:10203000DFF776FA0590384605A9DFF737FC002868
:1020400042D16FF00104204607B0F0BD7268059BD5
:102050009ABB23B904F12C00FFF750FB0590E0F781
:1020600023F90546059B002B36D004F10C074FF0F1
:10207000FF334FF0FF323846FFF754FF0598DFF784
:10208000B1FD012384F89000238465627388EBB16D
:1020900094F88A202046029294F889200599CDE987
:1020A000006294F88C20E0F7F7FA90B973886384A3
:1020B00000243846FFF738FFC5E703B905AD2946C8
:1020C0003846DFF735FBBAE7051DCBE7638C738035
:1020D000EEE76FF06F04ECE76FF07C04B3E76FF0AE
:1020E0007E04B0E76FF01504ADE713B5B0F88E309D
:1020F0000446C3F3C203012B12D1426A72B9694686
:102100000192ADF80030FFF713FF0822ADF802008E
:1021100069462046FFF768FF02B010BD0020FBE7CC
:102120006FF01500F8E738B5B0F88E300446DB07DD
:1021300017D500F10C054FF0FF324FF0FF33284662
:10214000FFF7F0FE204601F019FE0028284603DBC9
:10215000FFF7EAFE002038BDFFF7E6FE6FF05E00F5
:10216000F9E76FF00800F6E770B50C4605461E4625
:10217000114602B9416A0B681BB10846FFF7C0FE61
:1021800030B13146A069DFF771FA03680146CBB17F
:1021900095F8883094F83B009B0863F3050084F8B9
:1021A0003B0095F88830324663F3871084F83B0093
:1021B00095F8883020465B0984F83C30BDE87040D3
:1021C00001F0B6B96FF0150070BD2DE9F74F1C4650
:1021D000B0F88E300546D80788461746DDE90C2A48
:1021E000DDF840B09DF8441040F1258139B132B995
:1021F0005CB9B8F1000F0BD16FF0780495E0002CBA
:10220000FAD0C3F3C201012964D06FF015048CE049
:10221000C3F3C202012AF8D1D8F800402CB1C1465C
:10222000D8F80420072A03D8EFE7C14605F12804AF
:102230006268002AE0D0C3F38113022B4DD0EB6A11
:10224000002B58D0B9F1000F05D027B93B46D9F87B
:102250000C1099425BD195F99000FFF767FE034699
:1022600000285CD1B5F88C3095F99000062BC5F8A4
:1022700038A0C5F804B063D1FFF758FEB5F88C302C
:10228000112B40F09D800026231D00223146284658
:10229000B4F802A0FFF768FF041E19DB2846FFF719
:1022A00024FF044688B952463046698C02F030F863
:1022B000044650B9BA46B9F1000F40F09C803A4646
:1022C0004146304600F0B0FE0446002C80F2978074
:1022D0005EB371E04FF00009A4E7201DFFF710FE88
:1022E0000028ACD095F88B000028A8D0DFF718F9AB
:1022F0000028A7D1A3E7B5F88E301B05A2D4201D76
:10230000FFF7FCF9DFF76EFC85F890009AE7D9F843
:10231000082002EBC30252680133174499E70021F9
:10232000FFF7F6FD28B96FF07204204603B0BDE850
:10233000F08F08211846FFF7EBFD002892D1F2E755
:10234000FFF7F4FD42F210720023CDE90023394675
:10235000012295F88C30E0F707FE0646D8B14561BA
:1023600095F88C1000F04BFCB84217D3B5F88C30C0
:10237000112B89D0062B1DD14B463A4641462846A3
:1023800001F0A3FE041EA3DB5A4651462846274609
:1023900001F0FCFC40E06FF06804C6E7B5F88E3051
:1023A000C3F38113022B43D0B5F88C30112B0CD022
:1023B000062B37D06FF07A04304600F0E4FBB4E728
:1023C000062B31D06FF07A04AFE707465CE7D9F807
:1023D0000830304603EBC402526853F834105245BB
:1023E00028BF5246904600F01FFE00281EDBBAEBC5
:1023F000080A04D00134D9F80C309C42E7D33046A7
:1024000000F051FC304695F88C1001F0A2F8DDE99F
:102410000E233046FEF7F4FE00280446FFF658AFC0
:102420003C4682E70746A7E70026A5E704464FE7B4
:102430006FF00B04C0E76FF0080476E72DE9F04772
:10244000044600F10C0888B015461F464FF0FF32D5
:102450004FF0FF3340460E46DDF84890FFF762FD2F
:10246000B4F88E30C3F34101012973D0DA0774D573
:102470003288C3F3C2039A4275D1032970D0012A6E
:1024800071D1072D6FD9B4F88C30062B0ED00122F4
:102490007368E362B6F802A02285A4F82AA0B4F813
:1024A0008E2023BB22F4807292B222E004F12C0A27
:1024B0005046FFF725FD40B16FF07C054046FFF721
:1024C00033FD284608B0BDE8F08794F99000FFF787
:1024D0002DFD0546DFF7ECFEE26A03689A42EBD079
:1024E00051462846DFF7AAF80028D0D0E4E742F4A6
:1024F00080722046A4F88E20FFF7F7FD05460028DD
:10250000DCD10123618C626A2384ADF81830ADF808
:102510001A1012B11368079306AAB4F88E30C3F3E9
:102520008113022B06D1002FC8D04A460021204635
:10253000B847C3E7012B19D19DED107B00918DEDBC
:10254000027B534631462046CDE90479E2F7B0FEDE
:102550000546B3E76FF07705B0E76FF00805ADE724
:102560006FF05E05AAE76FF01505A7E76FF0850528
:10257000A4E770B5B0F88E300446DB070D4626D5CB
:1025800000F10C064FF0FF324FF0FF333046FFF7FB
:10259000C9FCB4F88E30C3F34102032A03D0C3F35D
:1025A0008113012B0ED1B4F88C30062B0DD12046AF
:1025B0002946049AE1F726FB04463046FFF7B4FCAF
:1025C000204670BD6FF01504F7E70024F5E76FF0C3
:1025D0000804F5E72DE9F043054600F10C069046A6
:1025E00099464FF0FF324FF0FF33304687B00F4629
:1025F000FFF798FCB5F88E40E20521D56B8DFBB155
:1026000000230593109BC4F3C2040493DDE90E2359
:10261000CDE90223631E5C425C41E4000094424623
:1026200039462846CDF8049005F12803FFF7CDFD83
:1026300004463046FFF778FC204607B0BDE8F0833B
:102640006FF07804F5E7F0B500F10C0787B00446A9
:102650001E4638464FF0FF324FF0FF330D46FFF76E
:1026600061FC012305930E9B29460493DDE90C23AD
:10267000CDE90223002320461A4600930196FFF776
:10268000A4FD04463846FFF74FFC204607B0F0BDD6
:102690002DE9F04100F10C0886B0044616461F46AD
:1026A00040464FF0FF324FF0FF330D46FFF73AFC44
:1026B00001230593109B29460493DDE90E23CDE900
:1026C00002230D9B324601930C9B204600933B4610
:1026D000FFF77BFD04464046FFF726FC204606B088
:1026E000BDE8F08170B504460D4600F10C064FF0D0
:1026F000FF324FF0FF333046FFF714FC29462046E7
:1027000001F0C9FC04463046FFF70EFC204670BDC0
:1027100030B413460D46F0B1E9B1E2B1B0F88E2005
:10272000C2F38112012A03D130BC002201F07DBA2C
:10273000022A13D1018C012913D11A682980418CF6
:10274000082A698028BF0822416A00200968696058
:102750001A6030BC70476FF01500FAE76FF06C003C
:10276000F7E76FF06900F4E7816149B10B682BB1BD
:102770001B7C80F8243080F82C3070471B78FFDEFB
:10278000704790F8373091F83720C3F3021363F3A2
:10279000061281F8372043694B6190F8363081F892
:1027A000363090F83B2091F83B3062F3050381F816
:1027B0003B3090F83B3091F83B209B0963F3871244
:1027C00081F83B2090F83C3081F83C3090F838207C
:1027D00091F8383062F3000381F8383090F83730E0
:1027E00091F83720C3F3400363F3410281F83720A7
:1027F00090F83730D2B2C3F3800363F3820281F8DA
:10280000372090F83730D2B2C3F3C00363F3C3026A
:1028100081F8372090F8383091F83820C3F3C0039E
:1028200063F3C30281F8382090F83830D2B2C3F392
:10283000800363F3820281F83820838E8B8683685D
:102840004BB18B683BB1436A4B62836A8B62C36A4C
:10285000CB62036B0B6390F83730C3F30213012B89
:1028600001BF90F8393081F8393090F83A3081F86A
:102870003A30704738B504460D46C3685868E06082
:1028800030B14DB10C30FCF77DFEE3680028F5D087
:10289000E3681BB9236138BD008AF6E7DB68F9E716
:1028A00038B50446C0680D4688B171B10C30FCF7EC
:1028B00069FED4E90323D2689B1A834207D12946D3
:1028C0002046BDE83840FFF7D5BF008AF1E738BDA4
:1028D000F8B5044694F837301646DA070F46C06854
:1028E00015D4A6B10C30FCF74DFE0546D4E9030320
:1028F000C2689B1A3B44AB4211D194F83730DB07D6
:1029000008D431462046BDE8F840FFF7B3BF0026A3
:10291000058AEBE70C30FCF735FEA842F1D92369B4
:102920003B442361F8BD01280CBF14200020062978
:1029300001D11C307047112901D10830704701299D
:1029400001D03A2900D1043070472DE9F74F002417
:10295000A24606461746DDE90C2368460D4608F0F8
:102960003FF8DDE90089DDE90C233046FCF767FD1F
:10297000A346044628B9BAF1000F32D14FF0000A3D
:1029800029E0BAF1000F16D1BBF1000F27D0CBF828
:102990000400638A9D4238BF6582638A4246684666
:1029A000ED1A4B4608F040F8DDE90023CDE90C2391
:1029B000002DD8D10FE05045CBF80400E9D1638A4F
:1029C000002FE6D03D44AB42E8D942464B4668462C
:1029D000658208F029F8504603B0BDE8F08F8246C2
:1029E000EDE75046D5F708FDC8E70346002003B9D8
:1029F00070471A8A5B681044F9E72DE9F8430446EA
:102A00000F46164699469DF82080E368002B00F09B
:102A100083800EB9304684E094F83730204613F0B6
:102A2000010F0CBF41460021FFF73AFFE068002884
:102A300075D0B8F1000F1ED094F83730DD071AD4E6
:102A40000C30FCF79FFDD4E90323D2689B1AC51A0A
:102A5000002D64D0B54228BF3546B9F1000F2ED005
:102A60007FB9B8F1000F43D1424629462046FFF70F
:102A70002FFF002731E02369C268058A9B1AED1AEF
:102A8000E6E72A462069B8F1000F0DD0394608F074
:102A90007FF994F83730D90730D5012229462046EE
:102AA000FFF716FF4FB9E4E70146384608F070F922
:102AB000424629462046FFF70BFF2F440DE077B131
:102AC0002A463968206908F08AF9B8F1000F09D15F
:102AD000424629462046FFF7FBFE761B95E7B8F1F4
:102AE000000FC1D094F83730DB0707D50122F0E79B
:102AF00094F83730DA0701D50122B6E7E0682946B5
:102B00000C30FCF7FDFC424629462046FFF7E0FE6C
:102B1000B9F1000FC6D1E0E7002E3FF47BAF6FF0B4
:102B20006800BDE8F8832DE9F04106460F461546DA
:102B30001C4607F071FC08B100252C46802F06D8F2
:102B40002A4623463046BDE8F041FCF778BC002019
:102B5000BDE8F08110B580B100F12003D3E8AF2FBC
:102B60005AB1511CD3E8EF4F944204D1C3E8EC1F93
:102B7000BCF1000FF6D1F1D110BD0020FCE708B187
:102B8000D5F73ABC704710B50446D8B100F1200221
:102B9000D2E8AF3FB3B1591ED2E8EF0F984204D14B
:102BA000C2E8EC1FBCF1000FF6D1F1D1012B09DC1A
:102BB000A06808B1FFF7E3FF21466068BDE8104058
:102BC00007F0B1B810BD38B5044608460D46FCF70D
:102BD0003AFCA3684360A56038BD70B5044630B1C7
:102BE0000026856825B9A068FFF7FFFE301A70BD82
:102BF00005F10C00FCF7C6FC6D680644F2E738B539
:102C0000044670B190F83720836812F0700FC2F359
:102C1000021507D11846FFF7E8FE2046FFF7DDFF53
:102C2000401B38BD2846FFF77EFE05461846FFF7D5
:102C3000DCFEA8422CBF00252D1AEEE7F8B50446AD
:102C400080680027054600B9F8BD038A46683BB98D
:102C5000A368834207D1A6604760D5F7CDFB28461D
:102C600005463046EFE76B68834208BF6E60F3E7C6
:102C700010B584682046FFF7B8FE884210D3411A89
:102C80004CB1238A60688B4207D3218218B1FFF7C9
:102C900076FF00236360002010BD0446C91AEFE7E9
:102CA0006FF01500F8E78368C36003B1DB68036168
:102CB000704710B582680C4622B98160BDE81040AB
:102CC000FFF7F1BF1046FCF7BEFB2146BDE8104000
:102CD000FCF7BFBB2DE9F04F044685B0DDE9106776
:102CE00002A815469A4632463B468B4607F078FEC8
:102CF000DDE90289204632463B46E0F71BF80446F0
:102D0000D8B15946FFF730FD90F8373042466AF3A4
:102D1000061380F8373002A84B4607F085FEDDE940
:102D2000026729462046CDE900679DF83820E0F784
:102D3000DDF818B12046FFF726FF0024204605B035
:102D4000BDE8F08F012307B5009300230A4619461A
:102D5000FFF753FE03B05DF804FB1FB50123039199
:102D6000009303A90023FFF748FE05B05DF804FBBC
:102D7000002307B500930123FFF73FFE03B05DF882
:102D800004FB042213B50C460DEB0201FFF7F0FF24
:102D9000019B1BBA236002B010BDF8B506460F4672
:102DA0001446F368002B46D0FB68002B43D00CB9C7
:102DB000204625E001213046FFF772FD384600210C
:102DC000FFF76EFDF068C8B1FA68BAB1158A3B69C1
:102DD000D2680C309B1AED1AFCF7D4FB0346D6E9F7
:102DE0000320D268AC42A0EB0202A3EB020301D2A3
:102DF0009C4206D39D4228BF1D461DB96FF0680056
:102E0000F8BD25462A46396907F0C2FF96F83730E3
:102E1000DB0704D4F06829460C30FCF771FB012273
:102E200029463046FFF754FD002229463846FFF771
:102E30004FFD641BB5E7002CBAD0DFE770B1C36863
:102E40005BB1006950B1D9681A8A401A101A5B68E0
:102E500003B970471A8A1044F9E718467047836827
:102E60002BB9002914BF6FF01500002070471A8A93
:102E70008A422ABF1982891A00215B68F0E770B57F
:102E800004460D4645B92046FFF70DFF002D14BF3F
:102E90006FF06800002070BD00212046FFF700FDA4
:102EA000E1680029EFD02269C8680B8A121A9A1AC1
:102EB000E9D095422E4628BF16469B1B921B0B82DB
:102EC00005D02069811907F070FFAD1BDAE7A06813
:102ED00020B14368A3604260D5F78EFA2046FFF721
:102EE000E2FEF2E710B5C26803467AB1006938B174
:102EF000996800238A4204D1D268801A034498B2A8
:102F000010BD0C8A496823449BB2F3E71046F7E7EB
:102F10002DE9F04385B004460D4691469846FFF7EB
:102F2000E1FF0746A068FFF760FD002394F83760D3
:102F3000A1690246CDE9029828460093FFF7CAFE30
:102F400006F001060546F0B1D4E9039894F837304D
:102F5000204643F0010384F83730FFF7A4FEA06851
:102F6000FFF743FD214602462846FFF716FF78B1DA
:102F70002846FFF708FE94F83730C4E9039866F353
:102F8000000384F837300025284605B0BDE8F083FB
:102F900095F83730204643F00103294685F837304D
:102FA000FFF7EFFB2846FFF77EFE17B13946FFF724
:102FB000C9FE95F8373066F3000385F8373094F88A
:102FC0003730C4E9039866F3000384F83730DBE751
:102FD0004168FFF79DBF10B5044690F8371001F027
:102FE000010181F00101FFF75BFCE3688BB120690F
:102FF00048B194F83720D20706D5188AD4E90323BC
:10300000D2689B1AC01A10BD03F10C00FCF7BAFA83
:10301000F4E71846F7E710B50C46FFF7DCFFA042CF
:1030200034BF0020012010BD73B5036904469942E6
:103030000E4615460AD1FFF7CEFF854206D829462F
:10304000204602B0BDE87040FFF77CBE01232A464F
:10305000314620460093FFF7D0FC02B070BDF8B5B2
:1030600004464E680D46FFF7B6FF864203D8236933
:103070002B60286810E094F837302968DB07F8D512
:1030800049B1D4E9037620466A68FFF771FEC4E9C6
:1030900003760028EDD00020F8BDD1E90012FFF73B
:1030A000C3BF704710B504464FF0FF324FF0FF33F7
:1030B0002046F6F705FB0028F6D0FEF73EF9F3E7C9
:1030C000002070477047012307B500916946ADF8AD
:1030D0000430DFF7B9FF03B05DF804FBD9B10B880A
:1030E000012B22D10B6843604B6883604B682BB186
:1030F00090F8233043F0200380F8233090F82330F9
:1031000043F0020362B143F0080352BA80F823305F
:10311000C2800020704790F8233003F0DD03F1E710
:1031200023F0080380F82330F3E76FF015007047B1
:1031300038B50C460546DFF7BBF8226803689A42AB
:1031400005D021462846BDE83840DEF777BA012091
:1031500038BDF7B5042300250F46694604461646D8
:10316000CDE90053FFF77BFF48B1077046708570CB
:10317000C57069462046FFF790FF03B0F0BD6FF0C1
:103180006800FAE72DE9F34116680D46F3682BB99C
:103190006FF00405284602B0BDE8F08100228B687C
:1031A0006BBB95F83A1095F836300B44C3F57F4366
:1031B000FC3313449FB21BB2032BE9DD42F21072C1
:1031C0000023CDE900230123A8691A463944DFF71B
:1031D000CBFE04460028DBD03369A86903F0F00376
:1031E000E02B06F10C080ED14146A869DEF73EFA45
:1031F000036806466BB92046FFF7C5FCC8E7198A85
:103200005B680A44CCE710363146FFF791FF00288F
:10321000EAD195F83B2094F83B30314662F3050340
:1032200084F83B3095F83B3094F83B209B0963F3DE
:10323000871284F83B202046424600F079F9024686
:103240000028D8D101462046FFF783FF0028D2D1BD
:1032500029463A462046FFF7A0FD05460028CAD178
:103260002046FFF720FD0121204600F072F90022E0
:1032700000232046FDF7C4FF00288BDABBE7F7B533
:10328000042300270E4669460446CDE90073FFF784
:10329000E6FE0546C0B18770C7700221A069FEF73F
:1032A000B5FB00B956B101212046FEF70DFD68803F
:1032B00094F8383043F0080384F8383069462046E3
:1032C000FFF7EBFE03B0F0BD6FF06800FAE72DE901
:1032D000F04714230546002486B088469146CDE980
:1032E0000243FFF7E0FC284602A9FFF7B8FE0646B6
:1032F000002865D0437A012B10D10423284604A965
:1033000004940593FFF7ABFE10B14378072B05D863
:103310006FF01506304606B0BDE8F08706F1100ADA
:103320005146A869FFF704FF002849D1737A112B91
:1033300049D0062B14BF0027282742F21072002321
:10334000CDE900230123A8691A46391DDFF70CFED9
:103350000446D0B3514606F10C0200F0E9F860BB18
:1033600041464A462046FFF7F4FE014628BB0422A8
:103370002046FFF7F2FC00BB3A4629462046FFF7FD
:103380000CFD0646C8B92046FFF78DFC01212046FA
:1033900000F0DFF895F8252005F12601062A05D86A
:1033A00084F82D2004F12E0007F0F2FC0022002307
:1033B0002046FDF725FF0028ACDA2046FFF7E3FBA7
:1033C0006FF00406A6E71C27B7E76FF00B06A1E72E
:1033D000F7B5042300220E4669460446CDE90023D2
:1033E000FFF73DFE074610B9022003B0F0BD0221F1
:1033F000A069FEF70FFBA8B9A06906F11001FFF75D
:1034000097FE05460028EFD101992046FFF79AFC68
:103410003A4631462046FFF756FE2046FFF7B3FBFB
:103420002846E2E701212046FEF74EFC0028E3D0C3
:10343000DAE7006800F0F000A0F1E00358425841DC
:10344000704738B50C460546DEF732FF2268036840
:103450009A4205D021462846BDE83840DEF7EEB84E
:10346000012038BD10B500210446DEF761F920B90E
:103470002146BDE81040FFF7E4BF012010BD2DE953
:10348000F74F99464FF0000814230F46694605464A
:103490001646CDE90083BDF830B0BDF838A0FFF77F
:1034A000DEFD0446002840D0452303704FEA1B236D
:1034B00003719DF8343080F801905B0143EA1A23D0
:1034C00080F8028080F8038080F805B0837180F86E
:1034D00007A095F83930037243B93046FFF7A9FFCA
:1034E0006B69D0B1A3B193F8923023720023637259
:1034F000A372E372336823613B68E3601423694677
:10350000284685F83630FFF7C8FD03B0BDE8F08FD8
:10351000A869FEF7ACF92072E8E713B193F891308F
:10352000E3E7A869FEF78DF9F5E76FF06800ECE7CF
:1035300030B5002490F83B5085B005F03F039B0068
:10354000CDE90144009443EA9513FFF798FF05B0D5
:1035500030BDF7B514230025CDE9005390F837307E
:103560000E4643F00103694680F837300446FFF702
:1035700076FD074678B32B46A268D2B95BBA7B804A
:103580007E720121A069FEF741FA18B12046FEF7CC
:1035900024FC788169462046FFF77FFD4FF40063E5
:1035A000112EA38609D100212046E2F757F803B077
:1035B000F0BD118A52680B44DFE7062E04D10021CA
:1035C0002046E0F763FBF2E7012E07D100212046F9
:1035D000FFF755FEEBE76FF06800E8E70020E6E74D
:1035E000142300222DE9F04190B00F460DEB0301AA
:1035F000079108210446904608910BA9CDE90323C1
:10360000CDE9091383689BBB204603A9FFF727FD7B
:10361000054658B3067806F00F06B600132E25D9D6
:10362000142384F83630427894F83B30920862F3E1
:10363000050384F83B304278143E62F3871384F824
:103640003B30037AF6B28BB184F83A60418849BACC
:1036500089B241450ADC02DA2046FFF700FC5FB17F
:1036600005F10C010846FFF7E4FE90B1022060E08E
:103670001A8A5B689044C6E72B7C7F2BF6D02B7BA5
:103680007F2BF3D005F10C00FFF7ECFE0028E7D00C
:10369000ECE7A069FFF7D5FE0028E7D1EB68A06949
:1036A000002B49D00121A069FEF7B4F900284DD1C3
:1036B00001222B7A05F1100784F8393094F837305D
:1036C000384662F3061384F83730FFF7CBFE88B92B
:1036D0003846FFF7AEFE6B7A60B9112BC6D1DEF724
:1036E000E7FD2A6903689A4204D0204600F064FF8F
:1036F0000028BBD06B7A062B05D13946A069FFF7AD
:10370000A0FE0028B2D120460499FFF71BFB2EB182
:1037100031462046FFF716FB0028A7D16B7A062B0F
:103720001AD0112B27D0012BA0D129462046FFF714
:103730004FFE10B0BDE8F08105F11001FFF781FEEA
:103740000028AFD16B7A022BACD08FE72046FEF772
:1037500044FB0028ACD089E7204609A9E0F7CEFA5F
:103760000190002882D020466A7A01AB02A9029516
:10377000DFF75CFEDDE7204607A9E1F7B7FFEFE7DB
:103780000020704770470346006828B159680268F6
:1037900088421A6008BF5A607047D0F82832B0F8E3
:1037A0004C22934206D2B0F85022934234BF0020FC
:1037B000012070470120704710B5D0F83022D0F8B2
:1037C00028128A4211D8B0F84C329A4210DAB0F876
:1037D0005042A2420CDA981AA41AA042A8BF20466E
:1037E000891A8842A8BF084610BD6FF02100FBE788
:1037F0000020F9E74B68D0F840121BBA5A1A002A89
:10380000A1BFB0F848225218981AC00FB8BF0020C4
:10381000704713B5044601210DF10700D5F74EFCA2
:10382000C8229DF8073003F5007353435B0AA4F8E0
:103830004E3202B010BDF5F7AFBF70B590F837301B
:10384000C3F30213012B1BD18368DD682B7C7F2B14
:1038500001D1012070BD05F1100600213046DDF7D1
:1038600067FF04460028F4D1DEF722FD2A690368C9
:103870009A42EED031462046BDE87040DDF7DEBE0C
:103880000020E7E7F5F754BE10B5044610463AB1FC
:103890004968D4F8402209BA521A801A03B101309B
:1038A00010BD0346002003B970471A8A5B681044B4
:1038B000F9E738B504468068FFF7F3FF88420D4604
:1038C00011D32046FFF7EFF994F83730294643F03B
:1038D000010384F837302046FFF7D1FA2046FFF77E
:1038E000ADF9002038BD6FF01500FBE72DE9F74F6B
:1038F000044690F8367090F83A301F4407F1140AE5
:103900002046FFF7D0F994F83730394643F00103E9
:10391000204684F83730FFF715FA08BB14212046FB
:10392000FFF779FB002856D1A068FFF7BAFFD4F85B
:103930000C805045D8F8046012D34FF47A720023FB
:1039400014212046DFF7E4F9054648B100F10C09DF
:103950004846FBF717FE132806D82846D4F74CFD37
:10396000002003B0BDE8F08F4846D5F80CB0FBF757
:1039700009FE1423009301463B46A2685846FBF714
:1039800090FD14214846FBF7BBFDD4E90313C96839
:10399000B8F810205B1AD31AD21AC3F11409A8F888
:1039A0001020B9F1000F03D16E60C8F80450A7E7EA
:1039B000318A06F10C00494528BF4946A9EB0109A7
:1039C000FBF7D0FD338AD6F804B013B93046D4F7EC
:1039D00013FD5E46E5E72069C3E710B50446FFF72F
:1039E00085FF0146A068FFF75CFF94F83A2094F841
:1039F000363013440A7BC31A1209A3EB820020EA73
:103A0000E07010BDF8B591F837300446C3F30213E7
:103A1000012B0846174617D18B68DD68FFF766FF54
:103A20000646A0B118220021204607F0D8F9012F40
:103A30000BBF338873880C35103563802B68636047
:103A4000012300202380F8BD6FF01500FBE76FF025
:103A50006800F8E710B586B004466846FFF7D2FF65
:103A600000280DDB23886946012B14BF1822082289
:103A7000204607F02BFAB0FA80F0400906B010BDDE
:103A80000020FBE72DE9F843856807468846144681
:103A900025B95ABB1646BD689DB932E02846FBF7EA
:103AA000D2FC00F10C0605463046FBF763FD84426C
:103AB00004D93046FBF75EFD211A18D10026002DEF
:103AC000E9D0F4B105F10C094846FBF753FD8442F7
:103AD0001AD34846FBF74EFD074641463A4648464C
:103AE000FBF714FDB8446D68E41BD5E711464FF4AD
:103AF0007A7200233846DFF755F9061EDFDA6FF0D9
:103B000068063046BDE8F8832746E6E7F5F788BD46
:103B100038B50446A0F1A0054FF0FF3228464FF01B
:103B2000FF33FFF7AFFE54F8BC3C9868D4F764FC51
:103B3000002254F8BC3C28469A60BDE83840FFF7A4
:103B4000E5BFD0E8EF3F0133C0E8E23F002AF8D1FB
:103B5000704773B500F1280604464FF0FF324FF06E
:103B6000FF3330460D46FFF78DFE0B23304684F8B9
:103B70003832FFF7CBFF94F8593213F002031BD011
:103B8000636A2BB1606829464268984700236362E4
:103B900094F859326FF3410384F8593204F13C0030
:103BA000F5F720FE04F15400F5F7BCFD204602B005
:103BB000BDE87040DFF748BF6068466B002EF1D06B
:103BC00062691946CDE900521A46B047EAE770B576
:103BD000A0F170044FF0FF324FF0FF33A0F19806D0
:103BE0002046FFF74FFE3046DFF7F6FD054620463C
:103BF000FFF78CFF35B13046BDE870406FF07301C0
:103C0000FFF7A7BF70BD6FF07301A0F5E470FFF779
:103C1000A0BF6FF07301A0F59470FFF79ABF6FF02B
:103C20007301A0F5E470FFF794BF034670B5154625
:103C30001A8C0846012A1E6C0BD1B9B196F83812BD
:103C400003290DD90824224606F5FC7107F0A0F8D7
:103C50000DE079B196F83832032B14D91824F2E725
:103C6000596A096841605B8C0280438008241DB951
:103C7000002070BD1824FAE72246284606F5047194
:103C800007F086F8F4E76FF01500F2E72DE9F0434E
:103C90004FF014088BB005AB07460393CDF81080A6
:103CA000FFF724FE0646002856D090F80D9019F034
:103CB000040951D14FF47A70002197F83720CDE9EB
:103CC000000106234146B869C2F30212DFF74CF93E
:103CD0000546002840D097F83730C3F30213012B74
:103CE00048D1BB68D96801F10C021031FFF720FC04
:103CF00000283FDB284603A9FFF7B1F90446C8B303
:103D00004246494607F06BF8738823803388638006
:103D10000522237B62F307132373737BDB061ED517
:103D200004236373B3686360284603A9FFF7B5F9FA
:103D300000281FDB2846FEF7B6FF95F83730C3F39F
:103D40000213012B16D106212846FFF702FC00289A
:103D500010DB2846DFF7B4FC0BB0BDE8F0837668D3
:103D60003846FFF73AFE36BA84F80D80064436BA74
:103D7000A660D9E72846FEF706FFEDE7B0F88E30DB
:103D800043F00603A0F88E300020704708B50B46BC
:103D900009B100219847002008BD036C416303B1BD
:103DA0005A610020704708B54268B2F88E30C3F3FC
:103DB000C203012B0DD192F99000DDF7B1FB28B1C0
:103DC000006800B1008B283880B208BD4FF4107035
:103DD000F9E70020F9E70022D0F83C32DFF7BABF5C
:103DE00038B5A0F5B0744FF0FF33A0F5C4754FF0AF
:103DF000FF322046FFF746FD28461021FFF7EBFF74
:103E00002046BDE83840FFF781BE2DE9F341044666
:103E1000FFF7D2FC94F88C300546D807204654BFF3
:103E20004FF40676B4F88860FFF7BDFFB04218DDA6
:103E300094F88C30D90770D5B4F888309D426FDB88
:103E4000B4F888502046FFF7AEFFA84215DD94F87D
:103E50008C30DB0716D5B4F88850ADB96FF03C054F
:103E600063E02046FFF79FFF854259DB94F88C30D2
:103E7000DA07E5D44FF40675E4E72046FFF793FF31
:103E80000546EAE74FF406754FF47A70002163683F
:103E9000B3F88E20CDE90001062329462069C2F33C
:103EA000C202DFF761F80646F0B1A768D4F83082A5
:103EB000FEF7F9FE3846FEF7F6FEB8F1000F09D01E
:103EC00097F83730414643F00103384687F83730DA
:103ED000FEF738FF2A4639463046FEF75EFF0028D7
:103EE00005DA3046FEF74FFE6FF068051DE0D4F8A6
:103EF0003C22D4F830321821134420463246DFF7F2
:103F000029FF074620B9D4F830322B44C4F83032A8
:103F10003046FEF738FE3D4607E0B5F5067FA9DAE4
:103F20002046FFF749FC051E97DA284602B0BDE897
:103F3000F08138B5044690F88C30D807204654BF3D
:103F40004FF40675B4F88850FFF72DFFA84226DD20
:103F500094F88C30D90727D5B4F88830B4F84622C5
:103F6000B3EB520F4FEA520012DA94F88C3020462D
:103F7000DA0754BF4FF40675B4F88850FFF713FF03
:103F8000A84214DD94F88C30DB0714D5B4F888000F
:103F9000B4F848328342CCBF0020012038BD20460F
:103FA000FFF701FF0346D9E74FF40673D6E7204633
:103FB000FFF7F9FEECE74FF40670E9E770B5B0F8EB
:103FC000483204465B181CD4B0F846529D42A8BF44
:103FD0001D462046FFF7ADFF0646A4F8485220468E
:103FE000FFF7A7FF7EB170B994F83832042B41D1A6
:103FF00004F5C47006F0ECF910212046FFF7EBFE43
:1040000038E00025E5E794F88C30D807204654BF07
:104010004FF40675B4F88850FFF7C5FEA8422BDDB3
:1040200094F88C30D9072BD5B4F88800B4F8462220
:10403000B0EB520F4FEA520312DD94F88C30204659
:10404000DA0754BF4FF40675B4F88850FFF7ABFE9B
:10405000A84218DD94F88C30DB0719D5B4F8883005
:10406000B4F84812B4F84622914203D1B4F844227D
:104070009A42B9DD002070BD2046FFF794FED5E7D7
:104080004FF40670D2E72046FFF78DFE0346E7E7C0
:104090004FF40673E4E770B5046C05460E468CB128
:1040A00028344FF0FF324FF0FF332046FFF7EAFB92
:1040B000286C3146FFF782FF05462046FFF726FDB4
:1040C000284670BD6FF06A05FAE72DE9F84F056CD8
:1040D0000C4616469846002D7DD095F83832042BB4
:1040E00079D105F1280738464FF0FF324FF0FF3302
:1040F000FFF7C8FB2846FFF750FB002868D1B5F84A
:104100004C32D5F828229B1AB8F1000F35D08146E1
:10411000D8F80C10814240D14FF0000A994528BFD1
:1041200099465646D8F80C30534510D9D8F808307F
:10413000A86803EBCA02526853F83A104A4528BFF0
:104140004A469346FFF79EFC041E2EDAFEB1D5F8D0
:1041500028323344C5F8283295F83932012B2BD058
:104160002846E0F7FFF8041E26DA14F1690F23D081
:1041700021462846FFF7EDFC09E09E4228BF1E4677
:1041800021463246A868FFF77DFC041EDFDA384678
:10419000FFF7BCFC2046BDE8F88FD8F8082002EBFA
:1041A000C002526801309144B4E7B9EB0B095E4498
:1041B000CDD00AF1010AB5E72846FFF7EEFA28B19B
:1041C0000022002305F15400FFF735FB3446DEE7FB
:1041D0006FF00A04DBE76FF07F04DBE738B50446D5
:1041E00090F88C30D807204654BF4FF40675B4F8C9
:1041F0008850FFF7D8FDA84223DD94F88C30D9070A
:1042000023D5B4F8880094F88C30A4F85002DA076B
:10421000204654BF4FF40675B4F88850FFF7C3FD2D
:10422000A84215DD94F88C30DB0715D5B4F888006A
:1042300000EB400080B20023A4F85202A4F85432EC
:1042400038BD2046FFF7AFFDDDE74FF40670DAE733
:104250002046FFF7A8FDEBE74FF4C960EBE72DE937
:10426000F0410C46056C164605F128081F464FF034
:10427000FF324FF0FF334046FFF704FB012C0AD01A
:10428000023C032C12D86FF06C044046FFF73EFC52
:104290002046BDE8F081042F0AD13268012A07D8F0
:1042A00095F8593262F3C30385F859320024ECE7DC
:1042B0006FF01504E9E72DE9F0410C46D0F8408095
:1042C000164608F128071D464FF0FF324FF0FF3326
:1042D0003846FFF7D7FA012C0AD0023C032C0FD83E
:1042E0006FF06C043846FFF711FC2046BDE8F08102
:1042F00098F85932C3F3C00333600DB104232B6027
:104300000024EFE7006C54307047006C3C3070477D
:104310007FB508230E460DEB030104461546CDF884
:1043200008D00393FEF79BFE60B100230680458012
:10433000037143718371C37102A92046FEF7ADFE7C
:1043400004B070BD6FF06800FAE710B586B00C9C41
:1043500005940B9C04940A9C0394099C0294BDF858
:104360002040CDE9003413460A4601461120DEF70D
:10437000F1FE06B010BD08B506F030FB0A2200239E
:10438000CCF736FE08BD73B5042690F831300546EB
:104390009E40331F3D2B28BF402601210DF1070011
:1043A000D4F78CFE03239DF807402846B4FBF3F3B3
:1043B00003EB4303E41AE4B295F83130013C344492
:1043C0000133214685F83130E1F702FA204602B088
:1043D00070BD006828B10C30D0E8AF0F084100F084
:1043E0000100704710B5044606F016F8421E63EB54
:1043F00003032046BDE81040FCF702BF73B5154625
:104400008DF8071001220DF1070104461E46FEF744
:104410000BFE10B1002002B070BD012220460DF14C
:1044200007018DF80750FEF7FFFD0028F2D12A465C
:1044300031462046FEF7F8FDB0FA80F04009EAE781
:1044400030B5436A85B0013343620446DDF730FF7F
:10445000002300901A4601212046CDE90133E1F7FF
:1044600091FA054630B1FFF7BDFF00280CDA284667
:10447000FEF789FB0923606AB0FBF3F303EBC30388
:10448000C01A013005B030BD04F1100005B0BDE820
:104490003040FFF778BF2DE9F04F054685B0DDF7D6
:1044A00007FF6B6A814601336B6295F84030072B3A
:1044B00077D8DFE803F07B7B7B0425687B7B6B6B25
:1044C00005F110006B64FFF75EFF4FF00008044633
:1044D00001232846CDE90133424643460321CDF866
:1044E0000090E1F74FFA054630B1FFF77BFF002857
:1044F00002DA2846FEF747FB204605B0BDE8F08FFC
:10450000FFF739FFD5E906AB0F460646286B05F1E4
:10451000380805F134094FF47A73584310EB0A0058
:104520004BF10001864277EB010336DA40F2E733C4
:10453000801B61EB0701C01841F100014FF47A7252
:104540000023CCF705FD3B28044602D9772826D95D
:10455000440895F84130B6EB0A0603F1010385F8EB
:1045600041304FF47A7304FB03F367EB0B01F0184F
:104570004FF47A724FF0000341F10001CCF7E8FCF0
:1045800000232862A5E7FFF7F6FED5E906AB06464D
:104590000F46A86A05F13808BDE70024D9E73C2496
:1045A000D7E700234FF0FF34984692E74FF0FF34EF
:1045B000A2E70121E1F7A2B97FB50823039383693C
:1045C0000446CDF808D0C3B193F84030023B032B2A
:1045D00013D8D0E9036590F83610FEF7B3FB2046F8
:1045E00002A9FEF73CFD20B14088A0F5884358425F
:1045F0005841C4E9036504B070BD0020FBE72DE914
:10460000F04107460E4690461C4663B31846CCF769
:1046100037FD80B238B3B8F1010F03D86FF00B004B
:10462000BDE8F081631E00240125A44613F8012F84
:10463000A9B2A2B12E2A03BF06F80C408C46002472
:1046400001341CBF7255A4B2884203D2013100204C
:104650003980E5E70135AAB24245E7D3DEE706F83F
:104660000C407255F0E76FF01500D9E7F0B5C4893A
:104670000668018A2644091B0024A14223DD355D1A
:10468000E5B90134A5B2491B89B209291BD93119F1
:104690004F88B7F5807F16D14F683FBA1760325BFD
:1046A000098952BAD2B2052AC7891A7014D01C2AB5
:1046B00001D0012A07D16FF014030FE0BF2D05D9F7
:1046C0000234A142DEDA6FF01500F0BD3E2DFAD8BB
:1046D000013554FA85F4D0E76FF01203436007F117
:1046E0000A031D444BBA058143810020EDE7038A8C
:1046F00002680B2B1FD913885BBA9BB299421DD15C
:104700009378D8091AD05B1013F0380F16D1D378EC
:1047100013F0700FC3F3021010D113F00F0301D088
:1047200018467047D388928802B939B9002B08BF60
:104730006FF0150070476FF00B0070476FF01500B9
:1047400070472DE9F843BDF820600F4606F11009C7
:1047500091450446194628DCBDF824305BBA038035
:104760004FF00108002580F80280C570057180F8BF
:1047700005808571C571057245728572C5723246B4
:104780000C3006F005FB9DF8282006F10C039BB2C7
:104790001202E2520E36B6B2A555344484F80180B6
:1047A0002846A7F80090BDE8F8836FF00B00FAE701
:1047B0000C23F0B583810023048A0268A4F10C0164
:1047C00089B202F10B05994202DC6FF00B001BE08D
:1047D00015F8017F5E1C27B13346F4E76FF0150032
:1047E00012E003F111018C42EFDD0D33D418D35ADE
:1047F0005BBA9BB2012B01D01C2BEFD16388B3F5C0
:10480000807FEBD1C1810020F0BD2DE9F047B3F8E6
:104810001080D3F800A0002307460E469146BDF84D
:1048200020400B80444529D21AF804500AEB0401B9
:104830003F2D08D90134444520DA4C7805F03F0576
:1048400004EB0524EEE73088A8EB0403A9EB000293
:104850009342A8BF13469D4210DA6A1C384406F002
:1048600097FA3388013401332B4415FA84F43380EA
:10487000A4B2002DD6D12846BDE8F0876FF00B001A
:10488000FAE7006800F0F000A0F1E0035842584158
:1048900070477047936C23B1536B13B1926B40B266
:1048A00018477047034610B5D3F8C440002044B100
:1048B000B3F8DE408C4204D12AB1B3F8E030934221
:1048C00001D06FF0010010BDF4F732BE10B5044600
:1048D00005F07EFD08B9606310BD0023A364FBE70B
:1048E000F4F79EBEF8B5044600F170074FF0FF33B1
:1048F000164638464FF0FF320D46FFF7E5FF94F8B5
:10490000E830012B13D0324629462046FFF7CAFF74
:10491000002812DB582303FB004490346FF064003E
:1049200022460021FFF7B6FF2046FFF7CFFF002405
:104930003846FFF7D5FF2046F8BD6FF00104F7E7D2
:1049400010B50446006B002200237030FFF7BCFF57
:1049500030B12046BDE8104064220023F5F772B95B
:10496000B4F85020B4F84E10206BFFF7BBFF206B5B
:10497000BDE810407030FFF7B3BF70472DE9F0433A
:104980001646582202FB01020D46B2F8DE1092F8DC
:10499000DC2087B08768B0F80090CDE90112DDF81F
:1049A0003C80ADF81630B8F810300446009330461D
:1049B000D8F80C30BDF838200DF11601FFF7C1FE14
:1049C00000284CDB6FF00A0C06F10C0206F10B011B
:1049D000ACEB060CB8F810300CEB0100834235DC70
:1049E00002334FF6FF714AF20100F8F78EF95823AF
:1049F00003FB0543A3F8E000A36E9F4205D0002B04
:104A000030DA0123A766A4F86C3058235D4363199C
:104A10009035B9F1010F04EB0500D3E9342314BF3D
:104A20004FF018084FF00808F5F70CF900280ADBDA
:104A3000BDF81620002331463846CDE90048D8F7A6
:104A40004FFB00EAE07007B0BDE8F0834B78A3F1BC
:104A50004100192898BF203301F8013FBAE76FF0F1
:104A60001500F0E76FF00100EDE72DE9F047DDF804
:104A700024900D4616461F460446BDF82080A0B17E
:104A8000F022002106F0ABF904F1700005F05FFAA6
:104A9000022384F8E83032463B4629462046CDE9D9
:104AA0000889BDE8F047E1F7FFBD6FF00100BDE800
:104AB000F0870022FFF716BF1FB501240394089C5E
:104AC0000294079C0194069C0094E2F70FF904B04D
:104AD00010BD10B5036944681A6918685979904780
:104AE00094F90C00BDE81040E5F7C8B808B5426875
:104AF0000069917A137A51B143F080031268137000
:104B000001221430114605F034FB002008BD03F0EB
:104B10007F03F3E7F8B50E46476805693B68F86818
:104B20001C78D2F7B1FFF36804F0FC04B3F5800FF2
:104B300016D1B368B3F1007F1FD144F00304AA88F3
:104B4000B3889A4222D13B681C702C4635460FCD63
:104B50000FC42B682360F868D2F788FF0020F8BDE7
:104B6000B3F1A07F09D1B368B3F1806F08D0B3F17E
:104B7000C06F08D0B3F1007FE1D06FF08500EEE7A1
:104B800044F00104DBE744F00204D8E700220023EC
:104B900005F11400F4F700FE0028D4D06FF00F00E8
:104BA000DDE710B5046923798B4202D06379934223
:104BB00009D14368D868D2F767FF04F11400BDE853
:104BC0001040F4F7AFBD10BD10B5807A0C46D3F796
:104BD00067FB836A2146BDE81040586805F06DB850
:104BE000F7B50D46807A17461E46D3F759FB2C6859
:104BF000836A033424F00302586804212A60CDE953
:104C0000007605F00FF800B9286003B0F0BD38B5A4
:104C10000446807AD3F744FB6169054649B1637A5B
:104C2000DB0704D4836A20461B689B6898470023EF
:104C3000636121462846BDE8384005F065BA7FB576
:104C40000BAB059303930A9B0122029300231846A2
:104C5000CDE90033CFF7C8FA07B05DF804FB30B5F3
:104C600009060546847F18D414F040001AD0A98B99
:104C7000C3F30A00C1F30A01884222D802F00300FC
:104C800002280DD003280ED0012815D114F00802F7
:104C900017D013F4C05F05D00BE014F02000E5E757
:104CA000C4F3800030BD14F00200FBD013F4C05FE9
:104CB00005D0C4F30010F5E704F00100F2E701208D
:104CC000F0E70020EEE7A030D0E8AF0F00F00100E1
:104CD0007047A030D0E8AF0FC0F34000704701F03C
:104CE0000F030269090648BF103352F823007047CA
:104CF00008B5FFF7F4FF90F82000C0F3001008BDDE
:104D000010B51446FFF7EBFF90F8203064F304135E
:104D100080F8203010BD08B502691046FFF7D3FFB8
:104D200068B991F8240000F00F03000648BF103363
:104D300042F82310084605F09AF9002008BD6FF0EC
:104D40000C00FBE710B5FFF7CAFF28B1BDE8104023
:104D500000220023F4F7B4BC10BD70B5FFF7BFFF0D
:104D6000054610B90024204670BD00220023F4F748
:104D7000A7FC04460028F5D006462B68002BF2D08D
:104D8000002200232846F4F79BFC70600028EAD03C
:104D90000646F2E708B5FFF7A2FF18B1BDE80840E4
:104DA00005F0DFB908BD05F0A4B9437E23F0070381
:104DB00043F0010343767047407EC0F3C000704764
:104DC000437E6FF3C303437670471FB504698DF8C4
:104DD0000410CDE90220D4F8983001A9984704B016
:104DE00010BD1FB50346046906208DF80400204657
:104DF000CDE90213FFF767FF40B1C1F81E20184646
:104E0000D4F8982001A9904704B010BD4FF0FF30AE
:104E1000FAE72DE9F8430446894615461F46866899
:104E2000FFF75DFF8046002834D02046F36B98479B
:104E30002A46494640463B88FFF711FF20B383B915
:104E4000236905F00305D3F88030DB0753BF402307
:104E50004FF480634FF400711946022D07D0032DE3
:104E60000CD02046336C98470020BDE8F883B8F892
:104E70001C208A4228BF0A463A80F2E7B8F81C2074
:104E80009A4228BF1A46F7E72046336C98476FF0DE
:104E90008500EAE76FF01200E7E72DE9F3411F46CE
:104EA0004B0604460D461646D0F808801BD0D8F8AD
:104EB0003C3098472069FFF70CFF88B19DF82030FF
:104EC0002946009332463B462046E2F7C5F80546A0
:104ED0002046D8F840309847284602B0BDE8F08117
:104EE0004FF0FF35F4E76FF01505F5E770B54B06A9
:104EF00004460D46866812D0F36B98472069FFF789
:104F0000E2FE48B129462046E2F704F9054620466C
:104F1000336C9847284670BD4FF0FF35F7E76FF0C8
:104F20001505F7E770B5054686680C46F36B98479C
:104F30002869FFF7CEFEC0B121462846FFF7CFFE15
:104F40000146A8B190F82030DB0711D590F8253044
:104F500003F00303012B0ED02846F368984704465C
:104F60002846336C9847204670BD4FF0FF34F7E772
:104F70006FF01204F4E76FF08504F1E7F8B5064628
:104F800087680C46FB6B98473069FFF7A2FE00B3B9
:104F900021463046FFF7A3FE0546E8B190F82030E1
:104FA000DB0719D590F8253003F00303012B16D049
:104FB00001463B6930469847044628B995F82030A9
:104FC00060F3410385F8203030463B6C984720461B
:104FD000F8BD4FF0FF34F7E76FF01204F4E76FF01D
:104FE0008504F1E770B5054686680C46F36B984773
:104FF0002869FFF76EFEC0B1217EB1B12846FFF7E8
:105000006EFE0146A0B190F82030DB0710D5637E1C
:1050100022466FF300036376284673689847044678
:105020002846336C9847204670BD4FF0FF34F7E7B1
:105030006FF01204F4E770B5054686680C46F36B12
:1050400098472869FFF73FFE80B121462846FFF7C1
:1050500046FE014668B104681CB12846B36898470B
:1050600004462846336C9847204670BD4FF0FF3405
:10507000F7E76FF01204F4E7E2F784B870B50D4675
:1050800004468668F36B98472846D3F7B5F920465F
:10509000336C9847002070BD70B505468668F36B89
:1050A00098472869FFF715FE044620B133683BB1E5
:1050B0002846984704462846336C9847204670BDDA
:1050C0000124F8E7F8B5044687680669FB6B984742
:1050D0002069FFF7F8FDC0B12069FFF7FAFDB8B904
:1050E000C6F8A400FB6A20469847054640B9A0369A
:1050F000D6E8EF3F43F00203C6E8E23F002AF7D1CB
:1051000020463B6C98472846F8BD4FF0FF35F7E73F
:105110006FF07705F4E7F8B5044687680669FB6B1E
:1051200098472069FFF7D5FD90B13B6B2046984723
:10513000054606F1A003D3E8EF1F21F00201C3E802
:10514000E21F002AF7D120463B6C98472846F8BD5D
:105150006FF07705F7E72DE9F041054614460F4655
:10516000D0F80880066911B30AB3D8F83C309847E4
:105170002869FFF7A8FDB8B9C6E926742846D8F80B
:1051800034309847044640B9A036D6E8EF3F43F0A4
:105190000103C6E8E23F002AF7D12846D8F840309C
:1051A00098472046BDE8F0816FF07704F5E76FF08F
:1051B0001504F6E7F8B5044687680669FB6B98475F
:1051C0002069FFF786FDB0B92069FFF77CFDA8B123
:1051D000BB6B20469847054606F1A003D3E8EF1FB6
:1051E00021F00101C3E8E21F002AF7D120463B6C01
:1051F00098472846F8BD6FF00F05F7E76FF0770581
:10520000F4E7F8B505464B7E076943F002034B7699
:10521000D7F8A8000E46FAF727F900228021284681
:10522000E1F7B0FF044678B101463046FAF71CF9C1
:105230000022637E43F0040363762846D7F8A81063
:10524000BDE8F840FFF7CDBD6FF00B02F5E7F8B50C
:1052500006690546D6F8A430022B1BD1D6F8A870F3
:105260008021FB68DA88E1F78DFF044678B10146BA
:105270003846FAF7F9F80022637E43F002036376BA
:105280002846D6F8A810BDE8F840FFF7AABD6FF091
:105290000B02F5E76FF08500F8BDF8B5066900224E
:1052A00080210546D6F8A870E1F76CFF044680B16E
:1052B0001FB101463846FAF7D7F80022637E43F063
:1052C000040363762846D6F8A810BDE8F840FFF737
:1052D00088BD6FF00B02F5E74A7E42F004024A7681
:1052E0000022FFF77EBD0369D3F8A400431E584295
:1052F000584170470369D3F8A400831E58425841AF
:1053000070470369D3F8A400031F584258417047FF
:105310000369D3F8A400431F5842584170470369FA
:10532000D3F8A400C31E584258417047002070476C
:10533000036993F8800000F0010001307047E6F740
:1053400079BB08B50369D3F8AC00F830E6F7D0F8BC
:10535000002814BF6FF00400002008BD08B50369E1
:10536000D3F8AC00F830E6F7A9F8002814BF6FF0C6
:105370000400002008BD08B50369D3F8AC00F8307C
:10538000E6F7A4F9002814BF6FF00400002008BD60
:1053900008B5036991F82410D3F8AC004B0601D18D
:1053A000002008BDF830E6F74DF90028F8D06FF07E
:1053B0000400F6E707B50369D3F8AC0091F8243090
:1053C0005A0603D1002003B05DF804FB40F20752F7
:1053D0008DF8023091F82530F8308DF80330CB8C01
:1053E000ADF80020ADF8043091F8283069468DF80A
:1053F0000630E6F78DF80028E4D06FF00400E2E70D
:1054000010B503690C46D3F8AC0091F82410F830BD
:10541000E6F7CEFA30B994F8203060F3410384F80F
:10542000203010BD6FF00400FBE710B503690C4697
:10543000D3F8AC0091F82410F830E6F795FA30B9BB
:1054400094F8203043F0020384F8203010BD6FF050
:105450000400FBE7F8B5036905460E46D3F8AC40F7
:10546000EFF31187102383F31288BFF36F8F91F846
:105470002410FFF772FC014620B16FF0700228463D
:10548000FFF7AFFC04F1F80096F82410E6F706FAEF
:10549000044658B9024696F824102846FFF730FC17
:1054A00087F31188BFF36F8F2046F8BD6FF00400BB
:1054B000FBE7F8B504460E460021FFF710FC236910
:1054C0000546324620460021D3F8AC70FFF7D4FDE4
:1054D000044688B10146284604F00BFE638AE26860
:1054E00095F8241007F1F800E6F700F9002814BF3A
:1054F0006FF004000020F8BD6FF00B00FBE738B53B
:1055000004460D46FFF704FFA0B129462046FFF7E9
:10551000E3FE20462946E1F765FE2046FFF7F1FE4F
:1055200070B120460021FFF7C4FF2846BDE838408F
:10553000D2F762BF2046FFF7F2FE0028E5D1E8E788
:1055400038BD7FB50BAB059303930A9B01220293F1
:1055500000231846CDE90033CEF746FE07B05DF8CC
:1055600004FB006984304FF0FF324FF0FF33F3F754
:10557000DFBF00698430F4F753B80020704738B5B6
:105580001446456849B142B12878E4F7F7FA6B68E8
:10559000B0FBF3F02060002038BD6FF01500FBE792
:1055A00008B5E4F765FA002008BD08B54368186837
:1055B00004F0C4FA00280CBF6FF01200002008BDF0
:1055C00010B40029036909DC1C68944201D11C79DC
:1055D0004CB91A605DF8044BCBF77EBF6FF0150035
:1055E0005DF8044B70476FF07700F9E708B5E6F710
:1055F00027FD002008BD7FB514460D46B9B10CB992
:10560000204609E0102C6846264628BF1026E6F7FB
:1056100037FD18B16FF03C0004B070BD284632462B
:105620006946A41B05F0B4FB3544A4B2E7E76FF06C
:105630001500F1E730207047E8F7C6BD7FB50BAB2A
:10564000059303930A9B0122029300231846CDE998
:105650000033CEF7C9FD07B05DF804FBF8B54B7811
:105660000D461469002B43D040F20123A4F81837EB
:1056700016690021D6F804375F6B5A7D386812012D
:1056800005F0ADFBD6F8043700211A7D78681201C9
:1056900005F0A5FB06F5E06001F09FFAD4F80437A9
:1056A00004F5E066196900223046E8F7CDFC2B7856
:1056B000013B032B16D8DFE803F00217151901236D
:1056C0003046C4F81C37002101F09FFA40F2012354
:1056D000A4F81837012384F81B372068BDE8F84088
:1056E000FBF738BB0423EBE70223E9E70323E7E7F3
:1056F0004FF4807284F81B37A4F818272068BDE89F
:10570000F840FBF73ABB7FB50BAB059303930A9BBD
:10571000029300231846CDE90033CEF765FD07B0AC
:105720005DF804FB30B4054680680C46134638B17A
:105730002978E2B28468E46834B1A44630BC60479A
:105740006FF0850030BC70476FF05700FAE7406893
:1057500092B2FFF7E7BF30B4054680680C461346A7
:1057600038B12978E2B28468A46834B1A44630BC68
:1057700060476FF0850030BC70476FF05700FAE764
:1057800073B5044605690E46406804210DF1020216
:10579000FFF7E1FF002803DA6FF0040002B070BDEC
:1057A0000021606801AAFFF7D6FF0028F4DB95F816
:1057B0005C3060683BB9B007BDF802300BD423F011
:1057C00040039BB209E009210DF10602FFF7C3FF78
:1057D0000028F0DAE0E743F04003F1075ABF23F076
:1057E00020039BB243F0200332075ABF23F4807397
:1057F0009BB243F48073700756BF23F0800343F0DD
:1058000080039BB2ADF8023095F85C30BBB9BDF8AF
:105810000430042143F48053BDF802206068ADF8E1
:105820000430FFF77FFF0028B6DB0021BDF804201D
:105830006068FFF777FF0028AEDB0020AEE7BDF819
:105840000620B1065ABF22F4007292B242F40072EE
:10585000F30656BF22F4807242F4807292B209219C
:105860006068ADF80620FFF75DFF0028CFDA93E708
:105870004068FFF770BF70B506690C4606F1440535
:105880004FF0FF324FF0FF332846F3F785FFB6F8AD
:10589000403023802846F3F745FF002070BD13B544
:1058A000046963683BB101A9FFF7E5FFD4E9013260
:1058B000206801A9984702B010BD08B50369C3E983
:1058C0000112FFF7ECFF002008BD2DE9F3411C4653
:1058D0000023904682682360A3600D4653696946A1
:1058E00001AA9847019B5A1E019223B96FF0150037
:1058F00002B0BDE8F0810098A2684768216867603F
:1059000085B9A8EB02030668B34228BF334603FB00
:1059100007111A442160A26002689A4206D8083032
:105920000090DFE76B1AB3FBF7F3ECE70020DFE74B
:1059300013460022FFF7C9BF13460A460021FFF7AE
:10594000C4BF07B5836869465B6901AA9847002010
:10595000019B5A1E019213B903B05DF804FB009B32
:1059600053F8082B10440093F2E700290ADBC368C0
:105970008B4207D95B1A934204D3891834BF0120A4
:10598000002070470020704703690020DB68C1E9F0
:105990000030704740687047F8B5076915463846CB
:1059A0001A460E461C46FFF7E0FF38B124B1B9682D
:1059B0002846314405F0ECF90020F8BD6FF01500E1
:1059C000FBE738B5436805691B689847284605F129
:1059D0005C01E4F717FC044638B9012205F14400E4
:1059E000114604F0C6FB204638BD6FF00400FBE70B
:1059F000436800209B68DB889BB20B60704743685C
:105A0000986803889BB25A400A4053409BB2038077
:105A100000207047436800209B681A88114389B2B0
:105A200019807047436800209A6813889BB223EA64
:105A3000010313807047436800209B681A88514017
:105A400089B21980704710B503695868F8B1884267
:105A500019D19C680868A142586000D19860002064
:105A600008602AB15A680A609A68596002B9996058
:105A7000002010E0814206D10868206098688142C9
:105A8000EDD19C60EBE7044600680028F2D1002AC3
:105A9000E8D16FF0150010BDF0B5002204460C26C9
:105AA0000569AA4201D10020F0BDE36806FB02307F
:105AB0000023D0F808C0634501D10132F1E74768FF
:105AC000FF5C8F42F0D00133F5E770B502690B46F9
:105AD0005168064619B101250C689D4001B970BD99
:105AE0008A682A4002D030464B6898471CB1236828
:105AF00021461C46F2E72346FAE76FF0570070474D
:105B00006FF0570070476FF0570070476FF0570005
:105B1000704703690020D3F89C300B60704703681E
:105B200002791B6983F8942003F17C00F3F7FABD36
:105B30007FB50BAB059303930A9B012202930023CD
:105B40001846CDE90033CEF74FFB07B05DF804FBF4
:105B500073B5056914461E4685F830104FF0FF33C3
:105B60004FF0FF322846F3F7E3FC214601AA05F186
:105B70002C0000F057FE04462846F3F751FD24B9E7
:105B80002046019B338002B070BD6FF00400FAE73D
:105B900070B5046915461E4684F830104FF0FF3387
:105BA0004FF0FF322046F3F7C3FC2946324604F19A
:105BB0002C0000F003FE05462046F3F731FD002DD2
:105BC00014BF6FF00400002070BD30B5036813608F
:105BD0000579046804EBC504A34202D36FF0010009
:105BE00030BD5C798C4201D00833F0E70020F7E744
:105BF0007FB50BAB059303930A9B0122029300230D
:105C00001846CDE90033CEF7EFFA07B05DF804FB94
:105C1000E3F786B8E3F784B808B558B163302CBF12
:105C20000121002164220023CBF7E2F9BDE80840FE
:105C300004F0CDBC08BD10B50469204604F087F916
:105C40000023636110BDF8B5876806467C689CB187
:105C5000436893F82630DB071DD405694FF0FF3306
:105C60004FF0FF322846F3F763FC6B69002B05DC2D
:105C700000242846F3F7D4FC2046F8BD013B6B61B5
:105C8000002BF5D17B6830469847041EBEBF6B6978
:105C900001336B61EDE70024EEE7F0B4D0E9016376
:105CA0001B693BB177688F4208DB3568954205DC9C
:105CB000F0BC18476FF05700F0BC70476FF015004C
:105CC000FAE7F0B4D0E901631B6A3BB137698F4250
:105CD00008DBF568954205DCF0BC18476FF057000B
:105CE000F0BC70476FF01500FAE770B4D0E90162BC
:105CF000956A03460C46A5B196F8242012B92B46A6
:105D000070BC1847306A024410F8011BA14202D14E
:105D100021461846F3E79042F6D16FF0850070BC3B
:105D200070476FF05700FAE72DE9F3410E46D0E9CE
:105D3000014794F825108046FF2905690FD194F892
:105D40002610C1F38101022914D0D8F80830003997
:105D50001B6B18BF01214BB96FF0570003E0FFF731
:105D6000C4FF0028EBDA02B0BDE8F0814046984756
:105D70000028F8DBA268B2F1004F05D0114640467A
:105D8000FFF78BFF0028EEDB6269B2F1004F05D010
:105D900011464046FFF795FF0028E4DB2368B3F186
:105DA000004F14D0D8F808305B69002BD4D040469F
:105DB00001A998470028D6DB2268019B9A421CDD86
:105DC00011464046FFF769FF002805DACBE76FF080
:105DD000004362689A42E5D19EB994F826309B0749
:105DE00016D040463B6898470028BCDBA069FFF707
:105DF00013FF6B6901336B610AE062689342EBDD6C
:105E0000DEE76B6901336B6194F82630DA0601D462
:105E10000020A8E74046FFF716FFA4E7012303FA96
:105E200001F103691B68194218BF82F0010212B127
:105E30008368DB68184783681B69FBE708B543681C
:105E4000986A38B1012293F82C10FFF7E7FF00EAB7
:105E5000E07008BD6FF08500FBE743681868B0F19B
:105E6000004018BF012070470346084631B95B68FF
:105E70001B68B3F1004F01D0136070476FF015003D
:105E800070474368986A20B1002293F82C10FFF7FE
:105E9000C5BF6FF0850070470269436812795B687F
:105EA0002AB1DA8AD00607D14FF0FF3070471A794D
:105EB0005206F9D55B7900E05B7CDBB200200B7009
:105EC00070470269436812795B6832B1DA8AC2F3BB
:105ED0000422082AFAD8D97370471A79D209FCD05B
:105EE000D970704743685A681379D9B213F0200308
:105EF0001ABF20230120184611F0080F1CBF43F0E1
:105F0000080340F00200C906117948BF43F01003AE
:105F100021EA030348BF40F0040013717047F0B555
:105F2000066945683079D8B9002A18DD6B68187998
:105F3000C0091EBF0A780120DA7010E00C5C013045
:105F4000DC73141A002C6B6805DDDC8A3779C4F326
:105F50000424BC42F2DB1A7902F07B021A71F0BD14
:105F60000020EEE730B54468006963680079F0B955
:105F7000002A07DD1A79C2F38010520642BF0120C1
:105F80005B790B706268137903F0BF0313710DE046
:105F90005B7C0B540130151A002D636802DDDD8A2D
:105FA000ED06F5D11A7902F0BE021A7130BD00205B
:105FB000F1E70269416812794B684AB11A7902F037
:105FC0007B021A714A68937843F084039370704798
:105FD0007B22F6E743685A68937803F07B0393705B
:105FE00070474268036952681879927828B1D209DB
:105FF00006D0D86FC0F3C0107047D209F9D17047EE
:106000000020FCE743685B689B785B0743BF03693C
:10601000D86FC0F3800000207047416802694B6868
:1060200010791A7940B102F0BE021A714A68937869
:1060300043F040039370704760F38612F5E74368BE
:106040005A6893786FF386139370704742680369B8
:1060500052681879927840B151060CD5DB6F13F075
:10606000410F14BF012000207047520604D5D86F9D
:10607000C0F38010704700207047026943681279AE
:106080005B688AB19A781B791106D0B2DBB202D56F
:1060900013F0840F17D110F0400015D013F0790FD2
:1060A00014BF0120002070479A781B79D0B21206E5
:1060B000DBB202D513F0840F05D110F0400003D0FD
:1060C00013F0780FECE701207047426801695368CC
:1060D00001201B79DBB2CB67516883F038030A7962
:1060E00013400B7170470369C3E91D1270470269C1
:1060F0000020536B0B60936B4B6070472DE9F341AD
:10610000436805690021186801AAFFF75EFD041EB7
:1061100022DB019B002219791868E2F79FFD041E1B
:106120001ADB05F13C0605F15C0705F170084346F2
:106130003A46314605F13400E2F796FF044658B975
:106140003146C5F86080AF65281DE3F711FE38B908
:1061500095F94700D1F798FC204602B0BDE8F081E0
:106160006FF00404F8E730B50446086808B9106019
:1061700008E0206845689D4205D3B5FBF3F515603E
:106180002368186830BD083020600868013808604E
:10619000EBE77FB50BAB059303930A9B02930023B8
:1061A0001846CDE90033CEF71FF807B05DF804FBC1
:1061B00003460A4619790123006803FA01F10369CD
:1061C0001B68194218BF82F0010212B18368DB68B4
:1061D000184783681B69FBE710B504460068D0B117
:1061E0008368C3B149B101210830FFF7E1FF23689B
:1061F0001869BDE8104003F092BC12B98388DB0433
:1062000009D4006903F08BFC20680021BDE8104030
:106210000830FFF7CDBF10BD10B5012200210446A4
:10622000FFF7DAFFA36933B9636004F11000BDE83A
:106230001040F3F777BA10BD08B50069FFF7ECFF1F
:10624000002008BD10B583681C690379012B10D0AC
:10625000033B052B14D8002220461146FFF7BCFF54
:106260006FF00403236404F12800BDE81040F3F745
:1062700059BA002220461146FFF7AEFF0023F1E78E
:1062800010BD7047A0F101000028FBD1704710B588
:106290000446E3F701FD2046BDE81040E3F71CBDCE
:1062A00008B5E3F70BFDBDE80840FFF7F0BF70B598
:1062B00014460D4606461046E3F71AFD2046E3F75E
:1062C000DDFC324629462046BDE87040E3F7F6BCC7
:1062D00037B5C36B04460A466D468BB193E803009D
:1062E00085E803001A70226C18465A60A26B90472A
:1062F000E36B1BB195E8030083E8030003B030BDF6
:106300002B46EFE75B0870B503630023B2F1006F23
:106310000446C0E90A1280F8343003D2BDE8704068
:1063200005F08AB8E3F7D6FE034620BB6268127810
:10633000D2B10122064684F8342032460421204698
:1063400005F076F8626803461278A2B918224FF475
:10635000805105F07DF8236B05463BB10028ECD059
:1063600005F072F82B4606E0E668E6E705F06CF803
:106370000346002DF6D1184670BDEFF303801038A8
:1063800040B27047416002720020704737B5836B9E
:1063900004460A466D46A3B193E8030085E803006E
:1063A000E16B1A7119601846626B9047A36B1BB1C1
:1063B00095E8030083E80300002384F82B3003B042
:1063C00030BD2B46ECE7C0E90512017A80F82A308F
:1063D00043680129DAB20FBF0023DB0903F00E0383
:1063E00043F0F00318BF022180F825304FF000037E
:1063F00004BF5200D2B280F8242080F8261080F822
:106400002930E4F76DB910B5044629B100220369BB
:10641000DA710168E4F7DCF994F82620002384F8A7
:106420002820A26984F82C302262B322E36184F828
:106430002A302369DA7110BDC0E90512017A80F8AB
:106440002A3043680129DAB20FBF0023DB0903F0C9
:106450000E0343F0F00318BF032180F825304FF0FE
:10646000010302BF520042F00102D2B280F82420A0
:1064700080F8261080F82930E4F732B9D0E90232EA
:1064800000209A607047D0E9023200205A607047BD
:1064900083684A1E9A6643681B782BB9836849084B
:1064A00001395965836899658368D96AC90707D432
:1064B0005A664FF4AA0283681A64D0E90232DA609D
:1064C000002070474FF00043826813618268536177
:1064D0008268936100238268536282689362704786
:1064E00030B58568AC6E013409B18C4220D8406863
:1064F00013F0010F00786B6B0CBF03F01F03C3F3A5
:106500000443032807D91B0983F0010349B963B188
:106510005CB103230AE003F00C03181F434243411C
:10652000F4E78C42F5D8002BF3D00223536030BD42
:1065300001391160FBE72DE9F3410023154602F014
:1065400003074FF0FF320646CDE900236A462B468B
:106550008846FFF7C5FFB2680199146BA9B915F019
:10656000080F14BF0423022315F0020F00981FBF69
:1065700003F1120C02EB8C025060B2680ABFDB1907
:106580001333123302EB830250606B060CD5B268F2
:10659000012F136C43F48003136412D1019B24F088
:1065A000407444EA036412E0012F16D1022DF5D1A4
:1065B0000029F3D001236A4641463046FFF790FF99
:1065C000ECE724F4403444EA0144002FE6D10020F3
:1065D000B3681C6302B0BDE8F08124F44034022D9E
:1065E00044EA0144E4D0F0E7002801DBFFF758BE9D
:1065F00070470B01022843EA811309D0032803D016
:10660000002914BF09200620184340F48070704709
:106610000920F9E7F0B5C36806460D4687B0F3B127
:106620000469F4B1A44601AFBCE80F000FC7DCF861
:1066300000303B60B3681B682360736923612B469D
:1066400003CB6060A1601868E060F368204698475B
:10665000356925B101AC0FCC0FC523682B6007B09D
:10666000F0BD01ACE6E730B5006823F00104012875
:1066700010460C4404BF03300232A14204D1DB07B0
:1066800044BF0B78037030BD31F8025B1580F4E72E
:1066900000BA704703460020C3E9030098601875EC
:1066A000186070470621D0E902239268002A0FDCA7
:1066B000072182689268002A0DDC072182689268AF
:1066C000002A0BDC062182689268002A09DC7047E8
:1066D0001960013AEAE71960013AECE71960013AFA
:1066E000EEE71960013AF0E70221D0E9022392684F
:1066F000002A0FDC032182689268002A0DDC032146
:1067000082689268002A0BDC022182689268002A63
:1067100009DC70471960013AEAE71960013AECE7D1
:106720001960013AEEE71960013AF0E7022A38B53C
:1067300014BF4FF4A0434FF4C0430E2502798C00E0
:1067400044EAC2141C43230406D4FFF7CDFF013DE5
:106750004FEA4404F7D138BDFFF7A4FFF7E7002163
:10676000D0E902239268002A0FDC01218268926836
:10677000002A0DDC012182689268002A0BDC0021CE
:1067800082689268002A09DC70471960013AEAE7DA
:106790001960013AECE71960013AEEE71960013A35
:1067A000F0E783681A7BFF2A04D15B6923B15B6839
:1067B00013B118470120704718467047F8B50446D2
:1067C0000F4616462025013D2046ADB2FFF76AFF71
:1067D000002DF8D101223946FFF7A8FF1025FFF759
:1067E00061FFFFF781FF3304204613D4FFF77CFFDE
:1067F000013D4FEA4606F6D1D4E902319B68DA172B
:10680000920042EA93729B00012B72F1000004DABD
:106810000020F8BDFFF746FFEAE7013B0D6062F19B
:106820000002F1E7F8B507460C4615462026013E62
:106830003846B6B2FFF736FF002EF8D121460222C5
:10684000FFF774FF1024FFF78AFFFFF788FF304639
:106850000121FB68BA689268002A21DC1A68C2F339
:10686000C00242EA4606BA689268002A1BDCBA688F
:106870009268002A1ADCBA689268002A19DC013C86
:10688000E8D1D7E902329B68D917890041EA9371B0
:106890009B00012B71F100000EDA2E600020F8BD84
:1068A0001860013AD8E71960013ADEE71960013A49
:1068B000DFE71860013AE0E7013B146061F1000195
:1068C000E7E713B5836840F6E152597B40F2E113E4
:1068D000002908BF1A46044604210261FFF76EFF33
:1068E0004FF4905200212046FFF768FF0421204614
:1068F00001AAFFF797FF002002B010BD13B50446B0
:1069000001AA0121FFF78EFF0121204601AAFFF70E
:1069100089FF019B41F2883013F0040F18BF00205B
:1069200002B010BD0123F7B50F464FF4004200211D
:10693000037505460026FFF741FF0021284601AAFE
:10694000FFF770FF019C7B6814F4004406F1010618
:1069500003D0B342F1D814240BE0B342FBD9AB68A7
:106960001A7BFF2A05D15B691BB11B680BB1284656
:106970009847204603B0F0BD2DE9F7430546884609
:106980001446012101AA1F46FFF74CFF012101AA6D
:106990002846FFF747FF019A510704D441F2883097
:1069A00003B0BDE8F0832B695B0542BF236843F069
:1069B000020323602B691E0542BF236843F00103D5
:1069C0002360900651D5052101AA2846FFF72AFF2A
:1069D000019E710544BF02233B60320542BF3B6804
:1069E00043F001033B6016F0200404D00121284647
:1069F000FFF7D7FE0446730606F0800906F4807799
:106A000015D502212846FFF7CCFE80B1B9F1000F61
:106A10001CD127B902240020C8F80040C0E7042197
:106A20002846FFF7BEFE0028F4D00424F3E7B9F1AE
:106A3000000F0DD003212846FFF7B3FE40B197B1F8
:106A400004212846FFF7ADFEC41CE4E70224F1E769
:106A500017B9002CA2D0DEE704212846FFF7A1FEDB
:106A60000028E2D1F5E70324D5E741F2893097E722
:106A7000C0E90932016200207047F0B5446A05465A
:106A80008C4687B0FCB1274601AE0FCF0FC63B68DE
:106A900033609CF8043020462371DCF80830A36092
:106AA000DCF80C30E3606B681B782360AB6A236111
:106AB0002B6A98476D6A25B101AC0FCC0FC52368CE
:106AC0002B6007B0F0BD01ACE3E7F8B5C37E044628
:106AD000012B0E4615462FD103691B689B052ED44A
:106AE0004068E368477847B91F68002F2ADBC06910
:106AF000824227D8986804F04BF96368ADB25B789E
:106B0000012B04BFE3689E60E368DD80E2681368E0
:106B100023F040531360E268136843F0304313607E
:106B2000E368DB68E36063699A68012A01D10020A9
:106B3000F8BD01229A60FAE740F6A170F8E740F646
:106B4000A270F5E740F6A370F2E7F8B5C37E0446FD
:106B5000012B0F46164637D103691B689A0536D4B8
:106B6000A2681368002B35DBD4F804C09CF802300F
:106B70005BB913681B0608D52046E7F7CDF940F648
:106B8000A473002808BF1846F8BD106810F0006014
:106B900005D02046E7F7C0F90028E1D0F4E7958852
:106BA0009CF80530916813FA85F59DB19CF8013089
:106BB00043B92A46384604F0EBF82046E7F7ACF92B
:106BC0003560E1E73960FBE740F6A170DCE740F6AD
:106BD000A270D9E74FF47A60D6E770B543680646ED
:106BE0009A693AB15A785C7D0AB91B7D1C4400252C
:106BF000A54200D170BD73680021D3E9060250F8A8
:106C0000250004F0ECF80135F2E730B5C269D0E9AF
:106C10000434013A032A61D8DFE802F0154F021D5F
:106C20001A686FF341021A601A6842F004021A608F
:106C300000294AD01A6842F400721A601A6842F0B9
:106C400040021A6037E01A686FF341021A601A684E
:106C50006FF38202EBE71A6842F002021A601A68C8
:106C600042F004021A600029E4D142681279012A34
:106C70002BD14FF6FF725A6500225A6622671968B7
:106C800041F400211960196862F310411960196814
:106C900062F3514119604268D1781A6861F30002C9
:106CA0001A601A6842F040021A601A6842F0200224
:106CB0001A6001232361002030BD1A6842F00202ED
:106CC0001A601A686FF38202CCE71A686FF31042F9
:106CD0001A601A686FF351421A60DCE740F6A1703F
:106CE000EAE74FF48C72002104F079B818B14FF440
:106CF0008C71E9F767BE704710B40C46012C114641
:106D00001A4608D81CB95DF8044BE7F7A9BE5DF830
:106D1000044BE7F7EBBC6FF020005DF8044B7047C5
:106D20002DE9FF4701291E46DDE90C348046154652
:106D300058D882B32A0758D1002949D10DF110093A
:106D40001D44EC461A46674603F1100AE6461068F1
:106D500051680832AEE803005245F446F6D12246A7
:106D600019464046E7F77CFEB0B9335822585340E5
:106D7000235004301028F8D132463B4603CB4B4514
:106D8000106051601F4602F10802F6D1AA45534631
:106D900004F11004D5D1002004B0BDE8F087C2583A
:106DA00051F803C082EA0C02E2500433102BF6D1F2
:106DB000224621464046E7F799FC0028ECD1103DD9
:106DC000214604F1100306D01C460023781BE6E799
:106DD00031465F19F9E754F8042B9C4246F8042B1E
:106DE000F9D1D8E76FF02000D6E76FF02100D3E7A4
:106DF0002DE9F04144681F46A36805460E469046BB
:106E000033B110210120E9F7E9FDE06038B1044613
:106E10000020C4E9017826606C60BDE8F0816FF065
:106E20006900FAE770B504680D1B002D02DC6FF0F5
:106E30005F0070BD94F900602378002E0ADB631CAC
:106E40000360237813600368C91A13688B42EED875
:106E50000020EEE703F07F035C1E032C13D89D4255
:106E6000E5DD0024146004680134046004681568DA
:106E70002478013B44EA05241460046804F1010409
:106E80000460F3D1DFE76FF06300D2E770B4046809
:106E90000E1B002E07DD26789E4208D101340460C7
:106EA00070BCFFF7BFBF6FF05F0070BC70476FF042
:106EB0006100FAE773B51D46134601AA0446FFF7C1
:106EC000E5FF18B9019A1AB96FF0630002B070BDFE
:106ED000236893F90030002BF6DB06462368197807
:106EE00039B106B10192042AEED809D10B06EBD4D0
:106EF00006E00133013A4FF001062360EED1019222
:106F000000232B60019B013BE0D3226829681278A3
:106F100042EA01222A60226801322260F3E737B593
:106F20000123154601AA0446FFF7B0FF58B9019B9B
:106F3000012B0AD123681B78003B18BF01232B606B
:106F400023680133236003B030BD6FF06300FAE7BC
:106F500013460222FFF7AEBF73B50223154601AAFE
:106F60000446FFF793FF40B9019E28463246216848
:106F700000F019FD23683344236002B070BD70B582
:106F8000032305460E46FFF781FF98B9136893B1B6
:106F9000013B13602B681B78072B13710ED82B68ED
:106FA00001332B60936012681344B34218BF6FF033
:106FB00065002B6070BD6FF05F00FBE76FF0630052
:106FC000F8E72DE9F04F85B00092984603AA3023E8
:106FD00004460E469DF838A09DF83CB0FFF756FFDA
:106FE000054610BB2368039A13449E421AD06FF0E3
:106FF00065051AE05A1C226093F80090009B09EA8C
:107000000303434522D13146204603AAFFF70AFF76
:10701000D0B909EA0A0159452268039B09D02268C0
:107020001A4422602368B342E4D3284605B0BDE881
:10703000F08F10990029F2D0DDE9107049460193D4
:10704000B847019B0028EAD00546EEE76FF06105DE
:10705000EBE738B503230446FFF718FF18B91368A8
:1070600013B96FF0670038BD013B136023681A78CD
:10707000002AF6D101332360F5E710B500B910BD41
:10708000C468E9F7B1FC2046F8E72DE9F3419046E2
:107090001F4601AA302305460E46FFF7F7FE0446B9
:1070A000F0B92B68F61A002E34DD42461B782846CC
:1070B00042F8043B2E68019B1E4431460623FFF72D
:1070C000E5FE044660B92B68D8F80420C8F80830FB
:1070D0009918B142296007D10C213846E9F772FCB2
:1070E000204602B0BDE8F0819B5C3A4642F8043B82
:1070F0002B683146013328462B60FFF793FE60B9B9
:107100002B687A68BB601344B34218BF6FF0650404
:107110002B60E5E76FF05F04E2E70446E0E710B5B7
:1071200000B910BD8469E9F75FFC2046F8E738B57F
:10713000A0F14003054602465A21DBB24120E7F7A1
:1071400067FEA5F146032A4604467A21DBB2612098
:10715000E7F75EFE6B1D2A4639210443DBB230207F
:10716000E7F756FE2B2105F11403E4B22A46044347
:10717000DBB20846E7F74CFE2F2105F11103E4B21C
:107180002A460443DBB20846E7F742FEE4B2204356
:10719000013840B238BD0139002901DA00207047BA
:1071A00050F82130002BF6D0B3FA83F00131C0EB58
:1071B0004110704739B101F18041013900EB810183
:1071C0008142034600D270471B680A681BBA12BA94
:1071D00040F8042B41F80439F2E72DE9F0411C4650
:1071E00013F0030318BF012303EB94038B420646FD
:1071F0000D46904613D879B18F003A46002103F02E
:10720000EEFD2CB1381B22464146304403F0C0FD50
:1072100029463046FFF7CEFF0020BDE8F0816FF031
:107220000700FAE7B3EB810F70B504464FEA81051A
:10723000104619D95A1B8618002103F0D0FD30469C
:107240002B460021C2188B4210D1002070BD22F0C5
:107250000301615802F00306F600F140C9B281B99A
:107260000132AA42F3D1ECE71A46FAE721F0030013
:10727000205801F00305ED00E84002F8010D01314E
:10728000E1E76FF00700E1E7F8B5054650098842ED
:107290000C4602F01F0601D80AD136B12846A200DA
:1072A0000021BDE8F84003F09ABD1F2A02D8F8BDBE
:1072B0001F2A0FD9820005EB8003291F05EB8407E5
:1072C000BB421AD1201A38BF0022002105EB8000F2
:1072D00003F085FD002EEAD0002205EB8404C6F100
:1072E0002000AC42E3D054F8041C21FA06F3134307
:1072F00044F8043D01FA00F2F3E753F804CB41F8F7
:1073000004CFDDE71F2AF8B503460D464FEA5214B5
:1073100002F01F0613D96FF003000A4600FB043089
:10732000944202F1FF3113D3621BAC4288BF0022AA
:107330002A4418460021920003F051FD034636B15D
:10734000002103EB8403C6F12007AC4206D3F8BD4D
:1073500050F8212043F821200A46E1E7186801345B
:1073600000FA06F20A4343F8042B20FA07F1ECE78F
:10737000F0B50024844620469C4200D1F0BD51F86F
:10738000245052F824702E182CBF01250025BF1957
:107390004CF8247045F100000134EDE7F0B500240D
:1073A000064620469C4200D1F0BD51F824C052F858
:1073B0002470ACEB0005AF4294BF4FF0000E4FF0CD
:1073C000010EED1B46F8245084452CBF70460EF18B
:1073D00001000134E6E78B4228BF0B462DE9F04758
:1073E0009646DE080446C91A03F0070875460346A8
:1073F000B4460020089A0CF1FF3CBCF1FF3F03F1BA
:10740000200305F1200511D104EB461425460EEBAF
:1074100046164FEA880C06EB880E764540F08180D0
:107420006444013980F08B80BDE8F08755F8207CFA
:10743000A2FB079710EB090953F8200C47F100074E
:1074400010EB090043F8200C55F81C0C47F100071D
:10745000A2FB00093F1853F81C0C49F10009C019A0
:1074600043F81C0C55F8180C49F10009A2FB000761
:1074700019EB000953F8180C47F1000710EB09004D
:1074800043F8180C55F8140C47F10007A2FB00094B
:107490003F1853F8140C49F10009C01943F8140CB3
:1074A00055F8100C49F10009A2FB000719EB00097F
:1074B00053F8100C47F1000710EB090043F8100CCB
:1074C00055F80C0C47F10007A2FB00093F1853F8D0
:1074D0000C0C49F10009C01943F80C0C55F8080CC4
:1074E00049F10009A2FB000719EB000953F8080C49
:1074F00047F1000710EB090043F8080C55F8040C9D
:1075000047F10007A2FB000A17EB000953F8047CBF
:107510004AF1000017EB090740F1000043F8047C32
:1075200069E756F8043BA2FB0337C318286847F104
:107530000007C31847F1000045F8043B6DE72368D6
:107540001B182CBF0120002044F8043B69E72DE9FB
:10755000F347DDF8289015464A440F469200002173
:1075600006469846002403F03AFC05F1010A4C4512
:1075700002D102B0BDE8F08758F8243006EB840051
:1075800000933A462B465146FFF725FF0134EEE7BC
:1075900003230168881C400000F00800084400FB39
:1075A00001F2013BC2F1020202FB00F0F7D14042BE
:1075B00070472DE9F04F87B0139D00242E460493A9
:1075C000109B91460293DDE911834FEAC80283467E
:1075D0008A46284600210432059303F000FC08F196
:1075E00002030393444515D105EB84012346029A17
:1075F000584651F82450FFF7D1FE6840E7F7B2FC37
:107600000A4600235946A600109607B0BDE8F04F81
:10761000E8F7D8B95AF82430D9F80020376830464E
:1076200002FB0377059A0399574300934A46049B4C
:10763000FFF7D1FEDDE90221304643460097FFF710
:10764000CAFE04360134CDE738B50D4601210446A3
:1076500000F060F988B9E9882046890100F0BFF997
:1076600058B92A462146204600F00CFC28B920468D
:10767000E988BDE8384000F0E7B838BD2DE9F047AB
:1076800012F0030418BF012404EB92048C42064656
:10769000884617461D464FEA840AC2EB840919D86A
:1076A0004A46002103F09BFBA8EB04020021920054
:1076B00006EB0A0003F093FB3A46089806EB090133
:1076C000A847054618B921463046FFF773FD2846FE
:1076D000BDE8F0876FF00305F9E74901502934BF91
:1076E00001220322012393400333584301307047A2
:1076F00010B586B00B9C04940A9C03940024029459
:10770000099C0194089C0094E7F750FC06B010BD5A
:1077100010B586B00B9C04940A9C03944FF02A3455
:107720000294099C0194089C0094E7F73FFC06B082
:1077300010BD30B50546104600229A4200D130BD3A
:1077400051F82240241A45F8224034BF012000207D
:107750000132F2E7034600EB810100208B4201D1A8
:10776000E7F700BC53F8042B1043F7E71FB5089C5C
:1077700000920394069C079ACDE90134FFF719FFA4
:1077800004B010BD30B51C46012387B00B9D00929C
:1077900003950A9D05AACDE901450593FFF709FF69
:1077A00007B030BD00220123C0E90023704710B5A7
:1077B000044648B1006818B1E188890000F092FFE2
:1077C00000220123C4E9002310BD42F21073994244
:1077D00070B504460D4602D96FF00F0070BDC38826
:1077E0008B4201D30020F9E704212846E9F7F6F897
:1077F00006460028F0D0216841B1E288920003F0EB
:10780000C7FAE1882068890000F06CFFE5802660F7
:10781000E8E738B504460D4619B9FFF7C8FF002060
:1078200038BDC2888A4207D100210068920003F067
:10783000D6FA0123A380F2E7FFF7B9FF29462046D5
:10784000BDE83840FFF7C1BF42F21073994270B5EE
:107850000A46054602D96FF00F0070BDC3888B42FF
:1078600007D8BDE87040FFF7B0BF296851F8231072
:1078700011B9013B002BF8D15C1C944238BF14466F
:1078800004212046E9F7AAF806460028E3D0296833
:1078900039B1A20003F07CFAE9882868890000F079
:1078A00021FF0020EC802E60D7E7884270B50546A6
:1078B0000E4609D0C988C28841B92AB10123920075
:1078C0008380006803F08BFA002070BD4C1E8CB9D9
:1078D000B6F904300134A242AB8012D221462846C8
:1078E000FFF773FF0028F0D131682868A20003F089
:1078F0004FFAE9E7336853F82430002BE8D1013C14
:10790000E5E72868121B0021920000EB840003F0D9
:1079100066FAE9E770B50C4601210546FFF755FF09
:10792000064688B9EA8801469200286803F057FAAB
:1079300084EAE472A2EBE472E40FC4EBC4342B6873
:10794000640001341A60AC80304670BDC388B1EB6E
:10795000431F3FBF03684A0953F8220001F01F018B
:107960003ABFC84000F00100002070470022C188E3
:10797000914201D800207047036853F8223033B198
:1079800093FAA3F0B0FA80F000EB42107047013296
:10799000EEE7C1880068FFF7FEBB08B5FFF7F9FF07
:1079A0000730C00808BD70B50E4612F0030118BFBD
:1079B000012101EB920105461446FFF72AFF38B971
:1079C00023463246E9882868BDE87040FFF705BCC9
:1079D00070BD13460A46C1880068FFF723BC38B55E
:1079E00004460D46FFF7D5FFE3882844B0EB431F5C
:1079F00006D820682A46E188FFF784FC002038BDBD
:107A000010F01F0118BF012101EB50112046FFF7B4
:107A1000DCFE0028EDD0F2E708B50A46C18811B1B6
:107A20000068FFF731FC002008BD10B5C38823B9FA
:107A3000CA885AB9ABB1012017E0026802EB830291
:107A400052F8042C002AF3D1013BF0E70C6804EB58
:107A5000820454F8044C0CB9013AEAE79342EAD89C
:107A60000FD3013B5A1C01D1002010BD026852F80F
:107A700023400A6852F823209442DCD803F1FF33F4
:107A8000F0D24FF0FF30F0E730B5C38823B9CA8891
:107A90005AB9002B3DD136E0026802EB830252F85E
:107AA000042C002AF3D1013BF0E70C6804EB8205BB
:107AB00055F8045C4DBB013AEAE7B1F9045003D232
:107AC000B1F90400404226E0B0F90420002A03DDA9
:107AD000002D0CDA01201EE0002D08DD3AB14FF038
:107AE000FF3018E003F1FF330BD2504213E0013BAB
:107AF000016851F8235054F823108D42F2D91046F2
:107B000009E0591CF4D1002005E0002BD8D09342A5
:107B1000D3D9B0F9040030BD1FB581EAE173A3EBFE
:107B2000E17301930123C90FC1EBC1314900013158
:107B3000ADF80C10ADF80E3002A901AB0293FFF7BF
:107B4000A3FF05B05DF804FB90422DE9F041054626
:107B50000F46144602D0884206D127460123AB8047
:107B6000FC883CB9002003E0FFF79FFE0028F4D01A
:107B7000BDE8F0813B684FEA840803EB840353F8C7
:107B8000043C0BB9013CECE721462846FFF71DFEFB
:107B90000028EDD12E6823463A6831463046FFF77B
:107BA000E7FB074606EB0803002FDBD0EA88661CDC
:107BB000A24208D831462846FFF707FE0028D7D151
:107BC0002B6803EB84031A683446D2192CBF0127B3
:107BD000002743F8042BE7E72DE9F04105460E4660
:107BE0009046D4883CB9F188A1420ED26FF00907C3
:107BF0003846BDE8F081D8F8003003EB840353F831
:107C0000043C002BEFD1013CECE72846FFF7DDFDFB
:107C100007460028ECD1F28894420BD2AE4209D03C
:107C200028683168121B920001EB840100EB84008C
:107C300003F0AEF8EA88F088824207D92B68121A5E
:107C40000021920003EB800003F0C9F8D8F800206F
:107C5000234631682868FFF7A1FB024610B90123CB
:107C6000AB80C5E72968EB8801EB840108461B1B44
:107C7000FFF75FFD0028F2D0B8E72DE9F843B1F92E
:107C80000440B2F804C081461CFB04FC6646734302
:107C90000D4617461CD511462846FFF7C6FEB0F123
:107CA00000080DDB3A4629464846FFF795FF98B98C
:107CB000B8F1000F08BF01240020A9F804400BE030
:107CC0002A464846FFF788FF30B9644224B2F3E7FA
:107CD000FFF73AFF0028EFD0BDE8F8830123FFF754
:107CE000CCBF4FF0FF33FFF7C8BF1FB582EAE27386
:107CF000A3EBE27301930123D20FC2EBC232520015
:107D00000132ADF80C20ADF80E3002AA01AB02939F
:107D1000FFF7E4FF05B05DF804FB1FB582EAE273EC
:107D2000A3EBE27301930123D20FC2EBC2325200E4
:107D30000132ADF80C20ADF80E3002AA01AB02936F
:107D4000FFF7CFFF05B05DF804FB2DE9F0470123F5
:107D50001646002286B0884207460D46CDE902232A
:107D6000CDE9042306D102A8FFF79FFD04460028B1
:107D700033D102ADB74206D1394604A8FFF795FDCD
:107D8000044650BB04AEB5F80680B8F1000F2ED102
:107D9000B6F80690B9F1000F33D14FF0010A38461A
:107DA00009EB0801FFF711FD0446B0B9014638465A
:107DB000FFF7B0FD044680B9CDF800904246336825
:107DC00029683868FFF7C3FBBAF1000F22D1AB88EE
:107DD000B28813FB02F31BB2BB8004A8FFF7E7FCD9
:107DE00002A8FFF7E4FC204606B0BDE8F0872B6848
:107DF00003EB880353F8043C002BC9D108F1FF388A
:107E0000C3E7336803EB890353F8043C23B909F152
:107E1000FF39BFE70123DFE7B8FA88FA4FEA5A1AB9
:107E2000BDE72DE9F341054688461646CF883FB1A8
:107E3000D8F8003003EB870353F8043C3BB146B954
:107E40000021284602B0BDE8F041FFF763BD013FC5
:107E5000EDE72846791CFFF7B8FC044670B94146A7
:107E60002846FFF722FD044640B9013E00963B46F6
:107E7000D8F80020E9882868FFF7ADFA204602B05C
:107E8000BDE8F08170B504460D4610460021164647
:107E9000FFF742FE002824DB2A4633462146002015
:107EA000E7F762F9054638B1284670BD32462146EB
:107EB0002046FFF713FF90B900212046FFF72CFE64
:107EC0000028F3DB31462046FFF7DEFD0028EBDB20
:107ED000324621462046FFF704FF0028F2D005462F
:107EE000E2E76FF00905DFE72DE9F04F89B00646BC
:107EF000DDE912588B462846002191460593FFF78D
:107F00000BFE002805DC6FF00304204609B0BDE835
:107F1000F08F2B681B68D907F5D500214846FFF77D
:107F2000FBFD0028EFDB4846FFF733FDB0F5005FAF
:107F3000E9D82846FFF72DFDB0F5005FE3D8B9F882
:107F4000061031B90121304609B0BDE8F04FFFF706
:107F5000E1BCE888FFF7C1FB04218246E8F73EFD5B
:107F60000746002800F0AA80002201234FEA8A0A6F
:107F7000CDE90623B8F1000F0DD1294606A8FFF779
:107F800063FB044600B35146384600F0ABFB06A83D
:107F9000FFF70DFCB9E7D8F80030002B6ED106AB27
:107FA00018462946FFF750FB06AB044640B1514640
:107FB000384600F097FBD8F80030002BA5D1E6E753
:107FC00093E8030088E8030059463046FFF76DFC4C
:107FD0000446002867D1012329463046B380FFF7C5
:107FE00053FD002857DA3046E988FFF7EEFB0446D8
:107FF000002858D12868FFF7CBFA069B009002971B
:1080000001933168EB882A6804900846FFF7AEFBBD
:10801000059B0698B9F806203168B3F12A3FEB8832
:10802000CDE902070192D9F80020084600922A689B
:1080300041D1FFF76DFB049B019700933168EB88FA
:1080400008462A68FFF79EFBBBF904B0BBF1FF3F6F
:1080500029D1D9F800301B68DB0724D5F1883068B6
:10806000FFF778FB01225946E7F770F83246B080F7
:1080700029463046FFF732FE044614E04046E988C0
:10808000FFF7A3FB0446002891D198E8030008AB52
:1080900003E9030098E72A4631463046FFF7F2FE2F
:1080A000044600289FD05146384600F01BFBB8F12B
:1080B000000F80D16BE7FFF71BFBBCE76FF00F04ED
:1080C00023E713B5049CCDE900340023FFF70CFF30
:1080D00002B010BD13B5049CCDE900344FF02A3333
:1080E000FFF702FF02B010BD2DE9FF410123164644
:1080F0000022054668468846CDE90023CDE90223E3
:10810000FFF7D3FB0446002855D1314602A8FFF7FC
:10811000CCFB044600284ED16846FFF727FC0746F3
:1081200002A8FFF723FC064650B9214602A8FFF734
:108130000DFC28B941462846FFF7B7FB04463AE054
:108140000123ADF80C30ADF8043000216846FFF78C
:10815000E3FC50B9B742394602A828BF3146FFF7C1
:108160003EFC044638BB02A9E5E76846FFF7FEFB84
:1081700001466846FFF750FC0446E0B902A8FFF745
:10818000F5FB014602A8FFF747FC044698B968468C
:1081900002A9FFF779FC002817DB6946684602AAA6
:1081A000FFF71AFD044630B901216846FFF734FC99
:1081B00004460028C9D06846FFF7F9FA02A8FFF77D
:1081C000F6FA204604B0BDE8F08102A96A460846E6
:1081D000FFF702FD04460028EDD1012102A8E5E7E2
:1081E000F7B50C4611F0030118BF012101EB940112
:1081F000054616461F46FFF70CFB38B934B1009709
:1082000033462246E9882868FFF738FA03B0F0BD04
:108210002DE9F041064688461046012192B01546E8
:10822000FFF77AFC002840F34381002301272A4608
:1082300041466846CDE90237CDE90437CDE9063736
:10824000CDE90837CDE90037CDE90A37CDE90C375C
:10825000CDE90E37CDE91037FFF746FF0446002879
:1082600040F0978039466846FFF756FC002840F0FA
:108270001C812A46414602A8FFF704FE0446002856
:1082800040F0878002A904A8FFF70FFB04460028EE
:108290007FD129460AA8FFF708FB0446002878D1B9
:1082A00029460CA8FFF701FB0446002871D1394686
:1082B00006A8FFF72FFB044600286AD1014608A84C
:1082C000FFF728FB0446002863D101460EA8FFF7FC
:1082D00021FB044600285CD1394610A8FFF71AFBA1
:1082E0000446002855D1049B1B68D8073CD50C9B3D
:1082F0001B68DB0740F182800CA904A8FFF7C4FBD0
:108300000028C0F2AB8004A908460CAAFFF7E9FCDC
:10831000044600283DD106A908460EAAFFF7E1FC55
:108320000446002835D110AA08A90846FFF7D9FC51
:10833000044670BB002104A8FFF7EEFB0028D2D151
:1083400000210EA8FFF7E8FB0028C0F29A8029461A
:108350000EA8FFF799FB002880F29D8030460EA9F9
:10836000FFF7A3FA044614E0012104A8FFF754FB29
:10837000044670B9069B1B68DF0729D4089B1B685D
:10838000DC0725D4012106A8FFF746FB0446002898
:108390002FD002A8FFF70BFA04A8FFF708FA06A8E7
:1083A000FFF705FA08A8FFF702FA6846FFF7FFF99A
:1083B0000AA8FFF7FCF90CA8FFF7F9F90EA8FFF7D8
:1083C000F6F910A8FFF7F3F9204612B0BDE8F081E6
:1083D00006A908460AAAFFF781FC04460028D8D15E
:1083E00008A9084602AAFFF77CFC04460028C9D069
:1083F000CFE7012108A8FFF70FFB71E701210CA8C7
:10840000FFF70AFB04460028C3D10E9B1B68D9075F
:1084100013D4109B1B68DA070FD401210EA8FFF7B5
:10842000FBFA04460028B4D1012110A8FFF7F4FAA2
:10843000044600283FF45BAFABE70EA908460AAA42
:10844000FFF74CFC04460028A3D110A9084602AA55
:10845000FFF747FC04460028DFD09AE70CA908463E
:1084600004AAFFF73EFC0446002892D10EA9084654
:1084700006AAFFF736FC044600288AD108AA10A9EC
:1084800053E70EA92A460846FFF728FC04460028B1
:108490003FF456AF7DE70EA92A460846FFF721FCB8
:1084A000044600283FF453AF73E76FF00D0470E704
:1084B0006FF0030488E710B50446FEF717FC20466A
:1084C000BDE81040E8F790BA10B54FF48C71012068
:1084D000E8F784FA044608B1FEF703FC204610BD15
:1084E000E6F77CB8E5F7A0BFFEF71ABCFEF704BCC0
:1084F0004422002102F073BC70B5044600200346FC
:10850000934200D170BDE55CCE5C013375402843D9
:10851000F6E7C043002330B50D1F1C1D944204D95B
:108520000B445C1AA24205D830BD2B5903402B5195
:108530002346F2E71C78044003F8014BF1E70023DF
:10854000036043608360704710B5044648B3036816
:108550003BB3406878B11B78033B082B08D8DFE8B1
:1085600003F005071707071A1A1D1D0000F027F86A
:108570006068E8F739FAA06820B123689978490063
:1085800000F0B0F82046BDE810400C21E8F71ABA18
:1085900000F025FAECE700F0D2FAE9E700F093FBEF
:1085A000E6E710BD00B14078704700B10078704731
:1085B00000B1006870475822002102F010BC10B1D1
:1085C0005821E8F7FFB9704708B5582202F0E0FBE0
:1085D00008BD2DE9F84305460E4614467AB30368F4
:1085E00003F03F079B18036022BF436801334360D9
:1085F0009FB1C7F140094A450FD300F118084A4618
:1086000008EB070002F0C4FB41462846E7F734FCBC
:10861000B0B93C4407464E44403C264404E028465A
:10862000E7F72AFC60B9403C3F2CA6EB0401F6D8E2
:108630002CB105F118002246384402F0A9FB0020B5
:10864000BDE8F883F8B50E468021036800F11807ED
:1086500003F03F035A1C382A03440446197607EBFB
:1086600002001FD80021C2F1380202F0B8FBD4E9A1
:1086700000315A0F42EAC102DB0039462046236529
:108680006265E7F7F9FB054638B9A3683360E3682C
:1086900073602369B3606369F3602046FFF78FFF5F
:1086A0002846F8BD0021C2F1400202F098FB39468D
:1086B0002046E7F7E1FB05460028EED101463822C7
:1086C0003846D2E738B50D46144640B1E8F71CF9F4
:1086D00028B1037C2B70437C0020237038BD6FF0E1
:1086E0002D00FBE710B5044608B1E8F76BF920460A
:1086F000BDE81040E8F778B92DE9FF4104460F4680
:1087000016461D462BB96FF00304204604B0BDE8A1
:10871000F08100211846FFF7FFF980460028F2D1CA
:1087200001212046FFF7F8F90028ECDD0121384649
:10873000FFF7F2F90028E6DD41463046FFF7ECF995
:108740000028E0D06846FFF72DF802A8FFF72AF8C6
:10875000214601226846FFF7E0FA044610BB0122D9
:10876000394602A8FFF7D9FA0446D8B9694628461F
:1087700002AAFFF7B9FC0446A0B96946684602AAF6
:10878000FFF7E3FA044668B901462B466A46684695
:10879000E6F7EAFC044628B96A4631462846FFF760
:1087A00037FD04466846FFF702F802A8FEF7FFFF10
:1087B000ABE72DE9F3479A46DDE90A980646684695
:1087C0000D461746FEF7EEFFBAF1000F07D1B9F1DB
:1087D000000F1AD1B8F1000F28D144460EE0012253
:1087E00031466846FFF799FA044638B96A46394671
:1087F0005046FFF747FB04460028E8D06846FEF7DE
:10880000D6FF204602B0BDE8F0870122294668461F
:10881000FFF783FA04460028F0D16A4639464846F5
:10882000FFF730FB04460028D4D0E7E7324629465C
:108830004046FFF7EDFC0446E0E708B5E7F70CF922
:10884000BDE80840FFF7AEBE2DE9F8430446DDE978
:108850000876914698460D4651B9B9F1000F10D1EE
:10886000B8F1000F15D1E7B91EBB55BB002006E0DB
:108870000830FFF71AF80028EFD0A0F58140BDE8D6
:10888000F883494604F12000FFF70FF80028E7D0ED
:10889000F3E7414604F12800FFF707F80028E2D08B
:1088A000EBE7394604F11800FEF7FFFF0028DBD0A4
:1088B000E3E7314604F11000FEF7F7FF0028D4D0BB
:1088C000DBE704F10800FFF768F86060CEE72DE908
:1088D000F843DDF8248004461D460B9F0D9E49B1E8
:1088E00000F108094846FFF75EF8A0B94846FFF7CF
:1088F00054F860603DB9B8F1000F0FD1BFB9FEB9AF
:108900000020BDE8F8832946089A04F12000FFF70B
:108910004AF80028EFD0A0F58140F2E741460A9AD4
:1089200004F12800FFF73FF80028E7D0F3E73946C5
:108930000C9A04F11800FFF736F80028DFD0EAE7B8
:1089400031460E9A04F11000FFF72DF80028D7D019
:10895000E1E77822002102F042BA0830FFF719B8A7
:108960004068704710B50446A0B36030FEF71FFFA3
:1089700004F16800FEF71BFF04F14800FEF717FF43
:1089800004F11800FEF713FF04F12800FEF70FFFB3
:1089900004F12000FEF70BFF04F11000FEF707FFC3
:1089A00004F10800FEF703FF04F15800FEF7FFFE94
:1089B00004F15000FEF7FBFE04F14000FEF7F7FE65
:1089C00004F13800FEF7F3FE04F13000BDE810407A
:1089D000FEF7EDBE10BD5C22002102F000BA10B11E
:1089E0005C21E7F7EFBF704708B55C2202F0D0F9D1
:1089F00008BD2DE9F84305460E4614467AB30368D0
:108A000003F03F079B18036022BF436801334360B4
:108A10009FB1C7F140094A450FD300F11C084A46EF
:108A200008EB070002F0B4F941462846E9F762FD79
:108A3000B0B93C4407464E44403C264404E0284636
:108A4000E9F758FD60B9403C3F2CA6EB0401F6D88D
:108A50002CB105F11C002246384402F099F900209F
:108A6000BDE8F883F8B50E468021036800F11C07C5
:108A700003F03F035A1C382A03440446197707EBD6
:108A8000020028D80021C2F1380202F0A8F9D4E986
:108A900000315A0F42EAC102DB0012BA1BBA394652
:108AA00020466265A365E9F725FD054670B9A36810
:108AB0001BBA3360E3681BBA736023691BBAB360E7
:108AC00063691BBAF360A3691BBA33612046FFF7E1
:108AD00086FF2846F8BD0021C2F1400202F07FF96E
:108AE00039462046E9F706FD05460028EED1014645
:108AF00038223846C9E7F0B599B0064601A81546B0
:108B00000F46FFF768FF01A8E9F7DAFC044658B9F9
:108B10003A46314601A8FFF76CFF044620B92946C2
:108B200001A8FFF79FFF044601A85C21E7F74AFF71
:108B3000204619B0F0BD6C22002102F050B910B1EE
:108B40006C21E7F73FBF704708B56C2202F020F9AF
:108B500008BD2DE9F04105460E4614467AB3036C74
:108B600003F03F079B18036422BF436C0133436447
:108B70005FB3C7F1400842451CD34246384402F077
:108B800007F929462846EAF76FFCC8B92744A7F138
:108B900040043F2C46440BD900272846F119EAF738
:108BA00063FC78B94037E31B3F2BF6D81C463E44A4
:108BB0002CB1002722463146E81902F0E9F80020DE
:108BC000BDE8F0814FF0FF30FAE73F2AE4D8F1E743
:108BD00070B50D468021036C044603F03F035A1C18
:108BE000382AC154104433D80021C2F1380202F0AF
:108BF000F6F8D4E910315A0F42EAC102DB0012BA8A
:108C00001BBA21462046A263E363EAF72DFC064621
:108C1000C8B9A36C1BBA2B60E36C1BBA6B60236DE5
:108C20001BBAAB60636D1BBAEB60A36D1BBA2B6103
:108C3000E36D1BBA6B61236E1BBAAB61A36E13B9F4
:108C4000636E1BBAEB612046FFF779FF304670BDBB
:108C50000021C2F1400202F0C2F821462046EAF7A4
:108C600003FC06460028EED1014638222046BEE726
:108C7000F0B5012B06460F4615461C469DB01BD885
:108C800001A8FFF758FF214601A8EAF787FB044631
:108C900058B93A46314601A8FFF75BFF044620B9B0
:108CA000294601A8FFF794FF04466C2101A8E7F7C5
:108CB00089FE20461DB0F0BD6FF07304F9E7D8229D
:108CC000002102F08CB810B1D821E7F77BBE7047C5
:108CD00008B5D82202F05CF808BD2DE9F843044637
:108CE0000E461546002A40D0D0E9003203F07F0737
:108CF0005B1952F100024FF0000128BF0121C0E9C9
:108D0000003231B1D0E90232013342F10002C0E950
:108D1000023287B3C7F180094D451FD304F15008D3
:108D200031464A4608EB070002F032F84146204639
:108D3000EAF732FCD0B9803D3D447F2D4E440BD93B
:108D400000272046F119EAF727FC88B98037EB1B8A
:108D50007F2BF6D81D463E443DB1002704F150005C
:108D60002A463146384402F013F80020BDE8F88363
:108D70004FF0FF30FAE77F2DE2D8EFE7F8B50D4668
:108D80008021036800F1500703F07F035A1C702A0A
:108D90000344044683F8501007EB02005DD800211D
:108DA000C2F1700202F01BF8D4E90013D4E90262A8
:108DB000580FD200DB0042EA567240EAC60043EA8E
:108DC0005173C90000BA12BA09BA1BBAC4F8C40078
:108DD000C4F8CC1020463946C4F8C020C4F8C830C6
:108DE000EAF7DAFB0646002832D1236962691BBA2A
:108DF00012BA2A606B60A369E2691BBA12BAAA6050
:108E0000EB60236A626A1BBA12BA2A616B61A36AB9
:108E1000E26A1BBA12BAAA61EB61236B626B1BBADE
:108E200012BA2A626B62A36BE26B1BBA12BAAA6215
:108E3000EB62D4F8D0305BB9236C626C1BBA12BA07
:108E40002A636B63A36CE26C1BBA12BAAA63EB636E
:108E50002046FFF738FF3046F8BD0021C2F18002FE
:108E600001F0BDFF39462046EAF796FB064600288A
:108E7000EED101467022384694E7F0B5012B064644
:108E80000F4615461C46B7B01BD86846FFF717FFBC
:108E900021466846C8F7BCFB044658B93A463146F5
:108EA0006846FFF71AFF044620B929466846FFF7CF
:108EB00065FF0446D8216846E7F784FD204637B0B1
:108EC000F0BD6FF07404F9E72DE9F04FD9B0064614
:108ED000DDE962AB12A80D4617469846FDF701FF83
:108EE00003A8FFF72CFB0320E6F7B6FD002201469E
:108EF00003A8E6F7EBFD04460DF1180903A824B119
:108F0000FFF722FB1021484658E0E6F73BFE0446F7
:108F1000B0BB5A46514603A8E6F758FE044678BB54
:108F20000822314603A8E6F751FE044640BB4946F5
:108F300003A8E6F775FE044610BB99E80F000AACDB
:108F4000102D84E80F0003A816D1FFF7FDFA1021B9
:108F50004846E7F737FDEA000AA912A8E5F73EFB05
:108F6000044668BB014633464246CDE9007712A865
:108F7000FDF7D6FE044623E0E6F704FE044608B1FA
:108F800003A8BDE71022494603A8E6F71FFE0446E2
:108F90000028F5D15A46514603A8E6F717FE0446C5
:108FA0000028EDD10822314603A8E6F70FFE04465B
:108FB00088B103A8FFF7C8FA102106A8E7F702FD59
:108FC00012A8FDF793FE0AA82946E7F7FBFC204606
:108FD00059B0BDE8F08F494603A8E6F721FE0446E4
:108FE0000028CDD1202D08BF1022494618BFA5F179
:108FF00010020EA801F0CCFE03A8A6E70023036030
:1090000043608360704710B5044668B1006810B1D2
:109010006168FFF767FBA068E7F7E6FC2046BDE85C
:1090200010400C21E7F7CEBC10BD07B56B4683E8B6
:109030000300184600F046F8012814BF00200198EC
:1090400003B05DF804FB0B6810B50C464BB9E6F7AE
:1090500003FDFFF7A7FA2060B0FA80F04009404214
:1090600010BD0020FCE70023C0E90033704710B5B5
:10907000044658B103681BB19B6A0BB1406898471E
:109080002046BDE810400821E7F79CBC10BD034610
:1090900008461BB11B680BB1DB68184700207047FE
:1090A0001FB500240294079C0194069C0094EBF7E2
:1090B00045FA04B010BD18B103680BB19B6818479E
:1090C0000020704710B1006800B100787047012897
:1090D00002D0831F58425841704710B50446FFF72D
:1090E00041FC2046BDE81040E7F77EBC10B5782172
:1090F0000120E7F773FC044608B1FFF72AFC20467D
:1091000010BD49684068E8F7DDB94068FFF725BC45
:1091100003784078303B092BA0F1300005D80928AE
:1091200003D80A2202FB030070474FF0FF3070475C
:1091300008B5FDF7AAFF08B1A0F50C5008BD7FB532
:109140000023144601AA01938DF808300393FDF71C
:1091500016FF18B1A0F5145004B070BD019D206039
:10916000002DF9D00346039EF15CDA00914022689D
:1091700001330A439D422260EED0042BF4D1EBE789
:109180000368042B02D1C069FDF7C9BF704770B5F1
:109190000024944201D1002070BD035D0D5DAB42FF
:1091A00083EA050606D0202E06D123F02003413B9A
:1091B000192B01D80134ECE74FF0FF30ECE7F8B59C
:1091C00005460C462A6823689A4234D163686A6867
:1091D0009A4230D1A168A86801F078FE58BBEF68C8
:1091E000E668B74208D123692A699A4204D16169C5
:1091F000686901F06BFE80B10C2F01D0132F1AD1DA
:109200000C2E01D0132E16D123692A699A4212D14D
:1092100061696869FFF7BBFF68B92A7F237F9A42BB
:1092200009D1AD69A46925B9201E18BF01204042AB
:10923000F8BD002CC6D14FF0FF30F9E738B5054630
:1092400008460C46FFF73EFF012801D0062809D149
:109250002046FFF730FFEB6898424FF0FF3028BF01
:10926000002038BD4FF0FF30FBE770B5456806467B
:1092700095420C4604D181682046FFF788FF28B349
:109280002046C7F7FDFE022D024609D9B0680378D3
:109290002A2B05D143782E2B02D100239A4202D1EA
:1092A0004FF0FF3012E0E15C2E2901D00133F5E7E9
:1092B000002BF5D0013DD21AAA42F1D1E1180130BC
:1092C000FFF765FF003818BF0120404270BD38B578
:1092D0000D463A21044601F030FE2A46214638B9AF
:1092E0000120F6F776F8421E50425041800038BD0A
:1092F0000220F6F76EF8431E584258410001F6E787
:1093000070B41A46DDE90556DDE90334CDE90456AB
:10931000039470BCEBF73EBE4FF4CA72002101F01B
:109320005EBD70B50546044604B970BD04F1CC00BD
:10933000FFF79DFEA06EFDF7F2FED4F88800FDF762
:10934000EEFED4F87401FDF798FED4F80401FDF7A1
:1093500094FED4F85401FDF790FED4F82C01FDF7EB
:109360008CFEE06820B1236813B1A168FFF7BAF959
:109370004FF4CA712046D4F89061E7F723FBAC4262
:1093800002D02046E7F730FB3446CDE7002307B58F
:10939000CDE90033EBF7DEFF03B05DF804FB0023FB
:1093A00007B5CDE900330123EBF7D4FF03B05DF837
:1093B00004FB08B5ECF74AFC00B1006808BD807AF0
:1093C000431E092B0AD8DFE803F00505050A090941
:1093D00005090707012070470220704700207047E9
:1093E000807A032804D8012894BF00200120704708
:1093F000031F5842584180007047036D0A4613B15D
:10940000C06C89081847704708B5436D3BB1C06C04
:10941000984702284FF0FF3018BF002008BD1846BB
:10942000FCE710B5D0F8A8400434146041F6FC32D3
:109430001A601623C0F8AC30D0F8A830002019709C
:1094400010BD10B442681A2A09DC826B3AB1D468A4
:10945000C16E2346D0F880205DF8044B18470020E9
:109460005DF8044B7047D0F89C30DA1C0533C0E936
:109470002933C0F8A02029B1D1E90121521A13449F
:10948000C0F8A83070470432C0F8B020002211465E
:10949000EDF720B901221421C0E92B12D0F8A81051
:1094A0000A704168114441601146EDF713B9036E2B
:1094B000A3F10802C265DA1C0533C0E91A3342661B
:1094C0007047D0F8942008B5C0F898200832C0F84A
:1094D0009C20826D002108320266FFF7C4FFBDE8C0
:1094E0000840FFF7E4BF0346006F00B1986F704774
:1094F00010B50446A0B15030E5F7E4FF04F1940044
:10950000E5F7E0FF04F13400FFF71EF804F1400036
:10951000FFF71AF82046BDE81040D821E7F752BA05
:1095200010BD52BA02807047008840BA80B27047BE
:1095300010B590F88C30044673B1022190F88D205C
:10954000EDF704F910F5D14F05D0002384F88C30E5
:1095500008B9D4F8900010BD1846FCE7012380F844
:109560008D1080F88C30C0F890207047826B0346D5
:109570000AB1D06C10B91B68986B00B14068704795
:109580001FB5089C0394079C0294069CCDE9003407
:1095900013460A4601460920EEF7A2FA04B010BDB0
:1095A0001FB5089C0394079C0294069CCDE90034E7
:1095B00013460A4601460A20EEF792FA04B010BD9F
:1095C000806B9C30E6F702BB806BA830E6F7FEBAF2
:1095D00010B5846B8AB0CDE90012202302AA04F1F1
:1095E0009C01EEF733FB0AB010BD10B5846B8EB052
:1095F000CDE90012302302AA04F1A801EEF726FB00
:109600000EB010BDF0B5054685B001A80F46164650
:10961000FEF795FF2846FEF7CBFF0022014601A882
:10962000E6F754FA044688B9294601A8E6F720FA75
:10963000044658B9394601A8E6F7F2FA044628B9B3
:109640002846FEF7B5FFFEF7ADFF306001A8FEF734
:109650007BFF204605B0F0BD806BA830FFF7D2BF7E
:10966000806B9C30FFF7CEBF70B50446806B0D4613
:109670009C301646E6F7AAFA38B9A06B324629465E
:10968000BDE87040A830E6F7A1BA70BD07B5130C6D
:1096900052BAADF8062004228DF80530836B8DF8A0
:1096A0000410DB680DEB0201984703B05DF804FB82
:1096B00070B50546806B9C30FEF746FFA86B9C306A
:1096C000FEF73DFF0920AC6BE6F7C6F99C34014676
:1096D00000222046E6F7FAF90446F8B9A86B9C3058
:1096E000E6F750FA0446C8B9A86BA830FEF72CFF7D
:1096F000A86BA830FEF723FF0A20AE6BE6F7ACF9A3
:10970000A836014622463046E6F7E0F9044628B975
:10971000A86BBDE87040A830E6F734BA204670BDAB
:1097200010B50446D822002101F059FB04F1500085
:10973000FEF7DEFE04F19400FEF7DAFE04F13400D9
:10974000FEF7FDFE04F14000BDE81040FEF7F7BE55
:109750007022002101F043BBD422002101F03FBB65
:1097600038B5044600250021FFF747FE2046FFF7E5
:10977000A8FE41F64D522946C4E91D55A06D256746
:10978000C4F88450C4F88050C4F88850E563E56795
:1097900001F025FB41F64D522946C4E92B55D4F87A
:1097A000940084F88C50C4F8B45001F018FB606C3D
:1097B000C4F8B850C4F8BC50256428B1FFF798FE2F
:1097C000606CE7F711F9656438BD81717047C0E9D5
:1097D00006127047C0E90623009B4162036270478E
:1097E000C160704741637047C0E90F127047006D58
:1097F00020B140790009831E58425841704708B58E
:10980000007AE5F753FE20B140790009831E5842E3
:10981000584108BD20B1006B10B18068ECF75ABA0E
:109820000020704708B503680146187AEEF74CF936
:10983000CB6A02462BB11878EEF746F9824228BF70
:1098400002464B6B2BB11878EEF73EF9824228BFE7
:109850000246104608BD10B50446FFF7E3FF236C2F
:10986000B0F5E05F28BF4FF4E05043B1B3F84C309F
:10987000B3F5417F04BF20F00F0000F1FF3010BDB1
:1098800010B5846BCCB1E37913B1A06CE7F7ACF8F9
:10989000002304F19C00A364FEF756FE04F1A80027
:1098A000FEF752FE04F15000FFF7E1FB2046BDE851
:1098B00010404FF4A471E7F785B810BD10B5044609
:1098C00070B1006E30B1E7F78FF80023236684F89B
:1098D000683063662046BDE810407021E7F772B833
:1098E00010BD38B50446002843D0D0F8940030B1FC
:1098F00041F64D51FEF7F6FE0023C4F89430A06DFA
:1099000028B141F64D51FEF7EDFE0023A365606CD2
:1099100020B1FFF7EDFD606CE7F766F8A36B8BB144
:109920002046FFF7ADFFA06BE7F75EF8A06CFFF7EE
:10993000DFFDA06CE7F758F8606BFFF7BFFF606BC7
:10994000E7F752F8206B20B1FFF7B8FF206BE7F77D
:109950004BF8D4F8C05035B12846C7F791FB014603
:109960002846FEF7BFFE2046BDE83840D421E7F781
:1099700029B838BD6422002101F031BA38B5044657
:1099800060B1806B28B92046BDE838406421E7F714
:1099900019B88568E7F728F82846F3E738BD0121AC
:1099A00008B5FFF774FB003818BF012008BD022876
:1099B00005D0042803D0431E584258417047032065
:1099C0007047431E58425841704738B50025044639
:1099D000036845601B880381FFF7C2FE206BC4E962
:1099E0000A55C4F8C45028B1FFF768FF206BE6F7AA
:1099F000FBFF25632046BDE83840EEF703BC00219D
:109A0000FFF7E3BF10B50446FFF73AFFA06BE6F798
:109A1000EBFF0023606CA36320B1FFF769FD606C6E
:109A2000E6F7E2FFA36C63640023A36410BD70B586
:109A30000446836B006B1E7820B1FFF73FFF206B5D
:109A4000E6F7D2FF0022636B206823636263456AF6
:109A500035B1DA6822B11EB9806A03F11001A84756
:109A60002046FFF7CFFF1B23636070BD10B504468F
:109A7000816CFFF7F8FC2268D4F8A810A36B127968
:109A80005B6920460431984716231022C4E92B3223
:109A90001422D4F8A8301A70A36B1B78CBB12368BA
:109AA0001A790AB90F2262601B79012B01D10A23AE
:109AB000636000230122C4F8B830C4F8BC30A36C42
:109AC00020462364636B1146E362BDE81040ECF767
:109AD00001BE63680133EBE738B581B1846B1A349A
:109AE00034F8022F0AB9114609E0150A2846EEF7A4
:109AF00075FB0028F4D0D2B29142F1D12946084634
:109B000038BD49B18889984206D8C88990424FF03B
:109B1000FF3028BF002070474FF0FF30704738B546
:109B2000044648B1DFF764FFC82305465C43DFF70E
:109B30005FFF431BA342FAD338BD704740B1C368EF
:109B4000587810F001001EBF1878B0FA80F0400974
:109B5000704710B5C36804465B78DB070BD5836993
:109B600063B19847002805DB0020E3685A786FF35B
:109B700000025A7010BD4FF0FF30FBE76FF0850018
:109B8000F8E77FB50BAB059303930A9B0122029381
:109B900000231846CDE90033CAF726FB07B05DF86D
:109BA00004FBEFF31183102383F31288BFF36F8F4D
:109BB000FEE708B5FFF7F5FF10B54369044633B972
:109BC0000020E268537843F00103537010BD9847BA
:109BD0000028F5D00028B8BF4042FF28A8BFFF20CA
:109BE000E3681870EDE701F0FAB801F0D1B8C36886
:109BF0005B78DB0701D4FFF7DFBF6FF077007047BA
:109C000008B5EFF749FBBDE80840EFF753BB10B4C8
:109C100000F10C04C0E90344002404755DF8044B12
:109C2000F3F780BB2DE9F04F054689B0DDE91267F7
:109C300091463B46324606A8059105F1140A00F00C
:109C4000CFFEDDE90634CDE90234EFF311844FF0A5
:109C5000100888F31288BFF36F8F05F10C0B4A468A
:109C600028460599F3F748FA30B184F31188BFF319
:109C70006F8F09B0BDE8F08F3E43F6D0DDE90223D7
:109C800006A800F0D1FEDDE906675A462146504697
:109C9000CDE90067F0F7AEFAEFF3118488F312888C
:109CA000BFF36F8FDBE707B5CDE900230A46042138
:109CB000FFF7B8FF03B05DF804FB38B50446EFF3D7
:109CC0001185102383F31288BFF36F8FF3F7CBF95D
:109CD00004F10C0000F068FC30B1294604F11400D6
:109CE000BDE83840F0F702BB85F31188BFF36F8FF2
:109CF00038BD8169C36843EA010212F003020FD143
:109D000002614269013A01FB0233C2689A4201D9F9
:109D10000020704702691A60826903619B1AF4E7A8
:109D20006FF0150070472DE9F04105460F46EFF33F
:109D30001188102383F31288BFF36F8F0669FEB971
:109D40000468A0421CD0DCB1D4E9003213605A6030
:109D5000637BC4E9006623F002036373A66004F129
:109D6000180000F0FAFD2046C4F8B060276100F04A
:109D7000BCFB414605F10800BDE8F041F0F7B6BA7A
:109D80003E60EB692F61013BEB6188F31188BFF303
:109D90006F8FBDE8F081CDF7D9BEF5F7B4B900BF3C
:109DA0007047102408B5EFF3118384F31288BFF3D2
:109DB0006F8FF5F7B2F9F6E7D0E9003213605A6019
:109DC0000023427BC0E9003322F002024273836029
:109DD0007047C0E9032303FB02120023436280F8AB
:109DE0003030037200F12803C0E90621C0E9000009
:109DF000C0E90A33416101627047F8B50D46A1FB25
:109E00000214074616463CB92046F1F715F90146FB
:109E100028B96FF00B0001E06FF01500F8BD334674
:109E200038462A46FFF7D5FF0123204687F8303011
:109E3000F4E7C3680B6003694B60436A8B6070474B
:109E4000034610B50846EFF31184102282F31288FE
:109E5000BFF36F8F5A6A4AB1DA68D96900F098FF88
:109E6000002084F31188BFF36F8F10BD6FF02200C4
:109E7000F7E770B5134604460846EFF31186102243
:109E800082F31288BFF36F8F626A9A4211D9D4E9C4
:109E90000651E2686D1A53439D429CBF61695B1B8A
:109EA000194400F075FF002086F31188BFF36F8F0F
:109EB00070BD6FF02200F7E7F8B50446EFF31186A6
:109EC000102383F31288BFF36F8F0568A84231D047
:109ED0002DB32846FFF770FF05F1180000F03DFD97
:109EE0006FF022072846C5F8B07000F0FEFA25682A
:109EF000AC420AD100236362236AE361314604F174
:109F00000800BDE8F840F0F7F1B93DB12846FFF789
:109F100053FF05F1180000F020FDE3E701250023C1
:109F20006362236AE361002DE8D186F31188BFF3F1
:109F30006F8FF8BD00234362036AC361F5E790F9B0
:109F40000E308B4201D0F0F781B9002070470346F4
:109F50000020C3E90033C3E902007047D0E90032B2
:109F600013605A600023427BC0E9003322F00202F2
:109F70004273836070472DE9F041904604460D46D8
:109F80009DF81820EFF31186102181F31288BFF39A
:109F90006F8F02B14568224652F80C7F974217D066
:109FA000B7B13846FFF7DAFF07F1180000F0D5FC2B
:109FB00000233846C7F8B030C7F8108000F095FA93
:109FC00004F108003146F0F791F90020BDE8F08176
:109FD000ABB108210020F1F72FF8002838D001227A
:109FE000C0F804800260016801F003015DB92268D5
:109FF0000A430260626820606AB960600BE0404614
:10A00000C8F80030EFE72A68032A16D801606168B3
:10A0100069B9C4E90000042104F1140000F05BFEFA
:10A020000028CDD186F31188BFF36F8FCEE70A6881
:10A0300002F0030202430A60DFE722F003020A4350
:10A0400002602A6802F0030240EA02032B60E2E7A2
:10A050006FF00B00E6E710B5044630B102689307D5
:10A0600003D0446809B100F075FE204610BD0023FE
:10A07000C0E90033037200F10C03C0E9033300F1BF
:10A080001403C0E905337047F8B50546EFF31186B0
:10A09000102383F31288BFF36F8FC46800F10C03A1
:10A0A0009C4200F1140719D0C4B12046FFF756FFB7
:10A0B00004F1180000F051FC00232046C4F8B03031
:10A0C000236100F012FA0821384600F004FE314600
:10A0D00005F10800BDE8F840F0F708B90821384656
:10A0E00000F0F9FD0028F2D186F31188BFF36F8FDD
:10A0F000F8BD012307B5009300230A461946FFF770
:10A100003AFF03B05DF804FB002307B50A4600934D
:10A110001946FFF730FF03B05DF804FB012307B5D4
:10A120000A4600930021FFF726FF03B05DF804FB09
:10A1300007B50A46002101230091FFF71CFF03B079
:10A140005DF804FB08B503681BB9FFF7D2FF0120D7
:10A1500008BD8B4203D01B6823F00303F4E7002003
:10A16000F6E700210068FFF776BF00214068FFF79F
:10A1700072BF5AB18A4209D300F11003C0E902123A
:10A18000C0E90000C0E90433002070476FF01500FB
:10A1900070470023C0E9031101EB8201C0E9000010
:10A1A00003724161704738B505460C4600208900AE
:10A1B000F0F742FF014638B128462246FFF7E9FF93
:10A1C000012300202B7638BD6FF00B00FBE72DE953
:10A1D000F04106460F46EFF31188102383F31288EF
:10A1E000BFF36F8FD0E9043293422BD00468A042B2
:10A1F0001ED0ECB1D4E90032002513605A60637BB5
:10A20000C4E9005523F002036373A56004F118004C
:10A2100000F0A3FB2046C4F8B050276100F065F9B8
:10A2200006F108004146F0F761F82846BDE8F081E4
:10A2300000201F6033690433336188F31188BFF352
:10A240006F8FF3E76FF00B00F7E7012302688B4095
:10A2500022EA0303036022FA01F000F001007047D4
:10A2600010B5032104460C30FFF7EFFF30B104F1C5
:10A27000100000F072FBB0FA80F0400910BD28B168
:10A28000002200F58070114600F0DAB9704770B511
:10A29000C3680446C3F340069B0716D485680221B1
:10A2A0000C30FFF7D2FF80B1D5F8F8206AB19442A4
:10A2B0001DD122689EB9D5F8FC30C5F8F8209C4223
:10A2C00001D1C5F8FC2000232360E36813F01F00D0
:10A2D0001EBF43F00203E36040F0020070BD326035
:10A2E000D5F8FC20944208BFC5F8FC60EBE71646A1
:10A2F0001268DBE773B50446EFF31185102383F38F
:10A300001288BFF36F8F0023A0F1100603210438D9
:10A310000193FFF79AFF28B1A369304601A9019381
:10A32000EFF794FB85F31188BFF36F8F02B070BD18
:10A3300038B504460D461022002100F050FD65603E
:10A3400038BDEFF31183102282F31288BFF36F8FB1
:10A35000C06800F01F0083F31188BFF36F8F704750
:10A3600013B501900846EFF31184102383F312888C
:10A37000BFF36F8F01A9EFF769FB84F31188BFF377
:10A380006F8F02B010BD10B5FFF7EAFF041E08DDA5
:10A39000EFF31180102383F31288BFF36F8FEFF771
:10A3A000D5FF204610BD08B54FF48C72002100F097
:10A3B00016FD08BD38B530220D460021044600F0D8
:10A3C0000EFD4FF480736560E36038BDFFF7B9BFE1
:10A3D00038B50446EFF31185102383F31288BFF3D9
:10A3E0006F8FFFF73DFF2046FFF751FF85F3118880
:10A3F000BFF36F8F38BDD0E9003213605A6000237D
:10A40000427BC0E9003322F002024273836070474E
:10A41000C0E9000000207047EFF30580003818BF46
:10A420000120704790F90E0070477830704708B5EA
:10A430000B4600F17801184600F09EFD002008BD93
:10A4400010B500240373C0E906448460427381732D
:10A45000C47310BD002310B58B4202D100201360DD
:10A4600010BDC45CAA2CF9D10133F5E70A46D0E946
:10A470002601FFF7EFBFD0E9003213605A600023D6
:10A48000C0E90033704708B5FFF7F5FF437B23F0C1
:10A49000020343730023836008BD38B504460D46AC
:10A4A000EFF7BEFD637B43F002036373E5B1A56084
:10A4B0002B689D4209D16B68C4E900531C606C6035
:10A4C00012E06A689A42F6D01B68002BF3D094F928
:10A4D0000E2093F90E108A42F3D09142F1DD5A68B2
:10A4E000C4E9003214605C6038BD10B5EFF311842C
:10A4F000102383F31288BFF36F8FEFF74FFD84F3C0
:10A500001188BFF36F8F10BD08B5EFF311811022D2
:10A5100082F31288BFF36F8F83680BB1FFF7B3FF2D
:10A5200081F31188BFF36F8F08BD014610B5EFF3BB
:10A530001184102383F31288BFF36F8F437B13F0D2
:10A54000280F0AD183680BB1FFF79DFF4B7B0846AC
:10A5500023F004034B73EFF721FD84F31188BFF35D
:10A560006F8F10BD01211838FFF7DFBF08B5034614
:10A57000EFF31181102282F31288BFF36F8F00680E
:10A58000834207D008B1FFF77EFF81F31188BFF344
:10A590006F8F08BD0020F8E710B5FFF7B5FFBDE8E5
:10A5A0001040183000F0D9B938B5054604680020CD
:10A5B000AC4200D138BD002CFCD02046FFF7ECFFA8
:10A5C0002046FFF792FF2C680120A542F1E738B53D
:10A5D00004460D46EFF7A2FFB5F1FF3F08BFB4F107
:10A5E000FF3F0346204614D013F109004FEAE37100
:10A5F00041F100010A2871F100030BD36FF00A0347
:10A6000083424FF004038B4106D30A220023C6F78E
:10A61000EFFC38BD0020FCE76FF00040F9E7C11700
:10A62000633008B54FF064024FF0000341F10001C0
:10A63000C6F7DEFCC117EFF771FF6423584308BD6E
:10A6400038B5EFF31185102383F31288BFF36F8FB2
:10A650000468A04213D0A4B1C4F8B010226120460F
:10A66000FFF711FF04F1180000F077F92046EFF72B
:10A6700095FC012085F31188BFF36F8F38BD002052
:10A68000F8E72046F6E7F0B585B006461546DDE961
:10A690000A2302A80C4600F0C7F9DDE9021251EACC
:10A6A000020326D0204600272368013340F8183BD8
:10A6B0000C9B1F70CDE9001232462968EFF79AFD16
:10A6C000EFF31183102282F31288BFF36F8F2B6098
:10A6D000226894F82C30013A9907226002D51AB109
:10A6E0006FF08B0005B0F0BD23F0020384F82C302E
:10A6F000F6E76FF00A00F5E738B5044600200022BF
:10A70000054611462046FFF79BFF0028F7D1284653
:10A7100038BD002342610122C0E9023303610360B6
:10A72000037600F11C03C0E9073300F12403C0E9FC
:10A73000093300F13003C0E90C33416080F82C206C
:10A7400070472DE9F04F2DED028B8DB005469046F8
:10A75000DDE9182308A8049100F042F99DED088B6B
:10A76000EFF31183102282F31288BFF36F8F0B93E4
:10A77000002395F82C408DF82B3014F0020440F0A3
:10A78000908095F82C60F64316F0010640F08C801E
:10A79000EA896B899A4262D12B68002B5AD0B24663
:10A7A00005F11C03A8EB040B0593EF69059B9F4281
:10A7B0003ED0002F3CD0D7F81090ABEB0601D9E982
:10A7C0000123D21A8A4228BF0A46D9F800100498F9
:10A7D0000691A119014406980792184400F0D8FA8E
:10A7E000D9F80810079A16440A44D9F80410C9F891
:10A7F00008208A421CD3D7E900210A6051607A7B85
:10A80000C7E900AA22F002027A73C7F808A007F18C
:10A81000180000F0A2F83846C7F8B0A0C7F810A09A
:10A82000FFF763FE4FF00103B3458DF82B30BCD822
:10A830003444A0450ED826469DF82B30BBB30B9967
:10A8400005F11800EFF752FD30460DB0BDEC028B5C
:10A85000BDE8F08F202105F1300000F03CFA049BA8
:10A86000A8EB04021919281DF3F73DF80444A0458C
:10A8700001D14646E0E70DF12B038DED008B294613
:10A8800002930BAA05F12400FFF7FDFE06460028FF
:10A890003FF477AF10F10B0FCED1002C18BF264636
:10A8A000CAE76FF08B06C7E76FF01F06C4E70B9B84
:10A8B00083F31188BFF36F8FC6E738B50446EFF313
:10A8C0001185102383F31288BFF36F8F0023C0E933
:10A8D0000233036103685BB190F82C301C3043F005
:10A8E00002030374FFF708FF04F12400FFF704FFDD
:10A8F00085F31188BFF36F8F38BD38B50446EFF389
:10A900001185102383F31288BFF36F8F00231C304F
:10A910000374FFF7F1FE04F12400FFF7EDFE85F369
:10A920001188BFF36F8F38BD10B5F0F7C7F8044634
:10A93000F0F7CCF874B1D4E904321B1A62EBE07280
:10A94000B3F1004F72F1000104DA002AACBF1846DF
:10A95000002010BD6FF00040FBE7024638B5EFF372
:10A960001185102383F31288BFF36F8F036893B1AF
:10A97000F0F7A4F804461046F0F7B2F8844204D188
:10A98000FFF7D2FF0021DEF797FF002085F3118843
:10A99000BFF36F8F38BD6FF01500F7E770B5EFF3B9
:10A9A0001186102282F31288BFF36F8F036873B190
:10A9B000F0F7B2F804460D46F0F788F80346201A7F
:10A9C00065EBE37186F31188BFF36F8F70BD184696
:10A9D0001946F7E708B5F0F785F908BDF0F782B931
:10A9E000B3F1FF3F08BFB2F1FF3F70B504461D460B
:10A9F000164613D01A4315D06FF001024FF0FF3303
:10AA0000921B63EB0501002904DAF0F76BF9821958
:10AA100041EB0501C4E90021204670BD4FF0FF3233
:10AA20001146F7E70022FBE7B3F1FF3F08BFB2F1A1
:10AA3000FF3FF8B5074616461C4610D054EA0203FD
:10AA400011D0F0F74FF9B0420A46A14103460AD2AD
:10AA5000F31A64EB0204C7E900343846F8BD4FF03E
:10AA6000FF331C46F7E70023FBE70023C0E9081289
:10AA700000F11802C0E90622C0E900330363436312
:10AA8000704710B50446FFF768FFA8B9636A0BB1B9
:10AA90002046984704F11800FFF768FD60B1FFF702
:10AAA00024FDEFF31180102383F31288BFF36F8F1F
:10AAB000BDE81040EFF74ABC10BD0346EFF311822A
:10AAC000102181F31288BFF36F8F0021006B19638F
:10AAD00082F31188BFF36F8F704770B5D0E90034EF
:10AAE000984209D044B1A568EDB115F9526C12F93C
:10AAF000525CB54208D007DDC1E900042160416025
:10AB000010E0A342F8D01B68002BF5D09A6862B120
:10AB100012F9522CAA42F4D0F3DD5A68C1E900328E
:10AB20001160596070BDAB7BFFDE937BFCE72DE9C4
:10AB3000F84F00250F461446984601462E464FF022
:10AB4000100AA946BD4202DB3046BDE8F88FEFF39C
:10AB5000118B8AF31288BFF36F8F4B7B03F03F0397
:10AB6000082B09D853B1013B072B07D8DFE803F0C6
:10AB7000281C06220606062E102B3ED0B8F1000F28
:10AB800034D12378002B31D04B7B03F03F03082BCB
:10AB900035D8002B35D0013B072B32D8DFE803F046
:10ABA0003E34313A313131410B699B68002BE5D09D
:10ABB000022310E00B691B68002BDFD004230AE09E
:10ABC0000B699B68002BD9D0012304E00B695B6AF9
:10ABD000002BD3D01023CA68C1F80890C2F3863086
:10ABE000034363F39432CA6084F800908BF31188B6
:10ABF000BFF36F8F01351431A4E72023EBE7102B4F
:10AC000013D08C600136F1E7224608691030FFF757
:10AC100064FFF6E7086922461430F8E7224608691F
:10AC2000F5E7086922462830F1E708692246303006
:10AC3000EDE72DE9F041846805460E46D4B163780E
:10AC4000012B22D114F8533C9A0711D5A4F16007C7
:10AC50003846FFF7A1FC082E0CBF6FF0030300235A
:10AC6000236514F8533CDB0602D13846FFF73DFC60
:10AC7000002323700020EB68A860C3F386321643DC
:10AC800066F39433EB60BDE8F081022BF0D12378BA
:10AC9000002BEDD054F8048CB8F1000FE8D004F18B
:10ACA0001400FFF75AFE0023A4F11407394640466A
:10ACB000E362FFF755FBDBE710B5002452050902FC
:10ACC00001F47C5102F400120A43017B84600A43C0
:10ACD000C0E9032310BD38B5EFF31185102383F3CA
:10ACE0001288BFF36F8F0468A04211D0D4E90032FC
:10ACF00013605A6000232046C4E90033FFF799FF30
:10AD000085F31188BFF36F8F201E18BF012038BD57
:10AD10000024F5E70023C0E90000836070470023AA
:10AD20008360704783680B60C368136070470432A8
:10AD3000D3B5044608D20026002741F00401CDE92E
:10AD40000067FEF76FFF10B9002002B0D0BD40F8D9
:10AD5000044BFAE720B1011F50F8040CFEF7ADBF19
:10AD6000704701460420F0F759B9002070476FF092
:10AD700057007047C9B20346024410B593421846C3
:10AD800001D1002003E0047801338C42F6D110BDDC
:10AD90000A44431E914200D1704710B511F8014B8F
:10ADA000914203F8014FF9D110BD884210B501EB73
:10ADB000020402D98442234607D8431EA14208D088
:10ADC00011F8012B03F8012FF8E7024401468A42EB
:10ADD00000D110BD13F8014D02F8014DF7E7024410
:10ADE0000346934200D1704703F8011BF9E720F0B6
:10ADF0002003413B192B05D9303809288CBF00208E
:10AE0000012070470120704720F0200041381928A8
:10AE10008CBF0020012070471F2804D9A0F17F03B8
:10AE200058425841704701207047303809288CBF7C
:10AE300000200120704721385D288CBF00200120B0
:10AE40007047613819288CBF0020012070472038D6
:10AE50005E288CBF002001207047202805D00938CB
:10AE600004288CBF00200120704701207047413822
:10AE700019288CBF002001207047A0F13003092B56
:10AE800007D920F02000413805288CBF0020012080
:10AE9000704701207047A0F14103192B98BF203063
:10AEA0007047A0F16103192B98BF2038704700212B
:10AEB000F0F742BA0A220021F0F7F8BB0A2200217B
:10AEC000F0F7F4BBF0F7D0B8F0F7EAB80139024474
:10AED00010B5904201D1002005E0037811F8014F30
:10AEE000A34201D0181B10BD0130F2E710B5044693
:10AEF00014F8013BA3F14102192A11F8012BA2F128
:10AF0000410098BF2033192803D82032981AEFD077
:10AF100010BD981AFCD1002AEAD1F9E7024610B513
:10AF2000147813460132002CFAD1013B11F8012BA1
:10AF300003F8012F002AF9D110BDC9B20346184603
:10AF400013F8012B12B18A42F9D17047002918BFBA
:10AF50000020704710B56AB10139841810F8012B30
:10AF600011F8013F9A4203D1A04201D0002AF5D145
:10AF7000D01A10BD1046FCE710B50139044632B1B5
:10AF800011F8013F013A00F8013B002BF7D10021F5
:10AF9000FFF725FF204610BD0246014410B58A4246
:10AFA000134603D01C780132002CF8D1181A10BDBA
:10AFB00038B511F0FF0403460ED12146BDE83840F4
:10AFC000FFF7BBBF431C054621461846FFF7B5FFF8
:10AFD0000028F7D1284638BD0025F5E70A7870B576
:10AFE0006AB970BD9A4209D10C46054614F8013F72
:10AFF000002BF6D015F8016F9E42F7D00130037890
:10B00000002BEFD11846ECE72DE9F047C3F13709E3
:10B010000746884603F01F055FFA89F916464FF088
:10B02000000A384641462A465346C5F7E1FF4346E3
:10B03000D4B23A4688460746092C84BF4C44E4B251
:10B04000AA4204F1300473EB0A0306F8014BE8D27C
:10B050003046BDE8F0872DE9F04387B01C4617461F
:10B06000814602AB88460093D2E9022300F0E0F863
:10B0700004AB06460D46009348464146D7E90023F7
:10B0800000F0D6F80027DDE90423901953EB050101
:10B0900028BF012737B1029B039A013342F1000216
:10B0A000CDE90232403CDDE90223009400F0DBF8F8
:10B0B00007B0BDE8F0832DE9F04F061889B0994636
:10B0C000154641EB010404AB3046DDF84CB0214697
:10B0D0000093A9F1410AD2E9002300F0A9F806ABD8
:10B0E00007468846304621460093D5E9022300F002
:10B0F0009FF80022DDE90463841951EB0306069BE7
:10B1000028BF0122D5E90001D218079B43F10003B3
:10B11000381848EB0101B84271EB0801E968039166
:10B1200038BF0120A96828BF0020CDF800A014EB8B
:10B13000010C039946EB010110EB0C0041F10001F9
:10B14000A04271EB060C34BF4FF0010C4FF0000C25
:10B15000CDE906231CEB020243F1000300F083F863
:10B16000129BC3E90001149B012BDDE9062329D1C1
:10B17000D5E90201D5E900C5201ACDF800A066EB9B
:10B180000101674578EB050534BF01250025401B0B
:10B1900061F10001844276EB010534BF01250025F1
:10B1A000521B63F1000300F05EF8DDE90623CBE9F2
:10B1B000000120463146CDF800A000F054F809B057
:10B1C000BDE8F08F17EB070E48EB080C201946EB93
:10B1D0000601BE457CEB080834BF01270027C719CC
:10B1E00041F10008D5E9000186457CEB010C34BF34
:10B1F00001200020D5E90215381A68F1000C401A28
:10B200006CEB050192185B41A74278EB060534BF51
:10B2100001250025521943F10003874278EB01080C
:10B2200034BF01250025521BA9F140050095B8E760
:10B23000F0B50F460446A0FB0201059EA7FB025293
:10B240004919A3FB0445A7FB037342F100026118EF
:10B2500045F10004D21943F10003121943F1000330
:10B26000C6E90023F0BDF0B5059CC4F14007C4F168
:10B270002006A4F12005E04002FA06F6BB4022FABF
:10B2800005F5BA403343C4F120062B4301FA06F614
:10B29000A4F12005304321FA05F5E1402843194384
:10B2A0001043F0BD2DE9F04357EC106B3B4634469C
:10B2B000FE0F40F2FF77C3F30A55C3F31303067181
:10B2C00054EA030C07D0BD420CD146F008060671C3
:10B2D0000020BDE8F083002D64D0BD425FD146F070
:10B2E0000406F4E7002D5AD10125A5F2FF35002907
:10B2F00005605ADB0C295ADCC1F10D050126AD00B1
:10B3000005F1FF3EA5F1210CC5F1210706FA0CFC61
:10B3100026FA07F706FA0EF64CEA070CB7194CEBBB
:10B320000C09D7F1000869EB490E013F49F1FF39DB
:10B33000274009EA0309BE427CEB090910DBC5F18D
:10B340002009B5F1200724FA05F503FA09F958BFD9
:10B3500043FA07F745EA090558BF3D43ED0703D512
:10B36000A619344643EB0C0304EA080403EA0E036F
:10B3700000F112050D260846C2F127024FF0300EEB
:10B3800004F00F01240906F1FF3C6F1E44EA037428
:10B390001B11B1B9B0420CDA66463D46F0E743F402
:10B3A0008013A2E72C462B46A1E70021E0E70D2100
:10B3B000DEE785F800E01CF1010166463D46DFD17D
:10B3C00087E70929C8BF8918B04201F13001B8BF29
:10B3D00030462970EFE7D1E9043293421EBF5A1C70
:10B3E0000A611870704738B58B780D469B0709D5F0
:10B3F000C4B24B6820469847002806DAAB7843F081
:10B400000403AB704FF0FF3038BD2046FCE77047B7
:10B410000148006870470000E8A10020000000001B
:10B420005FF800F0FD0000205FF800F00904002044
:10B430005FF800F0990100205FF800F0650300203C
:10B440005FF800F0590100205FF800F001000020D3
:08B450005FF800F02D0200205E
:08B45800045CFC7F0100000010
:10B46000BD7D010000000000ED8101000000000032
:10B470000D820100000000002D820100000000008C
:10B48000000000003CB704000000000088B6040083
:10B4900000000000F4B604000000000040B6040004
:10B4A0000000000018B7040000000000ACB6040063
:10B4B0000000000064B6040000000000D0B60400E4
:10B4C000D192030000000000F5920300000000008C
:10B4D00075930300000000000000000014B8040091
:10B4E0000000000084B704000000000060B7040002
:10B4F0000000000034B904000000000010B904008E
:10B5000000000000ECB8040000000000C8B804000F
:10B5100000000000A4B804000000000080B804008F
:10B52000000000005CB804000000000038B804000F
:10B5300000000000F0B7040000000000CCB70400D9
:10B5400000000000A8B70400000000000CBA0400CE
:10B5500000000000E8B904000000000058B9040031
:10B56000000000007CB9040000000000A0B9040045
:10B5700000000000C4B90400497A02000000000085
:10B580002198020000000000F3D903000000000031
:10B59000D103020000000000BD7C0100000000009B
:10B5A000CDAF010000000000093F030000000000D3
:10B5B000CD98030000000000000000009CBA0400C9
:10B5C00000000000C0BA04000000000030BA04000F
:10B5D00000000000E4BA04000000000078BA040093
:10B5E0000000000054BA04000000000008BB040082
:10B5F000393D010000000000000000002CBB0400E9
:10B600000000000050BB04000000000074BB0400F8
:10B610000000000098BB04008152010000000000FF
:10B6200021A1010000000000BB1104000000000087
:10B63000F92F01000000000031E9010000000000C6
:10B640003D7F05006021050044BC0400841E0020ED
:10B65000000000007B550400000000000000000016
:10B6600054210500567F05007421050044BC0400E8
:10B67000861E0020000000007B5504000000000032
:10B6800000000000682105006F7F0500882105008B
:10B6900044BC0400881E0020000000007B5504000C
:10B6A00000000000000000007C210500897F0500EB
:10B6B0009C21050044BC04008A1E002000000000FC
:10B6C0007B550400000000000000000090210500F0
:10B6D000A47F0500B021050044BC04008C1E00209E
:10B6E000000000007B550400000000000000000086
:10B6F000A4210500BE7F0500C421050044BC040050
:10B700008E1E0020000000007B5504000000000099
:10B7100000000000B8210500D87F0500D8210500F1
:10B7200044BC0400901E0020000000007B55040073
:10B730000000000000000000CC210500F17F0500A2
:10B740000000000000000000921E00200000000029
:10B75000A15504000000000000000000E0210500E9
:10B76000AA7C050088200500000000007E1E002045
:10B7700038AF00203570020000000000000000001B
:10B780007C200500E57C0500A420050000000000E9
:10B79000801E002064AF0020117002000000000035
:10B7A0000000000098200500DA820500242305002F
:10B7B000DCBB0400A21E00207CB3002000000000BF
:10B7C00000000000000000001823050004830500AD
:10B7D00048230500DCBB0400A41E002088B3002021
:10B7E0000000000000000000000000003C230500F5
:10B7F0002E8305006C230500DCBB0400A61E002080
:10B8000094B30020000000000000000000000000D1
:10B81000602305005783050090230500DCBB04006E
:10B82000A81E0020A0B300200000000000000000BF
:10B83000000000008423050081830500B423050077
:10B84000DCBB0400AA1E0020ACB3002000000000F6
:10B850000000000000000000A8230500AB830500E5
:10B86000D8230500DCBB0400AC1E0020B8B30020C8
:10B87000000000000000000000000000CC230500D4
:10B88000D5830500FC230500DCBB0400AE1E0020B0
:10B89000C4B3002000000000000000000000000011
:10B8A000F0230500FF83050020240500DCBB040015
:10B8B000B01E0020D0B300200000000000000000F7
:10B8C000000000001424050029840500442405001C
:10B8D000DCBB0400B21E0020DCB30020000000002E
:10B8E000000000000000000038240500538405001B
:10B8F00068240500DCBB0400B41E0020E8B300206F
:10B900000000000000000000000000005C240500B2
:10B910007D8405008C240500DCBB0400B61E0020DD
:10B92000F4B3002000000000000000000000000050
:10B9300080240500A7840500B0240500DCBB0400BA
:10B94000B81E002000B4002000000000000000002D
:10B9500000000000A4240500995A05003C1E0500C3
:10B96000B4BC04007C1E002080050020D9B1010079
:10B970000000000000000000301E0500918005005E
:10B9800000000000BCBB0400961E00200000000068
:10B99000ED5504000000000000000000202205001A
:10B9A000528205005C140020000000009C1E002054
:10B9B00060140020C35904000000000000000000D3
:10B9C000F4220500D18905001C26050008BD0400ED
:10B9D000C41E002018190020E5910200000000009C
:10B9E0000000000010260500D18905006026050032
:10B9F00008BD0400C61E00209819002075910200A1
:10BA0000000000000000000054260500668A0500C2
:10BA1000AC26050020BC0400C81E0020181A002017
:10BA2000559202000000000000000000982605006A
:10BA3000A17D0500D820050010210500821E0020F0
:10BA40004C130020D9730200000000000000000029
:10BA5000CC200500818205002C140020C4BB04000A
:10BA60009E1E0020341400203D81020000000000D2
:10BA70000000000000230500AB82050044140020F4
:10BA8000C4BB0400A01E00204C1400203D81020015
:10BA900000000000000000000C2305007A8705006C
:10BAA0006813050000BC0400BA1E002034170020F3
:10BAB000418A02000000000000000000C8240500C8
:10BAC000BB8805007425050018BC0400BE1E0020BC
:10BAD00018180020155C04000000000000000000A1
:10BAE00068250500E2880500B025050018BC0400A3
:10BAF000C01E002098180020115C04000000000007
:10BB000000000000A4250500618005000C2205004E
:10BB100028BC0400941E0020FC130020AB55040038
:10BB2000000000000000000000220500EE87050074
:10BB30000025050060BC0400BC1E0020D4170020B6
:10BB4000F98B02000000000000000000F424050052
:10BB500022820500E82205005CBD04009A1E002038
:10BB6000A08B00204D7F02000000000000000000BC
:10BB7000DC2205002F890500E025050078BC0400C3
:10BB8000C21E00200CB40020F98E0200000000004C
:10BB900000000000D825050079810500041400206C
:10BBA00040220500981E002058070020B57A0200A8
:0CBBB00000000000000000002C22050036
:08BBBC00F75504000000000031
:10BBC400995904006D8102002182020095590400F4
:08BBD40089590400C980020038
:10BBDC0035830200F1590400FF590400155A040082
:10BBEC00255A0400375A040079840200475A04008D
:04BBFC000000000045
:10BC0000298B0200135B04003D8602000000000047
:08BC100000000000000000002C
:08BC1800E18D0200D58C020051
:08BC20001993020039620400CF
:10BC2800D91401000000000000000000FD790200A6
:10BC380000000000C155040000000000AD790200BA
:10BC4800D5790200000000007F55040000000000C4
:08BC58000000000000000000E4
:10BC60000000000000000000515B0400915B040034
:08BC70000000000000000000CC
:10BC78003D5E0400835E04005B5E0400695E0400B0
:10BC880000000000000000000000000000000000AC
:10BC9800000000000000000000000000000000009C
:0CBCA80000000000000000000000000090
:10BCB40059AE010049B0010000000000F7FE030086
:10BCC4006DFF030089AE010029AE0100CDB3010070
:10BCD400CDFF030049AD0100DDAD0100C3FF03004A
:10BCE4000000000081AD0100000000000000000021
:10BCF400A9AD0100FDB20100CBFE0300FBFF030070
:10BD0400D3FE0300995E0400C35E0400E55E0400F4
:10BD140001910200EF6004001F5F0400655F0400EE
:10BD2400B35F0400D55F0400E35F04001B600400FC
:10BD34003F600400056004004D600400798F020038
:10BD44009D8F02007B600400CB600400E760040068
:08BD54000000000000000000E7
:10BD5C007758040081570400BB5804007158040044
:10BD6C004F5704000000000000000000000000001D
:08BD7C000000000000000000BF
:0CBD8400000000000000000000000000B3
:10BD90004C7C0500F4230020351104000608000047
:10BDA000417C0500F4230020910C040000080000F1
:10BDB0000000000000000000FF0A0400F9E9010093
:10BDC000000000000000000067050400D9D4010055
:10BDD0000500000000000000830B040029F90100A9
:0CBDE000381300200100000034AF0020E8
:10BDEC00A3370500030000004A38050003000000DB
:10BDFC006A80050003000000524E0500010000009F
:10BE0C0046390500030000008F8105000300000087
:10BE1C00C74C050003000000BA82050003000000B7
:10BE2C00A776050003000000C751050003000000C1
:10BE3C00F884050003000000617A05000100000091
:10BE4C005078050001000000F77B050001000000A0
:10BE5C0054390500030000005839050003000000A8
:10BE6C0022520500030000002A52050003000000C6
:10BE7C009B33050003000000358205000300000021
:10BE8C00CE51050003000000D8510500030000004E
:10BE9C001A52050003000000F351050003000000D6
:10BEAC0000520500030000000C52050003000000C6
:10BEBC00E451050003000000F588050003000000B4
:10BECC00CA89050003000000788A05000300000001
:10BEDC003E890500030000008D870500030000006B
:10BEEC00E387050003000000584305000300000031
:10BEFC005E430500030000008338050003000000CA
:10BF0C00A17D0500010000001A7F05000100000062
:10BF1C00B65A05000100000095580500010000000C
:10BF2C00E9550500010000007059050001000000F2
:10BF3C00F4560500010000003C540500010000000F
:10BF4C003354050001000000CB590500010000002E
:10BF5C00AC590500010000009834050001000000F8
:08BF6C00D3590500010000009B
:10BF74002C1B0500E0A10020724305000000000016
:10BF8400B03205007D0B0100FB310500ED0A010014
:10BF94000333050091100100283205003D0B010018
:10BFA4009432050021020100083205005D0A0100F7
:10BFB40069320500AD0A010010330500850A01004D
:10BFC400D6320500710A01001F330500C10A0100C1
:10BFD400C9320500E1070100BC3205008D050100EE
:10BFE4005C3205001D020100EF310500DD04010093
:10BFF40085320500E90E0100A1320500250F01007C
:10C0040050320500B904010078320500E501010051
:10C01400DF3105000102010036320500310501005F
:10C02400CF310500510F0100E532050099040100EC
:10C0340042320500C101010017320500D50101009B
:10C04400C2310500AD0D0100F2320500F10F01000F
:10C05400AF31050035CD03007C8005007CB90400B8
:10C064008F7F0500D0B604003D820500A0B904000E
:10C074009682050078BA04006C82050054BA040064
:10C08400D17C050084B704004C80050008BB040083
:10C09400967C050060B7040095890500C4B90400C6
:10C0A4009384050034B904006984050010B90400C0
:10C0B4003F840500ECB8040015840500C8B80400EA
:10C0C400EB830500A4B80400C183050080B8040014
:10C0D400978305005CB804006D83050038B804003C
:10C0E4001A830500F0B70400668705009CBA0400B3
:10C0F400DD7F05003CB704005B7F050088B60400C3
:10C10400A7880500C0BA0400528A05000CBA0400CE
:10C11400AA7F0500F4B60400B0890500E8B904005C
:10C12400FA7E050030BA0400855A050058B90400A7
:10C13400297F050040B60400C47F050018B7040039
:10C14400757F0500ACB60400427F050064B60400A8
:10C15400CF8705002CBB04000E82050050BB0400F1
:10C164006581050098BB0400F0820500CCB704008B
:10C17400C6820500A8B704004483050014B804006F
:10C18400CE880500E4BA04001C89050074BB0400D1
:10C194003E350500F4230020556D0500A17C010007
:10C1A4008A630500DBF303001E9705009F9D0400CE
:10C1B40070380500D5D4030063380500E7D40300C4
:10C1C4009533050009190100A4360500AFAE04003B
:10C1D400A9360500B5AE04009F360500BDAE0400C7
:10C1E40078630500DFF30300B4360500897D0100A0
:10C1F4006D330500317C0100597005009DF3030087
:10C2040050630500E3F303009A330500491C010061
:10C21400A2340500BDB00300176C05006D7D01005C
:10C22400B6340500D7F303009E620500D3F3030080
:10C234008F360500EFAD04007736050009AE040023
:10C244006F36050019AE0400673605002BAE0400F6
:10C254005F36050037AE04004736050043AE0400E0
:10C26400573605004FAE0400973605005BAE040058
:10C274004F3605006FAE04003E3605007BAE040069
:10C28400B2330500B39B04006697050019A40400AB
:10C29400C336050063AD04003136050075A3030001
:10C2A400223605009DA30300BF3305006BAA0400DA
:10C2B400A2330500DD9B030072620500E7F303006F
:10C2C400C5360500017D010009780500CDAE0400E6
:10C2D4000278050091AD0400CC360500ABAD040036
:10C2E400FB770500DFAD04000E3505006161020037
:10C2F4002D350500B3450400ED350500A91C0200E9
:10C30400F9350500111C0200D9350500E51B0200B2
:10C314008435050085170200C33505004518020061
:10C32400AC3505001F18040099350500A517040055
:10C33400643505002F1704004F350500451502002C
:10C34400F234050091240200D5340500EF1E0400E8
:10C35400A7340500A1F303007933050021B20300DB
:10C364005C38050089D403008833050045B2030016
:10C374009033050051B20300AF360500C5AE04008A
:10C38400BB360500357D0100AC340500EBF303003A
:10C394005C620500FBF303006033050027D903004A
:10C3A400523305006BD9030045330500E7D8030079
:10C3B400B13405000BF403001E6205001BF40300F6
:10C3C400066205002BF403009E330500E9200100FA
:10C3D4007733050091B20300DC61050039F40300F2
:10C3E40080330500E9B20300AE360500C9AE04008F
:10C3F400F8360500EDAE0400D43605001DAF040088
:10C40400DB3605003BAF0400E93605005D10010092
:10C41400E93605005D100100107805007110010077
:10C42400E236050081100100E236050081100100AA
:10C434000B37050055AF04000B37050055AF04005A
:10C444000337050079AF04000337050079AF040012
:10C454001A370500B1AF040013370500DDAF04003F
:10C46400F036050099B703002E330500F199020058
:10C474007F8A0500199A0200963305009121010074
:10C48400C2340500710402008736050097AE04002B
:10C494007F360500A3AE04000A34050019A6010086
:10C4A400843405005DF80300E53305009DF70300BF
:10C4B400FA33050003F703006C34050011F7030099
:10C4C4003B3405004DF70300CC33050029920100ED
:10C4D400D9330500A1910100983405001D91010094
:10C4E4005734050055FE030021340500B1A90100AD
:10C4F4005B38050085D40300DD7705001181010058
:10C50400C8770500539B0400AE7705009D8E030099
:10C514008C770500E58E030079770500EF9B040016
:10C52400627705003D9B040047770500000000008A
:10C534003577050091EF0300227705000000000025
:10C544000F77050000000000FD760500356C010042
:10C55400E876050069EF0300CC7605004359040032
:10C56400AA7605003959040087760500315904007C
:10C574006B76050000000000557605000000000001
:10C58400337605000000000021760500000000005D
:10C594000676050000000000EF75050000000000AD
:10C5A400DC75050000000000C075050000000000F7
:10C5B400A6750500000000008B7505000000000052
:10C5C40067750500000000004775050000000000C5
:10C5D40028750500000000000F750500000000002C
:10C5E400F174050000000000D17405000000000093
:10C5F400B47405000000000094740500075B040097
:10C6040075740500FB5A040059740500C5840200C2
:10C614003B740500015B0400137405000D5B04000A
:10C62400FE73050000000000E87305000000000030
:10C63400D173050000000000AF7305000000000086
:10C644008B730500000000007773050000000000F4
:10C65400647305001F9B0400497305009D9C03003F
:10C664003373050011A404001B730500519C0300DF
:10C67400057305000D9D0300F07205000000000025
:10C68400DC72050000000000C87205000000000014
:10C69400B5720500000000009B7205000000000058
:10C6A40087720500000000006F72050000000000A2
:10C6B40058720500979D0400427205009B9D04007A
:10C6C4002E720500000000001A7205000000000030
:10C6D400FF710500599D0300E6710500FB9D0400F0
:10C6E400D471050069940300BC710500339E0400F5
:10C6F400A171050000000000867105000000000023
:10C7040073710500419E04005D710500739E040071
:10C7140049710500B99E040037710500A99303000F
:10C72400237105004F9F04000F710500319503002C
:10C73400F970050021960300DC700500000000007C
:10C74400C670050000000000AB700500000000008A
:10C7540093700500000000007A70050000000000DE
:10C764005F700500000000004B700500FBA804008A
:10C77400377005000000000025700500000000006F
:10C784001270050013A704000070050000000000EB
:10C79400ED6F0500D9A70300D46F05000000000069
:10C7A400C06F0500BBA80400AC6F050043A70400DC
:10C7B400926F050000000000846F05001DAF0300A8
:10C7C400696F050025AD04004F6F050015AD040029
:10C7D400346F0500CDAF0300196F05001FAD0400D1
:10C7E400FD6E05001DA10400E06E050031A10400EA
:10C7F400C56E050089A00400B26E0500C196030051
:10C804009E6E05006FA00400866E05000000000007
:10C814006D6E050063A10400546E05006BA1040055
:10C82400406E050041A403001C6E0500E5A503004D
:10C83400056E050000000000F36D05002597030058
:10C84400E16D050073A10400CE6D0500E5970300BA
:10C85400BC6D050099970300AD6D0500CFA50400DC
:10C86400936D0500A7A10400806D05006598030081
:10C874006C6D0500CFA104005B6D0500C938010093
:10C88400456D0500617901002E6D0500F19E0300E0
:10C894000E6D050000000000EE6C050000000000B5
:10C8A400D16C050000000000BC6C050035A7030036
:10C8B400A26C05002FA40400896C0500799D030077
:10C8C4006C6C050025A404004F6C050015A403003E
:10C8D400386C050011A303001C6C05006BAD04004B
:10C8E400016C05006FAD0400E16B05006DA404004C
:10C8F400C96B050005A10300A36B0500000000003F
:10C904007B6B0500000000005E6B0500000000006A
:10C914003F6B0500000000002A6B0500F5AD030025
:10C92400106B0500BBAA0400F56A050069AE03009C
:10C93400E16A050083AA0400C46A0500000000003F
:10C94400A76A050000000000916A0500DDA9040043
:10C95400816A05001FA60400716A05009DA50300F5
:10C96400626A050095A40300486A050091C80100A5
:10C97400306A0500813F01001A6A05002BDA0300C2
:10C98400FB6905003BDA0300EA690500453F010045
:10C99400D76905001FDA0300C2690500251F0200DC
:10C9A400AD690500F920020087690500A10D0400A6
:10C9B4006C6905002115020047690500DF170400B2
:10C9C4001F6905001D1A0400FB6805000D19040009
:10C9D400D8680500CF170400A86805009117040063
:10C9E40080680500811704005B68050000000000F2
:10C9F40033680500000000000F6805000000000017
:10CA0400F567050000000000DA670500000000007B
:10CA1400C067050000000000A267050000000000D8
:10CA24008C67050000000000796705000000000025
:10CA34006367050000000000346705000000000083
:10CA44001E670500FD9001000A670500BD90010006
:10CA5400F366050000000000DD660500000000002C
:10CA6400C966050000000000B36605000000000070
:10CA740097660500000000007C66050000000000C9
:10CA84006166050000000000466605000000000025
:10CA94002C6605000000000011660500000000007F
:10CAA400F765050000000000E065050000000000D7
:10CAB400C665050000000000AC650500000000002C
:10CAC4009865050000000000806505000000000076
:10CAD4006B650500000000005265050000000000C1
:10CAE4003B6505000000000025650500000000000E
:10CAF4000B65050000000000FC6405000000000058
:10CB0400E764050000000000D46405000000000094
:10CB1400B36405006DDB0300926405007FDB030052
:10CB24007164050093DB0300526405009D4201001B
:10CB340033640500000000001264050000000000DA
:10CB4400EE63050069CC0100DA630500797C01001D
:10CB5400C563050000000000AC6305000000000090
:10CB640091630500000000007D63050089D0010089
:10CB74006B63050085CF0100586305003D05040083
:10CB840043630500DDCF01002B63050069D201007A
:10CB94000B6305002D050400F26205004F05040037
:10CBA400D9620500D9D30100C062050031D4010067
:10CBB400A862050009D30100916205004105040043
:10CBC40079620500B9D201006562050035D0010023
:10CBD4004F620500A5D101003A62050011D201009F
:10CBE400256205004DD1010011620500E1D001006C
:10CBF400F961050071D30100E361050031CF010043
:10CC0400CF610500CDCE0100B7610500A502020089
:10CC1400A66105007FF60300936105003D8A0100CB
:10CC240008360500E941010008360500E941010024
:10CC340069430500C0110020609000209C11002071
:10CC440002000000B01A05005C900020C41A050020
:10CC5400541F00205E430500C0540020C8D00120AA
:10CC6400981B0500041A0500C4190500581A05008C
:10CC7400181B0500701B0500B0190500601E050097
:10CC8400AC1B05005C1B0500481B0500841B05004C
:04CC9400201905005E
:10CC9800000000000000000000000000000000008C
:10CCA8000000000008680500713A05000000000057
:10CCB80039470100000000005F3C0500693C0500A1
:10CCC80000000000AD47010003000000B66D05003C
:10CCD800A03A0500000000005547010002000000CE
:10CCE80013720500883C050024CD040000000000F4
:10CCF80000000000263B05002D3B05000000000059
:10CD08006113010001010000843B05008C3B050014
:10CD1800000000009547010000000000000000002E
:10CD280000000000000000000000000000000000FB
:10CD3800463F05004B3F050000000000DD4A0100AA
:10CD48000200000025580500773D0500000000009E
:10CD58005148010000000000486C0500EC3E050049
:10CD680000000000794A010002000000183E05009A
:10CD78001F3E0500000000004549010000000000BA
:10CD8800D96B0500913E050000000000154A01001E
:10CD98000200000000000000000000000000000089
:08CDA800000000000000000083
:08CDB00041C9010077030400F2
:08CDB800010000000000000072
:10CDC0002E9705000001000018AD0020F52300009B
:10CDD00045030000F1020000F1020000F102000032
:10CDE000F1020000F102000000000000000000005D
:10CDF00000000000F1020000F1020000000000004D
:10CE0000F102000051050000610500006F050000FF
:10CE10007305000077050000E91900007B0500009C
:10CE20007F05000021200000C51F000079090000D7
:10CE3000750A000000000000000000000000000073
:10CE400000000000000000000000000000000000E2
:10CE500000000000000000000000000000000000D2
:10CE600000000000000000000000000000000000C2
:10CE700000000000000000000000000000000000B2
:10CE800000000000000000000000000000000000A2
:10CE90000000000000000000000000000000000092
:10CEA0000000000000000000000000000000000082
:10CEB0000000000000000000000000000000000072
:10CEC0000000000000000000000000000000000062
:10CED0000000000000000000000000000000000052
:10CEE0000000000000000000000000000000000042
:10CEF0000000000000000000000000000000000032
:10CF00000000000000000000000000000000000021
:10CF10000000000000000000000000000000000011
:10CF20000000000000000000000000000000000001
:10CF300000000000000000000000000000000000F1
:10CF400000000000000000000000000000000000E1
:10CF500000000000000000000000000000000000D1
:10CF600000000000000000000000000000000000C1
:10CF700000000000000000000000000000000000B1
:10CF80000000000000000000FFFFFFFFFFFFFFFFA9
:10CF9000FFFFFFFFFFFFFFFFFFFFFFFFFFFFFFFFA1
:10CFA000FFFFFFFFFFFFFFFFFFFFFFFFFFFFFFFF91
:10CFB000FFFFFFFFFFFFFFFFFFFFFFFFFFFFFFFF81
:10CFC000FFFFFFFFFFFFFFFF0A4B53F83000CBB21C
:10CFD00011F07F010BD0DA09074B03EB02130B446E
:10CFE00093F878301BB1373300EB43007047603063
:10CFF000704700BF603E00002C8B0020F0B50B4C4A
:10D000000D46A042104623F0010404BF0330023253
:10D010005E080C44A54205D1DB0744BF11F8163069
:10D020000370F0BD35F8027B1780F3E70010114064
:10D03000084B03EBC00393F90430002B08DB0122FB
:10D04000590903F01F0302FA03F3034A42F821309F
:10D05000704700BF603E000000E100E00A4B03EBB8
:10D06000C00393F90430002B0DDB01215A0903F0B2
:10D070001F03994002F12003044A42F82310BFF332
:10D080004F8FBFF36F8F7047603E000000E100E0FC
:10D0900038B50546FFF798FF04462846FFF7DEFF40
:10D0A000238803F0030343F0020323800223238039
:10D0B000BDE83840FFF7BCBF00BE70470123074AF8
:10D0C000A2F80431B2F804319BB2002BFAD101234B
:10D0D000A2F80031024A93601360704700C001401B
:10D0E00000700040064B93F826101A6A054BC2F3F5
:10D0F000026253F82130D340034A1360704700BFE7
:10D1000000E00140C0050020B48A0020034AB2F8C4
:10D1100040319BB2A2F83031704700BF0060004040
:10D1200010B5EFF31081012383F310880F4A32F812
:10D1300010309BB22BB132F81030013B9BB222F879
:10D14000103032F810309BB263B9094A094CB2F87A
:10D15000FE3334F810009BB243F4254323EA000366
:10D16000A2F8FE3381F3108810BD00BF148A00209E
:10D1700000E00140343D000030B5EFF3108401239E
:10D1800083F310880D4A32F810309BB263B90C4912
:10D190000C4DB1F8FE3335F810509BB22B4343F4DD
:10D1A00025439BB2A1F8FE3332F8103001339BB215
:10D1B00022F8103084F3108830BD00BF148A00209C
:10D1C00000E00140343D00002DE9F84F04460027FF
:10D1D0004FF0010B414D23889F422AD3EFF310807B
:10D1E000012383F310883E4B196819B93D4AD17069
:10D1F0004021D1701A6801321A6080F31088002033
:10D20000394D218882B291424AD8EFF31081012230
:10D2100082F310881A6812B11A68013A1A601A6803
:10D220001AB9304BDA708022DA7081F31088BDE8C9
:10D23000F88F4FF00008DFF8B4904FEAC70A636830
:10D2400039F8022B03EB0A018988914217D153F870
:10D250000A300BFA08F603F0B853B3F1807FF6B248
:10D2600095F8BB3412D1334209D10120FFF784FF76
:10D2700095F8BB34334385F8BB34FFF751FF08F111
:10D280000108B8F1030FDAD10137A4E73342F6D031
:10D290000120FFF771FF95F8BB3423EA0603EAE7A4
:10D2A000666882B206EBC201898856F832600A0AC3
:10D2B00016F4803FC9B24FEA02120AD0571855F847
:10D2C00027C02CF4803C45F827C026F4803C45F864
:10D2D00027C00A4445F82260013092E700E001408F
:10D2E0000C8A0020000D0840000808402E3D000078
:10D2F000EFF30380103840B27047FFFF054BC0309A
:10D3000053F8202022F4803243F8202053F82030B4
:10D31000704700BF00600040024A13680133136089
:10D32000704700BF708A002008B5FFF7E1FFBDE835
:10D330000840FFF7E3BFFFF7F7BFFFF7F5BFFFF7C1
:10D34000F3BFFFF7F1BFFFF7EFBF0A4492B291427C
:10D350004FEA400001D8824201DB121A92B2104615
:10D3600070472DE9F0471F460B894C899BB2A4B248
:10D3700092468A88A34236BFC4EB42051D1BED18B6
:10D38000ADB2AA4281460E4605D2934209D3154654
:10D390009C1AA4B24C81002D35D12C46A8462946B2
:10D3A00010E015469C18A4B24C81A2422ED9D6F8A2
:10D3B00000809C4208EB04012BD3AD1A131B2C44B4
:10D3C000A4B29DB2BD4228BF3D467F1B2B465246AC
:10D3D0004846BFB2FFF712FE57B1BC4228BF3C46D9
:10D3E0005246234641464846FFF708FE2C44A5B264
:10D3F00071892A46B08889B2FFF7A7FF7081BDE81E
:10D40000F0879B1A9BB29A42FBD9CEE7A41AA4B22A
:10D41000CBE74FF000084446D4E7FFFF2DE9F04189
:10D42000154D0746EC881CB901202C60BDE8F08141
:10D43000B0F85E80264608F07F08444528BF46467F
:10D440003EB16B7A296800F1140273B13346FFF7DD
:10D4500088FF444538BF4FF40043A4EB06044FF067
:10D46000000038BF7B84EC80E0E73346FFF7C6FD61
:10D4700031442960EDE700BF2C8B00200C232DE9FF
:10D48000F0474B43264D0446EA18D6880F461EB98E
:10D490000120EE50BDE8F0878BB243F48062028534
:10D4A000A0F86430B0F86CA01FFA8AFA238D03F05C
:10D4B0000F039F42FAD1638D9B04FCD55645B046BD
:10D4C00028BFD046B8F1000F0FD04FF00C0909FB70
:10D4D00007F905EB09035B7A55F8091004F1180206
:10D4E000ABB143462046FFF73CFF56453CBF4FF4E7
:10D4F0000043638500232385208D10F00F00FBD1AE
:10D500000C2303FB0755A6EB0806EE80C2E7434653
:10D510002046FFF773FD414445F80910E5E700BFD9
:10D520002C8B0020002070474B6902490B610121C0
:10D53000184700BFF88900200346034A10780BB152
:10D54000FFF776BDFFF78ABD380500200222024BA7
:10D550005A8000221A717047288800200022024B4E
:10D560001A80FFF7F3BF00BF288800200020FFF7D4
:10D57000F5BF01207047FFFF8B7970B5012B35D1C6
:10D58000CB79022B32D1002318468D788C79012C6F
:10D5900020D04B78212B22D1154B8A7809301A7074
:10D5A000B1F8053080B2402B21D94FF0E023D3F8F9
:10D5B000F03DDB071BD500BE19E08C78AC420ED1E4
:10D5C000CE78DCB2A6420AD10C780133204480B276
:10D5D0002144DBE7CC79022CDBD19042EDD34FF034
:10D5E000E023D3F8F03DDA0700D500BE002070BD7F
:10D5F00028880020704710B501F1080400F00F02E0
:10D60000D3B2092A8CBF3733303304F8013D8C4242
:10D610004FEA1010F2D110BD08B50146FFF76EFEBB
:10D62000BFF35F8F012201F01F039A404B099B005B
:10D6300003F1604303F56143C3F880211A6008BD1C
:10D6400001220649430900F01F008240203341F8BF
:10D650002320BFF34F8FBFF36F8F704700E100E0CF
:10D6600010B4090100F16044C9B204F5614484F8C2
:10D670000013034941F820205DF8044BFFF7CCBFAD
:10D68000A006002037B5C36B04460A466D468BB131
:10D6900093E80300CDE900011A70226C18465A6025
:10D6A000A26B9047E36B1BB195E8030083E803008E
:10D6B00003B030BD6B46EFE74FF4964313B50193CB
:10D6C000436804461A7842B193F91100FFF7A4FFAA
:10D6D000636893F91300FFF79FFF4AF680230A4A15
:10D6E000A2F88430B2F884309BB2802B02D10020A3
:10D6F00002B010BD019B1BB1019B013B0193F1E7FF
:10D700004FF4FA70F4E700BF00E07F4037B5836B59
:10D7100004460A466D468BB193E80300CDE900014B
:10D72000E16B1A7119601846626B9047A36B1BB1CD
:10D7300095E8030083E8030003B030BD6B46EFE7D4
:10D7400010B5FFF7D5FDFFF7D9FDFFF7D1FD3A4B37
:10D7500053F820301A69117BC1F30000C9074FD478
:10D7600093F82C1093F82A408C4215D093F82D0092
:10D7700020B1022902D15223D3720CE093F8281071
:10D78000D17093F82B20013A83F82B2093F82C20AA
:10D79000013283F82C2010BD196A41B393F82D4053
:10D7A0004CB95A6A98690139805C013219625A622F
:10D7B0001B69D870EFE793F831406CB1012983F809
:10D7C000310004D120211A699172FF20F0E7907294
:10D7D0001A6A012AF9D1F5E7507999695A6A885489
:10D7E0001A6A013A1A625A6A01325A62F0E793F8E9
:10D7F0002E1081B15221D172012283F83020CAE764
:10D8000093F82D1011B193F8311031B10021196244
:10D81000012183F82F105423AEE7507999695A6A91
:10D8200088541A6A93F82E10013A1A625A6A013221
:10D830005A621A69DDE700BFA006002010B5FFF7A5
:10D8400057FD2D4B53F820000269D37A23F00803CB
:10D85000D37290F82F2002F0FF0332B1F0220121A1
:10D860000369DA72FFF752FF1BE090F82A1090F874
:10D870002C20914229D0D2B901290CBF90F8283030
:10D8800090F8293000210269D1720269D37090F8B2
:10D890002B30013B80F82B3090F82C30013380F88E
:10D8A0002C30FFF725FDBDE81040FFF727BD90F8AD
:10D8B0002D1001F0FF0431B1022AE3D190F8293094
:10D8C00043F00103DEE72346DCE7026A002AE8D1E1
:10D8D00090F82D1090F83040C1F103010369C9B2EE
:10D8E0000CB1DA72BEE7F022DA720269937803F0C3
:10D8F000CF039370B6E700BFA00600200022084BBC
:10D900001A719A78042A02D103229A707047072A62
:10D91000FCD11A7812F0040F0CBF08220622F4E79B
:10D920002888002008B50378012B06D103490B880D
:10D930001BB1FFF7E3FF00230B8008BD2088002008
:10D94000030143EA801040F4847040F00100704706
:10D95000002802DB014AFFF783BE7047048B0020DA
:10D9600030B5194DAB686D689C6E2D78032D98BF4E
:10D97000013408B1A0421DD35B6BD20754BF03F042
:10D980001F03C3F30443032D08D90F2B8CBF0023BF
:10D99000012348B9A3B902234B6030BD03F00C0347
:10D9A0001A1F53425341F4E7A04201D3002BF2D196
:10D9B0000323F1E7032D98BF00F1FF300860ECE787
:10D9C000002CE8D0F4E700BF048B00202DE9F341E0
:10D9D00001F00307032F80460C4607D02B4B01F0C4
:10D9E0000C015A681278062A03D129B902B0BDE8A1
:10D9F000F08109B1032AF9D11968254A9142F5D17C
:10DA00009E68736E01334345F0D34FF0FF3500231A
:10DA1000224669464046CDE90053FFF7A1FF019A2F
:10DA2000356B92B914F0080F14BF04230223A0072A
:10DA300058BFDB19009955BF123306EB830306EB81
:10DA40008303D96454BF59601965630642BF336CC0
:10DA500043F480033364012F15D025F44035022CA4
:10DA600045EA02450BD12AB1012269464046FFF73B
:10DA700077FF019A25F0407545EA026501E0002F25
:10DA8000F8D13563B2E7022CEDD0F3E7048B002028
:10DA9000545047002DE9F84F394E074606EBD01396
:10DAA00093F828508B4615F0010590464FEAD01A9E
:10DAB0000AD04FF0E023D3F8F03DDB0700D500BEDD
:10DAC00000252846BDE8F88F2E4A92F8009093F87A
:10DAD0002820484642F0010283F828202A4B53F8B8
:10DAE0003940FFF7BBFA0CB900BEFEE7002F35D076
:10DAF0004FF484632384238C9A06FCD50022234BA5
:10DB00005A72A3F80480A3F80680B8F1000F32D04F
:10DB1000C3F800B057B3B4F86030180403D5B4F8B4
:10DB2000543019061FD44FF0E023D3F8F03DDA0744
:10DB300000D500BE4846FFF77BFA002DC1D106EBA9
:10DB40000A0393F8282065F3000283F8282093F84D
:10DB5000282065F3820283F82820AAE72784238CF3
:10DB60009B06FCD4CAE72046FFF758FC0123012599
:10DB7000A4F86030DEE7C3F800800523F7E700BFB4
:10DB8000298A002038050020603E00002C8B0020F0
:10DB9000C043002200F080001146FFF77BBFFFFF6B
:10DBA00010B40346064C00682246596803C200229E
:10DBB000C4E9022218785DF8044BFFF7E9BF00BF03
:10DBC000F8890020F8B5038944899BB2A4B20546C0
:10DBD0008088A34236BFC4EB400EA3EB040E9E44E4
:10DBE0001FFA8EFE704516461ED80027BC463B46DF
:10DBF0003A46B24228BF32460CEB020084452AD195
:10DC0000B61AB6B23EB1B34228BF3346F8188742BF
:10DC100025D113449AB22989A88889B2FFF795FBC8
:10DC20002881F8BD1B1A9BB29842FBD9A0420FD99C
:10DC30002F68A34207EB030C35BF0027C01AE41A74
:10DC4000A3EB0E0339BF3B46A2B282B29BB2D0E730
:10DC5000241AA4B2EAE70C780CF8014BCEE70C7852
:10DC600007F8014BD3E7FFFF2DE9F04105460024FB
:10DC7000174E184FDFF86C803278E3B29A4210D218
:10DC80003C220021144801F04BFF1022FF211348D1
:10DC900001F046FFBDE8F0411422FF21104801F0D9
:10DCA0003FBF0DD9D8F8002012EB43130BD14FF032
:10DCB000E023D3F8F03DDB0700D500BEBDE8F081DE
:10DCC0009B1A07EB43132846DB6898470134D3E7D8
:10DCD000208A0020FC3D0000298A00202D8A002097
:10DCE0003D8A00201C8A002070B50589038942897D
:10DCF0009BB292B28688934236BFC2EB46029B1A11
:10DD00009B189BB29E420446ADB217D8C079C00999
:10DD100014D170BD801B80B2B042FBD2E288236870
:10DD2000C2F30E0202FB003001F008FF0122294677
:10DD3000A088FFF70AFB20810120EAE72846EBE7ED
:10DD400038B50546002D1C4614BF4FF480134FF420
:10DD500080331046044A04FB01311360224601F06F
:10DD6000EDFE204638BD00BF2488002010B5114BC1
:10DD70009989DA8993F900008C1AA4B2402C28BF43
:10DD8000402400280DDA914211D0224699680A48B1
:10DD900001F0D4FE802008492246BDE81040FFF77C
:10DDA00079BE91424FF00000F5D10146F4E78020A2
:10DDB0000021F1E7F88900207488002070B503463F
:10DDC000104C006825460E465968A66003C5002120
:10DDD000E181D988914228BF1146A181DA886AB1D0
:10DDE000FFF7C4FF40B94FF0E023D3F8F03DDB0765
:10DDF00000D500BE002000E0012070BD1878FFF7BC
:10DE0000C7FEEFE7F889002007B58DF800208DF8F0
:10DE100001301A0A1B0C8DF8033000238DF8022004
:10DE20008DF80410062269468DF80530FFF7C6FF0D
:10DE300003B05DF804FBFFFF2DE9F04F89B0834B81
:10DE400000201D682B689847AB89E9899BB289B28D
:10DE500028898B4236BFC1EB40025A1AD21894B2BD
:10DE60009CB1A04205D283422CBF1B1A1B1899B249
:10DE7000E981884225D96A896B68C2F30E0202FBE8
:10DE8000013105A801F05AFE0124E98922462889BA
:10DE900089B2FFF75AFA2B68E88101209847002CD5
:10DEA00034D09DF81530013B072B00F23D83DFE8AD
:10DEB00013F00B0019009F039503950323001A0329
:10DEC0009803091A89B2D4E79DF81400FFF7CCFE35
:10DED000142200215E4801F023FE9DF818305D4AAF
:10DEE0009370ACE79DF81400FFF7BEFE14220021EA
:10DEF000574801F015FEA2E7574A13784BB94FF087
:10DF0000E023D3F8F03DDA0700D500BE09B0BDE844
:10DF1000F08F1378013BDBB21370127802F0FF032D
:10DF2000002A8CD14B4CDFF828812278C8F81030B9
:10DF300042F00102227094F828209DF8147063F3D7
:10DF4000000284F8282094F8282063F3820284F8E1
:10DF5000282094F8292063F3000284F8292094F8FB
:10DF6000292063F3820284F829209DF8182002F00A
:10DF70006003602B07D14FF0E023D3F8F03DD907C1
:10DF800006D500BE04E0402B0DD1344BC8F810304C
:10DF900000219DF81400FFF77BF880219DF8140004
:10DFA000FFF776F84BE702F01F02012A00F0D88154
:10DFB000022A00F00482002ADDD1202B16D19DF820
:10DFC0001C300F2BE4D8264A23441B791278934245
:10DFD00009D2244A116811EB4311D9D006AA384658
:10DFE000FFF7A2FA2DE1D3D11F49F7E7002BC2D1E9
:10DFF0009DF81930092BBED801A252F823F000BFBA
:10E000003D1500002B150000AF1100001715000092
:10E01000AF110000611200003F140000AF110000BA
:10E020007B120000A512000008AB13E903000023D7
:10E03000C8E902332378C8E9000143F002032370E2
:10E04000FDE6637801228DF8123065E1248A002014
:10E05000F8890020298A0020288A00205D07000016
:10E06000208A00201C8A0020FC3D00009DF81A80B8
:10E070006378984500F0B2806378002B47D0002683
:10E08000A84B384653F83750A74B05F1600B83F87F
:10E0900098602A8E66F34D322A86FEF7DFFFA24B88
:10E0A0004FF0090C9E4693F8742022B34FF0010AFA
:10E0B00002F07F09D20911010EEB02124A4492F8D4
:10E0C0007820E88E0AFA02FA80B220EA0A00E8868E
:10E0D000002A47D002F1370005EB400006800C20F3
:10E0E000A5F8642000FB02E271444944A5F8686089
:10E0F000167281F87860BCF1010CA3F10C03D2D147
:10E100003846FEF795FFA578FFF7AEFDA57084F8B9
:10E110000180B8F1000F61D02378844923F03003E7
:10E12000DFF83492237001F124084B780B2B02BFE7
:10E130000B7891F803A0C9184B7818BF4FF0010A6B
:10E14000042B13D04FF0E023D3F8F03DDE0758D472
:10E150004FF0E023D3F8F03DDD0700D500BE0023EB
:10E16000637015E75846B9E70146DEE70026A8EBDD
:10E170000102DFF8E8B192B299F80030F5B29D42A1
:10E18000E0D811D26A4B1B6813EB4513DAD038463E
:10E190001B69CDE901129847DDE9011208282ED943
:10E1A00082422CD300220CE0EB1A0BEB4313EEE778
:10E1B0008E780132334454FA83F31E79FF2EC1D195
:10E1C0001D71D3B29A45F3D85A4E0844884209D8F3
:10E1D00099F80030AB42B5D34045C5D306A8FFF748
:10E1E000DFFC2CE64B78052B06D18B7803F07F0201
:10E1F00006EB4202DB09D5540B781944E6E70136F9
:10E20000BAE700BEA4E7BDF81A30190A4A1E062A6A
:10E210003FF6BEAE01A050F822F000BF711400001E
:10E220008314000091140000C9110000C9110000FE
:10E23000C91100008314000012223F4906A8FFF70D
:10E24000BDFD00287FF4FBADA2E602297FF4A0AE5D
:10E250003A4931F80229F1E713F0FF030ED1022207
:10E260003749384801F06AFC01204000821C3649D9
:10E2700042F440730B8002F0FE02DFE7062B3FF60C
:10E2800087AE324A324C52F823602378BBB9314D05
:10E290002146D5F89000FFF7AEF9D5F8940004F1C7
:10E2A0000801FFF7A8F9D5F8980004F11001FFF76D
:10E2B000A2F9D5F89C0004F11801FFF79CF930464B
:10E2C00001F049FC00222049C0B2D3B2984202F1C9
:10E2D0000102CAD95C1CF35C21F81430F5E7BDF8E3
:10E2E0001A30012B7FF454AE237843F008032370D7
:10E2F00074E7BDF81A30012B7FF44AAE237823F07F
:10E300000803F4E72378C3F340129B0803F00203E9
:10E3100013430222ADF812300DF1120106A8FFF7E7
:10E320004DFD8CE5603E00002C8B0020F53C00008C
:10E330001C8A00203D8A0020193D0000EE3C0000B0
:10E34000563C0000F8880020F6880020D03C0000F1
:10E35000B488002000810001208A0020FC3D0000DC
:10E360009DF81C300F2B3FF613AEA54A23441B79B2
:10E37000127893421FD2A34A116811EB43113FF464
:10E3800007AE384606AAFFF7CFF800287FF457AD4E
:10E390009DF8183013F060037FF4FAAD9DF8192052
:10E3A000A2F10A0101293FF6F3AD0A2AC8F810309C
:10E3B0007FF414AF46E67FF4EBAD9349E1E79DF8B7
:10E3C0001C9009F07F02092A3FF6D5AD8C49550013
:10E3D00004EB420202EBD912127D09784FEAD91BF5
:10E3E0008A4214D287490E6806EB4216BBB99DF8E3
:10E3F000193003F0FD02012A15D0002B7FF4BBADCC
:10E400002C445C4494F82830C3F3400381E740F087
:10E41000F2807D4E002BEAD0314606AADFE5002EC1
:10E420003FF4B6ADF8E7BDF81A20002A39D1774A93
:10E43000012B92F800A045D1754A494652F83A207E
:10E44000504603930292FEF7BFFD01905046FEF73F
:10E4500005FEDDE902234FF4807001990880BBF1CD
:10E46000000F01D00B800BE06A48484490F8780018
:10E47000A2F86400B2F86820C2F38132012AF1D117
:10E4800025445D445046FEF7D3FD95F8283023F02F
:10E49000020385F8283095F8283023F0010385F829
:10E4A0002830002E3FF4CBAC3146384606AAFFF7A1
:10E4B0003BF80023C8F8103094F82930D8073FF50E
:10E4C000BEAC8BE625445D4449465046FEF7E0FD70
:10E4D00095F8283043F0020385F8283095F8283065
:10E4E00043F00103DBE79DF818104B4B01F07F0070
:10E4F00003EB400303EBD11393F82820CF0922F05C
:10E50000010283F8282093F8282022F0040283F8DF
:10E51000282000284BD1414C9DF814602378079D9A
:10E52000B7EBD31F12D045B14FF0E023D3F8F03D45
:10E53000DB077FF584AC00BE81E42369002B3FF448
:10E540007EAC224603213046984778E494F90030A7
:10E55000002B07DBA06800283FF471AC2A46304945
:10E5600001F0ECFAA268E3892A442B44A260E28815
:10E570009BB29A42E38101D03F2D15D8236933B96C
:10E580002078FFF705FB00287FF459ACCCE7022187
:10E590003046224A984701460028F1D13046FEF71E
:10E5A00077FD80213046FBE4FFF7E0FBEBE71A7DC7
:10E5B000134B1B789A420DD2124B1B6813EB42137C
:10E5C0003FF49DAC9C699DF81920079B9DF81400B1
:10E5D000A04734E47FF493AC0B4BF3E70E4B1B786E
:10E5E0002DE4069B002B3FF42AAC0798984726E4BD
:10E5F000094BDB7823E4002B7FF4CAAC0026F6E657
:10E60000208A00201C8A0020FC3D000038050020E4
:10E61000603E00002C8B0020298A0020F889002011
:10E620007488002008B50D4C0D4E2568327823689B
:10E630005B1B632B0CD9BFF34F8F0A490A4BCA6887
:10E6400002F4E0621343CB60BFF34F8F00BFFDE7DE
:10E65000FF2AECD0FFF7F0FBE8E700BF708A00204C
:10E660003805002000ED00E00400FA052DE9FF4127
:10E6700043780446023B042B13D8DFE803F00382FF
:10E68000161E88000021444B1A7822F001021A70ED
:10E690001A7822F002021A7059701A7861F3820215
:10E6A0001A703E4B2146186853E03B4B1A78D60748
:10E6B0005AD51A7842F00402F2E7374A1378DD0798
:10E6C00052D5137823F004031370EAE74FD9D8F832
:10E6D000002012EB43134DD101353278EBB29A4250
:10E6E000F4D22D4D2B7858071ED52B7801A923F095
:10E6F00004032B700023CDF80630CDF80A30ADF8B6
:10E700000E3023788DF8043005238DF80530234B27
:10E7100018680430FFF7E8FA30B94FF0E023D3F877
:10E72000F03DD90700D500BEEB78DA071CD50023F1
:10E73000CDF80630CDF80A30ADF80E30237801A9B7
:10E740008DF8043003238DF8053063680293134B72
:10E7500018680430FFF7C8FA30B94FF0E023D3F857
:10E76000F03DDB0700D500BE04B0BDE8F0819B1A88
:10E7700007EB4313DB69002BAED061682078984724
:10E78000AAE70025064E074FDFF82080A5E7064AD6
:10E7900013780133DBB297E7298A0020248A00200E
:10E7A000208A0020FC3D0000288A00201C8A0020CE
:10E7B0002DE9F04FB44C89B0FEF79AFDFEF79EFDAF
:10E7C000B4F84020D34363F478439BB2100495B26D
:10E7D000A4F8403011D5B4F8403013F0800FC3F3E3
:10E7E000C01223881DBF43F480732380238862F303
:10E7F000041318BF43F010032380690417D50023C6
:10E80000CDF81630CDF81A30ADF81E3001238DF852
:10E810001430052305A88DF81530FFF727FF9B4B13
:10E8200093F898201AB9238E62F34D332386AA04F5
:10E830001FD5238E9B041CD50022B4F84C30CDF894
:10E840001620CDF81A20ADF81E2001228DF81420D4
:10E850000322C3F30A0305A88DF815200693FFF7DA
:10E8600005FF8A4B93F898201AB9238E62F34D3333
:10E870002386EF0408D505F07003202B00F0E48018
:10E8800061D8102B00F08280280532D5E90740F1CD
:10E890000581B4F840301A072BD54FF480436384C8
:10E8A000B4F854300822ADF80C30B4F8563003A94F
:10E8B000ADF80E30B4F8583006A8ADF81030B4F802
:10E8C0005A30ADF812304FF6F773A4F840300023F9
:10E8D000CDF81630CDF81A30ADF81E3001238DF882
:10E8E000143006238DF8153001F028F905A8FFF73C
:10E8F000BDFE6B0515D50022B4F84A30A4F84A20B5
:10E90000DF070ED56048FEF789FD50B140F2017671
:10E9100080225E4B05A89B88CDE905620793FFF72F
:10E92000A5FEE8050CD5E38EB4F84670574DBFB28E
:10E930001F40FB439BB2A4F84630002F40F0BE803E
:10E9400009B0BDE8F08F602B04D01DD805F060033E
:10E95000402B99D10023CDF81630CDF81A30ADF800
:10E960001E3001238DF81430042305A88DF81530CE
:10E97000FFF77CFE454B93F89830002B84D1238E13
:10E9800043F4005323867FE7702BE2E7012363877C
:10E99000E3864FF48043638400232385238D13F0A3
:10E9A0000F03FBD1A385A28D12F00F02FBD101232F
:10E9B0004FF400774FF48076354836491FFA83FCD0
:10E9C000A4F864C0A4F8682021F8137021F813207B
:10E9D00020F823600133062BF0D100264FF400729B
:10E9E00098B2A4F86400A4F8686021F8132021F814
:10E9F000136001330A2BF3D19C220021234801F03C
:10EA00008FF8238903F00703013B9BB2022B12D836
:10EA1000214ACDF81660D25C0123CDF81A60ADF81A
:10EA20001E608DF814308DF815308DF8182005A86B
:10EA3000FFF71CFE28E74FF0E023D3F8F03DDE0798
:10EA40007FF522AF00BE1FE7B4F8503013F07F030C
:10EA50003FF41AAFADF80E3000230493CDF8163012
:10EA6000CDF81A30ADF81E3001234FF4A0628DF8B6
:10EA700014300623ADF80C2003A9082206A88DF84F
:10EA8000153001F05BF8D2E7001011402C8B00200C
:10EA90008C1011406E1011402B3D000015F0070244
:10EAA0007FF427AF40F20171238CCDE90512C3F347
:10EAB0004013DB018DF81830079217E797FAA7F695
:10EAC0000C23B6FA86F603FB06531A7AD20918D03D
:10EAD00031465348FEF7D2FC00285BD00C2303FBE1
:10EAE0000653197A9A88DB8840F20170D31A002203
:10EAF000CDE9050205A88DF818100793FFF7B6FDBC
:10EB000048E0002E58D0B2B2DB882285A4F86420F9
:10EB1000B4F86CA01FFA8AFA228D02F00F02964216
:10EB2000FAD1628D9104FCD5B4F82A800C22C8F386
:10EB30000B08D04528BFD0464345994628BFC1465B
:10EB4000724355F802B0A918B9F1000F08D04A7AFB
:10EB50002AB34A46584633490193FFF733F8019BDD
:10EB6000CA4584BF4FF48042628500222285228DEF
:10EB70001207FCD10C2202FB0651A3EB0900CA4587
:10EB8000C88001D8434505D800237243AB50BBF180
:10EB9000000FA3D10123B34027EA0307CDE65A466D
:10EBA0000BEB0901914203D10C227243A950D7E724
:10EBB000207E02F8010BF5E7B4F85EA0B4F82280DD
:10EBC0000AF07F0AC8F30B08D04528BFD046B5F835
:10EBD00006B0C146D84528BFD946B9F1000F06D0C6
:10EBE0006B7A286893B14A460F49FEF7EBFFCA4596
:10EBF00084BF4FF480436384ABEB0903CA45EB80C9
:10EC000001D8D845C6D300232B6067E700EB090382
:10EC1000834201D12B60EAE7227D00F8012BF7E760
:10EC2000001011401810114014101140A0F1010003
:10EC30000028FBD17047FFFF4FF47A734843A0FBD5
:10EC40000303064B1A68064BB3FBF2F3B0FBF3F079
:10EC5000800801D0FFF7EABF704700BFB48A0020E8
:10EC600000CA9A3B73B5344B344CDD68A54209D1D8
:10EC70001A6A3AB993F8302022B90826304A5E6001
:10EC8000127B1A720022A5428DF804008DF805103F
:10EC900083F82E2031D1596B79B301A999610221F2
:10ECA000D961197A012907D183F829205A6883F894
:10ECB0002A10520083F828200022022183F82D20F8
:10ECC00083F82F2083F8312083F8332083F82C2019
:10ECD0005A62196293F82D2093F82A1083F82B10AA
:10ECE00012B1012283F83120B4211A69917093F88E
:10ECF00030101A6941B95123D3724FF47A7105204B
:10ED0000FFF79AFF02B070BD002183F8301093F82E
:10ED10002A1001290CBF93F8281093F82910D170FC
:10ED200093F82B20013A83F82B2093F82C20013202
:10ED300083F82C20E1E700BF748A00204332495356
:10ED40003C05002008B50B4A0346106808B90A487C
:10ED500010600333094923F0030303448B4206D9AF
:10ED600000F0E6FE0C2303604FF0FF3008BD136097
:10ED7000FCE700BF108A0020188D0020189D00209D
:10ED8000002070474FF0FF307047FFFF70B5FEF76F
:10ED9000AFFA1349134B0A7C53F82060054610075D
:10EDA000D1F88010D3B214D41A0614D4DB0614D5CB
:10EDB00011F4405F14BF07240624304601F004FE1E
:10EDC0002846FEF79BFA21463046BDE87040FEF724
:10EDD00059BC0424F1E70524EFE70724EDE700BF61
:10EDE00000E07F40A006002038B5FEF781FA1A4BFC
:10EDF00053F82040FEF782FA94F83450012D0CD1DC
:10EE0000236BE3B100220421204601F0D5FD08B3B5
:10EE10002046BDE8384001F0D7BD022D08D1256B52
:10EE20006DB12046BDE838400022402101F0B8BD58
:10EE30000A4B93F8D430012B14BF0225032501F0AF
:10EE4000B7FD002384F8343029462046BDE8384019
:10EE5000FEF718BC38BD00BFA006002000E07F40D0
:10EE600038B51F4B1F4C1A881F4B204603EA8213EC
:10EE70001E4A126813441E4AB3F1006F12884FEA0B
:10EE8000520222631B4AC4E90A234FF0000284F8AD
:10EE9000342003D2BDE8384001F086BDFEF70CFCFB
:10EEA0000546E0B963681B78BBB1012384F83430B0
:10EEB0002A4604210B4801F07FFD63681B7873B973
:10EEC00018224FF4805101F063FD236B0BB1002831
:10EED000EED0BDE8384001F06BBDE568E8E738BD2D
:10EEE00022880020C08A00200080FFFF24880020A4
:10EEF000208800202008002070B51378144603F005
:10EF00001F02012A0D4640F0408113F0600019D124
:10EF100063780A2B0DD00B2B27D1012924D16288CD
:10EF20009B4B5A70FEF712FB2046BDE87040FEF77F
:10EF300037BE012918D10A4696492046BDE87040DF
:10EF4000FEF73CBF202840F020816378062B00F2BA
:10EF50001C81DFE803F004311C510F140F0001295C
:10EF600004D12046FEF71CFE012070BD0329FBD111
:10EF7000FFF758FB0129F7D1FEF7E8FAF1E701297D
:10EF8000F2D10A4620468449FEF718FFECE7012932
:10EF9000EAD17F4D2B7813F00200E6D0E388402BB6
:10EFA00000F2F380618805F10C026878FEF7C8FE74
:10EFB00005F10C010246C0E70129D5D174490B784F
:10EFC00013F00100D1D08B78022B02D0052B40F03A
:10EFD000DC80E388402B00F2D88001230B7163882A
:10EFE000CB80E3880B81E2881AB103238B706B49D5
:10EFF000A3E706238B7097E765488178032907D03C
:10F00000062900F09180012DAED10023C27807E0DF
:10F01000012D0AD100230179C278C1F10501C9B2DD
:10F020002046BDE87040FEF7EFBE032D9CD103796A
:10F03000002B76D0042341788370002914BF4FF44D
:10F0400080134FF48033564EC48805893360554B86
:10F0500022461C8054482B4600F050FD3368A10125
:10F0600003EB8412C2F30E02BAB972B633684F4C86
:10F070001944B1F1006F84F8342026D221F4001332
:10F08000B3F5803F4FF00102484834BF6FF30C01E5
:10F090006FF30E0101F080FC62B6454C45482388B1
:10F0A0002A4618443D4900F049FD23881D44ADB26D
:10F0B000B5F5004F258005D172B6FFF7D1FE62B6D7
:10F0C00000232380FEF71AFC4EE7012321F03F01C5
:10F0D0002046A1622363FEF7EFFA06460028DBD143
:10F0E00063681B78DBB1022384F834300122324B91
:10F0F000A3F8E020324640212C4801F051FC63681F
:10F100001B78002BC8D119224FF4005101F040FCAC
:10F11000236B0BB10028EDD001F04AFCBCE7666A16
:10F12000E4E7052383701FE7012D09D10379C27835
:10F13000002B18BF07214FF0000308BF02216FE723
:10F14000032D7FF411AF0379EBB10723837072B6FF
:10F15000FFF786FE62B60026144CFEF7CFFB63680D
:10F16000266093F91100B04201DBFEF769FA124DF7
:10F170002E76636893F91300002801DBFEF760FA2E
:10F1800000232B75F0E60223CCE70020EDE600BF5C
:10F1900028880020298800202A8800203488002020
:10F1A0002488002022880020A33E0000C08A00207E
:10F1B000208800202008002000E07F408FB54FF419
:10F1C0007002C34BC34DC3F888209D604AF20353BD
:10F1D000C14CC24FA4F8FE33FDF770FFC04BC14ACB
:10F1E000C149C3E900724FF40042DFF868C3C3E9C4
:10F1F00002211A61BD4AC3E905C2FDF773FF00236E
:10F2000084F81334092384F8A23094F8803433B995
:10F21000012140F2C44084F88014FFF70DFD002363
:10F22000AD4884F8813484F8803484F8323090F822
:10F230003C301E07FBD542F2017343F20212A0F8E4
:10F240004830002380F84A30028580F82A3090F850
:10F250003C309C06FBD50322A54B83F81C21A54B13
:10F260000362052380F82630FDF73CFF012380F878
:10F27000303080F8523090F8743043F0400380F81A
:10F280007430954B93F87420D209FBD006224621A6
:10F2900083F86C2083F8741083F8742093F874203A
:10F2A000D209FBD193F8772042F0400283F877200F
:10F2B000894B93F87720D209FBD0022283F86F2084
:10F2C000C62283F8772093F8772002F0BF0283F8F4
:10F2D0007720814B93F87770FF09FBD14FF42542DB
:10F2E000A3F8FE232B68A3F5805383F30A883E46D8
:10F2F0008148824A3946121A00F012FC8048814A3D
:10F300008149121A00F01AFC804D814B5B1B9C1046
:10F31000B44200F3728200257E4CFDF7E3FEC82064
:10F32000012184F82850FFF787FC84F8245094F8D2
:10F330002430002BFBD194F82430764A43F00203AA
:10F3400084F8243092F824309807C3F34005F9D4A8
:10F3500082F822500120FDF70FFF5F4B83F8BB546A
:10F36000FDF7DEFE0320FDF707FF2B464FF6FF708B
:10F37000694A03F108010133092B22F81100F8D181
:10F380000320FDF7CDFE0320FDF7F6FE6FF0FF0230
:10F39000624B634C9A64FF210C2201A800F0C0FB71
:10F3A00025460023012635F8022B6AB104A95A0923
:10F3B00001EB820252F80C1C03F01F0006FA00F069
:10F3C00021EA000142F80C1C0133602BEBD10199BA
:10F3D000524A544B1167C3F88012029903205167B7
:10F3E000C3F8841203999167C3F88812FDF798FE59
:10F3F00000234D4A03F1C00134F8020B0133602BA6
:10F4000042F82100F6D162B6484CDFF84C912368EF
:10F410004B4504D04648C4F80090FDF7D5FE4FF4A4
:10F420007A72DFF83881D8F80030B3FBF2F3013B91
:10F43000B3F1807F0AD24FF0E022F0215361244BD8
:10F4400083F82310002393610723136123684B453E
:10F4500002BF8022374B9A621F4B374AD3F8001500
:10F46000914240F0FB814AF20252A3F8FE230022AF
:10F47000C3F800254FF42542A3F8FE232F4B1A684A
:10F480004A4504D02E48C3F80090FDF79DFE2D4E4E
:10F49000DFF8CC9033684B4500F0AD804023F3603B
:10F4A000294B002573600123284A3374B2607561CB
:10F4B000C6E90655EFF3108183F31088244B1A69CF
:10F4C00022F000721A611B6981F310884AE000BFC4
:10F4D00000ED00E00000000000E00140002D3101DF
:10F4E000C005002000127A0000366E01001C4E0E8E
:10F4F00000C0014021120120E0050020148D0020F1
:10F5000000000020C00500207C3F0000C005002056
:10F51000C005002000300840000D08400080004079
:10F520003C3D000000E100E000600040B88A00209F
:10F530001C3E00000000084035817307248B00202A
:10F54000583E0000048B0020383E00000096164014
:10F550000040084000C2EB0B54524F50B48A0020C8
:10F56000545047004FF42542B36844F64B401A60AC
:10F570004FF40003B4682A46E562E563A564E362DC
:10F580004FF0004323616361A36149F6950365620F
:10F59000A562E5612562A36663664FF0FF3301A9AA
:10F5A000CDE90135FEF7DCF9DDE901232846626586
:10F5B000A2651A0642EA0342FEF7C2F94FF4AA0313
:10F5C000A563C4F888502364F368FF21E36042F028
:10F5D000030342F001026063236328462263FEF7BF
:10F5E000B7F929462846FEF7B3F929462846FEF71B
:10F5F000AFF9C6F8009044F61F6344F620627168C4
:10F600000878032898BF1A46B3689A66097819B92A
:10F6100042F20F7159659965D96AC80705D45A66CF
:10F620004FF4AA021A64F268DA6000210846FEF775
:10F63000CDF9336873494B4504BFD6E902325A60AD
:10F64000714B72484B6000230376037581F83430A8
:10F6500001236F4D85F816342C6AD8F80030C4F3B6
:10F66000026203FA02F2C4F30274E2402C6AC4F3A9
:10F670000264A340E340674CA2423AD9664C02F5CB
:10F68000742202F23F22B2FBF4F203F5742302F576
:10F69000F05292B203F23F23A0F8E420B3FBF4F35C
:10F6A00043F6B85006225843B0FBF2F0886040F6AB
:10F6B000D8605843B0FBF2F0C8605800B0FBF2F0DD
:10F6C00008610E205843486154485843B0FBF2F09B
:10F6D000886140F6B8305843486251485843B0FBFF
:10F6E000F2F008624F484343B3FBF2F3CB614E4B59
:10F6F0000B6044484D4D01F067F901220221414859
:10F7000001F05EF92B78FF2B40F0A1813C22002113
:10F71000474800F005FA0022464B1A70464BDA8142
:10F720009A81464A1360464B23B14648AFF30080A6
:10F73000454B1860434C454EDFF80C812278FBB2F4
:10F74000934240F2788101200027414A2870536893
:10F75000404E414C23F48053536086F898702388C0
:10F760004FF47A7143F080032380E38F9BB223F040
:10F77000010343F00203E387FFF75EFAE38F67F3C9
:10F780004103E387B4F8023143F48043A4F8023123
:10F79000E388DA07FCD52388402123F02003238067
:10F7A000238843F0010323800123E28F63F30922BE
:10F7B000E287B4F85E2061F30602A4F85E2000221E
:10F7C000A4F8402096F89820002A0CBF4FF45D4220
:10F7D0004FF47D4222866387E386B4F840301B06EF
:10F7E00007D5238843F480732380238843F01003D4
:10F7F00023800120FDF71CFC29E155F8043B9847C4
:10F80000013685E5C08A0020243E000000E07F40EC
:10F8100000E00140FF083D0040420F0038AF040007
:10F8200080DE0F00A0F703004E45504F3805002042
:10F83000298A0020288A002028050020248A002008
:10F8400000000000208A00201C8A0020FC3D0000EF
:10F85000004008402C8B00200010114093F8101439
:10F86000C90709D44AF20251A3F8FE13C3F80025D0
:10F870004FF42542A3F8FE23954D6A6A002A00F052
:10F880008A806B6893498B4203D093498B4240F046
:10F890008280EB7B297C0B431B067CD48F4CDFF8EA
:10F8A00054A2E368534576D02B781F2B73D840F2CF
:10F8B000FF31D940CE076ED5117819B192F90320E6
:10F8C000002A68DA002603F5800303F58C531B0237
:10F8D0002361AB68256063602B7BA6632372EB69B1
:10F8E00063632B6AE363EFF31080012383F31088D3
:10F8F0004FF000417A4B95F800C05A6821FA0CF19C
:10F9000022EA01025A605B6880F31088F0222368C3
:10F91000596A23699E702369DA728B78226903F031
:10F9200003031370FA2223699A714A7823695A7083
:10F930000B7822699B0043F02003DBB2D3714A7934
:10F9400023691A72CA7823699A740B792269DB00D9
:10F9500043F00103DBB25372232223699A722369B5
:10F960005E4A5E73697B95F90F00FDF779FE5B4A8D
:10F97000697B95F91000FDF773FEC4E90666C4E9DA
:10F98000086684F82D60C4F80CA084F82E6084F812
:10F990002F6084F8306080219C20FFF763F92021DC
:10F9A0009E20FFF75FF94F4A1368B3F5FA7FFBD348
:10F9B0004AF2025400204FF425454FF480314A4A60
:10F9C000A2F8FE43C2F80005A2F8FE530B6803F04C
:10F9D0007F43B3F1005F7FF451ADA2F8FE43EFF334
:10F9E000108C012686F310883D4B5C6844F400645B
:10F9F0005C605C688CF31088EFF3108C86F31088E1
:10FA00005C6844F480545C605B688CF31088A2F8F6
:10FA1000FE5380F30A8872B6BFF34F8FBFF36F8F28
:10FA20004FF0E0231861C3F8081D0B6883F30888C2
:10FA30004B68984722E52DD2D8F8002012EB4313EB
:10FA40002BD14FF0E023D3F8F03DD9072BD4254F2D
:10FA5000264EDFF8A4802B78FF2B01D0FEF7ECF9BF
:10FA60003A683368D21A632AF5D9D8F8004064336B
:10FA7000002120463360FDF7A9FF1D4B1A78CAB15B
:10FA8000B4F5FA6F11D200221A704FF4FA63C8F875
:10FA90000030E0E79B1A06EB43135B680137002B4D
:10FAA000CFD098474AE600BED1E7A4F5FA64C8F87B
:10FAB0000040D0E744F61F6204F5FA649442C8F8A7
:10FAC0000040C8D901221A7044F62063DFE700BF66
:10FAD0003C050020A0860100801A0600748A0020E0
:10FAE00000400840708A002000E001406C8A00203D
:10FAF000658A002043324953688A00200FB407B555
:10FB0000064904AB086853F8042B8168019300F0A0
:10FB100053F803B05DF804EB04B0704764050020AF
:10FB200002440346934200D1704703F8011BF9E7F2
:10FB3000014B1868704700BF640500200A44431E4B
:10FB4000914200D1704710B511F8014B914203F872
:10FB5000014FF9D110BD034613F8012B002AFBD148
:10FB6000181A013870479368013B002B10B493605A
:10FB700008DA9469A34201DB0A2903D15DF8044B3A
:10FB800000F0CCBB1368581C1060084619705DF873
:10FB9000044B7047F8B506460F461446D518AC42DC
:10FBA00001D1002007E03A4614F8011B3046FFF768
:10FBB000DAFF431CF3D1F8BD2DE9F04F0D469DB09F
:10FBC00014469846064618B1036A0BB900F02CFBA0
:10FBD0006B6ED90705D4AB899A0502D4A86D00F0E5
:10FBE00076FCAB891B0701D52B699BB929463046AA
:10FBF00000F0D2FB70B16B6EDC0704D54FF0FF3024
:10FC00001DB0BDE8F08FAB899805F7D4A86D00F062
:10FC10005FFCF3E70023CDF80C804FF00109DFF81B
:10FC2000B481099320238DF8293030238DF82A30B0
:10FC300023469A4613F8012B0AB1252AF9D1BAEBCB
:10FC4000040B0BD05B46224629463046FFF7A2FF45
:10FC5000013000F0A780099A5A4409929AF80030BE
:10FC6000002B00F09F8000234FF0FF320AF1010AC1
:10FC7000049307938DF853301A93CDE90523544626
:10FC80000522544814F8011B00F023FC049AD8B94B
:10FC9000D10644BF20238DF85330130744BF2B23D4
:10FCA0008DF853309AF800302A2B15D0079A544615
:10FCB00000204FF00A0C214611F8013B303B092B84
:10FCC0004BD9B0B1079214E0A0EB0803A24609FAA1
:10FCD00003F313430493D2E7039B191D1B68002B06
:10FCE0000391BBBF5B4242F0020207930793B8BF88
:10FCF000049223782E2B0AD163782A2B32D1039BCE
:10FD000002341A1D1B6843EAE37303920593DFF87C
:10FD1000D4A003222178504600F0DBFB38B1A0EBE1
:10FD20000A004022049B013482401343049314F8D8
:10FD3000011B062228488DF8281000F0CAFB002875
:10FD40003FD0264B1BBB039B073323F0070308332D
:10FD50000393099B3B4409936AE70CFB02320C4670
:10FD60000120A8E7002301344FF00A0C194605933F
:10FD7000204610F8012B303A092A03D9002BC6D0AF
:10FD80000591C4E70CFB012104460123F0E703AB16
:10FD90002A4604A930460093114BAFF30080074672
:10FDA000781CD6D16B6ED90705D4AB899A0502D4DD
:10FDB000A86D00F08DFBAB895B063FF51FAF09987E
:10FDC0001EE703AB2A4604A930460093044B00F01B
:10FDD0007DF8E4E7703E00007A3E0000000000007D
:10FDE000CD2D0000763E00002DE9F04716469846DE
:10FDF0008A6807460B690C46DDF820909342B8BF2D
:10FE00001346336091F843200AB10133336023680D
:10FE1000990642BF336802333360256815F0060542
:10FE200006D104F1190AE36832689B1AAB422BDC55
:10FE300094F843302268003B18BF0123920630D467
:10FE400004F1430241463846C847013023D02368B5
:10FE50001A3454F80A2C03F00603042B0ABF54F892
:10FE60000E5C002533684FF0000608BFED1A54F809
:10FE7000123C08BF25EAE5759342C4BF9B1AED18F2
:10FE8000B5421AD1002008E00123524641463846C7
:10FE9000C847013003D14FF0FF30BDE8F08701358E
:10FEA000C1E7E1185A1C30200233224481F8430094
:10FEB00094F8451082F84310C2E7012322464146D8
:10FEC0003846C8470130E6D00136D9E72DE9FF476B
:10FED0000F7E914680460C46782F9A460C9E01F183
:10FEE000430207D8622F0AD8002F00F0D280582F83
:10FEF00000F0B78004F1420684F842703AE0A7F1BE
:10FF00006303152BF6D801A151F823F09D310000B1
:10FF1000B13100002D3100002D3100002D310000E5
:10FF20002D310000B13100002D3100002D310000D5
:10FF30002D3100002D310000B1320000DB31000016
:10FF4000673200002D3100002D310000D332000057
:10FF50002D310000DB3100002D3100002D3100007B
:10FF60006F32000033681A1D1B68326004F14206CC
:10FF700084F8423001239DE033682068191D316008
:10FF8000060601D51D6803E04506FBD5B3F9005010
:10FF9000002D03DA2D236D4284F8433059480A239B
:10FFA00010E021683368080653F8045B02D4490660
:10FFB00048BFADB26F2F5348336059D10823002199
:10FFC00084F843106668002EA66005DB21682E4386
:10FFD00021F0040121604DD01646B5FBF3F103FB7F
:10FFE0001157C75D06F8017D2F460D46BB42F4D977
:10FFF000082B0BD12368DF0708D523696168994274
:020000025000AC
:10000000DEBF302306F8013C06F1FF36921B226169
:100010004B4603AA21464046CDF800A0FFF7E4FE78
:1000200001304CD14FF0FF3004B0BDE8F0872368B9
:1000300043F02003236078273348236884F8457011
:100040001F06316851F8045B02D45F0648BFADB2A9
:100050003160D90744BF43F0200323601DB1102352
:10006000ADE72848E9E7236823F020032360F6E79B
:100070000A23A4E71646BBE733682568181D6169A3
:1000800030602E061B6801D5196002E06806FBD5BA
:100090001980002316462361BAE7336800211A1D30
:1000A00032601E686268304600F013FA08B1801BA7
:1000B000606063682361002384F84330A8E7236904
:1000C000324649464046D0470130ABD023689B07B3
:1000D00013D4E068039B9842B8BF1846A4E70123F5
:1000E000324649464046D04701309BD00135E3684F
:1000F00003995B1AAB42F2DCEBE7002504F1190629
:10010000F5E700BF813E0000923E0000002310B5DD
:1001100004468360818119464366C2810822836157
:10012000C0E90033C0E904335C30FFF7F9FC0D4B44
:10013000246263620C4BA3620C4BE3620C4B23639F
:100140000C4B9C4206D003F16802944202D0D0339B
:100150009C4205D104F15800BDE8104000F0B6B94A
:1001600010BD00BFCD340000EF3400002735000083
:100170004D350000C88B0020024A0349034800F0B7
:100180006BB800BFB4050020193A000068050020D4
:1001900041680C4B994210B5044601D000F020FB99
:1001A000A168094B994202D0204600F019FBE16892
:1001B000064B994204D02046BDE8104000F010BB29
:1001C00010BD00BFC88B0020308C0020988C002010
:1001D0000C4B04210C4A0D4810B51A600022FFF7A1
:1001E00095FF0A4B012209211C4603F16800FFF725
:1001F0008DFF022204F1D0001221BDE81040FFF76C
:1002000085BF00BF008D0020B1330000C88B0020E7
:10021000014800F05CB900BF098D0020014800F0E2
:1002200057B900BF098D002010B50446FFF7F0FF55
:10023000236A1BB1BDE81040FFF7F0BF044B2362F7
:10024000044B1B68002BF5D1FFF7C2FFF2E700BF9C
:10025000C9330000008D00202DE9F8430746884689
:1002600014460026D4E90195B9F1010905D52468A1
:10027000002CF7D13046BDE8F883AB89012B07D9B4
:10028000B5F90E30013303D029463846C04706433E
:100290006835E9E710B50C46B1F90E1000F0F2F838
:1002A0000028ABBF636DA3891B1823F48053ACBF38
:1002B0006365A38110BD2DE9F0411F468B8905467A
:1002C0000C46DB05164605D502230022B1F90E10B7
:1002D00000F0C6F8A3893246B4F90E10284623F47C
:1002E0008053A3813B46BDE8F04100F0DDB810B576
:1002F0000C46B1F90E1000F0B3F8421CB4F90C3002
:1003000015BF606523F4805343F48053A38118BF65
:10031000A38110BDB1F90E1000F092B8F8B50E46E9
:100320001446054618B1036A0BB9FFF77DFFA369B0
:10033000A360A3891A0701D5236943B9214628463A
:1003400000F02AF818B14FF0FF373846F8BD23689F
:10035000F6B222693746981A6369834205DC214662
:10036000284600F03DFA0028EDD1A368013BA360C8
:1003700023685A1C22601E70431C62699A4204D092
:10038000A389DB07E1D50A2EDFD12146284600F0FC
:1003900027FA0028D9D0D6E738B5284B05460C46B1
:1003A000186818B1036A0BB9FFF73EFFB4F90C30B7
:1003B000190721D4DA0607D409222A6043F0400342
:1003C0004FF0FF30A38131E0580712D5616B41B186
:1003D00004F14403994202D0284600F089F8002332
:1003E00063630022B4F90C30626023F024032269B5
:1003F000226043F00803A381226942B903F4207309
:10040000B3F5007F03D02146284600F035FAB4F951
:100410000C3013F001020AD00022A260626952423D
:10042000A261226942B913F08000C7D138BD990793
:1004300058BF6269A260F4E70020F7E76405002076
:1004400038B50023054D044608462B6000F080FABD
:10045000431C02D12B6803B1236038BD048D0020FA
:1004600038B50446064D0846114600222A601A4651
:1004700000F086FA431C02D12B6803B1236038BD1B
:10048000048D002038B50446064D0846114600226A
:100490002A601A46FEF776FC431C02D12B6803B192
:1004A000236038BD048D002038B50446064D08464B
:1004B000114600222A601A46FEF762FC431C02D154
:1004C0002B6803B1236038BD048D0020704770474E
:1004D0007047C9B20346024410B59342184601D191
:1004E000002003E0047801338C42F6D110BDFFFFF9
:1004F00038B50546002941D051F8043C0C1F002BAB
:10050000B8BFE41800F0E0F81D4A136833B963601F
:1005100014602846BDE8384000F0DCB8A34208D992
:10052000206821188B4201BF19685B680918216097
:10053000EDE71A465B680BB1A342FAD9116850186F
:10054000A0420BD120680144501811608342E0D1D1
:1005500018685B68084453601060DAE702D90C231E
:100560002B60D6E7206821188B4202BF19685B68B0
:100570000918636008BF21605460CAE738BD00BF36
:10058000108D002070B50F4E0C460546316811B92C
:1005900000F0CEF930602146284600F0C9F9431C2E
:1005A00003D14FF0FF34204670BDC41C24F0030477
:1005B000A042F8D0211A284600F0BAF90130F2D151
:1005C000EFE700BF0C8D00202DE9F843CD1C064657
:1005D00025F0030508350C2D38BF0C25002D01DB57
:1005E000A94204D90C2333600020BDE8F883DFF86A
:1005F000D48000F069F8D8F800301C4644BB294686
:100600003046FFF7BFFF431C044658D1D8F80040DE
:100610002746002F43D1002C4BD023683946304663
:1006200004EB030900F084F9814542D1216830468A
:100630006D1A2946FFF7A6FF01303AD023682B44F4
:100640002360D8F800305A6862BBC8F800700FE029
:100650002268521B20D40B2A17D96119A3422560A6
:1006600018BF5960636808BFC8F8001062514B603A
:10067000304600F02FF804F10B00231D20F0070096
:10068000C21A1CBF1B1AA350AFE76268A3420CBF7B
:10069000C8F800205A60EBE723466468AEE73C46A2
:1006A0007F68B6E71A465B68A342FBD1002353601C
:1006B000DEE70C233046336000F00CF894E7056069
:1006C000D6E700BF108D00200148FFF700BF00BF34
:1006D000088D00200148FFF7FBBE00BF088D0020F9
:1006E000B1F90C202DE9F041160705460C4651D40E
:1006F0004B68002B02DC0B6C002B49DDE66A002EF8
:1007000046D0002312F480522F682B6031D0626DE6
:10071000A389590705D56368D21A636B0BB1236CA3
:10072000D21A0023E66A216A2846B047421CB4F96F
:100730000C3006D129681D2945D8284ACA40D60759
:1007400041D50022D90462602269226004D5421C8E
:1007500001D12B6803B96065616B2F60C1B104F1F1
:100760004403994202D02846FFF7C2FE0023636388
:100770000EE00123216A2846B0470246501CC7D12B
:100780002B68002BC4D01D2B01D0162B19D12F6044
:1007900000201DE00F69002FFAD093070E680F604C
:1007A0000CBF4B690023A6EB07088B60B8F1000F64
:1007B000EEDD43463A46216A2846A66AB04700283D
:1007C00008DCB4F90C3043F040034FF0FF30A38154
:1007D000BDE8F0810744A8EB0008E7E701004020EE
:1007E00038B50B6905460C4613B90025284638BDB7
:1007F00018B1036A0BB9FFF717FDB4F90C30002BE1
:10080000F3D0626ED00704D4990502D4A06DFFF72F
:100810005EFE28462146FFF763FF636E0546DA0752
:10082000E4D4A3899B05E1D4A06DFFF751FEDDE779
:1008300070B50C46B1F90E1096B0154600291E464B
:100840000ADAA18911F0800113D14FF480620020EF
:1008500031602A6016B070BD6A4600F047F8002883
:10086000EFDB019901F47041A1F500535942594160
:10087000EBE700214022EAE78B8973B59E07054626
:100880000C4607D504F1470323602361012363610C
:1008900002B070BD01AB6A46FFF7CAFF009E284652
:1008A0003146FFF791FEB4F90C3038B99A05EFD410
:1008B00023F0030343F00203A381E3E743F0800343
:1008C0002060A381019BC4E90406002BE0D0B4F9A9
:1008D0000E10284600F01CF80028D9D0A38923F078
:1008E000030343F00103A381D2E7FFFF38B50023E0
:1008F000064D0446084611462B6000F031F8431CB3
:1009000002D12B6803B1236038BD00BF048D0020E5
:1009100038B50023054D044608462B6000F028F842
:10092000431C02D12B6803B1236038BD048D002025
:1009300038B50023054D044608462B60FEF702FA41
:10094000431C02D12B6803B1236038BD048D002005
:10095000024B58224FF0FF301A607047048D002080
:10096000024B58224FF0FF301A607047048D002070
:10097000024B582200201A60704700BF048D0020EF
:10098000024B58224FF0FF301A607047048D002050
:100990005FF800F01D0200205FF800F0D103002096
:1009A0005FF800F0350100205FF800F045030020FB
:1009B0005FF800F0010000205FF800F075010020F2
:1009C0005FF800F0890400205FF800F0E1000020EB
:1009D00000000504342E352E30004275696C7420F9
:1009E000776974682052656E65736173204164761F
:1009F000616E63656420466C657869626C6520533E
:100A00006F667477617265205061636B6167652002
:100A100076657273696F6E20342E352E30000904AE
:100A200004000000070100000000000008040000AE
:100A3000000C011307040000000C01130005000066
:100A4000000C01130105000000000114070700005D
:100A5000000C0114000B0000000C0114010B00003D
:100A60000100000000000000000000000000000085
:100A70000000000000000000000000000000000076
:100A80000000000000000000000000000000000066
:100A90000000010300040000563C0000D03E0000AE
:100AA000D83E0000B4880020E93E00000E3F000060
:100AB0002D3F000009022D000101008032090400D1
:100AC0000000FE0102040904000100FE0102050904
:100AD00004000200FE010206092107E803400001AC
:100AE00001120100020000004041236803000101DF
:100AF00002030101000202040304040401000200D5
:100B0000080010006D006E006B006C007F017D011D
:100B10007E013100300093019401000000000000CC
:100B200000000000000000000000000000000000C5
:100B300000000000000000000000000000000000B5
:100B400000000000000000000000000000000000A5
:100B50000000000000000000000000000000000095
:100B60000000000000000000000000000000000085
:100B70000000000000000000000000000000000075
:100B80000000000000000000000000000000000065
:100B90000000000000000000000000000000000055
:100BA0000000000000000000000000000000000045
:100BB0000000000000000000000000000000000035
:100BC0000000000000000000A5070000AB070000C7
:100BD00095070000B107000031210000000000006F
:100BE0000000000008000000583C00000000000069
:100BF0005D0B00000000000000000000020702087A
:100C00000200000096980000010000004B4C00001C
:100C100006FF00000000000000000000983C0000FB
:100C200001000000C83C0000000009400000000076
:100C30000010114004000000232D302B2000686CB0
:100C40004C006566674546470030313233343536EF
:100C50003738394142434445460030313233343528
:100C600036373839616263646566000D0A52656320
:100C7000656976656420416C7420257520426C6F2F
:100C8000636B4E756D202575206F66206C656E67F1
:100C900074682025750D0A0041726475696E6F00D5
:100CA000506F7274656E746120433333204446552F
:100CB0000040436F6465466C617368202F30783064
:100CC000303030303030302F382A384B612C3330D0
:100CD0002A33324B670040536B65746368466C611E
:100CE0007368202F30783130303030302F33322A53
:100CF00033324B67004044617461466C6173682015
:100D00002F307830383030303030302F382A314B77
:100D10006700FFFF1000000000000000017A520091
:100D2000027C0E011B0C0D001000000018000000DA
:100D300026EEFFFF10000000000000000000000091
:100D4000000000004FF42A4110B500204FF49644F3
:100D5000104AB2F88430A2F884109BB2B2F8841022
:100D600089B241B9012B0CD14DF60113A2F84430E0
:100D700000F064FA10BD002C08BF4FF4FA70013C7B
:100D8000ECE7802BF6D10122034B5A605A68002A07
:100D9000FCD1EFE700E07F40007000404FF4964345
:100DA000B32282B001930C4B1A700C4AD2F88030F7
:100DB0001B0408D5137C40F2F51013F0100F08BF88
:100DC000002002B07047019B1BB1019B013B0193C6
:100DD000ECE71420F5E700BF00007E4000E07F4014
:100DE0004FF49643502282B001930C4B1A700C4A78
:100DF000D2F880301B0408D5137C40F2F51013F0B4
:100E0000100F08BF002002B07047019B1BB1019B6F
:100E1000013B0193ECE71420F5E700BF00007E40A2
:100E200000E07F4038B5436804461A7842B193F930
:100E3000110000F007FA636893F9130000F002FA5A
:100E40000C4BB3F884309BB213B9204600F0FEF986
:100E5000FFF7A4FF0146FFF7C3FF002914BF0D46AB
:100E60000546FFF76FFF002384F834309D4218BF1A
:100E7000284638BD00E07F4030B52025836A0C4C01
:100E800023630C4B1D70D0251D70836A0B44836255
:100E9000036B013B0363104612B930BD30B101381A
:100EA000D4F880301B04F9D50020F6E71420F4E7CD
:100EB00000E07F4000007E40F7B504460E46154630
:100EC00022B9436893F9110000F0BCF9E821E36A04
:100ED000204A77081363204BC6F347061970002198
:100EE0001E708F4210D1D0211970002D2BD1636854
:100EF00093F911300122590903F01F0302FA03F399
:100F0000164A42F8213022E020690190A06A008848
:100F10001880D2F8800040050AD4A06A013102305E
:100F2000A062E06A0230E062206B01382063D8E7FB
:100F30000198461E01960028EBD1142003B0F0BDA5
:100F4000002DFAD0013DD2F880301B04F8D50020E6
:100F5000F4E700BF00E07F4000007E4000E100E0D9
:100F600010B50E4B14461A7CD20613D5D3F8802048
:100F7000520442BF1A7C00221A7440F2F512D3F8D0
:100F800080300B4208BF144630B90CB1FFF706FFA2
:100F9000204610BD0022F2E70446F7E700E07F405C
:100FA000402213B5836910480193104B01631A70F6
:100FB00008221A7000220E4931F8024B0132082A29
:100FC0001C80F9D1D0221A70D0F880301B0402D5D1
:100FD000002002B010BD019B1BB1019B013B01939E
:100FE000F2E71420F5E700BF00E07F4000007E40FC
:100FF000160500206FEA415110B56FEA51514FF6C6
:10100000FF74074B42EAC03242F4F0421C805C801D
:10101000DA8099801C815C819C81DC8110BD00BFDD
:10102000160500204FF49643002213B50193144B8C
:1010300004461A6043681A7842B193F9110000F02F
:1010400001F9636893F9130000F0FCF84FF4594379
:101050000C4AA2F844304AF60123A2F88430B2F8D0
:1010600084309BB2012B02D1002002B010BD019B45
:101070001BB1019B013B0193F1E74FF4FA70F4E7D8
:101080000070004000E07F4038B50546FFF7CAFF1A
:10109000044670B14FF4FA7038BD6CB98021AA686B
:1010A0002846FFF709FF18224FF4A041FFF758FF29
:1010B00004462B6B002BF0D1FFF744FE002C18BF29
:1010C0002046E9E710B5104B0446D3F890310F489D
:1010D00003F00703DB430E2220F8023BFF2100F060
:1010E000A9F82046FFF79EFF20460949FFF758FF61
:1010F00018220021FFF734FF0446FFF723FE002CDF
:1011000018BF204610BD00BF00A00001160500203A
:1011100090A1000138B5816202630546FFF782FFA6
:10112000044620BB0122134BA3F8E0202B6B2BB904
:10113000FFF708FE002C18BF204638BD002CF7D161
:10114000D5E90712AB6A284623F40013B3F5803FB4
:1011500036BF0A464FF400414FF40051FFF78CFEB2
:1011600019224FF4C041FFF7FBFE0446DEE74FF4BF
:10117000FA70E2E700E07F402DE9F041114B0546AF
:10118000D3F8DC600F469046FFF74CFFF60F04469D
:10119000A8B94FEA58323046790BFFF72BFF0A49BE
:1011A0002846FFF7FDFE21461822FFF7D9FE044628
:1011B000FFF7C8FD002C18BF2046BDE8F0814FF4B2
:1011C000FA70FAE700E07F4030A10001F8B506466A
:1011D0000D461746FFF726FF044608BB57B1124BD2
:1011E00045F4CC45A3F8E850FFF7ACFD002C18BF40
:1011F0002046F8BD0D4F1022FF21384600F01AF8A6
:10120000ED4347F6FF730A4943EAC5333046FB8096
:10121000FFF7C6FE21461822FFF7A2FE0446E3E7C9
:101220004FF4FA70E5E700BF00E07F4016050020AC
:1012300030A100015FF800F0592D00005FF800F0C8
:10124000F50200005FF800F0790800005FF800F098
:10125000F1080000000E00FF0F01FFFF000000007A
:101260000000000000000000000000007107000006
:10127000E005002010000C0000000000FF0000004E
:1012800003000000A086010000000000010C00091E
:101290000A00000000000000000000002D0800000F
:1012A0003C0500201005002068050020000000001B
:1012B000C88B0020308C0020988C0020000000009B
:1012C000000000000000000000000000000000001E
:1012D000000000000000000000000000000000000E
:1012E00000000000000000000000000000000000FE
:1012F00000000000000000000000000003000000EB
:10130000C88B00201B5B4A00001B5B4800001B5B76
:10131000324A00001B5B4A00001B5B6D00001B375C
:1013200000001B3800001B5B3F336C00001B5B4858
:1013300000001B5B324A00001B3700001B38000016
:10134000000000000000000000000000000000009D
:10135000551D250000551D200000030602000A004F
:101360000000000000000000E1840200D424050019
:1013700001000000000000002B69A4292B1B803E07
:101380002B69A4292B1B803E3200000000000000C6
:1013900022AE28D7982F8A42CD65EF23914437712A
:1013A0002F3B4DECCFFBC0B5BCDB8981A5DBB5E99C
:1013B00038B548F35BC2563919D005B6F111F15969
:1013C0009B4F19AFA4823F9218816DDAD55E1CAB9A
:1013D000420203A398AA07D8BE6F7045015B83122F
:1013E0008CB2E44EBE853124E2B4FFD5C37D0C55EA
:1013F0006F897BF2745DBE72B196163BFEB1DE80E2
:101400003512C725A706DC9B942669CF74F19BC1D2
:10141000D24AF19EC1699BE4E3254F388647BEEF6F
:10142000B5D58C8BC69DC10F659CAC77CCA10C2427
:1014300075022B596F2CE92D83E4A66EAA84744A99
:10144000D4FB41BDDCA9B05CB5531183DA88F976D1
:10145000ABDF66EE52513E981032B42D6DC631A806
:101460003F21FB98C82703B0E40EEFBEC77F59BFEA
:10147000C28FA83DF30BE0C625A70A934791A7D5D5
:101480006F8203E05163CA06706E0E0A6729291441
:10149000FC2FD246850AB72726C9265C38211B2E89
:1014A000ED2AC45AFC6D2C4DDFB3959D130D3853B6
:1014B000DE63AF8B54730A65A8B2773CBB0A6A76C9
:1014C000E6AEED472EC9C2813B358214852C72925F
:1014D0006403F14CA1E8BFA2013042BC4B661AA8DC
:1014E0009197F8D0708B4BC230BE5406A3516CC795
:1014F0001852EFD619E892D110A96555240699D64D
:101500002A20715785350EF4B8D1BB3270A06A100D
:10151000C8D0D2B816C1A41953AB4151086C371EBC
:1015200099EB8EDF4C774827A8489BE1B5BCB034D7
:10153000635AC9C5B30C1C39CB8A41E34AAAD84EB9
:1015400073E363774FCA9C5BA3B8B2D6F36F2E6880
:10155000FCB2EF5DEE828F74602F17436F63A57846
:1015600072ABF0A11478C884EC39641A0802C78CF5
:10157000281E6323FAFFBE90E9BD82DEEB6C50A407
:101580001579C6B2F7A3F9BE2B5372E3F27871C690
:101590009C6126EACE3E27CA07C2C021C7B886D1C1
:1015A0001EEBE0CDD67DDAEA78D16EEE7F4F7DF589
:1015B000BA6F1772AA67F006A698C8A2C57D630A1B
:1015C000AE0DF9BE04983F111B471C13350B711B60
:1015D000847D0423F577DB289324C7407BABCA3294
:1015E000BCBEC9150ABE9E3C4C0D109CC4671D4371
:1015F000B6423ECBBED4C54C2A7E65FC9C297F59A1
:10160000ECFAD63AAB6FCB5F1758474A8C19446C4B
:1016100001000000000000000500000000000000C4
:1016200019000000000000007D0000000000000024
:101630007102000000000000350C000000000000F6
:10164000093D0000000000002D31010000000000F5
:10165000E1F505000000000065CD1D000000000060
:10166000F902950000000000DD0EE9020000000014
:10167000514A8D0E000000009573C2480000000022
:10168000E941CC6B010000008D49FD1A0700000004
:10169000C16FF28623000000C52EBCA2B10000007D
:1016A000D9E9AC2D780300003D9160E458110000A9
:1016B00031D6E275BC560000F52E6E4DAEB101007C
:1016C000C9EA268367780800ED95C28F055A2A007B
:1016D000A1EDCCCE1BC2D30025A4000A8BCA2204E4
:1016E00000000000000000000000000000000010EA
:1016F0000000000000000000B9340332B7F4AD145C
:1017000010DB1AB30892540E0D307D951447BA1AA7
:1017100066088F4D26ADC66DF598BF85E2B74511B9
:10172000CA96853D92BD1DEBFCA11860DCEF5216F8
:101730003C92AE220BB8C1B4839D2D5B0562DA1CCE
:10174000304C7E8F4E8BB25B16F4529F8B56A51297
:10175000FBD4827643ED8AF08FE7F93115651918CD
:1017600050F19BD94A13EEB4284CF0A686C1251F30
:10177000035FC270CB9E4916E642889C44EB20145E
:10178000B0650836AD6EA58585F0CA14E2FD031A72
:101790000B899979D5B13D09D8DA973A35EBCF1055
:1017A000AC363F5E73BB38CF3E6752FA44AFBA15D2
:1017B0000100000000000000000000000000002008
:1017C000345065C05FC9A652BB13CBAEC440C2182B
:1017D00006C8DF7100D5A87CF56F0FDA58FC271317
:1017E0006E4756357D24206502C7E768E48CA41D4A
:1017F000E9E60268D7CD39617977FCC2405BEF1624
:10180000798CDE43FFA751F991F3B278F5BDBE1193
:10181000E857E9D6E8BEE87BB054AC8F848D751BE1
:10182000EA23A499E9F9D38BB7A3714061DA3E1595
:10183000CEE33ECB73F948088C97B427D51B7010C4
:10184000A2BFEFB9EB8532154DB44DB49BBB6F19F8
:1018500096B6076CF8E7EEAD36D9B4F59135AE1310
:10186000222218AF4E6A684D91DAAA3D4F40741E8D
:101870009FBD9EE006A1C09857C2A7FDA40E901779
:101880000E7D497173E3208FB220D87605143B1288
:10189000853D7434811343B0AD297A5F27F4351C3C
:1018A000E2652F227F2B7A3C075C143326A6813C0D
:1018B000BDCBF07A8807703C075C143326A6913CB8
:1018C0004FBB610567ACDD3F182D4454FB21E93F58
:1018D0009BF681D20B73EF3F182D4454FB21F93F47
:1018E00000000040FB21F93F000000002D44743E41
:1018F000000000809846F83C0000006051CC783B26
:1019000000000080831BF0390000004020257A3859
:10191000000000802282E336000000001DF36935DC
:101920009C37050098370500000000008530010055
:1019300000000000A3D40300C5D403000000000091
:101940001939010000000000243A05002C3A050076
:10195000000000000000000000000000343A050014
:10196000383A05003C3A0500403A05000400000002
:1019700000000000000000000000010078BA040030
:10198000010000000000010000000F0078BA040010
:1019900002000000000010000000100078BA0400EF
:1019A00003000000000000000020000054BA040002
:1019B000443A05004B3A050098CC040000000000B2
:1019C000000000002C5405009F3F0500D8190500B9
:1019D0000000000000000000DC190500255805008B
:1019E000AF3F050000000000414B01000000000077
:1019F00000000000000000000000000000000000E7
:101A000000000000F265050072400500181A05008C
:101A100000000000000000001C1A05004A5A0500E2
:101A20008040050000000000DD4C010000000000C7
:101A30002A6D05009040050000000000FDDC030059
:101A40000000000000000000000000000000000096
:101A50000000000000000000F6410500FD41050007
:101A60006C1A0500E94D010002020000701A050021
:101A7000BF420500C442050000000000AD4E010059
:101A800005020000297B0500FC4205000000000063
:101A9000855101000201000000000000000000006C
:101AA0000000000000000000000000003A000000FC
:101AB00008D800201E0000003BE8030034CC0400DE
:101AC0009411002074BF0400F01A0500CCA100207E
:101AD00064000000DC1A050088A10020B855002031
:101AE000800000000000000021DD03000200000073
:101AF000A5EA0300D4A1002008D800201E000000A1
:101B0000B95201006FDD03004BDD03008FDD0300E0
:101B10005DDD0300000000008E4605005046050014
:101B2000000000003D600100010000003DEA0300EC
:101B30007DEA0300AFE903000000000000000000A0
:101B400000000000000000004F4705005647050058
:101B5000000000000169010001000000804705004D
:101B600087470500C01B0500A569010001010000B1
:101B70002C4805003448050000000000C168010041
:101B800001000000FD7B050045480500EC1B050039
:101B90000000000000000000FF7205006B48050017
:101BA000000000006D690100010000007948050097
:101BB0007D4805000000000019EC03000000000053
:101BC000C41B0500A0480500A8480500000000004F
:101BD0002568010001000000000000000000000076
:101BE000000000000000000000000000F01B0500E5
:101BF000EC480500F548050000000000656801009C
:101C0000010000001249050021490500901C050053
:101C10000000000000000000D1490500D84905007F
:101C2000D01D05000000000000000000EF49050085
:101C3000F5490500901D05000000000000000000AF
:101C40000C4A0500134A0500501D05000000000065
:101C500000000000224A0500274A0500101D05006B
:101C60001D690100010100003A4A0500404A0500D3
:101C7000D01C050000000000000000000000000073
:101C80000000000000000000000000000000000054
:101C9000941C0500524A05005C4A05000000000043
:101CA0009FEC030001000000944A05009B4A0500D8
:101CB0000000000067EC03000100000000000000CD
:101CC0000000000000000000000000000000000014
:101CD000D41C050075560500D24A0500000000001E
:101CE0001DEC030001000000004B0500054B050042
:101CF0000000000051680100010000000000000029
:101D000000000000000000000000000000000000D3
:101D1000141D0500DD460500314B050000000000E4
:101D2000BBEC0300010000003C780500704B05008F
:101D3000000000000FED03000100000000000000A3
:101D40000000000000000000000000000000000093
:101D5000541D0500DD460500834B05000000000012
:101D6000B1680100010000003C780500934B0500BC
:101D7000000000003FEC0300010000000000000034
:101D80000000000000000000000000000000000053
:101D9000941D0500DD460500A24B05000000000073
:101DA0004BEC0300010000003C780500BA4B050035
:101DB00000000000F3EC0300010000000000000040
:101DC0000000000000000000000000000000000013
:101DD000D41D0500DD460500D14B050000000000C4
:101DE00083EC0300010000003C780500E94B05008E
:101DF00000000000D7EC030001000000000000001C
:101E000000000000000000000000000000000000D2
:101E1000C8110020D5820100000000003DF403003D
:101E2000698601005D86010075860100318401002C
:101E3000341E050001000000995A050074120020AC
:101E4000000000001C1B0020B4120020881200209B
:101E5000141E05005C1E05000002000054A40020B2
:101E6000617A0500107A0500741E0500000000006C
:101E700000000000781E0500255805002C7A05009A
:101E800000000000DDC90100000000005C7A0500D0
:101E9000677A050000000000E9CA010003000000A5
:101EA000BB7A0500C47A05000000000015CA0100D5
:101EB00003000000277B05002E7B0500B0CD040049
:101EC000D5CB0100020000005E7B05006B7B0500A6
:101ED000B0CD040071C9010002000000967B05002E
:101EE0009E7B0500B4CD0400A9CB010003000000D7
:101EF00000000000000000000000000000000000E2
:101F000000000000B707040061070400490704004F
:101F1000B1D601004D070400510704005507040025
:101F200059070400AF0704005D070400B30704006D
:101F3000CD070400D107040073070400C90704009B
:101F4000D5070400D9070400430B0400290B040043
:101F5000190B040095EA0100B5080400AF0804005D
:101F60001D0B0400A1080400210B0400250B040034
:101F70003F0B0400550B0400590B04003B0B0400FD
:101F8000000000009B08040095080400950B040065
:101F9000F1F801000000000011F90100000000004C
:101FA00029FA0100770B04007B0B04007F0B04006F
:101FB00045FB0100A50B0400DDF9010095F90100C6
:101FC0000000000000000000000000000000000011
:101FD000B9FC010001FE0100B50B0400690002001C
:101FE0000000000065FB0100A1FC01007DFB010079
:101FF00095FB0100E30B0400D10B0400ADFB0100D5
:10200000C5FB0100D1FF010000000000000000003E
:1020100000000000FFFFFFFF0000000000000000C4
:10202000000000000000000000000000141E050079
:10203000382005008000000094D40520141E0500FF
:10204000482005008000000084EA0520141E0500D9
:102050005820050000020000B4150620141E0500DB
:1020600068200500FF000000E4190620141E05008A
:102070007820050000020000141C062080200500C6
:1020800001000000C67C05000A6000400A00000054
:10209000000300002A0000009C2005000100000051
:1020A000017D0500096000400900000000030000F8
:1020B00029000000C020050044200020000000008E
:1020C000E14B040000000000C94B0400D0200500D3
:1020D000010000000E7F0500F820050000B300207D
:1020E000020000000A00000048B1002090AF00206C
:1020F000F976020002000000002105000100000046
:1021000008210500010000001B000000000C011464
:10211000315304005D790200555404002B5404002F
:102120000154040000000000B55304009153040062
:10213000775304002D530400000000005D53040099
:1021400043530400797202000D73020063550400CA
:102150007355040058210500010000003D7F050073
:1021600005000000040000006C21050001000000D3
:10217000567F0500050000000200000080210500D8
:10218000010000006F7F0500050000000200000054
:102190009421050001000000897F05000500000072
:1021A00004000000A821050001000000A47F050034
:1021B0000500000004000000BC2105000100000033
:1021C000BE7F05000500000002000000D0210500D0
:1021D00001000000D87F050005000000010000009C
:1021E000E4210500010000000480050000400840D3
:1021F00004400840084008400C4008401040084097
:10220000042205000100000061800500C0BA04003E
:102210000100000028000000000000000000000095
:1022200024220500010000009180050030220500F5
:10223000010000008B810500402205000000000025
:10224000197B020000000000000000003556040069
:10225000000000000000000000000000A57C02005B
:10226000000001000000000001000000000000006C
:10227000751B0020040400000C1400200006000060
:10228000330000000C000000000000009822050050
:1022900000000000BC22050024B30020A422050099
:1022A000E82605000000000000000000000000001B
:1022B000000000000000000000000000405400206A
:1022C0008054002001000000020000000400000013
:1022D000080000001000000020000000E0220500BF
:1022E0000100000031820500000000000000000035
:1022F0002CBB0400F822050001000000C74C0500BB
:1023000004230500010000008F8205001023050052
:1023100001000000B38205001C230500010000003D
:10232000E8820500FFFF00000B000000600108408C
:1023300088B3002000000000FF00000040230500DB
:102340000100000012830500FFFF00000A000000EA
:1023500040010840D014002003000000FF000000EE
:1023600064230500010000003C830500FFFF00001E
:102370000900000020010840F414002004000000BF
:10238000FF000000882305000100000065830500B0
:10239000FFFF000008000000000108402415002095
:1023A00004000000FF000000AC2305000100000055
:1023B0008F830500FFFF000007000000E0000840D9
:1023C0005415002004000000FF000000D023050089
:1023D00001000000B9830500FFFF000006000000B7
:1023E000C00008408415002001000000FF0000002C
:1023F000F423050001000000E3830500FFFF000057
:1024000005000000A0000840901500200400000016
:10241000FF00000018240500010000000D840500E5
:10242000FFFF00000400000080000840C0150020ED
:1024300009000000FF0000003C240500010000002E
:1024400037840500FFFF0000030000006000084023
:102450002C16002004000000FF000000602405008E
:102460000100000061840500FFFF00000200000081
:10247000400008405C16002004000000FF0000003F
:1024800084240500010000008B840500FFFF00008C
:1024900001000000200008408C160020050000000C
:1024A000FF000000A824050001000000B58405001D
:1024B000FFFF00000000000000000840C8160020D8
:1024C00009000000FF000000CC240500010000000E
:1024D00088870500DC24050001000000E4240500D5
:1024E00002000000C500000000040107B500000064
:1024F00000040107F824050001000000EE87050034
:10250000082505000000000010250500010000005E
:10251000182505000A000000E2000000000C011769
:10252000B2000000000C011754000000000C01175D
:1025300064000000000C011707000000000C0117E8
:1025400017000000000C011727000000000C011705
:1025500037000000000C011747000000000C0117B5
:1025600057000000000C01176C2505000100000059
:10257000C988050088B604000400000019000000A6
:10258000842505008C250500010000009425050028
:102590000200000006000000000001031600000019
:1025A00000000103A825050001000000F0880500D7
:1025B00088B60400040000001E000000C0250500CD
:1025C000C825050001000000D0250500010000001D
:1025D0005100000000000103DC25050000000000A0
:1025E00000000080FFFFFF7F0000008000000080EF
:1025F000FFFFFF7F000000800000000000000000DF
:102600004E89050000FF0A0014B804000300000012
:102610001426050001000000AA89050024260500F3
:10262000008811402C26050001000000342605001A
:10263000040000000A000000000001047600000011
:102640000000010466000000000001041800000002
:10265000000001045826050001000000C48905009F
:102660006826050000891140702605000100000061
:102670007826050004000000260000000000010587
:10268000A100000000000105360000000000010567
:1026900046000000000001059C2605000100000026
:1026A000738A05000000000000000000B02605004D
:1026B000B826050001000000C02605000500000046
:1026C00001000000000001061100000000000106EA
:1026D000210000000000010631000000000001069A
:1026E0004100000000000106CDDE020095660400F6
:1026F0002569040025680400BD670400C368040060
:1027000079690400FD6804000200000068270500E4
:1027100003000000602705000400000058270500A2
:1027200005000000502705000600000048270500AE
:102730000700000040270500000000000000000026
:10274000A38A050090240700AF8A050090230600A5
:10275000BB8A050090220500C78A050010140400FA
:10276000D38A050010130300DF8A0500101202004F
:1027700002000000ED840400E9840400E584040004
:10278000E1840400C9840400B7840400FA8A0500C7
:1027900000000000F78A05000000000000000000B3
:1027A000F48A0500F18A0500EE8A0500EB8A05002F
:1027B0009E8B050008000000A78B05002C8D0500EE
:1027C00003000000AE8B050005000000B48B05007F
:1027D000148B050005000000BC8B050009000000FB
:1027E000C68B05008A8D050008000000D08B05000F
:1027F00009000000DA8B0500BD8D0500090000000E
:10280000E48B050009000000EE8B0500F08D05004B
:102810000A000000F88B050009000000028C05008A
:10282000238E05000B0000000000000000000000E7
:10283000000000000000000000000000A48C050063
:1028400009000000AE8C0500BC8C050001000000F2
:10285000C08C050007000000C88C0500D78C05005F
:1028600002000000E68C050005000000EC8C05006D
:10287000F48C0500030000000000000000000000D0
:10288000000000000000000000000000048D0500B2
:10289000090000000E8D0500238D050003010000D6
:1028A000308D0500090000003A8D0500518D0500AE
:1028B000050100005F8D050009000000698D05001D
:1028C000818D050008010000928D050009000000BF
:1028D0009C8D0500B48D050009010000C58D050023
:1028E00009000000CF8D0500E78D05000A010000FA
:1028F000F88D050009000000028E05001A8E050003
:102900000B0100002B8E0500050000003A8D05002C
:10291000518D050005010000318E05000900000001
:102920003B8E05003B8E0500000600000000000005
:102930000000000000000000000000000000000097
:10294000C08F050003000000C48F0500DB8F050069
:1029500000010000ED8F050003000000F18F05006D
:102960001F90050004000000009005000300000017
:10297000049005001690050000080000299005004D
:10298000030000002D90050042900500200000008B
:1029900053900500090000005D900500729005004D
:1029A000000001008C9005000300000090900500DD
:1029B000AA90050008000000BF9005000300000079
:1029C000C3900500DE90050002000000F5900500B0
:1029D00003000000F99005001691050001000000B9
:1029E00000000000000000000000000000000000E7
:1029F00000000000982F8A4291443771CFFBC0B588
:102A0000A5DBB5E95BC25639F111F159A4823F92B9
:102A1000D55E1CAB98AA07D8015B8312BE85312412
:102A2000C37D0C55745DBE72FEB1DE80A706DC9BD3
:102A300074F19BC1C1699BE48647BEEFC69DC10F7F
:102A4000CCA10C246F2CE92DAA84744ADCA9B05CBB
:102A5000DA88F97652513E986DC631A8C82703B07E
:102A6000C77F59BFF30BE0C64791A7D55163CA068C
:102A700067292914850AB72738211B2EFC6D2C4D98
:102A8000130D385354730A65BB0A6A762EC9C28186
:102A9000852C7292A1E8BFA24B661AA8708B4BC21C
:102AA000A3516CC719E892D1240699D685350EF446
:102AB00070A06A1016C1A419086C371E4C774827FD
:102AC000B5BCB034B30C1C394AAAD84E4FCA9C5B73
:102AD000F36F2E68EE828F746F63A5781478C884C4
:102AE0000802C78CFAFFBE90EB6C50A4F7A3F9BEA6
:102AF000F27871C601000000BC8C05000B91040047
:102B0000CF90040011480300C94703008547030024
:102B10004147030003910400ED900400DB900400A2
:102B20001D470300000300000A0000000000000031
:102B30000000000000070000FFFFFF0F0000000082
:102B4000000800003C0000004D950500050901004B
:102B5000030303033D0000006D9505000709010014
:102B6000030303032F0000008D95050005050100F8
:102B70000303030335000000AA95050007050100C3
:102B80000303030300000000AD8C050000000000FB
:102B900000000000A8CC0000A9CC0000AACC0000D6
:102BA0002CC0000030C000009F000000ADC000003D
:102BB0009FC0000024C0000028C000006B0000007F
:102BC0000AC0000014C0000039000000AFC00000BF
:102BD000A3C0000087C000008BC000007DC00000C3
:102BE00073C0000077C00000C4000000880000002F
:102BF0005DC0000061C0000053C0000049C000007B
:102C00004DC0000045C000002BC000002FC00000D8
:102C10009E000000ACC000009EC0000023C0000069
:102C200027C000006700000009C0000013C00000BA
:102C300033000000AEC00000A2C0000086C000004B
:102C40008AC000007CC0000072C0000076C0000096
:102C5000BE000000450000005CC0000060C0000035
:102C600052C0000048C000004CC0000044C000003A
:102C7000ACCC0000ADCC0000AB000000A7C0000051
:102C800038C00000B300000036C000009100000012
:102C900091C000009BC0000097C00000ABC00000C6
:102CA0006DC0000071C0000067C00000AA000000F5
:102CB000A6C0000037C00000B200000035C0000010
:102CC0009000000090C0000096C000009AC0000074
:102CD000AAC000006CC0000070C0000066C0000008
:102CE000FFC000009D0000009DC000003D000000EE
:102CF0003500000032C000002AC000000FC00000F4
:102D00002EC0000026C0000005C00000A1C00000C9
:102D10007BC00000C0000000840000008DC00000E7
:102D200079C0000089C0000075C000005FC00000CD
:102D300063C0000051C000004BC000004FC0000045
:102D40003DC000009C0000009CC000003C00000052
:102D50002F00000031C0000029C000000EC000009C
:102D60002DC0000025C0000004C00000A0C000006D
:102D70007AC00000BA000000410000008CC00000D2
:102D800078C0000088C0000074C000005EC0000071
:102D900062C0000050C000004AC000004EC00000E9
:102DA0003CC00000AECC0000AD000000B700000049
:102DB0009500000093C0000099C000006FC00000A3
:102DC00069C00000AC000000B600000094000000E4
:102DD00092C0000098C000006EC0000068C00000F3
:102DE000ABCC0000A9000000A5C00000AF000000AF
:102DF0008D0000008FC0000095C00000A9C0000039
:102E00006BC0000065C00000A8000000A4C0000066
:102E1000AE0000008C0000008EC0000094C00000D6
:102E2000A8C000006AC0000064C0000006C0000026
:102E300010C000003BC000003AC0000039C00000D4
:102E4000B5000000B40000002D0000003B000000B1
:102E500002000000010000000BC0000001C00000E3
:102E6000B9000000B80000002E000000B100000012
:102E7000B00000002C000000000000002BC000008B
:102E80002CC0000000000000CF960500DD96050074
:102E9000F1960500009705000C97050060B404004A
:102EA00060B4040080B5040088B5040038B604009E
:102EB00040B6040037970500010005007466050060
:102EC000020007003D970500040008004697050032
:102ED00008000400C1590500100009004B970500C7
:102EE000200008005497050040000A005F97050085
:102EF000800006000000000000000000000000004C
:102F0000000000000000004095596959555554557E
:102F10001555555604051541105455404551554415
:102F200040455044505555450040004040044496AB
:102F30006555565545404554514115405591555597
:102F4000555540510501000054455454455505045C
:102F500000100410140440000000014055551541B4
:102F600054040000440001000000004041000044FF
:102F7000504445505400555554556551004000404B
:102F8000010000010005010011545151545555052F
:102F9000000000000000000000000000FB21F93FDD
:102FA000FB2109407CD91240FB2119407A6A1F405D
:102FB0007CD92240BBFD2540FB2129403A462C40CC
:102FC0007A6A2F405C4731407CD932409C6B344058
:102FD000BBFD3540DB8F3740FB2139401BB43A4005
:102FE0003A463C405AD83D407A6A3F404C7E404089
:102FF0005C4741406C1042407CD942408CA2434027
:103000009C6B4440AC344540BBFD4540CBC646407C
:10301000DB8F4740EB584840FB21494083F9A20031
:10302000444E6E00FC291500D1572700DD34F50011
:1030300062DBC0003C999500419043006351FE0063
:10304000BBDEAB00B761C5003A6E2400D24D420032
:103050004906E00009EA2E001C92D100EB1DFE009B
:1030600029B11C00E83EA700F535820044BB2E00C4
:103070009CE98400B4267000417E5F00D69139003F
:10308000538339009CF439008B5F840028F9BD001C
:10309000F81F3B00DEFF97000F980500112FEF008F
:1030A0000A5A8B006D1F6D00CF7E360009CB2700BA
:1030B000464FB7009E663F002DEA5F00BA277500B5
:1030C000E5EBC7003D7BF100F739070092528A001B
:1030D000FB6BEA001FB15F00085D8D0030035600F6
:1030E0007BFC4600F0AB6B0020BCCF0036F49A00AE
:1030F000E3A91D005E619100081BE600859965004B
:10310000A0145F008D40680080D8FF0027734D0039
:1031100006063100CA561500C9A873007BE260009C
:103120006B8CC000020000000300000004000000DF
:103130000600000001000200080010000600080060
:103140001000180020004000600080000001800195
:103150000002000400080002000400080010000043
:10316000010601050104000000004661696C656408
:1031700020746F206F70656E20666C6173682061CB
:103180007265612C2072632025640A004661696CB7
:10319000656420746F20657261736520666C61736D
:1031A0006820617265612C2072632025640A005FCB
:1031B0005F6378615F707572655F7669727475615F
:1031C0006C005F5F61656162695F756C3266005FAC
:1031D0005F61656162695F6C6469766D6F64005FF1
:1031E0005F61656162695F696469766D6F64005FE4
:1031F0005F61656162695F663264005F5F6165613E
:1032000062695F6432697A005F5F61656162695F0C
:1032100064636D706571005F5F61656162695F75B0
:10322000696469766D6F64005F5F61656162695FA3
:10323000643275697A005F5F61656162695F6C32F3
:1032400064005F5F61656162695F756964697600EA
:103250005F5F61656162695F693264005F5F6165DC
:103260006162695F64737562005F5F616561626975
:103270005F64636D706774005F5F61656162695F61
:1032800069646976005F5F61656162695F66636D4D
:10329000706C65005F5F61656162695F6461646451
:1032A000005F5F61656162695F66636D70756E0086
:1032B0005F5F61656162695F643266005F5F61657F
:1032C0006162695F646D756C005F5F616561626911
:1032D0005F64646976005F5F61656162695F646312
:1032E0006D706C74005F5F61656162695F75693202
:1032F00064005F5F61656162695F756C6469766DCA
:103300006F64005F5F61656162695F64326C7A005F
:103310005F5F61656162695F64636D706C65005FCA
:103320005F61656162695F64636D70756E0073797A
:10333000735F636C6F636B5F6379636C655F676515
:10334000745F33320072696E675F6275665F7075B5
:10335000740072696E675F6275665F7065656B00A9
:1033600072696E675F6275665F6765740063627637
:103370007072696E746600736E7072696E74660046
:10338000737072696E746600707574636861720040
:1033900070757473006174616E00636F730073699C
:1033A0006E006B5F776F726B5F7363686564756CDB
:1033B00065006B5F666174616C5F68616C74006B63
:1033C0005F74696D65725F696E69740075736264BC
:1033D0005F64697361626C6500757362645F656EDA
:1033E00061626C6500757362645F63616E5F6465E2
:1033F000746563745F7662757300757362645F638E
:103400006170735F737065656400757362645F619A
:1034100064645F636F6E66696775726174696F6E0D
:1034200000757362645F72656769737465725F616A
:103430006C6C5F636C617373657300757362645F5A
:103440006465766963655F7365745F636F64655F08
:10345000747269706C6500757362645F6D73675F29
:1034600072656769737465725F6362007573626425
:103470005F6465766963655F7365745F6263645FEB
:1034800075736200757362645F6164645F64657321
:1034900063726970746F7200757362645F696E69DC
:1034A000740065786974006F70656E00726563768C
:1034B0000073656E640067657461646472696E664A
:1034C0006F00746C735F63726564656E7469616CC0
:1034D0005F616464006E65745F6D676D745F6576CF
:1034E000656E745F776169745F6F6E5F6966616353
:1034F00065006E65745F6D676D745F6164645F65C0
:1035000076656E745F63616C6C6261636B006E659F
:10351000745F6468637076345F6164645F6F707455
:10352000696F6E5F63616C6C6261636B006E657482
:103530005F6468637076345F7374617274005F6E89
:1035400065745F6C325F45544845524E4554006E79
:1035500065745F69665F6C6F6F6B75705F62795FD2
:10356000646576006E65745F69665F697076345F66
:103570007365745F6E65746D61736B5F62795F61B3
:10358000646472006E65745F69665F697076345F4B
:10359000616464725F616464006E65745F69665F34
:1035A000697076345F7365745F6777006E65745F0A
:1035B00069665F697076345F6D616464725F6A6FBB
:1035C000696E006E65745F69665F697076345F6D01
:1035D000616464725F616464006E65745F69665FF4
:1035E0006765745F62795F6966616365006E6574C3
:1035F0005F69665F646F776E006E65745F69665FB2
:10360000666F7265616368007A5F6C6F675F6D7388
:10361000675F72756E74696D655F766372656174FC
:1036200065006B5F73636865645F756E6C6F636B79
:10363000006B5F73636865645F6C6F636B006973D5
:103640007864696769740069736C6F776572006983
:103650007375707065720069737072696E74006959
:10366000736772617068006973646967697400697F
:1036700073636E74726C006973616C70686100745E
:103680006F757070657200746F6C6F77657200692A
:1036900073616C6E756D0069737370616365006151
:1036A000746F6C0061746F660061746F690073728F
:1036B000616E640063616C6C6F63007265616C6C59
:1036C0006F63006B5F6D616C6C6F63006D656D6D3A
:1036D0006F766500737472636174007374726368EB
:1036E00072007374726C656E00737472636D700037
:1036F000737472746F756C00737472636173656355
:103700006D70007374726E637079007374726E639F
:103710006D70007374727374720073747272636884
:1037200072004661696C656420746F207265616423
:10373000206865616465722C2072632025640A002C
:10374000496E76616C696420736B65746368206888
:1037500065616465720A004661696C656420746F16
:10376000206C6F616420736B657463682C207263D6
:103770002025640A006D61696E004661696C6564AC
:1037800020746F2066696E64206D61696E206675B5
:103790006E6374696F6E0A0052756E20736B657488
:1037A0006368006170700028756E7369676E656488
:1037B000292063686172202A207573656420666F12
:1037C000722025257020617267756D656E742E20DC
:1037D00049742773207265636F6D6D656E646564EF
:1037E00020746F206361737420697420746F207675
:1037F0006F6964202A20626563617573652069744E
:10380000206D6179206361757365206D69736265F0
:10381000686176696F7220696E2063657274616990
:103820006E20636F6E66696775726174696F6E731F
:103830002E20537472696E673A22257322206172BA
:1038400067756D656E743A25640063627072696EA7
:1038500074665F7061636B61676500767072696E34
:10386000746B006173736572745F7072696E74005B
:103870006173736572745F706F73745F6163746991
:103880006F6E00736F630043616D657261206578D0
:103890007465726E616C20636C6F636B20736F75FF
:1038A00072636520646576696365206973206E6F55
:1038B0007420726561647921004661696C656420D9
:1038C000746F20656E61626C652063616D65726105
:1038D0002065787465726E616C20636C6F636B2019
:1038E0006572726F723A2028256429004661696CFE
:1038F000656420746F206765742063616D65726113
:103900002065787465726E616C20636C6F636B20E8
:10391000726174652C206572726F723A202825647A
:10392000290043616D6572612065787465726E610E
:103930006C20636C6F636B20726174653A2028257C
:10394000752920487A006574685F70776D5F636CD5
:103950006F636B006C6F67006C6F675F6D676D7492
:10396000004D6573736167652064726F7070656484
:10397000206265636175736520697420657863658D
:103980006564732073697A65206C696D697461740C
:10399000696F6E2028257529004D65737361676511
:1039A000202822257322292064726F70706564209C
:1039B0006265636175736520697420657863656508
:1039C00064732073697A65206C696D6974617469C8
:1039D0006F6E2028257529000D0A001B5B306D00D5
:1039E000257320005B2530386C755D20005B253029
:1039F00032753A253032753A253032752E253033FE
:103A0000752C253033755D200025732F003C257300
:103A10003E200025733A20002530327820002020F7
:103A200020007C001B5B313B33316D001B5B313B65
:103A300033336D006572720077726E00696E6600D6
:103A4000646267006B65726E656C004B65726E65D3
:103A50006C20636F6D6D616E6473006379636C6578
:103A6000733A202575206877206379636C65730A43
:103A7000004B65726E656C206379636C65732E0014
:103A8000556E61626C6520746F2070617273652081
:103A9000696E7075742028657272202564290A0089
:103AA0006D7300557074696D653A20256C6C7520D6
:103AB0006D730A002D70002D2D707265747479007D
:103AC000556E737570706F72746564206F70746971
:103AD0006F6E3A2025730A00757074696D653A201F
:103AE000256C6C7520646179732C20256C6C7520B5
:103AF000686F7572732C20256C6C75206D696E75FE
:103B00007465732C20256C6C75207365636F6E640F
:103B1000732C20256C6C75206D696C6C6973656302
:103B20006F6E64730A00757074696D65004B657221
:103B30006E656C20757074696D652E2043616E2012
:103B400062652063616C6C656420776974682074B9
:103B50006865202D70206F72202D2D707265747431
:103B600079206F7074696F6E7300342E312E39397D
:103B7000005A65706879722076657273696F6E207D
:103B800025730A0076657273696F6E004B65726EFD
:103B9000656C2076657273696F6E2E005468697368
:103BA00020636F6D6D616E6420697320646570724F
:103BB0006563617465642061732069742069732092
:103BC00061206475706C69636174652E205573653E
:103BD00020276C6F6720656E61626C652720636FBC
:103BE0006D6D616E642066726F6D206C6F676769C2
:103BF0006E6720636F6D6D616E6473207365742EE4
:103C00000A00556E61626C6520746F20706172737A
:103C100065206C6F672073657665726974792028FA
:103C2000657272202564290A00496E76616C6964A8
:103C3000206C6F67206C6576656C3A2025640A00FD
:103C4000556E61626C6520746F2066696E64206CCD
:103C50006F6720736F757263653A2025730A006C75
:103C60006F675F6C6576656C003C6D6F64756C6545
:103C7000206E616D653E203C73657665726974796E
:103C80002028302D34293E004B65726E656C2074FF
:103C90006872656164732E005363686564756C6552
:103CA000723A2025752073696E6365206C617374A8
:103CB0002063616C6C0A00546872656164733A0A2F
:103CC000004E41002573257020252D3130730A00E8
:103CD000096F7074696F6E733A20307825782C20E4
:103CE0007072696F726974793A2025642074696D05
:103CF000656F75743A20256C6C640A0009737461F1
:103D000074653A2025732C20656E7472793A2025EB
:103D1000700A00556E61626C6520746F2064657472
:103D200065726D696E6520756E7573656420737458
:103D300061636B2073697A6520282564290A0A006B
:103D400009737461636B2073697A6520257A752C19
:103D500020756E7573656420257A752C20757361E6
:103D6000676520257A75202F20257A7520282575EE
:103D7000202525290A0A004C697374206B65726E30
:103D8000656C20746872656164732E00257020492B
:103D900052512025303264202573287265616C20D1
:103DA00073697A652025347A75293A09756E7573B9
:103DB00065642025347A750975736167652025343B
:103DC0007A75202F2025347A75202825327A75209F
:103DD0002525290A00257020252D333273202872CD
:103DE00065616C2073697A652025347A75293A09F2
:103DF000756E757365642025347A7509757361670E
:103E0000652025347A75202F2025347A75202825C1
:103E10003275202525290A00737461636B73004C89
:103E2000697374207468726561647320737461636C
:103E30006B2075736167652E00546872656164203C
:103E40004944202570206973206E6F742076616C60
:103E500069640A004572726F723A5368656C6C202F
:103E60007468726561642063616E6E6F7420626550
:103E70002073757370656E6465640A0054687265BA
:103E800061642025702073757370656E6465640AC3
:103E9000006B65726E656C20746872656164207376
:103EA000757370656E64203C7468726561645F69E7
:103EB000643E004572726F723A5368656C6C207490
:103EC00068726561642063616E6E6F742062652044
:103ED000726573756D65640A00546872656164206B
:103EE000257020726573756D65640A006B65726E6E
:103EF000656C2074687265616420726573756D65A8
:103F0000203C7468726561645F69643E004572724A
:103F10006F723A5368656C6C2074687265616420D6
:103F200063616E6E6F74206265206B696C6C656492
:103F30000A000A20546872656164202570206B694C
:103F40006C6C65640A006B696C6C006B65726E6505
:103F50006C20746872656164206B696C6C203C74C1
:103F600068726561645F69643E005245414459006E
:103F700044495341424C4544006465766963657326
:103F80003A0A005B25705D002D2025730020204437
:103F900054206E6F6465206C6162656C733A0044F6
:103FA000657669636520636F6D6D616E6473004C47
:103FB00069737420636F6E666967757265642064E7
:103FC0006576696365730025642D253032752D256E
:103FD00030327520253032753A253032753A253029
:103FE0003275205554430A00496E76616C6964202D
:103FF000686F75720A00496E76616C6964206D693C
:104000006E7574650A00496E76616C69642073652B
:10401000636F6E640A00496E76616C6964206D6F2F
:104020006E74680A00496E76616C69642064617917
:104030000A004661696C656420746F2063616C637B
:10404000756C617465207365636F6E64732073694A
:104050006E63652045706F63680A00436F756C641A
:10406000206E6F742073657420646174652025640C
:104070000A004461746520636F6D6D616E64730046
:104080005B592D6D2D645D203C483A4D3A533E00FE
:104090005B6E6F6E655D005573696E672064617459
:1040A000612077696474682025640A00496E636F33
:1040B00072726563742064617461207769647468E6
:1040C0000A00526561642076616C75652030782540
:1040D000780A0057726974696E672076616C75653D
:1040E00020307825780A00696E76616C69642061F9
:1040F00064647220272573270A00696E76616C69F3
:10410000642073697A6520272573270A00696E7613
:10411000616C696420776964746820272573270AB5
:1041200000613A733A773A00272D61203C6164645C
:10413000726573733E27206973206D616E646174CC
:104140006F72790A00272D73203C73697A653E27C8
:10415000206973206D616E6461746F72790A006406
:1041600065766D656D206C6F616420737570706F1E
:104170007274732073657474696E672062797061FC
:104180007373206F6E20612073696E676C652069A0
:104190006E7374616E63652E0A004C6F6164696EA4
:1041A000672E2E2E0A7072657373206374726C2DE5
:1041B00078206374726C2D7120746F206573636155
:1041C00070650A004E756D626572206F66206279B7
:1041D00074657320726561643A2025640A002D6558
:1041E00000556E6B6E6F776E206F7074696F6E2006
:1041F000222573220A006465766D656D0052656143
:10420000642F777269746520706879736963616C73
:10421000206D656D6F72790A55736167653A0A5250
:10422000656164206D656D6F7279206174206164D1
:1042300064726573732077697468206F7074696F36
:104240006E616C2077696474683A0A6465766D659E
:104250006D203C616464726573733E205B3C7769DA
:104260006474683E5D0A5772697465206D656D6F90
:104270007279206174206164647265737320776958
:104280007468206D616E6461746F727920776964FF
:10429000746820616E642076616C75653A0A6465A5
:1042A000766D656D203C616464726573733E203C7D
:1042B00077696474683E203C76616C75653E006485
:1042C000756D700055736167653A0A6465766D6552
:1042D0006D2064756D70202D61203C616464726591
:1042E00073733E202D73203C73697A653E205B2DED
:1042F00077203C77696474683E5D0A005573616796
:10430000653A0A6465766D656D206C6F6164205B4B
:104310006F7074696F6E735D205B61646472657346
:10432000735D0A4F7074696F6E733A0A2D65096C7C
:104330006974746C652D656E6469616E207061725C
:1043400073650052582072696E67206275666665F3
:10435000722066756C6C2E007368656C6C2E7368C9
:10436000656C6C5F7561727400756172743A7E245D
:1043700020007368656C6C5F756172745F62616365
:104380006B656E6400537562636F6D6D616E64730F
:104390003A0A006E6F74207465726D696E6174659F
:1043A000643A2025630A00506C6561736520737060
:1043B0006563696679206120737562636F6D6D61F5
:1043C0006E642E0A004572726F723A2072657175C2
:1043D0006573746564206D756C7469706C652066B6
:1043E000756E6374696F6E20657865637574696F47
:1043F0006E730A003A20636F6D6D616E64206E6F9C
:104400007420666F756E6400546F6F206D616E79F5
:1044100020617267756D656E747320696E207468B3
:104420006520636F6D6D616E642E0A0025733A20FE
:1044300077726F6E6720706172616D65746572204E
:10444000636F756E740A005741524E494E473A20C9
:1044500041207072696E7420726571756573742085
:10446000776173206465746563746564206F6E2082
:104470006E6F7420616374697665207368656C6C17
:10448000206261636B656E642E0A000A25732573D2
:10449000005368656C6C2074687265616420657295
:1044A000726F723A20256400506C656173652070EC
:1044B0007265737320746865203C5461623E2062AB
:1044C0007574746F6E20746F2073656520616C6CF9
:1044D00020617661696C61626C6520636F6D6D61EE
:1044E0006E64732E0A00596F752063616E20616CD3
:1044F000736F2075736520746865203C5461623E5B
:1045000020627574746F6E20746F2070726F6D709E
:1045100074206F72206175746F2D636F6D706C65A0
:10452000746520616C6C20636F6D6D616E647320C7
:104530006F722069747320737562636F6D6D616E45
:1045400064732E0A00596F752063616E207472794E
:1045500020746F2063616C6C20636F6D6D616E649D
:10456000732077697468203C2D683E206F72203C70
:104570002D2D68656C703E20706172616D6574658B
:104580007220666F72206D6F726520696E666F7241
:104590006D6174696F6E2E0A000A5368656C6C2039
:1045A000737570706F72747320666F6C6C6F77695F
:1045B0006E67206D6574612D6B6579733A0A2020F2
:1045C0004374726C202B202861206B657920667201
:1045D0006F6D3A206162636465666B6C6E707577AF
:1045E000290A2020416C7420202B202861206B6533
:1045F000792066726F6D3A206266290A506C656197
:10460000736520726566657220746F207368656CCF
:104610006C20646F63756D656E746174696F6E2074
:10462000666F72206D6F72652064657461696C736A
:104630002E0A000A417661696C61626C6520636FC5
:104640006D6D616E64733A0A00253038583A200067
:104650005072696E7473207468652068656C702090
:104660006D6573736167652E001B5B2564256300B0
:104670001B5B313B3325646D001B5B343033256499
:104680006D002573252D2A73002D68002D2D68657A
:104690006C7000202D20002020004C6F7374206C63
:1046A0006F67733A20256C750A00416374697665FB
:1046B000207368656C6C206261636B656E64733A2D
:1046C0000A0020202532642E203A257320282573E5
:1046D000290A005B2533645D2025730A006F666636
:1046E0000020756E6B6E6F776E20706172616D6504
:1046F0007465723A200025733A257325730A0045C4
:1047000063686F207374617475733A2025730A00AF
:104710004E6F20726573706F6E73652066726F6D79
:1047200020746865207465726D696E616C2C2061FF
:104730007373756D6564203830783234207363721A
:1047400065656E2073697A650A001B5B366E0072C0
:10475000657476616C005072696E74207265747550
:10476000726E2076616C7565206F66206D6F737454
:1047700020726563656E7420636F6D6D616E640099
:10478000726573697A6500436F6E736F6C6520673D
:10479000657473207465726D696E616C20736372E9
:1047A00065656E2073697A65206F72206173737519
:1047B0006D65732064656661756C7420696E206335
:1047C0006173652074686520726561646F7574201B
:1047D0006661696C732E204974206D757374206254
:1047E00065206578656375746564206166746572BB
:1047F0002065616368207465726D696E616C2077F5
:1048000069647468206368616E676520746F2065F1
:104810006E7375726520636F727265637420746560
:10482000787420646973706C61792E0068697374A0
:104830006F727900436F6D6D616E64206869737487
:104840006F72792E0055736566756C2C206E6F74CF
:1048500020556E69782D6C696B65207368656C6C8A
:1048600020636F6D6D616E64732E00436C656172C1
:104870002073637265656E2E0072656D0049676E08
:104880006F7265206C696E657320626567696E6E14
:10489000696E672077697468202772656D2027002C
:1048A00064656661756C7400417373756D6520385D
:1048B000302063686172732073637265656E207760
:1048C0006964746820616E642073656E6420746826
:1048D00069732073657474696E6720746F207468DF
:1048E00065207465726D696E616C2E006261636B28
:1048F000656E6473004C69737420616374697665D6
:10490000207368656C6C206261636B656E64732EE6
:104910000A006261636B73706163655F6D6F6465EC
:1049200000546F67676C65206261636B73706163CD
:1049300065206B6579206D6F64652E0A536F6D6518
:10494000207465726D696E616C7320617265206E92
:104950006F742073656E64696E6720736570617231
:104960006174652065736361706520636F646520A1
:10497000666F72206261636B737061636520616E44
:10498000642064656C65746520627574746F6E2E46
:10499000205468697320636F6D6D616E6420666F6B
:1049A00072636573207368656C6C20746F20696E28
:1049B000746572707265742064656C657465206BD3
:1049C0006579206173206261636B73706163652E2A
:1049D00000636F6C6F727300546F67676C65206360
:1049E0006F6C6F7265642073796E7461782E0076D7
:1049F0007431303000546F67676C652076743130E5
:104A00003020636F6D6D616E64732E0070726F6D18
:104A1000707400546F67676C652070726F6D70748E
:104A20002E006563686F00546F67676C652073685C
:104A3000656C6C206563686F2E007374617473001D
:104A40005368656C6C207374617469737469637303
:104A50002E006261636B737061636500536574203F
:104A6000646966666572656E7420657363617065FE
:104A700020636F646520666F72206261636B737080
:104A800061636520616E642064656C657465206B8C
:104A900065792E0064656C657465005365742074D7
:104AA00068652073616D652065736361706520635F
:104AB0006F646520666F72206261636B73706163FF
:104AC0006520616E642064656C657465206B657932
:104AD0002E005265736574207368656C6C20737466
:104AE000617469737469637320666F72207468659A
:104AF000204C6F67676572206D6F64756C652E0062
:104B000073686F7700476574207368656C6C2073F9
:104B100074617469737469637320666F722074685A
:104B200065204C6F67676572206D6F64756C652ECC
:104B30000044697361626C65207368656C6C206504
:104B400063686F2E2045646974696E67206B6579B0
:104B50007320616E64206D6574612D6B65797320BF
:104B6000617265206E6F742068616E646C656400AC
:104B7000456E61626C65207368656C6C2065636866
:104B80006F2E0044697361626C652070726F6D7086
:104B9000742E00456E61626C652070726F6D70746A
:104BA0002E0044697361626C652076743130302068
:104BB000636F6D6D616E64732E00456E61626C652E
:104BC00020767431303020636F6D6D616E64732EAA
:104BD0000044697361626C6520636F6C6F72656419
:104BE0002073796E7461782E00456E61626C652069
:104BF000636F6C6F7265642073796E7461782E00D8
:104C0000436F6D6D616E64206275666665722069C2
:104C10007320746F6F2073686F727420746F2065D7
:104C20007870616E6420616C6C20636F6D6D616E75
:104C30006473206D61746368696E672077696C6462
:104C400063617264207061747465726E3A202573BA
:104C50000A0053697A65206F6620434F4E464947E4
:104C60005F464C4153485F46494C4C5F425546466F
:104C700045525F53495A45004E65676174697665D0
:104C8000206F6666736574206E6F7420616C6C6F44
:104C90007765640A00496E636F727265637420738E
:104CA000697A65206F72206F666673657420616C27
:104CB00069676E6D656E742C2065787065637465C8
:104CC0006420257A780A00666C6173680072302F60
:104CD00061313A2020307825303878202072312F09
:104CE00061323A2020307825303878202072322FF7
:104CF00061333A20203078253038780072332F61C4
:104D0000343A2020307825303878207231322F69BB
:104D1000703A2020307825303878207231342F6C6A
:104D2000723A2020307825303878002078707372FD
:104D30003A202030782530387800735B2532645D66
:104D40003A20203078253038782020735B25326473
:104D50005D3A20203078253038782020735B25326A
:104D6000645D3A20203078253038782020735B2528
:104D700032645D3A202030782530387800667073D0
:104D800063723A2020307825303878004661756C9F
:104D900074696E6720696E737472756374696F6E7F
:104DA000206164647265737320287231352F7063DB
:104DB000293A2030782530387800556E68616E6465
:104DC0006C6564204952516E3A20256400436F752A
:104DD0006C64206E6F7420726561642073796D62FB
:104DE0006F6C2066726F6D2062696E61727921004E
:104DF000436F756C64206E6F742066696E642073F7
:104E0000796D626F6C202573210073796D202725E1
:104E100073273A2072656C6F636174696F6E206FDF
:104E20007574206F662072616E676520282523786F
:104E3000202D3E20252378290A00756E6B6E6F7732
:104E40006E2072656C6F636174696F6E3A202575B0
:104E50000A00656C66002A2A2A2A2A204D5055200D
:104E60004641554C54202A2A2A2A2A0020205374CD
:104E700061636B696E67206572726F722028636F61
:104E80006E746578742061726561206D69676874FD
:104E9000206265206E6F742076616C696429002041
:104EA00020556E737461636B696E67206572726FF3
:104EB0007200202044617461204163636573732034
:104EC00056696F6C6174696F6E0020204D4D4641CC
:104ED0005220416464726573733A203078257800FB
:104EE0002020496E737472756374696F6E2041631C
:104EF000636573732056696F6C6174696F6E00200F
:104F000020466C6F6174696E672D706F696E7420D6
:104F10006C617A7920737461746520707265736551
:104F200072766174696F6E206572726F72002A2AE0
:104F30002A2A2A20425553204641554C54202A2AD9
:104F40002A2A2A002020537461636B696E672065EA
:104F500072726F72002020507265636973652064FD
:104F600061746120627573206572726F7200202017
:104F70004246415220416464726573733A2030782E
:104F80002578002020496D7072656369736520641F
:104F900061746120627573206572726F72002020E7
:104FA000496E737472756374696F6E2062757320D5
:104FB0006572726F72002A2A2A2A2A2055534147A5
:104FC00045204641554C54202A2A2A2A2A002020CE
:104FD0004469766973696F6E206279207A65726FB1
:104FE000002020556E616C69676E6564206D656D8B
:104FF0006F7279206163636573730020205374615D
:10500000636B206F766572666C6F772028636F6EB6
:10501000746578742061726561206E6F74207661AA
:105020006C6964290020204E6F20636F70726F637B
:105030006573736F7220696E737472756374696FD0
:105040006E73002020496C6C6567616C206C6F6129
:1050500064206F66204558435F52455455524E2098
:10506000696E746F205043002020496C6C65676145
:105070006C20757365206F662074686520455053F9
:1050800052002020417474656D707420746F206527
:1050900078656375746520756E646566696E6564B0
:1050A00020696E737472756374696F6E00526573F4
:1050B000657276656420457863657074696F6E20EB
:1050C000280053707572696F757320696E7465720C
:1050D0007275707420284952512000535053454C2A
:1050E00020696E20746872656164206D6F6465204C
:1050F000646F6573206E6F7420696E646963617498
:105100006520505350002A2A2A2A2A204841524416
:10511000204641554C54202A2A2A2A2A002020427F
:105120007573206661756C74206F6E20766563748C
:105130006F72207461626C6520726561640020206A
:105140004465627567206576656E7400202046614F
:10515000756C7420657363616C6174696F6E20286F
:105160007365652062656C6F772900415243485F23
:1051700045584345505420776974682072656173BF
:105180006F6E2025780A002A2A2A2A2A204465627E
:105190007567206D6F6E69746F72206578636570D6
:1051A00074696F6E202A2A2A2A2A002A2A2A2A2A81
:1051B00020257320256429202A2A2A2A2A006162B0
:1051C0006F727428290A006765746F707400706FBD
:1051D0007369785F656E7600706F7369785F746964
:1051E0006D657200707468726561645F72776C6F70
:1051F000636B00707468726561645F636F6E6400F6
:10520000707468726561645F6B6579007074687250
:105210006561645F6D75746578007074687265614E
:1052200064006E65745F627566006E65745F6275BA
:10523000665F73696D706C6500696E76616C696438
:105240002066696C65206E616D652121006D6F754A
:105250006E7420706F696E74206E6F7420666F7547
:105260006E6421210066696C652073686F756C64DB
:10527000206265206F70656E656420666F722077AE
:105280007269746520746F207472756E63617465E1
:1052900021210066696C65207472756E63617469A2
:1052A0006F6E206E6F7420737570706F72746564AA
:1052B00021210066696C65206F70656E20657272D1
:1052C0006F7220282564290066696C6520747275E8
:1052D0006E636174696F6E206661696C6564202815
:1052E0002564290066696C6520636C6F73652065B1
:1052F00072726F7220282564290066696C652072BD
:10530000656164206572726F7220282564290066C9
:10531000696C65207772697465206572726F72209E
:10532000282564290066696C65207365656B2065B6
:1053300072726F7220282564290066696C6520747A
:10534000656C6C206572726F722028256429006676
:10535000696C65207472756E636174652065727224
:105360006F7220282564290066696C652073796E48
:1053700063206572726F72202825642900696E7639
:10538000616C69642066696C65206F722064697263
:10539000206E616D652121006661696C656420671E
:1053A00065742066696C65206F7220646972207371
:1053B0007461742028256429005553422064657661
:1053C00069636520636F6E74726F6C6C65722069BF
:1053D00073206E6F74207265616479004661696C38
:1053E000656420746F20656E61626C6520636F6E0A
:1053F00074726F6C6C6572004661696C65642074D0
:105400006F20726573657420636F6E66696775726D
:105410006174696F6E004661696C656420746F2009
:1054200064697361626C65205553422064657669D6
:10543000636500757362645F6465760075736264AA
:105440005F6465736300436F6E666967757261744C
:10545000696F6E2064657363726970746F72202562
:1054600075206E6F7420666F756E640043616E20E8
:105470006F6E6C792068616E646C6520636F6E740A
:10548000726F6C20726571756573747300436F6E13
:1054900074726F6C207472616E7366657220666FD1
:1054A00072203078253032782068617320657272FE
:1054B0006F722025642C2068616C740042756666EA
:1054C000657220666F7220646174617C73746174AC
:1054D0007573206973206D697373696E6700257039
:1054E000206973206E6F74206461746100257020E0
:1054F0006973206E6F7420737461747573006465D2
:10550000766963652D746F2D686F73742077697485
:105510006820774C656E677468207A65726F004DFD
:10552000616C666F726D6564207365747570207050
:1055300061636B6574004661696C656420746F20FB
:10554000736574206465766963652061646472655F
:1055500073732030782578004661696C6564207427
:105560006F2073657420636F6E666967757261740E
:10557000696F6E2025752C202564004857494E46DA
:105580004F206E6F7420696D706C656D656E74650B
:1055900064206F7220656E61626C6564004275669E
:1055A00066657220666F722073746174757320690A
:1055B00073206D697373696E67004661696C656419
:1055C00020746F20656E61626C6520544553545F92
:1055D0004D4F444520257500303132333435363750
:1055E000383941424344454600757362645F6368DD
:1055F00039004661696C656420746F2067657420AA
:105600006366675F6E642C206465737069746520DF
:10561000636F6E6669677572656420737461746523
:10562000004661696C656420746F20736574206442
:10563000656661756C742061646472657373206162
:1056400066746572206275732072657365740046B6
:1056500061696C656420746F20736574206465668D
:1056600061756C7420737461746520616674657211
:1056700020627573207265736574004661696C659C
:105680006420746F206465717565756520636F6E45
:1056900074726F6C20494E00756E7265636F76652B
:1056A0007261626C65206572726F722025642C20B5
:1056B0006570203078253032782C20627566202580
:1056C0007000554443206572726F72206576656E76
:1056D000740075736264004661696C656420746F60
:1056E00020696E69742064657669636520647269F7
:1056F00076657200757362645F636F726500456EF4
:1057000064706F696E6720307825303278206E6F54
:10571000742061737369676E6564004661696C65C6
:105720006420746F2061737369676E20656E6470A6
:105730006F696E742061646472657373657300468B
:1057400061696C656420746F20696E697469616C4D
:10575000697A6520636C61737320696E7374616E1E
:105760006365004661696C656420746F20696E69C9
:105770007420485320636F6E66696775726174693F
:105780006F6E202575004661696C656420746F201A
:10579000696E697420465320636F6E66696775721F
:1057A0006174696F6E202575004665617475726558
:1057B000206E6F7420737570706F727465642062F0
:1057C0007920636F6E74726F6C6C65720055534212
:1057D0002064657669636520737570706F727420DC
:1057E000697320696E697469616C697A65640043E4
:1057F0006F6E74726F6C6C657220646F65736E2768
:105800007420737570706F72742048530048532071
:10581000636F6E66696720616C7265616479206F81
:105820006E204653206C69737400465320636F6E7C
:1058300066696720616C7265616479206F6E2048CB
:1058400053206C69737400556E737570706F727449
:10585000656420636F6E66696775726174696F6EE7
:10586000207370656564004661696C656420746FBF
:105870002061646420636F6E666967757261746924
:105880006F6E20737472696E6720646573637269EA
:1058900070746F7200757362645F6366670055535E
:1058A000422064657669636520636C6173732025AB
:1058B00073206E6F7420666F756E64004E6F206388
:1058C0006F6E66696775726174696F6E2073657457
:1058D0002028416464726573732073746174652950
:1058E00000436C61737320726567697374657265D8
:1058F0006420746F206F7468657220636F6E7465C6
:10590000787420617420646966666572656E7420BF
:105910007370656564004661696C656420746F200E
:10592000726567697374657220257320746F2048EF
:105930005320636F6E66696775726174696F6E205C
:105940002575004661696C656420746F2072656717
:10595000697374657220257320746F204653206329
:105960006F6E66696775726174696F6E2025750068
:10597000757362645F636C617373004661696C6523
:105980006420746F2068616E646C65206F702025E0
:10599000642C206570203078253032782C20626DA0
:1059A000203078253038782C2025640075736264A7
:1059B0005F69666163650064657669636520697324
:1059C0002073757370656E64656400757362645FDF
:1059D000657000757362645F6D7367004661696C22
:1059E000656420746F2061646420696E74657266FA
:1059F00061636520737472696E6720646573637296
:105A00006970746F72006364635F61636D5F776F69
:105A1000726B5F71007265717565737420657020BB
:105A20003078253032782C206C656E202575206604
:105A300061696C6564004952512063616C6C6261FC
:105A4000636B206973206E6F742073657400466108
:105A5000696C656420746F20656E7175657565206D
:105A60006E65745F62756620666F722030782530CF
:105A70003278004661696C656420746F20656E71D0
:105A800075657565005F5F6465766963655F6474FD
:105A9000735F6F72645F353400626F6172645F635D
:105AA00064635F61636D5F75617274006364635FFB
:105AB00061636D5F3000757362645F6364635F612F
:105AC000636D004661696C656420746F206765745E
:105AD000207461626C652073697A653A20256400E0
:105AE0004661696C656420746F2067657420667513
:105AF0006E6374696F6E207461626C653A20256410
:105B0000004E6F7420656E6F756768206D656D6FF0
:105B1000727920666F7220657874656E73696F6E36
:105B2000206D65746164617461004661696C6564CF
:105B300020746F2063616C6C20696E6974206675D7
:105B40006E6374696F6E733A202564004661696CF8
:105B5000656420746F2063616C6C2064652D696ED0
:105B600069742066756E6374696F6E733A2025647C
:105B7000004661696C656420616C6C6F6361746977
:105B80006E6720257A6420627974657320257A64B3
:105B90002D616C69676E656420666F72207265673F
:105BA000696F6E202564004661696C656420746FBE
:105BB000207072657061726520746865206C6F6119
:105BC0006465722C20726574202564004661696CDE
:105BD000656420746F207365656B20666F72204565
:105BE0004C4620686561646572004661696C656455
:105BF00020746F207265616420454C4620686561A1
:105C000064657200496E76616C696420454C462C6F
:105C1000206D6167696320646F6573206E6F742007
:105C20006D6174636800556E737570706F72746522
:105C30006420454C462066696C6520747970652047
:105C4000257800496E76616C6964207365637469B8
:105C50006F6E206865616465722073697A652025BE
:105C600064004661696C656420746F20616C6C6FC0
:105C7000636174652073656374696F6E206D617014
:105C80002C2073697A6520257A75004661696C65F8
:105C90006420746F20616C6C6F6361746520736540
:105CA0006374696F6E20686561646572732C20731C
:105CB000697A6520257A75004661696C656420748F
:105CC0006F207365656B20666F72207365637469FE
:105CD0006F6E2068656164657273004661696C650A
:105CE0006420746F20726561642073656374696FEA
:105CF0006E2068656164657273004661696C6564F5
:105D000020746F206C6F6164206261736963204549
:105D10004C4620646174612C2072657420256400F7
:105D2000536F6D652073656374696F6E7320617264
:105D300065206D697373696E67206F72207072657C
:105D400073656E74206D756C7469706C6520746910
:105D50006D657321004661696C656420746F20660F
:105D6000696E6420696D706F7274616E7420454C49
:105D700046207461626C65732C2072657420256402
:105D8000004661696C656420746F20636F707920D0
:105D9000454C4620737472696E672073656374693D
:105DA0006F6E732C20726574202564002E657870E8
:105DB0006F727465645F73796D00496E76616C69AA
:105DC0006420257320617272617920696E20736589
:105DD0006374696F6E20256400556E737570706F03
:105DE000727465642073656374696F6E20666C619C
:105DF000677320252378202F2025237820666F7253
:105E00002025732028726567696F6E20256429003C
:105E10004D756C7469706C65205348545F4E4F42E9
:105E20004954532073656374696F6E7320617265A2
:105E3000206E6F7420737570706F72746564005299
:105E40006567696F6E202564207265646566696E9A
:105E5000656400496E636F6D70617469626C652082
:105E600073656374696F6E206164647265737365D2
:105E70007320666F722025732028726567696F6EC4
:105E800020256429004261642073656374696F6E24
:105E900020616C69676E6D656E7420696E20726535
:105EA00067696F6E20256400526567696F6E2025F3
:105EB0006420564D412072616E6765202825237A43
:105EC000782D25237A7829206F7665726C6170733E
:105ED0002077697468202564202825237A782D2569
:105EE000237A782900526567696F6E202564204502
:105EF0004C462066696C652072616E6765202825B6
:105F0000237A782D25237A7829206F7665726C6143
:105F100070732077697468202564202825237A7897
:105F20002D25237A7829004661696C656420746F99
:105F3000206D617020454C462073656374696F6EF7
:105F4000732C20726574202564004661696C656459
:105F500020746F20636F707920726567696F6E734C
:105F60002C20726574202564004661696C6564208C
:105F7000746F20636F756E74206578706F727465CE
:105F80006420454C462073796D626F6C732C2072CF
:105F90006574202564004661696C656420746F2017
:105FA000616C6C6F6361746520657874656E73698C
:105FB0006F6E2073796D626F6C207461626C652CFA
:105FC00020726574202564004E6F20646174612026
:105FD000666F722073656374696F6E202564004676
:105FE00061696C656420746F20636F7079207379C8
:105FF0006D626F6C732C207265742025640046619D
:10600000696C656420746F206C696E6B2C207265FE
:1060100074202564004661696C656420746F206596
:1060200078706F72742C20726574202564007F452F
:106030004C46556E646566696E65642073796D6261
:106040006F6C2077697468206E6F20656E7472794A
:1060500020696E2073796D626F6C207461626C656B
:106060002025732C206F666673657420257A642C56
:10607000206C696E6B2073656374696F6E20256494
:106080000063616E6E6F74206170706C7920726550
:106090006C6F636174696F6E3A20746172676574C6
:1060A0002073796D626F6C2068617320756E6578FE
:1060B0007065637465642073656374696F6E2069CD
:1060C0006E64657820256420282523782900496E90
:1060D00076616C696420656E7472792073697A6583
:1060E00020257A6420666F72205348545F52454CD5
:1060F0002073656374696F6E20256400466F756E4A
:106100006420756E737570706F7274656420534887
:10611000545F52454C412073656374696F6E20254E
:10612000640053616E69747920636865636B7320E2
:106130006661696C656420666F722073656374695B
:106140006F6E2025642028696E666F20257A642C86
:106150002073697A6520257A642C20656E747369D2
:106160007A6520257A64290053656374696F6E200F
:106170002564206E6F74206C6F6164656420696EA5
:1061800020616E79206D656D6F7279207265676927
:106190006F6E007A5F696D706C5F7A7666735F739D
:1061A000656C656374007A5F696D706C5F7A7666A2
:1061B000735F706F6C6C007A5F696D706C5F7A737F
:1061C0006F636B5F736F636B657470616972007A84
:1061D0005F696D706C5F7A736F636B5F736F636B16
:1061E0006574007A5F696D706C5F7A736F636B5F63
:1061F00073687574646F776E007A5F696D706C5F39
:106200007A736F636B5F736574736F636B6F7074B6
:10621000007A5F696D706C5F7A736F636B5F736533
:106220006E64746F007A5F696D706C5F7A736F6310
:106230006B5F73656E646D7367007A5F696D706C18
:106240005F7A736F636B5F726563766D7367007AF5
:106250005F696D706C5F7A736F636B5F7265637695
:1062600066726F6D007A5F696D706C5F7A736F63D1
:106270006B5F6C697374656E007A5F696D706C5FDB
:106280007A736F636B5F696F63746C5F696D706C59
:10629000007A5F696D706C5F7A736F636B5F696EB4
:1062A00065745F70746F6E007A5F696D706C5F7A91
:1062B000736F636B5F676574736F636B6F7074008C
:1062C0007A5F696D706C5F7A736F636B5F6765741B
:1062D000736F636B6E616D65007A5F696D706C5F83
:1062E0007A736F636B5F676574706565726E616DFD
:1062F00065007A5F696D706C5F7A736F636B5F675F
:106300006574686F73746E616D65007A5F696D7036
:106310006C5F7A736F636B5F6765745F636F6E74D6
:106320006578745F6F626A656374007A5F696D7027
:106330006C5F7A736F636B5F66636E746C5F696DBD
:10634000706C007A5F696D706C5F7A736F636B5FFE
:10635000636F6E6E656374007A5F696D706C5F7AEF
:10636000736F636B5F636C6F7365007A5F696D70E9
:106370006C5F7A736F636B5F62696E64007A5F69EA
:106380006D706C5F7A736F636B5F6163636570746C
:10639000007A5F696D706C5F7A65706879725F779B
:1063A000726974655F7374646F7574007A5F696D88
:1063B000706C5F7A65706879725F726561645F7333
:1063C0007464696E007A5F696D706C5F7A6570687D
:1063D00079725F667772697465007A5F696D706C57
:1063E0005F7A65706879725F6670757463007A5F52
:1063F000696D706C5F7A5F7A736F636B5F676574EA
:1064000061646472696E666F5F696E7465726E61F5
:106410006C007A5F696D706C5F7A5F7379735F6D22
:10642000757465785F6B65726E656C5F756E6C6FA9
:10643000636B007A5F696D706C5F7A5F7379735F0D
:106440006D757465785F6B65726E656C5F6C6F639C
:106450006B007A5F696D706C5F7A5F6C6F675F6D00
:1064600073675F7374617469635F63726561746598
:10647000007A5F696D706C5F7A5F6C6F675F6D73D8
:10648000675F73696D706C655F6372656174655F8A
:1064900032007A5F696D706C5F7A5F6C6F675F6DF9
:1064A00073675F73696D706C655F63726561746556
:1064B0005F31007A5F696D706C5F7A5F6C6F675FE8
:1064C0006D73675F73696D706C655F63726561742E
:1064D000655F30007A5F696D706C5F756172745FC3
:1064E00074785F753136007A5F696D706C5F7561C5
:1064F00072745F74785F61626F7274007A5F696D45
:10650000706C5F756172745F7478007A5F696D702A
:106510006C5F756172745F72785F656E61626C65E5
:106520005F753136007A5F696D706C5F756172748A
:106530005F72785F656E61626C65007A5F696D702D
:106540006C5F756172745F72785F64697361626CAD
:1065500065007A5F696D706C5F756172745F706FF2
:106560006C6C5F6F75745F753136007A5F696D7042
:106570006C5F756172745F706F6C6C5F6F757400C7
:106580007A5F696D706C5F756172745F706F6C6C4F
:106590005F696E5F753136007A5F696D706C5F752B
:1065A0006172745F706F6C6C5F696E007A5F696DA9
:1065B000706C5F756172745F6C696E655F63747235
:1065C0006C5F736574007A5F696D706C5F75617282
:1065D000745F6C696E655F6374726C5F676574008D
:1065E0007A5F696D706C5F756172745F6972715FFB
:1065F000757064617465007A5F696D706C5F756158
:1066000072745F6972715F74785F656E61626C65E8
:10661000007A5F696D706C5F756172745F69727129
:106620005F74785F64697361626C65007A5F696D3D
:10663000706C5F756172745F6972715F72785F65AB
:106640006E61626C65007A5F696D706C5F75617216
:10665000745F6972715F72785F64697361626C659F
:10666000007A5F696D706C5F756172745F697271D9
:106670005F69735F70656E64696E67007A5F696DEC
:10668000706C5F756172745F6972715F6572725F61
:10669000656E61626C65007A5F696D706C5F7561D3
:1066A00072745F6972715F6572725F64697361624F
:1066B0006C65007A5F696D706C5F756172745F659F
:1066C00072725F636865636B007A5F696D706C5F9F
:1066D000756172745F6472765F636D64007A5F697E
:1066E0006D706C5F756172745F636F6E66696775FC
:1066F0007265007A5F696D706C5F756172745F635B
:106700006F6E6669675F676574007A5F696D706C4C
:106710005F7379735F72616E645F676574007A5F3F
:10672000696D706C5F7379735F637372616E645FC0
:10673000676574007A5F696D706C5F7379735F630E
:106740006C6F636B5F68775F6379636C65735F70B1
:1067500065725F7365635F72756E74696D655F679F
:106760006574007A5F696D706C5F7370695F7472D5
:10677000616E736365697665007A5F696D706C5FE1
:106780007370695F72656C65617365007A5F696DCE
:10679000706C5F70776D5F7365745F6379636C6550
:1067A00073007A5F696D706C5F70776D5F67657499
:1067B0005F6379636C65735F7065725F73656300B7
:1067C0007A5F696D706C5F70776D5F656E61626C2A
:1067D000655F63617074757265007A5F696D706C76
:1067E0005F70776D5F64697361626C655F63617030
:1067F00074757265007A5F696D706C5F70776D5F3C
:10680000636170747572655F6379636C6573007A38
:106810005F696D706C5F6E65745F69665F697076E5
:10682000365F616464725F726D5F62795F696E6426
:106830006578007A5F696D706C5F6E65745F69661C
:106840005F697076365F616464725F6C6F6F6B75E1
:10685000705F62795F696E646578007A5F696D70F8
:106860006C5F6E65745F69665F697076365F6164E0
:1068700064725F6164645F62795F696E6465780009
:106880007A5F696D706C5F6E65745F69665F697071
:1068900076345F7365745F6E65746D61736B5F6290
:1068A000795F696E646578007A5F696D706C5F6EA0
:1068B00065745F69665F697076345F7365745F6E77
:1068C00065746D61736B5F62795F616464725F624E
:1068D000795F696E646578007A5F696D706C5F6E70
:1068E00065745F69665F697076345F7365745F674E
:1068F000775F62795F696E646578007A5F696D7051
:106900006C5F6E65745F69665F697076345F616441
:1069100064725F726D5F62795F696E646578007A38
:106920005F696D706C5F6E65745F69665F697076D4
:10693000345F616464725F6C6F6F6B75705F6279F6
:106940005F696E646578007A5F696D706C5F6E6513
:10695000745F69665F697076345F616464725F61F9
:1069600064645F62795F696E646578007A5F696DFF
:10697000706C5F6E65745F69665F6765745F62798E
:106980005F696E646578007A5F696D706C5F6E65D3
:10699000745F6574685F6765745F7074705F636C63
:1069A0006F636B5F62795F696E646578007A5F69B7
:1069B0006D706C5F6E65745F616464725F70746F3C
:1069C0006E007A5F696D706C5F6E65745F616464A0
:1069D000725F6E746F70007A5F696D706C5F6C6F60
:1069E000675F70726F63657373007A5F696D706C57
:1069F0005F6C6F675F70616E6963007A5F696D706D
:106A00006C5F6C6F675F66726F6E74656E645F66F5
:106A1000696C7465725F736574007A5F696D706C20
:106A20005F6C6F675F66696C7465725F7365740035
:106A30007A5F696D706C5F6C6F675F6275666665C3
:106A40007265645F636E74007A5F696D706C5F6C11
:106A50006C6578745F6765745F666E5F7461626CA5
:106A600065007A5F696D706C5F6B5F7969656C64F6
:106A7000007A5F696D706C5F6B5F77616B657570D5
:106A8000007A5F696D706C5F6B5F75736C656570C4
:106A9000007A5F696D706C5F6B5F757074696D65AE
:106AA0005F7469636B73007A5F696D706C5F6B5FB5
:106AB00074696D65725F757365725F646174615F3F
:106AC000736574007A5F696D706C5F6B5F74696D7C
:106AD00065725F757365725F646174615F67657429
:106AE000007A5F696D706C5F6B5F74696D65725F72
:106AF00073746F70007A5F696D706C5F6B5F74693F
:106B00006D65725F7374617475735F73796E630022
:106B10007A5F696D706C5F6B5F74696D65725F73CE
:106B200074617475735F676574007A5F696D706C0A
:106B30005F6B5F74696D65725F7374617274007A04
:106B40005F696D706C5F6B5F74696D65725F7265B4
:106B50006D61696E696E675F7469636B73007A5FFC
:106B6000696D706C5F6B5F74696D65725F6578707D
:106B7000697265735F7469636B73007A5F696D70C6
:106B80006C5F6B5F7468726561645F74696D656F7B
:106B900075745F72656D61696E696E675F74696354
:106BA0006B73007A5F696D706C5F6B5F74687265A0
:106BB00061645F74696D656F75745F657870697223
:106BC00065735F7469636B73007A5F696D706C5F86
:106BD0006B5F7468726561645F73757370656E6412
:106BE000007A5F696D706C5F6B5F74687265616479
:106BF0005F737461636B5F73706163655F67657416
:106C0000007A5F696D706C5F6B5F74687265616458
:106C10005F737461636B5F66726565007A5F696D4F
:106C2000706C5F6B5F7468726561645F73746163DD
:106C30006B5F616C6C6F63007A5F696D706C5F6B2A
:106C40005F7468726561645F726573756D65007A03
:106C50005F696D706C5F6B5F7468726561645F70B3
:106C600072696F726974795F736574007A5F696DB8
:106C7000706C5F6B5F7468726561645F7072696F7E
:106C8000726974795F676574007A5F696D706C5FB3
:106C90006B5F7468726561645F6E616D655F73657B
:106CA00074007A5F696D706C5F6B5F7468726561A8
:106CB000645F6E616D655F636F7079007A5F696DA7
:106CC000706C5F6B5F7468726561645F6A6F696E38
:106CD000007A5F696D706C5F6B5F74687265616488
:106CE0005F646561646C696E655F736574007A5F8B
:106CF000696D706C5F6B5F7468726561645F63750A
:106D000073746F6D5F646174615F736574007A5F43
:106D1000696D706C5F6B5F7468726561645F6375E9
:106D200073746F6D5F646174615F676574007A5F2F
:106D3000696D706C5F6B5F7468726561645F6372CC
:106D400065617465007A5F696D706C5F6B5F746814
:106D5000726561645F61626F7274007A5F696D7001
:106D60006C5F6B5F7374725F6F7574007A5F696DCF
:106D7000706C5F6B5F737461636B5F7075736800D9
:106D80007A5F696D706C5F6B5F737461636B5F706A
:106D90006F70007A5F696D706C5F6B5F73746163B5
:106DA0006B5F616C6C6F635F696E6974007A5F69B9
:106DB0006D706C5F6B5F736C656570007A5F696D99
:106DC000706C5F6B5F73656D5F74616B65007A5F9C
:106DD000696D706C5F6B5F73656D5F726573657411
:106DE000007A5F696D706C5F6B5F73656D5F696E74
:106DF0006974007A5F696D706C5F6B5F73656D5F5E
:106E000067697665007A5F696D706C5F6B5F73654B
:106E10006D5F636F756E745F676574007A5F696D2F
:106E2000706C5F6B5F73636865645F6375727265D6
:106E30006E745F7468726561645F71756572790004
:106E40007A5F696D706C5F6B5F72657363686564B0
:106E5000756C65007A5F696D706C5F6B5F717565ED
:106E600075655F7065656B5F7461696C007A5F69F9
:106E70006D706C5F6B5F71756575655F7065656B77
:106E80005F68656164007A5F696D706C5F6B5F71EC
:106E9000756575655F69735F656D707479007A5F9C
:106EA000696D706C5F6B5F71756575655F696E6943
:106EB00074007A5F696D706C5F6B5F717565756585
:106EC0005F676574007A5F696D706C5F6B5F717589
:106ED0006575655F63616E63656C5F77616974009A
:106EE0007A5F696D706C5F6B5F71756575655F6109
:106EF0006C6C6F635F70726570656E64007A5F6959
:106F00006D706C5F6B5F71756575655F616C6C6FE3
:106F1000635F617070656E64007A5F696D706C5F4D
:106F20006B5F706F6C6C5F7369676E616C5F7265CD
:106F3000736574007A5F696D706C5F6B5F706F6C06
:106F40006C5F7369676E616C5F7261697365007A0B
:106F50005F696D706C5F6B5F706F6C6C5F7369679E
:106F60006E616C5F696E6974007A5F696D706C5FE9
:106F70006B5F706F6C6C5F7369676E616C5F636889
:106F800065636B007A5F696D706C5F6B5F706F6CCF
:106F90006C007A5F696D706C5F6B5F706970655FC4
:106FA00077726974655F617661696C007A5F696D9B
:106FB000706C5F6B5F706970655F77726974650094
:106FC0007A5F696D706C5F6B5F706970655F726529
:106FD000736574007A5F696D706C5F6B5F70697068
:106FE000655F726561645F617661696C007A5F6993
:106FF0006D706C5F6B5F706970655F726561640076
:107000007A5F696D706C5F6B5F706970655F7075DA
:1070100074007A5F696D706C5F6B5F706970655F3B
:10702000696E6974007A5F696D706C5F6B5F70691F
:1070300070655F676574007A5F696D706C5F6B5F28
:10704000706970655F666C757368007A5F696D70F2
:107050006C5F6B5F706970655F636C6F7365007AFE
:107060005F696D706C5F6B5F706970655F6275669C
:107070006665725F666C757368007A5F696D706CC7
:107080005F6B5F706970655F616C6C6F635F696E89
:107090006974007A5F696D706C5F6B5F6F626A65BF
:1070A00063745F72656C65617365007A5F696D70AA
:1070B0006C5F6B5F6F626A6563745F616C6C6F635A
:1070C0005F73697A65007A5F696D706C5F6B5F6F83
:1070D000626A6563745F616C6C6F63007A5F696D8F
:1070E000706C5F6B5F6F626A6563745F6163636539
:1070F00073735F6772616E74007A5F696D706C5F45
:107100006B5F6D757465785F756E6C6F636B007A1D
:107110005F696D706C5F6B5F6D757465785F6C6FC8
:10712000636B007A5F696D706C5F6B5F6D75746522
:10713000785F696E6974007A5F696D706C5F6B5F10
:107140006D7367715F707574007A5F696D706C5FE5
:107150006B5F6D7367715F7075726765007A5F69E9
:107160006D706C5F6B5F6D7367715F7065656B5F92
:107170006174007A5F696D706C5F6B5F6D736771CE
:107180005F7065656B007A5F696D706C5F6B5F6DDA
:107190007367715F6E756D5F757365645F67657446
:1071A000007A5F696D706C5F6B5F6D7367715F6EA6
:1071B000756D5F667265655F676574007A5F696D9E
:1071C000706C5F6B5F6D7367715F6765745F61742F
:1071D000747273007A5F696D706C5F6B5F6D73675B
:1071E000715F676574007A5F696D706C5F6B5F6D6E
:1071F0007367715F616C6C6F635F696E6974007A4D
:107200005F696D706C5F6B5F69735F707265656DF0
:1072100070745F746872656164007A5F696D706C28
:107220005F6B5F66757465785F77616B65007A5F29
:10723000696D706C5F6B5F66757465785F776169A7
:1072400074007A5F696D706C5F6B5F666C6F617400
:107250005F656E61626C65007A5F696D706C5F6B13
:107260005F666C6F61745F64697361626C65007AFC
:107270005F696D706C5F6B5F6576656E745F77617B
:1072800069745F616C6C007A5F696D706C5F6B5FD5
:107290006576656E745F77616974007A5F696D7099
:1072A0006C5F6B5F6576656E745F7365745F6D614F
:1072B000736B6564007A5F696D706C5F6B5F657698
:1072C000656E745F736574007A5F696D706C5F6B77
:1072D0005F6576656E745F706F7374007A5F696D59
:1072E000706C5F6B5F6576656E745F696E69740064
:1072F0007A5F696D706C5F6B5F6576656E745F63F6
:107300006C656172007A5F696D706C5F6B5F636F53
:107310006E647661725F77616974007A5F696D701F
:107320006C5F6B5F636F6E647661725F7369676ECB
:10733000616C007A5F696D706C5F6B5F636F6E6428
:107340007661725F696E6974007A5F696D706C5FF7
:107350006B5F636F6E647661725F62726F616463AC
:10736000617374007A5F696D706C5F6B5F627573D7
:10737000795F77616974007A5F696D706C5F6932FB
:10738000635F7472616E73666572007A5F696D70B7
:107390006C5F6932635F7461726765745F647269A0
:1073A0007665725F756E7265676973746572007A6F
:1073B0005F696D706C5F6932635F74617267657479
:1073C0005F6472697665725F72656769737465720E
:1073D000007A5F696D706C5F6932635F7265636FBD
:1073E0007665725F627573007A5F696D706C5F6954
:1073F00032635F6765745F636F6E666967007A5FAB
:10740000696D706C5F6932635F636F6E6669677523
:107410007265007A5F696D706C5F6877696E666F20
:107420005F6765745F737570706F727465645F72A7
:10743000657365745F6361757365007A5F696D700C
:107440006C5F6877696E666F5F6765745F7265739E
:1074500065745F6361757365007A5F696D706C5FF9
:107460006877696E666F5F6765745F646576696388
:10747000655F6964007A5F696D706C5F6877696EDB
:10748000666F5F6765745F6465766963655F657580
:10749000693634007A5F696D706C5F6877696E6613
:1074A0006F5F636C6561725F72657365745F636162
:1074B000757365007A5F696D706C5F6770696F5F87
:1074C000706F72745F746F67676C655F6269747305
:1074D000007A5F696D706C5F6770696F5F706F7263
:1074E000745F7365745F6D61736B65645F72617700
:1074F000007A5F696D706C5F6770696F5F706F7243
:10750000745F7365745F626974735F726177007A28
:107510005F696D706C5F6770696F5F706F72745FC9
:107520006765745F726177007A5F696D706C5F6721
:1075300070696F5F706F72745F6765745F646972A2
:10754000656374696F6E007A5F696D706C5F6770F8
:10755000696F5F706F72745F636C6561725F62699F
:1075600074735F726177007A5F696D706C5F6770CA
:10757000696F5F70696E5F696E7465727275707441
:107580005F636F6E666967757265007A5F696D70BB
:107590006C5F6770696F5F70696E5F6765745F636A
:1075A0006F6E666967007A5F696D706C5F6770699E
:1075B0006F5F70696E5F636F6E6669677572650095
:1075C0007A5F696D706C5F6770696F5F6765745F24
:1075D00070656E64696E675F696E74007A5F696D6D
:1075E000706C5F666C6173685F7772697465007A4E
:1075F0005F696D706C5F666C6173685F7366647001
:107600005F72656164007A5F696D706C5F666C6162
:1076100073685F726561645F6A656465635F69640E
:10762000007A5F696D706C5F666C6173685F72652C
:107630006164007A5F696D706C5F666C6173685F2E
:107640006765745F77726974655F626C6F636B5FA7
:1076500073697A65007A5F696D706C5F666C6173DF
:10766000685F6765745F73697A65007A5F696D70DA
:107670006C5F666C6173685F6765745F706172618F
:107680006D6574657273007A5F696D706C5F666CAE
:107690006173685F6765745F706167655F696E6677
:1076A0006F5F62795F6F666673007A5F696D706C99
:1076B0005F666C6173685F6765745F706167655F63
:1076C000696E666F5F62795F696478007A5F696D81
:1076D000706C5F666C6173685F6765745F7061672B
:1076E000655F636F756E74007A5F696D706C5F665D
:1076F0006C6173685F666C617474656E007A5F6953
:107700006D706C5F666C6173685F66696C6C007A43
:107710005F696D706C5F666C6173685F65785F6FE1
:1077200070007A5F696D706C5F666C6173685F652D
:1077300072617365007A5F696D706C5F666C61730E
:10774000685F636F7079007A5F696D706C5F656EFA
:1077500074726F70795F6765745F656E74726F7055
:1077600079007A5F696D706C5F6465766963655FE7
:1077700069735F7265616479007A5F696D706C5FCF
:107780006465766963655F696E6974007A5F696DC7
:10779000706C5F6465766963655F6765745F627965
:1077A0005F64745F6E6F64656C6162656C007A5FC4
:1077B000696D706C5F6465766963655F6765745F4A
:1077C00062696E64696E67007A5F696D706C5F6490
:1077D00065766963655F6465696E6974007A5F697F
:1077E0006D706C5F5F5F706F7369785F636C6F6300
:1077F0006B5F6765745F62617365006D656D73656E
:1078000074006D656D637079006D656D636D7000FA
:107810007374726370790025732066756E63746982
:107820006F6E2025692028257029206F7574736973
:107830006465207465787420726567696F6E006294
:1078400072696E6775700074656172646F776E003F
:107850006C6C6578745F66735F6C6F6164657200F1
:107860004E6F2073756368206C6C65787420257387
:107870000A00457874656E73696F6E3A202573202F
:1078800073796D626F6C730A007C2053796D626F3F
:107890006C20202020202020202020207C204164DB
:1078A0006472657373202020207C0A007C202531BF
:1078B0003673207C202570207C0A007C204E616D70
:1078C00065202020202020202020202020207C2017
:1078D00053697A652020202020202020207C0A0067
:1078E0007C2025313673207C2025313264207C0AAF
:1078F00000457874656E73696F6E206E616D6520EA
:10790000746F6F206C6F6E672C206D61782025641A
:107910002063686172730A0A00457874656E736942
:107920006F6E20256420627974657320746F6F20F8
:107930006C6172676520746F206C6F61642C206DC0
:1079400061782025642062797465730A0A00537592
:10795000636365737366756C6C79206C6F616465C5
:107960006420657874656E73696F6E2025732C20B2
:10797000616464722025700A0A004661696C65645E
:1079800020746F206C6F616420657874656E736914
:107990006F6E2025732C2072657475726E20636F74
:1079A00064652025640A0A004661696C6564207478
:1079B0006F206F627461696E2066696C6520257343
:1079C0002C2072657475726E20636F646520256467
:1079D0000A0A004E6F7420612066696C6520257369
:1079E0000A004E6F207375636820657874656E7346
:1079F000696F6E2025730A00556E6C6F6164656453
:107A000020657874656E73696F6E2025730A0A00AD
:107A10004C6F616461626C6520657874656E736932
:107A20006F6E20636F6D6D616E6473004C6973746B
:107A3000206C6F6164656420657874656E73696F2E
:107A40006E7320616E642074686569722073697A50
:107A50006520696E206D656D6F7279006C6F616471
:107A60005F6C6C657874004C6F616420616E20659A
:107A70006C662066696C65206469726563746C79F4
:107A80002066726F6D2066696C6573797374656DBD
:107A90002E2053796E7461783A0A3C6578745F6E73
:107AA000616D653E203C6578745F6C6C6578745FD1
:107AB00066696C655F6E616D653E006C6F61645FE9
:107AC000686578004C6F616420616E20656C66208B
:107AD00066696C6520656E636F64656420696E20FD
:107AE000686578206469726563746C792066726F6A
:107AF0006D20746865207368656C6C20696E7075A4
:107B0000742E2053796E7461783A0A3C6578745FFC
:107B10006E616D653E203C6578745F6865785F7363
:107B20007472696E673E00756E6C6F616400556EAD
:107B30006C6F616420616E20657874656E73696F27
:107B40006E206279206E616D652E2053796E7461AE
:107B5000783A0A3C6578745F6E616D653E006C69C9
:107B600073745F73796D626F6C73004C697374200A
:107B7000657874656E73696F6E2073796D626F6C72
:107B8000732E2053796E7461783A0A3C6578745F7D
:107B90006E616D653E0063616C6C5F666E00436193
:107BA0006C6C20657874656E73696F6E2066756E97
:107BB0006374696F6E20776974682070726F746F78
:107BC0007479706520766F696420666E28766F69B7
:107BD00064292E2053796E7461783A0A3C65787472
:107BE0005F6E616D653E203C66756E6374696F6E95
:107BF0005F6E616D653E006C6C6578745F7368657F
:107C00006C6C007A6570687972002D2D2D2D2D42D7
:107C10004547494E204345525449464943415445FE
:107C20002D2D2D2D2D006E65745F736F636B657444
:107C30005F736572766963650006FFFFFFFFFFFFF4
:107C4000004950763400FFFFFFFFFFFF4152500014
:107C5000776C616E2564006574682564006E6574D8
:107C60002564006E65745F6D676D740072785F7176
:107C70005B25645D0000000000000000007463707C
:107C80005F776F726B000103060063825363382EC7
:107C9000382E382E38005F5F6465766963655F64EF
:107CA00074735F6F72645F31350065787465726EEE
:107CB000616C2D696E746572727570744034303009
:107CC000303630306100706F72745F6972713130BC
:107CD000005F5F6465766963655F6474735F6F728C
:107CE000645F31340065787465726E616C2D696E05
:107CF000746572727570744034303030363030399B
:107D000000706F72745F697271390065702030782D
:107D10002530327820616C726561647920656E610E
:107D2000626C656400456E64706F696E74203078B3
:107D3000253032782076616C69646174696F6E20D9
:107D40006661696C65640065702030782530327832
:107D500020616C72656164792064697361626C652D
:107D600064004661696C656420746F20616C6C6F9F
:107D700063617465206E65745F62756620257A6440
:107D80000043616E6E6F742064657465726D696E18
:107D90006520746865206E6578742073746167650A
:107DA00000756463004661696C656420746F2065CA
:107DB0006E61626C6520636F6E74726F6C20656EAD
:107DC00064706F696E74004661696C656420746FDD
:107DD0002064697361626C6520636F6E74726F6C8E
:107DE00020656E64706F696E74005553424853206D
:107DF0006D6F64756C65206F6E6C79207375707033
:107E00006F727420686967682D737065656420619E
:107E10006E642066756C6C2D737065656420646596
:107E200076696365005553424653206D6F64756CE7
:107E300065206F6E6C7920737570706F7274206638
:107E4000756C6C2D73706565642064657669636517
:107E5000002573206973206E6F74207265616479E8
:107E60000075636C6B0053657474696E6720666F90
:107E7000722075636C6B2073686F756C642062652B
:107E80002034384D687A00753630636C6B0053656A
:107E90007474696E6720666F7220753630636C6B20
:107EA0002073686F756C642062652036304D687A87
:107EB000004661696C656420746F20726567697340
:107EC00074657220656E64706F696E7400466169D6
:107ED0006C656420746F20616C6C6F6361746520E5
:107EE000666F722073657475700065702030782538
:107EF000303278206572726F72005F5F64657669F8
:107F000063655F6474735F6F72645F3533007A65B5
:107F1000706879725F75646330007564635F726561
:107F20006E657361735F7261005F5F64657669633C
:107F3000655F6474735F6F72645F36340066636C90
:107F40006B005F5F6465766963655F6474735F6F20
:107F500072645F36380062636C6B005F5F646576E5
:107F60006963655F6474735F6F72645F3339007057
:107F7000636C6B64005F5F6465766963655F6474FE
:107F8000735F6F72645F36370070636C6B63005FA2
:107F90005F6465766963655F6474735F6F72645F65
:107FA0003130360070636C6B62005F5F64657669C8
:107FB00063655F6474735F6F72645F343400706311
:107FC0006C6B61005F5F6465766963655F647473A1
:107FD0005F6F72645F36350069636C6B005F5F646E
:107FE00065766963655F6474735F6F72645F33386D
:107FF0000070636C6B626C6F636B4034303038348C
:108000003030300070636C6B626C6F636B00546176
:108010007267657420636C6F636B2066726571753F
:10802000656E63792063616E6E6F74206265206592
:10803000787072657373656420696E2050574D20A7
:10804000636C6F636B207469636B73005F5F64655F
:10805000766963655F6474735F6F72645F31353630
:108060000070776D636C6F636B00636C6F636B5F45
:10807000636F6E74726F6C5F70776D005F5F6465C5
:10808000766963655F6474735F6F72645F31303506
:108090000074726E67004661696C656420746F20BD
:1080A000696E6974206574686572202D20525F4581
:1080B000544845525F4F70656E206661696C00469A
:1080C00061696C656420746F20696E6974206574E1
:1080D000686572202D20525F45544845525F4361C8
:1080E0006C6C6261636B536574206661696C0046F9
:1080F00061696C656420746F2072656164207061D1
:10810000636B657473004661696C656420746F20ED
:108110006F627461696E205258206275666665727E
:10812000004661696C656420746F20617070656ED3
:10813000642052582062756666657220746F2063F1
:108140006F6E74657874206275666665720057722A
:108150006974696E6720746F204649464F206661D6
:10816000696C6564005F5F6465766963655F64740C
:10817000735F6F72645F38330065746865726E6533
:10818000744034303131343130300065746800650A
:1081900074685F72615F65746865726E65740031E2
:1081A0003030300066756C6C0068616C6600504859
:1081B00059202825642920697320646F776E005048
:1081C00048592028256429204C696E6B20737065FE
:1081D0006564202573204D622C2025732064757002
:1081E0006C6578004E6F2050485920666F756E643C
:1081F000206174206164647265737320256400508B
:1082000048592028256429204944202558005F5FCB
:108210006465766963655F6474735F6F72645F3809
:10822000320065746865726E65742D7068794030CF
:1082300000706879007068795F6D6969005F5F64DC
:1082400065766963655F6474735F6F72645F313212
:108250003300666C6173682D636F6E74726F6C6C43
:108260006572403430376530303030005F5F6465B0
:10827000766963655F6474735F6F72645F3132390E
:1082800000666C61736840383030303030300066E2
:108290006C61736831005F5F6465766963655F6414
:1082A00074735F6F72645F31323400666C6173683F
:1082B000403000666C6173683000666C6173685FA3
:1082C00068705F7261005F5F6465766963655F64B3
:1082D00074735F6F72645F3835006770696F403424
:1082E0003030383031363000696F706F7274620030
:1082F0005F5F6465766963655F6474735F6F726402
:108300005F3834006770696F403430303830313452
:108310003000696F706F727461005F5F64657669C9
:1083200063655F6474735F6F72645F33310067709D
:10833000696F40343030383031323000696F706FDF
:10834000727439005F5F6465766963655F64747336
:108350005F6F72645F38006770696F403430303827
:108360003031303000696F706F727438005F5F6455
:1083700065766963655F6474735F6F72645F3330E1
:10838000006770696F4034303038303065300069D4
:108390006F706F727437005F5F6465766963655FE5
:1083A0006474735F6F72645F3239006770696F4025
:1083B000343030383030633000696F706F7274362B
:1083C000005F5F6465766963655F6474735F6F7295
:1083D000645F3238006770696F4034303038303055
:1083E000613000696F706F727435005F5F6465762D
:1083F0006963655F6474735F6F72645F32370067CF
:1084000070696F40343030383030383000696F7008
:108410006F727434005F5F6465766963655F64746E
:10842000735F6F72645F3235006770696F4034301C
:1084300030383030363000696F706F727433005FDF
:108440005F6465766963655F6474735F6F72645FB0
:108450003233006770696F40343030383030343038
:1084600000696F706F727432005F5F646576696374
:10847000655F6474735F6F72645F32320067706946
:108480006F40343030383030323000696F706F7286
:108490007431005F5F6465766963655F6474735F00
:1084A0006F72645F3230006770696F40343030380B
:1084B0003030303000696F706F7274300008090A14
:1084C0000807060502030406080907060F060B0540
:1084D0000C020104030E0F0809010A020B00040537
:1084E0000102020C030D05060B0A000104050A092E
:1084F0000F080605040201006932630052656164D9
:108500000057726974650025733A2052657374616F
:10851000727420636F6E646974696F6E2062657433
:108520007765656E206D65737361676573206F662F
:1085300020646966666572656E742064697265633D
:1085400074696F6E732069732072657175697265E5
:10855000642E43757272656E742F546F74616C3A39
:10856000205B25642F25645D0025733A20496E76D3
:10857000616C69642073746F7020666C61672E2073
:1085800053746F7020636F6E646974696F6E2069D5
:1085900073206F6E6C7920616C6C6F776564206FEF
:1085A0006E206C617374206D6573736167652E2036
:1085B00043757272656E742F546F74616C3A205BF0
:1085C00025642F25645D0025733A2050726F76690B
:1085D000646564206E756D626572206F66206279D5
:1085E000746573206D6F7265207468616E207569A3
:1085F0006E7431365F742073697A6520283635359C
:10860000333529207768696C6520445443206973A9
:10861000207573656420666F7220646174612074D4
:1086200072616E736665722E0025733A204275730F
:10863000206275737920636F6E646974696F6E2E42
:1086400020416E6F74686572207472616E73666526
:10865000722077617320696E2070726F6772657324
:10866000732E0025733A20556E6B6E6F776E206502
:1086700072726F722E204653505F4552523D2564F0
:108680000A0025733A202573206661696C65642EA3
:108690000025733A20496E76616C69642049324343
:1086A00020737065656420726174653A20256400EA
:1086B00025733A2070696E6374726C20636F6E6606
:1086C0006967206661696C65642E004F6E6C792065
:1086D000493243204D6173746572206D6F6465206B
:1086E000737570706F727465642E0025733A20493B
:1086F0006E76616C696420493243207370656564ED
:10870000207261746520666C61673A202564006997
:1087100032635F72615F6969635F696E6974006388
:10872000616C635F6969635F6D61737465725F63D8
:108730006C6F636B5F73657474696E670069326335
:108740005F72615F6969635F636F6E6669677572A7
:1087500065006932635F72615F6969635F7472614A
:108760006E73666572005F5F6465766963655F64FA
:1087700074735F6F72645F333400696963314034CE
:108780003030396631303000696963310072656EAE
:10879000657361735F72615F696963004661696CEB
:1087A000656420746F20696E6974206D64696F2040
:1087B000647269766572202D20525F455448455297
:1087C0005F5048595F4F70656E206661696C005F4D
:1087D0005F6465766963655F6474735F6F72645F1D
:1087E00038310072656E657361735F72615F6D64CD
:1087F000696F004F6E6C792076616C696420666FDA
:1088000072206774696F636120616E6420677469A8
:108810006F63622070696E7300636C6F636B2063BB
:108820006F6E74726F6C20646576696365206E6F1D
:108830007420726561647900436F756C64206E6F9B
:108840007420696E697469616C697A6520636C6F04
:10885000636B2028256429004661696C6564207477
:108860006F20636F6E6669677572652070696E73DD
:1088700020666F722050574D2028256429004F75BF
:1088800074206F662072616E676520706572696F13
:1088900064206379636C657320617265206E6F7408
:1088A0002076616C6964005F5F6465766963655F0B
:1088B0006474735F6F72645F34310070776D36403B
:1088C00034303136393630300070776D36005F5FC6
:1088D0006465766963655F6474735F6F72645F3942
:1088E000340070776D3140343031363931303000FA
:1088F00070776D310070776D5F72656E657361734F
:108900005F7261004750494F20706F72743A2025A2
:1089100073206E6F74207265616479005F5F6465B7
:10892000766963655F6474735F6F72645F39006456
:108930006F776E6C6F61642D657370333200726592
:1089400067756C61746F725F6669786564007561E4
:1089500072745F72615F7363695F636F6E6669678C
:108960007572653A2025702025702025700A00094F
:108970006170706C795F636F6E6669672065727293
:108980003A25640A00096265666F7265206D656D3F
:108990006370790A005F5F6465766963655F64741C
:1089A000735F6F72645F31373400756172743800C1
:1089B0005F5F6465766963655F6474735F6F72643B
:1089C0005F34370075617274390072615F73636977
:1089D0005F75617274004353204750494F20706F98
:1089E00072742025732070696E20256420697320BD
:1089F0006E6F7420726561647900496E76616C698E
:108A00006420636C6F636B207068617365006672CD
:108A1000657175656E63793A20256400737069200D
:108A20006672657175656E63792063616C63756CE0
:108A3000617465206572726F7220256400525F5305
:108A400050495F4F70656E206572726F723A2025D3
:108A500064005F5F6465766963655F6474735F6F0C
:108A600072645F3433007370694034303131613186
:108A7000303000737069310072615F737069007328
:108A800079735F636C6F636B5F6379636C655F675A
:108A900065745F3634000403010C00091408111CCE
:108AA0001019184145532D3235362D4342430041AC
:108AB00045532D3139322D434243004145532D3129
:108AC00032382D434243004145532D3235362D4532
:108AD0004342004145532D3139322D454342004137
:108AE00045532D3132382D454342000B40800A302A
:108AF00080092040081C400514400310402A864885
:108B000086F70D020700686D6163534841310048E4
:108B10004D41432D5348412D31002A864886F70D9B
:108B2000020800686D616353484132323400484D99
:108B300041432D5348412D323234002A864886F76E
:108B40000D020900686D61635348413235360048B3
:108B50004D41432D5348412D323536002A864886F3
:108B6000F70D020A00686D616353484133383400E1
:108B7000484D41432D5348412D333834002A86480F
:108B800086F70D020B00686D616353484135313241
:108B900000484D41432D5348412D353132002A863E
:108BA0004886F70D02050069642D6D6435002B0EB3
:108BB00003021A0069642D73686131006086480100
:108BC00065030402040069642D7368613232340065
:108BD0006086480165030402010069642D736861C1
:108BE000323536006086480165030402020069647C
:108BF0002D736861333834006086480165030402D0
:108C0000030069642D736861353132002B0E030255
:108C10000700646573434243004445532D43424378
:108C2000002A864886F70D0307006465732D656486
:108C300065332D636263004445532D454445332D10
:108C400043424300608648016503040102006165F8
:108C5000733132382D636263004145533132382D10
:108C600043424300608648016503040116006165C4
:108C7000733139322D636263004145533139322DEE
:108C80004342430060864801650304012A00616590
:108C9000733235362D636263004145533235362DCC
:108CA000434243002A864886F70D01010100727392
:108CB00061456E6372797074696F6E005253410042
:108CC0002A8648CE3D02010069642D6563507562B5
:108CD0006C69634B65790047656E65726963204511
:108CE00043206B6579002B8104010C0069642D65BC
:108CF000634448004543206B657920666F722045C8
:108D0000434448002A864886F70D010104006D643B
:108D10003557697468525341456E6372797074694E
:108D20006F6E005253412077697468204D443500BE
:108D30002A864886F70D010105007368612D3157B9
:108D4000697468525341456E6372797074696F6ECD
:108D50000052534120776974682053484131002AFA
:108D6000864886F70D01010E007368613232345770
:108D7000697468525341456E6372797074696F6E9D
:108D8000005253412077697468205348412D323294
:108D900034002A864886F70D01010B0073686132A2
:108DA000353657697468525341456E6372797074F1
:108DB000696F6E00525341207769746820534841AF
:108DC0002D323536002A864886F70D01010C0073D6
:108DD000686133383457697468525341456E637221
:108DE000797074696F6E00525341207769746820FE
:108DF0005348412D333834002A864886F70D010147
:108E00000D007368613531325769746852534145BA
:108E10006E6372797074696F6E0052534120776986
:108E20007468205348412D353132002B0E03021D4A
:108E3000002A864886F70D01010A00525341535318
:108E4000412D50535300616E79506F6C6963790006
:108E5000416E7920506F6C696379002B060105051E
:108E60000703010069642D6B702D7365727665725E
:108E70004175746800544C532057656220536572E5
:108E80007665722041757468656E74696361746992
:108E90006F6E002B060105050703020069642D6B48
:108EA000702D636C69656E744175746800544C5321
:108EB0002057656220436C69656E74204175746843
:108EC000656E7469636174696F6E002B0601050538
:108ED0000703030069642D6B702D636F646553692C
:108EE000676E696E6700436F6465205369676E69DA
:108EF0006E67002B060105050703040069642D6BEE
:108F0000702D656D61696C50726F74656374696F03
:108F10006E00452D6D61696C2050726F74656374CD
:108F2000696F6E002B060105050703080069642DB3
:108F30006B702D74696D655374616D70696E670037
:108F400054696D65205374616D70696E67002B06FE
:108F50000105050703090069642D6B702D4F43530C
:108F6000505369676E696E67004F435350205369D1
:108F7000676E696E67002B0601040182E42501001B
:108F800069642D6B702D776973756E2D66616E2D1A
:108F90006465766963650057692D53554E20416CB1
:108FA0006C69616E6365204669656C642041726519
:108FB00061204E6574776F726B202846414E290000
:108FC000551D130069642D63652D626173696343E8
:108FD0006F6E73747261696E74730042617369635A
:108FE00020436F6E73747261696E747300551D0F48
:108FF0000069642D63652D6B657955736167650044
:10900000551D250069642D63652D6578744B657960
:10901000557361676500457874656E646564204BBF
:10902000657920557361676500551D110069642DD0
:1090300063652D7375626A656374416C744E616D0E
:1090400065005375626A65637420416C74204E61DB
:109050006D65006086480186F84201010069642D53
:109060006E657473636170652D6365727474797075
:1090700065004E6574736361706520436572746941
:10908000666963617465205479706500551D200020
:1090900069642D63652D63657274696669636174C3
:1090A00065506F6C696369657300436572746966C6
:1090B000696361746520506F6C69636965730055FD
:1090C0001D0E0069642D63652D7375626A65637496
:1090D0004B65794964656E7469666965720053759C
:1090E000626A656374204B6579204964656E7469B2
:1090F0006669657200551D230069642D63652D61E5
:109100007574686F726974794B65794964656E74BA
:10911000696669657200417574686F726974792057
:109120004B6579204964656E74696669657200559E
:1091300004030069642D61742D636F6D6D6F6E4E55
:10914000616D6500436F6D6D6F6E204E616D6500E2
:10915000434E005504060069642D61742D636F75DC
:109160006E7472794E616D6500436F756E747279BD
:10917000005504070069642D61742D6C6F63616C88
:10918000697479004C6F63616C697479004C0055A7
:1091900004080069642D61742D7374617465005353
:1091A000746174650053540055040A0069642D61AC
:1091B000742D6F7267616E697A6174696F6E4E614A
:1091C0006D65004F7267616E697A6174696F6E00D8
:1091D0004F0055040B0069642D61742D6F72676137
:1091E0006E697A6174696F6E616C556E69744E61F7
:1091F0006D65004F726720556E6974004F55002AE7
:10920000864886F70D01090100656D61696C41644E
:10921000647265737300452D6D61696C20616464CF
:1092200072657373005504050069642D61742D73B4
:10923000657269616C4E756D626572005365726925
:10924000616C206E756D6265720055041000696472
:109250002D61742D706F7374616C416464726573F9
:109260007300506F7374616C206164647265737312
:10927000005504110069642D61742D706F73746161
:109280006C436F646500506F7374616C20636F642E
:1092900065005504040069642D61742D7375724E68
:1092A000616D65005375726E616D6500534E0055BA
:1092B000042A0069642D61742D676976656E4E61BC
:1092C0006D6500476976656E206E616D6500474E7D
:1092D0000055042B0069642D61742D696E697469F1
:1092E000616C7300496E697469616C730055042C7C
:1092F0000069642D61742D67656E65726174696FB4
:109300006E5175616C69666965720047656E65725C
:109310006174696F6E207175616C69666965720050
:1093200055040C0069642D61742D7469746C6500BA
:109330005469746C650055042E0069642D61742DA8
:10934000646E5175616C6966696572004469737415
:10935000696E67756973686564204E616D6520711B
:1093600075616C6966696572005504410069642D18
:1093700061742D70736575646F6E796D00507365DF
:1093800075646F6E796D000992268993F22C6401E1
:10939000010069642D756964005573657220496424
:1093A000000992268993F22C6401190069642D64E6
:1093B0006F6D61696E436F6D706F6E656E740044A2
:1093C0006F6D61696E20636F6D706F6E656E740096
:1093D00044430055042D0069642D61742D756E6938
:1093E0007175654964656E74696669657200556E6C
:1093F00069717565204964656E7469666965720096
:10940000020305070B0D1113171D1F25292B2F35DF
:109410003B3D4347494F53596165676B6D717F838E
:10942000898B95979DA3A7ADB3B5BFC1C5C7D3DF42
:10943000E3E5E9EFF1FB0050726F632D547970653D
:109440003A20342C454E435259505445440044452B
:109450004B2D496E666F3A204145532D0044454BD4
:109460002D496E666F3A204145532D3132382D43D8
:1094700042432C0044454B2D496E666F3A204145CE
:10948000532D3139322D4342432C0044454B2D4955
:109490006E666F3A204145532D3235362D43424397
:1094A0002C002D2D2D2D2D454E4420525341205062
:1094B000524956415445204B45592D2D2D2D2D00F7
:1094C0002D2D2D2D2D424547494E205253412050E0
:1094D000524956415445204B45592D2D2D2D2D00D7
:1094E0002D2D2D2D2D454E44205052495641544589
:1094F000204B45592D2D2D2D2D002D2D2D2D2D425F
:109500004547494E2050524956415445204B4559F4
:109510002D2D2D2D2D007273612E4E007273612E34
:1095200045002B06010505070804002D2D2D2D2DC6
:10953000454E442043455254494649434154452DE4
:109540002D2D2D2D00756E6B6E6F776E00544C5364
:109550002D5253412D574954482D4145532D3132F9
:10956000382D4342432D53484132353600544C5335
:109570002D5253412D574954482D4145532D3235D5
:10958000362D4342432D53484132353600544C5317
:109590002D5253412D574954482D4145532D3132B9
:1095A000382D4342432D53484100544C532D5253C0
:1095B000412D574954482D4145532D3235362D43C1
:1095C00042432D53484100636C69656E742066699F
:1095D0006E6973686564007365727665722066698A
:1095E0006E6973686564006D61737465722073657C
:1095F00063726574006B657920657870616E73695C
:109600006F6E00010002000003040506030508094F
:109610000A0B030602000A2A2A2A20426F6F746985
:109620006E67205A6570687972204F5320627569A1
:109630006C642076342E312E302D3839382D673633
:109640006233326634643735303636202A2A2A0AA5
:109650000048616C74696E672073797374656D007E
:10966000556E6B6E6F776E206572726F72003E3E44
:109670003E205A455048595220464154414C2045BD
:1096800052524F522025643A202573206F6E20439A
:109690005055202564004661756C742064757269AC
:1096A0006E6720696E746572727570742068616E81
:1096B000646C696E670A0043757272656E7420741B
:1096C00068726561643A202570202825732900435B
:1096D000505520657863657074696F6E00556E68CB
:1096E000616E646C656420696E7465727275707405
:1096F00000537461636B206F766572666C6F7700E0
:109700004B65726E656C206F6F7073004B65726E87
:10971000656C2070616E69630069646C65006172DC
:1097200063685F7370696E5F72656C6178007379EE
:1097300073776F726B710064756D6D7900736C6512
:109740006570696E6700646561640061626F727460
:10975000696E670073757370656E64696E6700711A
:109760007565756564006B5F69735F696E5F6973CA
:109770007200616E006E66696E697479006E616E6A
:0897800000286E756C6C2900D5
:109788004FF42A4110B500204FF49644164AB2F817
:109798008430A2F884109BB2B2F8841089B2A1B9BF
:1097A800012B18D14DF60111A2F844100F4AA2F866
:1097B8000431B2F804319BB2002BFAD10123A2F88C
:1097C80000310B4A9360136010BD002C08BF4FF4A2
:1097D800FA70013CE0E7802BF6D10122044B5A6075
:1097E8005A68002AFCD1EFE700E07F4000C0014042
:1097F800007000404FF49643B32282B001930C4BA3
:109808001A700C4AD2F880301B0408D5137C40F239
:10981800F51013F0100F08BF002002B07047019B2D
:109828001BB1019B013B0193ECE71420F5E700BF56
:1098380000007E4000E07F404FF49643502282B003
:1098480001930C4B1A700C4AD2F880301B0408D5CF
:10985800137C40F2F51013F0100F08BF002002B07F
:109868007047019B1BB1019B013B0193ECE714205E
:10987800F5E700BF00007E4000E07F4070B5436818
:1098880005461A7842B193F9110000F011FA6B6895
:1098980093F9130000F00CFA0E4BB3F884309BB226
:1098A80013B9284600F00CFAFFF7A4FF0646FFF7A5
:1098B800C3FF04463EB1FFF763FF3446002385F833
:1098C8003430204670BDFFF75BFF002C08BF04460C
:1098D800F4E700BF00E07F4030B52025836A0C4CD8
:1098E80023630C4B1D70D0251D70836A0B44836263
:1098F800036B013B0363104612B930BD30B1013828
:10990800D4F880301B04F9D50020F6E71420F4E7DA
:1099180000E07F4000007E40F7B504460E4615463D
:1099280022B9436893F9110000F0C2F9E821E36A0B
:109938001C4A770813631C4BC6F3470619700021AD
:109948001E708F4208D1D021197025BB636893F926
:10995800110000F0B9F922E020690190A06A00889E
:109968001880D2F8800040050AD4A06A013102307C
:10997800A062E06A0230E062206B01382063E0E711
:109988000198461E01960028EBD1142003B0F0BDC3
:10999800002DFAD0013DD2F880301B04F8D5002004
:1099A800F4E700BF00E07F4000007E4010B5124B96
:1099B80014461A7CD20606D4D3F88030194213D143
:1099C80068B9002010BDD3F88020520442BF1A7C29
:1099D80000221A74D3F88030194205D148B10446E0
:1099E800FFF708FF2046EDE70028F8D1002CF7D153
:1099F800E7E740F2F514F3E700E07F40402213B5B3
:109A0800836910480193104B01631A7008221A7079
:109A180000220E4931F8024B0132082A1C80F9D184
:109A2800D0221A70D0F880301B0402D5002002B072
:109A380010BD019B1BB1019B013B0193F2E7142070
:109A4800F5E700BF00E07F4000007E40041B0020D7
:109A58006FEA415110B56FEA51514FF6FF74074B49
:109A680042EAC03242F4F0421C805C80DA8099807D
:109A78001C815C819C81DC8110BD00BF041B00201F
:109A88004FF49643002213B50193144B04461A6011
:109A980043681A7842B193F9110000F009F9636834
:109AA80093F9130000F004F94FF459430C4AA2F853
:109AB80044304AF60123A2F88430B2F884309BB2CD
:109AC800012B02D1002002B010BD019B1BB1019BEC
:109AD800013B0193F1E74FF4FA70F4E7007000409E
:109AE80000E07F4038B50546FFF7CAFF044660B17D
:109AF800204638BD8021AA682846FFF70DFF1822A6
:109B08004FF4A041FFF752FF04462B6B2BB9FFF728
:109B180037FE002C08BF0446EAE7002CEAD0FFF71E
:109B28002FFEE5E738B5144B144AD3F89032144D9C
:109B380003F00703072B18BF15462B68044603F0EC
:109B48000703DB430F480E2220F8023BFF2100F0F9
:109B5800B3F82046FFF794FF29462046FFF74EFF4B
:109B680018220021FFF722FF0446FFF709FE002C08
:109B780018BF204638BD00BF00A0000110A2000198
:109B880090A10001041B002038B5816202630546DC
:109B9800FFF776FF044650B90122144BA3F8E020E2
:109BA8002B6BEBB9FFF7ECFD002C08BF04462046F1
:109BB80038BDAB6AD5E9072123F40013B3F5803F1C
:109BC8002ABF0A464FF400514FF400412846FFF7D8
:109BD80083FE19224FF4C041FFF7E8FE0446DFE791
:109BE800002CE6D0FFF7CCFDE1E700BF00E07F40A6
:109BF8002DE9F041104B0546D3F8DC600F4690463E
:109C0800FFF73EFFF60F044698B94FEA5832304640
:109C1800790BFFF71DFF09492846FFF7EFFE21469C
:109C28001822FFF7C3FE0446FFF7AAFD002C08BF61
:109C380004462046BDE8F08100E07F4030A10001E5
:109C4800F8B506460D461746FFF71AFF044638BB17
:109C580047B1144B45F4CC45A3F8E850BDE8F840AB
:109C6800FFF78EBD1022FF210F4800F025F84FF6B0
:109C7800FF7215F0010F47F6FF7308BF13460A4A33
:109C88000A493046D380FFF7B9FE21461822FFF76C
:109C98008DFE0546FFF774FD002D14BF2C460446C3
:109CA8002046F8BD00E07F40041B002030A10001E1
:109CB8005FF800F0F19C02005FF800F0DFAD0400EF
:109CC8005FF800F0D5A002005FF800F0D99C020010
:109CD8000000000049AC0100000000000001000085
:109CE800000000000000000000000000000000006C
:109CF800000000000000000000000000000000005C
:109D080058B9040000C2010000000800000000006B
:109D1800000000000000000000000000000000003B
:109D2800000000000000000000000000000000002B
:109D38000000000060120020000000004C1200200B
:109D4800000000000000000000000000000000000B
:109D580000000000000000000000000000000000FB
:109D680000000000000000000000000000000000EB
:109D780000000000000000000000000000000000DB
:109D88000000000000000000000000000C06002099
:109D98000C06002000000000010000001C06002046
:109DA8001C06002000000000000000000000000069
:109DB800000000000000000000000000000000009B
:109DC800000000000000000000000000000000008B
:109DD800000000000000000000000000000000007B
:109DE800000000000000000000000000000000006B
:109DF800000000000000000000000000000000005B
:109E0800000000000000000000000000000000004A
:109E1800000000000000000000000000000000003A
:109E2800000000000000000000000000000000002A
:109E3800000000000000000000000000000000001A
:109E4800000000000000000000000000000000000A
:109E580000000000000000000000000000000000FA
:109E680000000000000000000000000000000000EA
:109E780000000000000000000000000000000000DA
:109E880000000000000000000000000000000000CA
:109E980000000000000000000000000000000000BA
:109EA80000000000000000000000000000000000AA
:109EB80000000000000000000100000002FFFF0099
:109EC80000360000FFFF00000C0000006D73020068
:109ED80030BA04000000000000000000749050B088
:109EE8005DE9000000000000000000000000000024
:109EF800000000000000000000000000000000005A
:109F08000000000000000000000000000000000049
:109F18000000000000000000000000000000000039
:109F28000000000000000000000000000000000029
:109F38000000000000000000000000000000000019
:109F48000000000000000000000000000000000009
:109F580000000000000000000000000000000000F9
:109F680000000000000000000000000000000000E9
:109F780000000000000000000000000000000000D9
:109F880000000000000000000000000000000000C9
:109F980000000000000000000000000000000000B9
:109FA80000000000000000000000000000000000A9
:109FB8000000000000000000000000000000000099
:109FC8000000000000000000000000000000000089
:109FD8000000000000000000000000000000000079
:109FE8000000000000000000000000000000000069
:109FF8000000000000000000000000000000000059
:10A008000000000000000000000000000000000048
:10A018000000000000000000000000000000000038
:10A028000000000000000000000000000000000028
:10A038000000000000000000000000000000000018
:10A048000000000000000000000000000000000008
:10A0580000000000000000000000000000000000F8
:10A0680000000000000000000000000000000000E8
:10A0780000000000000000000000000000000000D8
:10A0880000000000000000000000000000000000C8
:10A0980000000000000000000000000000000000B8
:10A0A80000000000000000000000000000000000A8
:10A0B8000000000000000000000000000000000098
:10A0C8000000000000000000000000000000000088
:10A0D8000000000000000000000000000000000078
:10A0E8000000000000000000000000000000000068
:10A0F8000000000000000000000000000000000058
:10A108000000000000000000000000000000000047
:10A118000000000000000000000000000000000037
:10A128000000000000000000000000000000000027
:10A138000000000000000000000000000000000017
:10A148000000000000000000000000000000000007
:10A1580000000000000000000000000000000000F7
:10A1680000000000000000000000000000000000E7
:10A1780000000000000000000000000000000000D7
:10A1880000000000000000000000000000000000C7
:10A1980000000000000000000000000000000000B7
:10A1A80000000000000000000000000000000000A7
:10A1B8000000000000000000000000000000000097
:10A1C8000000000000000000000000000000000087
:10A1D8000000000000000000000000000000000077
:10A1E8000000000000000000000000000000000067
:10A1F8000000000000000000000000000000000057
:10A208000000000000000000000000000000000046
:10A218000000000000000000000000000000000036
:10A228000000000000000000000000000000000026
:10A238000000000000000000000000000000000016
:10A248000000000000000000000000000000000006
:10A2580000000000000000000000000000000000F6
:10A2680000000000000000000000000000000000E6
:10A2780000000000000000000000000000000000D6
:10A2880000000000000000000000000000000000C6
:10A2980000000000000000000000000000000000B6
:10A2A80000000000000000000000000000000000A6
:10A2B8000000000000000000000000000000000096
:10A2C8000000000000000000000000000000000086
:10A2D8000000000000000000000000000000000076
:10A2E8000000000000000000000000000000000066
:10A2F8000000000000000000000000000000000056
:10A308000000000000000000000000000000000045
:10A318000000000000000000000000000000000035
:10A328000000000000000000000000000000000025
:10A338000000000000000000000000000000000015
:10A348000000000000000000000000000000000005
:10A3580000000000000000000000000000000000F5
:10A3680000000000000000000000000000000000E5
:10A3780000000000000000000000000000000000D5
:10A3880000000000000000000000000000000000C5
:10A3980000000000000000000000000000000000B5
:10A3A80000000000000000000000000000000000A5
:10A3B8000000000000000000000000000000000095
:10A3C8000000000000000000000000000000000085
:10A3D8000000000000000000000000000000000075
:10A3E8000000000000000000000000000000000065
:10A3F8000000000000000000000000000000000055
:10A408000000000000000000000000000000000044
:10A418000000000000000000000000000000000034
:10A428000000000000000000000000000000000024
:10A438000000000000000000000000000000000014
:10A448000000000000000000000000000000000004
:10A4580000000000000000000000000000000000F4
:10A4680000000000000000000000000000000000E4
:10A4780000000000000000000000000000000000D4
:10A4880000000000000000000000000000000000C4
:10A4980000000000000000000000000000000000B4
:10A4A80000000000000000000000000000000000A4
:10A4B8000000000000000000000000000000000094
:10A4C8000000000000000000000000000000000084
:10A4D8000000000000000000000000000000000074
:10A4E8000000000000000000000000000000000064
:10A4F8000000000000000000000000000000000054
:10A508000000000000000000000000000000000043
:10A518000000000000000000000000000000000033
:10A528000000000000000000000000000000000023
:10A538000000000000000000000000000000000013
:10A548000000000000000000000000000000000003
:10A5580000000000000000000000000000000000F3
:10A5680000000000000000000000000000000000E3
:10A5780000000000000000000000000000000000D3
:10A5880000000000000000000000000000000000C3
:10A5980000000000000000000000000000000000B3
:10A5A80000000000000000000000000000000000A3
:10A5B8000000000000000000000000000000000093
:10A5C800400E0020400E002000000000FFFFFFFFAB
:10A5D800500E0020500E0020000000000000000077
:10A5E8000000000000000000000000000000000063
:10A5F8000000000000000000000000000000000053
:10A60800000000003822050081D40300000000008B
:10A618003419050001000000980E0020980E002053
:10A6280000000000000000000E000000AC0E00203A
:10A63800AC0E002000000000000000000000000038
:10A648003419050001000000C80E0020C80E0020C3
:10A6580000000000000000000E000000DC0E0020DA
:10A66800DC0E0020000000000000000000000000D8
:10A678003419050001000000F80E0020F80E002033
:10A6880000000000000000000E0000000C0F002079
:10A698000C0F002000000000000000000000000077
:10A6A80000000000000000000000000000000000A2
:10A6B8000000000000000000000000000000000092
:10A6C8000000000000000000000000000000000082
:10A6D8000000000000000000000000000000000072
:10A6E8000000000000000000000000000000000062
:10A6F8000000000000000000000000000000000052
:10A708000000000000000000000000000000000041
:10A718000000000000000000000000000000000031
:10A728000000000000000000000000000000000021
:10A738000000000000000000000000000000000011
:10A748000000000000000000000000000000000001
:10A7580000000000000000000000000000000000F1
:10A7680000000000000000000000000000000000E1
:10A7780000000000000000000000000000000000D1
:10A7880000000000000000000000000000000000C1
:10A7980000000000000000000000000000000000B1
:10A7A80000000000000000000000000000000000A1
:10A7B8000000000000000000000000000000000091
:10A7C8000000000000000000000000000000000081
:10A7D8000000000000000000000000000000000071
:10A7E8000000000000000000000000000000000061
:10A7F8000000000000000000000000000000000051
:10A808000000000000000000000000000000000040
:10A818000000000000000000000000000000000030
:10A828000000000000000000000000000000000020
:10A838000000000000000000000000000000000010
:10A848000000000000000000000000000000000000
:10A8580000000000000000000000000000000000F0
:10A8680000000000000000000000000000000000E0
:10A8780000000000000000000000000000000000D0
:10A8880000000000000000000000000000000000C0
:10A8980000000000000000000000000000000000B0
:10A8A80000000000000000000000000000000000A0
:10A8B8000000000000000000000000000000000090
:10A8C8000000000000000000000000000000000080
:10A8D8000000000000000000000000000000000070
:10A8E8000000000000000000000000000000000060
:10A8F8000000000000000000000000000000000050
:10A90800000000000000000000000000CDD9030096
:10A91800701905000000000001000000AC110020C3
:10A92800000000000000000000000000D8CF052053
:10A93800000000000000000000000000000200000D
:10A94800001B0500B85700200000000041F103007B
:10A958000000000000000000D8110020D8110020DD
:10A9680000000000000000000E00000001000000D0
:10A9780001000000000000000000000000000000CE
:10A98800AD8C0500010000000100000029800100D5
:10A9980009800100C1F30300AD7F01001C120020F3
:10A9A8001C12002024120020241200202C12002047
:10A9B8002C120020010000000100000048A4002023
:10A9C8000000000044120020441200204C270620FA
:10A9D800000000000000000000000000000400006B
:10A9E8004C2B0620000000000000000000000000C2
:10A9F80000040000AC5A050000000000E01200202E
:10AA08000000000058B904001C1B0020241B002073
:10AA18002D1B0020321B0020371B00203B1B002071
:10AA2800471B00204E1B0020651B00206C1B0020CC
:10AA3800731B00201C1B0020241B00202D1B002042
:10AA4800321B0020371B00203B1B0020401B00202E
:10AA58004E1B0020571B00205E1B0020731B00208C
:10AA680000000000B9FE0300D1AE010005B00100EE
:10AA7800B1B00100E7000400EFFF03000000000090
:10AA880061B30100D7FF030075AF010000000000AB
:10AA9800BBFE030014130020141300200000000064
:10AAA800000000000E00000000000000B9220200B3
:10AAB800000000000000000001620200FFFFFFFF2D
:10AAC800000000000000000000000000000000007E
:10AAD800000000000000000000000000000000006E
:10AAE800000000000000000000000000000000005E
:10AAF800000000000000000000000000000000004E
:10AB0800000000000000000000000000000000003D
:10AB1800000000000000000000000000000000002D
:10AB2800000000000000000000000000000000001D
:10AB3800000000000000000000000000000000000D
:10AB480000000000000000000000000000000000FD
:10AB5800D0130020D01300200000000000000000E7
:10AB68000E000000000000000000000000000000CF
:10AB780000000000000000002806002040787D0149
:10AB8800000000006022050050BB0400404E002079
:10AB98004048002040420020403C00204036002031
:10ABA80040300020402A00204024002004000000FB
:10ABB80000FF000000000000000000000000000886
:10ABC800002000008000000000FF000000000000DE
:10ABD80000000000000000000000200005810200C5
:10ABE800000000000000000000000000000000005D
:10ABF800000000000000000000000000000000004D
:10AC0800000000000000000000000000000000003C
:10AC1800000000000000000000000000000000002C
:10AC2800000000000000000000000000000000001C
:10AC3800000000000000000000000000010000000B
:10AC4800B580020000000000000000000131013260
:10AC580000000000BF8405000100000000000000A3
:10AC6800BE8405000100000000000000BD8405004E
:10AC78000100000000000000C3840500010000007E
:10AC880084B70400C28405000100000060B7040016
:10AC9800C18405000100000000000000C084050018
:10ACA8000100000000000000C7840500010000004A
:10ACB80000000000C684050001000000000000003C
:10ACC800C58405000100000000000000C4840500E0
:10ACD8000100000000000000CB8405000100000016
:10ACE80000000000CA8405000100000060B70400ED
:10ACF800C98405000100000000000000C8840500A8
:10AD08000100000000000000CC84050001000000E4
:10AD180000000000D28405000100000000000000CF
:10AD2800D18405000100000000000000CF84050068
:10AD38000200000000000000CD84050002000000B1
:10AD480000000000DD840500010000000000000094
:10AD5800DB8405000200000000000000D984050023
:10AD68000200000000000000D88405000100000077
:10AD780000000000D784050001000000000000006A
:10AD8800D68405000100000084B70400D5840500BE
:10AD98000100000000000000D4840500010000004C
:10ADA80000000000D384050001000000000000003E
:10ADB800E18405000100000000000000E0840500B7
:10ADC8000100000000000000DF8405000100000011
:10ADD80084B70400DE8405000100000000000000C4
:10ADE800E78405000100000000000000E68405007B
:10ADF8000100000000000000E484050002000000DB
:10AE080000000000E28405000200000000000000CD
:10AE1800ED8405000100000000000000EB8405003F
:10AE28000200000000000000EA84050001000000A4
:10AE380000000000E9840500010000000000000097
:10AE4800E88405000100000000000000F784050008
:10AE58000100000000000000F68405000100000069
:10AE680000000000F58405000100000084B704001C
:10AE7800F48405000100000060B70400F3840500B5
:10AE88000100000000000000F2840500010000003D
:10AE980000000000F184050001000000000000002F
:10AEA800EF8405000200000000000000EE840500A9
:10AEB8000100000000000000000000000000000089
:10AEC800000000000000000000000000000000007A
:10AED800000000000000000000000000000000006A
:10AEE800000000000000000000000000000000005A
:10AEF800000000000100000040420F0000000000B8
:10AF0800010C5B5C5D5E00000000000000000000BA
:10AF18001F5B04009CBA0400000000000000000051
:10AF28000000000000000000000000000000000019
:10AF38000000000000000000000000000000000009
:10AF480000000000000000000000000000000000F9
:10AF580000000000000000000000000000000000E9
:10AF680000000000000000000000000000000200D7
:10AF780008000000FF0000000000000000000000C2
:10AF880000000000000000000000000000000000B9
:10AF980000000000000000000000000000000000A9
:10AFA8000000000000000000000000000000000099
:10AFB8000000000000000000020000000000000087
:10AFC8000000000000000000060140000000000032
:10AFD8000000000000000000000000000000000069
:10AFE8000000000000000000000000000000000059
:10AFF8000000000000000000000001FF3FDF00002B
:10B008000000000000000000000000000000000038
:10B0180000000000F600FC00000000000000000036
:10B028000000000000000000000000000000000018
:10B038000000000000000000020000000000000006
:10B0480000000000000000000101400000000000B6
:10B0580000000000000000000000000000000000E8
:10B0680000000000000000000000000000000000D8
:10B078000000000000000000000001FF3FDF0000AA
:10B0880000000000000000000000000000000000B8
:10B0980000000000C900CF00C4B90400000000008F
:10B0A8000000000000000000000000000000000098
:10B0B8000000000000000000000000000000000088
:10B0C80000000000000000000000000000100E005A
:10B0D80000010301080000000120012101220123D1
:10B0E8000000000000000000000000000000000058
:10B0F8000000000000000000000000000000000048
:10B108000000000000000000000000000000000037
:10B118000000000000000000E8B904000000000082
:10B128000000000000000000000000000000000017
:10B138000000000000000000000000000000000007
:10B1480000000000000000000000000000C2010034
:10B158000001030009000000014A014B014C014DA8
:10B1680000000000000000000000000000000000D7
:10B1780000000000000000000000000000000000C7
:10B1880000000000000000000000000000000000B7
:10B1980000000000000000000000000000000000A7
:10B1A800A426050000000000281A0020281A002004
:10B1B8000000000001000000381A0020381A0020A2
:10B1C800401A0020401A0020000000000100000082
:10B1D800501A0020501A0020000000000000000053
:10B1E8000000000000000000000000000000000057
:10B1F8000000000000000000000000000000000047
:10B208000000000000000000000000000000000036
:10B218000000000000000000000000000000000026
:10B228000000000000000000000000000000000016
:10B2380001525354550101010100000000000000B3
:10B2480000000000000000000000000000000000F6
:10B2580000000000000000000000000000000000E6
:10B2680070270500DFAD0400BDB003006D7D01004F
:10B27800897D0100F41A0020F41A0020FC1A00202D
:10B28800FC1A0020FFFF0000000000000000000082
:10B29800000000000106010501040000080B00027F
:10B2A8000202000009040000010202000005240057
:10B2B80010010524010001042402020524060001EE
:10B2C8000705810310000A07058103100007090418
:10B2D8000100020A0000000705820240000007057D
:10B2E8000102400000070582020002000705010272
:0BB2F8000002000000749050B05DE9FF
:10B3040000000000FFF0030000000000FFF0030055
:10B3140000000000FFF0030000000000FFF0030045
:10B3240000000000FFF0030000000000FFF0030035
:10B3340000000000FFF0030000000000FFF0030025
:10B3440000000000FFF0030000000000FFF0030015
:10B3540000000000FFF0030000000000FFF0030005
:10B3640000000000FFF0030000000000FFF00300F5
:10B3740000000000FFF0030000000000FFF00300E5
:10B3840000000000FFF0030000000000FFF00300D5
:10B3940000000000FFF0030000000000FFF00300C5
:10B3A40000000000FFF0030000000000FFF00300B5
:10B3B40000000000FFF0030000000000FFF00300A5
:10B3C40000000000FFF0030000000000FFF0030095
:10B3D40000000000FFF0030000000000FFF0030085
:10B3E40000000000FFF0030000000000FFF0030075
:10B3F40000000000FFF0030000000000FFF0030065
:10B40400C4B90400C98F0200C4B90400F18F02005A
:10B41400C4B9040019900200C4B9040041900200A8
:10B4240000000000FFF0030000000000FFF0030034
:10B4340000000000FFF0030000000000FFF0030024
:10B4440000000000FFF0030084B70400D34A0400A6
:10B4540060B70400D34A040000000000FFF00300BA
:10B4640000000000FFF0030000000000FFF00300F4
:10B4740000000000FFF0030000000000FFF00300E4
:10B4840000000000FFF00300A0B9040059A302006B
:10B49400A0B90400FDA2020098BB040039560400C0
:10B4A40000000000FFF0030000000000FFF00300B4
:10B4B40030BA04003F53040000000000FFF0030012
:10B4C40000000000FFF0030000000000FFF0030094
:10B4D40000000000FFF0030000000000FFF0030084
:10B4E40000000000FFF0030000000000FFF0030074
:10B4F40000000000FFF0030000000000FFF0030064
:10B5040000000000FFF0030000000000FFF0030053
:10B5140000000000FFF0030000000000FFF0030043
:10B5240000000000FFF0030000000000FFF0030033
:10B5340000000000FFF0030000000000FFF0030023
:10B5440000000000FFF0030000000000FFF0030013
:10B55400E8B90400C98F0200E8B90400F18F0200C1
:10B56400E8B9040019900200E8B90400419002000F
:10B5740000000000FFF0030000000000FFF00300E3
:10B5840000000000FFF0030000000000FFF00300D3
:10B5940000000000FFF0030000000000FFF00300C3
:10B5A40000000000FFF0030000000000FFF00300B3
:10B5B40000000000FFF0030000000000FFF00300A3
:10B5C40000000000FFF0030000000000FFF0030093
:10B5D40000000000FFF003009CBA040069A9020007
:10B5E4009CBA040095AA02009CBA0400A5AB020010
:10B5F4009CBA04004DAC020000000000FFF0030000
:10B604000000000000000000000000000000000036
:10B614000000000000000000000000000000000026
:10B624000000000000000000000000000000000016
:10B634000000000000000000000000000000000006
:0EB644000000000000000000000000000000F8
:04B6540000000000F2
:10B6580000000000000000000000000000000000E2
:10B6680000000000000000000000000000000000D2
:10B6780000000000000000000000000000000000C2
:10B6880000000000000000000000000000000000B2
:10B6980000000000000000000000000000000000A2
:10B6A8000000000000000000000000000000000092
:10B6B8000000000000000000000000000000000082
:10B6C8000000000000000000000000000000000072
:10B6D8000000000000000000000000000000000062
:10B6E8000000000000000000000000000000000052
:10B6F8000000000000000000000000000000000042
:10B708000000000000000000000000000000000031
:04B71800000000002D
:10B71C00941F0020941F002000000000F40306205A
:10B72C00000000000E0000004000000000000000BF
:10B73C00B41F0020B41F0020000000007407062076
:10B74C000000000006000000600200000000000085
:10B75C00D41F0020D41F002000000000740006201D
:10B76C00000000000E00000040000000000000007F
:10B77C00F41F0020F41F00200000000050D2052010
:10B78C000000000008000000100000000000000095
:10B79C0000000000D84F05200080000000000000D1
:10B7AC00000000000000000000000000C85802204B
:10B7BC00000002000000000000000000000000007B
:10B7CC0000000000442006200004000000000000DF
:08B7DC00000000000000000065
:10B7E4005C2000205C20002000000000000000001D
:10B7F4000E000000702000207020002000000000D7
:10B80400000000000E00000084200020842000209E
:10B8140000000000000000000E000000982000203E
:10B824009820002000000000000000000E0000002E
:10B83400AC200020AC20002000000000000000002C
:10B844000E000000C0200020C020002000000000E6
:10B85400000000000E000000D4200020D4200020AE
:10B8640000000000000000000E000000E82000209E
:10B87400E820002000000000000000000E0000008E
:10B88400FC200020FC20002000000000000000003C
:10B894000E000000102100201021002000000000F4
:10B8A400000000000E0000002421002024210020BC
:0CB8B40000000000000000000E0000007A
:10B8C0003821002038210020000000002427062015
:0CB8D000242706204C2706200000000062
:10B8DC00542100205421002000000000140000001E
:10B8EC000800000084260620242706208426062033
:10B8FC0084260620000000007C2100207C210020F2
:10B90C000000000088210020882100200000000099
:10B91C004C0000000500000018D3052094D405202D
:10B92C0018D3052018D3052000000000B0210020FA
:10B93C00B021002000000000BC210020BC21002010
:10B94C00000000000C0000000A000000D8D1052007
:10B95C0050D20520D8D10520D8D1052000000000F8
:0CB96C00E4210020E42100200000000085
:08B97800F0210020F021002065
:10B980000000000000000000000000000422002071
:10B99000042200200C2200200C22002000000200C3
:10B9A00002000A0000000000501E0500D0D2052051
:10B9B0000000000000000000000000003422002011
:10B9C000342200203C2200203C2200200000020003
:10B9D00002000000000000004C200500B419062001
:10B9E00000000000000000000000000064220020B1
:10B9F000642200206C2200206C2200200000020043
:10BA000002000000000000006C2005001420062049
:10BA10000000000000000000000000009422002050
:10BA2000942200209C2200209C2200200000020082
:10BA300002000000000000005C200500E41B06205E
:10BA4000000000000000000000000000C4220020F0
:10BA5000C4220020CC220020CC22002000002400A0
:10BA600024000400000000003C20050084FC0520A8
:10BA7000000000000000000000000000F422002090
:10BA8000F4220020FC220020FC22002000002400E0
:10BA900024000400000000002C20050094E605208E
:10BAA000000000000000000000000000242300202F
:10BAB000242300202C2300202C2300200000100031
:10BAC00010000A000F4C0400B42005004424062096
:10BAD000D82300200000000000000000000000004B
:10BAE0000000000000000000000000000000000056
:10BAF0000000000000000000000000000000000046
:10BB00000000000000000000000000000000000035
:10BB10000000000000000000000000000000000025
:10BB20000000000000000000000000000000000015
:10BB30000000000000000000000000000000000005
:10BB400000000000000000000000000000000000F5
:10BB500000000000000000000000000000000000E5
:10BB600098BB0400F423002008B30020000200006A
:0CBB70000000000000000000DC050000E8
:10BB7C00C1040200610602002D0C0400230C040019
:04BB8C0000000000B5
:10BB900000000000741200200000000000000000FF
:08BBA00000000000000000009D
:10BBA80000000000741200200000000000000000E7
:08BBB800000000000000000085
:04BBC00015E015E097
:040000031000791D53
:00000001FF
