:020000041000EA
:10000000304E0230198D0010631A0210058D001059
:10001000058D0010058D0010058D0010058D001058
:10002000000000000000000000000000F58D00103E
:10003000058D0010000000008D8D0010ED85011071
:10004000498F0010498F0010498F0010498F001010
:10005000498F0010498F0010498F0010498F001000
:10006000498F0010498F0010498F0010498F0010F0
:10007000498F0010498F0010498F0010498F0010E0
:10008000498F0010498F0010498F0010498F0010D0
:10009000498F0010498F0010498F0010498F0010C0
:1000A000498F0010498F0010498F0010498F0010B0
:1000B000498F0010498F0010498F0010498F0010A0
:1000C000498F0010498F0010498F0010498F001090
:1000D000498F0010498F0010498F0010498F001080
:1000E000498F0010498F0010498F0010498F001070
:1000F000498F0010498F0010498F0010498F001060
:10010000498F0010498F0010498F0010498F00104F
:10011000498F0010498F0010498F0010498F00103F
:10012000498F0010498F0010498F0010498F00102F
:10013000498F0010498F0010498F0010498F00101F
:10014000498F0010498F0010498F0010498F00100F
:10015000498F0010498F0010498F0010498F0010FF
:10016000498F0010498F0010498F0010498F0010EF
:10017000498F0010498F0010498F0010498F0010DF
:10018000498F0010498F0010498F0010498F0010CF
:10019000498F0010498F0010498F0010498F0010BF
:1001A000498F0010498F0010498F0010498F0010AF
:1001B000498F0010498F0010498F0010498F00109F
:1001C000498F0010498F0010498F0010498F00108F
:1001D000498F0010498F0010498F0010498F00107F
:1001E000498F0010498F0010498F0010498F00106F
:1001F000498F0010498F0010498F0010498F00105F
:10020000498F0010498F0010498F0010498F00104E
:10021000498F0010498F0010498F0010498F00103E
:10022000498F0010498F0010498F0010498F00102E
:10023000498F0010498F0010498F0010498F00101E
:10024000498F0010498F0010498F0010498F00100E
:10025000498F0010498F0010498F0010498F0010FE
:10026000498F0010498F0010498F0010498F0010EE
:10027000498F0010498F0010498F0010498F0010DE
:10028000498F0010498F0010498F0010498F0010CE
:10029000498F0010498F0010498F0010498F0010BE
:0C02A000498F0010498F0010498F00109A
:1002B000002902D0B0FBF1F0704708B14FF0FF30D9
:1002C00000F01EB80029F8D00246B0FBF1F000FBA8
:1002D00011217047002902D090FBF1F070470028EF
:1002E000C8BF6FF00040B8BF4FF0004000F008B842
:1002F0000029F4D0024690FBF1F000FB1121704779
:10030000704700BF81F0004102E000BF83F000436E
:1003100030B54FEA41044FEA430594EA050F08BFA0
:1003200090EA020F1FBF54EA000C55EA020C7FEA64
:10033000645C7FEA655C00F0E2804FEA5454D4EBE1
:100340005555B8BF6D420CDD2C4480EA020281EAAB
:10035000030382EA000083EA010180EA020281EAE3
:100360000303362D88BF30BD11F0004F4FEA013135
:100370004FF4801C4CEA113102D0404261EB410144
:1003800013F0004F4FEA03334CEA133302D05242CA
:1003900063EB430394EA050F00F0A780A4F1010486
:1003A000D5F1200E0DDB02FA0EFC22FA05F28018C0
:1003B00041F1000103FA0EF2801843FA05F35941A6
:1003C0000EE0A5F120050EF1200E012A03FA0EFC25
:1003D00028BF4CF0020C43FA05F3C01851EBE3714F
:1003E00001F0004507D54FF0000EDCF1000C7EEB6C
:1003F00000006EEB0101B1F5801F1BD3B1F5001FAA
:100400000CD349085FEA30004FEA3C0C04F10104C8
:100410004FEA445212F5800F80F09A80BCF1004FF1
:1004200008BF5FEA500C50F1000041EB045141EA73
:10043000050130BD5FEA4C0C404141EB0101013C3C
:1004400028BFB1F5801FE9D291F0000F04BF01462B
:100450000020B1FA81F308BF2033A3F10B03B3F1FD
:1004600020020CDA0C3208DD02F1140CC2F10C028D
:1004700001FA0CF021FA02F10CE002F11402D8BFEB
:10048000C2F1200C01FA02F120FA0CFCDCBF41EAB7
:100490000C019040E41AA2BF01EB0451294330BD86
:1004A0006FEA04041F3C1CDA0C340EDC04F1140463
:1004B000C4F1200220FA04F001FA02F340EA03003A
:1004C00021FA04F345EA030130BDC4F10C04C4F180
:1004D000200220FA02F001FA04F340EA0300294660
:1004E00030BD21FA04F0294630BD94F0000F83F4AA
:1004F000801306BF81F480110134013D4EE77FEA8D
:10050000645C18BF7FEA655C29D094EA050F08BFD8
:1005100090EA020F05D054EA000C04BF19461046B9
:1005200030BD91EA030F1EBF0021002030BD5FEAFD
:10053000545C05D14000494128BF41F0004130BD25
:1005400014F580043CBF01F5801130BD01F0004579
:1005500045F0FE4141F470014FF0000030BD7FEAEC
:10056000645C1ABF194610467FEA655C1CBF0B46E7
:10057000024650EA013406BF52EA033591EA030FFE
:1005800041F4002130BD00BF90F0000F04BF0021F6
:10059000704730B54FF4806404F132044FF0000529
:1005A0004FF0000150E700BF90F0000F04BF0021A2
:1005B000704730B54FF4806404F1320410F0004508
:1005C00048BF40424FF000013EE700BF42004FEA03
:1005D000E2014FEA31014FEA02701FBF12F07F4380
:1005E00093F07F4F81F06051704732F07F4208BF37
:1005F000704793F07F4F04BF41F40021704730B53E
:100600004FF4607401F0004521F000411CE700BF89
:1006100050EA010208BF704730B54FF000050AE00C
:1006200050EA010208BF704730B511F0004502D50D
:10063000404261EB41014FF4806404F132045FEA0F
:10064000915C3FF4D8AE4FF003025FEADC0C18BFB8
:1006500003325FEADC0C18BF033202EBDC02C2F1AA
:10066000200300FA03FC20FA02F001FA03FE40EA3C
:100670000E0021FA02F11444BDE600BF70B54FF040
:10068000FF0C4CF4E06C1CEA11541DBF1CEA13551E
:1006900094EA0C0F95EA0C0F00F0DEF82C4481EA86
:1006A000030621EA4C5123EA4C5350EA013518BFA6
:1006B00052EA033541F4801143F4801338D0A0FB93
:1006C00002CE4FF00005E1FB02E506F00042E0FB40
:1006D00003E54FF00006E1FB03569CF0000F18BF46
:1006E0004EF0010EA4F1FF04B6F5007F64F54074EE
:1006F00004D25FEA4E0E6D4146EB060642EAC62181
:1007000041EA55514FEAC52040EA5E504FEACE2EED
:10071000B4F1FD0C88BFBCF5E06F1ED8BEF1004FF0
:1007200008BF5FEA500E50F1000041EB045170BD6C
:1007300006F0004646EA010140EA020081EA0301B0
:10074000B4EB5C04C2BFD4EB0C0541EA045170BDAC
:1007500041F480114FF0000E013C00F3AB8014F126
:10076000360FDEBF002001F0004170BDC4F100046F
:10077000203C35DA0C341BDC04F11404C4F12005F0
:1007800000FA05F320FA04F001FA05F240EA02004B
:1007900001F0004221F0004110EBD37021FA04F681
:1007A00042EB06015EEA430E08BF20EAD37070BD3B
:1007B000C4F10C04C4F1200500FA04F320FA05F09A
:1007C00001FA04F240EA020001F0004110EBD3709C
:1007D00041F100015EEA430E08BF20EAD37070BD0C
:1007E000C4F1200500FA05F24EEA020E20FA04F3E5
:1007F00001FA05F243EA020321FA04F001F0004194
:1008000021FA04F220EA020000EBD3705EEA430E04
:1008100008BF20EAD37070BD94F0000F0FD101F033
:100820000046400041EB010111F4801F08BF013C6C
:10083000F7D041EA060195F0000F18BF704703F0AA
:100840000046520043EB030313F4801F08BF013D31
:10085000F7D043EA0603704794EA0C0F0CEA1355ED
:1008600018BF95EA0C0F0CD050EA410618BF52EAA7
:100870004306D1D181EA030101F000414FF00000AD
:1008800070BD50EA410606BF1046194652EA4306BB
:1008900019D094EA0C0F02D150EA013613D195EA2F
:1008A0000C0F05D152EA03361CBF104619460AD177
:1008B00081EA030101F0004141F0FE4141F4700181
:1008C0004FF0000070BD41F0FE4141F4780170BD71
:1008D00070B54FF0FF0C4CF4E06C1CEA11541DBFD6
:1008E0001CEA135594EA0C0F95EA0C0F00F0A7F8D8
:1008F000A4EB050481EA030E52EA03354FEA013105
:1009000000F088804FEA03334FF0805545EA131317
:1009100043EA12634FEA022245EA111545EA1065DF
:100920004FEA00260EF000419D4208BF964244F176
:10093000FD0404F5407402D25B084FEA3202B61A95
:1009400065EB03055B084FEA32024FF480104FF469
:10095000002CB6EB020E75EB030E22BFB61A7546DD
:1009600040EA0C005B084FEA3202B6EB020E75EB70
:10097000030E22BFB61A754640EA5C005B084FEAD8
:100980003202B6EB020E75EB030E22BFB61A7546A5
:1009900040EA9C005B084FEA3202B6EB020E75EBB0
:1009A000030E22BFB61A754640EADC0055EA060E71
:1009B00018D04FEA051545EA16754FEA06164FEAB4
:1009C000C30343EA52734FEAC2025FEA1C1CC0D160
:1009D00011F4801F0BD141EA00014FF000004FF0ED
:1009E000004CB6E711F4801F04BF01430020B4F1AE
:1009F000FD0C88BFBCF5E06F3FF6AFAEB5EB030C66
:100A000004BFB6EB020C5FEA500C50F1000041EB62
:100A1000045170BD0EF0004E4EEA113114EB5C042F
:100A2000C2BFD4EB0C0541EA045170BD41F4801102
:100A30004FF0000E013C90E645EA060E8DE60CEA0A
:100A4000135594EA0C0F08BF95EA0C0F3FF43BAF27
:100A500094EA0C0F0AD150EA01347FF434AF95EADE
:100A60000C0F7FF425AF104619462CE795EA0C0FC2
:100A700006D152EA03353FF4FDAE1046194622E78F
:100A800050EA410618BF52EA43067FF4C5AE50EA69
:100A900041047FF40DAF52EA43057FF4EBAE12E759
:100AA0004FF0FF3C06E000BF4FF0010C02E000BF3A
:100AB0004FF0010C4DF804CD4FEA410C7FEA6C5C1D
:100AC0004FEA430C18BF7FEA6C5C1BD001B050EAC0
:100AD000410C0CBF52EA430C91EA030F02BF90EAAB
:100AE000020F0020704710F1000F91EA030F58BF6A
:100AF000994208BF90422CBFD8176FEAE37040F0CC
:100B0000010070474FEA410C7FEA6C5C02D150EA69
:100B1000013C07D14FEA430C7FEA6C5CD6D152EA24
:100B2000033CD3D05DF8040B704700BF84461046E9
:100B300062468C461946634600E000BF01B5FFF7E8
:100B4000B7FF002848BF10F1000F01BD4DF808EDB8
:100B5000FFF7F4FF0CBF012000205DF808FB00BF89
:100B60004DF808EDFFF7EAFF34BF012000205DF8E3
:100B700008FB00BF4DF808EDFFF7E0FF94BF012030
:100B800000205DF808FB00BF4DF808EDFFF7CEFF31
:100B900094BF012000205DF808FB00BF4DF808ED70
:100BA000FFF7C4FF34BF012000205DF808FB00BF41
:100BB0004FEA410C7FEA6C5C02D150EA013C0AD159
:100BC0004FEA430C7FEA6C5C02D152EA033C02D14B
:100BD0004FF0000070474FF0010070474FEA4102AC
:100BE00012F5001215D211D56FF47873B3EB62527F
:100BF00012D94FEAC12343F0004343EA505311F0A6
:100C0000004F23FA02F018BF404270474FF0000037
:100C1000704750EA013005D111F0004008BF6FF075
:100C2000004070474FF00000704700BF4A0011D2EB
:100C300012F5001211D20DD56FF47873B3EB625236
:100C40000ED44FEAC12343F0004343EA505323FA42
:100C500002F070474FF00000704750EA013002D1B7
:100C60004FF0FF3070474FF0000070474FEA4102ED
:100C7000B2F1E04324BFB3F5001CDCF1FE5C0DD9FA
:100C800001F0004C4FEAC0024CEA5070B2F1004F44
:100C900040EB830008BF20F00100704711F0804F47
:100CA00021D113F13872BCBF01F00040704741F40C
:100CB00080114FEA5252C2F11802C2F1200C10FA10
:100CC0000CF320FA02F018BF40F001004FEAC123F4
:100CD0004FEAD32303FA0CFC40EA0C0023FA02F398
:100CE0004FEA4303CCE77FEA625307D150EA01336E
:100CF0001EBF4FF0FE4040F44000704701F000403E
:100D000040F0FE4040F40000704700BF80F000401B
:100D100002E000BF81F0004142001FBF5FEA4103D3
:100D200092EA030F7FEA226C7FEA236C6AD04FEAD3
:100D30001262D2EB1363C1BFD21841404840414018
:100D4000B8BF5B42192B88BF704710F0004F40F4CA
:100D5000000020F07F4018BF404211F0004F41F4E6
:100D6000000121F07F4118BF494292EA030F3FD0B2
:100D7000A2F1010241FA03FC10EB0C00C3F12003C5
:100D800001FA03F100F0004302D5494260EB400054
:100D9000B0F5000F13D3B0F1807F06D340084FEABF
:100DA000310102F10102FE2A51D2B1F1004F40EBB4
:100DB000C25008BF20F0010040EA0300704749001C
:100DC00040EB0000013A28BFB0F5000FEDD2B0FAB9
:100DD00080FCACF1080CB2EB0C0200FA0CF0AABFDC
:100DE00000EBC25052421843BCBFD040184370477A
:100DF00092F0000F81F4000106BF80F40000013280
:100E0000013BB5E74FEA41037FEA226C18BF7FEA56
:100E1000236C21D092EA030F04D092F0000F08BF98
:100E20000846704790EA010F1CBF0020704712F07F
:100E30007F4F04D1400028BF40F00040704712F1BE
:100E400000723CBF00F50000704700F0004343F023
:100E5000FE4040F4000070477FEA226216BF084659
:100E60007FEA23630146420206BF5FEA412390EA1C
:100E7000010F40F4800070474FF0000304E000BF12
:100E800010F0004348BF40425FEA000C08BF7047C3
:100E900043F0964301464FF000001CE050EA010287
:100EA00008BF70474FF000030AE000BF50EA01029C
:100EB00008BF704711F0004302D5404261EB410189
:100EC0005FEA010C02BF84460146002043F0B643AE
:100ED00008BFA3F18053A3F50003BCFA8CF2083AD3
:100EE000A3EBC25310DB01FA02FC634400FA02FCDC
:100EF000C2F12002BCF1004F20FA02F243EB0200E3
:100F000008BF20F00100704702F1200201FA02FC44
:100F1000C2F1200250EA4C0021FA02F243EB020037
:100F200008BF20EADC7070474FF0FF0C1CEAD0527B
:100F30001EBF1CEAD15392EA0C0F93EA0C0F6FD03C
:100F40001A4480EA010C400218BF5FEA41211ED01A
:100F50004FF0006343EA501043EA5111A0FB013106
:100F60000CF00040B1F5000F3EBF490041EAD371DB
:100F70005B0040EA010062F17F02FD2A1DD8B3F157
:100F8000004F40EBC25008BF20F00100704790F0C6
:100F9000000F0CF0004C08BF49024CEA502040EA18
:100FA00051207F3AC2BFD2F1FF0340EAC2507047DE
:100FB00040F400004FF00003013A5DDC12F1190F1C
:100FC000DCBF00F000407047C2F10002410021FA8E
:100FD00002F1C2F1200200FA02FC5FEA310040F1A6
:100FE000000053EA4C0308BF20EADC70704792F01F
:100FF000000F00F0004C02BF400010F4000F013A57
:10100000F9D040EA0C0093F0000F01F0004C02BF51
:10101000490011F4000F013BF9D041EA0C018FE7C0
:101020000CEAD15392EA0C0F18BF93EA0C0F0AD0C6
:1010300030F0004C18BF31F0004CD8D180EA0100EC
:1010400000F00040704790F0000F17BF90F0004F85
:10105000084691F0000F91F0004F14D092EA0C0F67
:1010600001D142020FD193EA0C0F03D14B0218BFFA
:10107000084608D180EA010000F0004040F0FE4040
:1010800040F40000704740F0FE4040F440007047DC
:101090004FF0FF0C1CEAD0521EBF1CEAD15392EA5B
:1010A0000C0F93EA0C0F69D0A2EB030280EA010C4B
:1010B00049024FEA402037D04FF0805343EA1111E4
:1010C00043EA10130CF000408B4238BF5B0042F142
:1010D0007D024FF4000C8B4224BF5B1A40EA0C00E7
:1010E000B3EB510F24BFA3EB510340EA5C00B3EB19
:1010F000910F24BFA3EB910340EA9C00B3EBD10F07
:1011000024BFA3EBD10340EADC001B0118BF5FEA58
:101110001C1CE0D1FD2A3FF650AF8B4240EBC25081
:1011200008BF20F0010070470CF0004C4CEA502042
:101130007F32C2BFD2F1FF0340EAC250704740F491
:1011400000004FF00003013A37E792F0000F00F083
:10115000004C02BF400010F4000F013AF9D040EA01
:101160000C0093F0000F01F0004C02BF490011F495
:10117000000F013BF9D041EA0C0195E70CEAD1538D
:1011800092EA0C0F08D142027FF47DAF93EA0C0F74
:101190007FF470AF084676E793EA0C0F04D14B0258
:1011A0003FF44CAF08466EE730F0004C18BF31F00A
:1011B000004CCAD130F000427FF45CAF31F0004304
:1011C0007FF43CAF5FE700BF4FF0FF3C06E000BF9D
:1011D0004FF0010C02E000BF4FF0010C4DF804CDC0
:1011E0004FEA40024FEA41037FEA226C18BF7FEAD0
:1011F000236C11D001B052EA530C18BF90EA010FD2
:1012000058BFB2EB030088BFC81738BF6FEAE17060
:1012100018BF40F0010070477FEA226C02D15FEAFC
:10122000402C05D17FEA236CE4D15FEA412CE1D068
:101230005DF8040B704700BF844608466146FFE72F
:101240000FB5FFF7C9FF002848BF10F1000F0FBD11
:101250004DF808EDFFF7F4FF0CBF012000205DF80A
:1012600008FB00BF4DF808EDFFF7EAFF34BF01208F
:1012700000205DF808FB00BF4DF808EDFFF7E0FF28
:1012800094BF012000205DF808FB00BF4DF808ED79
:10129000FFF7D2FF94BF012000205DF808FB00BFDC
:1012A0004DF808EDFFF7C8FF34BF012000205DF8BE
:1012B00008FB00BF4FEA40024FEA41037FEA226C7D
:1012C00002D15FEA402C08D17FEA236C02D15FEAA9
:1012D000412C02D14FF0000070474FF001007047E1
:1012E00042000ED2B2F1FE4F0BD34FF09E03B3EB90
:1012F000126209D44FEA002343F0004323FA02F0BC
:1013000070474FF00000704712F1610F01D14202A7
:1013100002D14FF0FF3070474FF00000704700BF20
:101320007BB972B90029BEBF00204FF0004106E032
:1013300008BF00281CBF6FF000414FF0FF30FEF7E0
:10134000DFBFADF1080C6DE904CE002909DB002BED
:101350001ADB00F0BCF8DDF804E0DDE9022304B09C
:101360007047404261EB4101002B1BDB00F0AFF8FE
:10137000DDF804E0DDE9022304B0404261EB410105
:10138000524263EB43037047524263EB430300F066
:101390009EF8DDF804E0DDE9022304B0404261EB91
:1013A00041017047524263EB430300F090F8DDF8CF
:1013B00004E0DDE9022304B0524263EB43037047CB
:1013C00053B94AB9002908BF00281CBF4FF0FF31AC
:1013D0004FF0FF30FEF794BFADF1080C6DE904CE7D
:1013E00000F075F8DDF804E0DDE9022304B0704791
:1013F000D0B5FFF7EBF800220B4B06460F46FFF780
:101400003DF9FFF713FC0446FFF7BEF80022074B37
:10141000FFF734F902460B4630463946FEF776FFB1
:10142000FFF704FC2146D0BD0000F03D0000F04174
:10143000D0B500220B4B06460F46FFF71FF9FFF70A
:10144000F5FB0446FFF7A0F80022074BFFF716F95B
:1014500002460B4630463946FEF758FFFFF7E6FBDB
:101460002146D0BD0000F03D0000F04110F8012BF6
:1014700011F8013B012A28BF9A42F7D0D01A7047D1
:10148000034611F8012B03F8012B002AF9D170470C
:10149000034613F8012B002AFBD1181A01387047B4
:1014A00038B50022002304460D46FFF759FB28B942
:1014B00020462946BDE83840FFF7BABF204605F16F
:1014C0000041FFF7B5FF404261EB410138BD2DE916
:1014D000F04786468C460846089E154674461946CF
:1014E000002B40F0C1808542B2FA82F245D94AB160
:1014F000C2F1200300FA02FC954094402EFA03F357
:1015000043EA0C0C4FEA154EA8B2230CBCFBFEF8C4
:101510000EFB18CC08FB00F943EA0C43994528D987
:10152000EB1808F1FF3704D2994502D9A8F1020758
:101530002B44A3EB0903A4B2B3FBFEFC0EFB1C334C
:101540000CFB00F044EA0344A04214D92C190CF11E
:10155000FF3304D2A04202D9ACF102032C44241A76
:1015600043EA07401EB1D440002334607360BDE8F5
:10157000F0874746DDE76346F1E792BB431B012155
:101580004FEA154EAFB2200CB3FBFEFC0EFB1C3332
:101590000CFB07F840EA0343984561D9EB180CF1BE
:1015A000FF3004D2984502D9ACF102002B44A3EBE2
:1015B0000803A4B2B3FBFEFC0EFB1C330CFB07F7C5
:1015C00044EA0344A7424DD92C190CF1FF3304D24D
:1015D000A74202D9ACF102032C44E41B43EA0040C9
:1015E000C0E7C2F120039540944020FA03F12EFA9F
:1015F00003F34FEA154E9040AFB20343B1FBFEFC3C
:101600000EFB1C10190C0CFB07F841EA0041884541
:1016100022D969180CF1FF3004D2884502D9ACF107
:1016200002002944A1EB08019BB2B1FBFEFC0EFBBA
:101630001C110CFB07F743EA01439F420ED9EB183C
:101640000CF1FF3104D29F4202D9ACF102012B44CC
:10165000DB1B41EA004193E76046E3E76146F7E7B9
:101660006046A4E76346B8E7834206D916B900216D
:1016700008467CE7C6E900E0F9E7B3FA83F78FB9DB
:10168000834201D3724508D8BEEB020460EB03032A
:1016900001209C461EB9002169E73846FAE7C6E9F1
:1016A000004CF8E7C7F1200CBB400EFA07F522FA10
:1016B0000CF42EFA0CF1BA401C4320FA0CF3B8409B
:1016C0004FEA144901431FFA84FEB3FBF9F809FB02
:1016D00018300B0C08FB0EFA43EA00439A4540D938
:1016E000E31808F1FF3004D29A4502D9A8F10200AC
:1016F0002344A3EB0A0389B2B3FBF9F809FB1833BF
:1017000008FB0EFE41EA03418E452CD9611808F111
:10171000FF3304D28E4502D9A8F10203214443EAE3
:101720000040A1EB0E01A0FB02984145CE46434686
:1017300002D306D14D4504D20138B9EB020E68EB55
:101740000403002EA7D0B5EB0E0261EB030101FAF2
:101750000CFC22FA07F3F9404CEA0303C6E9003116
:1017600099E74046C5E74346D9E70000000000007E
:101770002DE9F04704468846174688B028F008FD52
:101780000A220023FFF71CFEB8F1010F06460D46A2
:1017900007D102460B46204627491FF04AF9002090
:1017A00011E07F6825483946FFF760FE70B1394681
:1017B0002348FFF75BFE48B120463A4621491FF017
:1017C00054F96FF0040008B0BDE8F087304618A364
:1017D000D3E900232946FFF7A3FD06460D46104630
:1017E0001946194A0023FFF79BFD80460F46104615
:1017F00019464EF660220023FFF792FD8246894685
:10180000104619464FF47A720023FFF789FDCDE99F
:1018100002A9CDE90623CDE9040132462B46204634
:10182000CDE9008709491FF004F9B8E7AFF300805C
:10183000005C260500000000A7E70210B8E70210D0
:10184000BBE70210C4E7021080EE3600DCE70210AE
:10185000012870B50C4607D029F0B6F916221C4BAA
:101860001A504FF0FF3070BD8A681A4B9A42F3D875
:1018700028F08EFC184D23686668A3FB053205FB33
:101880000622A468154D1B1942EBE474A0FB050267
:1018900005FB0121181A64EB01010BA3D3E9002316
:1018A000FFF73EFDEFF31184202383F31288BFF38B
:1018B0006F8F0B4BC3E900019A6084F31188BFF36B
:1018C0006F8F0020CFE700BF00CA9A3B00000000E6
:1018D00014000000FFC99A3B00CA9A3BA086010091
:1018E00050220030000000002DE9F04F85B0029238
:1018F000026E88464249C2F3C2628A5C0190B3FB21
:10190000F2F6029B3246032B4FF000033DD136A185
:10191000D1E90001FFF754FD324607468A4634A15B
:10192000D1E900010023FFF74BFD0124054647459F
:101930007AF1000A39D24FF0FF3B4FF0FF09002740
:10194000304B0134A4FB034A039332460023204664
:101950005146FFF735FD404571F10001034607F19F
:10196000010203D3A0EB080058452AD3B2F5807FCB
:1019700024D0039B5846E4184F462B464AF1000AF0
:10198000B946834617461D46DFE71BA1D1E9000192
:10199000FFF716FD324607468A4600233B211A48C8
:1019A000FFF70EFD00240546C1E701980021029AC9
:1019B00026F016FE384605B0BDE8F08F4F462B46A0
:1019C00008E0B2F5807F05D0039964184AF1000A57
:1019D0000028D5D101983946029A039326F000FEDB
:1019E000039B1846E7E700BF00943577000000002E
:1019F00000CA64D63B00000000CA9A3B0000000009
:101A0000E231031000CA9A3B0000CA9A00000000AD
:101A10002DE9F84FC04A21F0004304460D46934299
:101A20008B4620D9BD4A934201D80CD158B12246E9
:101A30002B4620462946FEF76BFC04460D46204601
:101A40002946BDE8F88FBBF1000F95A3D3E9002329
:101A500003DD95A1D1E90001EDE795A1D1E90001F0
:101A6000FEF754FCE9E7AE4A934211D8A2F1DE72C8
:101A700093420AD890A3D3E90023FEF749FC002241
:101A8000A84BFFF78BF80028D9D14FF0FF3A27E099
:101A9000A54A064621F00047934200F2B880A2F51D
:101AA0005022934200F29B8002463B4639464FF05B
:101AB000000AFEF72DFC00229A4BFEF727FC044695
:101AC0000D4600224FF0804330463946FEF720FC99
:101AD00002460B4620462946FEF7FAFE04460D460E
:101AE00022462B4620462946FEF7C8FD02460B46F5
:101AF00080468946FEF7C2FD06460F4670A3D3E92D
:101B00000023FEF7BBFD70A3D3E90023FEF700FC22
:101B100032463B46FEF7B2FD6DA3D3E90023FEF744
:101B2000F7FB32463B46FEF7A9FD6BA3D3E9002342
:101B3000FEF7EEFB32463B46FEF7A0FD68A3D3E975
:101B40000023FEF7E5FB32463B46FEF797FD66A312
:101B5000D3E90023FEF7DCFB42464B46FEF78EFD41
:101B6000804689463046394661A3D3E90023FEF713
:101B700085FD61A3D3E90023FEF7C8FB32463B464F
:101B8000FEF77CFD5EA3D3E90023FEF7BFFB3246E0
:101B90003B46FEF773FD5CA3D3E90023FEF7B6FBDB
:101BA00032463B46FEF76AFD59A3D3E90023FEF710
:101BB000ADFB32463B46FEF761FD02460B46404612
:101BC0004946FEF7A5FB22462B46FEF757FDBAF124
:101BD000FF3F02460B4644D12046294640E70022FB
:101BE000504B39464FF0010AFEF790FB04460D4674
:101BF00000224C4B30463946FEF78AFB02460B4624
:101C000020462946FEF764FE04460D4668E7474A2B
:101C100093421BD20022464B39464FF0020AFEF790
:101C200075FB002204460D46414B30463946FEF70F
:101C300025FD00223B4BFEF76BFB02460B46204680
:101C40002946FEF745FE04460D4649E702463B4657
:101C500000203849FEF73CFE4FF0030A04460D46CB
:101C60003EE7354B354E03EBCA0306EBCA06D3E914
:101C70000023FEF74BFB22462B46FEF747FB0246AE
:101C80000B46D6E90001FEF741FBBBF1000F04460D
:101C90000D46BFBF024601F1004314461D46CEE685
:101CA000075C143326A6913C182D4454FB21F93FC0
:101CB000182D4454FB21F9BF9C7500883CE4377E05
:101CC00011DA22E33AAD903FEB0D76244B7BA93F2E
:101CD000513DD0A0660DB13F6E204CC5CD45B73FFC
:101CE000FF8300922449C23F0D5555555555D53FA8
:101CF0002F6C6A2C44B4A2BF9AFDDE522DDEAD3F9C
:101D00006D9A74AFF2B0B33F711623FEC671BC3F3B
:101D1000C4EB98999999C93FFFFF0F440000F07FE9
:101D2000FFFFDB3F0000F03FFFFFF23F008003407A
:101D30000000F83F0000F0BFA8CA0210C8CA021095
:101D40002DE9F84F17469046994623F000427B4212
:101D5000DFF8E4A104460D463B4342EAD373534502
:101D600009D8464221F000438E468346064343EAA3
:101D7000D676564508D942464B4620462946FEF7B8
:101D8000C7FA04460D4616E009F1404606F58016EE
:101D90003E4303D1BDE8F84FFFF73ABE4FEAA976BC
:101DA00053EA0B0B06F0020646EAD17617D1022E53
:101DB00005D0032E0AD020462946BDE8F88F48A357
:101DC000D3E9002348A1D1E90001D8E744A3D3E92E
:101DD000002347A1D1E90001FEF798FAD1E71743A4
:101DE0000DD1BEF1000F3EA3D3E9002303DA42A1D7
:101DF000D1E90001F0E742A1D1E90001BFE7524576
:101E000024D1934218D1022E35A3D3E900230BD05D
:101E1000032E0DD0012E03D03BA1D1E90001AEE786
:101E20003BA1D1E90001D7E73BA1D1E90001A6E739
:101E30003BA1D1E90001CFE7022EC0D0032EC5D0CF
:101E4000012E4FF0000448D00025B4E75345C8D018
:101E50009B1AB3F1747F4FEA23521ADB32A3D3E902
:101E6000002327A1D1E90001FEF752FA04460D46EE
:101E7000012E21D0022E23D0002E9CD020462946B0
:101E80002BA3D3E90023FEF741FA17A3D3E90023DC
:101E9000A2E7B9F1000F01DA3C320ADB42464B46B9
:101EA00020462946FEF714FD21F00041FFF7B0FD62
:101EB000DCE700240025DBE705F100431D467AE757
:101EC0001BA3D3E9002320462946FEF71FFA02464A
:101ED0000B4605A1D1E900017EE74FF000456AE716
:101EE00059F3F8C21F6EA501182D4454FB21094077
:101EF000182D4454FB2109C0182D4454FB21F9BF6F
:101F0000182D4454FB21F93F182D4454FB21E93F7F
:101F1000182D4454FB21E9BFD221337F7CD90240E4
:101F2000D221337F7CD902C0075C143326A6913CB2
:101F3000075C143326A6A13C0000F07F00000000DF
:101F40002DE9F04FC24B21F000488DB082469845F4
:101F50008B461446049107D80023C2E900AB002247
:101F6000C4E90223002526E0BA4B984576D8049BA5
:101F7000B94D002BA8A3D3E9002338DDFEF7C6F93D
:101F8000A84506460F461AD0A5A3D3E90023FEF7BD
:101F9000BDF902460B468046894630463946FEF773
:101FA000B5F99FA3D3E900230125FEF7AFF9C4E9F2
:101FB0000089C4E9020128460DB0BDE8F08F9AA35C
:101FC000D3E90023FEF7A2F906460F4698A3D3E90A
:101FD0000023FEF79BF902460B46804689463046B1
:101FE0003946FEF793F992A3D3E90023DCE7FEF725
:101FF0008FF9A84506460F4618D089A3D3E90023D8
:10200000FEF786F902460B46804689463046394639
:10201000FEF77CF982A3D3E90023FEF779F94FF0AC
:10202000FF35C4E90089C4E90201C4E77EA3D3E90E
:102030000023FEF76DF906460F467DA3D3E9002382
:10204000FEF766F902460B46804689463046394619
:10205000FEF75CF976A3D3E90023DEE77F4B9845D2
:1020600000F2CD8021F0004773A3D3E90023394665
:10207000FEF704FB00227A4BFEF74AF9FEF7AEFDAD
:102080000546FEF791FA02460B46CDE9022362A30C
:10209000D3E90023FEF7F2FA02460B4650463946D2
:1020A000FEF734F982468B465DA3D3E90023DDE9D0
:1020B0000201FEF7E3FA02460B4606460F4650467B
:1020C0005946FEF723F91F2D05DC6A1E654B53F8B0
:1020D0002230434508D14FEA28530593C1F30A53F0
:1020E000C3EB1853102B02DCC4E9000139E04EA306
:1020F000D3E90023DDE90201FEF7C0FA06460F46E8
:1021000002460B4650465946FEF700F902460B467A
:102110008046894650465946FEF7F8F832463B4617
:10212000FEF7F4F806460F4641A3D3E90023DDE9A4
:102130000201FEF7A3FA32463B46FEF7E7F80246F5
:102140000B4606460F4640464946FEF7DFF8059A1D
:10215000C1F30A53D31A312B20DCC246CB46C4E963
:102160000001D4E900895046594642464B46FEF7E5
:10217000CDF83B463246FEF7C9F8049B002BC4E974
:102180000201BFF618AF09F10043C4F80080A06057
:10219000636001F10043E3606D420CE728A3D3E9DB
:1021A0000023DDE90201FEF769FA06460F46024602
:1021B0000B4640464946FEF7A9F882468B46024642
:1021C0000B4640464946FEF7A1F832463B46FEF72D
:1021D0009DF806460F461CA3D3E90023DDE9020162
:1021E000FEF74CFA32463B46FEF790F806460F469D
:1021F00002460B4650465946FEF788F874E71A4BDC
:10220000984533D902460B46FEF780F8C4E902012F
:10221000C4E90001A6E600BF00004054FB21F93FDD
:102220003163621A61B4D03D0000601A61B4D03DE0
:102230007370032E8A19A33B83C8C96D305FE43FD6
:102240000000002E8A19A33BC14920259A837B39BF
:10225000FB21E93F7BD90240FB21F93FFB213941BA
:102260000000E03F00D90210FFFFEF7F4FEA285542
:102270000DF13009A5F21645A8EB05514FF0030802
:102280000F46FEF7ABFCFEF78FF902460B465046B1
:102290003946CDE90623FEF739F800221F4BFEF739
:1022A000EDF90F460646FEF799FCFEF77DF902466A
:1022B0000B463046394600260027CDE90823FEF7B5
:1022C00025F80022154BFEF7D9F9CDE90A0132466F
:1022D0003B46C24608F1FF3879E90201FEF736FCB9
:1022E0000028F4D10E4B2A46214606A8019302236A
:1022F000009353461CF092FC049B0546002BBFF64E
:102300005AAED4E9002101F10043C4E90023D4E925
:10231000022101F10043C4E902233DE700007041BE
:1023200080D90210000000002DE9F74F21F000468F
:1023300080468946B6F1795FCDE90023C0F08480FC
:1023400002460B46FEF79AF904460D4600224C4B16
:10235000FEF794F982468B46204629463CA3D3E9F2
:102360000023FEF78BF93CA3D3E90023FDF7D0FF50
:1023700022462B46FEF782F939A3D3E90023FDF765
:10238000C5FF22462B46FEF779F937A3D3E9002390
:10239000FDF7BEFF22462B46FEF770F934A3D3E9C2
:1023A0000023FDF7B3FF22462B46FEF767F932A361
:1023B000D3E90023FDF7ACFF22462B46FEF75EF97A
:1023C00022462B46FEF75AF904460D46404649463A
:1023D000DDE90023FEF752F90B4602462946204666
:1023E000FDF794FF274B804689469E420ED8024651
:1023F0000B4650465946FDF789FF02460B46002022
:102400002149FDF783FF03B0BDE8F08F1F4B002487
:1024100000201D499E42224694BFA6F500151C4D82
:102420002B46FDF773FF224606460F462B465046C5
:102430005946FDF76BFF42464B46FDF767FF0246E4
:102440000B4630463946DCE700200F49DBE700BF8A
:10245000D43888BEE9FAA8BDC4B1B4BD9EEE213E11
:10246000AD529C804F7E923E9015CB19A001FA3E52
:102470007751C1166CC1563F4C5555555555A53F22
:102480000000E03F3233D33F0000F03F0000E93F5F
:102490000000D23F000000002DE9F04F1F4621F060
:1024A000004385B00446B3F1795F0D4616464FD31D
:1024B00002460B46FEF7E2F882468B4602460B4682
:1024C00020462946FEF7DAF88046894650465946A6
:1024D0003BA3D3E90023FEF7D1F83BA3D3E90023C4
:1024E000FDF714FF52465B46FEF7C8F838A3D3E960
:1024F0000023FDF70DFF52465B46FEF7BFF836A3FB
:10250000D3E90023FDF702FF52465B46FEF7B6F81B
:1025100033A3D3E90023FDF7FBFE0E9BCDE90001B9
:10252000DBB902460B4650465946FEF7A7F82EA3E4
:10253000D3E90023FDF7EAFE42464B46FEF79EF83C
:1025400002460B4620462946FDF7E2FE04460D46AC
:102550002046294605B0BDE8F08F0022264B3046C4
:102560003946FEF78BF8DDE90023CDE9020140464C
:102570004946FEF783F802460B46DDE90201FDF706
:10258000C5FE52465B46FEF779F832463B46FDF7FC
:10259000BDFE06460F464046494615A3D3E9002333
:1025A000FEF76CF802460B4630463946FDF7AEFEA4
:1025B00002460B4620462946FDF7A8FEC6E700BFA7
:1025C0007CD5CF5A3AD9E53DEB9C2B8AE6E55A3EBD
:1025D0007DFEB157E31DC73ED561C119A0012A3F59
:1025E000A6F810111111813F495555555555C53F54
:1025F000495555555555C5BF0000E03F0000000046
:102600002DE9F04F994621F00046D74B89B082461C
:102610008B469E429046129F029157D8FEF7DEFAF3
:102620000546002878D17B1C51460B4333430CD11F
:10263000524633460020CD49FEF74AF982468B4682
:102640005046594609B0BDE8F08F012FF8D04246F8
:102650004B4650465946FDF75BFE02460B460F4679
:102660000020C349FEF734F92E462C46CDE900017F
:10267000DDE90023304652461D4639465B46FDF7EC
:1026800045FE02460B4640464946FDF73FFE3246B0
:102690002B46FDF7F3FF324682468B462B463046EB
:1026A0003946FDF7EBFF0022B04BFDF731FE024645
:1026B0000B4650465946FDF72BFEDDE90023FDF79A
:1026C000DDFF22462B46FDF723FEB7E7A94B9E42CE
:1026D00022D9029B002B05DA01F100439B4609F148
:1026E0000043994652465B4681A1D1E90001FDF7BE
:1026F0000DFE04460D4642464B464FF000084FF093
:1027000000097DA1D1E90001FDF700FE22462B461C
:10271000FDF7FEFD82468B4652465B4650465946C3
:10272000FDF7ACFF02460B46CDE90023FDF7A6FFFF
:1027300004460D4650465946DDE90023FDF79EFF4D
:102740006FA3D3E90023CDE9040120462946FDF714
:1027500095FF6DA3D3E90023FDF7DAFD22462B4652
:10276000FDF78CFF6AA3D3E90023FDF7D1FD2246D4
:102770002B46FDF783FF68A3D3E90023FDF7C8FDCF
:1027800022462B46FDF77AFF65A3D3E90023FDF728
:10279000BFFD22462B46FDF771FF63A3D3E900235B
:1027A000FDF7B6FDDDE90023FDF768FF60A3D3E97F
:1027B0000023CDE9060120462946FDF75FFF5EA311
:1027C000D3E90023FDF7A4FD22462B46FDF756FF73
:1027D0005BA3D3E90023FDF79BFD22462B46FDF7C3
:1027E0004DFF59A3D3E90023FDF792FD22462B4666
:1027F000FDF744FF56A3D3E90023FDF789FD2246E8
:102800002B46FDF73BFF54A3D3E90023FDF780FDE2
:1028100002460B46DDE90601FDF77AFDDDE90423FA
:10282000FDF72CFF42464B46FDF772FDDDE9002324
:10283000FDF724FF42464B46FDF76AFD04460D4670
:1028400047A3D3E90023DDE90401FDF717FF224682
:102850002B46FDF75DFD0B460246CDE900015046D3
:102860005946FDF755FD434B04460D469E4240F246
:1028700083803846FDF798FE2246804689462B46DF
:1028800020462946FDF7FAFE06460F4642464B46CD
:1028900020462946FDF73CFD02460B4630463946A8
:1028A000FEF716F8DDE90023FDF730FD02460B4682
:1028B00050465946FDF72AFD02460B46FDF728FD16
:1028C00002460B4640464946FDF720FD029B044662
:1028D0000D464FEAA37A0AF0020ACAF10100FDF799
:1028E00063FE02460B4620462946FDF7C7FEA5E6D5
:1028F000182D4454FB21E93F075C143326A6813C84
:10290000D47ABF74702AFB3EE9A7F0320FB8123FA9
:1029100068108D1AF726303F1583E0FEC8DB573F5D
:1029200093846EE9E326823FFE41B31BBAA1AB3F1D
:10293000735360DBCB75F3BEA69237A0887E143F3D
:102940000165F2F2D844433F280356C9226D6D3F1A
:1029500037D60684F464963F7AFE10111111C13FF8
:10296000635555555555D53FFFFF2F3E0000F03FAD
:102970000000F0BF2794E53F012F33D04FF000084F
:10298000894602460B46002018494446CDE9028993
:10299000FDF79EFF52460F465B4606460D464046F3
:1029A0004946FDF7B3FC02460B46DDE90001FDF7A1
:1029B000ADFC42463B46FDF761FE424682468B46F1
:1029C0003B4640464946FDF759FE0022084BFDF7BD
:1029D0009FFC02460B4650465946FDF799FC32468D
:1029E0003B466CE682468B462AE600BF0000F0BFFD
:1029F0000000F03F70B5584BADF5107D022002A9E4
:102A00001B688F934FF0000301F024FB044668B16C
:102A1000014652481DF0B4F84F4B1A688F9B5A403C
:102A20004FF0000300F0948027F050FB0146102384
:102A3000029807AA1DF087FC044610B101464848D9
:102A4000E8E79DF82330012B05D142F24133BDF870
:102A500028209A4205D043481DF092F86FF01504E3
:102A6000DAE79DF82A30099EDB072CD528F0ACF870
:102A70003D4B185827F0A8F83C49FEF7F7FC10BB6F
:102A800003F0D4FD3A4D21461DF03EFF204601F0F3
:102A9000B7FFAE68336D1BB10421284604AA9847DE
:102AA0004FF47A70002127F064F9049B002BF1D0D9
:102AB00003F0BCFD04232F4A0093126801232C4924
:102AC00004F04AFCA8E79DF82A5015F002050AD048
:102AD00029482A4B816898474FF0FF314FF0FF306B
:102AE00027F047F9F8E729464FF404720BA827F0BE
:102AF00050FD234BCDE904550C93224B22490D93F5
:102B0000224B03AA0E93224B0BA8CDE98C3601234E
:102B10008DF8103004AB069507F04CFF054628B140
:102B200001461C481DF02CF82C4675E703980F4908
:102B3000843007F011FF014628B917481DF020F82E
:102B40006FF0010468E72A46039807F0EFFF63E798
:102B500020460DF5107D70BDC823033014E002102F
:102B600036E0021054E00210100000006BE002108A
:102B70004CAF021028CB0210680B003011000F1070
:102B8000E52102100F220210B0E0021023220210F1
:102B900000000F1070E002108EE002107FB50BAB4A
:102BA00005930393054B0222029300231846CDE9B7
:102BB000003300F0BDFF07B05DF804FBBBE002107E
:102BC0002DE9F04F93B00093944B03921B6811933F
:102BD0004FF00003039B840703F004030293039B5D
:102BE0000546C3F3C20303F101030E46DDF870800E
:102BF000059340F0C481041D68B1072910D86FF017
:102C00001B00864B1A68119B5A404FF0000300F0DE
:102C1000B98127F05BFA01F007063444C6F10806D3
:102C2000009B4FF000094FF0040A591E4FF0FF338C
:102C30004F460193CB465346CDF810900DB1009A04
:102C400022600598002800F3EF807548009A8242C0
:102C500003D374488242C0F0E780039AA4EB050EC8
:102C600092074FEA9E0000F10A810F2F00F2B18017
:102C7000002D00F00C8107F148020DEB020C019AC7
:102C80000CF8240C0CF8142C049801300490EEE09D
:102C90007A285DD84B280ED8472859D829282DD80E
:102CA000252852D054D820287AD02338D0F1000BD0
:102CB0004BEB000B74E04C382E2849D8DFE800F0CD
:102CC0007048484848484848484848484B48484859
:102CD000484848484859484B4B595959704B6D48DA
:102CE0007048184B184848827F4B48484B487F0033
:102CF00000204FF0000B4FF0040A38E001222A3880
:102D0000C0B202FA00F010EA0E0F49D110F0625C76
:102D10002FD110EA020B43D06046013C5444B4FB6F
:102D2000FAF40AFB04F4002D61D0A3EB050CA444D3
:102D3000B4453FF664AF002868D1042B47D158F85A
:102D4000043B2360042304342AE0019A013A0192EF
:102D50004FF0000B24E011F8010C6C2834D1002056
:102D600011F8023C83466C2BC5D14FF0080A53463C
:102D7000D3E708F1070828F00708073424F0070410
:102D8000F8E802AB35B106982044B0423FF637AFC1
:102D9000C4E900AB4FF0000B08344FF0080A53466B
:102DA00011F8010F00287FD0BBF1000F7FF470AF46
:102DB0002528F5D14FF0010B019B013301934FF012
:102DC000040AECE7584694E700208346A5E7082B61
:102DD00002D06FF0150014E708F1070828F0070883
:102DE000F8E80223C4E9002308230834D8E768B9C7
:102DF000042B02D108F10408A4E7082BE9D108F15B
:102E0000070828F0070808F10808EDE7059A013AD5
:102E1000059258F8042B009210E700BFC823033036
:102E2000DCAB021068330310039A900720D54FF0F3
:102E3000010CA4EB050E4FEA9E00BEF5007FC8D240
:102E40000F2FC6D8F5B107F148020DEB020E019A1B
:102E5000C0B20EF8240C0EF8142CBCF1000F3FF495
:102E600013AF60F07F000EF8240C09F1010901375F
:102E7000C5F108024FF6DA7E0434069290E74FF06F
:102E8000000CDAE7BCF1000F01D00136EFE7029841
:102E900002360028EBD10098CDE90631FEF7F8FAAA
:102EA000DDE906310644E2E7631BB3F5806F90D29B
:102EB0001DB9A6F10804E018A3E6029A9B08286051
:102EC0002B709DF81030C2B1EB7085F80290B9F10B
:102ED000000F05D0002209A8C5F1010C97420ED1C0
:102EE0004FF0000AC5F101030DF1240801930DF123
:102EF000340B574512D1601B83E66B70E5E710F881
:102F0000013B190608D50CEB040EB64503F07F0310
:102F10003FF675AE04F8013B0132DFE7B9F1000F6F
:102F200003D098F90020002A17DB029BD3B11AF8CE
:102F30000B2004F8012B0022019B18191044B04209
:102F40003FF65DAE98F80000009904F8010B2046AA
:102F5000039227F0F7FA039A14440AF1010A08F1E0
:102F60000108C6E798F8002055F822300093029B2C
:102F7000009845F82230FEF78BFA421CDCE76FF030
:102F80000D003EE613B0BDE8F08F00BF2DE9F04F15
:102F90009DB00A93DDE926B30B939B4B04461B6857
:102FA0001B934FF00003CBF3C0031646884690F8FE
:102FB00002A00D9341B9457800780AEB80002044C7
:102FC00045451CD8A0EB0408E3780C93BAF1000F38
:102FD00002D01BF0010F1BD10C9B002B3FD11EB167
:102FE000414620460A9AB0474546874B1A681B9BC4
:102FF0005A404FF0000300F0888127F067F8471C23
:103000003846FEF745FA0130384408F10108D7E7A1
:103010002278636807920993079B92000E9204EB53
:103020008301002E40F0E7800F460026454601EB65
:103030000A08474522D017F8013B079154F82300AE
:10304000FEF726FA0B9B0799013033B1289B9E426D
:103050003EBF0B9B23F8160001360544E9E71BF041
:10306000020FBCD023781F4607939B000E93636822
:1030700004EB87010993002E56D145461BF0050F3E
:1030800001EB0A070CBF4FF0020A4FF0010A0C9B3C
:1030900007EB43090BF0020307934F45A5D017F840
:1030A000021B17F8013C54F82380584B984502D373
:1030B000574B984519D30D9B23B309981CF037FD46
:1030C00000B35448036813F0060F0CD0099B049119
:1030D0000393514B01460293002302221846CDE987
:1030E0000033FFF75BFD023DD7E70D9B23B1099845
:1030F0001CF01DFD0028E4D11BF0010F05D1A5EB4C
:103100000A05CAE7079B002BC7D04046FEF7C0F967
:103110000B9B3BB1289B9E423FBF0B9A431C22F85E
:10312000163001360544B8E7BAF1000F67D01BF03E
:10313000040767D057464FF0000917A85246089178
:1031400027F000FA089901EB0A0308930C9B0C9AEC
:103150005B001093089B03EB42030F930BF00203F9
:1031600011930F9B089A934258D163781BF0020F7A
:1031700018BF002103EB090208BF79081BF0010FFB
:10318000D2B240F094801BF0040F14BF38460020E8
:103190006270A070E17020460A9A0E990993B047B8
:1031A000051EFFF622AF079B39462370099B0A9A3A
:1031B00063700C9B84F802A0E37017A8B047071E49
:1031C000C0F29F800E9BA8EB0A01C91A109B0A9AB5
:1031D0000898C91AB0470028C0F295804FF000083F
:1031E0002F443D180DF14C0BC14562D800210A9ABD
:1031F0000846B047F9E6D146002713A89EE7574690
:10320000D146A0E7B9469EE7C8230330DCAB0210E5
:10321000683303102C0A0030BBE00210089B13F83F
:10322000021B13F8015C089354F82520394B9A428D
:1032300002D3394B9A4217D30D9B23B109981CF046
:1032400076FC00288DD1119BCBB907F170037A1C55
:103250000DEB03001CAB023753FA82F200F8141C8A
:10326000FFB202F8145C7CE70D9B2BB109981CF0AF
:103270005EFC00287FF475AF1BF0010F0AD009F146
:10328000700309F101020DEB030909F8245C5FFAF0
:1032900082F966E71BF0040F3FF463AF07F1700398
:1032A0007A1C0DEB030707F8145CD7B259E700202E
:1032B0006EE718F80B3054F823A08DF84B300B9BB9
:1032C000EBB1289B98451AD20B9B33F8187001215B
:1032D0000A9A0DF14B00B047002814DB054427B9CA
:1032E0005046FEF7D5F8471CBFB2394650460A9AF9
:1032F000B047002807DB054408F1010874E7002700
:10330000E5E73D4671E605466FE628461DB0BDE897
:10331000F08F00BFDCAB021068330310014B186064
:10332000704700BF5803003070B50446044E45187E
:10333000AC4200D170BD336814F8010B9847F7E731
:103340005803003080B505460E461746984619F0DA
:103350004BF8034627F038FC0446DFF81890424645
:1033600049F8003039463046A84754F8090005F0BE
:10337000F7FC00BF1000000000B5162227F024FC67
:10338000024B1A504FF0FF305DF804FB14000000B0
:103390000F2800B508D927F017FC0922074B1A504F
:1033A0004FF0FF305DF804FB3022054B02FB003389
:1033B000D3E8AF3F002BEED00020F3E7140000006D
:1033C000640300303023434330B50D4908330B44C8
:1033D000D3E8AF2F92B1541ED3E8EF5F954204D1EA
:1033E000C3E8EC4FBCF1000FF6D1F1D1012A05D1B1
:1033F0003023584300230A180B50536030BD00BFE0
:103400005C03003038B504461546FFF7C1FF0028BD
:103410000BDB094A59B1302303FB04235B688B4261
:1034200005D027F0D1FB054B1D50002038BD3023BF
:103430005C431059FAE700BF5C0300301400000041
:103440002DE9F041184E90461F460024354633685A
:10345000984202D1736899420BD00134102C06F1C6
:103460003006F4D127F0B0FB17224FF0FF340F4B9A
:103470001A502046FFF78CFF002812DBB8F1000F2E
:1034800005D0302101FB04510C31C8F8001017B9E8
:103490000120BDE8F081302303FB045520353D6059
:1034A000F6E70020F5E700BF5C03003014000000E1
:1034B00038B504461546FFF76BFF00280DDB3023B7
:1034C0006343074AD0184068086015B10C331344B1
:1034D0002B6030235C43105938BD0020FCE700BF4F
:1034E0005C03003070B500254FF0FF334FF0FF3222
:1034F00018481CF065FB184BD3E8AF2F82B101359B
:10350000102D03F13003F7D127F05EFB17224FF0A7
:10351000FF35124B1A500F481CF054FB284670BD63
:1035200030246C43D3E8EF0F0130C3E8E10F0029EA
:10353000F8D10B4E331932515A609A6204F10C00E3
:10354000304426F0D5F804F12000304426F02FFB5B
:10355000E1E700BF940B003064030030140000006A
:103560005C0300302DE9F0413024164644430F4AF5
:10357000101911514660C362B6B1F368A3B127F0C8
:1035800023FB0B4F0C3450F807801319054640F20B
:10359000051230461CF003FBB8F15F0F04D0EB5965
:1035A0005F2B08BF45F80780BDE8F0815C03003061
:1035B00014000000F8B50546FFF7EAFE002824DBFA
:1035C00030246C43124F04F10C063E444FF0FF329E
:1035D0004FF0FF3330461CF0F3FA3A1953689B68FA
:1035E0008BB1D26A385912F4404F0AD02946984715
:1035F000044630461CF0E6FA2846FFF7E3FE204674
:10360000F8BD9847F4E71C46F3E74FF0FF34F6E7C0
:103610005C0300302DE9F84340F26C73446905699E
:10362000E1170135E41841F10001022D8CBF0023A0
:103630000123E41AC76861F100010029064607F179
:10364000FF374EDA6FF4C7704FF4C87200232018AA
:1036500061F10001FDF764FE244B4FF03C0E03FBCB
:103660000044D6E900834FEAE37C99466346022D85
:1036700002468CBF6FF002000920B6680544C6FB05
:103680000E93A9FB0EC60EFB036640F26D1E992039
:10369000A3080EFB04333B44642745430520B4FBD9
:1036A000F7F40235B5FBF0F51B1B114C1CEB080CB5
:1036B000A2FB042004FB01012B4446EBE87698189A
:1036C0000C4A41F1000380180B4A63F10003A0FB90
:1036D000020102FB031110EB0C0041EB0601BDE8F7
:1036E000F8834FF4C87200232046B3E770FEFFFF53
:1036F000B13A02009405F5FF8051010010B5FFF7C3
:1037000089FF0024024627F05FFA0B460249445025
:103710001046194610BD00BF14000000094B4FF0C1
:10372000A0420B44B3FBF1F3013BDBB2082B28BFF3
:1037300008230020C2F8A804C2F8AC340123C2F860
:10374000A83470477FD1F0082DE9F84F8146304802
:103750000F461CF0B4FC064670B92E4C0546A04638
:103760004FF0010ADFF8B0B05C4507D3B9F1000FA4
:1037700002D04FF0010AFDB9BDE8F88F237B83B179
:103780002368DB680BB120469847636883F806A07E
:1037900023681B6943B963680422204619681CF03A
:1037A000C1FC01361034DFE7204698470028F2D0EC
:1037B0000AFA06F31D43F4E7A94695FAA5F4B4FA0C
:1037C00084F40AFA04F3260108EB04146FEA030BED
:1037D00025EA0305237B63B158F806301B698BB9D2
:1037E0004644736804222046196809EA0B091CF054
:1037F00099FC002DE1D11FB16420002126F0B9FA17
:103800004D46B8E7204698470028F2D1E8E700BFC8
:1038100018620030D4B90210E4B9021008B50346AA
:1038200008462BB1044A136000F0FEFB002008BDDF
:103830006FF01500FBE700BF5C06003000230D4A67
:1038400010B513700C4A4FF47A7113600B4A0C4890
:103850001360FFF7E3FF00F095F80A4B0A4918469A
:103860008B4200D310BD1A1A5C681211013222710A
:103870001033F5E7AE8E0030106200301462003075
:10388000AF000210D4B90210E4B9021070B50B4DAC
:10389000297841B90120FFF757FF094C094EB4427E
:1038A00002D301232B7070BD63685B791BB1236861
:1038B00020469B6898471034F1E700BFAE8E003079
:1038C000D4B90210E4B90210014B1868704700BF68
:1038D0001462003010B5044606481CF0F0FB3CB101
:1038E000054BD3E8EF1F0139C3E8E21F002AF8D1E6
:1038F00010BD00BF10620030146200302DE9F041AD
:10390000164B05461B689847154CDFF85880A86091
:10391000444501D3BDE8F08163685B793BB1297808
:103920004B0706D52368294620461B689847103464
:10393000EEE728462E88C1F3C20700F0D9F9C6F396
:1039400082160246002EEDD00028EBDB012339461B
:10395000204600F0C7F8B042E9D3E3E75C06003048
:10396000D4B90210E4B90210044A054B9B1AB1EB1A
:10397000D30F34BF52F831000020704774B80210E2
:10398000D4B9021000210B480B4B30B51B1A0B4C5D
:10399000DB080430994200D130BD10F83120256891
:1039A00002F0070225F007052A4344F8042B0131F1
:1039B000F0E700BF74B80210D4B90210280A003032
:1039C000F8B5064600240A4F0A4DED1BED08AC423F
:1039D00003D14FF0FF342046F8BD57F8340020B132
:1039E0003146FDF743FD0028F5D00134EFE700BF75
:1039F00074B80210D4B9021000282DE9F0478846A7
:103A000015461F461DDA4FF0000A5446DFF8909025
:103A1000244EA6EB09063609B24509F1100902D178
:103A20002046BDE8F08759F80C0C3B462A46414633
:103A30000079FFF7E1FF844238BF04460AF1010A2A
:103A4000EAE7194B194AD21AB5EBD20F26D203EB8B
:103A5000C5031C79BC4228BF3C460722144EC0B2A5
:103A600000EB400056F82530824023EA020304F0C0
:103A70000702824013430021032223FA02F000F0E0
:103A80000700814202F1030238BF01461E2AF4D129
:103A900023F007030B4346F82530C1E70024DCE799
:103AA000D4B90210E4B9021074B80210D4B90210EB
:103AB000280A0030F8B506460F460024074D084B8B
:103AC000ED1AED08AC4200D3F8BD002122B23B460E
:103AD000304601341CF018FBA4B2F3E7D4B902104D
:103AE00074B8021070B14168097973B1002A17DB0C
:103AF000CBB20C4903EB430351F82200D84000F04D
:103B0000070070474FF0FF31EFE707490748401AB9
:103B1000B2EBD00F3ABF01EBC201087918467047EB
:103B200004207047280A003074B80210D4B902107B
:103B30002DE9F04F87B093462F4A04AF0446D7E9EA
:103B40000EA90E46984612687A604FF000023D6B4F
:103B5000BAF1000F27D0C7F80090CDF800901021DF
:103B6000534600207A6BFFF72BF8B0F5006F014643
:103B70001AD322490B6813F0060F0BD040F2FF73E3
:103B800003931F4B0222029300231846CDE9003312
:103B90001CF04BFB184B1A687B685A404FF000032F
:103BA00026D026F093FA514604F007040BF0070BD9
:103BB000E40044EA8B1444EA412444EA05541735EE
:103BC0000D4425F00705ADEB050D04ADBAF1000F6E
:103BD00007D0CDF8009053467A6B05F11000FEF740
:103BE000EFFF43462246314628461CF0CEFAD1E785
:103BF0000C37BD46BDE8F08FC8230330680A00309B
:103C0000A4E102102DE9F04FC1F34A2691B00D4610
:103C10009046079008930C0D002E5AD000274FF0C5
:103C2000040B4FF00A0A0BAB01933A460DAB314639
:103C30004046CDF808B0CDF800A0CDE90D770F973C
:103C4000FFF7A4F9B0F5006FB146034616D3254936
:103C50000B6813F0060F0ED040F2FF730493D8F8F0
:103C6000043002220393204B3846CDE901730097BC
:103C70003B461CF0DAFA11B0BDE8F08FC0F30A063B
:103C800004F11700184420F00700800809931CF085
:103C900037FA66F35325044680B1099B00F1100101
:103CA000CDE90E370BABCDE900A30D914046494657
:103CB0000E4ACDF808B00DABFFF768F966F353254F
:103CC0002A462046089B079911B0BDE8F04F1CF02A
:103CD0005CBA04F1170020F0070080081CF010FA0D
:103CE0000446EBE7680A0030DCE102105F010210D5
:103CF000406820B1034BC01A40F38F0070474FF06B
:103D0000FF307047280A00300EB403B503AB53F8F8
:103D1000042B01460448019305F028F902B05DF830
:103D200004EB03B0704700BFA5020210CA0605D419
:103D30008B064CBF02490349FFF7E6BF704700BF3F
:103D400079EA02101BE202102DE9F04F87B09DF8CE
:103D5000446004460D4690469946002E00F0A2802D
:103D6000159B03F0020A03F001030493159B03F073
:103D7000080B03F4807305931CF0C4F90246002875
:103D80003DD020469449FFF7BFFF0746BAF1000F28
:103D900009D0159B13F0440F33D12A4620468F4992
:103DA000FFF7B2FF0744049B53B18D4B204653F8F5
:103DB00026208C4B8C49002A08BF1A46FFF7A4FF27
:103DC000059B002B49D0BBF1000F64D1B8F1000F67
:103DD00066D0424620468549FFF796FF0546129B6E
:103DE0003D44002B6DD1149B002B73D1159BDB0739
:103DF00000F1EB8020461599FFF798FFD8E00746C1
:103E0000C4E77B4B18680028CCD07A4B4FF47A7A01
:103E10001B684FF03C0CB5FBF3F5B5FBF0F14FF42C
:103E2000616300FB11550AFB05F5B1FBF3F2B5FB2D
:103E3000F0FE03FB121100FB1E55B1FBFCF30AFB65
:103E400005F5B5FBF0F50CFB131120460091CDE90B
:103E500001E56949FFF758FFA4E7BBF1000F1DD04A
:103E6000664B204653F826206549FFF74DFF05466F
:103E7000B8F1000F05D0424620465C49FFF744FFE9
:103E80000544B9F1000FAAD04A4620465D49FFF724
:103E90003BFF0544A3E74FF00009E1E75D46E7E794
:103EA00045469CE7B9F1010F129B06D1002B66D164
:103EB000149B002B7CD000250CE0002BF8D052483E
:103EC0005EE05248129B224651491BF0FFFD149BB5
:103ED000002B6AD0DFF83C81DFF83C91149F20462C
:103EE000102F159928BF10274FF0000BFFF71EFF6A
:103EF0005D4547DC139B494620461A78FFF704FFCF
:103F00004FF0010B1BF0070F03D141462046FFF78E
:103F1000FBFE5F453DD9139B4946204613F80B2015
:103F2000FFF7F2FE0BF1010BBBF1100FEAD14FF0DE
:103F3000000A20463949FFF7E7FE5246DFF8E0B0B5
:103F4000139B20469A5CA2F120015F2928BF2E22F4
:103F50005946FFF7D9FE0AF1010ABAF1100F1DD038
:103F60001AF0070F03D141462046FFF7CDFE574513
:103F70005246E5D841462046FFF7C6FEEBE7234808
:103F800035469FE741462046FFF7BEFE0BF1010B89
:103F9000AEE720462349FFF7B7FEC3E7139B3B4438
:103FA0001393149BDB1B149398D1002E7FF41EAF48
:103FB0006268A168D2E9002320681CF065F900223C
:103FC00063681A6007B0BDE8F08F2046054A0649CD
:103FD000FFF79AFE0EE700BF23E2021027E202106D
:103FE00050CB02101EE2021093EC02104CE20210C1
:103FF000206200301C62003030E2021064CB0210FC
:1040000050E2021056E20210C1020210A502021094
:104010006D8F001063E202105BE2021065E2021095
:1040200079F3021061E2021000210123064A904256
:1040300006D8064A01B901231360054B1860704782
:10404000012140085B00F2E740420F001C62003093
:104050002062003070B5104B0D461C68B4B10F4B98
:10406000196800238B4202DB6FF0010070BD22460D
:1040700012F8106B864202D014460133F2E7E06872
:1040800025F02CF928B100202C60EFE76FF00C0030
:10409000ECE76FF01200E9E76006003078CB021021
:1040A000F0B40C4B0C4E5F6A0C4BB34203D36FF071
:1040B0008500F0BC70475D68BD4209D31C693CB106
:1040C00095F802C00579AC4502D12346F0BC1847EB
:1040D0002433EAE724620030840F0030600F0030A0
:1040E0002DE9F04705460E461746124CDFF848808A
:1040F000DFF84890444503D36FF08500BDE8F087B2
:104100006268D9F824309A4212D3A36983B19078B7
:104110002979884205D13A4631462846BDE8F0471C
:1041200018475279012A03D13A4631462846984722
:104130002434DFE7600F0030840F00302462003049
:104140002DE9F04105460E4617460A4CDFF8288057
:10415000444502D36FF0850009E063690BB924344C
:10416000F6E73A463146284698470028F7D1BDE899
:10417000F08100BF600F0030840F00300022024B3E
:104180001A605A60704700BFDF62003070B50B4B99
:104190000B4CA34201D3002070BD0022196A1E7F80
:1041A0000439D5B2AE4201D82433F2E7013211F816
:1041B00032508542F5D10120EEE700BF600F00309C
:1041C000840F003008B509480378C3F341130A335C
:1041D00050F823303BB100F1080200F1100198477C
:1041E000C043C00F08BD1846FCE700BF2462003082
:1041F00010F0700F1FB511D00D490B685B0709D087
:104200000C4B03900293002301221846CDE90033A2
:104210001CF0AEF8002005B05DF804FB00F07F0351
:1042200010F0800F4FF0010018BF10339840F2E7F4
:10423000D00A003087E2021030B585B0054611F093
:10424000B9F910F1780F04461AD117490B6813F029
:10425000060F09D0154B022202930023039518463E
:10426000CDE900331CF084F82846FFF7C1FF104A5F
:104270000024D2F8C43023EA0003C2F8C4300FE0AF
:104280000028F1D008490B685B0709D0094B0122CF
:104290000293002303951846CDE900331CF068F81B
:1042A000204605B030BD00BFD00A0030A2E20210A7
:1042B00024620030C3E2021004282DE9F74F0446BF
:1042C0000F46DFF8989015D001282FD1DFF89080A5
:1042D00098F8B93053B300F0B1FF224D4D4522D2CA
:1042E0004FF0000A2A6A2B7F5FFA8AF6B34204D89D
:1042F0002435F3E7FFF742FFE8E702EBC606307923
:10430000019211F057F983463079FFF771FFD8F821
:10431000C430BBF1000F23EA0003019AC8F8C4308F
:104320000AF1010ADFDA002388F8B9300D4D4D4556
:1043300008D30B4B1B6A6BB13946204603B0BDE86E
:10434000F04F1847EB681BB13A462146284698477C
:104350002435ECE703B0BDE8F08F00BF840F0030D8
:1043600024620030600F003070B5C4B286B06306BE
:104370000D468DF8174007D02046FFF707FF00B322
:104380001C4B93F8BA00E0B11B491A4E0B6803F0BE
:104390000703C5B1022B09D9184B0322029300234E
:1043A00003941846CDE900331BF0E2FF9DF8170097
:1043B00010F098FFF3691BB108200DF11701984721
:1043C000012006B070BD022B09D90D4B0322CDE9A7
:1043D000015328462B46039400951BF0C9FF9DF816
:1043E000170010F0BDFFF369002BE9D009200DF193
:1043F0001701E4E724620030D00A0030E5E2021041
:10440000F8E2021070B50446807886B08DF810008E
:10441000237962793A4D43EA0223ADF81230E3780A
:1044200003F003038DF81430FFF7E2FED5F8C43033
:10443000064618420CD0A478204600F0E1FE204643
:10444000FFF7FAFE25F0B7FB10B9962025F0B9FC6E
:1044500004A810F085FE10F1780F31D129490B68BE
:1044600013F0060F0BD09DF8103002220393264B59
:10447000029300231846CDE900331BF079FF9DF825
:10448000100011F025F810F1780F2ED11D490B689E
:1044900013F0060F0BD09DF81030022203931B4B34
:1044A000029300231846CDE900331BF061FF012081
:1044B000D5F8C43085F8B9003343C5F8C43012E0EC
:1044C0000028DCD00F490B685A070BD09DF810303C
:1044D00003930F4B0293002301221846CDE90033CA
:1044E0001BF046FF002006B070BD0028DFD0054954
:1044F0000B685B07F6D09DF810300393054BE9E796
:1045000024620030D00A00300DE3021054E30210A0
:1045100030E3021074E302102DE9F047924D044697
:10452000AB690E461746C3B9207800F01F0001287A
:1045300076D0022800F0DC8000BB94F900103A68C5
:10454000002963782EDA062B0CD0082B25D0ABB9C6
:10455000537001231370022303E198470028E3D12D
:1045600000200DE06388190A0A1F012A8C4605D92C
:10457000072903D8DAB26B6A1C781CB96FF01500F2
:10458000BDE8F0875D78654503D1824200F0E480A4
:1045900001302344F0E71B78E3E095F8BA3013705C
:1045A0000123DEE0052B11D0092BE7D163886E6A69
:1045B000002B32D1FFF7E2FD638885F8BA30EB6952
:1045C000002BCDD0032069499847C9E7A07810F0A7
:1045D00075FD0028C4D0D1E77378042B10D0052BCB
:1045E00011D0022B04D177796388BB4208BF012028
:1045F00033781E443378002BEED10028BED0D9E7A3
:1046000096F80380F4E76388BB42F1D1B8F1000F5C
:10461000EED13046FFF7F6FEEAE7FF27B846E9E7B6
:1046200095F8BA30D7F800C0002BA7D06F6AA288DF
:104630003B4694F804E0187800289FD05978022966
:1046400004D193F80480F04500F292800344F2E72D
:104650008CF800308CF80130316081E71F4493E022
:104660000B2B8BD100264FF0FF08B246C14606E067
:104670007B78042B0FD0052B21D03B781F443B784F
:10468000002BF5D1EB6913B1514607209847002E56
:104690007FF466AF72E797F80280A38897F80390DB
:1046A0009845EAD163889945E7D1B8F1070F1CD83E
:1046B00005EB0803BA46012683F8BB90DDE7A38823
:1046C0004345DAD1A3784B450AD0BE78304600F096
:1046D00097FD3046FFF7B0FDB0FA80F67609CCE7DB
:1046E0003846FFF78FFE0646C7E7BA460026C4E7FE
:1046F00094F900206378002A18DA002B7FF43EAF8B
:1047000024793F6863060AD02046FFF73FFD002862
:104710003FF434AF95F8BA30002B3FF42FAF394651
:10472000204610F08DFE00237B7014E7012B08D08B
:10473000032B7FF423AF6388002B7FF41FAF01218D
:1047400003E0618800297FF419AFA088FFF70CFE11
:1047500000287FF405AF11E702293B607FF41BAF0F
:104760005B883360FCE600BF24620030DE6200300C
:1047700094F9000063780028BFF672AF002B3FF475
:1047800067AF0A2B7FF4FAAE3B78002B3FF4F6AE0E
:10479000797804297FF462AFB9788A427FF45EAFFA
:1047A000072A8EBF0023521992F8BB308CF80030D4
:1047B000F6E600BF70B5164D95F8B830FBB110F0B5
:1047C0004DFC002822DB00F039FD0024D5F8C43070
:1047D000E6B2E340DA0714D4D5F8C43004F110028D
:1047E000D340DB0705D546F08000FFF725FD002804
:1047F0000CDB0134102CE9D1002385F8B8300020FF
:1048000004E03046FFF718FD0028E5DA70BD00BF70
:10481000246200302DE9F04F05468B469846042669
:104820004FF0000A87B0DFF84890124F05924346D8
:1048300059462846059A10F00DFF10F10B0F04465B
:1048400012D1D9F8003013F0060F09D0002302224C
:1048500049461846CDE90275CDE900AA1BF088FD4E
:1048600017F01AFD013EE2D1204607B0BDE8F08FF7
:10487000D00A003095E3021013B5164C237DF3B92E
:10488000E26801AB8020A1680192FFF7C3FF019AA3
:10489000A3681344A360E3689B1AE3606BB962B139
:1048A0002369E2889A4208DD94F8C82093FBF2F16C
:1048B00002FB11330BB90123237502B010BD002395
:1048C00080201A461946237502B0BDE8104010F04A
:1048D000C1BE00BF24620030002330B589B002465B
:1048E0000D460593002864D1002941D10B460822CA
:1048F00006A921F0F6FD002804DA802010F0F2FC71
:1049000009B030BD304C069AC4E903552260079ABD
:10491000BDF81E30626004F13802A2609DF91820D3
:104920002575002A17DB802B11D928490B685B07F6
:1049300008D0274B0122CDE9015328462B4600958C
:104940001BF016FD802010F0CDFC0020D6E713B13F
:10495000C4E90333D4E7FFF735FC0028CDD0E28863
:1049600023699A42D4BFE260E360FFF785FFC7E79F
:10497000154C05ABD4E90215002D04DC21F0B1FD86
:104980000028BDDAB9E72A4621F0ABFD0028D9DBC3
:10499000059AA3681344A360E3689B1AE360002BA5
:1049A000AED104F13803A360FFF70CFC0028DCD182
:1049B000A3E78028A4D1044BDA68002AD5D11B7D57
:1049C000002BD2D19CE700BF24620030D00A003017
:1049D000BCE30210054B064A58629A62054A002061
:1049E000DA62054A1A63054A9A6170472462003008
:1049F00019450010A140001041410010E140001095
:104A00002DE9F041044686B0584D4FF0FF334FF08A
:104A1000FF32574816F06CFC95F8B830B3B15549E1
:104A20000B6813F0060F08D0534B022202930023A9
:104A30001846CDE900331BF09BFC6FF077044C481F
:104A400016F0CEFC204606B0BDE8F0816B6AA3B933
:104A500000F0F4F8FFF7BEFF6B6A73B945490A68C6
:104A6000520707D0454A1846CDE90132009301228A
:104A70001BF07EFC4FF0FF34E1E741482C62E86117
:104A80006E6A10F093FF10F0A7FA041ED7DB00F057
:104A9000F7FB041ED3DB7378012B01D1F3797BB9CB
:104AA00034490B685B0708D0364B01220293002380
:104AB0001846CDE900331BF05BFC6FF01504BEE730
:104AC000002604A885F8C830ADF812308DF81460BF
:104AD0008DF8106010F044FB041EB0DB802704A8A2
:104AE0008DF8107010F03CFB041EA8DB3046264900
:104AF00010F02EFF041EA2DB3846234910F028FFD9
:104B0000041E9CDB214CDFF8888044451AD300202A
:104B100010F0DEFC041E92DBD5F8C430802043F098
:104B20000103C5F8C43010F0D3FC041E87DBD5F8B0
:104B3000C430002443F48033C5F8C430012385F821
:104B4000B8307CE70026276A227FF3B29A4201D868
:104B50002434DAE707EBC30257F83310107910F06A
:104B6000F7FE01360028EFD084E700BF2462003052
:104B70005C0C0030D00A0030D5E30210F8E30210DC
:104B8000B94200101DE40210D9480010600F003037
:104B9000840F003030B5264B8BB01B6809934FF063
:104BA0000003244B04AA03F1100514461868596841
:104BB000083303C4AB422246F7D11B78102223707E
:104BC0000021684625F0E5FC122200211A4825F054
:104BD000E0FC1021684612F0B7FD00281BDD082814
:104BE000B8BF082009380DEB00020020124912F866
:104BF000013F0AAC04EB131403F00F0328336B449A
:104C000014F8184C13F8183C013008280C704B703D
:104C100001F10201EBD1064B1A68099B5A404FF093
:104C2000000301D025F052FA03480BB030BD00BF9D
:104C3000C823033057E40210B08E00302DE9F04F46
:104C40009A4B8BB093F80090B9F1000F03D09848BD
:104C50000BB0BDE8F08F964C00264FF0011835469A
:104C60003746059623783BB9924B02349C42F3D1E8
:104C700001238E4A1370EAE76378052B1ED8DFE81C
:104C800013F0C70006001301C7002000570040239F
:104C900008A88DF82090ADF822308DF8249010F0FF
:104CA00031FA40B1082308A8ADF8223010F02AFAF2
:104CB00008B1ADF82290BDF82230E37123781C448E
:104CC000D0E7E378002BF9D1A3783BB3059B013300
:104CD000DBB20593F2E76A68944222D024359D4204
:104CE000F9D375490B685D0716D0744B0122029306
:104CF000002303941846CDE900331BF048FB6E49AE
:104D00000B685B0708D06E4B012202930023184604
:104D1000CDE900331BF03BFB002099E7694D6A4B5E
:104D2000DDE7AB68002BD1D0204605999847CDE749
:104D3000002D6AD160490B685C07EDD0634B00958C
:104D4000CDE901532B46012218461BF020FBD6E784
:104D50002A6A94F802C002EBC3021079844546D156
:104D60004FF0010AE0785FFA8AFB00F003008DF84B
:104D70002400207994F805C040EA0C20ADF8220008
:104D800094F90200002826DA0AF1100001FA00F076
:104D900010EA080F26D14BF080008DF8200008A8FB
:104DA000CDE9063210F0AEF9DDE906320121C8B9CD
:104DB0009DF8203013F0800FA37013710B461DBFB8
:104DC0000BF1100B5FFA8BFB01FA0BF303FA0AF3FA
:104DD00048EA030872E701FA0AF010EA080F01D165
:104DE0005846DAE70AF1010ABAF1100FBAD10133D5
:104DF0002A7F9342ACD330490B6858078CD0344B90
:104E000002930023CDE900339DE700230121EFE762
:104E1000032E2CD1FFF7BEFE8346E0B1FCF738FB32
:104E20008246C0B110280ED0234B1B6813F0060F2A
:104E300009D0284B0222029300231F491846CDE9CE
:104E400000331BF0A4FA5246102AA8BF102259467C
:104E5000A01C25F077FB6FF002012378091BE218F4
:104E600004EB5303D14210D50136F6B226E7002EEB
:104E7000F1D18FB910490B685A073FF44DAF164B6B
:104E80000097CDE901733B465DE702F8019C13F8FA
:104E9000010902F8020DE5E7E31BBB70C3F307232A
:104EA000FB70059B3B71DFE7274607E7AF8E0030BD
:104EB000B00E00305D0F0030CC0A003068E4021004
:104EC0004EE50210600F0030840F003088E40210BD
:104ED000C9E40210E6E4021031E50210094B00219A
:104EE0001A4610B51C78844205D15C681CB1482371
:104EF00003FB012010BD0131042903F14803F1D166
:104F00000020F7E7F06200302DE9F04150F8303C26
:104F10000446103310F8346C88B00BD1036950F894
:104F2000282C13F0020545D0D2B9590715D5002316
:104F300044F8303C54F8303C10330BD054E9097538
:104F400054F81C8C24F037FE002869D021463B48D9
:104F500024F0E9FD08B0BDE8F08143F004030361EB
:104F6000304654F82C1C07ABFFF754FC88B1344989
:104F70000B685A070AD0334BCDE90306029300238E
:104F8000CDE90033012218461BF03EFA6FF01503FD
:104F9000CEE7079A54F82C3C134444F82C3C54F8C0
:104FA000283C9B1A44F8283C54F8243C134444F809
:104FB000243CBFE750F82C1C07AB304610F0B4FB84
:104FC00058B11F490B685B07E0D01E4BCDE90306C3
:104FD000CDE9015300952B46D4E7079D54F82C3CAE
:104FE0002B4444F82C3C54F8283C5B1B44F8283CE8
:104FF00054F8243C2B4444F8243C002D97D03046F0
:1050000010F0DAFCB5FBF0F303FB1055002D8ED148
:1050100054F8283C002B8AD0304610F02BFC89E74E
:1050200044F8200CA4F1180016F05CFA002D91D081
:10503000424639463046A8478CE700BF001E003084
:10504000D40A00307CE5021070B54B1E012B0646D9
:105050000D4686B01BD8FFF741FF0446C8B9012DA5
:1050600015D105AB012230460DF1130110F05CFBA8
:10507000059B002BF5D110490A68520707D00F4A4B
:105080001846CDE90132009301221BF0BDF906B0AC
:1050900070BD24F090FD04F1340108B1012D05D15B
:1050A000084606B0BDE87040FFF72EBF044806B0C2
:1050B000BDE8704024F037BDD40A003099E50210F5
:1050C000001E00302DE9F04F87B00646174698467F
:1050D00005911BF0A9F90446002840F08180EFF308
:1050E00011830493202383F31288BFF36F8FDFF8BB
:1050F000F89000230022484616F02EFA0346E0B945
:105100004FF0480C0CFB04FCDFF8E0A00AEB0C0BA2
:10511000DBF8045015F1100F2CD135490A685207FD
:1051200007D0344A0396CDE90102009001221BF01A
:105130006BF9484616F0D6F913E00134042C09F156
:105140004809D6D12A490B68580708D02A4B0122B2
:10515000029300231846CDE900331BF055F96FF098
:105160000B05049B83F31188BFF36F8F284607B0AC
:10517000BDE8F08F109B059ACBF81430119BCBF84B
:105180001000CBF818306FF00F033046CBE9022740
:105190000AF80C60CBF84480CBF8043010F00CFC1B
:1051A00068B1304610F008FCB7FBF0F303FB107752
:1051B0002FB1DBF8443043F00403CBF8443018F04F
:1051C000020F08D0482303FB04A10C48343124F01B
:1051D000AAFC0025C5E7304610F04CFB0546C0E7A9
:1051E0006FF00F05C2E700BF0C630030F0620030C3
:1051F000D40A0030CEE50210B3E50210001E0030E4
:1052000010B5EFF31184202383F31288BFF36F8F5F
:10521000FFF764FE50B14368103307D16FF08B0382
:1052200000F134014360044824F07DFC84F31188CC
:10523000BFF36F8F10BD00BF001E0030F8B504250E
:1052400020270D4CEFF3118687F31288BFF36F8F81
:105250006368103307D16FF08B030848636004F173
:10526000340124F060FC86F31188BFF36F8F013D99
:1052700004F14804E6D1F8BDF0620030001E0030B1
:1052800070B50025094C0A4E3146204624F020FC1A
:105290000122A4F118001146013524F03BFB042D36
:1052A00004F14804F0D1002070BD00BF2463003039
:1052B000094F00100123016981F853300B6833B1A5
:1052C00091F851301BB10248083124F02CBC7047D2
:1052D000001E00300123016981F852300B6833B1A0
:1052E00091F850301BB10248083124F01CBC7047C3
:1052F000001E003070B50569EFF31186202383F39B
:105300001288BFF36F8FD5F858021AF068FE044672
:1053100086F31188BFF36F8F30B10022002303485A
:1053200005F1200116F010FB204670BD001E003074
:10533000012370B582F8503013680D4614463BB116
:1053400092F8523023B10E4802F1080124F0EBFB31
:10535000D4F858325A89DB889A4205D17DB904F1D4
:1053600020014FF47A7204E004F12001002DF8D0FE
:105370000022BDE870400023014816F0E5BA70BD78
:10538000001E0030002103460C4AA0F8501010689F
:1053900083F86412C3F85C0290889279A3F86002E3
:1053A00083F8622283F863124FF40072A3F8661246
:1053B00083F8681203F1540025F0EBB8C0C702105F
:1053C0001FB5014604460C481BF008F8034670B9A7
:1053D0000A490A6812F0060F07D0094A0394CDE97A
:1053E0000102009002221BF0BFF804B010BD0122A0
:1053F00000F8072CF9E700BF10640030C40A003041
:1054000004E602107FB504460E460179234815468E
:105410001AF0D7FF034688B921490A6812F0060F2F
:1054200008D0A288009003921E4ACDE90102022210
:105430001BF09AF86FF0120004B070BD94F90010E0
:105440006278002922DB202A04D0222A1AD06FF0A9
:105450008500F1E72968A0F51B720C6850F8100C64
:1054600043F8104C8C8823F80C4C897903F80A1CFB
:1054700053F8101C884203D092690AB1186890470B
:105480000020D9E7628800F8092CF9E7212ADED14B
:10549000A0F110032B6007233360F1E710640030A4
:1054A000C40A00302AE60210002310B50469C4F8CB
:1054B00070320C4BC4F86C02596804F51C7269B95F
:1054C000C3E9002204F10800074924F001FB04F1BC
:1054D0002000064924F03DFB002010BD0A605A6000
:1054E000F0E700BF1064003053040210C9550010EB
:1054F00030B54FF400334268056942F2A10085B02F
:10550000CDE90103002385F86532106AADF80C106F
:105510000A22007901A9FFF77DF9054C95F865325B
:1055200023B9012023F0CBFE013CF7D105B030BDFB
:10553000A1860100002370B52025046986B08DF88E
:10554000171084F85030EFF3118685F31288BFF3FB
:105550006F8F0122D4F858020DF117011AF03FFDA8
:1055600086F31188BFF36F8F012817D024F023FB37
:1055700010B994F86932D3B90F4D2B7873B90F492C
:105580000A6812F0060F07D00D4A1846CDE901321D
:10559000009302221AF0E8FF01232B700A22002355
:1055A00004F12001074816F0CFF906B070BD0021C4
:1055B0000A2024F0DEFBC6E7C28E0030C40A0030A9
:1055C00051E60210001E0030F0B5D0F84C3205460E
:1055D0005B6885B01B6A1F7D38461AF025FF0646BA
:1055E00060BB95F846324BB3D5F838020146C38804
:1055F00031F80A2F9B1A9BB2B3F5007F28BF4FF4F6
:10560000007303AA1AF09CFC0446B8B1C0F3080367
:1056100085F8306003B9441EA5F120030193084BBF
:1056200022460399009338460223FFF74BFDD5F835
:105630003802224600F10A011AF0B8FC05B0F0BDAC
:10564000315300107FB50D1E0646144634DD2A4640
:10565000D4F8540204F154011AF0C1FCA8420ED24D
:105660001D490B685B070AD01C4B2D1A02930023BF
:1056700001221846CDE9003303951AF075FF012386
:1056800084F8513023683BB194F8533023B1144867
:1056900004F1080124F047FAD4F854229388918940
:1056A00012695B1A9BB2D31AB3F5007F04D20123AF
:1056B00084F8683204B070BD94F86632002BF9D0DB
:1056C000084B4FF40072009330460123019404F11B
:1056D0005401FFF7F7FCEDE7C40A003070E6021052
:1056E000001E0030455600107FB504460D460146A9
:1056F0004F481AF05BFE034670B94E490A6812F033
:10570000060F07D04C4A0394CDE901020090022213
:105710001AF02AFF04B070BD0368691EA0F51B745F
:105720005E680529F6D801A353F821F0B55700109B
:10573000155700104557001097570010C15700101B
:10574000E75700103B490B6803F00703022B08D909
:105750003A4B0322029300231846CDE900331AF096
:1057600003FF94F866120029D4D1012384F866322D
:10577000336A2246187BFFF765FF94F85020002A11
:10578000C8D1336A1146187D2D4B01940093022332
:10579000FFF798FCBEE727490B6803F00703022BCD
:1057A00008D9284B0322029300231846CDE9003381
:1057B0001AF0DAFE204604B0BDE87040FFF7E2BD03
:1057C0001C490B6803F00703022B08D91E4B032268
:1057D000029300231846CDE900331AF0C5FE0123D9
:1057E00084F8673296E7134D2B6803F00703022B0A
:1057F00009D9164B03220293002329461846CDE906
:1058000000331AF0B1FE94F86732002B82D02B6877
:1058100003F00703022B09D90D4B03220293002347
:1058200004491846CDE900331AF09EFE0023D7E75D
:1058300010640030C40A003091E60210B2E6021093
:1058400031530010C4E60210D8E60210E9E6021057
:10585000F8E602100369044A8068904206BF0020FF
:1058600099616FF0150070475CB7021037B50024DE
:10587000084D4FF0FF334FF48062284606490094EC
:1058800016F024F80549284616F056F9204603B0CC
:1058900030BD00BF001E00304090003038E70210DD
:1058A00010B5044612F06EFF0349024620461BF075
:1058B000C0F8002010BD00BF58E7021037B51346EE
:1058C0000022054601920A21586801AA01F00EFE45
:1058D000019C4CB90A2120EAE07080FB010124F010
:1058E00048FA204603B030BD2246284602491BF044
:1058F000BCF8019CF5E700BF84E7021008B5034A35
:1059000003491BF096F8002008BD00BF6EE80210A6
:1059100075E80210F7B51746002305460A2101AACB
:10592000B868019301F0E2FD1749C6B228461BF0A2
:105930008EF8019C44B12246284614491BF095F884
:10594000019C204603B0F0BD042E09D932462846FA
:105950000F491BF08AF828461BF0C6F80124F0E72F
:105960007868FEF72DF8021E07DA28467A6809499A
:105970001BF07BF86FF01504E3E733462146204621
:1059800012B21AF0C1FBDCE7A0E8021006E902102F
:105990002DE9021044E90210002307B50090694682
:1059A00004488DF8043016F031FF9DF8040003B070
:1059B0005DF804FBD106021010B5044612F0C4FED7
:1059C0000749024620461BF034F8204605491BF0E3
:1059D00030F82146044816F033FF002010BD00BF08
:1059E0009CE90210BBE90210ED59001070B52D4B77
:1059F0008EB004460D461B680D934FF00003D0F89F
:105A00009C6024F0E1F8034625F0DEF8264A274999
:105A10001058274A002B18BF1A460092254A2346E1
:105A2000844218BF0A46284623491BF002F8D4E9ED
:105A30000A23CDE90023284694F90E30227B1F4922
:105A40001AF0F7FF05A92022204616F085F8636EAC
:105A500002461B4928461AF0ECFF204604A924F010
:105A6000D7F8024660B1284616491AF0E2FF0D4BFE
:105A70001A680D9B5A404FF0000310D024F026FB0B
:105A80006422049B2846F11A4A43B2FBF6F20091C5
:105A9000CDE901620C4932461AF0CBFFE7E70EB0C0
:105AA00070BD00BFC82303301000000063E2021085
:105AB000C5E9021041FF0210C8E90210D4E9021042
:105AC00000EA021017EA021044EA021070B500253D
:105AD000044690B01C4B1C22294607AE08A81B6840
:105AE0000F934FF0000324F054FD1A22202130467A
:105AF00024F04FFD2146154816F0A2FE4FF4006138
:105B000006AA134824F075F86423069A2046C2F5C5
:105B100000614B43DB0A05934FF400630096CDE927
:105B20000313CDE901320B492B46094A1AF081FFD4
:105B3000054B1A680F9B5A404FF0000301D024F028
:105B4000C5FA284610B070BDC8230330595B001059
:105B5000F0C4013095EA021070B504460D46D0F845
:105B60009C6088B007A924F053F8024628B1284663
:105B70000E491AF05EFF08B070BD204624F024F8EC
:105B80006422079B0096F11A4A43B2FBF6F2CDE974
:105B90000131074BCDE90362002818BF03462246B6
:105BA000284604491AF045FFE5E700BF17EA02104E
:105BB000C5E90210DEEA021038B513460546102288
:105BC0000021586817F0F0FC0446FFF7E5FE38B9ED
:105BD000224628460D491AF048FF6FF0150038BDDF
:105BE00024F0F2FF0A4B1B589C4204D12846094975
:105BF0001AF03BFFF1E7204616F086F928462246C8
:105C000005491AF016FF0020E9E700BF42EB021039
:105C1000100000005DEB021085EB021038B5134652
:105C2000054610220021586817F0BEFC0446FFF715
:105C3000B3FE38B9224628460D491AF016FF6FF018
:105C4000150038BD24F0C0FF0A4B1B589C4204D1FC
:105C5000284609491AF009FFF1E7204616F05AFADA
:105C60002846224605491AF0E4FE0020E9E700BF75
:105C700042EB021010000000BCEB0210E2EB02103D
:105C800038B51346054610220021586817F08CFCE1
:105C90000446FFF781FE38B9224628460D491AF01E
:105CA000E4FE6FF0150038BD24F08EFF0A4B1B5840
:105CB0009C4204D1284609491AF0D7FEF1E7204654
:105CC00003F04EF82846224605491AF0B2FE00209D
:105CD000E9E700BF42EB02101000000016EC0210D2
:105CE0003BEC02102DE9F04F324B89B0044601A87D
:105CF0001B6807934FF0000314F04EFF2423019F0D
:105D0000082103FB00772C4A20461AF085FEDFF8B5
:105D1000ACA0019DDFF8A8B0BD4208D3254B1A689E
:105D2000079B5A404FF000033FD024F0CFF92B6877
:105D30000BB11A7832B92B461421224A02A817F067
:105D4000AFF902AB5246082120461AF065FE2846FC
:105D500023F0C4FA1C4B0821002808BF5B461B4AED
:105D600020461AF059FE2B6AA3B11E6896B133681B
:105D700083B108212046164A1AF04EFEB1464FF074
:105D800000083368134A434506D808212046124AC2
:105D90001AF042FE2435BFE70821204659F8043F97
:105DA0001AF03AFE08F10108EBE7002009B0BDE85F
:105DB000F08F00BFC823033082EC021091EC021078
:105DC00079EC02108CEC021073EC0210D8F3021084
:105DD00096EC021092EC021079EA02101FB50C68E2
:105DE000D1E9043203944C68013302948C6802F2C6
:105DF0006C720194C968009102491AF01AFE04B04D
:105E000010BD00BFD0EC0210F7B5137806463A2B50
:105E10000F46154614D1541C23783A2B28D101344F
:105E20000A22204601A917F049FB019A0346A24223
:105E3000386017D01078A8B93C2B15D915490EE059
:105E40000A22284601A917F039FB019CB860AC4230
:105E500008D023783A2B05D1172807D90E493046A8
:105E60001AF003FE6FF0150003B0F0BD0134D3E764
:105E70000A22204601A917F021FB019B7860A3426A
:105E8000F0D01A783A2AEDD13B2801D90349E6E748
:105E90005C1CC5E70FED0210F1EC0210FFEC0210E4
:105EA0002DE9F0410D4690B002A9044601201746A5
:105EB00003F0F6FA07A902A817F016F8032D55D13A
:105EC0007D680A22284601A917F0F8FA019E80464B
:105ED000B54215D032782D2A12D101360A22304629
:105EE00001A917F0EBFA019B9E4209D01A782D2ADE
:105EF00006D1451E0B2D0CD9284920461AF0B5FDB8
:105F000020461AF0F1FD6FF01505284610B0BDE8E7
:105F1000F0815E1C0A22304601A917F0CFFA019BDE
:105F20009E42EDD01B78002BEAD1431E1E2B01D9D7
:105F30001B49E2E7A8F26C73CDE90B53BA680A90EB
:105F4000204607A9FFF760FF0028D9D107A8FDF771
:105F5000D5FBB1F1FF3F08BFB0F1FF3FCDE9020132
:105F600008D120460F491AF080FDCCE7022DC7D199
:105F70007A68E5E70023012002A90493FBF768FC97
:105F8000054628B10246084920461AF06EFDBAE7D8
:105F9000204607A9FFF722FFB7E700BF1FED021059
:105FA0002EED02103BED021064ED02102DE9F041E0
:105FB00014468846074610220021606817F0F4FA5C
:105FC000B8F1020F064607D8202308213846244A94
:105FD0001AF022FD336816E00A220021A06817F0AB
:105FE000E3FAC5B22B46082138461D4A1AF014FDC3
:105FF000B8F1030F1AD1102D0CD0202DEAD0082DA6
:106000000BD13378DBB208213846164A1AF004FD6A
:10601000002009E033889BB2F5E738460821124A90
:106020001AF0FAFC6FF01500BDE8F0811022002193
:10603000E06817F0B9FA0821034604460B4A3846CF
:106040001AF0EAFC102D06D0202D07D0082DE4D13F
:10605000E4B23470DCE7A4B23480D9E73460D7E727
:10606000A0ED0210CBED0210B5ED0210DCED021038
:106070002DE9F04F5A4B87B01B6805934FF0000392
:10608000002391464FF0FF3501220093554B074600
:1060900088461A60202603F043F82C46DFF848A112
:1060A00049465246404603F05FF8411C06D16A1C3F
:1060B00047D14E4938461AF0D8FC17E0732820D053
:1060C00077282ED0612811D1DFF824B16A4610213B
:1060D000DBF8000001F00AFA009B0546002BDFD038
:1060E000DBF80020434938461AF0BFFC6FF015007A
:1060F0003B4B1A68059B5A404FF000036DD023F0CC
:10610000E5FFDFF8ECB06A460021DBF8000001F0A3
:10611000EDF9009B0446002BC2D0DBF80020364985
:10612000E1E7DFF8CCB06A460021DBF8000001F0BF
:10613000DDF9009B0646002BB2D0DBF800202F498A
:10614000D1E7631C01D12E49B4E75FFA86F8C6F3A4
:10615000C406002C3FD001AB29461A46A6EB050C1D
:106160000CE0B8F1100F1DD0B8F1200F20D0B8F11D
:10617000080F2AD10878187031443344A64203D856
:106180000CEB01001028ECD9102CA14628BF4FF0D1
:10619000100929464B46384601F078F81035A4EB33
:1061A0000904D6E7088880B21870000A5870E3E73F
:1061B00008684FEA102E187083F801E04FEA104E7D
:1061C000000E83F802E0D870D6E7082138460D4A61
:1061D0001AF022FC8AE720468AE707B0BDE8F08F74
:1061E000C8230330140700302AEE021031EE0210EB
:1061F0007C760030F0ED021003EE021016EE021075
:106200004EEE0210B5ED021070B50F4E04460D466D
:10621000337871B123B10D49BDE870401AF025BC47
:106220000123337020460A491AF003FC012333701E
:1062300004E083F001033370002BF3D1294620469C
:10624000BDE870401AF070BCC38E003068EE0210DA
:10625000A3EE021070B504463B480378182B02D118
:106260000B78112B31D00B46013A8D18AB4225D15A
:106270008B5C0A780370A2F13003092B334C04D9EC
:1062800022F02003413B052B04D823683049CA542F
:10629000013323602368022B33D1102200212C48C4
:1062A00017F082F92B4A136803F8010B13602A4A8E
:1062B0001368013313600023236022E013F8016B9D
:1062C000182ED3D11E78112ED0D1234D20462A6806
:1062D00022491AF0AEFB20460021FFF795FF204B24
:1062E000187870B91F4A2B681168042B0ADC08B1B2
:1062F00011602B6013F003010BD1126813681BBAF5
:10630000136070BD0868043B00BA41F8040B01201B
:10631000EBE75B4203F0030358BF5942022904D163
:10632000126813885BBA9BB2EAE70329E9D11068C7
:1063300002681104C2F3074301F47F010B4302F426
:106340007F4213430360DCE7C48E003018640030E2
:10635000C68E0030246400301C640030CDEE021084
:10636000C58E0030206400302DE9F84F002306462A
:1063700015460C462949DFF8A8800B602949DFF84B
:10638000A890DFF8A8B088F800300B60012C2F46E9
:1063900055F804AF1ED902224946504624F0B4F9FC
:1063A00080B99AF80220003A18BF01229244504660
:1063B00002221F4924F0A8F930B9012388F80030DF
:1063C000013CE3E70022F1E749465046FBF74EF86F
:1063D000A8B9043700227868114617F0E5F80022C2
:1063E000144B11461860786817F0DEF8124B134909
:1063F00018603046FFF708FF0020BDE8F88F9AF8D4
:1064000000202D2AE6D19AF80120002AE2D0524637
:10641000594630461AF00DFBD2E700BF1864003031
:10642000C58E00301C640030E7EE0210EDEE021065
:10643000EAEE02102464003020640030556200103F
:106440007FB50BAB05930393054B02220293002308
:106450001846CDE90033FDF76BFB07B05DF804FB90
:106460004FF0021007B50A4822F038FF60B104234C
:10647000084A0093126801230549074800F06CFFA1
:10648000002003B05DF804FB6FF01200F9E700BFD5
:1064900070AF0210D4CC02102CC6021010B54468A4
:1064A000C4E90012A36042684021134653F8404BF0
:1064B00051635362002302F13801C2E90413082139
:1064C000C2E90A33C2E9063313631162C2F8B83075
:1064D000A36823B19B6C13B1204604499847A36875
:1064E0009B6A0BB120469847002010BDF164001054
:1064F0002DE9F04705460C4686B083685B6C03B116
:106500009847AB685B6B73BB4FF0000A04F124083B
:1065100004F12809218E238D626B5B1A9BB2D31A7A
:10652000934228BF13464946404605AA19F008FD84
:106530000646002844D0AB6805999B69002B33D0F0
:10654000024628469847074688B33A464946404699
:1065500019F02CFDB7424FF0010ADBD00020D4E93E
:106560000131984703E0284698470028CCD1AB6812
:106570005B6A002B3BD1628BE38A04F110079B1A04
:10658000226A9BB2934204F11A0828BF134641467F
:10659000384605AA19F0D4FC064678BB28461AF0FE
:1065A000BFF8C4F8B86035E06FF05707CDE7024692
:1065B0004946404619F0FAFCBAF1000FD7D0CDE7B2
:1065C00018490B6813F0060F07D0174B0222CDE9CC
:1065D000010300900346FFF733FFAB689B69002B74
:1065E000EAD0012228460DF113019847E4E7284636
:1065F00098470028BFD106B0BDE8F087AB68059981
:106600005B6963B1024628469847024641463846D0
:1066100019F0CCFCD4E9013101209847EBE76FF089
:106620005702F3E7B40A00304FF0021000487047F9
:106630002CC6021010B504468168183101F0EAF941
:10664000A1682046BDE81040014A183101F088B920
:1066500091F0021038B58368044603F580539B6FB0
:10666000DB071FD4C0691AF033FF606803685B68FA
:106670009847054620B9E0681BF07AF8A3681D75B5
:10668000A3685B6C13B1294620469847002224F08A
:106690009BFAA36803F58053C3F82021034B1858D5
:1066A00002F05EFB6FF00F05EAE700BF100000008C
:1066B00001491AF0B1B800BF79EA0210F7B50446F3
:1066C00080680D4600F580539B6F5A0705D5002161
:1066D0001AF0E6F8E0681BF01DF8E368DB6873B9B0
:1066E000002D3CD0A66806F1560738461AF0A1F8EE
:1066F000002836D0394606F65600FAF7C1FEA268E1
:106700002946E0680DF1060356321BF006F858B929
:10671000A06800F656015630FAF7B2FEA06856306F
:106720001AF087F8ADF8060020461AF0F0FCA368CE
:1067300003F580535B6F9B0603D50B4960691AF024
:106740006BF8204600F03AFFA268BDF806302046FC
:10675000A2F85230A268A2F850301AF03DFC03B003
:10676000F0BD86F85608CAE7C7C702102DE9F04FFA
:10677000A7B004465422002111A823F00AFF0023E9
:10678000CDE90533A3682046563302931AF0C6FCC0
:1067900020461AF009FC10B96069FFF789FF00264E
:1067A0004FF0FF37B246B3463546B146A0681422D3
:1067B0000021183023F0EDFE20461AF09BFBA16863
:1067C000E068B1F8502056311AF0DEFF20461BF089
:1067D0006DF80DF144080396DDE90532012A6DD00C
:1067E000132B6ED85FBBBBF1000F0AD020461BF005
:1067F0007EF81423A26811A956320DEB03001AF09B
:10680000F9F9B9F1000F0CD099F81130FE2B08D12D
:10681000059B26AA02EB830252F8542C0AB10133DD
:106820000593A068059D436A002B40F0B680CEB169
:10683000C3699E422DD00D9600F1180524E0022375
:106840004146029A06A81AF0D5F9D8F8042006990C
:106850000346029231B101290AD148B16D4A20465E
:106860001AF00BFD6FF00705284627B0BDE8F08F42
:10687000059B002B34D0D8F8000001F0EBF898B15C
:1068800066B1A5680D9618350CAE0FCE0FC53368EE
:106890002B602046FFF7CEFE0125E5E75E4A012189
:1068A00020461AF0EAFCDDE7059BCBB129462046DD
:1068B000D8F8002001F078FA022809D1059B132BA3
:1068C00091D9069B022B8ED10121544B544AC6E725
:1068D000032805D0059B4FF0010B013305937BE79F
:1068E000039B33B94846D8F8001007AA1AF079FA82
:1068F000054608F10408013F9DB3EB68BBF1000FAA
:1069000008D0F3B120461AF009FC20461AF064FBC7
:10691000444AC4E7ABB1AE46A368DDF814A003F166
:10692000180CBEE80F00ACE80F00DEF80030CCF821
:106930000030AB682BB96B7CFE2B04BF2F7C07F1BA
:10694000FF37D5F804C0BCF1000F08D0AE460CAE3E
:10695000BEE80F000FC6DEF8003033606646A94679
:1069600003E0059B53B101230393069B17B9022B48
:106970007FF432AF059B013305932DE7A368DB6AF3
:1069800013B1DB68002BEED1274B01210093204689
:10699000119B264A1AF071FCE5E790F82830A5EB28
:1069A0000A05BBB14FF6FF7290F82910FF2918BFF6
:1069B0000A469D4202D313449D420BD983690121AB
:1069C00020461B4A1AF059FC2046FFF733FE6FF0B1
:1069D000150549E741F20C16012119F055FFA06891
:1069E000304419F078FFA36811AA294602EB8A0205
:1069F00020465B6A98470546A0684FF0FF324FF08B
:106A0000FF33304419F006FF0021A06819F03CFF65
:106A10002AE700BF9FF00210B3F0021014F1021039
:106A20005FE90210D1F0021000F1021005F402102B
:106A300038F10210022210B5836804461A75836883
:106A40009B6CCBB919F0C5FE836803F580539B6F2F
:106A5000DB040CD50321094B094A1AF00EFCA0688F
:106A60006FF4805100F58350183019F0C8FE2046AD
:106A7000BDE8104000F030BF10BD00BF53F1021060
:106A800093EC02102DE9F04F04468068694B00F545
:106A90008350B7B0012118301B6835934FF00003C5
:106AA00019F0A2FEA3681B7D022B20D100230A93BC
:106AB000A36860689E6C03681D690AAB0EB3102260
:106AC00031A9A8470A9B93B10121A06819F0DCFE07
:106AD00020460A9A31A9B0470021A06819F0D4FED7
:106AE000A3689B6C002BE3D12046FFF7A3FF514B1B
:106AF0001A68359B5A404FF0000300F01A8323F0C8
:106B0000E5FA01220DF12701A8470A9B002BEED0E0
:106B10009DF927209DF82730002AA068C8DB427D18
:106B2000032A00F20483DFE812F0040081029902D4
:106B300002030D2B00F5805266D00A2B44D0B2F828
:106B40007810092B6FF3CA01A2F8781074D02AD8F4
:106B5000002B00F00981082BA06800F0EF810246AD
:106B600002F58050426F920740F1FE80013B162BE8
:106B700000F2FA80DFE813F0C20202020602FE0110
:106B8000BC021802F800F800F800F8001C0220020D
:106B9000F8003502F8003A02F800F800F800F800B2
:106BA0003C02F80052021B2BA0683FD07F2B00F064
:106BB000D281A3F120015E290246D1D8012119F02A
:106BC0006FFE9DF82710BDE0916FC1F3C70121B1A1
:106BD000916FC1F3C7010A29C1D1B2F8781063F3EC
:106BE000CA01A2F87810A568B5F85010B1B92846C6
:106BF00019F056FEE0681AF08DFD6069FFF758FD48
:106C00002046FFF717FF53E7916FC1F3C701002933
:106C1000E3D0916FC1F3C7010D29DDE72046FFF7EF
:106C2000A5FD05F58055C5F82401E9E70123437565
:106C30009AE000BFC8230330A06800F580535B6F63
:106C40009B0740F19180012119F02AFE40F2FF7369
:106C5000A068B0F850209A4200F086800025B0F875
:106C6000522000F1560100F6560023F06BFCA36899
:106C70001CA9B3F852200CA8134483F85658A268F4
:106C8000142302F6560219F0B5FF0C9914296BD89B
:106C900036AB03EB810343F8685CA368B3F852207A
:106CA000002A53D0134493F85530202B02D0093BCF
:106CB000042B4BD800294CD100250B950B9B36AAF1
:106CC00002EB830353F868AC0026504619F0B1FD7F
:106CD000B3468146B04637463946284617AA00F0E3
:106CE000CBFB0346002843D1012E69D10B9B36AA6A
:106CF00002EB830353F8680C19F09BFDA26806466B
:106D000041462846183200F0B7FB0568284619F0BE
:106D100090FD864205D0821B92B22046A9191AF036
:106D2000F5FAA068B0F85230034493F85630202B9F
:106D300035D0093B042B32D900F580535B6FDF0758
:106D400032D42021204600F08DFD0DE00129B3D979
:106D5000013900200DAB009301900BAB1CAA1AF077
:106D60006BF805460028A9D1606919F0E3FE9FE69B
:106D70001B684A4651461846039323F0C5FC60B988
:106D8000039B1846FAF784FB584538BF5846002E37
:106D900008BFB8461FFA80FB013601379CE7012186
:106DA00020461AF04DF9DFE7002119F084FD20217B
:106DB000204600F057FD0121A06819F07CFDD3E7C3
:106DC0000490D1D90B9A36AB03EB820252F8683C9F
:106DD000C1461846039319F02CFD049BA268059048
:106DE000A2F840300496A26849462846183200F0BE
:106DF00043FB039BD0F800A009F101094BB1BAF1A4
:106E0000000F06D019465046059A23F07DFC002855
:106E1000E9D1A168BAF1000F4ED1A1F840A0049BBE
:106E2000013B0493DFD16069FFF742FC204600F08C
:106E300053FD0B9B36AA02EB830353F8680C19F041
:106E4000F8FC414612AA8146284600F015FB074689
:106E5000A068396840F2FF7200F6560023F066FC25
:106E60003B684FF6FF7708F1010AB8460393514695
:106E7000284617AA0AF1010B00F0FEFA002851D0AB
:106E80000022A168036801F6550111F801EF985C32
:106E9000704503D110B101324245F6D1B9F1000F6E
:106EA00001D04A4506DBBA42A8BF3A46013E012E50
:106EB00097B237D0DA46DAE7A348069119F0B9FC61
:106EC000069900EB0B074A8FBFB2121A92FBF7F23A
:106ED000504692B20791069219F0ABFC07993F1AFF
:106EE000B1F84000069A00F1010CA1F840C0B0FBD7
:106EF000F2F102FB110080B2BFB260B90621204658
:106F0000914B924ACDF800A01AF0B7F939462046C5
:106F100000F03EFB83E75346062120468C4A1AF0D8
:106F2000ACF9F3E7002F3FF41FAF0399A7EB090279
:106F3000204692B249441AF0E9F915E700F580536A
:106F40005B6F9E077FF510AF012119F0A9FC204669
:106F50001AF0FDF908E700F580535B6F9D077FF598
:106F600003AF012119F09CFCA36803F580535B6F0C
:106F70001907ECD420461AF0CBF9F5E620461AF0B2
:106F8000D6F8F1E620461AF0C9F820461AF00CF8B7
:106F900010B96069FFF78CFBA068012119F080FC33
:106FA0002046FFF747FDDFE620461AF0C9F8DBE68A
:106FB00020461AF0D0F8D7E6436F9F0603D56549FF
:106FC000606919F029FCA36803F580535B6F9E0686
:106FD00003D56149606919F01FFC204600F07CFC74
:106FE000C2E600212046FFF769FBBDE60121F9E773
:106FF00020461AF08CF8204619F0EBFB0121A0681E
:1070000019F04EFCA36803F580535B6F9D067FF576
:10701000ABAE5249606919F0FFFBA5E6204600F0CF
:107020004BFB0121A06819F03BFC9DE65B2B01D1D5
:107030000223FCE500F58050426F900706D5622BD5
:1070400008D14FF0FF3120461AF023F80022A36840
:107050005A7589E6662BF9D10121F4E700224275C1
:10706000A26802F58051496F89077FF521AD313B58
:107070001B2B3FF679AE01A151F823F0F9700010F7
:10708000057100101B710010ED700010696D00108B
:10709000696D0010696D0010696D0010696D001058
:1070A000696D0010696D0010696D0010696D001048
:1070B000696D0010696D0010696D0010ED6F0010B2
:1070C000E36F0010A96F00107D6F0010696D001054
:1070D000F1700010696D0010FD700010696D0010F6
:1070E000696D0010696D001009710010032353755C
:1070F00020461AF013F837E60323537520461AF09A
:1071000006F831E603235375A06800F58053596FE4
:1071100001F0010181F001014FE603235375A368DB
:1071200003F580535B6F9B077FF51EAE22E70023BC
:107130007DE56FF00101A06800F58350183037B08D
:10714000BDE8F04F19F05BBB62E2021097F102104C
:1071500093EC0210CCC70210D1C70210C7C70210AF
:107160002DE9F84304468068154600F58350183031
:10717000002938D04FF4804119F036FBA368002174
:10718000DD64606803689B689847002852D12046F8
:1071900019F0C2FB00284DD1274E284FDFF8A08000
:1071A000A06800F585501C304FF0FF324FF0FF33E0
:1071B000032115F0BBFD054641F20C19A068BDB1D5
:1071C0004FF4FA720023484419F024FB90BB204688
:1071D0002B4601211B4A1AF050F8A0684844BDE82C
:1071E000F84319F078BB6FF4804119F008FBC5E74C
:1071F0004FF0FF334FF0FF32484419F00BFB32469B
:107200000221204619F069FB3A462946204619F02A
:1072100064FB20464246012119F05FFB6068036869
:107220005B6903B19847A06800F588500C3019F0ED
:1072300052FBB5E7BDE8F88355660010856A00107B
:107240003F0802109DF1021010B504460A4919F0DA
:10725000F0FB2046094919F0ECFB2046084919F0DB
:10726000E8FB2046074919F0E4FB20460021064AC6
:1072700000F076FB002010BDB4F10210F2F1021014
:1072800051F20210A5F202103FF30210F8B51E46AB
:1072900017460A462949044619F0CBFB3EB320465F
:1072A0003A78274919F0C5FB01256A0703D1204622
:1072B000244919F0BEFBAE421ED920467A5D204912
:1072C00019F0B7FB0135102DEFD120461E4919F0FA
:1072D000B0FBB6B920461B4919F0ABFB0125AE4205
:1072E0002B4610D82046174919F0A3FB15E020467D
:1072F000164919F09EFB01252046144919F099FB07
:10730000E0E700252B46FA5C2046A2F120035F2B24
:1073100028BF2E220E4919F08CFB0135102D06D006
:107320006B07DCD12046074919F083FBD7E72046DD
:10733000BDE8F840074919F07CBB00BF55F30210C7
:107340005BE2021063E2021065E2021061E20210E9
:1073500079F30210681F03102DE9F0470446806896
:10736000984600F580538946D3F82011154688B019
:10737000002965D141F2281223F00BF9E0681AF0D8
:107380007BFAA06800F588500C3041F2BC0722F06F
:10739000AFF941F27C06BA46A068304423F094F875
:1073A000A0680022831901213844103623F05EF8CA
:1073B000564507F11407EFD10026A36902211E608C
:1073C000A06866F3820500F58350183019F00CFAB6
:1073D0005022A36820465A871822A3681A8721687A
:1073E00019F051FBA368494603F580535D67606857
:1073F000154A03681D682346A8470546E0B90122DF
:10740000A3681A75D4E90A0100220023CDE90623F6
:107410000E230393109B4FF40062CDE90183049582
:107420000A4B009414F062FCA36803F58053C3F880
:107430002001616A14F080FB284608B0BDE8F0879F
:107440006FF07705F8E700BF710802106171001056
:1074500010B5044613460A460146064801F086FD6B
:1074600023691B7923B12046BDE8104019F062BBA7
:1074700010BD00BF4D0B021038B50B46154648B97C
:107480001449154A521AB3EB920F05D251F8235002
:10749000284638BD84680CB90025F9E70F4A9442A4
:1074A0000AD30F4A944207D21846294622689047C9
:1074B0002B68002BECD1EFE70A4A944202D30A4A28
:1074C000944205D3246814225343E518E358F0E7A7
:1074D0000133F8E75CC6021090C60210A8C702107C
:1074E000B0C7021090C60210A8C70210F7B5037803
:1074F00004462D2B164605D16FF01503002033608E
:1075000003B0F0BD23F060FB002305460A4F0A4696
:10751000C35101A9204616F047F8EB59222B02D19E
:107520006FF02103EAE7002BE6D1019BA342E3D0F1
:107530001B78002BE4D0DFE714000000836803F51C
:1075400080535B6F9B0603D50249406919F00DBD5E
:10755000704700BFD7C70210014919F006BD00BF30
:1075600079EA02100A1E0EDC0FD04223816801F571
:107570008051496F890608D5002A04494069B8BF7F
:10758000524219F0F2BC4123F0E7704775F3021044
:107590000A1E0EDC0FD04423816801F58051496F2B
:1075A000890608D5002A04494069B8BF524219F03B
:1075B000DCBC4323F0E7704775F302102DE9F04778
:1075C0008568044605F15600F9F762FF00239846E6
:1075D00095F83C70DFF8549086B2A268558FED1B89
:1075E000B54209DB002E1FDD5633606910491A448D
:1075F000BDE8F04719F0B9BC1D442A4492F856A0E2
:1076000082F85680A26856331A444946606919F0D8
:10761000ACFCA3682B4483F856A0A3685B8FDB1BEC
:10762000F61A00272B46D8E7BDE8F0875FE902107D
:1076300093EC021008290A4618D8836893F83E1084
:10764000914213D083F83E208368082A03F58053C3
:107650005B6F05D0990609D50549406919F085BCCD
:107660009B0603D50349406919F07FBC704700BFF2
:107670007CF30210DCC7021038B50D4609780446C9
:10768000FFF7D8FF6A78072A12D8A36893F83F104B
:1076900091420DD083F83F20A36803F580535B6FC0
:1076A0009B0605D560690349BDE8384019F05DBC0B
:1076B00038BD00BF85F30210F8B583680446B3F8FF
:1076C0005020002A57D0B3F85210002953D055311A
:1076D00003F156050B441846A84206D3014611F89B
:1076E0000169202E3ED0A8423ED286B29DB2AB1B8D
:1076F0009BB2591C471CD21A0144384622F02FFF76
:10770000A268711BB2F85030204613FA81F3A2F838
:107710005030A36809B2B3F850201344002283F814
:10772000562019F08DFCA36803F580535B6F9A0611
:1077300003D51149606919F018FC3B460821204621
:107740000E4A19F09AFD2046FFF7F8FEA36803F5EC
:1077500080535B6F9B060ED560690949BDE8F84010
:1077600019F003BC0846B7E7014611F80169202E5D
:10777000BBD00846B7E7F8BDE1C7021093EC021092
:10778000E5C702102DE9F84F04460F4690460AB1AE
:10779000FFF7D4FEA66806F580535B6FB6F852502B
:1077A0005B0724D505F156003044F9F771FE054614
:1077B000294EB5B9A368B3F85020A3F85220A068A9
:1077C00019F0E0FB30B1B8F1000F00D017B16069DB
:1077D000FFF7C2FE79422046BDE8F84F09B219F022
:1077E0002FBC3146606919F0C0FB013DE1E730462E
:1077F000F9F74EFEB6F85090738F19FA80F915FA22
:1078000080F0B0FBF3F2B9FBF3F39A42AA461BD027
:10781000124D4845A368CDDA5A8F461CB0FBF2F3EF
:1078200002FB130313B96069FFF796FEA3682046B5
:1078300053442A46082193F856300AF1010B19F0F7
:107840001CFDDA463046E4E7563508212046044A56
:10785000731919F012FDADE741FF021079F3021020
:1078600093EC021013B583688DF8071003F580526E
:10787000526F0446D00725D5B3F85210B3F8502004
:107880008A421FD0481C9DF80720A3F852000B44E1
:1078900083F85620A36803F58053596F89070FD5E5
:1078A0005B6F606913F0040F18BF2A22094919F0B1
:1078B0005CFB204619F078FB10B16069FFF74CFEC5
:1078C00002B010BD012220460DF1070119F0E2FCC3
:1078D000F6E700BF79F3021010B504468368022171
:1078E000084A19F0CAFCA36803F580535B6F9B0735
:1078F00007D52046FFF762FE2046BDE8104019F08C
:107900007ABB10BD93EC021070B5114B92B01B689E
:1079100011934FF00003002305464FF47A7400934F
:1079200068684022036801A91E696B46B047009B46
:1079300013B108B9013CF3D1054B1A68119B5A40A9
:107940004FF0000301D022F0C1FB12B070BD00BFA8
:10795000C8230330014919F0C4BD00BF79EA021001
:107960002DE9F04F0E460021044617460D4689B01A
:10797000304603AA01F10108FFF77EFDB0B995B1C9
:1079800027B13A460821204619F077FC00211E4F06
:10799000DFF87890DFF878A0304603AA01F10108FB
:1079A000FFF76AFD60B909B0BDE8F08F006810B15B
:1079B000F9F76EFD80B2854238BF05464146D7E7EC
:1079C00003688BB11A787AB1D0F804B04A46CDE991
:1079D000005308213B46204619F04FFCBBF1000F35
:1079E00004D16069FFF7B6FF4146D5E7524620460D
:1079F0003B46082119F041FCAA1D5946204692B287
:107A000019F07CFDF0E700BFA3F302108EF3021023
:107A100056E20210F7B50F6805460E46A7B1384684
:107A2000F9F736FD84B2094B2846009308213B46FE
:107A3000074A19F022FC2846E21C716892B203B092
:107A4000BDE8F04019F05ABD3C46ECE79FF3021048
:107A500098F1021010B507490446F9F707FD38B14F
:107A600020460549F9F702FDB0FA80F0400910BD43
:107A70000120FCE795F3021098F3021010B583681B
:107A8000044603F580535B6F9B0603D505494069A7
:107A900019F0ABFD5022A36800205A871822A36872
:107AA0001A8710BDE9C7021008B5836902491A6830
:107AB00018F0BFFF002008BDA6F302102DE9F34126
:107AC0000D49054618F0B5FF00220C4C0C4EDFF8AE
:107AD0003480B44202F1010703D3002002B0BDE8B4
:107AE000F081636A92B20093A3684146284618F079
:107AF000A0FF30343A46ECE7B6F302102CC6021071
:107B00005CC60210CEF3021008B5024918F0BBFFA4
:107B1000002008BDF822031073B5044600250D4E61
:107B2000A2680DF106030121E06802F6560219F081
:107B3000F4FDBDF80600A36840B12A463146204650
:107B400003F6560318F075FF0135E9E783F8560888
:107B500002B070BDDFF3021010B5044618F0DAFF72
:107B600003490246204618F064FF002010BD00BF04
:107B7000E3EE0210022907B50BD153680C490093BC
:107B800012680C4B18F071FF6FF0150003B05DF830
:107B900004FB8368084A03F580535B6F074913F0C1
:107BA000020F074B18BF1A4618F043FF0020EDE7FD
:107BB00002F40210EDF30210E9F302100BF40210CC
:107BC0009726031010B58368044603F580535B6F56
:107BD0009A0603D50749406919F007FDA36803F524
:107BE00080535B6F9B0603D50349606919F0FDFC68
:107BF000002010BDF0C70210F5C70210F0B5012932
:107C0000044685B00AD05368614900931268614BFD
:107C100018F02BFF6FF0150005B0F0BD836803F579
:107C200080535B6F990603D55B49406919F0DDFC11
:107C300000256FF0F9012046FFF794FCFA21204659
:107C4000FFF7A6FCA0684FF40062294600F6560034
:107C50008DF80B5022F09DFC5049606919F0C5FC6D
:107C6000606918F067FF4FF47A7660680122036854
:107C70000DF10B011F6903ABB847039BF3B9013E3C
:107C80004FF47A70B6B221F01AFB002EEDD1A36842
:107C900003F580535B6F9B0603D54149606919F07A
:107CA000A4FC5022A36820465A871822A3683D49A5
:107CB0001A8718F0CCFE6FF00700ADE79DF80B2097
:107CC000A3681B2A56D093F856181B29CDD1522AE7
:107CD00050D15A19002382F85638A66896F85728CA
:107CE0005B2A2ED1022506F6570010F8011F2A46FE
:107CF0003B2905F10105ADB226D140F2FF718A4260
:107D0000C5D002F6560216FA82F1002211F8010FD0
:107D100020BBFA2A28BFFA22FA2B28BFFA2386F8BA
:107D20005608A1684A87A2681387A36803F58053A1
:107D30005B6F9A0603D51A49606919F056FC00205A
:107D40006AE786F85638A2E703EB8303303901EB84
:107D50004301B5F5006F8BB2C7D198E7013502EB4F
:107D60008202ADB2303800EB4200B5F5006F82B24E
:107D7000CCD18CE72B440135ADB2092D83F85628C0
:107D80007FF673AF0022A36883F856287FE700BF11
:107D900002F40210EDF30210FBC7021056F40210B9
:107DA000FFC702101CF402102DE9F04F07461546DC
:107DB000894689B021B1104619F064FD00285CD1D4
:107DC000032456E05C463CE029460AF6560022F0C1
:107DD000DFFC0646002855D0F9F75AFB82B2601C3A
:107DE00031460132304422F0BAFB22465946304631
:107DF00022F0A8FB4FF020033355BAF8543008F1B5
:107E0000010801331C44AAF85440002401994B1C7A
:107E1000484603AA0193FFF72FFB0646F0B1002264
:107E20002846316819F092FF0028EFD1D6F800B04B
:107E3000D7F808A0BBF1000FC4D05846F9F728FBCB
:107E400084B2BAF854302344B3F5006FBCDB2B4640
:107E5000032138460C4A19F010FA0124B8F1000F3A
:107E600007D0B8682A4600F1540100F6560018F011
:107E700091FF204609B0BDE8F08F4FF000080224C2
:107E80004146C4E70224E9E70CF902102DE9F04766
:107E90001D46D0F80890304BA6B01B6825934FF0D4
:107EA0000003D9F80C3080460F4616469847036801
:107EB000802B17D929490B685C0708D0284B0293FF
:107EC000002301221846CDE9003319F020FD6FF0A0
:107ED0001500214B1A68259B5A404FF0000337D0FC
:107EE00022F0F4F8002E05DA1C490B685807EED092
:107EF0001C4BE4E746EA05045A1E14400ED017490D
:107F00000A685207E3D00393174B01220293002320
:107F10001846CDE9003319F0FAFCD8E7802239463B
:107F200005A822F036FB2046AC42D2D2A5EB040ACB
:107F3000BAF1800F28BF4FF0800A40465346D9F867
:107F4000047005AA3119B8470028C2DB5444EBE796
:107F500026B0BDE8F08700BFC8230330440A0030D4
:107F60005EF9021084F90210A1F90210F0B507467B
:107F70000D4687B0002945D02F4E33685A0741D0AF
:107F800000248B68012205934B68204604930B68FC
:107F900031460393294BCDE900440293234619F05F
:107FA0004CFD33685B072DD06B69204605932B6928
:107FB00001220493EB6831460393214B0094CDE9F1
:107FC0000143234619F039FD336858071AD0EB698D
:107FD000314603931B4B0122CDE901432046234642
:107FE000009419F02AFD336859070BD0AB690122C0
:107FF0000393154B3146CDE90143204623460094B7
:1080000019F01BFD012F10D1EFF305830A490A680F
:1080100052070AD0103B03930C4B3A4602930023BD
:108020001846CDE9003319F008FD2946384607B057
:10803000BDE8F04012F026BE880A0030D9F90210DF
:1080400008FA021037FA021046FA021074FA021007
:1080500030BFFFF7FDBF00BF2DE9F04105460B4ED5
:10806000DFF82C80324606EB0807CC1B2046094976
:1080700022F068FAA01942460021083C22F089FA51
:10808000C5F8A84007F10800BDE8F081080000002D
:1080900008000000B0C702102DE9F04F9B4653685E
:1080A0008FB006934B699146DBF81C2082468846C8
:1080B00007931AF02EF80AAB04464A46414650464A
:1080C000D9F800501AF07AF80AAB074680B1B849DF
:1080D0000B685E0708D0B74B0122029300231846B5
:1080E000CDE9003319F0C4FC38460FB0BDE8F08F7D
:1080F0009DF8342002F00F02032A01BF2820BDF8AA
:108100003620D8F8B410424307BFD8F830608A58F8
:10811000D8F82C600A9A009316444B4641465046C4
:10812000CDE9016B09AA03F0B5FB074670B1A04980
:108130000B685D07D8D0A04B012202930023039661
:108140001846CDE9003319F093FCCDE79DF81800EF
:108150006219322800F2778101A353F820F000BFA2
:10816000E9800010358200102D820010B7820010C7
:108170004784001047840010478400104784001093
:108180004784001047840010FB82001047840010D1
:108190004784001047840010478400104784001073
:1081A0004784001047840010478400104784001063
:1081B0004784001043840010438400103984001069
:1081C0004784001047840010478400104784001043
:1081D0003582001035820010FB82001047840010A9
:1081E0004784001047840010478400104784001023
:1081F00047840010478400102D820010478400102F
:10820000618200104784001073820010BF8200104A
:10821000BF820010BF820010BF820010CD8300100B
:10822000CD830010CD830010CD8300106359099ACF
:1082300013441CE06FF07C4EDDF824C06159ACEBB8
:108240000203080203EBA01303F10070013870452C
:1082500080F08680C3F3970301F07F410B4306E073
:108260006259564B134043F0D07343F4704363514B
:108270003AE709986159A0EB020C41F31E036344ED
:1082800013F1804F12D54A490B685C070BD005905B
:108290004B4BCDE903620293002301221846CDE93E
:1082A000003319F0E5FB6FF007071DE723F00043EB
:1082B00001F00041D2E7099B9A1A6359B8E7615966
:1082C0000B09C1F30B0603F470433343099E06FA0E
:1082D00083F3A0F12D06012E0CD92C28394A08BFB2
:1082E0001B140A40C3F30B011B010A4303F4702360
:1082F0001343BCE79B1A2E28F0E740F6FE78605B3C
:1083000051884FEA902E4FEA0E6308EA410803F0C5
:10831000807343EA0803DFF8B080DDF824C008EA80
:10832000003843EA08038EEA51386FEA08088EEAFB
:10833000D12E6FEA0E0E08F0010843EAC8536FF021
:108340007E480EF0010E43EA8E5343F31803ACEB64
:10835000020E734403F1FF1E0EF57F4EC64506D391
:1083600013490B6858079ED0CDF814C090E7C3F3AB
:10837000093C00F47840C3F300664CEA000040EA90
:108380008620605301F45041C3F34A00014383F453
:108390000000C0F3C05083F480037040C3F38053E7
:1083A00041EA4031734041EAC32353809CE600BF59
:1083B0003C0A003087FA0210AAFA02100F0000F0FF
:1083C000C4FA021000F0E0FF00F03F0034F805C0EE
:1083D00051884FEA0C334FEA4C0606F400669BB214
:1083E0003343967833430E0906F4E0663343099E1F
:1083F00006FA83F3A0F13106012E1AD9302808BFFE
:108400001B145E08C3F3033006F480662CF4816C01
:1084100030432CF0070C40EA0C0C01F40F41D8B2A9
:108420001B01014303F4E043194324F805C05180C4
:108430005AE69B1A3228E2E76359079A1A44134610
:1084400015E7099B13E708490B685B073FF42BAF5F
:10845000064B03900293002301221846CDE9003316
:1084600019F006FB1FE700BF3C0A0030F4FA0210C7
:10847000054B5A699B689A421FBF044A536843F0F0
:108480008053536013F0AABB708E003000ED00E003
:108490007FB54D4C064623680D46580709D04B4B17
:1084A00001220293002321461846CDE9003319F03A
:1084B000EFFA474B9B6AD90640F1838023685A073D
:1084C00009D0444B0122029300233F491846CDE9CD
:1084D000003319F0DDFA11203D4B9B6A1B070DD5C7
:1084E0002368590709D03C4B0122029300233649E7
:1084F0001846CDE9003319F0CBFA1220344B9B6AB1
:108500009A0726D523685B0709D0344B01220293D2
:1085100000232D491846CDE9003319F0B9FA2C4B48
:108520005A6B9B6A180613D5236859070AD02C4B3F
:1085300003920293002301221846CDE90033224919
:1085400019F0A6FA26B1224A936A23F080039362B7
:1085500013201F4B9B6ADA070DD523685B0709D0F0
:10856000204B01220293002317491846CDE900331E
:1085700019F08EFA1420164B9B6A9E060DD52368BF
:10858000580709D0184B0122029300230E491846C0
:10859000CDE9003319F07CFA15200D4B9A6AD1060B
:1085A00058BF9A6A9A6A920642BF5A6A22F40052E7
:1085B0005A629A6A42F0FF029A6200232B7004B05A
:1085C00070BD102088E700BF880A003010FB021041
:1085D00000ED00E026FB021059FB02106CFB0210BC
:1085E00084FB02109AFB0210B9FB02107FB5504CBD
:1085F000064623680D46580709D04E4B01220293C8
:10860000002321461846CDE9003319F041FA4A4BC0
:108610009B6AD90478D523685A0709D0474B0122B1
:108620000293002342491846CDE9003319F030FA8D
:108630001720414B9B6A1B050DD52368590709D0AC
:108640003F4B01220293002339491846CDE90033FC
:1086500019F01EFA1820384B9B6A9A0526D5236814
:108660005B0709D0374B012202930023304918469B
:10867000CDE9003319F00CFA2F4B9A6B9B6A180462
:1086800013D5236859070AD02F4B03920293002376
:1086900001221846CDE90033254919F0F9F926B130
:1086A000254A936A23F4004393621920224B9B6A64
:1086B0005B050DD523685E0709D0244B0122029388
:1086C00000231B491846CDE9003319F0E1F91A20BF
:1086D000194A936A13F4807318D02368580709D095
:1086E0001B4B01220293002311491846CDE90033A8
:1086F00019F0CEF91B20104A936A43F47F4393622A
:1087000000232B7004B070BD162092E7926A91048A
:10871000F1D52268520708D00E4A1846CDE9013239
:1087200003490122009319F0B3F91C20E3E700BFCD
:10873000880A0030E8FB021000ED00E0FEFB0210AA
:1087400059FB02100FFC021028FC02103DFC021025
:1087500058FC0210B9FB02101FB54C4C2368580797
:1087600009D04B4B01220293002321461846CDE944
:10877000003319F08DF9474B9B6A990140F18380D2
:1087800023685A0709D0444B0122029300233F4932
:108790001846CDE9003319F07BF91E203D4B9B6A4A
:1087A000DB010DD52368580709D03C4B0122029309
:1087B000002336491846CDE9003319F069F91F2026
:1087C000344B9B6AD9020DD523685A0709D0344B24
:1087D0000122029300232D491846CDE9003319F0F8
:1087E00057F902202B4B9B6A1B030DD523685807B2
:1087F00009D02C4B01220293002324491846CDE9CD
:10880000003319F045F92120224B9B6A59030DD5FD
:1088100023685A0709D0244B0122029300231B49E5
:108820001846CDE9003319F033F92220194B9B6A21
:108830009B030DD52368590709D01C4B01220293D5
:10884000002312491846CDE9003319F021F92320FD
:10885000104B9B6ADA030DD523685B0709D0144BD4
:1088600001220293002309491846CDE9003319F08B
:108870000FF92420074A936A6FEA03436FEA134310
:10888000936204B010BD1D2088E700BF880A003045
:1088900070FC021000ED00E088FC02109BFC02104E
:1088A000B5FC0210DFFC0210FDFC021022FD0210DC
:1088B0003CFD02101FB5594C23685B0709D0584B8B
:1088C00001220293002321461846CDE9003319F016
:1088D000DFF8544BD3F8E820D3F8E43058060DD530
:1088E000236859070AD0504B0392029300230122B8
:1088F0001846CDE90033494919F0CAF8494AD2F877
:10890000E40010F0010016D023685B0709D0474B44
:1089100001220293002341491846CDE9003319F0A2
:10892000B7F826203F4AD2F8E43043F0FF03C2F8FC
:10893000E43004B010BDD2F8E43013F002030DD0DF
:1089400023685C0708D03A4B0122CDE90103334983
:108950000346009019F09CF82720E3E7D2F8E400E2
:1089600010F004000DD02268500708D0314A184694
:10897000CDE9013229490122009319F089F8282014
:10898000D0E7D2F8E43013F008030DD0236859077C
:1089900008D0294B0122CDE901032049034600906C
:1089A00019F076F82920BDE7D2F8E40010F01000A5
:1089B0000DD02268520708D0204A1846CDE901326E
:1089C00016490122009319F063F82A20AAE7D2F889
:1089D000E43013F020030DD023685C0708D0184B57
:1089E0000122CDE901030D490346009019F050F82A
:1089F0002B2097E7D2F8E42011060DD52268520704
:108A000008D0104A1846CDE90132044901220093EA
:108A100019F03EF82C2085E7252083E7880A0030EE
:108A200067FD021000ED00E080FD021090FD0210D5
:108A3000A6FD0210C4FD0210DFFD0210FCFD0210B5
:108A400011FE02102BFE02102DE9F041984B044656
:108A50005F6890B00023C7F3080683F31188BFF363
:108A60006F8F02F07F40B0F17F4F43D112F00105CC
:108A700041D012F0400502F0080804D0B8F1000F10
:108A800035D101251DE0500758BF2146894A0B68A2
:108A900058BF01251A44012A98BF0B6C86490A6801
:108AA000520709D00393854B0122029300231846F5
:108AB000CDE9003318F0ECFFB8F1000F14D0EFF35C
:108AC000898400238DF81F30F31E092B00F2D38018
:108AD000DFE813F01300BD00C100B100B900D10000
:108AE000D100D100D100C500EFF38884E9E70C463E
:108AF0001D46E6E71D462C46E3E76F4E33685F07E9
:108B000009D06F4B01220293002331461846CDE96C
:108B1000003318F0BDFF002165488DF81F10C36AAF
:108B200013F002030ED03368580709D0654B00914B
:108B3000CDE901130B4601225F49184618F0A8FF42
:108B4000002341E0C26A002A07DA32685207F7D0F0
:108B50005D4A0093CDE90132EDE7C26A5700EFD5D7
:108B60003268500708D0594A1846CDE901325249B7
:108B70000122009318F08CFF4D4BA1695A6942F411
:108B800080725A61BFF34F8FBFF36F8F5A6931F80C
:108B9000021C22F480725A61BFF34F8FBFF36F8FB4
:108BA0004DF6027291422FD1336859070BD02368DA
:108BB00001220393464B4049029300231846CDE916
:108BC000003318F065FF23689DF81F20CAB908AE6E
:108BD00004F12007324620686168083403C2BC42B1
:108BE0001646F7D10F9A002D5DD0C2F3080121B9C6
:108BF0006FEA52226FEA42220F92184608A9FFF745
:108C0000B5F910B0BDE8F0819A6AD2B22AB101205C
:108C10000DF11F01FFF73CFC17E09A6A12F47F4F39
:108C200005D001200DF11F01FFF7E0FC0DE09A6A6D
:108C3000B2F5803F02D3FFF78FFD06E0D3F8E430B2
:108C4000002B3FF47DAFFFF735FE0346BCE7002065
:108C50000DF11F01DEE700200DF11F01E4E71649C9
:108C60000B685A073FF46CAF1A4B012202930023A2
:108C7000CDE9003361E710490B685B073FF460AF53
:108C8000154A17F4F87F154B18BF1346103ECDE96F
:108C90000336134B0122029300231846CDE900331B
:108CA00018F0F6FE4CE722F4FF7222F00102A3E76F
:108CB00000ED00E0A6ED0501880A00306CFE021010
:108CC0008BFE0210A2FE0210C3FE0210D1FE0210A3
:108CD000F0FE02100CFF021053FE02103EFE0210C6
:108CE00030FF0210064B5A6942F010025A615A696D
:108CF00042F480625A615A6922F008025A61704750
:108D000000ED00E0EFF30880EFF3098101B5724652
:108D1000FFF79AFE01BD00BF0F4880F3088817F0E7
:108D2000C2F9202080F311880C484FF0AA014FF4BB
:108D3000006220F028FB09484FF40061401880F3DE
:108D40000988EFF314800221084380F31488BFF3ED
:108D50006F8F00F085F80000304E0230F0C4013013
:108D6000084B9B6883420BD1EFF3058343B1064B5D
:108D70005A6842F080525A605A6A22F400425A629B
:108D800013F038BB708E003000ED00E016498A68A1
:108D90004FF030001044EFF3098C80E8F01F2020E2
:108DA00080F31288BFF36F8F104F4FF000664A694F
:108DB0008A603E60D2F8A8000D4C2060D2F8AC006A
:108DC0000023C2F8AC3080F3118802F1300090E843
:108DD000F01F8CF3098802F1000004B518F06CFE56
:108DE000BDE8044070470000708E003004ED00E0E4
:108DF000B47500301EF0040F0CBFEFF30880EFF3E2
:108E00000980816911F8021C0229FFD001B5724660
:108E100018F023FE01BD00BF00B2002807DB0123CC
:108E20004109034A00F01F00834042F82130704797
:108E300000E100E000B2002801F10101ACBF00F147
:108E40006040064B4FEA4111C9B2ABBF00F561402B
:108E500000F00F0080F800131954704714ED00E083
:108E60000F4A08B50F4B22F07F029A60BFF34F8F75
:108E7000BFF36F8FD3F8882022F47002C3F88820E4
:108E8000EFF3148323F0040383F31488BFF36F8F8D
:108E900011F0E6FF13F0F8FC00F04AF812F05CF86D
:108EA0000000001000ED00E042F8203C009B0B4960
:108EB00042F81C3C019B21F0010142F8183C029B46
:108EC00042F8081C42F8143C4FF0807342F8043C0E
:108ED0000023203A0265C0F8AC30704745330010DB
:108EE00000B50C4B15469860D0F8A8200A4B0E46EA
:108EF0001A60D0F8983083F30B882C4686F30988E3
:108F00000020064B98472046002100220023044CF5
:108F1000204700BF708E0030B4750030C31A0210B5
:108F2000453300101022014B1A61704700ED00E03C
:108F3000002320210348C21801339B2B82F8001321
:108F4000F9D1704700E100E008B5EFF30583064A68
:108F5000103B02EBC30152F8330049688847BDE873
:108F60000840FFF785BA00BF8CB10210F0B587B09A
:108F700007460E4614460021102268461D4621F081
:108F800008FB02238DF80230054B2A46214668462D
:108F9000CDE90476019314F007FC07B0F0BD00BFE3
:108FA000EB1A021008B5024814F05AF8FEE700BFA9
:108FB00067DD021008B5024B1B689847002008BD0A
:108FC000B8750030034B044A1860937843F00203ED
:108FD00093707047B8750030D806003008B5054862
:108FE00016F0CEFD002383F31188BFF36F8F0423A7
:108FF000184602DF43FF021008B50649064821F073
:109000000701C1F1405202F5A02216F007FD002031
:1090100008BD00BFD3270330BC7500304FF0FF32CE
:109020004FF0FF33014812F063B900BFE80600308B
:10903000014812F0D5B900BFE806003038B5054642
:10904000FFF7ECFF2A460821074816F0D1FB04463B
:1090500028B925B121F0B8FD0C22044B1A50FFF7B6
:10906000E7FF204638BD00BFBC750030140000008B
:1090700038B504460D46FFF7D1FF21462B4608229E
:10908000074816F029FC044628B925B121F09CFDBB
:109090000C22044B1A50FFF7CBFF204638BD00BF0F
:1090A000BC7500301400000010B50446FFF7B6FF91
:1090B0002146034816F053FBBDE81040FFF7B8BF48
:1090C000BC75003070B5A0FB01543CB92846FFF7D1
:1090D000B5FF064640B90026304670BD21F074FD4C
:1090E0000C22044B1A50F6E72A46214621F051FA89
:1090F000F2E700BF1400000038B50025074C2046F9
:1091000020F0F6FA04F11400013520F050FD052D91
:1091100004F12404F3D1002038BD00BFC87500302D
:1091200008B500F0B7F8012200230949C0E9002280
:1091300041610849C0E902330A60074903610A60D6
:10914000064A1360064A1360064A136008BD00BF52
:10915000F82203101807003014070030847600301E
:10916000807600307C7600302DE9F04107460E46CF
:10917000154600F08FF8C36804461BB943691A7896
:10918000002A41D10023E3606368BB4256F82320E4
:1091900008DB324B6361204600F062F84FF0FF308D
:1091A000BDE8F081511C616192F80080B8F12D0F8B
:1091B000EFD1911C616151782D29A16004D1927881
:1091C0006AB901336360E4E749B9244B4146284654
:1091D000636121F08CFA0028DDD0C4F80880D4F84F
:1091E00008802846414621F082FAB8F13A0F6369B7
:1091F00000D070B91B7813B96368013363602046EF
:1092000000F02EF83F20CBE75A1C42611B788360A8
:10921000E5E742783A2A0BD0002222611B7813B985
:10922000636801336360204600F01AF8A068B7E76E
:1092300018786268094928B901329742626004DDF2
:1092400056F82230C4E90431EAE761612D782046FE
:109250003A2DD5D100F004F82846A1E7F8220310F2
:109260000268074B1A604268064B1A608268064B18
:109270001A60C268054B1A600269054B1A60704794
:1092800018070030140700308476003080760030F4
:109290007C76003000487047FC06003030B503464D
:1092A000EFF31181202282F31288BFF36F8F002227
:1092B0000C4C04EB0210057B15F0020F0CD143F0AF
:1092C000020325F0030203F003031343037381F346
:1092D0001188BFF36F8F30BD0132102AE9D1002011
:1092E000F5E700BF88760030134640F20112914244
:1092F00010B504460AD040F20712914210D0B1F5E1
:10930000807F14D101F0C8F900280DE0D3E90012E4
:1093100001F056F90028F7D1204601F075F9F3E77E
:10932000196801F095F9002808DA434200E05F234C
:1093300021F04AFC024A13504FF0FF3010BD00BF2D
:109340001400000008B501F017F9031E06DA21F039
:109350003BFC034A5B4213504FF0FF33184608BDF5
:109360001400000008B501F0E3F8031E06DA21F04E
:109370002BFC034A5B4213504FF0FF33184608BDE5
:10938000140000002DE9F84391464B118A1002F0B9
:10939000100203F02003CE10134306F040061E43D4
:1093A00001F00303012B80460C4629D0022B2AD062
:1093B0000BB946F00106FAF795F8071E1DDB0020F1
:1093C000FFF76CFF0546C8B30023C0E90033037202
:1093D00063061BD441462846F2B200F0CDFF041EBE
:1093E00023DA2B7B6FF341032B73384616F0ECFB2B
:1093F00021F0EAFB134B64421C504FF0FF371AE098
:1094000046F00206D7E746F00306D4E709F0030268
:10941000414642F0100200F0AFFF041EE1DB284697
:1094200001F060F8041ED5DADBE700232946384650
:10943000054AFAF797F83846BDE8F8836FF0170445
:10944000D3E700BF140000001C070030012830B52E
:109450000C4609D0042817D100230022C1E90023BB
:1094600000238B60002030BDEFF31185202383F3B0
:109470001288BFF36F8F084B0FCB84E80F0085F382
:109480001188BFF36F8FEDE721F09EFB1622034B8F
:109490001A504FF0FF30E6E7502200301400000071
:1094A00030B501280C4685B01FD0042821D10023F7
:1094B0000022CDE900230023029320F069FE42F24E
:1094C00010720023F7F77CFF009B134DC018019B1F
:1094D00043EB0101029BC4E9000105FB02320F4B83
:1094E000A2609A420ED800200AE06946FFF7AEFF5C
:1094F000E3E721F069FB1622094B1A504FF0FF30C9
:1095000005B030BD074B013041F100011344C4E9FF
:109510000001A360E7E700BFA0860100FFC99A3BF6
:1095200014000000003665C438B50024054D2846F7
:10953000013420F03CFB052C05F10805F7D1002093
:1095400038BD00BF8877003038B50024054D284667
:10955000013420F0CDF8052C05F11405F7D10020D9
:1095600038BD00BFB07700300A4B30B51C4600252F
:10957000094A191BB1F5707F01D9002030BD506830
:1095800003F1C001C3E930200160F03303F8085C47
:109590005160EEE7602200302C07003070B5416961
:1095A0000446857A0B4E59B1437ADB0706D4302343
:1095B00003FB05639B6A1B689B68984700236361F4
:1095C00005EB4505214606EB0510BDE8704020F08F
:1095D0006CB900BFFC0C00303021827A064B01FBD5
:1095E0000233DA6A93F82230801A1B3323F0030324
:1095F000B0FBF3F0704700BFFC0C003038B53024EE
:10960000827A064B04FB02339B6AD3E901240C6087
:109610001568FFF7E1FF04FB005038BDFC0C00307B
:109620002DE9F04385B00546684690461C460391F7
:1096300020F0B0FDDDE90067EFF31189202383F30B
:109640001288BFF36F8F2B8C002B43D0EA8B9A428A
:1096500025D900220023284611F012FF0446F0B15C
:1096600089F31188BFF36F8F039B002B43D03246E1
:109670003B46684620F0B2FD3021A27A264B2046B8
:1096800001FB02339B6A03A91B681D68DDE9002307
:10969000A847606180BB2046FFF780FF26E0298C49
:1096A0004B1E2B8489F31188BFF36F8F95F82230FE
:1096B000EA8BEC6A1B3323F00303521A02FB0344C8
:1096C000154B164AEB1A1B115343A37295F822301F
:1096D000E372C9E789F31188BFF36F8F23464246CF
:1096E000284611F0CDFE04460028BDD100242046B6
:1096F00005B0BDE8F0836361012300252381039B4E
:1097000029466382E27A656004F1180020F041FF87
:1097100063692582E360EAE7FC0C0030ABAAAAAAE1
:1097200070B530250B4C00B970BD037A4668013B1B
:10973000DBB20372002BF7D1C3604360837A05FB71
:1097400003435B6A13B198473046ECE7FFF726FF07
:10975000FAE700BFFC0C0030F0B5EFF311842023D2
:1097600083F31288BFF36F8F036BDD0740F18380B3
:10977000B1F5817F44D00BD8032930D0042936D0ED
:109780005F2321F021FA3E4A13504FF0FF3029E0C9
:1097900040F203139942F3D1D2E900329988CD0700
:1097A0000AD5D0E90A152943D98818BF41F001012B
:1097B000D980116814311160998849071ED5D0E904
:1097C0000A51023571F1FF3134BF01200020D988E0
:1097D00041EA8001D9801368143313600EE044F22B
:1097E0000200184084F31188BFF36F8FF0BD126838
:1097F00024490A4241D10B40134303630020F1E79F
:109800009168D2E90053AA88D70718D51A689142FF
:1098100001D10C23B5E7012710611A68567B67F365
:10982000050656731A68967B6FF3451696731A6889
:10983000D6686FF39436D6601A6814321A60AA8814
:109840005607DBD51A689142E3D010301061012031
:109850001A68517B60F3050151731A68917B6FF3AD
:10986000451191731A68D1686FF39431D1601A6809
:1098700014321A60C2E7092383E7162381E700BF89
:1098800014000000FDBFFFFF2DE9F3411E46002339
:10989000072A04460D46CDE900330BD961B90E23E2
:1098A00021F092F94FF0FF34344A1350204602B0B1
:1098B000BDE8F0811623F3E7EFF311874FF020089E
:1098C00088F31288BFF36F8F036B5B040ED5B0472C
:1098D000002850DA434221F077F94FF0FF34274A4D
:1098E000135087F31188BFF36F8FDFE720F063F920
:1098F00008B10B23EFE76A462046214901ABF9F78F
:109900009FFD87F31188BFF36F8F00984FF0FF32F0
:109910004FF0FF3311F0ECFCEFF3118788F312885E
:10992000BFF36F8F29462046B04710F10B0F024658
:1099300012D0F0B121F048F94FF0FF340F4B5242F2
:109940001A5087F31188BFF36F8F019812F060F8F7
:10995000009811F045FDA9E787F31188BFF36F8FD9
:10996000DDE900104FF0FF324FF0FF3312F0AEF898
:10997000D2E70824E5E70824B3E700BF140000009D
:1099800048D00210014BFFF77FBF00BF051F021038
:10999000014BFFF779BF00BF731F0210002373B59F
:1099A0000546CDE9003320F006F9044648B121F020
:1099B0000BF90B224FF0FF341E4B1A50204602B019
:1099C00070BD6A4628461C4901ABF9F739FD00987D
:1099D0004FF0FF324FF0FF3311F08AFCEFF31186A6
:1099E000202383F31288BFF36F8F2B6BDB0711D417
:1099F00021F0EAF809224FF0FF340E4B1A5086F39B
:109A00001188BFF36F8F019812F028F8009811F0B9
:109A1000E7FCD3E7094B0A4AEB1ADB105A43012152
:109A2000084816F057FA002200232C63C5E90A23E0
:109A3000E5E700BF1400000048D0021010270030F6
:109A4000B76DDBB6440700302DE9F34721F48047BA
:109A500027F002078046894657B121F0B5F8162253
:109A6000214B1A504FF0FF35284602B0BDE8F08771
:109A700001211E4801AA16F0DBF9002804DA21F0C2
:109A8000A3F80C22184BECE73823019CDFF860A008
:109A90005C43F9F727FD051E04EB0A0605DA0121F0
:109AA000019A124816F016FADCE749F00103103467
:109AB000C6E90A8733635444204620F005FD30464A
:109AC00020F002FDB8F1000F03D03946304613F004
:109AD00085F90021204613F081F9002331462846FC
:109AE000044AF9F73FFDBFE71400000044070030C7
:109AF0001027003048D0021010B509220C46074943
:109B0000F9F780FC30B108222146054BFFF7BCFE77
:109B1000C01710BD4FF0FF30FBE700BF48D0021068
:109B2000731F021007B50949CDE900230922F9F78F
:109B300069FC40B108226946054BFFF7A5FEC01736
:109B400003B05DF804FB4FF0FF30F9E748D0021096
:109B5000051F02102DE9F04F0F464FF00009B846DF
:109B60004E469DB0069008A814461D4620F012FBF4
:109B7000DDE90823DDF818A0CDE904230DAB0A9335
:109B8000CDF80C90B8F1000F1ED1002E6FD0B5F1BA
:109B9000FF3F08BFB4F1FF3F4FF0FF3006D0A042B7
:109BA00078EB05085CD30A20B4FBF0F0CDE9007037
:109BB0004FF482724946069B039818F00AFA06464B
:109BC00030461DB0BDE8F08FDAF80000002842DB17
:109BD0000CAA0BA9F9F76CFC834600283BD00C9823
:109BE0004FF0FF324FF0FF3311F082FB1CAB0193BB
:109BF0000AAB00934FF48172534659460B9818F004
:109C0000E8F910F1780F03461AD10023002208A8C2
:109C100020F0C0FADDE90834CDE9043400242546FB
:109C200023460C98079311F0DBFB079B002B12DAFD
:109C30005B4220F0C9FF444A4FF0FF361350BFE7A4
:109C400010F1120FEDD1039B13B9D9460B9B03936F
:109C500000230126E5E70AF1080A08F1FF3891E739
:109C60000A22002320462946F7F7AAFB9EE7DDE9F2
:109C7000042308A820F0B2FADDE90845B0462246E0
:109C80002B46DFF8C8900A990DAC091B891009FB17
:109C900001F1204613F04AF800F10B030B2B04D816
:109CA0002B4E1E4116F0010601D04342C1E73D464E
:109CB000B2460A94069C8DB9BAF1000F80D0002EEE
:109CC0007FF47EAFDDE9042308A820F087FADDE900
:109CD00008452B4625432246D5D171E72068A4F8D4
:109CE000068000282ADB0CAA0BA9F9F7E1FB8346C2
:109CF00018B92023E380013620E00C984FF0FF32A2
:109D00004FF0FF3311F0F4FA0AAB5946009340F2DA
:109D1000031223460B9818F05CF983460C9811F057
:109D20005FFB1BF10B0F0CD0BBF1000F02D0CBF18E
:109D300000037EE7B4F90630002BDCD10834013D86
:109D4000B9E74FF0010AF9E714000000CDCCCCCC04
:109D50007EF7FFFF2DE9F04F89B016461D460F46EE
:109D6000129CD1B1D1F800E0CEB1D6F80090C5B1C7
:109D7000D5F800C04EEA090252EA0C025ED000217A
:109D800001238846134227D0B8F1020F0BDD20F0E3
:109D90001BFF0C225B4B1A504AE08E46E4E7B146AB
:109DA000E5E7AC46E6E713EA0E0F14BF01200020FA
:109DB00013EA090F18BF40F004000DF1200A13EA5E
:109DC0000C0F0AEBC80A18BF40F002004AF8181C32
:109DD0002AF8140C08F10108013120294FEA430345
:109DE000D0D16CB3484A20686368A0FB020102FB33
:109DF00003114FF47A72A368B3FBF2F3C01841F178
:109E000000010029BCBF0020014663304FF064020E
:109E10004FF0000341F10001F7F7D2FA02460B467A
:109E2000414602A8FFF796FEB0F1FF3F82460BD1F4
:109E30004FF0FF34204609B0BDE8F08F9046D0E7E0
:109E40004FF0FF321346EBE717B1384618F0DAF857
:109E500016B1304618F0D6F815B1284618F0D2F8E9
:109E600000240DF10809009435E0DA0707D537B171
:109E700039465846019318F0C8F8019B013403F0A5
:109E80001A025B0717D576B131465846019218F091
:109E9000BCF8019A631C9AB385B3294618F0B5F84B
:109EA0000234314602E07AB175B12946584618F0BD
:109EB000ACF8013408E03AB125B12946584618F00B
:109EC000A4F80134002EECD10AF1FF3A009B09F10D
:109ED000080901330093009B9845ABD0BAF1000FFD
:109EE000A8DDB9F90630002BF0D09906D9F800B0FA
:109EF000BBD520F069FE0922024B4CE71C46D0E797
:109F00001C46E1E71400000040420F0030B50D4D43
:109F10000D4C85B02B8801A92046ADF804301EF009
:109F2000C8FD6B8802A92046ADF808301EF07BFD05
:109F3000AB88204603A9ADF80C301EF028FD05B013
:109F400030BD00BF03C80210005004502DE9F0439B
:109F50008FB04FF0A045FFF7D9FF4FF0806343F279
:109F6000FE30C5F828320EF083FDC94AC94893680F
:109F7000C94C23F00F0343F0030393600EF09EFCE3
:109F800008230026CDE90043012432234FF01909AC
:109F9000C24F6846CDE90243CDE9046606970EF04C
:109FA000C9FE30460EF058FD46F2FE300EF060FD60
:109FB000214620201DF01DFEB9480EF0B3FCB94B20
:109FC000CDE90B66CDE907390A264FF48073CDE958
:109FD0000963B54B07A80D930EF00EFF21463920FB
:109FE0001DF007FE214640F255101DF002FE44F21E
:109FF00015000EF03DFD21464FF4AB701DF0F9FD4C
:10A0000044F216000EF034FD21464FF4AC701DF002
:10A01000F0FD44F218000EF02BFD214640F25B10DB
:10A020001DF0E7FD44F21B000EF022FD4FF4002866
:10A030004FF48013C5F82082C5F820324FF4001386
:10A04000C5F820324FF40003984EC5F82032D6F8F8
:10A050000431214643F01003C6F8043165201DF099
:10A06000C8FD44F28C000EF003FD202341F2D40021
:10A07000C5F824320EF0FCFC0423C5F82832C5F8DC
:10A080000831D5F80821214622F00402C5F808213C
:10A090002320C5F8C0351DF0ACFD214634201DF04D
:10A0A000A8FD42F203000EF0E3FC2146A9201DF0BA
:10A0B000A0FD44F2D0000EF0DBFC214697201DF0FD
:10A0C00098FD44F2BE000EF0D3FC79494FF42060B5
:10A0D000F9F724FB774B98474FF000437648C5F8D3
:10A0E00024321DF031FE41F20A000EF0C1FC494657
:10A0F00021201DF07EFDC5F82C82D6F804312146C2
:10A100002343C6F8043125201DF073FD43F21100EE
:10A110000EF0AEFC4FF4A063C6F82431D6F800313F
:10A1200023F00103C6F80031D6F8003143F461632F
:10A1300043F00C03C6F800313369D807FCD45F4BF9
:10A14000D3F80028D1070BD45D4A9A60D3F80028D1
:10A1500042F00102C3F80028D3F80028002AFBDAF5
:10A160004FF0A042D2F8283243F44033C2F82832EC
:10A17000524BD3F8082122F03402C3F808211422EC
:10A18000C3F80821D3F8002142F00102C3F80021EE
:10A19000D3F80021D201FBD54FF0A044D4F8183AEF
:10A1A0003F4943F02203C4F8183A4FF48033C4F80F
:10A1B00028324FF400330020C4F828320EF058FF44
:10A1C0000EF0B2FF3F4A364902201EF08EFC0121FC
:10A1D000BD201DF00EFD44F2E4000EF049FC334AB0
:10A1E0000220D2F8043143F48813C2F804310EF08F
:10A1F0000FFC012199201DF0FCFC4FF403500EF0E0
:10A2000037FCD4F8183A062143F04003C4F8183A52
:10A210004FF404701DF0EDFC012140F20F201DF001
:10A22000E8FC012140F20E201DF0E3FC42F2342054
:10A230000EF01EFC41F239200EF01AFC41F23520DE
:10A240000EF016FC01212D201DF0D3FC44F2240059
:10A250000EF00EFC01214FF4B1701DF0CAFC45F266
:10A2600088100EF005FC20230121C4F8283240F2AA
:10A2700063101DF0BEFC45F289100EF0F9FB40237F
:10A28000C4F82832104B1F600FB0BDE8F08300BF48
:10A2900000300450006CDC02B035000280D1F008C0
:10A2A00000366E01300400020000770100500450B7
:10A2B000406BED07010000301F000100004004501A
:10A2C00001005A5AE4090030D009003002460B461A
:10A2D000014811F00DB800BF0C0C0030014811F01E
:10A2E0007FB800BF0C0C00302DE9F74F4FF000098C
:10A2F000824608460F469046F7F7CAF84E46834610
:10A300004FF0FF314FF0FF30FFF7E0FF194B1C68B3
:10A310009C4208BF00245B685CB9FFF7DFFF36B3DF
:10A32000CAF80060B8F1000F1DD1002003B0BDE8ED
:10A33000F08FA569A94512D8AB4510D3012D03D9DB
:10A340007A5D2F2A00D052B92A463846E168019337
:10A3500020F0DAF9002804BFA9462646019B9C425A
:10A36000DBD02468D8E7B369C8F80030DDE76FF0C8
:10A370000100DBE7540700302DE9F043054616469F
:10A380000F4687B039B10846F7F782F8012802D99D
:10A390003B782F2B12D04C490B68580708D04B4BF9
:10A3A0000122029300231846CDE9003317F035FE51
:10A3B0006FF01504204607B0BDE8F083D5F804809F
:10A3C000B8F1000F79D14246394605A8FFF78CFF56
:10A3D000041E0EDA3C490B685A07EBD03C4B0122B5
:10A3E000CDE9018340464346CDF8008017F015FEC5
:10A3F000E0E7DDF8148098F820309B0702D516F0CE
:10A40000120F5DD1D8F81C20136813B316F0400961
:10A4100024D016F002030ED12B490A68540707D046
:10A420002C4A1846CDE901320093012217F0F5FDC0
:10A430006FF00C04BEE7536973B923490A685007EB
:10A4400007D0254A1846CDE901320093012217F0C2
:10A45000E4FD6FF08504ADE74FF00109C5F8048015
:10A46000D8F81C303246394628461B689847041EE7
:10A4700010DA15490B685A0709D0184B0394029358
:10A48000002301221846CDE9003317F0C6FD002352
:10A490006B608FE72E72B9F1000F8BD0D8F81C30AB
:10A4A000002128465B699847041E83DA06490B6839
:10A4B0005B07ECD00A4B0394E1E76FF00F0479E7F8
:10A4C0006FF01D0476E700BF500A0030BEFF021097
:10A4D000D2FF0210EAFF0210180003103800031028
:10A4E0004D00031030B54468054685B09CB1E36962
:10A4F000DB69B3B19847041E10DA0B490B685B07A0
:10A5000009D00A4B01220293002303941846CDE997
:10A51000003317F082FD204605B030BD00236B608C
:10A52000F9E76FF08504F6E7500A00306900031080
:10A530001FB54368B3B1DB695B68B3B19847041ECC
:10A540000DDA0B490B685B0709D00A4B0122029315
:10A55000002303941846CDE9003317F05EFD204632
:10A5600004B010BD6FF00804F9E76FF08504F6E75A
:10A57000500A00307F0003101FB54368B3B1DB6998
:10A580009B68B3B19847041E0DDA0B490B685B0753
:10A5900009D00A4B01220293002303941846CDE907
:10A5A000003317F03AFD204604B010BD6FF00804E8
:10A5B000F9E76FF08504F6E7500A003094000310C5
:10A5C0001FB54368B3B1DB69DB68B3B19847041EBC
:10A5D0000DDA0B490B685B0709D00A4B0122029385
:10A5E000002303941846CDE9003317F016FD2046EA
:10A5F00004B010BD6FF00804F9E76FF08504F6E7CA
:10A60000500A0030AA0003101FB54368B3B1DB69DC
:10A610001B69B3B19847041E0DDA0B490B685B0741
:10A6200009D00A4B01220293002303941846CDE976
:10A63000003317F0F2FC204604B010BD6FF00804A0
:10A64000F9E76FF08504F6E7500A0030BF00031009
:10A650001FB54368B3B1DB695B69B3B19847041EAA
:10A660000DDA0B490B685B0709D00A4B01220293F4
:10A67000002303941846CDE9003317F0CEFC2046A2
:10A6800004B010BD6FF00804F9E76FF08504F6E739
:10A69000500A0030D40003101FB54368B3B1DB6922
:10A6A0009B69B3B19847041E0DDA0B490B685B0731
:10A6B00009D00A4B01220293002303941846CDE9E6
:10A6C000003317F0AAFC204604B010BD6FF0080458
:10A6D000F9E76FF08504F6E7500A0030ED0003104B
:10A6E00070B50E46054686B030B1F6F7D1FE0128AA
:10A6F00002D92B782F2B0FD022490B685C0708D08A
:10A70000214B0122029300231846CDE9003317F0B4
:10A7100084FC6FF0150413E00022294605A8FFF71A
:10A72000E3FD041E0FDA17490B68580708D0174BD2
:10A730000122029300231846CDE9003317F06DFC87
:10A74000204606B070BD0598C3691B6CB3B1324694
:10A7500029469847821C0446F2D00028F0DA0949BD
:10A760000B685B07ECD00A4B039002930023012295
:10A770001846CDE9003317F050FCE1E76FF085048F
:10A78000DEE700BF500A003002010310D2FF0210C2
:10A790001D0103102DE9F74305460C461A4EDFF85C
:10A7A0006C801B4F14B903B0BDE8F083EFF311893F
:10A7B000202383F31288BFF36F8F0DF0E3FF154959
:10A7C000D1E90032C31842F1000008FB03F206FB96
:10A7D0000022A3FB0630DB1942EB0002C1E9003284
:10A7E00089F31188BFF36F8F042CA14628BF4FF067
:10A7F00004092846019201A94A461FF0A3FE4D44D0
:10A80000A4EB0904CEE700BFFDB0B087E62EBB275E
:10A810002DF304B5E8020030014810F0E1BD00BF9F
:10A820005C0700302DE9F04186B02A4B04AF0546A5
:10A830000E461B687B604FF0000300231A4601F0B0
:10A8400063F9041E16DA24490B685A0709D0234B12
:10A8500001220293002303941846CDE9003317F038
:10A86000F0FB1C4B1A687B685A404FF000032CD059
:10A870001FF02CFC24F00303DA1D22F00702ADEBDD
:10A88000020D0DF1100828464246314601F03CF910
:10A89000051E05DB0025A408A54211DB0024E0E726
:10A8A0000D490B685B0709D00D4B01220293002371
:10A8B00003951846CDE9003317F0C3FB2C46D0E7CB
:10A8C00058F8253098470135E6E720460837BD4659
:10A8D000BDE8F081C82303305C0A00303E0103105C
:10A8E0005B01031038B505464FF0FF334FF0FF32E0
:10A8F000084810F0FDFC084B1C682CB10F222946BB
:10A90000201D1FF001FF18B9FFF786FF204638BD54
:10A910002468F2E75C07003018780030F8B5064686
:10A920000F464FF0FF334FF0FF32094810F0E0FCC4
:10A93000084B1D6825B92C46FFF76EFF2046F8BD71
:10A9400039462846B04704460028F5D12D68F1E77E
:10A950005C070030187800302DE9F0410E460446BF
:10A9600090B100250768AF4211D1002409E00835F5
:10A97000BD4206D231462868F6F778FD0028F6D1A8
:10A980006C682046BDE8F081084D094FF0E7636828
:10A99000314653F8350003EBC508F6F767FD10B9EB
:10A9A000D8F80440EDE70135DDE700BFE4B9021057
:10A9B0002CC602102DE9FF410546084614460F46F5
:10A9C0009846FFF78FFF20604FF0FF324FF0FF33C4
:10A9D000264810F08DFC266856B1D6F88C506B1CBA
:10A9E000C6F88C30FFF718FF284604B0BDE8F081A8
:10A9F00000230022BC211E481EF024FD03462060D7
:10AA000068B91C490A68520706D01B4A0090CDE974
:10AA10000102012217F015FB6FF00B05E2E701467A
:10AA20004246284600F080F9051E05DA21681048E4
:10AA30001EF012FD2660D5E720680F22394604304B
:10AA40001FF074FE2368DE742268D2F88C30013364
:10AA5000C2F88C302368094A1E60516811B9C2E9F6
:10AA60000033BFE70B605360BCE700BF5C070030FA
:10AA7000680B00305C0A00307C010310187800304D
:10AA800070B5064604684FF0FF334FF0FF3224489C
:10AA900010F02EFCD4F88C305D1E012BC4F88C50C5
:10AAA00003D0FFF7B9FE284670BD00211D4B1A6880
:10AAB00052B1944230D1226841BB59681A608C422D
:10AAC00000D15A6000232360204617F068FB002362
:10AAD0003360FFF7A1FE94F8B83023B1D4F8B41076
:10AAE00011481EF0B9FC204600F0E2F8D4F88010BE
:10AAF0000D481EF0B1FCD4F888100B481EF0ACFCD9
:10AB0000094821461EF0A8FC0020CDE70A605A68DB
:10AB1000944208BF5960D5E711461268C8E700BFE4
:10AB20005C07003018780030680B00307FB50446B1
:10AB30000D46164617F0A0FA00280FDA0E490A68EB
:10AB4000520709D00D4B03900293002301221846AF
:10AB5000CDE9003317F075FA04B070BD3046A84750
:10AB6000204617F08CFA0028F6DA03490B685B07D9
:10AB7000F2D0034B0390E7E75C0A0030A501031015
:10AB8000C70103107FB50BAB05930393054B01225F
:10AB9000029300231846CDE90033F8F7C9FF07B048
:10ABA0005DF804FBEC0103102DE9F04F90462822DC
:10ABB00000F1480502FB08556A6907460E4689B050
:10ABC000002A42D001EB88092C6AC9F84C2093F87E
:10ABD00001B0BBF1000F61D1202C4FF0000338BF52
:10ABE000202402F11F0A00222AF01F0ACDE90023C7
:10ABF000214652462B481EF0E4FB0346C9F81400D8
:10AC0000A0B929490A6855070AD0284ACDE904485D
:10AC1000CDE90102CDF80CA001220090FFF7B2FFB0
:10AC20006FF00B05284609B0BDE8F08FB26F0446FF
:10AC30005244B2676B686A69082B08D159461FF005
:10AC4000A8FC0123464486F840300025EAE79246F6
:10AC5000AA682B6992070AD5ED6959462A460793D7
:10AC60001FF097FC079B2C442B44AAEB050A1946BE
:10AC70003846BA689047054638B9524621463846A4
:10AC80007B68984705460028DBD0D9F814100548A2
:10AC90001EF0E2FB0023C9F81430C3E76FF00D0586
:10ACA000C0E700BF680B00305C0A0030EC01031005
:10ACB0002DE9F0414FF000080A4F00F13F0600F186
:10ACC000140500F1400416F8013F2BB138462968FD
:10ACD0001EF0C2FBC5F800800435A542F3D1BDE8E3
:10ACE000F08100BF680B00300146002200230148BC
:10ACF0001EF0A8BB680B003010B5D0F80032044637
:10AD00006BB18B6FD1F8B020A3EBC2038B67D0F887
:10AD1000001204481EF0A0FB0023C4F800320020FB
:10AD200010BD00BF680B00302DE9F04F002699B030
:10AD300011ABB24208BF1A460D46044601270B92DA
:10AD40003146BC222846CDE9116613968DF8447031
:10AD50001FF01FFC2368C4F80062A3B12046984787
:10AD6000834680B1B0490B68580700F0CF80AF4BE5
:10AD7000CDF80CB0CDE901633346009601221846A8
:10AD800017F0B7F9C2E00021204617F0ABF983466F
:10AD900068B1A5490B685A073DD0A54B0293002323
:10ADA0000122CDE90033184617F0A3F933E004F18E
:10ADB000140634223146204617F092F9834628B112
:10ADC00099490B685B0726D09A4BE7E70422304687
:10ADD00099491FF055FC074680B193490B685F07FE
:10ADE00017D0964B01220393954B5846CDE901B3FA
:10ADF00010230093334617F07CF90AE0A38C23F06C
:10AE00000202012A1FFA82F819D087490A685607F8
:10AE10000DD16FF0070B84490B68580776D0894B2A
:10AE2000CDF80CB002930023CDE90033A6E70393DD
:10AE3000854BCDE9017301223B460097DBE7B4F86F
:10AE40004230282B06D078490A685207E1D0039394
:10AE50007E4BEEE7B4F84460C5F8B060F6003046CB
:10AE6000FFF742FF0346C4F8000278B96E490A684A
:10AE7000570702D16FF00B0BCDE7754A0396CDE96A
:10AE800001320093424617F034F9F3E7AB6F0B2120
:10AE90003344AB6738463B46D5F8B0209A4250D889
:10AEA0002046616B17F020F90646C5F8B40000286B
:10AEB00052D0002385F8B83004F148034FF4DC7217
:10AEC00000211846B4F846900D931FF062FB4FF036
:10AED000000E4FF0FF3AF0464FF0280BD5F8B03097
:10AEE000734501D9032F73D1D4F864313BB1D4F841
:10AEF0003C3123B1D4F81431002B40F0F8804A4F94
:10AF00003B685A0740F0D6806FF0070B00262946B1
:10AF10002046FFF7F1FED5F880104E481EF09CFA4F
:10AF2000C5E91F66BBF1000F00F0BD832846FFF79F
:10AF3000BFFED5F8881047481EF08EFAC5E9216695
:10AF4000B1E3D4F8002202F83310D4F8002202EB67
:10AF5000C302506001339FE728224FF00108D5F863
:10AF6000B03085F8B88002FB03F94846FFF7BCFE15
:10AF70000346C5F8B40040B92B490A6852073FF4AC
:10AF800079AF354ACDF80C9079E72046616B17F020
:10AF9000A9F8834658B124490B685B073FF43BAFDF
:10AFA0002E4BCDE90163424633460096FBE64A4606
:10AFB0002046D5F8B41017F093F8834600283FF4E4
:10AFC0007BAF19490B685F073FF425AF244BE8E7D7
:10AFD000D5F8B4600BFB0E667368022B1ED1A38CF0
:10AFE000012B16D1B24604F5887CBAE80F00ACE814
:10AFF0000F00BAE80F00ACE80F0005229AE8030042
:10B000008CE80300D4F8003203F80820D6F818A022
:10B0100001370EF1010E08F108085FE70B2B21D173
:10B02000A38C032BDDE700BF5C0A00302202031073
:10B030004702031065020310A90603107F020310E4
:10B0400093EC021075030310A1020310BE0203105B
:10B05000DD020310680B00300603031033030310F6
:10B0600056030310032BD4D1F14511D10FCE04F5B3
:10B07000B07CACE80F000FCEACE80F00072296E8DA
:10B0800003008CE80300D4F8003203F80820BFE77F
:10B09000D645BED10FCE04F59C7CACE80F000FCE98
:10B0A000ACE80F0096E803008CE803000622D4F811
:10B0B0000032EAE70026964B0122029339463346D6
:10B0C0003046CDE9006617F014F83B685B073FF4A3
:10B0D0001BAF6FF0070303938E4B0122CDE9016391
:10B0E000394633463046009617F003F80CE72946F8
:10B0F00020460B9A16F0C6FF834640BB8046D5F823
:10B10000B03043452CD8224623464FF0000CD96C72
:10B11000002900F05881D86D002800F05481996E04
:10B12000A78C9E6D0139032F01EA060140F046818C
:10B130005F6DB94240F2408177490B685F0700F0CC
:10B14000B880764BCDF80CC002930023C8E072495A
:10B150000B6858073FF4DAAE714BCDF80CB061E6DE
:10B160002823D4F8009203FB08F319F83810D5F817
:10B17000B4200B2902EB03074FEAC80AD3582A6B05
:10B180001FD1D3187E68184666490C93F6F76EF9FE
:10B19000012E0BD0083E082E11D8082E0FD8DFE85C
:10B1A00006F04A0E0E0E0E0E39133D00BB685A070C
:10B1B0003CD4DB0736D4002818BF022607E000285D
:10B1C0003DD008F101089AE7002818BF0A2608BFF9
:10B1D0000426BB689807F4D579690029F1D0A6F157
:10B1E0000802022A2DD87B6A042B01D1890728D0B6
:10B1F00049490B685A075CD00C9BCDF8108003932B
:10B20000494B0293002301221846CDE9003316F082
:10B2100070FF4EE0002818BF0926D8E7002818BFA5
:10B220000826D4E7002818BF0126D0E7B0FA80F638
:10B230007609B600CDE7002818BF0326C7E7042625
:10B24000C7E709F80A604FF028090D9B09FB06398A
:10B250000B9B5B685BB9D9F804307BB907F1280315
:10B2600057F8042B9F4249F8042BF9D1A9E7384637
:10B270000E9298470E9A0028EDD0A2E7B868D9F848
:10B28000081080EA010313F007031DD0224F3B682A
:10B290005B070ED00C9B0390CDE90413234B0122D6
:10B2A0000293002339461846CDE90033069616F07E
:10B2B00020FF6FF0070B18490B685E073FF426AEBE
:10B2C0001B4BCDF80CB0ADE5032E10D0D2B2022A44
:10B2D00034D811490A685707EBD0164A03960292F0
:10B2E00001221846CDE9003316F003FFE1E70A49D1
:10B2F0000A68500700F05C810F4A1846CDE9013218
:10B300000093012216F0F5FE6FF0850BD3E700BF26
:10B310009B030310D00303105C0A003000050310E8
:10B32000FC03031027040310350403105404031016
:10B33000A2050310BA0403108B040310B4F824E030
:10B34000D7F80CC0BEF1030FD9F80CA03869D9F8B2
:10B3500010100ED1ACEB0A0E421A964509D0AB493B
:10B3600008684207A5D00C9A04960392A84A029254
:10B3700049E781420A4628BF02467B693E6A184473
:10B38000D9F81430C9F81020194488422CBFC2EBF8
:10B390000002C2EB0102D9F82030D44594BFC9F8AD
:10B3A0000CC0C9F80CA0C9F814209E422CBFC9F8E3
:10B3B0002060C9F8203004E77F1A5F65761A0844D8
:10B3C0009E65D86559660CF1010CBCF10B0F03F1B9
:10B3D00028037FF49CAE0021CDE90C110131084611
:10B3E00013460C9E013E0E960B287FD10B2902F1CD
:10B3F0002802F1D12821D5F8B0305B4500F2C38096
:10B40000294620460B9A16F04FFE8346002840F04E
:10B41000D280D4F82471D4F834913F09E867D4F885
:10B42000208105D082460AF1010A574500F3CC80FD
:10B43000EE6FF6003046FFF757FC0346C5F8800074
:10B44000002840F0ED8071490A68520740F03381CE
:10B450006FF00B0B5AE50D9E042E42D0042800F02D
:10B460008F80A68C032E39D1166DB70736D59E6F07
:10B47000B60733D5566ED2F85480D3F88C7008EBEB
:10B480000609DE6F3744B94507D80EEB080A0AF102
:10B49000FF3A574507D9B94520D10CEB060A0AF106
:10B4A000FF3AD1451AD859490B685A073FF401AF02
:10B4B000F04408F1FF336644CDE90493013E0C9B50
:10B4C000CDE907760393534B0690029300230122A4
:10B4D0001846CDE9003316F00CFEEAE60D9E032E69
:10B4E0001FD1013028337FE704202833D66C002E8B
:10B4F000F7D0D2F85CE0BEF1000FF2D05E6F002E04
:10B50000EFD0D3F884C0BCF1000FEAD00E9E012E1C
:10B51000A1D8042834D0A68C032E02D1166DB6070C
:10B52000A5D40328E0D0D2F85880566ED3F8809086
:10B53000D3F88C7046444F44BE4207D80EEB080A3D
:10B540000AF1FF3A574507D9BE42CAD10CEB090AA6
:10B550000AF1FF3A5645C4D82C490B685B073FF403
:10B56000A8AECC440CF1FF33C644CDE907730EF10D
:10B57000FF33CDE904630C9B06900393264BA4E7AD
:10B5800005202833B2E7D4F8003203EBCB0013F8E0
:10B590003B300B2B09D0D5F8B42001FB034301FB52
:10B5A0000B229B6D1269D31A43600BF1010B22E74A
:10B5B0006FF0850BAAE415490B6858073FF4A6AC59
:10B5C000164BCDF80CB02DE4C8444146204616F089
:10B5D00089FD0646002840F03D814A46204614A9D0
:10B5E00016F07EFD0646002840F034819DF85C3060
:10B5F00003F00F02013A012A3FF615AF1B09012B98
:10B6000002BFEB6F0133EB670DE700BF5C0A003050
:10B61000CE0403102305031060050310C5050310B5
:10B62000324600211EF0B5FFAB6F3344AB67D4F850
:10B6300034310D93D4E948231B090C920F9345D163
:10B640000B9B1B78002B40F0C880D4F8FC00C3088B
:10B650000728C5F8843013D920F007006E6AFFF779
:10B6600043FB0346C5F88800002800F0C980002786
:10B6700008360B9B5A78D5F884309F42C0F0CA80B8
:10B680000B9B5B7813B9284616F029FD0B9B1B7AA0
:10B69000002B3FF43BACD5F8801076481DF0DCFE63
:10B6A0000023C5E91F3323690BB12046984758464C
:10B6B00019B0BDE8F08F6FF00B0203926E4ACDE92E
:10B6C00001320093012216F014FDC1E60027BA46AC
:10B6D0000F9B0AF1010A5345B2DDDDE90C32134438
:10B6E000194620460C9316F0FDFC002840F0B0806F
:10B6F00020460D9A14A916F0F3FC002840F0A8800B
:10B700009DF85C30BDF85E9003F00F02013A012A0B
:10B71000DED81B09012BDBD1B9F1000FD8D0FB001B
:10B7200014990E93EB6AD5F880200B4442F8373019
:10B730002822D5F8B43002FB09380B9BD8F80C60EE
:10B740005B789BB10B9B5B6863B9A38C0E9A012B52
:10B7500018BF0026D5F880301344159A32445A6039
:10B760000137B5E7404698470028EED04A462946BB
:10B77000204616F0CEFC034600BB2046D8F8101039
:10B7800016F0B2FC0346C8B93C490A6857070BD10A
:10B790006FF0850B39490B685E073FF4B7AB384B48
:10B7A000CDF80CB0FFF73EBB364ACDF80C90CDE992
:10B7B00001020090012216F09CFCE9E7A28C159989
:10B7C000012A08BF0026D5F880200E9818BF7642BF
:10B7D000314402440B445360C2E7294620460B9A89
:10B7E00000F0D6F8064600283FF42FAF23490B6837
:10B7F000580702D1B346FFF789BB234B03962FE0CE
:10B800001E490A6852073FF423AE6FF00B02039201
:10B810001E4A54E756F8081C7AB956F8080CD5F8B1
:10B820008830083643F83700D5F8883056F80C2CA5
:10B8300003EBC7035A6001371BE7204616F096FC5E
:10B84000011EEADD204616F04FFC0028E7D1E4E7B0
:10B8500083469FE709490B685B07CBD00C4B0396E7
:10B860000293002301221846CDE9003316F041FC73
:10B87000C0E700BF680B0030110603105C0A0030FF
:10B880005A060310430603107906031090060310AE
:10B89000E40503102DE9F04198465B688AB01B0A65
:10B8A0000F46DDE91046154604D12B6000200AB092
:10B8B000BDE8F081E289002A3DD131461046FFF70C
:10B8C0004BF804462860C8B9CDE90860079007A97D
:10B8D0002B48FFF723F8099A079B2A6072B107F1FA
:10B8E0008C0252F8041F8B42E0D001BB243447F88D
:10B8F0002430D3F88C200132C3F88C202B68002B25
:10B90000D4D120490A6852070ED0129A184692697B
:10B910000592D8F800200093CDE903621A4ACDE9D8
:10B920000132012216F012FC6FF03C00BFE7013437
:10B93000082CD6D1BAE74FF6F1739A4201D1636869
:10B94000B3E7B0F84430934208D9B2F57F4F05D23F
:10B9500016F0DFFB636818442860A7E709490B6805
:10B960005B070AD0094BCDE9032202930023012291
:10B970001846CDE9003316F0E9FB6FF0070096E7B3
:10B98000352102105C0A0030AD060310FC060310DE
:10B990002DE9F04704460F4600264FF028098CB0E9
:10B9A000D7F8B0108E4201D300202FE0D7F8B43082
:10B9B00009FB063ADAF80420042A17D0092A68D1CC
:10B9C000DAF82420082A24D041490B685D070AD000
:10B9D000404BCDE903260293002301221846CDE90E
:10B9E000003316F0B3FB6FF007000FE038490B6827
:10B9F0005C0709D0384B01220293002303961846B6
:10BA0000CDE9003316F0A2FB6FF085000CB0BDE865
:10BA1000F087DAF81C208A4214D32D490B685807A6
:10BA2000E1D008230693DAF814300396CDE9042315
:10BA30002A4B0122029300231846CDE9003316F069
:10BA400085FBD0E7DAF8148018F00705E5D109FB8B
:10BA500002339B6899071CD5D4F8003213F83230B2
:10BA60000B2B0ED11A490B685B07BCD01C4B039201
:10BA7000CDE9015301222B462846009516F066FBBE
:10BA8000B1E73946204616F044FB4FEAD808A845EE
:10BA900001D1013684E7DAF82410DAF810202046C4
:10BAA00001FB0521A36898470028AFD12046DAF8AA
:10BAB0002420636809A998470028A7D1534639462E
:10BAC000204609AAFCF7E8FA00289FD10135DEE7F5
:10BAD0005C0A003049070310770703109D07031025
:10BAE000E30703107FB50BAB05930393054B0122CE
:10BAF000029300231846CDE90033F8F719F807B090
:10BB00005DF804FBA21E0310F0B50F46164605466D
:10BB100087B0002845D041B1D0E91B241444EEB1D0
:10BB20009C420AD96FF00B0035E0446FB2B19C42E1
:10BB3000F8D8C16B2246304607E0416B30461EF014
:10BB400001FDD5E91B02A96B30441EF0FBFC00236C
:10BB50006969EA6CA5080A44AB4201D120461AE0A3
:10BB600056F82300884218D20F490A68520710D0AD
:10BB7000CDE904300D4A0E4B0E4C0293002F18BF36
:10BB800022460023039218460122CDE90033FFF735
:10BB9000A9FF6FF00D0007B0F0BD9042E4D2013371
:10BBA000DAE76FF01500F6E75C0A0030D21E0310EA
:10BBB000A21E0310CA1E031030B5002585B00190E7
:10BBC0000C46084801A9CDE90255FEF7A7FE039BE4
:10BBD00003B10433C4E90035C4E90255258205B038
:10BBE00030BD00BFA5220210F8B5054650681646C4
:10BBF000FEF778FE044638B928467268114914F0F9
:10BC000018FF6FF00100F8BD021D0F49284614F01F
:10BC100010FF28460D4914F00CFF00260C4FD4F8F5
:10BC20008430B34201D80020EDE7D4F888203946AB
:10BC300002EBC603284652F836205B6814F0F9FE82
:10BC40000136ECE7EB1E0310FD1E0310141F03105A
:10BC5000371F031007B50549019014F0EAFE01A94A
:10BC60000348FEF75BFE03B05DF804FB461F0310BC
:10BC700075BC001010B50C46836F021D0249206888
:10BC800014F0D7FE002010BD6B1F03102DE9F0410A
:10BC9000324BD2E90168ADF50A7D044640461B6887
:10BCA00089934FF00003F5F7F3FB05463046F5F7AF
:10BCB000EFFB0F280FD920460F22294914F0B9FEB7
:10BCC0006FF01500254B1A68899B5A404FF000030E
:10BCD0003FD01EF0FBF9B5F5804F09D920464FF44F
:10BCE000005320496A0814F0A4FE6FF00B00E9E746
:10BCF0001D4F4FF4005329463A46404613F0B5FF16
:10BD00004FF404720546002105A81EF042FC174BB3
:10BD100031460693164B01AA0793164B05A80893C4
:10BD20000023CDE90233049301238DF8083002ABE0
:10BD3000CDE98675FEF73EFE034638B9019B0E49F4
:10BD40001A1D204614F075FE0020BBE732460B4951
:10BD5000F7E70DF50A7DBDE8F08100BFC823033089
:10BD60007C1F0310A41F031048270030E521021098
:10BD70000F22021023220210D91F031005200310E6
:10BD80002DE9F0412D4BADF5107D054604A99068D5
:10BD900016461B688F934FF00003FEF7A1FC044684
:10BDA00070B10346B2682846254914F05EFE234B65
:10BDB0001A688F9B5A404FF000033AD01EF086F964
:10BDC0009DF81070D6F808803FB1424628461D49BC
:10BDD00014F04BFE6FF00704E9E74FF406723946A2
:10BDE00009A81EF0D6FB184B6A460993174BCDE9FC
:10BDF00001770A93164B71680B93164B09A80D93A4
:10BE000001238DF8043001ABCDF82C820397FEF7A7
:10BE1000D1FD031E009A05DA28460F49043214F0BA
:10BE200008FED7E7134628460C49043214F001FEF9
:10BE3000BDE720460DF5107DBDE8F081C823033035
:10BE4000332003105E2003102B2202105122021017
:10BE5000752202108B22021005200310D91F031037
:10BE600038B5054650681446FEF73CFD38B92846FB
:10BE70006268054914F0DDFD6FF0010038BDA1686E
:10BE800016F0EFF80020F9E76D20031037B50546EE
:10BE900050681446FEF726FD019040B928466268B6
:10BEA000084914F0C6FD6FF0010003B030BD01A8D1
:10BEB000FEF7E6FD28466268034914F0BAFD00204B
:10BEC000F3E700BF6D200310832003100048704784
:10BED000E68E0030054A064B1168928819609A80F8
:10BEE000002304481A46194604F0B8B88E220310FD
:10BEF000E68E0030090014F12DE9F04F82461C4611
:10BF00000846154693B062B1D2E90138B8F1020F84
:10BF100000F218815A0705D56FF0030013B0BDE891
:10BF2000F08F9046002838D00A22002111F0C6FA7E
:10BF30004FF6FE73421E9A42064600F20681BAF19F
:10BF4000000F4BD1002DE7D06F6817F00107E3D049
:10BF5000D5F808E0BEF1010F2AD8030243EA2023F6
:10BF6000E3840123BE460822A38404F12408C4F814
:10BF700028A004F12C030020C4E90628236284F8D9
:10BF80002C002060C4F808E0EB68022B0ABF0227EF
:10BF900006231123C4E90373C0E7BAF1000F1CD1D3
:10BFA0001EF012FE16226A4B1A506FF00A00B5E717
:10BFB000BEF1020FB0D1674B04F1280C0FCB8CE817
:10BFC0000F00330243EA2623E384182204F12408F5
:10BFD000A4F824E004F12C03CDE7064607950025DC
:10BFE000370247EA2627BFB2ADF83C50ADF83E70A5
:10BFF0001194ADF840504FF0FF32294608A81DF0CB
:10C0000089FCB8F1020F13D16FF00800002344241B
:10C01000BDF83C109AB2914200F28E8000287FF465
:10C020007DAF4422119B02FB013343F8440C75E7BA
:10C0300044F62064AB4644F62062002304A81EF0B8
:10C04000A9F8DDE904986FF00903A3427BEB05032F
:10C050003FD30A2204F10906B6FBF2F608F024FEEB
:10C0600007AB01933C4B012200935146029610AB63
:10C070001AF01BFA0246002852D116F1630FA5BF31
:10C080000A2206F16403134683FB022308A80FF07B
:10C0900063FA0B3033D14A46434604A81EF09EF89B
:10C0A000DDE90423134320D024196D412B46224699
:10C0B00004A81EF06FF8049B9945059B78EB0303D9
:10C0C000C1D24A46434604A81EF088F8DDE904457B
:10C0D000B9E714F109004FF00A024FF0000345F1EF
:10C0E0000001F5F76DF90646B8E7BDF8404008F0E5
:10C0F000DBFD21461AF0D6F96FF002000EE70E9B29
:10C10000653308D14A46434604A81EF067F8DDE9C6
:10C1100004231343C8D10E98C31C7FF477AFEBE719
:10C1200010F1600F3FF470AF1EF04EFD084B52420D
:10C130001A506FF00A0069E7119A04FB03220133D9
:10C14000D78467E76FF00800E8E66FF00100E5E6E6
:10C15000140000008CD10210CD2202102DE9F04114
:10C1600005460E461746134CDFF84C80444508D36D
:10C170001EF02AFD6A22114B1A504FF0FF30BDE825
:10C18000F0812368AB4200D08BB93A46314628464D
:10C19000A368984758B11EF017FD0022074B31469F
:10C1A000C2503A462846E368BDE8F04118471034CB
:10C1B000DCE700BF58B8021068B802101400000095
:10C1C00037B50D4601AA6946F7F772F9044660B122
:10C1D000009B1B695BB986231EF0F6FC4FF0FF3411
:10C1E0000B4A1350204603B030BD0923F4E74FF04B
:10C1F000FF3201984FF0FF3316F038F9009B2946C3
:10C2000020461B6998470446019816F031F9E9E782
:10C210001400000073B50D461646694601AAF7F7EB
:10C2200047F90446B0B1009B5B69DBB14FF0FF32C8
:10C230004FF0FF33019816F019F9009B2046324663
:10C2400029465B6998470446019816F011F9204683
:10C2500002B070BD09231EF0B7FC034A4FF0FF3453
:10C260001350F4E75F23F6E71400000073B50D46A2
:10C270001646694601AAF7F71BF90446B0B1009BC0
:10C280009B69DBB14FF0FF324FF0FF33019816F09E
:10C29000EDF8009B2046324629469B6998470446A4
:10C2A000019816F0E5F8204602B070BD09231EF093
:10C2B0008BFC034A4FF0FF341350F4E75F23F6E79B
:10C2C0001400000037B50D4601AA6946F7F7F0F8EB
:10C2D0000446A8B1009BDB69D3B14FF0FF324FF0A9
:10C2E000FF33019816F0C2F8009B20462946DB690F
:10C2F00098470446019816F0BBF8204603B030BDBD
:10C3000009231EF061FC034A4FF0FF341350F4E799
:10C310005F23F6E71400000073B50D461646694624
:10C3200001AAF7F7C5F80446B0B1009B1B6ADBB160
:10C330004FF0FF324FF0FF33019816F097F8009B53
:10C340002046324629461B6A98470446019816F053
:10C350008FF8204602B070BD09231EF035FC034A59
:10C360004FF0FF341350F4E75F23F6E714000000AA
:10C370002DE9FF410D46164602A903AA1F46F7F70D
:10C3800097F80446E8B1029B5B6A13B34FF0FF32A3
:10C390004FF0FF33039816F069F80B9B204601938A
:10C3A0000A9B32460093029B2946D3F824803B46E1
:10C3B000C0470446039816F05BF8204604B0BDE879
:10C3C000F08109231EF000FC034A4FF0FF341350A4
:10C3D000F3E75F23F6E700BF1400000073B50D46D6
:10C3E0001646694601AAF7F763F80446B0B1009B08
:10C3F0005B6BDBB14FF0FF324FF0FF33019816F06B
:10C4000035F8009B2046324629465B6B9847044628
:10C41000019816F02DF8204602B070BD09231EF0D9
:10C42000D3FB034A4FF0FF341350F4E75F23F6E7E2
:10C43000140000002DE9FF410D46164602A903AA8B
:10C440001F46F7F735F80446E8B1029B9B6A13B321
:10C450004FF0FF324FF0FF33039816F007F80B9BB5
:10C46000204601930A9B32460093029B2946D3F84B
:10C4700028803B46C0470446039815F0F9FF204644
:10C4800004B0BDE8F08109231EF09EFB034A4FF083
:10C49000FF341350F3E75F23F6E700BF14000000FA
:10C4A00073B50D461646694601AAF7F701F804462A
:10C4B000B0B1009B9B6BDBB14FF0FF324FF0FF330D
:10C4C000019815F0D3FF009B2046324629469B6B0E
:10C4D00098470446019815F0CBFF204602B070BD86
:10C4E00009231EF071FB034A4FF0FF341350F4E7A9
:10C4F0005F23F6E71400000073B50D461646694643
:10C5000001AAF6F7D5FF044648B91EF05DFB0922E3
:10C510004FF0FF340B4B1A50204602B070BD01980B
:10C520004FF0FF324FF0FF3315F0A0FF21463346A6
:10C530002A46009815F08BFF0446019815F098FFE5
:10C54000EAE700BF1400000073B50D4616466946C1
:10C5500001AAF6F7ADFF044648B91EF035FB0922E3
:10C560004FF0FF340B4B1A50204602B070BD0198BB
:10C570004FF0FF324FF0FF3315F078FF009B32464B
:10C5800029462046DB6898470446019815F070FF5D
:10C59000EAE700BF140000002DE9FF410D461646F2
:10C5A00002A903AA1F46F6F783FF0446D8B1029BEF
:10C5B000DB6A03B34FF0FF324FF0FF33039815F0FF
:10C5C00055FF0A9B20460093029B3246D3F82C80ED
:10C5D00029463B46C0470446039815F049FF2046CC
:10C5E00004B0BDE8F08109231EF0EEFA034A4FF0D3
:10C5F000FF341350F3E75F23F6E700BF1400000099
:10C600002DE9FF410D46164602A903AA1F46F6F77B
:10C610004FFF0446D8B1029B1B6B03B34FF0FF32B0
:10C620004FF0FF33039815F021FF0A9B204600933B
:10C63000029B3246D3F8308029463B46C047044629
:10C64000039815F015FF204604B0BDE8F0810923DA
:10C650001EF0BAFA034A4FF0FF341350F3E75F239A
:10C66000F6E700BF1400000073B50D461646694694
:10C6700001AAF6F71DFF0446B0B1009BDB6BDBB1EE
:10C680004FF0FF324FF0FF33019815F0EFFE009BA3
:10C69000204632462946DB6B98470446019815F040
:10C6A000E7FE204602B070BD09231EF08DFA034A52
:10C6B0004FF0FF341350F4E75F23F6E71400000057
:10C6C00073B50D461646694601AAF6F7F1FE044613
:10C6D000B0B1009B1B6CDBB14FF0FF324FF0FF336A
:10C6E000019815F0C3FE009B2046324629461B6C7C
:10C6F00098470446019815F0BBFE204602B070BD75
:10C7000009231EF061FA034A4FF0FF341350F4E797
:10C710005F23F6E71400000010B5044609B10C2AA7
:10C7200007D016231EF050FA0E4A13504FF0FF3078
:10C7300010BD0B68002BF4D0886860B115F0BDFE09
:10C7400038B994F99000002809DC02F035FC002883
:10C75000E7D05823E6E7081D16F0F6FEEEE715F0E1
:10C76000ACFEF4E714000000F7B507460E46144689
:10C77000F6F7B8FE051E18DB3CB97B1E012B04D86A
:10C78000022E17D0012E08BF0624F1B201ABA2B2CF
:10C79000B8B203F085FD061E0EDA284613F014FA2F
:10C7A0001EF012FA104B76421E504FF0FF3528460D
:10C7B00003B0F0BD1124E8E7002301984360C3658E
:10C7C00060301DF025F801987C301DF0F0F9062C42
:10C7D00002D1019817F0E2F84FF440432846034A8B
:10C7E0000199F6F7BFFEE2E714000000FCD002104A
:10C7F00037B5069D0446E3B90093002200230E4995
:10C8000003F034FE04F160001DF002F804F17C0036
:10C810001DF0CDF9214605F160001DF03BF82046E2
:10C8200017F0BCF805F17C0003B0BDE830400FF014
:10C83000EFB803B030BD00BFD12402102DE9F041A4
:10C8400088B00C46DDE90E5858EA05010646109FEF
:10C8500013D014F1690F02D014F10B0F0DD16846FB
:10C860001DF0BCFCDDE9002313430ED114F1690F68
:10C870000CBF6FF00B046FF068041EF0A5F92F4B8E
:10C8800064421C504FF0FF304DE0B8F1FF3F08BF4D
:10C89000B5F1FF3F0AD0B8F1000F16D10A23B5FB5E
:10C8A000F3F03B68834294BF3B603860D6F8840065
:10C8B00008B10EF095FD14F1690F0DD10A21386809
:10C8C000A0FB01011DF055FA23E00A2200232846AF
:10C8D0004146F4F775FDE4E70B341AD1B6F88E4003
:10C8E000C4F38114012CE9D196F9900015F0E5FD0F
:10C8F000304619F000FA00220346022103A81DF079
:10C90000B5FD0A233A68A2FB0323214603A810F0D1
:10C910000DFA3B685B00642B28BF64233B60D6F8AC
:10C92000840018B9002008B0BDE8F0814FF0FF3254
:10C930004FF0FF330EF0DCFCF4E700BF1400000002
:10C94000F8B540F203139942044600F08E80B1F529
:10C95000827F0ED2042923D0B1F5817F2BD0032909
:10C9600019D01EF031F95F226D4B1A504FF0FF3095
:10C9700015E045F21B43994200F0C48045F2214383
:10C98000994200F0BD8040F205139942E9D1136845
:10C99000C0F884300DE0C06DC0F340008003F8BDE6
:10C9A0001268C36D550423F0020301D543F002035E
:10C9B000E3650020F3E7D2E900158B889768D80774
:10C9C0001BD52B689F4202D16FF00B00E7E70420D4
:10C9D00004F160021A612B685A7B60F305025A73F6
:10C9E0002B689A7B6FF345129A732B68DA686FF3A2
:10C9F0009432DA602B6814332B608B885A072CD55D
:10CA0000B4F88E30C3F38113012B02D06FF077009E
:10CA1000C5E794F9900015F050FD2E68B742D3D0C9
:10CA2000B4F88E302046C3F34103012B1AD119F01C
:10CA300065F9022130612B685A7B61F305025A7354
:10CA40002B689A7B6FF345129A732B68DA686FF341
:10CA50009432DA602B6814332B60E36D13F0050F0A
:10CA6000A7D0D3E719F047F9E3E7D2E90056AB883E
:10CA7000DB070ED53368DB6813F4EE1F02D1C36DFC
:10CA8000DF0703D5EB8843F00103EB8033681433F1
:10CA90003360AB8858071ED5B4F88E30C3F38113CA
:10CAA000012B28D194F9900015F007FD3368DB685D
:10CAB00013F4FE1F0CD0E36DD90709D4B4F88E30FF
:10CAC000C3F34103022B02BFEB8843F00403EB8066
:10CAD000336814333360E36D5A0742BFEB8843F089
:10CAE0000803EB80E36DDB077FF563AFEB8843F072
:10CAF0001003EB805DE7EB8843F00403EB80EAE78B
:10CB0000C36D53E70023146819461A4615F044FD17
:10CB10006FF00043984294BF2060236049E700BF54
:10CB20001400000013B50021B0F88E300446C3F3A2
:10CB30004103032B4FF000024FF00003009119D185
:10CB400017F024FA04236360E36D204643F00403E6
:10CB5000E36515F0FEFC204603F060FC031E06DAD8
:10CB60001EF032F8054A5B4213504FF0FF3318466F
:10CB700002B010BD03F07AFCE4E700BF140000002F
:10CB800037B505460C4611BBB0F88E300022C3F312
:10CB90004103032B00914FF000030DD117F0F6F97C
:10CBA000031E0CDA1EF010F80E4A5B4213504FF0D1
:10CBB000FF34204603B030BD03F058FCF0E7EB6DC6
:10CBC000284643F00103EB6515F0C3FCF1E74C1E6A
:10CBD0001DF0FAFF012C94BF86221622014B1A5039
:10CBE000E5E700BF1400000013B5044616F009FF86
:10CBF000031E07DA1DF0E8FF0C4A5B4213504FF0AA
:10CC0000FF3006E0B4F88E30C3F38113022B02D05C
:10CC1000002002B010BD636800220093204600236C
:10CC2000034903F023FC031EF2DAE3E714000000DB
:10CC3000D12402102DE9F043B0F88E309146C3F3B1
:10CC40004102022A0446884685B036D0012AC56DC5
:10CC50000ED11DF0B9FF15F0040F08BF7822244B48
:10CC600018BF62681A504FF0FF3005B0BDE8F0837E
:10CC700015F00205C3F3811319BF0026002747F200
:10CC80003056002718BF1B4D012B426817D1009268
:10CC900000230022184903F0E9FB002801DA43428F
:10CCA00017E063684A46029341462B462046CDE989
:10CCB000006717F0D0F80028F1DB0020D5E72B46FD
:10CCC0000292CDE900674A4617F0C5F8031E05DA5F
:10CCD0005B421DF079FF064A1350C4E763680022E7
:10CCE000009320460023044903F0C0FBE3E700BFA4
:10CCF00014000000BF240210D124021013B5044612
:10CD000016F01EFF031E08DA5B421DF05DFF094AA4
:10CD100013504FF0FF3002B010BD00220023204618
:10CD20000549009417F032F9002801DA4342ECE794
:10CD30000020F0E714000000F1C700102DE9F04FCB
:10CD400016464FF0FF384FF0FF390A228FB05B06CE
:10CD500004460D46CDE90C89189F0B9203D4C36D90
:10CD600013F002034BD000220023CDE90C2308A8C6
:10CD70001DF010FADDE90C23DDE9088908A81DF093
:10CD800009FADDE90823CDE9062363680022009350
:10CD900020460023274903F069FB031E36DB4FF0D2
:10CDA000000A0DF12C0B6168DDE90C23002F37D050
:10CDB000CDE90223199B0491009332463B46294654
:10CDC0002046CDF804A017F070F9002825DADDE937
:10CDD0000C230146CDE90023204642464B46CDF8C0
:10CDE00008B0FFF72BFD002817DBDDE9062308A8B4
:10CDF0001DF0F4F9DDE90823CDE90C23D3E70CAAF3
:10CE0000052103F063FC00230B4AB0E71DF0DCFEB4
:10CE10000A4A5B4213504FF0FF300FB0BDE8F08F6D
:10CE2000CDE9002302913B4632462946204617F0C1
:10CE3000DEF8CAE7D1240210A08601001400000029
:10CE40002DE9F0474FF0FF3315464FF0FF328CB01D
:10CE5000CDE90A230A2309936B0604460E4603D440
:10CE6000C36D13F0020339D000220023CDE90A2359
:10CE7000002706A81DF08EF9DDE90A23DDE9068901
:10CE800006A81DF087F9DDE90623CDE904230DF19D
:10CE9000240ADDE90A233146CDE900232046002398
:10CEA0002A46029717F0DCF800281EDADDE90A238B
:10CEB0000146CDE90023204642464B46CDF808A066
:10CEC000FFF7BCFC002810DBDDE9042306A81DF0F9
:10CED00085F9DDE90623CDE90A23DAE70AAA052167
:10CEE00003F0F4FB0023024AC2E70CB0BDE8F08770
:10CEF000A0860100F7B5C36D04469D070F46164690
:10CF000014D44FF0FF334FF0FF326946CDE90023D0
:10CF100015F0D5FB031E09DA1DF056FE384A5B42B8
:10CF200013504FF0FF35284603B0F0BD002204F146
:10CF3000600000230EF0A4FA044628B91DF044FE58
:10CF40000B222F4B1A50ECE7F6F7CCFA051E06DA47
:10CF5000204615F0FEFA204603F060FAE1E704F1FE
:10CF600060001CF0D3FCA8B190F83730990711D5B8
:10CF7000E36D284643F00103E36512F025FE2046E9
:10CF800015F0E7FA204603F049FA1DF01DFE712264
:10CF90001B4BD7E7B4F88E305A0508D51DF014FEA8
:10CFA0007122174B1A50284612F00EFED0E723F4D8
:10CFB0000073A4F88E3077B16EB132683846082A13
:10CFC00028BF082204F128011DF0BCFA238D012B93
:10CFD00009D1082333604FF4404321462846094ACB
:10CFE000F6F7C0FA9FE7022B01D11823F2E7284693
:10CFF00012F0EAFD1DF0E8FD8622014B1A50A7E76A
:10D0000014000000FCD002102DE9F04F8FB01F4635
:10D01000DDE9195A4FF0FF3303924FF0FF32CDE9AB
:10D020000423189B0C465906064603D4C36D13F01F
:10D03000020330D000220023CDE90423DDE9048976
:10D04000189B06F1600B13F00203019337D01022F6
:10D05000002109A81DF09DFA0423CDF834B08DF805
:10D06000313001214B46424609A80FF05FFE00F126
:10D070000B010B29034618D88D4A0A41D20714D454
:10D0800058461CF03FFC8046F8B91DF09DFD0B2270
:10D09000884B1A500EE0042104AA03F017FB304617
:10D0A00004A915F00CFB031EC8DA1DF08DFD814AA2
:10D0B0005B4213504FF0FF300FB0BDE8F08F424697
:10D0C0004B4658460EF0DCF9DDE7D0E903930093B8
:10D0D000002D4FD0BAF1000F4CD0B6F88C30DAF8F2
:10D0E0000060029317F0F0FA98F83720C2F30212AA
:10D0F0002A8098F83720C2F30212012A60D1002357
:10D100001422072ECDE909323FD90DF1240B5946DF
:10D11000404617F0B5FC064610B96FF0680236E0DD
:10D1200040460A9917F01FFB0028F6D1404698F8B0
:10D130003A1017F018FB0028EFD1F1689DF808208D
:10D140006960112A34D107AA0992082259460A9225
:10D15000404617F095FC0028DFD00288009B6A80CB
:10D16000C8F80C90C8F810302A88012A2BD1082260
:10D17000CAF80020002C64D0E2680AB1A26832BB71
:10D180001DF022FD0C224B4B83E76FF01502009B34
:10D19000C8F80C90C8F8103052421DF015FD4549F2
:10D1A000019B0A50002B85D1404617F0FDF981E71D
:10D1B000062A05D11422CDF81CB0089207A9C7E7AA
:10D1C0006FF08502E3E7022A6FD11822D0E74046CC
:10D1D00017F045FB87423E4628BF06460546B24645
:10D1E0004FF0000BBAF1000F0FD1AF4203D2A2698A
:10D1F00042F02002A2612269002A4ED0606978B311
:10D200000F2848D8C4F814A02AE0A26852F80B10DE
:10D2100002EB0B0021B91DF0D7FC1622254B38E795
:10D2200042684046524528BF5246029217F0B1FA72
:10D230000BF1080B029A08B16922AEE7AAEB020AC9
:10D24000D0E7404617F00BFB87423E4628BF064614
:10D25000054632464046039917F09BFA0028EBD169
:10D26000019BE3B9404617F09FF9189B13F0200F7C
:10D270000CBF304628461FE78A44073121F00707D4
:10D28000103717448742BDD821F007010A441168BE
:10D290000029F1D1B6E71044F9E76261E0E7009BAD
:10D2A000C8F80C90C8F81030DFE7862275E700BF99
:10D2B0007EF7FFFF140000002DE9F04F17461E46D1
:10D2C0004FF0FF324FF0FF338DB0CDE90823B0F8B7
:10D2D0008E300D46D9070446DDF8588040F1A8800D
:10D2E000C3F34103022B40F0A58018F0400F02D198
:10D2F000C36D9A071BD500220023CDE90823002E19
:10D3000040D0DDE90823CDE90576CDE90A2308F40C
:10D31000807BCDB1C7B9EB688BB96FF01500434284
:10D320001DF052FC444A4FF0FF3613502AE013F030
:10D330000503E4D1042108AA03F0C8F9DFE7AB68CC
:10D340001A685B68059207930027DDE90A233E46C9
:10D3500002A81CF01FFFDDE90223CDE90023069B94
:10D3600063B3E36D13F0040010D0606840420028FE
:10D3700020EAE076D3DB18F0020F03D131462046D5
:10D3800016F0BDFE30460DB0BDE8F08FDB07EED4E1
:10D39000DDE90AA95AEA090312D1C5B94346204674
:10D3A00006AA05A915F0F8F8831950EA03063DD13D
:10D3B0005AEA090918D0BBF1000F31D13046D6E73F
:10D3C00020460AA915F07BF90028E6DACFE74346A4
:10D3D000204607AA05A915F0DFF8064450EA06031F
:10D3E00005D15AEA090302D16FF00A0097E7AA684B
:10D3F000FB0052F83710014405910699091A06916D
:10D4000007990029D7D1E96801378F42D6D0083370
:10D41000D118D2584B68059207930AB1002BD6D188
:10D42000DDE900230AA81CF0D9FE98E71E46C2E7F2
:10D43000092375E7802373E714000000F0B585B079
:10D440001C46DDE90A67134602B3B0F88E20C2F32A
:10D450008112022A08D10A46CDE901670021009411
:10D46000FFF7D2FD05B0F0BD012A07D10A46002121
:10D470000A9405B0BDE8F040FFF71EBF1DF0A4FB05
:10D480008622034B1A504FF0FF30EBE71046E9E7D6
:10D4900014000000F0B5B0F88E4085B0C4F38114DC
:10D4A00091B18E68CEB100231D46CF680436AF42DD
:10D4B00017D1022C1AD10C1D02940C68CDE900245E
:10D4C0000022FFF7A1FD06E016231DF07DFB0B4AAD
:10D4D00013504FF0FF3005B0F0BD0C23F5E7862365
:10D4E000F3E756F835C001356344E0E7012CF6D187
:10D4F00000920022FFF7E0FEEDE700BF14000000FD
:10D5000073B50D46062D1C461146069B46D005DC1C
:10D51000002D4BD0012D0DD06D238EE0292DFBD198
:10D52000122A00F38380102A00F39080F4D122465F
:10D530000F210AE00F2A2ED00DDC032A1DD0042A69
:10D5400015D0022AE8D12246092103F0BFF80028AD
:10D550001BDA434271E0262A1AD0272ADCD11B6845
:10D56000042B69D1B0F88E30C3F3C20303E01B680B
:10D57000042B61D14368236007E0B0F88E20C2F32A
:10D5800081121B68042B57D12260002002B070BDAD
:10D59000B0F88C20F5E722460A21D6E7012ABBD154
:10D5A000224602B0BDE8704018F07EBB0E2A3AD089
:10D5B00006DC012A3DD0022AAED122461021C4E762
:10D5C000202A04D0212AA7D122460D21BDE7B0F898
:10D5D0008E20C2F3C202012A36D104221B680192B6
:10D5E00094B1934210D10DEB020313216A4603F06C
:10D5F0006DF800280CDA43421DF0E6FA4FF0FF35D3
:10D60000144A13502846C1E71623F5E70223F3E72F
:10D61000009808B92060F5E715F0EAFD0028F5D07C
:10D6200043682360EEE7224614218EE7432A7FF405
:10D6300073AF2246082188E716231DF0C5FA054A74
:10D6400013504FF0FF30A1E76A23F6E722460E2180
:10D650007BE700BF1400000073B50E46062E1C4683
:10D6600005461146069B70D005DC002E75D0012EB4
:10D6700026D06D2354E0292EFBD11A2A00F3C08056
:10D680000F2AF6DDA2F110010A29F2D801A252F800
:10D6900021F000BF05D800100DD8001013D80010DD
:10D6A00073D6001073D6001073D6001073D6001016
:10D6B00073D6001073D6001073D60010CFD60010AA
:10D6C0000F2A22D006DC022A17D00D2AD1D1002041
:10D6D00002B070BD192ACCD1B0F88E20C2F3C201BD
:10D6E0000139012951D81BB1002C50D0217879B9CA
:10D6F00022F40062A5F88E20E9E72246092102F013
:10D7000055FF0028E3DA43420AE022460A21F6E701
:10D71000082B3CD1204602F063F8031E07DA5B4277
:10D720001DF052FA3C4A13504FF0FF30D0E714F08E
:10D73000C4FE70B3B5F88E3043F40063A5F88E30A4
:10D7400001F076FF85F89000C1E7012A91D12246C9
:10D7500002B0BDE8704018F07BBA212A4AD008DC3C
:10D76000022A4AD0202A16D0012A82D12246082134
:10D77000C5E7A2F1230101293FF67BAF1A462146F6
:10D7800002B0BDE87040FEF7C7BF6A23C8E71623A2
:10D79000C6E71323C4E700961CB10C2B03D0082B5B
:10D7A00016D016231EE0A06890B114F086FE0090FB
:10D7B000009808B101F03CFF042301901321284692
:10D7C0000DEB030202F0F2FE002811DA434209E0F9
:10D7D0006368002BECD06946201D01F0CFFC0028C7
:10D7E000E6D102231DF0F0F94FF0FF360A4A13503C
:10D7F00030466DE722460D2181E7224610217EE763
:10D80000432AB2E722460F21284678E72246132111
:10D81000FAE722460E21F7E71400000013B503468D
:10D820001446084669B162B1B3F88E20D1050AD416
:10D8300080231DF0C9F9124A13504FF0FF3002B097
:10D8400010BD1623F5E7C2F38111012903D1C2F3FC
:10D850004102022AECD11A8D012AF2D1ADF8002042
:10D860005A8DDB6AADF8022022686946082A28BF73
:10D87000082201931CF066FE082300202360DEE7E7
:10D8800014000000F0B51546028C0E46012A4FF038
:10D89000000485B023D1436ACDE90244EBB10823EB
:10D8A00001AA0DEB0301019316F03FFC031E07DAFA
:10D8B0005B421DF089F90D4A13504FF0FF300AE02A
:10D8C000019F2A683046BA4228BF3A4602A91CF096
:10D8D00039FE20462F6005B0F0BD1623E9E71DF0A4
:10D8E00073F91622014B1A50E7E700BF140000003D
:10D8F0002DE9F84307460E46904699464FF0FF3310
:10D900004FF0FF322B480DF0F3FC2B4B1B78ABB9DB
:10D910004FF0FF324FF0FF33264928480EF0D6F87B
:10D92000274B9F4240D3274B9F423DD27B681EBB73
:10D93000314614204FF0FF3435460DE0032BEFD075
:10D940006FF0040412E000FB01F23B680131134464
:10D950005C603B6813441D817B689942F3DB1A4984
:10D96000012200230868FCF7DDF8002411480DF0BF
:10D9700037FD2046BDE8F883984518DC00254FF0B8
:10D98000140CA845EBDD0CFB05F23C6806EBC50367
:10D990001444043493E8030084E803003B68013531
:10D9A0001344C3F80C90ECE76FF00104DEE76FF06E
:10D9B0000B04DBE7A80B0030268F0030F40C00309E
:10D9C00068B8021074B80210207800302DE9F04FCA
:10D9D000534BDFF8508185B0A8EB03020B2A40F2CD
:10D9E00096800026434506F1010725D3032F00F258
:10D9F0008E8000214C4D0846AF61FCF725F8041ECF
:10DA0000DFF828917DDB032389F8003048480EF0C9
:10DA100025F801234FF0140A2C60AB804FF0FF3340
:10DA20004FF0FF3243480DF063FC3D4B43451BD2A2
:10DA30000024D3F804C013E09A680C33176053F83D
:10DA4000082C1644CEE79A68186812680AFB04008E
:10DA5000224405EBC202D0E9010182E8030001344F
:10DA6000A445F0DC0C33E1E732480DF0B9FC4FF08F
:10DA7000FF3239462C4814F0BBFA002841DD4FF044
:10DA8000010B294CB3450CDD0028F0D0B5F9063068
:10DA9000002BECD0286802A9FCF72EF80023EB80BD
:10DAA000BCE7D4F808C0BCF1000F26DBB4F90E3097
:10DAB000002B22DD1A4B0AE01A680AFB0022D2F87A
:10DAC00004E0F44508D001308842F5DB0C334345CF
:10DAD000A4D200205968F7E71361131DD4E90201AD
:10DAE00083E803004FF0FF31A3681046A160019363
:10DAF00014F018FE0020019BA3600BF1010B083409
:10DB0000C0E7022389F8003005B0BDE8F08F01229C
:10DB1000064B1A70064805B0BDE8F04F0DF09EBFE9
:10DB200068B8021074B8021020780030268F0030D8
:10DB3000F40C0030A80B003000B589B0002200239F
:10DB4000CDE9062300230E22CDE90133CDE90323DD
:10DB500000934FF49662054B054906480EF0C6F84F
:10DB6000054909B05DF804EB0DF0E6BFCDD9001012
:10DB7000401C0130484700309522031000B57F2239
:10DB80001DF022F8024B1A504FF0FF305DF804FBF5
:10DB90001400000000B516221DF016F8024B1A50B2
:10DBA0004FF0FF305DF804FB1400000000B55F2269
:10DBB0001DF00AF8024B1A504FF0FF305DF804FBDD
:10DBC0001400000000B56D221CF0FEFF024B1A503D
:10DBD0004FF0FF305DF804FB1400000000B56D222B
:10DBE0001CF0F2FF024B1A504FF0FF305DF804FBBF
:10DBF0001400000008B500220549F5F703FC28B120
:10DC0000838C828D006B9B1A9BB2C01A08BD00BF2B
:10DC100040D10210002208B50349F5F7F3FB0038A4
:10DC200018BF012008BD00BF40D102102DE9F84304
:10DC30000546E0B3064656F8440B431C04D10021C8
:10DC4000304614F080FD25E000221A49F5F7DAFB92
:10DC5000044618B94FF0FF332B60F0E700F10809D4
:10DC60004FF0FF324FF0FF33484614F068FD4FF09D
:10DC7000FF380746C0B92046394640F8348B14F0C7
:10DC800062FD30463946C5F8008014F05CFD484618
:10DC900014F057FD2846942200211CF07AFC2846F7
:10DCA000BDE8F8431CF030BCC5F80080C7E7BDE80C
:10DCB000F88300BF40D1021000B57F221CF084FF22
:10DCC000024B1A504FF0FF305DF804FB14000000C7
:10DCD0002DE9F04F88469146044689B008B101B15C
:10DCE00052B91CF071FF16224A4B1A504FF0FF3503
:10DCF000284609B0BDE8F08F00F108070022002394
:10DD0000384614F01CFD6668002806F0010612DA99
:10DD100036BB4FF0FF324FF0FF33384614F00FFDA3
:10DD2000002805DA43421CF04FFF3A4A1350DDE762
:10DD3000666806F001062068FFF76CFFE28C638DD1
:10DD400005469A4246D138B166B11CF03DFF0B2220
:10DD5000304B4FF0FF351A50384614F0F2FCC7E74D
:10DD60000B23E0E71BF027FF0028EED101964FF0D0
:10DD7000FF360199029669BB4FF0010B102203A8F0
:10DD80001CF007FC9DF8193038466BF3050304F1CD
:10DD9000340A8DF81930CDF81CA014F0D2FC4FF0E5
:10DDA000FF3259464FF0FF3303A80EF0BFFF4FF08C
:10DDB000FF324FF0FF33384614F0C1FC504602AA40
:10DDC00001A91CF089FB019B002BD2D0029BE3B17F
:10DDD0005B45CED14A46414604F1200012F01FF9BE
:10DDE000E28C638D06469A4207D12068FFF712FF46
:10DDF00018B104F134001CF06CFB25B1012104F1D1
:10DE0000440014F0A0FC3546A6E71CF0DDFE2022FD
:10DE1000004B9EE7140000002DE9F04F0E46174618
:10DE2000054689B008B101B152B91CF0CDFE1622E9
:10DE30006B4B1A504FF0FF36304609B0BDE8F08FFB
:10DE400000F1080800230022404614F078FC6B68BB
:10DE5000002803F0010914DAB9F1000F23D14FF0C3
:10DE6000FF324FF0FF33404614F069FC002805DA1A
:10DE700043421CF0A9FE5A4A1350DBE76B6803F0DB
:10DE80000109002257492868F5F7BCFA044660B931
:10DE90001CF09AFE2022524B1A504FF0FF3640469B
:10DEA00014F04FFCC8E70B23E3E700F1080A002257
:10DEB0000023504614F043FC002830DAB9F1000F7B
:10DEC00027D14FF0FF324FF0FF33504614F037FCAC
:10DED000002801DA43421DE02868FFF78BFE30B3CB
:10DEE00031463A4604F1200012F079F806462868D7
:10DEF000FFF780FE18B904F144001CF0EAFA012192
:10DF000004F1340014F01FFC04F1080014F019FCB3
:10DF1000C5E70B231CF058FE314A1350BDE72868B3
:10DF2000FFF768FE0028DBD1B9F1000F52D11BF0DA
:10DF300042FE00284ED14FF0FF3B0190DDF80490E7
:10DF4000CDF808B004F1080AB9F1000FC8D11022C9
:10DF5000494603A81CF01DFB01219DF819305046CD
:10DF600061F3050344348DF81930079414F0E9FB8C
:10DF70004FF0FF324FF0FF33012103A80EF0D6FE21
:10DF80000028A7DB4A4617492868F5F73BFA0446FC
:10DF900000283FF47DAF4FF0FF324FF0FF330830E1
:10DFA00014F0CDFB002895DB02AA01A904F144007E
:10DFB0001CF092FA019B002BC0D0029B13B1012BE5
:10DFC0008ED0BBE71CF000FE2022054B4FF0FF3641
:10DFD0001A5099E71CF0F8FD0B22014BF6E700BF41
:10DFE0001400000040D102102DE9F0410E46074612
:10DFF00000B141B91CF0E8FD1622204B1A504FF039
:10E00000FF30BDE8F0810068FFF704FE804610B1E4
:10E010003868FFF7EFFD00231D467C68F1689942E0
:10E0200007D1B8F1000F0BD11CF0CEFD2022134B0D
:10E03000E4E7B26802EBC302526801331544EEE72D
:10E040002DB1854205D80024F368A34209D828469B
:10E05000D7E714F00104F7D01CF0B6FD7A22074B85
:10E06000CCE7B368384603EBC402526853F8341067
:10E07000FFF7D2FE0130C2D00134E5E71400000002
:10E080002DE9F7430D461646044650B91CF09CFD99
:10E0900016224FF0FF34874B1A50204603B0BDE8DC
:10E0A000F08300F108074FF0FF334FF0FF3238469E
:10E0B00014F045FB40F203139D4200F09280B5F549
:10E0C000827F0ED2042D1ED0B5F5817F2ED0032D78
:10E0D00011D01CF079FD5F22764B4FF0FF341A50BF
:10E0E0000DE045F21B439D4219D045F221439D426C
:10E0F000EFD163680BE06468A40304F480443846FD
:10E1000014F01FFBC9E732686368510404D543F07B
:10E11000010363600024F2E723F00103F9E7E38CD5
:10E12000618D32685B1A9BB21360F3E7D6E9005841
:10E13000AB88B668DA070DD52068FFF76BFD0028BD
:10E1400000F0B180D8F800309E4200F0AF8004F1BA
:10E1500034021A61AD8815F0040540D02068FFF73D
:10E1600059FD0546002800F09E80D8F800309E42F8
:10E1700000F09C80002250492068F5F743F94FF0E9
:10E18000FF3206464FF0FF33083014F0D8FA041E71
:10E19000B5DBD8F8003006F144021A610121D8F845
:10E1A00000305A7B61F305025A73D8F800309A7B2D
:10E1B0006FF345129A73D8F80030DA686FF394322F
:10E1C000DA60D8F800301433C8F80030002EA1D03F
:10E1D000002D9FD006F1080014F0B3FA9AE72E46FE
:10E1E000DCE7D6E90058AE8816F0040608D02068AF
:10E1F000FFF710FD064628B9EB8843F01003EB80CB
:10E20000B14616E000222C492068F5F7FBF84FF0E4
:10E21000FF3281464FF0FF33083014F090FA0028A7
:10E2200021DB2068FFF7E6FC78B1EB8843F00403BC
:10E23000EB80AB88DB0727D52068FFF7EBFCA0B9A4
:10E24000EB8843F00103EB801EE00090694601AAD1
:10E2500009F144001CF040F9009B002BE9D0EB8849
:10E2600043F01003E4E70026E3E7E28C638D9A4273
:10E27000E6D100230093694601AA04F134001CF0A2
:10E280002BF9009B002BDBD1D8F800301433C8F8F1
:10E290000030B9F1000F3FF43DAF002E3FF43AAF2C
:10E2A00009F1080098E76FF0770428E76FF00B0496
:10E2B00025E700BF1400000040D102102DE9F3470C
:10E2C0001E46002306281546CDE900330AD01CF06F
:10E2D0007BFC6A22424B1A504FF0FF35284602B0B1
:10E2E000BDE8F087012904D01CF06EFC6B223C4B8A
:10E2F000F1E722B11CF068FC7B22394BEBE726B931
:10E300001CF062FC0E22364BE5E7E8461746DFF8C4
:10E31000D49094201CF0FFF8044698B91CF054FCEB
:10E320000C222F4B1A5002AB03EB8707002347F850
:10E33000083C0098FFF77AFC0198FFF777FCCBE7E1
:10E340000127E6E79022002104301CF022F9204644
:10E350004FF0FF3340F8083B012211461BF0DAFA78
:10E3600004F1540323620023C4E90933E362402328
:10E37000236304F134001CF0A7F804F1440A50466A
:10E380001CF0A2F80121504614F0DDF9F5F7AAF8C7
:10E3900003460133206008D11CF016FC1722104BF5
:10E3A0001A502046FFF742FCBDE74FF440434A466F
:10E3B0002146F5F7D7F848F8044B002FC0D0DDE927
:10E3C00000473B6822683A6044F8083B20463360C7
:10E3D00014F0B7F93B682046736014F0B2F97DE79A
:10E3E0001400000040D102102DE9F041D1F808805E
:10E3F0000546D8F80C300C4613B90220BDE8F08170
:10E40000B8F810200D2AF8D94FF0030C0620D3F8E5
:10E4100006109E89C4F82610598984F82500618564
:10E4200084F824C0D3F800E072BAC4F82EE09B88C8
:10E4300004F12E01638684F82D0084F82CC0084670
:10E44000A28614F0D8F994F82E3097B203F00103A5
:10E4500085B1D5F800C0BCF1000F0BD09CF811209D
:10E46000062A07D148B943B90CF112001CF008F98B
:10E4700018B1C2E708B9002BBFD00E2108F10C007B
:10E4800013F029FDA3688BB9204B214A21499342FF
:10E49000B3D29889B84207D15868884204D1D3F8DA
:10E4A0000880B8F1000F03D11033F0E75B68EAE7AA
:10E4B000224639462846C04700289FD002289CD0D3
:10E4C00048F688639E4299D094F83730C3F302131C
:10E4D000012B12D1A368DB685B885BBA9BB22D2B42
:10E4E0008CD8A268002A89D0118A994235BF5B1A5C
:10E4F00013829BB200235268F4E7022B7FF47EAFB5
:10E50000A368DB689B885BBA2833E7E738B802105A
:10E5100058B802109C0E003000487047B522031016
:10E52000F0B58DB0154604460E46302200216846EF
:10E530001CF02FF8012320468DF807508DF800308D
:10E5400014F028F905468768CCB12368BBB15A6836
:10E550000C4B9A4213D1204614F021F9C3040ED576
:10E560006FB13C695CB13388012B08D10DF1010119
:10E57000301D14F09DF96A460A212846A0470DB0C7
:10E58000F0BD00BF9C0E00302DE9F047814614F02D
:10E5900001F98A8ED0F808A057BA0E46BFB2BAF178
:10E5A000000F00F0A680DAF81C3023B96FF0850563
:10E5B0002846BDE8F08791F83730C3F30213012BEA
:10E5C00052D1B2F5006F4FD18B688D69DC6801F0D4
:10E5D0002FFC226903689A4200F09180284604F1DA
:10E5E000100100F051FD002840F08980B368D9681F
:10E5F0001031084614F0C1F8024600287FD1304699
:10E6000000F018F90446002876D086422ED0304615
:10E6100015F0CAFFA78E7FBABFB2002FC6D094F8FC
:10E620002D304BB9374B1A68C4F82D209A889B7946
:10E63000A4F8312084F833304FF47A7200230E218D
:10E64000204602F0F7F8804690B96FF00B05B7F559
:10E65000C16FADD1304615F08AFFA3684846D9682E
:10E66000103100F019FB36E03446D6E70827D6E72C
:10E670000E2150F80C5F13F015FCB7F5C16F2ED0CA
:10E6800094F83730C3F30213012B28D1A368DA685A
:10E690001032104614F071F808B32946104614F0F1
:10E6A00007F9D4F826304146C5F80630638D204678
:10E6B0006B81AF8115F098FF204616F005F84846AB
:10E6C00014F068F82146DAF81C309847054600280F
:10E6D000BDD1A3684BB9204615F066FF68E7D4F8B2
:10E6E0002E302B60638EAB80DBE71A8A5B681544A3
:10E6F000F0E76FF001055BE76FF00B0558E7344674
:10E700008DE700BFA822031038B50123054614F099
:10E710003CF8114903760446456104301BF0D8F9F2
:10E72000284614F03CF8420548BF237E284644BFE3
:10E7300043F00403237614F032F8C30404D5002117
:10E74000064A074800F04AFC00F0BAFA637E43F03C
:10E750000203637638BD00BF8528021021E5001052
:10E760003C78003008B5084B5A683AB100211B6864
:10E7700023B19A4204D1044814F0D9F8104608BDD8
:10E7800019461B68F4E700BF5C7800302DE9F843B8
:10E7900014F0F6F84FF0FF3306464FF0FF322148F1
:10E7A00014F016F9204B1C685CB12568DFF87880FE
:10E7B0001E4FC6F5FA6934B91A48BDE8F84314F09B
:10E7C00034B92546F2E7626809EB0203002B21DC2D
:10E7D0000121204614F037F922460021404614F06A
:10E7E000A6F8002323607B6833B9C7E9004435B13C
:10E7F0002B682C461D46DEE71C607C60F7E72B4645
:10E80000F7E70A2302F5FA62A2FB032308480DF09A
:10E81000F9F8D1E7921B12F5FA6FF2D100221346F4
:10E82000F4E700BF48780030647800306C7800303E
:10E83000004800302DE9F04F89469046064687B0E3
:10E8400020B90025284607B0BDE8F08F8368002B6B
:10E85000F7D05AB9806914F0A6FC38B9B3699B683F
:10E8600023B103F13C09DB6B002BEAD04FF0FF3200
:10E870004FF0FF33744814F0ABF80023734D059349
:10E880002F684A463846B16905AB14F0C0F8044613
:10E8900058BBDFF8BCA10346DAF8000014F0B7F863
:10E8A0000546002842D16B480468002C3AD0224625
:10E8B000294614F03CF8B3690393B8F1000F43D133
:10E8C0004FF47A7200231C21CDE9002303984346BC
:10E8D000424602F0D9F80546B8BB002C00F09980FA
:10E8E00021465C4814F01CF893E0B84207D0024679
:10E8F0000599284614F01BF8214614F011F85248E7
:10E9000014F093F8A06814F022F8811C06F124009A
:10E9100014F060F804F1100106F12C0014F05AF81C
:10E9200035468FE7FFF71EFF0446C4E7304615F073
:10E930001EFE014605F118001AF0D5FF0028BAD0D6
:10E94000414814F072F87CE7354640F60603012290
:10E95000AB8695F83730A86862F3061385F8373030
:10E960001C210C3013F09EFAAB6805F1240BDF6814
:10E97000002C56D0304615F0FAFD314604F118004F
:10E980001AF088FFAB69A360D9F80030E360A06893
:10E9900013F0DDFF811C584614F01CF8002323609F
:10E9A000DAF80430CBBBCAE9004413F0E9FF606039
:10E9B00029481BF0CDFB084305D144F62062002313
:10E9C00026480DF01FF8FFF7A7FD014605F12C00C2
:10E9D00014F000F80821B9700621002301223971D2
:10E9E00004213B707A70FB707971BB71FA71C7F8C2
:10E9F0001230FB82D9F80030BB61D5F82630BB60FD
:10EA00006B8DBB81ACB9B368D8680C300368C7F8AC
:10EA10000E300D4814F009F814E71C60CAF80440E1
:10EA2000C3E7039813F093FF811C584613F0D2FFFD
:10EA3000C9E7A3684146986813F0D5FF0028E5D1DF
:10EA4000C7F80E00E5E700BF487800305C7800307A
:10EA5000647800306C780030104800300048003096
:10EA60002DE9F74F05460F46164698469DF830901B
:10EA700013F0A5FF38B94FF0FF324FF0FF3305F127
:10EA8000740013F0A5FF4FF0FF324FF0FF334948F9
:10EA900013F09EFF0023DFF820A10193DAF800B005
:10EAA0003A462946584601AB13F0B1FF044680BBF5
:10EAB000BBF1000F02D141481BF059F8B8F1000F2B
:10EAC0000BD03F483A462946006801AB13F09FFF40
:10EAD00018B133680361B3888382B9F1000F0FD096
:10EAE00000233748294601933A46006801AB13F0EA
:10EAF0008EFF014600283FD033680361B3888382CC
:10EB00002C4813F092FF284603B0BDE8F04F13F0F5
:10EB10008EBF02460199504613F009FFDAF8003023
:10EB200013B926481BF023F8336821462361B388C4
:10EB30002348A38213F0F4FE04F11807A369002B05
:10EB4000DED04FF0FF334FF0FF3238460CF098FC28
:10EB500083680646D9682C3013F03CFF3DB32B6820
:10EB60002BB35B68314628465B6898470028E5DA96
:10EB7000304615F019FDE1E7124804688CB12246D1
:10EB800013F0D5FE13F0FCFEC4E901053B68E36019
:10EB9000336821462361B3880948A38213F0C0FE7D
:10EBA000AEE7FFF7DFFD04460028EBD1A8E700231E
:10EBB0005B68FFDE48780030647800300048003041
:10EBC0005C7800306C7800302DE9F843DFF8B480D1
:10EBD00005464FF0FF324FF0FF332B4813F0F8FE9D
:10EBE000D8F8004024B100272668DFF8A09094B937
:10EBF000274F3C682CB14FF000082668DFF88C9056
:10EC000024BB3B6813B923481AF0B1FFBDE8F843B1
:10EC10001D4813F00ABF234615B1A268AA420DD1C0
:10EC20000021204613F00FFF39464046224613F0DC
:10EC30007EFE2146484613F073FE3B4626B13268FD
:10EC400034461F461646D2E73246F9E7234615B149
:10EC5000A268AA420DD10121204613F0F4FE4146DC
:10EC60003846224613F063FE2146484613F058FE0C
:10EC7000434626B13268344698461646C0E73246C7
:10EC8000F9E700BF5C780030487800306C780030DD
:10EC9000647800300048003008B50A46014607484D
:10ECA0000023006813F0B3FE20B1012113F0CBFE66
:10ECB000002008BD6FF00100FBE700BF6478003062
:10ECC00038B5124D2B7803BB114A124CC2E9003300
:10ECD000114AC4E90033C2E9003310481AF098FD24
:10ECE00020460F4913F01CFE01F14C001AF090FD74
:10ECF00020460C4913F014FE0B490C481AF029FF6A
:10ED00000B481AF0F5FC01232B7038BD278F00301B
:10ED1000647800306C7800305C7800308C7800309B
:10ED200074780030A87800308DE70010004800307B
:10ED300048780030036804481BBA1B0C1B041B1ADC
:10ED400058425841704700BF0000FEA970B58CB012
:10ED5000054614F0ECF8154B0C468342164602D0DB
:10ED600001200CB070BD284614F0E6F88368002B33
:10ED7000F6D0DB68002BF3D098470442F0D0284649
:10ED800014F0DAF88368C4F110015B69C9B20BB9F9
:10ED90000020E6E76A4698470028F9D1009B36EA4A
:10EDA000030314BF01200020DBE700BF9C0E0030EE
:10EDB0004FF0FF3370B54FF0FF320546184814F09E
:10EDC00008F9184B196879B10A684FF0FF334FF40E
:10EDD0007A7659B95A1C1BD113481AF0C8FEBDE8FF
:10EDE00070400F4814F0FEB80A46EEE7CC69098C73
:10EDF000641B06FB0141002909DD8B4228BF0B463D
:10EE00001AB1106811460246E3E71046FAE70023FC
:10EE10000A220548A3FB02230CF0F4FDDFE700BF44
:10EE2000BC0B003040790030304800302DE9F34110
:10EE3000044615460E46984614F0CDF8A26882B9ED
:10EE4000002732E051400E062BD403F10802D2B263
:10EE50000133DBB249009342C9B222D0080620D464
:10EE6000F6E7936915491940154B9942E8D1138883
:10EE7000012BE5D1171D3846FFF75CFF4045DFD178
:10EE80005368D269013E13400193002301A816F88C
:10EE9000011F10F8012B9142D4D10833DBB2202B93
:10EEA000F5D12A789A42CBD82B7004F1600014F087
:10EEB00099F8384602B0BDE8F08100BF00FF0200BB
:10EEC000000102002DE9F04714F05CF8244E804662
:10EED0004FF0FF324FF0FF33224814F07AF83468D5
:10EEE0002CB100254FF47A7AA94627683CB94046F0
:10EEF000FFF75EFFBDE8F0471A4814F073B8E36906
:10EF0000218CA3EB08030AFB0133002B224619DCFA
:10EF1000A388012B06D11023A169134804F108022C
:10EF200001F09CF823689DB972683360944200D167
:10EF300073602A4694F82230C4F8009069F3000305
:10EF400084F8223057B13B683C4615461F46CDE752
:10EF50002B6073689C4208BF7560EAE73B46F3E7A5
:10EF600040790030BC0B0030060004E0002809DDC9
:10EF70009022431E044802FB0300044B984228BF22
:10EF80000020704700207047F00D0030800E0030E8
:10EF9000024608B50649074B8B4202D300231846A8
:10EFA00008BD184613F0C8FF8242F8D09033F3E74B
:10EFB000800E0030F00D0030054B064A934205D01C
:10EFC000054A1068002808BF18467047002070479F
:10EFD000F00D0030800E003048790030F8B504465E
:10EFE0000D4D4FF0FF330D4816464FF0FF320F46E0
:10EFF00013F0EFFF2146284613F07EFF2B682360B5
:10F000006B682C6003B96C60C4E901760348BDE805
:10F01000F84013F0E7BF00BFE8780030BC0B0030C9
:10F0200038B504460D4613F0D6FF0621204613F0EE
:10F030009FFF10B3A36843B105B12B60002504F115
:10F04000600013F0CFFF284638BD4FF0FF324FF07D
:10F05000FF330B4813F0BDFF0A4B5A6C3AB9A3605B
:10F060005C6405B12B60064813F0BCFFE6E704487A
:10F0700013F0B8FF6FF00205E1E76FF08505DEE7FA
:10F08000BC0B0030F878003070B50D4668B1BDE8B3
:10F09000704013F0F5BF2946204613F0F1FF18B970
:10F0A0009034B442F7D3002070BD014C014EF8E714
:10F0B000F00D0030800E003000232DE9F3410546AD
:10F0C0000E468DF8073000294ED00846FFF732FE75
:10F0D000034628BBFDB128460DF10702FFF7A6FE47
:10F0E00004460CE03846002331460DF10702FFF7D5
:10F0F0009DFE002818BF044690374745F2D3A4BBB5
:10F100000121284614F071F8044670BB02B0BDE836
:10F11000F04100F089BE2C46164FDFF85C80ECE72A
:10F12000EDB10121284614F05DF8D9E7204601230E
:10F1300031460DF10702FFF779FE002818BF074698
:10F1400090344445F2D3FFF737FF314601230DF1E8
:10F150000702FFF76BFE044638B93C46CFE72F465F
:10F16000044CDFF81480ECE70C46204602B0BDE802
:10F17000F08100BFF00D0030800E0030F8B506467B
:10F180000D46114C114FBC4201D3002419E020461A
:10F1900013F021FFA36804F160001BB913F022FFF4
:10F1A0009034F0E79A7E9207F8D51A88012AF5D1B3
:10F1B000326859689142F1D105B12C601C4613F0B8
:10F1C00011FF2046F8BD00BFF00D0030800E00306A
:10F1D0002DE9F7430646884691461D4613F0FBFE8F
:10F1E000304601A9FFF71CFF002806F1600728DB65
:10F1F000B468A37E99071AD5D8F8001062689142C6
:10F2000015D1DA060CD404F11403D3E8EF1F013151
:10F21000C3E8E21F002AF8D1A37E43F01003A376CF
:10F22000384613F0DFFE204603B0BDE8F083B9F1A5
:10F23000020F019C02D1237E042B04D0A37E9B07E6
:10F2400001D50024ECE7002CEAD00122A37E228025
:10F2500023F0120343F01203A376D8F80030A17E06
:10F260006360B5FA85F35B0963F300016FF07F43D8
:10F27000E36104236261A17662763146034884F833
:10F280001890E21800F0EAFECAE700BF010004E0AF
:10F29000F8B505460E4613F09EFE00212846FFF7FE
:10F2A000BFFE002823DB336803F0F003E02B1ED100
:10F2B000AC68C4B905F1600013F094FE2046F8BDB7
:10F2C00043F0010384F83830012322462384336855
:10F2D000294642F8243F0748042304F1200700F0A0
:10F2E000BDFE3C46E6E794F83830DA07E8D500245E
:10F2F000E0E700BF030004E0F8B506460D46154CF4
:10F30000154FBC4207D245B12B6833B1A34204D09C
:10F310009034BC42F8D3002419E0204613F05BFE81
:10F32000A36804F160001BB913F05CFE9034E8E7B9
:10F3300093F83820D207F7D51EB1596A3268914246
:10F34000F2D105B12C6003F1200413F04BFE2046EE
:10F35000F8BD00BFF00D0030800E003073B50368BB
:10F36000002104469D7E13F003FE002840D10226B2
:10F370002368002B00F09A809E7623689B7EB34220
:10F3800040F09480062E61D1062D00F08F80082178
:10F39000204613F0FFFD002321461A46444800F0A2
:10F3A0005DFE204613F0D7FD10F008057ED1204603
:10F3B00013F011FE3146204613F0DAFD00283AD052
:10F3C000204601A9FFF72CFE002834DB28462946F9
:10F3D000019B03F13402054601B304F1600013F010
:10F3E00001FE65B32B6853B3143B43B35B69FAE783
:10F3F000204613F0A1FD19F071FF68B109212046E4
:10F4000013F0B6FD0028B2D00A21204613F0B0FD5B
:10F41000C0F10606F6B2ABE70326A9E793F8381069
:10F42000CE07DAD58907D8D40121586308B9104628
:10F43000D1E71546D1E704F1600013F0D3FD0621B2
:10F44000204602B0BDE8704013F092BD062D2DD1CC
:10F450000821204613F0ADFD002321461A46154829
:10F4600000F0FCFD204613F076FD02071ED4204676
:10F4700013F0B1FD2946204613F07AFD30B904F1AE
:10F48000600002B0BDE8704013F0ACBD204601A999
:10F49000FFF7C6FD0028F2DB019991F83830DB0751
:10F4A000EDD52046203113F03EFFE8E702B070BDF5
:10F4B000020001D0010001D02DE9F843054688463D
:10F4C0001746994613F090FD0446B0B100F11402BE
:10F4D000D2E8AF6F8EB1701ED2E8EF3FB34203D1D6
:10F4E000C2E8E10F0029F7D1F2D1012E09DDB9F10F
:10F4F000000F04D0C9F8004001E06FF01500BDE82E
:10F50000F883A37EB8F1010F6FF34103A37601D016
:10F510000020F4E7002FFBD0284613F05CFDAB6819
:10F520002BB1042329460448E21800F097FD05F1A9
:10F53000600013F057FDEBE7020004E0F8B54FF070
:10F54000FF33054617460E484FF0FF320E4613F0C4
:10F5500040FD0C4B1B680BB11C6823B90848BDE883
:10F56000F84013F03FBD3A46314628465B6898475D
:10F570001CB1226823461446EFE72246FAE700BF93
:10F58000BC0B0030F07800300023F7B504460D4680
:10F59000CDE90033002943D0244B1B6853B195F8C3
:10F5A0002D202E31062A3BD80DF102008DF80120C6
:10F5B0001AF0C8FF092120466F6913F0D9FC88B3FF
:10F5C0000D21204613F0D4FC38B94FF0FF324FF034
:10F5D000FF3304F1740013F0FCFC204613F0A7FC89
:10F5E00029464368204698470D210646204613F0D9
:10F5F000BFFC18B904F1740013F0F4FC002E02DA19
:10F60000284614F0D1FF1FB13146384613F099FC5B
:10F610009DF8013023B1324669462046FFF78EFF40
:10F6200003B0F0BD6FF07206EAE700BFF07800307B
:10F63000074B984208D3074A904205D2C01A064B9E
:10F6400000115843013070474FF0FF30704700BF42
:10F65000F00D0030800E0030398EE338F8B50546E5
:10F660000E46054C054FBC4200D3F8BD204631463E
:10F67000A8479034F7E700BFF00D0030800E00304F
:10F6800038B5054613F0A7FC0021284613F070FC9E
:10F6900040BB284613F04BFC044680B1846874B12B
:10F6A000284613F049FC19F019FEF0B1284613F072
:10F6B0003EFC0121836828469847041E0CDB00218C
:10F6C000284613F067FC002309481A46294600F033
:10F6D000C5FC2846FFF742FE05F1600013F082FCEE
:10F6E000204638BD6FF07704F6E76FF00504F3E7C6
:10F6F000040001D038B5054613F06DFC0021284602
:10F7000013F036FCE8B1284613F011FC044628B18A
:10F7100084681CB12846A047041E0CDB0021284643
:10F7200013F047FC002308481A46294600F096FCCF
:10F730002846FFF713FE05F1600013F053FC204646
:10F7400038BD6FF07704F6E7030001D008B5034633
:10F7500013F0EDFB084A824208D14BB11B683BB164
:10F760009B68987E431E5842584108BD0020FCE724
:10F7700000239B7EFFDE00BF9C0E00302DE9F04190
:10F780000D460646F8B1F1B10846F1F781FE0828AA
:10F790001CD8114FDFF84480441C474508D322464B
:10F7A000294606F150001AF0CDFE0020BDE8F08198
:10F7B000B74206D02246294607F150001AF060FFF2
:10F7C00038B19037E9E76FF01500EFE76FF05A00B6
:10F7D000ECE76FF07700E9E7F00D0030800E0030C5
:10F7E00070B50546B8B10D4C0D4EB44202D36FF062
:10F7F000010070BD2846F1F74BFE2946024604F190
:10F8000050001AF081FF20B92046BDE87040FFF794
:10F810000FBF9034E9E76FF01500EAE7F00D003014
:10F82000800E00302DE9F043404B85B01B680393F8
:10F830004FF000034FF0FF324FF0FF333C4813F01E
:10F84000C8FB002515F04FF93A4C3B4FDFF8EC8030
:10F850003B4EBC4216D365B14FF4A072394B3A49C6
:10F860003A48A3F840201AF074F90022384BC3E953
:10F8700000222E4B1A68039B5A404FF000034ED0D3
:10F880001AF024FC00222046C4E9142284F85820EF
:10F8900013F052FBD0F80890B9F1000F18D0D9F846
:10F8A0000030ABB10621204613F074FB04F1600078
:10F8B00019F01EFF04F1740019F01AFFD9F8003096
:10F8C0002046984794F8883023F0030384F8883062
:10F8D00094F8503083B92046FFF738FF78B11D4ABD
:10F8E0001368591C11601C4A092168460DF0D8FBA9
:10F8F00069462046FFF742FF01359034A9E72046CC
:10F9000013F015FB804505D1144A1368591C11608A
:10F91000134AE9E733685A1C3260124AE4E70448A4
:10F9200005B0BDE8F04313F05DBB00BFC823033052
:10F93000BC0B0030F00D0030800E00309C0E00300B
:10F94000DC780030F8780030C5EE00103048003028
:10F9500040790030E4780030BF220310E0780030B6
:10F96000C6220310CC22031038B5074C074DAC4219
:10F9700000D338BD0321204613F0FAFA10B920460F
:10F98000FFF77EFE9034F2E7F00D0030800E00307D
:10F990002DE9F04F00248BB0784B029202281B68AF
:10F9A00009934FF0000382460D46CDE907445BD131
:10F9B0000B68049143B94A68002A4CD14FF6FF7393
:10F9C0004C89E11A4C424C4107A80246002305F13C
:10F9D000100705EB43010E88002E3ED00133082BA3
:10F9E00002F10102F5D14FF0FF384FF0010B002773
:10F9F00010F8013B5B4588BFB84607F1010788BF97
:10FA00009B46082FF4D13A220023BBF1010F08BF17
:10FA10004FF0FF38CDE90023002102980026042F83
:10FA20006AD1019B9A5D0346A2BB302203F8022BE8
:10FA3000009A427018460136B742F0DC029B9842A9
:10FA400014D0BAF1010F4FF0000340F0918000F89C
:10FA5000013C02980BE01C46B6E7167802310136ED
:10FA6000B9421670B7D1B9E7012809D00020434B3D
:10FA70001A68099B5A404FF000037BD01AF026FB0E
:10FA80002E2304274FF0FF3883462546019100932B
:10FA90000494C1E74FF0000C4FF00909CDF814C0F1
:10FAA000DFF8DCC0B2FBFCFE03920CFB1E22DDF88B
:10FAB00014E0F14503DBDDF80CE0E64509D3DDF8A1
:10FAC0000CE0CDF81490BEFBFCFE0EF1300E03F8F6
:10FAD00001EB4FF00A0E09F1FF39B9F1FF3FBCFB12
:10FAE000FEFCDFD14FF000021A701B1A50FA83F0AF
:10FAF000009B00F8013B9EE76CB1052E0BDD05F184
:10FB00000C0301933A2300F8013B2E2304274FF006
:10FB1000010A009382E7B0450ED111B9B8F1000F88
:10FB200002D13A2300F8013B3A2300F8013B0BF1E4
:10FB3000FF3300211E447EE711B13A2300F8013B58
:10FB4000049B33F816305BBA13F47F4FC3F30721DD
:10FB50005FFA83F90AD00023612213F049FD0123E3
:10FB60004946612213F044FD012164E70B46F7E7A3
:10FB700003706EE70BB0BDE8F08F00BFC823033001
:10FB800000CA9A3B01282DE9F8430C46164637D1A6
:10FB900000234C1E136019461A461D4614F8010F27
:10FBA00018B12E281BD101339BB2012909D9092A8A
:10FBB00003D9032907D1632A05D86FF01500BDE8E2
:10FBC000F8830029F9D0FF2AF7D8725522781AB1A4
:10FBD0000135EDB2042D10D1032B7BD0EDE7303889
:10FBE000C7B2092FE9D80131C9B20429E5D002EB27
:10FBF000820200EB420082B2D0E700221146CDE73C
:10FC00000228DAD12E2120461AF071FD237800282F
:10FC10000CBF082706273A2B08BF01342046F1F70E
:10FC200037FC00224249824223DB0025A846237884
:10FC3000002BC2D03A2B41D01022002120460DF0DB
:10FC40003DFC10228146002120460DF037FCC9F30F
:10FC5000072949EA002926F815903A2120461AF08A
:10FC600046FDD8B1441C0135AF42E0DC062F31D14E
:10FC700033E0A35CA3F13005092D09D9462B09D83F
:10FC80002D2B9AD92E3BDBB221FA03F3DB0794D557
:10FC90000132C8E7613B052BFAD98EE77B1EAB42E8
:10FCA0008BDC0135AF4288DC062F13D185E706EBEC
:10FCB000450306F8158083F801800135BD42F6DB67
:10FCC0003A2120461AF04EFDA0421ED1062F03D045
:10FCD0006378F3B9002072E7013400250B362378EE
:10FCE000002B3FF46AAF00210A2220460DF0E6FB0C
:10FCF0002E2106F8010F20461AF0F9FCB0B10135AB
:10FD0000042D00F10104EAD1E4E7062F08BF00F159
:10FD1000FF307D1E013010F8013D3A2B02D1013D2C
:10FD2000FFF44BAFA042F6D101349CE7032D54E71A
:10FD30000110F8012DE9F0479A463A4B88B0102996
:10FD40001B6807934FF0000380460B460C4616468F
:10FD500028BF10230025AB4249DC1D46BAF1000F35
:10FD60004BD02A463A2140461AF0DEFB8146A0B32A
:10FD7000A0EB08039D42A8BF1D4641464FF0000876
:10FD800002AF2A4638461AF0DDFB05F120036B442A
:10FD900003F8188C01203946321DFFF7F3FE404569
:10FDA0001BDB01233380BAF1000F35D0013C641B0B
:10FDB000224609EB030138461AF0C4FB04F1200384
:10FDC0000DEB03040A22384601A904F8188C0DF043
:10FDD000EBFB019BBB4212D188B90020114B1A6882
:10FDE000079B5A404FF0000318D01AF06FF918F82B
:10FDF0000520002AB2D00135ADE7D146BDE79DF818
:10FE00000820002AE9D01B78002BE6D1B0F5803F0E
:10FE100083B2E2D25BBA73800120DFE708B0BDE8AD
:10FE2000F08700BFC82303300048704788D1021014
:10FE30000048704784D102102DE9FF47404E414DE4
:10FE400000220023304602A90BF0EEF910B104B0F5
:10FE5000BDE8F0874FF0FF324FF0FF333A480BF028
:10FE600047FA3A4C3A4FBC420CD32C6824B10027D5
:10FE7000B946D4F8008014BB334813F00AFD0CF0E7
:10FE80000BFADDE70298236880EA030280EA0301A7
:10FE9000C2F30172C1F30A410A430ED182B222B108
:10FEA0009AB212B103409BB23BB1A368039900938D
:10FEB0000023D4F804C01A46E0470C34D3E7029973
:10FEC000A36881EA030281EA0300C2F30172C0F36E
:10FED0000A40024320D18AB22AB19AB21AB101EA89
:10FEE000030292B2C2B11B01D4F804A0039A21D537
:10FEF000DAF818300BB193420ED1A160CAF818207D
:10FF000023688FB96A682B60944200D16B60606887
:10FF1000C4F800900BF0E6FAB8F1000F0ED0D8F854
:10FF2000003044469846A6E73B606B689C4208BF99
:10FF30006F60ECE72046D0472746EDE74346F0E701
:10FF40008C0C003054790030200C003068B802105E
:10FF500068B8021000210C4B1A6802B9704782423F
:10FF60000FD1026839B959681A60884200D15A60C5
:10FF70000023036070470A605A68904208BF5960C6
:10FF8000F6E711461268E8E75479003000231A4674
:10FF9000114910B51148124C0B60A0420BD303B1AC
:10FFA0000A60104B1B685BB11A68002408684BB9E3
:10FFB00004B1086010BD50F80C3B1A430123ECE774
:10FFC0001A46F2E79B68184322B11468134622468A
:10FFD0000124ECE71446F9E75C79003068B80210B8
:10FFE00068B802105479003010B504464FF0FF3263
:10FFF0004FF0FF330B480BF07BF92046FFF7AAFFC9
:020000041001E9
:10000000094B1A6822605A681C6002B95C60074A92
:10001000A368116803480B431360BDE8104013F058
:1000200038BC00BF200C0030547900305C790030BF
:1000300038B50446084D4FF0FF334FF0FF322846E5
:100040000BF056F92046FFF785FFFFF79FFF284684
:10005000BDE8384013F01DBC200C003038B5164BFD
:100060000D461A68010C030F23EA127321EA1241AC
:1000700003F00303C1F30A0120EA02020B4392B228
:100080001343044617D14FF0FF324FF0FF330B48B4
:100090000BF02EF90A49C1E9004500236422094802
:1000A0000BF062F8054813F0F4FBBDE83840064950
:1000B000064819F038BD38BD5C790030340C00308A
:1000C0004C7900308C0C00307007003060480030F4
:1000D0001FB5FFF75BFF0023094C0393094B204634
:1000E000029319F030FD02AB00934FF400524FF031
:1000F000FF33204604490BF0E9FB04B010BD00BFFC
:1001000060480030D2220310F02001302DE9F3477F
:10011000294C0E46174698460025A246B4F88E3064
:10012000DB0721D5236B98421ED194235D4305F153
:100130000C0454444FF0FF334FF0FF32204613F0CD
:10014000FEFBB069FFF774FA0AEB050989F8900025
:10015000C6F81490D9F83430CBB9204613F0F1FB2F
:10016000022002B0BDE8F0870135062D04F19404A9
:10017000D4D14FF0FF324FF0FF330C2013F0DFFBF0
:10018000B069FFF755FA002383F89030FFDE05F1E0
:10019000440050440BF0A6F92046002413F0D1FB94
:1001A0000A9B00940193484643463A463146D9F8A3
:1001B0003450A8472046D4E7787900302DE9F84F2D
:1001C00005460E461746354C98469DF82CA00A9BCE
:1001D0009DF830B004F55E79B4F88E20D10705D4CF
:1001E00094344C45F8D10020BDE8F88F0DB1A542FC
:1001F000F6D0B4F88C10B942F2D1618C4145EFD100
:10020000120528D41A88012AEAD1626A002AE7D0A6
:10021000218C0129E4D112680AB1596831BBBBF1C4
:10022000000F03D094F88A100029D9D1BAF1000F39
:100230000ED0B4F88E10C1F38110012803D1C1F3A0
:100240004101032904D0002ACAD15A68002AC7D123
:100250006FF01000C8E7002ED4D094F990000A93F4
:1002600013F071FB86420A9BBAD1CBE78A42B7D121
:10027000BBF1000F03D094F88A20002AB0D1BAF164
:10028000000FE5D0B4F88E20C2F38112012ADFD12D
:10029000226C92F838220A2ADAD1A1E77879003064
:1002A00002282DE9F84F8A461446984605D860B9C9
:1002B0006FF069042046BDE8F88F033801288CBF31
:1002C0006FF069046FF05F04F4E7022800F0968095
:1002D000022906D0032907D0012923D06FF06A0430
:1002E000E8E7112A40F08D80B8F1000F00F08C8013
:1002F0004FF0FF334FF0FF3245480BF02DF9454BDF
:1003000000251E46B3F88E1011F001010CD0013506
:10031000062D03F19403F5D16FF001043C480BF076
:10032000E1F8C7E7062ADDE7942202FB05F706EBB2
:10033000070948461AF02DF9FEF73EFE062C51D06B
:100340009420FF2300214FF0010C00FB056282F88E
:100350009030314BA2F88E103B44D3E8EFEFC3E866
:10036000EBCFBBF1000FF8D1B2F88E300AF1FF32BB
:10037000022A3DD900FB0565A5F88C4000241943ED
:1003800041F0080107F12803A5F88E10F218F45087
:1003900007F1200306EB030A54605146F450484627
:1003A000CAF8044013F0D1FAAAF8020018B34023A7
:1003B000012185F8913085F8921007F144004FF043
:1003C000FF32304419F0A6FA07F10C00304419F05E
:1003D0008FF9B5F88E3043F00103A5F88E30C8F8D8
:1003E00000909BE7484601F003F90028A8DA93E75C
:1003F0004FEA8A11BEE76FF06F048FE76FF05F047A
:1004000058E76FF07A0455E76FF0150452E700BF24
:1004100060790030787900308079003070B504461A
:10042000F0B1114B98421BD303F55E73984217D27B
:10043000002500F10C064FF0FF324FF0FF3330463D
:1004400013F07DFA2046C4E90D55E56301F07EFB0B
:10045000204613F0ADFA304613F073FA284670BD0B
:100460006FF01500FBE700BF787900302DE9F04F01
:100470009846B0F88E3089B0DE0704468B46914628
:10048000DDF848A040F18C8000F10C074FF0FF33FD
:100490004FF0FF32384613F052FAB4F88C30112B7B
:1004A00073D10023B4F88E00266BCDF81A30ADF866
:1004B0001E30C0F3C203ADF818309EB3628D10F445
:1004C000807352BA92B2C4F834B0304600923649C2
:1004D000524618BF04F1280300F020FD0546002D08
:1004E00019DB59EA080316D0443420460BF05AF8B9
:1004F000384613F026FA4A46434620460BF02CF8BD
:100500004FF0FF320B304FF0FF33384608BF6FF02B
:10051000730513F014FA384613F013FA284609B09D
:10052000BDE8F08F204613F0EDFA05460028D6D13D
:10053000B4F88E30C3F3C203012B23D1636A13B125
:100540001B68079306AB628CB4F88E50B4F88C002D
:10055000C5F3C201ED0504F13005C4F834B0CDE9AE
:1005600004A5114D52BACDE9024592B20192628DB5
:1005700048BF04F1280652BA92B20092324600F007
:100580007FFBABE733463246DEE7062B05D152460A
:100590005946204615F0FAF8A0E76FF06A05BAE769
:1005A0006FF00805BAE700BF0D0101102DE9F04119
:1005B000884615461E460446002800F08180424BBE
:1005C00098427DD303F55E73984279D200F10C070F
:1005D0004FF0FF324FF0FF33384613F0B0F908F117
:1005E000FF31142913D8DFE801F05F5F5F5F5F5FC1
:1005F0005F0B212C5F5F1D5F5F195F5F3F365F0000
:10060000002D57D0012E55D82B7884F8883000243F
:10061000384613F096F92046BDE8F0812B6884F83F
:100620009130F4E72B6884F89230F0E7002D41D048
:10063000042E3FD12B68003B18BF012384F889307A
:10064000E5E7BDB3042E35D12B68003B18BF01236D
:1006500084F88A30DBE7B4F88E30C3F3C203012B91
:10066000D5D16FF05E04D3E7B4F88E302D68C3F3B4
:10067000C202012A1BD1042E1CD1C3F38113022B09
:1006800018D115B984F88B50C1E76B1EFE2B11D819
:100690002846FEF76BFC80B1062113F046F90028CE
:1006A000F0D16FF06A04B3E76FF08504B0E76FF044
:1006B0006904ADE76FF01504AAE76FF00104A7E73E
:1006C0006FF01504A7E700BF787900302DE9F041FD
:1006D0000C4616461D468046002800F091804A4B85
:1006E0009842C0F08D8003F55E73984280F0888058
:1006F00000F10C074FF0FF324FF0FF33384613F094
:100700001EF9611E142914D8DFE801F06E6E6E6EBA
:100710006E6E6E0B242E6E6E216E6E1A6E6E4E31E4
:100720006E0098F88830002E61D033700DB101232F
:100730002B600024384613F004F92046BDE8F08110
:1007400098F891303360002DF3D00423F0E798F847
:100750009230F7E798F88930002E48D015B12A6812
:10076000042A44D13360E4E798F88A30F4E7B8F813
:100770008E3013F4006409D098F9900013F0E3F878
:1007800010B1006800B1008B3060DCE7C3F3C20336
:10079000012B2FD108F12C0012F046FD10B1036897
:1007A00003B11C8B2046EFE7B8F88E30C3F3C202CA
:1007B000012A1FD198F88B000028E5D11B0510D520
:1007C00098F9900013F0BFF80621034613F0ADF836
:1007D00098B11846FEF72CFF0028D5DC6FF0010415
:1007E000A8E7FEF7E9FBEFE76FF08504A2E76FF0FB
:1007F00015049FE76FF069049CE76FF06A0499E7BE
:100800006FF0150499E700BF787900304FF0FF32A0
:100810000121014819F07EB8607900300146014895
:1008200013F08EBE8C0D00300146014813F088BED7
:10083000BC0D003010B404460846646804498C427C
:1008400002D110BCFFF7EABF10BCFFF7EDBF00BF3D
:10085000D80A003073B5054616461C4619F0ABF9A8
:1008600008B10026344601A93246234628460AF03C
:1008700033FC014690B9019C4022204619F089FEC4
:100880000123074A204695422362656008BF84F829
:100890003C3013F019FF204602B070BD0024FAE787
:1008A000180B003002460B460148FFF7D3BF00BFCC
:1008B000180B003002460B460148FFF7CBBF00BFC4
:1008C000D80A0030F7B506461C460F46E9B1154672
:1008D00019F071F908B100252C46CDE900540E4BF2
:1008E0000E4C75680E480022A54208BF18463946CE
:1008F00013F038FD044658B10146304613F0EAFEC5
:10090000204611F07EFA80234382002003B0F0BD20
:100910006FF00B00FAE700BFBC0D0030180B003081
:100920008C0D00302DE9F347DDE90A4506461746F0
:100930009A46894629B923B990F8373013F0700FD9
:100940004AD019F038F908B100240025304613F0D8
:1009500055FE96F83720804688B912F0700FC2F322
:1009600002100ED0514613F0EBFCB36909EB000105
:10097000C2F302123BB9012A0AD00B460DE0002057
:10098000F3E74046F1E7186850B3012A038B2BD1F7
:10099000B3F5107F38BF4FF41073CDE90045A3EBDA
:1009A0000803994228BF19467568144B144C154822
:1009B0003A46A54208BF184613F0D4FC0146C8B118
:1009C000304613F087FE3FB1B06839460C3011F065
:1009D00065FA304613F078FE002002B0BDE8F087DB
:1009E000012ACAD10346D3E74068074A9042C4D1DE
:1009F0000E33D2E76FF00B00EFE700BFBC0D003005
:100A0000180B00308C0D00309C0E00302DE9F743A0
:100A1000DDE90A45064690460F4639B932B990F8E5
:100A2000373013F0700FC3F3021026D019F0C3F85B
:100A300008B100240025B06950B943460022394668
:100A40003046CDE90A4503B0BDE8F043FFF76ABF81
:100A500072680C4B9A42F0D103688BB15B68D3F893
:100A60001090B9F1000FE8D043463A463146CDE93F
:100A70000045C84710F1860FDFD003B0BDE8F08312
:100A80001B69FFDE180B003030B585B00093DDE93F
:100A900008451346CDE902450A460146024813F0CF
:100AA0002AFE05B030BD00BF180B003008B5044B5E
:100AB000C0EBC00003EB401018F0ECFE002008BDB6
:100AC00038490030082828BF0020014B185C7047C7
:100AD000E422031030B5224B8DB01B680B934FF00E
:100AE0000003204C204618F093FE4FF0FF324FF0E9
:100AF000FF330025CDE906234FF0FF330094CDE905
:100B0000033504F120004FF40052CDE90155164B96
:100B100016490BF0EBF80446C0B12B460821144AE5
:100B200009A80CF0BDFA204609A90BF005F80C4BFA
:100B30001A680B9B5A404FF0000301D019F0C6FA17
:100B400020460DB0BDE830400BF02ABC044B1A68BB
:100B50000B9B5A404FF00003F0D10DB030BD00BFE9
:100B6000C823033038490030C74A0210F040013032
:100B7000DB2203102DE9F3410746884616466FF045
:100B800001054FF0FF334FF0FF3213480AF0B0FB7E
:100B9000124B1C6834B910480AF022FC284602B0F7
:100BA000BDE8F081227C33789A4213D1637C72785D
:100BB0009A4200D073B9A36813B1BA69934209D1BC
:100BC000E368424600936568334639462046A847A5
:100BD000051EE0DB2468DDE7D00B0030F07C003040
:100BE000F8B50F4616461D460446D0B1CBB11422C7
:100BF000002119F0CEFC6560277466744FF0FF3257
:100C00004FF0FF3308480AF073FB084B1A68226064
:100C10005A681C6002B95C6003480AF0E1FB0020DE
:100C2000F8BD6FF01500FBE7D00B0030F07C003012
:100C300002460B4601480AF05BBB00BF800B003048
:100C400001480AF0CDBB00BF800B003010B5044650
:100C50002822002119F09DFC4FF0FF304FF0FF31AA
:100C6000FFF7E6FF054B1A6822605A681C6002B95C
:100C70005C60BDE81040FFF7E3BF00BF007D0030BF
:100C80002DE9F04F87B01F46129DBDF840308046D9
:100C90001446BDF844B00291039365B395F99000F2
:100CA000FEF764F90646284612F073FE01904FF0F5
:100CB000FF304FF0FF31FFF7BBFF784A1268002A80
:100CC00000F08680D2F800909BFA9BFA1FFA8AF314
:100CD00004939AB9FFF7B4FF4FF0FF304FF0FF31A4
:100CE000FFF7A6FF6E4A1668002E75D1FFF7A8FF22
:100CF0006FF001044CE02E460195D8E7108C40457A
:100D00001AD192F82200029B984215D192F8230042
:100D100000F00403C7B17BB1B7F800C0BCF1010F0C
:100D20000AD1B2F80CC0BCF1010F05D1D7F804E02C
:100D3000D2F810C0E64509D0B9F1000F4AD0D9F871
:100D400000004A468146C4E7002BF5D1B2F80EC038
:100D5000049B9C45F0D100F00200ECB10028EBD0E0
:100D600020880128E8D190880128E5D1D4F804C072
:100D700090688445E0D1039BB2F806C058BA80B2AF
:100D80008445D9D19269B2B9FFF75AFF6FF06F0469
:100D9000204607B0BDE8F08F0028CDD1019B002B85
:100DA000E9D090690028E6D0059212F0F2FD059A8C
:100DB0000028E0D0C0E7002EE6D0B2F88E00030590
:100DC000E2D592F99000FEF7D1F88642B4D1DBE784
:100DD000914679E74846B4E7516830688E4208BFCB
:100DE0005060106000223260FFF72AFFC7B13A88D6
:100DF000012A0FD13A68F2607A6832617A68003A63
:100E000018BF0122920142F0040254B121883B88AC
:100E1000994206D03046FFF719FF6FF01504B7E787
:100E20003A46BBF1000F03D042F01002A6F80EA024
:100E3000139B21467361149B86F82320F361029B68
:100E40003046039AA6F8208086F82230B56113F068
:100E500056FE04460028DDD1159B03B11E6096F8AE
:100E600023304FF0FF3043F0010386F823304FF07A
:100E7000FF31FFF7DDFE094B1A6832605A681E60C9
:100E800002B95E60FFF7DCFE284612F085FD96F899
:100E9000243060F3000386F8243079E7F87C0030D2
:100EA000007D00301B4B10B5984204462BD3A03375
:100EB000984228D890F82330DB0727D54FF0FF3130
:100EC0004FF0FF30FFF7B4FE0021134B1A6852B108
:100ED000944215D1226869B959681A608C4200D1D0
:100EE0005A6000232360FFF7ABFE2046FFF7AEFEFB
:100EF000002010BD0A605A68944208BF5960F0E7AC
:100F000011461268E3E76FF01500F2E76FF0010099
:100F1000EFE700BF087D0030F87C0030F0B40D4DE5
:100F20000F46A84216461946BDF810200BD3A0352F
:100F3000A84208D890F82330DB0708D54761C6617E
:100F4000F0BC13F0DCBD6FF01500F0BC70476FF023
:100F50000100FAE7087D00302DE9F04F89B00393D6
:100F600090F837300546C3F302130493013B012B7D
:100F70000E469046D0F8189003D9022009B0BDE87B
:100F8000F08F112A42D1039B1B681A880292B3F892
:100F900002B0049B012B57D13768002107F10C04E4
:100FA0002046FEF7EBF8824600283BD0029B5B45CB
:100FB000E3D031680B6903F0F003E02B48D04846DA
:100FC0001031FEF761F84FF00009059000274FF04F
:100FD000FF304FF0FF31FFF72BFE6F4BBA461C6816
:100FE0004FF0FF330693002C37D1BAF1000F40F0D9
:100FF000A580FFF725FEB9F1000F00F0BC80002F9F
:10100000BBD0284613F0D0FA0020B7E7062A04D157
:10101000039B1B68002BB8D1AFE74FF0000BCDF856
:1010200008B0B6E7FEF704FFFA6803689A42BDD03D
:1010300021465046FEF728F83368DA681B699A4261
:10104000B4D00028B5D0B1E7002399460593BDE799
:1010500000234FF001090593B8E7A369002B3FD1A6
:1010600094F82230002B4AD1238C434545D1E388A4
:1010700013B1029A934240D1E3890BB15B453CD155
:1010800094F8233099070ED595F83720A188C2F33C
:101090000212914231D1012905D1A2681AB13168F9
:1010A000C9688A4229D15A070ED595F83720A189F7
:1010B000C2F30212914220D1012905D122691AB14D
:1010C000316809698A4218D1069A03F078039A4276
:1010D00013DAB9F1000F16D11BB2A24606930CE049
:1010E000B3F88E201005BBD5AA6993F9900007923A
:1010F000FDF73CFF079A8242B2D0246873E7049A56
:101100009A42B1D0F9E74FF47A720023284613F0DF
:1011100070FC074610B9FFF793FD2EE7E36901461F
:10112000009332462046039BD4F814C0E0470228BF
:1011300002D1384613F038FA4F46DEE7DAF81440A9
:10114000DAF81CB0FFF77CFDB9F1000F11D0002FC9
:101150007FF457AF002C3FF410AF039B3246294673
:101160005046CDF800B0A047831E58425841400079
:1011700004E7002CF1D1059B002B7FF4FEAEB8F103
:10118000060F03D1284614F07AFAF6E60322284621
:10119000114613F0ADFDF0E6F87C003000230B4A59
:1011A00010B5C2E900330A4A184611461446013305
:1011B000042B086002F1280202D008461146F6E727
:1011C000044B054AC3E9002410BD00BFF87C003081
:1011D000087D0030007D0030807D00300022082135
:1011E000014B0248FFF7FCBCA74B0210A87D003062
:1011F00038B5044613F0BBF90B4B1D685DB12046B2
:10120000A847002802DA204613F0CEF92046BDE8B0
:10121000384013F0C9B918F0CEFC421E65F1000346
:10122000204611F085FDECE7C07D003010B500F5DB
:10123000E4742046074918F08CFC0A22064B21462C
:10124000BDE810401B68054823EAE37383FB0223D3
:101250000AF0AABBF9550210CC7D0030184A0030C4
:1012600010B5124B88B0044601A81B6807934FF0D5
:10127000000314F0D8F8002814DB23882046012B43
:1012800014BF1822082201A919F0FAF9B0FA80F067
:101290004009064B1A68079B5A404FF0000303D0E1
:1012A00018F014FF0020F4E708B010BDC823033085
:1012B0002DE9F04190F859320446DB071ED500F1C4
:1012C000980704F12806384618F051FC4FF0FF3219
:1012D0004FF0FF33304613F0E6FF04F1180013F02F
:1012E00063FF054630465DB914F009F9A26972B989
:1012F00094F8593262F3000384F85932BDE8F08162
:1013000014F0FDF8A5F11C0013F04EF9EEE70923E7
:10131000C4F82C320A23B4F84E223946BDE8F04115
:10132000A2FB032301480AF03FBB00BF184A00306C
:1013300010B50446FFF7BCFF04F5E47018F017FC85
:1013400043F69822002304F5947102480AF02CFB1E
:101350000A2010BD184A003070B5044600F1280676
:101360004FF0FF324FF0FF33304613F09CFFA5697A
:10137000002D4BD0304614F0C2F894F859321C3D81
:10138000D80716D4284613F0C2FF437B102B31D068
:1013900003F0EF02082A2DD05A072BD428464FF429
:1013A0007A72002313F025FB054600284AD100205D
:1013B00070BDD4F82C32002B5AD04FF47A7200232F
:1013C000284613F016FB30B1FFF712FFD4F82C3289
:1013D000013BC4F82C3294F85932D907E7D50A22D8
:1013E000B4F84E32A3FB022304F1980121480AF01D
:1013F000DBFADCE730464FF0FF324FF0FF3313F0FB
:1014000052FF04F1180013F0CFFE18B9304614F063
:1014100076F8CCE7A0F11C05304614F070F82846A9
:1014200013F01CFF06462846FFF7E2FE94F85932F7
:10143000DB07D4D4002EBAD0A369002BB7D000228A
:101440000023D1E713F00AFF06462846FFF7D0FE37
:1014500004F1A80018F07CFE0843E7D10923C4F882
:101460002C3294F8593243F0010384F85932DDE705
:1014700001209DE7184A00302DE9F8430546A0F504
:10148000DC74A0F5A67700220023384609F0F8FFA7
:10149000064600287ED1A5F5C8774FF0FF333846C1
:1014A0004FF0FF3213F0FFFE6368186B18B1FFF7BF
:1014B000F9FC63681E63206950B194F85932DB0669
:1014C00006D50023B4F8F81105F14402FDF7F4FF46
:1014D00000236268A5F590781364404684F838329A
:1014E00018F045FBA5F5D0794FF0FF324FF0FF33F0
:1014F000384613F0D8FE484613F056FE06463846E6
:10150000002E4AD113F0FBFFA5F1C00018F02FFB0D
:10151000A06813F049F8E06813F046F8A5F19000D0
:1015200018F025FB05F1100018F021FBA5F1600073
:1015300018F01DFBA5F1300018F019FB404618F01B
:1015400016FBA5F1F00018F012FB384613F0D7FF98
:10155000606812F02DFA4FF0FF324FF0FF3317485A
:10156000666013F0A0FE164B1A6852B1944221D166
:101570002268CEB959681A608C4200D15A600023A3
:1015800023600E4813F0BBFF2146BDE8F8430D4829
:1015900017F098BF13F008F875E713F0B0FFA6F145
:1015A0001C0013F001F89FE732605A68944208BFAC
:1015B0005E60E4E716461268D7E700BF480C0030CB
:1015C000C47D0030F80A003000F50D73D3E8AF2F6A
:1015D000D3E8EF2F013AC3E8E12F0029F8D122B96F
:1015E00000F5DC71014818F09EBA7047184A0030C7
:1015F000002337B50546019300220023564801A970
:1016000009F06AFD0446002840F08C8001464FF442
:101610001872019818F0BDFF4FF47A700021FFF79F
:1016200049F9019BD860002800F085804FF47A705A
:101630000021FFF737F9019B986000287BD003F168
:10164000280018F055F801986C3018F0E1F801986E
:101650003C304FF0FF32214618F05CF901985430CD
:101660000122114618F056F9012201983B4980F8F1
:1016700038224FF00622C0E991224FF4C062A0F850
:101680004C2290F8592280F8574222F01A0280F832
:1016900059224FF6FF72C0F83C42A0F85022C0E930
:1016A0000644983018F055FA01982D4900F59470C9
:1016B00018F04FFA01982B4900F5E47018F049FA38
:1016C00001982949F83018F044FA01982749C830A0
:1016D00018F03FFA0198264900F5AC7018F039FA75
:1016E0000198244900F5C47018F033FA0198224992
:1016F00000F5DC7018F0ECF9019800F50D7013F0AE
:1017000019FF4FF0FF324FF0FF331C4813F0CBFDB1
:10171000019B1B4A1C60516851B9C2E9003317484C
:1017200013F0EDFE019B9BB96FF00B0003B030BDD1
:101730000B605360F3E7019BD86820B112F034FFCF
:101740000022019BDA600199034817F0BBFEEBE72A
:101750005D6000202B64E9E7F80A0030C1550210F3
:101760000556021011560210111C011003550210EB
:10177000A51A0110D357021079140110480C00303B
:10178000C47D003070B50446036C002088B0CDE9FC
:1017900006001BB96FF0150008B070BD93F8380251
:1017A0000128F7D11962B4F88E30C3F3C203012BBC
:1017B000ADF81830EED1636A0BB11B680793638CE8
:1017C000658D6260206B5EBAADF81A30FFF76AFB78
:1017D000B4F88E2004F13003B4F88C006DBACDE972
:1017E0000443094BB6B2ADB212F48072CDE90243A4
:1017F000CDE900569DF8181018BF04F1280206AB79
:10180000FFF73EFAC8E700BFF12F0110F0B589B02D
:1018100003AB01931423029390F83730154A164F07
:10182000C3F302130E4601A90446022B08BF174654
:1018300013F026F90546C8B10023037443743946F2
:10184000A06911F079FE00B956B10621204611F0C9
:1018500068FF288294F8383043F0080384F8383061
:10186000204601A913F02AF909B0F0BD6FF0680015
:10187000FAE700BF000420000100200070B590F8D6
:1018800037300E46114A1249C3F302130446022BA5
:1018900008BF1146806911F053FE40B93146204619
:1018A00013F0EEF8054648B90025284670BD06211C
:1018B000204611F036FF0028F0D0F5E731462046EB
:1018C00013F0FCF80028F0D0EEE700BF0004200081
:1018D000010020002DE9F04F9A4690F8923004461E
:1018E00013F0010F0F4643684FF000014FF47A7078
:1018F0008BB01546B3F88E20CDE900014FF00603FA
:1019000014BF182114212069C2F3C202FFF7BCF8EA
:101910000646002800F0BF8025B1A96812F0DAFE63
:101920000023AB6096F83730C3F30213012B40F06D
:1019300088803146606804F5057304F5FE7212F084
:1019400020F9051E06DA304612F02EFE28460BB0AE
:10195000BDE8F08F4FF0140B0DF10C0949463046ED
:101960000DF11408CDF80C80CDF810B013F088F804
:10197000054610B96FF06805E5E75A46002118F0F2
:1019800008FEB4F8FA312B80B4F812326B800522CD
:101990002B7B62F307132B7394F892306F7303F071
:1019A000010313442A7B63F307122A73B4F8483205
:1019B0005BBAEB819AFA8AFAC5F804A017F010070F
:1019C00003D0D4F840321BBAAB604946304613F01E
:1019D00075F8051EB7DB94F89230DB071AD504239F
:1019E00041463046CDF81490069313F049F8054669
:1019F0000028BFD0204613F0CFFE83B21BBA43F4B9
:101A0000806343F002032B604146304613F056F8E2
:101A1000051E98DB304612F057FE96F83730C3F3B8
:101A20000213012B0DD10621304613F0A3FA051E37
:101A300089DB1A4B1A683AB130460BB0BDE8F04F5B
:101A400010476FF015057EE7F261E26906F11C03AD
:101A500092B9C4E906331FB1B4F84832A4F844324D
:101A6000304613F0FBFB50B10022002304F1980133
:101A70000B4809F069FF69E71360E361EBE7204673
:101A8000FFF76AFC00283FF461AF6FF07301204656
:101A900013F058FD5AE76FF0680557E7C07D003036
:101AA000184A0030F8B5A0F59877A0F5AC754FF05E
:101AB000FF324FF0FF330646384613F0F4FBD5F8FB
:101AC0003C3200221021013B2846FFF703FF284645
:101AD00013F0B0FBB5F84C4264BB95F85832B5F83A
:101AE0004E223E2B9CBF013385F8583295F8583270
:101AF000134DA3F12000C3F1200102FA00F022FAF5
:101B000001F19C409A40002304430C43501E44F1D1
:101B1000FF31854273EB010138BF1C464FF00A03C9
:101B200038BF084A0848A2FB032103FB04133146CF
:101B300009F03AFF3846BDE8F84013F0E0BC00BFBA
:101B4000BFD40100C0D40100184A003070B5046C45
:101B5000002C55D004F128054FF0FF334FF0FF3231
:101B6000284613F0A0FB94F83832033B012B3AD8F7
:101B7000D4F82862BEB10A2294F85932224843F0C0
:101B8000040384F85932B4F84E3204F1F801A3FB8F
:101B9000022309F009FF284613F0B1FC2046FFF7A5
:101BA00013FD002070BD0A22184B04F5E4711B6878
:101BB000154823EAE37383FB022309F0F5FED4F80A
:101BC0003C22D4F830321121134420463246FFF72C
:101BD00081FE20B9D4F83C320133C4F83C320523ED
:101BE00084F83832D7E794F859329A07D3D56FF38F
:101BF000410384F8593204F13C0009F0D3FCCAE7F0
:101C00006FF00100CEE700BF184A0030CC7D0030F5
:101C1000F8B50446A0F1D0064FF0FF334FF0FF3285
:101C2000A0F1F805304613F03EFB94F85E31082B26
:101C300009D9304613F063FC2846BDE8F8406FF040
:101C4000730113F07FBC002B54D114F86C3C284670
:101C5000DA0754BF4FF4067734F8707C13F09CFD1C
:101C6000B84240F3848014F86C3CDB0740F1848078
:101C700034F8703C5B00D4F8382102EBD272B3EB3D
:101C8000620F4FEA620013DD14F86C3C2846DF0750
:101C900054BF4FF4067734F8707C13F07DFDB842E2
:101CA0006DDD14F86C3CD8076DD534F8700C40002D
:101CB00080B214F86C3CA4F85A01D907284654BFE6
:101CC0004FF4067734F8707C13F066FDB8425DDDA2
:101CD00014F86C3CDA075DD534F8700CA4F85801A0
:101CE000284613F06BFA28B100220023A4F1A400C7
:101CF00013F0B2FA01230027284684F84131C4F8D2
:101D0000387113F07BFD94F85E110131C9B284F88B
:101D10005E11002841D194F861315B0742D5D4F8B7
:101D20003071002F3ED10A22284B04F1D0011B68EC
:101D3000274823EAE37383FB022309F035FE0523DA
:101D4000D4F8442184F84031D4F8383111211344B7
:101D500028463A46FFF7BEFD20B9D4F84431013396
:101D6000C4F844313046BDE8F84013F0C8BB2846FB
:101D700013F012FD43007EE74FF486637BE72846AD
:101D800013F00AFD93E74FF4866092E7284613F0BC
:101D900003FDA3E74FF40670A0E73D3002D184F8BD
:101DA0004171DFE70829B4F856310DDD0A222146DA
:101DB00083FB0223064809F0F7FDD3E703EB630337
:101DC00001328A42FADBF1E70022FAE7CC7D0030EB
:101DD000184A00302DE9F74F414B0446D3F80090E4
:101DE0000D461746B9F1000F04D0C847022003B0D2
:101DF000BDE8F08F43685B6B002BF7D0C368D2F867
:101E000000A09B68002B68D0DA68002A65D01B8A86
:101E1000002B62D0084613F07AFAE26843689168B2
:101E20001BBA8E690AEB030BABEB06020846019363
:101E3000009213F047FA009A80468242019B3DD2FD
:101E400032B11146284612F024FC4644A6EB0B089A
:101E5000E368A86899680FF0E5FF0022E36804F1E1
:101E6000C8009A6017F083FE3B68284643443B60F5
:101E700012F02AFC95F83730A86843F0010385F882
:101E8000373013F01FFA3968411A284612F06BFCFC
:101E900039682046494213F08AFDB4F844323A6862
:101EA00004F16C009A428EBF00239B1A9BB2294614
:101EB000A4F8443217F0EEFC002098E7A6EB0A06DF
:101EC000F61A002E09DC0846F7F72AFCE36804F14D
:101ED000C800C3F8089017F04AFE4FF00008C3E7A7
:101EE000BC7D0030F8B504460025204613F075F996
:101EF000061E08DD94F8593219070FD5204613F055
:101F00007DFC051EF1DAD4F8283204F1F80604F558
:101F1000847023BB18F01CF92846F8BDD4F8303281
:101F2000002BEBDD94F88C302046DA0754BF4FF4D9
:101F30000677B4F8887013F02FFCB84208DD94F8E7
:101F40008C30DB0708D5B4F888008642D6DADAE7A9
:101F5000204613F021FCF8E74FF40670F5E718F07F
:101F6000F7F80843D8D1002384F856320A23B4F88E
:101F70004E223146A2FB0323014809F015FDCBE7B1
:101F8000184A00302DE9F04FB14B99B004461B6858
:101F900017934FF000030D46F1B90F460026B046E7
:101FA00004F1280304934FF0FF324FF0FF3304F1A4
:101FB000280013F078F994F83832E3B9049813F054
:101FC0009EFA0226A24B1A68179B5A404FF0000354
:101FD00000F03D8718F07AF8084613F098F90027CA
:101FE00080460028DAD0067B477B3609053EB600DE
:101FF00007F03F07D4E7B8F1000F34D098F80C3061
:102000004F2B7CD80421204613F0DEFB01236FF018
:10201000670A02260293656805B12D6B0498D4F80F
:10202000148013F06CFA04F16C0775B104F50D79A6
:10203000D9E8AF3F002B08DD00220023384609F025
:102040001FFA8346002840F0ED86029B002BB9D092
:1020500094F83832002BB5D00B2BB3D05146204624
:1020600013F070FAAEE717F0FF095FD1002E00F011
:10207000E380D5E903BA284612F026FB95F83A30FA
:1020800095F8361028461944143112F06CFB282EAE
:102090003246284628BF28220DA912F07AFBC5E94E
:1020A00003BA94F88C30002823F0030384F88C30B2
:1020B00003DB31460DAB002966DC002EA2DDB8F152
:1020C000000F21D1284613F099F9814600230226FA
:1020D0009A460593029394F83832CDF82890013B44
:1020E000092B00F23681DFE813F0B7009E012301CF
:1020F00001025705DE052D0502063305480617F0D7
:10210000FF0930D1002EB4D194F83832013B012BB5
:102110006AD94146204613F07EF8002864D0B9F110
:10212000000F61D019F0020F5ED06BE719F0040FB9
:102130009CD04146204613F06EF8029000283FF4F0
:102140003DAF94F8593243F020039A0784F859328E
:102150000DD4002D00F05E86284612F025FA6FF0AF
:10216000670A002657E719F0040FE2D1CAE798F88A
:102170000D30142BEDD1002D00F05186284612F0C1
:1021800013FA6FF06E0AECE71878002895D0012852
:1021900028D001293FF436AF5A78012A7FF632AFB2
:1021A0009142FFF62FAF022804D0032810D0134429
:1021B000891A80E7042A7FF425AF588840BAA4F82A
:1021C000880094F88C0040F0010084F88C00EEE761
:1021D000032A7FF417AF94F88C00A4F88A2040F00B
:1021E0000200F2E70246E2E7B8F80E30B4F84A22FD
:1021F0005BBA9BB2934228BF134604F5AC763046D7
:10220000A4F84C32EBB917F0B0FC50B90A23B4F87B
:102210004E2284F858023146A2FB03230D4809F0F0
:10222000C3FB204612F0CAFF034604F154005BB121
:102230000022002313F010F8002D7FF443AFA946CD
:1022400044E717F094FCECE709F04CF9F4E700BF21
:10225000C8230330184A0030FBB2022B3DD10027BF
:1022600094F89230122143F0010384F89230D8F8A8
:102270000420D4F8403212BA013313442046C4F883
:10228000403213F0A1FA0A2294F89230BD486FF35D
:10229000000384F89230D4F83C3204F5E471013341
:1022A000C4F83C32B84B1B6823EAE37383FB022378
:1022B00009F07AFB002D00F0A585284612F074F98C
:1022C0004FF003093E46059B84F83892002B40F0FE
:1022D000EF800025A846A946FDE694F8923000223A
:1022E00043F0010384F8923002212046D4F83C32B6
:1022F000FFF7F0FA0028C0F2768594F8923004F5E2
:102300000D706FF3000384F89230D4F83C324FF034
:1023100002090133C4F83C3213F00CF9002DD2D07D
:10232000002E40F05084284612F03EF900F0AEBC7A
:1023300017F0FF020DD0D8F80830D4F83C121BBAC1
:102340008B4206D1D8F80430D4F840121BBA8B4225
:1023500003D0002D40F0C7805DE6D306F9D502F02A
:10236000EF07D4F82090B9F1000F20D0D9F82080E1
:10237000D9F8049004F5E47017F0F9FB2046FEF755
:1023800097FF04F50D7013F0D5F86268B2F88E303F
:1023900023F0060343F00403A2F88E3000232362E7
:1023A000B8F1000F05D16068FFF7D0FBD1E7C84650
:1023B000E0E7D4F81002D4F814120BAA03C266683E
:1023C0000BAA03CAB062F162B9F88E206068C2F34A
:1023D000C202022A00F1280114BF08221822CDF8F7
:1023E0000090C047204613F0F2FB0A9B002B00F040
:1023F000F28429460AAA2046FFF7ECFC0646D4F8E8
:1024000040320A9A102113442046C4F840322EB9B3
:1024100013F0DAF94FF00409002654E713F0D4F969
:102420004FF004094FE717F0FF0256D0B8F1000F44
:1024300053D0D8F80830D4F83C121BBA8B424CD198
:1024400012F0120F49D002F0ED072046FEF730FFE0
:10245000D8F80420D4F8403212BA01330A9E13444B
:10246000C4F840326EB129460AAA2046FFF7B2FCF2
:10247000061E08BF0025D4F840320A9A1344C4F857
:10248000403262682046B2F88E304FF0040923F0E3
:10249000060343F00403A2F88E3013F098FB1021DA
:1024A000204613F091F9002D40F0A28484F8389270
:1024B00094F859326FF3410384F85932636A2BB1AF
:1024C00060680021426898470023636204F13C0081
:1024D00009F008F801230593FBE6002D3FF49BADBE
:1024E000284613F0CCF84FF0000919E7B8F1000FB7
:1024F00000F0668217F0FF03039347D0D8F804304A
:10250000D4F840221BBA934240D1039BD8073DD553
:1025100003F0FE070A9E3EB1294620460AAAFFF7AD
:1025200059FC061E08BF00250A9B5A1CD4F84032ED
:102530001344C4F8403217F0FF031CD0D9061AD553
:1025400003F0EF07D8F80830D4F83C221BBA9A1AE7
:10255000002A01DDC4F83C321121204613F034F981
:10256000D4F83C3220460133C4F83C32FEF75EFE1C
:102570004FF00909D2E61021204613F025F94FF05B
:102580000709CBE6184A0030CC7D0030D8F8083077
:10259000D4F83C221BBA934240F0A380D4F82832EE
:1025A000002B00F0C480B9F1000F28D194F8573205
:1025B0002046032B28BF0323013384F8573294F8B5
:1025C0008C30B4F850B2DA0754BF4FF40673B4F845
:1025D0008830069313F0E0F8069B984240F3A08001
:1025E00094F88C30DB0740F19F80B4F888004FF6F8
:1025F000FF7383449B45A8BF9B46A4F850B294F850
:102600003932002B6DD194F85722032A69D1D4F8BE
:1026100030B22046C4F8303213F0F0F8B4F8543237
:10262000C4F830B2002B52D194F88C30D807204631
:1026300054BF4FF4067BB4F888B013F0ADF858459A
:1026400078DD94F88C30D90779D5B4F888305B0000
:10265000D4F8302202EBD272B3EB620F4FEA620081
:1026600013DD94F88C302046DA0754BF4FF4067B14
:10267000B4F888B013F090F8584563DD94F88C30C6
:10268000DB0763D5B4F88800400080B294F88C3042
:10269000A4F85202D807204654BF4FF4067BB4F882
:1026A00088B013F079F8584553DD94F88C30D90789
:1026B00053D5B4F8880000EB400080B2B4F8523231
:1026C0001844D4F83032A4F85002A4F8543220460A
:1026D00012F074FD28B10022002304F1540012F01E
:1026E000BBFDD8F808301BBA0693D4F83C320793E8
:1026F000DDE90632A3EB020BBBF1000F40F32881AA
:10270000D4F828225A452BD20421204613F05CF835
:1027100001230293002D40F06F836FF0670A7AE483
:10272000204613F039F862E74FF406705FE784F84B
:10273000573264E7204613F02FF8430088E74FF440
:10274000866385E7204613F027F89DE74FF48660FF
:102750009CE7204613F020F8ADE74FF4C960ADE7E1
:102760005946A068CDF820B012F0B4FD0028CBDBAC
:10277000002284F8572294F88C20089B12F0010F55
:102780000CBF4FF40672B4F888202046CDE9083219
:10279000B4F8506213F000F8099A089B90422EDDBD
:1027A00094F88C20D20740F14D83B4F888209345EB
:1027B0000ED3B4F888302046089312F0EDFF089B42
:1027C00098422ADD94F88C30D8072BD5B4F888309D
:1027D000B4F854224ABBB4F85022B4F852129142D1
:1027E0009EBF03FB032303F1FF3393FBF2F34FF68A
:1027F000FF7233449342A8BF13469BB21CE02046AD
:10280000089312F0C9FF8345089BE1D394F88C30FC
:10281000DB07CED44FF40673CDE7204612F0BCFFA1
:102820000346D5E74FF40673D2E7934561D30023FF
:10283000A4F85432B4F85232A4F85032DDE9062339
:102840009A1AD4F8283220461344C4F82832D4F80F
:1028500030325B4534BF00239B18C4F8303212F08D
:10286000ADFC18B904F1540008F03CFE0026D4F881
:102870003C3284F856625B44C4F83C3294F83932F6
:10288000012B04D12046C4F8306212F0D3FCD4F8F6
:10289000283284F839624BB10A22B4F84E32AA4881
:1028A000A3FB022304F1F80109F07EF894F85932F1
:1028B00059072BD5D4F8283243BB2046FEF7F8FC45
:1028C0000A22A24B04F5E4711B689F4823EAE373D4
:1028D00083FB022309F068F81121204612F074FFEF
:1028E000D4F83C320133C4F83C325DB94FF00509ED
:1028F00092E51FFA8BF1B4F85032521AA4F8542220
:102900005B1A7AE7284611F04FFEEFE794F8393268
:10291000012B13D02046FFF7E5FA061E0EDA16F15A
:10292000690F0BD00421204612F04EFF15B1284646
:1029300011F03AFE0123B246029312E4204612F04F
:102940003DFC28B10022002304F1540012F084FC65
:10295000D8F80480D4F8403298FA88F8984551D1D4
:10296000B9F1000F00F0E380039B002B3FD013F080
:10297000080803D003F0F7074FF001080A9B002B6B
:1029800000F0DB8029460AAA2046FFF723FAD4F894
:1029900040320A9A064613442046C4F8403212F0E8
:1029A000C1FF04F5C47110B9B8F1000F22D14FF482
:1029B0007A720023644808F0C7FF002E08BF002584
:1029C000D4F828322BB984F8563204F1F80017F005
:1029D000CEF8204612F0F2FB034604F15400002B1F
:1029E00000F0AD800022002312F036FCB1E4DDF8E7
:1029F0000C80C3E7084617F0BAF81021204612F001
:102A0000E3FEDAE7A3EB0803002B04DD10212046E8
:102A100012F0DAFE8BE0B9F1000F00F08480A868B4
:102A200012F050FCA0EB0901284612F053FC0028DC
:102A3000ECDBAB68198A5E68C3F81880414426BB9A
:102A4000E068D0F808B0BBF1000F23D0DBF80C3001
:102A500003B3BBF81030EBB1DBF818305846C91A95
:102A600012F030FC814229D358460FF0CAF983692D
:102A7000018AA3EB0803994519443DD98945C5D37B
:102A8000E3689868F6F74CFE23E0338AB161766814
:102A90001944D4E7A96811F01DFE002304F1C8060B
:102AA0003046AB6017F061F80028AFD144F62062E1
:102AB00000233146244808F077FFA7E78945A5D9C8
:102AC00011B1284611F0E5FDE368A86899680FF098
:102AD000A9F9E368AA689A60E3684FF0010898686A
:102AE00000220346A3B9B8F1000FD6D1F6F718FEBD
:102AF000E368C3F80880D0E7894587D911B1E06859
:102B000011F0C7FDE368A96898680FF08BF9E3E757
:102B100099691EB1914218BF4FF000081A8A1E46EB
:102B20000A445B68DEE7039B0BB1DA0701D4002699
:102B300046E7039B03F0FE0768E7022640E708F03C
:102B4000D1FC06E4012108E5184A0030CC7D0030B4
:102B5000B8F1000F3FF4FDAB17F0FF023FF4F9AB03
:102B6000D8F80830D4F83C121BBA8B427FF4F1AB92
:102B7000102A7FF4EEAB2046FEF79AFB04F5E470D2
:102B800016F0F5FF15B1284611F00EFD01234FF0A8
:102B9000000A0293FFF7E5BAB8F1000F3FF4D9AB92
:102BA00000234A464146204612F07FFB984210DD42
:102BB0002046FEF7BDFB04218146204612F004FEAC
:102BC000002D7FF4ADABB9F1000F7FF47CABFFF7C4
:102BD00022BA17F0FF0230D0D8F80810D4F83C021F
:102BE00009BA81422CD112F0100927D002F0EF0768
:102BF0002046FEF75DFB4FF0010B00264FF0060963
:102C000017F0FF000A9A32D0D8F80430D4F84012F6
:102C10001BBA13448B422AD1C30728D500F0FE0704
:102C2000D4F8403220460133C4F84032BBF1000FE3
:102C300009D0FEF77DFB814621E09146CB46DFE7D8
:102C40009B469946DCE7FEF733FBD4F83C325A4604
:102C500011212046013BFEF73DFE002D00F0D780FC
:102C6000284611F0A1FC4FF00809FFF7D5BB002A58
:102C7000A6D02046BBF1000F0AD0FEF719FB1021A9
:102C8000204612F0A1FD002D7FF44DAB00269AE7FF
:102C9000FEF70EFBD4F83C325A4611212046013B88
:102CA000FEF718FEEFE7B8F1000F3FF452AB002338
:102CB0004A464146204612F0F8FA98423FF778AF6C
:102CC00017F0FF0200F08280D8F80430D4F84012E8
:102CD0001BBA4B448B4279D1D00777D502F0FE075F
:102CE000D4F8403220460133C4F84032A1E7B8F1AD
:102CF000000F3FF42EAB01234A464146204612F016
:102D0000D4FA00283FF754AF17F0FF032AD0D8F8C1
:102D10000820D4F83C1212BA8A4226D113F01009C6
:102D200021D003F0EF072046FEF702FB4FF0010B26
:102D30008146002617F0FF000A9A1AD0D8F804102E
:102D4000531C09BA0B44D4F840128B4211D1C1076D
:102D50000FD500F0FE072046FEF7AAFABBF1000FE0
:102D600098D08CE79946CB46E4E74FF0000BD94664
:102D7000E0E7002A3FF424AFEDE7B8F1000F3FF49D
:102D8000E8AA01234A464146204612F08EFA00285E
:102D900005DD0421204612F017FDFFF7DABA17F01F
:102DA000FF0213D0D8F80430D4F840121BBA013314
:102DB0008B420BD1D30709D51021204612F004FD18
:102DC00055B3284611F0F0FBFFF7CBB9B9F1000F6E
:102DD0003FF4BFAAF0E7002D3FF41CAB284611F0EA
:102DE000E3FBFFF717BB012382460293FFF7B1BA5B
:102DF00001230593FFF794BA4FF000096FF0670ABB
:102E0000FFF78EBA4FF003092E46FFF75CBA4FF07A
:102E10000809F9E76FF0670A2E46FFF7FCB86FF074
:102E20006E0AF9E7002359461A462846CDF8008075
:102E3000FDF76CF902287FF4FBA8584611F0B4FBAB
:102E4000FFF7F3B8BBF5067FBFF4E4ACC0E430464F
:102E500019B0BDE8F08F00BF2DE9F04F89B00546ED
:102E6000DDE914A9046C884693461E46BDF84870F7
:102E700090F99000FCF77AF82061204612F0DAF918
:102E8000B5F88E30C3F3C203012B5AD0022B00F0E9
:102E9000A980042107A8F7F77DFC079B7FBAC4F837
:102EA0003C32B5F88E1005F1300321F0060141F0F7
:102EB000020189B2A5F88E10CDE904534B4B76BAC6
:102EC000CDE90253B6B2BFB2009601975B464246C7
:102ED000B5F88C00C1F3C201FDF7D2FE061E2CDB53
:102EE00004F5FE72B4F8F811206910F06CFA94F849
:102EF000593204F50D7043F0100384F85932169BD3
:102F000000216362179B6B6094F8593243F002030F
:102F100084F8593212F00EFB2046FFF733F894F88C
:102F200038320BB10B2B2CD194F85932990653D56A
:102F30006FF06E062046FEF747FB304609B0BDE84D
:102F4000F08F0022A4F8F831C4F8FC21C4F8142250
:102F5000A4F81032A4F81262A4F8FA71DBF8043075
:102F600043B995F99000FCF701F808F10401FCF76A
:102F7000A3F80368C4F8FC31D8F80430C4F814325C
:102F800087E75AEA090201D1042B28D152464B4661
:102F900004F13C0012F060F9B8B194F83832042B17
:102FA00013D094F859329A0708D56FF341036FF0A4
:102FB0007301204684F8593212F0C4FA94F8593259
:102FC0009B06B5D46FF07306B4E794F859326FF3EB
:102FD000410384F85932ADE76FF07F06AAE76FF03E
:102FE0007606A7E76FF01506A7E700BFF12F0110DF
:102FF0002DE9F0414FF0FF338AB04FF0FF326A48BD
:103000000D46DDF8408012F04EF9684B1C681CB18B
:1030100026681CB9274617E02646FAE7002229460B
:1030200004F5FC70FEF71CF928B9002E54D1334684
:1030300034461E46EDE70122294604F50470FEF7EA
:103040000FF907460028F0D0574812F058FA17B188
:10305000002C40F0A180284612F059F9467BB307B6
:1030600033D516F0100630D195F837700622C7F325
:1030700002170121384606ABCDE90866D8F8408032
:103080000696FDF70DF900281FDB069B1C6CAB694B
:103090002046236112F0CEF895F837306268C3F30A
:1030A0000213042B98BFDE00B2F88E3029461E436F
:1030B000A2F88E6004F504760122304612F0B3F9CE
:1030C00000280BDA0698FDF7A9F9284612F0D7FA7E
:1030D00002200AB0BDE8F0813368A9E70022294642
:1030E00004F5FC7012F09FF90028EBDB3368069AB8
:1030F000936273681784D362B2F88E3043F480739E
:10310000A2F88E30C3F3C203012BADF8203002D1F8
:10311000D4F8FC3109930822069808A910F071FC34
:103120000028CFDB069AB2F88E30C3F3C203012B1E
:1031300004BFB4F8FA315384042107A8F7F72AFB37
:10314000069A079B3946C4F83C3202F13003CDE9B8
:103150000423174B0620CDE90223B4F8FA312832B4
:103160005BBA9BB20193B4F812325BBA9BB2009384
:1031700008ABFDF785FD0028A4DBB4F81012206928
:1031800004F5FE7210F01FF994F85932C4F820804B
:1031900043F0100384F85932294620460AB0BDE8AE
:1031A000F041FEF7EFBE00BF480C0030C47D003098
:1031B000F12F011013B500246FF00D034FF40052EE
:1031C0000C490D48009408F081FB09212346C822D0
:1031D0000139134402EB6202FAD1084AC83303EB07
:1031E000630313600649044802B0BDE8104008F0CC
:1031F000A3BC00BFF0600130184A0030CC7D003025
:10320000EC2203100823F0B585B0039390F8373013
:103210001E4A1F4FC3F302130E4602A90446022B97
:1032200008BF1746CDF808D011F02AFC054650B368
:103230000023A2681ABB94F83A1094F836200A4486
:103240009B1A5BBAAB803946A06910F075F900B9DA
:103250007EB11121204610F064FA4FF6FF7300286A
:1032600018BF0346EB8094F8383043F0080384F825
:103270003830204602A911F021FC05B0F0BD118ABA
:1032800052680B44D6E76FF06800F6E70004400090
:1032900001004000F8B590F837301F4A1F4EC3F3C5
:1032A000021304460F46022B08BF164611F0E8FB36
:1032B000054610B900252846F8BD3946204611F0CC
:1032C000FDFB03460028F5D1AA88A16852BA92B244
:1032D000B1B994F8361094F83A0001445B1A9A4256
:1032E000E8D13146A06910F02BF90028E3D0EB8833
:1032F00053B994F83730C3F30213012BDBD0D9E76D
:10330000088A49680344E3E71121204610F009FACE
:103310000028D0D0CEE700BF0004400001004000EC
:10332000124B70B51A889B7802808370104B196815
:10333000D1B103230A6819B90E4A033B136070BD6B
:103340000C7A01461D1811F8016BA64205D08D427A
:10335000F9D1092B01DCC45401331AB114681146A8
:103360002246E8E71446FAE70323E5E7F5220310CF
:10337000D47D0030D07D003070B504460D4612F08B
:10338000F3FCC4E9020125610022BDE8704000237E
:10339000014808F037BB00BFF04A003070B5044662
:1033A000D0E90A3200F110050AB95A08C262226B4C
:1033B0003AB940F26B314FF47A725943B1FBF2F1F2
:1033C0002163D4E90B12914201D29A4209D35A08DF
:1033D000E26240F26B3253434FF47A72B3FBF2F382
:1033E000236306232846E16A84F84030FFF7C4FFD0
:1033F0002A462146BDE8704040230148FCF72EBE16
:10340000080004E002460B46014807F071BF00BF08
:10341000E40B0030014807F0E3BF00BFE40B0030CD
:1034200038B501F14053A3F10113012B0D461446A9
:1034300031D84FF0FF304FF0FF31FFF7E3FF164B6D
:1034400004F110021B681BB9BDE83840FFF7E2BF6A
:1034500093420ED01B68F6E794F84030062BF3D168
:1034600001232046A4F8403004F138010FF0C2FFD8
:10347000EAE70A4B9D42EFD012F076FC00230138B8
:1034800061F10001C4E9060123620022002304481F
:1034900008F0B8FAD8E738BDE87D0030010001D067
:1034A000F04A0030002373B504461A460D46014623
:1034B0001B48FCF7D3FD4FF0FF304FF0FF31FFF713
:1034C000A1FF94F8403013BB012384F8403004215D
:1034D0000DEB0100F7F75EF9019A626235B109233D
:1034E000B2FBF3F303EBC303D21A551C0D4E336842
:1034F00013B90D48FCF778FD00232361736804F1CC
:1035000010004BB9C6E900002946FFF735FF02B0AD
:10351000BDE87040FFF77EBF18607060F4E700BF41
:10352000070004E0E87D0030DC7D00302DE9F04F3D
:1035300097B01E46209B884603937B4B91461B68A1
:1035400015934FF000030AAB05932C230546069311
:103550009DF884B09DF888A0F8F7B8FC0290EDF7CC
:1035600097FF074616B9FCF75FFC0646BBF1000F54
:103570000CBFF421FA21BAF1000F00D00631B8F1E6
:10358000010F01BF694B1B680533C9180FB1BB1C84
:1035900019444FF47A7200232846CDE90023112301
:1035A0000122FDF771FA0446002800F0A980FF23EC
:1035B0003146039A80F8393011F0CBFC002840F0F6
:1035C0009C804FF486424FF48841204612F099FBCC
:1035D0000390002840F0918005A9204611F050FA90
:1035E000039B064619462A22023016F0D2FF012319
:1035F00033707370002D00F08E802B68002B00F06C
:103600008A805B7C06F11C00B3706B6A1BBA736026
:10361000B9F1000F02D0D9F80030F3602968002911
:103620007CD04A7C123116F08DFF05A9204611F09E
:1036300045FA0146002860D14022204611F09EF84C
:103640000146002859D18022204611F097F8002821
:1036500053D104222046364911F0F7F900284CD105
:103660000122352120460DF113038DF8138012F04D
:10367000BEFB002841D0BBF1000F35D1BAF1000FDD
:1036800007D004223221204605F1380312F0AFFBA7
:1036900098B3B8F1010F0CD107A8FFF741FE234BF7
:1036A00037211A68034603322046D2B212F09FFB3C
:1036B00018B33FBBFF23012220460DF113018DF803
:1036C000133011F0C2F9C0B9204610F0FDFF1121EE
:1036D000204611F04FFC144B1A68159B5A404FF0CE
:1036E00000031DD016F0F2FC04223621204605F11D
:1036F000340312F07CFB0028C0D1204610F054FFA8
:103700000024E8E70C212046029BFAB212F06FFB7E
:103710000028CFD1F1E700235B78FFDE4B78FCE790
:10372000204617B0BDE8F08FC8230330D07D0030AD
:10373000F92203102DE9F04F85B012F015FB054674
:103740000E464FF0FF304FF0FF31FFF75BFE764B38
:103750001C68BCB1D4F800804FF0FF374FF47A7981
:1037600094B9FFF757FE7B1C00F0DB804FF47A73AF
:103770005F430A23A7FB03236C4805B0BDE8F04F65
:1037800008F040B9A046E7E72069D4E9023109FB17
:1037900000F0C01841F10001854276EB01030DDA1B
:1037A00040F2E733401B61EB0601C01841F1000114
:1037B0004FF47A720023EDF7B3FD40B9A4F1100A7B
:1037C0000021504612F0FEFA68B94FF0FF308742F0
:1037D00028BF0746B8F1000F00F0A180D8F80030EC
:1037E00044469846BCE70821504612F0EBFA002800
:1037F000EBD094F83030013B062BE6D8DFE803F03D
:103800001C24284F6D300400636901336361FCF7A9
:103810000FFB002301220090CDE9013204211A465A
:103820005046FFF783FE834630B112F0D4FA0028E9
:1038300002DA584610F0B8FE0023C4E90633C4E9A2
:103840000833A36202232386504612F0F2FABEE741
:1038500094F83130022BEFD8504612F015FBB6E742
:103860004FF47A73E0695843D4E90231C01841F14A
:103870000001854276EB01030EDA40F2E733401B8C
:1038800061EB0601C01841F100014FF47A72002388
:10389000EDF746FD00289AD104232386DCE74FF498
:1038A0007A73206A5843D4E90231C01841F100010B
:1038B000854276EB01030EDA40F2E733401B61EB01
:1038C0000601C01841F100014FF47A720023EDF7B0
:1038D00027FD0028C0D10523DFE74FF47A73A069E4
:1038E0005843D4E90231C01841F10001854276EB1A
:1038F00001030EDA40F2E733401B61EB0601C0180A
:1039000041F100014FF47A720023EDF709FD002820
:10391000A2D1504604F128010FF06CFD8CE743461C
:103920005EE705B0BDE8F08FE87D0030F04A00307A
:103930002DE9F04FB04B99B01B6817934FF000037F
:103940000CAB06932C230D469146079350B90224E5
:10395000A94B1A68179B5A404FF0000300F0F681FC
:1039600016F0B4FB0029F2D08C69002CEFD00023B4
:103970008E68002E40F08180472BE8D9284610F051
:10398000A3FE1C21284610F0EEFE0028DFD12846B9
:1039900006A911F075F880460028D8D04FF0FF3006
:1039A0004FF0FF31FFF72EFD98F80030022B40F06A
:1039B000F680D8F80430626A1BBA9A4240F0EF8071
:1039C000216808F11C00002900F0BE814E7C1231F4
:1039D000324616F055FE002840F0E18098F802309B
:1039E000B34240F0DC800799284610F0BCFEC021AD
:1039F000284610F0B8FE002840F0D1800422284666
:103A000005A910F0C6FE002840F0C98004227B48BA
:103A100005A916F035FE0746002840F0C080834611
:103A2000CDE90000012228460DF1130110F0B1FE8E
:103A30000646002840F0B3809DF81330FF2B20D1BC
:103A4000022F40F02481009B23B920460AA90A9343
:103A50000FF03EFCD9F80030DB68A36494F84030E6
:103A6000022B40F048810323A4F84030D8F81030EE
:103A70002046A36312F008FA3DE1328A76681344C7
:103A800077E7012228460DF1120110F082FE00288E
:103A900040F08580EB6802932B690393584B1E68B6
:103AA000AEB1D6F800A09DF813309DF8122086B96B
:103AB0003B2B07D8322B30D8032B51D0062B67D0A5
:103AC000012B43D01146284610F04DFECDE0B24602
:103AD000E9E7317A994212D1F36828469A4228BF21
:103AE0001A46316910F055FE002858D173683046E7
:103AF0009C463A46234666469DF81210B047029B04
:103B0000EB60039B2B61BAF1000F04D0DAF80030B0
:103B100056469A46C7E75346FAE7333B082BD1D8B7
:103B200001A151F823F000BF053C0110C53A011076
:103B3000733C01105D3C0110C53A0110C53A0110FB
:103B4000C53A0110213C01103F3C0110042A26D146
:103B500028460AA910F01DFE08BB0A9BE36361E733
:103B600091071CD1032A1AD9042228460AA910F069
:103B700010FEA0B99DF812102846043910F0F3FD8C
:103B800068B920460AA90FF0A3FB0123009349E777
:103B900008ABCDE90A369307CDE9086603D00224C5
:103BA000FFF738FCD4E6072A02D85FEA920A09D068
:103BB0000422284609A910F0ECFD0028EFD14FF0AF
:103BC000010A00E00A969DF812102846A1EB8A012E
:103BD00010F0C9FD0028E2D101F066F8BAF1000F3B
:103BE00002D00123ADF8203000210AAA00F0E8FF3E
:103BF0000028BFF617AFD2E7C8230330F92203101D
:103C0000D47D0030042ACAD1284604F1280110F0DE
:103C1000C9FD0028C3D1A36A002B7FF403AFBEE720
:103C2000042ABCD1284604F12C0110F0BBFD002869
:103C3000B5D1E36A002BB2D001230193F2E6042A46
:103C4000ADD1284604F1300110F0ACFD0028A6D11A
:103C5000236B002BA3D04FF0010BE3E6042A9ED187
:103C6000284604F1340110F094FD00283FF4DAAE48
:103C700095E7012A93D1002328460AA98DF8283018
:103C800010F087FD00288AD19DF82870CAE6052F1C
:103C90002BD194F840301A1F012A15D9D9F80020E9
:103CA000032BD268A26426D104F1380602223146E1
:103CB0002046A36AFBF78CFAE8B13146204604F1AE
:103CC0003C020FF0CAFA09E0019B03B9E362BBF1C1
:103CD000000F07D0D9F80030DB68A3642046FFF757
:103CE0005DFB08E0C4F830B0F4E7D9F80030062FE7
:103CF000DB68A36404D0284610F056FC00244FE78C
:103D000094F84030032B0DD9043B012BF3D8204607
:103D100004F138010FF06EFBC4E90A66C4E90C66D1
:103D2000A6630DE0042204F1480104F1440016F0FA
:103D3000A7FC0028DFD1C4E90A00C4E90C00A06395
:103D40000223A4F84030D6E77378FFDE204619B08E
:103D5000BDE8F08F1FB5154B04461B6803934FF069
:103D60000003E8B14368DBB14FF0FF304FF0FF31A3
:103D7000FFF748FB0E4B1A6822605A681C6002B9B4
:103D80005C606846FFF7CCFAFFF744FB0020074B66
:103D90001A68039B5A404FF0000304D016F096F9BE
:103DA0006FF01500F3E704B010BD00BFC823033067
:103DB000D47D003010B588B0FCF736F8036807935F
:103DC00000240E4B0120CDE90143442321460093FA
:103DD000CDE90344234606AAADF8180011F0AEFF62
:103DE000002809DB0648074915F0B3FE2046064BBC
:103DF000064A5A60064A9A6008B010BD313901106F
:103E0000F04A003035370110DC7D003021340110DC
:103E1000030001D02DE9F04F0427C368426889B040
:103E2000029753F82240064604F130084FF0FF3263
:103E30004FF0FF33404607F05BFA706802AD27226F
:103E40000121009504ABF8F7A7FBB6F80A9019F02A
:103E500028090CD0706801213A46009505ABF8F7A7
:103E60009BFB404607F0BCFA09B0BDE8F08F049B0D
:103E70002348012B14BF182308230393D4E91223EA
:103E80000DF0B7FF05460028EBD050F80CBFD6F870
:103E900004A00EF030F8024603AB06AF019359467A
:103EA0004B4650460097F8F7C5FA00281BDBB0F5E3
:103EB000007F024628BF4FF4007203287168039BFD
:103EC000EE6810DDF07800F00F0005280BD0B67812
:103ED000207BF6090BD102280BD1CDE90052A6694F
:103EE0003A462046B0472846F5F71AFCB9E70128BC
:103EF000F2E7E06A0028F6D0CDE900528669EFE7E4
:103F0000FC0C0030F8B504464C4E4FF0FF334FF038
:103F1000FF324B4807F0ECF933681D4615B933B949
:103F2000194605E0AC4200F086802D68F6E7196876
:103F3000002273B9002A7ED1002D44D0EB6A002BF9
:103F400079D113463F49EC62226A9A4226DC002569
:103F50002BE0E068DF68784030F47F4007D1A76A43
:103F6000986A874203D11F8A208A874212D065B996
:103F7000277B187B874208D0E789D889874204D1FC
:103F80001F8A208A874208BF1D4629B108680B4650
:103F90000146CEE70122F8E70846F8E7E26952F861
:103FA00033200F2A06DD6FF02105254807F018FAA7
:103FB0002846F8BD002A04DB51F8220008B941F870
:103FC00022400133C0E741F288320023C4E91223C2
:103FD000E389606A012B14BF1822082204F10E0144
:103FE000F8F718F9002805DA16F0EEFD164B1D5803
:103FF0006D42DAE71348E562D4E90712AA420DDC04
:104000006068104BF9F774FC051ECEDB3368236043
:1040100073683460002BC8D17460C6E751F835303E
:104020000F2BC0DC002B04DB50F823200AB940F82A
:1040300023400135E0E76FF07705B6E7307E0030CA
:10404000F80B0030F07D00301400000010B504467D
:104050004FF0FF324FF0FF331D4807F049F90021C0
:104060001C4B1A6852B1944223D12268D9B95968BD
:104070001A608C4200D15A600023236060680023DC
:1040800019461A46F9F734FC4FF0FF3363620023F8
:1040900018461149226A9A420EDC00240C4807F0A7
:1040A0009FF9204610BD0A605A68944208BF5960C3
:1040B000E2E711461268D5E7E26952F833200F2A89
:1040C00003DC41F822000133E4E76FF02104E5E767
:1040D000F80B0030307E0030F07D00300022024BC3
:1040E000C3E90022704700BF307E0030F8B590F879
:1040F000E8500446002D3FD1012300F1700680F8FE
:10410000E830304612F0E5F8A368002B20DB04F11C
:1041100018073846FFF79AFF2388022B2AD0201D64
:104120000FF082F80146002315481A46FBF796FF68
:10413000A0680EF0A7F9A368A26E38469A4204BFA1
:104140004FF0FF33A366FFF781FF4FF0FF33A3600B
:104150000C4A30461368013B23EAE37313604FF0C7
:10416000FF334FF0FF3212F0A8F80223002084F84A
:10417000E830F8BD2946D6E76FF00100F9E700BF47
:10418000080014F1387E003030B5574B87B01B68FB
:1041900005934FF0000368234B43C418C35A0246EB
:1041A000012B48D1251D284612F064F820B3E3798D
:1041B000FB2B21D1237C43F001032374638813B9C3
:1041C0004FF454536380682303FB01231A7CD20706
:1041D00040F181806168454A91427CD1D868FAF704
:1041E000C5FE002877D1404B1A68059B5A404FF016
:1041F000000319D015F06AFF682303FB0123187C24
:104200006FF300001874284612F034F820B1E079FA
:10421000A0F1FC0568426841682303FB01231D7C73
:1042200060F341051D74C9E72146314807B0BDE878
:104230003040FBF713BA2379FF2B02D1E37CFB2B31
:1042400012D0682303FB0123187C6FF3000018745D
:104250002379FF2B3AD00020682303FB01231D7C28
:1042600060F341051D7403E0237C43F001032374D4
:10427000638813B94FF454536380682303FB01250B
:104280002B7CDB0727D50D2200210DF1060016F04F
:1042900080F9FF238DF8043002238DF80530FB23CD
:1042A000102201A9201D8DF8133016F0E9F990B9FC
:1042B000E868FAF75BFE70B90B4B1A68059B5A4029
:1042C0004FF0000396D121460A48AFE7E07CC51EB7
:1042D00068426841C0E7044B1A68059B5A404FF09A
:1042E000000387D107B030BDC8230330E00000FBD6
:1042F000856202106D6302102DE9F04F9846834BE2
:1043000089B01B6807934FF0000301234FF00009A9
:10431000ADF80C30BDF8483017465BBA0446DDF8FE
:104320004CA0CDF81090ADF80E30002800F0DE80E3
:1043300090F8E830022B40F0DC804FF0FF338360D0
:10434000836619B10E1F56F8045F6DB95FB33B6801
:104350004BB31A6822605A686260BAF1000F1ED02F
:10436000DAF80030E3601AE02521284616F0BFF99C
:104370008346002837D0451BE5D0407818B10BF1B3
:104380000100FBF72DFAE060C4F80090C4F8049037
:104390002246294630680FF061FA0028D3D0002168
:1043A0002046FFF7F1FE2688002E00F08980022EBD
:1043B00000F08680012E40F09F80112202213046BD
:1043C000F7F7CCFE051E14DA16F0FEFB504B18581A
:1043D00040424E4B1A68079B5A404FF0000300F0D2
:1043E000918015F073FE2846EDF752F805465846C1
:1043F000C9E7E268A560002A3EDC2388022B6CD066
:10440000201D0EF011FF05462846211DFAF754FE27
:10441000A368A16E01228B4204D00029BCBFA36611
:10442000A4F86C203B49E36323882163012B04F14A
:104430006801C4E90D12C4E9078484F824205ED120
:1044400003AB03CBC4F82600C4F82A1004F118000B
:10445000FFF758FD002842DA10F1780FB9D12E4A43
:104460000020136884F8E8000133136041F28832B9
:104470000023C4E92223ACE7284905AB0868496852
:1044800003C31046FAF772FD082205A90FF094F84D
:1044900000280FDB0823192200933146284605AB7C
:1044A000F8F7AEF800280EDA16F08EFB184B1B5802
:1044B000002B08DDA0680DF0E5FF4FF0FF33A3608F
:1044C0006FF0150085E7E068FAF750FD2388054690
:1044D000022B9DD0002897D192E7002598E7002372
:1044E00029461A460E48FBF7B9FDB8E76FF0010000
:1044F0006FE76FF059006CE76FF0690069E76FF0E4
:10450000850066E709B0BDE8F08F00BFC82303301F
:1045100014000000E5450110387E003009C8021083
:10452000070014F1002307B5CDE90033024B11F069
:1045300095FF03B05DF804FB68B802102DE9F3475E
:104540000746884699461446002A41D0D0E92223DE
:1045500023480DF04EFC054600B3064656F80CAF56
:1045600030460DF0C8FC2346024651460DF10600C8
:1045700011F03EFD041E06DA2846F5F7D1F8204674
:1045800002B0BDE8F0873046BDF806400DF0B3FC40
:104590000134844205DB2846F5F7C2F86FF00B04BE
:1045A000EDE7BDF8061030460DF07CFC494630467C
:1045B0000DF087FCBDF806304FF6FF714AF201009E
:1045C000EA6802330AF01DFF04462846F5F7A8F80A
:1045D00022464146384602B0BDE8F04711F07BBEA6
:1045E0002C0D00302DE9F04FBF4B866897B01B684B
:1045F00015934FF0000306F1700303934FF0FF3261
:104600004FF0FF3306F17000DDF880B011F055FE79
:1046100096F8E840002C40F09A81D6E92223B3486E
:104620000DF0E7FB8046002800F09381219BDBF82A
:104630000C90B3F5007F28BF4FF40073242221466D
:104640000CA8ADF82C30CDF81C9015F0A2FF219BE2
:10465000032B40F2748199F80330B9F8005003F04D
:104660000F036FBA052BBFB217D100246FF00305FB
:1046700022463946304611F00EFE041EC0F24A8131
:10468000582303FB0464903428462246002111F08D
:10469000FAFD204611F013FE3CE199F80230DB09E7
:1046A00000F03781394607A811F01AFD031E05DA1C
:1046B00016F08AFA8E4A5B42135011E0079B9B88E2
:1046C000B3F5807F0FD0002DCFD107A811F069FD81
:1046D0000C306FD116F078FA0C220024844B1A505B
:1046E0006FF00A05C4E707A811F05BFD002861DA46
:1046F0000C30EFD0002DB8D1079B9B881BB9BDF8BB
:104700002830ADF82A3000240C234FF0FF35A246A4
:10471000A1468DF817400293079AD3885BBA9BB2E3
:104720009A454DDB6B1C15D1BDF82830D4182046B6
:10473000ECF7AEFE2246C31C4FF6FF714AF20100B1
:104740000AF05FFE394602460446304611F0A3FDEA
:10475000051E67DBB9F1000F40F0CC80089B1333D6
:1047600040F0EF80404650F80C9FBDF824A00DF0BB
:10477000C2FB07AB0246CDF800A0484608F1100185
:1047800011F03CFD031E93DB582202FB0562394603
:1047900092F8DC303046D2F8D820FFF7CFFE224620
:1047A0003946304611F077FD051E80F2D5806FF056
:1047B0000205AFE0079B9B885BBA3B439BB29DE73A
:1047C0000DF11703029906AA07A811F048FC031E71
:1047D000FFF66EAF089B13F1150F06D013337FF46D
:1047E00045AFBDF82430029373E06A1C28D1BDF8B0
:1047F0002830079C1C442046ECF74AFE234621182B
:10480000994214D12246C31C4FF6FF714AF20100AF
:104810000AF0F7FD394602460446304611F03BFDEA
:10482000051E0DDA16F0D0F90222314B22E01A787B
:10483000A2F14105192D98BF203203F8012BDFE7C3
:10484000582303FB056393F8DC30012B14D19DF84A
:104850001730012B6DD101238DF83C30ADF830308D
:1048600008230E93BDF82630032B1DD816F0ACF9A3
:104870007A221F4B1A5033E71C2B08D19DF81730B2
:104880001C2B0CBF6FF005056FF00805F0E6FF2B41
:1048900052D19DF81730012BDDD01C2B14BF6FF0C7
:1048A00008056FF00505E3E6BDF82430BDF82C20BF
:1048B000191D9142DADC079A6FF06300D358582231
:1048C00002FB05620CA990320D9311F0DCFC09F19A
:1048D0000109BDF82430BDF826200AF1010A13446D
:1048E000ADF82A3018E700BFC82303305C0D003054
:1048F00014000000012D27DC582303FB05659035CB
:104900006FF066002A46002111F0BDFC284611F028
:10491000D6FC00254046F4F703FF039811F0D9FCBC
:10492000194B1A68159B5A404FF0000328D015F018
:10493000CDFB6FF008059BE66FF0050598E627466E
:1049400093E66FF0040593E66FF0660590E60025A8
:10495000E3E76FF00905E0E7B368002BFFF627AF48
:10496000584650F80C9F0DF0C6FA2946CDE90008CC
:104970004A463046219B11F0FAFC051ECADAAFE622
:10498000284617B0BDE8F08FC82303302DE9F04F5B
:1049900093B01E46DDE91C930393854B884617466A
:1049A0001B6811934FF0000304461E9D70B169B15E
:1049B000B9F1000F0AD06B1C0BD00A2325EAE5756C
:1049C00085FB03539A4655EA0A0303D16FF0150598
:1049D0002EE0AA464046ECF75BFD0DF1180B0146B0
:1049E0005A4640460EF03AFF002839D008AB184628
:1049F0002422002115F0CDFD012F034622D1BDF860
:104A00001820022A29D09BE80300082283E803002B
:104A10008DF82C7019466FF063000A92ADF8207083
:104A2000039AC84700216FF06600039AC847002523
:104A30005F4B1A68119B5A404FF0000300F0B4809E
:104A400015F044FB1C2F0BD1BDF81830012B14BFFF
:104A50006FF069056FF05F05EAE76FF05F05E7E764
:104A600004F1700B4FF0FF334FF0FF32584611F056
:104A700024FC94F8E830002B40F09080D4F8C43047
:104A80005BB1D4F8D830002B40F08B8004F190005B
:104A900015F06BF8002840F08480039BC4F8C490A4
:104AA000C4F8C830002304F190094846414984F80D
:104AB000DC70A4F8E030C4E9345AC4F8D880C4F8F3
:104AC000C04015F046F8D4E922233B480DF091F997
:104AD0000746002858D0D4E9222338480DF089F938
:104AE000804600283DD0C168FF22D4F8D83010306D
:104AF00011F07EFA051E43DB02210DF11600F5F7D9
:104B000049FEBDF81630A4F8DE3006B13380A36844
:104B1000002B1EDB3D4655F80C2F284603920DF066
:104B2000EAF9824628460DF0E6F95346CDE9000839
:104B300000212046039A11F01AFC002809DA4846A1
:104B400011F0BDFB6FF001052EBB3846F4F7E8FD10
:104B500003E03846F4F7E4FD00254046F4F7E0FDB5
:104B60000AE0484611F0ABFB0EB1A6F800803846CB
:104B7000F4F7D6FD6FF00B05584611F0AAFB57E786
:104B8000484611F09CFBDFE7484611F098FB002EE9
:104B9000F0D03780EEE700233380D6E76FF01505BD
:104BA000EAE76FF00A05E7E7284613B0BDE8F08FA3
:104BB000C8230330336302102C0D00305C0D00302D
:104BC0002DE9FF410F4616460446002866D000F145
:104BD00070084FF0FF324FF0FF33404611F06DFB8D
:104BE000B7B9002E53D03368002B52D01A88002555
:104BF000012A25D12288012A22D15A6863689A4263
:104C00001ED1404611F065FB284604B0BDE8F08196
:104C10003D68002DE5D02846ECF73AFC02AA014693
:104C200028460EF01BFE0028DBD0BDF80830039AA2
:104C3000012B05D12388012B02D163689A42D0D081
:104C400094F8E810012926D051B100233246CDE96D
:104C5000003339462046134BFFF74EFB0546D0E79D
:104C6000D4F8C43063B1D4F8D8304BB104F1900516
:104C70006FF064002A4611F006FB284611F01FFB76
:104C80002046FFF733FA05460028DED0B9E735465F
:104C9000B7E71D46B5E76FF00F05B2E76FF0010506
:104CA000B2E700BF68B8021000487047204B0030E0
:104CB000002208B511460248FFF734FC002008BD69
:104CC000204B00300148FFF7F3BF00BF204B0030FE
:104CD000014814F058B900BF104C003010B58AB02C
:104CE000002200230024CDE906234FF480526FF008
:104CF0000D030E49CDE90334CDE901440C4B00947A
:104D0000881806F0F3FF0B490B4806F015FF214603
:104D10000A4809AA12F099FC002805DB099B2246E3
:104D20001979186803F084F80AB010BDF04C00300F
:104D3000414D0110FD220310F05C0030ECD1021057
:104D40002DE9F04F9A4C8BB04FF0FF324FF0FF330C
:104D5000984807A906F068FA9DF82430A3F11002DC
:104D6000052A00F29780DFE802F0038B9095958684
:104D70000025636884F8CC502A460E215B692068C0
:104D8000984760B18C490B685F0708D08B4B0122B4
:104D9000CDE9015328462B46009511F093FB0023E3
:104DA000D4F8D4201A44917D6FF341019175D4F861
:104DB000D4201A44917D18336FF30001B3F5C07FFE
:104DC0009175EDD140230025D4F8D420059393822A
:104DD000636802215B6920688DF8185005AA98471E
:104DE00060B175490B685E0708D0754B0122CDE9AB
:104DF000015328462B46009511F064FBD4F8D430BB
:104E000002219A7D20686FF341029A75D4F8D4206C
:104E1000937D43F001039375802340228DF8163073
:104E2000D4F8D4309A85636805AA5B69984760B165
:104E300061490B68580708D0624B01220293002396
:104E40001846CDE9003311F03DFB00210120D4F8D4
:104E5000D43093F82E206FF3410283F82E20D4F83B
:104E6000D42092F82E3043F0010382F82E30D4F88B
:104E7000D030984768E70021D4F8D0300846F8E7EA
:104E800000210520D4F8D030F3E700210620D4F823
:104E9000D030EEE7DD0905EB430505F0FF050F2DEA
:104EA0000FD945490B685A0708D0474B0122029396
:104EB00000231846CDE9003311F004FB0BB0BDE828
:104EC000F08FD4F8D46005EB450506EBC50207ABBF
:104ED00003CB46F83500516018689060D4F8D49040
:104EE00009EBC5073E7AF30903EB460303F0FF0B1A
:104EF000DBB203EB43034FEAC30A09EBC3039A7D1A
:104F00006FF341029A757B6801333FF41DAF97F848
:104F10000980B8F1000F35D1330636D594F8CC307E
:104F2000DBB1BBF1010F18D1636808215B69274A27
:104F30002068984778B120490B6858073FF404AFC0
:104F4000234B5A46CDE9018340464346CDF80080C5
:104F500011F0B8FAF8E684F8CC004FF00208D4F863
:104F6000D43053441B699BB1796819B159F83500A5
:104F700005F0A6FAD4F8D4304146534430461B69B4
:104F80009847E1E64FF00008E9E74FF00108E6E74F
:104F900009490A6852073FF4D7AE0E4A1846CDE9D0
:104FA000013203960122009311F08CFACCE600BF87
:104FB000104C0030C00C0030C80A0030062303102B
:104FC000232303104D23031076230310DC4C003001
:104FD00093230310B023031030B51B4B1B4C85B03B
:104FE000C4F8D43094F8D83083B119490B6813F061
:104FF000060F08D0174B0222029300231846CDE972
:10500000003311F05FFA002005B030BD124B22468C
:1050100021460220636005F0B5FC054688B90246CA
:1050200001464320F3F706FF4320F3F7F5FE012383
:1050300084F8D83063682A4629465B692068984717
:10504000E1E76FF00400DFE7407E0030104C0030F5
:10505000C80A0030D2230310F4D1021030B5144C2A
:1050600085B0236873B913490A6812F0060F07D098
:10507000114A1846CDE901320093022211F022FABA
:10508000002008E062680121556918460022A847FF
:1050900018B16FF0040005B030BD636820685B682C
:1050A00098470028F5D1206084F8D800E8E700BFD1
:1050B000104C0030C80A0030E32303101FB50E4A1D
:1050C0001421536882F8CC005B6952F8CC0B9847E6
:1050D00070B10A490B685B0708D0094B01220293A3
:1050E00000231846CDE9003311F0ECF96FF01500FC
:1050F00005B05DF804FB00BF104C0030C80A00305A
:10510000932303101FB5037803F07F01DA090379B5
:1051100002EB4102D2B28BB981B10E490A68520743
:1051200007D00D4A029201221846CDE9003311F052
:10513000C9F94FF0FF3005B05DF804FB0F2A07D91D
:1051400004490B685B07F4D0044B02930023EAE7A1
:105150000020F0E7C80A0030F723031016240310DC
:105160002DE9F0410278574DD30903EB4203044681
:1051700003F0FF01D5F8D460DBB203EB4303DF009B
:1051800006EBC3060023408888B0ADF818002079EC
:105190000F298DF81C308DF81A208DF81B0010D9BE
:1051A00049490A68550707D0484A1846CDE90132EF
:1051B0000093012211F086F96FF0150008B0BDE8E8
:1051C000F08196F8168018F001080ED03E490A6862
:1051D00012F0060F07D03E4A1846CDE9013200937F
:1051E000022211F06FF90020E8E76B688DF81720B4
:1051F00003215B6928680DF11702984778B132499D
:105200000B6813F0060F0AD0324B0390CDE90183EF
:10521000022243464046CDF8008011F053F9F16870
:1052200021B12D4814F018F90023F3600023002267
:105230006188294814F006F90346F06068B92249EC
:105240000A68540706D0254A0090CDE901020122E0
:1052500011F038F96FF00B00B0E70021628815F00B
:1052600098F9D5F8D43062883B449A826B68022161
:105270005B69286806AA984778B113490B685807F4
:1052800008D0174B0122029300231846CDE90033C2
:1052900011F018F96FF0040090E723785A0608D14E
:1052A0001B0606D4D5F8D4303B449A7D42F0020266
:1052B0009A75D5F8D4303B449A7D42F001029A7534
:1052C00091E700BF104C0030C80A0030762303106D
:1052D0003A24031056240310500B0030832403108B
:1052E0009D24031010B5C30903EB400303F0FF0333
:1052F00086B00F2B8DF8170010D915490B685A0787
:1053000008D0144B0122029300231846CDE9003344
:1053100011F0D8F86FF0150006B010BD0E4B042147
:105320005A68186854690DF11702A0470028F3D095
:1053300007490B685B0708D0084B01220293002342
:105340001846CDE9003311F0BDF86FF00400E3E733
:10535000C80A003076230310104C0030BB24031021
:105360002DE9F041C40904EB400404F0FF0486B0C9
:105370000F2C05468DF8170011D92C490B685C07D6
:1053800008D02B4B0122029300231846CDE90033AD
:1053900011F098F86FF0150006B0BDE8F081254EC9
:1053A0000521736830685B690DF11702984707465D
:1053B00078B11E490B68580708D01F4B0122029391
:1053C00000231846CDE9003311F07CF86FF004009B
:1053D000E2E7690601D02A0601D50020DCE7D6F80D
:1053E000D42004EB4404736802EBC4024FEAC408FF
:1053F0002946DC683068938AD268A04770B10B49AF
:105400000B685B07E2D00D4B0122CDE901733846F2
:105410003B460395009711F055F8D7E7D6F8D430FE
:1054200043449A7D42F002029A75D6E7C80A0030DA
:1054300076230310104C0030D4240310EA24031008
:1054400070B5C30903EB400303F0FF030F2B0C46B9
:1054500086B010D91A490B685A0708D0194B012297
:10546000029300231846CDE9003311F02BF86FF0BA
:10547000150006B070BD0029F9D00025124B0D7043
:105480005A688DF81400566907211868ADF816504F
:1054900005AAB04778B10A490B685B0708D00B4BE7
:1054A0000122CDE9015328462B46009511F00AF858
:1054B0006FF00400DDE7BDF816302370D9E700BFB8
:1054C000C80A003076230310104C00300F2503105B
:1054D0002DE9FF41C30903EB400313F0FF0304462A
:1054E00056D00F2B11D92E490B685C0708D02D4BD5
:1054F0000122029300231846CDE9003310F0E2FFA9
:105500006FF0150004B0BDE8F081274E03EB4303B4
:10551000D6F8D420DF0002EBC302957D15F002051A
:1055200011D01F490B6813F0060F09D01F4B0390D1
:105530000293002302221846CDE9003310F0C2FF87
:105540006FF07700DEE7600624D0210622D473686E
:105550002146D3F80C803068938AD268C04780B166
:105560000F490B685B0709D0114B0122CDE90153AC
:1055700028462B460394009510F0A4FF6FF004001A
:10558000C0E7D6F8D4303B449A7D42F002029A75C7
:105590000020B7E7937D43F002039375F8E700BF5F
:1055A000C80A003076230310104C00302D2503105C
:1055B000EA2403107FB5C40904EB400404F0FF049F
:1055C0000F2C054610D91F490B685A0708D01E4BEF
:1055D0000122029300231846CDE9003310F072FF38
:1055E0006FF0150004B070BD184E3068A8B1736834
:1055F00029461B69984780B112490B685B0709D09F
:10560000134B01220293002303951846CDE9003382
:1056100010F058FF6FF00400E4E7D6F8D43004EB44
:10562000440403EBC4039A7D00206FF300029A75D3
:10563000D6F8D43003EBC4039A7D6FF341029A7518
:10564000D0E700BFC80A003076230310104C0030AA
:105650004B2503102DE9F043C40904EB400404F08A
:10566000FF040F2C05461F4685B011D929490B6848
:105670005C0708D0284B0293002301221846CDE98D
:10568000003310F01FFF6FF0150005B0BDE8F08388
:10569000280605D41F490B685A07F4D01F4BEAE7C8
:1056A000DFF87C8004EB4404D8F8D430002603EB08
:1056B000C4039C8AD3F80C90944228BF1446B44289
:1056C0001ED12146484604F049FFD8F804304A4626
:1056D0009E6829462346D8F80000B047A8B10D4976
:1056E0000B685B0709D00F4B01220293002303953F
:1056F0001846CDE9003310F0E5FE6FF00400C4E772
:105700008B5D09F806300136D9E70FB90020BCE7F8
:105710003C60FBE7C80A00307623031067250310BE
:10572000104C0030802503102DE9FF47C4094B4F72
:1057300004EB40048146904604F0FF00D7F8D420E3
:10574000E4B204EB44040E46E10002EBC4041D463F
:10575000A37D13F0020311D041490B685D0708D007
:10576000404B0122029300231846CDE9003310F08C
:10577000A9FE6FF00F0004B0BDE8F0870F2802D833
:1057800019F0800F0FD036490B685C0708D0364BF4
:1057900002930023CDE900330122184610F092FE57
:1057A0006FF01500E7E766B9B8F1000F23D02C4978
:1057B0000B685807F4D02D4B0096CDE901633346B2
:1057C000EAE752F801A06268511C17D090451ED339
:1057D000002393422AD105B12A60B9F1000F14D1F8
:1057E000D7F8D430587A196868B3CB881BBB00232C
:1057F00087F8D93009E063685A1C04D1002DCFD056
:1058000000232B60CCE705B12B600020B3E71449DF
:105810000A6812F0060F07D0154A1846CDE9013282
:105820000093022210F04EFE4246D1E71AF8031010
:10583000F1540133CDE791F90030002B01DA012357
:10584000D6E70223D4E797F8D9100029DDD0904598
:10585000CDD99B8A9342CAD8D7E700BF104C0030FD
:10586000C80A0030A0250310C7250310EE25031039
:10587000FE250310F0B5C30903EB400303F0FF035B
:105880000F2B044685B001D8050610D52B490B68AF
:10589000580708D02A4B0122029300231846CDE96D
:1058A000003310F00FFE6FF0150005B0F0BD254D70
:1058B00003EB4303D5F8D420DE0002EBC302937D53
:1058C000990711D51D490B6813F0060F09D01E4B1F
:1058D00003900293002302221846CDE9003310F012
:1058E000F1FD6FF00F00E0E730B995F8D9301BB348
:1058F000012B08BF85F8D9006B682146DF6828684E
:10590000938AD268B84780B10C490B685B0709D00D
:105910000E4B01220293002303941846CDE9003375
:1059200010F0D0FD6FF00400BFE7D5F8D430334459
:105930009A7D42F002029A750020B6E7C80A00304C
:10594000C7250310104C00302426031043260310F3
:105950001FB5C30903EB400000F0FF000F2811D969
:105960000F490B685B0708D00E4B012202930023FE
:105970001846CDE9003310F0A5FD6FF0150005B015
:105980005DF804FB084B93F8D820002AF5D0D3F833
:10599000D43000EB400003EBC00319610020EEE7B8
:1059A000C80A003076230310104C0030014BC3F8B6
:1059B000D0007047104C00301FB5C30903EB400006
:1059C00000F0FF000F2811D90D490B685B0708D0C4
:1059D0000C4B0122029300231846CDE9003310F04E
:1059E00071FD6FF0150005B05DF804FB064B00EB90
:1059F0004000D3F8D43003EBC003988AF3E700BF2C
:105A0000C80A003076230310104C003008B500227D
:105A10000023024805F0A8FB002008BDC00C0030A0
:105A200008B5074813F05AFC38B10648F3F7CAFA2C
:105A30000448EDF773FC002008BD6FF01200FBE78F
:105A400070AF0210495A01100A2838B50446074DB4
:105A500004D1AB680D2128465B689847AB680348C2
:105A60005B68E1B29847204638BD00BF70AF0210B6
:105A700020280DD8032805D8013801288CBF002024
:105A800001207047054B0438C34003F00100704704
:105A9000A0F1400358425841704700BF1110001058
:105AA00070B5044692B005694822466800216846F0
:105AB00014F06FFD684612F07BF963686946186858
:105AC00003F0BCFB2046336998470020034B2B6052
:105AD000F3686B602B69AB6012B070BD49474947F2
:105AE0002DE9F0414368044686B018680D4612F06F
:105AF0004DFA10F0040706460AD02369D8688C23B3
:105B000003FB0500443006B0BDE8F04112F07FBB56
:105B1000830726D54FF08C086368294618684FF034
:105B2000FF3212F045FA08FB05F82369D8684044B3
:105B3000443012F05CFB23690B49DB68434483F873
:105B400088700B6803F00703022B0AD9074B032266
:105B5000CDE9017338463B46CDE90356009710F076
:105B600087FE06B0BDE8F081340A0030A826031095
:105B70002DE9F04F06460D464FF08C08114608FB04
:105B800005F81A46336987B0DC6810984444EFF38F
:105B90001189202383F31288BFF36F8F94F882302A
:105BA00073B983490A68540707D0824A1846CDE979
:105BB00001320093012210F05BFE6FF00D0017E040
:105BC00094F88330002B00F0B88094F8857007F0CB
:105BD000FF03A7B976490A68500707D0764A1846E6
:105BE000CDE901320093012210F042FE6FF068000F
:105BF00089F31188BFF36F8F07B0BDE8F08F636F33
:105C000094F88470B0FBF3FC73681FFA8CFC5B693A
:105C1000FFB203EB851E94F884302D03D8B20490B4
:105C200058010EEB43134EF800101A61A3F81EC082
:105C3000A3F816C0988B80B240F008009883706873
:105C40009B69D0F800A0059305F580535AF803002E
:105C500020F001004AF803007068D0F800A041F27B
:105C60003C000AEB050B3BF800003069C06840447B
:105C7000406D806994F88580B8F1010F03D8DDF894
:105C80001480804537D141F23000AA440AF5815A88
:105C9000CAF800107168096829440A5041F23E01AF
:105CA000726841F23C0012682A4422F801C041F2B5
:105CB0003601726812682A4422F801C072681168BD
:105CC00029440A5A92B242F008020A5272681168D4
:105CD000CA5842F00102CA5094F88430013303F0EC
:105CE000010384F8843094F88530013BDBB284F8FA
:105CF000853000207CE7013FFFB2012F28BF01273C
:105D00000EEB4717BA8B22F008021204120CBA836A
:105D100094F88520012A04D0049A0EEB421E864591
:105D2000D4D1726805F58155116829448A8B22F017
:105D300008021204120C8A83C8E794F8883083B1F1
:105D4000A36D73B91A490A68520707D01B4A18464F
:105D5000CDE901320093012210F08AFD6FF00F00AF
:105D600046E794F88130CDE90203A36F2046019302
:105D7000636F00931346226F12F051F93369214685
:105D8000D8684044443012F06BF90028B1D008497B
:105D90000B685B073FF411AF094B0390029300239C
:105DA00001221846CDE9003310F062FD05E700BF7F
:105DB000340A0030C82603100E2703102D270310C5
:105DC0006C2703102DE9F04F89461546064689B029
:105DD000002837D0002A35D0036992F800A0DC688B
:105DE0008C2303FB014404F14403079343681769C0
:105DF0009A68524514D83A490B685B070AD0394B68
:105E0000012202930023CDF80CA01846CDE90033FF
:105E100010F02EFD6FF08508404609B0BDE8F08F08
:105E2000DB688B4211D82E490B685F070AD02E4BD6
:105E3000012202930023CDE90033CDF80C901846DF
:105E400010F016FD6FF01508E6E7002384F88230A5
:105E50006A7802F00702032A13D8244B9B5CAA88B5
:105E600005931046FFF704FE0346B8B91C490C68B9
:105E70006507E7D003921E4ACDE901320093012263
:105E8000DEE717490A685607DCD01A4A1846CDE9FA
:105E900001320093012210F0EBFCD3E7B5F8068045
:105EA0004046FFF7E5FD034638B90D490A68540737
:105EB000C8D0114ACDF80C80DEE73B7F98071FD091
:105EC000EB68022B1CD9064A12685107BAD003931B
:105ED0000A4B0122029300230149CDE90033AEE7CA
:105EE000340A003091270310B227031074280310DE
:105EF000E7270310C8270310022803101B280310EC
:105F00002267EB8863672B89A3676B89E3676B78EC
:105F1000C3F3020384F88030059B84F881300123A9
:105F200084F88230EB78C3F3001384F88330EFF306
:105F300011830693202383F31288BFF36F8F94F8A5
:105F400088301BB104F1440012F051F94FF0000801
:105F500073684946186812F048F873684A46196829
:105F600004F1440003F01EFB2246A64904F144005C
:105F700012F052F8736801221B68494603EB09339B
:105F800003F58053C3F81480C3F8148073681B684A
:105F900003EB093303F58053C3F81480C3F814A04E
:105FA00073684FEA891A186811F0CFFF73682022CE
:105FB0005869414600EB891014F0EBFA202273680F
:105FC000414658695044104414F0E3FA97F81CB065
:105FD0001BF0030B00F0EB8095F803B01BF0100BE7
:105FE00000F0B08084F884804FF00208059B84F8AC
:105FF000858003937B69204602932B890193EB886C
:1060000000937B68AA88396812F009F87368214602
:106010005869504400F1200211F066FF7368414650
:106020005869504411F06EFF736821465A69524412
:1060300002F1200011F058FF73684146586950443E
:10604000203011F05FFF94F88530002B42D194F896
:10605000852002F0FF03002A6BD16B490A685207C2
:1060600007D06A4A1846CDE901320093012210F0A8
:10607000FFFB6FF06808736849465A69206D524407
:1060800011F06CFEAB78DA0608D56B8870680222D6
:1060900049460068C3F3461311F01EFFAB781B0797
:1060A00008D56B887068012249460068C3F346131F
:1060B00011F012FF002384F88830AB6923B16B69BB
:1060C000A366AB696666E366069B83F31188BFF33C
:1060D0006F8FA1E6736839685A6994F88430524426
:1060E0005801115002EB43137A681A61A9887A6942
:1060F000B2FBF1F292B2DA83A9887A69B2FBF1F2CB
:1061000092B2DA82BA69BAB99A8B92B242F00802B4
:106110009A8394F88430013303F0010384F88430C7
:1061200094F88530013BDBB284F88530BF69002FDD
:1061300089D14FF000089EE79A8B22F008021204E2
:10614000120CE5E773680222596904F144005144D6
:1061500011F05AFFD846DFF8B0A0059B2046039304
:106160007B6902932B890193EB88009339687B68E4
:10617000AA8811F054FF2146079811F071FF28B149
:10618000DAF800305B0705D16FF00D08BF69002F0A
:10619000E3D177E71E4B0390CDE901B30023012241
:1061A00051461846CDF800B010F062FBECE7059BB5
:1061B000204603937B6902932B890193EB8800931C
:1061C0007B68AA88396811F02AFF214604F144004F
:1061D00011F046FF804600283FF454AF0A490B688F
:1061E000580702D16FF00D084CE7094B0122CDE9A9
:1061F00001B358465B46CDF80C80CDF800B010F0E6
:1062000037FBEFE70F660210340A00304228031014
:106210006C2703104368024A1B6800205A627047CB
:106220001100DEC02DE9F043074650F8105C8BB03A
:1062300000F1340400264FF0FF324FF0FF332046C8
:1062400005F08AF9D5F804900121484608AAD5F846
:106250001080ADF81C60ADF81E60ADF82060ADF8A0
:106260002260ADF82460ADF8266010F0A3FBB042C8
:10627000C0F2D380BDF8202098F8411002F004034A
:10628000C2F38002914200F0C88088F8412003BB2D
:1062900064490A6802F00702022A0ED8204605F077
:1062A00021F9284610F02AFC41F2883200233846B2
:1062B0000BB0BDE8F04305F0A5BB99F800201846E7
:1062C0000392594A0093CDE90132032210F04AFBB0
:1062D000E4E70421686807AA10F06CFB0028C0F20C
:1062E0009C80314668680DF11E0210F063FB0028A7
:1062F000C0F29380BDF81E20314622F4806242F441
:10630000905292B26868ADF81E2010F03AFB002857
:10631000C0F283802926013E7FD000214FF47A709D
:1063200013F027FD0121686808AA10F043FB00283C
:1063300073DB0121686808AA10F03CFB00286CDBC5
:10634000BDF820309B06E6D5052168680DF12202D4
:1063500010F030FB002860DB98F85C30EBB10921CD
:10636000686809AA10F026FB002856DB0A21686835
:106370000DF1260210F01EFB00284EDBBDF8263082
:1063800098F85C209B08ADF8263032B1BDF8242087
:1063900013409E0537D4D80537D4BDF82220BDF868
:1063A0001C301340D90532D41A0632D413F0400FF2
:1063B00014BF022301231B4A88F84030126802F000
:1063C0000702022A7FF66AAF13F0300F99F8001027
:1063D00021D1164813F00C0F154A08BF0246154884
:1063E00013F02A0F144B18BF0346CDE90423134BB7
:1063F00003910293002303221846CDE90033094993
:1064000010F0B0FA4AE72023D5E71023D3E708239A
:10641000D1E70423CFE70A4AE1E7204605F062F816
:1064200042E700BF8C0A0030FA2803108C2F0310BB
:10643000FDF60210F0280310F52803100B290310B5
:10644000EB2803102DE9F04104464768056988B040
:10645000012205F14400114613F05CFA00232C6080
:106460006B60BE7866B17A684B4B53F8223085F882
:106470004030012385F84130002008B0BDE8F081AC
:1064800085F84160B86883681B6803B198477978DC
:10649000E1B94FF40042606810F073FA002815DB90
:1064A0004FF00D08B8F1010810D000214FF4FA7038
:1064B00013F05FFC002160680DF11E0210F07AFA03
:1064C000002803DBBDF91E30002BEBDB02216068E6
:1064D0000DF11E0210F06EFA002832DB0321606815
:1064E0000DF11E02BDF81E8010F064FA00284FEA7C
:1064F000084826DBBDF81E30284943EA08030A682D
:10650000581C02F007020ED152B13B7801220393CE
:10651000234B029300231846CDE9003310F022FAF2
:106520006FF01500A9E7022A0BD904933B780322E8
:1065300003931C4B029300231846CDE9003310F05F
:1065400011FA0121606807AA10F034FA00280FDA66
:10655000012685F85C603F211035204610F03FFA97
:106560002846114913F0F5FA2846FFF75BFE83E74A
:10657000BDF81C30DB05ECD50F2160680DF11E0263
:1065800010F018FA0028E3DBBDF81E6006F4405650
:10659000003E18BF0126DCE754D202108C0A0030FE
:1065A000302903104B2903102562011030B5002457
:1065B0000A4D0B4B85B028460293039413F0C3FA9F
:1065C00002AB284600934FF480626FF00C0305493C
:1065D00005F07CF9204605B030BD00BF085E0030F4
:1065E000B6290310F0C001301FB5436804699B68E9
:1065F000D3F8B0200092D3F8B82003F5805301926D
:106600009A680292D3F860210392009A019A4FF09F
:10661000FF32C3F86021029BD90711D5039BDA072B
:1066200003D504F1280005F04BF9039B5B0607D561
:10663000044804F17C0104B0BDE8104013F073BAC3
:1066400004B010BD085E00301FB513690C46186811
:10665000C8B14B78CBB10CF03BF90D490B6803F096
:106660000703022B0FD960780A4A0B4B002818BF8A
:1066700013460393094B0322029300231846CDE9E6
:10668000003310F0A3FA04B010BD0CF034F9E4E7C5
:10669000400A00307610031006290310C1290310A8
:1066A0002DE9F04FD0F804800546D8F8003006698F
:1066B0005B6887B0181D13C88368DB682BB96FF05F
:1066C0005707384607B0BDE8F08F05AA9847074638
:1066D0000028F6D1D8F8040083689B68002BEED020
:1066E0002A467F49984707460028EAD198F814308F
:1066F00013F0FD0F09D09A2373712223B371AE23D7
:1067000033710321F01DF4F745F8D8F81030002B51
:10671000D5D04FF0050804F5805598472B6843F015
:1067200001032B60022012F0CAFD2B68DB0713D592
:10673000B8F10108F6D16B490B68580709D06A4BCC
:106740000122CDE9018340464346CDF8008010F098
:106750003DFA6FF00407B4E7D5F8043143F4803311
:10676000C5F80431D5F8083143F48033C5F8083151
:10677000D4F8003D43F00103C4F8003DD4F8003DD7
:10678000D907FBD4594B0021C4F8003DD4F8303D63
:1067900006F18C0943F4E00343F00803C4F8303DEC
:1067A0003289059BC4F8002372684FF00008C4F8D2
:1067B0000423D4F8202106F17C0A12F0407F08BFA0
:1067C000A26806F1C80B04BF42F01002A260484A5A
:1067D000B3FBF2F3013BC3F30B03C4F8DC302368D3
:1067E000402243F468432360D4F8A03043F001030F
:1067F000C4F8A03006F13C03184613F0CAFE20F09E
:106800000303C5F81431C5F82031042340220021C8
:106810004846C5F82C3113F0BCFE0023002280202E
:10682000F9F7FCFF034668B92E490A68520706D0FB
:10683000304A0090CDE90102012210F0C7F96FF053
:106840000B073EE74BF8040F08F10102C16806EBA5
:10685000021306EB0818D967D8F89830042A43F0D9
:106860004143C8F898309046D7D129F00303C5F8C2
:106870001C3106F1CC0323F00303C5F828310323B0
:10688000C5F83031D5F8083143F43D63C5F8083117
:10689000D5F8083143F00103C5F80831D5F80431C3
:1068A00043F00103C5F8043148F24103C5F834311F
:1068B0004FF4C043C4F8B430236843F003032360AB
:1068C000012206F10C00114613F024F850460A4943
:1068D00013F0FEF8094906F1280013F0F9F8F0E684
:1068E00049660110400A0030CC2903100800070057
:1068F00040420F00DC290310296A0110696B021065
:106900002DE9F04F00270E46B946436887B09A68D4
:106910000569D1F808A00592BAF1000F42D105F13E
:106920003C044FF0FF324FF0FF3305F10C0004F050
:1069300013FE30460DF01BFE6E62B3684FEA091B72
:106940005146AB635A46204613F023FED6F808A002
:106950002646AB6CC7F30E0743F00053AB640BF154
:106960003C0305EB030846453BD104EB0B0252F810
:10697000043C43F0805342F8043C52F8083C43F096
:10698000004342F8083C00234B4540D10599013BA8
:1069900001F5805822F00302C8F82C310020C8F815
:1069A00020211BE0BAF8102009F1010917449A8947
:1069B000DAF804A0BA4202DBB9F1050FACD11849EC
:1069C0000B685B0708D0174B01220293002318467F
:1069D000CDE9003310F0FAF86FF0060007B0BDE81B
:1069E000F08F50460DF0D8FDDAF80C20103646F83E
:1069F000102CBAF81020C2F30D0246F8082C56F8F5
:106A0000042C3A4346F8042CDAF804A0ABE705EB73
:106A10000310816C013341F000418164B4E700BF91
:106A2000400A0030EA2903102DE9FF47074600F12C
:106A3000100600F1500800F16009F368002B4FDBED
:106A400000200021F9F736FF044688B929490B6870
:106A50005D0707D0284B0090CDE9010303460122D2
:106A600010F0B4F8204604B0BDE8F0470DF09CBD2E
:106A7000002200238021F9F7DDFE054648B91D49B3
:106A80000B685A07EED01D4B0090CDE90103034679
:106A9000E5E7D8F800A0F1680AF10C00C1F30E0197
:106AA0000BF000FA514620460DF09EFD214657F8A6
:106AB0007C0C0CF0E0F958B10E490B685B07D1D0A3
:106AC0000F4B0122029300231846CDE90033C7E79C
:106AD000C8F80050EB683360F36843F04143F3605B
:106AE00008F10408C84506F11006A6D104B0BDE8B7
:106AF000F08700BF400A0030FE290310152A03105A
:106B0000292A0310C3780F2B14D9C96B0B480B0E1D
:106B100013708B0200EA911003F47C03090603430F
:106B200001F0FE4110680B43054901400B43002072
:106B3000136070476FF08500704700BF00FF0300CF
:106B4000FF00008030B590F844208FB08DF80C2005
:106B500003228DF80D204FF485720023ADF80E202E
:106B60001C220125044604910DEB020019460293F4
:106B7000059513F00EFD0D4B0D4A06930D4B204667
:106B800008930D4B06A9C2F8A03094F844308DF854
:106B900030500093302301F017F8002803DB204623
:106BA00002A901F09FF80FB030BD00BF80F0FA02DB
:106BB00084890030FFFF7F00C00401202DE9F043ED
:106BC000002604464FF0020840F207198BB00596E4
:106BD000012794F8443020468DF81C3006A905ABF7
:106BE00006968DF81D80ADF81E900893099701F068
:106BF00079F8054680B10D490B68580708D00C4B51
:106C00003A46CDE9016300230096184610F090F94A
:106C100028460BB0BDE8F08394F84520059B12B1DF
:106C2000DA07D5D4F4E71B06D2D5F1E7480A0030DD
:106C3000712A03102DE9F041102200250446012697
:106C40000F4690B029460DEB0200039513F0A1FC0E
:106C500094F844301C228DF81430294603AB09A85F
:106C600006938DF8176013F094FC364B8DF838605E
:106C70000893354B0A93062F60D8DFE807F0455A92
:106C800004495A4F570001254026A8462F49304B4A
:106C9000304A2046C2F8A010C2F8B03094F8443010
:106CA00008A90093302300F08FFF00282DDB0A2372
:106CB0008DF816300223204604A9CDF81C808DF8EB
:106CC000153001F00FF800281FDB204610F0D7F830
:106CD00000281ADB052F08BF039B204604BF1B02B8
:106CE0000393039B04A9334303930B238DF81630BE
:106CF000032307958DF8153000F0F4FF002804DB1E
:106D00002046FFF75BFF00E0002010B0BDE8F081F7
:106D10001149124B01258026A846B9E702254FF0FC
:106D200001080F490A4B4FF40076B1E70C490D4BAF
:106D3000F0E702250549A846054BF4E76FF085000A
:106D4000E3E700BF80F0FA02FFFF7F0005040124A3
:106D500001040120848900303F0401243E04012005
:106D600035040124310401202DE9F04F0D469946E8
:106D7000904687B0002A6FD000296DDB0469C917DF
:106D8000D4E91223954271EB030065D2521B63EBE9
:106D900001034A4573F100035ED32A4694F8441078
:106DA000204600F0E5FF0190204610F063FB074607
:106DB00048B1EFF31187202383F31288BFF36F8F5D
:106DC000204610F04CFBCA46DFF894B031E0EEB23A
:106DD000C6F58076564528BF564641463246584647
:106DE00013F0B0FB204610F045FB10B1204610F028
:106DF00036FB204610F043F894F8443002A98DF891
:106E00000C304FF003038DF80D3040F20113204693
:106E1000ADF80E300295CDE904B600F063FF2046D0
:106E2000FFF7CCFE204610F028FBB0443544AAEB17
:106E3000060ABAF1000FCAD1204610F01BFB18B1A8
:106E400087F31188BFF36F8F0198494603F038FB31
:106E5000002007B0BDE8F08F6FF01500F9E700BF24
:106E6000288F00302DE9F04F0C1E164605698BB0B7
:106E700027DBD5E91223E017944270EB030120D2FF
:106E8000111B63EB0002B14272F100024FF00008E7
:106E900017D32246284695F8441000F069FFC4F342
:106EA0000B0705909FB157490B685A0709D0564BFD
:106EB000CDF80080CDE9018343460122184610F049
:106EC00037F86FF0150738460BB0BDE8F08FC6F302
:106ED0000B0ABAF1000F09D04A490B685B07F0D0E2
:106EE0004A4B0097CDE901733B46E6E7284610F090
:106EF000C1FA48B1EFF3118A202383F31288BFF35C
:106F00006F8F284610F0ABFA54BBEB6AB6EB832FB9
:106F100028D128460FF0B3FF069495F8443006A90F
:106F20008DF81C304FF484732846ADF81E30CDE93F
:106F300008448DF81D4000F0D5FE2846FFF73EFEC0
:106F4000284610F09AFA284610F094FA18B18AF3FD
:106F50001188BFF36F8F3146059803F0B1FAB2E79D
:106F6000A3B23BBB1FFA86F9B9F1000F22D140F260
:106F7000051B330C1B0403EB04084445E3D02846EF
:106F80000FF07DFF069495F8443006A928468DF849
:106F90001C30CDE908998DF81D90ADF81EB000F0B9
:106FA000A1FE2846FFF70AFE284610F066FA04F50F
:106FB0008034E2E74FF000094FF4827B26F47F63D0
:106FC00023F00F0303EB0408A045BCD028460FF0C4
:106FD00056FF069495F8442006A928468DF81C20F3
:106FE000CDE908998DF81D90ADF81EB000F07AFE3D
:106FF0002846FFF7E3FD284610F03FFA04F58054D9
:10700000E2E700BF480A0030872A0310962A0310DF
:107010002DE9F04F046980462246AD4BBBB01B689A
:1070200039934FF0000343681B6803F1240153F8C0
:10703000040B8B4242F8040BF9D1204612F04EF9B2
:107040008246B8B9A3490B685C0707D0A24B01225E
:10705000CDE90103009003460FF06AFF6FF01200C4
:107060009B4B1A68399B5A404FF0000300F0258370
:1070700013F02CF81C2200210FA813F08AFA974B6A
:10708000DFF85C92109301232046CDF838908DF8FC
:10709000503010F0EFF9064648B1EFF31186202387
:1070A00083F31288BFF36F8F204610F0D8F9204683
:1070B0008B4B94F844200EA910F0EAF90028C0F296
:1070C0008A82884DA0228849284613F03BFA94F81A
:1070D00044302A460093204630230EA900F074FD68
:1070E0000028C0F27882204616A90FF001FF002880
:1070F00018DB169A7D4922F07F438B4200F09E8078
:1071000054D8A1F50D2152398B4200F08D803FD823
:10711000A1F580318B4200F0878023F48032744BDC
:107120009A4277D04FF0000BCDF878B094F8443005
:1071300035A92091102102228DF87C3040F20913EC
:107140001EAF2191204639468DF87D20ADF87E3066
:1071500000F0C8FD5845C0F23E826649359840F2BD
:10716000091388424FF0020200F0E88059490B6889
:1071700013F0060F08D0604B5846CDE901B3CDF8A7
:1071800000B05B460FF0D4FE012384F845306EE07A
:107190005A498B4248D002D8594A9342C1E722F05B
:1071A0007F42584B22F480729A4214E056498B4237
:1071B00012D025D8A1F5AD3131398B426DD00139CE
:1071C0008B42AFD9514922F07F4222F480728A4229
:1071D00002D04F4A9342A5D14E4B4F4FDFF83CC1EE
:1071E000C5E9007342F20423C5E904C34C4B2B6488
:1071F000BB332B65012384F845304A4B2B6736E0BF
:1072000049498B424DD08DD822F07F42474B22F422
:107210008072C9E7E02320461EA91E93FFF792FC67
:107220000028BFF67FAFFEE7002320461EA91E936D
:10723000FFF788FC0028BFF675AFFEE7364B2B60E2
:107240003B4B6B6042F204233A4A0521C5E9042313
:10725000334B2B64BB332B65012384F84530314B12
:107260002B672046FFF7E6FC00287FF45BAF94F81D
:10727000443004F124070093394628232046194A54
:1072800000F0A2FC051E80F2B481204610F0F2F856
:107290000346002800F0D481FEE71F4B2B60264BED
:1072A000CFE71C4BDFF870E0DFF870B0C5E900E312
:1072B00042F20423C5E904B3194B02212B64BB330A
:1072C0002B65012384F84530164B2B67C9E700BFB7
:1072D000C8230330480A0030A32A0310FFFF7F00B1
:1072E00080F0FA028489003028D30210EF40200099
:1072F0009D60160053464450C22A03109D7018002A
:107300009D60180020BA190020BB210020BA20007F
:1073100020BA21000A320426EC04200A3E04200A86
:107320002104200805040124C2253A0020BA2200C5
:107330000632042634042008083204269DF8DF00B3
:10734000172800F248819DF8E1109DF8E2C009027B
:1073500041EA0C419DF8E0C0800041EA0C01169121
:1073600094F8441019908DF85C10204616A98DF8F9
:107370005D20ADF85E30189700F0B4FC0028C0F234
:107380002A81394608AA37A80FF0C9FC002868DA14
:107390008DF822B0B14B84F845A02B671E9B39466F
:1073A000C3F34143022B06AA37A814BF4FF0180AB3
:1073B0004FF0200AFFF7A6FB014600287FD14FF0CF
:1073C000010B9DF818301022079004900AA805932D
:1073D00013F0DFF894F8442004998DF82C2007AAC4
:1073E0000C9217A81C228DF82FB013F0D2F8059B31
:1073F0009B4A5906CDF8589018928DF870B058D421
:107400009A065CD413F0100B32D0964B2046C5F888
:10741000A03003F17C43043BC5F8B03094F844300D
:10742000914A009316A9302300F0CEFB002846DBDA
:107430004FF002090A2320460AA9CDF834908DF8AE
:107440002E308DF82D9000F04DFC002837DB079B87
:1074500043F0010307930B238DF82E308DF82D9008
:1074600022E09DF82230980794D5DA467F4B92E7C8
:1074700013F0020966D020460FF001FD40F2B74339
:10748000C5F8A03094F8443020460093764A302363
:1074900016A900F099FB002811DB0A23CDF834B0BF
:1074A0008DF82E308DF82DB020460AA900F01AFC78
:1074B00028B94FF0200A6E4B2B64B8332B65072296
:1074C00039460AAB37A80FF0D3FB002853DD9DF8EF
:1074D0002930022B4BD0012B4BD0002B7BD10C231E
:1074E0009DF828209B0242EA0A4242F0206242F4C0
:1074F00080622A609DF82A20394643EA024343F01D
:10750000485343F400736B6042F2046316AA37A831
:107510004FEA0A49AB600FF02CFC00287FF4A7AEBD
:107520009DF858102046C1F34201FFF783FB002865
:107530007FF49DAE4F4B49EA03032B6142F20423D3
:107540006B6194E6DB07BAD540F2B743C5F8A030CB
:1075500094F8443020460093434A302316A900F0A3
:1075600033FB0028ABDB0A23CDF8349074E7072304
:10757000B6E70623B4E7062239460AAB37A80FF070
:1075800077FB00287FF773AE9DF82930042B20D0BD
:10759000022B20D8384AD35C9DF828209B0242EA6F
:1075A0000A4242F0106242F480622A609DF82A206A
:1075B00043EA024343F0445343F480736B6042F266
:1075C0000253AB602D4B43EA0A432B6142F2041392
:1075D000B6E70723E0E720460FF04FFF20460FF005
:1075E00049FF00283FF451AE86F31188BFF36F8F37
:1075F0004BE620460FF041FF20460FF03BFF18B14D
:1076000086F31188BFF36F8F002D7FF43EAE3946AD
:107610002046636A94F844200FF03AFF002835D0E2
:1076200017490B685A0708D0164B0122CDE90153C0
:1076300028462B4600950FF07BFC6FF085000FE588
:107640000F490A68540706D00F4A0090CDE901029D
:1076500001220FF06DFC6FF0040001E50504012428
:10766000FFFF7F00B50401248489003070040124E9
:107670002004200832040008352B0310A20400085F
:10768000480A0030FA2A0310E82A031020460FF0B7
:10769000F4FED8F810001EA90FF02AFC00283FF4D1
:1076A000DFAC07490B685B07D5D0064B0122CDE95B
:1076B000015328462B460095CBE73BB0BDE8F08F41
:1076C000480A00301C2B0310024B0B60012313608F
:1076D000704700BFD8D3021000487047E0D30210B3
:1076E0002DE9F04105690C46164605F144074FF0B7
:1076F000FF324FF0FF33384603F02EFFF0B9EB6D49
:10770000E118EFF31188202383F31288BFF36F8F02
:107710000C4B3246284602F075FF0FF018FC044669
:1077200088F31188BFF36F8F384603F0DBFE002C1F
:1077300018BF6FF015042046BDE8F0816FF00C040F
:10774000F9E700BF6C66656BF0B50A4685B010B30B
:107750006E463146114C124FD4F800E0D4F800C008
:10776000256854F8043B4FEA1C2C1B0643EA1E63B1
:107770000CF47F4C2D0243EA0C0305F47F052B43E8
:10778000BC4246F8043BE7D1102A28BF1022144619
:1077900012F0D8FE204605B0F0BD00BF0000101169
:1077A000100010110322024B024903480FF044BF9E
:1077B00069720210D8B002102CAE02100322024BE4
:1077C000024903480FF038BF69720210B4B00210CA
:1077D000E4AD02102DE9F04FD0F80490D0F810B0CD
:1077E00089B00C46CDE90023D9F800600BF13408CC
:1077F0004FF0FF324FF0FF33404603F0ADFE054639
:1078000088BB074682460C34009BBB4228DD14F837
:10781000042C10074DD482F00203C3F34003510738
:107820004FEA830323D42FBB0293019B02F0010292
:10783000ADF80C3054F80C3C8DF80E20069354F83B
:10784000083C5946304602AACDE904AA079310F035
:1078500030FE90B15946304602F0B2F86FF00405A0
:10786000404603F03FFE284609B0BDE8F08F43F0E4
:107870000203D9E743F00103D6E74FF0FF334FF09F
:10788000FF320BF14C0003F067FEDBF86430002B95
:10789000E0D154F8083C4BB9D9F81000064BB3FBC3
:1078A000F0F011F00CFD73695B05D3D401370C3493
:1078B000AAE76FF08505D3E7001BB700F7B543686B
:1078C0000569C8061E6804D46FF01504204603B08D
:1078D000F0BDCA07F8D4C1F3420101390229F3D837
:1078E000104A52F82170D3E901018368DB68002B4C
:1078F000EAD001AA98470028E6D134354FF0FF328C
:107900004FF0FF33284603F027FE04460028DDD160
:107910003A463046019910F024FD284603F0E2FD76
:10792000D4E700BF68D402102DE9F041456806464F
:107930000769D5F800808CB0012207F134001146A8
:1079400011F0E8FF4FF0FF32002107F14C0011F079
:10795000E1FF686811F0C2FC034680B93A490A6841
:10796000520706D0394A0090CDE9010201220FF0FA
:1079700086FC6FF0120420460CB0BDE8F0810021B7
:10798000A86905AA0FF061FE041EF4DB059B002226
:107990001979186800F04CFA04460028EBD1D5E9B3
:1079A00001018368DB6813B96FF01504E3E704AAEB
:1079B00098470028F8D105A801F02AFF6B694046D6
:1079C000049A05A9089301F035FF3B46204A394641
:1079D000404601F0B9FF2B691E4A93422BD01FD8B5
:1079E0001D4A934229D01D4A934228D016490B685C
:1079F0005B0708D01A4B0122029300231846CDE9F9
:107A000000330FF03CFC0021304641F01001FFF73D
:107A100055FF04460028AED13046EB689847AAE7E8
:107A2000104A93420DD002F5C31202F52062934230
:107A3000DCD10A21E8E70621E6E70221E4E7042198
:107A4000E2E70821E0E700BF700A0030502C031085
:107A50009F72021040420F00A0860100801A0600AB
:107A60006F2C031040E1330010B5436886B01B68EB
:107A700000695C6811F03CFE034650BBD4E901018B
:107A80008368DB68002B35D005AA9847034600BB06
:107A900005991A4AB1FBF2F20592143A0E2A1BD943
:107AA000174A91421ED3174A91421DD9164A914254
:107AB0001CD9164A91421BD915490A68520706D0AB
:107AC000144A0090CDE9010201220FF0EDFB6FF0A6
:107AD0008503184606B010BD0222E1681202C1F803
:107AE0000022F6E70322F8E70246F6E70122F4E770
:107AF0000422F2E76FF05703EBE700BF40420F00AC
:107B000000879303FFE0F5057FD1F0087FB2E60E12
:107B1000740A0030112D03107FB50446D0E90360CC
:107B20004FF0FF334FF0FF3203F0E2FB2378012BDD
:107B300034D10021A388C6F80432237A627A5B0527
:107B4000120403F0787302F4F812134343EAC103FA
:107B500043F00403C6F8003201230325C6F80032BF
:107B6000D6F80032DA0720D5642011F0A8FB013DD9
:107B7000F6D113490B685B0708D0124B0122CDE9FF
:107B8000015328462B4600950FF08EFB6FF07305CE
:107B9000206903F025FC284604B070BD022B01D1FA
:107BA0000121CAE76FF01505F2E72378022B04D113
:107BB000E368D3F8042263681A800025E8E700BF71
:107BC000740A0030372D03102DE9F04FCDB09DF829
:107BD00058A10C46BAF1030F91461F46066911D908
:107BE0003E490B685B0708D03D4B012202930023FE
:107BF0001846CDE900330FF022FC6FF015004DB0B0
:107C0000BDE8F08F06EB4A0898F82930BB4215D240
:107C100096F82B3096F829501D4496F82D3053FADB
:107C200085F596F82F3053FA85F55FFA85FB57FAFC
:107C300085F5402D04DD6FF06800E0E74FF0000BA4
:107C4000A3680AF106029B0246F8223003691B7AF8
:107C500033B14946BA000CA812F074FC0DF130099A
:107C600004AA04F12005134620686168083403C3A0
:107C7000AC421A46F7D198F82930BB4207F103030A
:107C800038BF88F828B023F0030398F8282088F834
:107C900029309DF8273003EB92038DF827309DF8AB
:107CA000253003EB92038DF82530EFF31184202368
:107CB00083F31288BFF36F8F5246306804A902F035
:107CC000FBFA3B464A4698F82810306802F07CFBE5
:107CD00084F31188BFF36F8F002090E7780A00309B
:107CE000832D0310F0B50469087989B000F11403FD
:107CF00014F8132000231D46920804F1140698423C
:107D00002CDC02B9A5B10B4604AF01F1100C3E46C4
:107D100018685968083303C663453746F7D19DF89C
:107D2000163004A91A44049B8DF816202B440493A2
:107D3000206810F0D4FD78B10B490B685B0709D0BF
:107D40000A4B03900293002301221846CDE9003329
:107D50000FF075FB6FF0040009B0F0BD56F8047F1A
:107D600001333D44CBE700BF780A0030972D031064
:107D700030B503290B46006985B007D8002100F112
:107D80001404994213DB406810440EE00A490A6863
:107D9000520709D00393094B01220293002318468E
:107DA000CDE900330FF04BFB002005B030BD54F897
:107DB000045F01312A44E4E7780A0030AA2D031059
:107DC0001FB54468206811F089FA034670B9154957
:107DD0000A68520706D0144A0090CDE90102012238
:107DE0000FF046FC6FF0120004B010BDD4E90001A2
:107DF00083681B689BB198470028F5D009490B6838
:107E00005B0709D0094B0390029300230122184617
:107E1000CDE900330FF02CFC6FF01500E4E76FF0B4
:107E20005700EBE7900A0030502C0310BA2E0310D5
:107E3000F0B541F67B770C4D0C4E00EB810188428A
:107E400001D10020F0BD50F8042B140F55F8244048
:107E5000C2F3855304EB8304D4F880303A403340B6
:107E60001343C4F88030EAE708D6021084E0FFFF2D
:107E70000122024B024903480FF0DEBB7178021069
:107E800094AF02102CAE02100122024B02490348AB
:107E90000FF0D2BB7178021070AF021008AE021062
:107EA0002DE9F043D0F810808B88D8F804900D4667
:107EB000894591B04FEA5312C3F3451700F0938000
:107EC000466813F40063346811D049490B685D07B4
:107ED00008D0484B0122029300231846CDE9003315
:107EE0000FF0EEFD6FF0850011B0BDE8F08312F0E9
:107EF000380F03D002F01F02012A10D13C490B6851
:107F00005C0709D03C4B01220293002303971846DB
:107F1000CDE900330FF0D4FD6FF01500E4E7CA8817
:107F2000032A0FD9324908684007F5D00320CDE96C
:107F30000320324A1846CDE90132009301220FF0A6
:107F4000BFFDE9E7D6E901018368DB68002B4CD06F
:107F500007AA98470028C7D1B9F1000F10D02369AC
:107F600023F001032361236913F00103FBD122698C
:107F700042F002022261226942F4407222612361CE
:107F800008A8C8F8045001F037FEAB882046C3F3B8
:107F900040028DF82820C3F380028DF82920C3F316
:107FA00000128DF82A202A68C3F3803308923269C0
:107FB00008A90B92726909970C92B2698DF8393051
:107FC00096F820300D92EA888DF83A3096F82130F4
:107FD0008DF83820079A8DF83C3001F073FE0021AF
:107FE000204601F0FFFD00207EE76FF057007BE7A1
:107FF000B80A0030533003106D3003108630031080
:108000002DE9F047D0F810904768C9F800000646FF
:1080100088B0786811F062F9034680B933490A687C
:10802000550706D0324A0090CDE9010201220FF037
:1080300047FD6FF01204204608B0BDE8F0874FF00E
:108040000108D9F80C50D9E9033203EBC2039D4271
:1080500013D30021F86907AA0FF0F7FA041EEADB30
:10806000079B002219791868FFF7E2FE04460028F2
:10807000E1D13046FB689847DDE7286811F02EF91A
:10808000034680B919490A685407D2D02A79049264
:108090002A68126800900392164ACDE90102012273
:1080A0000FF00EFDC5E728682979EB88D0F810C0DD
:1080B000DA07DCF8004054BF43F4B01383F4D01364
:1080C00023F4801208FA01FEDB07D0F808A04CBFA9
:1080D00044EA0E0424EA0E04CCF80040DAF800303A
:1080E0009847041EA7DB0835ADE700BFB80A00308B
:1080F000502C0310AA3003100222024B02490348FD
:108100000FF09ABA2B7B0210FCB0021050AE021096
:108110001FB5044611F0E2F8034678B908490A6829
:10812000520708D0226800900392064ACDE9010266
:1081300001220FF00EFD002004B010BD0120FBE76E
:10814000BC0A0030E430031000222DE9F14F03692E
:1081500006469B6E83F8442083F88C200569EF6DFA
:10816000AC6E6B6E002F66D11F464FF00108D5F83C
:108170005890736804F16C0A202200215046D3F80D
:1081800000B012F006FAB9F1000F2F4B1ABF4B46A0
:1081900042460322E36694F85130C4E918A662F31C
:1081A000020384F85130A06C0BF16403C4F88070B2
:1081B000A4F8588023678368E16C1B6804F15002BF
:1081C000984700283DD17368D5F86090D3F800A097
:1081D000336901469D6E202205F12403184612F0F2
:1081E000D8F9B9F1000F194A1ABF4A4602210321F2
:1081F000AA622A466B7AC5E9060661F302036B722E
:108200000AF17403AF63A5F810806B6252F8080B93
:10821000696883681B68984798B9D4E90001836846
:108220009B68984768B9D4E9120183689B6801B0DC
:10823000BDE8F04F1847002B97D09F4228BF1F463C
:1082400093E701B0BDE8F08FDC8B0030D88B0030B5
:108250002DE9F0439846436891461E688B8807468F
:108260009A040D46046985B000F18C804FF0FF320E
:108270004FF0FF3304F1140003F06EF9A5602946B6
:108280003846FFF70DFE054600286DD1B9F1000F05
:1082900040F08180C4F848900023E36404F15C025C
:1082A00004F14C0104F148000FF040FCA065B8F166
:1082B000000F79D1C4F850800023636504F1640293
:1082C00004F1540104F150000FF030FC002320664B
:1082D0006364336E43F400133366606848B18368A7
:1082E0003BB1012108300FF044FC6368186910F0BD
:1082F000E6FF3846FFF728FF054600283ED13369E0
:1083000043F440733361F36943F00303F3610346BD
:10831000E16C8B4250D100231A46606D824252D1EB
:108320009D4238BF1D464FF4FA5303FB05F26368C4
:108330001B68B2FBF3F20A23C832A2FB032304F149
:108340002C0003F009F9002844D023490B685B078F
:1083500008D0224B0122029300231846CDE90033B6
:108360000FF0F7FB6FF0730563689B8813F40053FD
:1083700004D1A36004F1140003F0B4F8284605B05A
:10838000BDE8F083E369002B7FF470AFA3689942E6
:108390007FF46CAF73E7D9F80030A364002B3FF48F
:1083A0007BAFD9F8043078E7D8F800302365002B8C
:1083B00082D0D8F8043080E7A26C02EBC302526886
:1083C00001331544A5E7216D01EBC2014968013273
:1083D0000B44A3E7656CC7E7BC0A0030FB30031011
:1083E0002DE9F04391460C694A681D1E88461768BE
:1083F000A66E87B027DB73684B4573D1636EB26B93
:1084000073B19A4255D955490B68580708D0544B57
:108410000122029300231846CDE900330FF099FBA7
:10842000012386F8443096F88C30002B00F09280BF
:10843000E36D0BB9656EADB14046FFF785FE0546AD
:10844000002800F0878045490B685B070AD0454B40
:10845000012202930023CDE903951846CDE90033AC
:108460000FF077FBFB69404623F00303FB613B6E93
:1084700023F400133B660FF033FB63686BB19A681B
:108480005AB1998811F4805607D1186910F017FF76
:108490006068314608300FF06CFB3B6943F4407371
:1084A0003B61656404F12C0007B0BDE8F04303F0C4
:1084B00019B89B1A63667BB9236D04F16402083313
:1084C0002365636D04F15401013B636504F15000C1
:1084D0000FF02CFB2066A3E7236E002BA0D01344E3
:1084E00023669DE7F36C4B4531D1E36DD6F88020D0
:1084F00073B19A4212D919490B685A0708D0184B20
:108500000122029300231846CDE900330FF021FB2E
:10851000012386F88C3096F8443086E79B1AE36591
:108520007BB9A36C04F15C020833A364E36C04F12F
:108530004C01013BE36404F148000FF0F7FAA06539
:10854000E6E7A36D002BE3D01344A365E0E76FF0EB
:10855000040578E707B0BDE8F08300BFBC0A00302F
:10856000213103103F3103104FF0E02310B50F49C4
:108570009C691A6908689B690D4902F4803234B914
:1085800093B903464AB90A681044C01A10BD002BBB
:1085900008BF03460AB9A342F5D90A6802440A6033
:1085A0004FF0E0221269EEE70446F3E7E48B003077
:1085B000E08B003020220A4B002083F8232043F672
:1085C0009822084B1A60084B43F6972218604FF028
:1085D000E0235A6198611A6942F007021A617047F4
:1085E00000ED00E0E48B0030E08B0030684620F0C6
:1085F00007018D4619B5FFF7B7FF1149114B086800
:10860000D3E90042001942F10002C3E9000200234D
:108610000B6043F698230C4AD2E90041001BB0FBE3
:10862000F3F043431B1941F10001C2E9003104F0AA
:1086300003FAEFF71DFFBDE819408546704700BFFC
:10864000E08B0030E85E0030E05E00302DE9F04164
:10865000DFF8E08099B1421C0BD14FF0E0221369A2
:1086600023F0010313614FF07F43C8F80030BDE8E9
:10867000F081D8F80060012807DC00270BE0431CDC
:10868000D8F80060F7D140F25D4040F25E43984276
:10869000A8BF1846471EEFF31185202383F31288E5
:1086A000BFF36F8FFFF760FF4FF0E023224C996913
:1086B000D4E9002380184FF0000243F10003C4E91D
:1086C00000031E4B1A601E4B1A68831A2ED443F601
:1086D000982C0CFB073303F56A531733B3FBFCF7F5
:1086E000131A0CFB0733B3F5806F38BF4FF4806368
:1086F000144A934228BF13464FF0E022C8F80030D6
:10870000013B90695361002381429361A1EB000317
:1087100038BF9B19D4E900125B1842F10002C4E98A
:10872000003285F31188BFF36F8FA0E74FF48063A9
:10873000E2E700BFE48B0030E85E0030E08B003001
:10874000E05E003038A9FF0038B5EFF31185202333
:1087500083F31288BFF36F8F084B1C68084B1B68AC
:10876000E41AFFF701FF85F31188BFF36F8F43F61B
:1087700098232044B0FBF3F038BD00BFE85E003022
:10878000E05E003038B5EFF31185202383F31288C3
:10879000BFF36F8F044B1C68FFF7E6FE85F311886B
:1087A000BFF36F8F204438BDE85E003010B5EFF3A3
:1087B0001184202383F31288BFF36F8FFFF7D4FE59
:1087C000054AD2E90031C01841F1000184F3118853
:1087D000BFF36F8F10BD00BFE85E0030044BD3F8CD
:1087E0000002044B10F0200018BF1846704700BF6D
:1087F00000400450001BB700044BD3F80003044BA7
:1088000010F0100018BF1846704700BF0040045019
:10881000006CDC0206490246D1F8000210F00100AB
:1088200005D0D1F82002104018BF4FF47A5070479D
:1088300000900550044BD3F8000110F080701CBF6D
:10884000024B1868704700BF00400450CC0900304C
:10885000074BD3F8000310F0010007D0D3F808331A
:10886000044813F0010F044B18BF1846704700BFAF
:1088700000400450006CDC0200449508074B02469F
:10888000D3F8000410F0807007D003F5A833D3F8B4
:10889000200110401CBF024B186870470040045074
:1088A000C8090030044B01201B8A9B0501D4FFF747
:1088B000B1BFFFF7E3BF00BF00C00450174B9842A1
:1088C00027D003F1B76303F55843984223D101221F
:1088D000134BC3F80823D3F8002322F40002C3F893
:1088E0000023D3F8002342F01002C3F80023D3F88A
:1088F000002342F02002C3F80023D3F8002342F003
:108900000102C3F80023D3F80023D201FBD50020D5
:1089100070470022DCE70120704700BF006CDC02DA
:1089200000400450314AA0F57403A3F5105393425C
:108930004FD92F4B2F4A034493424CD32E4B2F4AEF
:108940000344934249D92E4B2E4A0344934246D2C4
:1089500003222D4BD3F80011890142D4D3F804151A
:1089600011F0C06F03D1D3F800359B0139D4264BE9
:10897000D3F8041611F0C06F03D1D3F800168901A3
:108980002FD4D3F8001109022ED44FF08061C3F820
:108990000011D3F80018120142F0040241F0010165
:1089A000C3F80018C3F80821D3F8002122F400020C
:1089B000C3F80021D3F8002142F00112C3F80021CE
:1089C000114AD2F80031DB01FBD5104B18600020B2
:1089D00070470022BDE70122BBE70222B9E704206D
:1089E000704740F63500704702207047FF083D0091
:1089F00000D3CEFE80969800803C36FEFF2C3101DD
:108A0000800F05FD0024F40000400450CC09003024
:108A1000104B00F00F00D3F8002242F00102C3F81F
:108A20000022D3F8042222F00102C3F80422D3F872
:108A3000182242F00102C3F81822D3F81C2222F0B7
:108A40000102C3F81C22D3F820221043C3F82002ED
:108A50000020704700900550044AD2F8003523F4F6
:108A600040330343C2F80035704700BF0040045054
:108A700030F0004330B51FD083B2F3B1022102E0E1
:108A8000000C19D083B240F2FE34C3F30B021B0B6F
:108A9000013BA242DBB213D10C4C1B06626903F00E
:108AA000706522F070622A43626122695A4012F0B6
:108AB000706FFAD10139E3D130BD0121000CE1E73B
:108AC000920002F1A042C2F86032F3E70040045085
:108AD000094BD3F80435C3F34163012B04D0022BB7
:108AE00004D033B9FFF7A6BEFFF786BE0120FFF71B
:108AF000C5BE0020704700BF004004502DE9F04182
:108B0000FFF7E6FF324BD3F80025D6015DD5D3F849
:108B1000042515033BD4D3F80C25D2B2012A38BF63
:108B20000122D3F80415CC0233D4D3F80415D3F8BA
:108B30001445C90304F01F0458BF6400002C08BF8B
:108B40000224B0FBF2F0E8F797F9214B0646D3F880
:108B5000282512051FD4D3F8100580B2E8F78CF948
:108B60000546E8F745FC084308BF4FF07E55304600
:108B70002946E8F7D9F905462046E8F77DF9014688
:108B80002846E8F785FAE8F7ABFBBDE8F08101225B
:108B9000C7E70124D5E7D3F82855D3F82485D3F8BF
:108BA0002405ED0120F07E40E8F766F94FF04C51C6
:108BB000E8F7BAF9EDB2074645EA5860E8F75CF91C
:108BC00001463846E8F7A8F8CAE70020DBE700BF0F
:108BD00000400450094BD3F80436C3F34163012B22
:108BE00004D0022B04D033B9FFF724BEFFF704BE34
:108BF0000120FFF743BE0020704700BF0040045033
:108C00002DE9F041FFF7E6FF324BD3F80026D601FD
:108C10005DD5D3F8042615033BD4D3F80C26D2B285
:108C2000012A38BF0122D3F80416CC0233D4D3F87A
:108C30000416D3F81446C90304F01F0458BF640097
:108C4000002C08BF0224B0FBF2F0E8F715F9214B25
:108C50000646D3F8282612051FD4D3F8100680B292
:108C6000E8F70AF90546E8F7C3FB084308BF4FF0E9
:108C70007E5530462946E8F757F905462046E8F77D
:108C8000FBF801462846E8F703FAE8F729FBBDE8B8
:108C9000F0810122C7E70124D5E7D3F82856D3F89D
:108CA0002486D3F82406ED0120F07E40E8F7E4F8AE
:108CB0004FF04C51E8F738F9EDB2074645EA5860F5
:108CC000E8F7DAF801463846E8F726F8CAE7002060
:108CD000DBE700BF0040045010B5840004F1A0445D
:108CE000D4F8B032013B052B04D8DFE803F00B0EBB
:108CF000111F031C0020D4F85038DBB20133B0FB45
:108D0000F3F010BD0EF0A5FFF5E7FFF767FDF2E702
:108D1000FFF79EFD4FF0A043D3F88833DBB2013359
:108D2000B0FBF3F0E7E7FFF7BDFDE4E70048E2E75B
:108D300040420F0010B52E490446D1F8003843F0E8
:108D40000103C1F80038D1F8003523F00303C1F85E
:108D500000350368C1F804354368C1F80C3543F0A9
:108D60000043C1F80C358368C1F8143543F0004363
:108D7000C1F81435C368C1F8103543F00043C1F899
:108D800010350369C1F824354369C1F82835194BFA
:108D90008B60FFF79DFED1F804250346120324D40F
:108DA000D1F80C25D2B2012A38BF0122B3FBF2F36D
:108DB0004FF4FA62B3FBF2F30D4A03F59673C3F373
:108DC0001003C2F81835D2F8003543F00303C2F897
:108DD0000035D2F80035DB01FBD5A469FFF78EFE24
:108DE000844214BF0320002010BD0122DEE700BF33
:108DF0000040045001005A5A10B52E490446D1F8DB
:108E0000003843F00103C1F80038D1F8003623F0F0
:108E10000303C1F800360368C1F804364368C1F89B
:108E20000C3643F00043C1F80C368368C1F81436A1
:108E300043F00043C1F81436C368C1F8103643F05C
:108E40000043C1F810360369C1F824364369C1F8FC
:108E50002836194B8B60FFF7BDFED1F80426034678
:108E6000120324D4D1F80C26D2B2012A38BF012231
:108E7000B3FBF2F34FF4FA62B3FBF2F30D4A03F5DE
:108E80009673C3F31003C2F81836D2F8003643F0D5
:108E90000303C2F80036D2F80036DB01FBD5A46923
:108EA000FFF7AEFE844214BF0320002010BD012254
:108EB000DEE700BF0040045001005A5A0D4B1B6909
:108EC000C3F30363013B052B11D8DFE803F003056F
:108ED00007090C0EFFF7AEBCFFF780BCFFF7B8BC6C
:108EE0000420FFF7CBBCFFF709BEFFF789BE0020C7
:108EF000704700BF0040045010B54FF0A043044637
:108F000090B9D3F86032012B15D0022B0FD0A3B942
:108F1000FFF7D4FF4FF0A043C03453F82430DBB246
:108F20000133B0FBF3F010BDD3F86432EBE7BDE8DA
:108F30001040FFF7B7BC0248F5E70020F3E700BF99
:108F400040420F0010B517280DD8DFE800F00E12D0
:108F500012161B1D4E8952565A63686A6C6E7277E0
:108F6000797B7D810C85002010BDBDE81040FFF7A6
:108F7000A5BFBDE810400EF0B6BE0020BDE8104011
:108F8000FFF7BABF0120F9E74FF0A044D4F88832C8
:108F9000062B28D8DFE803F0040F1215181B240055
:108FA000FFF78CFF4FF0A043D3F88433DBB20133DB
:108FB000B0FBF3F0D8E7FFF7A1FDF3E7FFF73AFCCA
:108FC000F0E7FFF745FCEDE7FFF708FCEAE7FFF7FE
:108FD00017FED4F8E433DBB20133B0FBF3F0E1E782
:108FE000FFF760FCDEE70020DCE7BDE81040FFF79C
:108FF000F5BBBDE81040FFF72BBCBDE81040FFF704
:10900000FBBB184BD3F80003174B10F0200018BF20
:109010001846A9E70120BDE81040FFF7FBBB02207E
:10902000F9E70420F7E70820F5E7BDE81040FFF76F
:1090300001BC0120BDE81040FFF720BC0220F9E789
:109040000420F7E70820F5E7BDE81040FFF756BD1C
:10905000BDE81040FFF7D4BDBDE81040FFF722BCCB
:10906000024881E7004004500044950840420F0048
:109070004FF00042294B2A489A630222C3F8042188
:10908000284AC3F8A420B0FBF1F301FB1300002829
:1090900042D19BB21E2B2AD80E2B3ED90F3B0F2B51
:1090A0003AD8DFE803F00A3339393930392D392A13
:1090B0002739393939084FF0C070184BD3F8A02040
:1090C00022F0E0720243C3F8A0204FF48032C3F8CC
:1090D000A8204022C3F8A4204FF080429A630022C7
:1090E0001A60D3F8A020002AFBDA01207047282B51
:1090F0000FD070474FF0A070DFE74FF08070DCE7D3
:109100004FF44000D9E74FF40000D6E74FF4800059
:10911000D3E74FF0E070D0E70020704700A0105078
:1091200000389C1C00102000064AD2F8403143F061
:109130000203C2F84031044B00BF013BFCD10120C7
:10914000704700BF00B01050801A060008B5304AC2
:109150003049D2F8883043F00F03C2F88830D1F894
:10916000883043F00F03C1F88830D2F88C300021EA
:1091700043F4406343F00303C2F88C304FF0A04344
:10918000C3F8441ED3F8002422F40032C3F80024AC
:10919000D3F8242822F00102C3F8242803F5183359
:1091A0009A6A22F4402242F400229A62DA6A22F495
:1091B000402242F40022DA62174AD2F8000140F459
:1091C0008050C2F80001D2F8440120F48030C2F887
:1091D00044013C20C2F84401D2F8440140F48030FC
:1091E000C2F844019A6A22F0030242F002029A6233
:1091F000DA6A22F0030242F00202DA62A3F50053B7
:10920000996003F5805399600EF0A7FD08BD00BF7B
:1092100000ED00E000ED02E000500450064B40F08D
:109220008050984206D003F50033984214BF0220C4
:1092300001207047002070470000085070B50446B8
:10924000FFF7ECFF254B0D4633F81030DAB2190A60
:109250000123FA2903FA02F34FF0A04230D1D2F8E9
:10926000381E0B43C2F8383E4023C2F82C32002689
:109270001B4B043553F820000EF053FD236815F8FE
:10928000042C23F0F60343EAC21315F8022C43EA38
:1092900002132A7843EA820315F8012C43EA4203B9
:1092A00015F8032C43EA8213236055F8042F1AB1F2
:1092B000314620460EF095FD0136102EF5D170BDD9
:1092C000FB2906D1D2F83C1E0B43C2F83C3E80235A
:1092D000CBE7883142F82130C9E700BFD8DA021065
:1092E00004D7021010B513680B6053680B61107A35
:1092F000537A000200F4E06003F007030343CB80DD
:1093000053898B8093898B82138D1069002B65D0D4
:1093100092F8283092F82940DB0743EA8473C0F3BF
:109320000900D46A0343464800EA842003438B6063
:10933000938ACB82938ACB8308238B83136C002B75
:1093400050D08B618B8B9BB223F0080343F010034A
:109350008B838B8B108B9BB220F0010003439BB25D
:109360008B8392F838301BB3CB8A6FEA43436FEAA2
:1093700053439BB2CB82CB8B6FEA43436FEA534399
:109380009BB2CB83CB8AD06B23F478531B0440026F
:1093900000F478501B0C0343CB82CB8BD06B23F4AF
:1093A00078531B0440021B0C00F478500343CB831A
:1093B00092F83030FBB992F83830002B2ED1CB8A9E
:1093C000C3F30E03CB82CB8BC3F30E03CB838B8B08
:1093D00023F020031B041B0C8B831FE020F0404074
:1093E0008860A5E78B8B23F010031B041B0C8B8379
:1093F000536A8B61ADE78B8B9BB243F020038B8369
:10940000888B536B80B21B0203F4F85320F4F8509E
:1094100003438B8392F83030002BCCD0D369CB60E0
:10942000CB88907E23F0F80392F820205B055B0D3B
:10943000D20043EAC023D2B213439BB2CB8010BD0B
:1094400000FCFF3F0B6810B503604B6803610A7AAC
:109450004B7A120202F4E06203F007031343C38065
:109460004B8983808B8983820B8D0A69002B65D0A1
:1094700091F8283091F82940DB0743EA8473C2F35E
:109480000902CC6A1343464A02EA842213438360EA
:109490008B8AC3828B8AC383082383830B6C002B44
:1094A00050D08361838B9BB223F0080343F01003F9
:1094B0008383838B0A8B9BB222F0010213439BB2FE
:1094C000838391F838301BB3C38A6FEA43436FEA52
:1094D00053439BB2C382C38B6FEA43436FEA534348
:1094E0009BB2C383C38ACA6B23F478531B04520212
:1094F00002F478521B0C1343C382C38BCA6B23F450
:1095000078531B0452021B0C02F478521343C3839A
:1095100091F83030FBB991F83830002B2ED1C38A46
:10952000C3F30E03C382C38BC3F30E03C383838BC6
:1095300023F020031B041B0C83831FE022F0404216
:109540008260A5E7838B23F010031B041B0C83832D
:109550004B6A8361ADE7838B9BB243F02003838327
:10956000828B4B6B92B21B0203F4F85322F4F85235
:109570001343838391F83030002BCCD0CB69C36088
:10958000C3888A7E23F0F8035B055B0D43EAC223A0
:1095900091F82020D200D2B213439BB2C38010BDF9
:1095A00000FCFF3F70B5054614460E462022002100
:1095B00010F0EFFF3046AC61FFF730FE144B04EBC8
:1095C000001043F82050134B33F91030002B08DB08
:1095D0000122590903F01F0302FA03F30E4A42F86D
:1095E0002130002206EB043404F5815304F5805445
:1095F000C5E902462B611A609A80DA809A60DA60C7
:109600001A619A82DA829A619A83DA8370BD00BF06
:10961000E88B003098DA021000E100E02DE9F0411B
:1096200004460F461546002136220E301E46DDF850
:10963000248010F0AEFF069BAA1EC4E900730A9BAB
:109640001E2AB3FBF8F363618CBF00230B4BC4F8F5
:10965000108098BF9B5C079A2372023A1E2A8CBF27
:109660000023064B668198BF9B5C6372BDF9203076
:10967000A38102232383BDE8F08100BFC33103101F
:1096800009289ABF024B53F820000020704700BF02
:109690005CD70210024B53F82030D3F8F40F704718
:1096A00034D702100023074940F0805051F8042BB2
:1096B00042F08052904202D001330A2BF6D1184674
:1096C000704700BF5CD7021038B5244B0C4633F806
:1096D00010300546DAB2190A0123FA2903FA02F317
:1096E0004FF0A0421AD1D2F8381E0B43C2F8383ED0
:1096F0004023C2F82C321A4B53F825000EF011FB10
:10970000184B53F82530C4B1032C14D8D3F8F82FD4
:10971000E11CCA40D10710D403201BE0FB2906D16D
:10972000D2F83C1E0B43C2F83C3E8023E1E788316F
:1097300042F82130DFE7072CEED1D3F8F82F1207DB
:1097400005D5D3F8F82F02F00702A24203D100207A
:10975000C3F8F84F38BD0120FCE700BFDCDA021087
:109760000CD7021034D7021010B50A2404FB0300F2
:10977000034B43F82020034B43F8201010BD00BFDB
:10978000688C0030088D0030002807DB0123410978
:10979000034A00F01F00834042F82130704700BFA9
:1097A00000E100E070B50446184601231546049A0E
:1097B000B2B9B4FBF3F44FF47A73B4FBF3F40A26B2
:1097C000094B7143B3FBF4F3B1FBF3F20532B2FB87
:1097D000F6F2AA4238BF2A46904228BF104670BD12
:1097E0005B00013AE4E700BF40420F000023074955
:1097F00040F0805051F8042B42F08052824202D057
:1098000001330A2BF6D11846704700BF84D70210E7
:1098100010B51A2204460021023010F0BAFE40F2C0
:1098200001132380024BA3600123237610BD00BFE8
:10983000A08601002DE9F34104460D461646FFF7C8
:10984000D5FF0746FFF71CFF20B93D4B33F8170043
:109850000EF03BFD02230020236120616A78AB7883
:1098600082F00102DB0043EA82032361216A2A7E3F
:10987000AB7D21F0070152000B4302F002021A43B4
:10988000EB7D9B0003F0040313432362636AEA78D1
:1098900023F0E06323F4007343EA42222B791B0692
:1098A00003F0E06313436362A065297DA76A39B1C1
:1098B00000900F2301223046FFF774FF60F31B670F
:1098C000697D41B100230122009330460F23FFF749
:1098D00069FF60F31347A76231462046AA680EF07D
:1098E00040FD636AE96803F0070849B140F6FF7379
:1098F00001223046CDF80080FFF754FF60F30B07DC
:10990000A762296991B140F6FF7301223046CDF874
:109910000080090AFFF746FFE26A0A4B22F47F2221
:1099200003EA002322F470621343E36223692A7876
:1099300023F001031343236102B0BDE8F08100BFAF
:10994000F0DA021000FF0F002DE9F0410C46064648
:1099500090460021342220461F4610F01AFE304661
:10996000FFF744FFC4E90B870546FFF789FEA8B15E
:109970000323224628460E49FFF7F6FEB36923F477
:10998000785323F00303B3610A4B33F9150010F148
:10999000800F0AD0BDE8F041FFF7F6BE064B044A3F
:1099A00043F82540054B1A60E8E7BDE8F08100BFA9
:1099B000F599011004DB0210A88D0030D08D003025
:1099C0000B78A3B1836923F4785323F003038361F5
:1099D000036943F4407303614269054B1340B3F1DB
:1099E000807F04BF4FF40073036600230B70704741
:1099F00000020001704B2DE9F0410C4653F8205055
:109A0000002900F0A9800878002800F0A580696985
:109A10006388EE6DD5F85C8006F00F065BB9A36A2B
:109A20004BB136B1012E06D1052804D163695F0719
:109A300001D421F4806128460EF066FC0746B0B1DF
:109A400021462846FFF7BCFFAB6923F4785323F087
:109A50000303AB610023E66A2370002E7CD03A46F4
:109A600021462846B446236BBDE8F04160470420F8
:109A7000C8F30342C6F108032678013E042E04D839
:109A8000DFE806F00641547A8C001E463346F3E7C1
:109A90005E1E002B60D063681B882B6663680233F0
:109AA00063606388013B9BB26380002BEED1D4F8E6
:109AB00028C0BCF1000F23D003232370636AA4F8ED
:109AC00002C06360A37E012BE0D1AB6923F00103E8
:109AD000AB61A36A002BD9D040F2FF1CEE6D06F0FB
:109AE0000F06082EFAD0B3F5807F04D9C5F860C000
:109AF000A3F58073F2E7013B43F480732B66C5E75F
:109B000004232370C2E73BB3A66A013EF6B246F4D3
:109B100080762E6603262670A67E012E01D05E1E5C
:109B2000B4E7AE6926F00106AE61F8E7A67EAEB9ED
:109B30005E1E8BB1636803F1010CC4F804C01B788E
:109B40002B6633466688013EB6B26680002E9CD1F5
:109B5000A67E2070002E98D1BDE8F081561E002A06
:109B6000FAD06268D5F870C002F1010EC4F804E0C2
:109B700082F800C03246E5E76669760707D45E1EC4
:109B8000002BE9D04FF400732B660523B9E7A37EC1
:109B9000012B4FF005032370DED155E763695807A9
:109BA00003D48A053FF550AFD6E7A37E002BD3D16F
:109BB000EB6D1B07D0D147E784D70210002308497B
:109BC00040F0805051F8042B42F08052824204D081
:109BD00001330A2BF6D118467047D8B2704700BF40
:109BE000ACD7021010B50C46FFF7E8FF014B1C5430
:109BF00010BD00BF28900030182210B50021044687
:109C0000083010F0C6FC0823044AC4E900234FF4CE
:109C10007A73C4E90333636110BD00BF20A107005C
:109C20002DE9F74F0446406ACDE9002310F001000A
:109C30003DD0206910F0010040D10546FF230727E1
:109C40004FF0FF32DFF878B09E46804600231BF8C5
:109C500001AB4FEA4A069446009A03F10109B2FBB0
:109C6000F6F0814202D30A1A62450ED3B9F5807F1D
:109C700020D0624640467346564402E02F46564482
:109C80003AB19E4680464B46E5E7B9F5807FF5D16F
:109C90002F460135082D01D0002AD5D1226C616CE8
:109CA000090E42EA012213432364019B1F6003B0A3
:109CB000BDE8F08F404673466246EAE70020F6E7CB
:109CC000E231031000232DE9F34104460D46164608
:109CD0000193FFF773FF0746FFF7D2FC20B93A4B19
:109CE00033F817000EF05DFC4FF0010823690027E0
:109CF00023F001032361636A204643F0010363629A
:109D00002A7E636A083208FA02F123EA0103697EB7
:109D100001FA02F213436362636A6A7F23F070639D
:109D200023F00A0343EA42032A7F920602F080628C
:109D30001343AA7E120602F040721343EA7ED20653
:109D400002F00062134363623246296801ABFFF7F9
:109D500067FFA76569682B7A0139C1F30B0141EAF6
:109D6000C371019B4246DB0603F0605319436B7AD3
:109D700020469B0703F080431943AB7ADB0503F4CD
:109D8000000319432B7E1B0603F040731943216621
:109D9000236943EA08032361E9683346E7F7A4FD32
:109DA0003346296902222046E7F79EFD696933465A
:109DB00003222046E7F798FD3946204602B0BDE869
:109DC000F041FFF70FBF00BF18DB02102DE9F0478D
:109DD00000240B684FF0040C9E46264641F6FF7A9D
:109DE0004FEA42094FEA8308B9FBF8F50135C5F39C
:109DF0004F05554528BF5546012D38BF01250CFBA1
:109E000005F7B2FBF7F7BB4234BFFF1ADF1B7745FC
:109E100098BF5FFA8CF40CF1010C9CBFBE462E4635
:109E2000BCF1210F9844DFD16422B3FBF2F303EBC2
:109E300043037345C0F0B7808368221F43F00203D9
:109E400083608368032A23F002038360036904F1BB
:109E5000FF3498BF43F40033240623F01F2304F09B
:109E6000F85423F0FF03234333430361036923F0D2
:109E7000005303618369CA7B0C7923F4E263120205
:109E800023F00703234302F4E0621A438B7B9B0019
:109E900003F0040313434A79012A7FD1002C7AD0BE
:109EA00023F400638361CB7902695B0322F40052DF
:109EB00003F40053134303614A7A0B7A43EA0243E3
:109EC000C362836A43F088038362836A43F4404336
:109ED00083624B7B0A7B1B015201446A03F010032F
:109EE00002F020021343234343628B7A1BB1436A7F
:109EF00043F008034362CB7A1BB1436A43F001038A
:109F000043628C79294B2A4A002C18BF1A464369B0
:109F10001343436191F8262083690AB143F4002377
:109F200091F827200AB143F4802383610B8A83646C
:109F30004B8AC364846D0B7D0A7E234343EA42034C
:109F40000A7F43EA820391F8202043EAC203836533
:109F50004A7DCB8A43EA827303664A7E4B8B43EA8F
:109F6000827343664A7FCB8B43EA8273836691F8A0
:109F700021204B8C43EA8273C36691F825301B0283
:109F8000036591F824301BB1036D43F00F030365A3
:109F90000020BDE8F08743F4006383E7002C81D004
:109FA00043F010037EE740F22150F2E700C01FE0CB
:109FB00000C01FC0026C01F00F0313430364C36DA4
:109FC00010B5C365EFF3108272B604690B0203F497
:109FD00040432343036182F31088EFF3108272B68B
:109FE000836A01F4407423F440332343836282F391
:109FF0001088EFF3108272B6034B84690B40234341
:10A00000836182F3108810BD0FC0F00F036C01F064
:10A010000F0223EA02030364C36D10B5C365EFF3B7
:10A02000108472B603690A0202F4404223EA020372
:10A03000036184F31088EFF3108272B6836A01F42F
:10A04000407423EA040323F44033836282F31088CC
:10A05000EFF3108472B6044A83690A4023EA0203CC
:10A06000836184F3108810BD0FC0F00F43690B4962
:10A070001940436CC26D9B00806A920002F47052DA
:10A0800003F03C031343000C0B4300F0C3001843E0
:10A0900020F0785020F47C50704700BF00C0FFC112
:10A0A000C1F3830310B5436400230D4CC3658B07D4
:10A0B00004EA010407D0826A230422F4703203F414
:10A0C000403313438362436903F07853234343616E
:10A0D000FFF7CCFF204240F21A5008BF002010BD0D
:10A0E0003FC01FC0F8B54FF0A0434FF400640246D4
:10A0F000C3F820420368002523F0020303600EF03A
:10A10000D7FA8B7AC8781B0443EA00330878454FA6
:10A11000000100F030000343087C43EA0063487804
:10A1200043EA8033087943EAC023887843EA40331E
:10A13000887B43EAC013C87B43EA801343F00203E1
:10A14000136008894B8A43EA004353609468364B96
:10A15000087D234043EA0063487943EAC043887995
:10A1600043EAC03391F8460043EAC0239360D368C2
:10A1700091F8470023F0780343EA801391F84800F0
:10A1800043EA401391F8490043EA001391F84A006A
:10A1900043EAC0030846D36002EB8506336A847E37
:10A1A0003B4043EAC473847D0135240604F0E06437
:10A1B0002343C47D082D4FEA044404F4F81443EA11
:10A1C0000403048B00F10600C4F3C70443EA04034C
:10A1D0003362E1D1D2F8B83023F4FE73C2F8B8305C
:10A1E0000B7BD2F8B800DB08013B9B0003F4FE7345
:10A1F0000343C2F8B830D2F8BC3023F4FE73C2F87F
:10A20000BC30CB7AD2F8BC00DB08013B9B0003F4E6
:10A21000FE730343C2F8BC30002313665366936693
:10A22000D366F8BD00FFE078FF77F70038B5044645
:10A23000550820460EF044FA0028FAD02368C3F3EC
:10A240000113032B30D10B7973BB0A68194B9A4267
:10A250002DD84FF47A734B22897C5943B1FBF2F32A
:10A260005A43914288BF01335B0203F4FC4343F439
:10A27000807305F1300244F822302268002D22F06C
:10A280000202226014BF4FF440320322DB070AD5DA
:10A29000D4F8E83032EA0303FAD1642300BF013B6B
:10A2A00013F0FF03FAD138BD4FF48073E1E779234F
:10A2B000DFE700BFFFE0F505F8B50D46044611469F
:10A2C000560820460EF0FCF90028FAD0AB6804EBE3
:10A2D000810003666B7CEA8903F01F0343EA0243B3
:10A2E0002A7D374F43EA82232A7BD20392B213435B
:10A2F0002A7C520102F478721343EA7CD20202F4FF
:10A30000F04213430367D0F880302E4AB5F81AC0E4
:10A310001A406B7E07EA0C471B0703F0E0433B4300
:10A320001343AA7D42B16F7D013A3F02520307F405
:10A33000706792B23A4313432A7E3AB1EF7D013AF5
:10A340005201D2B207F00F073A431343C0F88030EE
:10A350000A4620462946FFF769FF236843F00203B7
:10A3600023602B7FEBB1D4F8943023F00103C4F8C1
:10A370009430D4F89430CEB923F00403C4F8943068
:10A38000D4F894302A7F43EA8203C4F894302368D7
:10A3900023F00203236020460EF092F90028FAD041
:10A3A000F8BDD4F8943043F00103E0E723F008034C
:10A3B000C4F89430D4F894302A7F43EAC203E4E727
:10A3C0000000FF0F1010008070B5044615462046AF
:10A3D0000EF076F90028FAD00220094A8031A261F5
:10A3E000E061002004EB8101984203D10123A261C6
:10A3F000E36170BD55F8206041F820600130F3E75B
:10A40000F05AF05A08B505480DF09EFC4FF0A043F5
:10A410004FF00042C3F8242208BD00BF1F00010016
:10A4200008B503480DF090FC024B034A5A6208BD80
:10A430001F000100003003501000DEC010B586B0D0
:10A440006B461C4A044607CA83E807001A4B93E888
:10A45000070006AB03E907000022184B44F08050C8
:10A460001A701A78022A03D94FF0FF3006B010BDD7
:10A470001A7806A901EB820252F8182C42F0805299
:10A48000904210D31A78197806AC04EB820204EBE0
:10A49000810152F8182C51F80C1C0A44013A42F080
:10A4A0008052904204D31A780132D2B21A70D8E79F
:10A4B0000020DBE7E0D70210D4D702103290003042
:10A4C00070B504460D4686B0A1B3FFF7B7FF6B46E3
:10A4D00006461E4A07CA83E807001D4B93E807009B
:10A4E00006AB03E907002EBB1A4B24F08052187804
:10A4F0001978631E06AC04EB810104EB800050F870
:10A50000184C51F80C1C2B440C44013C23F0805394
:10A51000114924F080549C4228BF1C46D1F80438CD
:10A5200022F01F0223F0E06343F0A063C1F8043877
:10A53000A24201D306B070BD42F00103C1F8083851
:10A54000D1F80838DB07FBD42032F1E7E0D702105E
:10A55000D4D702103290003000B0015070B50446DC
:10A560000D4686B0A1B3FFF769FF6B4606461E4A4B
:10A5700007CA83E807001D4B93E8070006AB03E911
:10A5800007002EBB1A4B24F0805218781978631EEE
:10A5900006AC04EB810104EB800050F8184C51F834
:10A5A0000C1C2B440C44013C23F08053114924F033
:10A5B00080549C4228BF1C46D1F8043822F01F0268
:10A5C00023F0E06343F0C063C1F80438A24201D332
:10A5D00006B070BD42F00103C1F80838D1F8083860
:10A5E000DB07FBD42032F1E7E0D70210D4D702100A
:10A5F0003290003000B00150014B1B695B68184776
:10A6000000FC031310B4034C2469A468A44610BCD6
:10A61000604700BF00FC031310B4034C2469E468D6
:10A62000A44610BC604700BF00FC0313014B1B692C
:10A630009B69184700FC0313012810D9831EDBB265
:10A64000012B07D9831FDBB2012B03D90A38C3B210
:10A65000012B04D8002B034818BF002070470020AE
:10A66000704700BF00A010502DE9F04F1E4687B084
:10A67000CB090D4600930023490001F01E0104465A
:10A68000039241EAD5190593002800F0EF80836812
:10A690004FEA891803EB891393F8383013F001035C
:10A6A000019302D090F8967027B10127384607B081
:10A6B000BDE8F08F06F57F533F33B3F5804F38BFC9
:10A6C0004FF0010A05A828BF4FEA933A0EF0E9FDC2
:10A6D00094F89430534504D205980EF0EBFD022710
:10A6E000E4E74FF0000C4FF0800AE64604EB8901E6
:10A6F0002269B6F5804F10683346206194F89400C3
:10A7000028BF4FF48043013884F894000120106082
:10A710000020506003980296704490609068BEF1EB
:10A72000000F08BF934600F5805020F47F6020F0B2
:10A730000F00D060D068F61A00F5805010611069E3
:10A740009E4400F580505061506900F58050906142
:10A75000506863F31E405060D069D2F8089063F3EC
:10A760001E30D06120F0004020F47F6020F00F0008
:10A77000C9F30B0940EA0900D06102BF506840F4F8
:10A780000040506050686AF307005060486D002830
:10A7900035D002604A65002EAAD115F00F021CD1F7
:10A7A0000099D1B1A06800EB080191F83810890731
:10A7B00013D5029989B1C18E99420ED950F808106B
:10A7C000C1F30A41B3FBF1FE01FB1E332BB950F874
:10A7D000083066F35D7340F808300123ED0805F09A
:10A7E000100515430598AB40BCF1000F21D16268FC
:10A7F000D2F8B0211A4206D00EF05CFD56E7DDF823
:10A8000004C04A61C6E76168D1F8402142F4804241
:10A81000C1F840216268D2F8B851D2F84011490419
:10A82000F1D5D2F840112B4221F48041C2F84011F9
:10A83000E2D10021A2684244C2F808B0A2684244B2
:10A84000D16062680A49C2F8B0316268D2F8B85182
:10A850001D42D1D1013902D10EF02CFD25E7D2F8ED
:10A86000BC511D42C8D1C2F8B031EEE703271DE745
:10A87000809698002DE9F04F00274FF0010902EB78
:10A88000410A01EB0213054641EAC2114FF0FF32C3
:10A8900000EB8A0885B0D8F81440CDE90177DFF8DD
:10A8A000E0B009FA03F924F01F044FEA8A1ACEB285
:10A8B00014B905B0BDE8F08F019B3BB9A368A18B2B
:10A8C00003EA0B03C1F30B010B4301936368190601
:10A8D00047D502926968D1F8B43143EA0903C1F857
:10A8E000B4316B68D3F8B41111EA090FFAD1D3F877
:10A8F000B83113EA090FEDD16B68C3F8BC91D8F8F1
:10A900001430D8F854108B4236D10121C8F8147095
:10A91000C8F85470AB6853449960AB685344DF6027
:10A9200063681B0403D4D8F814301F2B0BD8286895
:10A9300001A98DF80C608DF80D70FBF767F84FF0EA
:10A94000FF32CDE9017767602B69236095F8943079
:10A950002C61013385F89430D8F8144024F01F049A
:10A96000A6E76168E369C1F30E41C3F312335B1AD2
:10A97000029919440291BFE71B68C8F81430CFE769
:10A9800000F0FFFF022870B5164635D11C4B1D782C
:10A9900015B10325284670BD01221A4C1A701A4BB6
:10A9A00084F89700E360194BA360194B6360D3F8F8
:10A9B000402142F00202C3F84021D3F8402192071F
:10A9C000FBD4D3F8242102F01F0012F0180F84F8F2
:10A9D000950013D02160D3F8A8210A4822F0030281
:10A9E000C3F8A821D3F8A82142F00202C3F8A82195
:10A9F0000EF0B4F83460CDE70625CBE70125C9E7B2
:10AA000033900030D48D0030001C00300010003036
:10AA100000B0105008B9032070470D4B984202D186
:10AA200000220C4B1A7000234268C2F8483141687A
:10AA3000D1F8402122F00102C1F8402141681846B6
:10AA4000D1F8402142F00202C1F84021704700BF16
:10AA5000D48D0030339000302DE9FF414FF00108D4
:10AA60000024CB0803F0100301F00F024D00134344
:10AA700005F01E050F46064608FA03F845EAD1150B
:10AA8000009400287ED068460EF00BFC4FF0FF3398
:10AA900029B206EB85056A690194029322F01F042E
:10AAA000C4B920466B69DFF8E0C023F01F03CBB9BF
:10AAB0000120B26802EB81129060B26802EB811251
:10AAC000D36000980EF0F6FB002C51D1002004B0AA
:10AAD000BDE8F081E37F43F08003E377246824F04E
:10AAE0001F04DDE793F91F20002AEADA5A6812F002
:10AAF000800F12D0D6F804E0DEF8B42142EA080252
:10AB0000CEF8B4217268D2F8B4E11EEA080FFAD187
:10AB1000D2F8B82112EA080FEBE7019A4AB99A680D
:10AB2000B3F81CE002EA0C02CEF30B0E42EA0E026E
:10AB300001926A69D5F854E0724513BF12686861E2
:10AB400068656A615A68120410D46A691F2A98BF3E
:10AB50000124586032691A60336196F894300133E9
:10AB600086F894306B6923F01F03A0E70124F0E717
:10AB70000023306801A98DF80C708DF80D30FAF7BC
:10AB800045FFA3E70320A2E700F0FFFF014804F020
:10AB9000F7BF00BFEA310310034A044B02602420D0
:10ABA0009B1AB3FBF0F0704754AD02108CB1021049
:10ABB00070B5044688B10378C3B10D4D0D4EB54252
:10ABC00001D3002409E02968A14208D128460EF0EB
:10ABD00085FB002814BF2C460024204670BD20466B
:10ABE000E6F744FC0028F1D02435E8E71C46F4E7FA
:10ABF00054AD02108CB102102DE9F843054610B394
:10AC000004782CB1114CDFF84880444503D300246C
:10AC10002046BDE8F883226A52B120460EF05EFB62
:10AC200030B1166826B10027D6F80090B94501D199
:10AC30002434EAE7284656F8041FE6F717FC0028F4
:10AC4000E6D00137F2E70446E2E700BF54AD021058
:10AC50008CB102101FB50446E8F718FE07490B68CF
:10AC60005B0708D0064B0122029300231846CDE96A
:10AC700000330EF056FB20460EF063FB880A0030CE
:10AC8000243203102DE9F04104460D4686B0EFF35F
:10AC90001188202383F31288BFF36F8F2B4F2C4A28
:10ACA0003B68966859074ED0042898BF294B127C00
:10ACB00094BF53F82030284B0390CDE90432274B42
:10ACC00001220293002321491846CDE900330EF0FA
:10ACD00028FB85B1EB693A68C3F308035BB15207FF
:10ACE0001AD01F4B01220293002318491846CDE9C0
:10ACF00000330EF016FB3B685B070DD0D6B9194840
:10AD0000194BCDE903600293002301221846CDE9D7
:10AD100000330E490EF005FB29462046FFF79AFF47
:10AD200088F31188BFF36F8F304606B0BDE8F0415D
:10AD3000EEF716B830460EF047FF0028DFD0037854
:10AD4000002BDCD0DCE7002DC4D1E5E7880A003019
:10AD5000708E0030ECD702103332031049320310EA
:10AD600071320310413203109232031038B50A4B8E
:10AD700053F82040013053F82050A54200D838BD88
:10AD8000606830B1037FDB0701D40EF0E5FA0834C8
:10AD9000F3E723689847FAE700D80210012270B55C
:10ADA0002A4B032086B01A70FFF7E0FFFFF7EEFE94
:10ADB0000EF0F6FA0420FFF7D9FF254C254D264664
:10ADC000AE4204F1300410D301F0D6F9204C224EEB
:10ADD000AC4226D301F0E4F904F00DFB1F4A137BCB
:10ADE00023F00103137306B070BD54F80C3C0593B7
:10ADF00054F8103C049354F8143C039354F8183C52
:10AE0000029354F81C3C019354F8203C009354E9FD
:10AE10000A2354E90C0100F0FBFE54F8303C5E6557
:10AE2000CDE7D4E90A23B3F1FF3F08BFB2F1FF3FFA
:10AE300005D052EA0301206803D101F0B1FA3034A1
:10AE4000C6E73146183001F081FDF8E73490003054
:10AE500064B6021064B60210099D0210A85F0030AB
:10AE600008B50348034A0021121A0EF08CFA08BDF7
:10AE70000010003040900030B82370B5144E86B0FA
:10AE800003FB0066134B012205930F23CDE9033228
:10AE90000023CDE9013314234FF4A0720E4D0F4966
:10AEA00003FB0055044602FB00110D4B3046009594
:10AEB00000F0AEFE737B2C7423F004037373094B14
:10AEC000013403EBC423EE606B6006B070BD00BFBD
:10AED000F05E0030F4320310708E0030F0CC0130A0
:10AEE00045950210F0C401302DE9F7430446884629
:10AEF000154D164F164EB8F1000F02D103B0BDE844
:10AF0000F083FDF73FFC1349C146D1E90032C31875
:10AF100042F1000007FB03F205FB0022A3FB053012
:10AF20009B1942EB0002B8F1040F28BF4FF004094F
:10AF3000C1E900322046019201A94A460EF025FAE5
:10AF4000A8EB09084C44D6E7FDB0B087E62EBB2736
:10AF50002DF304B55003003080B5002088B0FFF712
:10AF600005FF344B03F5006282F3088883F30A88F7
:10AF70000025E023304C314F84F82230E5772576E8
:10AF80006576A57684F82050E576636A43F4E0237D
:10AF90006362636A43F400236362A563E3689BB260
:10AFA00043F0BF6343F40833E360EDF79BFEEDF736
:10AFB000B9FF4FF0FF33A362E362E8F73FFC20489C
:10AFC00000F0C0FE0EF089F9EEF7C0FF0120FFF798
:10AFD000CDFE0220FFF7CAFE042107A8FFF784FF79
:10AFE000184B079A184C1A601A6812021A6001F07E
:10AFF0000BF9164B16495C61164B4FF40042059352
:10B0000001232046CDE90353CDE901553B46009588
:10B0100000F0FEFD0646627B204622F004026273C9
:10B020000EF035FE2846FFF727FF3A463146204608
:10B03000EDF756FFF0C4013000ED00E09DAD0110CA
:10B0400038610030C8230330A85F0030708E0030B4
:10B0500030CE01306BE0021038B5054C256804EBAA
:10B06000850405B938BD54F80439013D9847F8E71F
:10B070002CB8021038B5044C044DAC4200D338BD96
:10B0800054F8043B9847F8E738B8021038B8021073
:10B0900038B5064C064DAC4201D3002038BD2046E1
:10B0A000D4E901120EF083F91834F4E7380B0030BC
:10B0B000800B0030002038B5054C064DAC4200D363
:10B0C00038BD20460EF0E4F90028F9DB2034F5E71E
:10B0D000D80A0030380B003073B50C46EFF31181FD
:10B0E000202585F31288BFF36F8F05695DB1256058
:10B0F0002B680361C3690133C361002081F31188A8
:10B10000BFF36F8F11E052EA030603D16FF00B001B
:10B110002560F3E7CDE900230246083000F06CFF1C
:10B1200018B9034B9B681B69236002B070BD00BF58
:10B13000708E003070B50025094C0A4E00230122A4
:10B14000194620460EF04BFD2146304601350EF0E3
:10B150000FFC0A2D04F15004F0D1002070BD00BF97
:10B16000304E0230700C00302DE9F34104460E469B
:10B1700000F10808EFF31187202181F31288BFF353
:10B180006F8F406A2169884239D22568AC4218D055
:10B19000BDB128460EF0E1F905F118000EF0B7FF39
:10B1A0003146E26828690FF0CDF900232846C5F83A
:10B1B000B0300EF06CFD4046394600F099FF00209B
:10B1C0002AE03146E268206A0FF0BCF9236AE2689F
:10B1D00010211344A2692362934208BF636904F1FA
:10B1E000280008BF2362636A013363620FF04DF9E0
:10B1F0000028E0D187F31188BFF36F8F0CE052EA8B
:10B2000003010CD00749404689680E61CDE900234F
:10B210003946224600F0F0FE02B0BDE8F0816FF042
:10B220002200E7E7708E0030F7B50446084604F1C7
:10B230000807EFF31186202181F31288BFF36F8F87
:10B24000616A00293AD0E268E1690FF07BF9E369AD
:10B25000E26825681344A269E361934204BF63690D
:10B26000E361636AAC4203F1FF33636234D0284682
:10B27000002D32D00EF071F905F118000EF047FFE5
:10B28000E2682969206A0FF05DF9236AE2682846BE
:10B290001344A2692362934204BF63692362636A11
:10B2A000013363620024C5F8B0400EF0F0FC38466C
:10B2B000314600F01DFF204603B0F0BD52EA030105
:10B2C00010D00A4989680861CDE900233146224639
:10B2D000384600F091FEEFE7002086F31188BFF3B7
:10B2E0006F8FE9E76FF02200F7E700BF708E003044
:10B2F0002DE9F341044617461E46EFF3118820233B
:10B3000083F31288BFF36F8FC368334A7BB18068C1
:10B310009168884219D057EA060318D188F311883A
:10B32000BFF36F8F6FF00F0002B0BDE8F08191683E
:10B3300091F90E100133E36093682161A36088F3F3
:10B340001188BFF36F8F0020EEE72169F2E791F9D2
:10B350000E1090F90E306FF07E029942A8BF194688
:10B360009142B8BF11468B422DDD0EF0B9F905466A
:10B3700022464146CDE90076184800F03DFE0028FF
:10B38000E1D0EFF31186202383F31288BFF36F8F90
:10B39000A068D0B1236821699C420AD04BB193F9CF
:10B3A0000E309942A8BF19466FF07E039942B8BF8C
:10B3B00019460EF095F940B13146084800F098FE64
:10B3C0006FF00A00B0E70025D2E7002DF4D186F334
:10B3D0001188BFF36F8FF3E7708E00303590003027
:10B3E000F8B583680546002B40D0234A9268934203
:10B3F0003FD1C368012B03D9013BC3600020F8BDD6
:10B40000EFF31187202383F31288BFF36F8F016955
:10B4100080680EF065F92C68A54207D10023C5E9C4
:10B42000023387F31188BFF36F8FE7E7002CF5D065
:10B43000D4E90032002613605A60637BC4E90066D9
:10B4400023F002036373A66004F118000EF05FFEA0
:10B45000AC6094F90E3020462B61C4F8B0600EF059
:10B4600016FC3946054800F043FEC7E76FF01500AB
:10B47000C5E74FF0FF30C2E7708E003035900030E6
:10B4800037B5EFF31185202181F31288BFF36F8F59
:10B4900004689CB12368426823F00303944203606C
:10B4A00008BF4360012120460EF0A6F9044685F34B
:10B4B0001188BFF36F8F204603B030BD52EA0301FD
:10B4C000F5D0CDE90023294600F10C02083000F048
:10B4D00093FD0028EFD1024B9B681C69EBE700BF8E
:10B4E000708E003070B5EFF31186202383F312883D
:10B4F000BFF36F8F0468A0421BD0D4B1D4E90032EF
:10B50000002513605A60637BC4E9005523F00203F1
:10B510006373A56004F118000EF0F9FD2046C4F82D
:10B52000B0500EF0B4FB3146BDE87040094800F061
:10B53000DFBDD0E902329A4218BF01330221836095
:10B5400010300EF0A2FF0028EDD186F31188BFF372
:10B550006F8F70BD3690003013B5EFF3118120244A
:10B5600084F31288BFF36F8F846844B1013C846018
:10B5700081F31188BFF36F8F002002B010BD52EA33
:10B58000030406D181F31188BFF36F8F6FF00F00B2
:10B59000F3E7CDE900230246014800F02DFDECE77A
:10B5A000369000302DE9F8430546EFF3118820234B
:10B5B00083F31288BFF36F8F00266FF00A093746B6
:10B5C0002C68A54216D0ACB1D4E9003213605A60A1
:10B5D000637BC4E9007723F002036373A76004F17F
:10B5E00018000EF094FD2046C4F8B0900EF04FFB0A
:10B5F0000126E5E700230221AB6005F110000EF003
:10B6000044FF30B92EB988F31188BFF36F8FBDE8BE
:10B61000F8834146BDE8F843014800F069BD00BF2A
:10B620003690003073B50C46EFF31181202585F379
:10B630001288BFF36F8FD0E90365B5420AD92B1F7B
:10B64000036155F8043C236081F31188BFF36F8FC9
:10B65000002008E052EA030507D181F31188BFF307
:10B660006F8F6FF00F0002B070BDCDE9002302466E
:10B67000083000F0C1FC10F10B0FF4D0024B9B68B6
:10B680001B692360E4E700BF708E00301FB5094AD4
:10B6900002AB92E803004FF4806283E8030000935A
:10B6A00005494FF0FF33054800F010F9002005B0C0
:10B6B0005DF804FBB8C702105051023060600030E2
:10B6C0002DE9FF41044620274E4EEFF3118887F302
:10B6D0001288BFF36F8FD4F8B850F5B9022104F186
:10B6E000D0000EF083F9002868D004F1C8050022CC
:10B6F000012128460EF076FB0028F8D100234FF0F8
:10B70000FF3202934FF0FF334146CDE900233E481C
:10B7100004F1C00200F04EFFD7E7D4F8BC202B683C
:10B720009542C4F8B83008BFC4F8BC30D4F8D03063
:10B7300043F00203C4F8D030EB6823F0040343F075
:10B740000103EB606B6888F31188BFF36F8F2846A5
:10B750009847EFF3118887F31288BFF36F8FEB6878
:10B76000D80623F0010236D4EA60EB689A0716D5B2
:10B77000306823F00203EB6088B10021036870B1E8
:10B780004268954235D1036869BB72683360824272
:10B7900000D17360002340F8083BFFF7A3FED4F804
:10B7A000D03023F00203C4F8D03088F31188BFF3FF
:10B7B0006F8FDB0589D400F06FFD86E7D4F8D030B9
:10B7C000D9069BD5C4F8D00088F31188BFF36F8FDA
:10B7D00004B0BDE8F08123F01103EB6005F1100027
:10B7E000FFF780FEC1E70B607368834208BF71609A
:10B7F000D0E723B11A68014618461346BFE71A4638
:10B80000F9E700BF948E003037900030F8B5C36878
:10B8100004469A070F46C3F340062CD45B071AD49C
:10B820000B680BB983680B60E368DD0742BFA36850
:10B8300002263B603D6858BF0126002D3AD01F4BC1
:10B840009B68AB420AD0D5F8D030D807C3F380024A
:10B8500014D46FF0120600233B6025E00EF0ABF924
:10B86000D5F8D0300028F0D1D907C3F3C002F0D505
:10B8700052B15B0708D46FF00F06ECE7002AFAD14B
:10B88000C3F3C003002BF6D100232360D5F8BC30EE
:10B8900063B9C5E92E4428460EF0C2F8E36843F0C8
:10B8A0000403E3603B68A3603046F8BD1C60C5F844
:10B8B000BC40F0E76FF01506CDE700BF708E00309A
:10B8C000014601480EF02FB960600030F0B5044623
:10B8D000002089B0C4E92E000E9D04F1C000C4E927
:10B8E000300004F1C800C4E932004DB328790028C3
:10B8F00040F2011008BF0120C4F8D00000204FF032
:10B90000FF364FF0FF37CDE90330CDE90100CDE937
:10B91000066720460B4B009400F0E8F955B1296802
:10B9200011B1204600F008F96B791BB1237B43F07D
:10B9300001032373204609B0BDE8F04000F030BD9C
:10B940000120D9E7C1B6011037B501900846EFF3E1
:10B950001184202181F31288BFF36F8FC16811F029
:10B960001E0F16D153EA020508D101A9FFF74EFFB9
:10B9700084F31188BFF36F8F03B030BD41F008012D
:10B98000C160019910308161034900F0DFFF01209F
:10B99000EEE70020ECE700BF959A0210014601484F
:10B9A000FFF7D2BF60600030F7B50C4616461D4663
:10B9B0000190EFF31187202383F31288BFF36F8F79
:10B9C00008460EF01EF855EA060309D1204601A9E3
:10B9D000FFF71CFF87F31188BFF36F8F03B0F0BD33
:10B9E000E36804F1100043F00803E360019B324672
:10B9F000A36203492B4600F0A9FF0120EAE700BF3C
:10BA0000959A021001460148FFF7CEBF60600030F2
:10BA100038B5EFF31185202383F31288BFF36F8FBE
:10BA20000468A04213D094B120460EF0B3F804F19C
:10BA300018000EF06CFB00232046C4F8B0300EF066
:10BA400026F92946044800F053FB002038BD85F351
:10BA50001188BFF36F8FF8E7389000302DE9F0417F
:10BA60000546EFF31187202383F31288BFF36F8F0E
:10BA70000468A04222D00CB3002620460EF08AF8BB
:10BA800004F118000EF043FBB0462046C4F8B08025
:10BA90000EF0FDF82C680136A54208D03CB12046D6
:10BAA0000EF078F804F118000EF031FBEDE739469E
:10BAB000054800F01DFB3046BDE8F08187F3118892
:10BAC000BFF36F8F0026F6E7389000302DE9F34181
:10BAD00005460C4617461E46EFF31188202383F3D4
:10BAE0001288BFF36F8F0846FFF77AFC2A4641465B
:10BAF000CDE90076074800F07FFA05464FF0FF32A7
:10BB00004FF0FF332046FFF7F3FB284602B0BDE8B5
:10BB1000F08100BF38900030EFF305833BB9054B4F
:10BB20009B68D8897F288CBF0020012070470020A7
:10BB3000704700BF708E003010B5044608B9054B41
:10BB40009C681F2204F178000EF0F0FD002084F8BC
:10BB5000970010BD708E00302DE9F84F0C46A1B350
:10BB60009AB390F80D90DFF868800846571EB9F137
:10BB7000000F25D00025DFF85CA0B8F804B019EA62
:10BB80000B0F19D0B8F806307E1B9E4228BF1E4608
:10BB9000D8F8001032460EF0D5FC2E4439EA0B09D5
:10BBA00004EB06000CD0BD1B012D28BF012551461A
:10BBB0002A460EF0C7FC354408F108086019DCE796
:10BBC000002303702046BDE8F88F0348FBE700BF61
:10BBD00018D8021012330310F82203100B4B9A6886
:10BBE000537B13F001030FD1D2F898201168B1F103
:10BBF000F03F09D04FF0F031116083F31188BFF3AB
:10BC00006F8F0223184602DF704700BF708E00302E
:10BC10002DE9F04F984685B000F15803C0E916337E
:10BC2000129B0E4603730423002743730732119BB4
:10BC300022F0070A0446524601EB0A05C0E90677DE
:10BC400087608373C773AA213046DDF838B0DDF80A
:10BC50004C900EF09EFC4FF0F033294633602046A6
:10BC6000ECF7FAF9109B073020F00700C4F8A000A9
:10BC7000C4E9266A02930F9B2D1ACDE900B32A4628
:10BC8000434631462046EDF70FF90F9BC4E9198B67
:10BC9000E366109B67652367EFF31183202282F32D
:10BCA0001288BFF36F8F104E326A3462626783F37B
:10BCB0001188BFF36F8FB9F1000F11D01F224946D1
:10BCC00004F178000EF032FD84F89770B3680BB180
:10BCD000D3F8A4302846C4F8A43005B0BDE8F08FEE
:10BCE00084F87890F2E700BF708E0030F0B5002540
:10BCF00087B00595109DDDE9127604950F9D0446E9
:10BD000003950E9D02950D9D01950C9D0095FFF7E5
:10BD10007FFFB6F1FF3F08BFB7F1FF3F05D056EAFE
:10BD2000070305D1204600F03BFB204607B0F0BDDD
:10BD30003A463346024904F1180000F007FEF4E7E2
:10BD4000099D021040F201138381002310B50446BF
:10BD5000C0E9263301F072F8014B9C6010BD00BFB2
:10BD6000708E003070B590F90D20437B002A36DBD1
:10BD7000D90634D11B4C63F07F032246437352F83B
:10BD8000183FE169934207D1C0E900210860E061F2
:10BD900011E09942F8D01B68002BF5D090F90E50B5
:10BDA00093F90E60B542F4D0AE42F2DD5968C0E9B5
:10BDB000003108605860A569954200D005B9E56872
:10BDC000A3685A7BD20604D1DA897F2A01D9AA69ED
:10BDD00032B1AB4202D0284600F0A2FC656170BDD2
:10BDE0006361FCE7708E003038B590F90D20014694
:10BDF000002A437B04DA03F07F0343730DF00DFF49
:10BE00000D4D2A4652F8184FAB68944200D004B941
:10BE1000EC688B4207D05A7BD20604D1DA897F2A9C
:10BE200001D9A2692AB1A34202D0204600F078FCD1
:10BE300023466B6138BD00BF708E003010B50446DC
:10BE4000FFF7CCFE6FF00A01094A9368C3F8B010FF
:10BE50000849C3F8AC404B6843F080534B60002363
:10BE600083F31188BFF36F8F9368D3F8B00010BDD0
:10BE7000708E003000ED00E070B590F90D200146A5
:10BE8000002A437B04DA03F07F0343730DF0C5FE01
:10BE90001C4C4B7B224663F07F034B7352F8183FD8
:10BEA000E069934207D1C1E900200160E16111E03E
:10BEB0009842F8D01B68002BF5D091F90E5093F9F9
:10BEC0000E60B542F4D0AE42F2DD5868C1E90030F0
:10BED00001605960A569A368954200D005B9E5687D
:10BEE0008B4207D05A7BD20604D1DA897F2A01D946
:10BEF000AA692AB1AB4202D0284600F011FC2B46B9
:10BF0000636170BD708E0030F8B5394C0746A26889
:10BF1000824224D1EFF305830BBBEFF3118620237C
:10BF200083F31288BFF36F8F537B03F07F0343F0DB
:10BF3000100353730DF071FE234653F8185F9D42B2
:10BF400000D005B9E568A3689D4202D0284600F0FC
:10BF5000E7FB30466561BDE8F840FFF76FBFEFF3E0
:10BF60001185202383F31288BFF36F8F7B7BD90663
:10BF700004D585F31188BFF36F8FF8BDD90943F05D
:10BF8000100219D17A73A6691A4B9E4200D006B9E5
:10BF9000E668A368B34202D0304600F0C1FBA36854
:10BFA00066619F42E5D1EFF30583002BE1D13A7B37
:10BFB000D2070AD42846CEE703F07F0343F01003EC
:10BFC00038467B730DF029FEDDE785F31188BFF35A
:10BFD0006F8F83F31188BFF36F8F0423184602DF3E
:10BFE000EFF31180202383F31288BFF36F8FB2E742
:10BFF000708E0030888E0030F8B5124B0C46DDE9AB
:10C00000067611469868104A1060EFF311822022DC
:10C0100082F31288BFF36F8F9D6828460DF00FFEE4
:10C02000B6F1FF3F08BFB7F1FF3F06D03A463346AF
:10C03000064905F1180000F089FC2046BDE8F840EB
:10C04000FFF7FCBE708E00309C8E0030099D021000
:10C05000F8B50446EFF31187202383F31288BFF36A
:10C060006F8F437B49B203F01F02002A0CBF0126E9
:10C07000002639D103F07F031C4D43730DF0CDFD35
:10C080002A46437B817363F07F03437352F8183F62
:10C09000934227D1E869C4E900200460EC610FE015
:10C0A0008342F8D01B68002BF5D093F90EC0614590
:10C0B000F6D08C45F4DD5968C4E900310C605C6051
:10C0C000AC69944200D004B9EC68AB689C4202D0E1
:10C0D000204600F025FB6C6187F31188BFF36F8F5A
:10C0E0003046F8BDE869DEE78173F5E7708E003011
:10C0F00049B9EFF3058030B9054B5A699B689A42FC
:10C1000001D0FFF79BBE81F31188BFF36F8F70479B
:10C11000708E003010B5EFF31184202282F3128864
:10C12000BFF36F8F427BD10604D484F31188BFF331
:10C130006F8F10BD22F010024273FFF713FE2146ED
:10C14000BDE810400148FFF7D3BF00BF3990003071
:10C15000034648B9EFF3058232B9064A516992683D
:10C16000914201D0FFF76ABE83F31188BFF36F8F4E
:10C17000704700BF708E0030EFF31181202383F3EE
:10C180001288BFF36F8F054B9A68D37B013BD37343
:10C1900081F31188BFF36F8F704700BF708E00303E
:10C1A00070B5EFF31186202383F31288BFF36F8FEE
:10C1B000144DAB68DA7B0132DA732A4652F8184F15
:10C1C000944200D004B9EC685A7BD20604D1DA89D3
:10C1D0007F2A01D9A2692AB1A34202D0204600F0E9
:10C1E0009FFA23466B6186F31188BFF36F8FEFF3DD
:10C1F0001180202383F31288BFF36F8FBDE8704056
:10C20000FFF7A6BF708E0030024B03F11802C3E99E
:10C2100006227047708E003008B5FFF719FF70B125
:10C22000074B9B68DB7B53B9EFF31180202383F32B
:10C230001288BFF36F8FBDE80840FFF789BF08BDC4
:10C24000708E003070B5EFF31186202383F31288CF
:10C25000BFF36F8F0E4D2B4653F8184F9C4200D002
:10C2600004B9EC68AB685A7BD20604D1DA897F2A1C
:10C2700001D9A2692AB1A34202D0204600F050FAA7
:10C2800023466B613146BDE870400248FFF730BF7E
:10C29000708E00303990003070B5EFF31186202396
:10C2A00083F31288BFF36F8F1B4CA168E0690B68A2
:10C2B000814214BF1A46002249680B605960A36886
:10C2C000E1692AB9154AC3E900210B60E3610CE07A
:10C2D00093F90E0092F90E50A84218D0854216DD4F
:10C2E0005168C3E900210B605360A5690B4B9D4267
:10C2F00000D005B9E568A3689D4202D0284600F049
:10C300000FFA65613046BDE87040FFF797BD8A427D
:10C31000D8D01268D5E700BF708E0030888E00300C
:10C3200051EA00032DE9F04105460E4604D1FFF71E
:10C33000B3FF0020BDE8F081431C71F1FF3324DB23
:10C340000DF022FF4419EFF31188202383F31288A4
:10C35000BFF36F8F0F4F104BB8681860FFF744FDA5
:10C36000B8680E492A463346183000F0EFFABA682A
:10C370004046537B43F004035373FFF75FFD0DF01A
:10C3800003FF201A20EAE070D4E76FF00104241ABA
:10C39000D9E700BF708E00309C8E0030099D0210DE
:10C3A00038B50446EFF31185202383F31288BFF3D9
:10C3B0006F8F437B5B070FD518300DF0A8FE637BB2
:10C3C000204623F004036373FFF7CCFC2946BDE845
:10C3D00038400448FFF78CBE85F31188BFF36F8F98
:10C3E00038BD00BF39900030014B9868704700BFDE
:10C3F000708E00302DE9F8430446077BEFF311857A
:10C40000202383F31288BFF36F8F437B190705D571
:10C4100085F31188BFF36F8FBDE8F883D90943F026
:10C4200008025DD14273A36813B120460DF0FDFBF5
:10C4300004F118000DF06BFEA66D04F15808B0452C
:10C4400011D04FF0000976B130460DF0EEFB06F149
:10C4500018000DF05CFE3046C6F8B090FFF782FC85
:10C46000A66DB045EFD1DFF8C080D8F808309C4207
:10C470003ED1EFF30589B9F1000918BF4FF001096A
:10C48000D8F81860294A964200D00EB9D8F80C6046
:10C49000B34202D0304600F043F92046C8F8146099
:10C4A00000F096F9B9F1000F02D02148FFF74AFCDD
:10C4B000D8F808309C4231D1EFF3058373BB227B5F
:10C4C000D20718D42846FFF7B9FCFB07A4D50023F0
:10C4D00083F31188BFF36F8F0423184602DF9BE7B5
:10C4E00003F07F0343F0080343730DF096FB9AE7D4
:10C4F0004FF00009C4E785F31188BFF36F8F83F312
:10C500001188BFF36F8F0423184602DFEFF3118009
:10C51000202383F31288BFF36F8FD4E785F311884C
:10C52000BFF36F8FD1E700BF708E0030888E003070
:10C5300038610030F8B5014615461C46EFF3118608
:10C54000202383F31288BFF36F8F437B1B0720D414
:10C5500054EA020323D0154FB868884222D08A6873
:10C5600000F158039A421DD058310DF068FBB4F128
:10C57000FF3F08BFB5F1FF3F06D0B8682A46234603
:10C580000B49183000F0E2F93046BDE8F840FFF7FB
:10C5900055BC002086F31188BFF36F8FF8BD6FF094
:10C5A0000F00F7E76FF02C00F4E700BF708E00304B
:10C5B000099D0210D3B5DDE90667089CCDE9006747
:10C5C000FFF71AFD1CB1034B9B681B69236002B087
:10C5D000D0BD00BF708E00302DE9F04700248CB034
:10C5E000CDE9091205469046DDE9142304A88946E1
:10C5F0000B940DF0CFFDDDE90467EFF311832022EA
:10C6000082F31288BFF36F8F089395F82C308DF862
:10C610001F409A074AD405F1040A2A8A2B899B1ADB
:10C620006A699BB29A4205D105F124000DF036FCEF
:10C630008DF81F000B995046A8EB0102494403F006
:10C64000EEFC0B9BC41844450B940CD144469DF85A
:10C650001F3073B3089905F11800FFF749FD204614
:10C660000CB0BDE8F08795F82C30DB0704D4002C23
:10C6700008BF6FF01F04EAE7114B09AA9B6829461F
:10C680001A610DF11F03CDE90067029308AA05F1B5
:10C690001C000DF0CAFB04460028BED010F10B0FA1
:10C6A000D5D10B9B002B18BF1C46D0E76FF08B0435
:10C6B000CDE7089B83F31188BFF36F8FCFE700BFEF
:10C6C000708E00300122044BC01A044BC010584336
:10C6D000034B1A54704700BFF0610030ABAAAAAAFE
:10C6E0003A900030C3897F2B12D80A4B1B6863B184
:10C6F000094B90F90E201B689A4209DB437BDB064D
:10C7000006D1064BC31A18BF012303F0010070477E
:10C710000023FAE7A48E0030A08E0030F05E0030D7
:10C7200070B50E4B0E4C1E7C054606EB460304EB23
:10C73000C30420460DF0EBFC00220A4B28469A5514
:10C74000FFF7D0FF48B1084B2046BDE870401A689B
:10C750000649013AD31700F0F9B870BD708E003069
:10C76000F06100303A900030A48E0030C5C6011050
:10C7700038B5EFF31185202383F31288BFF36F8F51
:10C78000104B114A9C681068A04206D1FFF7C8FF01
:10C7900085F31188BFF36F8F38BD00211B7C1160BA
:10C7A0000A4AD35C002BF3D02046FFF79BFF0028FA
:10C7B000EED0637BDB0602D12046FFF75DFB20460F
:10C7C000E4E700BF708E00309C8E00303A9000305D
:10C7D000EFF31181202383F31288BFF36F8F0A4A8E
:10C7E000136A834207D15B6F136281F31188BFF331
:10C7F0006F8F70471346002BF7D05A6F8242F9D1E2
:10C80000426F5A67F1E700BF708E0030F8B50546F9
:10C810000E46EFF31187202383F31288BFF36F8F47
:10C82000064B1C6A24B987F31188BFF36F8FF8BDDC
:10C8300020463146A847646FF4E700BF708E003091
:10C84000F8B506460F46EFF31183202282F31288D3
:10C85000BFF36F8F15460B490C6A24B983F3118817
:10C86000BFF36F8FF8BD83F31188BFF36F8F394625
:10C870002046B047EFF3118385F31288BFF36F8F23
:10C88000646FEAE7708E0030074808B5074A084928
:10C89000121A0CF07AFDBDE808400648064A07491E
:10C8A000121A0CF072BD00BF70000030840F00300F
:10C8B000D8330310000000307000003068330310DC
:10C8C000024B1868984208BF00207047D409003016
:10C8D000034B1B680BB9FBF737BF0020704700BF45
:10C8E000A88E003030B570B10B4B5B6898420AD00F
:10C8F000036843B1D3E90421D0E90445121941EB9F
:10C900000501C3E90421D0E9003213605A60002315
:10C91000C0E9003330BD00BFD409003070B5024615
:10C92000FFF7CEFF0346002007494D68014603B9D3
:10C9300070BDD3E90446001941EB06019342F7D0DC
:10C940009D42F5D01B68F2E7D4090030B3F1FF3FF8
:10C9500008BFB2F1FF3FF8B504461D4617465AD04E
:10C960008160EFF31186202383F31288BFF36F8F6A
:10C97000013275F1FF3316DBFFF7AAFF7B1C45F18F
:10C9800000051B1845EBE070C4E90430FFF798FF81
:10C99000264F84467868BCF1000F18D1C4E90070B6
:10C9A00004607C6027E06FF001032149D1E9002099
:10C9B0009B1A4FF0FF3262EB0000DB1B60EB0500BF
:10C9C000012B70F10002BCBF01230020DCE7DCE991
:10C9D0000425D4E90431934271EB050E1CDAD21A16
:10C9E000DCF8043065EB0105CCE90425C4E900C39B
:10C9F0001C60CCF80440FFF763FF844207D10D4B65
:10CA00001C6824B90DF06AFB2146FBF71FFE86F374
:10CA10001188BFF36F8FF8BD9B1A61EB0501844548
:10CA2000C4E90431BAD0DCF800C0B4E7D40900305E
:10CA300008620030A88E00302DE9F047EFF3118531
:10CA4000202383F31288BFF36F8FDFF8A0900026B6
:10CA5000C9F800000027FFF733FFDFF89480D9F80A
:10CA60000030D8E900ECD91750B1D0E90442A34214
:10CA700071EB020A1ADAE41A62EB0102C0E904421D
:10CA8000002413EB0E034CEB0101C8E90031C9F897
:10CA900000400DF023FB2146FBF7D8FD85F31188FC
:10CAA000BFF36F8FBDE8F047FFF762BE14EB0E02D5
:10CAB0004CEBE473C0E90467C8E90023FFF712FFF9
:10CAC00085F31188BFF36F8F83689847EFF3118563
:10CAD000202383F31288BFF36F8FD9F800301B1B1C
:10CAE000C9F80030FFF7ECFEB9E700BFA88E0030B0
:10CAF0000862003010B5EFF31184202383F312880D
:10CB0000BFF36F8FFFF7E4FE0346054AD2E9000149
:10CB1000181841EBE37184F31188BFF36F8F10BDD8
:10CB200008620030F8B50446EFF31187202383F341
:10CB30001288BFF36F8F026822B187F31188BFF3A9
:10CB40006F8FF8BDD0E90A36581C46F10001022863
:10CB500071F1000127D3012B76F10001BCBF012345
:10CB600016465D1E46F1FF360DF012FB013041F115
:10CB70000001401946EB0101012871F100013ADB87
:10CB80000DF006FB013041F100016FF00102401988
:10CB900046EB01034FF0FF31121A61EB030320460D
:10CBA0001749FFF7D3FE236B01332363236A6BB16D
:10CBB00087F31188BFF36F8F2046236A9847EFF3FE
:10CBC0001187202383F31288BFF36F8F54F8185F07
:10CBD000A542B2D0002DB0D028460DF067F8002352
:10CBE000C5F8B03087F31188BFF36F8F2846BDE8D2
:10CBF000F8400DF04CB86FF001024FF0FF33CEE774
:10CC000025CB01102DE9F04105461C4690461F46F4
:10CC1000EFF31186202383F31288BFF36F8FB4F1F3
:10CC2000FF3F08BFB2F1FF3F05D186F31188BFF384
:10CC30006F8FBDE8F081531C74F1FF3309DB012ACB
:10CC400074F10003BCBF0122002412F1FF3844F14B
:10CC5000FF3728460DF05BFADDE906010023C5E940
:10CC60000A012B6342463B4628460249FFF76EFE07
:10CC7000DBE700BF25CB011037B50446EFF3118188
:10CC8000202585F31288BFF36F8F006B98B9236856
:10CC90008BB14FF0FF334FF0FF320B48CDE900234B
:10CCA00004F11802FFF7A8F9EFF3118185F3128858
:10CCB000BFF36F8F206B0023236381F31188BFF3D1
:10CCC0006F8F03B030BD00BF3B9000301423F0B530
:10CCD0000024202703FB0100134E01B9F0BD10F81A
:10CCE000073CA0F1140C03F03F03102B40F80C4C50
:10CCF0000CD826FA03F3DB0708D550F8143C2BB107
:10CD000050F8105C2B605D6040E9054482F31188A7
:10CD1000BFF36F8FEFF3118287F31288BFF36F8F2A
:10CD200060460139D9E700BF160101002DE9F74F30
:10CD30001D46274B16469F68012387F8603087F809
:10CD4000613052EA05030CBF0123002307F16002A2
:10CD500080460DF0C6FA8146EFF3118B4FF0200AA2
:10CD60008AF31288BFF36F8F97F860404CB9014681
:10CD70005A464046FFF7AAFF8BF31188BFF36F8F27
:10CD80000BE0002387F8603056EA050309D18BF3E6
:10CD90001188BFF36F8F6FF00A04204603B0BDE81F
:10CDA000F08F5946CDE900650A4A0B48FFF724F990
:10CDB0000446EFF311858AF31288BFF36F8F2A467A
:10CDC00049464046FFF782FF85F31188D6E700BF4A
:10CDD000708E0030DC0900303C90003038B50346DE
:10CDE000EFF31185202282F31288BFF36F8FC160A9
:10CDF000012181600068834206D185F31188BFF369
:10CE00006F8F0024204638BDD0E9003213605A608D
:10CE10000023C0E900330DF0E6FA29460446024833
:10CE2000FFF766F9EEE700BF3C9000300A46014686
:10CE300001480DF056BB00BF380B0030014BC0F865
:10CE4000A4307047380B003038B504460D460CF05E
:10CE5000B2FE28B9064B9B68D3F8A4300BB938BD95
:10CE6000044B2A4621461846BDE838400DF039BB30
:10CE7000708E0030380B003070B50A4C0DF0A4FEF7
:10CE8000094A2358051909496E685A4301FB0622CD
:10CE9000A3FB0131013342EB010223506A6022F00F
:10CEA000004070BD080000002DF451582D7F954CB6
:10CEB000054B014600B50DF087FEC218195000233E
:10CEC00053605DF804FB00BF0800000008B5054B87
:10CED000044613B10021AFF3008001F089FE204623
:10CEE000ECF760F800000000F8B54D4A0C4600234E
:10CEF0004C4DD0E90001E4F713FA002A4FF46161C8
:10CF000000F52F20B7BF02F5A83200F66C2000F61E
:10CF10006B2002F5C072B2FBF1F301FB13223C213E
:10CF2000A360B2FBF1F301FB13226360C31C226018
:10CF3000072293FBF2F2C2EBC2029B1A52D50733CF
:10CF4000A361A0F50E33A3F52C7393FBF5F5364BD7
:10CF500048F6AC6140F2B45740F26D1603FB050091
:10CF60004FF0050CB0FBF1F1B0FBF7F30144C91A27
:10CF70002E4BB0FBF3F3C91A48F69463B1FBF3F3FD
:10CF8000B1FBF6F2B1FBF7F103445B1A992106FB02
:10CF9000123303EB83005E1C0230B0FBF1F77943E0
:10CFA0000231B1FBFCF1761A40F2F95188424FF49C
:10CFB000C8708CBF6FF00901022100FB05253944C0
:10CFC000012998BF0135B3F5997F11D3A3F5997362
:10CFD000A5F26C75E36100232046E6602362C4E994
:10CFE0000415F8BD0028A361ABDB90FBF5F5AEE7B7
:10CFF000970710D14FF0640C92FBFCF70CFB17273E
:10D000005FB992FBF0F700FB1722B2FA82F25209E5
:10D010003B331344DCE70022FAE70122F8E700BFC4
:10D0200080510100B13A02004FC5FDFFB03A020045
:10D030000FB407B504AA064B52F8041B18680192F6
:10D0400000F0B2FB03B05DF804EB04B0704700BF22
:10D0500038D00210014B19680DF099BD38D002107C
:10D06000F8B50E4B06461D68AB789B0712D56F6866
:10D0700016F8014B29462CB90A20B847002805DBD1
:10D08000204609E02046B8470028F1DAAB7843F0A3
:10D090000403AB704FF0FF30F8BD00BF38D0021072
:10D0A0000CB430B589B005460C461C22002101A8FD
:10D0B0000DF06FFA022305958DF806300D4B0293A3
:10D0C00023462CB1B4F1004F28BF4FF00043013B81
:10D0D0001D440DAA0C9901A80695009200F064FB6E
:10D0E00014B1059B00221A7009B0BDE8304002B0AF
:10D0F000704700BF7FAB02100EB470B589B0044614
:10D100001C2200210DAD01A855F8046B0DF041FA69
:10D11000022301A82A4631468DF80630094B0594B2
:10D12000029304F100430095013B069300F03CFBA1
:10D130000028A4BF0023235409B0BDE8704003B009
:10D14000704700BF7FAB02102DE9F84F00228046E8
:10D15000894618F80230511C202B00F09E81A3F163
:10D160000900042840F299812B2B0D4633D02D2B3A
:10D1700036D01846042440F02003692B32D06E2BA1
:10D1800060D000224FF00A0A964694461346114694
:10D1900014F400666BD040F02007A7F1610BBBF1DF
:10D1A000050F64D8573FFFB2BA4540F3F28044F010
:10D1B0008006E005B6B268D5F40506F4007079D5AE
:10D1C000002F18BF4CF0010C00B9013218F805000F
:10D1D00034460135DCE7042418F80100951CCAE741
:10D1E0004424F9E7AE4B0026AE4F13F8011B49B1BA
:10D1F00018F80520681C42F020028A4226D0AA4A6C
:10D20000934230D132463B4630463946E3F79EFCE6
:10D2100048B918F80530282B05D1013518F8053024
:10D220000135292B14D1630602D507F100431F46AF
:10D23000B9F1000F02D04544C9F8005030463946D4
:10D24000BDE8F88F994B0026994FCEE70546CCE70D
:10D2500023F02002413A192AE0D9A3F13002092A29
:10D26000DCD95F2BDAD0002600270025E0E7A0F10B
:10D270003007FFB257452DDA44F0800614F4807071
:10D28000B6B299D1BAF10A0F06D0BEF10F0F93DDF5
:10D2900044F4C076B6B28FE7BEF1100F8CDD44F4D3
:10D2A000C076042FB6B287D9052F4FF0020C08BF05
:10D2B000074681E700B1013AAAFB0334FB180AFBD9
:10D2C000014444F1000153EA01003FF47FAF0EF145
:10D2D000010E7BE7FE2F5CD1A70556D52006C2D5EF
:10D2E000002E40F0968053EA010005F1FF3500F072
:10D2F000D180200540F1B2803632B1F5800FC0F008
:10D3000091806C4FB1F5000F80F09180BA42C0F26D
:10D310008E804CEA0303084603F00306032E04D074
:10D3200003F00606062E40F08B80043341F1000026
:10D33000B0F5000FC0F084800132B2F5806F80F24A
:10D34000A68000234FF4801102F2FF3221F48011F5
:10D3500041EA025718461E46394601F01DFC0138C5
:10D36000022804D8544B22220DF02EFC1A503046CD
:10D37000394601F011FC013802283FF654AF4E4BFC
:10D3800022220DF021FC1A504DE744F40076B6B28B
:10D390001CE740F0200004F08007782809D147B14D
:10D3A00053EA010A05D144F400664FF0100AB6B200
:10D3B0000CE7002F3FF457AF6EB392007026864201
:10D3C00091D118F805006E1C2B2804D02D2824D1EB
:10D3D00044F48064A4B218F80600A0F13006092EC7
:10D3E00081D8AE1C354640F2D34A00264FF00A0BD6
:10D3F0005645DCBF30380BFB060618F80500013532
:10D40000A0F13007092FF3D9670548BF76423244AF
:10D4100069E72E20D1E76526D1E7A0F13007092F73
:10D42000E0D960E7DB1802F1FF32494165E75E08A9
:10D4300003F00103013246EAC1764908334361E74C
:10D44000B2F5806F23DA9B08B0F5800F4FEA9001A8
:10D4500043EA8073BFF478AF002279E70EEB020055
:10D4600010F5A27F10DDB0F59B7F10DA03F001000C
:10D4700040EA0C0001308008181841F1000100F06A
:10D4800067FE06460F4672E7002600276FE7002674
:10D49000044F6CE700260027C5E60A4659E600BFA0
:10D4A000523303100000F07F553303104F33031045
:10D4B0000000F87F02FCFFFF14000000242A2DE981
:10D4C000F041044601D8012A4CD1364B16220DF00A
:10D4D0007BFB1A5001B10C6000273846BDE8F08193
:10D4E00035462E4616F8010B2028F9D0A0F1090781
:10D4F0000346042FF4D92B2836D02D2837D14FF0EE
:10D50000010CAE1C6B78302B38D1307840F0200005
:10D5100078282FD132F010002CD1737834461022A5
:10D5200002360CF1004000270138B0FBF2FE02FB8E
:10D530001E08392B82BF03F1FF3343F02003263B43
:10D54000303B9A421ED9774502DC03D1984501D27F
:10D550004CF0020C354607FB0237344615F8013B08
:10D560002E46E6E70546BCE74FF0000CC9E74FF052
:10D57000000CC8E7002A08BF0822D2E7002A08BF2B
:10D580000A22CEE701B10C601CF0010F18BF7F42E8
:10D590001CF0020FA1D0034B222207460DF014FB12
:10D5A0001A509AE714000000242AF0B5044601D866
:10D5B000012A40D12E4B16220DF006FB1A5001B164
:10D5C0000C600020F0BD2F463D4615F8010B2028C9
:10D5D000F9D0A0F109060346042EF4D92B282CD04B
:10D5E0002D282CD10126BD1C7B78302B2DD12878FD
:10D5F00040F02000782824D132F0100021D16B783F
:10D600002C46102202350020392B82BF03F1FF3354
:10D6100043F02003263B303B9A421AD9A0FB020478
:10D620000CB9C01801D346F002062F462C4617F855
:10D63000013B3D46E8E70746C6E70026D3E700265C
:10D64000D3E7002A08BF0822DDE7002A08BF0A2224
:10D65000D9E701B10C60F20748BF4042B307B1D52A
:10D66000034B22220DF0B0FA1A504FF0FF30A9E719
:10D67000140000002DE9F04101260746B24201DC0A
:10D68000BDE8F0813B461F4613F8014B002CF7D054
:10D69000252CF8D11C780237252CF3D00023DFF895
:10D6A00004819C461D461F2D18D8A4F1200EBEF102
:10D6B000100F09D9A4F1300EBEF1090F1ED80A24AB
:10D6C000202504FB03E304E028FA0EFE1EF0010F00
:10D6D00006D017F8014B002CE5D128E07F2D1CD88F
:10D6E000A4F1300EBEF1090FE9D9242C10D1BCF100
:10D6F000000F46D0B34246D00023EAE724F0040EE0
:10D70000BEF12A0FF8D06C2C09D145F08005E0E776
:10D7100024F0040EBEF12A0FEED06C2C22D06C2C1B
:10D720001BD8682C23D06A2C28D04C2C26D0BCF1D6
:10D73000000FA5D0B445A1D144F020070B68A7F194
:10D74000650CBCF1020F01D9612F1ED1073323F004
:10D750000703083301360B608FE7742CB9D07A2C9D
:10D76000B7D0E4E72C0648BF45F40075CDE7EC05DB
:10D7700048BF45F4007545F48075AAE745F4207567
:10D78000A7E79C46B8E76324D6E7692C02D007D800
:10D79000632C03D02F0601D5AC05D7D40433D9E7C9
:10D7A000732CF6E7892801002DE9F04F436895B006
:10D7B0008046039383789807CDE9081216D50B4667
:10D7C00000250D921F789FB1252F15D001330793A7
:10D7D00041463846039B01359847002880F22C8447
:10D7E00098F8023043F0040388F802304FF0FF3518
:10D7F000284615B0BDE8F08F5F789A1C252F079258
:10D80000E6D000242646A246A346BBF11F0F32D81D
:10D81000A7F12003102B0AD8DFE803F02409092A16
:10D820000909091B09090922092709091900A7F192
:10D830003003092B2DD92A2F39D154B90D9B1BF058
:10D84000400F53F8042B0D9329D0164601E04BF0FE
:10D85000010B079B13F8017B0793002FD5D15BE0E9
:10D860004BF0020B4BF0040BF3E74BF0080BF0E727
:10D870004BF0100BEDE7BBF17F0F3FD8A7F1300362
:10D88000092BD8D81BF0400F03D00A2202FB063622
:10D89000DFE70A2202FB0A3A4BF0200BD9E7B2F18C
:10D8A000000AF9DACAF1000A4BF0280BD1E72E2F53
:10D8B00005D11BF0400F9BD14BF0400BC9E7242F43
:10D8C0001CD1002C00F03F81099B1BF0400F0D93F1
:10D8D0000AD152460DA90898FFF7CCFE0D9B1A1DE0
:10D8E000D3F800A00D92B4E732460DA90898FFF7CF
:10D8F000C1FE0D9B1A1D1E680D92AAE76C2F00F049
:10D900000F8100F20681682F00F012816A2F00F06B
:10D9100017814C2F00F0148134B1099B22460DA9C8
:10D9200008980D93FFF7A6FE002E47F02009B8BF18
:10D930002BF0400BA9F16503BCBF00261FFA8BFB3F
:10D94000022B40F20581B9F1610F40F05B82FF4389
:10D950001BF0400F4BF4C05407F0200308BF4FF0FA
:10D96000FF3606930D9B073323F0070303F10802EC
:10D97000D3E90001069B0D920EAA009333460DF0E9
:10D9800068F80130C3B2B342049301DB049B5E1E0E
:10D9900001230E9FA3464FF07009059307F1090379
:10D9A000122B0DD907F16303C62B40F20C8107F24D
:10D9B000E73340F2CE72934294BF032304230593CE
:10D9C0009DF83C2002F00C0312F0010240F0168199
:10D9D0001BF0020F40F00F811BF0040400F0F580F3
:10D9E000002B40F00E8120231BF4405F20D1049ACD
:10D9F000002E02F1500208BF01266A44133A04992E
:10DA000021B112F8011D302900F030811BF0100FF8
:10DA1000049A18BF3246391DC0F22D81B74280F2F8
:10DA20002A81BA424BF4005B40F327817E1C961B8F
:10DA30001BF400520A9200F0228127EAE7740134B5
:10DA400003B10134002E00F02281721C1444A2455F
:10DA5000CCBFAAEB040400241BF0090F04D12C4412
:10DA6000A54240F0198100243BB118464146039B72
:10DA7000013598470028FFF6B3AE1BF4006F12D0B3
:10DA800041463020039B98470028FFF6A9AE069B2D
:10DA900041460235C3F17800039B00F0F800984737
:10DAA0000028FFF69DAE1BF0080F05D12C44AC42B8
:10DAB00040F0FE80254600240A9B002B00F01781D1
:10DAC00027EAE77A7642A7EB0A07049B0AF1FF3AB6
:10DAD00005F101094146BB4289BF0EAB3020FB185E
:10DAE00058795645039B00F3EC809847002807F1CE
:10DAF0000107FFF675AEBAF1FF3F08D141462E206F
:10DB0000039B98470028FFF66BAE05F102094D46CE
:10DB1000DBE7742F3FF49DAE7A2F3FF49AAEFBE61D
:10DB20001BF0800F18BF4BF4007B4BF0800B90E68E
:10DB30001BF4807F18BF4BF4007B4BF4807B88E69E
:10DB40004BF4207B85E626465446B346B24680E633
:10DB5000FF431BF0400F07F0200308BF0626B9F172
:10DB6000650F06930D9B03F1070323F0070303F1F1
:10DB70000802D3E900010D9213D1731C00224BF46B
:10DB8000805BDBB21446112BCDE9002428BF1123A2
:10DB90000EAA00F0CFFB0E9FC3B20493022305939D
:10DBA000FCE6B9F1660F05D14BF4005B3446012267
:10DBB0001123E8E7F3B200224FF06509012B144668
:10DBC00038BF0123DFE70223F9E6002B3FF40CAF57
:10DBD000BAF1030F39DC9DF83C30A14E13F0080F69
:10DBE000A04B08BF1E463746B94617F8010BA0BB2D
:10DBF000AE1BB14478E023BB2B23F5E61BBB2D23E2
:10DC0000F2E62022BAF1040F12DD1BF0080FAAF190
:10DC100004040ED12C4441462020039B013504927C
:10DC200098470028FFF6DCADA542049AF3D192B1E3
:10DC3000002441461046039B013598470028CADA64
:10DC4000CEE52B22DEE72D22DCE71BF0080FAAF140
:10DC50000304C0D1DEE71446BDE7069B4146C01A67
:10DC6000039BC0B298470028BEDAB9E50499013990
:10DC7000C9B20491C3E6561EDAE60026D8E61BF4C4
:10DC8000006F059A0CBF032405241444D8E61BF04A
:10DC9000100F18BF0134DAE60B934146039B202096
:10DCA0009847002805F101050B9BBFF6D9AE97E513
:10DCB00041463020039B013598470028BFF6F7AE58
:10DCC0008EE598470028FFF68BAD1BF0100F0BD0A8
:10DCD000BAF1FF3F08D105F1020941462E20039B0E
:10DCE00098470028FFF67CAD4D464C442BE2414658
:10DCF0009DF83D00039B98470028FFF671AD002E6C
:10DD000065DD41462E20039B98470028FFF668AD4D
:10DD10004FF0010A049B4146D3469A45B7BF0EAB6C
:10DD2000302053445879039B98470028FFF658AD9C
:10DD30000AF1010A5645EDDA02355D44069B41467B
:10DD4000A9EB0300039BC0B298470028FFF648AD3B
:10DD5000002F4146039BB6BF2D202B207F429847C2
:10DD60000028FFF63DAD059B042B3DD14FF47A7999
:10DD70004146039B0335B7FBF9F606F13000C0B20C
:10DD800098470028FFF62CAD09FB16774FF0640981
:10DD90004146039B0135B7FBF9F606F13000C0B2EE
:10DDA00098470028FFF61CAD09FB16774FF00A09CB
:10DDB0004146039B0135B7FBF9F606F13000C0B2CE
:10DDC00098470028FFF60CAD09FB167713E01BF00F
:10DDD000100F01D10135B1E741462E20039B0235DA
:10DDE00098470028AADAFBE4059B0235032BCDD027
:10DDF000059B012BDAD107F1300005F101094146FD
:10DE0000C0B26CE7A7F16303122B00F2FE80DFE8DB
:10DE100013F013005600FC00FC00FC00FC00560050
:10DE2000FC00FC00FC00FC00FC001601F700FC00FC
:10DE3000FC002B00FC00B8000D9B01240EAF1A1D46
:10DE40001B680D928DF838301BF0080F2DD03E194D
:10DE5000B946B1452BD1EF1BB944AAEB040443E703
:10DE60005A3303107FE202100D9B1A1D0D921F689A
:10DE7000AB4B002F08BF1F461BF0400F384614BFA6
:10DE800031464FF0FF310CF061FC0446DCE74146BF
:10DE90002020039B98470028FFF6A2AC013EB44225
:10DEA000F5D35544B246AD1BD1E75646F7E7414698
:10DEB00019F8010B039B98470028CADA90E41BF07D
:10DEC000800F0D9B35D01BF4007F2DD0073323F03E
:10DED000070303F10802D3E900010D922BF01009AA
:10DEE00000291FFA89F936DA404249F4806961EB6A
:10DEF00041010DF1380B0A235A460CF05FFC19F072
:10DF0000400FA0EB0B0B65D029F001025E4592B2E9
:10DF100040F3B280002F00F0A98019F010033446BE
:10DF2000914626D002345CE01A1D18680D92C11784
:10DF3000D4E71A1D1BF4807F19680D9201D10846A1
:10DF4000F5E71BF4007F19BF48B241F3C01108B2D6
:10DF500041F3C031C2E750EA0103CAD11BF0400FC0
:10DF6000C7D0002EC5D12BF0110B34461FFA8BF908
:10DF7000B34640F2064319EA03031CBF01340023F1
:10DF80002FE02BF0100B0A231FFA8BFB1BF08004F1
:10DF90000D9A57D01BF4007115BF0732101D22F0E7
:10DFA00007020D900FBF106802F108010D91D2E930
:10DFB000000150EA010252D12BF016091BF0400F6C
:10DFC0001FFA89F94FD0002E4DD12BF0170B1FFAF5
:10DFD0008BF9B34619F0100352D0002F4ED10BF13C
:10DFE000010419F0080F5ED119F0010F06D0A24507
:10DFF0006EDDAAEB040404EB0B06544622464DE00A
:10E000004BF0100B10237827C0E7B9F1780F04D13B
:10E01000C7F1780343F01003B8E741462520039B7E
:10E0200098470028FFF6DCAB41463846039B9847EB
:10E030000028FFF6D5AB0235079BFFF7C3BB0823CB
:10E040000027A3E7111D10680D911BF48071B0D05B
:10E050001BF400711ABFC0B2214680B2A9E72BF0B1
:10E06000060B1FFA8BF90DF1380B45E729F0110962
:10E0700034461FFA89F97CE79146ABE75C4651E7E5
:10E080005C4676E7CDE9042341462020039B984770
:10E090000028FFF6A5AB049A059B01329245F1DCFE
:10E0A0002C1BA5181446F3B141463020039B98471A
:10E0B0000028FFF695AB6FB90135A9462E44A6EBB3
:10E0C00009035B4521DC5D460EAE5DBBD944C4E669
:10E0D0005E4693E7023541463846039B9847002841
:10E0E000EBDAFFF77DBB40F2064319EA030FE4D0F9
:10E0F00019F0020F05F10105414614BF2B20202025
:10E1000019F4806F18BF2D20E7E741463020039BAC
:10E1100009F1010998470028D1DAFFF761BB00BF78
:10E120005E330310013D4146039B705D9847002814
:10E13000CBDAFFF755BB41462020039B01359847BA
:10E140000028FFF64DAB631B002BF4DC74E700BF27
:10E150002DE9FF47804616460F46002900F09E80B5
:10E16000B1FA81F4341B002E04F10A04C0F29E803F
:10E17000304600F03FFB0444304600F041FBA4EB86
:10E18000060905466946304600F062FBA9EB050327
:10E190006A4640467D3339460CF037FBA64282463C
:10E1A0000D467FDCB9F13F0F7EDC4FF0FF33A9F164
:10E1B0002000C9F1200103FA00F003FA09F223FA62
:10E1C00001F103FA09F3024328EA03030A4327EAA9
:10E1D000020213430CBF01200020002D00F08880B4
:10E1E000B5FA85F3E31A40F2FE7203F23E4393421E
:10E1F00000F38780002B23EAE376D4BF0122324666
:10E20000121BA2F23341A2F23447A2F25344C1F1ED
:10E21000200C2AFA01F325FA04F4C7F1200E05FABE
:10E220000CFC25FA01F105FA0EFE43EA0C03A2F2FA
:10E23000544CA2F2544223432AFA07F425FA0CFC68
:10E2400044EA0E0444EA0C04C7F1200C14F0010F58
:10E2500052D0A8B14FF0FF3000FA02F200FA07F4F2
:10E26000144320FA0CF2B840144303F001022AEAE6
:10E27000000A25EA04054AEA020A5AEA050A3BD0DE
:10E28000013341F10002C2F3130253EA020136D016
:10E29000184642EA065104B0BDE8F087B0FA80F4AF
:10E2A00020345FE7012098E7002096E7C6F10009D7
:10E2B000484600F0A5FA241A484600F0A1FAA61B29
:10E2C0000546694648462E4400F034FB6A464046FF
:10E2D00006F17C0339460CF098FA82460D4640461A
:10E2E000394600F09DFA81458CBF0020012074E77B
:10E2F000BAFA8AF3203375E7C1F31302C8E701368F
:10E30000C6E700200049C6E70000F07F1FB502AB5A
:10E31000074A00934FF0CC330CF061FBDDE90201BA
:10E32000C00840EA4170C90805B05DF804FB00BFB1
:10E33000CDCCCCCC2DE9F04F9BB0044605920A46DB
:10E340000A93C2F30A559DF89030D20F0B93C1F394
:10E3500013030992090D7DB950EA03021CD1059AF5
:10E36000302301265371099B156043F0020313719A
:10E3700030461BB0BDE8F08F40F2FF7295424BD1A2
:10E380000343099B059A4FF0000614BF43F00803AE
:10E3900043F004031371EBE700F001024FEA830836
:10E3A00087009A460892012248EA9078AA4D1646BC
:10E3B000C5F1000B0692584600F016FAB5F1FF3F82
:10E3C000ACBF8146A0F10109ABEB090B09EB0503DA
:10E3D0005846049300F01CFA16A9A0F17D05584692
:10E3E00000F036FA12AB069AA9EB0505019310ABC3
:10E3F00020460292009316AA2B4651460CF035FA9D
:10E40000B9F1010F04460D4600F2D280089B002BA3
:10E4100040F0C58001276BE043F4801A00F0010250
:10E420000343A5F235454FEA8A0808924FEA800770
:10E4300048EA907849D140F2FE7319420CBF012698
:10E440000026002D3246B3DB284600F0C7F9032D25
:10E45000C8BF0138049000F0DBF9049B7C3016A99A
:10E460005D1B0544184600F065FA12AB204616AA5B
:10E47000019310AB5146029600932B460CF0F5F930
:10E48000049B04460D46152B00F2868014AB734A9C
:10E490003846414600934FF0CC330CF0A0FA149B61
:10E4A000159A9B0843EA827303EB8303BB42DDE9C1
:10E4B000109A0CD13846414600F0B2F9049B8342D1
:10E4C0008CBF00270127002612E00126B9E7089B30
:10E4D000002B51D1013F48F1FF31B81B61F1000120
:10E4E00000F09EF9049B089F83428CBF0026012602
:10E4F0000B9B002B40F09180DDF828B04FF0000816
:10E500004FF00A0ACDE90688DDE91001FFF7FEFEAB
:10E51000129BCDE90C01184613990E93FFF7F6FEF6
:10E520000C9B81460D9A98420B460F91934180F0C7
:10E530008E8020462946FFF7E9FE0AFB09F30E9A72
:10E54000B8F1000F14BF002707F001070AFB1048BD
:10E550000D46934214BF002606F001060C9B5FFA9D
:10E5600088F8044610930D9BCDE911390F9B139346
:10E57000079B01330793C7E7B81C48F1000100F07F
:10E580004FF9049B83428CBF00200120B9EB0000AF
:10E590006AF10002CDE9100200273E46A8E7109B71
:10E5A0000127119A013B42F1FF32CDE910328AE78F
:10E5B000B9F13E0FF0D84FF0FF33A9F12000C9F1B7
:10E5C000200103FA09F203FA00F023FA01F103FA39
:10E5D00009F3024327EA03070A4328EA020857EA35
:10E5E00008070CBF012700276DE700FB02FC013381
:10E5F000A1FB001262448C4275EB020CF5D2049A26
:10E60000DDF828B01344259A1344D20F9342B8BFC3
:10E6100013469B45A8BF9B4670E70A2100220123B1
:10E620000846E8E70AFB03F00131A2FB0A23034492
:10E63000944275EB0300F5D2594511DDBBF1000F93
:10E6400002D154EA05030BD00123069371E70A2295
:10E6500000230121ECE700BFCCFBFFFFCDCCCCCCED
:10E66000002E2FD04FF00A0A129B139918460D93D3
:10E67000FFF74CFE0D9B0AFB00F281460C919A427B
:10E6800020D1B8F1000F14BF002707F00107DDE922
:10E690001001FFF73BFE0E900D9120462946FFF733
:10E6A00035FE0D9B0AFB10480E9A04460D465FFA94
:10E6B00088F81092CDE911390C9B1393079B013315
:10E6C0000793D1E7DDF81090079B9944002F5DD0A8
:10E6D000B8F1050F5AD114F001034DD1069A32B9A1
:10E6E000DDE912239D4208BF944262D0069B1819AF
:10E6F0004FF00A044FF000024FF0010645F100010F
:10E700002546A04271EB020756D2F3B1B3451CDA9D
:10E710000B9B6BB106EB0903259ADDF828B0134477
:10E72000012BB8BF01239B45A8BF9B465E450CDD6E
:10E73000053009F1010906F1FF364FF00A024FF0EA
:10E74000000341F10001E2F73BFE5E450FFA89F953
:10E75000059BA8BF5E4636B2B14406F1050809F133
:10E76000FF3798444FF00009B1452CDB059B1A4652
:10E770001F60099B1371FBE5069B2BB9DDE9122392
:10E780009D4208BF944209D00123B0E7069B53B9CC
:10E79000DDE912239D4208BF944204D1089B002B5F
:10E7A000F2D1002EF0D0B8F1040F94BF0023012362
:10E7B0009DE74FF00408F1E705FB02F70136A4FBE3
:10E7C00005423A449DE70A220023E2F7F9FD303280
:10E7D00009F1010908F8012DC6E700BF014B5843B4
:10E7E000800C704741340100014B5843000D7047C5
:10E7F000FB2E0B00014B5843C00C70474F93120087
:10E80000024B5843C00C0130704700BF4F931200B9
:10E81000024B5843C00C0130704700BF4F931200A9
:10E8200070B50346094A00204FF0CC364FF033351F
:10E8300006FB03F402FB0144A3FB023121449D4289
:10E8400075EB010401D30130F2E770BDCDCCCCCC27
:10E850001A232DE9F04FB0FBF3FA334E03FB1A03F2
:10E8600089B004460D4606EB0A1653B9D6E90023D3
:10E87000C1E90023D6E90201C5E9020109B0BDE8FA
:10E88000F08F2A4A02EBC303D3E9008904AB404668
:10E8900049460093D6E902230CF0A1F806AB834663
:10E8A0000F46404649460093D6E900230CF097F8FE
:10E8B00000238146DDE9066216EB0B0652EB0708E2
:10E8C00028BF012333B1049B059A013342F10002B2
:10E8D000CDE9043220460391FFF79AFF07461A203C
:10E8E00000FB0AF0FFF794FF3F1A324643464846C2
:10E8F000039900970CF08EF80D4A4FEA141C64003F
:10E9000004F01E0352F82C40DC4004F003042418E9
:10E91000304641F10001DDE90423C5E900414146EB
:10E9200000970CF077F8A7E7E8C8021018C80210A3
:10E9300058D802102DE9F04F1A2700F11905DFF819
:10E94000E0A089B004460E46B5FBF7F56F434FEAE9
:10E95000051B0AEB05153A1A0AD1D5E90023C1E9CE
:10E960000023D5E90201C6E9020109B0BDE8F08F34
:10E970002C4B03EBC203D3E9008904AB4046494664
:10E980000093D5E902230CF02AF85AF80B206B68A3
:10E99000013ACDE9020106A963F100034046009166
:10E9A00049460CF01CF88A46029900238146DDE9AD
:10E9B00006526D18039952EB010828BF012333B1A9
:10E9C000049B059A013342F10002CDE90432384636
:10E9D000FFF71EFF07462046FFF71AFF3F1A2A4699
:10E9E00043464846514600970CF014F80E4A4FEA49
:10E9F000141C640004F01E0352F82C40DC4004F0A8
:10EA0000030401342418284641F10001DDE9042300
:10EA1000C6E90041414600970BF0FCFFA3E700BFA9
:10EA2000B8C9021018C80210ACD802107FB521F086
:10EA300000431F4A934206D80022002307B05DF826
:10EA400004EBE3F771BC1B4A934204D907B05DF8AD
:10EA500004EB00F0C5B802AAE3F772FA00F0030075
:10EA600001280BD0022813D0C8B9DDE90423DDE961
:10EA70000201E3F759FC07B05DF804FB0090DDE903
:10EA80000423DDE90201E3F707FD01F10041F2E7AC
:10EA9000DDE90423DDE90201E3F746FCF5E70123A4
:10EAA000DDE902010093DDE90423E3F7F5FCE2E789
:10EAB000FB21E93FFFFFEF7F7FB521F000431F4AB5
:10EAC000934208D80023002200930023E3F7E4FCDC
:10EAD00007B05DF804FB1A4A934204D907B05DF809
:10EAE00004EB00F07DB802AAE3F72AFA00F0030075
:10EAF000012809D002280ED0C0B90123DDE90201A6
:10EB00000093DDE90423E1E7DDE90423DDE9020107
:10EB1000E3F70AFCDCE70123DDE902010093DDE90C
:10EB20000423E3F7B9FC01F10041D1E7DDE9042357
:10EB3000DDE90201E3F7F8FBF5E700BFFB21E93F60
:10EB4000FFFFEF7F7FB521F00043114A934208D8C1
:10EB50000123002200930023E3F752FD07B05DF884
:10EB600004FB0C4A934204D907B05DF804EB00F0B3
:10EB700037B802AAE3F7E4F9400000F00200C0F160
:10EB80000100DDE904230090DDE90201E4E700BFB4
:10EB9000FB21E93FFFFFEF7F0B4631F0004107D13A
:10EBA00090B10D4A1A40002A14BF04200320704778
:10EBB000094A13420AD0094B994209D9914209D115
:10EBC000B0FA80F040097047022070470320704778
:10EBD00004207047002070470000F07FFFFFEF7FA8
:10EBE00008B5FFF7D9FF0020004908BD0000F87FF5
:10EBF00038B5074D074C641BA41024B9064B0BB164
:10EC0000AFF3008038BD013C55F824309847F4E755
:10EC10000000000000000000000000002DE9F04F9F
:10EC2000ADF5197D12F1140F4FF000050893A8BF40
:10EC3000D41EB64BB8BF0024049120AEA29909900F
:10EC400053F821300293089B03F1FF330693A4BFCE
:10EC5000182394FBF3F46FF0170304FB033303EB67
:10EC6000020A069A029BA71A03EB0208A39B002242
:10EC700003EB87090023454514DD20AB089A0DF509
:10EC8000E07B4FF0000803EBC205029B984535DCA2
:10EC9000099B00222F460026A3F108090023CDE995
:10ECA00000231FE0EF420BD459F82500CDE90023E3
:10ECB000E1F77AFCDDE900230135E6E80201DAE755
:10ECC00010461946F8E7D7E90023F9E902010136B1
:10ECD000E1F7D4FC02460B46DDE90001E1F718FB41
:10ECE000CDE90001069B083F9E42ECDD08F10108DA
:10ECF0000835DDE90023EBE80223C6E7029B0CAAF6
:10ED0000DDF808B002EB83030B93A39B03EB8403B2
:10ED10000A9398AB0DF130095E4603EBCB03C8466E
:10ED200053E9284570AB03EBCB031F460793002E36
:10ED3000A7F1080771DC52462046294600F0A0FAE8
:10ED400000224FF07F5304460D46E1F797FC00F098
:10ED5000FDFA00226E4BE1F791FC02460B4620467D
:10ED60002946E1F7D3FA0D460446E1F737FF05904F
:10ED7000E1F71AFC02460B4620462946E1F7C6FA9F
:10ED8000BAF1000F06460F466DDD0BF1FF310CABFB
:10ED9000CAF11800059C53F8213043FA00F21444DC
:10EDA00082409B1A0CAA059442F82130CAF117023E
:10EDB00013410093009B002B64DD059B00226FF044
:10EDC0007F40013314460593934500F3AD80BAF1BB
:10EDD000000F07DDBAF1010F00F0BF80BAF1020F9A
:10EDE00000F0C680009B022B4CD132463B460020EF
:10EDF0004849E1F78BFA06460F46002C42D05246AE
:10EE00000020444900F03CFA02460B4630463946A1
:10EE1000E1F77CFA06460F4634E000223E4B2046DE
:10EE20002946E1F72BFC013EE1F7D8FEE1F7BCFBF8
:10EE300002460B46CDE900230022384BE1F71EFCC9
:10EE400002460B4620462946E1F760FAE1F7C6FE86
:10EE500048F8040BD7E90023DDE90001E1F758FA8F
:10EE600004460D4663E706D10BF1FF330CAA52F8B6
:10EE70002330DB159DE70022294BE1F785FE0028B2
:10EE800040D100900022002330463946E1F75EFE73
:10EE9000002800F0BC800BF1FF33002202998B4266
:10EEA0006EDA002A00F083800BF1FF3B0CABAAF175
:10EEB000180A53F82B30002BF6D052460020154983
:10EEC0004FEACB0400F0DCF970AB06460F4603EBCB
:10EED000CB085D464FF00009DFF83CA0002D80F222
:10EEE000CC805D46002DC0F2FC800E4B4FF0000937
:10EEF0004FF0000A0027069370ABABEB050603EB5F
:10EF0000C508E2E00223009357E700BF88DA021049
:10EF1000000020400000F03F0000703E0000704103
:10EF20000000E03FE8CA0210494651F8043B54B9DA
:10EF30006BB10132C3F18073934541F8043C0ADDA3
:10EF40000B6809F10801C31A41F8043C012301329E
:10EF500089461C4638E7012439E70BF1FF320CAB38
:10EF600053F82230C3F316030CA941F8223039E7D5
:10EF70000BF1FF320CAB53F82230C3F31503F3E768
:10EF80000CA951F82310013B0A4387E7013453F8D9
:10EF9000042D002AFAD0089B20AA0BF101085C443A
:10EFA0005B4402EBC305444504DAA346B1E60B9B80
:10EFB0000124ECE70A9BAB464FF00009002653F80A
:10EFC00028000027E1F7F0FA099B083BC5E900019A
:10EFD0000093069B994507DD079B08F1010808355A
:10EFE000E3E902670793DEE7009909F10109F1E916
:10EFF000022300917BE80201E1F740FB02460B4649
:10F0000030463946E1F784F906460F46E1E7CAF192
:10F0100000023046394600F033F90022964B044690
:10F020000D46E1F7B1FD00B30022944B204629467E
:10F03000E1F724FB0AF1180AE1F7D0FD0646E1F7F3
:10F04000B3FA00228C4BE1F719FB0B460246294626
:10F050002046E1F75BF9E1F7C1FD0CAB43F82B006B
:10F060000BF1010B43F82B6027E720462946E1F717
:10F07000B5FD0CAB43F82B001FE70CAB53F8250094
:10F08000013DE1F791FA32463B46E1F7F7FA4A468D
:10F09000534668E8020130463946E1F7EFFA064682
:10F0A0000F461BE7DDF818C00137FCE80201F8E85D
:10F0B0000223CDF818C0E1F7E1FA02460B464846B4
:10F0C0005146E1F725F981468A46029B9F4201DCC1
:10F0D000BE42E7DA48AB013D03EBC606C6E9009A3B
:10F0E00000E7A29B022B09DC002B2CDC4ED0059BF9
:10F0F00003F007000DF5197DBDE8F08FA29B032BEF
:10F10000F5D148ABDA461C442546BAF1000F63DC62
:10F110002546DA46BAF1010F7BDC00200021BBF165
:10F12000010F00F39380009BDDE94878DDE94A5642
:10F13000002B40F09280049BC3E90078C3E902569B
:10F14000C3E90401D3E748AB5D46002000211C441D
:10F15000002D32DA009B002B35D0024601F100432E
:10F16000049C0125C4E9002348AC02460B46DDE9B6
:10F170004801E1F7CBF8AB4528DA009B13B101F168
:10F1800000431946049BC3E90201B0E748AB0020E5
:10F1900000211C44BBF1000F08DA009B13B101F100
:10F1A00000431946049BC3E90001A0E774E8022369
:10F1B0000BF1FF3BE1F7ACF8ECE774E80223013D0B
:10F1C000E1F7A6F8C4E702460B46C9E7F4E90223D3
:10F1D0000135E1F79DF8CEE755E90289D5E900232D
:10F1E000404649460AF1FF3ACDE90223E1F790F89B
:10F1F00002460B4606460F4640464946E1F786F86A
:10F20000DDE90223E1F784F865E80201C5E900675A
:10F210007BE755E90289D5E90023404649460AF1D2
:10F22000FF3ACDE90223E1F773F802460B460646A2
:10F230000F4640464946E1F769F8DDE90223E1F768
:10F2400067F865E80201C5E9006763E774E802232F
:10F250000BF1FF3BE1F75CF861E7049B08F1004428
:10F26000049A1F605C609D6006F100431061D360EA
:10F2700001F1004353613AE7000070410000703E25
:10F28000F8B51646C1F30A5204460D460B46AAB914
:10F2900021F00047074331D00022234BE1F7EEF97C
:10F2A000C1F30A520D460B4620490446363A8E42B7
:10F2B0000EDAE80FBDE8F8400BF07DBC40F2FF77B6
:10F2C000BA4205D10246E1F723F804460D4615E09F
:10F2D0004CF250318E4204DDD80FBDE8F84000F00A
:10F2E00029B8324440F2FE718A42F5DC002A08DD7A
:10F2F00023F0FF4323F4E00343EA02552046294666
:10F30000F8BD12F1350F01DAD80FD3E723F0FF4330
:10F310003632204623F4E00343EA02550022044B30
:10F320002946E1F7ABF9D0E700005043B03CFFFFBE
:10F330000000903C10B100200249704700200249B3
:10F34000704700BF0000F0FF0000F07FC1F30A52D9
:10F35000F8B5A2F2FF3604460D460B46132E0746BB
:10F360001DDC002E0CDA00293DDA21F000430022DA
:10F3700003431E4B08BF4FF000431D46144618E0E0
:10F380001B4A32411140014313D0002DBEBF4FF440
:10F39000801131415B1823EA02030022EDE7332E8E
:10F3A0000ADDB6F5806F04D10246E0F7B1FF0446EE
:10F3B0000D4620462946F8BDA2F213414FF0FF3218
:10F3C000CA400242F5D0002D0ADA142E01D10133D1
:10F3D00006E0C6F134060121B14009180F46F6D205
:10F3E00027EA0202C9E700221346C6E70000F0BF81
:10F3F000FFFF0F00704708B50020E3F7FBFA00207D
:10F4000008BD30B50446084613449A4200D130BDC9
:10F41000082512F8011B484000F00101400811B115
:10F4200084EA000188B2013DF6D1EEE7FEE7836889
:10F4300000EBC101B3F5004F2CBF51F8220031F8A9
:10F440001200704700EBC1018068B0F5004F2CBF7F
:10F4500041F8223021F812307047012208B5FFF739
:10F46000E6FFD04008BD836800EBC101B3F5004F53
:10F4700008D34B681AB143F001034B60704723F087
:10F480000103FAE74B881AB143F001034B80704740
:10F4900023F00103FAE753000122FFF7D3BF83688B
:10F4A000B3F5004F34BF04230823C91A081AC00853
:10F4B0007047B0F5004F34BF04230823481C0833BD
:10F4C000A0EBD300B0FA80F0C0F11F0070472DE927
:10F4D000F041174603220E460446FFF7A8FF864276
:10F4E000054607F104080AD10122E368BA4023EA7D
:10F4F0000203E360002344F82830BDE8F081314680
:10F5000002222046FFF793FF06462B4601460322C0
:10F51000204644F82850FFF795FF334629462046F9
:10F52000BDE8F0410222FFF78DBF70B50D46866839
:10F530000446FFF792FFB6F5004F014601D30128BC
:10F5400009D03046FFF7B5FF294602462046BDE800
:10F550007040FFF7BCBF70BD2DE9F04705468068DD
:10F56000FFF7A7FF05EB800ADAF8109088460646F9
:10F57000B9F1000F1BD00327DAF8104028462146C6
:10F58000FFF76BFF404507D3324621462846FFF779
:10F590009EFF2046BDE8F087032221462846FFF75C
:10F5A00046FF013FCAF8100001D08145E4D14FF079
:10F5B000FF34EB680136B4401C40EAD094FAA4F260
:10F5C000B2FA82F2131D55F82340DEE72DE9F0412F
:10F5D00014460E460546FFF740FFA4EB0608371B0E
:10F5E0000744424631462846FFF755FF3A46214632
:10F5F0002846FFF750FF4346002221462846FFF7E2
:10F6000021FF21462846FFF728FF3B46211800220C
:10F610002846BDE8F041FFF715BF2DE9F041164639
:10F6200004460F46FFF719FF314605462046FFF70F
:10F6300014FF05442A4639462046FFF72CFF314681
:10F640002046FFF70AFF2B46311800222046BDE86E
:10F65000F041FFF7F7BE2DE9F0410D4686680446FC
:10F66000FFF7FBFEB6F5004F014601D3012832D06B
:10F670003046FFF71EFF04EB80010E6996B90122A8
:10F68000E36882401343E36002220D612B46294662
:10F690002046FFF7D7FE032229462046BDE8F04169
:10F6A000FFF7D0BE022231462046FFF7C0FE0746D4
:10F6B000034629462046FFF7C5FE03223346294666
:10F6C0002046FFF7BFFE39462B462046FFF7BAFE1D
:10F6D00002223146E1E7BDE8F081F8B50C46054667
:10F6E000FFF7BBFE2618012231462846FFF79FFE92
:10F6F000C3070CD431462846FFF717FF214628469A
:10F70000FFF7ABFE214622182846FFF786FF0022AE
:10F7100021462846FFF78BFE271A01223946284644
:10F72000FFF785FE10EA020613D139462846FFF797
:10F73000FCFE214632462846FFF779FE2246211A72
:10F740002846FFF76AFF214632462846FFF76FFE3C
:10F75000241A21462846BDE8F840FFF77CBF38B59B
:10F7600071B1056800222846FFF799FE044601465C
:10F770002846FFF778FE2146BDE83840FFF7ADBFC9
:10F7800038BD70B5066809B9002070BDB368B3EB29
:10F79000D10FF9D9B3F5004F34BF04230823CC1D92
:10F7A0001C44E40821463046FFF7D6FE05460028F3
:10F7B000EAD001463046FFF750FEA04209D92C445A
:10F7C000294630462246FFF701FF21463046FFF723
:10F7D00042FF304601222946FFF745FEB368B3F5E4
:10F7E000004F34BF0423082303EBC5031844CCE7C0
:10F7F0002DE9F84306681446B26801F1FF39B2F505
:10F80000004F34BF0423082319EA01090F460BD027
:10F81000494239408B424F4628BF0B46894654B96E
:10F8200000252846BDE8F8839942F8D82146BDE86E
:10F83000F843FFF7A6BFB2EBD40FF1D9B2F5004FF2
:10F8400034BF04220822E11D3944C91A114430464C
:10F85000C908FFF781FE80460028E1D0B36809EBB4
:10F86000C005B3F5004F34BF042308231D443544BD
:10F870007B1E1D44B5FBF7F57D43A5EB0905294625
:10F880003046FFF70CFE2C44073424F00704A41B79
:10F89000804507464FEAE40408D202464146304616
:10F8A000FFF794FE41463046FFF7D5FE3946304615
:10F8B000FFF7D3FD3844844208D239463046224609
:10F8C000FFF784FE21463046FFF7C5FE0122394688
:10F8D0003046FFF7C8FDA4E72DE9F74F914698465B
:10F8E0000F460568009031B94246494603B0BDE86D
:10F8F000F04FFFF77DBFB8F1000F06D1FFF72FFFE4
:10F900000024204603B0BDE8F08FAC68B4EBD80FFC
:10F91000F6D92846FFF7C3FD014606462846FFF7FD
:10F920009CFDB4F5004F34BF0421082101EBC60251
:10F930002A4408F10704BB1A0C441C448346019373
:10F94000E408B9F1000F03D009F1FF32174243D1A7
:10F950005C450ED00FD23444224631462846FFF78C
:10F9600035FE314601222846FFF77DFD2146FFF78F
:10F97000B4FE3C46C5E706EB0B0A01225146284679
:10F98000FFF755FDC30727D451462846FFF765FD0D
:10F990005844A04220D351462846FFF7C6FD5146A1
:10F9A0002846FFF75AFDA4EB0B08404509D934441B
:10F9B000514628462246FFF709FE21462846FFF712
:10F9C0004AFE524631462846FFF727FE01223146BD
:10F9D0002846FFF748FDCCE7424649460098FFF726
:10F9E00007FF044600288BD031462846FFF735FD37
:10F9F000AB68019AB3F5004F34BF04230823C2EB70
:10FA0000C002D21A4245394628BF424620460AF073
:10FA100099FD39460098FFF7A2FE72E7B2F5802FF4
:10FA20002CBF082304232DE9F0410026D21A8C189C
:10FA3000CD1D25F0070524F00704641BE4080560CC
:10FA400021462046AC60EE60FFF733FD421D920078
:10FA5000013002F107074FEAD7073146A2F1100241
:10FA600005F11000B8BF32460AF093FD3A46314620
:10FA70002846FFF710FD3346324631462846FFF749
:10FA8000E1FCA4EB0708284631460122FFF7EBFC16
:10FA900042463946FFF7FFFC3B4632463946284688
:10FAA000FFF7D0FC21462846FFF7F5FC43463246D7
:10FAB00021462846FFF7C6FC214628460122FFF7CB
:10FAC000D2FC3946BDE8F041FFF7C5BD2DE9F0474E
:10FAD00006460D46174698462BB34FF0000A98F895
:10FAE000004093F80190DB78A40004EB430498F8FD
:10FAF00002301C444444CA4509D339463046AC461A
:10FB0000D8F8042008F10803BDE8F047604714F86E
:10FB1000013B0AF1010A204648F82340E1F7B8FC0E
:10FB200001300444E7E76FF01500BDE8F08770B5D9
:10FB3000002502462846144614F8013B0BB9184626
:10FB400009E098B18D4207D1702B04D0A3F1400297
:10FB50003A2A0BD8002070BDA3F140063A2E05D8F2
:10FB600053780135941C002BE9D00020252B224628
:10FB700008BF80F00100DEE70020704700F0AFBA58
:10FB80000FB407B504A951F8040B019100F0A7FACE
:10FB900003B05DF804EB04B07047002070470CB46C
:10FBA000034607B504AA084652F8041BDB68019215
:10FBB000984703B05DF804EB02B07047002070472F
:10FBC000FBF796BBFBF70CBCE3F7FCBB002383F30E
:10FBD0001188BFF36F8F0423184602DF70470FB4FC
:10FBE00007B504A951F8040B0191FFF7C7FF03B053
:10FBF0005DF804EB04B0704738B50D46044620228A
:10FC000000210AF0C6FC0022EB68E361AB68A36147
:10FC10002B6823626B68A26263622A6923B1591E52
:10FC2000194208BF42F001022261012204F12C00B6
:10FC30000021BDE8384009F06DBEA0F13003DBB211
:10FC4000092B02D800200B707047A0F16103052B2F
:10FC500002D85738C3B2F5E7A0F14103052B01D80C
:10FC60003738F7E76FF015007047F7B5054601F034
:10FC7000010000EB51069E424FEA510703D90026CE
:10FC8000304603B0F0BD58B128780DF10701FFF7F9
:10FC9000D4FF0028F3DB9DF80730013502F8013B63
:10FCA00001351744BA42EBD015F8010C0DF10701EC
:10FCB000FFF7C3FF0028E2DB9DF807402401E4B210
:10FCC000147015F8020BFFF7B8FF0028D7DB9DF87A
:10FCD00007301C4402F8014BE4E7013A01F01F032E
:10FCE0000A4430B54C090121550902F01F02C260D7
:10FCF00001FA02F2836001FA03F3511E5B420A43E8
:10FD0000AC42036108BF134004604560426108BF14
:10FD1000036130BDF0B587B004460C981D4610B99C
:10FD20006846FFF7DAFF01684768A368B94253F8ED
:10FD30002120066908D125B1324343F8212007B0BC
:10FD4000F0BD22EA0602F8E7B5B1324343F82120BC
:10FD50004168A268456952F821302B4342F82130AE
:10FD60004FF0FF310368013342689A42E7D9A26835
:10FD700042F823100133F7E722EA060243F8212074
:10FD8000A2684168466952F8213023EA060342F826
:10FD900021300268436801329342D0D9A36843F806
:10FDA0002250F7E7F8B50646DDE906051C46FFF7E1
:10FDB00094FFD0E900139942B66802690BD156F856
:10FDC000213004B9DB4332EA030023D022EA0302E4
:10FDD00015BB0020F8BD56F8217004B9FF4332EA84
:10FDE000070C02D022EA0702F2E756F8237004B9A2
:10FDF000FF43426932EA070009D0194622EA0702A6
:10FE0000E6E756F8212004B1D243002AE0D10131BF
:10FE10008B42F6D80120DDE792FAA2F3002AB3FA6A
:10FE200083F308BF4FF0FF3303EB41132B60D0E7A0
:10FE30002DE9F04F05460E4690468BB0EFF3118941
:10FE4000202383F31288BFF36F8F002A3FD000294D
:10FE50003DD00168B1423AD30022406890424FEA57
:10FE600042140DD0AB6853F822305F1C01D101322F
:10FE7000F4E72BB1DB4393FAA3F3B3FA83F31C4407
:10FE8000A1EB060A0DF10C0B04AF544502D96FF03B
:10FE90001B0012E00023324621462846CDE9007BB4
:10FEA000FFF780FF80B128460123324621460097A4
:10FEB000FFF730FF0020C8F8004089F31188BFF336
:10FEC0006F8F0BB0BDE8F08F039C0134DDE76FF05E
:10FED0001500F2E72DE9F0434B1E80460D4616460D
:10FEE00089B01344EFF31189202282F31288BFF303
:10FEF0006F8FF9B102688A421CD3B2421AD99A4272
:10FF000018D9002402AF0A46012331460194009714
:10FF1000FFF748FF88B1404623462A4631460097FE
:10FF2000FFF7F8FE204689F31188BFF36F8F09B001
:10FF3000BDE8F0836FF01500F5E76FF00D00F2E714
:10FF400070B506460C888888241A3069A4B28442A9
:10FF500085B224BF641BA4B22D1BA8B2984228BF4F
:10FF600018463368234413600B8803440B8070BD2C
:10FF700070B4838985880669ED1AADB2731B93420C
:10FF800028BF134670BC0A46011DFFF7D9BF70B4E5
:10FF90000E460146C58831F80A3FEC1AA3B29342D7
:10FFA00028BF1346324670BCFFF7CABF10B54B8856
:10FFB0000C88E41AA4B294420ED31A4492B28B88ED
:10FFC0004A800A800069D21A92B2824201D200208D
:10FFD00010BD03448B80FAE76FF01500F8E72DE9B8
:10FFE000F34106460F4615464FF000082A463046B4
:10FFF00001A9FFF7BDFF044640B10246394601980A
:020000041002E8
:100000000AF0A0FA2D1BA0442744EFD14246304607
:10001000311DFFF7CBFF404602B0BDE8F0812DE96E
:10002000F34107460E4615464FF000082A4638466B
:1000300001A9FFF7ACFF044648B12EB10246019971
:1000400030460AF07FFA26442D1BA044EED14246EA
:10005000384607F10A01FFF7A9FF404602B0BDE8A4
:10006000F0812DE9F34106460F4615464FF0000892
:100070002A46304601A9FFF78AFF044640B10246EE
:10008000019938460AF05EFA2D1B2744A044EFD1AF
:100090000022304606F10A01FFF788FF404602B011
:1000A000BDE8F0817047F9F751B80020704708B5F6
:1000B0000AF06EF80A220023E1F782F908BD034630
:1000C000D3E8EF0F421CC3E8E12F0029F8D17047B5
:1000D000002108B50846E3F737FB002008BD1FB52F
:1000E0000023CDE902011A4619461846CDE900332E
:1000F000E3F71EFD05B05DF804FB70470020704774
:10010000002070470020704718B140680079E3F77D
:1001100073BC4FF0FF30FAE702460B46092000217E
:10012000E3F76ABC38B504460D4643681146DA71F8
:10013000E3F7C0FC012263681D6063685A71BDE883
:100140003840FFF7DABF10B5436804465B7913B156
:100150000021E3F7AFFC002263685A7110BD70B54F
:10016000D2E901369B1B8B420C4615460AD3136815
:100170000A46014698190AF0E5F92046AB6823447F
:10018000AB6070BD6FF01B00FBE770B50E46154607
:100190001946044618B9BDE87040E3F79BBB33B17C
:1001A000C2F34A231030120D18440AF0CBF9C4E907
:1001B00000562046BDE87040E3F7A0BB2DE9F341AF
:1001C0005F1C4FEA8708064608F1170020F0070079
:1001D00080080C461546FFF793FF00238DF8047046
:1001E000ADF805308DF8073068B10346019AA8F1E3
:1001F000040143F8102F2A46294452F8045B8A422E
:1002000043F8045FF9D100233146A20102F4E07201
:1002100042EA482222F07F4222F4700222F03F029A
:1002200002B0BDE8F041FFF7B0BF7FB50BAB05935F
:1002300003930A9B0222029300231846CDE9003360
:10024000E3F776FC07B05DF804FB07B501230192E4
:1002500001AAFFF7B3FF03B05DF804FB07B5CDE9D2
:10026000002302236A46FFF7A9FF03B05DF804FBF1
:100270001FB5CDE90123069B01AA03930323FFF7D2
:100280009DFF05B05DF804FBF8B506460D46144623
:100290001F4604B9F8BD214628463A46B047241AFD
:1002A0000544F6E707B5D1E900328DF807000121D2
:1002B00052680DF107009847002003B05DF804FB79
:1002C0000A2838B504460D4602D10D20FFF7EAFF93
:1002D00029462046FFF7E6FF002038BD2DE9F04310
:1002E000054687B008460E8891F800900C46D1F874
:1002F00008801746E3F7FCFC011EC6F38216C9F31B
:10030000C2091EDB4846E3F72FFB0346214651F89E
:10031000102B6088C2F34A22002A01EB020408BFB6
:1003200000210022C0F30B10CDE90407CDE902142F
:100330002846414601960092E3F706FD07B0BDE866
:10034000F0830023E2E7002930B4044618460BDBB3
:10035000A5680844A84207D8E06864682144846816
:100360002468A44630BC60476FF0150030BC70476D
:100370007FB50BAB059303930A9B029300231846AA
:10038000CDE90033E3F7D4FB07B05DF804FB7FB59C
:100390000BAB059303930A9B029300231846CDE908
:1003A0000033E3F7C5FB07B05DF804FB006838B124
:1003B00050F8043C04385B688B4201D04068F6E793
:1003C0007047006848B150F8043C04385B685B68CB
:1003D0009B788B4201D04068F4E7704730B50068E5
:1003E00088B150F8043C04385B681A6A1D7F00230A
:1003F000043ADCB2A54201D84068F1E7013312F8B3
:1004000033408C42F5D130BD7FB50BAB05930393E0
:100410000A9B0122029300231846CDE90033E3F73B
:1004200087FB07B05DF804FB08B5E4F757FD28B17A
:10043000406810F1100F14BF0020012008BD4B1CB4
:10044000DBB28170817680F82530C37600F8061C17
:10045000704750E90231D0F864021847002203695E
:1004600083F852207047036993F8520050B193F813
:10047000500038B1D3F858229388918910695B1ADB
:100480009BB2C01A70470022036983F8532070475B
:10049000036993F8510008B193F85300704708B509
:1004A0000246FFF7F5FF30B91046FFF7DCFF0038D2
:1004B00018BF012008BD0120FCE70369C3E9001251
:1004C00070470229036908D004290BD001290ED1F5
:1004D000D3F85C3200201360704793F86332C3F3A3
:1004E0004003F7E793F8633203F00103F2E76FF09C
:1004F00085007047CB7902690BB1012B03D1002035
:1005000082F8693270476FF08500704710B5036953
:10051000D3F85C220A6093F860226AB1012A0CBF0A
:10052000022203224A7193F86122501E032805D843
:10053000DFE800F0050505050122F3E700220A7156
:1005400093F86222062A0BD0072A0BD0052A0CBF8B
:10055000002203228A7193F869320020CB7110BD0A
:100560000122F7E70222F5E77FB50BAB0593039372
:100570000A9B029300231846CDE90033E3F7D8FA2B
:1005800007B05DF804FB08B5402903693FD013D8D4
:10059000102932D006D801291ED0082920D06FF0AA
:1005A000120008BD2029FAD193F8641201F0FB0172
:1005B00052B341F0040127E0B1F5807F30D0B1F5AE
:1005C000007F36D08029EAD193F8641201F0EF0160
:1005D000D2B141F0100117E0C3F85C220020E0E73F
:1005E00093F8641201F0FE010AB141F0010183F8B1
:1005F00064120121E4F77CFFF0E793F8641201F044
:10060000FD010AB141F0020183F86412F2E793F8A8
:10061000641201F0F701002AF6D041F00801F3E777
:1006200093F8641201F0DF01002AEDD041F02001BF
:10063000EAE793F8641201F0BF01002AE4D041F028
:100640004001E1E770B504690546D4F85402FFF7AC
:10065000E6FC94F868320646BBB1D4F8542293887D
:10066000918912695B1A9BB2D31AB3F5007F0CD340
:1006700094F8663233B16B6822461B6A0021187BFE
:10068000E4F7E0FF002384F86832304670BD0122B1
:1006900008B5FFF7D7FF013818BF4FF0FF3008BD8E
:1006A0000269D2F8581288898B8809691B1A9BB293
:1006B000994204BF002382F85030D2F8543201200E
:1006C000D9885B89994204BF002382F85130704772
:1006D0000B68834204BF01230B71704710B50446B9
:1006E0008EB069460120E8F7DBFE05A96846FCF7F5
:1006F000FBFB204605A9E5F771FB00200EB010BDFD
:1007000003785B075FBF03684288C3F34A2303EBA8
:1007100012105DBF173020F00700800800207047DE
:1007200083681B6A03B11847704708B5436819739B
:1007300011B11868FFF7F4FF002008BD10B540683C
:100740001C462430FFF76BFC2060002010BD10B564
:10075000406850F8804B09F06EFD2046FFF7E0FF3F
:10076000A368DB6A0BB120469847002010BD2DE935
:10077000F04145681E462B7B0C46174693B101EBB2
:100780000208A04507D137600120D5E9013198471B
:100790000020BDE8F081286814F8011B83685B68BD
:1007A0009847EEE705F11000FFF719FC01213060D2
:1007B00005F1B803D3E8EF2FC3E8E01F0028F9D113
:1007C000002AE5D128688368DB69002BE0D09847D0
:1007D000DEE70023826882F856308268A2F8523041
:1007E0008268A2F850307047034610B5D3E8EF0F87
:1007F00040EA0102C3E8E42F002CF7D110BD034604
:1008000010B5D3E8EF0F00EA0102C3E8E42F002C93
:10081000F7D110BDFAF76CBD0EB403B503AA52F8B8
:10082000041B0192E6F714FE02B05DF804EB03B07E
:10083000704708B510B1E0F72BFE80B208BD37B5A0
:100840000023054684680093E7F746F8AB6804F593
:100850008354B3F850301C341BB19620002109F0AA
:1008600088FA6946204601AA09F036FE03B030BD79
:100870008B6828B903F583501C300021FCF7AEBA11
:1008800003F585500C30F8E700F58350183019B1A6
:100890004FF40061FFF7A8BF6FF40061FFF7AFBF2F
:1008A00000F58350183011B10421FFF79DBF6FF0A0
:1008B0000401FFF7A4BF00F5835008B5143029B137
:1008C0000121FFF791FF00F0010008BD6FF0010169
:1008D000FFF795FFF7E7FAF783BD41F27C0373B5A5
:1008E000856803EB0113044616461D4469462846F5
:1008F00001AA09F0F1FD009B23B1284609F0E9FDAA
:100900002046B04702B070BD8068416400F5845055
:1009100000211C30FCF762BA70B5836804461A7D6A
:10092000012A2DD103F58052916F490407D5526FEA
:10093000520704D40146DA6CC06900F0A0FD41F210
:100940000C16A0684FF4FA7200233044FFF762FFE0
:10095000054618B16FF00F05284670BD08212046E6
:10096000E6F768FE6069E5F7A3FE2046E6F762F861
:100970002046E6F7C9FFA0683044FFF7ACFFEBE77D
:100980006FF08505E8E7F8B5044680681F46037DEB
:100990000D46022B164608D0BDE8F84000F58350FE
:1009A0004FF480511830FFF71FBF00F588504FF407
:1009B000FA7200230C30FFF72DFF60BBA26802F52E
:1009C0008053996F090507D4926C2AB95B6F98061A
:1009D00002D5204600F0CDFB3B4632462946204654
:1009E00000F025FCA26802F58053996F090507D431
:1009F000926C2AB95B6F9B0602D52046E6F76CFF26
:100A0000606900F097F8A068BDE8F84000F58850EC
:100A10000C30FFF760BFF8BD0CB407B504AB53F85A
:100A2000042B0193FFF7AFFF03B05DF804EB02B0B6
:100A300070470EB403B503AB53F8042B08210193A0
:100A4000FFF7A1FF02B05DF804EB03B070470EB4EE
:100A500003B503AB53F8042B03210193FFF793FF76
:100A600002B05DF804EB03B070470EB403B503ABFE
:100A700053F8042B01210193FFF785FF02B05DF8C5
:100A800004EB03B070472DE9F04105460F46E9B18C
:100A90000846FFF7CEFE41F20C180646A8684FF450
:100AA000FA7200234044FFF7B5FE044620B16FF010
:100AB0000F042046BDE8F081731C142BA86800D8F1
:100AC0003EB900F588500C30FFF705FF6FF01504B4
:100AD000EFE73946E0F7D4FCAB6883F83C60A868E0
:100AE0004044FFF7F8FEE4E738B541F20C15044640
:100AF00080684FF4FA7200232844FFF78BFE40B958
:100B00002046E5F797FDA0682844BDE83840FFF788
:100B1000E2BE38BD28B1836803F58053D3F82401C1
:100B200070476FF0150070478368996409B9FFF743
:100B300050BE704710B502690446836812680168A8
:100B4000C0689847002223691A6010BD38B5CB6889
:100B500005461B7C0C46022B04D10A2802D10D202D
:100B6000FFF7F4FF236922681B68D55422691368D4
:100B70000133136023691A6863689A4202D12046E0
:100B8000FFF7D8FF002038BD08B510B1E0F780FCB2
:100B900080B208BD10B5047B43892244B2FBF3F058
:100BA000214403FB1022B1FBF3F003FB1010101AD9
:100BB00010BD10B5047B438921441019B0FBF3F03C
:100BC000B1FBF3F1401A10BD30B5057B43892944D0
:100BD000B1FBF3F403FB14112A4401310180B2FB91
:100BE000F3F103FB11220134848001324C1CC480D8
:100BF000428030BD2DE9F74F00260746884614464F
:100C00009946B24606602378002B00F0BF80202B67
:100C10003AD0093B042B37D93B685A1C3A6048F854
:100C200023403B684B4500F0B18000262278002A23
:100C3000E9D0A6B9164623461C46272E04D05C2EC2
:100C400025D0222E40F096802046FFF79DFF611CA4
:100C50000246204609F083FC2278002AD3D0B24213
:100C6000A34604F1010420D15846FFF78DFF214629
:100C70000246584609F073FC9BF800605C46002E63
:100C8000D9D1C0E70026BEE704F801ABBBE7204698
:100C9000FFF77AFF651C02462946204609F05FFCF3
:100CA00066782C46002EC8D1ADE75C2A9BF801205F
:100CB000D3D1B242104608D15846FFF765FF21460E
:100CC0000246584609F04BFCB0E7302A25D10223F2
:100CD00000251BF80300A0F13001C9B2072919D87B
:100CE000ED000133EDB2052B45EA0105F1D1591EA6
:100CF0005944584601930091FFF746FF019B009924
:100D0000023BC21A584609F02AFC9BF801208BF8D6
:100D10000050A2E7DBB2022BE9D1782825D10221CD
:100D200000251BF80130A3F13000C0B2092808D813
:100D30002D01EDB20543022901D00423D7E7032199
:100D4000EFE7A3F16100052805D82D01EDB2573B6F
:100D50001D43EDB2EFE7A3F14100052803D82D01B3
:100D6000EDB2373BF4E7022902D10BF1010474E73D
:100D70000323BCE7202E85D0093E042E82D9667855
:100D8000631C002E7FF458AF1C463CE7304603B08E
:100D9000BDE8F08FF8B50E4611460746154609F036
:100DA000F7FC0446E0B12846FFF7EEFEA7420546F1
:100DB00007D214F8013C202B02BF0135ADB204F17B
:100DC000FF342046FFF7E0FE3388421C5B1B521BBA
:100DD00033802046611992B2BDE8F84009F0BFBBEC
:100DE000F8BD2DE9F0410F461646044686B070B1B5
:100DF000034601AC00F11005224618685968083313
:100E000003C2AB421446F7D1186801AC10604FF032
:100E10000008414632462046E6F72EFB08F101085D
:100E2000054628B138462968E0F720FB0028F0D1B4
:100E3000284606B0BDE8F0812DE9F0471C460023A6
:100E40000F461646DDF820809DF824902360236825
:100E50000546BB421BD256F8230000F013FD236861
:100E6000824618B1013328462360F0E742462846FF
:100E700056F82310FFF7B5FF48B123685A1C2260CB
:100E8000B9F1000FE3D08045E1D1554623602846F3
:100E9000BDE8F087F8B50746FFF776FE054630BB9C
:100EA000F8BD54B18AB2AA1A01302C1B0132394460
:100EB0003844A5B209F053FB0024334698B26A1EA9
:100EC0009042EDDA3A5C5E1C202A02D0093A042AEC
:100ED000F3D8B1B28BB29D42EFD97B5C202B02D00C
:100EE000093B042BDDD80134A4B20131F2E7002321
:100EF0001C46E3E7F8B58468064694F856302BB9EB
:100F0000B368B3F85020A3F85220F8BD04F156009E
:100F1000B4F85030C21812F8012C202A1CD0093A1B
:100F2000042A19D90022C25413461D46425D0133DA
:100F3000202A9BB200EB0501F7D0093A042AF4D924
:100F4000002DDDD0B4F850707A1C521B7F1B09F0C5
:100F500006FBA4F85070D3E7013B9BB2A4F85030D5
:100F6000002BD5D184F85630CAE70EB403B503AAD6
:100F700052F8041B0192E6F76BFA02B05DF804EB3D
:100F800003B0704710B50446E0F782FAB4F8503069
:100F900013FA80F038B1638FB0FBF3F203FB120059
:100FA000B0FA80F0400910BD38B5846804F580536C
:100FB00020465D6FE0F76CFAB4F85230C5F3400597
:100FC00080B205FB0300638FB0FBF3F203FB12005A
:100FD000B0FA80F0400938BD10B50446FFF7E4FFD1
:100FE00018B9A068FFF7CEFF20B16069BDE81040D6
:100FF000E6F7B2BA10BDF8B50546846804F13000D2
:10100000B4F85020B4F85210FFF7DEFDA868A78EA0
:10101000E68EFFF7B7FF10B16869E6F79DFAB742B1
:1010200007D1218E638E2846C91ABDE8F840E6F73D
:10103000AFBAE18EA38E2846C91AE6F793FAF0E715
:10104000F8B504460D468068B0F85210B0F850204C
:1010500030300D44FFF7B8FDA068ADB2B0F85210C3
:101060002A463030FFF7A5FD0746A0682A46B0F8AB
:1010700052103030FFF78EFD064679422046E6F7E3
:1010800071FA31462046E6F783FAA368A3F8525076
:10109000F8BD2DE9F0410C1E064636DA4FF0FF355B
:1010A000644224B2A4B2AFB216E0B3680022B3F82F
:1010B00052C0B3F85080614603F1560E81B96B1CE3
:1010C00002D0B8F1000F0FD1A1EB0C01304609B2EC
:1010D000FFF7B6FF013CA4B2002CE6D1BDE8F081D9
:1010E000884501D1012DEFD01EF8013023F02000FA
:1010F0004138192807D9303B092B04D9002AE3D1FC
:10110000394489B2DAE70122FAE70125CAE78368A0
:10111000B3F85210494209B2FFF792BF8368B3F89F
:101120005010B3F85230C91A09B2FFF789BF83686B
:10113000B3F852301BB14FF0FF31FFF781BF70475A
:101140008368B3F85220B3F850309A4202D201219A
:10115000FFF776BF70478268B2F85210A2F85010BD
:101160008368B3F852201344002283F85620E6F730
:10117000E5B910B504468068B0F85020B0F85210B8
:101180003030FFF721FDA3682046198EC1F101011F
:10119000E6F7FEF9A3682046998E0139E6F7E2F9F1
:1011A0002046BDE81040E6F7C9B92DE9F0410546F3
:1011B0000F461446002686B0ACB906B0BDE8F081F3
:1011C00041F2AC080121434401A809F04FF94FF066
:1011D000FF324FF0FF33012101A8FBF7A7FDA868FC
:1011E000404409F076F9686822460368B919D3F8D3
:1011F0000C806B46C047009A1644A41A002ADBD123
:10120000AB68197D0329EED00229D9D903F58053A3
:101210009A6F9207FCD57833D3E8EF1F21F00201D3
:10122000C3E8E21F002ADED0F6E7FFF7BEBFF7B53E
:101230001E468368154603F58052526F0446D20657
:1012400013D593F83E208A420FD0DB8FADF80430DF
:10125000E6F7F0F9324629466069E6F7F9F82046E4
:1012600001A9E6F709FA03B0F0BD324629466069E4
:1012700003B0BDE8F040E6F7EBB80CB407B504AB3B
:1012800053F8042B0193FFF7D2FF03B05DF804EB92
:1012900002B070472DE9F04187680546B7F8506005
:1012A0008846B318B3F5006F144627DAB7F8523002
:1012B000F61A56331F44B6B232463946381909F089
:1012C0004EF922464146384609F03CF9AA68B2F880
:1012D00050302344A2F85030AB68B3F85020134488
:1012E000002283F85620AB6803F58051496F8907C7
:1012F00006D4B3F852201444A3F85240BDE8F0815C
:1013000031462846BDE8F041E6F73CBAFFF7C2BFD8
:1013100038B505468068B0F85220B0F85040A41A9D
:10132000A4B29CB156321044411C224609F017F970
:10133000AA68611EB2F850302846013BA2F850302E
:1013400089B20122BDE83840E6F71CBA38BD10B5B5
:1013500083680446B3F850205AB1B3F8523043B111
:101360004FF0FF31FFF76CFE2046BDE81040FFF75D
:10137000CFBF10BD70472DE9F8430446884691461B
:1013800003F18E0708F017FC054618B3EFF311853B
:10139000202383F31288BFF36F8FA36803F5805374
:1013A0009B6F1A0521D53A4649464046FEF796FFFF
:1013B000A36803F580539B6F1B0502D42046E6F714
:1013C0008BFA08F0F8FBA0B185F31188BFF36F8F9B
:1013D000BDE8F883A66806F588500C304FF0FF3260
:1013E0004FF0FF33F9F784FFD7E72046FFF7C1FE40
:1013F000D9E7A06800F588500C30BDE8F843F9F74C
:10140000EFBF2DE9F04143680D461C68A368E2690F
:1014100003F580535E6F936857681B79C6F3001617
:10142000012B06D0032B01D0BDE8F0812046FFF749
:10143000A0FE33462A4639462046BDE8F041FFF774
:101440009ABF43681B68D3E90632D3E8EFCF8C44D8
:10145000C3E8E0CF0028F8D19368D3E8EF0F084441
:10146000C3E8E20F002AF8D17047134610B50C46C6
:101470000A4601461846FFF7D8FE204610BDF8B5CB
:1014800004460D4617468B6803F583531833D3E89B
:10149000EF1F41F40051C3E8E21F002AF7D168684A
:1014A000012103689B689847064680B9D4E9041077
:1014B000FEF7A2FB3A4629462068FEF733FE0122DA
:1014C00063685B685D60A3681E60A3681A71F8BDFD
:1014D00010B504460068FEF736FE0222A3681A71B2
:1014E00010BD0EB403B503AA52F8041B0192E5F730
:1014F000AFFF02B05DF804EB03B070472DE9F8438D
:10150000054690460E46002967D00024335D202B07
:1015100023D0093B042B20D93046DFF7B9FFAB6855
:1015200080B2598F001BA1EB0803984206EB040917
:1015300015D94846002710F8012B202A06D0A2F121
:10154000090CBCF1040F02D80A2A2DD03B4608EB47
:101550000702914227D90137EDE70134D6E74B4620
:101560000027B84214D013F8012B0A2A19D1686950
:10157000FFF7E0FA49463A462846FFF716FE686943
:10158000E6F7E8F90134414628463C44E6F700F81E
:1015900068693119FFF7A5FF6869BDE8F843E6F708
:1015A000D9B90137DDE71F466869FFF7C3FA3A4644
:1015B00049462846FFF7F9FD3C44335D202B02D015
:1015C000093B042B01D80134F7E76869E6F7C2F953
:1015D00041462846E5F7DCFF9EE7BDE8F88300209A
:1015E000704783690020186070470EB403B503AAE2
:1015F00052F8041B0192E5F72BFF02B05DF804EBF3
:1016000003B0704708B50168FFF73DFA002008BD38
:10161000836803F583531433D3E8EF1F21F02001CF
:10162000C3E8E21F002AF7D100207047836803F562
:1016300083531433D3E8EF1F41F00801C3E8E21FDE
:10164000002AF7D100207047836803F583531433D1
:10165000D3E8EF1F21F01001C3E8E21F002AF7D101
:1016600000207047836803F583531433D3E8EF1FDA
:1016700021F00801C3E8E21F002AF7D100207047DB
:10168000836803F583531433D3E8EF1F21F002017D
:10169000C3E8E21F002AF7D100207047836803F5F2
:1016A00083531433D3E8EF1F41F01001C3E8E21F66
:1016B000002AF7D100207047836803F58353143361
:1016C000D3E8EF1F41F02001C3E8E21F002AF7D161
:1016D00000207047836803F583531433D3E8EF1F6A
:1016E00041F00201C3E8E21F002AF7D10020704751
:1016F00008B58368D3E900210A60516000211A8986
:10170000C3E900115B8900681A440C32FEF787FCBC
:10171000012008BD0023C3607047F8B51F4603468B
:1017200053F8044F16469C4202D100203880F8BD81
:10173000C568B1B9002DF8D0AC4202D10023C36016
:10174000F3E76C68C460002CEFD02289304604F1C6
:101750000C0108F0F7FE0022238901203B80F2549F
:10176000E5E7002DEED08368AB42E7D02C68E9E7CF
:1017700038B50446051D6368AB4204D02046FFF728
:10178000B7FF0028F7D138BD2DE9F04F02F10C0565
:101790000368C5F100091B6909F003094D4485B0D0
:1017A0009D4204461746019110D80023C3606AB1D8
:1017B000466800F1040AB2450BD05EB1338993420A
:1017C00008D106F10C0008F05BFF18B905B0BDE8C0
:1017D000F08F1E464FF0000B23685989DA8891423A
:1017E00004BFC3E901BBC3F80CB0206883898288B9
:1017F000011DD21A036992B29B1AAB4228BF2B4635
:1018000003AAFEF79DFB8542804628D9206883897C
:101810008288011DD21A036992B29B1AAB4228BF7B
:101820002B4603AAFEF78CFB854219D173894344EA
:101830007381A844039D3A4601992F81A5F80A9027
:1018400005F10C0008F07EFE63684246C5E9003AE7
:101850005D6020686560011DFEF7A8FBB6E7E9D072
:1018600020680022011DFEF7A1FB63689A45B3D0F2
:101870002046FFF73DFFAFE7031DC0E9013300231A
:10188000C360704710B5044628B1DFF701FE00239E
:1018900080B2984201D8002010BDE25C3F2A03D0FC
:1018A0002A2A01D00133F4E70120F5E710B50446F8
:1018B00080684FF40062002100F6560008F069FECF
:1018C000A068B0F8502000F1560100F6560008F06C
:1018D00039FEA06800F65600FFF7DCFAA46804F6AB
:1018E0005600DFF7D5FD0130A4F8540010BD10B547
:1018F00004468068B0F8542000F65601563008F0CF
:1019000021FEA368B3F85420A3F8502010BD7FB582
:101910000BAB059303930A9B012202930023184605
:10192000CDE90033E2F704F907B05DF804FB2DE9D7
:10193000F04187680446FB680D4616469847BB6829
:101940002BB1324629462046BDE8F04118476FF0DA
:101950005700BDE8F0812DE9F74FDDF830B01F46A4
:1019600043EA0B030B4381460E46144604D56FF041
:10197000150003B0BDE8F08F0D9B002BF7D00E9B38
:10198000002BF4D011EB0B03F1D41BEB0702EED4C8
:10199000A04207D1B94201D10020EAE7914201DA21
:1019A0009F42E4DB484607F099FC10B96FF0120043
:1019B000DFE7204607F092FC0028F7D0A368204616
:1019C000DB6898470E9BD0F800804345CFD3B3FB2C
:1019D000F8F508FB1535002DC9D1DA46AB45DBD942
:1019E000C24508D2A3682046DB6898474246417941
:1019F0000D9808F0CEFDC245534638BF43460E9AB7
:101A0000934228BF1346D9F8082048461268711936
:101A100094460D9A0193E0470028AADBA26820466D
:101A20005368E9199C460D9A019BE0470028A0DB0A
:101A3000019B1D44AAEB030AD0E77FB50BAB0593CE
:101A400003930A9B0122029300231846CDE9003339
:101A5000E2F76EF807B05DF804FB01460068E6F7B0
:101A600085BA08B5E6F7F4FABDE80840E6F700BD28
:101A70007FB50BAB059303930A9B012202930023CE
:101A80001846CDE90033E2F753F807B05DF804FBE0
:101A90007FB50BAB059303930A9B012202930023AE
:101AA0001846CDE90033E2F743F807B05DF804FBD0
:101AB00000210120E6F75ABAD0F8983083F30B885A
:101AC000704761B662B680F31188BFF36F8F7047BD
:101AD00072B6002383F31188BFF36F8FBFF34F8F6C
:101AE00030BF62B6BFF36F8F704708B5D1E90431DC
:101AF0009847002008BD08B5E7F75CFA002008BD4C
:101B00000B0704D5A0F14103192B98BF2030704773
:101B10002DE9F04F85B08A46154604460293002809
:101B20003ED000293CD0002B00F00C810A46A04694
:101B3000294618F8010BFFF7E3FF0346C0B23F2820
:101B40000646177827D013F0C00F0BD1C8B12A284A
:101B500037D029463846FFF7D3FF864202F101020B
:101B60002DD01DE05B287AD05C28F2D1EB07F0D4B1
:101B70006078FFF7C5FF10F0FF0618BF04F10208F8
:101B8000E7E7EC0601D52F2F02D0381E18BF012041
:101B900005B0BDE8F08F1FB12F2F03D1A8070DD5D9
:101BA0000120F5E72E2F09D1690707D55245F7D057
:101BB000AB0703D512F8013C2F2BF1D0013244467C
:101BC000B5E76078FFF79CFFC1B22A2918D02E2F05
:101BD00009D16F0707D55245E2D0AE0703D512F8F9
:101BE000013C2F2BDCD079B915F00200D0D0ED06E6
:101BF00000F1AA802F21104608F079FD0038C5E7D2
:101C0000294618F8010FDDE72F2908D1AC0706D5C2
:101C1000104608F06CFD02460028D0D1C0E71646F9
:101C2000029B25F0040A03F1FF3905F00207B346D1
:101C300029469BF80000FFF763FF10F0FF0406F150
:101C40000106ADD04B46524659464046FFF760FF6D
:101C500001289DD12F2CEAD1002FE8D098E7002F42
:101C60009ED02F2F01D1A8079AD43846FFF748FFFE
:101C700063788146212B01D05E2B1DD101230234D4
:101C8000294614F8010B0193FFF73AFFC6B25D2E07
:101C900015D04FF0000B2F2E48D05C2E07D1EB074C
:101CA00008D4294614F8010BFFF72AFFC6B2002E0C
:101CB0003FF476AF234605E044460023E0E72346A1
:101CC0004FF0000B21782D2937D1294660780393F6
:101CD000FFF716FF10F0FF00039B18D05D2816D009
:101CE0005C2804F102030CD115F0010F09D1E31CAB
:101CF000A0780393FFF704FF10F0FF003FF450AF0C
:101D0000039B4E4503DC4845A8BF4FF0010B1C4622
:101D1000294614F8010BFFF7F3FEC6B25D2EBAD1C7
:101D2000019B5B453FF43CAF611C03D15B2F7FF40B
:101D300037AF4446A046013241E74E4508BF4FF059
:101D4000010BE4E7032023E7084621E74023FFF7E0
:101D5000DFBEE1F72FBC0EB403B5039911F04002CA
:101D60001EBF04AB049A0193E7F70CFB02B05DF8C9
:101D700004EB03B0704710B50446E8F7B3FB237BD0
:101D80006FF34103237310BD00F07EBB00F0E5BA92
:101D9000EAF7C2BAEAF73EBAEAF768BAEAF792BADD
:101DA00013B50024CDE90044EAF744FB02B010BDAE
:101DB00030B4DDE90245CDE9024530BCEAF73ABB73
:101DC00013B50024CDE90044EAF7D2FA02B010BD01
:101DD00030B4DDE90245CDE9024530BCEAF7C8BAC6
:101DE00010B4019C019410BCEAF70ABCEAF7B6B93A
:101DF0007047816A8968E7F713BC027A0132027280
:101E00007047034618465B68002BFBD17047426859
:101E100010B52AB10B461C465B68002BFBD16260F3
:101E2000416010BD10B5044620B908460B7A013355
:101E30000B7210BD034618465B68002BFBD1FFF701
:101E4000E6FF2046F5E72DE9F04107460D4614462A
:101E500034B9A0464046BDE8F08164689B1AF7E7B4
:101E6000228A9A42F9D9069A4FF00008954228BF73
:101E70001546002CEED0002DECD0268AE168F61A2B
:101E8000AE4228BF2E46194407EB0800324608F040
:101E900059FBB04400236468AD1BEAE783680B4438
:101EA000036070478388026819448180D0187047A6
:101EB00030B484880568A3188380281930BC08F0E2
:101EC00041BB30B5838802689D1C8580D418080A00
:101ED000D054617030BD03468288521A82800068F7
:101EE0000844186070478388C2888168D21A0368E2
:101EF0005B1AD01A704703688268C0889B1AC01AA0
:101F000080B2704738B5036B0446DB0728D5D1E9AA
:101F10000032B2F1FF3F08BFB3F1FF3F23D0D0E959
:101F20000A505B1942414FF0000128BF0121E9B975
:101F3000B2F1FF3F08BFB3F1FF3F17D0B2F1FF3F4F
:101F400008BF13F1020FC4E90A3203D104F11000F3
:101F500008F0BFFA00212046FAF740FF002038BD04
:101F60006FF00800FBE76FF01500F8E76FF00A006C
:101F7000F5E738B50446006BC50724D5D4E90A2334
:101F800052EA030522D0800716D501220023C1E9B9
:101F90000023D4E90A32013B42F1FF32C4E90A329C
:101FA000134302D1204608F094FA002104F11000F6
:101FB000FAF714FF002038BDC1E9002300220023F6
:101FC000C4E90A23EEE76FF00800F4E76FF00A00B7
:101FD000F1E70CB4034607B504AA084652F8041BFF
:101FE000DB680192984703B05DF804EB02B07047DC
:101FF000002AABBF0A234FF0FF3282FB03231346B4
:10200000E7F7A8BD0023036070471F2804D801220A
:102010000B68824013430B6070477FB50BAB059391
:1020200003930A9B029300231846CDE90033E1F79E
:102030007FFD07B05DF804FB08B5E8F7ABFB0020B7
:1020400008BD7FB50BAB059303930A9B0122029356
:1020500000231846CDE90033E1F76AFD07B05DF8CB
:1020600004FB08B58430E8F777FC10B18047002006
:1020700008BD6FF00100FBE70121E8F7D3BB0021A9
:10208000E8F7D0BB70B513461446072205460E4646
:10209000E8F78AFD38B9234631462846BDE8704046
:1020A0000622E8F781BD70BD2DE9F04106460D46D8
:1020B0001746002401F1100858F8043F33B10134E9
:1020C000E4B20B2CF8D10020BDE8F0813B4622465B
:1020D00029463046E8F768FD0028F0DAF4E7704753
:1020E0004368184783681847C36803B11847184600
:1020F00070477FB500200BAA059203920A9A0190BF
:102100000292089A00920122E1F712FD07B05DF8F1
:1021100004FB10B5D0F8003203EBC20413F83230E0
:102120000B2B1DBF01EB830148696368002018BFBA
:10213000C01810BD38B505460C4684304968E8F72C
:102140000BFC10B1A0600120256038BD7FB50BAB42
:10215000059303930A9B0122029300231846CDE9BD
:102160000033E1F7E5FC07B05DF804FB024600230D
:1021700030B5546D8C420AD8D56D25448D4206D9B0
:10218000282202FB0300836D1944081B30BD013374
:102190000B2B02F12802ECD16FF00700F6E700F1FB
:1021A0008C02AC3052F8043F3BB1D3F88C10824221
:1021B00001F1FF31C3F88C10F4D1704770B51D46A2
:1021C0005368D0F820111B0A826801EB0311044602
:1021D000904730B92946204663681022BDE8704018
:1021E000184770BD38B50446D4F80C3208469D181F
:1021F000D4F80822D4F80412954228BF1546194491
:10220000EA1A08F09FF9C4F80C52002038BDD0F843
:1022100008328B4294BFC0F80C32C0F80C12002078
:102220007047D0F8040208447047002310B501221B
:102230000446C0E98333D0F8081280F8143200F560
:102240000370E8F799F810B9012384F8043210BD3F
:1022500010B590F8043214464BB100F50370E8F75E
:1022600067F9A04214BF6FF01500002010BD6FF099
:102270001500F6E790F8043223B1002200F5037050
:10228000E8F79EB96FF01500704710B590F804326A
:10229000044633B100F50370E8F724F9002384F80D
:1022A000043210BDD1E900239A4215BF0133886082
:1022B0004B60012018BF0020704710B50C46E9F7AD
:1022C0007BFC23680BB10123237410BDF8B51546C0
:1022D0000E4649B910F1670F08BF0020D061101DEC
:1022E000BDE8F840F9F7FEB8138C012B31D8946A99
:1022F000442202FB03440BB144F8444C04F1240390
:1023000031461846B26808F01DF96A8C04F12C01B8
:10231000E2840A46E061B36806F12100A36106F198
:102320000D0353F8047B834242F8047BF9D11B78F8
:1023300013702162337BA3602B685BB1DB684BB108
:10234000022B14BF06221122C4E903322B8C013365
:102350002B84F8BD01230622F6E72DE9F74F074647
:102360008846022044211E461546E6F7ABFE044689
:102370003060002868D04FB3B5B3D5E9023ABAF15E
:10238000020F37D04FF0060B4FF0010A384600938A
:10239000DFF77EF804F1240301461A46384601931C
:1023A00001F05CFA90B1009BB4F824900BB1994510
:1023B0000CD1B8F1000F20D00A2200214046FBF7D3
:1023C0007DF84FF6FE73421E9A4217D933682A46AB
:1023D00041463846E9F790FD044680B33068E6F799
:1023E00063FE002333602BE04FF0060B4FF0010A31
:1023F0002B46CBE74FF0110BC8E74046B9F1010F70
:10240000C4E9029AC4F810B007D0B9F1020FDDD1C7
:1024100004F12403E361182303E004F12403E361DE
:102420000823A36104F12C032362002384F82C30D9
:102430002360030243EA2023E384A4F824900024C9
:10244000204603B0BDE8F08F6FF00904F8E70CB444
:10245000034607B504AA084652F8041BDB6801923C
:10246000984703B05DF804EB02B07047F8F740BF3F
:10247000F8F7B6BF07B5002201A9E1F719F803B0D4
:102480005DF804FBE1F796B808B5EDF77BFBB0FA11
:1024900080F0400908BD38B50D460446E9F716FD41
:1024A0002A460146204608F041F9002038BD01388F
:1024B00001288CBF002001207047ECF757BD002990
:1024C00005DAC36D494243F004034160C3657047B8
:1024D00070B50446D0F884000D46049E28B14FF034
:1024E000FF324FF0FF33F8F703FF002E05DAE36DFC
:1024F000764243F004036660E36504F16006E5B9E3
:10250000304607F003FA88B9E36D43F00103E36551
:10251000304607F08AF904F17C00F9F779FAD4F82B
:102520008400A8B1BDE87040F8F75ABF90F8373082
:1025300043F0020380F83730EDE795F8373029464D
:102540006FF34103304685F8373007F0A3F9E2E72F
:1025500070BDF8B50446B0F88E6000F16007C6F3B0
:102560004106002200233846F8F78AFF054640B9A5
:10257000384607F05AF904F17C00BDE8F840F9F755
:1025800047BA032E05D1FFF7E4FF2846EDF746FFD3
:10259000E7E702F009F8E4E72DE9F04F1546814638
:1025A0001A460E4689B021B1DDB92F464FF0FF3BE8
:1025B00004E0002DF9D00F46D5F800B04FF0000828
:1025C00002F002030193CDF8088009F1600ABBF123
:1025D000000F08D10FB1C5F800B0029809B0BDE8EE
:1025E000F08F0127E8E7504607F08CF904460028F1
:1025F000F0D08045EED0B8F1000F08BF804602F061
:102600002EF983455A4628BF0246029903461144D3
:102610000291ABEB02010491BFB102B3019919B170
:10262000E16803912169059131682046CDE90623CF
:1026300002F0AFF83168069A079B1144019A3160A5
:1026400082B1039BE360059B236100220023504677
:10265000F8F716FF0146504607F01CF915E0019AFD
:10266000002AF2D19B4510D3002300225046F8F7F0
:1026700007FF90F837309B0742BFD9F85C3043F032
:102680000103C9F85C3001F08FFFDDF810B09EE760
:10269000EAF748BAEAF774BAEAF7A6BAEAF7CABAA2
:1026A000EAF72CBBEAF74ABB002307B5CDE90033B4
:1026B000EAF744FB03B05DF804FBEAF7C1BB10B5D1
:1026C000D0F8842004460B4692B1026E0AB1002075
:1026D00010BDD0F88410D3E900237C30F9F7F6F967
:1026E0000028F5DBE36D5B07F1D560684042EFE75A
:1026F0006FF01500ECE7EAF7FDBBEAF79FBE002399
:1027000007B5CDE90033EAF799FE03B05DF804FBA5
:10271000EAF7C0BEEAF7F4BEEAF79EBFEBF77EB871
:10272000EBF7B0B830B5044687B001AD0FCC0FC59C
:10273000236801A82B60019B984707B030BDF8F7CC
:102740000BBFF8F7CFBEFAF749BB10B504464FF000
:10275000FF324FF0FF330830FFF7F1FF2046EBF771
:1027600065FA002010BD10B4029B0BB100241C6060
:1027700010BCEBF7ADBAEBF74FBB006800F0F00010
:10278000A0F1E00358425841704710B1006800B111
:102790008068704710B1006800B10068704710B5DC
:1027A000FFF7F8FF836823B1DB6813B1BDE8104081
:1027B0001847002010BD08B5FFF7E7FF007E08BDF1
:1027C00070B50446FFF7E6FF85688DB161B9204614
:1027D000ECF7FAF9AB680BB9002070BD2046FFF7A3
:1027E000D9FFBDE8704018476B68002BF9D1F3E7BB
:1027F0006FF00100F1E70378FF2B11D14378FF2B35
:102800000ED18378FF2B0BD1C378FF2B08D103792E
:10281000FF2B05D14079A0F1FF0358425841704782
:1028200000207047B1F5006FF8B5144624D19368C5
:10283000DD682846FFF7DFFF40B90122012094F848
:10284000373062F3061384F83730F8BD05F110060F
:102850003046FFF792FF0028EFD19769EDF7E8FACD
:102860002A6903689A42E8D031463846ECF70CFCF6
:102870000028E2D10220E8E748F2DD639942F9D16D
:102880000222DBE7036993B1031FD3E8AF3F427D28
:1028900003F0010302F00101994208D063F3000242
:1028A000427500690BB100F05FBE00F071BE704769
:1028B00001230B7000234B705E238B704378CB7029
:1028C000827803F07F030A71C278CB704A71704737
:1028D00008B5FFF75AFFD0E8EF3F43F00102C0E828
:1028E000E12F0029F7D1DB0704D4BDE8084004300C
:1028F000F8F7E6BF08BD08B5FFF747FFD0E8EF3FA0
:1029000023F00102C0E8E12F0029F7D1DB0704D54D
:10291000BDE808400430F8F7D3BF08BD0020704779
:1029200003680B604368016003B941607047136836
:1029300039B9416803608A4200D1436000231360C3
:1029400070470B6043689A4208BF4160F6E710B1D8
:10295000006800B1103070470278034662B94078D1
:1029600050B99A785AB9D87840B91A793AB9587999
:10297000B0FA80F040097047002070471046704759
:1029800008B507F005FC0A220023DEF719FD08BD93
:102990000378FF2B11D14378FF2B0ED18378FF2BC7
:1029A0000BD1C378FF2B08D10379FF2B05D14079D8
:1029B000A0F1FF035842584170470020704730B1E2
:1029C000006820B10C30D0E8AF0FC0F34030704742
:1029D000F8F78EBC31B1062343700B68C0F80230A3
:1029E0008B88C380704788B1837E9B070DD5038891
:1029F000012B0AD190F91930012B06D119B10A68BF
:102A000043689A4201D1043070470020704730B5C6
:102A100000B930BD84688C4203D1C5681468A542F2
:102A2000F7D003B118600068F2E7F8F7D9BC08B531
:102A30000346FFF7C4FF28B903F17400BDE808405E
:102A4000FFF7F3BF08BD38B5044619B100F118050A
:102A5000A3692BB90023A360E3602361A38238BD7F
:102A60004FF0FF324FF0FF332846F8F709FD01F031
:102A70009BFDEDE72DE9F743904682680E4605463B
:102A80001146002329B91B2B07D8022003B0BDE84B
:102A9000F083088A49680344F4E7D4682388B3F5CF
:102AA000807FF2D16388082BEFD12279062AECD1FE
:102AB0006379042BE9D1A37B7F2BE6D0E388B3F5C0
:102AC000807F08D0B3F5007F00F0B080284601F089
:102AD0006BFD0020DAE7D5F8189004F108074846A6
:102AE000FFF735FF811C384607F0CAFD0028CCD01F
:102AF0004046FFF74DFFC0B104F112021046FFF748
:102B000047FF18B91046FFF727FF70B1D4F80E2021
:102B1000A3699A4209D100233A460093484601230B
:102B200004F10E01EBF79CFFD0E7EBF7F5FC062272
:102B30000146404607F0A4FD28B9D4F80E3003F052
:102B4000F003E02BA1D0D5F8188004F11801D8F8D3
:102B50000800FFF748FF002897D004F11200FFF7A4
:102B6000FBFE48B101233A4600934046002304F19E
:102B70000E01EBF775FF3E464FF47A720023AF6902
:102B8000CDE9002300231C211A463846EDF77CFFCF
:102B9000044600289AD080681C210C30FFF782F987
:102BA0000820A368AA68DB68D16898700022062014
:102BB0001A70DA7018719A714FF00108042002221D
:102BC00083F80180DA715871306803F11202C3F89A
:102BD0001200B088D8823846FFF7B9FED0F80260FC
:102BE0009E60C0889881D1F80E0098618969C3F809
:102BF0000E103846FFF7ABFE811C04F12400FFF7EE
:102C0000E9FE114604F12C00FFF7E4FE40F606034E
:102C1000A38694F83730002268F3061384F837301F
:102C200021460023A06900F019FC4FE704F11806C3
:102C30003046ECF7A3FA38B100230093A86904F1F9
:102C4000080204F10E016DE7EDF7F2F8A2690368DE
:102C50009A42F1D031460020ECF716FA00283FF4F2
:102C600035AFE9E7104692F83730012262F30613D8
:102C700080F8373000F12E0200F12601FFF7FABE8E
:102C800038B590F8383004466FF3820380F8383056
:102C900083680D467BB199B194F83830204643F0F3
:102CA000040384F8383001F00FFD94F83730C3F393
:102CB0000213032B0DD92046BDE8384001F074BC47
:102CC0000146806900F0C1FB0128E5D00028F2D15F
:102CD00038BDA368DB681B7803F0F003402BEAD112
:102CE0002946204602F08DF9F0E710B5E9F7F2F831
:102CF00001F0E8FEEDF78AFDEEF770FA02F053FA04
:102D0000EEF74CFAF0F756FAEDF7E2F9ECF78AFD38
:102D1000EDF7E0FEECF728FEEAF70EFFF1F74AF8D0
:102D2000044618B9F1F7DAF9F1F7CCFF204610BDE7
:102D30002DE9F04115461E460446002800F08F801C
:102D40008368002B00F08B808369002B00F08A8061
:102D500001F085FC204601F0B7FC94F83730C3F34E
:102D60000213012B0AD02A4633462146A06900F0FF
:102D700085FB022836D16FF004000BE0A368DF6802
:102D80003B7A7BB3EDF750F83A6903689A4203D176
:102D90006FF07C00BDE8F081A368DF683B7C7F2B8F
:102DA00022D1A368DB68DA68A368DB681969D96097
:102DB000A368DB681A614FF40063A569A38604F178
:102DC000240004F12C06002D3AD10822294607F0F0
:102DD000B9FB00231A680121E2625A68204672603A
:102DE000FFF74EFF0020D5E7D4F81880EDF720F864
:102DF0003A6903689A421DD007F110014046ECF78A
:102E000043F90146B0B9A368D3F80C8008F1100764
:102E10003846ECF7B3F90028C3D1EDF709F8D8F834
:102E2000102003689A42BCD039460020ECF72CF9F8
:102E30000028B6D1A368DB681B7B7F2B93D1A7E763
:102E4000296841B10B6963624B6943602B68002BB1
:102E5000BFD01033BEE7082207F074FBF6E76FF02F
:102E60003C0097E76FF0150094E7816809B9FFF718
:102E700007BF4968FAE738B505460C46A1B398B3D1
:102E80008B68A3B3DA6892B31B8A83B3036813B960
:102E90006FF0720038BD0C33D3E8AF3FDB07F7D5D6
:102EA00091F83730084643F0010381F8373001F0DC
:102EB0000BFCA5612B68EBB11B7C84F8243084F8F3
:102EC0002C30A36853B994F83C00EDF7FBFD214684
:102ED000C0B2EDF7EBFD18B90020DBE75B68F1E766
:102EE000204601F061FBF7E76FF01500D2E76FF0C5
:102EF0003C00CFE71B78FFDE002203680BB91846C1
:102F000070478B4210D10B6842B94268036091420E
:102F100000D14360002301200B60704713604368B9
:102F2000994208BF4260F5E71A461B68E6E710B110
:102F3000006800B14068704710B1006800B10068D7
:102F4000704710B428B1846B1CB12346426810BC92
:102F5000184710BC704710B50346FFF7E8FF28B1CB
:102F6000C2681AB1BDE8104018461047002010BDD5
:102F700038B1006828B10C30D0E8AF0F084100F03C
:102F80000100704708B507F003F90A220023DEF7B5
:102F900017FA08BD60B1036853B101220C3302FA7D
:102FA00001F1D3E8EF0F0843C3E8E20F002AF8D19C
:102FB000704768B103685BB1012202FA01F1C943AD
:102FC0000C33D3E8EF0F0840C3E8E20F002AF8D132
:102FD0007047F8F78DB94FF0FF324FF0FF33603094
:102FE000FFF7F7BFF8F7FCB970B50C460546164673
:102FF000FFF7F1FF012C0DD1AC686CB905F1600051
:10300000FFF7F0FF204670BD626833689A4218BF30
:103010000024F3E70024F1E7A37EC3F340029B07FB
:10302000F2D41446EAE7F8B50E461746054628B32B
:10303000FFF7D1FFAB682BB900241AE0002F18BFAF
:10304000002416E09A7EC2F34004920711D5711C49
:1030500003D093F91920B242EED11A88012AEBD19C
:103060001C1D2046EBF766FE0028E7D0002F08BFA6
:10307000002405F16000FFF7B5FF25462846F8BD9E
:1030800070B504460D46FFF7A6FFA36833B90026C6
:1030900004F16000FFF7A6FF304670BD9A7EC2F3D0
:1030A00040069207F3D51A88012AF0D1DA695B68E5
:1030B00063EA02032A689342E9D1E9E710B588B1CF
:1030C000006878B101230C3003FA01F1D0E8EF3F3A
:1030D00043EA0102C0E8E42F002CF7D1194214BFE3
:1030E0000120002010BD30B590B1006880B10123EF
:1030F00003FA01F1CA430C30D0E8EF3F03EA0204BF
:10310000C0E8E54F002DF7D1194214BF012000207F
:1031100030BD2DE9F04104460D4617469846FFF7AD
:103120005AFF08212046FFF723FFD0B9062F1BD8EE
:10313000D4B12668C6B106F112006DB9C6F81250B6
:103140008580002586F81080777404F16000FFF711
:1031500049FF2846BDE8F0813A46294607F0F2F9D2
:10316000EFE74FF0FF35F0E76FF01505EDE738B505
:1031700004460D46FFF72FFF00212046EBF750FFD6
:10318000002801DBA3682BB904F16000BDE83840DA
:10319000FFF728BF9A7E9207F6D51A88012AF3D145
:1031A0002A68DA61F0E770B505460E46FFF713FFAF
:1031B000AB6883B19A7E0021C2F3400492070BD51D
:1031C0001A88012A05D158683268DB6942401A42E0
:1031D00002D00C4600E01C4605F16000FFF702FF3C
:1031E000204670BD0122FFF71EBF0022FFF71BBF64
:1031F00038B5EBF7BBFE044640B1FFF7ECFEA5681F
:103200005DB904F16000FFF7EDFE2C46204638BDA5
:103210002B88012B18BF0025F3E7AB7EC3F34002D8
:103220009B07F5D41546ECE713B501460020019045
:10323000EBF742FF0446ECF7F7FD844205D1EBF7CC
:10324000BBFE0190019802B010BD204601A9EBF72A
:1032500095FF019B002BF5D1F1E7F8B505460F4628
:103260001646FFF7B8FE00212846EBF7D9FE0028E6
:1032700018DBAB68B3B19A7E0021C2F34004920719
:103280000AD51A88012A0FD158683A684240D8698D
:10329000024209D13268DA6105F16000FFF7A2FE4F
:1032A0002046F8BD0024F7E70C46F5E708B5EBF734
:1032B0005DFE10B1FFF75BFF012008BD10B514469D
:1032C000EBF754FE18B12246FFF7C7FF012010BDEF
:1032D00038B504460D46FFF77EFE00212046EBF789
:1032E0009FFE002803DBA3680BB12A68DA6304F1B0
:1032F0006000BDE83840FFF775BE08B5EBF736FE55
:1033000010B1FFF7E5FF012008BD70B515461E4658
:10331000EBF72CFE30B133462A46EBF759FF003865
:1033200018BF012070BD38B50C46054660B159B1D3
:10333000FFF751FE237E05F160006FF34103237612
:10334000BDE83840FFF74EBE38BD38B50C460546DF
:1033500060B159B1FFF73FFE237E05F1600043F0F5
:1033600002032376BDE83840FFF73CBE38BD38B5D0
:103370000546FFF730FE00212846EBF751FE0028F6
:1033800009DBAC680CB194F8404005F16000FFF730
:1033900029FE204638BD0024F7E738B50546FFF77B
:1033A0001AFE00212846EBF73BFE002809DBAC683B
:1033B0000CB194F8414005F16000FFF713FE204680
:1033C00038BD0024F7E710B5FFF70EFE80B100F11D
:1033D0001403D3E8AF2F5AB1511CD3E8EF4F9442F6
:1033E00004D1C3E8EC1FBCF1000FF6D1F1D110BD40
:1033F0000020FCE737B50C460546D8B1A9B1FFF768
:10340000EAFDAB6863B122460121284601ABECF727
:1034100053F800280CDD019B9A7E6FF304129A7614
:10342000002405F16000FFF7DDFD204603B030BD4C
:103430000124F6E70446F8E708B5EBF797FD18B165
:10344000BDE80840FFF7D6BF08BD10B50346FFF73B
:103450006EFDBDE8104002681846104710B50C46D6
:103460008B684BB994F83C0001F03BFB2146A06906
:10347000BDE81040ECF788B85B68F2E72DE9F04151
:103480000C46D1F814800921054616461F46FFF761
:103490006FFD70B96FF07206B8F1000F03D03146BE
:1034A0004046FFF74EFD94F82D30002B3AD1022014
:1034B00025E004212846FFF75BFD0028EAD1012121
:1034C0002846FFF755FD68B994F8253053B9A3692C
:1034D0000BB95B78FFDE186898B1427C00F11201ED
:1034E000062A10D994F83730C3F30213012B11D0F8
:1034F000284632463B462146FFF7B0FF0020BDE894
:10350000F0814378E6E784F8252004F1260007F0EF
:1035100019F8E7E7204601F044FE022809D16FF0D0
:103520000406B9E73246284604F12C01ECF706F808
:10353000BDE70028E3D1DBE70A460121EBF706BC33
:103540000A460221EBF702BC002307B501A901934B
:10355000EBF714FE28B1019803B05DF804EBECF72B
:1035600067B803B05DF804FB10B5044678B1FFF707
:1035700032FD09212046FFF7A1FD10B92046EBF7E7
:10358000EDFE04F16000BDE81040FFF72BBD10BD5B
:1035900010B5044678B1FFF71EFD09212046FFF75C
:1035A000A2FD10B12046EBF7D9FE04F16000BDE8A2
:1035B0001040FFF717BD10BDF8B50E46174688B18D
:1035C00081B1002A0EDD00F150052846DDF760FFCD
:1035D0008742044609DD421C2946304606F0B2FF08
:1035E0002046F8BD6FF01504FAE76FF02104F7E705
:1035F00010B50C0901F00F0103B944B1092C85BFC6
:10360000A2F10A03E4183034E4B200F8014B0023BD
:10361000092985BF0A3A89183031C9B2017000F80A
:10362000013F10BD2DE9F04111F001064BD13346A9
:1036300040BA80B28C0708D5012A06D931F8024B6E
:10364000023A2418204643F100030D4694464FF0F9
:10365000000EBCF10F0F05F1100540D86FF00F05FB
:10366000140905FB042217464FEA041C01EB04145D
:10367000032F4AD86FF00305940805FB04242A4061
:103680006244012C01EB020506D98A5A023C121849
:10369000104643F100030235012C07D12A78E907CF
:1036A00048BF12021218104643F10003020C42EA0E
:1036B0000342190C52EA134380B22ED10EB940BA1C
:1036C00080B2BDE8F0810023002ABED011F8014B82
:1036D000013A24022418204643F10003AAE755E9E1
:1036E0000447E41955F8087C4EEB0E08E41955F828
:1036F000047C48F10008E41948F10007241820462A
:10370000ACF1100C43EB0703A3E754F8045B043F50
:103710002D18284643F10003AAE7801841F1000361
:10372000C4E72DE9F04790F837300546C3F302139C
:10373000012B7DD14B1E012B50D900228368002B19
:1037400048D14FF0080995F8363095F83A0003440F
:10375000CC1A1444A4B22846D5E9038700F0B4FF7C
:1037600095F8373095F8361003F0010643F0010361
:1037700085F83730A1EB0901284600F0F4FF4A46EE
:1037800029692046FFF74EFF95F83A100446494450
:10379000284600F0E8FFEA6862B12B6953B1B2F83D
:1037A0001090D2689B1AA9EB0309D5F80CA0BAF1C6
:1037B000000F16D1002C38D064BAA4B2E04395F8BB
:1037C0003730C5E9038766F3000385F8373080B2E8
:1037D000BDE8F087188A5B680244B0E70024A14680
:1037E000B9E720464A462969FFF71CFFDAF804309A
:1037F0000446EB60002BDDD01A8A002ADAD0DA68A2
:1038000019F0010F2A610DD0117801320C44A4B2D5
:103810002A61A142B3F8109084BF0134A4B209F127
:10382000FF39C2E7B3F81090BFE74FF6FF74C5E762
:103830000020CDE708B590F8361090F83A2083685C
:103840000A440020D968FFF7EDFE20B140BA80B2EB
:10385000C04380B208BD4FF6FF70F9E770B4A8B15D
:10386000A1B1037893B15B2B10D0044600230E184E
:1038700014F8015B25B13A2D08BF0133B442F7D1EA
:10388000012B18BF002370BCECF754BA002070BCA9
:103890007047F7F7A5BDF0B5164614228BB00C465D
:1038A000074600210DEB02001D4606F072FE0122C4
:1038B000069207AACDE90722002203AB44F0006478
:1038C000CDE90333CDE90023029407B10997684697
:1038D000ECF78AFB0198DDE91023F7F73DFE041EA3
:1038E0000ADA14F10B0F684608BF6FF07304ECF7A7
:1038F0009FFB20460BB0F0BD0EB1029B3360002D44
:10390000F7D0099B2B60F4E730B4DDE904450023D0
:10391000CDE9024530BCFFF7BEBF006800F0F00003
:10392000A0F1E00358425841704738B1006828B10F
:103930000C30D0E8AF0F084100F001007047F7F7F6
:10394000D7BCF7F74DBDEBF711BBF0B506460F46F8
:10395000052587B002210DF11600E6F71BFFBDF823
:103960001640013D4FF0000144F400440ED0CDE973
:10397000011164BA0097A4B22346304696F88C2011
:10398000ECF71CFC1130E5D0204600E0284607B0DB
:10399000F0BD90F88A0070470120704700F10803DD
:1039A000D3E8EF0F0130C3E8E20F002AF8D17047E7
:1039B00038B5044600F10803D3E8EF0F421EC3E810
:1039C000E12F0029F8D1012801D0013838BD04F1D8
:1039D0000C0528464FF0FF324FF0FF33FFF7AFFFE3
:1039E000206B18B1EDF75EFA00232363B4F88E3034
:1039F000284623F00703A4F88E30FFF7A2FF00202B
:103A0000E4E7F0B5056B04460E4687B0002D73D190
:103A10000B88012B73D1072A059570D9B0F88E3029
:103A20001B0504D590F99000FFF78DFF0590371D19
:103A30003846FFF772FFB0B1B4F88E30C3F381138C
:103A4000022B05D194F88B0010B1EBF78FFA05909B
:103A5000384605A9EBF750FC002842D16FF001046D
:103A6000204607B0F0BD7268059B9ABB23B904F1EC
:103A70002C00FFF7D9FB0590ECF7D6F90546059B1E
:103A8000002B36D004F10C074FF0FF334FF0FF321C
:103A90003846FFF754FF0598EBF7CAFD012384F879
:103AA0009000238465627388EBB194F88A202046E5
:103AB000029294F889200599CDE9006294F88C204F
:103AC000ECF77CFB90B97388638400243846FFF7D9
:103AD00038FFC5E703B905AD29463846EBF74EFB7D
:103AE000BAE7051DCBE7638C7380EEE76FF06F04D8
:103AF000ECE76FF07C04B3E76FF07E04B0E76FF0A3
:103B00001504ADE713B5B0F88E300446C3F3C20315
:103B1000012B12D1426A72B969460192ADF80030A8
:103B2000FFF713FF0822ADF8020069462046FFF7B1
:103B300068FF02B010BD0020FBE76FF01500F8E74A
:103B400038B5B0F88E300446DB0717D500F10C0508
:103B50004FF0FF324FF0FF332846FFF7F0FE2046CC
:103B600001F005FE0028284603DBFFF7EAFE0020EF
:103B700038BDFFF7E6FE6FF05E00F9E76FF0080072
:103B8000F6E770B50C4605461E46114602B9416A75
:103B90000B681BB10846FFF7C0FE30B13146A06983
:103BA000EBF78AFA03680146CBB195F8883094F8B0
:103BB0003B009B0863F3050084F83B0095F88830D0
:103BC000324663F3871084F83B0095F8883020462E
:103BD0005B0984F83C30BDE8704001F0BAB96FF081
:103BE000150070BD2DE9F74F1C46B0F88E30054624
:103BF000D80788461746DDE90C2ADDF840B09DF865
:103C0000441040F1258139B132B95CB9B8F1000FE7
:103C10000BD16FF0780495E0002CFAD0C3F3C20109
:103C2000012964D06FF015048CE0C3F3C202012AAD
:103C3000F8D1D8F800402CB1C146D8F80420072AA2
:103C400003D8EFE7C14605F128046268002AE0D0F6
:103C5000C3F38113022B4DD0EB6A002B58D0B9F17E
:103C6000000F05D027B93B46D9F80C1099425BD11B
:103C700095F99000FFF767FE034600285CD1B5F880
:103C80008C3095F99000062BC5F838A0C5F804B023
:103C900063D1FFF758FEB5F88C30112B40F09D80B2
:103CA0000026231D002231462846B4F802A0FFF763
:103CB00068FF041E19DB2846FFF724FF044688B975
:103CC00052463046698C02F01CF8044650B9BA4698
:103CD000B9F1000F40F09C803A464146304600F072
:103CE000B4FE0446002C80F297805EB371E04FF082
:103CF0000009A4E7201DFFF710FE0028ACD095F8BE
:103D00008B000028A8D0EBF731F90028A7D1A3E752
:103D1000B5F88E301B05A2D4201DFFF785FAEBF70E
:103D200087FC85F890009AE7D9F8082002EBC302D7
:103D300052680133174499E70021FFF7F6FD28B9CF
:103D40006FF07204204603B0BDE8F08F08211846DA
:103D5000FFF7EBFD002892D1F2E7FFF7F4FD42F206
:103D600010720023CDE900233946012295F88C30EA
:103D7000ECF78AFE0646D8B1456195F88C1000F044
:103D80004FFCB84217D3B5F88C30112B89D0062BD5
:103D90001DD14B463A464146284601F08FFE041E8F
:103DA000A3DB5A4651462846274601F0E8FC40E08E
:103DB0006FF06804C6E7B5F88E30C3F38113022BA9
:103DC00043D0B5F88C30112B0CD0062B37D06FF0C8
:103DD0007A04304600F0E8FBB4E7062B31D06FF0F0
:103DE0007A04AFE707465CE7D9F80830304603EBC2
:103DF000C402526853F83410524528BF52469046C8
:103E000000F023FE00281EDBBAEB080A04D00134C0
:103E1000D9F80C309C42E7D3304600F055FC3046D0
:103E200095F88C1001F0A6F8DDE90E233046FEF778
:103E30007FFF00280446FFF658AF3C4682E707465E
:103E4000A7E70026A5E704464FE76FF00B04C0E79D
:103E50006FF0080476E72DE9F04F044600F10C08F6
:103E600089B015461F464FF0FF324FF0FF334046F2
:103E70000E46DDF85090FFF762FDB4F88E30C3F3C4
:103E80004101012973D0DA0774D53288C3F3C20324
:103E90009A4275D1032970D0012A71D1072D6FD9AB
:103EA000B4F88C30062B0ED001227368E362B6F8AA
:103EB00002A02285A4F82AA0B4F88E2023BB22F405
:103EC000807292B222E004F12C0A5046FFF725FDE1
:103ED00040B16FF07C054046FFF733FD284609B03E
:103EE000BDE8F08F94F99000FFF72DFD0546EBF744
:103EF0009FFFE26A03689A42EBD051462846EBF7EF
:103F0000C3F80028D0D0E4E742F480722046A4F839
:103F10008E20FFF7F7FD05460028DCD10123618CD8
:103F2000626A2384ADF81830ADF81A1012B1136824
:103F3000079306AAB4F88E30C3F38113022B06D17F
:103F4000002FC8D04A4600212046B847C3E7012BBE
:103F500019D1DDE912BC0091534631462046CDE926
:103F60000479CDE902BCEEF777FF0546B3E76FF0C1
:103F70007705B0E76FF00805ADE76FF05E05AAE7DB
:103F80006FF01505A7E76FF08505A4E770B5B0F8E9
:103F90008E300446DB070D4626D500F10C064FF0A7
:103FA000FF324FF0FF333046FFF7C9FCB4F88E30D4
:103FB000C3F34102032A03D0C3F38113012B0ED1B3
:103FC000B4F88C30062B0DD120462946049AEDF723
:103FD000D9FB04463046FFF7B4FC204670BD6FF0B5
:103FE0001504F7E70024F5E76FF00804F5E72DE97D
:103FF000F043054600F10C07164699464FF0FF3294
:104000004FF0FF33384687B08846FFF798FCB5F885
:104010008E40E20521D56B8DFBB1DDE90E01002359
:104020000593109BC4F3C2040493631E5C425C417D
:10403000E400CDE902010094324641462846CDF81D
:10404000049005F12803FFF7CDFD04463846FFF73D
:1040500078FC204607B0BDE8F0836FF07804F5E700
:10406000F0B500F10C0787B004461E4638464FF005
:10407000FF324FF0FF330D46FFF761FC012305933C
:104080000E9B29460493DDE90C23CDE9022300238E
:1040900020461A4600930196FFF7A4FD04463846D1
:1040A000FFF74FFC204607B0F0BD2DE9F04100F1CD
:1040B0000C0786B004461646984638464FF0FF3245
:1040C0004FF0FF330D46FFF73AFCDDE90E01012307
:1040D0000593109BCDE9020104930D9B3246019399
:1040E0000C9B2946009320464346FFF77BFD044680
:1040F0003846FFF726FC204606B0BDE8F08170B5D3
:1041000004460D4600F10C064FF0FF324FF0FF332E
:104110003046FFF714FC2946204601F0B5FC044662
:104120003046FFF70EFC204670BD30B413460D46F6
:10413000F0B1E9B1E2B1B0F88E20C2F38112012AE8
:1041400003D130BC002201F069BA022A13D1018CDC
:10415000012913D11A682980418C082A698028BF57
:104160000822416A0020096869601A6030BC704703
:104170006FF01500FAE76FF06C00F7E76FF0690079
:10418000F4E7816149B10B682BB11B7C80F82430C6
:1041900080F82C3070471B78FFDE704790F837307E
:1041A00091F83720C3F3021363F3061281F8372026
:1041B00043694B6190F8363081F8363090F83B20F7
:1041C00091F83B3062F3050381F83B3090F83B30C7
:1041D00091F83B209B0963F3871281F83B2090F80C
:1041E0003C3081F83C3090F8382091F8383062F358
:1041F000000381F8383090F8373091F83720C3F356
:10420000400363F3410281F8372090F83730D2B28F
:10421000C3F3800363F3820281F8372090F83730CC
:10422000D2B2C3F3C00363F3C30281F8372090F81E
:10423000383091F83820C3F3C00363F3C30281F828
:10424000382090F83830D2B2C3F3800363F382028F
:1042500081F83820838E8B8683684BB18B683BB1A5
:10426000436A4B62836A8B62C36ACB62036B0B63E4
:1042700090F83730C3F30213012B01BF90F83930A7
:1042800081F8393090F83A3081F83A30704738B5D3
:1042900004460D46C3685868E06030B14DB10C303B
:1042A000FDF729FEE3680028F5D0E3681BB9236118
:1042B00038BD008AF6E7DB68F9E738B50446C06820
:1042C0000D4688B171B10C30FDF715FED4E903231A
:1042D000D2689B1A834207D129462046BDE8384060
:1042E000FFF7D5BF008AF1E738BDF8B5044694F86A
:1042F00037301646DA070F46C06815D4A6B10C3021
:10430000FDF7F9FD0546D4E90303C2689B1A3B4457
:10431000AB4211D194F83730DB0708D43146204640
:10432000BDE8F840FFF7B3BF0026058AEBE70C3085
:10433000FDF7E1FDA842F1D923693B442361F8BDB3
:1043400001280CBF14200020062901D11C30704721
:10435000112901D108307047012901D03A2900D133
:10436000043070472DE9F74F0024A2460646174651
:10437000DDE90C2368460D4605F00CFFDDE90089F8
:10438000DDE90C233046FDF734FDA346044628B989
:10439000BAF1000F32D14FF0000A29E0BAF1000F54
:1043A00016D1BBF1000F27D0CBF80400638A9D42E1
:1043B00038BF6582638A42466846ED1A4B4605F06F
:1043C0000DFFDDE90023CDE90C23002DD8D10FE04E
:1043D0005045CBF80400E9D1638A002FE6D03D4474
:1043E000AB42E8D942464B466846658205F0F6FE88
:1043F000504603B0BDE8F08F8246EDE75046E5F742
:104400008FF9C8E70346002003B970471A8A5B6832
:104410001044F9E72DE9F84304460F46164699463D
:104420009DF82080E368002B00F083800EB93046B1
:1044300084E094F83730204613F0010F0CBF41465A
:104440000021FFF73AFFE068002875D0B8F1000FAF
:104450001ED094F83730DD071AD40C30FDF74BFD31
:10446000D4E90323D2689B1AC51A002D64D0B54243
:1044700028BF3546B9F1000F2ED07FB9B8F1000F33
:1044800043D1424629462046FFF72FFF002731E05F
:104490002369C268058A9B1AED1AE6E72A46206955
:1044A000B8F1000F0DD0394606F04CF894F83730CB
:1044B000D90730D5012229462046FFF716FF4FB90C
:1044C000E4E70146384606F03DF8424629462046D4
:1044D000FFF70BFF2F440DE077B12A4639682069BA
:1044E00006F057F8B8F1000F09D142462946204698
:1044F000FFF7FBFE761B95E7B8F1000FC1D094F8EB
:104500003730DB0707D50122F0E794F83730DA07B8
:1045100001D50122B6E7E06829460C30FDF7C2FC60
:10452000424629462046FFF7E0FEB9F1000FC6D10A
:10453000E0E7002E3FF47BAF6FF06800BDE8F88342
:104540002DE9F04106460F4615461C4605F033FBA3
:1045500008B100252C46802F06D82A46234630462F
:10456000BDE8F041FDF745BC0020BDE8F08110B585
:1045700080B100F12003D3E8AF2F5AB1511CD3E82A
:10458000EF4F944204D1C3E8EC1FBCF1000FF6D109
:10459000F1D110BD0020FCE708B1FDF72EBC70473B
:1045A00008B1E5F7BDB8704710B50446D8B100F1C1
:1045B0002002D2E8AF3FB3B1591ED2E8EF0F9842C4
:1045C00004D1C2E8EC1FBCF1000FF6D1F1D1012BF0
:1045D00009DCA06808B1FFF7E3FF21466068BDE889
:1045E000104004F06FBF10BD38B5044608460D46B4
:1045F000FDF707FCA3684360A56038BD70B50446AD
:1046000030B10026856825B9A068FFF7FBFE301A97
:1046100070BD05F10C00FDF76EFC6D680644F2E715
:1046200038B5044670B190F83720836812F0700FE7
:10463000C2F3021507D11846FFF7E4FE2046FFF744
:10464000DDFF401B38BD2846FFF77AFE05461846B9
:10465000FFF7D8FEA8422CBF00252D1AEEE7F8B5CB
:10466000044680680027054600B9F8BD038A4668FD
:104670003BB9A368834207D1A6604760E5F750F8CD
:10468000284605463046EFE76B68834208BF6E60F8
:10469000F3E710B584682046FFF7B4FE884210D3D4
:1046A000411A4CB1238A60688B4207D3218218B12A
:1046B000FFF776FF00236360002010BD0446C91A8F
:1046C000EFE76FF01500F8E78368C36003B1DB68BC
:1046D0000361704710B582680C4622B98160BDE85D
:1046E0001040FFF7F1BF1046FDF78BFB2146BDE8F8
:1046F0001040FDF78CBB2DE9F04F044685B0DDE995
:10470000106702A815469A4632463B468B4605F08E
:1047100041FDDDE90289204632463B46ECF79AF836
:104720000446D8B15946FFF72CFD90F83730424681
:104730006AF3061380F8373002A84B4605F04EFDA9
:10474000DDE9026729462046CDE900679DF838205B
:10475000ECF75CF918B12046FFF726FF002420464D
:1047600005B0BDE8F08F012307B5009300230A468A
:104770001946FFF74FFE03B05DF804FB1FB5012398
:104780000391009303A90023FFF744FE05B05DF8F1
:1047900004FB002307B500930123FFF73BFE03B0A2
:1047A0005DF804FB042213B50C460DEB0201FFF784
:1047B000F0FF019B1BBA236002B010BDF8B506469E
:1047C0000F461446F368002B46D0FB68002B43D0FD
:1047D0000CB9204625E001213046FFF76EFD384632
:1047E0000021FFF76AFDF068C8B1FA68BAB1158A0E
:1047F0003B69D2680C309B1AED1AFDF77CFB03462F
:10480000D6E90320D268AC42A0EB0202A3EB02037C
:1048100001D29C4206D39D4228BF1D461DB96FF0B0
:104820006800F8BD25462A46396905F08BFE96F8E2
:104830003730DB0704D4F06829460C30FDF732FB33
:10484000012229463046FFF750FD0022294638460E
:10485000FFF74BFD641BB5E7002CBAD0DFE770B162
:10486000C3685BB1006950B1D9681A8A401A101A3E
:104870005B6803B970471A8A1044F9E71846704715
:1048800083682BB9002914BF6FF015000020704712
:104890001A8A8A422ABF1982891A00215B68F0E7C6
:1048A00070B504460D4645B92046FFF70DFF002DB3
:1048B00014BF6FF06800002070BD00212046FFF794
:1048C000FCFCE1680029EFD02269C8680B8A121A43
:1048D0009A1AE9D095422E4628BF16469B1B921B7A
:1048E0000B8205D02069811905F039FEAD1BDAE78E
:1048F000A06820B14368A3604260E4F711FF20463E
:10490000FFF7E2FEF2E710B5C26803467AB100692C
:1049100038B1996800238A4204D1D268801A0344CE
:1049200098B210BD0C8A496823449BB2F3E7104645
:10493000F7E72DE9F04385B004460D4691469846C9
:10494000FFF7E1FF0746A068FFF75CFD002394F83E
:104950003760A1690246CDE9029828460093FFF727
:10496000CAFE06F001060546F0B1D4E9039894F8B2
:104970003730204643F0010384F83730FFF7A4FEB8
:10498000A068FFF73FFD214602462846FFF716FFC5
:1049900078B12846FFF708FE94F83730C4E9039849
:1049A00066F3000384F837300025284605B0BDE8DB
:1049B000F08395F83730204643F00103294685F807
:1049C0003730FFF7EBFB2846FFF77EFE17B139467D
:1049D000FFF7C9FE95F8373066F3000385F83730E6
:1049E00094F83730C4E9039866F3000384F837304D
:1049F000DBE74168FFF79DBF10B5044690F837101C
:104A000001F0010181F00101FFF757FCE3688BB170
:104A1000206948B194F83720D20706D5188AD4E91E
:104A20000323D2689B1AC01A10BD03F10C00FDF7D6
:104A300062FAF4E71846F7E710B50C46FFF7DCFF1B
:104A4000A04234BF0020012010BD73B503690446A5
:104A500099420E4615460AD1FFF7CEFF854206D889
:104A60002946204602B0BDE87040FFF77CBE012316
:104A70002A46314620460093FFF7CCFC02B070BDB9
:104A8000F8B504464E680D46FFF7B6FF864203D8D8
:104A900023692B60286810E094F837302968DB0719
:104AA000F8D549B1D4E9037620466A68FFF771FE6C
:104AB000C4E903760028EDD00020F8BDD1E900124A
:104AC000FFF7C3BF704710B504464FF0FF324FF0F9
:104AD000FF332046F6F7D4FC0028F6D0FEF7C5F9E0
:104AE000F3E7002070477047012307B5009169463E
:104AF000ADF80430ECF73EF803B05DF804FBD9B133
:104B00000B88012B22D10B6843604B6883604B6894
:104B10002BB190F8233043F0200380F8233090F835
:104B2000233043F0020362B143F0080352BA80F825
:104B30002330C2800020704790F8233003F0DD035B
:104B4000F1E723F0080380F82330F3E76FF0150056
:104B5000704738B50C460546EBF76AF922680368DA
:104B60009A4205D021462846BDE83840EAF78CBA7B
:104B7000012038BDF7B5042300250F4669460446D9
:104B80001646CDE90053FFF77BFF48B1077046702A
:104B90008570C57069462046FFF790FF03B0F0BDF1
:104BA0006FF06800FAE72DE9F34116680D46F368E7
:104BB0002BB96FF00405284602B0BDE8F081002251
:104BC0008B686BBB95F83A1095F836300B44C3F5FB
:104BD0007F43FC3313449FB21BB2032BE9DD42F247
:104BE00010720023CDE900230123A8691A46394435
:104BF000EBF74AFF04460028DBD03369A86903F0CD
:104C0000F003E02B06F10C080ED14146A869EAF743
:104C100053FA036806466BB92046FFF7C5FCC8E7A0
:104C2000198A5B680A44CCE710363146FFF791FFDA
:104C30000028EAD195F83B2094F83B30314662F3E6
:104C4000050384F83B3095F83B3094F83B209B09F2
:104C500063F3871284F83B202046424600F079F93E
:104C600002460028D8D101462046FFF783FF0028DE
:104C7000D2D129463A462046FFF7A0FD0546002836
:104C8000CAD12046FFF720FD0121204600F072F92D
:104C9000002200232046FEF74BF800288BDABBE702
:104CA000F7B5042300270E4669460446CDE9007394
:104CB000FFF7E6FE0546C0B18770C7700221A06904
:104CC000FEF73AFC00B956B101212046FEF729FD56
:104CD000688094F8383043F0080384F83830694627
:104CE0002046FFF7EBFE03B0F0BD6FF06800FAE777
:104CF0002DE9F04714230546002486B088469146E6
:104D0000CDE90243FFF7E0FC284602A9FFF7B8FE11
:104D10000646002865D0437A012B10D1042328468B
:104D200004A904940593FFF7ABFE10B14378072B59
:104D300005D86FF01506304606B0BDE8F08706F1DD
:104D4000100A5146A869FFF704FF002849D1737A79
:104D5000112B49D0062B14BF0027282742F21072CE
:104D60000023CDE900230123A8691A46391DEBF77A
:104D70008BFE0446D0B3514606F10C0200F0E9F870
:104D800060BB41464A462046FFF7F4FE014628BB79
:104D900004222046FFF7F2FC00BB3A462946204693
:104DA000FFF70CFD0646C8B92046FFF78DFC012130
:104DB000204600F0DFF895F8252005F12601062AA7
:104DC00005D884F82D2004F12E0005F0BBFB00224D
:104DD00000232046FDF7ACFF0028ACDA2046FFF7A1
:104DE000E3FB6FF00406A6E71C27B7E76FF00B069E
:104DF000A1E7F7B5042300220E4669460446CDE933
:104E00000023FFF73DFE074610B9022003B0F0BDB6
:104E10000221A069FEF794FBA8B9A06906F1100170
:104E2000FFF797FE05460028EFD101992046FFF7CE
:104E30009AFC3A4631462046FFF756FE2046FFF7D9
:104E4000B3FB2846E2E701212046FEF76AFC002872
:104E5000E3D0DAE7006800F0F000A0F1E003584288
:104E60005841704738B50C460546EAF7E1FF22681D
:104E700003689A4205D021462846BDE83840EAF743
:104E800003B9012038BD10B500210446EAF776F9D0
:104E900020B92146BDE81040FFF7E4BF012010BD56
:104EA0002DE9F74F99464FF0000814230F46694645
:104EB00005461646CDE90083BDF830B0BDF838A0F0
:104EC000FFF7DEFD0446002840D0452303704FEA7B
:104ED0001B2303719DF8343080F801905B0143EA95
:104EE0001A2380F8028080F8038080F805B083716F
:104EF00080F807A095F83930037243B93046FFF7C0
:104F0000A9FF6B69D0B1A3B193F89230237200234B
:104F10006372A372E372336823613B68E360142316
:104F20006946284685F83630FFF7C8FD03B0BDE86E
:104F3000F08FA869FEF731FA2072E8E713B193F811
:104F40009130E3E7A869FEF712FAF5E76FF0680021
:104F5000ECE730B5002490F83B5085B005F03F03F6
:104F60009B00CDE90144009443EA9513FFF798FFB5
:104F700005B030BDF7B514230025CDE9005390F8F6
:104F800037300E4643F00103694680F83730044657
:104F9000FFF776FD074678B32B46A268D2B95BBA15
:104FA0007B807E720121A069FEF7C6FA18B1204607
:104FB000FEF740FC788169462046FFF77FFD4FF4FD
:104FC0000063112EA38609D100212046EEF71AF9BD
:104FD00003B0F0BD118A52680B44DFE7062E04D1FE
:104FE00000212046ECF712FCF2E7012E07D1002148
:104FF0002046FFF755FEEBE76FF06800E8E700207A
:10500000E6E7142300222DE9F04190B00F460DEBA6
:105010000301079108210446904608910BA9CDE9A8
:105020000323CDE9091383689BBB204603A9FFF73F
:1050300027FD054658B3067806F00F06B600132E76
:1050400025D9142384F83630427894F83B309208FE
:1050500062F3050384F83B304278143E62F3871311
:1050600084F83B30037AF6B28BB184F83A60418819
:1050700049BA89B241450ADC02DA2046FFF700FC52
:105080005FB105F10C010846FFF7E4FE90B1022084
:1050900060E01A8A5B689044C6E72B7C7F2BF6D0D1
:1050A0002B7B7F2BF3D005F10C00FFF7ECFE0028E3
:1050B000E7D0ECE7A069FFF7D5FE0028E7D1EB6861
:1050C000A069002B49D00121A069FEF739FA002818
:1050D0004DD101222B7A05F1100784F8393094F86C
:1050E0003730384662F3061384F83730FFF7CBFECB
:1050F00088B93846FFF7AEFE6B7A60B9112BC6D17E
:10510000EAF796FE2A6903689A4204D0204600F026
:105110004CFF0028BBD06B7A062B05D13946A0691D
:10512000FFF7A0FE0028B2D120460499FFF71BFB31
:105130002EB131462046FFF716FB0028A7D16B7A27
:10514000062B1AD0112B27D0012BA0D1294620469F
:10515000FFF74FFE10B0BDE8F08105F11001FFF739
:1051600081FE0028AFD16B7A022BACD08FE72046AE
:10517000FEF760FB0028ACD089E7204609A9ECF7D0
:105180007DFB0190002882D020466A7A01AB02A9FB
:105190000295EBF7E1FEDDE7204607A9EEF77AF886
:1051A000EFE70020704770470346006828B1596850
:1051B000026888421A6008BF5A607047D0F82832E7
:1051C000B0F84C22934206D2B0F85022934234BF3A
:1051D0000020012070470120704710B5D0F8302220
:1051E000D0F828128A4211D8B0F84C329A4210DA1C
:1051F000B0F85042A2420CDA981AA41AA042A8BFF2
:105200002046891A8842A8BF084610BD6FF02100C9
:10521000FBE70020F9E74B68D0F840121BBA5A1A96
:10522000002AA1BFB0F848225218981AC00FB8BF80
:105230000020704713B5044601210DF10700E5F782
:10524000A9FAC8229DF8073003F5007353435B0A9F
:10525000A4F84E3202B010BDF6F77EB970B590F8E2
:105260003730C3F30213012B1BD18368DD682B7C1D
:105270007F2B01D1012070BD05F1100600213046C1
:10528000E9F77CFF04460028F4D1EAF7D1FD2A694A
:1052900003689A42EED031462046BDE87040E9F7F7
:1052A000F3BE0020E7E7F6F723B810B50446104632
:1052B0003AB14968D4F8402209BA521A801A03B1A7
:1052C000013010BD0346002003B970471A8A5B689D
:1052D0001044F9E738B504468068FFF7F3FF8842C9
:1052E0000D4611D32046FFF7EFF994F837302946E1
:1052F00043F0010384F837302046FFF7D1FA204607
:10530000FFF7ADF9002038BD6FF01500FBE72DE980
:10531000F74F044690F8367090F83A301F4407F182
:10532000140A2046FFF7D0F994F83730394643F095
:105330000103204684F83730FFF715FA08BB142123
:105340002046FFF779FB002856D1A068FFF7BAFF87
:10535000D4F80C805045D8F8046012D34FF47A7218
:10536000002314212046EBF765FA054648B100F109
:105370000C094846FCF7BFFD132806D82846E4F779
:10538000CFF9002003B0BDE8F08F4846D5F80CB047
:10539000FCF7B1FD1423009301463B46A268584632
:1053A000FCF751FD14214846FCF77CFDD4E90313BA
:1053B000C968B8F810205B1AD31AD21AC3F11409BD
:1053C000A8F81020B9F1000F03D16E60C8F804509E
:1053D000A7E7318A06F10C00494528BF4946A9EBE9
:1053E0000109FCF778FD338AD6F804B013B93046CA
:1053F000E4F796F95E46E5E72069C3E710B5044691
:10540000FFF785FF0146A068FFF75CFF94F83A209C
:1054100094F8363013440A7BC31A1209A3EB8200B6
:1054200020EAE07010BDF8B591F837300446C3F3B8
:105430000213012B0846174617D18B68DD68FFF76A
:1054400066FF0646A0B118220021204605F0A1F80B
:10545000012F0BBF338873880C35103563802B68A0
:105460006360012300202380F8BD6FF01500FBE787
:105470006FF06800F8E72DE9F8438568074688462D
:10548000144625B95ABB1646BD689DB932E0284678
:10549000FCF7B7FC00F10C0605463046FCF723FD8F
:1054A000844204D93046FCF71EFD211A18D100268B
:1054B000002DE9D0F4B105F10C094846FCF713FDC5
:1054C00084421AD34846FCF70EFD074641463A4649
:1054D0004846FCF7EDFCB8446D68E41BD5E711467F
:1054E0004FF47A7200233846EBF7ECF9061EDFDA48
:1054F0006FF068063046BDE8F8832746E6E7F5F723
:105500006FBF38B50446A0F1A0054FF0FF32284622
:105510004FF0FF33FFF7C7FE54F8BC3C9868E4F740
:10552000FFF8002254F8BC3C28469A60BDE8384099
:10553000FFF7E5BFD0E8EF3F0133C0E8E23F002AC4
:10554000F8D1704773B500F1280604464FF0FF32DA
:105550004FF0FF3330460D46FFF7A5FE0B233046D4
:1055600084F83832FFF7CBFF94F8593213F0020376
:105570001BD0636A2BB160682946426898470023B4
:10558000636294F859326FF3410384F8593204F19D
:105590003C00F6F707F804F15400F5F7A3FF2046A6
:1055A00002B0BDE87040ECF70FB86068466B002EA3
:1055B000F1D062691946CDE900521A46B047EAE7D0
:1055C00070B5A0F170044FF0FF324FF0FF33A0F13F
:1055D00098062046FFF767FE3046EBF7BDFE05460E
:1055E0002046FFF78CFF35B13046BDE870406FF0C4
:1055F0007301FFF7A7BF70BD6FF07301A0F5E470F2
:10560000FFF7A0BF6FF07301A0F59470FFF79ABF8A
:105610006FF07301A0F5E470FFF794BF034670B517
:1056200015461A8C0846012A1E6C0BD1B9B196F8A2
:10563000381203290DD90824224606F5FC7104F01E
:1056400081FF0DE079B196F83832032B14D9182474
:10565000F2E7596A096841605B8C02804380082444
:105660001DB9002070BD1824FAE72246284606F529
:10567000047104F067FFF4E76FF01500F2E72DE91D
:10568000F0434FF014088BB005AB07460393CDF8F9
:105690001080FFF73CFE0646002856D090F80D908B
:1056A00019F0040951D14FF47A70002197F837208E
:1056B000CDE9000106234146B869C2F30212EBF7B7
:1056C000E3F90546002840D097F83730C3F30213BA
:1056D000012B48D1BB68D96801F10C021031FFF7EA
:1056E00038FC00283FDB284603A9FFF7C9F9044628
:1056F000C8B34246494604F04CFF73882380338880
:1057000063800522237B62F307132373737BDB061D
:105710001ED504236373B3686360284603A9FFF7AB
:10572000CDF900281FDB2846FEF7CEFF95F837306D
:10573000C3F30213012B16D106212846FFF71AFCEA
:10574000002810DB2846EBF753FD0BB0BDE8F083D3
:1057500076683846FFF752FE36BA84F80D80064464
:1057600036BAA660D9E72846FEF71EFFEDE7B0F887
:105770008E3043F00603A0F88E300020704708B545
:105780000B4609B100219847002008BD036C416316
:1057900003B15A610020704708B54268B2F88E30F4
:1057A000C3F3C203012B0DD192F99000E9F7DEFBA0
:1057B00028B1006800B1008B283880B208BD4FF4D2
:1057C0001070F9E70020F9E70022D0F83C32ECF73E
:1057D00081B838B5A0F5B0744FF0FF33A0F5C475AB
:1057E0004FF0FF322046FFF75EFD28461021FFF7FD
:1057F000EBFF2046BDE83840FFF781BE2DE9F341BD
:105800000446FFF7EAFC94F88C300546D80720469A
:1058100054BF4FF40676B4F88860FFF7BDFFB0427E
:1058200018DD94F88C30D90770D5B4F888309D42D3
:105830006FDBB4F888502046FFF7AEFFA84215DDB5
:1058400094F88C30DB0716D5B4F88850ADB96FF0FA
:105850003C0563E02046FFF79FFF854259DB94F843
:105860008C30DA07E5D44FF40675E4E72046FFF7FD
:1058700093FF0546EAE74FF406754FF47A7000216E
:105880006368B3F88E20CDE900010623294620691C
:10589000C2F3C202EBF7F8F80646F0B1A768D4F8F5
:1058A0003082FEF711FF3846FEF70EFFB8F1000F09
:1058B00009D097F83730414643F00103384687F85E
:1058C0003730FEF750FF2A4639463046FEF776FF5E
:1058D000002805DA3046FEF767FE6FF068051DE028
:1058E000D4F83C22D4F830321821134420463246F2
:1058F000EBF7F0FF074620B9D4F830322B44C4F858
:1059000030323046FEF750FE3D4607E0B5F5067FE3
:10591000A9DA2046FFF761FC051E97DA284602B097
:10592000BDE8F08138B5044690F88C30D8072046A1
:1059300054BF4FF40675B4F88850FFF72DFFA84206
:1059400026DD94F88C30D90727D5B4F88830B4F820
:105950004622B3EB520F4FEA520012DA94F88C3021
:105960002046DA0754BF4FF40675B4F88850FFF7A5
:1059700013FFA84214DD94F88C30DB0714D5B4F87B
:105980008800B4F848328342CCBF0020012038BDE3
:105990002046FFF701FF0346D9E74FF40673D6E729
:1059A0002046FFF7F9FEECE74FF40670E9E770B523
:1059B000B0F8483204465B181CD4B0F846529D42F9
:1059C000A8BF1D462046FFF7ADFF0646A4F8485283
:1059D0002046FFF7A7FF7EB170B994F83832042B48
:1059E00041D104F5C47004F0C2F810212046FFF73D
:1059F000EBFE38E00025E5E794F88C30D807204628
:105A000054BF4FF40675B4F88850FFF7C5FEA8429E
:105A10002BDD94F88C30D9072BD5B4F88800B4F876
:105A20004622B0EB520F4FEA520312DD94F88C304D
:105A30002046DA0754BF4FF40675B4F88850FFF7D4
:105A4000ABFEA84218DD94F88C30DB0719D5B4F80A
:105A50008830B4F84812B4F84622914203D1B4F821
:105A600044229A42B9DD002070BD2046FFF794FE23
:105A7000D5E74FF40670D2E72046FFF78DFE0346C8
:105A8000E7E74FF40673E4E770B5046C05460E468D
:105A90008CB128344FF0FF324FF0FF332046FFF730
:105AA00002FC286C3146FFF782FF05462046FFF7CF
:105AB00026FD284670BD6FF06A05FAE72DE9F84F1C
:105AC000056C0C4616469846002D7DD095F8383268
:105AD000042B79D105F1280738464FF0FF324FF0FB
:105AE000FF33FFF7E0FB2846FFF768FB002868D18B
:105AF000B5F84C32D5F828229B1AB8F1000F35D0F2
:105B00008146D8F80C10814240D14FF0000A9945E7
:105B100028BF99465646D8F80C30534510D9D8F8C6
:105B20000830A86803EBCA02526853F83A104A4595
:105B300028BF4A469346FFF79EFC041E2EDAFEB1AC
:105B4000D5F828323344C5F8283295F83932012B7C
:105B50002BD02846ECF7C6F9041E26DA14F1690F9B
:105B600023D021462846FFF7EDFC09E09E4228BFDE
:105B70001E4621463246A868FFF77DFC041EDFDA88
:105B80003846FFF7BCFC2046BDE8F88FD8F808205F
:105B900002EBC002526801309144B4E7B9EB0B0943
:105BA0005E44CDD00AF1010AB5E72846FFF706FBAF
:105BB00028B10022002305F15400FFF74DFB3446C5
:105BC000DEE76FF00A04DBE76FF07F04DBE738B550
:105BD000044690F88C30D807204654BF4FF4067521
:105BE000B4F88850FFF7D8FDA84223DD94F88C3034
:105BF000D90723D5B4F8880094F88C30A4F8500263
:105C0000DA07204654BF4FF40675B4F88850FFF702
:105C1000C3FDA84215DD94F88C30DB0715D5B4F828
:105C2000880000EB400080B20023A4F85202A4F8E0
:105C3000543238BD2046FFF7AFFDDDE74FF4067064
:105C4000DAE72046FFF7A8FDEBE74FF4C960EBE782
:105C50002DE9F0410C46056C164605F128081F4653
:105C60004FF0FF324FF0FF334046FFF71CFB012C93
:105C70000AD0023C032C12D86FF06C044046FFF7A8
:105C80003EFC2046BDE8F081042F0AD13268012A8B
:105C900007D895F8593262F3C30385F859320024C6
:105CA000ECE76FF01504E9E72DE9F0410C46D0F878
:105CB0004080164608F128071D464FF0FF324FF08E
:105CC000FF333846FFF7EFFA012C0AD0023C032CD1
:105CD0000FD86FF06C043846FFF711FC2046BDE882
:105CE000F08198F85932C3F3C00333600DB1042337
:105CF0002B600024EFE7006C54307047006C3C30A0
:105D000070477FB508230E460DEB03010446154688
:105D1000CDF808D00393FEF7B3FE60B100230680F0
:105D20004580037143718371C37102A92046FEF758
:105D3000C5FE04B070BD6FF06800FAE710B586B01C
:105D40000C9C05940B9C04940A9C0394099C02945B
:105D5000BDF82040CDE9003413460A460146112023
:105D6000EAF78EFF06B010BD08B504F011FA0A225A
:105D70000023DBF725FB08BD73B5042690F831300E
:105D800005469E40331F3D2B28BF402601210DF1C3
:105D90000700E4F7FFFC03239DF807402846B4FB07
:105DA000F3F303EB4303E41AE4B295F83130013C1A
:105DB00034440133214685F83130EDF7DDFA2046D1
:105DC00002B070BD006828B10C30D0E8AF0F0841B8
:105DD00000F00100704710B5044603F0ECFE421ECF
:105DE00063EB03032046BDE81040FCF7A1BF73B589
:105DF00015468DF8071001220DF1070104461E46D5
:105E0000FEF723FE10B1002002B070BD0122204633
:105E10000DF107018DF80750FEF717FE0028F2D1AB
:105E20002A4631462046FEF710FEB0FA80F04009BF
:105E3000EAE730B5436A85B0013343620446E9F7C7
:105E4000F7FF002300901A4601212046CDE90133D7
:105E5000EDF76CFB054630B1FFF7BDFF00280CDA0B
:105E60002846FEF7A1FB0923606AB0FBF3F303EBBE
:105E7000C303C01A013005B030BD04F1100005B0F5
:105E8000BDE83040FFF778BF2DE9F04F054685B0FB
:105E9000E9F7CEFF6B6A814601336B6295F84030BB
:105EA000072B77D8DFE803F07B7B7B0425687B7BBF
:105EB0006B6B05F110006B64FFF75EFF4FF000089D
:105EC000044601232846CDE90133424643460321D7
:105ED000CDF80090EDF72AFB054630B1FFF77BFFC8
:105EE000002802DA2846FEF75FFB204605B0BDE831
:105EF000F08FFFF739FFD5E906AB0F460646286B52
:105F000005F1380805F134094FF47A73584310EB62
:105F10000A004BF10001864277EB010336DA40F2CA
:105F2000E733801B61EB0701C01841F100014FF41A
:105F30007A720023DBF7F4F93B28044602D977286C
:105F400026D9440895F84130B6EB0A0603F101035F
:105F500085F841304FF47A7304FB03F367EB0B01D0
:105F6000F0184FF47A724FF0000341F10001DBF7B3
:105F7000D7F900232862A5E7FFF7F6FED5E906ABBF
:105F800006460F46A86A05F13808BDE70024D9E7A0
:105F90003C24D7E700234FF0FF34984692E74FF0B8
:105FA000FF34A2E70121EDF77DBA7FB50823039303
:105FB00083690446CDF808D0C3B193F84030023B62
:105FC000032B13D8D0E9036590F83610FEF7CBFB0E
:105FD000204602A9FEF754FD20B14088A0F5884371
:105FE00058425841C4E9036504B070BD0020FBE786
:105FF0002DE9F04107460E4690461C4663B318460D
:10600000DBF746FA80B238B3B8F1010F03D86FF06E
:106010000B00BDE8F081631E00240125A44613F89F
:10602000012FA9B2A2B12E2A03BF06F80C408C465C
:10603000002401341CBF7255A4B2884203D201313E
:1060400000203980E5E70135AAB24245E7D3DEE713
:1060500006F80C407255F0E76FF01500D9E7F0B57F
:10606000C4890668018A2644091B0024A14223DD55
:10607000355DE5B90134A5B2491B89B209291BD99F
:1060800031194F88B7F5807F16D14F683FBA176036
:10609000325B098952BAD2B2052AC7891A7014D064
:1060A0001C2A01D0012A07D16FF014030FE0BF2D85
:1060B00005D90234A142DEDA6FF01500F0BD3E2DA5
:1060C000FAD8013554FA85F4D0E76FF01203436033
:1060D00007F10A031D444BBA058143810020EDE717
:1060E000038A02680B2B1FD913885BBA9BB29942B3
:1060F0001DD19378D8091AD05B1013F0380F16D140
:10610000D37813F0700FC3F3021010D113F00F0304
:1061100001D018467047D388928802B939B9002B4C
:1061200008BF6FF0150070476FF00B0070476FF0FD
:10613000150070472DE9F843BDF820600F4606F1C1
:10614000100991450446194628DCBDF824305BBA95
:1061500003804FF00108002580F80280C5700571AA
:1061600080F805808571C571057245728572C572AA
:1061700032460C3004F0E6F99DF8282006F10C03B5
:106180009BB21202E2520E36B6B2A555344484F8E0
:1061900001802846A7F80090BDE8F8836FF00B0057
:1061A000FAE70C23F0B583810023048A0268A4F186
:1061B0000C0189B202F10B05994202DC6FF00B0071
:1061C0001BE015F8017F5E1C27B13346F4E76FF042
:1061D000150012E003F111018C42EFDD0D33D418EC
:1061E000D35A5BBA9BB2012B01D01C2BEFD1638831
:1061F000B3F5807FEBD1C1810020F0BD2DE9F047E0
:10620000B3F81080D3F800A0002307460E4691464D
:10621000BDF820400B80444529D21AF804500AEBFF
:1062200004013F2D08D90134444520DA4C7805F0AB
:106230003F0504EB0524EEE73088A8EB0403A9EB47
:1062400000029342A8BF13469D4210DA6A1C3844EC
:1062500004F078F93388013401332B4415FA84F4BF
:106260003380A4B2002DD6D12846BDE8F0876FF068
:106270000B00FAE7006800F0F000A0F1E0035842DC
:10628000584170477047936C23B1536B13B1926BB5
:1062900040B218477047034610B5D3F8C4400020F9
:1062A00044B1B3F8DE408C4204D12AB1B3F8E030F7
:1062B000934201D06FF0010010BDF5F719B810B589
:1062C000044603F054FC08B9606310BD0023A364C6
:1062D000FBE7F5F785B8F8B5044600F170074FF015
:1062E000FF33164638464FF0FF320D46FFF7E5FF05
:1062F00094F8E830012B13D0324629462046FFF7A8
:10630000CAFF002812DB582303FB004490346FF0CF
:10631000640022460021FFF7B6FF2046FFF7CFFFBB
:1063200000243846FFF7D5FF2046F8BD6FF0010482
:10633000F7E710B50446006B002200237030FFF72A
:10634000BCFF30B12046BDE8104064220023F5F7C1
:1063500059BBB4F85020B4F84E10206BFFF7BBFFC8
:10636000206BBDE810407030FFF7B3BF70472DE9D8
:10637000F0431646582202FB01020D46B2F8DE1029
:1063800092F8DC2087B08768B0F80090CDE9011260
:10639000DDF83C80ADF81630B8F8103004460093B4
:1063A0003046D8F80C30BDF838200DF11601FFF753
:1063B000C1FE00284CDB6FF00A0C06F10C0206F15E
:1063C0000B01ACEB060CB8F810300CEB010083426B
:1063D00035DC02334FF6FF714AF20100F9F711F88C
:1063E000582303FB0543A3F8E000A36E9F4205D0AA
:1063F000002B30DA0123A766A4F86C3058235D43E4
:1064000063199035B9F1010F04EB0500D3E934238A
:1064100014BF4FF018084FF00808F5F7F3FA0028FA
:106420000ADBBDF81620002331463846CDE9004886
:10643000E5F79EFF00EAE07007B0BDE8F0834B7817
:10644000A3F14100192898BF203301F8013FBAE7B2
:106450006FF01500F0E76FF00100EDE72DE9F04770
:10646000DDF824900D4616461F460446BDF82080F0
:10647000A0B1F022002104F08CF804F1700003F0C8
:1064800037F9022384F8E83032463B462946204655
:10649000CDE90889BDE8F047EDF72EBF6FF00100A8
:1064A000BDE8F0870022FFF716BF1FB50124039453
:1064B000089C0294079C0194069C0094EEF766FAEF
:1064C00004B010BD7FB50BAB059303930A9B0293F9
:1064D00000231846CDE90033DDF72AFB07B05DF84D
:1064E00004FB70B504460E461546EFF71DF930B9AA
:1064F00006B925B12046BDE87040EFF7BBB970BDC5
:1065000000207047B1F58A7F10B5144612D8FF29D4
:106510001AD9A1F58071142916D8DFE801F01A1FE5
:1065200021232527292B2D2F3133353715151539E3
:106530003B3D3F00B1F5206F39D007D8B1F5007F62
:106540002ED0B1F5806F2ED0002010BDB1F5506F68
:10655000F9E70020F2F7C0FB2060F5E70120F9E73A
:106560000220F7E70320F5E70420F3E70520F1E731
:106570000620EFE70720EDE70820EBE70920E9E731
:106580000A20E7E70B20E5E70C20E3E70D20E1E731
:106590001120DFE71220DDE71320DBE71420D9E725
:1065A00001F075FBD8E70220F2F7CCFCD4E701F04C
:1065B00031FBD1E7A1F5406208B54FF0A043042AB2
:1065C0001ED8DFE802F0031114171A004FF400522E
:1065D000C3F820220920F2F71BFA4FF0A043402213
:1065E000C3F82422002008BD4FF48042F0E74FF4A6
:1065F0000042EDE74FF48032EAE74FF40032E7E77C
:10660000B1F5506F04BF0422C3F82822E2E730B48A
:10661000044691F883301546486EA2696BB191F833
:1066200085400134E4B281F8854081F88830002348
:10663000D1E91A14A44630BC60474DB16369002B00
:10664000F3D0A37F5BB2002BD4BF00230123ECE780
:106650006FF00403ECE73AB11378012B04D103295E
:10666000CCBF002001207047012070478C2370B5FB
:1066700003FB01F603690546DB681446334493F8CF
:1066800088309BB1012313704368186801F049FCFE
:106690002B69DB6833441B6F434363602B69002025
:1066A000DB68334493F88030637070BD1370F4E797
:1066B00008B50369D8688C2303FB010090F8883083
:1066C00023B1443001F070FD002008BD6FF01500CB
:1066D000FBE708B58C23012259430369DB680B44AF
:1066E00083F888200369D8680844443001F05CFDD1
:1066F000002008BD08B50369D8688C2303FB01009E
:1067000090F8883023B1443001F069FD002008BDC5
:106710006FF01500FBE72DE9F0418C244FF00008E5
:1067200007694C43FB680546234483F88280FB6875
:106730000E46234493F88830A3B10369D8682044F7
:10674000443001F054FD6B6807221868314601F0AF
:106750002FFC6B683146186801F047FCFB68234446
:1067600083F888800020BDE8F081002208B511463A
:106770000120E2F75FFB0120E2F74EFB002202203E
:106780001146E2F757FB0220E2F746FB0022032006
:106790001146E2F74FFB0320E2F73EFB0022042004
:1067A0001146E2F747FB0420E2F736FB0022052002
:1067B0001146E2F73FFB0520E2F72EFB0022062000
:1067C0001146E2F737FB0620E2F726FB00220720FE
:1067D0001146E2F72FFB0720E2F71EFB00220820FC
:1067E0001146E2F727FB0820E2F716FB00220920FA
:1067F0001146E2F71FFB0920E2F70EFB00220A20F8
:106800001146E2F717FB0A20E2F706FB00220B20F5
:106810001146E2F70FFB0B20E2F7FEFA00220C20F4
:106820001146E2F707FB0C20E2F7F6FA00220D20F2
:106830001146E2F7FFFA0D20E2F7EEFA00220E20F1
:106840001146E2F7F7FA0E20E2F7E6FA00220F20EF
:106850001146E2F7EFFA0F20E2F7DEFA00221020ED
:106860001146E2F7E7FABDE808401020E2F7D4BA93
:106870007FB50BAB059303930A9B02930023184645
:10688000CDE90033DDF754F907B05DF804FB0021D2
:10689000EFF726B90121EFF723B90221EFF720B96D
:1068A0000321EFF71DB90421EFF71AB90521EFF71E
:1068B00017B90621EFF714B90721EFF711B908212D
:1068C000EFF70EB90921EFF70BB90A21EFF708B975
:1068D0000B21EFF705B90C21EFF702B90D21EFF706
:1068E000FFB80E21EFF7FCB80F21EFF7F9B810B49D
:1068F00001690C682CB10023A4461A46496810BCF3
:10690000604710BC704708B5F3F78AFD002008BD4A
:1069100070B5144616780369926945681A60626911
:106920005A60F3F77DFD2B68226900201A64AA687B
:106930002B6852F826201A6270BD38B504464568A7
:10694000F3F760FD20466B689847002038BD0022B1
:1069500008B535201146E2F76DFABDE8084035204C
:10696000E2F75ABA7FB50BAB059303930A9B0293E8
:1069700000231846CDE90033DDF7DAF807B05DF8FB
:1069800004FB30B4054680680C46134638B12978BC
:10699000E2B28468E46834B1A44630BC60476FF06A
:1069A000850030BC70476FF05700FAE7406892B23C
:1069B000FFF7E7BF30B4054680680C46134638B190
:1069C0002978E2B28468A46834B1A44630BC604738
:1069D0006FF0850030BC70476FF05700FAE773B571
:1069E000044605690E46406804210DF10202FFF7D6
:1069F000E1FF002803DA6FF0040002B070BD00214F
:106A0000606801AAFFF7D6FF0028F4DB95F85C3038
:106A100060683BB9B007BDF802300BD423F04003E7
:106A20009BB209E009210DF10602FFF7C3FF002820
:106A3000F0DAE0E743F04003F1075ABF23F0200308
:106A40009BB243F0200332075ABF23F480739BB2FA
:106A500043F48073700756BF23F0800343F0800334
:106A60009BB2ADF8023095F85C30BBB9BDF804308C
:106A7000042143F48053BDF802206068ADF804306F
:106A8000FFF77FFF0028B6DB0021BDF80420606817
:106A9000FFF777FF0028AEDB0020AEE7BDF8062049
:106AA000B1065ABF22F4007292B242F40072F306A9
:106AB00056BF22F4807242F4807292B2092160685B
:106AC000ADF80620FFF75DFF0028CFDA93E74068B6
:106AD000FFF770BF70B506690C4606F144054FF02C
:106AE000FF324FF0FF332846F4F736FDB6F840305A
:106AF00023802846F4F7F6FC002070BD13B5046926
:106B000063683BB101A9FFF7E5FFD4E901322068D2
:106B100001A9984702B010BD08B50369C3E9011285
:106B2000FFF7ECFF002008BD13B54468D4E901016C
:106B300083681B6883B1984760B9014601AA206841
:106B400000F083FD002805DB019B002219791868FD
:106B5000F1F76EF902B010BD6FF05700FAE7302080
:106B6000704743685868704770B5044650F8046C25
:106B7000B5685DB92069FDF713FD3046FDF714FDDA
:106B8000A4F11C00BDE87040F4F7ACBC2846FDF74A
:106B900007FD6D68EDE7002208B511468B20E2F78E
:106BA00049F98B20E2F738F900228C201146E2F7F0
:106BB00041F98C20E2F730F900228D201146E2F7EE
:106BC00039F9BDE808408D20E2F726B97FB50BAB57
:106BD000059303930A9B029300231846CDE90033E3
:106BE000DCF7A6FF07B05DF804FB0B4610B5416863
:106BF000032B096804694968C96810D1106860608E
:106C0000928822812289C1F800236268C1F8042396
:106C100020680622211DFCF77CFA002010BD6FF0D1
:106C20008500FBE738B5044680B1036873B11B6883
:106C300006221D690323291DFCF76BFA2B6803B993
:106C40002C602046BDE83840E7F75EBD00231B6995
:106C5000FFDE0029034614BF0120002007D01A0AD6
:106C60000A70C3F3421203F01F034A708B7070471F
:106C700010B50C4619460D2A08D8DFE802F00C17AB
:106C80000A1C232830353A43484D4D4D6FF015000E
:106C900010BD0020FCE7C3780E2B3DD9A36B13F485
:106CA000007F0CBF6FF085000020F1E7C378122B46
:106CB00032D9A36CF3E72368D8032DD5A089FFF759
:106CC000C8FFE5E723685A0226D56089F7E7C3784D
:106CD000102B21D9206C030E1ED0000CEFE7236887
:106CE000DB0219D5E089EAE72368980214D52089E8
:106CF000E5E7C378102B0FD9206C10F47F4F0BD031
:106D000080B2DCE72369DA0706D5E08AD7E7236992
:106D1000DB0601D5608BD2E76FF08500B8E7C3785A
:106D20000D2B23D9496B002920DBCB0D1370C1F348
:106D30004130CB0B53700228C1F3042303F101034C
:106D40000ED003280FD0012806D0DB01C1F3850146
:106D500000205360917070474FF47A704343F5E719
:106D60004FF4FA50FAE74FF47A40F7E76FF08500F6
:106D70007047C3780E2B21D9896BCB0CC1F3C0505F
:106D800003F00E030343080B00F0F00003438808F0
:106D900000F47C500343C1F3402043EA8033C8022F
:106DA00000F478200905034301F470010B431168D6
:106DB000002001F07F410B43136070476FF08500A6
:106DC0007047F7B51C460023164682682360A3600F
:106DD0000D465369694601AA9847019B5A1E0192C4
:106DE0001BB96FF0150003B0F0BD0098A2684768AA
:106DF0002168676085B9B31AD0F800C0634528BF21
:106E0000634603FB07111A442160A26002689A429C
:106E100006D808300090E0E76B1AB3FBF7F3EBE716
:106E20000020E0E713460022FFF7CBBF13460A46D7
:106E30000021FFF7C6BF07B5836869465B6901AAF1
:106E400098470020019B5A1E019213B903B05DF8C8
:106E500004FB009B53F8082B10440093F2E70069F1
:106E60005830704703690020D3E91223C1E9002399
:106E70007047036950330B600123136070471FB5DF
:106E800090F8442000238DF8042040F20312694654
:106E9000CDE9023300938DF80530ADF80620F0F708
:106EA00021FF05B05DF804FBF8B51F461646E2B1B8
:106EB00000291ADB0069CB17D0E91254A94273EB01
:106EC000040212D26D1A64EB0304BD4274F1000493
:106ED0000BD30A4690F84410F0F74AFF3A460146B1
:106EE000304603F02FFB0020F8BD6FF01500FBE7E4
:106EF000002310B586B0CDE9013390F844300C463C
:106F00008DF80C3002238DF80D304FF48373ADF8FB
:106F10000E3001AB0493032302A90593F0F7E2FEC0
:106F20000028A1BF019B23801B0CA37006B010BDDD
:106F30007FB50BAB059303930A9B0293002318467E
:106F4000CDE90033DCF7F4FD07B05DF804FB4FF04A
:106F50008043D3F8002442F02002C3F80024D3F881
:106F6000242842F00202C3F82428704710B50446D2
:106F700010462269D46D1A46214403F0E3FA00203A
:106F800010BD37B50569012205F14400114602F034
:106F9000C1FC2846F3F730FB04460421284601AA29
:106FA000F3F744FB002C0CBF20466FF00400019B5C
:106FB000EB6503B030BD2DE9F84305690C46164674
:106FC0001F4605F144084FF0FF324FF0FF334046B3
:106FD000F4F7C2FAF0B9EB6DE118EFF31189202351
:106FE00083F31288BFF36F8F3B4632462846F3F790
:106FF00013FBFFF7ACFF044689F31188BFF36F8FD3
:107000004046F4F76FFA002C18BF6FF015042046C5
:10701000BDE8F8836FF00C04F9E730B540681F292C
:10702000D0E9013446D802F44030B0F5403F07D0F3
:10703000950705D4B0F5803F05D0B0F5003F26D0C8
:107040006FF0850030BD0125586D8D4020EA0500A8
:107050005865D30628D412F0200F41F2020308BF6E
:107060004FF4805312F4C06221D0B2F5C06FE7D163
:1070700040F6037043F0400304EB8101D1F8802017
:1070800022EA000213430020C1F88030DAE7012031
:10709000150300FA01F003D558645D6D2843D7E766
:1070A000550348BF9864F8E741F20303DAE740F676
:1070B0004370E1E76FF01500C4E7436800205B68A8
:1070C0001B6D0B60704743685B68186C42400A4058
:1070D00042401A6400207047436800205B6859648E
:1070E0007047436800205B689964704743680020DC
:1070F0005B68D964704710B503695868F8B1884275
:1071000019D19C680868A142586000D1986000209D
:1071100008602AB15A680A609A68596002B9996091
:10712000002010E0814206D1086820609868814202
:10713000EDD19C60EBE7044600680028F2D1002AFC
:10714000E8D16FF0150010BD002208B511461120DE
:10715000E1F770FE1120E1F75FFE002008BD00227C
:1071600008B511461320E1F765FE1320E1F754FE40
:10717000002008BD002208B511461520E1F75AFE8F
:107180001520E1F749FE002008BD002208B5114690
:107190001920E1F74FFE1920E1F73EFE002008BD5F
:1071A00030B545681F29686831D8B2F5001F25D071
:1071B000446DCC40E4072AD4EC6864022AD5B2F5C9
:1071C000800F10D1B3F1007F14BF0C2308231B04E0
:1071D00000EB81010020D1F8802022F470221343BB
:1071E000C1F8803030BDB3F1806F09D0B3F1C06F0A
:1071F00008D0B3F1007F07D10A23E8E70023E6E7D0
:107200000923E4E70B23E2E76FF01503E0E76FF0F3
:107210001500E7E76FF08500E4E770B543680269A1
:107220005B680546D3F82061C3F82061516809B155
:107230000C6801B970BD8A68324002D028464B689C
:1072400098471CB1236821461C46F2E72346FAE71B
:107250006FF0570070476FF0570070476FF057009E
:1072600070476FF05700704710B54368046918689D
:10727000F2F7BCFA2146BDE81040F2F7BBBB7FB580
:107280000BAB059303930A9B01220293002318463C
:10729000CDE90033DCF74CFC07B05DF804FB5A661F
:1072A00003F14C00F4F71EB97FB50BAB05930393C4
:1072B0000A9B0122029300231846CDE90033DCF734
:1072C00037FC07B05DF804FB30B50469406887B04F
:1072D00000684068C5680020CDE9010003900120E6
:1072E0008DF8040001A8CDE90454ADF808308DF8FC
:1072F0000C108DF80D20F0F70FFC07B030BD30B545
:1073000002250469406887B000688DF80450406821
:107310000293C0688DF80C10CDE9040401A88DF823
:107320000D20F0F7F9FB07B030BD70B504690546D4
:10733000267A98B0002E42D13146606905AA00F045
:1073400084F900283DDB059B324619791868F0F76F
:107350006FFD002835DB05A801F0D8F906260021CD
:10736000637A8DF85D30A37A8DF85E30E37A8DF81C
:107370005C30237B8DF85B30A37B8DF81630E37B8C
:107380008DF81930237C8DF8143094F83420CBB26A
:107390009A421AD82B6920681B7A002B34D105A990
:1073A000F2F7A0FE2168637BCA681B0503F4401353
:1073B00022F440121343CB602B691B7A6BBB002075
:1073C00001E0831CC7D018B070BD206B18AA30F83C
:1073D000330006FB0322003818BF012002F8320CEC
:1073E000206B013100EBC300408802F8360C206BA3
:1073F00000EBC300808802F8350C206B00EBC30063
:10740000C38822F8343CC0E7036E0193436E0293B5
:10741000836E0393C36E0493C1E7002301AA03F1B3
:107420001800216852F8045B0133042B41F8205006
:10743000F5D12268136823F002031360BFE77FB51C
:107440000BAB059303930A9B01220293002318467A
:10745000CDE90033DCF76CFB07B05DF804FB036992
:107460001B68D3F8E0209107FBD5D3F8E020D207C2
:10747000F7D570470369187A704703691B681A6863
:1074800042F001021A60186810F00100FBD1704749
:107490002DE9F74304460E46174699460569EFF372
:1074A0001188202383F31288BFF36F8FFFF7D7FF74
:1074B000D5E90E0183685B6983B34A469847002883
:1074C00006DA88F31188BFF36F8F03B0BDE8F0834D
:1074D000C6F800903A4631462868F2F7A7FE2046E3
:1074E000FFF7CBFF2046FFF7BAFFD5E90E0183680F
:1074F000DB689BB101AA98470028E2DB019B3A4672
:10750000336028683146F2F791FE2046FFF7B5FF59
:1075100088F31188BFF36F8F0020D6E76FF0570014
:10752000CFE770B5436805691868F2F7BBF8F2F762
:10753000B1F810F0300F044604D02A68D36A0BB1BA
:10754000506A9847A20704D02A6853690BB1D068E3
:107550009847630706D52A68136A1BB1BDE87040D7
:107560009069184770BDF8B50024012326462146CE
:107570004FF00C0E054647680069D0F804C09C45E2
:107580000DD8E9B14CBB46BB3868F2F78BF8022145
:10759000F2F79AF828467B6898470020F8BD026801
:1075A0000EFB03221279022A06D0032A06D0012AF2
:1075B00008BF01260133E2E70121FBE70124F9E7D7
:1075C0003868F2F76FF826B10CB10721E0E7012126
:1075D000DEE7002CDED00321DAE76FF01500DDE7EF
:1075E000002208B524201146E1F724FCBDE808403C
:1075F0002420E1F711BC002208B525201146E1F74F
:1076000019FCBDE808402520E1F706BC002208B5BA
:1076100027201146E1F70EFCBDE808402720E1F7DE
:10762000FBBB002208B52A201146E1F703FCBDE8A8
:1076300008402A20E1F7F0BB10B50C240069624332
:1076400000688418A360815010BD30B503681360D2
:107650000579046804EBC504A34202D36FF001006E
:1076600030BD5C798C4201D00833F0E70020F7E7A9
:107670007FB50BAB059303930A9B01220293002372
:107680001846CDE90033DCF753FA07B05DF804FB88
:10769000012070470369C3E9001270470B46026975
:1076A000D2E9020183E80300002070470229436801
:1076B0001AD11868816921F440218161196852B199
:1076C0004A6A22F006024A621A68536A43F00803C3
:1076D0000020536270474A6A22F008024A621A6820
:1076E000536A43F00603F3E76FF085007047436881
:1076F0004FF0E0611868F2F789BC43684FF400115D
:107700001868F2F783BC43684FF400011868F2F779
:107710007DBC43684FF0E0611868F2F74BBC4368EA
:107720004FF400111868F2F745BC43684FF40001AC
:107730001868F2F73FBC08B543681868F2F796FC82
:10774000C0F3405008BD08B543681868F2F78EFCD6
:10775000C0F3805008BD38B545682868F2F786FC4C
:107760000446286800F082FF10F4000018BFC4F33C
:10777000C05038BD38B50546FFF7EDFF044668B97F
:107780006B68186800F072FF830205D52846FFF782
:10779000D2FF041E18BF0124204638BD0124FBE798
:1077A0002DE9F0410D461646002440F612084768C0
:1077B000331B002B04DD3868F2F758FC830202D437
:1077C0002046BDE8F0813A689369190508D403EAB8
:1077D0000803022B04D0D369DBB22B550134E7E751
:1077E000D36903F07F03F8E7F8B50D461646002489
:1077F0004768331B002B04DD3868F2F737FC0302BF
:1078000001D42046F8BD2A5D3B680134DA61F0E717
:1078100038B50C4645682868F2F728FC0302FAD50B
:10782000EFF31183202282F31288BFF36F8F2A684F
:10783000D46183F31188BFF36F8F38BD38B54568C5
:107840002868F2F713FCC0F3C044C10348BF44F0FA
:107850000204820348BF44F00404430348BF44F0D9
:1078600002044FF470212868F2F71AFC204638BD54
:10787000F8B54668076904463068F2F7F7FB3B68DD
:10788000054613B12046796898472B0306D5306822
:107890004FF40021BDE8F840F2F702BCF8BD2DE935
:1078A000F0414468D0F810800D4660688CB001F05B
:1078B00015FD0746002800F093806068E168836842
:1078C000DB682BB96FF0150630460CB0BDE8F081CF
:1078D00001AA984706460028F4D102A800F0BBFE92
:1078E0002B79012B05D0022B04D01BB16FF085063C
:1078F000EAE703238DF80C30AB79022B44D0032B3D
:10790000F4D100238DF80D306B79012B3ED0032B81
:10791000ECD101238DF80F30EB79012B04D0032B30
:1079200001D0002BE2D100272B688DF81370029351
:107930004FF480738DF81270ADF82E30019A2068E4
:1079400002A9F2F743FAEB79032B0BD12268536AB1
:1079500043F002035362A37D23B92268536A43F0C4
:10796000040353622268936943F400239361E37D27
:1079700073B12268936943F080039361226893692D
:1079800023F02003936115E00123BBE70023C1E747
:10799000237EEBB1EFF31181202383F31288BFF331
:1079A0006F8F2268936943F0A003936181F311887C
:1079B000BFF36F8FA37E23B12268536943F08053D6
:1079C000536108F1080395E8030083E803007BE7AF
:1079D000637E002BEED02268936943F08053D1E799
:1079E0006FF0120670E707B5002101AAFFF72DFE20
:1079F000002805DB019B002219791868F0F718FAB6
:107A000003B05DF804FB37B54468016923690831A8
:107A10000B60637D05460B7101234B7103238B7152
:107A2000237DCB71FFF73BFF237D33B10221A0689B
:107A300001AAFFF70AFE002804DAA068FFF7D3FFC7
:107A4000002803DB2846E3699847002003B030BDD7
:107A500038B504460D46426811688B6923F020034F
:107A60008B61106800F0E7FD20462946FFF717FFFD
:107A7000044618B90A20002102F07BF9204638BDDF
:107A800038B545680C462868F2F7F0FA800214D53C
:107A90002A68936919050CD423F4FD6323F00503C8
:107AA0001B051B0D022B04D0D369DBB20020237011
:107AB00038BDD36903F07F03F8E74FF0FF30F7E7F5
:107AC0007FB50BAB059303930A9B0122029300231E
:107AD0001846CDE90033DCF72BF807B05DF804FB5E
:107AE00043681A68D36D1B07FCD1704710B5046951
:107AF00063688BB19A687AB1186901F0E0FB0121E3
:107B0000636898681B7B994003691B681942836806
:107B10000CBF1B69DB689847E36923B9A36004F1D4
:107B20001400F3F7DFFC002010BD704710B50B68A0
:107B300013B91846136005E003685C681CB1146053
:107B40000368186810BD083303600B68013B0B60C5
:107B5000EDE77FB50BAB059303930A9B01220293DC
:107B600000231846CDE90033DBF7E2FF07B05DF8EC
:107B700004FB03460A4619790123006803FA01F160
:107B800003691B68194218BF82F0010212B18368B1
:107B9000DB68184783681B69FBE770B50569044615
:107BA000AE6EB06CF0F7B4FA18B96FF0120420465C
:107BB00070BD3068F0F7ACFA0028F6D02046F0F738
:107BC0001FFA04460028F2D16B684BB19A683AB1AB
:107BD000186901F074FB686821460830FFF7C9FF97
:107BE000EB69002BE3D1AB6005F11400F3F77AFCED
:107BF000DDE74FF0C043800000F1A040C0F8003343
:107C000021B94FF08043C0F8003370470139C0F804
:107C10000013704708B54FF0A043D3F8A834032BE6
:107C20000FD0052B10D0012B11D1F0F767FF4FF0CB
:107C3000A043D3F8AC3403F007030133B0FBF3F0F7
:107C400008BDF0F705FEF2E7F0F7DAFFEFE70020F6
:107C5000EDE710B54FF0A044D4F82C355BB1012B03
:107C60000CD000204FF0A043D3F8C433DBB2013373
:107C7000B0FBF3F010BDF0F741FFF3E7F0F7C0FF02
:107C8000D4F8E433DBB20133B0FBF3F0EAE710B52C
:107C90004FF0A044D4F85835013B042B21D8DFE83D
:107CA00003F0030E11141700F0F728FF4FF0A04364
:107CB000D3F85C35DBB20133B0FBF3F010BDF0F765
:107CC000B9FDF3E7F0F7C4FDF0E7F0F787FDEDE766
:107CD000F0F796FFD4F8E833DBB20133B0FBF3F0F2
:107CE000E4E70020E2E708B5F1F7E8F84FF0A04339
:107CF000D3F88033DBB20133B0FBF3F008BD0122CF
:107D00004FF0A041030C80B2824003F148009B0079
:107D10000B4441F8202003F5807319681142FCD010
:107D2000704701224FF0A041030C80B2824003F162
:107D300050009B000B4441F8202003F58073196824
:107D400032EA0101FBD0704710B50446FFF7D7FFB8
:107D50002046BDE81040FFF7E4BF704700EB01305C
:107D6000916900F5815301B1918B00F58050016854
:107D700041F08041016011681960918889B2998051
:107D8000D18889B2D98091689960D168D960116928
:107D90001961918A89B29982D18A89B2D98291690D
:107DA0009961918B89B29983D28B92B2DA837047B1
:107DB00010B548220021044602F0EBFB0123A3701A
:107DC000637010BD537800F5805000EB01301178DE
:107DD00092789B0743EAC17302F0070213430361E1
:107DE000704770B514460D460646FFF7EBFF636813
:107DF000013506EB05301BB10022DBB24261436165
:107E0000237AB3B1C36843F48033C360637A012B30
:107E1000C3680CBF43F4804323F48043C360A37A58
:107E2000012BC3680CBF43F4004323F40043C36039
:107E300070BDC36823F48033E7E7002308220B609A
:107E40008B80CB808B60CB600B618B82CB828B6114
:107E50008A83CB837047012A1FD1CA8A5B026FEAEB
:107E600042426FEA524292B2CA82CA8B03F47853FA
:107E70006FEA42426FEA524292B2CA83CA8A22F43D
:107E800078521204120C1A43CA82CA8B22F4785216
:107E90001204120C1343CB837047022A0ED18A8B33
:107EA0001B0292B242F020028A838A8B03F4F853B9
:107EB00092B222F4F85213438B837047CB8AC3F3F8
:107EC0000E03CB82CB8BC3F30E03CB838B8B23F0C0
:107ED00020031B041B0CEFE710B400F5815404EBE6
:107EE000013110BCFFF7B7BF38B51546F1F7AAFA54
:107EF0003DB18561838B9BB223F0080343F01003EF
:107F0000838338BD8A0741BF838B9BB243F0020352
:107F100083834B0741BF838B9BB243F0040383836E
:107F2000704700EB013101F58153DA8A01F5805188
:107F3000D88A13040B684CBFC0F30800C0F30E00CE
:107F400013F0804F18BF0020704730B5D50706D515
:107F50000B0300F58055EC5844F00404EC509407F2
:107F600008D500F5815404EB0134A38B9BB243F098
:107F70000203A383530708D500F5815000EB0131BC
:107F80008B8B9BB243F004038B8330BD00F5805094
:107F90000B0300EB0131C3584A688868D20FC3F362
:107FA0008073800043EA420300F0040018437047E6
:107FB00030B5D50706D50B0300F58055EC5844F0D5
:107FC0008044EC50940707D500F5805303EB013350
:107FD0005C6844F000445C60530741BF012300F536
:107FE000805000EB01318B6030BD38B505460C4642
:107FF0000322FFF7DDFF05EB04312846BDE83840DA
:1080000001F58151FFF719BF01230377002352B215
:1080100083774161C2777047C0E900127047F0B5BD
:1080200087B01D469DF83C300C9E012B12D0022BD0
:108030000DD093B934B213B20E9FCDE90056049718
:108040000D9FCDE90247F1F7E9FA07B0F0BD002432
:1080500013B2F1E7002334B2EEE700242346EBE746
:108060002DE9F0470446D0E904638A46EBB98368FA
:108070001B68002BC0F29580F28AF38B5340C3F348
:108080000E03002B40F08D800A46C0683146F1F7A0
:1080900029F9B38B9BB243F00803B383B38B9BB234
:1080A00043F00203B38300200CE0EFF3108272B6BA
:1080B000817FC37F49B25BB2994205DB82F31088AE
:1080C00041F2EC30BDE8F087457F837F6F1C0133C0
:1080D0005BB28377C37F7FB25BB2BB4208BF00272E
:1080E0004FFA85F9477782F31088B9F1000F27D04E
:1080F0006169E06801EB4911FFF79FFE61694FEA92
:10810000491852464144E068F1F7ECF86269013DD4
:108110004244938B6DB29BB243F002039383636935
:108120004D4503EB080103EB47134FEA47128B6100
:1081300008D16269A169E0684244FFF70FFEB2E727
:10814000C57FD5E7616901EB45118B8B9BB223F0AD
:10815000080343F010038B832169636988694344F2
:1081600098421AD1B38B9BB243F00803B383B38B0D
:108170009BB243F01003B383B38BDB0606D5B38BFE
:1081800023F008031B041B0CB3838CE72369996954
:10819000636913449942CCD185E78B69002BC8D021
:1081A00081E741F2ED308DE783680269596929B9A9
:1081B000938B9BB243F0010393837047416921B9CC
:1081C0001A6842F001021A6008E01968C80705D46D
:1081D00019684900F4D5928BD206F1D470478268B1
:1081E000136823F0804323F001031360704710B538
:1081F0000446FFF7F4FFD0E90301FFF71EFE6369B1
:1082000023B10123237700236377A37710BD70B5D3
:10821000044683681A68996802F08045C80748BF19
:108220009968C2F3807244BF41F0010199606369AB
:1082300043B92568002D2DD02046AC466168BDE8C5
:108240007040604720698169808BC91A80B24B09F0
:108250000DB3DBB2217F5EB28B4225D1A37FE17FDC
:10826000994201D0C1062ED4A37F5BB22677A17FAD
:108270002668C91A49B2A17716B120466168B0478D
:1082800045B123699B8BDB0641BFA268136843F0AD
:108290008043136070BD1F2901D9013BD9E7E37FFB
:1082A000013B03F0FF03D5E7217F49B25B1A44BFCE
:1082B000E17F43FA81F3002DD8D0A068016841F036
:1082C00080410160D2E70023D0E70121020AFA2AA7
:1082D000C0B24FF0A04301FA00F108D1D3F8382E14
:1082E0000A43C3F8382E4022C3F82C227047FB2AD9
:1082F00006D1D3F83C2E0A43C3F83C2E8022F3E784
:10830000883243F82210704710B511F470540246B9
:108310001BD08B0410D40B0511D44B0512D440F2A2
:10832000873311F4805F14BF18460020546113692D
:1083300043F44073136110BD40F28A30F6E740F217
:108340008930F3E740F28630F0E72046F3E74369EF
:1083500003F04073B3F1007F0CBF4FF46170002055
:1083600070472DE9F74F4FF0010C00274FF00A0B33
:108370004FF0FF3AB946BE466546836A0469C3F3C7
:10838000034304F0010400940469023324F001045F
:1083900004610BFB01F40194019CB3FBF5F8B4FB01
:1083A000F5F4B4FBF2F40534B4FBFBF4C8F1FE06BB
:1083B0003444E4B2C8F17806B4425DD90EF1010E3E
:1083C0005FFA8EFE6D00BEF1080FEDB2E4D1B3FB93
:1083D000FCF434234B43B3FBF2F36426B3FBFCF30E
:1083E000B3FBF6F33C1B7D1CC4F34704ED1AAC420F
:1083F0005CD8B1FBF2F21425B2FBFCF1B2FBF5F252
:108400004B080CF102058908013B0139AA42DBB295
:10841000C9B210D9856A023AC5F30365A2EB0C0212
:10842000954238BFD5B2826A2D0605F0706522F0FC
:108430007062154385621B04090603F47C1301F086
:108440007C5122020B4302F47C523F1B134307F082
:108450003F073B438364436A09F0070923F007039E
:1084600043EA09034362009B1BB1036943F0010324
:10847000036103B0BDE8F08FB1FBF5F608F1020827
:10848000A044B6FBF8F6B24207D9961B564595D2E2
:10849000B2462746F146AC4690E7B61A56458DD20D
:1084A000002EF5D12746F146AC4690E7013CE4B2F8
:1084B0009DE7F8B593790546012B0C46164603D186
:1084C0005369B3F5006F67D82378002B66D128462F
:1084D000FFF73DFF074600282CD1AB6904F1140CCF
:1084E00023F4785323F00303AB612B6943F4407307
:1084F0002B610FCEACE80F0096E803008CE8030078
:108500006369DB0718D5A37E012B14BF0323022365
:108510002370636A6360A36A63804FF4FE436B61F8
:108520006B6A23F480736B62AB6943F4785343F056
:108530000303AB613846F8BD238B216A5B0004F16D
:1085400008029BB2E9B1164643F480632381481EBA
:10855000E3694FEAC00C23FA0CF3DBB2013826F8CA
:10856000023FF5D2A06A4B1C88B1A07E01280ED133
:1085700040F20140268B40EA460022F813008B1C93
:1085800005E0A17E0B4343F4806323810123012195
:10859000638021706260C0E70427CBE74FF4617706
:1085A000C8E70121020AFA2AC0B24FF0A04301FA3B
:1085B00000F108D1D3F8382E0A43C3F8382E4022F0
:1085C000C3F82C227047FB2A06D1D3F83C2E0A436D
:1085D000C3F83C2E8022F3E7883243F8221070471C
:1085E00030B5456C436C446CC3F30723022A4FEA51
:1085F000156553FA84F410D0032A14D0012A0BD144
:10860000026C0B0403F47F0322F47F02134343EA5A
:108610000523E4B22343036430BD036C23F07F439E
:1086200043EA0163F3E7036C090289B21943E4B238
:1086300021430164F0E7C36A13F4706FFBD143690F
:108640005B02FCD5436943F0C02343F4F813436154
:1086500000238361704710B52422044600210430B2
:1086600001F097FF4FF4E133236010BD30B583690B
:10867000056C23F0704323F47323846D23F47F632C
:1086800001690269806A05F00F0523F00F032B438F
:1086900000F440700343A00000F47050090A034343
:1086A00001F04001100A0B4300F08000184330BD78
:1086B000036843F0010303600368DB07FCD47047E1
:1086C0000246D0F8E00010F002001CBFD2F8E00033
:1086D00000F00100704740F60A020A4010B5044657
:1086E00012D00B050AD40B070BD441F65B3311F003
:1086F000020F14BF18460020626110BD41F65930C8
:10870000FAE741F65A30F7E71046F6E738B54C225B
:108710000021044601F03DFF4FF6FF7340F6FF02D3
:108720002381628123740822638201252023002192
:10873000227323753022E57004F1160001F029FF41
:1087400023460F20002204F124019D76D8751A8358
:1087500006339942F9D14FF4807384F83E50A387D1
:1087600084F84450A4F84230A4F84620A4F84820E5
:1087700084F84A2038BD2DE9F047D0F8BC300546D2
:10878000C3F3860301335E004FEAC3080F46144665
:1087900014BFC1464FF004094FF0400A0CB3696999
:1087A0004B06FCD52846FFF796FFD8B9A0451BD944
:1087B000A308834227D1B4EB80044FEA80060ED091
:1087C00000231A463E44F15CDF000133B9409C426D
:1087D00042EA0102F7D100F1600345F8232040236B
:1087E0006B610020BDE8F08757F8203000F160028F
:1087F0000130864245F82230F6D84F44A4EB0804F5
:10880000C5F814A0CAE757F8201000F1600245F837
:1088100022100130CDE72DE9F047D0F8B8500446DA
:10882000C5F386050135EF006D000E46924614BF74
:10883000B8464FF004084FF02009BAF1000F35D0C8
:10884000574510D9D4F8F030DBB2BAEBC30F0DD9CD
:1088500020466169FFF73FFF0028F3D00BE0204678
:10886000FFF739FF38B961698B06F8D52046616991
:10887000FFF731FF08B1BDE8F087574518D94FEA37
:108880009A03834223D1BAEB830A4FEA83020BD0C7
:10889000403354F8230000233244D90020FA01F178
:1088A000D15401339A45F8D1202363610020E2E7D7
:1088B00000F1400354F8233046F82030013085425F
:1088C000F6D84644AAEB070AC4F81490B5E700F1BD
:1088D000400254F8222046F820200130D1E710B59C
:1088E0000B79044600EB8303D3F8802042F000426A
:1088F000C3F880201F2343610B68C0F8A030D0F874
:10890000BC3043F00103C0F8BC30D0F8B83043F0BD
:108910000103C0F8B8304B798A79013B022B88BF3C
:108920000020CB794FEA024203F1FF334FEA0363A1
:1089300098BF888902F4702203F0E0631343034375
:10894000C4F8A430D4F8B03043F00103C4F8B03018
:108950004B7903F0FD02012A0ED1D1E90212204623
:10896000FFF709FF6369DB07FCD578B92046616929
:10897000BDE81040FFF7AFBE022B05D1D1E90212CE
:108980002046FFF748FFEDE70020EBE710BD0B782E
:1089900003F0030303644B7853B1036C43F080434B
:1089A0000364036C002BFCDA036C23F08043036444
:1089B0007047D0F80031C3F38103994210D0D0F84A
:1089C0000031DA070ED5D0F80031890001F00C0132
:1089D00023F00C031943C0F800110369DB07FCD432
:1089E0000020704742F6A800704739B9D0F800312E
:1089F00013F07C5F09D042F6A5007047012904D12D
:108A0000D0F8003113F4401F0AD0D0F8003101F043
:108A1000010123F001030B43C0F80031002070472F
:108A200042F6A600704738B503690446DB070D46D9
:108A300020D4D0F8003113F4401F1ED0D0F80031FC
:108A400013F07C5F01D04B78D3B1D4F800312A7891
:108A5000C3F381039A4207D001212046FFF7C5FFE7
:108A600020462978FFF7A5FF20466978FFF7BDFF6C
:108A7000002038BD42F6A000FBE742F6A600F8E76A
:108A800042F6A500F5E7022904D1D0F8003113F42D
:108A9000401F0BD0D0F80031090223F4407301F4D9
:108AA00040711943C0F800110020704742F6A6003B
:108AB000704710B503690C46D907024612D4617895
:108AC000FFF7E1FF50B92378D2F800119B0203F4BD
:108AD000406321F440610B43C2F800311369DB07A6
:108AE000FCD410BD42F6A000FBE710B50146F1F73B
:108AF000A3FD88B31F23C0F83031036B43F48043D8
:108B00000363036B43F40043036300230360A1F199
:108B10000A03012B02D90639012905D84FF4002395
:108B200043634FF4801343630AB9002010BD5378A8
:108B300094781B0412782402016903F4702304F46E
:108B4000706402F00F022343134321F00F1222F44A
:108B5000706213430361E8E70120E7E72023F0B5E3
:108B6000C2680261C168194420331160B3F5007F07
:108B70001268F7D1002313601022416880F8942016
:108B8000D1F84021012722F47F02C1F84021426838
:108B90004026D2F8401100F11004C2F8401141689B
:108BA000D1F8A82142F00802C1F8A8214168D1F803
:108BB000A82122F00402C1F8A8211A4681681944AC
:108BC0008F608168CD5866F31A45CD5044F8042F64
:108BD00022648168194491F83850403362F30005EB
:108BE000B3F5806F81F83850E8D1D0E90131C3F88E
:108BF000581147214368C3F854214368C3F848110A
:108C000080F89620F0BD01F00F0141F08001F1F7EE
:108C10002BBD01F00F01F1F727BD2DE9F041012532
:108C20000446CA0801F00F0602F0100232438368BE
:108C30009540720042EAD11203EB82134FEA821888
:108C400093F83820CF096FF3000283F83820F1F74A
:108C500003FF6368D3F8B0212A4219D1D3F8B831A1
:108C60002B4015D1A26842F8083063686EB9002F16
:108C70000CBF6FF08D016FF40D010020D3F8C021FF
:108C80000A40C3F8C021BDE8F08103EB8603EEE79C
:108C90000220F8E72DE9F84F0E4615460446002855
:108CA00000F06D81142900F26C81DFE811F01500ED
:108CB00020002600BE00C600ED0026012C011C008D
:108CC0006A016A016A016A016A01500163016A016D
:108CD0006A016A016A0147014268D2F8403143F0F3
:108CE0000103C2F8403100263046BDE8F88F4268E3
:108CF000D2F8403123F00103F3E7002A00F041816C
:108D00004FF0010892F80290B2F800B04FEAD90390
:108D100009F00F0703F010033B43494608FA03F834
:108D200092F803A0F1F798FE6368D3F8B02118EA2F
:108D3000020FD9D1D3F8B83118EA0308D4D10AF018
:108D40000303790041EAD911012BD4F808C0CBF311
:108D50000A004FEAD9164FEA811132D1B0F5806F7F
:108D600028BF4FF480602A885CF801E0C2F3C1227A
:108D7000013262F39F7E4CF801E0A26852F801C014
:108D800060F31A4C42F801C0A26895F804C00A4486
:108D900092F838006CF3410082F83800A068BFB93F
:108DA000425842F000524250A068425842F40042F9
:108DB00042506068D0F8C0210EBB9B0043F0C00356
:108DC00020E05CF8012068F39F724CF80120D4E7A2
:108DD0002A794558B2FA82F2520962F35D7545501C
:108DE000A26850586FF3CF305050626802EB870290
:108DF000D2F8C00196B99B0043F0C00311E09B0478
:108E000043F440031343C0F8C031A3680B4493F804
:108E1000382042F0010283F8382064E79B0443F4D1
:108E200040030343C2F8C031EFE7002A00F0A980F5
:108E3000BDE8F84F1178FFF7F0BE002A00F0A180DE
:108E4000157815F00F060ED13146F1F705FE802199
:108E50002046F1F701FE6268D2F8C03143F00113F9
:108E6000C2F8C0313FE72946F1F7F6FDED090CBF26
:108E700001224FF48032616801EB8601D1F8C031E4
:108E80001343C1F8C0312EE7002A7AD01178426826
:108E900011F00F034FEAD1160ED1002E14BF6FF45C
:108EA00080306FF00100D2F8C0310340C2F8C03109
:108EB0002046F1F7D1FD16E702EB83025D1ED2F8E2
:108EC000C0016F3376B920F00100C2F8C0016268BA
:108ED00002EB8303586840237035034302EB85029D
:108EE0005360E5E720F48030C2F8C001626802EB0D
:108EF000830358684FF48003EEE70126002A3FF40D
:108F0000F3AE1680EFE6002A3BD013781A0738D468
:108F10004268D90913F00F031DBF6F3302EB8302C0
:108F20005268D2F8C02100290CBF01234FF48033CE
:108F30001A4214BF012300236B80D4E60AB32B78B6
:108F400042685B0643F08073C2F85431CBE60025DB
:108F500065F07F01EEB2C9B22046FFF75EFE013533
:108F600031462046FFF759FE082DF1D12046FFF784
:108F7000F5FDB8E62AB190F898301370B3E60326F1
:108F8000B2E60126B0E62DE9F04F89B000285AD0AC
:108F900004686368D3F84411D3F8482101EA020A4F
:108FA0001AF0400FC3F844A11CD04FF0FF116368C2
:108FB000D3F8AC21C3F8AC216368D3F8BC21C3F863
:108FC000BC216368C3F8B4116368D3F8B02112F010
:108FD000FF1FF6D1D3F8843113F4807336D0012308
:108FE00084F896301AF0010F0CD06368D3F8AC8186
:108FF000B8F1000F34D16368D3F8BC21C3F8BC21A9
:10900000002A77D11AF0040F1DD00023CDE90533D3
:109010008DF81D306268D2F8845115F4807512D134
:10902000D2F88431C3F340235B0084F8983094F87D
:10903000963043B110238DF81C30206805A9ECF759
:10904000E5FC84F8965009B0BDE8F08FCDE9053312
:109050001023ADF81C30206805A9ECF7D7FCC1E758
:1090600000254FF0010928FA05F3DB073ED5A66875
:10907000EFB206EBC51616F8302F3946D209204656
:109080000192F1F7F7FB019A394682F0010220467E
:10909000F1F7F0FB08238DF81C70059606938DF808
:1090A0001D90626809FA05F14FEAC51BC2F8AC11C0
:1090B0006168D1F8402142F40052C1F84021A26811
:1090C0005A44916A1163A2685A44D16A5163626832
:1090D000D2F840118F04EBD5D2F8403105A923F422
:1090E0000053C2F840312068ECF790FC0135082DA0
:1090F000B9D180E70027BB463B4622FA07F1CE07ED
:1091000003D40137202FF8D17CE70F2FF9B203D811
:10911000072F0FD90137F0E71039C9B20729F0D866
:109120004E000136CDE90533F6B2002900F0A380E8
:10913000012004E00020CDE905334E00F6B24FF0E7
:10914000010835B2029504EB86056D6941EAC01C41
:1091500001EB001125F01F05B601CDF804C008FA97
:1091600001F8002DCDD0029904EB8109D9F81450F3
:1091700025F01F05294661B14868000603D44868F8
:10918000000440F1868048680006BAD449680804A3
:10919000B7D5002DB5D069680906E2D4059949B95B
:1091A000A968A88B21F47F6121F00F01C0F30B00A7
:1091B000014305916868E969C0F30E40C1F31231BB
:1091C000091A069808440690D9F81410D9F85400E2
:1091D000814262D10120C9F814B0C9F854B0A16825
:1091E00031448860A1683144C1F80CB06968080452
:1091F00003D4D9F814101F290DD8019B8DF81DB088
:109200008DF81C30206805A90392ECF7FFFB0023C2
:10921000CDE90533039AC5F804B02169296094F8B3
:1092200094102561013184F89410D9F814101F2985
:1092300021F01F05ADD969680906ACD56168C1F890
:10924000B0816168D1F8B80118EA000FA3D1D1F854
:10925000B00118EA000FFAD1D1F8B81118EA0101EB
:1092600099D1A06830448560A0683044C1606168CD
:10927000C1F8B0818FE7A06890F87850AD077FF50E
:1092800057AF056CAD005EBF056C45F00055056439
:109290004EE7096821F01F016DE70968C9F814104D
:1092A000A4E7EFF31183202282F31288BFF36F8FBC
:1092B0000360704780F31188BFF36F8F704738B534
:1092C000044648B1EFF75EFA962305465C43EFF794
:1092D00059FA431BA342FAD338BD704740B1C36863
:1092E000587810F001001EBF1878B0FA80F04009DD
:1092F000704710B5C36804465B78DB070BD58369FC
:1093000063B19847002805DB0020E3685A786FF3C3
:1093100000025A7010BD4FF0FF30FBE76FF0850080
:10932000F8E77FB50BAB059303930A9B01220293E9
:1093300000231846CDE90033DAF7FAFB07B05DF8F1
:1093400004FBEFF31183202383F31288BFF36F8FA5
:10935000FEE708B5FFF7F5FF10B54369044633B9DA
:109360000020E268537843F00103537010BD984722
:109370000028F5D00028B8BF4042FF28A8BFFF2032
:10938000E3681870EDE701F004B901F0DBB8C368D9
:109390005B78DB0701D4FFF7DFBF6FF07700704722
:1093A00008B5F1F759FEBDE80840F1F763BE10B407
:1093B00000F10C04C0E903440024047510BCF6F766
:1093C0002DBB2DE9F04F054689B0DDE912679146C6
:1093D0003B46324606A8059105F1140A00F0DAFE74
:1093E000DDE90634CDE90234EFF311844FF02008B3
:1093F00088F31288BFF36F8F05F10C0B4A4628469D
:109400000599F6F7F5F930B184F31188BFF36F8F42
:1094100009B0BDE8F08F3E43F6D0DDE9022306A88F
:1094200000F0DCFEDDE906675A4621465046CDE9EC
:109430000067F2F7E1FDEFF3118488F31288BFF3C0
:109440006F8FDBE707B5CDE900230A460421FFF75C
:10945000B8FF03B05DF804FB38B50446EFF311859F
:10946000202383F31288BFF36F8FF6F778F904F1A6
:109470000C0000F06BFC30B1294604F11400BDE88B
:109480003840F2F735BE85F31188BFF36F8F38BDD2
:109490008169C36843EA010212F003020FD102613D
:1094A0004269013A01FB0233C2689A4201D90020A5
:1094B000704702691A60826903619B1AF4E76FF0D2
:1094C000150070472DE9F04105460F46EFF311886E
:1094D000202383F31288BFF36F8F0669FEB90468F7
:1094E000A0421CD0DCB1D4E9003213605A60637B27
:1094F000C4E9006623F002036373A66004F1180058
:1095000000F005FE2046C4F8B060276100F0BFFB04
:10951000414605F10800BDE8F041F2F7E9BD3E60C3
:10952000EB692F61013BEB6188F31188BFF36F8F0B
:10953000BDE8F0816FF0850070476FF085007047DF
:1095400000BF7047202408B5EFF3118384F312881D
:10955000BFF36F8FF8F7BCFAF6E7D0E9003213607B
:109560005A600023427BC0E9003322F002024273BA
:1095700083607047C0E9032303FB021200234362A8
:1095800080F83030037200F12803C0E90621C0E9F9
:109590000000C0E90A33416101627047F8B50D4629
:1095A000A1FB0214074616463CB92046F3F74CFCD3
:1095B000014628B96FF00B0001E06FF01500F8BD0F
:1095C000334638462A46FFF7D5FF0123204687F861
:1095D0003030F4E7C3680B6003694B60436A8B600B
:1095E0007047034610B50846EFF31184202282F33A
:1095F0001288BFF36F8F5A6A4AB1DA68D96900F0EE
:10960000A1FF002084F31188BFF36F8F10BD6FF0AE
:109610002200F7E770B5134604460846EFF31186BB
:10962000202282F31288BFF36F8F626A9A4211D9A7
:10963000D4E90651E2686D1A53439D429CBF6169AB
:109640005B1B194400F07EFF002086F31188BFF3F6
:109650006F8F70BD6FF02200F7E7F8B50446EFF3A7
:109660001186202383F31288BFF36F8F0568A84209
:1096700031D02DB32846FFF770FF05F1180000F038
:1096800046FD6FF022072846C5F8B07000F0FFFADB
:109690002568AC420AD100236362236AE361314644
:1096A00004F10800BDE8F840F2F722BD3DB12846BC
:1096B000FFF753FF05F1180000F029FDE3E701254E
:1096C00000236362236AE361002DE8D186F31188E9
:1096D000BFF36F8FF8BD00234362036AC361F5E7F0
:1096E00090F90E308B4201D0F2F7B2BC00207047E7
:1096F00003460020C3E90033C3E902007047D0E904
:10970000003213605A600023427BC0E9003322F02C
:1097100002024273836070472DE9F041904604468F
:109720000D469DF81820EFF31186202181F3128851
:10973000BFF36F8F02B14568224652F80C7F974203
:1097400017D0B7B13846FFF7DAFF07F1180000F07D
:10975000DEFC00233846C7F8B030C7F8108000F0B0
:1097600096FA04F108003146F2F7C2FC0020BDE889
:10977000F081ABB108210020F3F766FB002838D058
:109780000122C0F804800260016801F003015DB9A4
:1097900022680A430260626820606AB960600BE078
:1097A0004046C8F80030EFE72A68032A16D801605F
:1097B000616869B9C4E90000042104F1140000F0F3
:1097C00064FE0028CDD186F31188BFF36F8FCEE7FA
:1097D0000A6802F0030202430A60DFE722F0030294
:1097E0000A4302602A6802F0030240EA02032B6087
:1097F000E2E76FF00B00E6E710B5044630B102680F
:10980000930703D0446809B100F07EFE204610BDE6
:109810000023C0E90033037200F10C03C0E90333F5
:1098200000F11403C0E905337047F8B50546EFF3BE
:109830001186202383F31288BFF36F8FC46800F171
:109840000C039C4200F1140719D0C4B12046FFF765
:1098500056FF04F1180000F05AFC00232046C4F81B
:10986000B030236100F013FA0821384600F00DFEF5
:10987000314605F10800BDE8F840F2F739BC08218F
:10988000384600F002FE0028F2D186F31188BFF3BB
:109890006F8FF8BD012307B5009300230A461946D0
:1098A000FFF73AFF03B05DF804FB002307B50A4653
:1098B00000931946FFF730FF03B05DF804FB012366
:1098C00007B50A4600930021FFF726FF03B05DF8B5
:1098D00004FB07B50A46002101230091FFF71CFF96
:1098E00003B05DF804FB08B503681BB9FFF7D2FFAE
:1098F000012008BD8B4203D01B6823F00303F4E76B
:109900000020F6E700210068FFF776BF00214068DD
:10991000FFF772BF5AB18A4209D300F11003C0E9C0
:109920000212C0E90000C0E90433002070476FF064
:10993000150070470023C0E9031101EB8201C0E963
:10994000000003724161704738B505460C4600209F
:109950008900F3F779FA014638B128462246FFF725
:10996000E9FF012300202B7638BD6FF00B00FBE7E9
:109970002DE9F04106460F46EFF31188202383F3CB
:109980001288BFF36F8FD0E9043293422BD0046862
:10999000A0421ED0ECB1D4E90032002513605A6019
:1099A000637BC4E9005523F002036373A56004F1EF
:1099B000180000F0ACFB2046C4F8B050276100F05E
:1099C00066F906F108004146F2F792FB2846BDE829
:1099D000F08100201F6033690433336188F31188FC
:1099E000BFF36F8FF3E76FF00B00F7E70123026817
:1099F0008B4022EA0303036022FA01F000F0010029
:109A0000704710B5032104460C30FFF7EFFF30B16B
:109A100004F1100000F07BFBB0FA80F0400910BDAB
:109A200020B10022C030114600F0DCB9704770B59B
:109A3000C3680446C3F340069B0716D48568022119
:109A40000C30FFF7D3FF80B1D5F8B8206AB194424B
:109A50001DD122689EB9D5F8BC30C5F8B8209C420B
:109A600001D1C5F8BC2000232360E36813F01F0078
:109A70001EBF43F00203E36040F0020070BD32609D
:109A8000D5F8BC20944208BFC5F8BC60EBE7164689
:109A90001268DBE773B50446EFF31185202383F3E7
:109AA0001288BFF36F8F0023A0F110060321043842
:109AB0000193FFF79BFF28B1A369304601A90193E9
:109AC000F1F7A4FE85F31188BFF36F8F02B070BD6C
:109AD00038B504460D461022002100F05AFD65609D
:109AE00038BDEFF31183202282F31288BFF36F8F0A
:109AF000C06800F01F0083F31188BFF36F8F7047B9
:109B000013B501900846EFF31184202383F31288E4
:109B1000BFF36F8F01A9F1F779FE84F31188BFF3CA
:109B20006F8F02B010BD10B5FFF7EAFF041E08DD0D
:109B3000EFF31180202383F31288BFF36F8FF2F7C6
:109B400007FB204610BD08B5D822002100F021FDFA
:109B500008BD38B530220D460021044600F019FD3D
:109B60004FF480736560E36038BDFFF7BABF38B566
:109B70000446EFF31185202383F31288BFF36F8F20
:109B8000FFF73FFF2046FFF752FF85F31188BFF331
:109B90006F8F38BDD0E9003213605A600023427BDA
:109BA000C0E9003322F00202427383607047C0E9CB
:109BB000000000207047EFF30580003818BF012037
:109BC000704790F90E0070477830704708B50B4623
:109BD00000F17801184600F0A9FD002008BD10B57D
:109BE00000240373C0E90644846042738173C47324
:109BF00010BD002310B5043903308B4202D300207E
:109C0000136010BD10F8014FAA2CF8D10133F4E70E
:109C10000A46D0E92601FFF7ECBFD0E90032136015
:109C20005A600023C0E90033704708B5FFF7F5FF1D
:109C3000437B23F0020343730023836008BD38B5E0
:109C400004460D46F2F7D0F8637B43F002036373DA
:109C5000E5B1A5602B689D4209D16B68C4E900534A
:109C60001C606C6012E06A689A42F6D01B68002B98
:109C7000F3D094F90E2093F90E108A42F3D091425A
:109C8000F1DD5A68C4E9003214605C6038BD10B57B
:109C9000EFF31184202383F31288BFF36F8FF2F761
:109CA00061F884F31188BFF36F8F10BD08B5EFF32F
:109CB0001181202282F31288BFF36F8F83680BB16A
:109CC000FFF7B3FF81F31188BFF36F8F08BD014623
:109CD00010B5EFF31184202383F31288BFF36F8F45
:109CE000437B13F0280F0AD183680BB1FFF79DFF68
:109CF0004B7B084623F004034B73F2F733F884F3ED
:109D00001188BFF36F8F10BD01211838FFF7DFBF37
:109D100008B50346EFF31181202282F31288BFF3C6
:109D20006F8F0068834207D008B1FFF77EFF81F391
:109D30001188BFF36F8F08BD0020F8E710B5FFF75B
:109D4000B5FFBDE81040183000F0E1B938B5054660
:109D500004680020AC4200D138BD002CFCD0204665
:109D6000FFF7ECFF2046FFF792FF2C680120A54289
:109D7000F1E738B504460D46F2F7D2FAB5F1FF3FE8
:109D800008BFB4F1FF3F0346204614D013F1090089
:109D90004FEAE37141F100010A2871F100030BD38E
:109DA0006FF00A0383424FF004038B4106D30A226B
:109DB0000023D7F705FB38BD0020FCE76FF000401B
:109DC000F9E7C117633008B54FF064024FF00003A4
:109DD00041F10001D7F7F4FAC117F2F7A1FA6423B1
:109DE000584308BD38B5EFF31185202383F312885B
:109DF000BFF36F8F0468A04213D0A4B1C4F8B010B1
:109E000022612046FFF711FF04F1180000F07FF9EE
:109E10002046F1F7A7FF012085F31188BFF36F8F6C
:109E200038BD0020F8E72046F6E7F0B585B00646D5
:109E30001546DDE90A2302A80C4600F0CFF9DDE95A
:109E4000021251EA020326D020460027236801337C
:109E500040F8183B0C9B1F70CDE900123246296870
:109E6000F2F7CAF8EFF31183202282F31288BFF3CE
:109E70006F8F2B60226894F82C30013A990722608A
:109E800002D51AB16FF08B0005B0F0BD23F00203CC
:109E900084F82C30F6E76FF00A00F5E738B5044691
:109EA00000200022054611462046FFF79BFF0028B0
:109EB000F7D1284638BD002342610122C0E90233B0
:109EC00003610360037600F11C03C0E9073300F16E
:109ED0002403C0E9093300F13003C0E90C334160C9
:109EE00080F82C2070472DE9F04F8FB00546904642
:109EF000DDE918230AA8059100F04CF9DDE90A34E0
:109F0000CDE90634EFF31183202282F31288BFF3E8
:109F10006F8F0D93002395F82C408DF8333014F09B
:109F2000020440F0908095F82C60F64316F001068C
:109F300040F08C80EA896B899A4260D12B68002BB3
:109F400058D0B24605F11C03A8EB040B0893EF6947
:109F5000089B9F423DD0002F3BD0D7F81090ABEB31
:109F60000601D9E90123D21A8A4228BF0A46D9F844
:109F70000000DDF814C0A11961441844099200F0F2
:109F8000E1FAD9F80810099A16440A44D9F80410DD
:109F9000C9F808208A421CD3D7E900210A60516021
:109FA0007A7BC7E900AA22F002027A73C7F808A0F8
:109FB00007F1180000F0ABF83846C7F8B0A0C7F8B2
:109FC00010A0FFF764FE4FF00103B3458DF8333066
:109FD000BDD83444A0450DD826469DF83330002B1B
:109FE00037D00D9905F11800F2F782F830460FB01E
:109FF000BDE8F08F202105F1300000F046FA059B06
:10A00000A8EB04021919281DF5F7E9FF0444A0453F
:10A0100001D14646E1E70DF1330302932946DDE91C
:10A02000062305F12400CDE900230DAAFFF7FDFE6C
:10A03000064600283FF477AF10F10B0FCDD1002C6E
:10A0400018BF2646C9E76FF08B06C6E76FF01F06FC
:10A05000C3E70D9B83F31188BFF36F8FC6E738B555
:10A060000446EFF31185202383F31288BFF36F8F2B
:10A070000023C0E90233036103685BB190F82C3020
:10A080001C3043F002030374FFF708FF04F12400BF
:10A09000FFF704FF85F31188BFF36F8F38BD38B524
:10A0A0000446EFF31185202383F31288BFF36F8FEB
:10A0B00000231C300374FFF7F1FE04F12400FFF7C6
:10A0C000EDFE85F31188BFF36F8F38BD002383F356
:10A0D0001188BFF36F8F0223184602DF10B5F2F725
:10A0E000EFFB0446F2F7F4FB74B1D4E904321B1A17
:10A0F00062EBE072B3F1004F72F1000104DA002A62
:10A10000ACBF1846002010BD6FF00040FBE70246D0
:10A1100038B5EFF31185202383F31288BFF36F8FD7
:10A12000036893B1F2F7CCFB04461046F2F7DAFB72
:10A13000844204D1FFF7D2FF0021EEF787FA002016
:10A1400085F31188BFF36F8F38BD6FF01500F7E707
:10A1500070B5EFF31186202282F31288BFF36F8F60
:10A16000036873B1F2F7DAFB04460D46F2F7B0FB71
:10A170000346201A65EBE37186F31188BFF36F8FF6
:10A1800070BD18461946F7E708B5F2F7B3FC08BDED
:10A19000F2F7B0BCB3F1FF3F08BFB2F1FF3F70B5BB
:10A1A00004461D46164613D01A4315D06FF001021F
:10A1B0004FF0FF33921B63EB0501002904DAF2F73D
:10A1C00099FC821941EB0501C4E90021204670BDCC
:10A1D0004FF0FF321146F7E70022FBE7B3F1FF3FF4
:10A1E00008BFB2F1FF3FF8B5074616461C4610D02F
:10A1F00054EA020311D0F2F77DFCB0420A46A141B5
:10A2000003460AD2F31A64EB0204C7E90034384665
:10A21000F8BD4FF0FF331C46F7E70023FBE70023B0
:10A22000C0E9081200F11802C0E90622C0E90033B3
:10A2300003634363704710B50446FFF768FFA8B98E
:10A24000636A0BB12046984704F11800FFF760FDE0
:10A2500060B1FFF71CFDEFF31180202383F3128818
:10A26000BFF36F8FBDE81040F1F772BF10BD03461A
:10A27000EFF31182202181F31288BFF36F8F002149
:10A28000006B196382F31188BFF36F8F704770B54D
:10A29000D0E90034984209D044B1A568EDB115F970
:10A2A000526C12F9525CB54208D007DDC1E90004D6
:10A2B0002160416010E0A342F8D01B68002BF5D06C
:10A2C0009A6862B112F9522CAA42F4D0F3DD5A68AE
:10A2D000C1E900321160596070BDAB7BFFDE937B3A
:10A2E000FCE72DE9F84F00250F4614469846014635
:10A2F0002E464FF0200AA946BD4202DB3046BDE89B
:10A30000F88FEFF3118B8AF31288BFF36F8F4B7BBB
:10A3100003F03F03082B09D853B1013B072B07D8A3
:10A32000DFE803F0281C06220606062E102B3ED07E
:10A33000B8F1000F34D12378002B31D04B7B03F0E0
:10A340003F03082B35D8002B35D0013B072B32D8E3
:10A35000DFE803F03E34313A313131410B699B681B
:10A36000002BE5D0022310E00B691B68002BDFD027
:10A3700004230AE00B699B68002BD9D0012304E079
:10A380000B695B6A002BD3D01023CA68C1F8089010
:10A39000C2F38630034363F39432CA6084F80090BA
:10A3A0008BF31188BFF36F8F01351431A4E720239D
:10A3B000EBE7102B13D08C600136F1E722460869D9
:10A3C0001030FFF764FFF6E7086922461430F8E71B
:10A3D00022460869F5E7086922462830F1E708694E
:10A3E00022463030EDE72DE9F041846805460E46FF
:10A3F000D4B16378012B22D114F8533C9A0711D5BC
:10A40000A4F160073846FFF799FC082E0CBF6FF0E7
:10A4100003030023236514F8533CDB0602D13846BE
:10A42000FFF735FC002323700020EB68A860C3F31E
:10A430008632164366F39433EB60BDE8F081022B5D
:10A44000F0D12378002BEDD054F8048CB8F1000F34
:10A45000E8D004F11400FFF75AFE0023A4F114071A
:10A4600039464046E362FFF74BFBDBE710B50024BB
:10A470005205090201F47C5102F400120A43017BE7
:10A4800084600A43C0E9032310BD38B5EFF311859A
:10A49000202383F31288BFF36F8F0468A04211D08A
:10A4A000D4E9003213605A6000232046C4E9003327
:10A4B000FFF799FF85F31188BFF36F8F201E18BF38
:10A4C000012038BD0024F5E70023C0E900008360C7
:10A4D000704700238360704783680B60C368136014
:10A4E00070470432D3B5044608D20026002741F055
:10A4F0000401CDE90067FEF764FF10B9002002B047
:10A50000D0BD40F8044BFAE720B1011F50F8040C0D
:10A51000FEF7A2BF704701460420F2F787BC002077
:10A5200070476FF057007047C9B20346024410B538
:10A530009342184601D1002003E0047801338C4295
:10A54000F6D110BD0A44431E914200D1704710B5A8
:10A5500011F8014B914203F8014FF9D110BD884227
:10A5600010B501EB020402D98442234607D8431EEA
:10A57000A14208D011F8012B03F8012FF8E702449B
:10A5800001468A4200D110BD13F8014D02F8014D79
:10A59000F7E702440346934200D1704703F8011BDA
:10A5A000F9E720F02003413B192B05D93038092861
:10A5B0008CBF0020012070470120704720F0200050
:10A5C000413819288CBF0020012070471F2804D96A
:10A5D000A0F17F035842584170470120704730383E
:10A5E00009288CBF00200120704721385D288CBFCE
:10A5F000002001207047613819288CBF00200120FD
:10A60000704720385E288CBF00200120704720282A
:10A6100005D0093804288CBF002001207047012094
:10A620007047413819288CBF002001207047A0F1E5
:10A630003003092B07D920F02000413805288CBFB2
:10A6400000200120704701207047A0F14103192B21
:10A6500098BF20307047A0F16103192B98BF2038B4
:10A6600070470021F2F770BD0A220021F2F726BFE1
:10A670000A220021F2F722BFF2F7FEBBF2F718BC64
:10A680000139024410B5904201D1002005E0037861
:10A6900011F8014FA34201D0181B10BD0130F2E7A1
:10A6A00010B5044614F8013BA3F14102192A11F830
:10A6B000012BA2F1410098BF2033192803D8203282
:10A6C000981AEFD010BD981AFCD1002AEAD1F9E708
:10A6D000024610B5147813460132002CFAD1013B22
:10A6E00011F8012B03F8012F002AF9D110BDC9B2CE
:10A6F0000346184613F8012B12B18A42F9D170476C
:10A70000002918BF0020704710B56AB101398418BC
:10A7100010F8012B11F8013F9A4203D1A04201D059
:10A72000002AF5D1D01A10BD1046FCE710B501394A
:10A73000044632B111F8013F013A00F8013B002B09
:10A74000F7D10021FFF725FF204610BD0246014446
:10A7500010B58A42134603D01C780132002CF8D180
:10A76000181A10BD38B511F0FF0403460ED121466A
:10A77000BDE83840FFF7BBBF431C054621461846DD
:10A78000FFF7B5FF0028F7D1284638BD0025F5E7CB
:10A790000A7870B56AB970BD9A4209D10C4605466F
:10A7A00014F8013F002BF6D015F8016F9E42F7D048
:10A7B00001300378002BEFD11846ECE72DE9F04784
:10A7C000C3F137090746884603F01F055FFA89F988
:10A7D00016464FF0000A384641462A465346D6F7F9
:10A7E000EFFD4346D4B23A4688460746092C84BF5B
:10A7F0004C44E4B2AA4204F1300473EB0A0306F8B5
:10A80000014BE8D23046BDE8F0872DE9F04387B030
:10A810001C461746814602AB88460093D2E90223C4
:10A8200000F0DDF804AB06460D460093484641466D
:10A83000D7E9002300F0D3F80027DDE904239019BD
:10A8400053EB050128BF012737B1029B039A01335F
:10A8500042F10002CDE90232403CDDE902230094DE
:10A8600000F0D8F807B0BDE8F0832DE9F04F0618E6
:10A8700087B09946154641EB010402AB3046DDF83E
:10A8800044B021460093A9F1410AD2E9002300F027
:10A89000A6F804AB07468846304621460093D5E922
:10A8A000022300F09CF80022DDE90263841951EBD9
:10A8B0000306049B28BF0122D5E90001D218059B9D
:10A8C00043F10003381848EB0101B84271EB08016D
:10A8D000D5E902C134BF0120002014EB0C0CCDF8E7
:10A8E00000A046EB010110EB0C0041F10001A04279
:10A8F00071EB060C34BF4FF0010C4FF0000CCDE9AA
:10A9000004231CEB020243F1000300F083F8109BC8
:10A91000C3E90001129B012BDDE9042329D1D5E90C
:10A920000201D5E900C5201ACDF800A066EB0101AF
:10A93000674578EB050534BF01250025401B61F113
:10A940000001844276EB010534BF01250025521B2E
:10A9500063F1000300F05EF8DDE90423CBE90001B8
:10A9600020463146CDF800A000F054F807B0BDE80D
:10A97000F08F17EB070E48EB080C201946EB060189
:10A98000BE457CEB080834BF01270027C71941F1F9
:10A990000008D5E9000186457CEB010C34BF01209D
:10A9A0000020D5E90215381A68F1000C401A6CEB4A
:10A9B000050192185B41A74278EB060534BF0125DB
:10A9C0000025521943F10003874278EB010834BF98
:10A9D00001250025521BA9F140050095B8E7F0B507
:10A9E0000F460446A0FB0201059EA7FB025249192F
:10A9F000A3FB0445A7FB037342F10002611845F174
:10AA00000004D21943F10003121943F10003C6E90F
:10AA10000023F0BDF0B5059CC4F14007C4F1200649
:10AA2000A4F12005E04002FA06F6BB4022FA05F543
:10AA3000BA403343C4F120062B4301FA06F6A4F1D1
:10AA40002005304321FA05F5E1402843194310431E
:10AA5000F0BD2DE9F0410446CD0FC1F30A50C1F31A
:10AA6000130140F2FF76157154EA010707D0B04296
:10AA70000CD145F0080500201571BDE8F0810028D3
:10AA800064D0B0425FD145F00405F4E700285AD104
:10AA90000120A0F2FF30002B10605ADB0C2B5ADC97
:10AAA000C3F10D050120AD0005F1FF3CA5F1210723
:10AAB000C5F1210600FA07F720FA06F600FA0CF0B5
:10AAC0003743061847EB0708D6F1000E68EB480C31
:10AAD000013E48F1FF38264008EA0108B04277EB12
:10AAE000080810DBC5F12008B5F1200624FA05F5A9
:10AAF00001FA08F858BF41FA06F645EA080558BFBA
:10AB00003543ED0703D52018044641EB070104EA5D
:10AB10000E0401EA0C019DF81860123218460D254A
:10AB2000C6F127064FF0300E04F00F03240905F19B
:10AB3000FF3C571E44EA01740911B3B9A8420CDA6C
:10AB400065463A46F0E741F48011A2E70446014623
:10AB5000A1E70023DFE70D23DDE782F800E01CF129
:10AB6000010365463A46DFD187E7092BC8BF9B1929
:10AB7000A84203F13003B8BF28461370EFE7D1E9CC
:10AB8000043293421EBF5A1C0A611870704738B5D0
:10AB90008B780D469B0709D5C4B24B682046984771
:10ABA000002806DAAB7843F00403AB704FF0FF30B7
:10ABB00038BD2046FCE718B100204FF00041704737
:10ABC0000020002170470000014800687047000025
:04ABD000B475003028
:08ABD4009868FD7F01000000FC
:10ABDC00F990001000000000299500100000000002
:10ABEC00499500100000000069950010000000005D
:10ABFC00000000009CAD021091B00110000000009C
:10AC0C00B5B001100000000035B1011000000000CB
:10AC1C000000000028AF02100000000004AF02107A
:10AC2C0000000000C0AD02100000000050AE021089
:10AC3C00000000002CAE02100000000008AE021054
:10AC4C000000000074AE021000000000BCAE021048
:10AC5C0000000000E4AD02100000000098AE0210ED
:10AC6C0000000000E0AE02100000000070AF021007
:10AC7C00000000004CAF02100000000094AF021066
:10AC8C00215A011000000000B585011000000000E1
:10AC9C000000000054AD02100000000078AD02105E
:10ACAC00D100021000000000AD6501100000000092
:10ACBC00F98F0010000000000000000048B00210E6
:10ACCC000000000024B0021000000000DCAF0210F5
:10ACDC0000000000B8AF02100000000000B002102D
:10ACEC006D580010000000008DB60110000000002F
:10ACFC0000000000FCB0021000000000D8B00210F0
:10AD0C000000000090B0021000000000B4B002106F
:10AD1C00000000006CB00210DD4C011000000000BF
:10AD2C000000000020B102100000000044B102102D
:10AD3C000000000068B10210656400100000000003
:08AD4C00EB2C021000000000D6
:10AD54009F29031090D2021000000000F209003075
:10AD640000000000296B0210000000000000000039
:10AD740084D20210D72D0310000000000000000050
:10AD8400080A0030A80700302B73021000000000EE
:10AD94000000000008D502108A26031000000000FD
:10ADA40028B70210EA09003000000000000000008B
:10ADB40000000000000000000CD202108C280310D8
:10ADC40024D2021064B60210EC090030940700305B
:10ADD400A15A0110000000000000000018D2021067
:10ADE400062E03104CD50210000000000A0A0030A1
:10ADF400E807003067750210000000000000000042
:10AE040040D50210332E031060D50210000000005C
:10AE14000C0A0030200800306775021000000000A2
:10AE24000000000054D50210602E031074D50210E7
:10AE3400000000000E0A0030580800306775021048
:10AE4400000000000000000068D502108D2E0310E1
:10AE540088D5021000000000100A0030900800306D
:10AE64006775021000000000000000007CD502108D
:10AE7400EE2E03109CD5021000000000120A0030D0
:10AE840000000000C17D011000000000000000006F
:10AE940090D50210162F0310B0D502100000000048
:10AEA400140A003000000000C17D01100000000001
:10AEB40000000000A4D502103E2F0310C4D50210D8
:10AEC40000000000160A003000000000C17D0110DF
:10AED4000000000000000000B8D50210672F031026
:10AEE400D8D5021000000000180A0030000000004D
:10AEF400C17D01100000000000000000CCD502104C
:10AF04008F2F0310ECD50210000000001A0A003045
:10AF140000000000C17D01100000000000000000DE
:10AF2400E0D50210B62F031000D602100000000076
:10AF34001C0A003000000000C17D01100000000068
:10AF440000000000F4D5021019E70210600F003071
:10AF54005CB70210E809003070000030A9540010FA
:10AF64000000000000000000CCCB0210EF2F031003
:10AF74002CD60210B0B702101E0A0030B88B003075
:10AF8400077A0210000000000000000020D6021022
:10AF94002330031070D60210B0B70210200A00301C
:10AFA400C88B0030077A0210000000000000000087
:10AFB40064D60210CA28031048D202108CB60210BC
:10AFC400EE090030848800303B6902100000000064
:10AFD400000000003CD20210D02B0310F4D3021066
:10AFE400E4B60210FA090030A48A00308B71021012
:10AFF4000000000000000000E8D30210F62B03104C
:10B0040014D40210E4B60210FC090030B08A0030F7
:10B0140075710210000000000000000008D4021046
:10B024001B2C031034D40210E4B60210FE090030C5
:10B03400BC8A00305F7102100000000000000000B4
:10B0440028D402103F2C031054D40210E4B602108A
:10B05400000A0030C88A0030497102100000000064
:10B064000000000048D402104D2B031024D302101A
:10B07400B4B60210F6090030F0020030117001106D
:10B08400000000000000000018D30210902B0310F1
:10B0940000000000CCB60210F8090030448A0030E9
:10B0A400836F02100000000000000000C8D30210EB
:10B0B4009F2C031080D4021008B70210020A00303B
:10B0C400D48A00302979011000000000000000003B
:10B0D40074D40210D02C0310C4D4021008B7021088
:10B0E400040A00303C8B0030297901100000000074
:10B0F40000000000B4D402107E310310BCD602104C
:10B1040020B70210220A0030C80800309B7B0210CE
:10B114000000000000000000A8D602106C2D0310EF
:10B1240004D5021044B70210060A0030A48B003084
:10B13400697A01100000000000000000F8D4021039
:10B144006F29031078D2021004B80210F0090030FD
:10B15400A85D0030456401100000000000000000FC
:10B164006CD202104A2A0310E0D20210F8D2021064
:10B17400F4090030A8880030A16601100000000026
:08B1840000000000D4D202100B
:10B18C0000000000B11A0210C0AD02108F6802104E
:10B19C00C0AD021095680210C0AD02109B68021081
:10B1AC00C0AD0210A1680210C0AD0210A768021059
:10B1BC00C0AD0210AD680210C0AD0210B368021031
:10B1CC00C0AD0210B9680210C0AD0210BF68021009
:10B1DC00C0AD0210C5680210C0AD0210CB680210E1
:10B1EC00C0AD0210D1680210C0AD0210D7680210B9
:10B1FC00C0AD0210DD680210C0AD0210E368021091
:10B20C00C0AD0210E968021048B002101B720210A7
:10B21C0000000000B11A021024B002101B720210C0
:10B22C0000000000B11A021000B002101B720210D4
:10B23C0000000000B11A021000000000B11A021048
:10B24C0000000000B11A0210DCAF02101B720210D9
:10B25C0000000000B11A021000000000B11A021028
:10B26C0000000000B11A021000000000B11A021018
:10B27C0000000000B11A021000000000B11A021008
:10B28C0000000000B11A021000000000B11A0210F8
:10B29C0000000000B11A021000000000B11A0210E8
:10B2AC0050AE0210237502102CAE02102375021042
:10B2BC0000000000B11A021008AE02102375021033
:10B2CC0000000000B11A021000000000B11A0210B8
:10B2DC00E4AD02102375021000000000B11A021038
:10B2EC0000000000B11A021000000000B11A021098
:10B2FC0000000000B11A021000000000B11A021088
:10B30C0000000000B11A021000000000B11A021077
:10B31C0000000000B11A021000000000B11A021067
:10B32C0000000000B11A0210B8AF0210EF68021052
:10B33C0000000000B11A021000000000B11A021047
:10B34C0000000000B11A021000000000B11A021037
:10B35C0000000000B11A021000000000B11A021027
:10B36C0000000000B11A021000000000B11A021017
:10B37C0000000000B11A021000000000B11A021007
:10B38C0000000000B11A021000000000B11A0210F7
:10B39C0000000000B11A021000000000D14C011096
:10B3AC0000000000B11A021000000000B11A0210D7
:10B3BC0000000000B11A021000000000B11A0210C7
:10B3CC0000000000B11A021000000000B11A0210B7
:10B3DC0000000000B11A021000000000B11A0210A7
:10B3EC0000000000B11A021000000000B11A021097
:10B3FC0000000000B11A021000000000B11A021087
:10B40C0000000000B11A021000000000B11A021076
:10B41C0000000000B11A021000000000B11A021066
:10B42C0000000000B11A021000000000B11A021056
:10B43C0000000000B11A021000000000B11A021046
:10B44C0000000000B11A021000000000B11A021036
:10B45C0000000000B11A021000000000B11A021026
:10B46C0000000000B11A021000000000B11A021016
:10B47C0000000000B11A021000000000B11A021006
:10B48C0000000000B11A021000000000B11A0210F6
:10B49C0000000000B11A021000000000B11A0210E6
:10B4AC0000000000B11A021000000000B11A0210D6
:10B4BC0000000000B11A021000000000B11A0210C6
:10B4CC0000000000B11A021000000000B11A0210B6
:10B4DC0000000000B11A021000000000B11A0210A6
:10B4EC0000000000B11A021000000000B11A021096
:10B4FC0000000000B11A021000000000B11A021086
:10B50C0000000000B11A021000000000B11A021075
:10B51C0000000000B11A021000000000B11A021065
:10B52C0000000000B11A021000000000B11A021055
:10B53C0000000000B11A021000000000B11A021045
:10B54C0000000000B11A021000000000B11A021035
:10B55C0000000000B11A021000000000B11A021025
:10B56C0000000000B11A021000000000B11A021015
:10B57C0000000000B11A021000000000B11A021005
:10B58C0000000000B11A021000000000B11A0210F5
:10B59C0000000000B11A021000000000B11A0210E5
:10B5AC0000000000B11A021000000000B11A0210D5
:10B5BC0000000000B11A021000000000B11A0210C5
:10B5CC0000000000B11A021000000000B11A0210B5
:10B5DC0000000000B11A021068B10210E9650110F8
:10B5EC0068B10210E965011068B10210E96501103B
:10B5FC0000000000B11A021000000000B11A021085
:10B60C0000000000B11A021000000000B11A021074
:10B61C0000000000B11A021000000000B11A021064
:10B62C0000000000B11A021000000000B11A021054
:10B63C0000000000B11A021000000000B11A021044
:10B64C0000000000B11A021000000000B11A021034
:08B65C0000000000B11A021009
:10B66400C55D0110715B0110D366021017670210EB
:10B67400F5660210B16602106D660210000000004B
:10B68400576602100000000011690210000000005B
:10B69400156201100769021000000000000000009C
:10B6A4000000000000000000000000000000000096
:10B6B400A96E0210696D0110656E01105F6E0210B3
:10B6C400656E0210736E02106D6F0210B76F021078
:10B6D400E1760110D976011000000000C97601104E
:10B6E4001B700210BB700210C7700210D9700210D8
:10B6F400E3700210ED700210A1710210F7700210D5
:04B704000000000041
:10B70800BD78011000000000D5770110000000008E
:08B71800000000000000000029
:08B7200051820110ED7A0210C4
:10B72800B5650210016502100000000005650210F1
:0CB7380000000000510000300000000084
:10B744000000000000000000FF720210C972021025
:08B754000000000000000000ED
:10B75C008F0602103555001000000000F504021091
:10B76C000D050210F552001045060210D5520010BE
:10B77C005D04021067040210B55200108704021019
:10B78C000000000091040210000000000000000006
:10B79C009F040210A1060210BB04021087050210C0
:10B7AC00C3040210817A0210117802103D78021045
:10B7BC00517A02109D760210E9770210A1770210DF
:10B7CC002B77021007770210577702101F770210A1
:10B7DC00FB760210477702103777021013770210AE
:10B7EC00EF760210757702109176021095760210A2
:08B7FC00AD7602100000000010
:10B80400D56A0210DF690210196B0210CF6A0210A8
:10B81400AD690210000000000000000000000000FC
:08B8240000000000000000001C
:0CB82C0000000000000000000000000010
:10B83800BB2203109C0E0030652C02100608000085
:10B84800B02203109C0E00302528021000080000CA
:10B858000000000000000000AF24021069C70010BB
:0CB8680080070030010000003C7E003032
:10B87400B7E00210030000005EE1021003000000C4
:10B884009A26031003000000A728031003000000F9
:10B89400D9280310030000000CFB02100100000073
:10B8A4005C2A031003000000D3F902100300000017
:10B8B400692B031003000000B02B031003000000E9
:10B8C4009F1C0310030000004CFF02100300000043
:10B8D400022D031003000000EC20031001000000FF
:10B8E400DB1E03100100000082220310010000008F
:10B8F40097E10210030000009BE102100300000026
:10B90400062D031003000000712D03100300000036
:10B91400E42D031003000000A62E03100300000012
:10B92400A7FF021003000000AFFF02100300000095
:10B9340018DD021003000000822903100300000038
:10B94400CA2F03100300000053FF0210030000007D
:10B954005DFF0210030000009FFF021003000000BF
:10B9640078FF02100300000085FF021003000000AE
:10B9740091FF02100300000069FF021003000000A1
:10B9840064F00210030000006AF0021003000000DB
:10B99400CE300310030000009931031003000000AF
:10B9A40042300310010000002CE7021003000000E5
:10B9B4006B260310030000006DE502100300000075
:10B9C4004CE4021003000000F7E50210030000003D
:10B9D40054CD0210AC7500307EF00210000000005F
:10B9E4002DDC02106D0C001078DB0210DD0B001052
:10B9F40080DC0210A1140010A5DB02102D0C001035
:10BA040011DC02101103001085DB02104D0B001035
:10BA1400E6DB02109D0B00108DDC0210750B00108C
:10BA240053DC0210610B00109CDC0210B10B0010FF
:10BA340046DC0210D108001039DC02107D0600102B
:10BA4400D9DB02100D0300106CDB0210CD050010D1
:10BA540002DC0210791200101EDC0210B512001074
:10BA6400CDDB0210A9050010F5DB0210D502001091
:10BA74005CDB0210F1020010B3DB0210210600109F
:10BA84004CDB02102113001062DC02108905001047
:10BA9400BFDB0210B102001094DB0210C5020010DB
:10BAA4003FDB02109D0E00106FDC0210C11300106A
:10BAB4002CDB02102DF401107B2F031004AF0210B5
:10BAC4008A29031054AD0210522D031020B1021024
:10BAD4005A29031044B10210352A031068B1021028
:10BAE4007B2B031090B00210072C031024B002101B
:10BAF4000E30031094AF0210F12D0310E4AD0210C8
:10BB040078280310C0AD0210792E031050AE021035
:10BB1400012F031098AE0210BB2B0310DCAF0210F0
:10BB24006A310310FCB00210B5280310B8AF02103C
:10BB34008A2C0310B4B00210522F0310E0AE02108E
:10BB4400E12B031000B00210C22D031078AD0210D7
:10BB5400382B03106CB002104C2E03102CAE0210C4
:10BB6400BC2C0310D8B002101F2E031008AE021014
:10BB7400DB2F031070AF021005E702104CAF021068
:10BB8400772603109CAD0210A32F031028AF0210D8
:10BB9400DA2E031074AE02102A2F0310BCAE02106A
:10BBA4002C2C031048B0021087DD0210CDA0021027
:10BBB40098DD0210C823033013DE02109C0E0030FF
:10BBC4004D130310DD8F0010050A0310911D0210A0
:10BBD400F93203104195021084E10210CDFB0110EB
:10BBE40077E10210DFFB01102ADF0210411D001073
:10BBF40012DD0210111A001096DF021063A6021063
:10BC04009BDF021069A6021091DF021071A60210D8
:10BC1400F3090310951D0210A6DF0210C590001051
:10BC2400EADC02106D8F001049DD02105558001037
:10BC340051160310531D0210CB090310991D021055
:10BC440017DD02102DEA011067DD0210CDCE0110C0
:10BC54000F120310A99000107BDD02108D1D02103D
:10BC640019090310891D021081DF0210A3A5021017
:10BC740069DF0210BDA5021061DF0210CDA502101C
:10BC840059DF0210DFA5021051DF0210EBA50210EC
:10BC940039DF0210F7A5021049DF021003A60210D3
:10BCA40089DF02100FA6021041DF021023A6021042
:10BCB40030DF02102FA602102FDD02105393021062
:10BCC40043330310B79B0210B5DF021017A502100F
:10BCD4001DDF021079C101100EDF0210A1C1011095
:10BCE4003CDD02101FA202101FDD02109DB90110DD
:10BCF400ED0803109D1D0210B7DF02103D900010E7
:10BD0400941E031081A602108D1E031045A5021077
:10BD1400BEDF02105FA50210861E031093A5021059
:10BD2400E3DD0210553D011002DE0210A55F021092
:10BD3400C2DE0210F5F60010CEDE02105DF6001031
:10BD4400AEDE021031F6001059DE0210D1F10010FF
:10BD540098DE021091F2001081DE02104B330210C3
:10BD64006EDE0210D132021039DE02105B32021094
:10BD740024DE021091EF0010C7DD0210E9FF00106D
:10BD8400AADD0210093902106CDD0210571D0210E1
:10BD9400F6DC021031D0011070E1021081FB0110B9
:10BDA40005DD021055D001100DDD021061D0011027
:10BDB400A1DF021079A60210ADDF0210719000100D
:10BDC40071DD0210A11D0210D7080310B11D02106D
:10BDD400DDDC02101F000210CFDC02106300021031
:10BDE400C2DC0210DFFF011076DD0210C11D02105B
:10BDF40099080310D11D021081080310E11D0210DF
:10BE04001BDD0210B9EA0110F4DC0210A1D001100C
:10BE140057080310ED1D0210FDDC0210F9D00110CB
:10BE2400A0DF02107DA60210EADF0210A1A6021014
:10BE3400C6DF0210D1A60210CDDF0210EFA6021059
:10BE4400DBDF02106D140010DBDF02106D14001034
:10BE54009B1E031081140010D4DF021091140010F3
:10BE6400D4DF021091140010FDDF021009A70210A4
:10BE7400FDDF021009A70210F5DF02102DA7021042
:10BE8400F5DF02102DA702100CE0021065A70210C6
:10BE940005E0021091A70210E2DF0210A9D50110FB
:10BEA400ABDC021085870110AC310310AD870110A3
:10BEB40013DD021045EB011079DF02104BA60210CE
:10BEC40071DF021057A60210F7DE0210B54700100A
:10BED40003DF0210014A00106FE102107DFB011024
:10BEE400681E03104D940010531E0310F3920210A9
:10BEF400391E0310B1AB0110171E0310F9AB01106A
:10BF0400041E03108F930210ED1D0310DD92021026
:10BF1400D61D031000000000BB1D0310000000002C
:10BF2400A01D0310000000008E1D0310000000007F
:10BF34007D1D0310000000006D1D031000000000B3
:10BF44005A1D0310000000003F1D031000000000F4
:10BF54002D1D0310571902101A1D031000000000B4
:10BF6400071D031000000000F51C03108D7E001057
:10BF7400E01C03102F190210C41C0310376E0210AA
:10BF8400A21C03102D6E02107F1C0310256E0210DC
:10BF9400631C0310000000004D1C0310000000008F
:10BFA4002B1C031000000000191C031000000000EB
:10BFB400FE1B031000000000E71B0310000000003C
:10BFC400D41B031000000000B81B03100000000085
:10BFD4009E1B031000000000831B031000000000E0
:10BFE4005F1B0310000000003F1B03100000000053
:10BFF400201B031000000000071B031000000000BA
:10C00400E91A031000000000C91A03100000000020
:10C01400AC1A0310000000008C1A03105D720210A9
:10C024006D1A031051720210511A0310497701104E
:10C03400331A0310577202100B1A031063720210A2
:10C04400F619031000000000E019031000000000BE
:10C05400C919031000000000A71903100000000014
:10C0640083190310000000006F1903100000000082
:10C074005C190310BF920210411903105DBA01103C
:10C084002B190310AF9B02101319031011BA0110DE
:10C09400FD180310CDBA0110E818031000000000C9
:10C0A400D418031000000000C018031000000000A2
:10C0B400AD180310000000009318031000000000E6
:10C0C4007F18031000000000671803100000000030
:10C0D40050180310359502103A1803103B950210BE
:10C0E40026180310000000001218031000000000BE
:10C0F400F717031019BB0110DE1703109D950210EA
:10C10400CC17031029B20110B4170310D5950210EF
:10C1140099170310000000007E17031000000000B0
:10C124006B170310E39502105517031015960210B0
:10C13400411703105B9602102F17031069B1011009
:10C144001B170310F196021007170310F1B2011028
:10C15400F1160310E1B30110D4160310000000001F
:10C16400BE16031000000000A31603100000000018
:10C174008B1603100000000072160310000000006C
:10C184005716031000000000431603109FA002106E
:10C194002F160310000000001D16031000000000FD
:10C1A4000A160310B79E0210F815031000000000D1
:10C1B400E5150310D9C50110CC15031000000000CB
:10C1C400B81503105FA00210A4150310E79E021017
:10C1D4008A150310000000007C1503102DCD0110FA
:10C1E40061150310D9A4021047150310C9A4021045
:10C1F4002C150310DDCD011011150310D3A402106A
:10C20400F5140310BF980210D8140310D398021029
:10C21400BD1403102B980210AA14031081B401104A
:10C2240096140310119802107E14031000000000ED
:10C2340065140310059902104C1403100D99021093
:10C244003814031045C2011014140310E9C301107B
:10C25400FD13031000000000EB130310E5B40110FC
:10C26400D913031015990210C6130310A5B50110B4
:10C27400B413031059B50110A5130310739D0210D4
:10C284008B130310499902107813031025B601107B
:10C29400641303107199021053130310293300100F
:10C2A4003D130310618D001026130310EDBC011023
:10C2B4000613031000000000E61203100000000043
:10C2C400C912031000000000B412031035C5011098
:10C2D4009A120310CD9B02108112031039BB011076
:10C2E40064120310C39B02104712031019C20110F9
:10C2F4003012031015C10110141203101FA50210EF
:10C30400F911031023A50210D9110310119C021076
:10C31400C111031009BF01109B110310000000009C
:10C3240073110310000000005611031000000000F8
:10C3340037110310000000002211031005CC011076
:10C34400081103106FA20210ED10031079CC011034
:10C35400D910031037A20210BC1003100000000013
:10C364009F100310000000008910031091A1021017
:10C3740079100310C39D021069100310A1C30110AA
:10C384005A10031099C201104010031009BB001089
:10C3940028100310C93800101210031009010210EC
:10C3A400F30F031019010210E20F03108D3800106F
:10C3B400CF0F0310FD000210BA0F031091F9001003
:10C3C400A50F031085FB00107F0F03101D29021019
:10C3D400640F03106DEF00103F0F03100B330210B6
:10C3E400170F031049350210F30E031039340210ED
:10C3F400D00E0310FB320210A00E0310BD32021047
:10C40400780E0310AD320210530E0310000000002A
:10C414002B0E031000000000070E031000000000A4
:10C42400F40D031000000000DE0D031000000000F6
:10C43400AF0D031000000000990D03103920021005
:10C44400850D031095A700106E0D03100000000069
:10C45400580D031000000000440D031000000000FC
:10C464002E0D031000000000120D03100000000048
:10C47400F70C031000000000DC0C031000000000A7
:10C48400C10C031000000000A70C03100000000002
:10C494008C0C031000000000720C0310000000005C
:10C4A4005B0C031000000000410C031000000000AE
:10C4B400270C031000000000130C03100000000000
:10C4C400FB0B031000000000E60B0310000000004B
:10C4D400CD0B031000000000B60B03100000000099
:10C4E400A00B031000000000860B031000000000E6
:10C4F400770B031000000000620B03100000000023
:10C504004F0B0310000000002E0B03104B0202100F
:10C514000D0B03105D020210EC0A031071020210ED
:10C52400CD0A0310053C0010AE0A03100000000001
:10C534008D0A031000000000690A0310F9BE001000
:10C54400550A0310B58F0010400A031000000000C4
:10C55400270A0310000000000C0A0310000000006A
:10C56400F809031019C30010E609031015C20010DE
:10C57400D309031085240210BE0903106DC20010F4
:10C58400A6090310F9C400108609031075240210CB
:10C594006D090310972402105409031069C6001092
:10C5A4003B090310C1C600102309031099C50010EC
:10C5B4000C09031089240210F408031049C5001063
:10C5C400E0080310C5C20010CA08031035C40010E7
:10C5D400B5080310A1C40010A0080310DDC30010A7
:10C5E4008C08031071C300107408031001C60010F6
:10C5F4005E080310C1C100104A0803105DC1001099
:10C6040032080310BDE2001021080310F11F0210CC
:10C614000E080310559D0010DDDE0210313B0010A2
:08C62400DDDE0210313B0010C5
:10C62C0075F00210D00600302C640030AC060030DF
:10C63C0002000000D8CC021028640030ECCC0210B0
:10C64C00B00A00306AF00210D81E0030409400305E
:10C65C00C0CD02102CCC0210ECCB021080CC0210FE
:10C66C0040CD021098CD0210D8CB021058D0021039
:10C67C00D4CD021084CD021070CD0210ACCD0210BE
:04C68C002CCB0210A1
:10C69000000000000000000000000000000000009A
:10C6A000000000006EE7021075E7021000000000B5
:10C6B000A15800100000000063E902106DE90210AB
:10C6C000000000001559001003000000AE13031015
:10C6D000A4E7021000000000BD5800100200000096
:10C6E0000B1803108CE902101CC702100000000098
:10C6F000000000002AE8021031E8021000000000EB
:10C70000711700100101000088E8021090E8021083
:10C7100000000000FD5800100000000000000000B4
:10C720000000000000000000000000000000000009
:10C730004FEC021054EC021000000000815C00106D
:10C74000020000007BEA021080EA021000000000F4
:10C75000B959001000000000991D0310F5EB0210FC
:10C76000000000001D5C00100200000021EB021020
:10C7700028EB021000000000CD5A0010000000005D
:10C78000FDE602109AEB021000000000B95B0010F9
:10C790000200000000000000000000000000000097
:08C7A000000000000000000091
:08C7A800B9BB0010BB22021016
:08C7B000010000000000000080
:10C7B800093303100001000000C201000000081B3B
:10C7C8005B4A00001B5B4800001B5B324A00001BF1
:10C7D8005B4A00001B5B6D00001B3700001B380024
:10C7E800001B5B3F336C00001B5B4800001B5B3287
:10C7F8004A00001B3700001B380000030203010336
:10C80800010000000000000000000000000000001F
:10C81800010000000000000005000000000000000A
:10C8280019000000000000007D000000000000006A
:10C838007102000000000000350C0000000000003C
:10C84800093D0000000000002D310100000000003B
:10C85800E1F505000000000065CD1D0000000000A6
:10C86800F902950000000000DD0EE902000000005A
:10C87800514A8D0E000000009573C2480000000068
:10C88800E941CC6B010000008D49FD1A070000004A
:10C89800C16FF28623000000C52EBCA2B1000000C3
:10C8A800D9E9AC2D780300003D9160E458110000EF
:10C8B80031D6E275BC560000F52E6E4DAEB10100C2
:10C8C800C9EA268367780800ED95C28F055A2A00C1
:10C8D800A1EDCCCE1BC2D30025A4000A8BCA22042A
:10C8E8000000000000000000000000000000001030
:10C8F8000000000000000000B9340332B7F4AD14A2
:10C9080010DB1AB30892540E0D307D951447BA1AED
:10C9180066088F4D26ADC66DF598BF85E2B74511FF
:10C92800CA96853D92BD1DEBFCA11860DCEF52163E
:10C938003C92AE220BB8C1B4839D2D5B0562DA1C14
:10C94800304C7E8F4E8BB25B16F4529F8B56A512DD
:10C95800FBD4827643ED8AF08FE7F9311565191813
:10C9680050F19BD94A13EEB4284CF0A686C1251F76
:10C97800035FC270CB9E4916E642889C44EB2014A4
:10C98800B0650836AD6EA58585F0CA14E2FD031AB8
:10C998000B899979D5B13D09D8DA973A35EBCF109B
:10C9A800AC363F5E73BB38CF3E6752FA44AFBA1518
:10C9B800010000000000000000000000000000204E
:10C9C800345065C05FC9A652BB13CBAEC440C21871
:10C9D80006C8DF7100D5A87CF56F0FDA58FC27135D
:10C9E8006E4756357D24206502C7E768E48CA41D90
:10C9F800E9E60268D7CD39617977FCC2405BEF166A
:10CA0800798CDE43FFA751F991F3B278F5BDBE11D9
:10CA1800E857E9D6E8BEE87BB054AC8F848D751B27
:10CA2800EA23A499E9F9D38BB7A3714061DA3E15DB
:10CA3800CEE33ECB73F948088C97B427D51B70100A
:10CA4800A2BFEFB9EB8532154DB44DB49BBB6F193E
:10CA580096B6076CF8E7EEAD36D9B4F59135AE1356
:10CA6800222218AF4E6A684D91DAAA3D4F40741ED3
:10CA78009FBD9EE006A1C09857C2A7FDA40E9017BF
:10CA88000E7D497173E3208FB220D87605143B12CE
:10CA9800853D7434811343B0AD297A5F27F4351C82
:10CAA800E2652F227F2B7A3C075C143326A6813C53
:10CAB800BDCBF07A8807703C075C143326A6913CFE
:10CAC8004FBB610567ACDD3F182D4454FB21E93F9E
:10CAD8009BF681D20B73EF3F182D4454FB21F93F8D
:10CAE80000000040FB21F93F000000002D44743E87
:10CAF800000000809846F83C0000006051CC783B6C
:10CB080000000080831BF0390000004020257A389F
:10CB1800000000802282E336000000001DF3693522
:10CB28003A000000B0E00210ACE002100000000083
:10CB3800F5290010000000009BFB0110BDFB01104F
:10CB480000000000793300100000000067E20210C6
:10CB58006FE202100000000000000000000000006A
:10CB680077E202107BE202107FE2021083E20210F9
:10CB78000500000000000000000000000040010067
:10CB880090B00210010000000040010000600F009A
:10CB980090B002100300000000A0100000600F0019
:10CBA80090B002100200000000000F0000E000003A
:10CBB80090B0021004000000000000000000800097
:10CBC8006CB00210D0CB02100100000019E702106F
:10CBD80041E7021048E7021090C60210000000006A
:10CBE8000000000050E40210A8EC021000CC021073
:10CBF800000000000000000004CC02107BEA0210D4
:10CC0800B8EC021000000000E55C00100000000015
:10CC1800000000000000000000000000000000000C
:10CC2800000000006D0C03107BED021040CC0210D8
:10CC3800000000000000000044CC021002130310A2
:10CC480089ED021000000000A15E00100000000045
:10CC58002213031099ED021000000000DD060210F7
:10CC680000000000000000000000000000000000BC
:10CC7800000000000000000002EF021009EF02109F
:10CC880094CC0210AD5F00100202000098CC021094
:10CC9800CBEF0210D0EF021000000000716000100E
:10CCA80005020000B421031008F002100000000083
:10CCB800696300100201000000000000000000008D
:10CCC8000000000000000000000000003A00000022
:10CCD800C88E00301E0000002B1202102CC6021055
:10CCE800A4060030D4B9021018CD0210987500308F
:10CCF8006400000004CD021054750030901F00300D
:10CD0800800000000000000001070210020000007F
:10CD18006B140210A0750030C88E00301E00000091
:10CD28009D6400104F0702102B0702106F070210B6
:10CD38003D070210000000009AF302105CF3021095
:10CD480000000000497200100100000003140210E6
:10CD580043140210751302100000000000000000C8
:10CD680000000000000000005BF4021062F40210F2
:10CD780000000000597B0010010000008CF4021034
:10CD880093F40210E8CD0210FD7B001001010000B1
:10CD980038F5021040F5021000000000197B001061
:10CDA800010000008822031051F5021014CE021071
:10CDB8000000000000000000F718031077F50210CB
:10CDC80000000000C57B00100100000085F502107E
:10CDD80089F5021000000000DF15021000000000B5
:10CDE800ECCD0210ACF50210B4F502100000000002
:10CDF8007D7A001001000000000000000000000023
:10CE080000000000000000000000000018CE021022
:10CE1800F8F5021001F6021000000000BD7A0010BB
:10CE2800010000001EF602102DF60210B8CE021006
:10CE38000000000000000000DDF60210E4F6021019
:10CE4800F8CF02100000000000000000FBF60210FE
:10CE580001F70210B8CF0210000000000000000027
:10CE680018F702101FF7021078CF02100000000018
:10CE7800000000002EF7021033F7021038CF02101E
:10CE8800757B00100101000046F702104CF70210F4
:10CE9800F8CE0210000000000000000000000000B2
:10CEA800000000000000000000000000000000007A
:10CEB800BCCE02105EF7021068F7021000000000F6
:10CEC8006516021001000000A0F70210A7F7021073
:10CED800000000002D1602100100000000000000F4
:10CEE800000000000000000000000000000000003A
:10CEF800FCCE0210C6150310DEF702100000000079
:10CF0800E3150210010000000CF8021011F80210DD
:10CF180000000000A97A00100100000000000000D5
:10CF280000000000000000000000000000000000F9
:10CF38003CCF0210E9F302103DF802100000000097
:10CF48008116021001000000972603107CF80210D9
:10CF580000000000D51602100100000000000000CB
:10CF680000000000000000000000000000000000B9
:10CF78007CCF0210E9F302108FF8021000000000C5
:10CF8800097B001001000000972603109FF802108B
:10CF9800000000000516021001000000000000005B
:10CFA8000000000000000000000000000000000079
:10CFB800BCCF0210E9F30210AEF802100000000026
:10CFC800111602100100000097260310C6F802107F
:10CFD80000000000B9160210010000000000000067
:10CFE8000000000000000000000000000000000039
:10CFF800FCCF0210E9F30210DDF802100000000077
:10D00800491602100100000097260310F5F80210D7
:10D01800000000009D160210010000000000000042
:10D0280000000000000000000000000000000000F8
:10D03800D8060030FD95001000000000F11D021018
:10D0480091990010859900109D990010599700102A
:10D05800EC2003109B2003106CD00210000000008D
:10D068000000000070D002107BEA0210B720031005
:10D078000000000055BC001000000000E72003106D
:10D08800F22003100000000081BD00100300000022
:10D09800462103104F210310000000008DBC001032
:10D0A80003000000B2210310B9210310A8C7021021
:10D0B8008DBE001002000000E9210310F6210310C4
:10D0C800A8C70210E9BB00100200000021220310CB
:10D0D80029220310ACC7021061BE00100300000033
:10D0E8000000000000000000000000000000000038
:10D0F80000000000FF260210A92602109126021047
:10D1080041C9001095260210992602109D2602108A
:10D11800A1260210F7260210A5260210FB260210EF
:10D128001527021019270210BB260210112702101A
:10D138001D27021021270210D1DC001019DE001073
:10D148004B27021081E00010000000007DDB00107A
:10D15800B9DC001095DB0010ADDB0010772702105A
:10D1680067270210C5DB0010DDDB0010E9DF0010C7
:10D17800000000000000000000000000FFFFFFFFAB
:10D188000000000000000000000000000000000097
:10D19800000000003CD00210A8D10210800000005E
:10D1A80078D702303CD00210B8D1021080000000BD
:10D1B80068ED02303CD00210C8D102100002000015
:10D1C800981803303CD00210D8D10210FF0000009C
:10D1D800C81C03303CD00210E8D102100002000045
:10D1E800F81E0330ECD102100000000085A90110E0
:10D1F80015AA0110078C0210138C021059AA0110ED
:10D20800958C021010D20210010000009326031022
:10D218001CD2021001000000A128031000000850D1
:10D228000000000078000000100000006B6702108A
:10D238000018003040D2021001000000E22803105C
:10D24800003003504F690210000000040100000084
:10D2580002000000040000000800000010000000A8
:10D268002000000070D20210010000007E29031087
:10D27800000000000000000020B1021088D2021057
:10D2880001000000B1290310A0D202109CAD0210C9
:10D29800000D000000001040A8D20210010000009C
:10D2A800B0D202100900000000190015001940153D
:10D2B80000194013001980130019C0130019001138
:10D2C80000194011001980110019C011D8D202109C
:10D2D80001000000532A031054AD021044B102109B
:10D2E80000001040EE050000976B021001000000DE
:10D2F800256C021000000000000000005F6B0210A7
:10D30800EB6B021000000000636B02100169011052
:10D318001CD30210010000005C2B031078AD021032
:10D3280003041808012400000000000000000000A9
:10D33800020418080420000000000000000000009B
:10D3480000000000000000000000000000000000D5
:10D3580006040000000000000000000000000000BB
:10D368002004180800000000000000000000000071
:10D37800D8041808000000000000000000000000A9
:10D388009F040124000000000000000000000000CD
:10D398000504012400000000000000000000000057
:10D3A800C7040000000000000000000000000000AA
:10D3B8005A04180808300424000000000000000087
:10D3C800CCD3021002000000A72B0310AC2B0310D3
:10D3D80000010000002000008000000000FF0000A5
:10D3E800ECD3021001000000DB2B0310FFFFFFFF4E
:10D3F80000E0095000A011500000400003000000A8
:10D408000CD4021001000000012C0310FFFFFFFFE5
:10D4180000A00950008011500000400002000000E8
:10D428002CD4021001000000262C0310FFFFFFFF80
:10D4380000800950007011500000400001000000F9
:10D448004CD40210010000004A2C0310FFFFFFFF1C
:10D45800006009500060115000004000000000000A
:10D46800A0860100801A060040420F0078D40210FE
:10D4780001000000AB2C031000780B509CAD02108B
:10D4880007010000BD770110A08601000000000020
:10D498009CD40210A4D4021001000000ACD40210E5
:10D4A80002000000231280302312C030B8D40210CA
:10D4B80002000000DC2C0310ED2C0310004809507A
:10D4C8009CAD021002010000A5770110A0860100A2
:10D4D80000000000E0D40210E8D4021001000000AF
:10D4E800F0D4021002000000231200402312404032
:10D4F800FCD4021001000000672D031054AD021087
:10D508000CD5021001000000E92D03101CD50210F3
:10D518000100000024D502100700000000180030A8
:10D528000018C0310018803100180032001840324D
:10D53800031880320318C03244D5021001000000DD
:10D54800152E031000700B502376021058D50210C8
:10D5580001000000422E031000400B500D7602100F
:10D568006CD50210010000006F2E03100040095016
:10D57800F775021080D50210010000009C2E0310E0
:10D5880000300950E175021094D502100100000026
:10D59800FB2E03109CAD0210050C0000A8D502104C
:10D5A80001000000242F03109CAD0210040C0000A1
:10D5B800BCD50210010000004C2F03109CAD0210D6
:10D5C800030C0000D0D5021001000000752F0310D5
:10D5D8009CAD0210020C0000E4D50210010000000E
:10D5E8009D2F03109CAD0210010C0000F8D502100D
:10D5F80001000000C42F03109CAD0210000C0000B5
:10D6080000601150007011500080115000901150AE
:10D6180000A011500020045024D602100100000080
:10D62800FC2F031000400B509CAD02104CD602108A
:10D638000401000000C2010000000000000000001A
:10D64800897E011054D60210010000005CD6021039
:10D6580002000000001200120012401268D60210E8
:10D668000100000030300310004009509CAD02104A
:10D6780090D602100201000000C201000000000064
:10D6880000000000717E011098D602100100000011
:10D69800A0D6021002000000001280400012C04014
:10D6A800ACD6021001000000883103100000000011
:10D6B80000000000003009509CAD0210010100007C
:10D6C800F9800110000000000000000000000000C8
:10D6D800E4D602100000080824000000ECD602106E
:10D6E80001000000F4D60210040000000012000639
:10D6F80000124006001280060012C0061A00000040
:10D70800010002000B0001000C0001000D000100E7
:10D718000E0001000F0001001000010011000100BF
:10D72800120001001300010014000100002009503C
:10D7380000300950004009500050095000400B507B
:10D7480000500B5000600B5000700B5000800B50C5
:10D7580000900B500020095000300950004009503B
:10D768000050095000400B5000500B5000600B5007
:10D7780000700B5000800B5000900B50002809508F
:10D7880000380950004809500058095000480B500B
:10D7980000580B5000680B5000780B5000880B5055
:10D7A80000980B50002009500030095000400950E3
:10D7B8000050095000400B5000500B5000600B50B7
:10D7C80000700B5000800B5000900B5000000008B8
:10D7D8000000001000000010000000180000009079
:10D7E800000000B0AA320310B8320310CC32031084
:10D7F800DB320310E7320310DCAB0210DCAB0210A3
:10D8080094AC02109CAC021054AD021054AD02103E
:10D818001433031001000500EF0C03100200070089
:10D828001A3303100400080023330310080004000F
:10D83800DFE602101000090028330310200008005A
:10D848003133031040000A003C3303108000060007
:10D8580000000000000000000000000000000000C0
:10D868000000004095596959555554551555555658
:10D878000405154110545540455155444045504400
:10D88800505555450040004040044496655556554E
:10D8980045404554514115405591555555554051B0
:10D8A8000501000054455454455505040010041062
:10D8B800140440000000014055551541540400006F
:10D8C800440001000000004041000044504445501D
:10D8D8005400555554556551004000400100000161
:10D8E8000005010011545151545555050000000020
:10D8F8000000000000000000FB21F93FFB21094067
:10D908007CD91240FB2119407A6A1F407CD92240F9
:10D91800BBFD2540FB2129403A462C407A6A2F401E
:10D928005C4731407CD932409C6B3440BBFD35406C
:10D93800DB8F3740FB2139401BB43A403A463C4024
:10D948005AD83D407A6A3F404C7E40405C4741404F
:10D958006C1042407CD942408CA243409C6B4440AE
:10D96800AC344540BBFD4540CBC64640DB8F474005
:10D97800EB584840FB21494083F9A200444E6E0011
:10D98800FC291500D1572700DD34F50062DBC00003
:10D998003C999500419043006351FE00BBDEAB000B
:10D9A800B761C5003A6E2400D24D42004906E00036
:10D9B80009EA2E001C92D100EB1DFE0029B11C00C3
:10D9C800E83EA700F535820044BB2E009CE98400A0
:10D9D800B4267000417E5F00D69139005383390028
:10D9E8009CF439008B5F840028F9BD00F81F3B00C8
:10D9F800DEFF97000F980500112FEF000A5A8B00E1
:10DA08006D1F6D00CF7E360009CB2700464FB7004B
:10DA18009E663F002DEA5F00BA277500E5EBC70058
:10DA28003D7BF100F739070092528A00FB6BEA0050
:10DA38001FB15F00085D8D00300356007BFC460077
:10DA4800F0AB6B0020BCCF0036F49A00E3A91D00B0
:10DA58005E619100081BE60085996500A0145F00CF
:10DA68008D40680080D8FF0027734D0006063100FE
:10DA7800CA561500C9A873007BE260006B8CC00011
:10DA8800020000000300000004000000060000007F
:10DA9800010002000300040005000600070008005A
:10DAA80009000A000B000C000D000E000F0010000A
:10DAB8004D004E004F0050005100520053005400DA
:10DAC800550056005700580059005A005B005C008A
:10DAD8001A0001020B010C010D010E010F011001CA
:10DAE80011011201130114010B010C010D010E01AA
:10DAF8000F01100111011201130114012300240068
:10DB0800250026002700280029002A002B002C00C9
:10DB18000B010C010D010E010F0110011101120181
:10DB2800130114015F5F6378615F707572655F76DA
:10DB380069727475616C005F5F61656162695F75C8
:10DB48006C3266005F5F61656162695F6C6469760B
:10DB58006D6F64005F5F61656162695F69646976C2
:10DB68006D6F64005F5F61656162695F6632640062
:10DB78005F5F61656162695F6432697A005F5F61F6
:10DB8800656162695F64636D706571005F5F61659F
:10DB98006162695F75696469766D6F64005F5F6172
:10DBA800656162695F643275697A005F5F616561AA
:10DBB80062695F6C3264005F5F61656162695F75AD
:10DBC80069646976005F5F61656162695F69326493
:10DBD800005F5F61656162695F64737562005F5FC2
:10DBE80061656162695F64636D706774005F5F613E
:10DBF800656162695F69646976005F5F616561623A
:10DC0800695F66636D706C65005F5F61656162691D
:10DC18005F64616464005F5F61656162695F666338
:10DC28006D70756E005F5F61656162695F64326621
:10DC3800005F5F61656162695F646D756C005F5F5D
:10DC480061656162695F64646976005F5F616561EF
:10DC580062695F64636D706C74005F5F61656162C7
:10DC6800695F75693264005F5F61656162695F75EC
:10DC78006C6469766D6F64005F5F61656162695F9E
:10DC880064326C7A005F5F61656162695F64636DCD
:10DC9800706C65005F5F61656162695F64636D7088
:10DCA800756E007379735F636C6F636B5F63796321
:10DCB8006C655F6765745F33320072696E675F62B7
:10DCC80075665F7075740072696E675F6275665F0E
:10DCD8007065656B0072696E675F6275665F676520
:10DCE80074006362767072696E746600736E707227
:10DCF800696E746600737072696E7466007075740C
:10DD0800636861720070757473006174616E00639A
:10DD18006F730073696E006B5F776F726B5F73630D
:10DD2800686564756C65006B5F666174616C5F68DB
:10DD3800616C74006B5F74696D65725F696E69749C
:10DD4800006364635F61636D5F6474655F726174CF
:10DD5800655F63616C6C6261636B5F7365740065BA
:10DD6800786974006F70656E00726563760073651C
:10DD78006E640067657461646472696E666F005FE3
:10DD88005F737461636B5F63686B5F6661696C0086
:10DD98005F5F737461636B5F63686B5F6775617204
:10DDA80064006E65745F6D676D745F6576656E742B
:10DDB8005F776169745F6F6E5F6966616365006E46
:10DDC80065745F6D676D745F6164645F6576656EC9
:10DDD800745F63616C6C6261636B006E65745F6431
:10DDE80068637076345F6164645F6F7074696F6EC6
:10DDF8005F63616C6C6261636B006E65745F64681D
:10DE0800637076345F7374617274005F6E65745FFB
:10DE18006C325F45544845524E4554006E65745FF8
:10DE280069665F6C6F6F6B75705F62795F6465764A
:10DE3800006E65745F69665F697076345F736574D8
:10DE48005F6E65746D61736B5F62795F6164647244
:10DE5800006E65745F69665F697076345F616464DB
:10DE6800725F616464006E65745F69665F6970768D
:10DE7800345F7365745F6777006E65745F69665FAA
:10DE8800697076345F6D616464725F6A6F696E0091
:10DE98006E65745F69665F697076345F6D6164642E
:10DEA800725F616464006E65745F69665F6765745C
:10DEB8005F62795F6966616365006E65745F696654
:10DEC8005F646F776E006E65745F69665F666F7218
:10DED80065616368007A5F6C6F675F6D73675F7217
:10DEE800756E74696D655F766372656174650075DA
:10DEF80073625F64697361626C65007573625F6504
:10DF08006E61626C65006B5F73636865645F756EF4
:10DF18006C6F636B006B5F73636865645F6C6F63E2
:10DF28006B006174616E3200697378646967697443
:10DF38000069736C6F7765720069737570706572CC
:10DF48000069737072696E740069736772617068D2
:10DF58000069736469676974006973636E74726CCD
:10DF6800006973616C70686100746F7570706572B8
:10DF780000746F6C6F776572006973616C6E756D94
:10DF880000697373706163650061746F6C0061741C
:10DF98006F660061746F69007372616E640063611B
:10DFA8006C6C6F63007265616C6C6F63006B5F6DA6
:10DFB800616C6C6F63006D656D6D6F766500737471
:10DFC8007263617400737472636872007374726C44
:10DFD800656E00737472636D7000737472746F751C
:10DFE8006C0073747263617365636D70007374722F
:10DFF8006E637079007374726E636D7000737472FF
:10E008007374720073747272636872004661696C2B
:10E01800656420746F206F70656E20666C6173682C
:10E0280020617265612C2072632025640A004661B4
:10E03800696C656420746F2072656164206865612D
:10E048006465722C2072632025640A00496E76612B
:10E058006C696420736B65746368206865616465C6
:10E06800720A006D61696E004661696C65642074AE
:10E078006F206C6F616420736B657463682C207209
:10E08800632025640A004661696C656420746F200A
:10E0980066696E64206D61696E2066756E63746969
:10E0A8006F6E0A0052756E20736B65746368006149
:10E0B80070700028756E7369676E656429206368DF
:10E0C8006172202A207573656420666F7220252589
:10E0D8007020617267756D656E742E2049742773A0
:10E0E800207265636F6D6D656E64656420746F2062
:10E0F8006361737420697420746F20766F6964207B
:10E108002A2062656361757365206974206D617981
:10E11800206361757365206D6973626568617669EE
:10E128006F7220696E206365727461696E20636F17
:10E138006E66696775726174696F6E732E205374A9
:10E1480072696E673A2225732220617267756D6560
:10E158006E743A25640063627072696E74665F70EB
:10E1680061636B61676500767072696E746B0061DC
:10E1780073736572745F7072696E7400617373652E
:10E1880072745F706F73745F616374696F6E006C33
:10E198006F67006C6F675F6D676D74004D657373B3
:10E1A8006167652064726F70706564206265636181
:10E1B8007573652069742065786365656473207379
:10E1C800697A65206C696D69746174696F6E20285D
:10E1D800257529004D6573736167652028222573AD
:10E1E80022292064726F70706564206265636175AE
:10E1F8007365206974206578636565647320736945
:10E208007A65206C696D69746174696F6E20282560
:10E218007529000D0A001B5B306D00257320005B1B
:10E228002530386C755D20005B253032753A253015
:10E2380032753A253032752E253033752C2530331A
:10E24800755D200025732F003C25733E2000257343
:10E258003A2000253032782000202020007C001B46
:10E268005B313B33316D001B5B313B33336D0065F4
:10E2780072720077726E00696E66006462670045AC
:10E288006E64706F696E742030782530327820693A
:10E298007320696E76616C696400456E64706F699D
:10E2A8006E742030782530327820616C7265616434
:10E2B800792064697361626C6564004661696C65A4
:10E2C8006420746F2064697361626C6520656E6494
:10E2D800706F696E74203078253032780053657419
:10E2E8002068616C742065702030782530327800A1
:10E2F800436C6561722068616C74206570203078A9
:10E308002530327800456E64706F696E74203078FD
:10E318002530327820616C726561647920636F6E94
:10E3280066696775726564004661696C6564207426
:10E338006F20636F6E66696775726520656E6470BD
:10E348006F696E742030782530327800456E6470BD
:10E358006F696E742030782530327820616C726570
:10E3680061647920656E61626C6564004661696C00
:10E37800656420746F20656E61626C6520656E64EB
:10E38800706F696E74203078253032780046616984
:10E398006C656420746F20777269746520656E649B
:10E3A800706F696E742062756666657220307825B4
:10E3B80030327800526571756573742062756666CF
:10E3C800657220746F6F20736D616C6C00555342D9
:10E3D8002064657669636520737570706F72742048
:10E3E800616C726561647920656E61626C65640058
:10E3F8004661696C656420746F20636F6E66696737
:10E40800757265205553422064657669636520738B
:10E418007461636B004572726F6E656F757320640B
:10E4280065766963652064657363726970746F7279
:10E43800206F7220624D61785061636B6574536917
:10E448007A6530007573625F64657669636500306C
:10E458003132333435363738394142434445460042
:10E468005468657265206973206E6F207573625FEA
:10E478006366675F6461746120666F72202570004F
:10E48800556E696E697469616C697A656420757323
:10E49800625F6366675F6461746120706F696E7440
:10E4A80065722C20636F7272757074656420646580
:10E4B800766963652064657363726970746F723F0F
:10E4C800004661696C656420746F2076616C6964CC
:10E4D80061746520656E64706F696E74730074682A
:10E4E80065206E657720534E20646573637269708A
:10E4F800746F7220646F65736E2774206861766527
:10E50800207468652073616D65206C656E6774683A
:10E5180020617320434F4E4649475F5553425F443D
:10E5280045564943455F534E00496E636F6D706CA5
:10E5380065746520646576696365206465736372D4
:10E548006970746F72004661696C656420746F202D
:10E5580066697875702055534220646573637269E3
:10E5680070746F72007573625F646573637269704B
:10E57800746F72005472616E736665722065727290
:10E588006F722025642C2065702030782530327811
:10E598000052582064617461206C6F73742C206E73
:10E5A8006F207472616E73666572004E6F207472AC
:10E5B800616E7366657220736C6F74206176616931
:10E5C8006C61626C650041207472616E736665727D
:10E5D80020697320616C7265616479206F6E676F62
:10E5E800696E672C20657020307825303278007588
:10E5F80073625F7472616E736665720044657669F2
:10E6080063652064617461206E6F7420666F756E37
:10E618006420666F7220656E64706F696E74202561
:10E6280075004465766963652064617461206E6F66
:10E638007420666F756E6420666F7220696E7465EB
:10E6480072666163652025750052696E6720627580
:10E65800666665722066756C6C2C206469736361EC
:10E66800726420646174610052696E672062756625
:10E678006665722066756C6C2C2064726F7020253C
:10E688007A642062797465730044657669636520ED
:10E6980064617461206E6F7420666F756E642066A5
:10E6A8006F7220636667202570004465766963652C
:10E6B80020636F6E66696775726564004465766984
:10E6C800636520646973636F6E6E65637465640067
:10E6D8004465766963652073757370656E646564F7
:10E6E8000044657669636520726573756D656400BD
:10E6F80066726F6D2073757370656E64005F5F641A
:10E7080065766963655F6474735F6F72645F3235E1
:10E7180000626F6172645F6364635F61636D5F75FC
:10E72800617274007573625F6364635F61636D0037
:10E73800757362776F726B71006B65726E656C00D2
:10E748004B65726E656C20636F6D6D616E647300EE
:10E758006379636C65733A2025752068772063793F
:10E76800636C65730A006379636C6573004B65724B
:10E778006E656C206379636C65732E00556E6162FB
:10E788006C6520746F20706172736520696E707596
:10E79800742028657272202564290A006D7300555B
:10E7A8007074696D653A20256C6C75206D730A006C
:10E7B8002D70002D2D70726574747900556E737507
:10E7C80070706F72746564206F7074696F6E3A2030
:10E7D80025730A00757074696D653A20256C6C752F
:10E7E80020646179732C20256C6C7520686F7572B4
:10E7F800732C20256C6C75206D696E757465732C8F
:10E8080020256C6C75207365636F6E64732C2025EE
:10E818006C6C75206D696C6C697365636F6E64737D
:10E828000A00757074696D65004B65726E656C20C1
:10E83800757074696D652E2043616E206265206372
:10E84800616C6C6564207769746820746865202D34
:10E8580070206F72202D2D707265747479206F701E
:10E8680074696F6E7300342E312E3939005A657011
:10E878006879722076657273696F6E2025730A0055
:10E8880076657273696F6E004B65726E656C207683
:10E89800657273696F6E2E005468697320636F6DBB
:10E8A8006D616E642069732064657072656361745C
:10E8B8006564206173206974206973206120647520
:10E8C800706C69636174652E2055736520276C6FC1
:10E8D8006720656E61626C652720636F6D6D616E80
:10E8E800642066726F6D206C6F6767696E6720635E
:10E8F8006F6D6D616E6473207365742E0A00556EBA
:10E9080061626C6520746F207061727365206C6F32
:10E91800672073657665726974792028657272203C
:10E928002564290A00496E76616C6964206C6F67FA
:10E93800206C6576656C3A2025640A00556E616224
:10E948006C6520746F2066696E64206C6F67207335
:10E958006F757263653A2025730A006C6F675F6C88
:10E968006576656C003C6D6F64756C65206E616DD5
:10E97800653E203C73657665726974792028302D70
:10E9880034293E004B65726E656C2074687265614F
:10E9980064732E005363686564756C65723A20254C
:10E9A800752073696E6365206C6173742063616C94
:10E9B8006C0A00546872656164733A0A004E41003B
:10E9C8002573257020252D3130730A00096F707466
:10E9D800696F6E733A20307825782C207072696FD1
:10E9E800726974793A2025642074696D656F75744D
:10E9F8003A20256C6C640A000973746174653A20C6
:10EA080025732C20656E7472793A2025700A00559A
:10EA18006E61626C6520746F2064657465726D69DF
:10EA28006E6520756E7573656420737461636B2001
:10EA380073697A6520282564290A0A0009737461B4
:10EA4800636B2073697A6520257A752C20756E753D
:10EA580073656420257A752C207573616765202598
:10EA68007A75202F20257A752028257520252529B7
:10EA78000A0A006C697374004C697374206B6572C0
:10EA88006E656C20746872656164732E0025702051
:10EA98004952512025303264202573287265616CF3
:10EAA8002073697A652025347A75293A09756E7557
:10EAB8007365642025347A75097573616765202547
:10EAC800347A75202F2025347A75202825327A75D6
:10EAD800202525290A00257020252D33327320286A
:10EAE8007265616C2073697A652025347A75293AD4
:10EAF80009756E757365642025347A7509757361B7
:10EB080067652025347A75202F2025347A752028CA
:10EB1800253275202525290A00737461636B7300FB
:10EB28004C697374207468726561647320737461CE
:10EB3800636B2075736167652E0054687265616444
:10EB4800204944202570206973206E6F74207661F7
:10EB58006C69640A004572726F723A5368656C6C2E
:10EB6800207468726561642063616E6E6F742062E0
:10EB7800652073757370656E6465640A0054687205
:10EB88006561642025702073757370656E646564B3
:10EB98000A006B65726E656C20746872656164202A
:10EBA80073757370656E64203C7468726561645F28
:10EBB80069643E004572726F723A5368656C6C20E6
:10EBC8007468726561642063616E6E6F742062653B
:10EBD80020726573756D65640A00546872656164B6
:10EBE80020257020726573756D65640A006B657207
:10EBF8006E656C2074687265616420726573756DEA
:10EC080065203C7468726561645F69643E004572A2
:10EC1800726F723A5368656C6C20746872656164CF
:10EC28002063616E6E6F74206265206B696C6C6521
:10EC3800640A000A20546872656164202570206B9C
:10EC4800696C6C65640A006B696C6C006B65726E4C
:10EC5800656C20746872656164206B696C6C203C1B
:10EC68007468726561645F69643E00524541445945
:10EC78000044495341424C454400646576696365E4
:10EC8800733A0A005B25705D002D20257300202053
:10EC98004454206E6F6465206C6162656C733A0041
:10ECA80044657669636520636F6D6D616E6473009A
:10ECB8004C69737420636F6E66696775726564204A
:10ECC800646576696365730025642D253032752D7A
:10ECD8002530327520253032753A253032753A257F
:10ECE800303275205554430A00496E76616C696468
:10ECF80020686F75720A00496E76616C6964206DD0
:10ED0800696E7574650A00496E76616C6964207372
:10ED180065636F6E640A00496E76616C6964206D84
:10ED28006F6E74680A00496E76616C69642064616C
:10ED3800790A004661696C656420746F2063616CB0
:10ED480063756C617465207365636F6E647320739B
:10ED5800696E63652045706F63680A00436F756C60
:10ED680064206E6F74207365742064617465202557
:10ED7800640A004461746520636F6D6D616E64732D
:10ED8800005B592D6D2D645D203C483A4D3A533E49
:10ED9800005B6E6F6E655D005573696E6720646118
:10EDA80074612077696474682025640A00496E6379
:10EDB8006F7272656374206461746120776964742A
:10EDC800680A00526561642076616C756520307848
:10EDD80025780A0057726974696E672076616C75C8
:10EDE8006520307825780A00696E76616C69642040
:10EDF8006164647220272573270A00696E76616C46
:10EE080069642073697A6520272573270A00696E6B
:10EE180076616C6964207769647468202725732794
:10EE28000A00613A733A773A00272D61203C616401
:10EE380064726573733E27206973206D616E646127
:10EE4800746F72790A00272D73203C73697A653EC6
:10EE580027206973206D616E6461746F72790A008E
:10EE68006465766D656D206C6F6164207375707074
:10EE78006F7274732073657474696E672062797039
:10EE8800617373206F6E20612073696E676C6520F3
:10EE9800696E7374616E63652E0A004C6F616469F4
:10EEA8006E672E2E2E0A7072657373206374726CEF
:10EEB8002D78206374726C2D7120746F20657363D4
:10EEC8006170650A004E756D626572206F6620621A
:10EED8007974657320726561643A2025640A002D8F
:10EEE8002D002D6500556E6B6E6F776E206F7074F8
:10EEF800696F6E20222573220A006465766D656D40
:10EF080000526561642F777269746520706879733F
:10EF18006963616C206D656D6F72790A55736167FD
:10EF2800653A0A52656164206D656D6F727920617A
:10EF38007420616464726573732077697468206FE4
:10EF48007074696F6E616C2077696474683A0A64DA
:10EF580065766D656D203C616464726573733E20EF
:10EF68005B3C77696474683E5D0A57726974652012
:10EF78006D656D6F72792061742061646472657368
:10EF8800732077697468206D616E6461746F72793B
:10EF980020776964746820616E642076616C756599
:10EFA8003A0A6465766D656D203C616464726573C8
:10EFB800733E203C77696474683E203C76616C75CA
:10EFC800653E0064756D700055736167653A0A6443
:10EFD80065766D656D2064756D70202D61203C61CE
:10EFE8006464726573733E202D73203C73697A657F
:10EFF8003E205B2D77203C77696474683E5D0A008B
:10F0080055736167653A0A6465766D656D206C6F46
:10F018006164205B6F7074696F6E735D205B6164FF
:10F0280064726573735D0A4F7074696F6E733A0A20
:10F038002D65096C6974746C652D656E6469616E03
:10F048002070617273650052582072696E67206281
:10F0580075666665722066756C6C2E007368656CE3
:10F068006C2E7368656C6C5F756172740075617283
:10F07800743A7E2420007368656C6C5F75617274E5
:10F088005F6261636B656E6400537562636F6D6D7B
:10F09800616E64733A0A006E6F74207465726D69EC
:10F0A8006E617465643A2025630A00506C6561736B
:10F0B8006520737065636966792061207375626382
:10F0C8006F6D6D616E642E0A004572726F723A2020
:10F0D800726571756573746564206D756C7469709B
:10F0E8006C652066756E6374696F6E2065786563FC
:10F0F8007574696F6E730A003A20636F6D6D616E87
:10F1080064206E6F7420666F756E6400546F6F2094
:10F118006D616E7920617267756D656E74732069B3
:10F128006E2074686520636F6D6D616E642E0A00D1
:10F1380025733A2077726F6E6720706172616D6512
:10F1480074657220636F756E740A005741524E4998
:10F158004E473A2041207072696E7420726571754D
:10F16800657374207761732064657465637465647E
:10F17800206F6E206E6F74206163746976652073EA
:10F1880068656C6C206261636B656E642E0A000AA8
:10F1980025732573005368656C6C2074687265610B
:10F1A80064206572726F723A20256400506C656144
:10F1B800736520707265737320746865203C5461B0
:10F1C800623E20627574746F6E20746F207365657B
:10F1D80020616C6C20617661696C61626C6520638A
:10F1E8006F6D6D616E64732E0A00596F75206361CF
:10F1F8006E20616C736F2075736520746865203CA0
:10F208005461623E20627574746F6E20746F207052
:10F21800726F6D7074206F72206175746F2D636FDB
:10F228006D706C65746520616C6C20636F6D6D61C9
:10F238006E6473206F722069747320737562636FD4
:10F248006D6D616E64732E0A00596F752063616E6F
:10F258002074727920746F2063616C6C20636F6D09
:10F268006D616E64732077697468203C2D683E2058
:10F278006F72203C2D2D68656C703E207061726144
:10F288006D6574657220666F72206D6F7265206996
:10F298006E666F726D6174696F6E2E0A000A53682C
:10F2A800656C6C20737570706F72747320666F6C08
:10F2B8006C6F77696E67206D6574612D6B65797306
:10F2C8003A0A20204374726C202B202861206B6539
:10F2D800792066726F6D3A206162636465666B6C53
:10F2E8006E707577290A2020416C7420202B202805
:10F2F80061206B65792066726F6D3A206266290A13
:10F30800506C6561736520726566657220746F2044
:10F318007368656C6C20646F63756D656E74617479
:10F32800696F6E20666F72206D6F726520646574F8
:10F3380061696C732E0A000A417661696C61626CBE
:10F348006520636F6D6D616E64733A0A002530380D
:10F35800583A20005072696E74732074686520688A
:10F36800656C70206D6573736167652E001B5B2586
:10F37800642563001B5B313B3325646D001B5B34E4
:10F38800303325646D002573252D2A73002D680000
:10F398002D2D68656C7000202D20002020004C6FFA
:10F3A8007374206C6F67733A20256C750A0041638B
:10F3B80074697665207368656C6C206261636B653F
:10F3C8006E64733A0A0020202532642E203A257391
:10F3D80020282573290A005B2533645D2025730ADC
:10F3E800006F66660020756E6B6E6F776E207061B9
:10F3F80072616D657465723A200025733A2573252C
:10F40800730A004563686F207374617475733A20DA
:10F4180025730A004E6F20726573706F6E736520D6
:10F4280066726F6D20746865207465726D696E61AF
:10F438006C2C20617373756D6564203830783234B4
:10F448002073637265656E2073697A650A001B5BB9
:10F45800366E0072657476616C005072696E742045
:10F4680072657475726E2076616C7565206F6620A2
:10F478006D6F737420726563656E7420636F6D6D54
:10F48800616E6400726573697A6500436F6E736FAD
:10F498006C652067657473207465726D696E616C44
:10F4A8002073637265656E2073697A65206F7220B8
:10F4B800617373756D65732064656661756C74201E
:10F4C800696E206361736520746865207265616484
:10F4D8006F7574206661696C732E204974206D7590
:10F4E800737420626520657865637574656420614E
:10F4F800667465722065616368207465726D696EF3
:10F50800616C207769647468206368616E67652040
:10F51800746F20656E7375726520636F72726563B0
:10F5280074207465787420646973706C61792E0036
:10F53800686973746F727900436F6D6D616E6420D2
:10F54800686973746F72792E0055736566756C2CD3
:10F55800206E6F7420556E69782D6C696B65207309
:10F5680068656C6C20636F6D6D616E64732E00430B
:10F578006C6561722073637265656E2E0072656DCD
:10F588000049676E6F7265206C696E6573206265ED
:10F5980067696E6E696E672077697468202772657F
:10F5A8006D20270064656661756C7400417373751E
:10F5B8006D652038302063686172732073637265EB
:10F5C800656E20776964746820616E642073656E67
:10F5D8006420746869732073657474696E67207435
:10F5E8006F20746865207465726D696E616C2E0099
:10F5F8006261636B656E6473004C69737420616348
:10F6080074697665207368656C6C206261636B65EC
:10F618006E64732E0A006261636B73706163655F69
:10F628006D6F646500546F67676C65206261636B1A
:10F638007370616365206B6579206D6F64652E0A50
:10F64800536F6D65207465726D696E616C732061AE
:10F658007265206E6F742073656E64696E672073BF
:10F66800657061726174652065736361706520639C
:10F678006F646520666F72206261636B737061638B
:10F688006520616E642064656C65746520627574BC
:10F69800746F6E2E205468697320636F6D6D616E90
:10F6A8006420666F72636573207368656C6C207480
:10F6B8006F20696E746572707265742064656C651C
:10F6C8007465206B6579206173206261636B737068
:10F6D8006163652E00636F6C6F727300546F6767A8
:10F6E8006C6520636F6C6F7265642073796E7461EA
:10F6F800782E00767431303000546F67676C65205F
:10F70800767431303020636F6D6D616E64732E00D6
:10F7180070726F6D707400546F67676C65207072DB
:10F728006F6D70742E006563686F00546F67676C47
:10F7380065207368656C6C206563686F2E00737450
:10F74800617473005368656C6C20737461746973B9
:10F75800746963732E006261636B73706163650023
:10F7680053657420646966666572656E7420657396
:10F778006361706520636F646520666F72206261E3
:10F78800636B737061636520616E642064656C658A
:10F798007465206B65792E0064656C65746500532B
:10F7A8006574207468652073616D65206573636195
:10F7B800706520636F646520666F72206261636B99
:10F7C800737061636520616E642064656C6574653F
:10F7D800206B65792E005265736574207368656CBB
:10F7E8006C207374617469737469637320666F72D3
:10F7F80020746865204C6F67676572206D6F64754B
:10F808006C652E0073686F770047657420736865B0
:10F818006C6C207374617469737469637320666FA8
:10F828007220746865204C6F67676572206D6F641D
:10F83800756C652E0044697361626C652073686538
:10F848006C6C206563686F2E2045646974696E6707
:10F85800206B65797320616E64206D6574612D6B12
:10F8680065797320617265206E6F742068616E64BB
:10F878006C656400456E61626C65207368656C6CCC
:10F88800206563686F2E0044697361626C6520703F
:10F89800726F6D70742E00456E61626C65207072B7
:10F8A8006F6D70742E0044697361626C65207674A4
:10F8B80031303020636F6D6D616E64732E00456E5C
:10F8C80061626C6520767431303020636F6D6D61D4
:10F8D8006E64732E0044697361626C6520636F6C9B
:10F8E8006F7265642073796E7461782E00456E615D
:10F8F800626C6520636F6C6F7265642073796E74D7
:10F9080061782E00436F6D6D616E64206275666666
:10F91800657220697320746F6F2073686F7274202A
:10F92800746F20657870616E6420616C6C20636F01
:10F938006D6D616E6473206D61746368696E6720B4
:10F9480077696C6463617264207061747465726E47
:10F958003A2025730A0053697A65206F6620434F61
:10F968004E4649475F464C4153485F46494C4C5FB9
:10F978004255464645525F53495A45004E656761B0
:10F9880074697665206F6666736574206E6F74207F
:10F99800616C6C6F7765640A00496E636F7272659B
:10F9A80063742073697A65206F72206F6666736569
:10F9B8007420616C69676E6D656E742C2065787053
:10F9C800656374656420257A780A00666C617368DB
:10F9D8000072302F61313A20203078253038782075
:10F9E8002072312F61323A20203078253038782043
:10F9F8002072322F61333A20203078253038780051
:10FA080072332F61343A20203078253038782072CC
:10FA180031322F69703A20203078253038782072BA
:10FA280031342F6C723A2020307825303878002015
:10FA3800787073723A202030782530387800466123
:10FA4800756C74696E6720696E7374727563746916
:10FA58006F6E206164647265737320287231352F6C
:10FA68007063293A2030782530387800556E6861FF
:10FA78006E646C6564204952516E3A2025640043D7
:10FA88006F756C64206E6F74207265616420737981
:10FA98006D626F6C2066726F6D2062696E6172793B
:10FAA8002100436F756C64206E6F742066696E6404
:10FAB8002073796D626F6C202573210073796D2036
:10FAC800272573273A2072656C6F636174696F6EBE
:10FAD800206F7574206F662072616E676520282517
:10FAE8002378202D3E20252378290A00756E6B6E19
:10FAF8006F776E2072656C6F636174696F6E3A2000
:10FB080025750A00656C66002A2A2A2A2A204D5083
:10FB180055204641554C54202A2A2A2A2A002020BA
:10FB2800537461636B696E67206572726F72202807
:10FB3800636F6E746578742061726561206D6967A2
:10FB48006874206265206E6F742076616C69642920
:10FB5800002020556E737461636B696E672065724F
:10FB6800726F720020204461746120416363657381
:10FB7800732056696F6C6174696F6E0020204D4D5B
:10FB880046415220416464726573733A2030782587
:10FB980078002020496E737472756374696F6E20E3
:10FBA8004163636573732056696F6C6174696F6E26
:10FBB800002020466C6F6174696E672D706F696EE6
:10FBC80074206C617A792073746174652070726531
:10FBD800736572766174696F6E206572726F7200F8
:10FBE8002A2A2A2A2A20425553204641554C542075
:10FBF8002A2A2A2A2A002020537461636B696E67B7
:10FC0800206572726F720020205072656369736597
:10FC1800206461746120627573206572726F72006E
:10FC280020204246415220416464726573733A2031
:10FC380030782578002020496D7072656369736596
:10FC4800206461746120627573206572726F72003E
:10FC58002020496E737472756374696F6E206275C3
:10FC680073206572726F72002A2A2A2A2A20555335
:10FC7800414745204641554C54202A2A2A2A2A0021
:10FC880020204469766973696F6E206279207A65ED
:10FC9800726F002020556E616C69676E6564206D17
:10FCA800656D6F72792061636365737300202053FB
:10FCB8007461636B206F766572666C6F772028635A
:10FCC8006F6E746578742061726561206E6F742040
:10FCD80076616C6964290020204E6F20636F707212
:10FCE8006F636573736F7220696E73747275637472
:10FCF800696F6E73002020496C6C6567616C206CBD
:10FD08006F6164206F66204558435F5245545552D1
:10FD18004E20696E746F205043002020496C6C653A
:10FD280067616C20757365206F662074686520456F
:10FD3800505352002020417474656D707420746FA4
:10FD4800206578656375746520756E646566696E8F
:10FD5800656420696E737472756374696F6E002AC6
:10FD68002A2A2A2A20534543555245204641554CB4
:10FD780054202A2A2A2A2A002020416464726573A2
:10FD8800733A2030782578002020496E76616C69B6
:10FD98006420656E74727920706F696E740020201B
:10FDA800496E76616C696420696E746567726974FE
:10FDB80079207369676E6174757265002020496ED9
:10FDC80076616C696420657863657074696F6E200C
:10FDD80072657475726E0020204174747269627560
:10FDE80074696F6E20756E69742076696F6C6174C2
:10FDF800696F6E002020496E76616C6964207472A8
:10FE0800616E736974696F6E0020204C617A792085
:10FE18007374617465207072657365727661746954
:10FE28006F6E0020204C617A7920737461746520AC
:10FE38006572726F720052657365727665642045EB
:10FE48007863657074696F6E2028005370757269E5
:10FE58006F757320696E74657272757074202849A5
:10FE68005251200020205320696E73747275637498
:10FE7800696F6E20616464726573733A202030780C
:10FE88002578002A2A2A2A2A204841524420464115
:10FE9800554C54202A2A2A2A2A00202042757320E9
:10FEA8006661756C74206F6E20766563746F72205E
:10FEB8007461626C6520726561640020204465622B
:10FEC8007567206576656E740020204661756C74D0
:10FED80020657363616C6174696F6E202873656552
:10FEE8002062656C6F772900415243485F4558434B
:10FEF800455054207769746820726561736F6E206D
:10FF080025780A002A2A2A2A2A2044656275672049
:10FF18006D6F6E69746F7220657863657074696F50
:10FF28006E202A2A2A2A2A002A2A2A2A2A202573DF
:10FF380020256429202A2A2A2A2A0061626F7274DD
:10FF480028290A006765746F707400706F73697888
:10FF58005F656E7600706F7369785F74696D65723E
:10FF680000707468726561645F72776C6F636B00B0
:10FF7800707468726561645F636F6E640070746842
:10FF8800726561645F6B657900707468726561643D
:10FF98005F6D757465780070746872656164006E71
:10FFA80065745F627566006E65745F6275665F731F
:10FFB800696D706C6500696E76616C69642066694C
:10FFC8006C65206E616D652121006D6F756E742002
:10FFD800706F696E74206E6F7420666F756E642121
:10FFE800210066696C652073686F756C64206265B2
:08FFF800206F70656E65642046
:020000041003E7
:10000000666F7220777269746520746F20747275E0
:100010006E6361746521210066696C652074727578
:100020006E636174696F6E206E6F7420737570708B
:100030006F7274656421210066696C65206F70655C
:100040006E206572726F7220282564290066696CC3
:1000500065207472756E636174696F6E2066616984
:100060006C656420282564290066696C6520636CD2
:100070006F7365206572726F72202825642900668F
:10008000696C652072656164206572726F722028E8
:100090002564290066696C6520777269746520653E
:1000A00072726F7220282564290066696C6520735E
:1000B00065656B206572726F722028256429006661
:1000C000696C652074656C6C206572726F72202893
:1000D0002564290066696C65207472756E636174AD
:1000E00065206572726F7220282564290066696C2C
:1000F000652073796E63206572726F7220282564A3
:100100002900696E76616C69642066696C65206F90
:100110007220646972206E616D65212100666169DB
:100120006C6564206765742066696C65206F722059
:100130006469722073746174202825642900466103
:10014000696C656420746F20676574207461626CEB
:10015000652073697A653A202564004661696C659B
:100160006420746F206765742066756E6374696FB0
:100170006E207461626C653A202564004E6F7420B5
:10018000656E6F756768206D656D6F727920666F3B
:100190007220657874656E73696F6E206D65746129
:1001A00064617461004661696C656420746F2063EA
:1001B000616C6C20696E69742066756E6374696F1A
:1001C0006E733A202564004661696C656420746F23
:1001D0002063616C6C2064652D696E69742066759E
:1001E0006E6374696F6E733A202564004661696CB2
:1001F000656420616C6C6F636174696E6720257A39
:100200006420627974657320257A642D616C696756
:100210006E656420666F7220726567696F6E202557
:1002200064004661696C656420746F20707265704B
:1002300061726520746865206C6F616465722C2042
:10024000726574202564004661696C656420746F72
:10025000207365656B20666F7220454C462068658B
:1002600061646572004661696C656420746F207218
:1002700065616420454C462068656164657200498B
:100280006E76616C696420454C462C206D6167690F
:100290006320646F6573206E6F74206D6174636892
:1002A00000556E737570706F7274656420454C46AE
:1002B0002066696C65207479706520257800496E28
:1002C00076616C69642073656374696F6E2068651C
:1002D000616465722073697A6520256400466169EE
:1002E0006C656420746F20616C6C6F636174652051
:1002F00073656374696F6E206D61702C2073697A09
:100300006520257A75004661696C656420746F20EC
:10031000616C6C6F636174652073656374696F6E83
:1003200020686561646572732C2073697A65202585
:100330007A75004661696C656420746F2073656529
:100340006B20666F722073656374696F6E206865D9
:100350006164657273004661696C656420746F2026
:10036000726561642073656374696F6E206865618E
:1003700064657273004661696C656420746F206CFB
:100380006F616420626173696320454C462064613B
:1003900074612C2072657420256400536F6D652094
:1003A00073656374696F6E7320617265206D697324
:1003B00073696E67206F722070726573656E74204A
:1003C0006D756C7469706C652074696D657321005E
:1003D0004661696C656420746F2066696E6420698B
:1003E0006D706F7274616E7420454C46207461624A
:1003F0006C65732C20726574202564004661696CFD
:10040000656420746F20636F707920454C462073BB
:100410007472696E672073656374696F6E732C20E4
:10042000726574202564002E6578706F727465643F
:100430005F73796D00496E76616C69642025732065
:10044000617272617920696E2073656374696F6E81
:1004500020256400556E737570706F72746564202A
:1004600073656374696F6E20666C61677320252302
:1004700078202F2025237820666F7220257320286E
:10048000726567696F6E20256429004D756C74690B
:10049000706C65205348545F4E4F4249545320734B
:1004A000656374696F6E7320617265206E6F74206E
:1004B000737570706F7274656400526567696F6EF2
:1004C000202564207265646566696E656400496E06
:1004D000636F6D70617469626C65207365637469C4
:1004E0006F6E2061646472657373657320666F72EA
:1004F0002025732028726567696F6E2025642900A6
:100500004261642073656374696F6E20616C696712
:100510006E6D656E7420696E20726567696F6E20FE
:10052000256400526567696F6E20256420564D4131
:100530002072616E6765202825237A782D25237A1D
:100540007829206F7665726C6170732077697468A2
:10055000202564202825237A782D25237A782900E0
:10056000526567696F6E20256420454C4620666998
:100570006C652072616E6765202825237A782D25A9
:10058000237A7829206F7665726C617073207769A1
:100590007468202564202825237A782D25237A78ED
:1005A00029004661696C656420746F206D6170205C
:1005B000454C462073656374696F6E732C207265B9
:1005C00074202564004661696C656420746F206343
:1005D0006F707920726567696F6E732C2072657415
:1005E000202564004661696C656420746F20636F28
:1005F000756E74206578706F7274656420454C4622
:100600002073796D626F6C732C2072657420256481
:10061000004661696C656420746F20616C6C6F6367
:1006200061746520657874656E73696F6E20737987
:100630006D626F6C207461626C652C207265742031
:100640002564004E6F206461746120666F722073B0
:10065000656374696F6E202564004661696C65642A
:1006600020746F20636F70792073796D626F6C7383
:100670002C20726574202564004661696C656420D5
:10068000746F206C696E6B2C207265742025640079
:100690004661696C656420746F206578706F727450
:1006A0002C20726574202564007F454C46556E648D
:1006B0006566696E65642073796D626F6C20776919
:1006C0007468206E6F20656E74727920696E207375
:1006D000796D626F6C207461626C652025732C20CB
:1006E0006F666673657420257A642C206C696E6B66
:1006F0002073656374696F6E2025640063616E6E9C
:100700006F74206170706C792072656C6F636174B6
:10071000696F6E3A207461726765742073796D62D7
:100720006F6C2068617320756E65787065637465A1
:10073000642073656374696F6E20696E64657820E8
:10074000256420282523782900496E76616C696428
:1007500020656E7472792073697A6520257A642029
:10076000666F72205348545F52454C207365637422
:10077000696F6E20256400466F756E6420756E7318
:100780007570706F72746564205348545F52454CA5
:10079000412073656374696F6E2025640053616E38
:1007A00069747920636865636B73206661696C6541
:1007B0006420666F722073656374696F6E202564B0
:1007C0002028696E666F20257A642C2073697A650B
:1007D00020257A642C20656E7473697A6520257AE9
:1007E00064290053656374696F6E202564206E6F01
:1007F00074206C6F6164656420696E20616E79207D
:100800006D656D6F727920726567696F6E007A5FD2
:10081000696D706C5F7A7666735F73656C6563741F
:10082000007A5F696D706C5F7A7666735F706F6C6B
:100830006C007A5F696D706C5F7A736F636B5F7366
:100840006F636B657470616972007A5F696D706C5B
:100850005F7A736F636B5F736F636B6574007A5F4E
:10086000696D706C5F7A736F636B5F7368757464C6
:100870006F776E007A5F696D706C5F7A736F636B10
:100880005F736574736F636B6F7074007A5F696D0B
:10089000706C5F7A736F636B5F73656E64746F0007
:1008A0007A5F696D706C5F7A736F636B5F73656E8F
:1008B000646D7367007A5F696D706C5F7A736F63E4
:1008C0006B5F726563766D7367007A5F696D706CDC
:1008D0005F7A736F636B5F7265637666726F6D00CC
:1008E0007A5F696D706C5F7A736F636B5F6C69734D
:1008F00074656E007A5F696D706C5F7A736F636B9D
:100900005F696F63746C5F696D706C007A5F696DAD
:10091000706C5F7A736F636B5F696E65745F707420
:100920006F6E007A5F696D706C5F7A736F636B5F77
:10093000676574736F636B6F7074007A5F696D7055
:100940006C5F7A736F636B5F676574736F636B6EF5
:10095000616D65007A5F696D706C5F7A736F636B50
:100960005F676574706565726E616D65007A5F6959
:100970006D706C5F7A736F636B5F676574686F73BC
:10098000746E616D65007A5F696D706C5F7A736F0C
:10099000636B5F6765745F636F6E746578745F6FB8
:1009A000626A656374007A5F696D706C5F7A736FF9
:1009B000636B5F66636E746C5F696D706C007A5F09
:1009C000696D706C5F7A736F636B5F636F6E6E657A
:1009D0006374007A5F696D706C5F7A736F636B5FCD
:1009E000636C6F7365007A5F696D706C5F7A736FAB
:1009F000636B5F62696E64007A5F696D706C5F7AC9
:100A0000736F636B5F616363657074007A5F696DB8
:100A1000706C5F7A65706879725F77726974655F10
:100A20007374646F7574007A5F696D706C5F7A655A
:100A3000706879725F726561645F737464696E0077
:100A40007A5F696D706C5F7A65706879725F6677DE
:100A500072697465007A5F696D706C5F7A65706841
:100A600079725F6670757463007A5F696D706C5F30
:100A70007A5F7A736F636B5F6765746164647269D0
:100A80006E666F5F696E7465726E616C007A5F6925
:100A90006D706C5F7A5F7379735F6D757465785F85
:100AA0006B65726E656C5F756E6C6F636B007A5F01
:100AB000696D706C5F7A5F7379735F6D757465785B
:100AC0005F6B65726E656C5F6C6F636B007A5F69FC
:100AD0006D706C5F7A5F6C6F675F6D73675F737467
:100AE000617469635F637265617465007A5F696DE3
:100AF000706C5F7A5F6C6F675F6D73675F73696D52
:100B0000706C655F6372656174655F32007A5F69FE
:100B10006D706C5F7A5F6C6F675F6D73675F736931
:100B20006D706C655F6372656174655F31007A5FDB
:100B3000696D706C5F7A5F6C6F675F6D73675F7311
:100B4000696D706C655F6372656174655F30007AB2
:100B50005F696D706C5F756172745F74785F753119
:100B600036007A5F696D706C5F756172745F74785E
:100B70005F61626F7274007A5F696D706C5F75613E
:100B800072745F7478007A5F696D706C5F75617202
:100B9000745F72785F656E61626C655F7531360097
:100BA0007A5F696D706C5F756172745F72785F6592
:100BB0006E61626C65007A5F696D706C5F75617201
:100BC000745F72785F64697361626C65007A5F69F3
:100BD0006D706C5F756172745F706F6C6C5F6F7558
:100BE000745F753136007A5F696D706C5F75617224
:100BF000745F706F6C6C5F6F7574007A5F696D7095
:100C00006C5F756172745F706F6C6C5F696E5F753D
:100C10003136007A5F696D706C5F756172745F70F8
:100C20006F6C6C5F696E007A5F696D706C5F756187
:100C300072745F6C696E655F6374726C5F73657408
:100C4000007A5F696D706C5F756172745F6C696E5C
:100C5000655F6374726C5F676574007A5F696D705D
:100C60006C5F756172745F6972715F7570646174D5
:100C700065007A5F696D706C5F756172745F69722F
:100C8000715F74785F656E61626C65007A5F696D33
:100C9000706C5F756172745F6972715F74785F64A4
:100CA000697361626C65007A5F696D706C5F756114
:100CB00072745F6972715F72785F656E61626C6594
:100CC000007A5F696D706C5F756172745F697271D3
:100CD0005F72785F64697361626C65007A5F696DE9
:100CE000706C5F756172745F6972715F69735F7058
:100CF000656E64696E67007A5F696D706C5F7561BF
:100D000072745F6972715F6572725F656E61626C49
:100D100065007A5F696D706C5F756172745F69728E
:100D2000715F6572725F64697361626C65007A5F9E
:100D3000696D706C5F756172745F6572725F636814
:100D400065636B007A5F696D706C5F756172745F6B
:100D50006472765F636D64007A5F696D706C5F7555
:100D60006172745F636F6E666967757265007A5F42
:100D7000696D706C5F756172745F636F6E666967D1
:100D80005F676574007A5F696D706C5F7379735F1C
:100D900072616E645F676574007A5F696D706C5F25
:100DA0007379735F637372616E645F676574007AF1
:100DB0005F696D706C5F7379735F636C6F636B5F9A
:100DC00068775F6379636C65735F7065725F736585
:100DD000635F72756E74696D655F676574007A5FD5
:100DE000696D706C5F7370695F7472616E73636557
:100DF000697665007A5F696D706C5F7370695F72A8
:100E0000656C65617365007A5F696D706C5F6E65B6
:100E1000745F69665F697076365F616464725F7281
:100E20006D5F62795F696E646578007A5F696D7085
:100E30006C5F6E65745F69665F697076365F61646A
:100E400064725F6C6F6F6B75705F62795F696E64FF
:100E50006578007A5F696D706C5F6E65745F696656
:100E60005F697076365F616464725F6164645F625B
:100E7000795F696E646578007A5F696D706C5F6E2A
:100E800065745F69665F697076345F7365745F6E01
:100E900065746D61736B5F62795F696E646578001C
:100EA0007A5F696D706C5F6E65745F69665F6970AB
:100EB00076345F7365745F6E65746D61736B5F62CA
:100EC000795F616464725F62795F696E64657800FE
:100ED0007A5F696D706C5F6E65745F69665F69707B
:100EE00076345F7365745F67775F62795F696E649C
:100EF0006578007A5F696D706C5F6E65745F6966B6
:100F00005F697076345F616464725F726D5F62798D
:100F10005F696E646578007A5F696D706C5F6E659D
:100F2000745F69665F697076345F616464725F6C78
:100F30006F6F6B75705F62795F696E646578007A58
:100F40005F696D706C5F6E65745F69665F6970760E
:100F5000345F616464725F6164645F62795F696E6B
:100F6000646578007A5F696D706C5F6E65745F6947
:100F7000665F6765745F62795F696E646578007A41
:100F80005F696D706C5F6E65745F6574685F6765DF
:100F9000745F7074705F636C6F636B5F62795F69BD
:100FA0006E646578007A5F696D706C5F6E65745F02
:100FB000616464725F70746F6E007A5F696D706CEB
:100FC0005F6E65745F616464725F6E746F70007AE7
:100FD0005F696D706C5F6C6F675F70726F63657374
:100FE00073007A5F696D706C5F6C6F675F70616EC4
:100FF0006963007A5F696D706C5F6C6F675F6672C2
:101000006F6E74656E645F66696C7465725F73653C
:1010100074007A5F696D706C5F6C6F675F66696C96
:101020007465725F736574007A5F696D706C5F6C74
:101030006F675F62756666657265645F636E740094
:101040007A5F696D706C5F6C6C6578745F676574EE
:101050005F666E5F7461626C65007A5F696D706C6B
:101060005F6B5F7969656C64007A5F696D706C5F56
:101070006B5F77616B657570007A5F696D706C5F2F
:101080006B5F75736C656570007A5F696D706C5F1E
:101090006B5F757074696D655F7469636B73007AFB
:1010A0005F696D706C5F6B5F74696D65725F75739E
:1010B00065725F646174615F736574007A5F696D06
:1010C000706C5F6B5F74696D65725F757365725F7D
:1010D000646174615F676574007A5F696D706C5FED
:1010E0006B5F74696D65725F73746F70007A5F69AE
:1010F0006D706C5F6B5F74696D65725F7374617442
:1011000075735F73796E63007A5F696D706C5F6B86
:101110005F74696D65725F7374617475735F676521
:1011200074007A5F696D706C5F6B5F74696D657276
:101130005F7374617274007A5F696D706C5F6B5F6E
:1011400074696D65725F72656D61696E696E675F06
:101150007469636B73007A5F696D706C5F6B5F7449
:10116000696D65725F657870697265735F746963D4
:101170006B73007A5F696D706C5F6B5F746872652A
:1011800061645F74696D656F75745F72656D6169C7
:101190006E696E675F7469636B73007A5F696D7007
:1011A0006C5F6B5F7468726561645F74696D656FB5
:1011B00075745F657870697265735F7469636B736A
:1011C000007A5F696D706C5F6B5F746872656164F3
:1011D0005F73757370656E64007A5F696D706C5FC4
:1011E0006B5F7468726561645F737461636B5F7376
:1011F000706163655F676574007A5F696D706C5FCD
:101200006B5F7468726561645F737461636B5F6662
:10121000726565007A5F696D706C5F6B5F74687290
:101220006561645F737461636B5F616C6C6F6300B5
:101230007A5F696D706C5F6B5F7468726561645F23
:10124000726573756D65007A5F696D706C5F6B5F59
:101250007468726561645F7072696F726974795FD6
:10126000736574007A5F696D706C5F6B5F74687230
:101270006561645F7072696F726974795F676574C4
:10128000007A5F696D706C5F6B5F74687265616432
:101290005F6E616D655F736574007A5F696D706C18
:1012A0005F6B5F7468726561645F6E616D655F63DB
:1012B0006F7079007A5F696D706C5F6B5F746872D4
:1012C0006561645F6A6F696E007A5F696D706C5FFB
:1012D0006B5F7468726561645F646561646C696E9C
:1012E000655F736574007A5F696D706C5F6B5F74C6
:1012F00068726561645F637573746F6D5F64617458
:10130000615F736574007A5F696D706C5F6B5F74A9
:1013100068726561645F637573746F6D5F64617437
:10132000615F676574007A5F696D706C5F6B5F7495
:1013300068726561645F637265617465007A5F6994
:101340006D706C5F6B5F7468726561645F61626F22
:101350007274007A5F696D706C5F6B5F7374725F3B
:101360006F7574007A5F696D706C5F6B5F73746129
:10137000636B5F70757368007A5F696D706C5F6B2B
:101380005F737461636B5F706F70007A5F696D701B
:101390006C5F6B5F737461636B5F616C6C6F635FD9
:1013A000696E6974007A5F696D706C5F6B5F736CF6
:1013B000656570007A5F696D706C5F6B5F73656DFA
:1013C0005F74616B65007A5F696D706C5F6B5F73F2
:1013D000656D5F7265736574007A5F696D706C5FCF
:1013E0006B5F73656D5F696E6974007A5F696D70BC
:1013F0006C5F6B5F73656D5F67697665007A5F69C7
:101400006D706C5F6B5F73656D5F636F756E745F3E
:10141000676574007A5F696D706C5F6B5F7363689A
:1014200065645F63757272656E745F74687265611E
:10143000645F7175657279007A5F696D706C5F6B5E
:101440005F72657363686564756C65007A5F696D6A
:10145000706C5F6B5F71756575655F7065656B5FFF
:101460007461696C007A5F696D706C5F6B5F717538
:101470006575655F7065656B5F68656164007A5F5F
:10148000696D706C5F6B5F71756575655F69735FC2
:10149000656D707479007A5F696D706C5F6B5F71F8
:1014A000756575655F696E6974007A5F696D706CEA
:1014B0005F6B5F71756575655F676574007A5F69FD
:1014C0006D706C5F6B5F71756575655F63616E6391
:1014D000656C5F77616974007A5F696D706C5F6BD2
:1014E0005F71756575655F616C6C6F635F70726568
:1014F00070656E64007A5F696D706C5F6B5F7175AB
:101500006575655F616C6C6F635F617070656E645B
:10151000007A5F696D706C5F6B5F706F6C6C5F738E
:1015200069676E616C5F7265736574007A5F696D7F
:10153000706C5F6B5F706F6C6C5F7369676E616C12
:101540005F7261697365007A5F696D706C5F6B5F74
:10155000706F6C6C5F7369676E616C5F696E6974E4
:10156000007A5F696D706C5F6B5F706F6C6C5F733E
:1015700069676E616C5F636865636B007A5F696D54
:10158000706C5F6B5F706F6C6C007A5F696D706C14
:101590005F6B5F706970655F77726974655F6176B4
:1015A00061696C007A5F696D706C5F6B5F70697008
:1015B000655F7772697465007A5F696D706C5F6BE7
:1015C0005F706970655F7265736574007A5F696DDD
:1015D000706C5F6B5F706970655F726561645F619D
:1015E0007661696C007A5F696D706C5F6B5F7069C2
:1015F00070655F72656164007A5F696D706C5F6BC6
:101600005F706970655F707574007A5F696D706C8A
:101610005F6B5F706970655F696E6974007A5F699E
:101620006D706C5F6B5F706970655F676574007A81
:101630005F696D706C5F6B5F706970655F666C751C
:101640007368007A5F696D706C5F6B5F706970655D
:101650005F636C6F7365007A5F696D706C5F6B5F61
:10166000706970655F6275666665725F666C7573DA
:1016700068007A5F696D706C5F6B5F706970655F41
:10168000616C6C6F635F696E6974007A5F696D701D
:101690006C5F6B5F6F626A6563745F72656C6561D6
:1016A0007365007A5F696D706C5F6B5F6F626A650E
:1016B00063745F616C6C6F635F73697A65007A5FF6
:1016C000696D706C5F6B5F6F626A6563745F616C9C
:1016D0006C6F63007A5F696D706C5F6B5F6F626ADD
:1016E0006563745F6163636573735F6772616E7472
:1016F000007A5F696D706C5F6B5F6D757465785FA4
:10170000756E6C6F636B007A5F696D706C5F6B5F99
:101710006D757465785F6C6F636B007A5F696D706F
:101720006C5F6B5F6D757465785F696E6974007A64
:101730005F696D706C5F6B5F6D7367715F707574FF
:10174000007A5F696D706C5F6B5F6D7367715F705E
:1017500075726765007A5F696D706C5F6B5F6D7342
:1017600067715F7065656B5F6174007A5F696D704A
:101770006C5F6B5F6D7367715F7065656B007A5F3F
:10178000696D706C5F6B5F6D7367715F6E756D5FB8
:10179000757365645F676574007A5F696D706C5F0F
:1017A0006B5F6D7367715F6E756D5F667265655FA8
:1017B000676574007A5F696D706C5F6B5F6D7367EE
:1017C000715F6765745F6174747273007A5F696DCD
:1017D000706C5F6B5F6D7367715F676574007A5FD4
:1017E000696D706C5F6B5F6D7367715F616C6C6F5F
:1017F000635F696E6974007A5F696D706C5F6B5FBF
:1018000069735F707265656D70745F74687265612D
:1018100064007A5F696D706C5F6B5F667574657884
:101820005F77616B65007A5F696D706C5F6B5F6697
:10183000757465785F77616974007A5F696D706C43
:101840005F6B5F666C6F61745F656E61626C650093
:101850007A5F696D706C5F6B5F666C6F61745F64FB
:10186000697361626C65007A5F696D706C5F6B5F54
:101870006576656E745F776169745F616C6C007A20
:101880005F696D706C5F6B5F6576656E745F7761C5
:101890006974007A5F696D706C5F6B5F6576656E09
:1018A000745F7365745F6D61736B6564007A5F6903
:1018B0006D706C5F6B5F6576656E745F73657400E9
:1018C0007A5F696D706C5F6B5F6576656E745F7073
:1018D0006F7374007A5F696D706C5F6B5F657665BE
:1018E0006E745F696E6974007A5F696D706C5F6BAE
:1018F0005F6576656E745F636C656172007A5F69BF
:101900006D706C5F6B5F636F6E647661725F776141
:101910006974007A5F696D706C5F6B5F636F6E6492
:101920007661725F7369676E616C007A5F696D7072
:101930006C5F6B5F636F6E647661725F696E697412
:10194000007A5F696D706C5F6B5F636F6E64766168
:10195000725F62726F616463617374007A5F696D54
:10196000706C5F6B5F627573795F77616974007A21
:101970005F696D706C5F6932635F7472616E73660C
:101980006572007A5F696D706C5F6932635F746164
:10199000726765745F6472697665725F756E726591
:1019A000676973746572007A5F696D706C5F693224
:1019B000635F7461726765745F6472697665725F94
:1019C0007265676973746572007A5F696D706C5FC8
:1019D0006932635F7265636F7665725F627573000B
:1019E0007A5F696D706C5F6932635F6765745F63AE
:1019F0006F6E666967007A5F696D706C5F693263EC
:101A00005F636F6E666967757265007A5F696D7096
:101A10006C5F6877696E666F5F6765745F7375701A
:101A2000706F727465645F72657365745F6361750E
:101A30007365007A5F696D706C5F6877696E666F59
:101A40005F6765745F72657365745F636175736505
:101A5000007A5F696D706C5F6877696E666F5F674B
:101A600065745F6465766963655F6964007A5F6960
:101A70006D706C5F6877696E666F5F6765745F64D1
:101A800065766963655F6575693634007A5F696D8F
:101A9000706C5F6877696E666F5F636C6561725FBB
:101AA00072657365745F6361757365007A5F696DF4
:101AB000706C5F6770696F5F706F72745F746F676F
:101AC000676C655F62697473007A5F696D706C5FE3
:101AD0006770696F5F706F72745F7365745F6D615B
:101AE000736B65645F726177007A5F696D706C5FBC
:101AF0006770696F5F706F72745F7365745F62693E
:101B000074735F726177007A5F696D706C5F677084
:101B1000696F5F706F72745F6765745F7261770081
:101B20007A5F696D706C5F6770696F5F706F7274F8
:101B30005F6765745F646972656374696F6E007A6C
:101B40005F696D706C5F6770696F5F706F72745FF3
:101B5000636C6561725F626974735F726177007A4A
:101B60005F696D706C5F6770696F5F70696E5F69E8
:101B70006E746572727570745F636F6E6669677597
:101B80007265007A5F696D706C5F6770696F5F7016
:101B9000696E5F6765745F636F6E666967007A5F21
:101BA000696D706C5F6770696F5F70696E5F636F9E
:101BB0006E666967757265007A5F696D706C5F67E4
:101BC00070696F5F6765745F70656E64696E675F8B
:101BD000696E74007A5F696D706C5F666C617368C2
:101BE0005F7772697465007A5F696D706C5F666CAF
:101BF0006173685F736664705F72656164007A5FC9
:101C0000696D706C5F666C6173685F726561645F5B
:101C10006A656465635F6964007A5F696D706C5FB3
:101C2000666C6173685F72656164007A5F696D708C
:101C30006C5F666C6173685F6765745F7772697407
:101C4000655F626C6F636B5F73697A65007A5F6969
:101C50006D706C5F666C6173685F6765745F7369F4
:101C60007A65007A5F696D706C5F666C6173685F3E
:101C70006765745F706172616D6574657273007A17
:101C80005F696D706C5F666C6173685F6765745FD8
:101C9000706167655F696E666F5F62795F6F6666C8
:101CA00073007A5F696D706C5F666C6173685F6703
:101CB00065745F706167655F696E666F5F62795FAB
:101CC000696478007A5F696D706C5F666C617368D7
:101CD0005F6765745F706167655F636F756E7400E1
:101CE0007A5F696D706C5F666C6173685F666C616A
:101CF0007474656E007A5F696D706C5F666C617399
:101D0000685F66696C6C007A5F696D706C5F666CA9
:101D10006173685F65785F6F70007A5F696D706C82
:101D20005F666C6173685F6572617365007A5F6995
:101D30006D706C5F666C6173685F636F7079007A59
:101D40005F696D706C5F656E74726F70795F6765E7
:101D5000745F656E74726F7079007A5F696D706C14
:101D60005F646D615F73757370656E64007A5F693F
:101D70006D706C5F646D615F73746F70007A5F6922
:101D80006D706C5F646D615F7374617274007A5F13
:101D9000696D706C5F646D615F726573756D650010
:101DA0007A5F696D706C5F646D615F726571756596
:101DB00073745F6368616E6E656C007A5F696D70E5
:101DC0006C5F646D615F72656C656173655F6368AC
:101DD000616E6E656C007A5F696D706C5F646D61D9
:101DE0005F6368616E5F66696C746572007A5F69D3
:101DF0006D706C5F6465766963655F69735F72655A
:101E0000616479007A5F696D706C5F64657669639F
:101E1000655F696E6974007A5F696D706C5F646597
:101E2000766963655F6765745F62795F64745F6E2E
:101E30006F64656C6162656C007A5F696D706C5F80
:101E40006465766963655F6765745F62696E64691E
:101E50006E67007A5F696D706C5F64657669636553
:101E60005F6465696E6974007A5F696D706C5F5F4D
:101E70005F706F7369785F636C6F636B5F676574C6
:101E80005F62617365006D656D736574006D656D8E
:101E9000637079006D656D636D700073747263704B
:101EA000790025732066756E6374696F6E202569ED
:101EB0002028257029206F75747369646520746506
:101EC000787420726567696F6E006272696E6775FB
:101ED000700074656172646F776E006C6C65787405
:101EE0005F66735F6C6F61646572004E6F2073751F
:101EF0006368206C6C6578742025730A00457874DB
:101F0000656E73696F6E3A2025732073796D626F09
:101F10006C730A007C2053796D626F6C2020202046
:101F2000202020202020207C20416464726573736F
:101F3000202020207C0A007C2025313673207C2044
:101F40002570207C0A007C204E616D6520202020B9
:101F50002020202020202020207C2053697A65200A
:101F600020202020202020207C0A007C20253136C3
:101F700073207C2025313264207C0A00457874650A
:101F80006E73696F6E206E616D6520746F6F206C6B
:101F90006F6E672C206D6178202564206368617204
:101FA000730A0A00457874656E73696F6E20256444
:101FB00020627974657320746F6F206C617267653D
:101FC00020746F206C6F61642C206D617820256413
:101FD0002062797465730A0A0053756363657373CD
:101FE00066756C6C79206C6F6164656420657874CB
:101FF000656E73696F6E2025732C20616464722096
:1020000025700A0A004661696C656420746F206C53
:102010006F616420657874656E73696F6E202573D7
:102020002C2072657475726E20636F646520256460
:102030000A0A004661696C656420746F206F6274DF
:1020400061696E2066696C652025732C2072657449
:1020500075726E20636F64652025640A0A004E6FF6
:102060007420612066696C652025730A004E6F201C
:102070007375636820657874656E73696F6E20256B
:10208000730A00556E6C6F616465642065787465D1
:102090006E73696F6E2025730A0A004C6F6164616C
:1020A000626C6520657874656E73696F6E20636F0E
:1020B0006D6D616E6473004C697374206C6F616444
:1020C000656420657874656E73696F6E7320616EE8
:1020D000642074686569722073697A6520696E206E
:1020E0006D656D6F7279006C6F61645F6C6C6578A3
:1020F00074004C6F616420616E20656C66206669B7
:102100006C65206469726563746C792066726F6DAA
:102110002066696C6573797374656D2E2053796ED2
:102120007461783A0A3C6578745F6E616D653E2033
:102130003C6578745F6C6C6578745F66696C655F2C
:102140006E616D653E006C6F61645F686578004C20
:102150006F616420616E20656C662066696C652025
:10216000656E636F64656420696E206865782064BD
:1021700069726563746C792066726F6D207468652E
:10218000207368656C6C20696E7075742E205379AD
:102190006E7461783A0A3C6578745F6E616D653E75
:1021A000203C6578745F6865785F737472696E67E8
:1021B0003E00756E6C6F616400556E6C6F616420DB
:1021C000616E20657874656E73696F6E2062792028
:1021D0006E616D652E2053796E7461783A0A3C65A4
:1021E00078745F6E616D653E006C6973745F7379BE
:1021F0006D626F6C73004C69737420657874656EE2
:1022000073696F6E2073796D626F6C732E205379D2
:102210006E7461783A0A3C6578745F6E616D653EF4
:102220000063616C6C5F666E0043616C6C20657866
:1022300074656E73696F6E2066756E6374696F6E18
:1022400020776974682070726F746F74797065207C
:10225000766F696420666E28766F6964292E205334
:10226000796E7461783A0A3C6578745F6E616D6569
:102270003E203C66756E6374696F6E5F6E616D655E
:102280003E006C6C6578745F7368656C6C007A6591
:1022900070687972006E65745F736F636B65745FED
:1022A000736572766963650006FFFFFFFFFFFF003D
:1022B0004950763400FFFFFFFFFFFF415250007787
:1022C0006C616E2564006574682564006E65742514
:1022D00064006E65745F6D676D740072785F715B2A
:1022E00025645D0000000000000000007463705F62
:1022F000776F726B0001030600638253637573622C
:102300005F6D637578004661696C656420746F2049
:102310007365742064656661756C74207374617490
:102320007573004661696C656420746F20696E691D
:102330007469616C697A6520636F6E74726F6C206A
:102340004F555420656E64706F696E740046616904
:102350006C656420746F20696E697469616C697A58
:102360006520636F6E74726F6C20494E20656E64D9
:10237000706F696E740057726F6E6720656E64705F
:102380006F696E7420696E6465782F61646472652C
:102390007373004661696C656420746F20736574A3
:1023A0002064657669636520616464726573730097
:1023B0004E6F20636220706F696E74657220666F65
:1023C0007220656E64706F696E74203078253032CB
:1023D0007800416C7265616479206174746163682E
:1023E000656400446576696365206E6F742061746E
:1023F00074616368656400696E76616C6964206508
:102400006E64706F696E7420636F6E666967757253
:102410006174696F6E00656E64706F696E742069B7
:102420006E6465782F61646472657373206F757470
:10243000206F662072616E676500456E64706F691B
:102440006E7420616C726561647920636F6E666979
:102450006775726564004661696C656420746F20FD
:10246000756E2D696E697469616C697A6520656E37
:1024700064706F696E7420287374617475733D2580
:102480006429004661696C656420746F20616C6C1E
:102490006F63617465206D656D6F72790046616967
:1024A0006C656420746F20696E697469616C697A07
:1024B0006520656E64706F696E74004661696C6555
:1024C0006420746F207374616C6C20656E64706F2F
:1024D000696E74004661696C656420746F20636C7A
:1024E000656172207374616C6C004661696C65642F
:1024F00020746F20656E61626C6520726563657023
:1025000074696F6E206F6E20307825303278004607
:1025100061696C656420746F2067657420656E6402
:10252000706F696E742073746174757300656E6486
:10253000706F696E74203078257820616C726561E7
:10254000647920656E61626C6564004661696C65E2
:102550006420746F2064697361626C65206570200B
:102560003078253032780057726F6E6720656E6460
:10257000706F696E7420646972656374696F6E0050
:102580004661696C656420746F2066696C6C2065B7
:10259000702030782530327820627566666572006A
:1025A000456E64706F696E74206973206F63637524
:1025B000706965642062792074686520636F6E7449
:1025C000726F6C6C65720057726F6E6720656E6417
:1025D000706F696E7420696E6465782F61646472CF
:1025E0006573732F646972656374696F6E005772E7
:1025F0006F6E6720617267756D656E7473004E6FE4
:102600007420656E6F75676820726F6F6D20746FD0
:1026100020636F707920616C6C2074686520646140
:1026200074612100656E64706F696E742030782566
:102630007820616C7265616479206F63637570697D
:102640006564004661696C656420746F20656E6125
:10265000626C6520726563657074696F6E206F6E61
:1026600020657020307825303278007573625F64A1
:10267000635F6D637578005F5F6465766963655F4E
:102680006474735F6F72645F3700737973636F6E26
:10269000403000737973636F6E00636C6F636B5FC0
:1026A000636F6E74726F6C006368616E6E656C2030
:1026B0002564206572726F72207374617475732063
:1026C0006973203078257800496E76616C696420E2
:1026D00045444D412073657474696E6773206F6E55
:1026E00020696E697469616C20636F6E6669672E1C
:1026F00020436F6E66696775726520444D412062A4
:1027000065666F72652072656C6F61642E0054435C
:1027100044206C6973742069732066756C6C206941
:102720006E206C6F6F70206D6F64652E0045444D98
:102730004120627573792E205761697420756E741B
:10274000696C20746865207472616E7366657220AE
:10275000636F6D706C65746573206265666F72651A
:102760002072656C6F6164696E672E004572726FCE
:1027700072207375626D697474696E672045444D8B
:1027800041205472616E736665723A203078257804
:1027900000736F75726365206E756D626572206976
:1027A00073206F7574206F662073636F70652025CA
:1027B00064006F7574206F6620444D41206368612A
:1027C0006E6E656C202564006E6F7420737570707A
:1027D0006F7274207472616E7366657220646972C0
:1027E000656374696F6E00536F7572636520756EF3
:1027F00069742073697A65206572726F722C202566
:1028000064004465737420756E69742073697A6519
:10281000206572726F722C20256400706C65617384
:102820006520636F6E66696720444D415F54434481
:102830005F51554555455F53495A452061732025E1
:102840006400546F6F206D756368207265717565E3
:10285000737420626C6F636B732C696E6372656155
:1028600073652054434420627566666572207369FF
:102870007A652100000201035F5F64657669636524
:102880005F6474735F6F72645F313400646D612DD7
:10289000636F6E74726F6C6C6572403830303030BC
:1028A0000065646D613000646D615F6D6375785FB4
:1028B00065646D61005F5F6465766963655F64741C
:1028C000735F6F72645F31383000736D617274646E
:1028D0006D6140333330303000646D615F6D63751E
:1028E000785F736D617274646D61003130303000F7
:1028F00066756C6C0068616C66005048592028252C
:10290000642920697320646F776E0050485920282D
:10291000256429204C696E6B2073706565642025E1
:1029200073204D622C202573206475706C657800CF
:102930004E6F2050485920666F756E642061742078
:1029400061646472657373202564005048592028BF
:10295000256429204944202558005F5F6465766915
:1029600063655F6474735F6F72645F3131370065F4
:10297000746865726E65742D706879403000706897
:1029800079007068795F6D6969005F5F6465766979
:1029900063655F6474735F6F72645F3131350065C6
:1029A000746865726E657440343031303030303068
:1029B00000656E657400454E4554514F535F525843
:1029C000004C696E6B2069732025730043616E278C
:1029D0007420636C65617220535752004D697373A4
:1029E000696E6720612062756600545820706163CB
:1029F0006B657420746F6F206C6172676500436F44
:102A0000756C64206E6F7420616C6C6F632052581B
:102A100020706B74004E6F205258206275662061E2
:102A20007661696C61626C6500524543562066614F
:102A3000696C6564005F5F6465766963655F647493
:102A4000735F6F72645F3131380065746865726EF0
:102A5000657400656E65745F6D6163006574685FC1
:102A60006E78705F656E65745F716F735F6D6163C3
:102A700000436F756C64206E6F7420726561642012
:102A800073746174757300496E76616C6964206F4C
:102A9000666673657400496E76616C69642073695B
:102AA0007A6500436F6E74726F6C6C65722064653A
:102AB00076696365206973206E6F74207265616446
:102AC0007900496E76616C6964206865616465723D
:102AD0002C207573696E67206C656761637920537C
:102AE0005049206D6F646500534644502070726FEA
:102AF0006265206661696C656400436F756C642073
:102B00006E6F742073657420666C657873706920CD
:102B1000636C6F636B20737065656400436F756CE5
:102B200064206E6F7420726561642076656E646FD8
:102B300072206964000C05065F5F646576696365F1
:102B40005F6474735F6F72645F3138390077323558
:102B50007136346A7673736971403000773235713B
:102B600036346A767373697100666C6173685F6688
:102B70006C65787370695F6E6F72005F5F64657615
:102B80006963655F6474735F6F72645F31313900CC
:102B9000666C6173682D636F6E74726F6C6C6572B6
:102BA000403433303030006674666500666D750001
:102BB000666C6173685F6D637578005F5F646576EE
:102BC0006963655F6474735F6F72645F313632008E
:102BD0006770696F403965303030006770696F34F5
:102BE000005F5F6465766963655F6474735F6F72CD
:102BF000645F313835006770696F4039613030305B
:102C0000006770696F32005F5F6465766963655F56
:102C10006474735F6F72645F3131006770696F4015
:102C20003938303030006770696F31005F5F64653C
:102C3000766963655F6474735F6F72645F390067A0
:102C400070696F403936303030006770696F30001E
:102C5000636C6F636B20636F6E74726F6C2064655E
:102C600076696365206E6F742072656164790049CE
:102C70006E76616C69642049324320626974207207
:102C80006174652076616C7565005F5F6465766967
:102C900063655F6474735F6F72645F313831006CB9
:102CA0007069326340623738303000666C65786333
:102CB0006F6D6D375F6C7069326337005F5F64659D
:102CC000766963655F6474735F6F72645F31390046
:102CD0006C7069326340393438303000666C657826
:102CE000636F6D6D325F6C7069326332006E787045
:102CF0005F383038305F746F7563685F70616E6520
:102D00006C5F693263006D6375785F6C7069326304
:102D100000454E455420514F5320636C6B20726127
:102D2000746520646F6573206E6F7420616C6C6FC6
:102D300077204D44494F004D44494F207472616ED5
:102D400073616374696F6E2074696D6564206F755B
:102D500074005F5F6465766963655F6474735F6F59
:102D600072645F31313600656E65745F6D64696FE2
:102D7000006D64696F5F6E78705F656E65745F711A
:102D80006F7300496E76616C696420706F72742095
:102D90006E756D626572005472616E736665722045
:102DA0006572726F723A20256400496E76616C69B3
:102DB0006420706F7274206E756D6265723A2025A2
:102DC00075005F5F6465766963655F6474735F6FE8
:102DD00072645F3138380073706940353030633861
:102DE000303030006D656D635F666C657873706957
:102DF000005F5F6465766963655F6474735F6F72BB
:102E0000645F31343900666C6578636F6D6D406264
:102E10003730303000666C6578636F6D6D37005FFA
:102E20005F6465766963655F6474735F6F72645F26
:102E3000323100666C6578636F6D6D40623430309E
:102E40003000666C6578636F6D6D34005F5F64653C
:102E5000766963655F6474735F6F72645F313800B5
:102E6000666C6578636F6D6D403934303030006664
:102E70006C6578636F6D6D32005F5F646576696362
:102E8000655F6474735F6F72645F313500666C6593
:102E900078636F6D6D40393330303000666C657823
:102EA000636F6D6D31006D66645F6E78705F6C701E
:102EB0005F666C6578636F6D6D006661696C6564F3
:102EC00020746F20656E61626C6520636C6F636B4C
:102ED000202865727220256429005F5F6465766929
:102EE00063655F6474735F6F72645F393600706925
:102EF0006E6D757840343230303000706F727466A9
:102F0000005F5F6465766963655F6474735F6F72A9
:102F1000645F3136310070696E6D757840313161B2
:102F200030303000706F727465005F5F6465766981
:102F300063655F6474735F6F72645F3938007069D2
:102F40006E6D75784031313930303000706F727489
:102F500064005F5F6465766963655F6474735F6F67
:102F600072645F3138340070696E6D75784031314C
:102F70003830303000706F727463005F5F64657664
:102F80006963655F6474735F6F72645F3130007092
:102F9000696E6D75784031313730303000706F7246
:102FA0007462005F5F6465766963655F6474735F14
:102FB0006F72645F380070696E6D757840313136BC
:102FC00030303000706F7274610070696E637472BB
:102FD0006C5F6E78705F706F7274005F5F646576AF
:102FE0006963655F6474735F6F72645F3232006C33
:102FF000707561727440623430303000666C657890
:10300000636F6D6D345F6C707561727434005F5FF7
:103010006465766963655F6474735F6F72645F3162
:103020003333006C70756172744039343030300065
:10303000666C6578636F6D6D325F6C70756172740C
:103040003200756172745F6D6375785F6C70756165
:1030500072740048616C662D6475706C6578206EC2
:103060006F7420737570706F7274656400576F723F
:10307000642073697A65202564206E6F7420616C0A
:103080006C6F776564005065726970686572616C19
:103090002025642073656C656374206578636565BD
:1030A0006473206D617820256400435320475049A4
:1030B0004F20706F72742025732070696E20256414
:1030C000206973206E6F742072656164790073707B
:1030D000695F6D6375785F6C707370695F636F6D46
:1030E0006D6F6E0025732064657669636520697372
:1030F000206E6F742072656164790054696D656F2C
:1031000075742077616974696E6720666F722074C8
:1031100072616E7366657220636F6D706C65746545
:10312000005570646174652065786365656473201B
:1031300063757272656E74206275666665720044AE
:103140004D412063616C6C6261636B206572726FCC
:10315000722077697468206368616E6E656C2025E3
:1031600064206572722025642E005F5F6465766955
:1031700063655F6474735F6F72645F313600737090
:103180006940393330303000666C6578636F6D6D3F
:10319000315F6C7073706931007370695F6D637556
:1031A000785F6C707370695F646D61007379735FD1
:1031B000636C6F636B5F6379636C655F6765745F96
:1031C000363400010002000000030000000000008F
:1031D00000040000000000000000000000000000EB
:1031E000000501020408102040802A2A2A20426F8C
:1031F0006F74696E67205A6570687972204F53202A
:103200006275696C642076342E312E302D38393851
:103210002D67366233326634643735303636202ACD
:103220002A2A0A0048616C74696E67207379737486
:10323000656D00556E6B6E6F776E206572726F7282
:1032400000756E6B6E6F776E003E3E3E205A4550A5
:1032500048595220464154414C204552524F522029
:1032600025643A202573206F6E2043505520256435
:10327000004661756C7420647572696E6720696EB2
:10328000746572727570742068616E646C696E67C3
:103290000A0043757272656E7420746872656164A9
:1032A0003A20257020282573290043505520657841
:1032B00063657074696F6E00556E68616E646C65ED
:1032C0006420696E74657272757074005374616302
:1032D0006B206F766572666C6F77004B65726E65FA
:1032E0006C206F6F7073004B65726E656C2070613F
:1032F0006E69630069646C6500617263685F737016
:10330000696E5F72656C617800737973776F726B49
:1033100071002B0064756D6D7900736C6565706963
:103320006E6700646561640061626F7274696E67E4
:103330000073757370656E64696E6700717565758D
:103340006564006B5F69735F696E5F6973720061CA
:103350006E006E66696E697479006E616E00286E2B
:08336000756C6C2900000000EF
:103368004FF0A042D2F8203243F40063C2F8203272
:103378004FF0A0620C4BC3F80028D3F8002842F0A5
:103388000042C3F80028D3F80028002AFBDB0322F8
:10339800C3F80028054A5A6100229A610122DA61BD
:1033A800BFF36F8F704700BF00B0015000FC7F0073
:1033B8000846B0F5206F114608B502D100F004F8B0
:1033C80008BD6FF08500FBE75FF800F01D370010BF
:1033D80000000000000000000000000000000000E5
:1033E80000000000000000000000000000000000D5
:1033F80000000000000000000000000000000000C5
:1034080000000000000000000000000000000000B4
:1034180000000000000000000000000000000000A4
:103428000000000000000000000000000000000094
:103438000000000000000000000000000000000084
:103448000000000000000000000000000000000074
:103458000000000000000000000000000000000064
:103468000000000000000000000000000000000054
:103478000000000000000000000000000000000044
:103488000000000000000000000000000000000034
:103498000000000000000000000000000000000024
:1034A8000000000000000000000000000000000014
:1034B8000000000000000000000000000000000004
:1034C80000000000000000000000000000000000F4
:1034D80000000000000000000000000000000000E4
:1034E80000000000000000000000000000000000D4
:1034F80000000000000000000000000000000000C4
:1035080000000000000000000000000000000000B3
:1035180000000000000000000000000000000000A3
:103528000000000000000000000000000000000093
:103538000000000000000000000000000000000083
:103548000000000000000000000000000000000073
:103558000000000000000000000000000000000063
:103568000000000000000000000000000000000053
:103578000000000000000000000000000000000043
:103588000000000000000000000000000000000033
:103598000000000000000000000000000000000023
:1035A8000000000000000000000000000000000013
:1035B8000000000000000000000000000000000003
:1035C80000000000000000000000000000000000F3
:1035D80000000000000000000000000000000000E3
:1035E80000000000000000000000000000000000D3
:1035F80000000000000000000000000000000000C3
:1036080000000000000000000000000000000000B2
:1036180000000000000000000000000000000000A2
:1036280000000000780600306406003000C2010087
:10363800000008000000000000000000000000007A
:10364800000000000000000015CD5B07000000002E
:103658000000000000000000000000000000000062
:103668000000000000000000000000000000000052
:1036780000000000406BED07000000000020000083
:103688000000020003030200000000000100000027
:1036980000000000000000000000800000000000A2
:1036A80000080000001000000100000000FF0000FA
:1036B80015CD5B070000000079FB01100000000039
:1036C80040CB02100100000068030030680300309E
:1036D80000000000000000000E0000007C03003025
:1036E8007C03003000000000000000000000000023
:1036F80040CB02100100000098030030980300300E
:1037080000000000000000000E000000AC030030C4
:10371800AC030030000000000000000000000000C2
:1037280040CB021001000000C8030030C80300307D
:1037380000000000000000000E000000DC03003064
:10374800DC03003000000000000000000000000062
:103758000000000000000000000000000000000061
:103768000000000000000000000000000000000051
:103778000000000000000000000000000000000041
:103788000000000000000000000000000000000031
:103798000000000000000000000000000000000021
:1037A8000000000000000000000000000000000011
:1037B8000000000000000000000000000000000001
:1037C80000000000000000000000000000000000F1
:1037D80000000000000000000000000000000000E1
:1037E80000000000000000000000000000000000D1
:1037F80000000000000000000000000000000000C1
:1038080000000000000000000000000000000000B0
:1038180000000000000000000000000000000000A0
:103828000000000000000000000000000000000090
:103838000000000000000000000000000000000080
:103848000000000000000000000000000000000070
:103858000000000000000000000000000000000060
:103868000000000000000000000000000000000050
:103878000000000000000000000000000000000040
:103888000000000000000000000000000000000030
:103898000000000000000000000000000000000020
:1038A8000000000000000000000000000000000010
:1038B8000000000000000000000000000000000000
:1038C80000000000000000000000000000000000F0
:1038D80000000000000000000000000000000000E0
:1038E80000000000000000000000000000000000D0
:1038F80000000000000000000000000000000000C0
:1039080000000000000000000000000000000000AF
:10391800000000000000000000000000000000009F
:10392800000000000000000000000000000000008F
:10393800000000000000000000000000000000007F
:10394800000000000000000000000000000000006F
:10395800000000000000000000000000000000005F
:10396800000000000000000000000000000000004F
:10397800000000000000000000000000000000003F
:10398800000000000000000000000000000000002F
:10399800000000000000000000000000000000001F
:1039A800000000000000000000000000000000000F
:1039B800000000000000000000000000AB00021042
:1039C8007CCB0210CC230330000000000000000074
:1039D8000000000000020000CC25033000000000B9
:1039E800000000000000000000020000C1530010A9
:1039F80080000000495000100000000049500010ED
:103A0800800000000000000001000000BC0600303B
:103A180000000000000000000000000050D5023047
:103A2800000000000000000000000000000200008C
:103A380028CD02109021003000000000F71A021073
:103A48000000000000000000E8060030E806003032
:103A580000000000000000000E000000010000004F
:103A6800010000000000000000000000000000004D
:103A7800F822031001000000010000006593001007
:103A880045930010771D0210E99200102C070030B2
:103A98002C07003034070030340700303C07003072
:103AA8003C070030010000000100000014780030DD
:103AB8000000000054070030540700305C07003055
:103AC8005C07003000000000000000000E0000004D
:103AD8000000000039FE0010000000000000000097
:103AE800153E0110FFFFFFFF00000000000000006E
:103AF80000000000000000000000000000000000BE
:103B0800C47F0030C07F003000800C50000000905F
:103B180000010101010001000100000014D502109C
:103B2800000000000000000000000000000000008D
:103B38000000000000000000AC8E00300000000013
:103B48009CAD0210000A0000F007003004000000DD
:103B5800000000000000000000000000000000005D
:103B6800000000000000000000000000000000004D
:103B7800000000000000000003000000000000003A
:103B880028080030040000000000000000000000C9
:103B9800000000000000000001000000000000001C
:103BA800000000000000000000000000000000000D
:103BB8000000000000000000600800300400000061
:103BC80000000000000000000000000000000000ED
:103BD80001000000000000000000000000000000DC
:103BE80000000000000000000300000000000000CA
:103BF80098080030040000000000000000000000E9
:103C080000000000000000000000000000000000AC
:103C1800000000000200000000000000000000009A
:103C2800000000000000000000000000000000008C
:103C380000000000B4D6021000000000DC080030CC
:103C4800DC0800300000000001000000EC08003033
:103C5800EC080030F4080030F408003000000000E0
:103C680001000000040900300409003000000000D1
:103C7800000000000000000000000000000000003C
:103C8800000000000000000000000000000000002C
:103C98003809003000000000C0AD0210000000002C
:103CA80047020000010001000000000001000000C0
:103CB8000000000000000000E18301100000000087
:103CC80000000000000000000000000000000000EC
:103CD80000000000000000000000000000000000DC
:103CE800C0AD021001000000480100000100010001
:103CF80000000000010000000000000000000000BB
:103D0800E183011000000000000000000000000036
:103D1800000000000000000000000000000000009B
:103D28000000000000000000008000000024F400F3
:103D3800006CDC02D4090030D4090030DC09003002
:083D4800DC090030040707004C
:103D50000000000000000000000000000000000063
:103D60000000000000000000000000000000000053
:103D70000000000000000000000000000000000043
:0C3D800000000000000000000000000037
:043D8C000000000033
:103D90000000000000000000000000000000000023
:103DA0000000000000000000000000000000000013
:103DB0000000000000000000000000000000000003
:103DC00000000000000000000000000000000000F3
:103DD00000000000000000000000000000000000E3
:103DE00000000000000000000000000000000000D3
:103DF00000000000000000000000000000000000C3
:103E000000000000000000000000000000000000B2
:103E100000000000000000000000000000000000A2
:103E20000000000000000000000000000000000092
:103E30000000000000000000000000000000000082
:103E4000D80A0030D80A003000000000D80603303D
:103E5000000000000E000000400000000000000014
:103E6000F80A0030F80A003000000000580A033059
:103E700000000000060000006002000000000000DA
:103E8000180B0030180B00300000000058030330FE
:103E9000000000000E0000004000000000000000D4
:103EA00000000000505502300080000000000000BB
:103EB000000000000000000000000000F080013061
:103EC00000400000000000000000000000000000B2
:103ED00000000000409C0030008000000000000056
:083EE0000000000000000000DA
:103EE800800B0030800B0030000000000000000054
:103EF8000E000000940B0030940B0030000000000E
:103F0800000000000E000000A80B0030A80B0030D5
:103F180000000000000000000E000000BC0B003094
:103F2800BC0B003000000000000000000E00000084
:103F3800D00B0030D00B0030000000000000000063
:103F48000E000000E40B0030E40B0030000000001D
:103F5800000000000E000000F80B0030F80B0030E5
:103F680000000000000000000E0000000C0C0030F3
:103F78000C0C003000000000000000000E000000E3
:103F8800200C0030200C0030000000000000000071
:103F98000E000000340C0030340C0030000000002B
:103FA800000000000E000000480C0030480C0030F3
:103FB80000000000000000000E0000005C0C003053
:103FC8005C0C003000000000000000000E00000043
:103FD800700C0030700C003000000000A02303308B
:0C3FE800A0230330C823033000000000B9
:103FF4008C0C00308C0C0030000000000800000025
:104004000500000050D7023078D7023050D7023074
:1040140050D7023000000000B40C0030B40C003063
:1040240000000000C00C0030C00C00300000000094
:104034000C0000000A00000028230330A0230330F2
:10404400282303302823033000000000E80C00304C
:08405400E80C00300000000040
:08405C00F40C0030F40C0030FC
:10406400000000000000000000000000080D003007
:10407400080D0030100D0030100D0030000002005B
:104084000200000000000000BCD10210981C0330A4
:10409400000000000000000000000000380D0030A7
:1040A400380D0030400D0030400D0030000002009B
:1040B4000200000000000000DCD10210F8220330EE
:1040C400000000000000000000000000680D003047
:1040D400680D0030700D0030700D003000000200DB
:1040E4000200000000000000CCD10210C81E033002
:1040F400000000000000000000000000980D0030E7
:10410400980D0030A00D0030A00D003000002400F8
:104114002400040000000000ACD1021068FF02304B
:10412400000000000000000000000000C80D003086
:10413400C80D0030D00D0030D00D00300000240038
:1041440024000400000000009CD1021078E9023031
:10415800800E003000000000000000000000000099
:104168000000000000000000000000000000000047
:104178000000000000000000000000000000000037
:104188000000000000000000000000000000000027
:104198000000000000000000000000000000000017
:1041A8000000000000000000000000000000000007
:1041B80000000000000000000000000000000000F7
:1041C80000000000000000000000000000000000E7
:1041D80000000000000000000000000000000000D7
:1041E80068B102109C0E00308C880030000200007C
:0C41F8000000000000000000DC050000DA
:10420400E9E3001089E50010C1270210B727021066
:0442140000000000A6
:1042180012010002EF02014041237800010401026B
:10422800030109020000000100C032080B0002026D
:104238000200000904000001020200000524001029
:1042480001052401020104240202052406000107D5
:1042580005800310000A09040100020A0000000793
:10426800058002000200070500020002000403099D
:104278000408034E58500000002003467265656428
:104288006F6D204D43584E39343700000000000050
:1042980000000000000000000022033031323334F7
:1042A800353637383941424344454600000000005E
:0D42B80000000000000000000000000000F9
:1042C80000000000D30E00303F040210E956001031
:1042D800055400100000000000000000030000006A
:0442E8008C06003010
:0442EC0015E015E0E4
:0400000510008D1941
:00000001FF
