:020000021000EC
:10000000B8770220C5E70100D35E0400B1E7010024
:10001000B1E70100B1E70100B1E701000000000015
:10002000000000000000000000000000CDE801001A
:10003000B1E701000000000039E80100B1E701006C
:10004000DDEA01001D310300DDEA0100DDEA010007
:10005000DDEA0100DDEA0100DDEA0100DDEA010080
:10006000DDEA0100DDEA0100DDEA0100DDEA010070
:10007000DDEA0100DDEA0100DDEA0100DDEA010060
:10008000DDEA0100DDEA0100DDEA0100DDEA010050
:10009000DDEA0100DDEA0100DDEA0100DDEA010040
:1000A000DDEA0100DDEA0100DDEA0100DDEA010030
:1000B000DDEA0100DDEA0100DDEA0100DDEA010020
:1000C000DDEA0100DDEA0100DDEA0100DDEA010010
:1000D000DDEA0100DDEA0100DDEA0100DDEA010000
:1000E000DDEA0100DDEA0100DDEA0100DDEA0100F0
:1000F000DDEA0100DDEA0100DDEA0100DDEA0100E0
:10010000002902D0B0FBF1F0704708B14FF0FF308A
:1001100000F01EB80029F8D00246B0FBF1F000FB59
:1001200011217047002902D090FBF1F070470028A0
:10013000C8BF6FF00040B8BF4FF0004000F008B8F3
:100140000029F4D0024690FBF1F000FB112170472A
:10015000704700BF81F0004102E000BF83F0004320
:1001600030B54FEA41044FEA430594EA050F08BF52
:1001700090EA020F1FBF54EA000C55EA020C7FEA16
:10018000645C7FEA655C00F0E2804FEA5454D4EB93
:100190005555B8BF6D420CDD2C4480EA020281EA5D
:1001A000030382EA000083EA010180EA020281EA95
:1001B0000303362D88BF30BD11F0004F4FEA0131E7
:1001C0004FF4801C4CEA113102D0404261EB4101F6
:1001D00013F0004F4FEA03334CEA133302D052427C
:1001E00063EB430394EA050F00F0A780A4F1010438
:1001F000D5F1200E0DDB02FA0EFC22FA05F2801872
:1002000041F1000103FA0EF2801843FA05F3594157
:100210000EE0A5F120050EF1200E012A03FA0EFCD6
:1002200028BF4CF0020C43FA05F3C01851EBE37100
:1002300001F0004507D54FF0000EDCF1000C7EEB1D
:1002400000006EEB0101B1F5801F1BD3B1F5001F5B
:100250000CD349085FEA30004FEA3C0C04F101047A
:100260004FEA445212F5800F80F09A80BCF1004FA3
:1002700008BF5FEA500C50F1000041EB045141EA25
:10028000050130BD5FEA4C0C404141EB0101013CEE
:1002900028BFB1F5801FE9D291F0000F04BF0146DD
:1002A0000020B1FA81F308BF2033A3F10B03B3F1AF
:1002B00020020CDA0C3208DD02F1140CC2F10C023F
:1002C00001FA0CF021FA02F10CE002F11402D8BF9D
:1002D000C2F1200C01FA02F120FA0CFCDCBF41EA69
:1002E0000C019040E41AA2BF01EB0451294330BD38
:1002F0006FEA04041F3C1CDA0C340EDC04F1140415
:10030000C4F1200220FA04F001FA02F340EA0300EB
:1003100021FA04F345EA030130BDC4F10C04C4F131
:10032000200220FA02F001FA04F340EA0300294611
:1003300030BD21FA04F0294630BD94F0000F83F45B
:10034000801306BF81F480110134013D4EE77FEA3E
:10035000645C18BF7FEA655C29D094EA050F08BF8A
:1003600090EA020F05D054EA000C04BF194610466B
:1003700030BD91EA030F1EBF0021002030BD5FEAAF
:10038000545C05D14000494128BF41F0004130BDD7
:1003900014F580043CBF01F5801130BD01F000452B
:1003A00045F0FE4141F470014FF0000030BD7FEA9E
:1003B000645C1ABF194610467FEA655C1CBF0B4699
:1003C000024650EA013406BF52EA033591EA030FB0
:1003D00041F4002130BD00BF90F0000F04BF0021A8
:1003E000704730B54FF4806404F132044FF00005DB
:1003F0004FF0000150E700BF90F0000F04BF002154
:10040000704730B54FF4806404F1320410F00045B9
:1004100048BF40424FF000013EE700BF42004FEAB4
:10042000E2014FEA31014FEA02701FBF12F07F4331
:1004300093F07F4F81F06051704732F07F4208BFE8
:10044000704793F07F4F04BF41F40021704730B5EF
:100450004FF4607401F0004521F000411CE700BF3B
:1004600050EA010208BF704730B54FF000050AE0BE
:1004700050EA010208BF704730B511F0004502D5BF
:10048000404261EB41014FF4806404F132045FEAC1
:10049000915C3FF4D8AE4FF003025FEADC0C18BF6A
:1004A00003325FEADC0C18BF033202EBDC02C2F15C
:1004B000200300FA03FC20FA02F001FA03FE40EAEE
:1004C0000E0021FA02F11444BDE600BF70B54FF0F2
:1004D000FF0C4CF4E06C1CEA11541DBF1CEA1355D0
:1004E00094EA0C0F95EA0C0F00F0DEF82C4481EA38
:1004F000030621EA4C5123EA4C5350EA013518BF58
:1005000052EA033541F4801143F4801338D0A0FB44
:1005100002CE4FF00005E1FB02E506F00042E0FBF1
:1005200003E54FF00006E1FB03569CF0000F18BFF7
:100530004EF0010EA4F1FF04B6F5007F64F540749F
:1005400004D25FEA4E0E6D4146EB060642EAC62132
:1005500041EA55514FEAC52040EA5E504FEACE2E9F
:10056000B4F1FD0C88BFBCF5E06F1ED8BEF1004FA2
:1005700008BF5FEA500E50F1000041EB045170BD1E
:1005800006F0004646EA010140EA020081EA030162
:10059000B4EB5C04C2BFD4EB0C0541EA045170BD5E
:1005A00041F480114FF0000E013C00F3AB8014F1D8
:1005B000360FDEBF002001F0004170BDC4F1000421
:1005C000203C35DA0C341BDC04F11404C4F12005A2
:1005D00000FA05F320FA04F001FA05F240EA0200FD
:1005E00001F0004221F0004110EBD37021FA04F633
:1005F00042EB06015EEA430E08BF20EAD37070BDED
:10060000C4F10C04C4F1200500FA04F320FA05F04B
:1006100001FA04F240EA020001F0004110EBD3704D
:1006200041F100015EEA430E08BF20EAD37070BDBD
:10063000C4F1200500FA05F24EEA020E20FA04F396
:1006400001FA05F243EA020321FA04F001F0004145
:1006500021FA04F220EA020000EBD3705EEA430EB6
:1006600008BF20EAD37070BD94F0000F0FD101F0E5
:100670000046400041EB010111F4801F08BF013C1E
:10068000F7D041EA060195F0000F18BF704703F05C
:100690000046520043EB030313F4801F08BF013DE3
:1006A000F7D043EA0603704794EA0C0F0CEA13559F
:1006B00018BF95EA0C0F0CD050EA410618BF52EA59
:1006C0004306D1D181EA030101F000414FF000005F
:1006D00070BD50EA410606BF1046194652EA43066D
:1006E00019D094EA0C0F02D150EA013613D195EAE1
:1006F0000C0F05D152EA03361CBF104619460AD129
:1007000081EA030101F0004141F0FE4141F4700132
:100710004FF0000070BD41F0FE4141F4780170BD22
:1007200070B54FF0FF0C4CF4E06C1CEA11541DBF87
:100730001CEA135594EA0C0F95EA0C0F00F0A7F889
:10074000A4EB050481EA030E52EA03354FEA0131B6
:1007500000F088804FEA03334FF0805545EA1313C9
:1007600043EA12634FEA022245EA111545EA106591
:100770004FEA00260EF000419D4208BF964244F128
:10078000FD0404F5407402D25B084FEA3202B61A47
:1007900065EB03055B084FEA32024FF480104FF41B
:1007A000002CB6EB020E75EB030E22BFB61A75468F
:1007B00040EA0C005B084FEA3202B6EB020E75EB22
:1007C000030E22BFB61A754640EA5C005B084FEA8A
:1007D0003202B6EB020E75EB030E22BFB61A754657
:1007E00040EA9C005B084FEA3202B6EB020E75EB62
:1007F000030E22BFB61A754640EADC0055EA060E23
:1008000018D04FEA051545EA16754FEA06164FEA65
:10081000C30343EA52734FEAC2025FEA1C1CC0D111
:1008200011F4801F0BD141EA00014FF000004FF09E
:10083000004CB6E711F4801F04BF01430020B4F15F
:10084000FD0C88BFBCF5E06F3FF6AFAEB5EB030C17
:1008500004BFB6EB020C5FEA500C50F1000041EB14
:10086000045170BD0EF0004E4EEA113114EB5C04E1
:10087000C2BFD4EB0C0541EA045170BD41F48011B4
:100880004FF0000E013C90E645EA060E8DE60CEABC
:10089000135594EA0C0F08BF95EA0C0F3FF43BAFD9
:1008A00094EA0C0F0AD150EA01347FF434AF95EA90
:1008B0000C0F7FF425AF104619462CE795EA0C0F74
:1008C00006D152EA03353FF4FDAE1046194622E741
:1008D00050EA410618BF52EA43067FF4C5AE50EA1B
:1008E00041047FF40DAF52EA43057FF4EBAE12E70B
:1008F0004FF0FF3C06E000BF4FF0010C02E000BFEC
:100900004FF0010C4DF804CD4FEA410C7FEA6C5CCE
:100910004FEA430C18BF7FEA6C5C1BD001B050EA71
:10092000410C0CBF52EA430C91EA030F02BF90EA5C
:10093000020F0020704710F1000F91EA030F58BF1B
:10094000994208BF90422CBFD8176FEAE37040F07D
:10095000010070474FEA410C7FEA6C5C02D150EA1B
:10096000013C07D14FEA430C7FEA6C5CD6D152EAD6
:10097000033CD3D05DF8040B704700BF844610469B
:1009800062468C461946634600E000BF01B5FFF79A
:10099000B7FF002848BF10F1000F01BD4DF808ED6A
:1009A000FFF7F4FF0CBF012000205DF808FB00BF3B
:1009B0004DF808EDFFF7EAFF34BF012000205DF895
:1009C00008FB00BF4DF808EDFFF7E0FF94BF0120E2
:1009D00000205DF808FB00BF4DF808EDFFF7CEFFE3
:1009E00094BF012000205DF808FB00BF4DF808ED22
:1009F000FFF7C4FF34BF012000205DF808FB00BFF3
:100A00004FEA410C7FEA6C5C02D150EA013C0AD10A
:100A10004FEA430C7FEA6C5C02D152EA033C02D1FC
:100A20004FF0000070474FF0010070474FEA41025D
:100A300012F5001215D211D56FF47873B3EB625230
:100A400012D94FEAC12343F0004343EA505311F057
:100A5000004F23FA02F018BF404270474FF00000E9
:100A6000704750EA013005D111F0004008BF6FF027
:100A7000004070474FF00000704700BF4A0011D29D
:100A800012F5001211D20DD56FF47873B3EB6252E8
:100A90000ED44FEAC12343F0004343EA505323FAF4
:100AA00002F070474FF00000704750EA013002D169
:100AB0004FF0FF3070474FF0000070474FEA41029F
:100AC000B2F1E04324BFB3F5001CDCF1FE5C0DD9AC
:100AD00001F0004C4FEAC0024CEA5070B2F1004FF6
:100AE00040EB830008BF20F00100704711F0804FF9
:100AF00021D113F13872BCBF01F00040704741F4BE
:100B000080114FEA5252C2F11802C2F1200C10FAC1
:100B10000CF320FA02F018BF40F001004FEAC123A5
:100B20004FEAD32303FA0CFC40EA0C0023FA02F349
:100B30004FEA4303CCE77FEA625307D150EA01331F
:100B40001EBF4FF0FE4040F44000704701F00040EF
:100B500040F0FE4040F40000704700BF80F00040CD
:100B600002E000BF81F0004142001FBF5FEA410385
:100B700092EA030F7FEA226C7FEA236C6AD04FEA85
:100B80001262D2EB1363C1BFD218414048404140CA
:100B9000B8BF5B42192B88BF704710F0004F40F47C
:100BA000000020F07F4018BF404211F0004F41F498
:100BB000000121F07F4118BF494292EA030F3FD064
:100BC000A2F1010241FA03FC10EB0C00C3F1200377
:100BD00001FA03F100F0004302D5494260EB400006
:100BE000B0F5000F13D3B0F1807F06D340084FEA71
:100BF000310102F10102FE2A51D2B1F1004F40EB66
:100C0000C25008BF20F0010040EA030070474900CD
:100C100040EB0000013A28BFB0F5000FEDD2B0FA6A
:100C200080FCACF1080CB2EB0C0200FA0CF0AABF8D
:100C300000EBC25052421843BCBFD040184370472B
:100C400092F0000F81F4000106BF80F40000013231
:100C5000013BB5E74FEA41037FEA226C18BF7FEA08
:100C6000236C21D092EA030F04D092F0000F08BF4A
:100C70000846704790EA010F1CBF0020704712F031
:100C80007F4F04D1400028BF40F00040704712F170
:100C900000723CBF00F50000704700F0004343F0D5
:100CA000FE4040F4000070477FEA226216BF08460B
:100CB0007FEA23630146420206BF5FEA412390EACE
:100CC000010F40F4800070474FF0000304E000BFC4
:100CD00010F0004348BF40425FEA000C08BF704775
:100CE00043F0964301464FF000001CE050EA010239
:100CF00008BF70474FF000030AE000BF50EA01024E
:100D000008BF704711F0004302D5404261EB41013A
:100D10005FEA010C02BF84460146002043F0B6435F
:100D200008BFA3F18053A3F50003BCFA8CF2083A84
:100D3000A3EBC25310DB01FA02FC634400FA02FC8D
:100D4000C2F12002BCF1004F20FA02F243EB020094
:100D500008BF20F00100704702F1200201FA02FCF6
:100D6000C2F1200250EA4C0021FA02F243EB0200E9
:100D700008BF20EADC7070474FF0FF3C06E000BF80
:100D80004FF0010C02E000BF4FF0010C4DF804CD14
:100D90004FEA40024FEA41037FEA226C18BF7FEA24
:100DA000236C11D001B052EA530C18BF90EA010F26
:100DB00058BFB2EB030088BFC81738BF6FEAE170B5
:100DC00018BF40F0010070477FEA226C02D15FEA51
:100DD000402C05D17FEA236CE4D15FEA412CE1D0BD
:100DE0005DF8040B704700BF844608466146FFE784
:100DF0000FB5FFF7C9FF002848BF10F1000F0FBD66
:100E00004DF808EDFFF7F4FF0CBF012000205DF85E
:100E100008FB00BF4DF808EDFFF7EAFF34BF0120E3
:100E200000205DF808FB00BF4DF808EDFFF7E0FF7C
:100E300094BF012000205DF808FB00BF4DF808EDCD
:100E4000FFF7D2FF94BF012000205DF808FB00BF30
:100E50004DF808EDFFF7C8FF34BF012000205DF812
:100E600008FB00BF4FEA40024FEA41037FEA226CD1
:100E700002D15FEA402C08D17FEA236C02D15FEAFD
:100E8000412C02D14FF0000070474FF00100704735
:100E90007BB972B90029BEBF00204FF0004106E0C7
:100EA00008BF00281CBF6FF000414FF0FF30FFF774
:100EB0004FB9ADF1080C6DE904CE002909DB002B18
:100EC0001ADB00F09CF8DDF804E0DDE9022304B051
:100ED0007047404261EB4101002B1BDB00F08FF8B3
:100EE000DDF804E0DDE9022304B0404261EB41019A
:100EF000524263EB43037047524263EB430300F0FB
:100F00007EF8DDF804E0DDE9022304B0404261EB45
:100F100041017047524263EB430300F070F8DDF883
:100F200004E0DDE9022304B0524263EB430370475F
:100F300053B94AB9002908BF00281CBF4FF0FF3140
:100F40004FF0FF30FFF704B9ADF1080C6DE904CEA6
:100F500000F055F8DDF804E0DDE9022304B0704745
:100F6000D0B50C4B002206460F46FFF7AFFAFFF74D
:100F700085FD0446FFF730FA074B0022FFF7A6FA7B
:100F800002460B4630463946FFF7E8F8FFF776FD94
:100F90002146D0BD0000F03D0000F04110F8012BCB
:100FA00011F8013B012A28BF9A42F7D0D01A7047A6
:100FB000034611F8012B03F8012B002AF9D17047E1
:100FC000034613F8012B002AFBD1181A0138704789
:100FD00038B50022002304460D46FFF7E9FC28B986
:100FE00020462946BDE83840FFF7BABF204605F144
:100FF0000041FFF7B5FF404261EB410138BD2DE9EB
:10100000F04786468C460846089E154674461946A3
:10101000002B40F0C2808542B2FA82F245D94AB133
:10102000C2F1200300FA02FC2EFA03F3954043EAD2
:101030000C0C94404FEA154EA8B2BCFBFEF8230CF2
:101040000EFB18CC08FB00F943EA0C43994528D95C
:10105000EB1808F1FF3704D2994502D9A8F102072D
:101060002B44A3EB0903A4B2B3FBFEFC0EFB1C3321
:101070000CFB00F044EA0344A04214D92C190CF1F3
:10108000FF3304D2A04202D9ACF102032C44241A4B
:1010900043EA07401EB1D440002334607360BDE8CA
:1010A000F0874746DDE76346F1E792BB431B01212A
:1010B0004FEA154EAFB2B3FBFEFC200C0EFB1C3307
:1010C0000CFB07F840EA0343984562D9EB180CF192
:1010D000FF3004D2984502D9ACF102002B44A3EBB7
:1010E0000803A4B2B3FBFEFC0EFB1C330CFB07F79A
:1010F00044EA0344A7424ED92C190CF1FF3304D221
:10110000A74202D9ACF102032C44E41B43EA00409D
:10111000C0E7C2F1200320FA03F1954090402EFA77
:1011200003F303434FEA154EAFB2B1FBFEFC0EFBD7
:101130001C10190C0CFB07F841EA0041884504FA21
:1011400002F422D969180CF1FF3004D2884502D983
:10115000ACF102002944A1EB08019BB2B1FBFEFCFB
:101160000EFB1C110CFB07F743EA01439F420ED90B
:10117000EB180CF1FF3104D29F4202D9ACF102010D
:101180002B44DB1B41EA004192E76046E3E76146FE
:10119000F7E76046A3E76346B7E7834206D916B987
:1011A000002108467BE7C6E900E0F9E7B3FA83F7D8
:1011B0008FB9834201D3724508D8BEEB020460EBBD
:1011C000030301209C461EB9002168E73846FAE770
:1011D000C6E9004CF8E7C7F1200CBB4022FA0CF43A
:1011E0001C432EFA0CF120FA0CF3B84001434FEAED
:1011F00014490EFA07F5B3FBF9F81FFA84FE09FB50
:1012000018300B0C08FB0EFA43EA00439A4502FA29
:1012100007F240D9E31808F1FF3004D29A4502D909
:10122000A8F102002344A3EB0A0389B2B3FBF9F847
:1012300009FB183308FB0EFE41EA03418E452CD909
:10124000611808F1FF3304D28E4502D9A8F10203D8
:10125000214443EA0040A0FB0298A1EB0E01414566
:10126000CE46434602D306D14D4504D2B9EB020E19
:1012700068EB04030138002EA6D0B5EB0E0261EB3B
:10128000030101FA0CFC22FA07F34CEA0303F940CC
:10129000C6E9003198E74046C5E74346D9E7000074
:1012A0002DE9F047064688B00F46904636F099FE85
:1012B0004FF47A73A0FB034503FB0155E40B012FA8
:1012C00044EA45444FEAD53507D1294922462B4601
:1012D000304633F09AFD002012E0D8F8047025481B
:1012E0003946FFF75BFE70B123483946FFF756FEDB
:1012F00048B1304621493A4633F0A3FD6FF004006F
:1013000008B0BDE8F0872046294617A3D3E900239B
:10131000FFF7BEFD05460C4610461946184A002345
:10132000FFF7B6FD80460F46104619464EF660227E
:101330000023FFF7ADFD82468946104619464FF45B
:101340007A720023FFF7A4FDCDE902A9CDE90623B7
:10135000CDE90401CDE900870A492A4623463046F3
:1013600033F053FDB7E700BF005C26050000000026
:10137000D9D40400EAD40400EDD40400F6D4040067
:1013800080EE36000ED504002DE9F843D0E9073889
:10139000856903EB08042F34A5420F46164619D879
:1013A000DFF87080A3FB080117A3D3E90023FFF740
:1013B000BFFD0346601BA0FB080123F07F4412A37E
:1013C000D3E90023FFF7B4FD20F07F403C6030609C
:1013D000BDE8F883DFF83C900BA3D3E90023A5FB1D
:1013E0000901FFF7A5FD20F07F4409480A2106A363
:1013F000D3E90023E8FB0901FFF79AFD20F07F40C5
:101400003C603060BDE8F8838D49FD1A070000009C
:1014100000166BF100CA9A3B154B164A30B44FF0D8
:10142000FF31154C196015492060154B4FF0FF3402
:1014300041F6FF75C1E90045002000219FED0A7BC0
:10144000C3E900010F4C1049104D114800230B60F7
:1014500084ED007BC2E900330E492B6003600B6012
:1014600030BC11F055BE00BF1F000000000000009E
:10147000B8740020A074002098740020C0000020E0
:10148000C00F0020B8000020B07400209474002029
:10149000AC740020A87400202DE9F04F8DB09A465E
:1014A000179C9DF85890636C05460E46904653B1C4
:1014B000B4F884301BB1B4F882209A4278D2D4F8C0
:1014C0008820002A77D14FF6FF739A4520D02778DD
:1014D0000137FFB22770002F78D06F496F4BC1F8EA
:1014E000048004F11C000022C86081F80A900D609D
:1014F000A1F808A09960012011460EF031F80028EB
:1015000073D1636CC4F89C5013B1204617F076FA7F
:1015100094F8245015F001054AD1614A614B1178C5
:101520001B788B4277D04FF6FF739A45D4F88880AA
:10153000B4F8829015BF0AF101074FF0000ABFB25C
:101540005746B8F1000F30D0B9F1000F2DD0626FBF
:101550000AF1010A40F271211FFA8AF301FB02FA33
:101560000AFB03F30993504B4FF0070BA6FB030153
:101570000BFB061146A3D3E90023FFF7D9FC099A18
:10158000494B1618A5FB03010BFB051140A3D3E93A
:101590000023FFF7CDFC50443044804586BFA8EBC4
:1015A0000606C4F88860C4F888A04F44A4F8827086
:1015B0000DB0BDE8F08F616F40F27123A1FB031302
:1015C000914273F10003FFF47EAFF1E7374A3849E7
:1015D000384840F64A1332F022FD87F31188BFF3F2
:1015E0006F8F0323184602DF77E7304A32493148CC
:1015F00040F66E1332F013FD002383F31188BFF31E
:101600006F8F0323184602DF636CC4F89C50002BD5
:101610007FF47BAF7CE7013304210BA8137022F029
:10162000AFF80B9B25490694A1FB0321581A244AC5
:10163000009501EB50012348A21AA0FB0202090AFF
:1016400040F24710D20900FB113302321E490591C6
:101650000133CDE90355CDE90155D2B20121284628
:101660000B930FF085FC10F0FD0F0DD00F4A1749BA
:10167000104840F2BB7332F0D2FC85F31188BFF3FF
:101680006F8F0323184602DF0B9D4CE7AFF30080FA
:1016900000CA9A3B00000000DC760020E80200202F
:1016A000DF980020DE9800208D49FD1A7CAC0400F4
:1016B00088AD04005CA5040050A7040021F1D4907B
:1016C000C80F0020CDCCCCCCFD6902008CAD04004D
:1016D000002900F072812DE9F04F91B0002840F010
:1016E000B882B74C174694F88C2012F001051E46BC
:1016F00040F0B98294F82500FF2300F0030084F83D
:10170000273020F0A5FF94F88C00410700F10681F6
:1017100094F8352094F8293004EB820204EB83031B
:10172000D2F83880D3F82CA0B8F1000F00F0DC809C
:101730004146504616F0A4F90546002840F039818C
:101740009AF8003013F00E0F40F04881236A002B06
:1017500040F02E8110F0CAFD0546002800F0B3824B
:1017600010F0D0FD0A90002800F0AA8219F0A6FA25
:101770008346002800F0A182D0F894004FF6FF7253
:101780000BF11C03ABF830200B93002800F0D08243
:101790000BF188020BF184010DF05CFE9BF89A209E
:1017A00022F007028BF89A200022CBF89420ABF8A5
:1017B00098209AF8002002F00F02072A00F0A88271
:1017C0009BF8822022F0770242F011028BF88220EF
:1017D000012211467B48D0F801C0CBF8AFC1D2003E
:1017E000CBF8B5C110F801CB42EA01219BF8AE213C
:1017F0000CF0010C6CF300026CF341028BF8AE218B
:101800008288ABF8B321ABF8B921BBF8822022F46F
:10181000E16211439BF84320ABF8821002F03F02D3
:1018200062F07F028BF843209BF848207F214FF025
:10183000000922F00F028BF8DE104FF4C0218BF864
:101840004820CBF89C115846CBE915998BF8459068
:10185000ABF83690CBF83A90CBF85C90ABF8A2910D
:10186000ABF898911CF0DAF98BF86091CBF86451E1
:1018700019F028FE9BF8A81160F302018BF8A8115B
:1018800019F026FE9BF8A81160F3C5018BF8A8118A
:101890009BF8941169F341018BF894119AF8002098
:1018A00002F00F02072A0ABF94F825100121490906
:1018B00058461AF0BBFA0BF1E0001BF057FF0A9BE9
:1018C000236700220B9BE5662362CBE90522CBF858
:1018D0001CB08BF8002022F0B3FA002800F08380BF
:1018E00015F014FA032564E09AF8003003F00F03B2
:1018F000072B5DD0344822F05DFCC0B2002840F0D8
:10190000E28194F8353004EB8303D3F83880042364
:1019100088F80030062388F8013009E7C0F3C000DA
:101920002A4604F18D0121F063F8FF2884F827008E
:101930003FF4EEAE284620F0D1FEE9E6234B0993B2
:1019400000200EAA186002250892214E214A059215
:101950000321CDE902000694CDF81080CDF8048073
:101960003B46009007962A460E950FF0A1FA0EA965
:1019700010F084FDC0B90EAA174908924AF2D83275
:1019800000920591CDE903000321CDE901000796FE
:101990003B46069401220E950FF056FA0EA910F060
:1019A0006DFD002800F03F81236A0BB115F0AEF900
:1019B0000C25284611B0BDE8F08F15F0EBB900BF3B
:1019C000C80F00202DEB0400FC0F0020FC76002047
:1019D000A5130200991401005D68020003F00F03D3
:1019E000072B00F0AA81C24B1B78022B00F0AB81C1
:1019F000002323640026374694F8242094F82630E8
:101A0000A4F88460C2F34202012100250DF13500E3
:101A100094F82560C4F888708DF8352003EA010732
:101A2000A4F882500DF0B4FEC6F3820602460028E8
:101A3000BAD0009733464146504614F0ADFEAD494A
:101A4000AD4B2570A0FB0101C0184FF0310341F1EF
:101A50000701A360C4E90555A3A3D3E9002365608A
:101A6000E560FFF765FAB4F8749020610FF0C8FBE9
:101A700000F11807B9F1000F08D19AF8005005F0ED
:101A80000F05A5F10105B5FA85F56D0994F8243027
:101A9000D4F8108065F3000313F0010584F82430B6
:101AA0007FF44CAFA36C002B00F0CB80D3F800A0E8
:101AB0009AF8523003F0030BBBF1010F40F0C180E4
:101AC0000DF137030EA901930DF136032A460A9151
:101AD00000938A480B46202100F06AFA0546002848
:101AE0007FF467AFDDF83910504617F0DDFD666C06
:101AF000002E00F0568136680A9908F102033B4433
:101B000030460E9300F0BCF95F2211460B90304630
:101B100016F06AFF774974A3D3E90023A0FB010103
:101B2000FFF706FA0E9B0B9902330B4420F07F401F
:101B30002A465146C518714801F072F92A460346F3
:101B400051466E4801F0B4F900287FF42DAF636C64
:101B50009DF837205A759DF8363084F829305D4657
:101B6000636F94F8802040F27121A3FB0131002AB9
:101B700040F0FE8042F6DC32981841F1000140F25C
:101B8000E2420023FFF7D4F980B2B0870B9A0E9996
:101B9000304600F0BDF900287FF406AF4FF0010B8E
:101BA0000A9B08935648574BCDF8108008F247120D
:101BB000069491211A600993A9FB000301FB0931E6
:101BC000514B0793514B05934FF6FF734FF00008AD
:101BD0004FF00209039344A3D3E90023CDF8088012
:101BE000CDF83890FFF7A4F9032101903B464A460F
:101BF000CDF8008040460FF05BF90A9910F03EFCEA
:101C000000287FF4D1AEBBF1000F0CD096F84E3017
:101C100043F0010386F84E302DB19AF8523043EA72
:101C200009038AF8523094F88C30002043F0010305
:101C300084F88C3018F06CFB80B9012020F0EAFCAD
:101C40000CE0666C002E40D10EABB246B3460A9350
:101C5000A6E7274B1B78022B3FF4AAAE00252846A7
:101C600011B0BDE8F08F224B1B78022BF6D194F80F
:101C7000352094F8293004EB820204EB8303916B46
:101C8000D86A15F0FDFE054600287FF492AE236C5D
:101C9000002B3FF48DAE1A7902F0FF014AB942F2EF
:101CA000107207FB02F2A4F88210A4F88460C4F852
:101CB00088201B79002BD1D07AE60A9810F028FBF7
:101CC000284610F019FB072573E608F10203366871
:101CD0003B440E930EAB194630460A9300F0D0F801
:101CE0004FF0000A0B903BE78D49FD1A07000000FA
:101CF000DD98002000CA9A3B8C49FD1AC80F0020CD
:101D0000002AE784FC760020A51302009914010044
:101D100094F825109BF88220490961F3020261F3CF
:101D200006128BF8822094F8262002F0010251E579
:101D30000BF18C00CBF894002AE59AF802305A0691
:101D40007FF551AE02E510F0D1FA0546E8B110F08A
:101D5000D9FA00B300230560037194F8243020649D
:101D6000DB073FF547AE42F2107303FB07F743E68C
:101D700002FB01110132A2FB0303194440F2E242CB
:101D80000023FFF7D5F880B2FFE6236A002B9AD034
:101D900014F0BCFF97E7236A002B91D014F0B6FF34
:101DA0008EE7B346FCE600BF2DE9F04190F8243001
:101DB00090F8257090F826808AB00D46C3F3420350
:101DC000044601210DF1230016468DF823300DF055
:101DD000DFFCC7F3820708F0010802463B463146A4
:101DE0002846CDF8008014F0D7FC1F491F4AA0FBFD
:101DF0000131981841F1070119A3D3E90023FFF736
:101E000097F823699842054622D21B1A00220192B4
:101E1000174A0293174BA21AA3FB02320221D209DE
:101E200000230A4409AE099113490591CDE9033312
:101E30000321D2B20696009318460FF099F8314666
:101E400010F01CFB40B9256100200AB0BDE8F0810C
:101E5000FAD9C21A0023DAE70C200AB0BDE8F081F3
:101E60008D49FD1A0700000000CA9A3B8C49FD1AF3
:101E7000C80F0020CDCCCCCCA51302000000000080
:101E80002DE9F04182B004461F4E204F884615F0E0
:101E900089FF072500236360E36029463346E0FBA2
:101EA00007313122A260184615A3D3E90023FFF7BA
:101EB0003FF894F8313020F07F4004EB8303206139
:101EC000596B5F231A46204615F00AFF2946E0FBAE
:101ED00007610BA3D3E900233046FFF729F801A9D6
:101EE00020F07F401FF00AFE18B9019B0233C8F8AA
:101EF0000030002002B0BDE8F08100BFAFF30080E9
:101F00008D49FD1A070000008C49FD1A00CA9A3B52
:101F10002DE9F04700268CB08846C0E905662049C7
:101F200006701746502204460DF074FA0546A08F3D
:101F30001C4940F2E24202FB00F002230B93A0FB9B
:101F4000010115A3D3E90023FEF7F2FF0DF12C0ADE
:101F5000CDF820A00694194623691F44124B07931D
:101F6000124B05938146002310464FF47A72CDE957
:101F70000367FEF7DDFF0335EDB2CDE9019043467F
:101F80002A460096304603210EF05EFF514610F0BF
:101F900075FA0CB0BDE8F0878D49FD1A0700000006
:101FA0004C77002000CA9A3BA5130200E17D020095
:101FB0002DE9F04FA5B00C461E4640F201232E99A4
:101FC0000E92A3432F9A0F910546109200F09F8125
:101FD00095F8293005EB8303D3F82CA09AF800700C
:101FE00007F00F0204F40073072A0C9309920FD034
:101FF0002BB90C230993099825B0BDE8F08FD6F8CA
:1020000001203178284625B0BDE8F04F15F08CBD91
:102010000AF104019AF802300B910C9913F03F0277
:1020200018BF9AF8032011B17F2B00F292810F990B
:10203000089205F1280022F073F99AF8001003784D
:10204000024601F00F0123F03F030B4302F8023B6D
:1020500081469AF8023099F8021018929B0963F3AE
:10206000871189F80210696C089A05F11C004FF07D
:102070000008002900F0EE824B7D01EB8303986994
:102080000B681293C3780D900230169003F0010094
:10209000159001F1140010990A93089222F040F96A
:1020A000804699F8000098F800100D9B089A00F0FF
:1020B0000F0021F03F01014388F80010197898F8CB
:1020C0000000C1F3801161F3861088F800001978D0
:1020D0000A9BC909C0B261F3C71088F8000099F8DB
:1020E000021098F80200890961F3871014F00101C9
:1020F00088F802004FF0010B02F0010040F0178158
:10210000002800F05D819AF8000098F800C0C0F344
:10211000801060F3861C88F800C099F8000061F315
:10212000861089F800000AF10A000B901598002823
:1021300040F05A810D980430089003F00200179087
:10214000900740F121810B9998F800C006310B915E
:102150009AF800104046C90961F3C71C00F810CB7B
:102160004FF0030B99F800106FF3C71189F80010B6
:10217000179911B108990631089112F008011C91C4
:1021800002D00B9902310B91811C0A9114F00801C5
:1021900000F0F88002213170D6F801101B91C6F8CA
:1021A000010005364BF0080113F008078B461D9718
:1021B00002D0089F0237089712F010071E9702D02E
:1021C0000B9F03370B974FF018078DF8687009F1D4
:1021D0000907119703F010071397E70640F1C7802E
:1021E000871C41F0100B0321C6F8017031700536D1
:1021F0001399002900F0C38000211F910899033131
:1022000008911BF0100F1CBF05300A9003F020004E
:10221000A7065FFA8BF1149040F19E800A98C6F8E9
:1022200001004BF02001122030708B460536C9B2F8
:102230001498002800F09880002020900898123010
:102240000890890602D50A9912310A91520610D5D2
:102250000B9A01320B9295F8252002F01C02102AED
:1022600000F017824FF058028DF8682009F10A0239
:1022700011925B0604D5089B013308934BF0400B89
:102280005FFA8BF319931BF04003219302D00A9B52
:1022900001330A93119B189A9B1ADBB2022B03D8C5
:1022A00009F1030311930123089A1699501AC0B239
:1022B000022803D80D9A0332089201200D9A517812
:1022C0008142C0F08F810A9F08F10202BA1AD2B28D
:1022D000022A03D808F103020A9201220C9F002F60
:1022E00000F08680089C081AD6F80110C6F8014054
:1022F0003478C0B230700536002C40F0818100295E
:1023000000F0E98127460C94A446204684E0B24AB6
:10231000B249B34840F2FB5331F081FE002383F30E
:102320001188BFF36F8F0323184602DF50E616F8BB
:1023300001EB98F800C06EF3861C88F800C099F88D
:1023400000C06FF3861C89F800C000283FF4EEAE91
:10235000E9E6122309934EE60E9880063FF568AF32
:102360001498002840F05E811498209069E70E9F31
:10237000FF063FF53DAF139F002F40F04E811399AC
:102380001F913EE71B910DE708F10A0000297FF439
:10239000E9AE179F002F00F039810D9898F800C022
:1023A0000078C00960F3C71C40464FF0030B00F8EB
:1023B00010CB99F800C061F3C71C89F800C0D9E6BA
:1023C0001598002800F00E810D9898F800C000784C
:1023D000C0F3801060F3861C88F800C099F80000F4
:1023E00061F3861089F800000D980A300890A4E681
:1023F000670500F1FA800E9CA40500F17281DDF8FA
:1024000030C00C1A0899E4B2674604EB0C0EBEF11A
:102410001F0F20463FF7EFAD104460445F2800F3E4
:10242000088199F8020089F80130013B63F3050047
:1024300089F8020098F80230501E60F3050388F80E
:1024400002303E463B190A9F1A4488F8012038465C
:10245000224635F0A0FF0C9B23B1324619463819AD
:1024600035F08BFF98F802309A0600F0B1801A9B85
:102470005B0640F121810B9A119912F8013C01F899
:10248000013C531E0B934B1E1193149B13B1089BDD
:10249000123B0893199B9F0602D50A9B123B0A9395
:1024A000209B23B10A981946122235F074FF1E9B17
:1024B00013B10B9B033B0B93119E95F8253016F837
:1024C000032C6FF3050206F8032C5C0921F00AFDCA
:1024D00032288CBF0020012094FAA4F3002CB3FA18
:1024E00083F308BF4FF0FF335B0106F8013C16F899
:1024F000033C60F386136FF3C71306F8033C002315
:1025000006F8023C139B13B1089B033B0893199BED
:10251000DE0602D50A9B033B0A931F9B23B10A9850
:102520001946032235F037FF1C9B13B10B9B023B6E
:102530000B931D9B13B1089B023B08931B9B002B25
:1025400000F00B811B9A537812781B0203F470631E
:102550001A431198D1B200F8051C95F87E30C3F3E8
:1025600003031B0103EB122300F8043C0A9800F854
:10257000021C95F87E30C3F303031B0103EB122307
:1025800000F8013C199B9D0700F186800238199BD9
:10259000DC0709D5159B002B00F0F680089B991FDE
:1025A0000638062235F0F7FE99F8023099061CBF6E
:1025B0009DF8683089F8033098F802309A06129B2B
:1025C00018BF88F803B093F84E30DB0700F18F8016
:1025D000002309930FE500BF68AE0400DCAE0400E1
:1025E0005CA504001F23099305E5081A3178C4B2DD
:1025F000D6F801000C900F468C460536089904E782
:102600004FF0000C6746CDF830C0FEE699F800C0E8
:1026100061F3C71C89F800C0AFE541F0100B0899C1
:102620001F91EBE54BF02001089820908B46C9B232
:1026300004E6A2F15F033A461A4413462344CA450E
:10264000337000F09C800D9B984500F093804523EB
:102650000993D0E415F0B0FF089A1290002800F01A
:102660009F801299CDF8548091F8313001EB8303AB
:102670000121586B0D90074617F8023B41701299E3
:10268000169703F03F03037080F803801C31434624
:10269000FFE44BF0400BECE5179B002B77D0089B39
:1026A000063B08930A991A6841F8082C9B8821F880
:1026B000043CA1F108006AE7219B002B3FF4E5AE42
:1026C000089A0A9912F8013C01F8013C531E08933C
:1026D0004B1E0A93D9E60F46044608990C97BC4650
:1026E00093E60C9C21462746A446204694E6129C7D
:1026F000204615F057FB364A364B0721E0FB0231E6
:10270000184631A3D3E90023FEF712FC256920F017
:102710007F44AC423FD22E1B0025129F2E4902233C
:102720005022384623930CF075FE00232B49019567
:10273000C21C23AD0591CDE9033303210296D2B229
:102740000093184606950EF013FC29460FF096FEEE
:1027500000287FF44EAC3C613AE795F87E30204982
:1027600003F00F0331F81320501C21F81300C2F3BB
:102770000B02EEE6109A6B6C12785A7567E70F9BA6
:102780001B7885F829305EE70B9B991F08E70B9BA8
:10279000063B0B9386E77FF61BAF651B0026BCE765
:1027A000CA457FF428AC0F4A0F49104840F22E6307
:1027B00031F035FC129B83F31188BFF36F8F032335
:1027C000184602DF17E400BF8D49FD1A070000001C
:1027D00000CA9A3B8C49FD1A4C770020A5130200D1
:1027E0002877002068AE04002CAF04005CA504002C
:1027F00070B590F803C01CF0010F14BF00F10A047B
:10280000041D1B481CF0020F15461E464FF0070220
:10281000A1FB000318BF063402FB01311CF0080FB6
:1028200011A3D3E9002318BF0234FEF781FBAD1BCF
:1028300010492844A1FB00310D09490C04D00E4B6E
:10284000A3FB003001214509A2782078657022F0B1
:102850001F02C5F3042361F3C71013432070A37054
:10286000204670BDAFF3008000CA9A3B0000000014
:102870008D49FD1A89888888B5814E1B00000000AB
:102880002DE9F04F91B0D0F844B0B34900240E9434
:10289000DBF8003009930646502218460CF0BAFDCA
:1028A000D6F89CA00C94FF23C51CEDB28DF82F30F8
:1028B0005346CDF834A00124AA460DF13C090DF190
:1028C00038080CAF1D460DE00D9BAB4203D0002C29
:1028D0002FD0013CE4B29DF82F30FF2B3DD09A451C
:1028E0004ED00D9D9D4B059300200221CDE900782F
:1028F000CDE90300CDF8189002900DAB0DF12F0239
:102900000F910EF017FC022800F0F6800F9B002BB1
:10291000DAD0934A9349944840F6AF4331F07FFBB5
:10292000002383F31188BFF36F8F0323184602DF60
:10293000CAE78E498A4A8C4840F6B84331F06FFBAB
:1029400084F31188BFF36F8F0323184602DF9DF8CD
:102950002F30FF2B4FF0FF04C1D18549804A8248B8
:1029600040F6BA4331F05BFB002383F31188BFF3D9
:102970006F8F0323184602DF9DF82F309A45B0D1A0
:102980000E9D7C4A0C9FA5F57423A3F5107393420A
:1029900007D905F1E875013F05F5D4350C9705F524
:1029A000A575754BCBF80C70A3FB0535AD0CCBF8BA
:1029B000105096F8282096F829100E958A42D3B226
:1029C00004D00133DBB2022B08BF002306EB8303E4
:1029D00096F82520D3F82CA0BBF808909AF801307F
:1029E000C2F38202032A40F29380DC0096F826307C
:1029F00003F001035B002B3401339C4004F5BC74ED
:102A0000A4B25E4B4FF00708A7FB030108FB0711B8
:102A10004DA3D3E90023FEF78BFA594A05EB000CCE
:102A2000A2FB0C1204F5967422F00F01A3B2A1EBE5
:102A30001212B3EB420F22D9099A5248938F40F2F7
:102A4000E24202FB03C5A5FB000141A3D3E9002339
:102A5000FEF76EFA494B20F07F47A7FB0301CBF846
:102A60000C7039A3D3E9002308FB0711FEF760FAC5
:102A700009F101092D1ACBF810501FFA89F92A46DD
:102A8000394600235046FFF7B3FEDBF80C300999B6
:102A9000099D0133CBF80C3091F84D2091F84C3062
:102AA000934202EB420305EB430318BF81F84C202D
:102AB00093F84530062101FB02524032E98F04466B
:102AC00003F03F0348461FF0DFF8237860F3050367
:102AD00023700EF095FB0D990EF094FBD6E90121C1
:102AE000F36891422CBFC3EB0103C3EB020398428E
:102AF00015D211B0BDE8F08F0F9B022B7FF406AF0B
:102B0000022100200EF064FB0F9B022BF8D0FDE6A3
:102B1000D4180934E4005210D440A4B271E7104A2A
:102B20001949114840F6065331F079FA002383F32E
:102B30001188BFF36F8F0323184602DF11B0BDE881
:102B4000F08F00BFAFF3008000CA9A3B0000000086
:102B50008D49FD1A070000004C770020DD7D020042
:102B600068AE040050AF04005CA5040058AF040038
:102B700088AF0400BFBDF07F83DE1B438D49FD1A83
:102B80008988888800CA9A3BACAF04000000000026
:102B90002DE9F04F91B0D0F848B0099000250E957E
:102BA000DBF8003092490893184658220CF032FCAA
:102BB000FF23061DCDE90C55F6B28DF82D30042407
:102BC0000DF13C0A0DF12E090DF138080CAF0DE0A6
:102BD0000D9BAB4203D0002C2FD0013CE4B29DF8FA
:102BE0002D30FF2B3DD09E424ED00D9D814B059345
:102BF00000200221CDE90189CDE90300CDF818A01C
:102C000000970DAB0DF12D020F910EF093FA0228F3
:102C100000F0D7800F9B002BDAD0774A77497848AD
:102C200040F6AB2331F0FBF9002383F31188BFF3A7
:102C30006F8F0323184602DFCAE772496E4A704855
:102C400040F6AD2331F0EBF984F31188BFF36F8FB9
:102C50000323184602DF9DF82D30FF2B4FF0FF04B1
:102C6000C1D16949644A664840F6AF2331F0D7F9CB
:102C7000002383F31188BFF36F8F0323184602DF0D
:102C80009DF82D309E42B0D10E9B60490C9FA3F55C
:102C90007422A2F510728A4207D903F1E873013F4A
:102CA00003F5D4330C9703F5A573089A5849526D70
:102CB000A1FB03139E0C5549A2F57423A3F51073D1
:102CC0008B4207D902F1E872013702F5D4320C9732
:102CD00002F5A572099B596C4D4B487DA3FB02324E
:102CE000950C0A7D0E958242D3B204D00133DBB23B
:102CF000022B08BF002301EB83018C69E378D8071E
:102D000048BF0A34434858BF0434990748BF0634C3
:102D10001A0748BF02340721DB06A7FB000301FBAB
:102D2000073131A3D3E9002348BF0334FEF700F98C
:102D3000731B1844B0F5161F374A28BFA0F51610AC
:102D4000A2FB00122CBF40230023550C4FEA1211A6
:102D500043D0324AA2FB0020C0F34712C0F34430F4
:102D60000343203363702270BBF81010BBF814309B
:102D7000BDF82E200B44134423829BF824209BF89B
:102D800025108A429BB206D0BBF826001B1A13F40A
:102D9000004F08BF0A461821062313FB02130BEB52
:102DA00003025BF803306360137903F01F0323729F
:102DB00021F096F8237A43EA4013237211B0BDE85C
:102DC000F08F0F9B022B7FF425AF022100200EF025
:102DD000FFF90F9B022BF8D01CE743EA1233DBB25A
:102DE000CAB2BFE7AFF3008000CA9A3B0000000000
:102DF000C0770020C98A0200CCAF040050AF0400A5
:102E00005CA5040058AF040088AF0400BFBDF07F8C
:102E100083DE1B438D49FD1A89888888B5814E1B46
:102E200038B50023C1E905330C460B708AB3256A17
:102E300053789278687A3E33C2F305029B1A7F2852
:102E40004FEA5011DBB21CD9AA7A02F00102DB0072
:102E500052002B330132934003F27D431248134A50
:102E60000721E3FB002100253123A36010466560A4
:102E70000BA3D3E90023E560FEF75AF8206128464A
:102E800038BD0B440933DB004910CB4003F2053356
:102E9000E4E791F8453001EB83039A6CC7E700BF84
:102EA0008D49FD1A0700000000CA9A3B8C49FD1AA3
:102EB0002DE9F047B1F850500E4640F2E2418CB097
:102EC000904601FB05F558221D4930461F460CF07F
:102ED000A1FA04461B4802230B93A5FB000116A38D
:102EE000D3E90023FEF724F80DF12C0ACDF820A039
:102EF0000696194633691F44134B0793134B0593EA
:102F000000258146002310464FF47A72CDE903571D
:102F1000FEF70EF80434E4B2CDE9019043462246B0
:102F20000095284603210DF08FFF51460FF0A6FAB9
:102F30000CB0BDE8F08700BF8D49FD1A0700000006
:102F4000C077002000CA9A3BA5130200398B02000B
:102F5000F0B58A784B7803F13E01C2F30503C91A34
:102F60008BB0C9B2044615F06FFF1D491AA3D3E90F
:102F70000023A0FB0101FDF7DBFF266920F07F4560
:102F8000AE4220D9761B0027022316490993582206
:102F900020460CF03FFA002313490296021D09AEA9
:102FA0000591CDE903330321D2B20197009318466E
:102FB00006960DF0DDFF31460FF060FA38B9256155
:102FC00000200BB0F0BDFBD2AF1B0026DCE70C20CD
:102FD0000BB0F0BDAFF300808D49FD1A0700000073
:102FE00000CA9A3BC0770020A51302000000000031
:102FF00070B5294C9DF810E094F8565015F0020574
:1030000042D110F0080F4FEA500605D094F8AEC038
:103010001CF0020F38D1583471B3A4F844104FEAB1
:10302000401C94F832101D484FEACE0E0EF0180ED8
:103030000CF0200C4CEA0E0C21F038014CEA010C8B
:1030400094F83C1084F832C066F3020184F83C1016
:1030500094F8561063F3830184F85610A2FB000322
:10306000912101FB02310AA3D3E90023FDF760FFA0
:10307000A064E064284670BD94F83C3061F302031C
:1030800084F83C30284670BD0C25284670BD00BF32
:103090008D49FD1A0700000058780020002AE784B7
:1030A00010B504469DF8080022854FEA411CC00077
:1030B000A17D00F018000CF0200C4CEA000C0C482C
:1030C00021F038014CEA010CA3FB0002912184F8A5
:1030D00016C001FB032104A3D3E90023FDF728FF59
:1030E000E06210BDAFF300808D49FD1A07000000BB
:1030F000002AE784000000002DE9F04F90F85630D8
:1031000090F83220DFF85492DFF854826FF3000316
:10311000044600F13E01C3F3800060F386128DB0D7
:1031200084F8563084F832200EF0C0F894F832203B
:10313000B4F844308448E46102F07902002684F84F
:1031400032209121A3FB000201FB0321C4E90566A3
:103150007BA3D3E900232670FDF7EAFE7B4AE36CEC
:10316000A364A4EB0905A2FB05251833C5F3871555
:1031700031229842A26005EB450298BF0346666083
:10318000E6608CBF23612061074648F8223098BF73
:10319000A6644FEA450A002D5AD199F8943003F0FD
:1031A0000703032B72D84FF0000B0EF029F8236AA7
:1031B00000F11806002B00F083800DF12C09AA44C1
:1031C00008EB8A030993CDF820900694B4F84430B4
:1031D0005D484FF00008A3FB0002CDF80C80912160
:1031E00001FB032123690493594B0793594B059322
:1031F0004FF0020A52A3D3E90023CDF82CA0FDF72B
:1032000097FE104619464FF47A720023FDF790FEA0
:1032100006355E44EDB2CDE90170032133462A46FE
:10322000CDF8008040460DF043FE49460FF026F9E8
:10323000002841D194F8563043EA0A0384F8563006
:1032400014F0C0FA002856D000200DB0BDE8F08F71
:10325000012DA8D199F83C30DB07A4D5A66C002E2F
:10326000A1D0B9F8443038489121A3FB000201FBFA
:10327000032133A3D3E90023FDF75AFE87424FF021
:10328000000B47D00023C8F80C308EE7A66C002E48
:1032900089D0B9F89C302C489121A3FB000201FB96
:1032A000032127A3D3E90023FDF742FE874226D05E
:1032B0000023C8F8003076E70C200DB0BDE8F08F91
:1032C0000DF12C09CDE90A3321694B460AAA0320E6
:1032D00001F096FE00287FF472AF0B991E4818A3E8
:1032E000D3E90023A1FB0001FDF722FE0A9B20F099
:1032F0007F461E4463E750461FF08CF9A4E7D9F8D7
:10330000A03033449F42D3D302339F429CBF193E27
:103310002661CDE7D9F8483033449F42B2D3023317
:103320009F42AFD8193E2661D9F84830C4F848B05A
:10333000C9F848B003F1020BA4E700BFAFF3008067
:103340008D49FD1A07000000002AE784A38B2EBADE
:10335000A5130200ED9A020000CA9A3B587800209B
:1033600040780020000000002DE9F04F0B79082B79
:1033700093B00C46074600F0FA80092B00F0D0808D
:10338000062B11D0B24AB349B3484FF4CC7330F096
:1033900046FE002383F31188BFF36F8F0323184683
:1033A00002DF13B0BDE8F08FD1F80890D9F81830DB
:1033B0006BB1A74AA949A848D92330F030FE0023B1
:1033C00083F31188BFF36F8F0323184602DFD9F808
:1033D0000080404616F068FF0630C3B20B93012010
:1033E000A37E2760002666F38613A37694F8213027
:1033F000E660002B74D004F1220A3546B64694F8F4
:103400002220910669D094F823C01CF0010F14BF4C
:1034100004F12A0104F124011CF0020F18BF063147
:103420001CF0040F18BF01311CF0080F18BF023147
:103430001CF0100B1CBF8B4603311CF0200F18BF73
:1034400012311CF0400F18BF0131C2F30502A1EB8D
:103450000A010132D2B2C9B28A4238BF0A469A4240
:103460003ABF9A1A5FFA82FA4FF0000ABBF1000FD6
:1034700000F0B9809BF802C09BF801104FEA0C22C3
:1034800002F4F8520A4300F0AE80BEF1000F40F0A3
:10349000F480BCF15F0F4FEA5C1E40F22181002DE9
:1034A00000F04F822B8F53449BB22B87A383B8F13C
:1034B000000F00F0AD8098F856306A6BDB0700F122
:1034C000FC80D460EE6A6C63002E00F0B080284669
:1034D00013B0BDE8F04F17F00BB8013BDBB2CDB92C
:1034E000A383214638460EF019FF13B0BDE8F04F14
:1034F0000EF020BF082394F81AE0237100227346CF
:1035000062F38613A37694F821302760E260002BE3
:1035100040F090822A8F13449BB22B87A383C6E787
:103520008E684F4B35689D423ED1D5F82C90B9F14D
:10353000000F00F0C6804A493C2208460BF06AFFA3
:103540000830C3B20B93D9F8000016F0C7FE8046CE
:10355000707900F00700022878D00428CAD001282A
:1035600054D03B4A3B493C484FF4AB730FE7D1F88A
:103570000890D9F818306BB1354A38493648EC23F1
:1035800030F04DFD002383F31188BFF36F8F0323C9
:10359000184602DFD9F80080404616F085FE063056
:1035A000C3B20B9304201BE7D1F80C80B8F1000FD5
:1035B00000F0AC81D8F80050EB6A9E4258D0244A03
:1035C0002849254840F21D1330F029FD002383F3DC
:1035D0001188BFF36F8F0323184602DFFF23B14624
:1035E0000B934646AFE7002D50D02B8F53449BB230
:1035F0002B87A383BEF1000F3FF459AF6B6B002BF9
:103600004AD0DC606C6313B0BDE8F08F062372E72C
:103610000F4A1549104840F2C13330F000FD88F3DD
:103620001188BFF36F8F0323184602DF43E7084A70
:103630000E49094840F2E93330F0F1FC86F3118875
:10364000BFF36F8F0323184602DF40E7072352E7DB
:10365000B4B0040034A604005CA5040010B104005A
:10366000347900202CB10400ACB00400F8B00400A0
:10367000FF23B1460B93464665E7002D00F05581C8
:103680002B8F53449BB22B87A383B7E7A4F81CA0CE
:10369000BEF1000F3FF425AFAF4AB049B04840F249
:1036A0005A2330F0BCFC002383F31188BFF36F8FE3
:1036B0000323184602DF6B6BA3E76B6BA342A0D119
:1036C0006FE6A54AA749A64840F2051330F0A7FCCB
:1036D00089F31188BFF36F8F0323184602DF2AE7AF
:1036E0009BF900100029B4BF4FF496711E2110F011
:1036F000040F0C9101FB02F29BF8001000F01881FE
:10370000D800A37EC3F380035B002B30013300FAA3
:1037100003F303F5BC730C9803F5967C1018604511
:10372000C0F0F08049064CBF32214FF4FA718E4848
:1037300002FB01F1A0FB0101890C0D910121CDE9F2
:103740000E3201FA0EF3D8B2109320F081F96169BC
:103750000F9A0E9B11902F390A44D31A0D9A1B1AF7
:1037600082489B1AA3FB000179A3D3E90023FDF74C
:10377000DFFB20F07F430E9394F91A30002B80F288
:10378000B680002D00F002812B8F53449BB21E2B7C
:103790002B8704D994F91A20002ABFF688AE6A6BE9
:1037A000002A00F00D81D4602B8F6C63A3839BF8FB
:1037B0000010109BB28801F03F0141EA032122F47E
:1037C000E76240F23F7322F007020B401343B380DD
:1037D00094F91A30002BC0F2F580B8F1000F00F018
:1037E000108198F8563013F001037FF466AF6B60D8
:1037F000EB603123AB60737903F00703032B00F216
:10380000A38003F10902D2005B10DA40119B5748F4
:1038100003F205331344564A0721E3FB0021104607
:103820004BA3D3E90023FDF783FB0D9B0C9A2F33A9
:1038300002EB430320F07F4028610022B3600221A5
:1038400001200BF057FE0B9AFF2A1BD023690E991B
:103850000026493B0B44CDE90066012130460DF0BE
:103860009FFB10F0FD0F0DD03B4A42493C4840F20F
:10387000963330F0D4FB86F31188BFF36F8F0323A8
:10388000184602DF3C493C2228460BF0C3FD3B4A68
:103890002369CDE907253A4ACDE9052529690024A0
:1038A000CDE9034100F108020E990091CDE90144F0
:1038B000493BD2B2012120460DF0C6FA10F0FD0FAF
:1038C0000DD0254A2F49264840F2A63330F0A7FBF9
:1038D00084F31188BFF36F8F0323184602DF0122A0
:1038E0000221104613B0BDE8F04F0BF003BE0DF0FF
:1038F00087FC23690E9A383B99180DF083FC02026D
:103900003FF53FAF002D7FF4D2ADEAE5124A1E49E4
:1039100013484FF48D7330F082FB88F31188BFF3A6
:103920006F8F0323184602DF44E6A4F81CA0B3E619
:1039300000F0030C63440933DB00C0F34000C340D4
:10394000E9E6A4F81CA0CCE54FF434725EE700BFB2
:103950008D49FD1A07000000B4B0040040B1040016
:103960005CA5040020B1040083DE1B4300CA9A3B1F
:103970008C49FD1A80B1040034790020DDA50200D5
:10398000D9A30200B0B1040024B104002C480BF00C
:1039900013FD0546002843D0002290F82010027045
:1039A000C0E9052262F3C7115346A0F838A0C061F0
:1039B00080F8201002634263C0F82C9000F11C06CE
:1039C0002C63F2E6D9F8183083B1B3420ED01D4A09
:1039D0001D491E4840F2333330F021FB002383F3AE
:1039E0001188BFF36F8F0323184602DFC9F81860F0
:1039F000A37E43F04003A37633796FF386133371CC
:103A0000CFE4104A1249114840F24A3330F007FB24
:103A100088F31188BFF36F8F0323184602DFE0E6B7
:103A200094F91A30002BBFF65CADA37E43F040033F
:103A3000A37656E5CEF3C00E04F1220ADFE400BF00
:103A400030790020B4B0040054B104005CA5040037
:103A5000ACB00400000000002DE9F04F05468BB02B
:103A60008B46012002219946144624F0B7FB002220
:103A70000221824601200BF03DFD3F494FF4E072E8
:103A800028460BF0C7FC00F109063C4B0093F6B248
:103A900001954B463246012100200DF007FB10F046
:103AA000FD0F0ED0364A3749374840F68F0330F0C5
:103AB000B6FA002383F31188BFF36F8F03231846F0
:103AC00002DF324BA4FB0348204629A3D3E900239D
:103AD0004146FDF72DFA2E4B20F07F47A7FB03311F
:103AE0000722E01A02FB071168EB01014FF47A721A
:103AF0000023FDF71DFACDE90170CDF800B008955F
:103B00000695296995F9434022480491224931EAF2
:103B1000240128BF01460591204C07944FF6FE7101
:103B200003914B463246012100200DF08DF910F033
:103B3000FD0F0ED0124A1349134840F6A40330F08B
:103B40006EFA002383F31188BFF36F8F03231846A7
:103B500002DFBAF1000F02D10BB0BDE8F08F0122F5
:103B6000022110460BB0BDE8F04F0BF0C3BC00BF04
:103B70008D49FD1A07000000681000203DAC0200CE
:103B800020B2040080B104005CA5040000CA9A3B86
:103B90008D49FD1A111303001D150300DDAB020052
:103BA0002DE9F0418468228E4FF6FF739A428CB063
:103BB00045D0054620461AF04BFB2B7D012B00F02B
:103BC0002281022B00F01581002B00F0F48094F884
:103BD0006061002E40F010812B8A678F94F943209A
:103BE000CDE90A6673B3002AC0F25A810023A4F813
:103BF0009E31AA7C238FFD1802F003030135012BAF
:103C0000ADB23BD0B4F8A231002B00F005819D424B
:103C100080F059815B1B9BB20022062BA4F8A231D5
:103C2000628740F2F68094F943309342C0F25081AB
:103C3000002326E09DF82710204617F08BFD0CB0DE
:103C4000BDE8F081002AB8BF84F88961238FAA7C7F
:103C5000FD1802F003030135012BADB20ED0B4F80C
:103C60009E31002BCED0AB4240F23C815B1BA4F8CE
:103C70009E31B4F8A231002BC9D102E00023A4F890
:103C8000A23194F8482063F3820284F84820294640
:103C90000DF12702204619F0FDFF7430CAD0B4F8A8
:103CA0009C312BB1AB4240F2EC805B1BA4F89C3101
:103CB000B4F898312BB1AB4240F2DA805B1BA4F828
:103CC0009831658F16B9AF4200F0C9800135ADB2A9
:103CD00094F8DD3013F0010731D1DDE90A130A460B
:103CE000002B40F0CC80002900F0BB801F46184616
:103CF000228EE4690694CDE9035609329A4D02906A
:103D0000CDE90017D2B20121002005950DF030F960
:103D100010F0FD0F93D00EF0DBFB84428FD0934A5E
:103D2000934994484FF4AE6330F079F9002383F35C
:103D30001188BFF36F8F0323184602DF7FE794F9E2
:103D400043206FF30003002A84F8DD307FDB94F812
:103D50008200C0F3C00100F007001FF077FEB4F846
:103D60007A20B4F878301344628D03F20933134497
:103D70000344814A81480721E3FB0021104678A3D0
:103D8000D3E90023FDF7D4F8DDE90A1320F07F42E0
:103D900020692261904235BF171A801A002000273F
:103DA0000A46002BA4D157EA010CA1D1002858D013
:103DB00019461F469CE794F89A3003F01803182B15
:103DC0007FF405AFA18EB4F89A218B1D9A42C4BF2F
:103DD000931F5B1AB4F89611CCBF9BB2134699425D
:103DE00000F09C80A4F89631A4F89831A4F89C21A6
:103DF000EDE63D2684F86061314620460CB0BDE812
:103E0000F04117F0A7BC0023A4F89C31A4F8983126
:103E1000DDE60126334634E7628E052A97BF01327C
:103E200040F2E2434FF4FA7392B203FB02F2B4F8A9
:103E3000A03142F2107101FB0323013BB3FBF2F30B
:103E40009BB2A4F8A231002B7FF4E1AE19E794F8FD
:103E50008300012100F007001FF0FAFD7FE73546DF
:103E600036E7002D43D00027114638463B463FE752
:103E70000023A4F89831204619F0AEFF21E7384618
:103E800036E70EF08DFA0146A0B30023A4F89C316A
:103E9000238EC3801B23037100680EF051FA07E7DD
:103EA00094F889316BB3013B84F8893104F1E0085F
:103EB000404619F09DFCB8B3404619F099FCB8B3E0
:103EC0000023638792E60821204617F043FCB6E6FC
:103ED000A7B9D4F88C315A0813F0010336D1C4F8CD
:103EE0008C21A5E63E21204617F034FCA7E6002EE3
:103EF000B9D1A4E60123A4F89C31D9E613460126E2
:103F0000BFE60AAA0BA92846FDF73EFADDE90A2317
:103F10001343CBD0237884F88931C7E7B4F89C11D8
:103F200000297FF454AE5FE7FF2017F0ABFBC3E737
:103F30000246D4E921010BF0A5FA0028C0D194F87B
:103F400048301B0744BFA38E63874FE642F0004210
:103F50001E46C4F88C213B4693E600BFAFF30080B9
:103F60008D49FD1A0700000099AB020020B2040041
:103F700044B304005CA504008C49FD1A00CA9A3BB6
:103F80002DE9F04F87B0CDE90432BDF84420037825
:103F90000292BDF84820BDF840A0BDF84C90878F34
:103FA000019104460392002B00F0FC80013FBFB258
:103FB000A368D4F81CB1A7EB090292B2002B0092BF
:103FC0000ADAE168626823F0004391422CBF8B4417
:103FD0009344A360ABEB030B94F88200C0F3C001E1
:103FE00000F007001FF032FD658E052D40F2E180E4
:103FF000009BBAF1050F15FB03F5ADB240F2E248A4
:1040000040F2E280B4F87A20B4F87830134403F236
:104010009F3303447C4A7D480721E3FB00214FF096
:104020009613A36296231046A38575A3D3E90023B4
:10403000FCF77EFF564620F07F4040F2E24308FB4B
:1040400005F103FB06F6B1FBF6F81FFA88F52061CF
:1040500006FB05F08142A84680F09680401A6B4925
:1040600067A3D3E90023A0FB0101FCF761FF20F067
:104070007F408344E38EB4F824211344994494F898
:104080004330A9EB0709C844DB09A4F8368000F0E7
:10409000A780E26C0099636D02FB113363651FF02A
:1040A00021FF074694F88801C0F342001FF01CFF6F
:1040B000074406FB07F7564B07F5742707F23F271F
:1040C000A3FB0737BF0C636DE76405FB07F07208BD
:1040D0000344963A934228BF1346C4E91423059B30
:1040E0004A4D40F2E24808FB03F3E3650023A0FBDE
:1040F0000501C4F8903142A3D3E90023FCF718FF6F
:10410000049BABEB000B4348A0FB0330800A08FB89
:1041100000F0A0FB05013AA3D3E90023FCF708FF58
:10412000F71B20F07F45029BA386039BA4F8A031D8
:1041300031462046A4F832A019F0E8FD364BA18E96
:104140003344881DB3FBF6F39AB29042A4F89A2147
:1041500004D2C1F57F41FA310A4492B2019BA4F81E
:10416000962113B10023A4F8A2315B463A462946B2
:104170002046FFF771FC94F8943143F0010384F872
:10418000943107B0BDE8F08F091A20481CA3D3E989
:104190000023A1FB0001FCF7CBFE20F07F40ABEB3E
:1041A000000B67E7C38E1F44B0F824311F44BFB231
:1041B000FEE6009B013515FB03F5BAF1050FADB224
:1041C0004FF4FA783FF61EAF4FF096130AF101064E
:1041D000A3629623A385B6B219204FF4FA732EE793
:1041E000049B0A48A3FB000105A3D3E90023FCF7C5
:1041F0009FFE20F07F453746013594E7AFF30080FE
:104200008D49FD1A070000008C49FD1A00CA9A3B2F
:1042100083DE1B435917B7D17FC3C90100000000DB
:104220002DE9F04F04460B6890F820701668D3F81B
:1042300000A0E38CD0F8220095B015464A7CADF87A
:104240004C30FF2AC7F3801388460D9212908DF8E8
:104250003F3040F00E8299461A4612AB93E80300B5
:104260000DF1400B1090ADF84410F8090AF19301DC
:1042700027680A915B460C900B9717F02FF90A9963
:10428000002840F0DE8196F8AE310C9A0A9069F36E
:10429000410362F3000386F8AE311098BBF8043096
:1042A000C6F8B501A6F8B931DAF89330C6F8AF31DF
:1042B0008B88A6F8B331638E94F83410A9722B81E1
:1042C000D4F82E306B60D4F83E30C5F8223005F1BA
:1042D000220094F84230037105210BF059FA95F849
:1042E000273000F03F0060F3050385F8273094F88D
:1042F0004330C3F3040185F82810218FE982012897
:1043000003F01F0389B240F29C811B3303F01F03AB
:104310000B2B00F296810A9A002900F09281D8F8BE
:1043200000305A60638F2B83E98ADAF8442040F228
:10433000E24303FB01F7E18E0A91002A00F01F829D
:104340009AF8251040F6C41240F6A6637F2988BF6C
:104350001A460C920021304619F0ECFC94F84330D8
:1043600096F888215B0963F3430286F888211FF0E1
:10437000B9FD814696F88801C0F342001FF0B4FDF4
:1043800009EB000307FB03F3CD4A03F5742303F2A3
:104390003F23A2FB03239B0C2B637B08963B6B63A1
:1043A00094F8353040F2E24202FB03F36B64A38FD2
:1043B000A6F8A0313946304619F0A8FCC14BC24AD4
:1043C000C6F8A4213B44B3FBF7F39AB2A6F89A21AE
:1043D000298B881D824204DDC1F57F41FA310A44F0
:1043E00092B2A6F896216B68C6F88C31DAF84430A0
:1043F000002B00F0BF814FF00109E20700F1788146
:104400004FF4807323849AF827001EF009FC04F10E
:104410002F03002800F04281A26AC4F82F20A28D49
:104420009A800D9BFF2B00F0C181BDF84C30129893
:10443000A4F82D30C4F82900BBF80430A4F82730C4
:1044400010989DF83F30C4F8230084F82230EB8A9E
:10445000E3862B8B2387B6F8A031638796F88831E3
:10446000C3F3420384F83C30304616F033FCA88294
:10447000E08021460B98D8F804400DF04FFFAB8A3E
:10448000E3801C23D4F800B02371B9F1000F40F091
:10449000568184F8209012F0B1FD002840F0378159
:1044A000214658460DF04CFF95F86700B5F85C4082
:1044B000B5F85E90012100F007001FF0C9FAA14491
:1044C00009F29F3981440446804A81484FF096138F
:1044D0000721C5E90333E9FB002131234FF000092F
:1044E0001046B360C6F8049073A3D3E90023C6F85E
:1044F0000C90FCF71DFD20F07F4030610A99D8F840
:104500000C302D6B40F2E24202FB01330C992F3B41
:1045100019440C1B4A46022101200AF0EBFFDAF88D
:1045200044307D1BA3B11F68384613F0F5FFC21C51
:10453000684B0097D2B2012148460CF075FD012866
:1045400000F03A8197F84E306FF3000387F84E3051
:10455000504613F01DF907465D4857A3D3E90023E1
:10456000A4FB0001FCF7E4FCCDF804A0D8F8083067
:104570005849009120F07F4BBA1C493BD2B25B44B2
:10458000012100200CF092FD012800F0FA809AF839
:104590002430DB0700F18680304616F09BFB4C4B45
:1045A000A5FB0359044644A3D3E900232846494602
:1045B000FCF7BEFCD8F80830474A0792A3F1490837
:1045C000464B069620F07F47A7FB0331E81A444B81
:1045D00005934FF4F573089333694FF0000ACDE962
:1045E00003A34FF0070303FB071169EB01014FF42D
:1045F0007A720023FCF79CFC0934E4B2CDE9017027
:10460000CDF800B043462246012150460CF01CFC78
:1046100010F0FD0F0DD0334A3349344840F2EB130C
:104620002FF0FDFC8AF31188BFF36F8F0323184628
:1046300002DF0122022110460AF05CFF15B0BDE83E
:10464000F08F0022CAF8142095F82C300B9862F3F2
:10465000000385F82C30E5680126214626710DF00F
:104660005DFE28682E7129460DF06AFE15B0BDE882
:10467000F08F0DF1400B10460DF13F015A461DF031
:1046800007FD9DF83F9094F8207009F102095FFA48
:1046900089F98DF83F9009F00102E6E5C4F82F0092
:1046A0009880BEE6002301220093184611460CF0C4
:1046B000BBFC71E7AFF300808D49FD1A07000000D5
:1046C00083DE1B437FC3C901404B4C008C49FD1A5C
:1046D00000CA9A3BD11203009D1203008D49FD1AB6
:1046E0001113030050B8040080B104005CA504005D
:1046F0003B4A3C493C48FD232FF091FC002383F3C7
:104700001188BFF36F8F0323184602DF78E6214636
:1047100058460DF003FEDAF840405046D4F800B099
:1047200013F036F810F0FF0914D100231222A4F878
:10473000069023722271AA8A62816372B0E695F8AC
:10474000273043F0400385F82730281D1DF098FAE4
:1047500028859EE6224A2549234840F251132FF02E
:104760005EFC002383F31188BFF36F8F0323184689
:1047700002DFDAE794F82030C3F340193DE60C93EA
:10478000E8E50DF0A5FE82453FF401AF144A184953
:10479000154840F292232FF042FC002383F3118846
:1047A000BFF36F8F0323184602DFF0E60022C4F840
:1047B0002920A4F82D203FE60DF08AFE87423FF421
:1047C000C1AE074A0A49084840F292232FF027FC5D
:1047D00089F31188BFF36F8F0323184602DFB1E618
:1047E00050B8040088AB04005CA50400BCAC040015
:1047F000ACB80400000000002DE9F04F8DB09B46DE
:10480000BDF860300793CDE90501BDF868309DF82B
:104810005C90BDF864A09DF86C8002920020049327
:1048200015F08EFD002800F0B18009F00107044664
:1048300038460CF02BFD03902FB106210AF0FEFD47
:10484000002800F0AD80169B03995A46384616F0B2
:1048500045FE002840F09680012015F071FD0646C7
:10486000002800F0938018F0040F00F09380036A92
:10487000002B00F09A8006F11C0595F8203068F3B3
:10488000020385F820306B680893002B00F0A280AB
:10489000D5F80480D8F800400BF0010A98F86600BB
:1048A000C0F3C00100F007001FF0D0F895F82030E9
:1048B00003F00703032B7ED803F12802D2005B101C
:1048C000DA40B8F85C30934238BF1346A8F85C3041
:1048D00095F8202002F00702032A69D802F1280186
:1048E000C900521021FA02F2B8F85E10914238BFA6
:1048F00011465A18B8F80E30A8F85E1000F20930C8
:1049000003441344BE48BF4A0721E3FB002110467D
:10491000B9A3D3E90023FCF70BFB20F07F40206113
:10492000029C20461DF0B6FE2B8C03F0BF0363F003
:10493000FF032B84002C41D0A9F10203012B40F28C
:10494000368196F8561069F3830186F8561095F86B
:1049500020106AF3451185F8201016990968A9609E
:1049600016998988A9810499A98202990091DDE9A3
:10497000052328460021FEF793FBF06400200DB0CC
:10498000BDE8F08F0B200DB0BDE8F08F0C200DB00E
:10499000BDE8F08F236A2BB104F11C0526466CE7B5
:1049A0001220F0E7036A2362F6E7236A036262E7F4
:1049B0004FF4296298E74FF4296282E71EF0F0FA7B
:1049C0000028B9D0029A169958461EF011F885F8B9
:1049D0002100B1E70DF08AFC0990002800F0098160
:1049E00016F06CF90446002800F0008120300AF02F
:1049F000E3FE04F11C08002840F0E480032104F1E8
:104A000024001EF097FE079BD4F8940063864FF6AF
:104A1000FF73A4F834A02386002800F0E28004F19C
:104A2000880204F184010AF015FDB4F8823023F401
:104A3000EF6323F0070343F48C7343F00103A4F8FE
:104A4000823094F89A304FF0000A23F007030121D6
:104A500084F89A30C4F894A0A4F898A0204617F0DF
:104A6000E5F97F23A4F836A0C4F83AA084F8DE3034
:104A700004F13E001DF0AEF894F8433060F30503F6
:104A8000012184F843300DF12F001EF053FE049BEA
:104A90009DF82F20A4F8A0315B4B84F845A0A3FB20
:104AA0000213DB0803EB4303A2EB830294F84330C9
:104AB000A18EA4F8A2A103F03F0384F8433094F838
:104AC0004830A4F898A1053223F0070384F8442065
:104AD000079A84F8483040F2E24A4C4B0AFB02FA4B
:104AE0004FF4C0225344C4F89C21881DB3FBFAF351
:104AF0009AB28242A4F89A2102DD063A521A92B280
:104B0000A4F89621204619F089F85146204619F05C
:104B1000FDF80021099B84F86011C4F8643116F097
:104B2000D1FC94F8A83160F3020384F8A83116F0A0
:104B3000CFFC94F8A83160F3C50384F8A83194F849
:104B40009431002161F3410384F8943104F1E000D1
:104B500018F00CFE94F8AE31169A0BF0010A6AF3C5
:104B6000410384F8AE314FF09613C4E90A33312380
:104B7000A3600021169B6160E1601B68C4F8B53139
:104B800094F8AE319288A4F8B92169F30003039A2E
:104B900084F8AE311368C4F8AF319388A4F8B33108
:104BA000C5F80480C4E905112170E46176E60020AF
:104BB0001DF094FD95F8203043F04003B94685F888
:104BC0002030BEE6124A13491348C1232FF027FABA
:104BD000089B83F31188BFF36F8F0323184602DF0E
:104BE0000CE704F18C00C4F8940018E709980DF064
:104BF00083FB0720C7E600BF8D49FD1A07000000B0
:104C000000CA9A3B8C49FD1AABAAAAAA7FC3C90164
:104C1000DCB8040010A604005CA50400000000003D
:104C20002DE9F04F05468FB090F82070AB8D806A6B
:104C3000ADF83430EB07C7F3C0180C461646C7F37F
:104C400040170C9000F1308100232B84A37C607C02
:104C500013F001031CBFD5F82230C5F82F3005F141
:104C60002F0214BFEB8CC5F82F30FF28938005F17D
:104C7000290905F1230200F0098105F122011DF047
:104C800007FA95F82230BDF834200C98C5F82900B1
:104C9000023385F82230A9F804202368D3F800B045
:104CA000F38AEB86338B2B87BBF830306B871FF092
:104CB00017F985F83C00D6F80080404616F00AF84F
:104CC0000021B082E880404619F034F8D4F804900E
:104CD000286829460DF022FBB38AA9F806301C2368
:104CE000D9F8005089F80430002F40F0ED8089F8A1
:104CF0002070494628460DF023FBD8F80830D8F834
:104D0000042096F86600B6F81690E768824D934244
:104D100038BF1346C0F3C00103F1180A00F00700C2
:104D200040F2E24303FB09F91EF090FE002202214B
:104D30003F1A01200AF0DEFB584615F0B5FAA7FB32
:104D4000055773A3D3E900230B9039462846FCF797
:104D5000EFF8CDF804B0A3680B9A7049009120F0E9
:104D60007F460632A3EB0A03D2B23344012100206E
:104D70000CF09CF910F0FD0F0ED0694A69496A48A1
:104D800040F249332FF04BF9002383F31188BFF32E
:104D90006F8F0323184602DF012015F0B9FA03468E
:104DA00098B1834500F0AC8018460B9315F07CFA5F
:104DB0000B9B0093821D5D4BD2B2012100200CF0B1
:104DC00033F910F0FD0F40F08B804FF0000B5B4685
:104DD00005220121CDF800B058460CF025F94046D7
:104DE00015F078FFA36804464B48A3EB0A0AA9FB19
:104DF000000147A3D3E90023FCF79AF819464C4B6E
:104E000008934C4B069340F27933CDF81C800993FC
:104E1000D8F810308146CDE904B3104600234FF492
:104E20007A72FCF785F8444B0722A6FB0331CDE9E3
:104E3000029002FB0611E81A67EB01014FF47A7247
:104E40000023FCF775F80934E4B2CDE9006053465D
:104E50002246012158460CF013F810F0FD0F0DD03A
:104E60002F4A3049304840F27A332FF0D8F88BF38C
:104E70001188BFF36F8F0323184602DF012202213E
:104E800010460FB0BDE8F04F0AF034BB0023BDF868
:104E900034100C98C5F82930A9F8043085F8228020
:104EA000C5F823009180F8E61D4A24491E484FF4B6
:104EB00031732FF0B4F8002383F31188BFF36F8FA1
:104EC0000323184602DFBFE696F8273043F040037D
:104ED00086F82730301D1CF0D3FE0127308506E709
:104EE0000F4A1049104840F25F332FF098F8002322
:104EF00083F31188BFF36F8F0323184602DF64E743
:104F0000002015F005FA034600283FF45EAF4BE79A
:104F10008D49FD1A0700000000CA9A3B8D1403005A
:104F2000DCB8040080B104005CA50400C5140300D3
:104F3000911403001D1503008D49FD1A88AB040070
:104F4000032838B50D4610D0042844D00938C3B220
:104F5000032B07D880B215F0C5FE18B190F9433085
:104F6000002B1CDA0024204638BD002013F034FD4D
:104F700004460028F6D05F22114613F035FD1E4A84
:104F80001E4B0721E0FB0231184619A3D3E9002389
:104F9000FBF7CEFF20F07F402860204638BD90F818
:104FA00082300446C3F3C00103F007001EF04EFD3B
:104FB000124A00F5C55310481F330721E3FB0021B7
:104FC00010460BA3D3E90023FBF7B2FF20F07F408C
:104FD0002860204638BD002013F018FF0446002842
:104FE000C0D05F2113F030FFC9E700BFAFF30080EE
:104FF0008D49FD1A0700000000CA9A3B8C49FD1A32
:1050000070B588B01E46134606AA029207AA0192FE
:1050100005AA00920024224A07941CF0CDFCFF2828
:1050200034D0069B1F480721A3FB000201FB03218C
:1050300019A3D3E90023FBF77BFF044600B13E34FC
:10504000079D1949059BA5F57422A2F510728A42A5
:1050500014D814480721A3FB000201FB03210EA36F
:10506000D3E90023FBF764FF104BA3FB053504EBEA
:10507000954404443460002008B070BD05F1E87523
:1050800005F5D435013B05F5A575E2E76FF009009C
:10509000F2E700BFAFF3008000CA9A3B00000000B7
:1050A000AD1903008D49FD1ABFBDF07F83DE1B43A0
:1050B0002DE9F043C668476873683D491A68D0F81F
:1050C0000090A7F57423A3F510738B4283B080463C
:1050D00007D907F1E87707F5D43709F1FF3907F564
:1050E000A57773681169DD8ACDF8049006F1100385
:1050F00001AA0220FFF784FF00284ED10199A1EBFD
:1051000009031B0237D4084649460CF07BF80346D6
:1051100028480721A3FB000201FB032122A3D3E9B6
:105120000023FBF705FF34690444002C346109DBDC
:1051300040F2E24305FB03F3A3422FD2E41AA34259
:10514000FCD33461D8F800301A48A3EB0903A3FB61
:105150000002072101FB032113A3D3E90023FBF77E
:10516000E7FE154BA3FB0737A0EB974020443061C7
:1051700003B0BDE8F08348460CF044F803460D4800
:105180000721A3FB000201FB032107A3D3E90023AE
:10519000FBF7CEFE3469241AC7E73469002CD1D15D
:1051A00003B0BDE8F08300BF00CA9A3B00000000D6
:1051B000BFBDF07F8D49FD1A83DE1B430000000058
:1051C00010B5334C3349002304F1FF3C14F833206D
:1051D000072A02EB820E05D811F83E206FF3451224
:1051E00001F83E201CF833206FF300020CF8332046
:1051F0000133082BEAD1284A284C002313700A787F
:1052000063F300020A7091F8282063F3000281F82A
:10521000282091F8502063F3000281F8502091F883
:10522000782063F3000281F8782091F8A02063F3DE
:10523000000281F8A02091F8C82063F3000281F8F1
:10524000C82091F8F02063F3000281F8F02091F873
:10525000182163F3000281F81821114A9FED0A7B9F
:105260001370104B83ED007B0F4B236028B1BDE81A
:1052700010400E490E4832F0CCBBBDE810400C483F
:1052800032F0D3BBAFF30080FFFFFFFFFFFFFFFF54
:105290001D840020DC820020E4980020EC810020A6
:1052A000E398002098170020A0BB0D0029290300D7
:1052B00068170020000000002DE9F04F8FB00DF1BD
:1052C00037010446DFF8E0A0DFF8E0800DF136009A
:1052D0000DF0ACF89DF836309DF837B00B930BF01D
:1052E0008FFFDAF80060A6FB085629A3D3E9002354
:1052F0000027814631462846FBF71AFECDE907779D
:10530000069420F07F44DAF80400234B0593A0FBB9
:1053100008011FA3D3E90023FBF70AFE1F4B20F06F
:105320007F40A4FB0331072202FB0411CDE9037087
:10533000E81A66EB01014FF47A720023FBF7F8FDDF
:105340000097CDE901404B460B985A4603210BF0DC
:105350007BFD10F0FD0404D06FF08B000FB0BDE8B2
:10536000F08F0F480F4A00232BF012FA20B9DAF819
:105370000C000FB0BDE8F08F9DF837209DF8360087
:105380000094234603210BF04FFE6FF07300E5E716
:105390008D49FD1A07000000A53003008D49FD1A54
:1053A00090840020447B0B00A884002000CA9A3B14
:1053B00038B50F4D04460BF023FFA9680BF022FF10
:1053C000696803460B48B3FBF4F4A1FB00011C44DD
:1053D00005A3D3E90023FBF7ABFD20F07F40844217
:1053E00094BF0020012038BD8D49FD1A0700000040
:1053F000A884002000CA9A3BF0B5C468636883B0F3
:105400000546002B6AD121F0E1FF002022F04AF886
:10541000A17A607A01F00101C0F3820021F0F0FF6F
:10542000627A252102F01C02082022F06FF8484B16
:10543000019301A822F056F8464940F25B6022F041
:105440001DF9237AC3F3420262F306132372204646
:105450001EF0BEFF1DF0A4FD58BB637A9B071FD151
:1054600027682E6838461EF08DFA06446A6806F1F1
:105470001801012022F074FB22F0B6FC204612F045
:1054800093F9811C3246C9B238461EF089FA0546A6
:1054900078BB20461EF0DCF988B9002003B0F0BDCF
:1054A00001201DF077F84178821C007822F0F8FA8C
:1054B000D6E7607A10F0030018BF0120F1E7264A12
:1054C0002649274840F229432EF0A9FD85F311888B
:1054D000BFF36F8F0323184602DFDEE793F82C300B
:1054E0009A0790D01F48214621F02EFF22F06CF839
:1054F000D3E7194A1C491A4840F211432EF08FFD98
:105500001A4B0721A5FB030301FB05310EA3D3E9C9
:105510000023FBF70DFD1649024616482EF07FFDCD
:10552000002585F31188BFF36F8F0323184602DF30
:105530001148214621F008FF22F046F86FF08B0059
:10554000ACE700BFAFF3008000CA9A3B0000000048
:10555000D6BE898E555555005CBD040050A7040089
:105560005CA50400553B030034A604008D49FD1AD8
:1055700010BE0400DCBD0400F53E03000000000086
:105580002DE9F047C46882B0002306460DF10301FF
:1055900004F1140067688DF803301EF0E3FE8046C6
:1055A000002800F0D5803B7B07EB83031D692B7837
:1055B00003F00F03072B0DD0914A92499248A6237E
:1055C0002EF02DFD002383F31188BFF36F8F03238B
:1055D000184602DFAB7813F03F0900F09680EB78B5
:1055E000D8074CBF05F10A022A1D990748BF0632A9
:1055F000180748BF0232D90640F194809378517859
:105600001B0203F4F8530B4300F08C80238992F8BB
:1056100000A00133238121F0D9FE002021F042FFB8
:1056200097F80990B97A4FEA591901F001014846F3
:1056300021F0E6FE4FEA89025F21082021F066FF93
:10564000724B019301A821F04DFF0AF03F0A704907
:1056500040F25B6022F012F850461EF0B3F9AB78CE
:105660003F2B2BD86B48214621F06EFE22F0DCF94F
:10567000404621F081FF2768356838461EF082F9E0
:10568000054405F118017268012022F069FA22F040
:10569000ABFB204612F04AFFC11C2A46C9B238466D
:1056A0001EF07EF9054600287BD120461EF0D0F87A
:1056B00000283ED1002002B0BDE8F0870DF10301C3
:1056C00007F118001EF04EFE054600285BD021466B
:1056D000514821F039FE962022F036FA484622F051
:1056E00079F99DF80330002B46D11DF059FC0028B4
:1056F0003CD17B7A9B07BBD001201CF04BFF41784B
:10570000821C007822F0CCF9B2E73D4A43493E487A
:10571000AD232EF084FC89F31188BFF36F8F032330
:10572000184602DF3E48214621F00EFE21F04CFFD4
:10573000C0E7334A3B49344840F257132EF06FFC20
:1057400085F31188BFF36F8F0323184602DFB1E79B
:105750002B4A35492C4892232EF061FC88F311889E
:10576000BFF36F8F0323184602DF1CE7787A10F02F
:10577000030018BF0120C0E7D8F804306B60B8F808
:1057800008302B81B1E71E4A28491F48DD232EF03F
:1057900046FC85F31188BFF36F8F0323184602DFA1
:1057A00095E7174A224918484FF4A4732EF037FCA6
:1057B000204B0721A5FB030301FB05310EA3D3E911
:1057C0000023FBF7B5FB1C4902461C482EF027FCC2
:1057D000002585F31188BFF36F8F0323184602DF7E
:1057E0000C48214621F0B0FD21F0EEFE6FF08B0059
:1057F00061E700BFAFF3008000CA9A3B00000000E1
:105800001CBE040074BE04005CA50400D6BE898ED4
:1058100055555500354A0300854A030010A604007B
:10582000E94B030050A704006CBE0400D0BD040087
:1058300034A604008D49FD1AA4BE0400DCBD04009A
:10584000F0B5C4680189228AA38A0A4492B213443B
:105850000546628298B294F8242094F82530411CC1
:10586000A1829A424FF0000183B0218205D0E18CE1
:10587000411A090402D484F824301A4602EB420388
:1058800004EB430306215B7F01FB02421832E18AED
:1058900003F03F031CF0F8F9074621F097FD0020C4
:1058A00021F000FE63685E7A997A7609304601F04D
:1058B000010121F0A5FDB2005F21082021F026FEA4
:1058C00004F1080021F00EFEA389A17B40F25B6089
:1058D00043EA014121F0D2FE38461EF073F800235E
:1058E0000DF1070104F128008DF807301EF03AFD94
:1058F0000646002835D02146374821F025FD22F004
:1059000093F8304621F038FE27682E6838461EF09E
:1059100039F806446A6806F11801012022F020F9DE
:10592000204613F07BFA011D3246C9B238461EF0FC
:1059300037F8054618BB20461DF08AFF10B9002035
:1059400003B0F0BD254A2649264840F219132EF02F
:1059500066FB85F31188BFF36F8F0323184602DFC0
:10596000EDE71E4A20491F48B3232EF058FB86F36B
:105970001188BFF36F8F0323184602DFBBE7174A76
:105980001A4918484FF485732EF049FB184B07212C
:10599000A5FB030301FB05310DA3D3E90023FBF7AE
:1059A000C7FA1449024614482EF039FB002585F346
:1059B0001188BFF36F8F0323184602DF0F4821467B
:1059C00021F0C2FC21F000FE6FF08B00B8E700BFB1
:1059D00000CA9A3B00000000ED4F0300B0BE040077
:1059E00050A704005CA5040070BE040034A60400A7
:1059F0008D49FD1A00BF0400DCBD04000D3B03000F
:105A00002DE9F041C46894F91630002B8CB0C0F237
:105A10001681636805460E46002B40F00581A37D84
:105A20006FF30003A37521F0D1FC002021F03AFDB3
:105A300094F82000012100F0070021F0E1FC94F827
:105A400020209200252102F01C02082021F05EFD9A
:105A500094F8203023F01803012084F820300CF053
:105A6000EBFD0746002800F0D08007F1200021F070
:105A70007DFD8D4B0B930BA821F034FD8B4940F23B
:105A80005B6021F0FBFDA07DC0F3410025301DF0DF
:105A900099FF8748214621F057FCA37D9B0603D43C
:105AA0006368002B00F0AE80962022F04DF80023B2
:105AB0001A461946184621F0A1FF1DF071FA002878
:105AC00038D1A37D13F0180F5FD1D4F800802F6870
:105AD00040461DF057FF07446A6807F1180100208F
:105AE00022F03EF822F080F921F0B6FF204614F0B3
:105AF000E7FB811DC9B240463A461DF051FF804682
:105B0000002840F0A38016B9E36A002B56D16368E1
:105B100043B1684B0122022100209D6009F020FD65
:105B200000283BD120461DF093FEF0B900200CB0B8
:105B3000BDE8F081A07DC0F3C0001CF02BFD07463E
:105B40000DF12B001DF094F879788046BA1C387856
:105B500021F0A6FF94F820209DF82B0092004146EA
:105B600002F01C0222F02CFAAFE7534A5349544882
:105B700040F20B232EF053FA002383F31188BFF376
:105B80006F8F0323184602DFD0E701201CF002FDCF
:105B90004178821C007821F083FF96E7464A494904
:105BA000474840F206232EF03AFA002383F3118887
:105BB000BFF36F8F0323184602DFB3E7424A079211
:105BC000424A059240F2F31200930892CDE903662F
:105BD000CDE9016606943B46052231460BF034F9C7
:105BE00010F0FD0F93D0344A394935484FF4FA7319
:105BF0002EF015FA86F31188BFF36F8F0323184632
:105C000002DF84E721F010FF57E72B4A31492C4887
:105C10004FF4C5732EF003FA87F31188BFF36F8F2B
:105C20000323184602DF20E7636893F82C30D90776
:105C300005D4636893F82C309A077FF5F0AE2648B8
:105C4000214621F081FB21F0BFFC6FE71A4A23496E
:105C50001B4840F2E5132EF0E2F9214B0721A8FB87
:105C6000030301FB08310EA3D3E90023FBF760F91E
:105C70001C4902461C482EF0D2F9002585F31188F4
:105C8000BFF36F8F0323184602DF1848214621F027
:105C90005BFB21F099FC6FF08B0048E7AFF30080CD
:105CA00000CA9A3B00000000D6BE898E55555500AB
:105CB000915D0100700400200CBF040050A7040097
:105CC0005CA5040048A604000555030039550300EF
:105CD000C8AC0400A8BD0400553B030034A6040072
:105CE0008D49FD1A64BF0400DCBD0400A952030005
:105CF00038B504461FF07CFAA37DA27DC3F34103AF
:105D0000013303F00303032B08BF002363F34202B4
:105D100014BF03F125002520A2751DF053FE636812
:105D20000BB123694BB90BF06BFAC11C002021F0B9
:105D300079FFBDE8384022F057B821F0F9FF054659
:105D40000BF05EFAC11C002021F06CFF22F04CF831
:105D500021F0EEFF29460BF055FA0B4A03460721C6
:105D6000A0FB020201FB032105A3D3E90023FBF7FB
:105D7000DFF823691B1A236138BD00BFAFF3008031
:105D800000CA9A3B000000008D49FD1A0000000087
:105D90002DE9F04F8DB0044621F05AFC10F0FF00C1
:105DA00013D1FF238DF829008DF827008DF82A30B4
:105DB0008DF828301DF060FEA948214621F0C4FA74
:105DC00021F002FC0DB0BDE8F08F21F063FC054628
:105DD00021F09AFE8DF8270021F0A0FE8DF8280012
:105DE00022F060F98DF8290022F03EF98DF82A00A2
:105DF00021F04CFE064621F025FEEDB207461DF0CF
:105E00003BFE002DD8D001200CF016FC05460028E2
:105E100000F0168195F8203003F00F03072B05F1F1
:105E2000200900F0E1809DF82730002B3ED19DF83D
:105E30002980B8F1000F40F0F98042464FF0FF0A88
:105E40004146534620461FF015FD0028B4D09DF86A
:105E5000298095F82020616800238DF82B30F6B258
:105E600002F00F03002948D0616891F82C108807D0
:105E700043D4072B40F0FC8094F820305A079BD085
:105E8000A27D12F0010297D10DF12B010191CDF805
:105E900000A04B46012120461FF032FD002840F0B3
:105EA0009E8095F8203003F00F0377E0A07D9DF8E9
:105EB0002810C0F3C0001CF0E5FE9DF829809DF875
:105EC00027208246BCE7012B45D195F821200C2ADA
:105ED000E7D195F82020CDF800A0194600230193C2
:105EE000D20905F1280320461FF04AFB002840F0A4
:105EF000CB8095F8203003F00F0363BB95F8213079
:105F00009A1F1F2A43D8A27D02F02102202A08D11D
:105F1000D4F804B0BBF1000F00F0AC81063B1F2B9E
:105F200035D8636833B195F8203003F00F03072BA1
:105F30007FF442AF9DF82B500097334652464146BE
:105F4000204601951FF08AFB00283FF435AF103042
:105F50007FF432AF36E7062BD0D04521D94011F07F
:105F6000010140F06581012B11D195F821300C2BF6
:105F700097D195F82020CDF800A00DF12B030193C7
:105F8000D20905F1280320461FF0FAFA38BB95F82C
:105F9000203003F00F03072B3FF46EAF042B7FF488
:105FA0000BAF95F82130063B1F2B3FF605AFA37DC5
:105FB000DB077FF501AF21F07BFB95F820300278FD
:105FC000C3F38013B3EBD21F7FF4F6AE0830062282
:105FD00005F1220132F070FA00287FF4EDAE95F859
:105FE0002130002B9DD1E7E60DF12A0301930DF13D
:105FF000290300930DF127020AAB4946204620F001
:106000009FFA9DF827308346002B40F0F1809DF8E1
:106010002980B8F1000F40F003814FF0FF0ABBF177
:10602000000F3FF416AF9DF8272009E79DF82A00DE
:106030001CF09AFE9DF829809DF827208246FFE6F5
:10604000084A0949094840F2C7232DF0E8FF85F3C3
:106050001188BFF36F8F0323184602DFDAE600BF13
:10606000FD5203000CBF0400A8BD04005CA50400A1
:10607000A17D090740F1C780002B7FF424AF95F87C
:106080002130063B1F2B82D804200CF0D5FA0028C3
:106090003FF492AE21F0B0FEE36A074643B9238D88
:1060A00040F2712202FB03F3B0FBF3F203FB120791
:1060B00023681A69BC4B0721A2FB030301FB0231D1
:1060C000B7A3D3E90023FAF733FFA0F2D3431F3B72
:1060D00062EB0202BB4272F10002FFF46DAE21F0EE
:1060E000A3FC6368079350461CF0A8FD94F8203089
:1060F0005B06814640F11681002800F0138183463B
:10610000012721F0D5FACDE9027B0BAB049305F111
:106110002203019395F82030C3F38013014607460C
:1061200000930022012320461FF058FC384621F03E
:1061300023FA21F079FA002840F0FA809B482146A2
:1061400021F002F9002E40F00381626892F82C30B1
:1061500043F0010382F82C30A37D43F08003A37544
:106160000CF086FA172202714FF6FF72C28095F882
:1061700020E006463B46CEF3401E00F1200207F128
:10618000200C1D6858689968DF68D7601033634534
:1061900015605060916002F11002F2D11B6813602B
:1061A00096F82030B4606EF3451386F8203021F065
:1061B000BFFDB8F1000F30610B9B736108BF4FF05A
:1061C000FF0A86F819A094F8203013F0400303D09A
:1061D000B9F1000318BF0123B27E63F30002B27667
:1061E0000CF046FA3146F06030680CF06FFAE9E5E1
:1061F000A07D9DF82810C0F3C0001CF043FD9DF861
:10620000298082460BE7BAF1FF0F8DF82CA0C2F36C
:10621000801B10D094F8212052453FF42DAF6CE63E
:106220009DF82A001CF0A0FD9DF829808246F6E624
:1062300095F8213072E605F122010BAA5846079124
:106240001CF050FE079900283FF453AE94F820301C
:10625000C3F340135B457FF44CAE062204F1080003
:1062600032F02AF900287FF444AE95F8203003F08C
:106270000F0301E7962021F067FC584621F0AAFBA6
:10628000CDE9007B33464146524620461FF0E6F9F1
:1062900000287FF491AD21F00BFA064603223378F3
:1062A00062F30303337095F820303278C3F3801320
:1062B00063F3C7120C233270504673701CF0BEFC9F
:1062C00094F82020570649D5002847D03178324627
:1062D00041F0400102F8021B0168C6F802108388F1
:1062E0009380D5F82230B360EB8CB381304621F037
:1062F00043F921F099F9002840D121F075FDA37DE3
:1063000043F00103A37595F82030190705D194F8DF
:10631000203043F0080384F820302548214621F03E
:1063200013F84FE5A77D04F1220BC7F38017E8E6C9
:10633000204A2149214840F2AF432DF070FE00234E
:1063400083F31188BFF36F8F0323184602DFF5E64E
:1063500021F08CFB079B83F8C200F6E6A37D327820
:10636000C3F3801363F38612334603F8022BD4F889
:106370002220C6F80220E28C9A80B2E70D4A0E492C
:106380000E4840F233532DF04AFE002383F3118868
:10639000BFF36F8F0323184602DFAEE7AFF3008031
:1063A00000CA9A3B000000008D49FD1AE953030022
:1063B000115303000CBF0400B0BD04005CA5040031
:1063C0002DE9F047C46882B007460DF1020120466E
:1063D00014F0B2F990F91630002BC0F20081436836
:1063E0000646002B40F0F0802379974A6FF386131E
:1063F00023710025158020F0E9FF284621F052F88E
:106400006079012100F0070020F0FAFF6279920024
:10641000FF2102F01C02082021F078F801200CF086
:106420000BF90546002800F0C08005F1200021F09E
:106430009DF8864B019301A821F054F8844940F25D
:106440005B6021F01BF9207900F03F001DF0BAFAE3
:106450002146804820F078FF962021F075FB627974
:1064600002F0070201231046002121F0C7FA1CF0B8
:1064700097FD002853D1B37D13F0180F7DD1D4F8C8
:1064800000903D6848461DF07DFA05EB00087A68EB
:1064900008F11801002021F063FB05466079D4F86B
:1064A00008A000F00700012121F078F80544607988
:1064B00000F00700022855442FD004280CBF4FF4E9
:1064C000BC73282301211D4421F06AF8284421F0DF
:1064D00043FC21F089FC21F0BFFA204614F022F998
:1064E00000F108014246C9B248461DF059FA054676
:1064F00000287BD1736843B1574BFE600122022113
:106500009F6009F02DF8002840D120461DF0A0F929
:1065100018BB002002B0BDE8F0871823D2E7B07D99
:10652000C0F3C0001CF036F805460DF103001CF066
:106530009FFB69788046AA1C287821F0B1FA62791D
:106540009DF80300C2F30202920042F002024146AB
:1065500002F01E0221F034FD91E7404A40494148D3
:1065600040F26E232DF05BFD002383F31188BFF30F
:106570006F8F0323184602DFCBE701201CF00AF8D7
:106580004178821C007821F08BFA78E7334A34494D
:10659000344840F269232DF042FD85F31188BFF3A2
:1065A0006F8F0323184602DFAFE72C4A2E492D4890
:1065B0004FF4FA732DF033FD85F31188BFF36F8F1D
:1065C0000323184602DF30E7436893F82C30DA07DC
:1065D00005D4436893F82C309B077FF505AF23481B
:1065E000214620F0B1FE20F0EFFF92E71B4A204940
:1065F0001C4840F24F232DF012FD1E4B0721A5FB36
:10660000030301FB05310EA3D3E90023FAF790FC45
:106610001949024619482DF002FD002585F311881D
:10662000BFF36F8F0323184602DF1548214620F081
:106630008BFE20F0C9FF6FF08B006BE7AFF300809B
:1066400000CA9A3B0000000086980020D6BE898EC2
:1066500055555500D16503008004002078BF040023
:1066600050A704005CA50400A8BD04002960030035
:1066700034A604008D49FD1AF8BF0400DCBD0400F7
:10668000295B0300000000002DE9F04F8FB00546A4
:106690000E46174620F0DCFF10F0FF0015D1FF2357
:1066A0008DF831008DF82F008DF832308DF83030B4
:1066B0001DF0D8F9002E5CD07F48314620F044FE12
:1066C00020F082FF0FB0BDE8F08F20F0E3FF04461A
:1066D00021F01AFA8DF82F0021F020FA8DF8300001
:1066E00021F0E0FC8DF8310021F0BEFC8DF8320085
:1066F00021F0CCF9C3B2079321F0A4F9E4B20690DB
:106700001DF0B0F99CB303200BF096FF044670B364
:1067100090F8203003F00F03072B00F1200A26D158
:1067200090F821301BB30DF1320301930DF13103C9
:1067300000930DF12F020CAB514628461FF000FFCD
:106740009DF82F208346002A40F0A6819DF83190C5
:10675000B9F1000F40F0C4814FF0FF08BBF1000F0A
:1067600029D04346494628461FF084F818BB002E1E
:10677000A2D195F82030D90640F189810BF078FF3D
:106780000446002800F0B4820A232371A560AB6997
:106790002068E36021460BF099FF95F82030DA0677
:1067A00040F175816FF30413444885F82030294681
:1067B00020F0CAFD84E76B6800228DF833202BB1EE
:1067C0006B6893F82C1011F002017DD06B68002BE0
:1067D00000F073816B68002BC9D1002E00F0A781F7
:1067E00033791B0612D4AB691BB193F90430002B2B
:1067F0000CDB0DF1330300220193CDF800805346EA
:10680000114628461FF07CF80028B0D0A6603379E6
:10681000A27EC3F3801363F30412A276337943F0AC
:10682000800333710023AB610BF022FF21F080FA6B
:10683000206121F0E1FA06998346384620F0B0FE47
:10684000A37E069A62F38203A376079BABEB00005C
:106850006061002B40F02D817F20A37E9DF83320C6
:106860002076B9F1000F03F0F70308BF4FF0FF08DF
:1068700062F3410384F81980A376002E00F038817A
:10688000069A0F4B0096394650461FF09DFDA37E99
:10689000092260F3C713A3762068227121460BF00A
:1068A00015FF94F91A30002BFFF60CAF054A138838
:1068B0000133138000E700BF295B03004158030048
:1068C000556103008698002094F822305B067FF51E
:1068D0007DAFCDE900815346012228461FF010F814
:1068E00000283FF473AF002E00F0118204200BF05B
:1068F000A3FE00283FF4E0AEB34621F07DFAEB6A38
:10690000824643B92B8D40F2712202FB03F3B0FBA8
:10691000F3F203FB120A2B689D481B690721A3FBB6
:10692000000201FB032198A3D3E90023FAF700FB3F
:106930000346780700F1F88107F0030202F12B010A
:10694000C7F34000C9001732D200C1405B1AC240F1
:106950006FF481610B449B1A1F3B62EB02025345AB
:1069600072F10002FFF403AF40461CF067F995F89E
:10697000203009905A0640F1E181002800F0DE81C4
:1069800008904FF0010A20F093FE089B0DAACDE974
:1069900002A3049204F12402019294F82020069BA1
:1069A000C2F3801201468246009228463A461FF002
:1069B00015F8504620F0E0FD20F036FE002840F0AB
:1069C000E18121F011FA962021F0BEF8384621F03D
:1069D00001F87048594620F0B7FC079B002B40F0A7
:1069E000CB816A6892F82C3043F0010382F82C3096
:1069F000AB7D43F08003AB750BF03AFE17220271BA
:106A00004FF6FF72C2800446534600F120020AF19D
:106A1000200E1F6858689968D3F80CC0C2F80CC0E3
:106A20001033734517605060916002F11002F0D18D
:106A30001B68136094F82030A56043F0200384F8AD
:106A4000203021F075F9B9F1000F0D9B206108BFCE
:106A50004FF0FF0884F81980636195F8203013F037
:106A6000400303D0099B003B18BF0123A27E63F3C0
:106A70000002A2760BF0FCFDE060CBF80C40002E8B
:106A80007FF420AE444A1388013313801AE6A969C3
:106A9000424820F059FC13E6A87D9DF8301008927A
:106AA000C0F3C0001CF0EEF89DF83190089A8046C3
:106AB00054E620F0DBFFC0B2CFE6AB7D9B067FF54E
:106AC00089AE002E6ED03379580600F1058194F816
:106AD00022207F2A73D86A68002A3FF482AEEBE551
:106AE0009DF8320008921CF03FF9089A804635E67E
:106AF000069A2B4B0095394650461FF065FCA37E45
:106B0000092260F3C713A3762068227121460BF097
:106B1000DDFD94F91A30002B80F2188195F82030B1
:106B200043F0100385F820300FB0BDE8F08FAB695B
:106B30001BB193F90430002B16DB0DF13303002257
:106B40000193CDF800805346114628461EF0D8FE2A
:106B500000283FF40EAEAB6933B995F82030D80663
:106B60003FF50CAE002193E7A560AB69E3601B79AC
:106B7000A27EC3F3801363F30412A276AA69137989
:106B800043F0800313714FE600CA9A3B00000000F7
:106B90008D49FD1AF55C030086980020295B0300EF
:106BA00055610300AA69002A00F0C38013795906D1
:106BB0003FF510AE94F822307F2B7FF60BAE0DF12F
:106BC000330300220193CDF8008053461146284636
:106BD0001EF096FE00283FF4FDAD04200BF02CFDC6
:106BE00000283FF4C4AD962020F0AEFF384620F0D8
:106BF000F1FE20F05DFD0378032262F303030370CE
:106C000094F820300278C3F3801363F3C7120C2387
:106C100002704370824640461CF010F895F8203010
:106C20005A0640F19880002800F095809AF80020DC
:106C3000534642F0400203F8022B0268CAF80220D1
:106C400082889A80636ACAF80830238DAAF80C30CB
:106C5000504620F091FC20F0E7FC002840F0A28094
:106C600021F0C2F80BF004FD09232371002E00F07F
:106C7000AD805D48A660314620F066FB337943F075
:106C80004003337121F054F8206121F0B5F80699E2
:106C90000546384620F084FC079B2D1A6561002BC1
:106CA00040F090807F21A27E9DF83330217602F063
:106CB00065025B00B9F1000F42F0080223F07D038A
:106CC00008BF4FF0FF081343206884F81980A376AB
:106CD00021460BF0FBFCF5E4AA69002A7FF466AFBD
:106CE0006A68002A7FF4E8AC1B067FF582AD8DE56B
:106CF0003E4A3F493F4840F277332DF090F984F304
:106D00001188BFF36F8F0323184602DF3CE5D5F8E7
:106D100018B0BBF1000F3FF420AF04200BF08CFC47
:106D200000287FF4EAAD24E5A3F535634FF4CA6289
:106D30000EE66B68002B3FF400AF1AE595F816A03D
:106D400005F12203CAF3801A08931CE62A4A138825
:106D50000133138021E5AB7D9AF80020C3F3801343
:106D600063F38612534603F8022BD5F82220CAF8A3
:106D70000220EA8C9A8065E720F078FE6B6883F841
:106D8000C2002EE6194A1D491A484FF481632DF0BE
:106D900046F9002383F31188BFF36F8F032318464E
:106DA00002DF0EE6114A1549124840F29E432DF0CB
:106DB00036F9002383F31188BFF36F8F032318463E
:106DC00002DF4DE720F052FEC1B26CE7A560AB696F
:106DD000E3600B48214620F0B7FAAA69137943F023
:106DE000400313714EE700BFA55C030078BF0400A9
:106DF00058BF04005CA5040086980020B0BD0400C4
:106E0000555C0300000000002DE9F041C468A28A2F
:106E10004FF6FF739A4282B000F0E28005461FF001
:106E20006DFC2B89628B208CA3831A4492B2104490
:106E300094F82730E28380B2411C21845E064FF033
:106E40000001618304F1220100F1A38003F03F00FF
:106E50000B4694F82810009004F129001AF0C8FE9F
:106E60000646D4E90C31A28B02FB0333A26B134418
:106E7000E26B8B4294BFD21852188A4228BF0A464E
:106E8000E263616C226C94F867301144616494F899
:106E90007E2094F82C10C3F3020363F3061112F062
:106EA00004024FF0000384F82C10A36323647AD00B
:106EB00020F08CFA002020F0F5FA201D20F012FBC3
:106EC0002389A17A40F25B6043EA014120F0D6FBBE
:106ED00030461CF077FD21465B4820F035FAA0894A
:106EE00020F032FE94F8662094F86700C2F3C003E5
:106EF000002102F0070200F0070020F07FFD20468D
:106F00001FF0BCFC27682E6838461CF03BFD064489
:106F10006A6806F11801002020F022FE804620F069
:106F200037FF002020F04EFFE36B94F8670003F179
:106F30002F02636C00F00700012103EB420520F0F3
:106F40002DFB4544054494F8670000F00700022833
:106F500027D004280CBF4FF4BC73282301211D4403
:106F600020F01EFB284420F0F7FE20F075FDA18ADA
:106F700009313246C9B238461CF012FD05460028D8
:106F800035D120461CF064FCD8B9002002B0BDE821
:106F9000F0810A4603F03F03218D1AF075FE064684
:106FA0005FE71823DAE7D4E91A0108F06BFA002842
:106FB0007FF47EAF94F87E3043F0040384F87E3093
:106FC00076E7224A224923484FF4B0732DF027F880
:106FD00085F31188BFF36F8F0323184602DFD4E7D0
:106FE0001D48214620F0B0F920F0EEFACDE7174A0F
:106FF0001A4918484FF4AB732DF011F8184B0721BC
:10700000A5FB030301FB05310DA3D3E90023F9F729
:107010008FFF1449024614482DF001F8002585F32E
:107020001188BFF36F8F0323184602DF0F482146F4
:1070300020F08AF920F0C8FA6FF08B00A6E700BFB5
:1070400000CA9A3B000000002D6B030084C00400BE
:1070500050A704005CA50400553B030034A60400BF
:107060008D49FD1AD8C00400DCBD04000D3B0300AF
:10707000F0B5C468A28A4FF6FF739A4285B000F05B
:107080008F8005461FF03AFB2B89628B208CA383EF
:107090001A4492B2104494F82730E28380B2411C23
:1070A00021845E064FF00001618304F1220160D467
:1070B00003F03F000B4694F82810009004F12900DB
:1070C0001AF096FD0646204603A91FF0C7FC039B55
:1070D00094F87E101A7861F3C3021A70039A94F838
:1070E0007E301178C3F3400363F38201117020F006
:1070F0006DF9002020F0D6F9201D20F0F3F9238946
:10710000A17A40F25B6043EA014120F0B7FA3046D1
:107110001CF058FC039920461FF074FC21463A48A5
:1071200020F012F9E08920F00FFD94F8670000F0DC
:10713000070020F04FFC27682E6838461CF022FC20
:1071400006446A6806F11801012020F009FD20F0CC
:107150004BFEA18A09313246C9B238461CF020FCE8
:10716000054620BB20461CF073FB50B9002005B03B
:10717000F0BD0A4603F03F03218D1AF085FD064657
:10718000A1E7224A224923484FF482732CF047FF9B
:1071900085F31188BFF36F8F0323184602DFE5E7FD
:1071A0001D48214620F0D0F820F00EFADEE7174AFD
:1071B0001A491848FA232CF032FF194B0721A5FB76
:1071C000030301FB05310EA3D3E90023F9F7B0FE59
:1071D0001449024614482CF022FF002585F311883B
:1071E000BFF36F8F0323184602DF1048214620F0BB
:1071F000ABF820F0E9F96FF08B00B8E7AFF300804F
:1072000000CA9A3B0000000015690300E4C00400B6
:1072100050A704005CA50400553B030034A60400FD
:107220008D49FD1A34C10400DCBD04000D3B030090
:107230002DE9FF47804616460F46002900F0A28040
:10724000B1FA81F4341B002E04F10A04C0F2A280CA
:1072500030462CF015FA044430462CF017FAA4EB13
:1072600006090546694630462CF038FAA9EB0503B5
:107270007D336A464046394631F0E4F9A6428246FB
:107280000D4600F38380B9F13F0F00F381804FF08A
:10729000FF33A9F1200003FA00F003FA09F2C9F163
:1072A0002001024323FA01F10A4303FA09F328EA11
:1072B000030327EA020213430CBF01200020002D24
:1072C00000F08A80B5FA85F3E31A03F23E4340F2F8
:1072D000FE72934200F38980002B23EAE376CCBF51
:1072E00032460122121BA2F23341C1F1200CA2F25C
:1072F0003447A2F253442AFA01F305FA0CFC43EA9C
:107300000C0325FA04F4C7F1200EA2F2544C2343D7
:1073100005FA0EFE2AFA07F425FA0CFC44EA0E04DC
:1073200044EA0C0414F0010F25FA01F1C7F1200C16
:10733000A2F2544254D0A8B14FF0FF3000FA02F24A
:1073400000FA07F4144320FA0CF2B84014432AEA76
:10735000000A03F0010225EA04054AEA020A5AEA91
:10736000050A3DD0013341F10002C2F3130253EA92
:10737000020138D0184642EA065141EC100B04B025
:10738000BDE8F087B0FA80F420345BE7012096E78F
:10739000002094E7C6F1000948462CF077F9241A3A
:1073A00048462CF073F9A61B0546694648462E440C
:1073B0002CF008FA06F17C036A464046394631F063
:1073C00041F982460D46404639462CF06FF9814519
:1073D0008CBF0020012072E7BAFA8AF3203373E7EA
:1073E000C1F31302C6E70136C4E79FED010BC6E700
:1073F000000000000000F07F2DE9F84F55EC104B25
:10740000C34A25F000439342AB4620D9C14A934278
:1074100001D80CD15CB122462B4620462946F8F70C
:107420009FFE04460D4645EC104BBDE8F88FBBF1BE
:10743000000F99A3D3E9002303DD99A1D1E900014D
:10744000EDE799A1D1E90001F8F788FEE9E7B24A32
:10745000934213D8A2F1DE7293420CD894A3D3E9DD
:10746000002320462946F8F77BFEAC4B0022F9F7B3
:10747000BDFA0028D7D14FF0FF3A28E0A84A93423E
:10748000264625F0004700F2BA80A2F5502293422A
:1074900000F29C8022463B4620463946F8F760FEC3
:1074A0009E4B0022F8F75AFE002204460D464FF08C
:1074B000804330463946F8F753FE02460B462046D5
:1074C0002946F9F72DF94FF0000A04460D462246E9
:1074D0002B4620462946F8F7F9FF02460B46804620
:1074E0008946F8F7F3FF74A3D3E9002306460F4655
:1074F000F8F7ECFF72A3D3E90023F8F731FE324628
:107500003B46F8F7E3FF70A3D3E90023F8F728FE22
:1075100032463B46F8F7DAFF6DA3D3E90023F8F7CC
:107520001FFE32463B46F8F7D1FF6BA3D3E9002399
:10753000F8F716FE32463B46F8F7C8FF68A3D3E9D2
:107540000023F8F70DFE42464B46F8F7BFFF66A34F
:10755000D3E900238046894630463946F8F7B6FF1E
:1075600063A3D3E90023F8F7F9FD32463B46F8F769
:10757000ADFF61A3D3E90023F8F7F0FD32463B46A7
:10758000F8F7A4FF5EA3D3E90023F8F7E7FD32463E
:107590003B46F8F79BFF5CA3D3E90023F8F7DEFD39
:1075A00032463B46F8F792FF02460B4640464946B4
:1075B000F8F7D6FD22462B46F8F788FFBAF1FF3FD1
:1075C00002460B4646D1204629463DE7534B002252
:1075D00020463946F8F7C2FD504B04460D460022BE
:1075E00030463946F8F7BCFD02460B462046294690
:1075F000F9F796F84FF0010A04460D4667E7494A45
:1076000093421CD2484B002220463946F8F7A6FD8B
:10761000454B04460D46002230463946F8F756FFE2
:107620003E4B0022F8F79CFD02460B4620462946B9
:10763000F9F776F84FF0020A04460D4647E722466E
:107640003A493B460020F9F76BF84FF0030A04462D
:107650000D463CE7364B374E03EBCA03D3E9002314
:10766000F8F77CFD22462B46F8F778FD06EBCA06B4
:1076700002460B46D6E90001F8F770FDBBF1000F9A
:10768000BCBF024601F1004304460D46BCBF144690
:107690001D46C8E6AFF30080075C143326A6913C74
:1076A000182D4454FB21F93F182D4454FB21F9BFF8
:1076B0009C7500883CE4377E11DA22E33AAD903FB6
:1076C000EB0D76244B7BA93F513DD0A0660DB13F19
:1076D0006E204CC5CD45B73FFF8300922449C23F81
:1076E0000D5555555555D53F2F6C6A2C44B4A2BF46
:1076F0009AFDDE522DDEAD3F6D9A74AFF2B0B33F0E
:10770000711623FEC671BC3FC4EB98999999C93F85
:10771000FFFF0F440000F07FFFFFDB3F0000F03F62
:10772000FFFFF23F008003400000F83F0000F0BF81
:10773000889F0400A89F04007FB58DED000B019B7E
:10774000254A23F00043934206D89FED211B07B042
:107750005DF804EB00F0D4BA204A934204D907B094
:107760005DF804EB00F0C0BA02A800F039F800F0B0
:10777000030001280BD0022819D0F8B99DED041B95
:107780009DED020B00F0BCFA53EC102B0AE09DEDCE
:10779000041B9DED020B00F0CFFE51EC100B0246D6
:1077A00001F1004343EC102B07B05DF804FB9DEDA5
:1077B000041B9DED020B00F0A3FAEEE79DED041B08
:1077C0009DED020B012000F0B7FEDDE7AFF3008076
:1077D0000000000000000000FB21E93FFFFFEF7FF9
:1077E0002DE9F04F5BEC10ABC54B8DB02BF0004892
:1077F00098450446CDF810B007D80022002380ED4C
:10780000000BC0E90223002528E0BE4B984578D83C
:10781000049BBD4D002B5046ABA3D3E90023594632
:1078200038DDF8F79BFCA84506460F461AD0A8A3FA
:10783000D3E90023F8F792FC02460B4680468946BE
:1078400030463946F8F78AFCA1A3D3E90023F8F7BC
:1078500085FCC4E90089C4E90201012528460DB070
:10786000BDE8F08F9CA3D3E90023F8F777FC9CA335
:10787000D3E9002306460F46F8F770FC02460B4694
:107880008046894630463946F8F768FC94A3D3E928
:107890000023DCE7F8F764FCA84506460F4618D03D
:1078A0008BA3D3E90023F8F75BFC02460B46804626
:1078B000894630463946F8F751FC85A3D3E90023C1
:1078C000F8F74EFC4FF0FF35C4E90089C4E9020126
:1078D000C4E781A3D3E90023F8F742FC80A3D3E9EE
:1078E000002306460F46F8F73BFC02460B4680464F
:1078F000894630463946F8F731FC79A3D3E90023AD
:10790000DEE7824B984500F2CE802BF0004776A34D
:10791000D3E9002350463946F8F7D8FD7C4B0022C6
:10792000F8F71EFCF9F782F80546F8F765FD024600
:107930000B46CDE9022364A3D3E90023F8F7C6FD83
:1079400002460B4650463946F8F708FC60A3D3E9D7
:10795000002382468B46DDE90201F8F7B7FD0246B7
:107960000B4606460F4650465946F8F7F7FB1F2DC3
:1079700005DC684B6A1E53F82230434508D14FEAB4
:1079800028530593C1F30A53C3EB1853102B02DCA1
:10799000C4E9000139E050A3D3E90023DDE9020185
:1079A000F8F794FD06460F4602460B4650465946E8
:1079B000F8F7D4FB02460B468046894650465946A6
:1079C000F8F7CCFB32463B46F8F7C8FB44A3D3E9B3
:1079D000002306460F46DDE90201F8F777FD32463F
:1079E0003B46F8F7BBFB02460B4606460F464046B1
:1079F0004946F8F7B3FB059AC1F30A53D31A312B62
:107A000020DCC4E90001C246CB46D4E900895046D7
:107A100042464B465946F8F7A1FB3B463246F8F73B
:107A20009DFB049B002BC4E90201BFF617AF09F1CF
:107A30000043636001F10043C4F80080A060E3608C
:107A40006D420BE72AA3D3E90023DDE90201F8F731
:107A50003DFD06460F4602460B4640464946F8F7AE
:107A60007DFB82468B4602460B4640464946F8F768
:107A700075FB32463B46F8F771FB1FA3D3E90023A1
:107A800006460F46DDE90201F8F720FD32463B4687
:107A9000F8F764FB06460F4602460B465046594629
:107AA000F8F75CFB74E71C4B984537D952465B46A8
:107AB00050465946F8F752FBC4E90201C4E90001F7
:107AC000A1E600BFAFF3008000004054FB21F93F66
:107AD0003163621A61B4D03D0000601A61B4D03DD8
:107AE0007370032E8A19A33B83C8C96D305FE43FCE
:107AF0000000002E8A19A33BC14920259A837B39B7
:107B0000FB21E93F7BD90240FB21F93FFB213941B1
:107B10000000E03FC0C70400FFFFEF7F4FEA285599
:107B2000A5F21645A8EB055150460F46F8F77EFF23
:107B3000F8F762FC02460B4650463946CDE906236B
:107B4000F8F70CFB224B0022F8F7C0FC0F46064664
:107B5000F8F76CFFF8F750FC02460B463046394602
:107B6000CDE90823F8F7FAFA194B0022F8F7AEFC32
:107B7000CDE90A010DF130094FF003080026002776
:107B800079E9020132463B46C24608F1FF38F8F770
:107B900005FF0028F4D10F4B0193022300932A46DE
:107BA0005346214606A800F06BF9049B002B0546BE
:107BB000BFF654AED4E9002101F10043C4E900232B
:107BC000D4E9022101F10043C4E9022338E700BFF0
:107BD0000000704140C804007FB58DED000B019B93
:107BE000254A23F00043934207D89FED211B002034
:107BF00007B05DF804EB00F09FBC204A934204D923
:107C000007B05DF804EB00F06FB802A8FFF7E8FDDD
:107C100000F00300012810D0022815D008BB9DED0C
:107C2000041B9DED020B012000F086FC53EC102B91
:107C300043EC102B07B05DF804FB9DED041B9DED9C
:107C4000020B00F05DF8F1E79DED041B9DED020BCA
:107C5000012000F071FC51EC100B024601F10043D1
:107C6000E6E79DED041B9DED020B00F049F8F2E7FD
:107C70000000000000000000FB21E93FFFFFEF7F54
:107C80007FB58DED000B019B154A23F00043934215
:107C900007D89FED111B012007B05DF804EB00F041
:107CA00003BD104A934204D907B05DF804EB00F01D
:107CB0001BB802A8FFF794FD400000F002009DED04
:107CC000041B9DED020BC0F1010000F0EDFC07B0BC
:107CD0005DF804FBAFF3008000000000000000002E
:107CE000FB21E93FFFFFEF7F08B52BF0E7FD9FED9C
:107CF000020B08BDAFF30080000000000000F87F19
:107D00002DE9F74F59EC108B29F00046B6F1795F59
:107D10008DED001BC0F0888042464B4640464946E8
:107D2000F8F7D4FB504B002204460D46F8F7CEFB83
:107D30003FA3D3E9002382468B4620462946F8F725
:107D4000C5FB3DA3D3E90023F8F70AFA22462B46E8
:107D5000F8F7BCFB3AA3D3E90023F8F7FFF9224672
:107D60002B46F8F7B3FB38A3D3E90023F8F7F8F96B
:107D700022462B46F8F7AAFB35A3D3E90023F8F7F0
:107D8000EDF922462B46F8F7A1FB33A3D3E90023F4
:107D9000F8F7E6F922462B46F8F798FB22462B46E1
:107DA000F8F794FBDDE9002304460D4640464946BA
:107DB000F8F78CFB0B46024629462046F8F7CEF929
:107DC0002A4B9E428046894610D802460B465046B2
:107DD0005946F8F7C3F90B46254902460020F8F743
:107DE000BDF941EC100B03B0BDE8F08F214B2049E9
:107DF0009E428CBF204DA6F50015002422462B463E
:107E00000020F8F7ABF9224606460F462B465046AF
:107E10005946F8F7A3F942464B46F8F79FF9024650
:107E20000B4630463946DAE79FED0D0BDBE700BF26
:107E3000D43888BEE9FAA8BDC4B1B4BD9EEE213ED7
:107E4000AD529C804F7E923E9015CB19A001FA3E18
:107E50007751C1166CC1563F4C5555555555A53FE8
:107E6000000000000000F03F0000E03F3233D33F4D
:107E70000000F03F0000E93F0000D23F000000009A
:107E80002DE9F04F2DED028BADF51B7D12F1140F96
:107E900009930191BE4BA6990A9053F8213004939F
:107EA000099B03F1FF33A8BFD41E0693B2BF002481
:107EB000182394FBF3F46FF0170304FB033303EB75
:107EC000020B049B069A9FEDAE8B03EB0208A79B67
:107ED000A71A22AE03EB87090025454513DD099B50
:107EE00022AA02EBC3050DF5E47A4FF00008049BCB
:107EF000984531DC9FEDA27BDDF828908DED027B6B
:107F00002F4600261BE0EF4207D459F82500F8F76A
:107F100073FAE6E802010135DFE751EC180BF8E7E8
:107F2000D7E90023F9E80201F8F7D0FA02460B4638
:107F3000DDE90201F8F714F9CDE902010136069BEB
:107F40009E42A7F10807EBDD9DED027B08F10108D9
:107F5000AAEC027B0835CAE7049BDDF810900EAA54
:107F600002EB83030C93A79B03EB84030B934FEA71
:107F7000C9030D939AAB03EBC90313ED287B8DED79
:107F8000027B0DF1380A72AB03EBC906D0464F46AF
:107F9000002FA6F1080677DC58469DED020B2BF06A
:107FA000B3FC55EC104B00224FF07F53204629467E
:107FB000F8F78CFA41EC100B2BF006FD754B51ECE9
:107FC000100B0022F8F782FA02460B46204629469B
:107FD000F8F7C4F80D460446F8F728FD0890F8F7BE
:107FE0000BFA02460B4620462946F8F7B7F8BBF1D4
:107FF000000F06460F466BDD09F1FF310EAB089C02
:1080000053F82130CBF1180043FA00F214448240B7
:108010009B1A0EAA089442F82130CBF117021341A3
:108020000293029B002B62DD089B00220133089320
:1080300014466FF07F40914500F3B880BBF1000F0C
:1080400007DDBBF1010F00F0CA80BBF1020F00F0A9
:10805000D180029B022B4AD132463B464E4900203A
:10806000F8F77CF806460F46002C40D058469FEDA6
:10807000460B2BF049FC3046394653EC102BF8F7F1
:108080006DF806460F4632E0444B0022DDE902015E
:10809000F8F71CFAF8F7CAFCF8F7AEF9404B0022E3
:1080A00004460D46F8F712FA02460B46DDE90201D6
:1080B000F8F754F8F8F7BAFCD6E9002348F8040BAF
:1080C00029462046F8F74CF8013FCDE902015FE769
:1080D00006D109F1FF330EAA52F82330DB159FE7D2
:1080E000304B0022F8F778FC002843D102900022A0
:1080F000002330463946F8F751FC002800F0CC80C8
:1081000009F1FF33002204998B427BDA002A00F048
:10811000968009F1FF390EABABF1180B53F82930FB
:10812000002BF6D058469FED180B2BF0EDFBDFF837
:108130006CB009F1010372AA55EC104B4FEAC30869
:1081400002EBC3074E464FF0000A002E80F2DC809F
:108150004C46002CC0F20A81134B1F4672AB03EB56
:10816000C40306934FF0000A4FF0000B0026A9EB62
:108170000405EFE00223029356E700BFAFF300804F
:108180000000000000000000000000000000F03FC0
:1081900048C90400000020400000F03F0000703E8D
:1081A000000070410000E03FC89F0400514651F8B4
:1081B000043B54B96BB10132C3F18073914541F86E
:1081C000043C0ADD0B680AF10801C31A41F8043CBB
:1081D000012301328A461C462DE701242EE709F1CE
:1081E000FF320EAB53F82230C3F316030EA941F849
:1081F00022302EE709F1FF320EAB53F82230C3F3E1
:108200001503F3E70EA951F82310013B0A437AE75F
:10821000013453F8042D002AFAD00D9B03F51A738C
:108220000DEB0305099B22AA4B4409F10107983D78
:1082300002EBC3064C44BC4204DAA14697E60C9B11
:108240000124E6E70B9B53F82700F8F7D5F89FEDDC
:10825000AE7BE6E802018DED027BDDF82890B246A8
:108260004FF00008069B984505DD9DED027B013728
:10827000A5EC027BDFE77AE90223F9E80201F8F7CF
:1082800025F902460B46DDE90201F7F769FF08F11F
:108290000108CDE90201E5E7CBF1000047EC106BE6
:1082A0002BF032FB55EC104B994B0022204629460F
:1082B000F8F792FB00B3974B002220462946F8F7C7
:1082C00005F9F8F7B3FB0646F8F796F8904B00224D
:1082D000F8F7FCF80B46024629462046F7F73EFF22
:1082E000F8F7A4FB0EAB0BF1180B43F8290009F1CA
:1082F000010943F8296015E720462946F8F796FB5F
:108300000EAB43F829000DE70EAB53F82600F8F743
:1083100073F822462B46F8F7D9F8524667E902016E
:108320005B4620462946F8F7D1F8013E04460D4643
:108330000BE70699F1E802230691F7E80201F8F746
:10834000C5F802460B4650465946F7F709FF013675
:1083500082468B46049B9E4201DCB542E9DA4AAB79
:1083600003EBC505C5E900AB013CF2E6A69B022B79
:108370000BDC002B38DC5AD0089B03F007000DF50E
:108380001B7DBDEC028BBDE8F08FA69B032BF3D1C8
:1083900008F51A730DEB0304A4F5A4742546CA4628
:1083A000BAF1000FA5F1080567DC4D46012DA4F1D7
:1083B000080400F383804AAB03EB0804002000218B
:1083C000B9F1010F00F39880029BDDE94A78DDE9FD
:1083D0004C56002B40F0A080019BC3E90078C3E914
:1083E0000256C3E90401C7E74AAB98444C46002053
:1083F0000021002C32DA029B002B35D0024601F11D
:108400000043019CC4E9002302460B46DDE94A0112
:10841000F7F7A4FE4CAD0124A14528DA029B13B165
:1084200001F100431946019BC3E90201A4E74AABED
:10843000984400200021B9F1000F08DA029B13B123
:1084400001F100431946019BC3E9000194E778E973
:108450000223F7F785FE09F1FF39ECE778E90223FB
:10846000F7F77EFE013CC4E702460B46C9E7F5E894
:108470000223F7F775FE0134CEE795ED007B8DED15
:10848000047B95ED027BDDE9040153EC172B8DEDA8
:10849000067BF7F765FE02460B4606460F46DDE90A
:1084A0000401F7F75BFEDDE90623F7F759FE0AF151
:1084B000FF3AC5E90201C5E9006771E794ED007B69
:1084C000D4E902AB51EC170B52465B468DED047BB1
:1084D000F7F746FE02460B4606460F46DDE9040165
:1084E000F7F73CFE52465B46F7F73AFE013DC4E91A
:1084F0000201C4E9006759E774E90223F7F730FE87
:1085000009F1FF395CE700BF000000000000000037
:10851000000070410000703E019B019A1F6008F14D
:1085200000445C609D6006F10043D36001F10043AC
:108530001061536120E700BF2DE9F04F5BEC10ABF9
:108540002BF0004385B0B3F1795F8DED001B8046C1
:1085500004D205B0BDE8F04F30F04FBA52465B464A
:1085600050465946F7F7B2FF04460D4602460B4601
:1085700050465946F7F7AAFF3EA3D3E90023064623
:108580000F4620462946F7F7A1FF3CA3D3E9002375
:10859000F7F7E4FD22462B46F7F798FF39A3D3E916
:1085A0000023F7F7DDFD22462B46F7F78FFF37A3B1
:1085B000D3E90023F7F7D2FD22462B46F7F786FFD3
:1085C00034A3D3E90023F7F7CBFDCDE90201B8F1DD
:1085D000000F17D102460B4620462946F7F776FFD3
:1085E0002EA3D3E90023F7F7B9FD32463B46F7F750
:1085F0006DFF52465B46F7F7B3FD41EC100B05B03B
:10860000BDE8F08FDDE90001194B0022F7F75EFFAE
:10861000DDE902238046894630463946F7F756FFA2
:1086200002460B4640464946F7F798FD22462B4640
:10863000F7F74CFFDDE90023F7F790FD0AA3D3E934
:10864000002304460D4630463946F7F73FFF024601
:108650000B4620462946F7F781FD02460B46504659
:108660005946F7F77BFDC8E7495555555555C5BFE0
:108670000000E03F7CD5CF5A3AD9E53DEB9C2B8AF0
:10868000E6E55A3E7DFEB157E31DC73ED561C119EF
:10869000A0012A3FA6F810111111813F49555555E7
:1086A0005555C53F000000002DE9F04F5BEC10ABC5
:1086B000D94B89B02BF000479F4259EC118B0646ED
:1086C000CDF808B059D850465946F8F7AFF90546E5
:1086D000002878D1731C51460B433B430CD1CF4942
:1086E00052463B460020F8F71BF882468B464BEC7F
:1086F00010AB09B0BDE8F08F012EF8D042464B46D2
:1087000050465946F7F72CFD02460B460F4600200F
:10871000C349F8F705F8CDE90001DDE900232E464D
:1087200052462C4630461D4639465B46F7F716FD45
:1087300002460B4640464946F7F710FD32462B46A7
:10874000F7F7C4FE324682468B462B463046394602
:10875000F7F7BCFEB14B0022F7F702FD02460B46CD
:1087600050465946F7F7FCFCDDE90023F7F7AEFE6B
:1087700022462B46F7F7F4FCB7E7AA4B9F4222D9D3
:10878000029B002B05DA0BF100439B4609F10043E5
:10879000994652465B4682A1D1E90001F7F7DEFC1B
:1087A00042464B4604460D467FA1D1E90001F7F74A
:1087B000D5FC22462B46F7F7D3FC4FF00008824643
:1087C0008B464FF0000952465B4650465946F7F734
:1087D0007DFE02460B46CDE90023F7F777FEDDE983
:1087E000002304460D4650465946F7F76FFE70A326
:1087F000D3E90023CDE9040120462946F7F766FEB8
:108800006DA3D3E90023F7F7ABFC22462B46F7F71D
:108810005DFE6BA3D3E90023F7F7A2FC22462B46AB
:10882000F7F754FE68A3D3E90023F7F799FC224633
:108830002B46F7F74BFE66A3D3E90023F7F790FC2E
:1088400022462B46F7F742FE63A3D3E90023F7F74E
:1088500087FCDDE90023F7F739FE61A3D3E90023A4
:10886000CDE9060120462946F7F730FE5EA3D3E99D
:108870000023F7F775FC22462B46F7F727FE5CA38B
:10888000D3E90023F7F76CFC22462B46F7F71EFED0
:1088900059A3D3E90023F7F763FC22462B46F7F7E9
:1088A00015FE57A3D3E90023F7F75AFC22462B46BF
:1088B000F7F70CFE54A3D3E90023F7F751FC024667
:1088C0000B46DDE90601F7F74BFCDDE90423F7F77A
:1088D000FDFD42464B46F7F743FCDDE90023F7F781
:1088E000F5FD42464B46F7F73BFC49A3D3E900238D
:1088F00004460D46DDE90401F7F7E8FD22462B4664
:10890000F7F72EFCCDE900010B46024659465046CA
:10891000F7F726FC434B9F4204460D4640F2848005
:108920003046F7F769FD2246804689462B462046A9
:108930002946F7F7CBFD424606460F464B462046F2
:108940002946F7F70DFC02460B4630463946F7F745
:10895000E7FEDDE90023F7F701FC02460B4650462F
:108960005946F7F7FBFB02460B46F7F7F9FB0246C1
:108970000B4640464946F7F7F1FB029B4FEAA37AC4
:108980000AF0020A0446CAF101000D46F7F734FD69
:1089900002460B4620462946F7F798FDA5E600BF9C
:1089A000182D4454FB21E93F075C143326A6813C73
:1089B000D47ABF74702AFB3EE9A7F0320FB8123F99
:1089C00068108D1AF726303F1583E0FEC8DB573F4D
:1089D00093846EE9E326823FFE41B31BBAA1AB3F0D
:1089E000735360DBCB75F3BEA69237A0887E143F2D
:1089F0000165F2F2D844433F280356C9226D6D3F0A
:108A000037D60684F464963F7AFE10111111C13FE7
:108A1000635555555555D53FFFFF2F3E0000F03F9C
:108A20000000F0BF2794E53F012E33D04FF000083F
:108A3000894602460B4600201849CDE90289F7F71E
:108A40006FFE52460F465B4606460D464046494677
:108A5000F7F784FB02460B46DDE90001F7F77EFBE2
:108A600042463B46F7F732FD424682468B463B463E
:108A700040464946F7F72AFD094B0022F7F770FBFD
:108A800002460B4650465946F7F76AFB44463246C3
:108A90003B466BE682468B4629E600BF0000F0BFEE
:108AA0000000F03F0000000010B19FED030B704785
:108AB0009FED030B704700BF000000000000008026
:108AC000000000000000000010B19FED030B704794
:108AD0009FED030B704700BF000000000000F0FF97
:108AE000000000000000F07F0A4A0023C2F898301E
:108AF000D2F8A010C90048BFD2F8A01003F10103BA
:108B000044BF81F08051C2F8A010082BEED10020A4
:108B1000704700BF00ED00E008B572B6FFF7E4FF54
:108B2000BFF35F8F024B0020C3F8940062B608BD0C
:108B300000ED00E070B5ADF5107D03A9022001F055
:108B400005FA044638B101464C482BF052FA20464B
:108B50000DF5107D70BD01461023039808AA2BF077
:108B60001CFE044610B101464548EEE79DF827304B
:108B7000012B05D1BDF82C2042F241339A4205D099
:108B800040482BF036FA6FF01504E0E79DF82E30E0
:108B90000A9EDB072CD52FF031FF3B4B18582EF0E7
:108BA00071FF3A49F8F7FAF910BB03F0B3FB384DFF
:108BB00021462CF095F8204601F0C6FEAE68B36C55
:108BC0001BB10CAA04212846984740F6CD4000214D
:108BD0002FF02BF80C9B002BF1D003F09BFB2D4AC0
:108BE0002B49126804230093012304F019FAAEE71D
:108BF0009DF82E5015F002050AD02748274B8168B2
:108C000098474FF0FF314FF0FF302FF00EF8F8E7A4
:108C100029464FF404720CA82FF0D7FB204B0D937C
:108C2000204B0E93204B0F934FF46023CDE98D36EC
:108C30000123CDE905551D498DF8143004AA05AB73
:108C40000CA807951FF028FD054628B101461848D5
:108C50002BF0CFF92C467AE704980C4984301FF0AA
:108C6000EDFC014628B913482BF0C3F96FF001045D
:108C70006DE704982A461FF0CBFD68E74DCD040050
:108C80006FCD04008DCD040010000000A4CD0400C1
:108C9000648B040008A004000807002011000E00E7
:108CA000736504009D650400B1650400E9CD04000E
:108CB000A9CD0400C7CD04007FB50BAB059303938A
:108CC000054B02930023CDE900330222184600F041
:108CD000BBFE07B05DF804FBF4CD04002DE9F04FB6
:108CE00091B08407009302F004030293C2F3C2031D
:108CF00003F10103DDF86880039205460E460593F3
:108D000040F0BA81041D30B1072909D86FF01B006B
:108D100011B0BDE8F08F01F007063444C6F1080633
:108D2000009B4FF00009591E4FF0040A4FF0FF332B
:108D30000193CDF810904F46CB4653460DB10098A5
:108D400020600598002800F3E8809848009A824245
:108D500003D397488242C0F0E080039AA4EB050E4B
:108D600092074FEA9E0000F103810F2F00F2B180BD
:108D7000002D00F0058107F140020DEB020C019A75
:108D80000CF8200C0CF8102C049801300490E7E04B
:108D90007A285DD84B280ED8472859D829282DD8AD
:108DA000252852D054D820287AD02338D0F1000B6F
:108DB0004BEB000B74E04C382E2849D8DFE800F06C
:108DC0007048484848484848484848484B484848F8
:108DD000484848484859484B4B595959704B6D4879
:108DE0007048184B184848827F4B48484B487F00D2
:108DF00000204FF0000B4FF0040A38E02A38C0B2D0
:108E0000012202FA00F010EA0E0F49D110F0625C64
:108E10002FD110EA020B43D06046013C5444B4FB0E
:108E2000FAF40AFB04F4002D61D0A3EB050CA44472
:108E3000B4453FF66BAF002868D1042B47D158F8F2
:108E4000043B2360043404232AE0019A013A01928E
:108E50004FF0000B24E011F8010C6C2834D111F80C
:108E6000023C00206C2B8346C5D14FF0080A5346C4
:108E7000D3E708F1070828F007080734F8E802AB41
:108E800024F0070435B106982044B0423FF63EAFC7
:108E9000C4E900AB08344FF0000B4FF0080A53460A
:108EA00011F8010F002878D0BBF1000F7FF470AFEC
:108EB0002528F5D1019B013301934FF0010B4FF0B1
:108EC000040AECE7584694E700208346A5E7082B00
:108ED00002D06FF015001BE708F1070828F007081B
:108EE000B8EC027B84ED007B08340823D8E768B92E
:108EF000042B02D108F10408A4E7082BE9D108F1FA
:108F0000070828F0070808F10808EDE70598013878
:108F1000059058F8040B009010E7039A900720D5AD
:108F2000A4EB050E4FEA9E004FF0010CBEF5007F4A
:108F3000CFD20F2FCDD8F5B107F140020DEB020EC5
:108F4000C0B2019A0EF8200C0EF8102CBCF1000FE4
:108F50003FF41AAF60F07F000EF8200C09F1010910
:108F60000137C5F10802043406924FF6DA7E97E71E
:108F70004FF0000CDAE7BCF1000F01D00136EFE74B
:108F8000029A0236002AEBD10098CDE90631F8F7B3
:108F900017F8DDE906310644E2E7631BB3F5806F9D
:108FA00097D23DB9A6F10804E018B1E6108A040092
:108FB000E0140500029A28609B082B709DF8103081
:108FC000C2B1EB7085F80290B9F1000F05D008A886
:108FD0000022C5F1010C97420ED1C5F101030DF13C
:108FE00020084FF0000A01930DF1300B574512D1C4
:108FF000601B8DE66B70E5E710F8013B190608D59C
:109000000CEB040EB64503F07F033FF67FAE04F889
:10901000013B0132DFE7B9F1000F03D098F90020DE
:10902000002A17DB029BD3B11AF80B2004F8012B9E
:109030000022019B18191044B0423FF667AE98F821
:10904000000004F8010B0099039220462FF095F9D7
:10905000039A14440AF1010A08F10108C6E798F8D6
:10906000002055F822300093029B45F822300098EA
:10907000F7F7A6FF421CDCE76FF00D0048E600BFE3
:109080002DE9F04F9BB090F802A0DDF890B0099365
:10909000CBF3C003044616460B93884641B9457886
:1090A00000780AEB80002044454516D8A0EB040860
:1090B000E3780A93BAF1000F02D01BF0010F15D12B
:1090C0000A9B002B39D11EB1099A41462046B04770
:1090D000454628461BB0BDE8F08F471C3846F7F7D9
:1090E0006FFF0130384408F10108DDE7227863683A
:1090F00006920893069B92000C9204EB8301002ECB
:1091000040F0E68045460F4601EB0A080026474539
:1091100022D017F8013B069154F82300F7F750FFCF
:10912000259B0699013033B1269B9E423EBF259B6D
:1091300023F8160001360544E9E71BF0020FC2D000
:10914000237806931F469B000C936368089304EBF7
:109150008701002E56D145460A9B01EB0A071BF0FA
:10916000050F07EB43090BF002030CBF4FF0020A97
:109170004FF0010A06934F45ABD017F8021B17F8C2
:10918000013C54F82380924B984502D3914B98456B
:1091900019D30B9B23B308982AF002FF00B38E4823
:1091A000036813F0060F0CD0089B03938B4B0293BC
:1091B00000230491CDE90033014602221846FFF74F
:1091C0007BFD023DD7E70B9B23B108982AF0E8FE10
:1091D0000028E4D11BF0010F05D1A5EB0A05CAE771
:1091E000069B002BC7D04046F7F7EAFE259B3BB114
:1091F000269B9E423FBF259A431C22F8163001361B
:109200000544B8E7BAF1000F66D01BF0040766D03A
:10921000574616A84FF00009524607912FF0ADF8B7
:1092200007990A9A01EB0A0307930A9B5B000E93C6
:10923000079B03EB42030D930BF002030F930D9B6F
:10924000079A93424DD163781BF0020F03EB09029A
:109250000CBF790800211BF0010FD2B240F08980C9
:109260001BF0040F14BF384600206270A070E1703C
:10927000099A0C9908932046B047051EFFF629AFBE
:10928000069B2370089B63700A9B099A84F802A0CE
:109290003946E37016A8B047071EC0F294800C9BB5
:1092A000099A0798A8EB0A01C91A0E9BC91AB04778
:1092B0000028C0F28A802F443D184FF000080DF1BD
:1092C000480BC14557D80021099A0846B04700E726
:1092D000D14612A800279FE75746D146A1E7B946D5
:1092E0009FE7079B13F8021B079313F8015C384BA9
:1092F00054F825209A4202D3364B9A4217D30B9B3F
:1093000023B108982AF04CFE002898D10F9BC3B9CE
:1093100007F168037A1C0DEB03001AAB53FA82F2D3
:10932000023700F8101CFFB202F8105C87E70B9BB5
:1093300023B108982AF034FE002880D11BF0010FD9
:109340000AD009F1680309F101020DEB030909F8DC
:10935000205C5FFA82F972E71BF0040F3FF46FAFF5
:1093600007F168037A1C0DEB030707F8105CD7B20E
:1093700065E7002079E718F80B308DF8473054F88E
:1093800023A0259BEBB1269B98451AD2259B33F849
:109390001870099A01210DF14700B047002814DB2D
:1093A000054427B95046F7F70BFE471CBFB2099A90
:1093B00039465046B047002807DB054408F101084C
:1093C0007FE70027E5E73D4683E6054681E600BFE7
:1093D000108A0400E014050064060020F4CD0400A7
:1093E000014B1860704700BF7801002070B5054E32
:1093F00004464518AC4200D170BD336814F8010B27
:109400009847F7E77801002080B505460E461746D5
:10941000984628F0C9F803462FF0F0FADFF81890C4
:10942000044649F80030424630463946A84754F8C9
:10943000090005F0EBF900BF100000002DE9F0472E
:10944000858B04462807904611D4022905F00705AC
:1094500040F0CC8020462AF07BFE78B10138A18B09
:10946000042811D8DFE800F0C2106D8595000129AD
:109470000CBF45F0100545F02005A58388F3118841
:10948000BFF36F8FBDE8F08701F0070AAA4500F02F
:10949000A5800027B9463E46A368002B00F0BC809B
:1094A00041F00801A18388F31188BFF36F8FA16891
:1094B000002900F0BA800D68002900F0B680D1F8CC
:1094C0000480334652462046C047002D76D02B6894
:1094D00029461D46F0E701F007035A1F012A1BD851
:1094E000002221F00701062B276889B2C4E9002277
:1094F00009D13B4603E0E28B0132E2831B68002B7B
:10950000F9D141F00201A18320462AF021FE002872
:109510007AD041F0200176E0042B0AD121F0070136
:1095200089B2A18320462AF013FE10B141F0200138
:10953000A183A18B01F0070AAA454FD00027B946A5
:10954000AAE7236921F0070141F00601062DD3F8AF
:109550000090A1832DD1B9F1000F3FD041F0080157
:10956000A18388F31188BFF36F8F3A492046C8471B
:1095700029E021F00701236941F0040189B2042D9B
:10958000D3F80490A183E6D000273E464FF0040AAA
:1095900082E721F00701236941F0050189B2052D19
:1095A000D3F80890A183D6D000273E464FF0050A95
:1095B00072E700273E464FF0060A6DE72B4687E725
:1095C000B9F1000FD1D1EFF31188202383F3128872
:1095D000BFF36F8FA38B23F00803A383A58BEA0649
:1095E0002ED525F01003A38305F00705A669A18BEE
:1095F000002EBFF670AF00232768C4E9003321F0C6
:10960000070141F00101A183A18B01F0070AAA45DE
:109610004FF000097FF440AF002F9CD041F00801CB
:10962000A18388F31188BFF36F8F002FC8D03D68E6
:1096300039463346524620462AF0B6FD2F46F4E717
:10964000AB067FF51BAF25F02003A38305F00705CC
:1096500000E700BFD54104002DE9F84F81463048AE
:109660000F462AF052FF064670B92E4CDFF8B8B00C
:109670000546A0464FF0010A5C4507D3B9F1000F3B
:1096800002D04FF0010AFDB9BDE8F88F237B83B10A
:109690002368DB680BB120469847636883F806A00F
:1096A00023681B6943B963680422196820462AF0BD
:1096B00063FF01361034DFE7204698470028F2D0D8
:1096C0000AFA06F31D43F4E7A94695FAA5F4B4FA9D
:1096D00084F40AFA04F3260108EB04146FEA030B7E
:1096E00025EA0305237B63B158F806301B6993B95B
:1096F0004644042273682046196809EA0B092AF0D7
:109700003BFF002DE1D127B14FF4A47000212EF0D2
:109710008CFA4D46B7E7204698470028F1D1E7E795
:10972000003D0020009104001091040008B503469C
:1097300008462BB1044A136000F0F2FB002008BD7C
:109740006FF01500FBE700BF7C0100200D4A0E48BA
:10975000002310B513700D4A13600D4A4FF40041F9
:109760001360FFF7E3FF00F099F80A4B0A49184627
:109770008B4200D310BD1A1A5C681211013222719B
:109780001033F5E7A498002007450400F83C0020BA
:10979000FC3C0020009104001091040070B50B4DBA
:1097A000297841B90120FFF757FF094C094EB4420F
:1097B00002D301232B7070BD63685B791BB12368F2
:1097C00020469B6898471034F1E700BFA49800201A
:1097D0000091040010910400014B1868704700BF0D
:1097E000FC3C002010B5044608482AF08EFE5CB10F
:1097F000BFF35B8F064B53E8001F013943E80012AB
:10980000002AF8D1BFF35B8F10BD00BFF83C0020E9
:10981000FC3C00202DE9F041164B174C1B68DFF88B
:109820005C8005469847A860444501D3BDE8F081B7
:1098300063685B793BB129784B0706D523682946D5
:109840001B68204698471034EEE728462E88C1F35F
:10985000C20700F0C9F9C6F382160246002EEDD009
:109860000028EBDB01233946204600F0C7F8B04260
:10987000E9D3E3E77C01002000910400109104008B
:10988000044A054B9B1AB1EBD30F34BF52F8310099
:1098900000207047D88F0400009104000B480C4B47
:1098A00030B51B1A0B4CDB0800210430994200D163
:1098B00030BD10F83120256802F0070225F00705B9
:1098C0002A4344F8042B0131F0E700BFD88F04008D
:1098D000009104003C060020F8B50B4F0B4DED1B2A
:1098E0000646ED080024AC4203D14FF0FF34204679
:1098F000F8BD57F8340020B13146F7F74FFB002888
:10990000F5D00134EFE700BFD88F040000910400C8
:1099100000282DE9F047884615461F461DDADFF876
:10992000A890254E4FF0000AA6EB090636095446CA
:10993000B24509F1100902D12046BDE8F08759F877
:109940000C0C3B4600792A464146FFF7E1FF844272
:1099500038BF04460AF1010AEAE7184B184AD21A3E
:10996000B5EBD20F26D203EBC5031C79BC4228BF4E
:109970003C46144EC0B200EB400056F8253007229A
:10998000824023EA020304F00702824013430021CD
:10999000032223FA02F000F00700814202F10302E1
:1099A00038BF01461E2AF4D123F007030B4346F8C3
:1099B0002530C1E70024DCE710910400D88F0400B3
:1099C000009104003C06002000910400F8B5094D08
:1099D000094BED1A06460F46ED080024AC4200D3B1
:1099E000F8BD002122B23B46304601342AF0B6FDD4
:1099F000A4B2F3E700910400D88F040070B141686D
:109A0000097973B1002A17DBCBB20C4951F8220057
:109A100003EB4303D84000F0070070474FF0FF31DD
:109A2000EFE707490748401AB2EBD00F3ABF01EB06
:109A3000C201087918467047042070473C06002090
:109A4000D88F0400009104002DE9F04F87B004AFD7
:109A5000D7E90EA93D6B04460E4693469846BAF1E7
:109A6000000F22D0C7F80490CDF8009010217A6B37
:109A700053460020FFF732F9B0F5006F014615D3C9
:109A80001C490B6813F0060F0BD040F2FF730393D1
:109A9000194B02930023CDE90033022218462AF025
:109AA000EEFD0C37BD46BDE8F08F514604F00704CB
:109AB0000BF0070BE40044EA8B1444EA412444EA27
:109AC000055417350D4425F00705ADEB050D04AD24
:109AD000BAF1000F07D0CDF800907A6B534605F12C
:109AE0001000FFF7FBF843462246314628462AF08D
:109AF00076FDD6E790060020DDCE04002DE9F04F7C
:109B000091B0C1F34A2607900D46904608930C0D7C
:109B1000002E5AD000270BAB4FF0040B4FF00A0A6F
:109B20000193CDF808B00DABCDF800A03A46314610
:109B30004046CDE90D770F97FFF7A2FAB0F5006F19
:109B4000B146034616D325490B6813F0060F0ED015
:109B500040F2FF730493D8F804300393204B00972E
:109B6000CDE9017302223B4638462AF088FD11B048
:109B7000BDE8F08FC0F30A0604F11700184420F086
:109B80000700800809932AF0E5FC66F35325044694
:109B900080B1099B134ACDF808B000F11001CDE95E
:109BA0000E370BABCDE900A30D910DAB49464046F6
:109BB000FFF766FA66F35325089B07992A46204665
:109BC00011B0BDE8F04F2AF00ABD04F1170020F0F3
:109BD000070080082AF0BEFC0446EBE79006002050
:109BE00015CF0400B3450400406820B1034BC01AF0
:109BF00040F38F0070474FF0FF3070473C06002065
:109C00000EB403B503AB014653F8042B044801938B
:109C100004F076FF02B05DF804EB03B0704700BFBC
:109C2000F9460400CA0605D48B064CBF0249034915
:109C3000FFF7E6BF704700BFABD7040054CF040066
:109C40002DE9F04F87B004469DF844600D469046DC
:109C50009946002E00F0A280159B03F0020A03F043
:109C600001030493159B03F0080B03F48073059321
:109C70002AF072FC024600283DD095492046FFF7A5
:109C8000BFFF0746BAF1000F09D0159B13F0440F30
:109C900033D190492A462046FFF7B2FF0744049B80
:109CA00053B18D4B8D4953F826208D4B2046002A09
:109CB00008BF1A46FFF7A4FF059B002B49D0BBF154
:109CC000000F64D1B8F1000F66D0864942462046A5
:109CD000FFF796FF0546129B3D44002B6DD1149B68
:109CE000002B73D1159BDB0700F1EB801599204603
:109CF000FFF798FFD8E00746C4E77B4B18680028B9
:109D0000CCD07A4B4FF47A7A1B68B5FBF3F54FF45D
:109D10006163B5FBF0F100FB11550AFB05F54FF04F
:109D20003C0CB1FBF3F203FB1211B5FBF0FEB1FBEF
:109D3000FCF300FB1E550CFB13110AFB05F500910B
:109D4000B5FBF0F56A49CDE901E52046FFF758FF7C
:109D5000A4E7BBF1000F1DD0664B674953F82620DE
:109D60002046FFF74DFF0546B8F1000F05D05D49CD
:109D700042462046FFF744FF0544B9F1000FAAD040
:109D80005E494A462046FFF73BFF0544A3E74FF0F4
:109D90000009E1E75D46E7E745469CE7B9F1010FB9
:109DA000129B06D1002B66D1149B002B7CD0002582
:109DB0000CE0002BF8D052485EE05248129B52490A
:109DC00022462AF0BCF8149B002B6AD0DFF84481AD
:109DD000DFF84491149F1599102F204628BF1027B3
:109DE000FFF720FF4FF0000B5D4547DC139B494612
:109DF0001A782046FFF704FF4FF0010B1BF0070F06
:109E000003D141462046FFF7FBFE5F453DD9139B3A
:109E1000494613F80B202046FFF7F2FE0BF1010B29
:109E2000BBF1100FEAD13949DFF8F0B020464FF00E
:109E3000000AFFF7E5FE5246139B9A5CA2F120014F
:109E40005F2928BF2E2259462046FFF7D9FE0AF186
:109E5000010ABAF1100F1DD01AF0070F03D14146C5
:109E60002046FFF7CDFE57455246E5D841462046ED
:109E7000FFF7C6FEEBE7234835469FE741462046FD
:109E8000FFF7BEFE0BF1010BAEE721492046FFF7BD
:109E9000B7FEC3E7139B3B441393149BDB1B149344
:109EA00098D1002E7FF41EAF6268A1682068D2E9C5
:109EB00000232AF013FC636800221A6007B0BDE893
:109EC000F08F074A05492046FFF79AFE0EE700BFCC
:109ED0005CCF040060CF040020A00400C5D90400BA
:109EE00057CF040085CF0400083D0020043D00202A
:109EF00069CF040034A0040089CF04008FCF040090
:109F000015470400F946040001EB01009ECF040050
:109F10009ACF04009CCF040094CF0400DBDF040040
:109F2000074A00210123904206D8064A01B90123BD
:109F30001360054B1860704740085B000121F2E791
:109F400040420F00043D0020083D002070B5104B3A
:109F50001C680D46B4B10F4B196800238B4202DB1D
:109F60006FF0010070BD224612F8106B864202D0DD
:109F700001331446F2E7E0682DF034F928B12C6083
:109F80000020EFE76FF00C00ECE76FF01200E9E75C
:109F90008001002048A00400F0B40C4B0C4E5F6A16
:109FA0000C4BB34203D36FF08500F0BC70475D6883
:109FB000BD4209D31C693CB195F802C00579AC4596
:109FC00002D12346F0BC18472433EAE70C3D0020B9
:109FD000F8080020D40800202DE9F047134CDFF8E2
:109FE0005080DFF8509005460E461746444503D38F
:109FF0006FF08500BDE8F0876268D9F824309A4296
:10A0000012D3A36983B190782979884205D13A4661
:10A0100031462846BDE8F04718475279012A03D156
:10A020003A463146284698472434DFE7D4080020D2
:10A03000F80800200C3D00202DE9F0410B4CDFF822
:10A04000308005460E461746444502D36FF0850022
:10A0500009E063690BB92434F6E73A4631462846ED
:10A0600098470028F7D1BDE8F08100BFD408002050
:10A07000F8080020024B00221A605A60704700BFA7
:10A08000C73D002070B50B4B0B4CA34201D3002001
:10A0900070BD196A1E7F00220439D5B2AE4201D8C4
:10A0A0002433F2E7013211F832508542F5D1012014
:10A0B000EEE700BFD4080020F808002008B50948E2
:10A0C0000378C3F341130A3350F823303BB100F156
:10A0D000080200F110019847C043C00F08BD1846A0
:10A0E000FCE700BF0C3D002010F0700F1FB511D031
:10A0F0000D490B685B0709D00C4B029300230390BA
:10A10000CDE90033012218462AF05CFB002005B09F
:10A110005DF804FB00F07F0310F0800F18BF1033D0
:10A1200001209840F3E700BFC4060020C0CF040020
:10A1300030B585B005462CF079FA10F1780F044659
:10A140001AD117490B6813F0060F09D0154B02936B
:10A150000023CDE900330395022218462AF032FB92
:10A160002846FFF7C1FF104AD2F8C43023EA0003A3
:10A17000C2F8C43000240FE00028F1D008490B6871
:10A180005B0709D0094B02930023CDE90033039507
:10A19000012218462AF016FB204605B030BD00BF4C
:10A1A000C4060020DBCF04000C3D0020FCCF0400DF
:10A1B00004282DE9F74FDFF8A49004460F4615D088
:10A1C00001282FD1DFF8908098F8B93053B300F010
:10A1D000CBFF204D4D4522D22A6A4FF0000A2B7F3B
:10A1E0005FFA8AF6B34204D82435F3E7FFF742FF5B
:10A1F000E8E702EBC606019230792CF017FA8346A5
:10A200003079FFF771FFD8F8C430019A23EA0003D0
:10A21000BBF1000FC8F8C4300AF1010ADFDA0023ED
:10A2200088F8B9300B4D4D4508D30B4B1B6A6BB109
:10A230003946204603B0BDE8F04F1847EB681BB124
:10A240003A462146284698472435ECE703B0BDE856
:10A25000F08F00BFD40800200C3D0020F80800203B
:10A2600070B5C4B286B063060D468DF8174007D0AE
:10A270002046FFF707FF00B31C4B93F8BA00E0B18C
:10A280001B491A4E0B6803F00703C5B1022B09D90D
:10A29000184B02930023CDE90033039403221846A0
:10A2A0002AF090FA9DF8170020F028F9F3691BB105
:10A2B0000DF1170108209847012006B070BD022B50
:10A2C00009D90D4B0394CDE9015300952B46032288
:10A2D00028462AF077FA9DF8170020F04BF9F36929
:10A2E000002BE9D00DF117010920E4E70C3D002017
:10A2F000C40600201ED0040031D0040070B586B022
:10A30000044680788DF81000237962793A4D43EA4B
:10A310000223ADF81230E37803F003038DF8143014
:10A32000FFF7E2FED5F8C430184206460CD0A478F8
:10A33000204600F0FBFE2046FFF7FAFE2DF099FBC9
:10A3400010B9962027F0EEF804A820F0A1F810F13B
:10A35000780F31D129490B6813F0060F0BD09DF807
:10A3600010300393264B02930023CDE900330222E1
:10A3700018462AF027FA9DF8100020F037F910F15E
:10A38000780F2ED11D490B6813F0060F0BD09DF8E6
:10A39000103003931B4B02930023CDE900330222BC
:10A3A00018462AF00FFAD5F8C4300120334385F857
:10A3B000B900C5F8C43012E00028DCD00F490B68A2
:10A3C0005A070BD09DF8103003930F4B02930023D4
:10A3D000CDE90033012218462AF0F4F9002006B036
:10A3E00070BD0028DFD005490B685B07F6D09DF8EB
:10A3F00010300393054BE9E70C3D0020C406002014
:10A4000046D004008DD0040069D00400ADD0040013
:10A410002DE9F047A34EB36904460F461546FBB934
:10A42000237803F01F03012B00F09D80022B00F026
:10A43000048133BB94F900002A686178002834DA7B
:10A44000062912D008292BD0D9B9012313705170D5
:10A4500096F8C3305B0043F00103137002232AE136
:10A4600098470028DCD100200DE06288100A011F07
:10A470000129844605D9072803D8716AD2B20C781D
:10A480001CB96FF01500BDE8F0874E78664503D122
:10A490009A4200F00B8101332144F0E70B780AE186
:10A4A00096F8BA301370012305E101390829E8D87C
:10A4B00001A353F821F000BF51A5010083A40100BE
:10A4C0005FA5010083A40100DDA4010083A40100B5
:10A4D00083A4010083A40100E9A40100A0781FF077
:10A4E0007BFF0028BFD0CCE76388756A63BBFFF7AA
:10A4F000C1FD638886F8BA30F369002BB3D06A498E
:10A5000003209847AFE76B78042B10D0052B11D0B0
:10A51000022B04D16F796388BB4208BF01202B78DE
:10A520001D442B78002BEED10028AAD0DFE795F848
:10A530000380F4E76388BB42F1D1B8F1000FEED19C
:10A540002846FFF7DBFEEAE7FF270020B846E8E7EA
:10A550006388012B95D1002386F8C33083E7638895
:10A56000012B8ED1F8E796F8BA30D5F800C0002B51
:10A5700087D0756AA38894F804E02A4610780028EA
:10A580003FF47FAF5178022904D192F80480F0455E
:10A5900000F293800244F1E78CF800208CF801204F
:10A5A000396060E7154494E00B2A7FF46AAF002716
:10A5B0004FF0FF08C146BA4606E06B78042B0FD077
:10A5C000052B21D02B781D442B78002BF5D1F36976
:10A5D00013B1514607209847002F7FF444AF50E74E
:10A5E00095F80280A38895F803909845EAD163888E
:10A5F0009945E7D1B8F1070F1CD806EB0803AA4626
:10A6000083F8BB900127DDE7A3884345DAD1A3781F
:10A610004B450AD0AF78384600F088FD3846FFF742
:10A6200087FDB0FA80F77F09CCE72846FFF766FE82
:10A630000746C7E7AA460027C4E794F900206378D5
:10A64000002A18DA002B7FF41CAF24792D686306EA
:10A650000AD02046FFF716FD00283FF412AF96F807
:10A66000BA30002B3FF40DAF294620461FF0A2FF61
:10A6700000236B70F2E6012B08D0032B7FF401AFAF
:10A680006388002B7FF4FDAE012103E0618800297F
:10A690007FF4F7AEA088FFF7E3FD00287FF4E3AE78
:10A6A000EFE600BF0C3D0020C63D002002282960D7
:10A6B0007FF4F4AE4B883B60D5E694F900006278F5
:10A6C0000028BFF671AF002A3FF466AF0A2A7FF474
:10A6D000D8AE2A78002A3FF4D4AE697804297FF4F2
:10A6E00061AFA9788B427FF45DAF072B96BF9B19B2
:10A6F000002393F8BB308CF80030D4E670B5164DCB
:10A7000095F8B830FBB11FF047FE002822DB00F0BF
:10A710002BFD0024D5F8C430E340DA07E6B214D4A8
:10A72000D5F8C43004F11002D340DB0705D546F05C
:10A730008000FFF7FDFC00280CDB0134102CE9D170
:10A74000002385F8B830002004E03046FFF7F0FC25
:10A750000028E5DA70BD00BF0C3D00202DE9F04F68
:10A7600087B0DFF85890144F059205468B469846FF
:10A7700004264FF0000A059A4346594628461FF022
:10A780005FFF10F10B0F044612D1D9F8003013F01F
:10A79000060F09D00023CDE90275CDE900AA0222F7
:10A7A000494618462AF00EF826F038FE013EE2D15E
:10A7B000204607B0BDE8F08FCED00400C4060020CC
:10A7C00013B5164C237DF3B9E268A168019201AB81
:10A7D0008020FFF7C3FF019AA3681344A360E368D6
:10A7E0009B1AE3606BB962B12369E2889A4208DD83
:10A7F00094F8C82093FBF2F102FB11330BB901234B
:10A80000237502B010BD00231A4619468020237517
:10A8100002B0BDE810401FF013BF00BF0C3D002088
:10A8200030B589B0002302460D460593002864D157
:10A83000002941D10B46082206A92BF010FF002861
:10A8400004DA80201FF05AFE09B030BD304C069A61
:10A850002260079A626004F13802A2609DF9182014
:10A86000BDF81E302575002AC4E9035517DB802B7F
:10A8700011D928490B685B0708D0274B0095CDE913
:10A88000015301222B46284629F09CFF80201FF00F
:10A8900035FE0020D6E713B1C4E90333D4E7FFF750
:10A8A0000DFC0028CDD0E28823699A42D4BFE26033
:10A8B000E360FFF785FFC7E7154CD4E90215002DCB
:10A8C00005AB04DC2BF0CBFE0028BDDAB9E72A4645
:10A8D0002BF0C5FE0028D9DB059AA3681344A360BA
:10A8E000E3689B1AE360002BAED104F13803A36048
:10A8F000FFF7E4FB0028DCD1A3E78028A4D1044BB8
:10A90000DA68002AD5D11B7D002BD2D19CE700BF8D
:10A910000C3D0020C4060020F5D00400054B064A7B
:10A920009A62064ADA62064A1A63064A58629A61CD
:10A93000002070470C3D002011A40100999F0100E8
:10A9400039A00100D99F01002DE9F041044686B0ED
:10A95000584D59484FF0FF334FF0FF3225F0E4FDDA
:10A9600095F8B830B3B155490B6813F0060F08D00D
:10A97000534B02930023CDE900330222184629F0FD
:10A9800021FF6FF077044C4825F046FE204606B0C4
:10A99000BDE8F0816B6AA3B900F0E4F8FFF7BEFFF1
:10A9A0006B6A73B945490A68520707D0454A009354
:10A9B000CDE901321846012229F004FF4FF0FF349F
:10A9C000E1E741482C62E8616E6A1FF09DFF1FF0CD
:10A9D000B1FC041ED7DB00F0E9FB041ED3DB737867
:10A9E000012B01D1F3797BB934490B685B0708D09F
:10A9F000364B02930023CDE900330122184629F09B
:10AA0000E1FE6FF01504BEE7002604A885F8C83003
:10AA1000ADF812308DF814608DF810601FF038FD1D
:10AA2000041EB0DB802704A88DF810701FF030FDE5
:10AA3000041EA8DB264930461FF052FF041EA2DB8D
:10AA4000234938461FF04CFF041E9CDB214CDFF8E5
:10AA5000888044451AD300201FF0C8FD041E92DBF5
:10AA6000D5F8C430802043F00103C5F8C4301FF08E
:10AA7000BDFD041E87DBD5F8C43043F48033C5F830
:10AA8000C430012385F8B83000247CE7276A00260B
:10AA9000227FF3B29A4201D82434DAE707EBC302EB
:10AAA00057F8331010791FF01BFF01360028EFD044
:10AAB00084E700BF0C3D002020070020C4060020D2
:10AAC0000ED1040031D10400B1A1010056D104001F
:10AAD00021A80100D4080020F808002030B51F4B41
:10AAE0008BB005AA03F1100518685968144603C411
:10AAF0000833AB422246F7D11B7823701022002185
:10AB000001A82DF062FC1222002115482DF05DFCF9
:10AB1000102101A82BF047FF00281BDD0828B8BF33
:10AB20000820093801AB0E491A18002012F8013F1D
:10AB30000AAC04EB131403F00F0328336B44013009
:10AB400014F8144C13F8143C0C7008284B7001F1E5
:10AB50000201EBD102480BB030BD00BF90D1040020
:10AB6000A69800202DE9F04F9B4B93F800908BB0F6
:10AB7000B9F1000F03D099480BB0BDE8F08F974CA6
:10AB800000264FF0011805963546374623783BB925
:10AB9000934B02349C42F3D18F4A01231370EAE7AE
:10ABA0006378052B1ED8DFE813F0C90006001501F5
:10ABB000C90020005700402308A88DF82090ADF868
:10ABC00022308DF824901FF019FC40B1082308A80A
:10ABD000ADF822301FF012FC08B1ADF82290BDF89C
:10ABE0002230E37123781C44D0E7E378002BF9D1BD
:10ABF000A3783BB3059B0133DBB20593F2E76A68A8
:10AC0000944222D024359D42F9D376490B685D07E2
:10AC100016D0754B02930023CDE900330394012233
:10AC2000184629F0DEFD6F490B685B0708D06F4BB3
:10AC300002930023CDE900330122184629F0D1FD0B
:10AC4000002099E76A4D6B4BDDE7AB68002BD1D054
:10AC5000059920469847CDE7002D6CD161490B68D6
:10AC60005C07EDD0644B0095CDE901532B460122E2
:10AC7000184629F0B6FDD6E72A6A94F802C002EB1E
:10AC8000C3021079844548D14FF0010AE07800F002
:10AC900003008DF82400207994F805C040EA0C20C8
:10ACA000ADF8220094F9020000285FFA8AFB28DA46
:10ACB0000AF1100001FA00F010EA080F28D14BF059
:10ACC00080008DF8200008A8CDE906321FF096FB21
:10ACD000DDE906320121D8B99DF82030A37013F0C8
:10ACE000800F18BF0BF1100B137118BF5FFA8BFBAD
:10ACF0000B460CBF03FA0AF301FA0BF348EA030808
:10AD000070E701FA0AF010EA080F01D15846D8E7B7
:10AD10000AF1010ABAF1100FB8D101332A7F934228
:10AD2000AAD330490B6858078AD0344B02930023CA
:10AD3000CDE900339BE700230121EFE7032E2CD15F
:10AD4000FFF7CCFE8346E0B1F6F73AF98246C0B190
:10AD500010280ED0234B1B6813F0060F09D0284B88
:10AD600002930023CDE900331E490222184629F040
:10AD700038FD5246102AA8BF10225946A01C2DF0BB
:10AD8000FCFA23786FF00201E218091B04EB53036D
:10AD9000D14210D50136F6B224E7002EF1D18FB999
:10ADA00010490B685A073FF44BAF164B0097CDE99B
:10ADB00001733B465BE702F8019C13F8010902F8B6
:10ADC000020DE5E7E31BBB70C3F30723FB70059B94
:10ADD0003B71DFE7274605E7A5980020140800200F
:10ADE000D1080020C0060020A1D1040087D20400B1
:10ADF000D4080020F8080020C1D1040002D20400C9
:10AE00001FD204006AD2040010B5094B00211A4673
:10AE10001C78844205D15C681CB1482303FB0120E7
:10AE200010BD0131042903F14803F1D10020F7E7F7
:10AE3000D83D00202DE9F04150F8303C10F8346C3A
:10AE4000103388B004460BD1036950F8282C13F056
:10AE5000020545D0D2B9590715D5002344F8303C36
:10AE600054F8303C10330BD054E9097554F81C8C5D
:10AE70002CF0FFFD002869D03B4821462CF0B9FD9D
:10AE800008B0BDE8F08143F00403036154F82C1CC2
:10AE900007AB3046FFF762FC88B134490B685A07AC
:10AEA0000AD0334B02930023CDE90306CDE90033EA
:10AEB0000122184629F0D4FC6FF01503CEE7079A5B
:10AEC00054F82C3C134444F82C3C54F8283C9B1A6E
:10AED00044F8283C54F8243C134444F8243CBFE78D
:10AEE00050F82C1C07AB30461FF044FC58B11F49EA
:10AEF0000B685B07E0D01E4B0095CDE90153CDE90F
:10AF000003062B46D4E7079D54F82C3C2B4444F809
:10AF10002C3C54F8283C5B1B44F8283C54F8243C57
:10AF20002B4444F8243C002D97D030461FF0F2FC0F
:10AF3000B5FBF0F303FB1055002D8ED154F8283CDF
:10AF4000002B8AD030461FF075FC89E744F8200CAE
:10AF5000A4F1180025F0E2FB002D91D042463946BD
:10AF60003046A8478CE700BFF8080020CC06002038
:10AF7000B5D2040070B54B1E012B86B006460D46B7
:10AF80001BD8FFF741FF0446C8B9012D15D105AB09
:10AF900001220DF1130130461FF0ECFB059B002B45
:10AFA000F5D110490A68520707D00F4A0093CDE93E
:10AFB00001321846012229F053FC06B070BD2CF076
:10AFC00058FD04F1340108B1012D05D1084606B041
:10AFD000BDE87040FFF72EBF044806B0BDE87040E2
:10AFE0002CF007BDCC060020D2D20400F8080020C7
:10AFF0002DE9F04F87B0064605911746984629F08F
:10B000003FFC0446002840F08180EFF31183049355
:10B01000202383F31288BFF36F8FDFF8089100239A
:10B020000022484625F0B4FB0346E0B9DFF8F8A05B
:10B030004FF0480C0CFB04FC0AEB0C0BDBF8045043
:10B0400015F1100F2CD133490A68520707D0324A44
:10B050000396CDE901020090012229F001FC484647
:10B0600025F05CFB13E00134042C09F14809D6D12A
:10B0700028490B68580708D0284B02930023CDE9D4
:10B0800000330122184629F0EBFB6FF00B05049BFF
:10B0900083F31188BFF36F8F284607B0BDE8F08FA8
:10B0A000109B059ACBF81430119BCBF81000CBF80D
:10B0B000183030466FF00F03CBE902270AF80C6016
:10B0C000CBF84480CBF804301FF024FC68B1304644
:10B0D0001FF020FCB7FBF0F303FB10772FB1DBF878
:10B0E000443043F00403CBF8443018F0020F08D08A
:10B0F000482303FB04A10A4834312CF07AFC0025D4
:10B10000C5E730461FF096FB0546C0E76FF00F0518
:10B11000C2E700BFCC06002007D30400ECD2040035
:10B12000F8080020F43D0020D83D002010B5EFF3D2
:10B130001184202383F31288BFF36F8FFFF764FE1F
:10B1400050B14368103307D16FF08B03436000F1B7
:10B15000340104482CF04DFC84F31188BFF36F8F49
:10B1600010BD00BFF8080020F8B50E4C04252027BC
:10B17000EFF3118687F31288BFF36F8F6368103384
:10B1800007D16FF08B030848636004F134012CF0A1
:10B1900030FC86F31188BFF36F8F013D04F1480442
:10B1A000E6D1F8BDD83D0020F808002070B50A4C63
:10B1B0000A4E0025314620462CF0FFFB0122A4F167
:10B1C0001800114601352CF019FB042D04F1480438
:10B1D000F0D1002070BD00BF0C3E002035AE010054
:10B1E0000169012381F853300B6833B191F8513074
:10B1F0001BB1024808312CF0FCBB7047F808002056
:10B200000169012381F852300B6833B191F8503055
:10B210001BB1024808312CF0ECBB7047F808002045
:10B2200070B50569EFF31186202383F31288BFF30D
:10B230006F8FD5F8980029F000F9044686F311883D
:10B24000BFF36F8F30B104480022002305F12001C5
:10B2500025F090FC204670BDF808002070B5012351
:10B2600082F8503013680D4614463BB192F85230C4
:10B2700023B10E4802F108012CF0BBFBD4F8983042
:10B280005A89DB889A4205D17DB904F1200140F644
:10B29000CD4204E004F12001002DF8D00022BDE8E9
:10B2A00070400248002325F065BC70BDF8080020FE
:10B2B0000D4A03460021A0F850101068C3F89C0006
:10B2C00090889279A3F8A00083F8A22083F8A410B4
:10B2D00083F8A310A3F8A61083F8A810402203F166
:10B2E00054002DF072B800BFA09C04001FB50146A9
:10B2F00004460C4829F09EFA034670B90A490A68C8
:10B3000012F0060F07D0094A0394CDE9010200901C
:10B31000022229F01BFB04B010BD012200F8072C0B
:10B32000F9E700BFF83E0020BC0600203DD3040032
:10B330007FB504460E4601792248154629F06CFA7D
:10B34000034688B920490A6812F0060F08D0A2887F
:10B3500003921E4A0090CDE90102022229F0F6FA7A
:10B360006FF0120004B070BD94F9001062780029EB
:10B3700020DB202A04D0222A18D06FF08500F1E7C4
:10B38000296802460C6852F8100D43F8104C8C885E
:10B3900094808979917153F8101C884204D053F835
:10B3A000942C0AB1186890470020DBE7628800F807
:10B3B000092CF9E7212AE0D1A0F110032B60072323
:10B3C0003360F1E7F83E0020BC06002063D30400A0
:10B3D00010B504690023C4F8B0300C4BC4F8AC00BD
:10B3E000596804F1B00269B9C3E9002204F1080008
:10B3F00007492CF0E2FA04F1200006492CF009FB81
:10B40000002010BD0A605A60F0E700BFF83E00203F
:10B41000AB480400F1B4010030B54FF4003342688A
:10B4200005690D4C85B042F2A100CDE9010300236E
:10B4300085F8A530106AADF80C1000790A2201A930
:10B44000FFF78CF995F8A53023B901202BF0C5FE44
:10B45000013CF7D105B030BDA186010070B504698B
:10B4600086B000238DF8171084F850302025EFF3B4
:10B47000118685F31288BFF36F8F0122D4F89800EC
:10B480000DF1170128F0D9FF86F31188BFF36F8FF4
:10B49000012817D02CF0EDFA10B994F8A930D3B9DF
:10B4A0000F4D2B7873B90F490A6812F0060F07D0B9
:10B4B0000D4A0093CDE901321846022229F046FADE
:10B4C00001232B702122002304F12001074825F0DD
:10B4D00051FB06B070BD002121202CF0A6FBC6E771
:10B4E000B8980020BC0600208AD30400F808002089
:10B4F000F0B5D0F88C305B681B6A1F7D85B00546BF
:10B50000384629F0BDF9064650BB95F886303BB366
:10B51000A86F0146C38831F80A2F9B1A9BB2B3F576
:10B52000007F28BF4FF4007303AA28F037FF0446BA
:10B53000B0B18306A5F1200308BF00F1FF3485F800
:10B5400030600193074B039900932246022338464B
:10B55000FFF74EFDA86F224600F10A0128F054FFC4
:10B5600005B0F0BD5DB201007FB50D1E0646144664
:10B5700033DDD4F894002A4604F1540128F05DFF2D
:10B58000A8420ED21C490B685B070AD01B4B0293E2
:10B590002D1A0023CDE9003303950122184629F026
:10B5A000D5F9012384F8513023683BB194F8533026
:10B5B00023B1134804F108012CF01BFAD4F89420AD
:10B5C0009388918912695B1A9BB2D31A3F2B04D8D6
:10B5D000012384F8A83004B070BD94F8A630002B85
:10B5E000F9D0084B009301940123402204F1540147
:10B5F0003046FFF7FDFCEEE7BC060020A9D30400AF
:10B60000F808002069B50100F0B5054685B00E4682
:10B610000146504829F0F4F8044678B94E490B68C1
:10B6200013F0060F08D04D4B0395CDE901030090B0
:10B630000346022229F08AF905B0F0BD0546711EC5
:10B6400055F8AC395F680529F6D801A353F821F005
:10B65000D9B6010039B6010069B60100BBB60100D8
:10B66000E5B601000BB701003B490B6803F0070387
:10B67000022B08D93A4B02930023CDE90033032271
:10B68000184629F063F914F8061C0029D4D10123C7
:10B6900004F8063C3B6A2A46187BFFF765FF14F85E
:10B6A0005C2C002AC8D13B6A187D2E4B0093019573
:10B6B00002231146FFF79CFCBEE727490B6803F005
:10B6C0000703022B08D9284B02930023CDE900334E
:10B6D0000322184629F03AF9284605B0BDE8F040A3
:10B6E000FFF7E6BD1C490B6803F00703022B08D9DE
:10B6F0001E4B02930023CDE900330322184629F0A4
:10B7000025F9012304F8053C96E7134D2B6803F057
:10B710000703022B09D9164B02930023CDE900330E
:10B7200003222946184629F011F914F8053C002B8C
:10B7300082D02B6803F00703022B09D90D4B02932B
:10B740000023CDE9003304490322184629F0FEF80E
:10B750000023D7E7F83E0020BC060020CAD304002F
:10B76000EBD304005DB20100FDD3040011D404004A
:10B7700022D4040031D404000369044A8068904252
:10B7800006BF002099616FF015007047348F0400E8
:10B7900037B5094D0949002400944FF0FF334FF4A9
:10B7A0008062284625F0A8F90549284625F0A8FA20
:10B7B000204603B030BD00BFF808002038990020B3
:10B7C00071D4040010B504462BF0AEFA03490246CA
:10B7D000204629F01AFB002010BD00BF91D40400C0
:10B7E00073B5134600220192044601AA58680A2143
:10B7F00001F0E0FC019D95B920EAE0744FF40046A9
:10B80000294640F2E7304FF47A720023C4FB060168
:10B81000F5F78EFB2CF009FA284602B070BD2A46D7
:10B820000249204629F00DFB019DF5E7B6D404003E
:10B8300008B5034A034929F0E8FA002008BD00BF13
:10B84000A0D50400A7D50400F7B517460023054688
:10B8500001AA0A21B868019301F0ACFC1749C6B2ED
:10B86000284629F0E0FA019C44B1224614492846B2
:10B8700029F0E7FA019C204603B0F0BD042E09D957
:10B8800010493246284629F0DCFA284629F018FBF0
:10B890000124F0E77868FEF71FF8021E07DA7A68DD
:10B8A0000949284629F0CDFA6FF01504E3E733463D
:10B8B00012B22146204628F051FEDCE7D2D5040022
:10B8C00038D604005FD6040076D6040007B50023FE
:10B8D0000090694604488DF8043026F077F89DF80A
:10B8E000040003B05DF804FBB34A040010B504463D
:10B8F00022F0A8FB07490246204629F086FA204696
:10B90000054929F082FA0548214626F079F80020F9
:10B9100010BD00BFCED60400EDD6040021B9010051
:10B9200070B58EB004460D46D0F89C602CF0AAF895
:10B9300003462DF063F8214A21491058214A002B73
:10B9400018BF1A460092204A2346844218BF0A466E
:10B9500028461E4929F059FAD4E90A23CDE90023E3
:10B96000284694F90E30227B194929F04EFA06A98F
:10B970002022204625F0D4F9636E16490246284657
:10B9800029F043FA05A920462CF09DF8024628B17B
:10B990001149284629F039FA0EB070BD059B642282
:10B9A000F11A4A430091B2FBF6F20C49CDE901626B
:10B9B0002846324629F029FAEEE700BF10000000C1
:10B9C0009CCF0400F7D6040000EB0400FAD6040074
:10B9D00006D7040032D7040049D7040076D7040004
:10B9E000F0B5002591B00446294608AF1C2209A8ED
:10B9F0002CF0EBFC134E1A22202138462CF0E5FCEB
:10BA00002146114825F0FCFF07AA4FF4006130469B
:10BA10002CF04DF8079A0097C2F5006164234B4360
:10BA2000DB0A05934FF40063CDE90313CDE901323E
:10BA3000204606492B46324629F0E7F9284611B040
:10BA4000F0BD00BF782E022051BA0100C7D7040014
:10BA500070B50446D0F89C6088B00D4607A92CF05C
:10BA600032F8024628B10F49284629F0CEF908B02D
:10BA700070BD20462CF006F8079B0096F11ACDE920
:10BA80000131094B64224A43002818BF0346B2FB28
:10BA9000F6F20649CDE903622846224629F0B5F9B7
:10BAA000E5E700BF49D70400F7D6040010D804002A
:10BAB00038B51346054610225868002126F088FD47
:10BAC0000446FFF703FF38B90E492246284629F0FD
:10BAD000B8F96FF0150038BD2CF090FF0A4B1B58D9
:10BAE0009C4204D10949284629F0ABF9F1E72046E8
:10BAF00025F0CCFA28460649224629F086F900208E
:10BB0000E9E700BF74D80400100000008FD80400DB
:10BB1000B7D8040038B513460546102258680021EE
:10BB200026F056FD0446FFF7D1FE38B90E492246ED
:10BB3000284629F086F96FF0150038BD2CF05EFF1D
:10BB40000A4B1B589C4204D10949284629F079F92F
:10BB5000F1E7204625F0A0FB28460649224629F0B9
:10BB600054F90020E9E700BF74D804001000000079
:10BB7000EED8040014D9040038B513460546102247
:10BB80005868002126F024FD0446FFF79FFE38B9CF
:10BB90000E492246284629F054F96FF0150038BDA9
:10BBA0002CF02CFF0A4B1B589C4204D10949284613
:10BBB00029F047F9F1E7204602F028FE2846064919
:10BBC000224629F022F90020E9E700BF74D80400DA
:10BBD0001000000048D904006DD904002DE9F04F91
:10BBE00087B00446684624F045F9009F284ADFF8EC
:10BBF000BCA0DFF8BCB0242303FB0077082120465B
:10BC000029F0F6F8009DBD4203D3002007B0BDE83F
:10BC1000F08F2B680BB11A7832B92B461D4A1421CC
:10BC200001A826F04DFA01AB52460821204629F022
:10BC3000DFF828462BF0D6FA174B184A002808BF21
:10BC40005B460821204629F0D3F82B6AA3B11E6871
:10BC500096B1336883B1124A0821204629F0C8F80A
:10BC6000B1464FF0000833680E4A434506D80E4AE5
:10BC70000821204629F0BCF82435C4E759F8043FD0
:10BC80000821204629F0B4F808F10108EBE700BFCD
:10BC9000B4D90400BED90400A5D904003AE00400D8
:10BCA000C8D90400C4D90400ABD70400C3D9040028
:10BCB000ABD904002DE9F04114468846074610220E
:10BCC0006068002126F084FCB8F1020F064607D810
:10BCD000254A20230821384629F08AF8336816E0DF
:10BCE0000A220021A06826F073FCC5B21E4A2B462A
:10BCF0000821384629F07CF8B8F1030F1AD1102D2D
:10BD00000CD0202DEAD0082D0BD13378DBB2174AA6
:10BD10000821384629F06CF8002009E033889BB2EE
:10BD2000F5E73846124A082129F062F86FF015004D
:10BD3000BDE8F081E0681022002126F049FC0D4AA0
:10BD4000034604460821384629F052F8102D06D043
:10BD5000202D07D0082DE4D1E4B23470DCE7A4B282
:10BD60003480D9E73460D7E702DA04002DDA040022
:10BD700017DA04003EDA04002DE9F04F87B0002303
:10BD80000193524BDFF860A1914601220746884695
:10BD90001A6002F073FF4FF0FF3520262C4649460B
:10BDA0005246404602F08EFF411C06D16A1C41D12A
:10BDB0004749384629F045F817E073281AD0772804
:10BDC00028D0612811D1DFF824B101AADBF80000E6
:10BDD000102101F0EFF9019B0546002BDFD0DBF8C5
:10BDE00000203C49384629F02CF86FF0150007B0C8
:10BDF000BDE8F08FDFF8F4B001AADBF80000002105
:10BE000001F0D8F9019B0446002BC8D0DBF80020D4
:10BE10003149E7E7DFF8D4B001AADBF800000021E0
:10BE200001F0C8F9019B0646002BB8D0DBF80020D2
:10BE30002A49D7E7631C01D12949BAE75FFA86F896
:10BE4000C6F3C406002C3FD002AB29461A46A6EB27
:10BE5000050C0CE0B8F1100F1DD0B8F1200F20D068
:10BE6000B8F1080F2AD10878187031443344A6423B
:10BE700003D80CEB01001028ECD9102CA14628BFE8
:10BE80004FF0100929464B46384601F063F810354B
:10BE9000A4EB0904D6E7088880B21870000A58702D
:10BEA000E3E7086818704FEA102E83F801E04FEAC4
:10BEB000104E000E83F802E0D870D6E7094A082138
:10BEC000384628F095FF90E7204690E7340200209E
:10BED00093DA040052DA040065DA040078DA040028
:10BEE000B0DA040017DA04008CDA0400B050002045
:10BEF00070B50F4E044633780D4671B123B1BDE8DD
:10BF000070400C4928F09DBF012333700A49204638
:10BF100028F07BFF0123337004E083F001033370CA
:10BF2000002BF3D129462046BDE8704028F0E8BF39
:10BF3000B9980020CADA040005DB040070B5044695
:10BF40003B480378182B02D10B78112B31D0013AE2
:10BF50000B468D18AB4225D18B5C0A780370A2F199
:10BF60003003092B334C04D922F02003413B052B2D
:10BF700004D823683049CA54013323602368022B54
:10BF800033D110222C48002126F022FB2B4A1368C3
:10BF900003F8010B13602A4A13680133136000236E
:10BFA000236022E013F8016B182ED3D11E78112ED6
:10BFB000D0D1234D23492A68204628F026FF204669
:10BFC0000021FFF795FF204B187870B91F4A2B68A6
:10BFD0001168042B0ADC08B111602B6013F0030117
:10BFE0000BD1126813681BBA136070BD086800BAE1
:10BFF00041F8040B043B0120EBE75B4203F0030331
:10C0000058BF5942022904D1126813885BBA9BB207
:10C01000EAE70329E9D1106802681104C2F3074373
:10C0200001F47F010B4302F47F4213430360DCE71A
:10C03000BA980020003F0020BC9800200C3F002050
:10C04000043F00202FDB0400BB980020083F0020A5
:10C050002DE9F84F0C462B49DFF8C080DFF8C0907F
:10C06000DFF8C0B000230B60274988F8003006468F
:10C070000B601546012C2F4655F804AF1ED902223D
:10C08000494650462CF05CFA80B99AF80220003AF2
:10C0900018BF012292441D49022250462CF050FA4A
:10C0A00030B9012388F80030013CE3E70022F1E7D2
:10C0B00049465046F4F772FFA8B9043700221146EA
:10C0C000786826F085FA124B0022114618607868CD
:10C0D00026F07EFA0F4B104918603046FFF708FF34
:10C0E0000020BDE8F88F9AF800202D2AE6D19AF8B2
:10C0F0000120002AE2D052465946304628F085FEFB
:10C10000D2E700BF003F0020043F00204CDB0400CA
:10C110000C3F0020083F00203DBF0100BB980020DD
:10C1200049DB04004FDB04007FB50BAB05930393A1
:10C13000054B02930023CDE9003302221846FDF798
:10C1400083FC07B05DF804FBB1DC040007B50A48C6
:10C150002BF048F860B1094A0749126808480423DF
:10C160000093012300F05CFF002003B05DF804FBA6
:10C170006FF01200F9E700BFAC8B040040A104008F
:10C18000F09A040010B54468C4E90012A360426844
:10C190001346402153F8404B53625163002302F190
:10C1A0003801C2E90413C2E90A33C2E9063308219F
:10C1B00013631162C2F8B830A36823B11B6C13B1CA
:10C1C000044920469847A3681B6A0BB1204698474C
:10C1D000002010BDD9C101002DE9F047054686B009
:10C1E0000C468368DB6B03B19847AB68DB6A73BBB3
:10C1F0004FF0000A04F1240804F12809218E238D50
:10C20000626B5B1A9BB2D31A934228BF134649460E
:10C2100005AA404628F0C2F80646002844D0AB687C
:10C2200005991B69002B33D00246284698470746DC
:10C2300088B33A464946404628F0E6F8B7424FF000
:10C24000010ADBD0D4E901310020984703E02846F9
:10C2500098470028CCD1AB68DB69002B3BD1628BBF
:10C26000E38A9B1A226A9BB2934204F1100704F1FD
:10C270001A0828BF1346414605AA384628F08EF80A
:10C28000064678BB284628F02AFCC4F8B86035E09A
:10C290006FF05707CDE702464946404628F0B4F80C
:10C2A000BAF1000FD7D0CDE718490B6813F0060F8D
:10C2B00007D0174B0090CDE9010302220346FFF798
:10C2C00033FFAB681B69002BEAD001220DF113018B
:10C2D00028469847E4E7284698470028BFD106B08B
:10C2E000BDE8F087AB680599DB6863B10246284674
:10C2F000984702464146384628F086F8D4E901318D
:10C3000001209847EBE76FF05702F3E7B0060020F3
:10C31000B1DC040000487047F09A040010B5816851
:10C320000446183101F0B4F9A168034A20461831D7
:10C33000BDE8104001F052B9F3DC040038B5836861
:10C3400003F5805304469B6FDB071FD4C06929F0B7
:10C35000D1FA606803685B689847054620B9E068D1
:10C3600029F038FCA3681D75A3685B6C13B12946DE
:10C3700020469847A36803F580532CF03FFB00222A
:10C38000C3F82021034B185802F040FA6FF00F0554
:10C39000EAE700BF10000000014928F028BC00BFF8
:10C3A000ABD70400F7B50446806800F580530D460E
:10C3B0009B6F5A0705D5002128F05EFCE06829F044
:10C3C000DBFBE368DB6873B9002D3CD0A66806F19F
:10C3D0005607384628F018FC002836D0394606F6AD
:10C3E0005600F4F7E5FDA268E0680DF10603563249
:10C3F000294629F0C4FB58B9A06800F6560156300A
:10C40000F4F7D6FDA068563028F0FEFBADF8060024
:10C41000204629F069F8A36803F580535B6F9B06FB
:10C4200003D50B49606928F0E2FB204600F02AFFA3
:10C43000A268BDF80630A2F85230A2682046A2F8E1
:10C44000503028F0B6FF03B0F0BD86F85608CAE7B2
:10C45000A79C04002DE9F04FA7B004465422002108
:10C4600011A82BF0B2FF0023CDE90533A3682046C5
:10C470005633029329F03FF8204628F082FF10B986
:10C480006069FFF789FFA0681422002118302BF0A3
:10C490009CFF204628F01BFFA168E068B1F85020FF
:10C4A0005631002629F0A2FB204629F031FC4FF03E
:10C4B000FF37B24603960DF14408B3463546B14600
:10C4C000DDE90532012A6DD0132B6ED85FBBBBF1BD
:10C4D000000F0AD0204629F03CFCA26814235632F3
:10C4E00011A90DEB030028F071FDB9F1000F0CD07C
:10C4F00099F81130FE2B08D1059B26AA02EB830286
:10C5000052F8542C0AB101330593A068059D436A83
:10C51000002B40F0B680CEB1C3699E422DD00D965F
:10C5200000F1180524E0029A0223414606A828F0EB
:10C530004DFD0699D8F804200292034631B1012935
:10C540000AD148B16D4A204629F088F86FF00705F6
:10C55000284627B0BDE8F08F059B002B34D0D8F8D3
:10C56000000001F0B5F898B166B1A5680D961835D0
:10C570000CAE0FCE0FC533682B602046FFF7CEFE02
:10C580000125E5E75E4A0121204629F067F8DDE74D
:10C59000059BCBB1D8F800202946204601F042FA8D
:10C5A000022809D1059B132B91D9069B022B8ED112
:10C5B000544B554A0121C6E7032805D0059B01339A
:10C5C00005934FF0010B7BE7039B33B9D8F80010BC
:10C5D00007AA484628F0F1FD054608F10408013F86
:10C5E0009DB3EB68BBF1000F08D0F3B1204628F0F3
:10C5F00082FF204628F0DDFE444AC4E7ABB1A368C1
:10C60000DDF814A0AE4603F1180CBEE80F00ACE84C
:10C610000F00DEF80030CCF80030AB682BB96B7C33
:10C62000FE2B04BF2F7C07F1FF37D5F804C0BCF107
:10C63000000F08D0AE46BEE80F000CAE0FC6DEF805
:10C64000003033606646A94603E0059B53B10123E1
:10C650000393069B17B9022B7FF432AF059B01337E
:10C6600005932DE7A368DB6A13B1DB68002BEED1DD
:10C67000274B0093274A119B0121204628F0EEFF0B
:10C68000E5E790F82830A5EB0A05BBB190F8291032
:10C690004FF6FF72FF2918BF0A469D4202D313448A
:10C6A0009D420BD983691C4A0121204628F0D6FF00
:10C6B0002046FFF733FE6FF0150549E7012128F00A
:10C6C000CFFAA06841F20C16304428F0F0FAA368C3
:10C6D00011AA294602EB8A025B6A20469847054662
:10C6E000A0684FF0FF324FF0FF33304428F07DFA5E
:10C6F000A068002128F0B4FA2AE700BF01DD040099
:10C7000015DD040076DD040091D6040033DD04005D
:10C7100062DD040067E004009ADD040010B5836860
:10C7200002221A7583689B6C0446CBB928F034FA50
:10C73000836803F580539B6FDB040CD50321094B01
:10C74000094A28F08BFFA06800F583506FF48051F0
:10C75000183028F03BFA2046BDE8104000F020BF1A
:10C7600010BD00BFB5DD0400C5D904002DE9F04FB0
:10C770000446806800F58350B1B00121183028F0DC
:10C7800016FAA3681B7D022B20D100230993A3680E
:10C7900060689E6C03681D6909AB16B310221BA963
:10C7A000A847099B93B1A068012128F059FA099A7A
:10C7B0001BA92046B047A068002128F051FAA368C1
:10C7C0009B6C002BE3D12046FFF7A8FFA06800F583
:10C7D00083506FF00101183031B0BDE8F04F28F000
:10C7E000F5B901220DF12301A847099B002BEDD0DB
:10C7F0009DF923209DF82330A068002AC7DB427DE5
:10C80000032A00F20283DFE812F004007F0297029D
:10C8100000030D2B00F5805266D00A2B44D0B2F8ED
:10C820007810092B6FF3CA01A2F8781071D02AD8BA
:10C83000002B00F00681082BA06800F0ED81024675
:10C8400002F58050426F920740F1FB80013B162BAE
:10C8500000F2F780DFE813F0C00200020402FC01DE
:10C86000BA021602F500F500F500F5001A021E02E4
:10C87000F5003302F5003802F500F500F500F5008B
:10C880003A02F50050021B2BA0683FD07F2B00F02E
:10C89000D081A3F120015E290246D1D8012128F0E0
:10C8A000EBF99DF82310BAE0916FC1F3C70121B1F4
:10C8B000916FC1F3C7010A29C1D1B2F8781063F3AF
:10C8C000CA01A2F87810A568B5F85010B1B9284689
:10C8D00028F0D2F9E06829F04FF96069FFF75CFDB4
:10C8E0002046FFF71BFF52E7916FC1F3C7010029F4
:10C8F000E3D0916FC1F3C7010D29DDE72046FFF7B3
:10C90000A9FD05F58055C5F82401E9E70123437524
:10C9100097E0A06800F580535B6F9B0740F1918022
:10C92000012128F0A9F9A068B0F8502040F2FF7367
:10C930009A4200F08680B0F8522000F1560100F6CD
:10C9400056002BF01AFDA368B3F8522013440025BB
:10C9500083F85658A2681BA9142302F656020BA8A6
:10C9600028F034FB0B9914296BD830AB03EB81030F
:10C9700043F8545CA368B3F85220002A53D0134400
:10C9800093F85530202B02D0093B042B4BD80029BB
:10C990004CD100250A950A9B30AA02EB830300269E
:10C9A00053F854AC504628F02FF9B3468146B046B0
:10C9B000374616AA3946284600F0C2FB034600282F
:10C9C00043D1012E69D10A9B30AA02EB830353F8AD
:10C9D000540C28F019F9A268064618324146284638
:10C9E00000F0AEFB0568284628F00EF9864205D017
:10C9F000821B92B2A919204628F079FEA068B0F8EF
:10CA00005230034493F85630202B35D0093B042B89
:10CA100032D900F580535B6FDF0732D420212046E6
:10CA200000F084FD0DE00129B3D9013900200CABE1
:10CA3000009301900AAB1BAA28F0EAFB05460028E8
:10CA4000A9D1606928F062FAA1E61B6803934A46FF
:10CA5000514618462BF074FD60B9039B1846F4F755
:10CA6000AFFA584538BF58461FFA80FB002E08BF62
:10CA7000B846013601379CE70121204628F0CDFC5D
:10CA8000DFE7002128F003F92021204600F04EFDC9
:10CA9000A068012128F0FBF8D3E70490D1D90A9AC5
:10CAA00030AB03EB8202C14652F8543C0393184664
:10CAB00028F0AAF8A268049B0590A2F840300496DA
:10CAC000A26849461832284600F03AFB039BD0F88A
:10CAD00000A009F101094BB1BAF1000F06D0059A87
:10CAE000194650462BF02CFD0028E9D1A168BAF177
:10CAF000000F4FD1A1F840A0049B013B0493DFD16C
:10CB00006069FFF749FC204600F04AFD0A9B30AA05
:10CB100002EB830308F1010A53F8540C28F074F86F
:10CB2000414611AA8146284600F00AFB0746A06844
:10CB3000396840F2FF7200F656002BF013FD3B6897
:10CB400003934FF6FF77B84616AA514628460AF1D6
:10CB5000010B00F0F5FA002852D0A168036801F635
:10CB60005501002211F801EF985C704503D110B116
:10CB700001324245F6D1B9F1000F01D04A4507DB39
:10CB8000BA4206F1FF36A8BF3A46012E97B237D017
:10CB9000DA46D9E79E48069128F036F806990791BB
:10CBA0004A8F00EB0B07BFB2121A504692FBF7F206
:10CBB00092B2069228F028F80799069A3F1AB1F81F
:10CBC000400000F1010CA1F840C0B0FBF2F102FB03
:10CBD000110080B2BFB260B98D4B8E4ACDF800A073
:10CBE0000621204628F03AFD3946204600F034FB65
:10CBF00082E7894A53460621204628F02FFDF3E7B5
:10CC0000002F3FF41EAF0399A7EB090292B24944EB
:10CC1000204628F06CFD14E700F580535B6F9E07FB
:10CC20007FF50FAF012128F027F8204628F080FD7E
:10CC300007E700F580535B6F9D077FF502AF012189
:10CC400028F01AF8A36803F580535B6F1907ECD43A
:10CC5000204628F04EFDF4E6204628F055FCF0E68C
:10CC6000204628F048FC204628F08BFB10B960696C
:10CC7000FFF792FBA068012127F0FEFF2046FFF797
:10CC80004DFDDEE6204628F048FCDAE6204628F096
:10CC90004FFCD6E6436F9F0603D56049606927F0D5
:10CCA000A6FFA36803F580535B6F9E0603D55C491E
:10CCB000606927F09CFF204600F072FCC1E600216D
:10CCC0002046FFF76FFBBCE60121F9E7204628F07C
:10CCD0000BFC204627F060FF0121A06827F0CCFF65
:10CCE000A36803F580535B6F9D067FF5AAAE4D499F
:10CCF000606927F07CFFA4E6204600F041FBA068B5
:10CD0000012127F0B9FF9CE65B2B01D10223FEE550
:10CD100000F58050426F900706D5622B08D14FF086
:10CD2000FF31204628F0A2FBA36800225A7588E64E
:10CD3000662BF9D10121F4E700224275A26802F5C1
:10CD40008051496F89077FF522AD313B1B2B3FF6A0
:10CD500078AE01A151F823F0D5CD0100E1CD01005D
:10CD6000F7CD0100C9CD010043CA010043CA01004B
:10CD700043CA010043CA010043CA010043CA01007B
:10CD800043CA010043CA010043CA010043CA01006B
:10CD900043CA010043CA0100C9CC0100BFCC010055
:10CDA00085CC010059CC010043CA0100CDCD010062
:10CDB00043CA0100D9CD010043CA010043CA0100A2
:10CDC00043CA0100E5CD010003235375204628F036
:10CDD00092FB36E603235375204628F085FB30E6A8
:10CDE00003235375A06800F58053596F01F00101CA
:10CDF00081F001014EE603235375A36803F58053C8
:10CE00005B6F9B077FF51DAE22E700237FE500BF28
:10CE10009BCF0400F9DD0400C5D90400AC9C0400DC
:10CE2000B19C0400A79C04002DE9F84304468068E7
:10CE300000F5835015461830002938D04FF4804152
:10CE400027F0B5FEA368DD646068036800219B6875
:10CE50009847002852D1204627F04AFF00284DD19C
:10CE6000274E284FDFF8A480A06800F585501C30BD
:10CE70004FF0FF324FF0FF33032125F019F805463C
:10CE800041F20C19A068BDB140F26762002348442A
:10CE900027F0ABFE90BB20462B461B4A012128F011
:10CEA000DDFBA0684844BDE8F84327F000BF6FF4FD
:10CEB000804127F08BFEC5E74FF0FF334FF0FF3284
:10CEC000484427F092FE32460221204627F0F1FE28
:10CED0003A462946204627F0ECFE204642460121EC
:10CEE00027F0E7FE606803685B6903B19847A068B4
:10CEF00000F588500C3027F0DAFEB5E7BDE8F8837E
:10CF00003DC301006DC70100FFDD0400154C0400A6
:10CF100010B50B49044627F078FF2046094927F051
:10CF200074FF2046084927F070FF2046074927F084
:10CF30006CFF2046064A002100F050FB002010BD87
:10CF400016DE040054DE0400B3DE040007DF040034
:10CF5000A1DF0400F8B517461E460A4629490446D3
:10CF600027F053FF3EB33A782749204627F04DFF7C
:10CF700001256A0703D12549204627F046FFAE4226
:10CF80001ED97A5D2049204627F03FFF0135102D3C
:10CF9000EFD11F49204627F038FFB6B91B4920467C
:10CFA00027F033FF0125AE422B4610D81749204603
:10CFB00027F02BFF15E01749204627F026FF012513
:10CFC0001449204627F021FFE0E700252B46FA5CB4
:10CFD0001149A2F120035F2B28BF2E22204627F003
:10CFE00014FF0135102D06D06B07DCD10749204610
:10CFF00027F00BFFD7E720460849BDE8F84027F0A7
:10D0000004BF00BFB7DF040094CF04009CCF04002E
:10D010009ECF04009ACF0400DBDF04008D060500DC
:10D020002DE9F04704468068984600F5805389460C
:10D03000D3F8201188B01546002965D141F2281295
:10D040002BF0C3F9E06828F049FEA06800F588508D
:10D050000C302AF0D0FA41F2BC0741F27C06BA4605
:10D06000A06830442BF059F9A068002283190121EF
:10D07000384410362BF023F9564507F11407EFD149
:10D08000A36900261E60A06800F5835002211830B5
:10D0900027F08DFDA36850225A87A36818221A87AB
:10D0A0002168204627F0DBFEA368194A03F5805368
:10D0B00066F382055D676068036849461D6823461C
:10D0C000A8470546E0B9A36801221A75D4E90A0108
:10D0D00000220023CDE906230E230393109B049521
:10D0E000CDE9018300940B4B4FF4006223F0C4FEA2
:10D0F000A36803F58053C3F82001616A23F000FEA2
:10D10000284608B0BDE8F0876FF07705F8E700BF64
:10D11000494C040029CE010010B5044613460A46C6
:10D120000146064801F0ECFC23691B7923B1204637
:10D13000BDE8104027F0EABE10BD00BF254F040037
:10D1400038B50B46154648B91449154A521AB3EB7F
:10D15000920F05D251F82350284638BD84680CB987
:10D160000025F9E70F4A94420AD30F4A944207D2A6
:10D1700018462268294690472B68002BECD1EFE730
:10D180000A4A944202D30A4A944205D324681422DC
:10D190005343E518E358F0E70133F8E7209B040018
:10D1A000509B0400689C0400709C0400509B040089
:10D1B000689C0400F7B503782D2B0446164605D16C
:10D1C0006FF015033360002003B0F0BD2BF016FCA8
:10D1D0000B4F00230546C3510A46204601A925F0FE
:10D1E000F7F9EB59222B02D16FF02103EAE7002B6C
:10D1F000E6D1019BA342E3D01B78002BE4D0DFE70C
:10D2000014000000836803F580535B6F9B0603D511
:10D210000249406928F096B8704700BFB79C0400E7
:10D22000014928F08FB800BFABD704000A1E0EDCFE
:10D230000FD04223816801F58051496F890608D5D6
:10D24000002A04494069B8BF524228F07BB8412304
:10D25000F0E77047D7DF04000A1E0EDC0FD044232E
:10D26000816801F58051496F890608D5002A044973
:10D270004069B8BF524228F065B84323F0E77047D1
:10D28000D7DF04002DE9F0478568DFF86C9004468D
:10D2900005F15600F3F794FE002395F83C7086B232
:10D2A0009846A268558FED1BB54209DB002E1FDDA5
:10D2B000563360690F49BDE8F0471A4428F042B878
:10D2C0001D442A44563392F856A082F85680A2682C
:10D2D00060691A44494628F035F8A3682B4483F85E
:10D2E00056A0A3685B8FDB1BF61A00272B46D8E7F6
:10D2F000BDE8F087C5D9040091D6040008290A4684
:10D3000018D8836893F83E10914213D083F83E20DA
:10D31000836803F58053082A5B6F05D0990609D509
:10D320000549406928F00EB89B0603D503494069BA
:10D3300028F008B8704700BFDEDF0400BC9C040082
:10D3400038B50D4609780446FFF7D8FF6A78072AF2
:10D3500012D8A36893F83F1091420DD083F83F2074
:10D36000A36803F580535B6F9B0605D5606903498D
:10D37000BDE8384027F0E6BF38BD00BFE7DF040056
:10D38000F8B58368B3F850200446002A57D0B3F8A4
:10D390005210002953D0553103F156050B4418465D
:10D3A000A84206D3014611F80169202E3ED0A842BA
:10D3B0003ED286B29DB2AB1B9BB2591C471CD21AFF
:10D3C000014438462AF0E7FFA268B2F85030711BDA
:10D3D00013FA81F3A2F85030A368B3F85020134435
:10D3E000002283F8562009B2204628F016F8A368D8
:10D3F00003F580535B6F9A0603D51149606927F0E6
:10D40000A1FF3B460F4A0821204628F027F9204675
:10D41000FFF7F8FEA36803F580535B6F9B060ED5FC
:10D4200060690949BDE8F84027F08CBF0846B7E7B6
:10D43000014611F80169202EBBD00846B7E7F8BDB8
:10D44000C19C0400C5D90400C59C04002DE9F84F17
:10D4500004460F4690460AB1FFF7D4FEA66806F5CB
:10D460008053B6F852505B6F5B0724D505F1560028
:10D470003044F3F7A5FD2A4E0546B5B9A368B3F8C5
:10D480005020A3F85220A06827F069FF30B1B8F10E
:10D49000000F00D017B16069FFF7C2FE7942204645
:10D4A00009B2BDE8F84F27F0B8BF6069314627F0F0
:10D4B00049FF013DE1E73046F3F782FDB6F85090B1
:10D4C000738F19FA80F915FA80F0B0FBF3F2B9FB0B
:10D4D000F3F39A42AA461BD0124DA3684845CDDA11
:10D4E0005A8FB0FBF2F302FB1303461C13B96069B9
:10D4F000FFF796FEA3685344204693F856300AF18E
:10D50000010B2A46082128F0A9F8DA463046E4E75C
:10D510005635054A73190821204628F09FF8ADE7D3
:10D5200000EB0400DBDF0400C5D9040013B58368F9
:10D530008DF8071003F580520446526FD00725D5A9
:10D54000B3F85210B3F850208A421FD0481CA3F8F9
:10D5500052000B449DF8072083F85620A36803F57A
:10D560008053596F89070FD55B6F60690B4913F0C2
:10D57000040F18BF2A2227F0E5FE204627F001FFFE
:10D5800010B16069FFF74CFE02B010BD01220DF131
:10D590000701204628F06FF8F6E700BFDBDF040044
:10D5A00010B504468368094A022128F057F8A36899
:10D5B00003F580535B6F9B0707D52046FFF762FE9C
:10D5C0002046BDE8104027F003BF10BDC5D90400B8
:10D5D000014928F098B900BFABD704002DE9F04FFE
:10D5E0000E46002189B0044617460D4603AA304670
:10D5F00001F10108FFF7A4FDB0B995B127B13A4692
:10D600000821204628F02AF81E4FDFF87C90DFF82A
:10D610007CA0002103AA304601F10108FFF790FD2C
:10D6200060B909B0BDE8F08F006810B1F3F7C8FC2D
:10D6300080B2854238BF05464146D7E703688BB1C3
:10D640001A787AB1D0F804B04A46CDE900530821DF
:10D650003B46204628F002F8BBF1000F04D1606978
:10D66000FFF7B6FF4146D5E7524620463B46082124
:10D6700027F0F4FFAA1D92B25946204628F050F92F
:10D68000F0E700BF05E00400F0DF04008FCF0400E6
:10D69000F7B50F6805460E46A7B13846F3F790FC7C
:10D6A00084B2094B00932846084A3B46082127F0DC
:10D6B000D5FFE21C716892B2284603B0BDE8F04085
:10D6C00028F02EB93C46ECE701E00400FADD040046
:10D6D00010B507490446F3F761FC38B10549204607
:10D6E000F3F75CFCB0FA80F0400910BD0120FCE7C4
:10D6F000F7DF0400FADF040010B5836803F58053F8
:10D7000004465B6F9B0603D50549406928F07FF905
:10D71000A36850225A87A36818221A87002010BDD8
:10D72000C99C040008B5836902491A6827F06DFB9B
:10D73000002008BD08E004002DE9F3410D490E4C1E
:10D740000E4EDFF83C80054627F05FFB0022B44216
:10D7500002F1010703D3002002B0BDE8F081636A43
:10D760000093A36892B24146284627F04EFB30341E
:10D770003A46ECE718E00400F09A0400209B04000D
:10D7800030E0040008B5024927F069FB002008BD1D
:10D79000ACD7040073B50E4E04460025A268E068BD
:10D7A0000DF1060302F65602012128F0E8F9BDF852
:10D7B0000600A36840B12A4603F6560331462046C8
:10D7C00027F023FB0135E9E783F8560802B070BD66
:10D7D00041E0040010B5044627F088FB03490246E7
:10D7E000204627F012FB002010BD00BF45DB0400DF
:10D7F000022907B50BD15368009312680B4B0C49F3
:10D8000027F01FFB6FF0150003B05DF804FB836881
:10D81000084A094903F580535B6F13F0020F074B69
:10D8200018BF1A4627F0F1FA0020EDE74FE0040098
:10D8300064E004004BE004006DE00400EC0505002A
:10D8400010B5836803F5805304465B6F9A0603D5D1
:10D850000749406928F0DBF8A36803F580535B6F44
:10D860009B0603D50349606928F0D1F8002010BD5C
:10D87000D09C0400D59C0400F0B5012985B0044675
:10D880000AD0536800931268604B614927F0D9FAB7
:10D890006FF0150005B0F0BD836803F580535B6F32
:10D8A000990603D55B49406928F0B1F86FF0F9019A
:10D8B0002046FFF7BBFCFA212046FFF7CDFCA0680D
:10D8C00000254FF40062294600F656008DF80B50F3
:10D8D0002AF07BFD5049606928F099F8606927F0CB
:10D8E00015FB4FF47A766068036801221F690DF119
:10D8F0000B0103ABB847039BF3B9013E4FF47A70B9
:10D90000B6B229F06AFC002EEDD1A36803F580536E
:10D910005B6F9B0603D54149606928F078F8A368DE
:10D920003F4950225A87A368182220461A8727F0B9
:10D930007AFA6FF00700ADE79DF80B20A3681B2A69
:10D9400056D093F856181B29CDD1522A50D15A19C6
:10D95000002382F85638A66896F857285B2A2ED1FD
:10D9600006F65700022510F8011F2A463B2905F14B
:10D970000105ADB226D140F2FF718A42C5D002F650
:10D98000560216FA82F1002211F8010F20BB86F828
:10D990005608FA2AA16828BFFA224A87FA2BA268F9
:10D9A00028BFFA231387A36803F580535B6F9A0699
:10D9B00003D51A49606928F02AF800206AE786F83A
:10D9C0005638A2E703EB8303303901EB4301B5F589
:10D9D000006F8BB2C7D198E7013502EB8202ADB27E
:10D9E000303800EB4200B5F5006F82B2CCD18CE745
:10D9F0002B440135ADB2092D83F856287FF673AF5D
:10DA0000A368002283F856287FE700BF4FE0040098
:10DA100064E00400DB9C0400B8E00400DF9C040028
:10DA20007EE004002DE9F04F074689B0154689468F
:10DA300021B1104628F058F900285CD1032456E0A3
:10DA40005C463CE029460AF656002AF0BDFD064633
:10DA5000002855D0F3F7B4FA82B2601C0132314687
:10DA600030442AF098FC2246594630462AF085FC7C
:10DA70004FF020033355BAF8543001331C44AAF850
:10DA8000544008F10108002401994B1C03AA4846A0
:10DA90000193FFF755FB0646F0B131680022284696
:10DAA00028F099FB0028EFD1D6F800B0D7F808A0ED
:10DAB000BBF1000FC4D05846F3F782FA84B2BAF82B
:10DAC00054302344B3F5006FBCDB0E4A2B460321D0
:10DAD000384627F0C3FD0124B8F1000F07D0B8681D
:10DAE0002A4600F1540100F6560027F03FFB20467D
:10DAF00009B0BDE8F08F4FF0000841460224C4E7AA
:10DB00000224E9E76EE504002DE9F047D0F808901B
:10DB10008CB01D46D9F80C3080460F461646984703
:10DB20000368202B11D924490B685C0708D0234BCC
:10DB300002930023CDE900330122184628F019F999
:10DB40006FF015000CB0BDE8F087002E05DA1A4919
:10DB50000B685807F4D01A4BEAE746EA05045A1E48
:10DB600014400ED014490A685207E9D00393154BAC
:10DB700002930023CDE900330122184628F0F9F87A
:10DB8000DEE72022394604A82AF01FFC2046AC42DA
:10DB9000D8D2A5EB040ABAF1200F28BF4FF0200A13
:10DBA000D9F80470534604AA31194046B8470028F2
:10DBB000C8DB5444EBE700BF70060020C0E504005A
:10DBC000E6E5040003E604002DE9F04F80468DB041
:10DBD0000C4600297DD04C4E3368580732D08B68F4
:10DBE00005934B6804930B6803930025474B0293FE
:10DBF00031462B46CDE900550122284628F055F93B
:10DC0000336859071ED06369059323690493E36859
:10DC100003933F4B0095CDE9015301222B4631463A
:10DC2000284628F042F933685A070BD0E36903937A
:10DC3000384B0095CDE9015301222B463146284649
:10DC400028F033F90025DFF8DCA0DFF8BCB0274668
:10DC5000A94633685B0718D0FB6A0A93EB1C09934B
:10DC6000BB6A0893AB1C07937B6A06936B1C0593F6
:10DC70003B6ACDF80090CDE903530023CDE9019A2A
:10DC800001225946184628F010F90435102D07F1E5
:10DC90001007DED1336858071BD0236E039300258D
:10DCA0001D4B19490293CDE900552B460122284608
:10DCB00028F0FBF8336859070BD0A3690393174B7F
:10DCC00011490095CDE9015301222B46284628F041
:10DCD000ECF8B8F1010F10D1EFF305830A490A6897
:10DCE00052070AD0103B03930D4B02930023CDE95A
:10DCF00000334246184628F0D8F8214640460DB079
:10DD0000BDE8F04F22F02CB9A40600203BE6040049
:10DD10006AE6040099E60400EBE60400FAE6040073
:10DD200028E70400A8E6040030BFFFF7FDBF00BFEE
:10DD30002DE9F0410B4EDFF8348006EB0807CC1BD1
:10DD400005463246084920462AF017FBA0194246EC
:10DD50000021083C2AF039FBC5F8A84007F108006B
:10DD6000BDE8F08108000000709C0400080000007D
:10DD70002DE9F04F9B468FB05368069391464B694F
:10DD8000DBF81C2007938246884628F089FB0AAB03
:10DD900004464A4641465046D9F8005028F0D5FB83
:10DDA0000AAB074680B1B8490B685E0708D0B74B8D
:10DDB00002930023CDE900330122184628F090F8A1
:10DDC00038460FB0BDE8F08F9DF8342002F00F0206
:10DDD000032A03BFBDF83620D8F8B410D8F8306055
:10DDE000D8F82C6012BF0A9A28204243504608BF38
:10DDF0008A5800931644CDE9016B4B4609AA414667
:10DE00001BF0B8FB074670B19F490B685D07D7D080
:10DE10009F4B02930023CDE900330396012218465D
:10DE200028F05EF8CCE79DF818006219322800F25D
:10DE3000768101A353F820F0C1DD01000DDF010060
:10DE400005DF01008FDF01001FE101001FE101007C
:10DE50001FE101001FE101001FE101001FE10100BE
:10DE6000D3DF01001FE101001FE101001FE10100FC
:10DE70001FE101001FE101001FE101001FE101009E
:10DE80001FE101001FE101001FE101001BE1010092
:10DE90001BE1010011E101001FE101001FE1010090
:10DEA0001FE101001FE101000DDF01000DDF010096
:10DEB000D3DF01001FE101001FE101001FE10100AC
:10DEC0001FE101001FE101001FE101001FE101004E
:10DED00005DF01001FE1010039DF01001FE1010042
:10DEE0004BDF010097DF010097DF010097DF0100A2
:10DEF00097DF0100A5E00100A5E00100A5E0010019
:10DF0000A5E001006359099A13441CE0DDF824C020
:10DF10006159ACEB0203080203EBA01303F100709C
:10DF200001386FF07C4E704580F08680C3F3970314
:10DF300001F07F410B4306E06259564B134043F01A
:10DF4000D07343F4704363513AE709986159A0EBE9
:10DF5000020C41F31E03634413F1804F12D54A496A
:10DF60000B685C070BD005904B4B02930023CDE967
:10DF70000362CDE900330122184627F0B1FF6FF0AC
:10DF800007071DE723F0004301F00041D2E7099B9A
:10DF90009A1A6359B8E761590B09C1F30B0603F4E8
:10DFA00070433343099E06FA83F3A0F12D06012E38
:10DFB0000CD92C28394A08BF1B140A40C3F30B01A3
:10DFC0001B010A4303F470231343BCE79B1A2E285A
:10DFD000F0E7605B5188DDF824C04FEA902E4FEAED
:10DFE0000E6340F6FE7808EA410803F0807343EAC6
:10DFF0000803DFF8AC8008EA003843EA08038EEA39
:10E0000051386FEA08088EEAD12E08F001086FEA4D
:10E010000E0E43EAC8530EF0010E43EA8E5343F34B
:10E020001803ACEB020E734403F1FF1E0EF57F4E96
:10E030006FF07E48C64506D313490B6858079ED03B
:10E04000CDF814C090E7C3F3093C00F47840C3F363
:10E0500000664CEA000040EA8620605301F450411B
:10E06000C3F34A00014383F40000C0F3C05083F4BB
:10E0700080037040C3F3805341EA4031734041EA6A
:10E08000C32353809CE600BF6C0600203BE70400DE
:10E090005EE704000F0000F078E7040000F0E0FF06
:10E0A00000F03F0034F805C051884FEA0C334FEAC6
:10E0B0004C0606F400669BB23343967833430E0950
:10E0C00006F4E0663343099E06FA83F3A0F13106B5
:10E0D000012E1AD9302808BF1B145E08C3F3033081
:10E0E00006F480662CF4816C30432CF0070C40EA77
:10E0F0000C0C01F40F41D8B21B01014303F4E043BF
:10E10000194324F805C051805AE69B1A3228E2E7E9
:10E110006359079A1A44134615E7099B13E7084900
:10E120000B685B073FF42BAF064B02930023039071
:10E13000CDE900330122184627F0D2FE1FE700BFC9
:10E140006C060020A8E70400054B9A699B689A4278
:10E150001FBF044A536843F080535360704700BFA9
:10E160004098002000ED00E07FB54D4C2368064646
:10E1700058070D4609D04B4B02930023CDE90033DD
:10E1800001222146184627F0BBFE474B9B6AD90661
:10E1900040F1838023685A0709D0444B029300233F
:10E1A000CDE900333E490122184627F0A9FE11208F
:10E1B0003D4B9B6A1B070DD52368590709D03C4B83
:10E1C00002930023CDE9003335490122184627F098
:10E1D00097FE1220344B9B6A9A0726D523685B076B
:10E1E00009D0344B02930023CDE900332C4901229E
:10E1F000184627F085FE2C4B5A6B9B6A180613D5E0
:10E20000236859070AD02C4B029300230392CDE9CF
:10E21000003323490122184627F072FE26B1224A14
:10E22000936A23F08003936213201F4B9B6ADA07E3
:10E230000DD523685B0709D0204B02930023CDE95D
:10E24000003317490122184627F05AFE1420164BB6
:10E250009B6A9E060DD52368580709D0184B029378
:10E260000023CDE900330E490122184627F048FE6D
:10E2700015200D4B9A6AD10658BF9A6A9A6A92067F
:10E2800042BF5A6A22F400525A629A6A42F0FF026E
:10E290009A6200232B7004B070BD102088E700BF85
:10E2A000A4060020C4E7040000ED00E0DAE7040063
:10E2B0000DE8040020E8040038E804004EE80400FB
:10E2C0006DE804007FB5504C2368064658070D469C
:10E2D00009D04E4B02930023CDE9003301222146A1
:10E2E000184627F00DFE4A4B9B6AD90478D523685F
:10E2F0005A0709D0474B02930023CDE90033424926
:10E300000122184627F0FCFD1720414B9B6A1B0594
:10E310000DD52368590709D03F4B02930023CDE95F
:10E32000003339490122184627F0EAFD1820384BFE
:10E330009B6A9A0526D523685B0709D0374B029361
:10E340000023CDE9003330490122184627F0D8FDDB
:10E350002F4B9A6B9B6A180413D5236859070AD070
:10E360002F4B029300230392CDE90033264901226B
:10E37000184627F0C5FD26B1254A936A23F40043C9
:10E3800093621920224B9B6A5B050DD523685E07BB
:10E3900009D0244B02930023CDE900331A4901220E
:10E3A000184627F0ADFD1A20194A936A13F48073BA
:10E3B00018D02368580709D01B4B02930023CDE9DE
:10E3C000003311490122184627F09AFD1B20104AFC
:10E3D000936A43F47F43936200232B7004B070BDB3
:10E3E000162092E7926A9104F1D52268520708D06C
:10E3F0000E4A05490093CDE901321846012227F063
:10E400007FFD1C20E3E700BFA40600209CE8040079
:10E4100000ED00E0B2E804000DE80400C3E80400E9
:10E42000DCE80400F1E804000CE904006DE80400F5
:10E430001FB5424C23685A0709D0414B0293002371
:10E44000CDE9003301222146184627F059FD3D4B06
:10E450009B6A9B0170D52368580709D03A4B0293F9
:10E460000023CDE9003335490122184627F048FD45
:10E470001E20344B9B6AD9010DD523685A0709D059
:10E48000324B02930023CDE900332C490122184678
:10E4900027F036FD1F202B4B9B6A1B030DD52368ED
:10E4A000580709D02A4B02930023CDE900332349B2
:10E4B0000122184627F024FD2120224B9B6A590394
:10E4C0000DD523685A0709D0224B02930023CDE9CA
:10E4D00000331A490122184627F012FD2220194B59
:10E4E0009B6A9B030DD52368590709D01A4B0293E9
:10E4F0000023CDE9003311490122184627F000FD21
:10E500002320104B9B6ADA030DD523685B0709D0E3
:10E51000124B02930023CDE900330849012218462B
:10E5200027F0EEFC2420074A936A6FEA03436FEA60
:10E530001343936204B010BD1D209AE7A406002087
:10E5400024E9040000ED00E03CE904004FE9040088
:10E5500069E9040087E90400ACE90400C6E90400A5
:10E56000F0B5814B5F68A3B00646C7F308040023EB
:10E5700083F31188BFF36F8F02F07F40B0F17F4FBC
:10E580000FD102F00C0008281BD178490A68500707
:10E5900007D0774A0093CDE901321846012227F0CF
:10E5A000AFFC00252E4600238DF81F30E31E092BFB
:10E5B00000F2BC80DFE803F00BA6AAA2BABABABA8E
:10E5C000BAAE120746BF0E461D460125EBE7674C63
:10E5D00023685F0709D0674B02930023CDE900331E
:10E5E00001222146184627F08BFC5F4800218DF858
:10E5F0001F10C36A13F002030ED02368580709D016
:10E600005D4B0091CDE901130B4658490122184694
:10E6100027F076FC00244AE0C26A002A07DA226862
:10E620005207F7D0554A0093CDE90132EDE7C26AAF
:10E630005700EFD52268500708D0514A4B49009344
:10E64000CDE901321846012227F05AFC464BB16948
:10E650005A6942F480725A61BFF34F8FBFF36F8FD4
:10E660005A6931F8021C22F480725A61BFF34F8F4D
:10E67000BFF36F8F4DF60272914208D09A6AD2B200
:10E6800072B30DF11F010120FFF76EFD38E0236822
:10E6900059070BD0336803933A4B02930023CDE91B
:10E6A000003332490122184627F02AFC34689DF8CD
:10E6B0001F309BB96822314608A829F05EFE0F9BE7
:10E6C000002D4BD0C3F3080222B96FEA53236FEA3F
:10E6D00043230F9308A92046FFF776FA23B0F0BD35
:10E6E0009A6A12F47F4F05D00DF11F010120FFF748
:10E6F000E9FD05E09B6AB3F5803F8BD3FFF798FEF9
:10E700000446D4E70DF11F010020BDE70DF11F0104
:10E710000020ECE715490B685A073FF47BAF1A4B12
:10E7200002930023CDE90033012270E70F490B6803
:10E730005B073FF46FAF154A154B17F4F87F18BF0E
:10E740001346103CCDE90334124B02930023CDE96C
:10E7500000330122184627F0D3FB5BE723F4FF7355
:10E7600023F00103B5E700BF00ED00E0A4060020A0
:10E770001FEA04004AEA040061EA040082EA040095
:10E7800090EA0400AFEA0400CBEA040006EA0400C1
:10E79000F1E90400EFEA0400044B5A6942F0100268
:10E7A0005A615A6922F008025A61704700ED00E090
:10E7B000EFF30880EFF3098101B57246FFF7D0FE51
:10E7C00001BD00BF0F4880F308881FF05FFC2020C8
:10E7D00080F311880C484FF0AA014FF4006228F032
:10E7E00056FD09484FF40061401880F30988EFF3A3
:10E7F00014800221084380F31488BFF36F8F00F068
:10E80000BFF80000B8770220782E0220084B9B68E2
:10E8100083420BD1EFF3058343B1064B5A6842F0B4
:10E8200080525A605A6A22F400425A6222F0C2BEF2
:10E830004098002000ED00E021498A6882F8F5E068
:10E840004FF030001044EFF3098C80E8F01F1EF009
:10E85000100F03D102F1B40080EC108A202080F365
:10E860001288BFF36F8F174F4FF000668A698A6076
:10E870003E60D2F8A800144C206092F9F5E0D2F87E
:10E88000AC000023C2F8AC3080F311881EF0100FEA
:10E8900003D00023E1EE103A03E002F1B40090EC63
:10E8A000108AEFF3148323F0040383F31488BFF377
:10E8B0006F8F02F1300090E8F01F8CF309887047E9
:10E8C0004098002004ED00E09C5000201EF0040F52
:10E8D0000CBFEFF30880EFF30980816911F8021C87
:10E8E0000229FFD001B5724627F0EFFA01BD00BF43
:10E8F00040B2002807DB044A4109012300F01F0051
:10E90000834042F82130704700E100E040B2002827
:10E910000CDB4309064900F01F002033012282402E
:10E9200041F82320BFF34F8FBFF36F8F704700BFB5
:10E9300000E100E0054B420900F01F0053F82220DF
:10E94000012303FA00F01040704700BF00E100E02F
:10E9500040B20028A8BF00F1604001F10101B8BF3A
:10E96000064B4FEA4111ACBF00F5614000F00F00CB
:10E97000C9B2B4BF195480F80013704714ED00E019
:10E98000144A08B5144B22F07F029A60BFF34F8FF0
:10E99000BFF36F8FD3F8882022F47002C3F8882069
:10E9A000D3F8882042F4A002C3F888204FF04042F8
:10E9B000C3F83422BFF34F8FBFF36F8F0023E1EE14
:10E9C000103A21F0BBFB23F03FF800F07BF821F078
:10E9D000F9FB00BF0000010000ED00E042F8203C20
:10E9E000009B42F81C3C019B42F8183C0A49029BE0
:10E9F00042F8143C4FF0807342F8043C21F00101CE
:10EA0000002342F8081C203AC0F8AC304FF47D4394
:10EA10000265C0F8F430704709940100104B9B6800
:10EA200083421AD1EFF30580B8B9EFF311812022A8
:10EA300082F31288BFF36F8F1A7B22F002021A73DF
:10EA4000EFF3148323F0040383F31488BFF36F8F71
:10EA500081F31188BFF36F8F70476FF01500704717
:10EA60004098002000B50E4615460023E1EE103A0E
:10EA7000EFF3148323F0040383F31488BFF36F8F41
:10EA8000BFF36F8F084BD0F8A8209860074B1A602F
:10EA90002C4686F309880020054B98472046002124
:10EAA00000220023034C2047409800209C50002067
:10EAB0002F5F040009940100014B10221A61704776
:10EAC00000ED00E0044800232021C2180133302B60
:10EAD00082F80013F9D1704700E100E008B5EFF3C8
:10EAE0000583064A103B02EBC30152F83300496824
:10EAF0008847BDE80840FFF727BB00BF148D04001E
:10EB0000F0B587B007460E4614460021102268462D
:10EB10001D4629F05AFC02238DF802302A46054B87
:10EB2000019321466846CDE9047623F053FE07B0F1
:10EB3000F0BD00BF755F040008B5024B1B68984725
:10EB4000002008BDA0500020034B044A18609378B1
:10EB500043F0020393707047A0500020F80100209A
:10EB600008B5054825F045FA002383F31188BFF363
:10EB70006F8F0423184602DF02EB040008B5064934
:10EB8000064821F00701C1F1005202F5802225F06C
:10EB900099F9002008BD00BFC3E40220A450002062
:10EBA00003484FF0FF324FF0FF3321F0BDBC00BFF0
:10EBB00008020020014821F02FBD00BF08020020FC
:10EBC00038B50546FFF7ECFF08482A46082125F02E
:10EBD0007DF8044628B925B129F010FF044B0C221A
:10EBE0001A50FFF7E7FF204638BD00BFA4500020B1
:10EBF0001400000038B504460D46FFF7D1FF21464A
:10EC000008482B46082225F0C9F8044628B925B142
:10EC100029F0F4FE044B0C221A50FFF7CBFF2046DC
:10EC200038BD00BFA45000201400000010B50446F9
:10EC3000FFF7B6FF2146034825F010F8BDE8104065
:10EC4000FFF7B8BFA450002070B5A0FB01543CB939
:10EC50002846FFF7B5FF064640B90026304670BD8E
:10EC600029F0CCFE044B0C221A50F6E72A46214626
:10EC700029F0ABFBF2E700BF1400000008B500F07C
:10EC8000B7F80A4941610A490122C0E900220A6035
:10EC900008490A60084A00231360084A03611360A8
:10ECA000C0E90233064A136008BD00BFACD70400B8
:10ECB0003802002034020020B8500020B450002058
:10ECC000B05000202DE9F04107460E46154600F0F1
:10ECD0008FF8C36804461BB943691A78002A41D1EA
:10ECE0000023E3606368BB4256F8232008DB324B05
:10ECF0006361204600F062F84FF0FF30BDE8F0811C
:10ED0000511C616192F80080B8F12D0FEFD1911C78
:10ED100061615178A1602D2904D192786AB90133DB
:10ED20006360E4E749B9244B63614146284629F012
:10ED3000FAFB0028DDD0C4F80880D4F80880284603
:10ED4000414629F0F0FBB8F13A0F636900D070B981
:10ED50001B7813B9636801336360204600F02EF816
:10ED60003F20CBE75A1C42611B788360E5E742787D
:10ED70003A2A0BD0002222611B7813B96368013351
:10ED80006360204600F01AF8A068B7E71878626858
:10ED9000094928B901329742626004DD56F82230F1
:10EDA000C4E90431EAE761612D783A2D2046D5D1D6
:10EDB00000F004F82846A1E7ACD70400074B02682E
:10EDC0001A60074B42681A60064B82681A60064B4D
:10EDD000C2681A60054B02691A6070473802002049
:10EDE00034020020B8500020B4500020B050002061
:10EDF000004870471C02002070B54169857A0C4EAE
:10EE0000044659B1437ADB0706D4302303FB05637C
:10EE10009B6A1B689B6898470023636105EB450567
:10EE2000214606EB0510BDE8704028F0C1BC00BFCC
:10EE300084070020024B302202FB0030704700BFE5
:10EE400084070020827A074B302101FB0233DA6A03
:10EE500093F822301B33801A23F00303B0FBF3F046
:10EE6000704700BF8407002038B5074B827A3024F2
:10EE700004FB02339B6AD3E901240C601568FFF799
:10EE8000E1FF04FB005038BD840700202DE9F0436A
:10EE900085B005466846039190461C4629F0A3F8C4
:10EEA000DDE90067EFF31189202383F31288BFF3B4
:10EEB0006F8F2B8C002B43D0EA8B9A4225D90022EE
:10EEC0000023284621F0F8FB0446F0B189F31188AD
:10EED000BFF36F8F039B002B43D032463B466846FF
:10EEE00029F0A5F8A27A274B302101FB02332046F6
:10EEF0009B6A1B6803A91D68DDE90023A8476061C0
:10EF000080BB2046FFF778FF26E0298C4B1E2B8420
:10EF100089F31188BFF36F8F95F82230EA8BEC6A82
:10EF20001B3323F00303521A02FB0344154B164A0A
:10EF3000EB1A1B115343A37295F82230E372C9E711
:10EF400089F31188BFF36F8F23464246284621F08C
:10EF5000B3FB04460028BDD10024204605B0BDE81F
:10EF6000F0836361012300252381039B6382E27A9E
:10EF70006560294604F1180029F027FA63692582A3
:10EF8000E360EAE784070020ABAAAAAA70B50C4C9C
:10EF9000302500B970BD037A4668013BDBB20372CD
:10EFA000002BF7D1C3604360837A05FB03435B6AA0
:10EFB00013B198473046ECE7FFF71EFFFAE700BFB2
:10EFC00084070020024B0122C3F84025002070472F
:10EFD00000E0014020B1034B800143F001031847DA
:10EFE000704700BFF09C040008B50B4828F0FAF801
:10EFF00010B96FF0120008BD074828F0F3F8002898
:10F00000F7D0064827F04FF90028F4D1BDE80840B2
:10F01000034827F048B900BF1C8B0400BCA40400BF
:10F02000B4A40400F7B506460D460D4883688AB2BD
:10F030001B6831469847002810DA00240CE02F1B8B
:10F04000042F28BF042727F06FFE3A46019001A93C
:10F05000301929F092F93C44A542F0D803B0F0BD34
:10F06000888B040010B503460548826814688AB28C
:10F070001946A0470028B4BF6FF00400002010BD5F
:10F08000888B040070B50446807AFFF7D3FE61696F
:10F09000054649B1637ADB0704D4836A1B682046BE
:10F0A0009B689847002363612146284628F080FB2F
:10F0B000034B1B681BB1BDE870402A20184770BD88
:10F0C000BC5000201FB5144B1A78012A0C461AD1E7
:10F0D0000B7E022B12D0082B1CD010490868400769
:10F0E00008D003930E4B02930023CDE9003318465A
:10F0F00027F038F96FF0150004B010BD042104F1B9
:10F100000C0027F0AFF8074B2146186828F045FBA4
:10F110000020F1E70221F2E7180600205C0600203B
:10F120003BEB0400C050002030B5811EC9B21E293F
:10F1300085B0054604D8114820FA01F1C90711D459
:10F140000F490B685B0709D00E4B02930023CDE9F2
:10F15000003303950122184627F004F900242046C5
:10F1600005B030BD084827F03AF804460028F5D02D
:10F1700001210C3027F063F82576F0E741000040CC
:10F180005C0600204BEB0400E40700202DE9FF4162
:10F190000428DDE90A67044647D0402803D0012847
:10F1A0003CD126481EE026490878012836D134781B
:10F1B000012C14D0022C2ED022490B685A0709D0FA
:10F1C000214B039402930023CDE90033012218461A
:10F1D00027F0C8F80025284604B0BDE8F08117489C
:10F1E0000136013F26F0FBFF05460028F2D000F172
:10F1F0000C080121404627F022F82C76002EEAD098
:10F20000002FE8D0404627F046F887420FD928461D
:10F21000FFF7BCFEDEE70D480424E1E709490B686F
:10F220005B07D7D00A4B0394CCE70848DAE73A46A5
:10F230003146404627F00DF8CDE700BFB407002067
:10F24000180600205C0600205FEB04008407002005
:10F2500072EB0400038A014623B1034B18688368EC
:10F260009B681847122070473C02002001289DBF70
:10F27000024B187000206FF0150070471806002030
:10F2800030B51F4B1F4C186085B0206827F0AAFFCF
:10F290001D4D034678B92A68520707D01B4A0090D3
:10F2A000CDE901022946012227F05CF86FF0120433
:10F2B000204605B030BD2068154983681B68984713
:10F2C0002B68044668B15B07F2D0124B029300230F
:10F2D0000390CDE9003301222946184627F042F871
:10F2E000E6E703F00703022BE2D90B4B0090CDE9D0
:10F2F000010303220346294627F034F8D8E700BF6C
:10F30000C05000203C0200205C06002086EB040078
:10F31000C5F001009EEB0400BAEB040070B54FF09D
:10F32000FF320D464FF0FF330021064627F029F843
:10F33000044660B90A4A0B490B48132324F06FFEB8
:10F3400084F31188BFF36F8F0323184602DF022175
:10F3500004F10C0026F077FF06704570204670BD62
:10F36000E3EB040016EB040019EC040000F1070CB9
:10F370002CF0030C10B4541E1860A4B2ACF800209A
:10F38000023A93B201FB04F24FF0000C40F802C0C5
:10F3900074B103FB011403FB01F22044121B4FF66E
:10F3A000FF7C013B9BB263458050A0EB0100F8D18C
:10F3B0005DF8044B704700BF0346006810B1026857
:10F3C0000AB91A60704700F1070C2CF0030CD11D2C
:10F3D000BCF800C021F003010CF1FF3CA1F800C013
:10F3E000EFE700BF0B687BB1073323F003031A88F4
:10F3F000013292B20346D1F800C043F807CB23F0A4
:10F4000003031A80086070470122F3E702FB010042
:10F41000704700BF401A90FBF2F080B2704700BF07
:10F42000531E11449BB242B1DB430138CA1811F894
:10F43000013D00F8013F9142F9D17047014402E0DB
:10F4400010F8013B1BB98842FAD100207047012017
:10F45000704700BF10600860704700BF0A6803462D
:10F460000068904205BF00220A6000201A607047C1
:10F4700010B414682060146861605DF8044B10607B
:10F48000704700BF884203D01AB1436813607047C9
:10F49000002070470B68834209D02AB15868106079
:10F4A0001A680A6018467047002BF9D1FAE7002362
:10F4B000F8E700BF2DE9F041DFF834800B4E0C2750
:10F4C00006F130044546221D214628460C3CFFF734
:10F4D000C1FFA642A5F10805F5D1043F3B1DA8F1E7
:10F4E0002008A6F13006EBD1BDE8F081CC51002018
:10F4F0004051002010B403468C46A2B101EB4101FB
:10F50000154803EB4304090101EB84010144487AE7
:10F510000C7AA04204BF013008725DF8044B6146CA
:10F52000184618F03BBE01EB41020B4C120100EBF8
:10F53000400302EB830323449C7ADA7AA24202D08E
:10F540005DF8044B704701329A72044B01225A5401
:10F550005DF8044B18F07ABE48510020C4500020DA
:10F56000F8B506461C460D4602B322786378D21AD7
:10F5700012F003023AD1274F71004FEA450C314493
:10F58000AC44890001EB0C1101330431DBB27A1871
:10F59000606823702146FFF76BFF1F4B012229464D
:10F5A00030465A5518F052FE0020F8BD18F038FECB
:10F5B0000028DAD02946304618F010FE0028D4D0B2
:10F5C00005EB450206EB4601124F6378120102EB90
:10F5D00081023A447100907AD27A90424FEA450C07
:10F5E0000CD02078C01A10F00302C8D0012A03D032
:10F5F0000133DBB22370D0E71046F8BD2278D21A6F
:10F60000920702D00233DBB22370D4E90203984799
:10F61000CAE700BF48510020C45000202DE9F04F38
:10F62000DFF8649119F8003089B0002B5AD0DFF868
:10F630005CA13C2204234FF0000B00EB400712FBBF
:10F6400000330324CDE904BB09F800B00AEB071727
:10F65000039302948346B8460023B96A58F8240FEE
:10F66000079307AAFFF70EFF044607AAB4B1079D48
:10F670002E786978761A06F00306012E35D02B789D
:10F68000591A01F003010129DBB23DD1D7E9090183
:10F69000FFF7F8FE044607AA002CE8D197F82E30B1
:10F6A00097F82F209A4203D087F82F300123049334
:10F6B00097F82C3097F82D209A4203D087F82D30F8
:10F6C00001230593029B5D1EEBB2FF2B0293A7F172
:10F6D0000C07C0D1049AD846DDF814B012B1BBF1C2
:10F6E000000F45D009B0BDE8F08F01396970079B64
:10F6F000D3E902039847079D2A786978D3B2521A52
:10F7000002F00302012A21D0B86A01930022414687
:10F71000FFF7C0FE6C60019B6A786B702B789B1AB8
:10F7200003F00303012B08D0D7E9090107AAFFF76B
:10F73000A9FE012E044698D10EE0039B6A7029466B
:10F7400020460AEB0302FFF793FEEDE7D7E9090134
:10F7500007AAFFF797FE0446029B8BB10123594687
:10F76000584609F80B3018F071FD09B0BDE8F08F6C
:10F770005A464146404609B0BDE8F04F18F00EBD6C
:10F78000002C8BD0EAE700BFC45000204851002075
:10F790004B1EDBB271B1411E00EB030C002011F8CF
:10F7A000013F23B15A1E01301340C0B2FAD1614566
:10F7B000F5D17047084670472DE9F04F074683B0F2
:10F7C000032601250421384613F0B4FFD7F800C002
:10F7D00000204FEADC741F234FF0010E834682465F
:10F7E00008E01C2B40F2808119294BD04FF0010E0C
:10F7F00008461446013BDBB2FF2B4AD02CFA03F239
:10F8000002F0010294420CD0411C0E2BC9B271D9F6
:10F81000002AE6D01C2B40F26481192932D096468A
:10F82000E6E70EF10108072B5FFA88F810D9B8F166
:10F83000060F00F24B81002A40F03981B8F1060F23
:10F8400000F006811C2B40F2FB800146C646CFE744
:10F85000002A40F00281B8F1060F40F2EC804FF030
:10F86000010E0EFA03F20BF1010B01304CEA020C0F
:10F870005FFA8BFBC1B2D1467246CA4500F0918057
:10F880001929B5D1013305FA03F34AB35B420CEAF7
:10F89000030CA14B8CEA0303019301A802AC0022E4
:10F8A00010F8013B23B1591E01320B40D2B2FAD1FC
:10F8B000A042F5D1012A09D91FFA8CF3B3EB1C4FF2
:10F8C00012D15FFA8CF3B3EB1C6F0DD1013E16F031
:10F8D000FF067FF477AF6FF00D0003B0BDE8F08F47
:10F8E000013B4CEA030CD4E70020C7F800C003B08A
:10F8F000BDE8F08F0AF10109072B5FFA89F900F2E0
:10F900009180002A73D1052B5FD914464FF001086E
:10F91000012902D02246C6460DE0CCB105FA03F219
:10F92000072B2CEA020C88BF002221D9A0421AD052
:10F9300001460E2BA1D91929A4D0B9F10C0FA1D0E1
:10F94000CA4655E7B8F1060F4ED009B101294BD18F
:10F9500005FA03F2072B4CEA020C1AD90C46A04216
:10F960004FF00102E4D1611CC9B24FF0010EE0E793
:10F970000BF1FF3BA0425FFA8BFB20D00022CA456F
:10F9800017D0014634E74FF0010801292CD14CF083
:10F99000200C0BF1010B88425FFA8BFB06D0012291
:10F9A000EDE709F101095FFA89F9C4E7044601228C
:10F9B000D9E709F101095FFA89F90146BDE701308C
:10F9C000C1B200224FF0010E57E7BBF1000F19D072
:10F9D000052BD8D0BBF1010F1AD0042B4FF0010832
:10F9E0000DD1E1B101291AD0C6460022A3E70BF1DF
:10F9F000010B5FFA8BFB0124A04689E7D146BBF1DE
:10FA0000020F9FD101229A404CEA020CC1E7D14675
:10FA10004FF0010B0BFA03F24CEA020CB9E74CF081
:10FA2000100CB6E7002AE6D14FF001081C2B3FF47A
:10FA300072AF14466CE7052B1FD9B8F1060F07D03B
:10FA40000146D146002883D00022EFE78B4634D10F
:10FA5000014622464FF0060ECAE60BF10101B8F14D
:10FA6000060FC9B2F2D9964601229A4001302CEA1B
:10FA7000020CC1B2D1460022FFE6BBF1000F09D152
:10FA80004FF0010B0BFA03F24CEA020C0446D1468C
:10FA90005A4668E7052B31D0BBF1010F0146B6D0BD
:10FAA000042BABD1B8F1060F0CD0D14699E7B8F1D1
:10FAB000060FCDD01C2B3FF6C8AE30B30146D14661
:10FAC0000122B3E72246C646D14634E74FF0010E85
:10FAD0000EFA03F162B94CEA010C04467246D146B3
:10FAE00041E79046D146A1E7D1464FF001089DE796
:10FAF0002CEA010C0446D146002234E7B8F1060F87
:10FB0000A6D028B10146D1463FE70446D14605E7D5
:10FB1000D14600213BE700BFD6BE898E30B5037EBB
:10FB20000568FF2B14D003EB43028B4205EB021256
:10FB300027D04FF0000C01E099420BD09E4613787D
:10FB40009468FF2B03EB4302A44405EB0212F3D1AC
:10FB5000002030BD714517D00FFA8EFE13789068E3
:10FB60000EEB4E0E4FEA0E1EFF2B05F80E3006D0A0
:10FB700003EB430305EB03139A6802449A60604465
:10FB800030BD9E464FF0000C13780376E4E700BFCB
:10FB9000A2EB010C1CF4000F10B4836844690BD174
:10FBA0002CF07F4C6344A3420ED8E41A0023446136
:10FBB00083605DF8044B7047891A21F07F418B42C6
:10FBC00009D95B1AA342F0D91B1B0024446183604E
:10FBD0005DF8044B70470C44E41AE7E72DE9F8435D
:10FBE000284DBDF82C7004464FF02C0E0EFB045E21
:10FBF000084604EB840104EB4104DEF8041001EB39
:10FC0000C00605EB8405F47811F83080717804F1B2
:10FC1000010C5FFA8CFCE04598BF4FF0000C614589
:10FC20002DD0716804EB44044FEA041901EB04146D
:10FC30004FF0040801F809806360089BA360099BEA
:10FC4000E3600A9B23610C9BA361119B63620D9B84
:10FC5000E3610E9B23620F9BA362109BE36202236E
:10FC60006270A782A37086F803C0DEE90836984761
:10FC70002B4641460022B047A078BDE8F88301201A
:10FC8000BDE8F883085200202DE9F04F0346407A82
:10FC9000D3E9004587B0002800F0FE80421ED2B2B2
:10FCA00005EBC2029A468B46039205952346039ABA
:10FCB000516856780491BBF1FF0F66D00BEB4B04F3
:10FCC0004FEA0418CDF804B013F808B003EB04149D
:10FCD00000254FF0FF0C84F800C0DAF800709AF8A5
:10FCE000182007EB08096245D9F8081018BF0296DA
:10FCF0000ED1CBE0091A06D1B9F81E80BEF81EE07D
:10FD0000F04500F2B780B85DFF2894466DD00246FA
:10FD100002EB420607EB061E3601DEF808008842B9
:10FD2000E8D9029EC9F80810BCF1FF0F89F800203D
:10FD300064D00FFA8CFC0CEB4C0C4FEA0C1C0198B5
:10FD400007F80C00FF2A06D002EB420207EB02176D
:10FD5000BA68521ABA60A27801326270002DAAD035
:10FD6000AA6A4FF000012970A97022B1E96A0193D3
:10FD700000209047019B6268002A9CD1AA6A2262F7
:10FD8000EA6A6262BBF1FF0F98D1039A049F9278EE
:10FD9000994606EB4601701CB2424FEA011CC6B2FE
:10FDA00007EB011569D0039B17F80C101878B042C7
:10FDB00008BF00260429ECD16A7802EB420809EB5F
:10FDC0000814012094F801E0A1788E454FEA081844
:10FDD00018D04FF0000307F80C30AA6AA8700AB1D7
:10FDE000E96A9047039B9A78D3E70246BCF1FF0F7C
:10FDF000029EC9F8081089F800209AD101988AF863
:10FE000018009FE70192AA8ADAF814104FF6FE70E4
:10FE100082424B4607D04FF6FF70121AB2FA82F2B6
:10FE2000520984F82C206A6AA262EA6862602A6930
:10FE30000293002363622262AA8A4FF6FD739A42FC
:10FE400088BF0022A283AA69A261EA69E2602A6AE5
:10FE50002261AA68A260002363616A682046FFF7F6
:10FE600097FEE2784FF0000342F00102E383E27074
:10FE7000029B2EE7029E014654E7039905988142B2
:10FE80004B46A1F1080207D0039210E707F80820BB
:10FE9000019A8AF818205EE707B0BDE8F08F00BF2E
:10FEA0002DE9F04F447E01238FB08376002C40F083
:10FEB000B480037EFF2B814600F0AE8017F026FA57
:10FEC000D9F81420D9F81C3099F81880D9F800A076
:10FED000801A20F07F45AB4294BF00230123B8F184
:10FEE000FF0F0493A34676D0059408EB48080AEB6D
:10FEF00008144FEA0818A368AB426BD8A0781AF828
:10FF00000880ED1A9B4463781B1ADBB2012B5ED18B
:10FF1000A26AA3690393002A00F0F0801668002EFD
:10FF20007ED0002B40F08F80049B002B00F00B81D3
:10FF300004230393137A590700F0FA80137A6FF3BE
:10FF400002031372E78B94F82C207B1C9BB2E38393
:10FF5000002A74D0A28B9A4271D2A26A002A00F0C1
:10FF60004B81137A03F00703012B68D0012600238D
:10FF700051685360A36A1A7A002060F302021A7271
:10FF8000A078E7680138A0700FB36369D9F814202E
:10FF900094F803C0ABEB0303134423F07F40626A81
:10FFA00023690CF0010C002E40F0B980B4F81EE07B
:10FFB000CDE900C37346B847039BE683002B049B3F
:10FFC00018BF01230493E37866F30003E370B8F1EC
:10FFD000FF0F8AD1059C99F80B3099F80A209A42B4
:10FFE00008D10132D2B2022A1ABF14462346002396
:10FFF00089F80B4009EB83030022C3F80CB0D9F851
:020000022000DC
:10000000244089F81A204B46012204210320A446EB
:100010000FB0BDE8F04F604784760FB0BDE8F08FB9
:10002000039B002B68D0049B002B87D1D9F81C3090
:100030005B4583D8B8F1FF0F11D1049E97E7A378F1
:10004000013BA370C3E7049B002B7FF473AFD9F887
:100050001C309B45FFF46EAFB8F1FF0F49D0039BF6
:10006000E78B07939C46A38B6668BB429CBFFB1A39
:1000700099B208EB480388BF39460AEB031308938B
:1000800001FB06630693089B9968079B8B422ED35E
:10009000CDE90C70089BCDF820C0DDF81CC0CDF870
:1000A0001C90DDF80C90CDF82C80CDE9095B8E46D4
:1000B000A346B0461446986A9A6910B100680028B1
:1000C0004FD1002A4DD11B78FF2B07D003EB430300
:1000D0000AEB031399688E44E645ECD92246DDE924
:1000E000079C5C46DDE9095B0D98DDF82C80CDF8B6
:1000F0000CC0002A00F09780002638E7039BA3B1CC
:10010000049B002B7FF41EAFD9F81C309B45FFF4F5
:1001100019AFB8F1FF0FA2D104990E4631E7CDE92E
:1001200000C34FF6FF73B84751E7039E002128E74D
:10013000A08BE18B88423FF601AF012161F30203FE
:100140001372E78BFFE6D9F81C305B453FF6F0AE43
:10015000B8F1FF0F53D04FF0040CE78BCDF81CC063
:1001600081E7DD8B9F8B5E68BD422AD2002E41D194
:10017000002CA8D0304626682EB1B9F1000F02D16C
:10018000724496423FD2BD429DD3DA789BF8031069
:1001900002F0010601F00105AE4204D84A40D5073D
:1001A00091D400288FD02246DDE9079C5C460C9F45
:1001B000DDF82C80DDE9095B002A32D1CDF80CC0D6
:1001C000C1E69EB1E81B80B2B8F1000F0AD000FB77
:1001D0000660401A069981422CBF00200120002CA5
:1001E000C9D1D0E74046002CC5D1CCE7002CC1D105
:1001F0002046CAE72846E7E7A078012696E70423C9
:10020000049E0393B3E62246DDE9079C5C46DDE9E4
:10021000095BDDF82C80CDF80CC0002E3FF48EAECB
:1002200088E61668F7E716461146AAE62DE9F04F6C
:100230008FB0837E0090002B40F06C82467E002EB3
:100240007CD10098837AC27A012141769A42416931
:10025000079100F012840133DBB2022B009912BF28
:100260001A463246334601EB82028B72D368079AF4
:100270000593D31823F07F434B610124009D2B7E0F
:10028000099317F043F8697A2B6801934B1E6D6848
:1002900004900891DBB2002900F01A8505EBC30A2F
:1002A000CDE90C6400230893FF230393DAF804B02C
:1002B0004FF000092F469AF803009AF802800FFACF
:1002C00088F404EB440408F1010340454FEA0416A6
:1002D000DBB20BEB041400F010819AF800209A4274
:1002E00008BF00238AF802301BF806206178042A30
:1002F0003AD9019801EB410300EB0315082A4FEAB4
:1003000003130293A8786B7822D81B1A13F0FF030B
:100310002CD1062A1CD1009BDB7E8B4251D00BF8DE
:100320000690A36A84F80290002BC4D00020E16AF2
:1003300098479AF803009AF80280C0E7446A0421BB
:10034000034601220420A4460FB0BDE8F04F6047E9
:100350000BF806904FF00103A370A36A002BAAD0FC
:10036000E16A01209847A6E79846A8E7052A1FD129
:1003700062684AB9A2683AB9E2682AB922691AB928
:10038000626932F07F42E3D0012B1CD0009B042134
:100390005C6A3D4601220846A0470123AA4508930E
:1003A0008AF80280AAF1080300F0AD809A467DE742
:1003B000012B00F06781062AE8D1009BDB7E8B428F
:1003C000ADD1616880E1DDF800804046FFF7A6FB13
:1003D000A860D8F81410049B059A5B1A23F07F4399
:1003E0001344984240F28881C01A6B68002B52D0A7
:1003F000A38A002B4FD0013B9AB2A282D5F804C049
:10040000EB8B604523D90CF1010806970A911AE09D
:100410006A6ADFF86CE2994996448E4584BF02F11E
:10042000E87202F5D4324746296A94BF674602F55E
:10043000A572013BC01B521A9BB260456A62EB83F6
:1004400040F2DF81A28A9342E2D8069F0A99934242
:1004500020D2CDE90A710CF10102D5F820E0069214
:100460006A6ADFF81C828549724490448845674671
:1004700006D8A2F1E872A2F5D432069FA2F5A572C1
:1004800001339BB26A62EB83A28A9A423844E7D86E
:10049000DDE90A71AA8363680344AB60A2686B69F3
:1004A000A86A13446B6128B103681BB1D4E9013217
:1004B0009B1A4360049A2846FFF76AFBE268AB691F
:1004C0001344AB61226993428CBF9B1A0023AB613A
:1004D000A37D1BB1EA7863F30002EA70E37D13B1F8
:1004E000013B85F82C30DDE90132039999546B7892
:1004F0006278039201336B7011E73D46AA45AAF179
:1005000008037FF453AFDDE90C64009A099B92F86D
:1005100018B0BBEB030718BF0127002C00F079814E
:10052000049B0799D2F800905B1ABBF1FF0F23F0F0
:100530007F4A13465ED04FF000085246CDF8048043
:10054000DDF814800696CDE90A74CA461F46914626
:100550000BEB4B060AEB06143601A268424500F28B
:100560007F83019BA178E08B1344019363785B1A2E
:10057000F9698A4238BF891AA8EB0208A9EB020977
:1005800022BF00214FF0FF32FA76F961A16AA26919
:10059000DBB2002900F02C810D68002D00F01581E0
:1005A000002A40F01581022B00F065830022A26032
:1005B0001AF806203A766168002940F0CB80A26ADA
:1005C0002AB1127A02F00702012A00F0A6803BB19C
:1005D000012B00D020B1236A13B1616A0120984732
:1005E000A378637097F818B0BBF1FF0FB0D1DDE9C5
:1005F0000A74069E099B03995B4518BF2746009C19
:100600002046FFF741FBCDE9016725684FF0000C5C
:10061000009B197EFF29084600F07C830E464FF0B0
:10062000FF0A00E01E4633B203EB430305EB03175A
:100630001B01BA6A96462AB1147A04F00704012C09
:1006400000F01F82EB5CFF2BB246EBD1DDE90167C6
:10065000BCF1000F00F0E380099B8B4240F0E38087
:10066000089B002B40F0EA80009B5A7A5C68531E7E
:10067000DBB2002A00F0E280674634E1592B177F95
:100680005A2B17FF062A3FF446AEDDF8008040469D
:10069000FFF744FAAB78A8606B7098F81B2063787A
:1006A0009A427FF43CAE1BF80630062B3FF489AE2D
:1006B000009AFF23D3761BF80630062B3FF481AE59
:1006C000082B3FF47EAE0499009B5A698B1A1802DE
:1006D00009D4059A23F07F4313440099CA699A42CA
:1006E00088BFCB611BE6059B521A22F07F429342E2
:1006F0008CBF9B1A0023F0E76A6913441B1A6B61D5
:10070000002072E6029E009A00235376937E3343C4
:1007100040F055820FB0BDE8F08FA378C4F8088090
:100720006370079B019A79699A1822F07F422046EC
:10073000FFF72EFA039B0AF806306378CDF80CB069
:100740000133DBB2637097F818B0BBF1FF0F7FF491
:10075000FFAE4CE7A36A23B11B7A03F00703012B1A
:10076000DBD0B4F81EE0BEF1000F4ED1B4F81CE0AF
:1007700070464D1CD4E908C300220295CDF810A0A4
:1007800004E001388A46451C524412D0DFF89CA28E
:10079000A44D63449A44AA45F3D8DDF808A0A3F118
:1007A000E8730138A3F5D433451CA3F5A57352446F
:1007B000ECD194F82C00DDF810A06362002800F062
:1007C0002881A260A4F81EE0ABE7002A3FF4EEAE59
:1007D000022B7FF4EBAE00287FF4E8AE097A01F03B
:1007E000070101293FF4E2AEFA6187F81BB0DDE6AC
:1007F000002A3FF4DBAE022B7FF4D8AE0028F3D002
:10080000D4E6069F0A99A28A21E6A37863700020A5
:10081000AFE7009C03992046FFF736FA217E099B3B
:100820008B4200F01182089B002B54D00846FF2811
:1008300000F07D82099BFF2B00F05E82009B1B680D
:1008400000EB400003EB0013D3F808B0BBF1000F3E
:1008500000F0208216F05AFDDFF8D491DFF8D48141
:10086000714F009C02960A2506466169721A22F0B1
:100870007F42934505F1FF3502F1030240F22B82DE
:100880005A452CBF8918594421F07F421046A16A6D
:100890000192884716F03AFD019A811B921B21F0C4
:1008A0007F41033122F07F43994282467FF62AAF8F
:1008B0000DB15646D9E740F666434A4641463846AA
:1008C00023F0ADFB85F31188BFF36F8F0323184628
:1008D00002DF5646C9E7009B5A7A5C68531EDBB2BA
:1008E0000127002AA2D004EBC30508960A970794B3
:1008F0002E467578F2787368AA4277D02F46B346B1
:100900001D463FB207EB47073B0105EB0717EB5CC2
:10091000012B53D0022B5BD1D7E901C13A699CF876
:10092000004005927A69D7F80CE00692009ADEF84A
:100930000060D2F800905069FF2CD7E906A302D0DE
:100940000A6882425FD0009A0026147E0860FF2C5D
:1009500030D0CDE90157CDE903CE57469A460BE09A
:10096000D8F808203244B84798B919F80540D8F8A3
:100970000830FF2C1E4441D004EB440509EB051858
:100980002046D8F8181053462D01002FE8D1002931
:10099000EBD00599D8F80830DDE90157DDE903CE41
:1009A00011B1D8F824200A60069911B1B8F81E20B8
:1009B0000A801E448CF80040CEF80060BB6A4FF0FD
:1009C0000002BA7013B1F96A002098479BF803201F
:1009D0009BF801709BF800300137FFB2BB4208BFA3
:1009E0000027BA428BF801708BD15E46079A964277
:1009F000A6F1080300F0D8801E467AE7DDE901572A
:100A0000DDE903CED6E704EB4404220119F80240E5
:100A10009DE791457FF6D5AE4D1C0494CDF808A016
:100A20002C460FE0592B177F5CA504005A2B17FFAB
:100A3000F4A4040018A804008A46524401309145E9
:100A400080B212D9DFF8ACA2A54D63449A44AA45FE
:100A5000F2D8A246A3F1E8735244A3F5D43301308F
:100A60009145A3F5A57380B2ECD8049CDDF808A0ED
:100A7000636270441FFA80FEA3E634460596FFF7D2
:100A8000FDBBB9681C461346002940F00B81D7F81E
:100A90001890B9F1000F15D11A68002A40F0FE80B5
:100AA000904A9149914840F6C61323F0B8FA0023C2
:100AB00083F31188BFF36F8F0323184602DFBA6AEE
:100AC0004FF00409009BDB69181D53680393194616
:100AD0001368994280F0D480A3EB010E2B5DFF2BAD
:100AE00000F0CE80CE45C0F0CB804FF00008CDE9BD
:100AF00004A6CB46C44606463AE0ACF1040AC2441A
:100B0000F24528BFF24609EB060086450DD3DA45CB
:100B10000BD3B86900283DD0107A00073AD4BAEB5D
:100B2000090002D0B04280F03281886A20B1007A98
:100B300000F00700012828D0886930B3496821B344
:100B4000B969E044043000EB080609B3107A0007E5
:100B5000AEEB090103D58E4294BF31460021EB5C18
:100B60004FF0000CFF2B30D009EB080BDE452CD3E7
:100B700003EB430305EB03111B0188688444BCF1BC
:100B8000040FBAD84FF0000ABDE7EB5C0021E9E79B
:100B90003146E4E7002EC8D0AAEB090AB245C4D317
:100BA0003146DDE904A612E0089E0A9F009B002F53
:100BB00040F0EB805F769B7E002B3FF4ABAD009B5B
:100BC00001225C6A0321FFF7BDBBDDE904A6039B9C
:100BD0000B445360285DFF2800F0B8804FF0FF08F9
:100BE000944600E0184603B203EB430305EB031EF3
:100BF0001B01DEF808208A4280F0C080EB5CFF2BEE
:100C00008046A1EB0201EDD16246FF28B96010D009
:100C1000BAF1FF0F295D60D00FFA8AF303EB4303AB
:100C20001B01E95400B200EB40000301E95C2955C7
:100C3000EE54FB8B013BFB83137A022161F3020329
:100C400013724FF0010CE3E4089B002BAED1009B24
:100C50005A7A5C68531EDBB2002A7FF444AEA5E7E3
:100C600021464346D21A009B8A60069E0A9F0B9C2F
:100C700093F818B0BEE400287FF498AC0422ADE5E8
:100C8000039B53602B5DFF2B08BF00215ED0002328
:100C9000BB60CEE7009B83F819B090E71A464FF08F
:100CA00004090FE70F4A1249104840F6BE1323F01B
:100CB000B6F9002383F31188BFF36F8F032318461F
:100CC00002DFD7F81890B9F1000F1ED0BA6AF9E622
:100CD000FF23039319E4012615E5009B1976A1E78C
:100CE000592B177FF4A404007CA504005CA5040024
:100CF00034A504005A2B17FF16F008FB044616F023
:100D0000CDFA009BF8B1187E98E5BB6A002B3FF442
:100D1000C7AEC1E6DDE90167BCF1000F3FF47FAD6E
:100D2000099BFF2B089B13D0002B3FF4D4AD16F08A
:100D3000C5FA0446B8B1009A00235376937E002B7F
:100D40007FF43DAFE6E4187E5C6177E5B96070E75B
:100D5000002BECD1009B5A7A5C68531EDBB2002A50
:100D6000E5D06746BFE5009DE86116F0CFFA6C76E6
:100D70006861AB7E002B3FF4CDAC20E713465B1AD5
:100D80006246CEF8083040463FE7187E4FE5DDE981
:100D900004A601461BE700BFF8B5069E9DF81C504F
:100DA000089CB8B9144F3A605A1E39727B727E6043
:100DB000D2B273B106EBC2025460114612F8083980
:100DC0008E4203EB4300A5EB030304EB0014DDB2FA
:100DD000F2D10DB10120F8BD099B3B620A9B7B62F9
:100DE000FF240B9BBB623C7616F090FA7D81786104
:100DF000FC76FD612846F8BD08520020044B2C22E9
:100E000002FB0033187A003818BF0120704700BF7A
:100E10000852002010B40B4B2C2202FB0032546A03
:100E200064B100EB800200EB420003EB8003A446B8
:100E300001225DF8044B0321022060475DF8044B5A
:100E4000704700BF0852002010B58AB00C9C009477
:100E50000D9C01940E9C0294BDF83C400394109CA0
:100E60000494119C0594129C0694139C0794149C62
:100E7000089400240994FEF7B1FE0AB010BD00BF2B
:100E800010B4039C0294049C0394BDF81440049491
:100E9000069C0594079C0694089C0794099C08945A
:100EA0000A9C099400240A945DF8044BFEF796BE50
:100EB00010B4BDF8104004945DF8044BFEF78EBEEC
:100EC0002DE9F84F294DBDF834609DF8388004466F
:100ED00008462C2101FB045104EB840704EB470472
:100EE00005EB84054C6804EBC00E14F830909EF8B6
:100EF00003409EF8017004F1010C5FFA8CFCE1459F
:100F000098BF4FF0000C67459DF844902AD0DEF85A
:100F1000047004EB44044FEA041A07EB04144FF086
:100F2000050B07F80AB063600A9BA3600B9BE360A4
:100F30000C9B23610F9BA362109BE36202236270F0
:100F4000A68284F8168084F81790A3708EF803C0E8
:100F5000D1E9083698472B4600220421B047A078F3
:100F6000BDE8F88F0120BDE8F88F00BF08520020CF
:100F700010B588B00A9C00940B9C01940C9C0294C0
:100F8000BDF8344003949DF8384004940F9C0594B8
:100F9000109C069400240794FFF792FF08B010BD40
:100FA0002DE9F0411F4D064608462C2101FB065E47
:100FB00006EB860406EB4404DEF8046005EB8407C8
:100FC00006EBC00516F83060EC78697804F1010C86
:100FD0005FFA8CFC664598BF4FF0000C61451DD050
:100FE000696804EB4404260101EB04144FF0060881
:100FF00001F806806360069BA362079BE3620223FD
:101000006270A37085F803C0DEE9083598473B4657
:1010100000220421A847A078BDE8F0810120BDE8A6
:10102000F08100BF085200202DE9F0411E4D064618
:1010300008462C2101FB065E06EB860406EB440401
:10104000DEF8046005EB840706EBC00516F8306097
:10105000EC78697804F1010C5FFA8CFC664598BF66
:101060004FF0000C61451BD0696804EB4404260175
:1010700001EB04144FF0070801F80680A362069BF9
:10108000E36202236270A37085F803C0DEE90835CD
:1010900098473B4600220421A847A078BDE8F0818C
:1010A0000120BDE8F08100BF085200202DE9F04189
:1010B0001F4D064608462C2101FB065E06EB860402
:1010C00006EB4404DEF8046005EB840706EBC0057C
:1010D00016F83060EC78697804F1010C5FFA8CFC4A
:1010E000664598BF4FF0000C61451DD0696804EB60
:1010F0004404260101EB04144FF0080801F80680AF
:101100006360069BA362079BE36202236270A37085
:1011100085F803C0DEE9083598473B4600220421E4
:10112000A847A078BDE8F0810120BDE8F08100BFAC
:10113000085200202DE9F041244D064608462C2196
:1011400001FB065E06EB860406EB4404DEF8046051
:1011500005EB840706EBC00516F83060EC7869787B
:1011600004F1010C5FFA8CFC664598BF4FF0000C4F
:10117000614527D0696804EB440426014FF60278E4
:1011800001EB041421F80680C4E90123069BE36007
:10119000079B2361089B6361099BA3610A9BE36131
:1011A0000B9BA3620C9BE3620223A37085F803C030
:1011B000DEE9083598473B4600220421A847A0787D
:1011C000BDE8F0810120BDE8F08100BF0852002099
:1011D00070B50A4D2C2202FB0052D2E908360446B3
:1011E0000846984704EB840304EB430305EB8303B1
:1011F000B4460022BDE87040042160470852002038
:1012000016F084B8401A20F07F4070470148102142
:10121000704700BFFF790100022801D0012070470C
:1012200038B5044608461D4609F064FD10B100209B
:10123000287038BD204638BD002303700B707047FE
:1012400038B5054600200C4606F0CAFA10B105F084
:10125000D5FEA0B1002009F08BF810F0060F0ED1DA
:101260003DB9084B44B120681860A2889A800020DC
:1012700038BD054B002CF6D11C609C80F7E70C2094
:1012800038BD00BF3C5200203452002001280346E4
:1012900005D8044A0448002B08BF104670470020B8
:1012A000704700BF3C5200203452002001280AD869
:1012B000064A074B002818BF1346186808609A882A
:1012C0008A80184670470023184670473452002021
:1012D0003C52002010B5044612F064FA78B912F0BE
:1012E00047FFF8B914F06AFA00282ED115F0FEF97C
:1012F00000283DD12046BDE810401FF00FBA264A15
:101300002649274840F6571322F089FE002383F32D
:101310001188BFF36F8F0323184602DF12F028FFF6
:101320000028DFD01C4A1D491D4840F65C1322F0FE
:1013300076FE002383F31188BFF36F8F03231846D3
:1013400002DF14F03BFA0028D0D0134A13491448A6
:1013500040F6621322F063FE002383F31188BFF38B
:101360006F8F0323184602DF15F0C0F90028C1D0A3
:10137000094A0A490A4840F6681322F050FE002341
:1013800083F31188BFF36F8F0323184602DF2046D3
:10139000BDE810401FF0C2B9D4A5040010A6040097
:1013A0005CA50400086001481FF0B8B9A06E0020D9
:1013B0001FF0B4B92DE9F84F89462A4D99F800304D
:1013C00095F8C010172B88BF0B469A423ED05C1C84
:1013D000E4B29246182C35F833200280834608BFC9
:1013E000002405EBC303002601274FF012081AE082
:1013F000012833D0C3F8048089F8004095F8C03044
:10140000172C98BF23469A4521D01AB20133DCB27B
:1014100035F83200BBF80010182C08BF00248842B1
:1014200005EBC20313D1586860B1FF28E0D90279F7
:1014300002F00302013A012A0CD912225A6009F083
:1014400073FCD9E701365F60F6B2D5E70026304677
:10145000BDE8F88F0136F6B20122EFE70136F6B2A9
:10146000CAE700BF705200202DE9F047374F3B8894
:1014700098425DD913F0FF0528D0DFF8DCA0DFF833
:10148000D0809AF82D40DFF8CC909AF82C300134B7
:10149000E4B20B2C08BF0024A342404618D0FDF74D
:1014A0008BFF064648468EB1FDF786FF002841D0E7
:1014B00006609AF82D304AF823003B888AF82D40C0
:1014C000013D013B15F0FF053B80DED1BDE8F08713
:1014D0003B88002BFAD0DFF884A01D4D9AF82540F8
:1014E0001C4E4FF000080134E4B2092C9AF8243065
:1014F00008BF0024A3422846E8D0FDF75DFF8146DF
:101500003046B9F1000FE1D0FDF756FFC0B1C9F880
:101510000480C0F800909AF825304AF823003B88F0
:101520008AF82540013B9BB23B80002BDBD1CDE705
:101530000546A2E730460649BDE8F047FDF752BF31
:1015400048460349BDE8F047FDF74CBF7053002003
:101550007453002040540020386C00203853002081
:101560002DE9F84F414B424FDFF80891DFF8FCB00E
:10157000181D062224214FF00008A7F81C80FDF753
:10158000F5FE3C4B06220821181DFDF7EFFE97F8EB
:101590001CA07C7F06260134E4B2072C08BF00247F
:1015A000A245484613D0FDF707FF0546584675B1DA
:1015B000FDF702FF002854D0C5F8048005607B7F4A
:1015C00047F82300013E16F0FF067C77E3D12A4B53
:1015D0001522181D4FF49271FDF7C8FE274B1922F2
:1015E000181D0821FDF7C2FE2448FDF7E5FE04465C
:1015F000C8B1234A2046111FFDF72CFF1F48FDF7F5
:10160000DBFE0446F0B11F4A2046111FFDF722FF02
:101610001D4B1222FF201A80FFF726FF10F0C8FA98
:101620000020BDE8F88F194A19491A4840F63213CC
:1016300022F0F5FC84F31188BFF36F8F0323184663
:1016400002DFD6E7114A1249124840F6391322F058
:10165000E6FC84F31188BFF36F8F0323184602DF83
:10166000D1E704492846FDF7BDFEB0E79C6C002099
:10167000786D0020686C00204054002074530020D6
:101680006C5300206453002070530020D4A5040044
:1016900070B204005CA504002DE9F04FDFF8FC8275
:1016A000DFF8E892DFF8ECB2DFF808A387B0D8E9FA
:1016B000000103AAFDF7E6FE0546002834D0039C8E
:1016C000002C71D0207804AA02A90AF04FF9044630
:1016D000002855D0DDE90313BDF808200F78ADF8D8
:1016E0000A20059305AE0DF10A050AF051F92146CD
:1016F000059ABDF80A000AF091F920460AF012F99D
:101700003246294638460AF031F904460028ECD121
:10171000D9F800001FF002F8D8E9000103AAFDF78C
:10172000B1FE05460028CAD104AA02A90DF107009E
:101730000AF004F90446002846D0049B05939DF85E
:101740000770BDF80830ADF80A3005AE0DF10A0596
:101750000AF01EF92146059ABDF80A000AF05EF962
:1017600020460AF0DFF83246294638460AF0FEF8ED
:1017700004460028ECD1854B18681EF0CFFF96E791
:10178000039B05931B79013B172B20D8DFE803F05F
:101790002F56711F2F431F43438F1F1F1F1F2F1FC4
:1017A0001F1F1F1F1F2F842F794840F604235A46FE
:1017B000514622F034FC84F31188BFF36F8F03236A
:1017C000184602DF039C7DE707B0BDE8F08F714A41
:1017D00071496F4840F6A43322F021FC002383F3C3
:1017E0001188BFF36F8F0323184602DF5FE76B4951
:1017F000D8F804000022FDF74DFE694B059993F8D7
:10180000C13028460B70674AFDF732FE5F4B1868FF
:101810001EF084FF4BE76149D8F804000022FDF771
:1018200039FE059991F8203003F00F03072B00F0E3
:1018300089805B4B284693F8C130E3E75749D8F8D5
:1018400004000022FDF726FE059CA66846B1337809
:1018500003F0FF07002B57D03378013BDBB2337026
:10186000237B052B00F28280DFE803F02F70747871
:101870007C2C05A9284609F095FE4849D8F80400B3
:101880000022FDF707FE059900293FF410AF0B7900
:101890002D2B3FF40CAFCCE74049D8F804000022D0
:1018A000FDF7F8FD0599284609F052FEFFE63B4991
:1018B000D8F804000022FDF7EDFD0599284608F050
:1018C0005FFFF4E6204608F0E1FE374A0027277361
:1018D000537F117F0133DBB2072B08BF3B46994290
:1018E00021D02560517F42F821405377002E3FF4EC
:1018F000DEAE3378002B7FF4DAAE7369002B3FF451
:10190000D6AEB0699847D2E6224A2849204840F628
:10191000B43322F084FB87F31188BFF36F8F032366
:10192000184602DF98E71B4A2149194840F612433E
:1019300022F075FB87F31188BFF36F8F03231846DE
:1019400002DFD3E72846F1F70FFDB0E62046F2F7B5
:1019500027F9BAE7204605F06DFFB6E7204607F005
:101960006FF8B2E7204608F0D3FBAEE7094A0A4910
:10197000074840F60B4322F052FB002383F3118803
:10198000BFF36F8F0323184602DF9EE79C6E002093
:101990005CA50400D4A5040034A60400685300200C
:1019A0007052002064530020786D00201CA60400B3
:1019B00038A6040018A6040030B5364B364C186023
:1019C00087B015F05DFC2378002B5ED03349344A94
:1019D000344D05954FF0060C81F808C0324C049246
:1019E000324A0220CDE9022404230E24CDE900145A
:1019F0002F4A087408760B7000200F21FFF7CCF9EE
:101A0000002832D1012200212A4825F0F7FE11F0EA
:101A100051FE044610B1204607B030BDFFF7A0FDCF
:101A200004460028F7D112F081FB04460028F2D1C9
:101A300005F060FE04460028EDD113F0BDFE04461B
:101A40000028E8D108F0B0F904460028E3D114F0EA
:101A500041FE04460028DED109F0E2FC04460028DD
:101A6000D9D10120F3F7ACFBD5E7134A1349144849
:101A700040F2762322F0D3FA002383F31188BFF3D8
:101A80006F8F0323184602DFBCE7FDF713FD012328
:101A900023709BE79C6E0020DC980020587100208A
:101AA0001183030011840300A9820300B86E002093
:101AB00078710020A06E0020D4A5040010A60400B8
:101AC0005CA5040010B586B005F028FE00283AD1C8
:101AD00008F0F8F9002849D109F0A4FC002858D1F1
:101AE00000244B4B2046A3F8C040F3F769FB49495B
:101AF000494A4A4BA1F8004194859C840122214621
:101B0000684625F07BFE464B224621460320C3F85B
:101B100008D0FDF725FD00286BD14FF0FF324FF0C4
:101B2000FF3368461EF034FE05F006FE002850D153
:101B3000FFF716FD00283CD10021012006B0BDE8CA
:101B40001040FFF77DBB374A3749384840F22E3303
:101B500022F065FA002383F31188BFF36F8F03230C
:101B6000184602DF08F0AEF90028B5D02D4A2E49FC
:101B70002E484FF4507322F052FA002383F3118859
:101B8000BFF36F8F0323184602DF09F04BFC0028D8
:101B9000A6D0244A2449254840F25A3322F03FFA7D
:101BA000002383F31188BFF36F8F0323184602DFEE
:101BB00096E71C4A1C491D4840F2A33322F02FFA35
:101BC000002383F31188BFF36F8F0323184602DFCE
:101BD000B2E7144A1449154840F2963322F01FFA2E
:101BE000002383F31188BFF36F8F0323184602DFAE
:101BF0009EE70C4A0E490D4840F2893322F00FFA55
:101C000084F31188BFF36F8F0323184602DF84E744
:101C100070520020986D0020386C0020385300204E
:101C200080020020D4A5040010A604005CA50400D6
:101C300048A6040008B5FFF745FFBDE8084011F0CD
:101C400069BD00BF2DE9F04FDFF848914B4E83B0DE
:101C500007468846A9F1C00400233B60D6E900018D
:101C600001AAFDF70FFC0546002864D0019B4946F8
:101C70001A784046FFF79EFB0346002863D194F88C
:101C8000C0208DF8012094F8C1200DF101010DF163
:101C900002009A46FFF78EFB4AEA000212F0FF0AA2
:101CA0000346F0D1019A1379012B30D00F2B5FD16D
:101CB000DFF8E4B0706852463146FDF7EBFB0BF1FC
:101CC00004012846FDF78EFBBBF80030112B0DD820
:101CD00001330198ABF8003007F08EFD01982849D8
:101CE000FDF780FB0120FFF7BFFBB5E7254A26493A
:101CF00026484FF4D76322F092F98AF31188BFF394
:101D00006F8F0323184602DFBBF80030E0E7DFF8EF
:101D100088B0706852463146FDF7BCFB28460BF18F
:101D20000401FDF75FFBBBF80030112B0FD8013326
:101D3000ABF80030D2E71649404691F8C120C031D7
:101D4000FFF738FB0346184603B0BDE8F08F0D4A95
:101D50000D490E484FF4D76322F061F98AF31188D8
:101D6000BFF36F8F0323184602DFBBF80030DEE7B6
:101D7000534618463A6003B0BDE8F08F6053002028
:101D800040540020D4A5040050A604005CA5040023
:101D90007052002030530020705300202DE9F04194
:101DA000A64982B000234868019301AAFDF772FB9F
:101DB0000446002800F0E4802046A149FDF712FB0C
:101DC000019B1C791D2C25D8DFE814F01E0024008F
:101DD00024001E0024001E003600360036002400B9
:101DE0002400D40024002400240024002400240023
:101DF0005E002400240024001E00A6001E001E0019
:101E00001E001E001E001E00002C00F0EB8002B021
:101E1000BDE8F0818B4A8C498C4840F2735322F024
:101E2000FEF8002383F31188BFF36F8F0323184656
:101E300002DF02B0BDE8F08193F8202002F00F022B
:101E4000072AE4D1DD68002DE1D07D4EDFF8F48172
:101E50007F4F15242868ED68013C3146E4B2FDF758
:101E6000C1FA002DD3D0002CF4D1784840F2514370
:101E70004246394622F0D3F884F31188BFF36F8FBE
:101E80000323184602DFE5E7987905F079FC04465C
:101E9000002800F00281636C33B11B6893F84E2078
:101EA0006FF3000283F84E20256A002D00F0B88001
:101EB000AB6F73B1634A6749644840F27E4322F0D6
:101EC000AEF8002383F31188BFF36F8F0323184606
:101ED00002DF05F16C0105F16800FDF7BFFA064667
:101EE000002800F0E98000272868AE6708F0ECFEC3
:101EF000206F59492762FDF775FA5149E06E27674F
:101F0000FDF770FA94F88C30E76667F3000384F805
:101F10008C3002B0BDE8F08193F820209C683C2A08
:101F200025683CD093F82160002E00F09F80286F38
:101F300020B1002348492B67FDF754FAA36A33B157
:101F40001B6893F84E206FF3000283F84E20636AFB
:101F5000002B6CD0002008F00BFA0446002005F09E
:101F60003FFC40EA440010F0FF007FF450AF10F057
:101F700051FB4CE7987908F025F902B0BDE8F081F3
:101F8000304A3649314840F2354322F048F884F36C
:101F90001188BFF36F8F0323184602DF0CE76668D2
:101FA000002E2ED000276760B36F6BB1254A2C49F5
:101FB000264840F2B24322F032F887F31188BFF38B
:101FC0006F8F0323184602DF06F16C0106F16800EB
:101FD000FDF744FA074600287DD03068B76708F05F
:101FE00073FEABE7174A1F49184840F26F5322F0BF
:101FF00016F884F31188BFF36F8F0323184602DFAE
:1020000005E7104A1849114840F2AF4322F007F89B
:1020100086F31188BFF36F8F0323184602DFC1E7F1
:1020200094F88C3065F3000384F88C30EFE695F873
:102030008C2063F3000285F88C208BE7605300202E
:1020400074530020D4A5040034A604005CA5040049
:1020500090A6040098A604004054002070B204002A
:10206000C8A60400E0A60400BCA60400012008F0F5
:102070004FF948B1A8423DD090F85630002262F3A3
:102080004103026280F8563095F85630002262F320
:1020900041032A6285F856305CE7194A19491A4803
:1020A00040F26A4321F0BBFF84F31188BFF36F8FC6
:1020B0000323184602DFEEE6114A1449124840F2A3
:1020C000824321F0ACFF86F31188BFF36F8F0323A7
:1020D000184602DF07E70A4A0C490B4840F2B543AD
:1020E00021F09DFF87F31188BFF36F8F03231846FC
:1020F00002DF72E7304608F00BF90028C4D0BBE7D6
:10210000D4A50400E0AD04005CA50400B0A6040062
:102110002DE9F047056807462DB3DFF8B0A1DFF8D9
:10212000C891DFF8B0812E462D683479122C21D861
:102130000123A34040F2E912134240F08B8013F4D4
:10214000812F5FD140F2AC6352464946404621F0B0
:1021500066FF002383F31188BFF36F8F03231846B4
:1021600002DF002DDFD100233B60BDE8F047FF20F8
:10217000FFF77AB9A4F11603072BE3D8173C012C1B
:102180000AD8DFE804F0011696F820303C2B72D014
:10219000022B78D0002B4DD14A4C2388112B38D8F4
:1021A0000133494923803046FDF71CF9002DBAD18F
:1021B000D9E7F0880328D4D808F094FDD0F89430FB
:1021C000044673B1414A4249424840F29B6321F0C0
:1021D00026FF002383F31188BFF36F8F0323184674
:1021E00002DF04F1880104F18400FDF737F90646A7
:1021F000002857D0C4F89460204608F065FD002DF3
:1022000091D1B0E730493046FDF7ECF8002D8AD186
:10221000A9E72E4A30492F484FF4D76321F0FFFE3B
:10222000002383F31188BFF36F8F0323184602DF67
:102230002388B5E7254A2949264840F2D75321F09B
:10224000EEFE002383F31188BFF36F8F032318463C
:1022500002DF3479002C9FD11C4A21491D4840F2ED
:102260002D6321F0DCFE84F31188BFF36F8F03230D
:10227000184602DF90E714493046FDF7B3F8002D09
:102280007FF451AF6FE730460FF0E4FA002005F01D
:1022900099FA00287FF465AF10F0BCF9002D7FF4A7
:1022A00042AF60E7094A0F490A4840F29E6321F0B5
:1022B000B6FE86F31188BFF36F8F0323184602DF43
:1022C00098E700BF7053002040540020D4A50400BC
:1022D00038A704005CA5040050A6040004A704006D
:1022E00010A7040070B2040034A604000148FDF7F2
:1022F00063B800BF745300200149FDF773B800BFF5
:10230000745300200148FDF757B800BF4054002027
:102310000149FDF767B800BF40540020034B044A51
:1023200093F8C1300B70FDF7A3B800BF70520020C6
:1023300064530020014B18681EF0F0B99C6E002019
:1023400008B5064B064A93F8C1300B70FDF790F8BC
:10235000044B1868BDE808401EF0E0B97052002038
:10236000645300209C6E00200C4991F8242091F8C1
:1023700025309A420AD8A3EB020C5FFA8CFC604528
:1023800009D89A4207D051F82200704709339B1AA6
:10239000DBB29842F7D90020704700BF38530020C5
:1023A000094A92F8241092F825308B4209D04B1C30
:1023B000DBB2092B08BF002352F8210082F8243039
:1023C00070470020704700BF3853002008B5134AFB
:1023D00092F8C1C092F8C0E00CF10103DBB2182BF7
:1023E00008BF00239E4508D022F83C0002EBCC0C2D
:1023F000CCF8041082F8C13008BD094A09490A48DE
:1024000040F2127321F00BFE002383F31188BFF317
:102410006F8F0322104602DF1B80FFDE7052002008
:10242000D4A50400A4B304005CA5040000220D237D
:1024300002700B70704700BF002208B511460B4BAD
:102440000120FDF78DF800B908BD094A09490A487D
:1024500040F2317321F0E3FD002383F31188BFF3D1
:102460006F8F0323184602DF08BD00BF70020020F3
:10247000D4A5040050A704005CA50400022810B5F0
:102480000C4602D00B68022B07D004484FF0FF32F5
:102490004FF0FF331EF07CF9206810BDA06E0020C5
:1024A00004490A680AB1104670470246086010469F
:1024B000704700BF6C520020044A136823B1984251
:1024C00006BF002111600023184670476C5200209F
:1024D000014B1868704700BF6C52002004490A681D
:1024E0000AB110467047024608601046704700BFA8
:1024F00034530020044A136823B1984206BF0021D8
:10250000116000231846704734530020014B1868AF
:10251000704700BF3453002030B505682B7887B072
:102520005BB3044601220021684625F067F9144B8D
:10253000C5F818D06B612B78FBB1124B0022114605
:1025400003209C60FDF70CF838B94FF400420023DB
:1025500068461EF01DF907B030BD0B4A0B490C4808
:1025600040F2E97321F05BFD002383F31188BFF390
:102570006F8F0323184602DFE7E76FF07700EAE783
:10258000B113020060020020D4A5040050A704008B
:102590005CA50400F0B5254E336885B00C4617469F
:1025A000002B36D0994215D10223039303AB024688
:1025B000009303211E4B0020FEF736FD022805463E
:1025C0000CD0039B022B09D195B133680BB19C420F
:1025D00021D014B36FF02D0005B0F0BD15484FF0B9
:1025E000FF324FF0FF331EF0D3F8039D002DECD1E6
:1025F0003846FFF791FF33680BB19C4211D0002C95
:10260000E8D10028E8D010F1780F08BF002005B00D
:10261000F0BD3160C8E7002333606FF0770005B08C
:10262000F0BD35600028D7D0EDE700BF6C52002028
:10263000A5130200A06E00200C4991F82C2091F8FF
:102640002D309A420AD8A3EB020C5FFA8CFC60454D
:1026500009D89A4207D051F8220070470B339B1AD1
:10266000DBB29842F7D90020704700BF386C0020D9
:10267000094A92F82C1092F82D308B4209D04B1C4D
:10268000DBB20B2B08BF002352F8210082F82C305C
:1026900070470020704700BF386C002038B50C46EA
:1026A000054609F045F9207021462846024ABDE852
:1026B0003840FCF7DDBE00BF6C5300200122024B06
:1026C00011460020FCF74CBF5002002070B50C46AC
:1026D000054609F02DF921462070064A2846FCF7E8
:1026E000C7FE0122BDE87040034B11460020FCF7F5
:1026F00037BF00BF6C530020500200202DE9F0438B
:102700001A4D9DF81C8095F801C10CF1010E5FFA7D
:102710008EFEBEF1080F994695F8003108BF4FF0C4
:10272000000E73451DD0144605EB4C1CE3680746AC
:102730000E4610685168926864460FC49CF81C30BD
:10274000CCF8186008F0010823F0030343EA0803FB
:10275000CCE904978CF81C3085F801E16046BDE8AF
:10276000F0834FF0000C6046BDE8F083986D0020C8
:10277000054890F8003190F801219A4214BF00EB0F
:1027800043100020704700BF986D002001460B48A1
:102790000A7890F80131072A84BF90F800210A7066
:1027A000934208D0531CDBB2082B08BF002300EB78
:1027B00042100B7070470020704700BF986D0020DA
:1027C0002DE9F04F444F97F8004197F8013185B05B
:1027D000A34202903FD04FF0000A07EB44140A25B1
:1027E000CDF80CA0D346CDF804A0267FD4F80C90E9
:1027F000C6F3400806F00106002D47D0013DEDB2BA
:10280000B8F1000F2AD097F8013197F80041A342A0
:1028100021D00134E4B2082C08BF0024A34287F879
:10282000004118D007EB4414E368B8F1000FDCD185
:10283000002E3AD1019A002A47D0BBF1000F08BF01
:10284000CB46227F9107D0D4D20735D4019A9A4241
:1028500001D09B45C9D105B0BDE8F08F1F4B029850
:102860009C6042464146FCF77BFE0028CBD01C4AC8
:102870001C491D4840F67E0321F0D1FB88F31188E6
:10288000BFF36F8F0323184602DFBCE7144A1749D2
:10289000154840F66F0321F0C2FB85F31188BFF3A2
:1028A0006F8F0323184602DFA8E7039A82B1BAF1BB
:1028B000000F08BFCA46C4E7BBF1000F95D1039AC9
:1028C0009A42C8D09A4590D1C5E7CDF80490B8E7B0
:1028D000CDF80C90B5E700BF986D002040020020B5
:1028E000D4A5040050A704005CA5040090A6040031
:1028F000054B1A7F597F914204D053F8220010B142
:102900000C30704700207047786D0020074A117F17
:1029100092F81DC08C45034606D052F821201AB10A
:1029200002F10C001373704700207047786D00208F
:1029300070B5134A117F537F8B421ED04B1CDBB204
:1029400052F82140072B08BF00231377ACB10223B4
:102950000025266823712560A06008F0E9FF094A78
:10296000207021463046FCF783FD0122064B1146BC
:102970002846FCF7F5FD204670BD0024FBE700BFAC
:10298000786D00206C5300205002002010B582B0FA
:102990000024CDE90044049B11F010F902B010BDF1
:1029A00010B50346007F1A699969012482B020405E
:1029B000CDE90004586911F001F908B1773001D16F
:1029C00002B010BD074A084908484E2321F027FBF2
:1029D000002383F31188BFF36F8F0323184602DFB0
:1029E00002B010BD58A704009CA704005CA5040019
:1029F00010B50469FFF71EF940B90C48FBF706FF54
:102A00000B48FBF703FF0020206010BD094A0A496C
:102A10000A4840F2793321F002FB002383F3118846
:102A2000BFF36F8F0323184602DFE6E7C80E0020CE
:102A3000D00D0020B0A7040010A604005CA504007F
:102A400010B586B000230A9A0BACCDE90224CDE97B
:102A50000033012218460594F6F7F6FF06B010BDC4
:102A60002DE9F0430646076989B00D462D4824F04C
:102A700052FE4FF0FF3200212B4824F0BFFE2A48BF
:102A8000FEF79AFF044638B128490B685B073AD134
:102A9000204609B0BDE8F0833D60254825F03DFCA7
:102AA0002348EEF7B9FC4FF000084FF000096FF033
:102AB0000903CDE90334CDE90689CDE901441D4B75
:102AC0001D4900964FF4E0721C481EF0D5F91C49D0
:102AD0001A481EF015F96FF00702CDE90324CDE97D
:102AE0000689CDE90144174B174900964FF46072EF
:102AF00016481EF0C1F9164914481EF001F9204687
:102B000009B0BDE8F083134A0023CDE90220CDE9E6
:102B1000003318460122FFF793FF204609B0BDE8B5
:102B2000F08300BF607400207C74002050060020F9
:102B300050740020712B0200B8A80020C80E00209D
:102B400010A80400012D020038A50020D00D00209F
:102B50001CA80400F0A704000B7E0269022B01D020
:102B600013681847CB681B78052BF9D1704700BF55
:102B70002DE9F043DFF8C4802F4F83B005460DE008
:102B800023F0FFFB2246BDF80210044603F0D4FDFB
:102B900021462846FFF7E0FF1EF040FC0DF1020140
:102BA00001A8FFF74FF804464FF0FF324FF0FF3314
:102BB00000211320002CE3D1019BB3B1FFF7EEF805
:102BC000DDF80490484603F0CFFD019E89F805002A
:102BD0007379032B02D13379182B0ED03146384646
:102BE00024F0DBFD019B002BD8D14FF0FF324FF0DA
:102BF000FF3340461DF0CCFDD0E74FF0FF332146B8
:102C00004FF0FF320520B6F8069023F0BAFB494694
:102C10000246044606F1200002F088FF484602F012
:102C2000A5FF2146284624B1FFF796FF2046FCF772
:102C3000ADF9019ED2E700BF607400207C740020D3
:102C400070B50B8A86B0002B44D00A7E012A0C4650
:102C5000064618D0042A08D025490B685B072ED1F8
:102C60006FF01505284606B070BD05A9204602F094
:102C7000BDFE0599054611B13046FFF76DFFBDB1A8
:102C8000284606B070BD002305A92046059301F033
:102C900051FA014660B13046FFF75EFF059D3DB138
:102CA000284603F061FD68710599124824F075FD0E
:102CB0002046FCF76BF90025284606B070BD0E488B
:102CC0000023CDE90202CDE9003301221846FFF7C7
:102CD000B7FEC5E706490A685207C1D0074A009304
:102CE000CDE9013218460122FFF7AAFEB8E700BF7E
:102CF000500600206074002038A8040024A80400B6
:102D00002DE9F04F85B00369A54DDFF8B892DFF8E3
:102D1000B8A2DFF8B8B2009001934FF0FF324FF045
:102D2000FF33022128461FF0C3F880B104300ED0D3
:102D30009C489D4A9D494FF42F7321F070F9002360
:102D400083F31188BFF36F8F0323184602DFEB680C
:102D500003F4FE13B3F5804F00F0BB802B6A03F43D
:102D6000FE13B3F5803F00F04E810024EB689048DD
:102D70006FF39433EB602B6A6FF394332B628D4BBC
:102D80001E68BFF35B8F50E8003F23F0010240E86C
:102D900000210029F7D1BFF35B8FD80703D50022AC
:102DA0000023C9E90023002E40F33481DAF8003013
:102DB000DBF80020D9F80070F31A13447E4A136040
:102DC000002F00F0548197F80580002C40F085809A
:102DD000B8F1040F5DD8B8F1020F00F2F98077491D
:102DE0007048714A40F2812321F019F9002383F3DE
:102DF0001188BFF36F8F0323184602DF08F1FF33FA
:102E0000012B039740F25E816C496648664A40F2A6
:102E1000122321F004F9002383F31188BFF36F8F8D
:102E20000323184602DF039B00221A6003A8FFF762
:102E30006FF9DAF80030F61ADBF800301E445E4B0A
:102E40001E60D9F800302BB15B79DA1E012A1BD93C
:102E5000052B17D0002C3FF460AF019F204623F0D4
:102E6000C2F921460646002023F0DDF9338A0446E4
:102E7000314600984BB33B6898471EF0CFFA002CC0
:102E8000ECD14AE7002EE5D000214D481FF068F84C
:102E9000E0E7B8F1050FA2D1002B3FF43EAFD9F81F
:102EA00004203B68C9F80030974200F005814FF0DC
:102EB000FF324FF0FF3308200397FCF735F9044643
:102EC0002146039802F06CFEADE73046FCF75EF851
:102ED000D3E72B6900229A6047E7A8F10302012A91
:102EE00040F2BE80B8F1050F00F0C580591C627930
:102EF00000F09880511ED9F80000052900F2ED80FD
:102F0000DFE801F003031D1D3403042A039400F2DB
:102F10008F80022A1AD1012100200022002323F0F1
:102F200030FA04460398E4B1214602F0BBFE039B4D
:102F300000221A6003A8FFF7EBF8019F8EE71E4AF4
:102F400001231360002840F0AE80039402204FF06C
:102F5000FF324FF0FF33FCF7E7F804460398002CEC
:102F6000E2D1046003A8FFF7D3F8D6E6002840F0CA
:102F70009A80002B00F0978003944FF0FF324FF0BF
:102F8000FF330820FCF7D0F804462146039802F0EE
:102F900007FE039B00221A6003A8FFF7B9F859E760
:102FA000900200205CA50400B0A704004CA8040017
:102FB0009C740020B07400204C74002034A60400DF
:102FC00050740020C80D0020AC740020A8740020AC
:102FD000D9F804303A68C9F80020BB4212BF039701
:102FE000C9F80420039302204FF0FF324FF0FF3363
:102FF000FCF79AF80446002C3FF415AF03982146DD
:1030000002F050FE0FE7686A002200231DF054FB17
:103010000446ABE6394A4FF0FF331360002C3FF40F
:103020007CAE62790394042A17D8002A7FF471AF2A
:1030300033493448344A40F2122320F0F0FF002391
:1030400083F31188BFF36F8F0322104602DF039AC8
:1030500003A81360FFF75CF85FE6052A8DD0E7E769
:103060002A4800211EF07CFF244B1B683EE7002C01
:103070007FF43CAF51E6002BF2D16279531E052B51
:103080002BD801A151F823F00B2F02000B2F0200C7
:10309000A1300200A1300200A73002000B2F020075
:1030A000164A01231360D9F804300022226033B19C
:1030B0001C60C9F8044030E6C9F80430F7E6C9E9F5
:1030C00000442AE6B8F1020F8DD100200121002230
:1030D000002323F056F904468DE70B4A08490948B6
:1030E0004FF40E7320F09BFF002383F31188BFF38E
:1030F0006F8F0323184602DF039499E74C74002076
:1031000034A604005CA50400B0A70400507400209D
:1031100010B51EF0F3F8054C204624F009FB2046BC
:1031200024F0F9FABDE810401EF0FCB860740020ED
:10313000038800B5C3F3441303EB430C8444B2FA91
:1031400082F29CF802E05209013362F3000E03EBB5
:1031500043038CF802E0F1B10A88C2520278D30628
:1031600012D1531C03F01F0363F3040202700288A0
:1031700063F3491202F47873202B028004BF6FF3CB
:10318000491202805DF804FB0388C3F34413013342
:1031900003F01F03EBE7C152E0E700BF2DE9F04F5A
:1031A000DFF8C09183B0D9F800609DF834400194F5
:1031B000002E5DDB07460D461446984660D0DFF8CA
:1031C000A8A14FF0000B05E00BF1010B5E450AF1E1
:1031D000200A55D051460622204625F06DF90028D8
:1031E000F2D11AF8013CAB42EED15C4C4FEA4B11E4
:1031F00004EB4B1B9BF8073023FA07F2D50777D572
:10320000072F39D108EB480301EB430323444FEA6E
:1032100048071A7AD20603F1080600F084800C9A57
:1032200052B352781D7B4FEA121CBCEB151F40F0C5
:103230008980120202F4706E0C9A92F800C02D027E
:103240004EEA0C0293F80BE005F4706545EA0E05B2
:1032500095425CD1B378DB070ED4019B43B907EBF1
:10326000080301EB430323449A7A42F001029A7265
:10327000002003B0BDE8F08F012003B0BDE8F08F5F
:10328000DFF8E8A03549DAF800B0D4F800C0019AB8
:103290004FEA4B13581C41F800C00844A4888480AE
:1032A000CC180120CD54B8400833E071C85A2C4DD9
:1032B0002840C8525C18062010FB0830E3882B40D9
:1032C000E380A3892B40A381638A2B406382084457
:1032D0000C99FFF72DFF0F2ED6BF731C0BF10103C6
:1032E000C9F80030102B08BF0023CAF80030BFE730
:1032F000062000FB08100121B94008300B43019A59
:103300000C998BF807302044FFF712FFB0E70C9AB6
:1033100083F80BC052781A73019B73B9B37843F0EA
:103320000103B370A4E7062000FB08100830019ADF
:103330000C992044FFF7FCFE9AE7B37860F3000392
:10334000B37095E7062303FB081101F10800019A09
:103350000C992044FFF7ECFE8AE700BFBC74002004
:1033600000FCFFFFB8740020BD740020B47400207E
:1033700010B586B000230A980BACCDE90204CDE964
:10338000003318460594F6F75FFB06B010BD00BF8A
:103390002DE9F04F89B0054607939DF84C30059311
:1033A000149B1C9C06939DF8543004939DF958304F
:1033B00001930C349DF95C30029320461B9B0393D0
:1033C0000E4602219DF86870DDF84890BDF860A0B7
:1033D000DDF864B0904622F036FF3E22027007F11D
:1033E0001A0242700121204622F02DFF02460D21D3
:1033F000117007F119012046C9B222F024FF012201
:10340000A0F80150027004460EF08EFE049B984214
:1034100043D8231DB9F1000F33D0079AE270D9F8D1
:1034200000206260B9F804209A8096FAA6F6B6FAEF
:1034300086F6013684F80B80A672BBF1000F35D0FA
:103440009BF801301B092373019B637315F004057E
:10345000029BA373A4F80FA004F1120318D0059ADD
:10346000069962740A68C4F812208A889A800399BF
:1034700027763A4604F1190009B0BDE8F04F24F070
:103480007CBF84F80390C4F80490A3F80490CCE7C0
:103490006574C4F812509D80E9E71846221DE11CAE
:1034A0000EF0F6FDE3780233E370BEE7FF23CAE7D0
:1034B0002DE9F04F95B0CDE90D23279E9DF87C3086
:1034C0000F939DF88430357810939DF988301193CF
:1034D0009DF98C3012932A2DBDF89030DDF898902C
:1034E000289FDDF8A880139383468A4628BF2A25A3
:1034F00006E02998214622F085FE33782A2B42D90E
:10350000259B0793139B0693129B0593119B049392
:10351000109B0393209B02930F9B01931E9B089586
:103520000093D8F800300A933B6809935146DDE9CF
:103530000D235846FFF72CFF3B682B443B60337844
:103540005B1B3370B9F800305B1BA9F80030022018
:103550004FF4A0220023FBF7E7FD0446C8F8000063
:103560000028C6D1094A0A490A4841F6813320F0A9
:1035700056FD84F31188BFF36F8F0323184602DFD3
:10358000D8F80040B5E715B0BDE8F08FB0A804004A
:10359000ECA804005CA504002DE9F04F95B01F468F
:1035A00041F020030F939DF8803010939DF88830F0
:1035B0001193DDE928589DF9903012939DF878B069
:1035C000BDF89430239E1393044691460DF19C0A56
:1035D0002B9B0C932A9B0F98CDE90A83269B07937C
:1035E000139B0693129B0593119B0393219B0293BC
:1035F000CDE908A5109B01931F9B009396F900301D
:1036000004933A785B464946FFF752FFE4682B780B
:10361000BDF89C00002C45D0834240D2002B59D1EC
:103620004FF07F03337094F8223099064ED094F80F
:103630002330DA074CBF04F12A0204F1240299076F
:1036400048BF0632190748BF0232D90606D593781B
:103650005B0901333B7094F823300332990648BF6D
:1036600012325B0644BF12F9013B337094F822100A
:1036700004F12203C1F305010131D31AC9B2DBB24F
:103680008B4203D2CB1A52FA83F20B4694F82110E4
:1036900099420DD84FF000032B70002898D115B037
:1036A000BDE8F08F1A46904292D82A2B90D8F6E7C0
:1036B000C8F8002094F82120D31ADBB283421A46BE
:1036C00089BFC3B22B702B700246ECE704F12302D2
:1036D0000123DBE72B9B0C932A9B0F98CDE90A83F0
:1036E000269B0793139B0693129B0593119B0393B1
:1036F000219B0293CDE908A5109B01931F9B00938A
:1037000096F9003004933A785B464946FFF7D0FEBD
:10371000BDF89C0084E700BF2DE9F0411A4C6468B5
:10372000A40004D51646194A1268120701D4BDE850
:10373000F08103F10C0405460F462046022122F0D9
:1037400082FD40F63E4303800121204622F07BFDAE
:103750000346042220461A700B2122F074FD0570E6
:10376000A0F801603DB97B68BA68C0F80720C0F8CE
:103770000330BDE8F0814FF00008C0F80380C0F8C6
:103780000780BDE8F08100BFC0000020B800002025
:103790002DE9F04FABB0CDE922237C4B5B687F2451
:1037A0008DF892408DF893409D004FF00004CDE9D4
:1037B00026448DF894408DF895408DF896408DF80C
:1037C0009740884603D5724B1B68D90410D4D8F8AB
:1037D0000C4054B129AD002629942346E4681E60AC
:1037E0002846FEF795FC002CF6D12BB0BDE8F08FF3
:1037F00081461F940EF098FCD8F80CB01690CDE9D5
:103800001744CDE92044C246139415941D94149492
:1038100019941E945F4699F802509AF81A309AF853
:1038200019201092A9099AF818201C9215F03F0649
:10383000C3F340021A91C3F3401300F0728199F868
:1038400003B01BF0010609F1040400F08581D045A6
:1038500000F0D981D8F80C10514500F0D481002136
:1038600011910E461BF0020109F10A040E9100F0BD
:103870007981D04500F0CD81D8F80C10514500F089
:10388000C881002312930E9306341BF0040F18BF57
:1038900001341BF0080316BF1B941B9302341BF06A
:1038A00010030F9310D0D8F80C30534500F0DF818F
:1038B000D04500F0E381A2785F2A4FEA521100F26E
:1038C000E0814B1C0F9303341BF0200F02D0638860
:1038D0001D9312341BF0400F18BF14F901BB05F003
:1038E0003F0309F10205A4EB0505EDB203F1010266
:1038F00008BF4FF07F0B954240F23781254A12688E
:1039000012F0060F40F0A68199F801309D4243D293
:103910005B1B1899DBB21A460A441F2A43DCD045C8
:1039200000F02A819AF81A20D20600F10581269A21
:10393000139915980E9D002908BF304615901198CF
:1039400018BF0846149913900029179808BF2846F5
:103950001790129818BF08461490002A00F0498169
:10396000199A1A4493B219930EF0DEFB169A109925
:103970001346824228BF0B461693002F00F01C818D
:1039800007F12009BA46FF6845E700BFC0000020E4
:10399000B80000204C0600200024189922460A4452
:1039A0001F2A2346BBDD269B002B00F0C181022588
:1039B000139B002B00F0AA8100241E9B0093139AF6
:1039C0001F9B159901940720FFF7E8FB002840F0A2
:1039D000C6816401E4B2149B1BB11F9B43F0040336
:1039E0001F931C9B229A28925B42189A5EB29DF804
:1039F00096309342C0F062812A2B00F25F81229AB6
:103A000008931E9B07931D9B1F990A92CDE905639E
:103A1000169B0393149B0293179B0193139B009394
:103A20002143279B09930C469DF9933004939DF8FD
:103A30009720159B23992046FFF7AAFC269F002F6D
:103A400000F0668102204FF4A0220023FBF76CFBFC
:103A500004F09F0444F0080728900446002800F072
:103A60006E812298214622F0CDFB9DF89430199A60
:103A7000934201D32A2B25D9229B0C93199B09939E
:103A80001E9B08931D9B2198239ACDE90663169BE4
:103A90000493149B0393179B0293139B0193159B11
:103AA000009328AB0D9326AB0B9325AB0A930DF136
:103AB0009203059339460DF19503FFF76DFD9DF8CF
:103AC0009430289C08931E9B07931D9B269A09926D
:103AD000CDE90563169B0393149B0293179B9DF9F5
:103AE00092200193139B00930492159B23999DF8B8
:103AF00095200A9447EA4510FFF74AFCD8F80C4095
:103B0000002C3FF472AE29AD002629942346E468C8
:103B10001E602846FEF7FCFA002CF6D12BB0BDE85B
:103B2000F08FCDE90E66CDE9116609F10304012598
:103B30001B964FF07F0BE7E60F9A002A61D19DF8A4
:103B400097208DF895208DF8943026948DF892B0BA
:103B50002246CDF884A0EBE61BF0020111960E91EF
:103B60007FF487AE0E9B12938FE6531B13F0FF0377
:103B70001CBFE4181546C7E60F9B8DF897304FF031
:103B800000038DF8963000232793109B16931A9B01
:103B90001F93119B1393129B14930E9B17931B9BC4
:103BA0001E9300238DF893B015961893CDF880805E
:103BB0001993002F7FF4E4AE0F9B003B18BF012345
:103BC0005D00269B002B7FF4F3AE139B002B40F08F
:103BD000EE80002D00F0E9801E9B002B00F0D480C9
:103BE0009DF993307F2B00F0CB8000254024139566
:103BF000F1E6279A002A54D0189A1A4493B21893DF
:103C0000B2E60F9A9DE799F800601194C6F380160A
:103C100028E6002A4ED1D8F80800026892F856200B
:103C2000C2F381020E926BB1837D99F80020C3F339
:103C30008013B3EBD21F07D122300622214624F095
:103C40003BFC08B912941FE60E9B129443F002034A
:103C50000E9319E6CDE90353564B02930023CDE9A9
:103C60000033554902221846FFF782FB4CE6AA09A9
:103C7000002A3FF41DAE00230F9324E6002F7FF4AB
:103C80001AAE002B3FF4B1AD29AD00241E46299693
:103C90003346F6681C602846FEF73AFA002EF6D145
:103CA000A3E527948DF893B08DF896301893CDF84E
:103CB00080A059E6FE2312940E93E5E5189B099324
:103CC000229B0C931E9B08931D9B239A20981F995F
:103CD000CDE90663169B0493149B0393179B0293F1
:103CE000139B0193159B009328AB0D9327AB0B936C
:103CF0000DF196030A930DF1930305930DF19703CC
:103D0000FFF74AFC9DF89630289A79E61C4662E651
:103D1000D8F80C40002C3FF468AD29AD2994234617
:103D2000E4681F602846FEF7F3F9002CF6D15CE545
:103D3000139A002A3FF450AF1D4602243DE61F4A65
:103D40001F49204841F69A5320F069F984F31188FD
:103D5000BFF36F8F0323184602DF289C81E6D8F853
:103D60000C40002C3FF441AD29AD00262994234698
:103D7000E4681E602846FEF7CBF9002CF6D134E546
:103D8000279B002B7FF431AFD8F80C40002C3FF478
:103D90002CAD29AD002629942346E4681E602846F0
:103DA000FEF7B6F9002CF6D11FE5139C13E62C465E
:103DB0003D4602E6F8A804004C060020B0A8040026
:103DC0001CA904005CA504002DE9F04F594D0446E0
:103DD0000B4695E8030087B00490ADF81410080C6A
:103DE00055498DF81600496889007DD51546534A16
:103DF0001268D20478D5274693F8189017F8020B6A
:103E000093F819B0430679D40023C0F38011CDE9AB
:103E100000333A4600F00F00FFF7C0F9002863D1E5
:103E2000237803F00F03012B61D094F80180A8F1EF
:103E3000060A08F114035FFA8AFA08F11308DBB2E4
:103E400003935FFA88F856460C350221284622F083
:103E5000FAF9039B43703E2303700121284622F0A8
:103E6000F2F903460D221A704146284622F0EBF97A
:103E700001230370237803F00F0318336B440546C6
:103E800013F8083CA0F801300EF04EF958453DD922
:103E900058462A1DE91C0EF0FBF8EB780233EB7054
:103EA00001226A81FF2200232A73C9F100097F22BF
:103EB000214685F80E90EB732B746A7311F8082B6A
:103EC00002F00F00012805F1120729D06B74C5F824
:103ED0001230BB80324605F1190085F818A007B0F2
:103EE000BDE8F04F24F049BA07B0BDE8F08F1A23BF
:103EF00006464FF0190803938246A5E700210846BD
:103F00003B465A460EF008FA20787DE72378C3F343
:103F10008013EB70D4F802306B60BB882B81BFE755
:103F2000C2F3C0126A74A368C5F812308B88BB80D4
:103F3000D0E700BF24A90400C0000020B800002082
:103F400070B50546022003F03DF8044660B1074B0A
:103F50000121188822F018FA012106460C3022F0BF
:103F600072F90C2303702E60204670BD80980020EB
:103F700070B50546012003F025F8044660B1074BF3
:103F80000121188822F000FA012106460C3022F0A7
:103F90005AF90C2303702E60204670BD80980020D3
:103FA000F0B5013887B0144611280AD8DFE800F0D0
:103FB000234056090968097A99AC090909090909D0
:103FC000090D6FF0150007B0F0BDCB68DA7899786D
:103FD00018880DF047FA554B06460121188822F043
:103FE000D3F9012105460C3022F02DF90670256029
:103FF000002007B0F0BD4D4B0D21188822F0C4F908
:104000000D2120600C3022F01EF94FF48062002355
:104010004FF002140121A0F8052063220370C0F8BC
:104020000140C171037242728372C3720373DFE78E
:104030003E4B4121188822F0A7F9412120600C3025
:1040400022F001F9002104463E2200F8031B24F06F
:10405000BCF940F2A733A4F80130C9E7334B09217A
:10406000188822F091F9092120600C3022F0EBF839
:104070000346002203F8012BC0F801205A60B7E77D
:10408000C9680020FDF7DCF8284B0121188822F0D0
:104090007BF9012105460C3022F0D5F8002303708E
:1040A0002560A5E7224E214F0FCE01AD0FC5336825
:1040B00038882B80132122F067F9132120600C30FF
:1040C00022F0C1F80446002301AE04F8013B844607
:1040D0000FCE2D88CCF801006160A260E3602582DC
:1040E00086E7124B1821188822F04EF9182120601B
:1040F0000C3022F0A8F800230446012100F8023B0E
:1041000013F044F8607073E7084B2121188822F0FF
:104110003BF9212120600C3022F095F80146002364
:1041200001F8113B013013F081F861E7809800201D
:104130002CA904002DE9F04F038A99B00024022B2A
:10414000139436D905460E460C30032122F09BF815
:104150002A8A83789A42C0F083810088C94CC0F3D0
:104160008523082B1FFA80FC2080C0F309070DD897
:10417000C3B1013B072B15D8DFE813F02E01140063
:10418000250073003B01140014008C003F2B09D163
:1041900013AA29463846FFF703FF163041F03B814A
:1041A000B4F800C00121604619B0BDE8F04F22F01C
:1041B000FDB8B5490B685F0740F0598100242046DF
:1041C00019B0BDE8F08F352F00F27A812C2F00F264
:1041D0002D81012F00F0A581032FE3D1AB48AC491D
:1041E000AC4AAD4B4FF0FF354FF0FF3641F6FF774D
:1041F0000560C1E9006700200021C2E900011F201D
:104200000021C3E90001FDF75DFC2088A34D0121D9
:1042100022F0BAF8012104460C3022F014F8A04A2A
:10422000A04B1394002111609F4A017011609F4AB6
:10423000196059609E4B29601160BFF35B8F53E892
:10424000000F40F0010043E80002002AF7D1BFF35D
:104250005B8F984B18681DF083FEFEF759FF139C87
:10426000ADE7781E08289DD801A353F820F000BFC1
:1042700047450200B745020091450200A5410200F2
:10428000A5410200A5410200A5410200A54102008E
:1042900071450200781E4D2884D801A353F820F000
:1042A000254702005B5302000D530200A5410200A6
:1042B000A953020081510200A95202009552020046
:1042C000955302004550020081530200BD52020086
:1042D000C1500200A15002003352020015520200E8
:1042E000834A0200634A02001F4D0200FF4C020095
:1042F000D54C0200C54C0200894C0200674C0200FC
:104300004D4C0200214C0200F54B0200C14B020053
:10431000A5410200A5410200A5410200854B020013
:104320004F4B0200234B0200ED4A0200C94A020033
:10433000A5410200A5410200A34A02007B4E0200F3
:104340005D4E02003B4E0200074E0200D34D0200BC
:10435000B14D02008F4D0200434D0200694F020033
:10436000334F0200DD4E0200A5410200A5410200CC
:104370009B4E02000B500200C14F0200194A02007E
:10438000A54902006D510200595102005552020028
:1043900033500200A95102005B500200654902003F
:1043A000E348020095480200B5470200A54102001B
:1043B000A5410200A5410200A5410200A54102005D
:1043C000A5410200A541020069470200A541020083
:1043D000A541020049470200062F00F0F6871D2F75
:1043E0007FF4E0AEEB68188806F094FE0146208862
:1043F000DAE6052F7FF4D6AEEB68604604211E880E
:1044000021F0C2FF042104460C3021F01CFF0546B8
:10441000E91CB0B206F07CFFA5F801602870002806
:104420007CD1EB785B425BB2EB70C8E6A7F12D0064
:1044300008283FF6B7AE01A353F820F0F346020078
:10444000A5410200A5410200A5410200B3460200B9
:10445000A541020075460200A54102000746020080
:1044600009490B685E073FF4A9AE134B00E0134BFC
:104470000094CDE90143012223462046FEF778FF50
:104480009CE600BF809800204C060020B8740020F5
:10449000C0000020C00F0020B8000020B074002031
:1044A00094740020A0740020AC740020A874002034
:1044B0009C7400209874002058A9040040A90400AE
:1044C0007B2F00F08B877C2F13D1EB681E885988D7
:1044D000B0B206F06FFF03210546208821F054FF9B
:1044E000032104460C3021F0AEFE0570A0F80160F7
:1044F00065E6632F7FF456AEEA68A44B1168196035
:1045000052685A606046012121F03EFF01210446B5
:104510000C3021F098FE0023037050E67F23EB70EF
:104520004DE6EA689A4B1168196052685A6039463C
:10453000604621F029FF394604460C3021F083FE05
:10454000002303703BE60921604621F01DFF09218D
:1045500004460C3021F077FE4FF4506100238D4A61
:1045600001800D218370C3700171C0F8052026E61B
:104570006046072121F008FF072104460C3021F096
:1045800062FE0146002001F8010BFCF78FFE16E6E3
:104590000921604621F0F8FE092104460C3021F083
:1045A00052FE0346002203F8012B6021C0F80120CF
:1045B0005A60417103E66046412121F0E5FE412148
:1045C00004460C3021F03FFE002105463F2200F852
:1045D000021B23F0FAFE704A704B7149C5F8212086
:1045E000C5F82530C022E4238020C5F81A10AA712E
:1045F00042F22821EB7204222023E870A5F80F1064
:10460000EA756B70DBE5674BED681B68002B40F3C8
:104610004B87654B1B68002B00F023872C78002C00
:1046200000F009870020614E044603460CE036F88E
:1046300011309A42A3EB020310D826F811302A78E1
:10464000C3B29A4240F2F78605EB83030130B3F818
:104650000110B3F8032003291444E8D9012160466E
:1046600021F092FE012104460C3021F0ECFD1223D2
:104670000370A4E5EB684B4DB3F80370B3F800800A
:104680000121604621F080FE012104460C30139484
:1046900021F0D9FD2B680646002B40F0BF86B8F10B
:1046A0001A0F40F2BF860A2F00F2D1867F422F6098
:1046B00085E5EB683B4D1E780121604621F064FEE4
:1046C000012104460C30139421F0BDFD2B68002B12
:1046D00000F09D86344B1B68002B40F098860370D9
:1046E000002E00F0DC86012E00F0C8861223037035
:1046F00065E5EB68604604211E8893F8028021F08E
:1047000043FE042104460C3021F09DFDB7B205465E
:10471000C31C424639460220FCF77EFDA5F8016025
:1047200028704CE5EA68224B1168196052685A609B
:104730006046012121F028FE012104460C3021F0C1
:1047400082FD002202703AE5E868C1790DF0D8FEDA
:1047500001210546208821F017FE012104460C3076
:1047600021F071FD05702AE56046032121F00CFE61
:10477000032104460C3021F066FD0146002301F8B8
:10478000023B0130FCF758FD19E500BFC00F0020C7
:10479000C0000020F105FFFF30F0F97FFEFF80042C
:1047A000F7FFFF0FB074002094740020A074002065
:1047B000B80000200220ED6802F004FC002841F05F
:1047C0004B806F7A17F0050F07F0FD0801F040806D
:1047D00018F0F80F41F03C802B780C936B780D9318
:1047E000AB780E93EB1C0F930A354FF002090526A8
:1047F00096FAA6F30122B3FA83F302FA03F3DAB2CC
:1048000013EA080301F06C8028886988B5F806C0AF
:10481000B5F808E0B5F80AA0032841F25D80032945
:1048200041F25A80ACF106039BB240F67A4B5B45ED
:1048300001F25280BEF5FA7F81F04E80AAF10A03A0
:104840009BB240F6764B5B4501F246800EF10103C8
:104850009BB20CFB03F3B3EB8A0F81F23D800D9BFF
:1048600001930F9B0093CDE904A2CDE902CE0E9BEC
:104870000C9A1035EFF7C0FF002840F06984731ED2
:10488000B9F1010F06EA030640F0EA8707F00400D9
:1048900000F05CBC13A8ED68FFF752FB034600284C
:1048A00040F0D3872878002800F024876A78002A0F
:1048B00000F02087CB4A1360CB4A1360AA8869882E
:1048C00005F01AFB01210C280546208808BF0025A9
:1048D00021F05AFD012104460C3021F0B4FC057092
:1048E0006DE413A8ED68FFF72BFB002840F0C987A3
:1048F000AF7817F0050F00F0C78717F0FA0F40F0F8
:10490000C3876B7895F800B00C9303354FF002081D
:1049100005264FF0010996FAA6F2B2FA82F209FAD8
:1049200002F2D2B250003A40C0B200F0D2872B78E7
:10493000B5F80110B5F8032003F00103184305355D
:104940000C9B00935B46EEF753FB731E1E408246A2
:10495000002840F08987B8F1010F00F085874FF0FB
:104960000108D8E713A8EE68FFF7EAFA002840F03C
:10497000AD86707814A902F04BFB0546002840F084
:104980009A8631789DF8500004F078FA01210546A6
:10499000208821F0F9FC012104460C3021F053FC61
:1049A00005700CE413A8EE68FFF7CAFA88BB7778A5
:1049B000002F00F07A87354607F1FF38A7F1020E85
:1049C00006F1040C804540F3E487C3B25A1CD2B20E
:1049D000974240F26687AEEB030250FA82F295F8F6
:1049E00002900CEB82022B4602E0934200F05987C2
:1049F0009979494503F10403F7D12088012121F079
:104A0000C3FC012104460C3021F01DFC122303706D
:104A10001394139CFFF7D3BB13A8ED68FFF790FA2C
:104A2000002840F07685287814A902F0F1FA0646AD
:104A3000002840F06385EB78AA7869789DF85000EB
:104A40000435009503F0FAFD01210546208821F088
:104A50009BFC012104460C3021F0F5FB0570FFF7AB
:104A6000AEBBE8680DF0C4FA01210546208821F0AC
:104A70008BFC012104460C3021F0E5FB0570FFF7AB
:104A80009EBBE8680DF020FA01210546208821F040
:104A90007BFC012104460C3021F0D5FB0570FFF7AB
:104AA0008EBBE86800F11702C11D0DF0D5FF012192
:104AB0000546208821F068FC012104460C3021F0D5
:104AC000C2FB0570FFF77BBBEB685988188806F0BE
:104AD00091FB01210546208821F056FC0121044666
:104AE0000C3021F0B0FB0570FFF769BB6046052173
:104AF00021F04AFC052104460C3021F0A4FB14A946
:104B000005460DF14A0006F069FBBDF84A30A5F8EC
:104B10000130BDF85020A5F8032000232B70FFF7CB
:104B20004EBBEB681E8859889A88B0B206F016FB17
:104B300003210546208821F027FC032104460C3080
:104B400021F081FB0570A0F80160FFF738BBEA682F
:104B5000168892780023CDE90233CDE90033022193
:104B6000B0B206F00DFA03210546208821F00CFCB6
:104B7000032104460C3021F066FB0570A0F80160AB
:104B8000FFF71DBBE96800220E884B880392088955
:104B90000290C888019089880091B0B2022106F085
:104BA000EFF903210546208821F0EEFB032104469E
:104BB0000C3021F048FB0570A0F80160FFF7FFBA48
:104BC0000921604621F0E0FB092104460C3021F068
:104BD0003AFB0346054906481860002259601A72DC
:104BE000FFF7EDBAB4740020B8740020FFFF030093
:104BF00000FFFF3FEB681E8800220621B0B20CF0D8
:104C00001FFC03210546208821F0BEFB032104463A
:104C10000C3021F018FB0570A0F80160FFF7CFBA47
:104C2000EA6832F8026B0021B0B20CF009FC0321F3
:104C30000546208821F0A8FB032104460C3021F012
:104C400002FB0570A0F80160FFF7B9BAEA681146E7
:104C500002F10C0331F8020B0A320CF097FD014609
:104C60002088FFF7A1BA6046092121F08DFB0921B8
:104C700004460C3021F0E7FA002300F8013B08213C
:104C80000EF058FDFFF79BBAE868002314AA00F164
:104C9000100113F021FC2088112121F075FB112156
:104CA00004460C3021F0CFFA0646002306F8013BFB
:104CB00014AD07460FCDC7F801007160B260F36014
:104CC000FFF77DBAEB68188806F000FA01462088E5
:104CD000FFF76ABAEB68604608211E8821F054FB92
:104CE000082104460C3021F0AEFA0546E91CB0B2AA
:104CF00006F08EF9A5F801602870FFF760BAE86841
:104D00000CF03CFF01210546208821F03DFB0121EC
:104D100004460C3021F097FA0570FFF750BAE968A5
:104D200000224B88088803920D890295CD88019551
:104D300089880091114606F023F901462088FFF783
:104D400033BA6046092121F01FFB092104460C30CB
:104D500021F079FA14AB05460DF14A0212A90DF1C2
:104D6000460006F05FFABDF84630A5F80130BDF800
:104D70004830A5F80330BDF84A30A5F80530BDF835
:104D80005020A5F8072000232B70FFF718BAEB6816
:104D900018880DF0ABFB2088012121F0F5FA0121E4
:104DA00004460C3021F04FFA00220270FFF707BAD8
:104DB000EB6818780DF082FB01210546208821F070
:104DC000E3FA012104460C3021F03DFA0570FFF7AB
:104DD000F6B9EB68186814909A889B798DF856306C
:104DE00060460721ADF8542021F0CEFA0721044691
:104DF0000C3021F028FA0546411C14A80DF02AFBBE
:104E00002870FFF7DCB9EB68186814909A889B79D2
:104E10008DF8563060460721ADF8542021F0B4FAE1
:104E2000072104460C3021F00EFA0546411C14A857
:104E30000DF0D6FA2870FFF7C2B96046022121F0C2
:104E4000A3FA022104460C3021F0FDF905460DF0CD
:104E50006BF9002368702B70FFF7B1B90DF066F99C
:104E600001210546208821F08FFA012104460C30EB
:104E700021F0E9F90570FFF7A2B9E8680DF09AF999
:104E800001210546208821F07FFA012104460C30DB
:104E900021F0D9F90570FFF792B913A8EE68FFF772
:104EA0004FF8002840F00484307814A902F0B0F8DC
:104EB0000546002840F0F183711C9DF8500002F077
:104EC000EBFF01210546208821F05EFA012104460E
:104ED0000C3021F0B8F90570FFF771B9EB689978DB
:104EE0001888B3F80550CA0703D5DA7842F00702EC
:104EF000DA708F0703D51A7942F007021A71D97850
:104F00001B7941EA0302072A00F2F4844E0700F0FD
:104F100099845A0700F0968415F003021CBF05F12E
:104F2000FF3505F0010206F0B5F901462088FFF7CC
:104F30003BB9EB681A78D00744BF07215970910735
:104F400044BF07229A709978587806F099F90121A0
:104F50000546208821F018FA012104460C3021F082
:104F600072F90570FFF72BB9EB68604605211E88C2
:104F700021F00AFA052104460C3021F064F90546B7
:104F80002A1DB0B2E91C06F059F9EB782A7928708D
:104F9000002B93FAA3F3B3FA83F308BF4FF0FF3368
:104FA0000133EB70002A92FAA2F3B3FA83F308BF3D
:104FB0004FF0FF330133A5F801602B71FFF7FFB805
:104FC00013A8ED68FEF7BCFF002840F09482287813
:104FD00014A902F01DF80646002840F08182EB7803
:104FE000AA7869789DF850000435009503F034FCE8
:104FF00001210546208821F0C7F9012104460C3023
:1050000021F021F90570FFF7DAB80220ED6801F010
:10501000D9FF002800F0DA822088012121F0B4F9BC
:10502000012104460C3021F00EF90C230370FFF728
:10503000C6B813A8FEF784FF002800F06F83139C06
:10504000FFF7BDB813A8ED68FEF792FF03460028EE
:1050500000F03F83139CFFF7B2B813A8ED68FEF78A
:105060006FFF002840F09382287814A901F0D0FF48
:105070000646002840F08082AA7869789DF85000A2
:10508000EB1C04F08DF901210546208821F07CF904
:10509000012104460C3021F0D6F80570FFF78FB8D7
:1050A00030460CF011FB01210546208821F06CF9F7
:1050B000012104460C3021F0C6F80570FFF77FB8D7
:1050C0000120ED6801F07EFF0646002840F0C48311
:1050D00028886988B5F80F70B5F811C0B5F813E0E5
:1050E000031F9BB243F6FC72934200F2F5830B1F41
:1050F0009BB2934200F2F083BB1F9BB240F67A4210
:10510000934200F2E983BCF5FA7F80F0E583AEF1CB
:105110000A039BB240F67642934200F2DD830CF123
:1051200001039BB207FB03F3B3EB8E0F80F2D48332
:105130006B792A79CDE904E6CDE9027C0635AE79B2
:1051400001960095EFF758FB014610B90CF04CFAA8
:1051500001462088FFF728B813A8FEF7F1FE06469F
:10516000002800F0CB82139CFFF729B813A8FEF7A4
:10517000E7FE0646002800F0FA82139CFFF71FB8EE
:105180000120ED6801F01EFF002800F0C581208895
:10519000012121F0F9F8012104460C3021F053F8E7
:1051A0000C230370FFF70BB813A8ED68FEF7C8FED9
:1051B000002840F09281B5F80370B5F801309F42A5
:1051C000C0F07F81052B40F27C81B3F5005F00F2D7
:1051D000AE83287814A901F01BFF0646002840F092
:1051E000CC83B7F5005FB5F805209DF8500039462F
:1051F00028BF4FF4005103F0EBFC01210546208845
:1052000021F0C2F8012104460C3021F01CF8057091
:10521000FEF7D5BF0CF02EFE01210546208821F0B7
:10522000B3F8012104460C3021F00DF80570FEF7AB
:10523000C6BF6046022121F0A7F8022104460C30C7
:1052400021F001F80023037005460CF011FE687090
:10525000FEF7B5BF13A8ED68FEF772FE002840F018
:10526000A481287814A901F0D3FE0546002840F057
:1052700091819DF8500002F021FE01210546208811
:1052800021F082F8012104460C3020F0DCFF05708B
:10529000FEF795BF13A8ED68FEF76AFE002800F040
:1052A0008982139CFEF78BBF13A8FEF761FE0546AB
:1052B000002800F09182139CFEF781BF13A8ED68CF
:1052C000FEF756FE0346002840F0AC8228780028FE
:1052D00000F04A826A78002A00F04682B44A1360DD
:1052E000B44900220B60114604F006FE01210C288F
:1052F0000546208808BF002521F046F80121044614
:105300000C3020F0A0FF0570FEF759BF6046092160
:1053100021F03AF8092104460C3020F094FF0346AE
:10532000002503F8015BC0F801505D600646FBF7FD
:105330006DFF2B460A4661F30703C1F30721120CE8
:1053400061F30F2362F31743120A62F31F63C6F877
:105350000100C6F80530FEF732BF0421604621F097
:1053600013F8042104460C3020F06DFF03460022A0
:105370001B2007211A7058709A70D970FEF71FBF52
:1053800013A8ED68FEF7F4FD002800F0D681139C09
:10539000FEF715BF13A8ED68FEF7EAFD002800F040
:1053A000F781139CFEF70BBFE9680120FBF748FF6C
:1053B00001210546208820F0E7FF012104460C303A
:1053C00020F041FF0570FEF7FABEEB689978188867
:1053D00005F044FE01462088FEF7E6BEEB681E8815
:1053E00014A9B0B205F0AEFF05210546208820F0D3
:1053F000CBFF052104460C3020F025FF0570A0F8F6
:105400000160BDF85030A0F80330FEF7D8BE0C2381
:105410000370FEF7D4BE139CFEF7D1BE0C230370BD
:10542000FEF7CDBE64490A68550740F0E2811223B9
:105430003370FEF7C4BE614A6149136808682344AB
:10544000136000211CF08CFD139CFEF7B8BE5A4976
:105450000A6812F0060F40F0D9816FF00907FFF7D4
:1054600026B90121604620F08FFF012104460C304F
:1054700020F0E9FE12230370FEF7A1BE2B68002B7B
:105480003EF79DAE2B684F4A4F484C495B422B601C
:105490000023C2E9003303600B60FEF790BE2B6867
:1054A000002BEFDAFEF78BBE0121604620F06CFF87
:1054B000012104460C3020F0C6FE0C230370FEF7D9
:1054C0007EBE2088012120F05FFF012104460C30C0
:1054D00020F0B9FE122303701394139CFEF76FBEE5
:1054E0002088012120F050FF012104460C3020F0DB
:1054F000AAFE13940670139CFEF761BE208801215A
:1055000020F042FF012104460C3020F09CFE139451
:105510000670139CFEF753BE2B792A88012B0AD004
:1055200069888A4200F281811F2A40F27E81B1F5AA
:10553000804F00F27A810021CDE90911CDE90711F0
:10554000CDE90511A87B0490687B0390E81D0290CB
:10555000A879019068790090084601F09DFD01212D
:105560000546208820F010FF012104460C3020F071
:105570006AFE0570FEF723BE2088012120F004FF9B
:10558000012104460C3020F05EFE13940670139C3B
:10559000FEF715BE2088012120F0F6FE0121044609
:1055A0000C3020F050FE13940570139CFEF707BEDC
:1055B000B4740020B87400204C060020A8740020A9
:1055C00098740020A0740020AC7400202878EF2884
:1055D00000F2A081B5F801806B79B5F803602A7AF2
:1055E00008F01801182946EA0346EB880BD043EA75
:1055F00002439E4200F281811F2E40F27E81B3F56C
:10560000804F00F27A812B7D032B00F29D81AB7DD0
:10561000032B00F2998114A901F00AFD0746002826
:1056200040F09F81EB7C8DF84A302B7E0A93EB7D16
:105630000993AB7D0120013B00FA03F3DBB2089331
:105640006B7D07932B7D013B00FA03F3DBB20693DE
:105650000DF14A030593AB7C04936B7A039305F138
:105660000C030293EB7A0193A87A00903246072349
:1056700041469DF8500001F00FFD022105462088AB
:1056800020F082FE022104460C3020F0DCFD057083
:105690009DF84A204270FEF792BD2088012120F03B
:1056A00073FE012104460C3020F0CDFD13940570EB
:1056B000139CFEF784BD2088012120F065FE0121A6
:1056C00004460C3020F0BFFD13940570139CFEF7C8
:1056D00076BD29780246EBF7FBFF012105462088BD
:1056E00020F052FE012104460C3020F0ACFD057084
:1056F000FEF765BD4FF0FF33FFF7DEB820880221CB
:1057000020F042FE022104460C3020F09CFD0546AC
:1057100002F0D2FB2E706870FEF751BD02F008FC5B
:1057200001210546208820F02FFE012104460C307F
:1057300020F089FD0570FEF742BD6B79B5F80320B6
:10574000B5F801102878AD790095EDF751FC0121ED
:105750000546208820F018FE012104460C3020F078
:1057600072FD0570FEF72BBD4FF0FF33B8E52088C2
:10577000032120F009FE032104460C3020F063FDD4
:10578000054602F097FB2E70A5F80100FEF717BD45
:105790002A4612F8011B02F09BFA012105462088D7
:1057A00020F0F2FD012104460C3020F04CFD057084
:1057B000FEF705BD2A4612F8011B02F01BFA012173
:1057C0000546208820F0E0FD012104460C3020F041
:1057D0003AFD0570FEF7F3BC2088022120F0D4FDCD
:1057E000022104460C3020F02EFD05704570FEF7B6
:1057F000E6BC7C4ACDF80C80CDE901321B22049234
:10580000009318460122FDF7B3FD10E6764A039790
:10581000CDE901320B220492009318460222FDF7D3
:10582000A7FD1AE6139CFEF7CABC2088012120F0D0
:10583000ABFD012104460C3020F005FD122303705E
:10584000FEF7BDBC1221FEF7AEBC139CFEF7B7BC41
:1058500020881121FEF7A8BC20880C21FEF7A4BCEB
:105860004FF00109FEF7C4BF2088012120F08CFD14
:10587000012104460C3020F0E6FC80F800A0FEF781
:105880009EBC139CFEF79BBC2088012120F07CFD70
:10589000012104460C3020F0D6FC11230370FEF7E2
:1058A0008EBC01300435FFF78DB83378002B7FF4C0
:1058B000A4A801F02DFF01210546208820F064FDF9
:1058C000012104460C3020F0BEFC13940570FFF754
:1058D000A0B81146FFF734B820881221FEF764BC47
:1058E0005200009302F0FE0019461A46EDF780FBC5
:1058F000FEF7C2BF1121FEF756BC2088012120F01F
:1059000043FD012104460C3020F09DFC112303705F
:10591000FEF755BC2088012120F036FD0121044608
:105920000C3020F090FC12230370FEF748BC208856
:10593000012120F029FD012104460C3020F083FCD8
:10594000112303701394C8E52088012120F01CFD69
:10595000012104460C3020F076FC11230370FEF781
:105960002EBC2088012120F00FFD012104460C30BF
:1059700020F069FC0770FEF722BC2088012120F08E
:1059800003FD012104460C3020F05DFC13940670E9
:10599000A3E506F1020811E098F80330B8F80120F9
:1059A00031789DF85000EBF793FE08F104087B1E58
:1059B000054658B913F0FF0508D02F4698F80000A7
:1059C00014A901F025FB05460028E5D02088012117
:1059D00020F0DAFC012104460C3020F034FC057084
:1059E000FEF7EDBB78A90400B4A904002DE9F0434B
:1059F00000240C60038A032B85B02FD90546884606
:105A00000C30042120F03FFC2B8A4788B0F800902E
:105A1000BB4239D31B2F31D805F080F94FEA193634
:105A20003346044600283DD09B0824D1A6B1012E60
:105A300021D12379677166F301032371E9683A463E
:105A4000E01D22F09AFC2146C9F30B0005F072F923
:105A500000BB05B0BDE8F0830226EAE72C490B68DD
:105A60005B0708D02B4B0094CDE90143012223466C
:105A70002046FDF77DFC6FF01500EAE724490B682E
:105A80005E07F8D0244BEEE721490B685F07F2D0A0
:105A9000224BE8E71E490B685B0726D1204605F03C
:105AA00043F9E8E71A490B685D0728D11C4B1B68CE
:105AB0009A0117D54FF0FF324FF0FF330220F9F76C
:105AC00033FB0221C8F800000C3020F0BCFB4FF47F
:105AD0008D730380D8F8000001210C3020F0B3FB57
:105AE000012303706FF06800B3E70E4A0023CDE98D
:105AF0000132009301221846FDF73AFCCEE70A4B2B
:105B00000090CDE9010301220346FDF731FCCDE70A
:105B10004C060020E8A904001CAA0400FCA904000B
:105B2000C00000204CAA040038AA0400F8B50E4BAF
:105B30001B68DB0600D4F8BD02F10C0406460D46D6
:105B40002046022120F07FFB034640F205421A80E6
:105B50002046042120F077FB00270770A0F80150B1
:105B60003278C270F8BD00BFC0000020032810D8F2
:105B700030B40849084C31F810302568074A2B44E6
:105B800023601368002421F81040013B136030BCEF
:105B900070477047A0740020A874002094740020FF
:105BA00070B590F82030C68803F00303013B012B49
:105BB0000FD9334A3349344842F2CF331EF02FFA1B
:105BC000002383F31188BFF36F8F0323184602DF8E
:105BD00070BD044601F10C052846042120F033FB7A
:105BE00094F8203003F00303022B0CBF46F400535B
:105BF00046F48053038094F82130438094F82110B8
:105C0000284620F020FB94F8212004F1230122F003
:105C1000B4FB1E4B1A68002ADADD1D4C1D492368AF
:105C20000968591A91421AD20133032E236006D80B
:105C3000194A32F81630013322F8163070BD104A76
:105C40001649114842F2C8331EF0E9F9002383F3E4
:105C50001188BFF36F8F0323184602DFE8E7084A75
:105C60000F49094842F2C2331EF0D9F9002383F3E9
:105C70001188BFF36F8F0323184602DF2368D3E731
:105C8000B0A8040034A604005CA50400B074002091
:105C9000AC740020A8740020A074002094AA040012
:105CA00060AA04002DE9F04F0379C688032B8DB05C
:105CB00004460D4600F120071DD0053B182B34D8B3
:105CC000DFE813F082006F005F014A013300330008
:105CD0002B01330033003300330033003300030162
:105CE000330033003300720210020802D401C402F0
:105CF000B102A7016D0190F82330033B122B26D887
:105D0000DFE813F06D0325002500BB02D402250057
:105D1000EA0225002500F3021403250030032500C4
:105D20006203250025002B002B00CA4ACA49CB4834
:105D300042F2BF231EF073F9002383F31188BFF3EF
:105D40006F8F0323184602DF0DB0BDE8F08FC14A04
:105D5000C149C24842F2A333ECE7C14B5B689A00E9
:105D6000F2D5C04B1B685B06EED50C3502212846E8
:105D700020F069FA40F63E3303800121284620F0E6
:105D800062FA072303700A21284620F05CFA068095
:105D9000238D4380638D8380A38CC380E38C038138
:105DA000D2E790F8203003F00F03072B04D190F8CE
:105DB0002130002B40F059842A46214638460DB048
:105DC000BDE8F04FFEF700B8A74B077EA67E94F81B
:105DD000198093E803000B0C8DF82E3094F82030D6
:105DE000ADF82C107F4259067FB20A90C6F34006E8
:105DF00000F173839A4B5B684FF0000903F0005386
:105E0000002E40F09383002B9ED0964B1B689B077F
:105E10009AD5CDE9006694F8200004F1220BC0F376
:105E2000801133465A4600F00F00FDF7B7F90028FD
:105E30008AD194F8203003F00F03012B00F0538433
:105E400094F82130A3F1060A9A1D05335FFA8AFA05
:105E5000DBB25FFA82F9099356460C3502212846D7
:105E600020F0F1F93E23037080F8019001212846CB
:105E700020F0E9F9034602221A700999284620F019
:105E8000E2F90123037094F8203003F00F0330335C
:105E90006B44054613F8083C43700CF045F9804507
:105EA00080F012844046EA1CA91C0CF0F1F8AB7893
:105EB0000233AB7085F809A00A3504F12801324697
:105EC000284622F05AFAAF553EE7654B5B689800CA
:105ED0007FF53AAF634B1B6899037FF535AF0C35FF
:105EE0000221284620F0AFF940F23E6303800121F1
:105EF000284620F0A8F9122303700521284620F037
:105F0000A2F9237A03700546A07901F0A3F868701E
:105F100063896B80637A2B7116E7514B5B689E0037
:105F20007FF512AF4F4B1B68DC037FF50DAF0C35CF
:105F30000221284620F087F94FF49F730380012146
:105F4000284620F080F911230370002128460DB067
:105F5000BDE8F04F20F077B990F8203003F00F0340
:105F6000072B7FF429AF90F82130002B3FF424AFAA
:105F700004232A46214638460DB0BDE8F04FFDF710
:105F800007BC90F8203003F00F03072B7FF414AF09
:105F900090F82130002B3FF40FAF0223E9E7304B9C
:105FA0005B689B0040F142822E4B1B681F0540F14D
:105FB0003D820C350221284620F045F940F23E632F
:105FC00003800121284620F03EF90C2303700521AF
:105FD000284620F038F994F820300370A0F80160CA
:105FE00094F82120002A92FAA2F3B3FA83F308BFAF
:105FF0004FF0FF330133C37094F8222092FAA2F3DA
:10600000002AB3FA83F308BF4FF0FF330133037163
:106010009AE6134B5B6899007FF596AE114B1B68AF
:106020001A037FF591AE0C350221284620F00BF9BA
:1060300040F23E4303800121284620F004F9142356
:1060400003700321284620F0FEF8068094F82030E3
:10605000837079E6B0A8040034A604005CA50400AF
:10606000C0000020B8000020809C0400D04B5B687A
:1060700099004FF000087FF567AECE4B1B685A07BA
:106080007FF562AE0C350221284620F0DCF840F6A0
:106090003E2303800121284620F0D5F803464FF027
:1060A0000309284683F80090092120F0CCF8FB076B
:1060B000054600F1FB8294F820302B70A5F80160B2
:1060C000638CA5F80330A38CA5F80530E38CA5F804
:1060D000073039E60A46384631460DB0BDE8F04F84
:1060E000FFF724BDFF0700F1E88194F82070002F2E
:1060F00000F0D981AE4B5B6898007FF525AEAD4BC3
:106100001B6840F20122134203F400783FF41CAEF6
:106110000C35002F40F0E981A74A13680133136062
:10612000B8F1000F00F06E820221284620F08BF8B3
:1061300041F63E7303800121284620F084F803468F
:106140000A221A7028461E2120F07DF80770A0F858
:10615000016094F82130C37094F822300371D4F8B0
:106160002330C0F80530B4F82730A0F80930D4F84F
:106170002F30C0F80B30B4F83330A0F80F30D4F81B
:106180002930C0F81130B4F82D30A0F81530E38E66
:10619000A0F81730238FA0F81930638FA0F81B30B8
:1061A00094F83C304377CFE5814B5B689A0040F12F
:1061B0006981804B1B685B0340F164810C350221CF
:1061C000284620F040F840F63E130380012128467F
:1061D00020F039F8132303700821284620F033F803
:1061E0000546A07900F036FF287094F82030C3F3FC
:1061F00080136B70D4F82230C5F80230E38CEB804A
:10620000667E0BF091FF864205F1020704F1220839
:1062100080F0EA813A46691C30460BF039FF6B7812
:1062200002336B7090E5654B1B6818027FF58CADEF
:106230000C350221284620F006F840F2572303804F
:10624000022128461FF0FFFF06807DE5584B5B6862
:106250001F044FF000047FF577AD0C35022128466E
:106260001FF0F1FF4FF44C730380032128461FF009
:10627000EAFF0470A0F8016066E54D4B1B681A0642
:106280004FF000047FF560AD0C35022128461FF069
:10629000DAFF4FF481630380042128461FF0D3FF07
:1062A00001230470A0F80160C3704DE590F824202C
:1062B0000E2A00F0DC8142490B6813F0060F3FF410
:1062C00043AD40480023CDE90202CDE9003302226C
:1062D0001846FDF74DF837E50B46324639460020A3
:1062E0000DB0BDE8F04FFDF717BA314B1B681B0529
:1062F0004FF000077FF528AD0C35022128461FF02E
:10630000A2FF034640F60C021A80284608211FF01F
:106310009AFF0770A0F8016094F82430C370B4F8B5
:1063200025308380B4F82730C3800DE5204B90F8EA
:1063300024401B681F067FF507AD0C350221284657
:106340001FF081FF4FF481630380042128461FF072
:106350007AFF002C08BF1F2400230470A0F80160FE
:10636000C370F1E4124B5B68980040F19180114BCF
:106370001B68990640F18C800C35022128461FF0DD
:1063800062FF40F63E330380012128461FF05BFF89
:10639000062303700A2128461FF055FF0680A38CB0
:1063A0004380E38C8380238DC380638D0381CBE4A2
:1063B000C0000020B800002094740020C00F00200E
:1063C0004C0600202CAC0400D14990F824200B6826
:1063D00013F0060F3FF4B8ACCE48002373E7CE4B62
:1063E0005B6898007FF5B0ACCC4B1B68D9067FF595
:1063F000ABAC0C35022128461FF025FF40F63E537A
:106400000380012128461FF01EFF052303700C2185
:1064100028461FF018FF034623F8026B616AA26A40
:10642000C0F802105A60A38D43818DE4B8490B680F
:1064300013F0060F3FF488AC039694F8213094F8DB
:10644000220094F82040002B93FAA3F3B3FA83F3CD
:1064500008BF4FF0FF33002890FAA0F0B0FA80F0A8
:1064600008BF4FF0FF3001300690AD485A1C0023A2
:10647000CDE90442CDE90130009302221846FCF731
:1064800077FF61E4F0B20DB0BDE8F04F00F0E2BD7F
:106490000023CDE90233CDE900331A220221304630
:1064A00004F06EFD50E494F8220004F12903FF2269
:1064B00004F123010BF030FF1CE69A4A9A499B48ED
:1064C00042F2CF031DF0ABFD002383F31188BFF32D
:1064D0006F8F0323184602DF07E6002104F1220331
:1064E000424608460BF018FF84E4B8F1000F40F074
:1064F000C380022128461FF0A6FE41F23E330380EE
:10650000012128461FF09FFE012303701221284617
:106510001FF099FEC0F80180C0F80580C0F809801E
:10652000C0F80D8080F8118007700DE4002B3FF457
:106530000BAC7A4B1B685A057FF506AC94F820002B
:1065400000F00F03012B0FD0764A7949774841F6C6
:1065500066131DF064FD89F31188BFF36F8F032369
:10656000184602DF94F82000002304F12206C0F34D
:106570008011CDE90033324600F00F00FCF70EFE2B
:1065800000287FF4E1AB0C35022128461FF05BFEAA
:1065900041F23E230380012128461FF054FE0346AA
:1065A0000B221A70284611211FF04DFE40F20113F4
:1065B000038005460BF0B8FD804580F09B80EA1C07
:1065C0004046A91C0BF064FDAB780233AB7094F825
:1065D0002030C3F3C0136B72A36AC5F80A30A38DD1
:1065E000EB812F74FFF7B0BB94F82030C3F3801316
:1065F0006B70D4F82230C5F80230B8F80430BB8094
:10660000FFF7A2BB022128461FF01DFE41F23E33D8
:106610000380012128461FF016FE034601221A704E
:10662000284612211FF00FFE0770A0F8016094F8B1
:106630002130C37094F8223003F001030371D4F8C1
:106640002330C0F80530B4F82730A0F80930E38EC5
:10665000A0F80B30238FA0F80D30638FA0F80F3017
:1066600094F83C304374FFF76FBB012381E40B4681
:10667000324600211A2033E6022128461FF0E3FDAE
:1066800041F63E730380012128461FF0DCFD0A23FA
:1066900003701E2128461FF0D6FD04461D2200214E
:1066A000013021F092FE2770FFF74EBB1D4A2149B1
:1066B0001E4842F258131DF0B2FC88F31188BFF354
:1066C0006F8F484602DFF6E494F82030C3F380135E
:1066D000AB70D4F82230C5F80330BBF80430A5F80D
:1066E0000730FFF7E7BB0B2309934FF00C09B246C5
:1066F000FFF7B3BB94F82030C3F38013AB70D4F82A
:106700002230C5F80330B388A5F807305FE700BF33
:106710004C0600203CAC0400C0000020B800002063
:1067200000AC0400B0A8040088AB04005CA5040021
:1067300060AB0400C4AB040070B500F10C040E465D
:106740002046022115461FF07EFD40F213530380C0
:10675000052120461FF077FD01230370A0F801609A
:10676000A0F8035070BD00BF0379032B08D0053B90
:10677000DBB2182B01D900207047064AD05C704765
:1067800090F8203003F00303032B14BF05200420EE
:10679000704700BF54AC040010B504789DF808E0C1
:1067A00004F00F0402F1FF3C072C1FFA8CFC24D0EC
:1067B000022C13D0012C4CD04B781033DB00002C72
:1067C00040D140781030C00003F2E54300F5B372C9
:1067D000184412FB0CF3184480B210BD41780CEB46
:1067E0008C03C3EB0310400001F11003DB0000F247
:1067F000053003FB020290B210BD4178580715D452
:1068000003F0030008440930C000C3F34003D8403C
:1068100080B20CEB8C0CCCEB0C1C4FEA4C0C0CF249
:10682000053C12FB00F0604480B210BDC8004FEA86
:106830004E0E2B300EF1010E00FA0EF000F5BC707A
:1068400080B2E6E7062CBCD040F21D404FF4F37254
:10685000BFE740F2AD5040F21622BAE730B583B040
:106860001A4C079D1A4B2C1BA3FB0434C4F3C7140A
:10687000DCB9A21C174B0095D2B201210020FAF717
:10688000D3FB10F0FD0F0ED0134A1449144840F604
:10689000ED131DF0C4FB002383F31188BFF36F8F4A
:1068A0000323184602DF03B030BD0B4A0D490C48E4
:1068B00040F6E8131DF0B3FB002383F31188BFF308
:1068C0006F8F0323184602DFD3E700BFC80F0020F5
:1068D000CDCCCCCC816A02007CAC0400C8AC0400F6
:1068E0005CA50400BCAC0400416A11B10868FBF768
:1068F00027BD70472DE9F0410568D5F86C80064644
:10690000B8F1000F46D02C6F0023EB66002C56D058
:10691000002717232F6723714FF6FF73E3801E2292
:10692000394604F1200021F050FD3C23A66084F894
:1069300020302B6CCBB12A4E21464046FBF7EEFCB3
:10694000284BAE1BA3FB0636C6F3C7169EB92C6CAC
:10695000122323713C224FF6FF73E680227263817B
:10696000B5F88230D4F80080637221464046BDE815
:10697000F041FBF7E5BC1C4A1C491D4840F64D237D
:106980001DF04DFB87F31188BFF36F8F032318466B
:1069900002DFDCE7144A1749154840F635231DF09D
:1069A0003EFB88F31188BFF36F8F0323184602DF85
:1069B0002C6FD5F86C800023EB66002CA8D10A4A16
:1069C0000D490B4840F639231DF029FB84F311884B
:1069D000BFF36F8F0323184602DF2C6F98E700BFC9
:1069E000C80F0020CDCCCCCC7CAC0400BCAC0400E7
:1069F0005CA50400E4AC0400F8AC040010B591F808
:106A000029301A4A0C4604EB830392F800C0DA6A74
:106A10001749137881F800C013F00E0F08D003F067
:106A20000F03072B01D0E0B910BD93785B06FAD5B0
:106A30000028F9D0FBF74CFD8442F5D0236A002BE7
:106A4000F2D00C4A0C490D4840F6D5131DF0E7FA78
:106A5000002383F31188BFF36F8F0323184602DFEF
:106A600010BDFBF735FD8442EBD110BDDF9800204F
:106A7000DE9800207CAC040010AD04005CA504008E
:106A800000B170470C4B10B50246044699600220D5
:106A90000121F8F765FD00B910BD084A0849094809
:106AA00040F609231DF0BBFA84F31188BFF36F8F02
:106AB0000323184602DF10BD080300207CAC04004D
:106AC00050A704005CA5040000B170470C4B10B542
:106AD00002460446996002200121F8F741FD00B901
:106AE00010BD084A0849094840F6D3231DF097FA1B
:106AF00084F31188BFF36F8F0323184602DF10BDA4
:106B0000D80200207CAC040050A704005CA504005F
:106B100010B50C46C0B9144B0022012102209C6024
:106B2000F8F71EFD00B910BD104A1149114840F692
:106B30009D231DF074FA002383F31188BFF36F8F38
:106B40000323184602DF10BD084A0B49094840F6E6
:106B500097231DF064FA002383F31188BFF36F8F2E
:106B60000323184602DFD6E7B80200207CAC0400FD
:106B700050A704005CA5040068AD040038B50446C5
:106B800010F81C3B002B2ED0194D6369A8607BB117
:106B9000184A1949194840F61E231DF040FA0023EF
:106BA00083F31188BFF36F8F0323184602DFA868B1
:106BB00013490F4B0022C4E9051011460120F8F7D4
:106BC000CFFC00B938BD0B4A0E490C4840F62523CE
:106BD0001DF025FA002383F31188BFF36F8F032381
:106BE000184602DF38BDBDE83840FFF783BE00BF5E
:106BF000F80200207CAC040074AD04005CA5040025
:106C0000F568020050A7040000B5124A124B821A20
:106C1000A3FB023283B0D209023200900F4BD2B2F2
:106C200001210020FAF700FA10F0FD0F0ED00C4AF7
:106C30000C490D4840F6BE231DF0F1F9002383F303
:106C40001188BFF36F8F0323184602DF03B05DF88E
:106C500004FB00BFC80F0020CDCCCCCCC96A020019
:106C60007CAC0400C8AC04005CA5040038B5436CDF
:106C70001D682B78ABB16B69044673B10B4A0C49A4
:106C80000C4840F6AC231DF0CAF9002383F31188A9
:106C9000BFF36F8F0323184602DF074BC5E90534A6
:106CA00038BDBDE83840FFF7AFBF00BF7CAC040083
:106CB00074AD04005CA50400096C020038B5124CE8
:106CC00020460DF077FA34F8042C6178A4F12803FB
:106CD00022F44372002003EB810122F00202C4E996
:106CE0000300606142F00E0294F864409A84C96A1D
:106CF000022262F342044FF4006506225D6783F8C6
:106D00008C4008704A7038BDF00F002070B51C4CE4
:106D1000256AAB6F73B11B4A1B491C4840F66223BE
:106D20001DF07DF9002383F31188BFF36F8F0323D8
:106D3000184602DF05F16C0105F16800F8F78EFBDB
:106D4000064670B12868AE6703F0BEFF0025206FCD
:106D50002562FBF7DDFAE06E2567FBF7CDFAE56605
:106D600070BD084A0A49094840F664231DF057F9E6
:106D700086F31188BFF36F8F0323184602DFE1E724
:106D8000C80F00207CAC0400C4AD04005CA5040066
:106D900070B20400002840F0BB8030B55D4C94F820
:106DA0008C30D90785B07AD5236A5BB193F82C2053
:106DB00042F0020283F82C20236A93F82C30DA0781
:106DC00000F184805348FBF76BFB84420ED0524A9B
:106DD0005249534840F62D331DF021F9002383F327
:106DE0001188BFF36F8F0323184602DF94F8243015
:106DF000DB0703AD0DD5022103914A4B009503211A
:106E000001220020FAF710F92946FBF737FB00288A
:106E100073D10222434B0095032100200392FAF71D
:106E200003F92946FBF72AFB054600283AD13E48DC
:106E3000FBF772FB08B178304DD13648FBF73CFBCD
:106E400084420ED0344A3549354840F64F331DF060
:106E5000E6F8002383F31188BFF36F8F03231846EE
:106E600002DF636C1BB1186801F06AFB80BB236A08
:106E70000BB1FFF74BFF256C3DB10023236428685D
:106E8000FBF73AFA2846FBF743FA94F88C300020D7
:106E90006FF3000384F88C3003F03AFA50B300200B
:106EA00005B030BD1B48FBF707FB84420ED01A4AE1
:106EB0001A491B4840F646331DF0B1F8002383F30E
:106EC0001188BFF36F8F0323184602DF0C20E7E71A
:106ED0007830CCD0FAE7104A1449114840F64C33C8
:106EE0001DF09DF885F31188BFF36F8F03231846BB
:106EF00002DFA2E70BF08EFBD1E70648FBF7DCFAD6
:106F00008442E3D0044A0549054840F63833D3E7C4
:106F100000207047C80F00207CAC0400D8AD0400EE
:106F20005CA50400A5130200E40F0020E4AD0400FA
:106F300038B503780446002B30D01C4D436900F16E
:106F40001C01A9607BB11A4A1A491B4840F6E82384
:106F50001DF065F8002383F31188BFF36F8F0323BF
:106F6000184602DFA9681548104B0022C4E9050144
:106F700011460120F8F7F4FA00B938BD0C4A10495F
:106F80000D4840F6EF231DF04AF8002383F31188E3
:106F9000BFF36F8F0323184602DF38BD016C002951
:106FA000EBD0BDE838400868FBF7CAB9C80200203A
:106FB0007CAC040074AD04005CA50400E968020028
:106FC00050A704000B4A137823B90128107006D08B
:106FD000002070478342FBD06FF015007047064ACF
:106FE000B2F87E3003F0EF0343F01003A2F87E30D6
:106FF00000207047DD980020C80F0020034B187850
:10700000A0F10200B0FA80F040097047DD9800203E
:10701000064B93F87E20D20606D593F87F30834244
:1070200002D100200870704742207047C80F00202E
:10703000074B93F87E20D20604D483F87F0000200B
:107040000870704793F87F308342F8D0072070476C
:10705000C80F002010B5A8B90B4C94F87E20D306B9
:107060000DD40A4A0A490B48D1231CF0D8FF00234B
:1070700083F31188BFF36F8F0323184602DF94F860
:107080007F0010BD0024ECE7C80F00207CAC04009A
:10709000FCAD04005CA504002DE9F04F8846BA4918
:1070A000BA4C074603C98BB0ADF8241094F88C1085
:1070B0009DF86860039601F001019DF870600890EA
:1070C0000F439DF854909DF85C509DF860009DF82A
:1070D0006CE09DF874A09DF878C0029640F04E8157
:1070E000072B00F0BD80012B84F880E003F128031A
:1070F00094F825E094F87E106B444FF0010B6BF38D
:10710000840E13F8086C84F825E021F0300E4EF060
:10711000300E08BF002284F87EE001F010016267A3
:10712000A28C05F0070500F003006D0022F4437205
:1071300022F0020245EA0025154394F82620A58492
:107140006CF3410284F8262094F8292004EB820293
:10715000D56A2A7802F00F0B002975D166F3030275
:107160002A7002F00F02072A00D0697001230493ED
:107170002B7803F00E02B2FA82F2520903F0EF0309
:1071800062F3451382212B7003F00F0321FA03F3FE
:10719000DB0700F1B58094F88C309DF8502062F345
:1071A00042035E0784F88C30D9B20CD50B4669F3E4
:1071B000C30384F88C30169B16991B68C4F88D3075
:1071C000734B898899802B7803F00F01012900F017
:1071D0000E81072900F0E28002F001066A78002A99
:1071E00040F0F68066F3861362F3C7132B70062314
:1071F0006B70E4612D7805F00F05072D00F0A2807B
:1072000094F8353004EB83039A6B049B002B40F019
:107210008680002A00F083801378507823F03F03A3
:1072200043F0040313709DF8503011789B0103F074
:10723000400301F03F010B43137008B9062353705C
:1072400038460BB0BDE8F08FB34554D002F00F02C2
:10725000072A00F0CC812A7866F303022A7085E7BA
:1072600018F0100F2BD108F00303032B46D018F0B1
:10727000080F43D1A36C3BB118F0230F04D01B6857
:1072800093F85230D90739D4039E94F8253094F8F6
:107290007E1084F880E066F3840384F8253094F847
:1072A000263043F0010384F8263021F0300343F008
:1072B000300384F87E3001F0100107262FE718F024
:1072C000200F40F00682A36C23B11B6893F8523064
:1072D000DE0713D42F4B079318F0080F94F87E1095
:1072E0005FFA88F340F0E18103F0030328336B4435
:1072F00013F80C3CF7E60023049339E712279FE7C5
:10730000BBF1010F3FF447AFBBF1070F3FF443AFB1
:107310006A78002A40F05F8184F84C203BE71E48E1
:107320000CF07AFF1C480CF055FF1B480CF042FF94
:10733000C0B2002840F06E8194F8353004EB83032E
:107340009A6B69E7049B002B3FF47AAF12480CF06C
:1073500063FF11480CF03EFF0F480CF02BFF10F0BC
:10736000FF0040F0578194F8353004EB83039B6BAA
:107370001A78587065F303021A7061E70C273846D3
:107380000BB0BDE8F08F00BF889C0400C80F002040
:107390005510002003040200FC0F0020A97868F3B8
:1073A0008711A970A91C059104992E1D99B3A9787C
:1073B0004FF0000C3F2985F803C000F2528118F00D
:1073C000200100F0888161466346B346E6463FE00F
:1073D000BBF1010F00F0F380BBF1070F00F0EF806D
:1073E0002B7866F386136FF3C7132B7001E79201B6
:1073F00002F0400242EAC91203F03F0313432A4657
:10740000169902F8083B0968A96016990C23898827
:1074100091806B70EDE6E97895F802E0049BEB70E3
:10742000C80701F002034CBF05F10A0BB346BEF1D9
:107430003F0F059301F0100C01F0080301F040012B
:1074400040F2F9804FF0000E059A0AB10BF1060BDD
:107450002A786EF386122A7018F0040208D095F884
:1074600003E04EF0020E09F00102063685F803E053
:1074700095F800E062F3C71E85F800E033B1EA78C2
:1074800042F008020BF1020B0236EA70BCF1000F69
:1074900000F08E800BF1030BEA7842F01002033605
:1074A000EA7009B10BF1010B18F0400F08D0BCF1E4
:1074B000000F40F0BB80EA7842F040020136EA70EB
:1074C000AA1CB21AD2B2022A67D902F1FF3E0EF00C
:1074D0003F0E6A70AA786EF30502AA7009B10BF12B
:1074E000FF3BEA7852060AD5199A002A00F0D980A3
:1074F00012787F2A00F0D28006F8012C013E94F821
:107500002520029961F3471284F82520BCF1000F71
:1075100001D0ABF1030BEA78D00632D40BB1ABF15A
:10752000020B11070AD5BBF8003026F8023CC3F362
:10753000032303EB0A1306F8013C023E94F87E3065
:107540006AF3030384F87E30EB789A0764D4DB0691
:107550007FF54FAE07AB01930DF11B03009360481D
:1075600014AB00220121EAF723FD002840F09B80A4
:10757000636C9DF81C205A759DF81B3084F82930E7
:1075800037E60393029B033E03F0070200213046D7
:1075900000F08EFFEA78039BC0E7EE1C4FF0000E70
:1075A000012296E72B7861F3C7132B70B3460B4685
:1075B00018F0030C3FF475AF4FF0000C6CE794F833
:1075C0004C20484905F1080020F0D7FE94F84C30D3
:1075D00006336B7004E7052A4DD9063AD2B205F19D
:1075E0000801404884F84C2020F0C7FED3E5626CC7
:1075F000002A51D000216970A06C28B10068049263
:10760000A16401F013FC049A10680022626401F086
:10761000D5F920E6072713E6169B1B6846F8063CBB
:10762000169B9B8826F8023CEB7890E7039A042A85
:107630007FF441AF44E718F0200E7FF403AFBCF1B4
:10764000000F03D0039804283FF4FEAE5E4602F01C
:10765000010EEA7842F00102B346EA7005F10A062B
:10766000F2E66CF3861318F004012B709AD0614691
:107670006346B346F3E61C4A1C491D4840F2BD135D
:107680001CF0CDFC002383F31188BFF36F8F03231D
:10769000184602DF6A78A0E76A70DCE519990022D3
:1076A0000A70002228E70746CAE594F8252084F8E6
:1076B00080E0012363F3840284F8252021F0300266
:1076C00042F0300284F87E201E4601F010010022B4
:1076D00025E51127B4E505910B468C46B7E700BFB9
:1076E000C80F0020151000207CAC040014AE04006C
:1076F0005CA5040008B500F023FC00B108BD01F052
:1077000027FB0028FAD1BDE80840FFF7D7BA00BF31
:1077100008B50020FFF73EFB002008BD08B500209B
:10772000FFF738FB034B00221A70BDE8084001F058
:107730001DBB00BFDD98002010B500F017FC10B194
:107740000346184610BD01F053FB03460028F8D14C
:107750000A4C94F87E20636463F3041204F1280059
:1077600084F87E20A3640CF035FD04F134000CF0A5
:1077700031FDBDE81040FFF7A1BA00BFC80F0020DF
:10778000024B00280CBF184600207047C80F00208D
:10779000034A044B801AA3FB0030C0F3CF1070479C
:1077A000C80F0020CDCCCCCC044A0068044B801A12
:1077B000A3FB0030C0F3CF10704700BFC80F0020FC
:1077C000CDCCCCCC38B9054890F88C3013F0010FF3
:1077D00008BF002070470020704700BFC80F00207E
:1077E00028B9044B93F88C0000F00100704700208A
:1077F000704700BFC80F002050B9064B93F88C00AB
:1078000010F0010005D093F8250000F00300704748
:1078100000207047C80F002038B9054890F87E3026
:1078200013F0100F08BF002070470020704700BF02
:10783000C80F002070B58468B4F8843082B053B1AA
:10784000B4F882209A4206D3266C00224323A4F87F
:107850008420337213E0D4F88810002940D0626F7E
:1078600040F27123A2FB03238A4273F100034FF01D
:10787000000035D3266CC4F888003C233372254DB4
:10788000254B651BA3FB0535C5F3C71555BB4FF647
:10789000FF7312223271F5807381B4F882307372F3
:1078A000606C00282ED0006800F036FEC21C1B4B16
:1078B0000094D2B201210020F9F7B6FB30F00203A8
:1078C0000ED0174A1749184840F64C031CF0A7FB86
:1078D000002383F31188BFF36F8F0323184602DF61
:1078E00002B070BD0E4A11490F4840F633031CF038
:1078F00096FB002383F31188BFF36F8F0323184691
:1079000002DFC4E7AA1C0A4B0094D2B20121F9F7A6
:107910008BFBD3E7C80F0020CDCCCCCC116B020081
:107920007CAC0400C8AC04005CA50400BCAC040042
:10793000C96A02002DE9F8438F78054617F03F0722
:1079400090F8270018BFCF780C460BF00BF8484B87
:107950001B78022B0646207801D1430629D4C0F3B8
:107960008010F9F793FC0368C5F893308388A5F875
:1079700097304EB3237843F040032370A2782378E6
:10798000900603F00F0321D1072B48D004F1020920
:10799000C8463368C8F80030B388A8F804302378A4
:1079A00003F00F03012B1DD0072B19D04046BDE873
:1079B000F883AB6FC5F89330B5F87C30A5F89730F5
:1079C00005F17800002ED5D10646D7E7072BDDD18B
:1079D000E378D90723D504F1020904F10408D8E7B4
:1079E000BA07E3D595F827000AF0EEFF0546002810
:1079F000DCD0237843F080032370A37813F03F0F8B
:107A0000237803F00F031AD1072B20D02B68C9F875
:107A10000630AB88A9F80A304046BDE8F883154A1D
:107A20001549164840F6EC331CF0F9FA002383F3AD
:107A30001188BFF36F8F0323184602DFCBE7072BB4
:107A4000E4D1E378DB0702D509F10209DEE7094A50
:107A500009490A4840F6EC331CF0E1FA002383F3AD
:107A60001188BFF36F8F0323184602DFECE700BFD6
:107A7000DD9800207CAC040054AE04005CA504003A
:107A800070B5037803F00F03072B04460E4610D1A0
:107A900083789A099B0622D0012AC17807D9214B05
:107AA00093F8352003EB82039B6B5B7813B3CD0710
:107AB00029D525461B482946FFF73CFF2B785B0656
:107AC0001AD4237803F00F03072B02D1A3787F2B5E
:107AD00003D914483146FFF72DFF002070BD012A5D
:107AE000FBD9104B93F8352003EB82039B6B5B783B
:107AF000002BF2D10C2070BD0621F7F79FFC002867
:107B0000DFD1122070BDC806E7D5064B5B6C5A7DED
:107B100003EB82039D69AB789906DED0EB78DA0738
:107B2000C8D4DAE7C80F00201F2955D82DE9F04145
:107B300090F8293000EB83039046DF6A3A7882237D
:107B400002F00F02D340DA0782B00D4604463BD460
:107B50000DF1070128300CF0E3FB3A78037802F0CE
:107B60000F0223F01F03134303703B780278C3F323
:107B7000401363F3451202703B78D2B2C3F3801313
:107B8000394663F38612027011F8023BD2B2DB0968
:107B900063F3C712064600F8022B062220F0FBFB17
:107BA0002A46414606F10800063520F0E6FB7570CE
:107BB00094F88C30DB0711D49DF8073084F8293015
:107BC000002002B0BDE8F08180F84C100A464D302C
:107BD000414620F0D2FBF3E71220704794F835308D
:107BE00004EB830331469A6B2046EAF7DDF8002860
:107BF000E2D0E6E710B90248FFF796BF0C207047C5
:107C0000C80F00201F295FD82DE9F04190F83530CA
:107C100000EB830382B09E6B0F460446904600F152
:107C20003405002E41D028460DF107010CF078FBF9
:107C3000037823F03F03314643F00403037011F847
:107C4000022BDBB2C2F3801203F03F0343EA82133C
:107C50000370BB1D437005460622023020F09BFBDB
:107C60003A46414605F1080020F087FB94F88C3035
:107C7000DA0707D49DF8073084F83530002002B0C9
:107C8000BDE8F08194F8292004EB82024123D16AF7
:107C90000A7802F00F02D340DB07EBD52A462046D4
:107CA000EAF782F80028E5D0E9E728460CF082FAE6
:107CB000C0B258B994F8353004EB83039E6B0423AB
:107CC000337006237370AEE7122070470720D6E7A3
:107CD00010B90248FFF796BF0C207047C80F00206C
:107CE00030B5056A687A00F0E004802C08BF4022B5
:107CF0008C7808BF13467F284FEA941C4FEA501136
:107D0000C4F3801414D9A97AD00001F00102520002
:107D100001322B30904000F27D40BCB3932393405E
:107D200003F5BC739BB24FF448621344184430BD52
:107D30008D1DA8180330C0004FEA610E20FA0EF026
:107D400000F2053084B101F12B0201F11603D200DB
:107D5000DB0022FA0EF223FA0EF302F598729BB2C0
:107D600092B21344184430BDBCF1020FDFD15A194E
:107D700001F115030332DB00D20023FA0EF322FADD
:107D80000EF203F5987392B29BB2EAE7BCF1020FD0
:107D9000CDD1DB002B33934003F5BC739AB24FF483
:107DA000E063DEE7026A90F831C0517E02EB8102A7
:107DB00000EB8C03D269596B5378927891F802C02A
:107DC000C2F305023E339B1A4A78CCF3050C3E32CF
:107DD000A2EB0C02DBB2D2B2FFF782BF08607047A1
:107DE0002DE9F047099E9DF820A03746814617F8F7
:107DF0001C4B0134E4B2154698463470002C30D048
:107E00001F4A204BC2F80090A2F8088082F80AA00E
:107E10005560D7609A60002211460120F7F7A0FB59
:107E200078B9336A1868836C23B11B6893F85220C1
:107E3000920701D4BDE8F0875D65BDE8F04701F029
:107E400045BC114A1149124840F662531CF0E7F84C
:107E5000002383F31188BFF36F8F0323184602DFDB
:107E6000DFE7094A0B490A4840F626531CF0D7F8C9
:107E700084F31188BFF36F8F0323184602DFBFE737
:107E8000187700202803002068AE040050A70400E3
:107E90005CA5040088AD040010B50C46FFF7BCFCDF
:107EA00030B123688367A388A0F87C30002010BD20
:107EB000422010BD1F2070470120704770B5FFF7AA
:107EC000ABFC78B390F88C5015F00105044626D130
:107ED000836C3BB1186890F85230DB071FD4A5645F
:107EE00000F0A4FF636C53B11E680023636406F1C5
:107EF00030000CF091F90D493046F7F773FA04F1B0
:107F000028000CF06DF904F134000CF069F994F8D4
:107F10007E306FF3041384F87E30284670BD0C2544
:107F2000284670BD4225284670BD00BF4877002016
:107F300008B50020FFF7C2FF0C2818BF002008BDBD
:107F400010B5074820210BF011FC044628B9054B59
:107F5000054801225021F7F709FA204610BD00BF5D
:107F600028770020487700204C77002008B5044887
:107F7000044B01225021F7F7F9F9002008BD00BF9A
:107F80004C7700204877002070B50020FFF744FCB4
:107F900000B3436CF3B11D6895F84D2095F84C3053
:107FA000934217D10133DCB2022C15D006204023B6
:107FB000264610FB043006EB460605EB4606284431
:107FC00009F008FE96F8453060F3050386F8453061
:107FD00085F84D40002070BD002640203446EAE779
:107FE0002DE9F04F8BB001F1020CBDF85040019427
:107FF00014464A780990CDF80CC015981AB18A78C1
:10800000950640F02E818A7800266FF305028A706B
:10801000B34602960496B046B1460D78227805F034
:108020000F0522F03F022A4322700A782578C2F316
:10803000801262F3861525700A78EDB2D20962F3D8
:10804000C71522460CF1020E02F8025B8D78A77864
:108050000592AD0965F38717A77013F0010700F0CB
:10806000BF8004F10A050127B9F1000F01D001F129
:108070000A0E13F0020A00F09B8006354FF0010A49
:10808000B8F1000F01D00EF1060E13F0080900F050
:10809000BE80D0F8012008924FF00208C0F80150CD
:1080A00080F80080454405304FF00109049A0AB178
:1080B0000EF1020E13F0100800F0B8804FF0030824
:1080C00080F80080C0F801504FF001080530029A96
:1080D000002A00F0B8800022079247EA4A0747EAE0
:1080E000C9070EF1030E47EA081AB8F1000F40F075
:1080F000B680BBF1000F04D00EF1120E12354FF016
:10810000010B002E00F0D38001220EF1010E01358B
:10811000069291F802904E78C9F30509AEEB0C0C6B
:1081200009F101095FFA8CFC5FFA89F9CC4500F28C
:10813000AB80B14500F23881A9EB0C0C5FFA8CF6EC
:108140000EEB0602039213F4807700F0AA80077802
:10815000C0F80150002F08BF374606703D44053077
:10816000059AAA1AD2B2022A9CBFE51C012213F476
:10817000007F00F09E804B7890F80080D0F80110CE
:10818000A3EB09035FFA83FC039BC0F8013080F87E
:1081900000C089460530B8F1000F40F02281002967
:1081A00040F03981E0460399CDF80490CC4692E046
:1081B000019A92073FF564AFB8F1000F00F02081FB
:1081C00091F8008094F800904FEAD81868F3C71926
:1081D000063584F800904FF0010A0EF1060E54E7C0
:1081E000059A951C019AD2073FF53EAFB9F1000FF1
:1081F00000F000810D782778C5F3801565F38617A8
:10820000254601F10A0E05F80A7B012731E7019A9C
:10821000120736D4049A002A00F0EE80CDF820E050
:1082200002354FF001090EF1020E43E7019AD20622
:108230003FF54DAF029A002A00F0D980CDF81CE03E
:108240004FF0010849E7029A079247EA4A0747EACE
:10825000C90747EA081AB8F1000F3FF44AAF0335DF
:1082600047E7CE7806F00802049206F0100206F006
:10827000010906F0020806F0200B029206F0400603
:10828000CBE6CDF8209011E7002E00F08B80CA1CC1
:1082900013F4807703924FF001094FF000067FF44A
:1082A00056AF019AD2055CBFAD19374658E706961E
:1082B0002FE713F480687BD1019B13F4007C40F01E
:1082C000A98091F801800399CDF804C0A8EB0908B2
:1082D0005FFA88F8E14608EB0C0EBEF11F0F43462B
:1082E0007BDC134463445F2B00F38C80A378501E27
:1082F00060F30503A37009EB08031A446270284673
:10830000424620F048F8019B2BB14A46194605EB3E
:10831000080020F032F8A37898063FD0039BA3EB27
:108320000608002F40F09680069A4FEA4B1343EA66
:10833000821343EA0A065906374606D518F8013C67
:1083400005F8013C08F1FF38013DBA0679D4029BDB
:108350000BB1A8F10308FB06079B48BF033D23B1FF
:1083600019460322284620F016F8049B0BB1A8F109
:10837000020838070AD5089B002B72D0089A137898
:1083800005F8023C537805F8013C023DB9074FD48B
:10839000FA0746D4A3789B0618BFE67000200BB0FE
:1083A000BDE8F08FB146CEE61F200BB0BDE8F08FE0
:1083B00091F80180D0F801300193A8EB090890F8FA
:1083C000009003995FFA88F8CC4608EB0C0EBEF1DA
:1083D0001F0F00F10500434683DD07200BB0BDE809
:1083E000F08F4FF0000CE146CDF804C073E79046E3
:1083F00007922AE74F463CE6049A0892914659E6CE
:10840000C24642E65F3A4A444244027045200BB0FD
:10841000BDE8F08F4146C146CDF80480C4464346CE
:108420005FE70622A8F10601A81F1FF0B4FFB1E71D
:10843000A8F10608063D0622414628461FF0ABFF7C
:10844000A6E7A8F11208123D1222414628461FF065
:10845000A2FF7CE7ED1B3246414628461FF09BFFFA
:1084600062E7099B0B4893F87E2002F00F0230F878
:108470001210C1F30B03013120F81210099A05F80C
:10848000023C92F87E201B0A03EB021303F0FF0369
:1084900079E700BF28770020044A32F81030591CD1
:1084A00022F81010C3F30B00704700BF287700209C
:1084B00070B503786FF30503037004460E46154646
:1084C0000BF010FD2278124B32288CBF00200120C7
:1084D00060F386122270A3FB062319095B0C04D0FB
:1084E0000C4AA2FB06260123710920786170002D39
:1084F00095FAA5F2B2FA82F263F3C71008BF4FF003
:10850000FF32C1F3042303EB42132070A37070BD4C
:1085100089888888B5814E1B08B503495022F6F733
:1085200079FFC0B208BD00BF4C77002008B50349F1
:1085300000685022F6F76EFFC0B208BD4C770020ED
:1085400070B5184950220446F6F764FFC6B2F01C15
:1085500004F11C022146C0B2FAF71CF8054638B9EE
:1085600094F84E3060F3000384F84E30284670BD16
:1085700010F1780FFAD040F673230B4A0B490C48E0
:108580001BF04DFD0B482A4631461BF048FD0023E9
:1085900083F31188BFF36F8F0323184602DF284649
:1085A00070BD00BF4C77002068AE0400ACAE040084
:1085B0005CA50400C4AE040070B505461E48F6F77D
:1085C000FBFEA8B3044600F11C0300F13006AB62C9
:1085D000304625620BF0FEFD30460BF0EBFD064603
:1085E00030BB022104F124000BF0A4F8022104F1B5
:1085F0003E000BF09FF894F84C5084F84D50062044
:1086000000FB054005EB450504EB4505403009F04E
:10861000E1FA95F8453060F3050385F8453094F8A4
:108620004E30E46166F3000384F84E30204670BD9E
:108630000024204670BD00BF487700202DE9F04798
:1086400088B00D46109F1E46FFF7E6F8002800F0A0
:108650008F8090F8293000EB83030446DB6A1B7897
:1086600003F00F03072B07D0032D01D11F2E78D95C
:10867000122008B0BDE8F08790F88C30DA076CD48F
:10868000032D01D0002EF3D0D4F84480B8F1000FB0
:1086900000F0898098F8153008EB8308D8F8189016
:1086A00099F802307F2B67D994F88C30DB0701D51D
:1086B000002E54D094F8353004EB83030DF10F01F4
:1086C00004F13400D3F838A00BF02AFE042D8046C4
:1086D0007AD00DF10E03CDF81170002204AF019392
:1086E0000DF10D03009311463B4620468DF81060B6
:1086F000E9F75EFC0028BCD1032D4CD0002D3ED004
:10870000022D75D1CDE9000740F2014351464246A2
:108710002046FFF765FC0028ABD1636C9DF80E2066
:108720005A759DF80D3084F8293098F8003098F883
:10873000012003F0400343F0070388F80030002ACB
:1087400068D198F8003062F3861388F800309DF8FD
:108750000F3084F8353000208BE7032D94D00C20A7
:1087600087E73A46314608B0BDE8F047FFF74ABA16
:10877000422008B0BDE8F087002E9BD078E7CDE915
:10878000000740F20143514642462046FFF728FCCD
:108790000028C2D06DE7002E55D01023009301971A
:1087A00040F20123B2E7294A29492A484FF4447389
:1087B0001BF035FC88F31188BFF36F8F0323184635
:1087C00002DFD4F8448065E70DF10E03002204AF08
:1087D00001930DF10D03009311463B4620468DF8A1
:1087E0001020CDF81120E9F7E3FB00287FF441AF1A
:1087F000102300930197514640F201234246204640
:10880000FFF7EEFB00287FF434AF05F0FD05012DE6
:108810009DD182E798F8023098F800104A466FF32D
:10882000871388F8023012F8043BC3F3801363F314
:108830008611434603F8041BD9F80410C8F8041045
:1088400092889A8083E788F8016066E768AE040042
:1088500044AF04005CA504002DE9F04188B00E4649
:108860001D46FEF7D9FF00287BD090F88C30DF073B
:1088700004460BD490F87E3099060DD516F0FD0F06
:1088800057D10C25284608B0BDE8F081022EF8D952
:1088900090F87E3098064CD4042EF2D01F2DF0D8DC
:1088A00006F0FD030E9A8DF81450012BCDF815201B
:1088B00048D00DF10F020DF10E03CDE900324FF457
:1088C000806105AB00222046E9F772FB0546002DCA
:1088D000D8D1636C002BD5D094F88C20D20713D557
:1088E0001F6897F84E30DB0740D50DF11008414660
:1088F00004F128000BF014FD002201462046E9F7A0
:1089000053FA002858D1636C9DF80F205A7594F8DB
:108910007E309DF80E2084F82920012E94BF00217E
:10892000012161F34513284684F87E3008B0BDE884
:10893000F0811F2DA5D8042EB2D100238DF814305C
:10894000CDF815300DF10F020DF10E03CDE9003217
:108950004FF4007105AB00222046E9F729FB0546DC
:10896000B5E74225284608B0BDE8F081626F40F2C5
:10897000712342F6DC302946E2FB030140F2E24279
:108980000023E8F7D5FAB887F8F73AFC0DF110089C
:108990001830049041463846E9F772FA04990246C5
:1089A0003846E9F7B5FA30B997F84E3043F001038D
:1089B00087F84E309BE70D20054663E710B5044667
:1089C00030300BF029FC20460249BDE81040F6F794
:1089D00009BD00BF48770020024B00280CBF184695
:1089E000002070474C7700208C4690F8311000EB47
:1089F00081011346496B6246FFF772B908B50C4B0B
:108A00000122986002211046F6F7AAFD00B908BDC0
:108A1000084A0949094840F6CF231BF000FB002310
:108A200083F31188BFF36F8F0323184602DF08BD5D
:108A30001803002068AE040050A704005CA50400E1
:108A40008268126A12688260FEF7F4BE90F82810FD
:108A5000024690F829008142CBB204D00133DBB248
:108A6000022B08BF002302EB8303D96A0B7803F0C3
:108A70000F03072B23D18B783F2B20D8C87800F029
:108A8000010110F0100016D0526C107D92F815C044
:108A90006045C3B204D00133DBB2022B08BF002310
:108AA00079B902EB83029369DB7813F0010F14BFED
:108AB000002012207047002908BF122070471220A2
:108AC00070470020704700BF0860704738B51549EF
:108AD00058220446F6F79EFCC5B2281D04F11C027C
:108AE0002146C0B2F9F756FD044600B938BD10F171
:108AF000780F01D10C2038BD40F6BB130A4A0B4950
:108B00000B481BF08CFA0B48224629461BF087FACB
:108B1000002383F31188BFF36F8F0323184602DF0E
:108B20000C20E8E7C0770020CCAF0400ACAE040016
:108B30005CA50400C4AE04002DE9F84309999DF832
:108B400020900D46804615F81C4B0134E4B21746C0
:108B50001E460C7084B11848184B06810022C0E9EB
:108B6000008780F80A90C560986011460120F6F7EA
:108B7000F7FC80B9BDE8F883114A1249124840F663
:108B800038331BF04CFA84F31188BFF36F8F032343
:108B9000184602DFDFE70A4A0C490B4840F6523319
:108BA0001BF03DFA002383F31188BFF36F8F03237B
:108BB000184602DFBDE8F883AC77002048030020A8
:108BC000CCAF040088AD04005CA5040050A70400ED
:108BD0002DE9F04383B00E46FEF71EFE00283BD081
:108BE0000546FFF733FF044690BBD5F84880B8F13F
:108BF000000F36D0D8F8007097F8524014F00204F5
:108C000040F08A80A7F85060A86C28B390F829300B
:108C100000EB83030DF107012830DD6A0BF080FBC8
:108C2000002877D0854209D02B78C3F30303037063
:108C30006A784270A91C02301FF09FFB9DF8073034
:108C400088F8293097F8523043F0040387F85230FF
:108C5000204603B0BDE8F0834224204603B0BDE8BF
:108C6000F0833748F6F7A8FB0746002852D005F1F5
:108C70001C0300F1440400F11C08C5F8488003629D
:108C800020460BF0A7FA20460BF094FA10F0FF04F0
:108C900040D107F12409FF614846F6F78DFDC0B2C7
:108CA00000283ED1484608F0EBFF97F84040788610
:108CB000062087F8414000FB047004EB440407EBF6
:108CC0004404343008F086FF94F8393060F305032B
:108CD000032184F8393007F128000AF02BFD97F8BA
:108CE000523023F0030387F8523097F845300022C2
:108CF00007EB8303FA623A869B6C9978DA7062F329
:108D00008711C9B262F3050107221A700122997016
:108D10005A7071E707249BE70C24204603B0BDE896
:108D2000F083084A08490948B3231BF078F984F313
:108D30001188BFF36F8F0323184602DFB2E700BF2D
:108D4000BC770020CCAF040010A604005CA5040092
:108D500008B50448044B01225821F6F707FB002010
:108D600008BD00BFC0770020BC77002030B50020D0
:108D700085B0FEF751FD60B1836C05464BB11C68B0
:108D800094F8523013F0020206D162F3000384F823
:108D90005230002005B030BD0DF10F010DF10E0273
:108DA0000023CDE9002120221946E9F701F9002826
:108DB000F0D16A6C9DF80E309DF80F10517585F852
:108DC000293094F852309B0706D494F852306FF350
:108DD000000384F85230DCE72046FFF777FE0028D6
:108DE000D8D194F8523060F3410384F85230ECE764
:108DF00008B50448044B01225821F6F7B7FA0020C1
:108E000008BD00BFC0770020BC770020024B0028BF
:108E10000CBF184600207047C07700200249006848
:108E20005822F6F7F7BA00BFC077002010B5044605
:108E300044300BF0F1F920460249BDE81040F6F746
:108E4000D1BA00BFBC770020006A427A7F2A4FEA7D
:108E500052130BD9837A03F00103C9005B0001F1BF
:108E60002B000133984000F27D40704758180930BC
:108E70005B10C000D84000F2053070472DE9F04F7C
:108E80008BB08A46FEF7C8FC002800F01481856C80
:108E90000446002D00F0E580BAF1030F00F2E780F0
:108EA0001AF001032E680FD196F85220D50740F131
:108EB000D88012F0020140F0E08061F3000286F8F1
:108EC00052204FF00009CEE0FFF7C0FD002840F02F
:108ED000C88096F8528018F0040F00F0C28095F810
:108EE000293005EB83030DF1130105F12800D3F8B8
:108EF0002C900BF015FA0746002800F090811AF02C
:108F0000020F00F0DE806B681B6893F87E0000F0B3
:108F10000F00FFF7C1FA7B78FD2B834600F2FE803D
:108F200099F80030C3F303033B7099F801A087F868
:108F300001A0BB1C184609F10201524603931FF021
:108F40001CFABB78980600F06D81FA78110700F1E1
:108F5000918103F03F00411C8A4540F206824FF0A8
:108F60000209B9F1020F0CBFFD23FC239A4523DD52
:108F7000C24AC349C3484FF494631BF050F800231E
:108F800083F31188BFF36F8F4FF0030A504602DF5F
:108F9000BA4ABD49BB4840F2A1431BF040F8002348
:108FA00083F31188BFF36F8F504602DFB87897F8CC
:108FB00001A000F03F00411C039BAAEB000A1944EA
:108FC0000AF1FF3201EB09001FF0E5F97B784B4411
:108FD0007B70BB789A0600F03381FA78100756BF91
:108FE000039807F1060A00F1020AD00648BF0AF109
:108FF000030A114612F0400218BF0AF1010AF81CD8
:1090000003F03F03AAEB00009842C0F23F81B8781A
:109010004B4463F30500B8703AB10AF1FF331AF814
:10902000012C03F80920F9789A46C80600F13C8122
:109030000A0700F11981FB7843F00803FB706B68A5
:109040001A68BB789B0669D0FB78180766D587F845
:1090500004B092F87E20CBF3032303EB02137B7161
:109060005CE04FF00C0948460BB0BDE8F08F4FF0C4
:10907000110948460BB0BDE8F08F08AA019207AA73
:10908000009219462022E8F793FF81460028EAD192
:10909000636C9DF820205A759DF81C3084F82930A7
:1090A00096F852309C0751D496F852306FF3000373
:1090B00086F85230D7E74FF0420948460BB0BDE87A
:1090C000F08F837813F03F0928D0C278110740F160
:1090D0009C804A46811D04301FF05DF9BB78FA7808
:1090E000A9F1020000F03F0060F30503BB7003F03C
:1090F0003F036FF3C302012BFA7000F08A808145B1
:109100000CD07B7809F10102934200F2A380BA7877
:10911000C2F30502A2EB090213447B7094F88C3071
:10912000DA0704D596F8522012F002021AD09DF800
:10913000133085F8293018F0010F7FF4C2AE96F88D
:10914000523043F0010386F85230BAE63046FFF75A
:10915000BDFC00287CD196F8523069F3410386F8B3
:109160005230A1E70DF1150105ABD4F844B020460B
:10917000CDE9003108AB2021E8F71AFF824681468D
:1091800000287FF470AFDDF821301880B6F8501059
:109190005980716AC3F80910318D96F82A00D87386
:1091A0003A46A3F80D1083F810A083F811A03146B9
:1091B0002046E9F735FE0746BBF1000F00F09A8024
:1091C000CDF81CA0F8F71CF81830069006A93069F5
:1091D00008F094FCC0B2069A08B9023206923B46E7
:1091E00031462046E9F764FE002867D196F85230F0
:1091F00043F0020386F852309DF815308BF8153095
:109200009DF8143084F8293091E703F03F03012BD7
:1092100084D1BB786FF30503BB70002071E74FF07A
:10922000070920E703F03F00411C8A4502D94FF0AF
:10923000030996E60AF1030A87F801A04FF0030933
:109240004FF00803FB70BB7869F30503BB70F6E6CB
:10925000814608E7A3EB0903F91C5A1E0844494458
:109260001FF099F87B7852E7D1443AF8023C29F88C
:10927000023CE4E66B681A68E9E600BFCCAF040084
:1092800010B004005CA504001CB004001B1ADAB284
:1092900051460AEB09001FF07EF8BB78F97803F01D
:1092A0003F0301F04002B2E6AAF1030A514603224D
:1092B0000AEB09001FF06FF8F978B9E60DF1170114
:1092C0000DF11602CDE90021002320221946204687
:1092D000E8F76EFE58B9636C9DF817205A759DF833
:1092E000163084F8293096F852309B074CD44FF052
:1092F0000D09B8E6D4F844B0DBF80090F7F780FF2A
:109300001830079007A94846E8F7BAFD079AD9F838
:10931000101002320A4402443B468246314620463F
:109320000692E9F7C5FD07460028C7D196F85230E6
:109330009DF8141043F0020386F852309DF8153062
:109340008BF81530636F84F829100F33A9F83C307F
:10935000079952464846E8F7DBFD68B999F84E3060
:1093600043F0010389F84E30E1E60AF1020A87F87A
:1093700001A04FF0020931E60DF116030DF11702BD
:10938000CDE900323B46A0E73046FFF79FFB0028BF
:10939000ADD196F8522060F3410286F85220A6E73C
:1093A0002DE9F04F87B00D4616461F46FEF734FAFA
:1093B000002859D08046FFF749FB044600284FD1CA
:1093C000D8F84880B8F1000F4ED0D8F800A09AF82D
:1093D0005230D8074DD5022D50D9590701D4042D4C
:1093E0004CD01F2E4AD898F8293008EB83030DF192
:1093F000170108F12800D3F82CB00AF091FF81463C
:10940000002800F0B280042D00F0B18005F0FD03CB
:10941000012B38D09BF80030C3F3030303709BF893
:1094200001204270831C18460BF1020101921EF0CC
:10943000A4FF019A0346002E6BD19AF852309B0785
:1094400000F1D9809DF8173088F829309AF8523009
:10945000012D94BF0025012565F382038AF852305F
:10946000204607B0BDE8F08F4224204607B0BDE893
:10947000F08F5A07B3D515F0FD0FB2D10C2420465A
:1094800007B0BDE8F08F83453DD09BF80020817880
:10949000C2F3030202709BF80220920962F3871163
:1094A00081709BF80220900640F0AE80002199F870
:1094B000022061F3050289F80220D2B289F8013056
:1094C000930603D099F8033018072FD4002EB4D098
:1094D00099F8010099F80220431EC2F305029B1A75
:1094E00056FA83F31F2B40DC09F102033946184476
:1094F00032461EF042FF99F80130334489F80130BA
:109500009AF852309BE78278C2F305030133DBB24D
:10951000D4E799F80200511EC0F30500091A56FA63
:1095200081F11F2921DC98183946E1E7D8F8043089
:109530001B6893F87E0000F00F00FEF7ADFFD8F82F
:1095400004301A6899F802309906BFD099F80330B0
:109550001B07BBD589F8040092F87E30C0F30320C6
:1095600000EB031389F80530B0E7072478E7D8F853
:1095700004301B6893F87E0000F00F00FEF78CFFAC
:109580009BF80030C3F3030389F800309BF80120F7
:1095900089F8012007460BF1020109F1020001924E
:1095A0001EF0EBFE99F80230019A13F03F0F10D035
:1095B00099F803301B070CD5D8F804301B6889F8DC
:1095C000047093F87E10C7F3032303EB011389F8AB
:1095D00005309AF85230D90709D599F8021001F0F0
:1095E0003F010131914202D0002E3FF428AFCB451C
:1095F00055D0122434E749465046E9F7A9FC002823
:109600003FF420AF04462BE7002289F803209BF8A3
:10961000032009F104001107029031D40BF1040179
:10962000019052060BD5019811F8012B00F8012B7F
:1096300099F80320019042F0400289F803209BF83A
:1096400002200BF1030BA1EB0B0B02F03F02934541
:109650000ADA0393A2EB0B02019BD2B21846134421
:1096600001931EF08AFE039BDDE9012191423FF444
:109670001DAF09F10303D11A01F03F014B1C16E79E
:10968000BBF80420A9F80420082209F1060189F892
:10969000032001919BF803200BF10601C1E79DF81F
:1096A000173088F82930A4E700230B80B0F8502049
:1096B0004A80426AC1F80920028D90F82A00C873D6
:1096C000A1F80D200B744B74704700BF08B50C4B0C
:1096D0000122986002211046F5F742FF00B908BD4B
:1096E000084A0949094840F2DF331AF098FC002380
:1096F00083F31188BFF36F8F0323184602DF08BD81
:1097000038030020CCAF040050A704005CA504007F
:1097100091422DE9F047904699460BD00B78C3F360
:10972000030313704A7888F80120023108F102001F
:109730001EF023FE98F8033098F802701A074CBF09
:1097400008F1060508F104055B0648BF013508F17C
:109750000303EB1A07F03F07BB4224DAFF1A17F0A6
:10976000FF0720D0DFF88CA02E780123F418E4B294
:10977000E6B16B781D491E484B45524640F6110331
:1097800016D0A74209D21AF04AFC002383F31188AD
:10979000BFF36F8F0323184602DF23463C1B14F0F0
:1097A000FF071D44E0D10020BDE8F0871C46F5E727
:1097B0000136F6B2A91998F8012008F10203CB1A74
:1097C000D21A28461EF0E7FD98F8023098F80120DA
:1097D000C3F30501891B61F30503921B88F801207F
:1097E00088F802300020BDE8F08700BF2CB00400EC
:1097F0005CA50400CCAF040030B5846863681B68C6
:10980000986C83B0B8B190F8293000EB83030DF168
:1098100007012830DD6A0AF083FD024658B128238B
:1098200029462046FFF774FFE0B99DF8073084F819
:10983000293003B030BD164A1649174840F2B633F6
:109840001AF0EDFB002282F31188BFF36F8F032320
:10985000184602DF1546282329462046FFF758FF01
:109860000028E2D00A4A0B490B4840F2BA331AF0FA
:10987000D6FB002383F31188BFF36F8F03231846B1
:1098800002DF9DF8073084F8293003B030BD00BFF7
:10989000CCAF040010A604005CA504002DE9F0473D
:1098A00091429DF8208014461F4645D00B78C3F3A3
:1098B000030313704D78557002312A46A01C1EF028
:1098C0005CFDA27812F03F0106BF08F10106F6B276
:1098D0004646C6F1FF039D4230DC02F03F03EA1A20
:1098E000013A5D1C04F1020A12F0FF020AEB0509BD
:1098F00017D189B14246394648461EF03EFDA3784D
:109900006178C3F30502324462F305030E446670C6
:10991000A3700020BDE8F0870AF8051009F10109DD
:10992000E8E7494609EB06001EF035FDA17801F095
:109930003F010029DED1EFE75578C2E74520BDE8B9
:10994000F08700BFF0B5002087B0FDF765FF38B1A4
:10995000846C2CB194F8252094F824309A4202D0DB
:10996000002007B0F0BD94F8293004EB83030DF11B
:109970000B0104F12800DE6A0AF0D2FC054600283B
:10998000EED042F608030DF10E00ADF80C3008F0F1
:1099900021F9A08A06303146ADF8130086B20920BD
:1099A000009003AB2A462046FFF778FF07460028C1
:1099B000D6D194F825500135EDB2022D19D00620EC
:1099C000182310FB05302F4605EB450504EB450534
:1099D000204408F0FFF86B7F9DF80B2060F305032F
:1099E00000206B77E68484F8292084F8257007B07E
:1099F000F0BD18203D46E7E770B5044609B3B0F85E
:109A000044C01F4E42F2107001FB00F01D46A6FB41
:109A10000030400AB0FBFCF080B22087BAB1194B8D
:109A200003FB02F2A6FB0263B1EB533F20D20022FC
:109A30005B0AB3FBFCF31B1AA4F854302265002028
:109A400070BD0187A0F854100165002070BDA4F816
:109A500054202B680BB12365F7E7F8F747FC06465F
:109A600058B1F8F74FFC28B1066020652860ECE794
:109A7000122070BD3046F8F73FFC072070BD00BFD4
:109A80005917B7D10088130019B9038F43870020F5
:109A9000704710B5124A134B1349821A8AB0A3FBC0
:109AA000023292090023438709AC0591022001216B
:109AB0000632CDE9031109900321CDE90133D2B279
:109AC000069400931846F7F753FA2146F8F7D6FCA8
:109AD00010B900200AB010BD0C200AB010BD00BFA4
:109AE00058780020A38B2EBAA51302002DE9F04769
:109AF00088B08146119E9DF840A03746904617F8E1
:109B00001C5B0135EDB21C463570002D00F0B080B5
:109B10005F4A604BD760C2E90098148182F80AA0BE
:109B20009A60002211460120F5F71AFD002840F046
:109B30008F80778F002F4CD00134A4B2A74204D974
:109B40003C1B748708B0BDE8F087B6F85430002B92
:109B50003AD0514A1F44514BB21A3F1BA3FB023467
:109B6000C4F38714012CBFB20ED94D4A4D494E485B
:109B700040F2C3331AF053FA002383F31188BFF382
:109B80006F8F0323184602DF0025A21DCDE905557E
:109B9000CDE90375CDE9015500952B46D2B20121DF
:109BA0002846F7F7E5F910F0FD0F0DD03C4A3F4984
:109BB0003D4840F2CB331AF032FA85F31188BFF3F7
:109BC0006F8F0323184602DF0023738708B0BDE8B8
:109BD000F087338F002BB5D0002CB3D02E4C2F4AFA
:109BE000341BA2FB0424C4F38714012C0ED92C4A85
:109BF0002C492D4840F2D5331AF011FA87F3118819
:109C0000BFF36F8F0323184602DF338F738700255E
:109C10000121A21DCDE90555CDE90311CDE901557D
:109C20000095D2B22B462846F7F7A2F910F0FD0FA7
:109C300088D01B4A1D491C484FF477731AF0EFF97E
:109C400085F31188BFF36F8F0323184602DF79E78E
:109C5000134A1749144840F2B1331AF0E0F90023CF
:109C600083F31188BFF36F8F0323184602DF60E789
:109C70000B4A10490C484FF469731AF0D0F985F378
:109C80001188BFF36F8F0323184602DF40E700BF40
:109C9000307800207803002058780020A38B2EBA5B
:109CA0003CB004007CB004005CA50400C8AC040017
:109CB00050A7040088AD04000368196D11B108684D
:109CC000F8F73EBB704700BF00B170470C4B10B5B2
:109CD00002460446996002200121F5F741FC00B9D3
:109CE00010BD084A0849094840F259431AF097F94B
:109CF00084F31188BFF36F8F0323184602DF10BD72
:109D0000680300203CB0040050A704005CA50400D8
:109D100038B503780446002B30D01D4D436900F15F
:109D20001C01A9607BB11B4A1B491C4840F26E43D1
:109D30001AF075F9002383F31188BFF36F8F0323A3
:109D4000184602DFA9681648114B0022C4E9050134
:109D500011460120F5F704FC00B938BD0D4A114940
:109D60000E4840F275431AF05AF9002383F3118824
:109D7000BFF36F8F0323184602DF38BDC369196D27
:109D80000029EAD0BDE838400868F8F7D9BA00BF22
:109D9000580300203CB0040074AD04005CA504002E
:109DA000B99C020050A7040000F054BC70B591F8B3
:109DB000563043F001030C46064681F85630063013
:109DC00001F11C02C0B2F8F7E5FB18BB00F0A2FCE1
:109DD000C56A064615B12B689C4201D0002070BDB3
:109DE00000F03CFD08B178302CD1F36A002BF5D09F
:109DF0009D42F3D1144A154915484FF430731AF0B7
:109E00000EF9002383F31188BFF36F8F03231846E5
:109E100002DFE3E710F1780F054613D040F29623F6
:109E2000094A0C490A481AF0FAF80B482A46314602
:109E30001AF0F5F8002383F31188BFF36F8F032323
:109E4000184602DF0C2070BD3CB0040088B004004E
:109E50005CA50400ACAE0400C4AE0400022870B5DA
:109E600009D01749582404FB001494F8562092078F
:109E700001D5226A12B10C25284670BD00EB800284
:109E800000EB420301EBC301FFF790FF05460028FA
:109E9000F2D194F85630266D60F3410384F85630C1
:109EA00036B120653068F8F727FA3046F8F730FA0F
:109EB0000020FDF787FC0028DED108F0ABFBDBE7D4
:109EC0005878002010B50B4C0020FFF7C7FF94F81E
:109ED0003C3001206FF3020384F83C30FFF7BEFFF3
:109EE00094F894306FF3020384F89430BDE8104086
:109EF00000F0BEBB587800202DE9F04F85B000235C
:109F00000393002800F09A807D4C94F8566016F078
:109F100002068946934640F0878094F8AE7017F0A9
:109F2000020740F0B28094F8948094F8AEA018F044
:109F30000408CAF3810A44D01AF0010F08D00120A6
:109F4000F7F7A4F90621F5F779FA002800F09B80CD
:109F500094F83C30DD077ED403AB6A485A46494644
:109F6000FFF74AFD0546002864D194F88A00C0F343
:109F7000C10008F08FFBB4F8943003F0BF0363F026
:109F8000FF03A4F8943094F88A30990600F1AB806E
:109F900094F83C30DA0737D45A483946FFF774FD55
:109FA0000546002846D1002F50D194F83C30DB07FD
:109FB00005D55348E9F7A0F8054600283AD151489D
:109FC0002DE094F856305B0755D44D485A46494623
:109FD00003ABFFF711FD054660BB94F8320094F81F
:109FE0005650C0F3C10008F055FBA38F03F0BF0328
:109FF00063F0FF03A38794F832309806C5F3810518
:10A0000002D5023D012D51D93D483146FFF73CFDB7
:10A01000054678B9D6B9B8F1000FBDD1384805B0BA
:10A02000BDE8F04FE9F768B8236D039309B1002A42
:10A030004BD10C25284605B0BDE8F08FFFF70EFF89
:10A0400005460120FFF70AFF0028F3D10025284626
:10A0500005B0BDE8F08F03AB294801935A46494645
:10A06000FFF7CAFC019B054600283FF476AF28465F
:10A0700005B0BDE8F08F0120F7F708F90621F5F7E4
:10A08000DDF90028A1D11225D4E7D4F8A830039334
:10A090000029CED0002ACCD0B4F89030002BC8D004
:10A0A000B4F8AC30002BC4D001273CE7164D00209B
:10A0B00008F014FB95F8203043F0400385F8203079
:10A0C000B8F1000F7FF464AF9EE7238F002BB0D070
:10A0D000B4F85430002BACD094F8AE7017F00207EF
:10A0E00009D101261FE7AAF1020ABAF1010F3FF6D2
:10A0F0004FAF064DDBE7D4F8A83003930126CBE73A
:10A1000058780020B078002074780020CC780020A7
:10A1100070B58468B4F8543082B00BB102B070BD31
:10A12000238F002BFAD0658F002DF7D11E4B1F4ACD
:10A130002587E61AA2FB0626C6F38716012E22D82B
:10A14000002E2ED1583300251D87236D0B221A7146
:10A15000B21DDE80D2B2164B009401212846F6F7DC
:10A1600063FF10F0FD0FD9D0124A1349134840F293
:10A17000F72319F054FF85F31188BFF36F8F032382
:10A18000184602DFCAE70B4A0D490C4840F2DF23AC
:10A1900019F045FF85F31188BFF36F8F032318462D
:10A1A00002DF014BCFE700BF58780020A38B2EBA07
:10A1B000C99C02003CB00400C8AC04005CA50400CB
:10A1C0007CB00400012810B52BD82B4A582303FB80
:10A1D0000023044693F856106FF3410183F856109C
:10A1E00030B992F8943003F00703032B2FD810BD39
:10A1F00092F83C30DB07FAD50020FFF72FFE00284D
:10A20000F5D01E4A1E491F4840F2173319F007FFC8
:10A21000002383F31188BFF36F8F0323184602DFF7
:10A2200010BD164A184917484FF4407319F0F7FE4D
:10A23000002383F31188BFF36F8F0322104602DFE0
:10A2400093F8562063F3410283F85620FFDE012085
:10A25000FFF704FE0028CAD0084A0949094840F21D
:10A260000D3319F0DCFE84F31188BFF36F8F0323E5
:10A27000184602DF10BD00BF587800203CB0040033
:10A2800010A604005CA50400ACB00400012807D8A7
:10A29000044B00EB800200EB420003EBC000704770
:10A2A0000020704758780020034A044B801AA3FB13
:10A2B0000030C0F38710704758780020A38B2EBA67
:10A2C000044A0068044B801AA3FB0030C0F38710D7
:10A2D000704700BF58780020A38B2EBA044B9842D9
:10A2E00004D35833984288BF00207047002070473D
:10A2F00058780020054B0068984204D358339842A0
:10A3000001D81C3070470020704700BF58780020EB
:10A31000012810D8094B582202FB003200EB8001C3
:10A3200092F8562000EB410012F0020F03EBC00040
:10A3300008BF002070470020704700BF58780020F9
:10A34000012810D8094B582202FB003200EB800193
:10A3500092F8562000EB410012F0020F03EBC00010
:10A3600018BF002070470020704700BF58780020B9
:10A37000012819D80D4A582303FB002292F85630C1
:10A3800013F0020310D092F85600136A92F83210BC
:10A39000003BC1F34012C0F3400000FA02F018BFC6
:10A3A000012340EA8300704700207047587800205E
:10A3B00001280DD8074A582303FB002292F8563093
:10A3C00013F0020304D092F83200C0F3C1007047CA
:10A3D00000207047587800202DE9F041079D9DF836
:10A3E00018702C780134E4B280461E462C7094B16B
:10A3F0001849194BC1F8008000241C354C600E81AF
:10A400008F72CD609960224621460120F5F7A8F8A9
:10A4100080B9BDE8F081114A1149124840F2F15368
:10A4200019F0FDFD84F31188BFF36F8F03231846E5
:10A4300002DFDDE7094A0C490A4840F2FE5319F0F1
:10A44000EEFD84F31188BFF36F8F0323184602DFFC
:10A45000BDE8F0811879002098030020B4B0040012
:10A4600088AD04005CA5040050A7040038B5C56A97
:10A470000446B5B1216B31B1002323630868F7F7B7
:10A480004DFFF7F757FFE36A1868FFF727FFE56A04
:10A49000B5B10023E36220461149BDE83840F4F726
:10A4A000A1BF104A1049114840F27B5319F0B7FD83
:10A4B00085F31188BFF36F8F0323184602DFD9E7B6
:10A4C000084A0949094840F2365319F0A8FD85F3B6
:10A4D0001188BFF36F8F0323184602DFD9E700BF4F
:10A4E00030790020B4B00400F8B004005CA504008A
:10A4F00038B5C56A0446002D32D0237803F0FF0238
:10A500004BB3012A14D1636973B11D4A1D491E481A
:10A5100040F2695319F083FD002383F31188BFF3E0
:10A520006F8F0323184602DF184BC4E9053438BD8A
:10A53000134A1749144840F2675319F070FD00237D
:10A5400083F31188BFF36F8F0323184602DF63691B
:10A55000002BDAD1E8E72046BDE83840FFF786BF98
:10A56000074A0C49084840F2535319F058FD85F347
:10A570001188BFF36F8F0323184602DFBDE700BFCA
:10A58000B4B0040074AD04005CA5040099A50200F9
:10A5900004B10400F8B0040038B5C56A044625B11A
:10A5A0002046BDE83840FFF761BF094A09490A481B
:10A5B00040F2475319F033FD85F31188BFF36F8FD5
:10A5C0000323184602DF2046BDE83840FFF74EBFA0
:10A5D000B4B00400F8B004005CA50400F0B138B5D4
:10A5E000CD6A0C46DDB11549154B0022C3E9024185
:10A5F00002200121F4F7B4FF00B938BD114A124915
:10A60000124840F22F6319F00AFD002383F31188EA
:10A61000BFF36F8F0323184602DF38BD7047094A26
:10A620000B490A4840F2256319F0F9FC85F31188BB
:10A63000BFF36F8F0323184602DFD4E7F1A40200B3
:10A64000A8030020B4B0040050A704005CA50400D7
:10A65000F8B0040008B50448044B01223C21F4F78B
:10A6600085FE002008BD00BF34790020307900202D
:10A6700008B50448044B01223C21F4F777FE002082
:10A6800008BD00BF347900203079002070B586689D
:10A69000F46A74B125682846FFF720FE0446E8B145
:10A6A00095F85630DB072BD43046BDE87040FFF7F5
:10A6B000DDBE144A1449154840F2134319F0AFFCAB
:10A6C00084F31188BFF36F8F0323184602DF2568D8
:10A6D0002846FFF703FE04460028E1D1094A0C4949
:10A6E0000A4840F2164319F09AFC84F31188BFF32C
:10A6F0006F8F0323184602DF95F85630DB07D3D55A
:10A7000070BD00BFB4B0040020B104005CA504001B
:10A71000FCB10400024B00280CBF18460020704713
:10A720003479002008B5034900683C22F4F772FE32
:10A73000C0B208BD3479002070B5056849B1EE6A31
:10A740000C4646B13068FFF7C9FD003818BF01203C
:10A750002070E86A70BD074A0749084840F23F4345
:10A7600019F05DFC86F31188BFF36F8F0323184641
:10A7700002DFE7E7B4B0040018B204005CA50400EF
:10A78000F8B58B68064618680C46FFF7A7FD002849
:10A7900035D0E368A16801222271D3B11F68FD6A38
:10A7A000F5B12868FFF79AFD054600282DD090F8EE
:10A7B0005630DB0705D4FD6A002D35D03846FFF74B
:10A7C00097FE21463046F7F7A9FDBDE8F840F7F7B8
:10A7D000B1BD8B69002BF4D01F68FD6A002DE0D15C
:10A7E000194A1A491A4840F2B94319F018FC85F37E
:10A7F0001188BFF36F8F0323184602DFD1E7A368E8
:10A8000001222271002BE7D1DBE70F4A11491048E2
:10A8100040F2C74319F003FC85F31188BFF36F8F33
:10A820000323184602DFF8BD074A0B49084840F2E7
:10A83000CC4319F0F4FB85F31188BFF36F8F03232A
:10A84000184602DFBAE700BFB4B0040020B104002C
:10A850005CA5040034A60400F8B0040038B51B4918
:10A860003C220446F4F7D6FD04F11C0508302A46C4
:10A870002146C0B2F7F78EFE50B110F1780F00D02C
:10A8800038BD2846F7F748FE10B110F1780FF7D120
:10A890000F49104B0022C3E9024103200121F4F7C4
:10A8A0005FFE08B9002038BD0B4A0C490C4840F245
:10A8B0001D5319F0B4FB002383F31188BFF36F8F8E
:10A8C0000323184602DF0020EDE700BF34790020A3
:10A8D0006DA4020088030020B4B0040050A7040057
:10A8E0005CA5040010B5134B1348144C04224FF41C
:10A8F000E071F4F73BFD124B0722181D2421F4F7F9
:10A9000035FD104B1722181D0821F4F72FFD03F019
:10A9100069F90D4A0D4B0E49002010601B221A8068
:10A920000C4A07234FF4A47CA4F800C00B701370EA
:10A9300010BD00BFA0790020681000208298002080
:10A94000607A0020A4790020687C00208498002090
:10A95000E1980020E09800202DE9F0410668334995
:10A9600082B004464FF4E0723046F4F753FD04F130
:10A97000680521460BF0C0FEE06E01AA2946F4F7F7
:10A9800089FD08B3DFF8B8804FF6FF7798F8C1204B
:10A9900098F8C010531CDBB2182B08BF0023994253
:10A9A00032D008EBC20128F83270019A4A6012686E
:10A9B0000260019A106088F8C130E06E01AA294651
:10A9C000F4F768FD0028E1D1D6F8644106F5B275C8
:10A9D0004CB10023C6F8643129462046F7F776FECD
:10A9E00002B0BDE8F081124A1249134840F2FC73EC
:10A9F00019F015FB84F31188BFF36F8F03231846FA
:10AA000002DFD6F86441E4E7094A0C490A484FF4EA
:10AA1000FD6319F004FB002383F31188BFF36F8FEC
:10AA20000322104602DF1B80FFDE00BF68100020FB
:10AA300020B2040068B204005CA5040060B2040007
:10AA4000607B002010B50C46C0B9144B00220121D8
:10AA500002209C60F4F784FD00B910BD104A114932
:10AA6000114840F2A27319F0DAFA002383F3118837
:10AA7000BFF36F8F0323184602DF10BD084A0B494E
:10AA8000094840F29C7319F0CAFA002383F3118835
:10AA9000BFF36F8F0323184602DFD6E7D8030020E9
:10AAA00020B2040050A704005CA5040068AD0400B7
:10AAB00008B50C4B0022986011460120F4F750FDB8
:10AAC00000B908BD084A0949094840F2CE7319F097
:10AAD000A6FA002383F31188BFF36F8F0323184670
:10AAE00002DF08BDB803002020B2040050A7040014
:10AAF0005CA5040038B5044610F81C3B002B2ED092
:10AB0000194D6369A8607BB1184A1949194840F288
:10AB1000B77319F084FA002383F31188BFF36F8FA2
:10AB20000323184602DFA86813490F4B0022C4E92B
:10AB3000051011460120F4F713FD00B938BD0B4A8A
:10AB40000E490C4840F2BE7319F069FA002383F3F2
:10AB50001188BFF36F8F0323184602DF38BDBDE8AD
:10AB60003840FFF7A5BF00BFC803002020B2040093
:10AB700074AD04005CA50400B1AA020050A7040053
:10AB800083685A6892F82730DB0900F1080101D088
:10AB9000E9F746BBEAF744B800B9704710B50C4670
:10ABA000F7F7B4FC844212D0F7F792FC84420ED03F
:10ABB000074A0849084840F2D66319F030FA0023E2
:10ABC00083F31188BFF36F8F0323184602DF10BD94
:10ABD00020B2040078B204005CA5040010B50C4655
:10ABE000A0B92046F7F786FC84420ED00F4A1049E0
:10ABF000104840F2EC6319F012FA002383F3118835
:10AC0000BFF36F8F0323184602DF10BD074A0A49BE
:10AC1000084840F2E96319F002FA002383F311882F
:10AC2000BFF36F8F0323184602DFDAE720B2040078
:10AC3000CCB204005CA5040068AD040010B50C465D
:10AC4000A0B92046F7F74AFC84420ED00F4A1049BB
:10AC5000104840F2E26319F0E2F9002383F311880F
:10AC6000BFF36F8F0323184602DF10BD074A0A495E
:10AC7000084840F2DF6319F0D2F9002383F311880A
:10AC8000BFF36F8F0323184602DFDAE720B2040018
:10AC9000CCB204005CA5040068AD040010B586B019
:10ACA00000230A9A0BACCDE90224CDE9003303223C
:10ACB00018460594EEF7C8FE06B010BD0148F4F73B
:10ACC0007BBB00BFA07900200149F4F78BBB00BF1C
:10ACD000A079002002494FF4E072F4F79BBB00BF5B
:10ACE0006810002002464FF4E0710148F4F78EBB73
:10ACF0006810002003280DD810B5044622460648E7
:10AD00004FF4E071F4F782FB038EA34200D110BD33
:10AD1000002010BD00207047681000200148F4F7A3
:10AD20004BBB00BF607A00200149F4F75BBB00BF5A
:10AD3000607A0020032800F2D3802DE9F04F04460A
:10AD400087B082480E4622464FF4E071F4F75EFB6E
:10AD5000038EA342054664D17D4A92F8411092F8D1
:10AD600040004B1CDBB2082B08BF0023984279D06F
:10AD700022F8314002EBC1014E6082F841302B785D
:10AD800003F0FF00002B5ED0DFF8E481D8F800303C
:10AD9000062B6CD8DFF8DCA16E4B002201210320CA
:10ADA0009D60F4F7DDFB95F94330002B55DBDFF8B0
:10ADB000C8911BF0B9FFD9F800100746411A664840
:10ADC000C1F30E02A2FB0024D20B42EA4442C90B9B
:10ADD000E40BE1FB002400239042154673EB0402D0
:10ADE00024D3DFF898B1D8F80070DBF800300137D1
:10ADF00076795A481E44234655EA0304A6FB00010F
:10AE00002A46CBF80060314404BF01220023E6F754
:10AE10008FF8CAF800000020C8F8007007B0BDE83D
:10AE2000F08F6FF0150007B0BDE8F08F4C490A684D
:10AE300002F00702022A56D8DFF840B1C9F80070C4
:10AE400000230127D4E70CF019F995F94330DFF816
:10AE50002081DFF820A1002BA9DA2146284606F040
:10AE6000B5FAA4E76FF0680007B0BDE8F08F95F879
:10AE7000822095F89A30DFF8FCA002F00700C3F3B7
:10AE800000139B000328DAF80070C2F3C001DBB2A4
:10AE9000344AB2FBF7F23AD9DB00490003F203135C
:10AEA00001318B4003F27453934249D30027384653
:10AEB0000CF0E4F8B8423FF46FAF29490B6803F097
:10AEC0000703022B7FF668AF0023274A0292CDE9E1
:10AED0000307CDE9003318460322FFF7DFFE5BE7E7
:10AEE0006FF015007047CDE90033DFF890B0DAF865
:10AEF00000200592DBF800200492D8F8002003928D
:10AF00001A4A029218460322FFF7C8FE96E7034446
:10AF100000F1090124334010C900DB00C140C340E7
:10AF200001F5967003449A42C0D9C3EB420701F180
:10AF300096035B001F44013FB7FBF3F7FFB2B6E790
:10AF4000C3EB420740F2CC63F4E700BF6810002077
:10AF5000247C0020E803002000CA9A3B0050D6DC85
:10AF60005406002000E6DF0CD8B20400F8B204005A
:10AF70009C79002098790020947900209079002015
:10AF80002DE9F04F85B00328BDF83890BDF83CA0FE
:10AF9000BDF840B0039214D804460D461B48224623
:10AFA0004FF4E0711E46F4F731FAB0F83080A04556
:10AFB000074606D175B1022D07D0012005B0BDE8C6
:10AFC000F08F022005B0BDE8F08F039BABB903F012
:10AFD000F3F80EE0119B0193CDF800B053464A46BA
:10AFE000314603F061F80028ECD197F94330002B8B
:10AFF00007DB002005B0BDE8F08F039903F0ECF803
:10B00000F7E74146384606F0E1F9F2E7681000201C
:10B0100003281ED870B504460D460F4822464FF44B
:10B02000E071F4F7F3F9038EA342064608D102F06B
:10B03000CDFF38B103682B6003792B71002070BD00
:10B04000022070BDD6F83E302B6096F842302B714E
:10B05000F4E70220704700BF68100020032870B595
:10B0600002D90224204670BD05460C4615482A46E2
:10B070004FF4E071F4F7CAF9038EAB4206461FD1D4
:10B080001A2C04D8042C16D81224204670BD292C62
:10B0900001D03B2CF8D12146304602F061FF044636
:10B0A0000028DFD196F94330002BDBDA2946304601
:10B0B00006F08CF9D6E7044BE340DB07EBD4E3E77B
:10B0C0000C24CFE76810002020003804032870B556
:10B0D00015D8044622460E484FF4E071F4F796F96D
:10B0E000068EA64205460AD1012102F087FE0446DB
:10B0F00018B995F94330002B04DB204670BD0224BB
:10B10000204670BD2846314606F060F9204670BDE5
:10B1100068100020032870B514D8044622460E4853
:10B120004FF4E071F4F772F9068EA642054609D194
:10B1300002F07CFE044618B995F94330002B04DB7D
:10B14000204670BD0224204670BD2846314606F0D8
:10B150003DF9204670BD00BF68100020A1F11B031F
:10B16000E02B2BD8A2F5A4732DE9F0419BB2164633
:10B1700044F2481293421ED80328054620D80246BE
:10B180000C4615484FF4E071F4F740F9B0F8308000
:10B19000A845074614D1D0F840319B0613D5324656
:10B1A000214602F025FF38B997F94330002B0DDB1B
:10B1B0000020BDE8F0811220BDE8F0811220704728
:10B1C0000220BDE8F0811A20BDE8F08141463846F2
:10B1D00006F0FCF8ECE700BF68100020034A044BBF
:10B1E00012881B8802800B80704700BF8498002063
:10B1F00082980020A0F11B03E02B0CD8A1F5A473CA
:10B200009BB244F24812934205D8044A044B108082
:10B210001980002070471220704700BF84980020DA
:10B22000829800204FF01B0CA0F800C04FF429605A
:10B23000A2F800C008801880704700BF03281BD800
:10B2400070B504460E4615464FF4E07102460B48B1
:10B25000F4F7DCF8028EA24203460BD190F882404C
:10B26000C4F30204347093F88330C3F302032B70E9
:10B27000002070BD022070BD0220704768100020C1
:10B28000024A034B1070197000207047E1980020AB
:10B29000E09800202DE9F043032883B024D8044629
:10B2A000884617464FF4E071024618481E46F4F7E8
:10B2B000ADF8B0F83090A145054615D1D0F8403131
:10B2C00013F4106F1DD00124009433463A464146D2
:10B2D00002F01EFE044618B995F94330002B08DB36
:10B2E000204603B0BDE8F0830224204603B0BDE849
:10B2F000F0832846494606F069F8204603B0BDE8C9
:10B30000F0831A24204603B0BDE8F08368100020C3
:10B31000032812D838B504460D46094822464FF492
:10B32000E071F4F773F8038EA34204D190F8DE3095
:10B330002B70002038BD022038BD0220704700BFAE
:10B340006810002003282ED838B504460D4617484B
:10B3500022464FF4E071F4F759F8038EA34220D14E
:10B36000438EB0F89A21052B0FD801339BB202FB14
:10B3700003F30F494FF4FA7202FB03F3A1FB03132B
:10B38000C3F34F332B80002038BD03FB02F2084982
:10B3900040F2E24303FB02F2A1FB0212C2F34F337D
:10B3A000F0E7022038BD0220704700BF681000207F
:10B3B0005917B7D103282ED838B505460C4617487B
:10B3C0002A464FF4E071F4F721F8038EAB4284462D
:10B3D0001FD1438E42F2107202FB04F1052B01F1E2
:10B3E000FF310DD801339BB24FF4FA7202FB03F325
:10B3F0001944B1FBF3F189B2ACF89A11002038BDC1
:10B4000040F2E24202FB03F31944B1FBF3F189B2CB
:10B41000F2E7022038BD0220704700BF681000200C
:10B42000FFF760BA2DE9F04106F0D2F9DFF890801D
:10B4300000254FF6FF77AAB24FF4E0714046F3F7CC
:10B44000E5FF044605F1090004F11C022146C0B2E3
:10B45000F7F7A0F80646B0B110F1780F13D040F21C
:10B4600021731148114A124918F0D9FD114832468A
:10B47000294618F0D4FD002383F31188BFF36F8FA2
:10B480000323184602DF01350023042D2786C4F864
:10B490009430D0D10849094AA1F84030A2F8C03010
:10B4A000BDE8F041FFF71EBA5CA5040020B204001D
:10B4B000ACAE0400C4AE0400247C0020607B0020FD
:10B4C00068100020014B1878704700BFE1980020F9
:10B4D000014B1878704700BFE09800202DE9F84F25
:10B4E000DFF8689082468B4617469846002501E0B3
:10B4F000042D28D0AEB232464FF4E0714846F3F73F
:10B5000085FF038EB342044605F10105F0D190F8A2
:10B51000AE61C6F34003BB42EAD10622414600F2C7
:10B52000B5101CF0C9FF0028E2D106F0010656450F
:10B53000DED104F2AF10062259461CF0BDFF0028F0
:10B54000D6D1012000E00020BDE8F88F681000206F
:10B5500038B58B6808601D682B780C46A3B16B6901
:10B5600073B10C4A0C490D484FF45E7318F057FD47
:10B57000002383F31188BFF36F8F0323184602DF84
:10B58000074BC5E9053438BDBDE838400846FFF72C
:10B59000F7BA00BF20B2040074AD04005CA504003B
:10B5A00081AB0200F8B50B68DE88032E31D80C465B
:10B5B0000746324618484FF4E071F3F727FF038E31
:10B5C000B342054624D102F043FE226892F82030AF
:10B5D00003F00303032B08D10123137122683946BA
:10B5E0002846BDE8F84002F047BE53B995F89431BB
:10B5F0009B0703D53D2385F8603122680123137131
:10B60000F8BD95F894319A07FAD53D2385F8603155
:10B61000236801221A71F8BD68100020F8B50446AD
:10B62000008E1D464FF6FF7398420F4616460CD00B
:10B630002046C4E94776A4F8245102F071FB94F83F
:10B64000943113F0010010D1F8BD0B4A0B490C489E
:10B6500040F2BE3318F0E3FC002383F31188BFF3FC
:10B660006F8F0323184602DFE2E76FF3000384F8CD
:10B6700094316FF08B00F8BD20B2040028B30400B1
:10B680005CA504002DE9F041304D314F95F8412083
:10B69000064626E042464FF4E0713846F3F7B6FE20
:10B6A000028E9045034627D161680A79487902F0F5
:10B6B0000302022A2AD050BB03F1E00002F07AF81C
:10B6C00095F8412095F840309A4206D00133DBB21C
:10B6D000082B08BF002385F84030013E16F0FF0616
:10B6E00027D095F84030934223D035F83380B8F115
:10B6F000030F05EBC304CDD961680B796FF3010328
:10B700004FF6FF700B71F6F761FED9E798B193F829
:10B71000BB21D007D0D56FF3000283F8BB210A7993
:10B7200002F003000128C7D1022060F301020A7170
:10B73000C2E7BDE8F08193F8BB2142F00102404628
:10B7400083F8BB21F6F742FEBAE700BF247C002055
:10B75000681000202DE9F04F414A1468A0420646C7
:10B760000B4604BF00211160008EA6F86A01182262
:10B7700083B0012186F8682186F88431304602F0D2
:10B78000D9FA06F1E007304602F0E8FA384601F04F
:10B79000F9FF384602F02EF8044600283BD0037922
:10B7A000DFF8D090DFF8C4B0DFF8CCA003F00303DB
:10B7B000032B0CBF0346002303604846F3F7FCFD50
:10B7C00006F188080546B8B1214642462846F3F7F7
:10B7D0004FFE384602F00EF80446E0B1037903F05C
:10B7E0000303032B0CBF0346002303604846F3F713
:10B7F000E3FD05460028E7D11A4840F28D735A460A
:10B80000514618F00CFC85F31188BFF36F8F0323AA
:10B81000184602DFD8E7328E134B00960932D2B2B7
:10B8200001210020F5F700FC10F0FD0F0ED00F4AAB
:10B830000F490C4840F2537318F0F1FB002383F3D7
:10B840001188BFF36F8F0323184602DF4FF6FF7393
:10B85000FF20338603B0BDE8F04FFFF713BF00BFF2
:10B86000687C00205CA5040045AA020020B2040008
:10B8700080B10400A479002070B2040000293BD0FC
:10B880002DE9F84F4D1EDFF87890DFF878B0DFF83B
:10B8900078A00746EDB200F1E00815E0237903F047
:10B8A0000303032B0CBF234600232360F3F784FD1F
:10B8B000064690B1013D07F1880221463046EDB2BF
:10B8C000F3F7D6FDFF2D06D0404601F093FF044666
:10B8D0004846002CE2D1BDE8F88F084840F2B55345
:10B8E0005A46514618F09BFB86F31188BFF36F8FC1
:10B8F0000323184602DFDDE7704700BF5CA50400A4
:10B90000A479002020B2040070B2040010B50446EF
:10B910000120FFF7B7FE20460121BDE81040FFF7E8
:10B92000ADBF00BF0149F3F75DBD00BFA4790020A2
:10B93000014B93F8C1007047607B002000B50A4BB3
:10B9400093F8C0C093F8C1E0F4450BD080F800E054
:10B9500033F83C00088003EBCC035B681360186885
:10B960005DF804FB0020FBE7607B0020074B93F8A9
:10B97000C0C0844508D003EBCC0033F83C300B80CA
:10B98000436813601868704700207047607B002090
:10B99000094A92F8C01092F8C1308B4209D04B1C72
:10B9A000DBB2182B08BF002352F8310082F8C030F8
:10B9B00070470020704700BF607B002008B5134A25
:10B9C00092F8C1C092F8C0E00CF10103DBB2182B71
:10B9D00008BF00239E4508D022F83C0002EBCC0CA7
:10B9E000CCF8041082F8C13008BD094A09490A4858
:10B9F00040F2F45318F013FB002383F31188BFF3D4
:10BA00006F8F0322104602DF1B80FFDE607B002069
:10BA100020B20400A0B304005CA50400F8B5577977
:10BA2000144605460E467FB3237903F00302032A2A
:10BA30000CD04FF6FF72954204BF6FF301032371E0
:10BA400021462846BDE8F840F6F7C0BC4FF6FF7324
:10BA50009D4228D133689C423CD0002BF0D0204A34
:10BA60002049214840F2166318F0D9FA002383F3E5
:10BA70001188BFF36F8F0323184602DF2146284643
:10BA8000BDE8F840F6F7A2BC154A1849164840F23E
:10BA9000016318F0C4FA87F31188BFF36F8F032393
:10BAA000184602DFC0E72A464FF4E0711048F3F76A
:10BAB000ADFC214602F0AEFB3368A342CDD1032D8D
:10BAC00008D80B482A464FF4E071F3F79FFC038E29
:10BAD000AB4200D000202146BDE8F84002F0D4B8C7
:10BAE00020B20400B4B304005CA50400A8B30400B1
:10BAF0006810002090F86610B0F85C30C1F30212B4
:10BB0000022A10D0042A12D0DB080A3B9BB290F81C
:10BB10007E20B0F85800D20644BF043B9BB2984246
:10BB200028BF184670479B080B3B9BB2EFE70907FD
:10BB30004BBFA3F51473A3F5D7739B111B11023BE5
:10BB40009BB2E4E7704700BF90F8943143F00203E2
:10BB500080F89431704700BF90F894316FF341033F
:10BB600080F89431704700BF0278838F12B1581E5D
:10BB700080B27047C18EB0F824215818104480B2AA
:10BB8000704700BF10B50B68C0F83E3004463E3029
:10BB90000B7903710521F3F7FBFD94F8433060F353
:10BBA000050384F8433010BD90F8303100B51BB167
:10BBB000D0F840311B0511D44FF4A47CE646B0F810
:10BBC0007C30A1F800C0734528BF7346B3F5A47F4D
:10BBD00038BF4FF4A47313805DF804FB4FF4296C55
:10BBE000E646ECE700B5B0F86C20B0F86610034606
:10BBF0008A4290F88300B3F86AC028BF0A4600F072
:10BC00000700B3F870101B2A38BF1B22042814BF8A
:10BC10004FF4A4704FF42960614528BF614681420A
:10BC2000B3F87AC038BF01468C45B3F8760044D0EB
:10BC30009042A3F87A1001D0A3F8762093F8DD2083
:10BC400042F00202012083F8DD20B3F864C0B3F8AB
:10BC50006E2093F88210B3F868E0624528BF624610
:10BC600001F007011B2A38BF1B220429B3F8721008
:10BC700014BF4FF4A47C4FF4296C714528BF714662
:10BC80006145B3F878E038BF61468E45B3F874C0BB
:10BC900017D06245A3F8781001D0A3F8742093F868
:10BCA000DD206FF3410283F8DD2093F8DD200120D1
:10BCB000024383F8DD205DF804FB9042BCD10020F4
:10BCC000C3E76245E9D193F8DD1041EA510202F081
:10BCD000010221F003010A4383F8DD200028E4D1AA
:10BCE0005DF804FBB0F86C20B0F8661003468A4299
:10BCF00090F88300B3F86AC028BF0A4600F0070036
:10BD0000B3F870101B2A38BF1B22042814BF4FF44D
:10BD1000A4704FF42960614528BF61468142B3F8A1
:10BD20007AC038BF01468C45B3F876000DD09042FA
:10BD3000A3F87A1001D0A3F8762093F8DD2042F022
:10BD40000202012083F8DD2070479042F3D10020E9
:10BD5000704700BFB0F86E20B0F8641003468A4206
:10BD600090F88200B3F868C028BF0A4600F00700C8
:10BD7000B3F872101B2A38BF1B22042814BF4FF4DB
:10BD8000A4704FF42960614528BF61468142B3F831
:10BD900078C038BF01468C45B3F8740014D0824295
:10BDA000A3F8781001D0A3F874204FF0010C93F899
:10BDB000DD106046C1F3400242EA0C0221F00301AB
:10BDC0000A4383F8DD2070478242ECD193F8DD10FE
:10BDD000002001F0010CEDE71B2928BF1B2190F882
:10BDE0003031A0F87E10B2F5296F28BF4FF42962D8
:10BDF000A0F87C201BB1D0F840311B0511D44FF4C2
:10BE0000A4739C46624528BF6246B2F5A47F38BF42
:10BE10004FF4A472A0F86A30A0F86820A0F864106B
:10BE200070474FF429639C46ECE700BF4A0770B5A2
:10BE3000044667D401F003062836F600C1F340013A
:10BE4000CE40B6B2364A374B12881D881B2A4FF0B7
:10BE5000000328BF1B22A366B5F5296FE36623679D
:10BE60006367A367A4F8803094F83031A4F87E208B
:10BE700028BF4FF42965A4F87C501BB1D4F8403199
:10BE80001B0542D44FF4A4739D4228BF1D4694F86D
:10BE90008330A4F86420B5F5A47F03F0070338BF0E
:10BEA0004FF4A4751B214FF01B12042BA4F866104D
:10BEB000A4F86850A4F86A60A4F87060A4F87260EE
:10BEC000E2662AD0B6F5A47F324638BF4FF4A4729A
:10BED00094F8DD30A4F87A2043F002031B2184F8A3
:10BEE000DD30A4F876102046FFF734FF94F8DD30FB
:10BEF000AE4243F0010384F8DD3009D0012384F819
:10BF0000803070BD4FF429669CE74FF42963BBE78E
:10BF1000636EB3F11B1FF1D170BD4FF42962D7E7F7
:10BF2000849800208298002008B50022D0E92101E1
:10BF3000F3F7A8FAB0FA80F0400908BDF8B5064654
:10BF40000F46154601F080FD044688B3EA1E201D09
:10BF5000082A06D8DFE802F0270505240505052193
:10BF60001E001A4A1A491B48D12318F058F800231A
:10BF700083F31188BFF36F8F0323184602DFE37941
:10BF80007B732146304601F075FD304603F0C6F85C
:10BF90002046F8BD03F026FCF1E703F019FCEEE7BC
:10BFA00003F00CFCEBE70146384603F0A7FBE6E79D
:10BFB000064A09490748BE2318F031F884F311886E
:10BFC000BFF36F8F0323184602DFBFE7D4B304002B
:10BFD00034A604005CA50400A4B30400F8B58F697E
:10BFE00000230C4605468B6117B303263E712B8E4A
:10BFF000FB8094F8205007F12000A5B9237A052B87
:10C0000024D0062B02D11A233B71F8BD114A1249E4
:10C010001248F72318F003F885F31188BFF36F8FE8
:10C02000304602DFF8BD2946BDE8F84003F0E4BB26
:10C03000084A0B490948E72317F0F1FF87F31188F5
:10C04000BFF36F8F0323184602DFCEE7BDE8F84049
:10C0500003F0B4BBD4B3040034A604005CA5040010
:10C0600018B40400F8B506460F46154601F0ECFC7E
:10C07000044600283CD02A1F201D092A06D8DFE8E4
:10C0800002F01F22250505050528052B234A244912
:10C09000244840F2DF2317F0C2FF002383F3118806
:10C0A000BFF36F8F0323184602DFE3797B732146CA
:10C0B000304601F0DFFC304604F08AFE2046F8BD31
:10C0C00003F05AFBF1E703F06FFBEEE703F076FBBA
:10C0D000EBE703F087FBE8E796F8303197F84E106E
:10C0E0001BB1D6F840315B0711D403F085FBDCE7C8
:10C0F0000A4A0D490B484FF4317317F090FF84F34F
:10C100001188BFF36F8F0323184602DFB3E70A4697
:10C1100097F84D1003F07CFBC7E700BFD4B30400D1
:10C1200034A604005CA50400A4B3040070B5044662
:10C130000D4600F19B06334600223B3105F12B00F2
:10C140000CF0CAF9D4F8A310C4F8C410D4F8B41091
:10C15000D4F8A720C4F8D510D4F8B810D4F89F307C
:10C16000C4F8C820C4F8D91094F8D42094F8B310B7
:10C17000C4F8C030002363F30001D4F89B00C4F876
:10C18000BC0042F00102C4E9333384F8AB3084F8D8
:10C19000AC3084F8AD3084F8AE3084F8AF3084F839
:10C1A000B03084F8B13084F8B23084F8D42084F808
:10C1B000B310062229462046FFF7C0FE40F2066370
:10C1C0006B8194F89A3023F0180343F0180384F835
:10C1D0009A3070BDF8B505460C4601F02DFC28B923
:10C1E000204601F06BFC0323A372F8BD0422214614
:10C1F0002846FFF737FF8368C268C4F84720C4F8B1
:10C2000043300369C5F8B830A6690023A361A6B11D
:10C210000323377933712B8EF38006F120012046FA
:10C2200003F092FA2D2F02D00423A372F8BD3068D8
:10C230003146F6F785F80423F7E7074A0749084827
:10C2400040F2F62317F0EBFE86F31188BFF36F8FF1
:10C250000323184602DFDBE7D4B3040018B404005C
:10C260005CA5040070B504460D4601F0E5FB10B96D
:10C270000623AB7270BD04F19B063346002205F124
:10C280003B0105F12B000CF027F9D4F8A310C4F8FA
:10C29000C410D4F8B410D4F8A720C4F8D510D4F83A
:10C2A000B810D4F89F30C4F8C820C4F8D91094F856
:10C2B000B32094F8D410C4F8C0300023D4F89B0005
:10C2C00084F8AB3063F30001C4E9333384F8AC3055
:10C2D00084F8AD3084F8AE3084F8AF3084F8B030F4
:10C2E00084F8B13084F8B23042F00103C4F8BC00E5
:10C2F00084F8D41084F8B330052229462046FFF78D
:10C30000B1FE4FF4C1636B8194F89A3043F0080397
:10C3100084F89A3070BD00BFF0B50C46897A83B0BE
:10C32000064615460D2900F22C81DFE801F05E6615
:10C3300069959907070C1736393E4F52002D00F0CA
:10C34000A18003B0F0BD002DFBD1214601F074FBAC
:10C35000002840F0C7800723A372F2E7022DF0D136
:10C36000A5690023A361002D00F0EE8003272F7143
:10C37000338EEB80237A052B00F0E180062B40F012
:10C38000CF801A232B712146304601F055FB00283F
:10C3900040F08D800923A372D3E7002DD1D1F2E7BD
:10C3A000002DCED10B23A372CBE7072DC9D10121DC
:10C3B00001F064FB3046FFF7C7FB2146304601F031
:10C3C0003BFB002864D10C23A372BAE7002DB8D13F
:10C3D000F3E7082DB5D140F20233638190F89A302B
:10C3E0006FF3041380F89A30ABE7002DA9D1237ABC
:10C3F000062BD7D00223A372A3E7002DFAD0A0E723
:10C40000012D9ED12946019301F038FB3046FFF7FC
:10C410009BFB304602F07AFE019B5A689968C4F88B
:10C420002510C4F821201A7B84F829205A7B84F82F
:10C430002A20D3F80E20D3F81210C4F83F10C4F805
:10C440003B20D3F81630C6F8B4302146304603B04E
:10C45000BDE8F040FFF7BEBE002D7FF472AFF4E7F9
:10C46000032D0CD0042D7FF46CAF062140F2036243
:10C47000072384F82010A4F84D20A37261E7052358
:10C48000A3725EE7214603B0BDE8F040FFF7EABEC5
:10C490000B2221463046FFF7E5FD40F60D33638160
:10C4A00096F89A306FF3C30386F89A3049E706226C
:10C4B00021463046FFF7D6FD304604F059FE0023F2
:10C4C000A3720121304601F0EDFA3046FFF744FB3C
:10C4D000304602F01FFE96F89A3043F0100386F8BB
:10C4E0009A302EE70D2221463046FFF7BBFD30463D
:10C4F00004F03EFE94F82030062B34D0242B3FF479
:10C5000020AF284A2849294840F2773317F087FDA1
:10C5100085F31188BFF36F8F0323184602DF10E7FE
:10C52000204A2149214840F21E3317F078FD0023AC
:10C5300083F31188BFF36F8F384602DF23E705F1DD
:10C54000200003F03BF91EE7164A1949174840F24C
:10C550000F3317F064FD85F31188BFF36F8F03234A
:10C56000184602DF02E70121A172304601F09AFA73
:10C570003046FFF7F1FA304603B0BDE8F04002F074
:10C58000C9BD084A0849094840F2D34317F047FD9E
:10C59000002383F31188BFF36F8F0323184602DF54
:10C5A000CFE600BFD4B3040034A604005CA50400A9
:10C5B00018B4040070B50C46897A82B005460A2981
:10C5C00000F22281DFE801F00A1D2D873E683084E9
:10C5D00073760600002A72D002B070BD002AFBD12B
:10C5E000237A062B0FD10121284601F047FA214674
:10C5F000284601F021FA002840F092800823A37217
:10C60000EAE7002AE8D10121284601F037FA21465D
:10C61000284601F011FA002840F0A7800223A372F7
:10C62000DAE7002AD8D1F2E7032AD5D1012128463A
:10C6300001F038FA00262846FFF78EFA284684F8DB
:10C6400020601DE0022A29D0042AC5D101212846F4
:10C65000009301F027FA2846FFF77EFA009BDA786C
:10C660000D2A00F0AD80112A40F0AC805B79062BDA
:10C6700002D01A2B40F0B5802846002684F82030DE
:10C6800004F0A2FB214628462673FFF7A7FC2846A4
:10C6900002F01CFEA6729FE7002A9DD12146284683
:10C6A00001F0CAF9002844D10523A37294E7002AB7
:10C6B00092D19CE7062A8FD12846FFF745FA2146FA
:10C6C000284601F0B9F9002869D10A23A37283E74B
:10C6D000002A81D187E7012A32D0042A7FF47CAF77
:10C6E00001212846009301F0DDF9009BDA780D2A3C
:10C6F00064D0112A77D15B79062B02D01A2B40F037
:10C70000818084F82030284604F05EFB21462846CC
:10C71000FFF764FC284602F0D9FD0023A3725BE713
:10C720000A2221462846FFF709FC40F609336381B7
:10C7300052E72146284602B0BDE87040FFF7F6BC3C
:10C740002846CDE90023FFF7FFF9019B009A5968BD
:10C750009868C4F84700C4F84310D968C5F8B81001
:10C7600040F204532273638136E7032221462846B0
:10C77000FFF7E4FBD0F81230D0F81620C4F83F20C1
:10C78000C4F83B30D0F81A20C5F8B42040F2034377
:10C790002846638102B0BDE8704004F011BB0B2253
:10C7A00021462846FFF7CAFB4FF60173638195F8CF
:10C7B0009A3023F0180385F89A300DE71B799BE730
:10C7C0001B7954E7184A194919484FF4BF7317F0F9
:10C7D00026FC002383F31188BFF36F8F03231846D1
:10C7E00002DF1F2348E7104A104911484FF4BF7376
:10C7F00017F015FC002383F31188BFF36F8F032319
:10C80000184602DF1F237CE7074A0849084840F220
:10C81000822317F004FC002383F31188BFF36F8F8A
:10C820000323184602DFD7E6D4B3040034A604007D
:10C830005CA5040092F823C0ACF1040C02F12003C3
:10C84000BCF10D0F08D8DFE80CF00E14170707072E
:10C850000711070B0707070B3D2380F8603170476E
:10C860000422FFF7A7BE0122FFF7A4BE0622FFF7AE
:10C87000A1BE0222FFF79EBE0322FFF79BBE00BFB0
:10C8800013460022FFF796BE92F823C0ACF1030CCA
:10C8900002F12003BCF1080F06D8DFE80CF0120506
:10C8A000050F0505050C09003D2380F86031704730
:10C8B0000822FFF731BD0722FFF72EBD0222FFF746
:10C8C0002BBD0122FFF728BD00230322FFF724BD63
:10C8D00000230422FFF720BD887AA0F10400B0FAFB
:10C8E00080F04009704700BF13460022FFF714BDD7
:10C8F0004B070DD5800100F57473934228BF134692
:10C9000018464FF42963984238BF184680B27047E2
:10C9100001F0030C0CEB00030D33C1F34001DB000D
:10C92000CB409BB2B3F5A47F38BF4FF4A4739A42B7
:10C930000CF1280C28BF1A464FEACC0C10462CFAF2
:10C9400001F3984238BF184680B2704770B591F82D
:10C950002C3091F82D20042B0C4603D8032B01D04A
:10C96000042A0DD91343112113F0070384F828106A
:10C970004FF001050CD184F828300125284670BD00
:10C98000032A0DD0134313F007034FF00005F2D034
:10C99000668DFFF7E9F8801B0304EFD42823EAE74C
:10C9A000112381F828300125F2E700BFF0B50D46CC
:10C9B00083B00DF1060201A9B0F87860B0F87A7082
:10C9C0000446FFF7F1F895F82D3093BB95F82C301D
:10C9D000FBB9B4F87830B3420ED3BDF806209A42C2
:10C9E0000AD3B4F87A30BB4206D3BDF804209A4289
:10C9F00002D3002003B0F0BD94F8DD30A4F87860D5
:10CA000043F001030120A4F87A7084F8DD3003B00C
:10CA1000F0BD94F94330002B1DDB94F88210BDF873
:10CA2000062094F8740001F00701FFF761FF064645
:10CA3000CFE794F94330002B19DB95F82C3053B134
:10CA400094F88210BDF8062094F8740001F00701F4
:10CA5000FFF74EFF064694F88310BDF8042094F8C3
:10CA6000760001F00701FFF743FF0746B1E794F8AE
:10CA70008210BDF8062094F8740001F00701FFF75A
:10CA800037FF95F82C300646002BE4D1A1E700BF14
:10CA900070B58D6900230C4606468B61002D38D099
:10CAA00094F82130DB0721D52B792D2B21D11D23A3
:10CAB0002B71338EEB8094F8283085F8203096F86F
:10CAC0008330C3F3020385F8223096F88230C3F333
:10CAD000020385F8213028682946F5F731FC94F8DF
:10CAE00021306FF3000384F8213070BD01232B71D6
:10CAF000F1E70F4A0F49104840F2B91317F08FFAC7
:10CB0000002383F31188BFF36F8F0323184602DFDE
:10CB1000CDE7074A094908484FF4DB7317F07FFA5D
:10CB200085F31188BFF36F8F0323184602DFB7E741
:10CB30001CB4040060B404005CA5040018B4040034
:10CB400070B591F821304D6A9B070C4603D4CDB1E6
:10CB500001232B710AE00646ADB103232B71338EFE
:10CB6000EB8005F12001304602F0FCFF28682946E1
:10CB7000F5F7E6FB94F8213000226FF3410384F8C7
:10CB80002130626270BD074A0749084840F2DF134E
:10CB900017F045FA85F31188BFF36F8F032318460A
:10CBA00002DFDAE71CB4040018B404005CA504003A
:10CBB00070B58E7A032E82B00D4604461BD0052E2A
:10CBC00006D00221204602B0BDE8704000F06ABFE6
:10CBD00090F94330002B43DBAB8D002B35D095F81B
:10CBE0002C302BB194F8822063F3061284F8822053
:10CBF0000823AB72E5E790F94330002B16DA2049A1
:10CC000094F8822095F8203003C9134303F00703FA
:10CC100002AE06E9030008336B4413F8083C63F3E3
:10CC20000612062384F88220AB72CAE7154A164919
:10CC3000164840F2544317F0F2F9002383F31188A9
:10CC4000BFF36F8F304602DFD9E794F88230C3F329
:10CC5000020262F30613092284F88230AA72B0E756
:10CC6000084A0B49094840F25D4317F0D8F9002300
:10CC700083F31188BFF36F8F0323184602DFABE7FE
:10CC8000909C04001CB4040088B404005CA504005B
:10CC9000A0B4040091F8202030B5940740D402F0ED
:10CCA000070313F0010535D1032B94BF00230123A3
:10CCB0004FEA830E754691F8203065F3020381F840
:10CCC0002030C3F3C202DB062DD412F0010424D1BC
:10CCD000032A94BF002201224FEA820C644691F895
:10CCE000203064F3C50381F8203090F8823003F0DF
:10CCF0000703AB4208BF4FF0000E81F82CE090F81C
:10CD0000833003F00703A34208BF4FF0000C81F803
:10CD10002DC030BD4FF0010ECDE74FF0010CDEE726
:10CD20000225AE46C7E70224A446D8E72DE9F04124
:10CD3000CE690C460546002E79D0637B162B2FD189
:10CD400095F94330002B2BDBE66966610023E36134
:10CD5000371D94F8203095F8A821C3F3C20363F37C
:10CD6000C50285F8A82194F8202095F8A83162F32F
:10CD7000020385F8A83194F8203095F88220C3F397
:10CD8000801363F3C302394685F88220204602F0FF
:10CD900055FD0221284600F071FE0223A37227E010
:10CDA00000F05EFE18B90723A372BDE8F08100F021
:10CDB0005FFE06466062002848D0637BE6696661D4
:10CDC0004FF00008162BC4F81C8006F10407C0D0F1
:10CDD000182B16D0254A264926484FF4D27317F04F
:10CDE0001EF988F31188BFF36F8F0323184602DF03
:10CDF0002846314600F03EFE2846BDE8F04102F0EC
:10CE00008DB921462846FFF745FFA38D43B96385B9
:10CE10003946204602F056FD4FF605736381E7E779
:10CE2000FEF7A2FEAB8E063303449BB2EFE70F4A38
:10CE3000114910484FF4BF7317F0F1F886F31188C9
:10CE4000BFF36F8F0323184602DF76E7074A0B49CB
:10CE5000084840F2891317F0E2F886F31188BFF30F
:10CE60006F8F0323184602DFA7E700BF1CB404003E
:10CE700034A604005CA50400B8B40400CCB40400DB
:10CE800038B505460C4602F039F910B10123A372FA
:10CE900038BD284603F082FF0028F7D121462846F6
:10CEA00000F0CAFD0028F1D0284603F075FF0728DE
:10CEB000ECD02846012103F069FF28460D2103F03C
:10CEC00069FF162321466373284600F0BDFDE0612B
:10CED00021462846BDE83840FFF728BF38B505464B
:10CEE0000C4602F00BF910B10423A37238BD2146A1
:10CEF000284600F0A1FD0028F6D0182321466373D0
:10CF0000284600F0A1FDE06121462846BDE83840F2
:10CF1000FFF70CBF2DE9F04190F9436090F8825083
:10CF200090F883C001F00708002E034605F00707BC
:10CF30000CF0070E02F0070440461BDB1CB162F345
:10CF4000020C83F883C058B193F882205FFA88F40A
:10CF500064F3020283F88220A74218BF012007D1A0
:10CF600093F8830000F00700B0EB0E0018BF01201B
:10CF7000BDE8F08154B164F3020583F882500028C3
:10CF8000EAD061F3020C83F883C0E5E70028EFD014
:10CF900061F3020C83F883C0E2E700BFF0B591F8BB
:10CFA0000AC083B00C46074615461E46BCF1090F61
:10CFB00000F2A581DFE80CF005050AB38D9715484E
:10CFC0004F7B002A00F0D68003B0F0BD032AFBD1CE
:10CFD00090F84330DB0940F0258141F203734B8127
:10CFE000F2E7052A00F01181062A00F0FA80022AF1
:10CFF000EAD190F94330002B0EDBC94AC949CA482F
:10D0000040F2CB2317F00BF8002383F31188BFF312
:10D010006F8F0323184602DF0221384603F0B6FE65
:10D020003146204602F044FC21463846FFF78EFC8C
:10D030000546204600F042FD002D40F0378194F86F
:10D040002D30002B64D05DE0002ABDD103B0BDE8D7
:10D05000F040FFF76BBE002AB6D14E8DFEF784FD7F
:10D06000801B0304B0D494F82D2094F82C1038467B
:10D07000FFF750FF002840F030812946384603F082
:10D0800085FE94F8203084F82850DB0994F821209C
:10D0900063F3000284F8212097F88230C3F3020280
:10D0A00062F30613092287F88230A2728CE7042A01
:10D0B0008AD1FFF7EDFC21463846FFF741FD38469F
:10D0C00002F004F90021384603F064FE0023A37245
:10D0D0007AE7002A7FF478AF2146384603B0BDE8EE
:10D0E000F040FFF7FBBE032A7FF46EAF90F94330A8
:10D0F000002BC0F2CC80A58D002D00F0AD8094F8FF
:10D100002C302BB197F8822063F3061287F8822027
:10D11000384602F00DF80823A372022124E0012A08
:10D120002DD0062A7FF450AF002103F02FFED7F850
:10D13000403123F41063C7F84031204600F0BEFCB4
:10D1400094F821301A2243F0010384F8282084F84F
:10D15000213097F88230C3F3020262F306130922EA
:10D1600087F882300221A272384603B0BDE8F04051
:10D1700000F098BC03B0BDE8F040FFF781BE02218B
:10D1800003F004FE94F820303146204603F00706F1
:10D19000C3F3C20502F0AAFB0221384600F06EFC80
:10D1A00094F82030C3F3C202154065F3C5031E4056
:10D1B00066F3020384F8203097F94330002B0CDB30
:10D1C00094F8203013F0380F01D05A0705D194F8A5
:10D1D000203023F03F0384F82030204600F06EFC1E
:10D1E0007AE7002103F0D2FDD7F840311A2223F468
:10D1F0001063C7F8403184F82820204600F05EFC18
:10D2000094F8213043F00103A1E73146204602F0B3
:10D210000DFB94F84E3084F828300021384603F096
:10D22000B5FDEAE7414B90F8822093E8030094F8BB
:10D230002030134302AD03F0070305E90300083370
:10D240006B44022113F8083C63F3061241F606030F
:10D2500087F88220638187E72946384603F096FDE8
:10D2600094F8203094F8212084F82850DB0963F3E7
:10D27000000284F8212097F8822002F0070297F834
:10D28000821062F30611092387F8821044E7244ACA
:10D290002749254840F2A72316F0C1FE002383F357
:10D2A0001188BFF36F8F284602DF24E7002138463C
:10D2B00003F06CFD94F828300BB187F8603194F8D6
:10D2C000203094F82120DB0963F3000284F8212048
:10D2D00097F8822002F00702D1E721463846FFF78F
:10D2E00065FB94F8213060F3410384F8213029462E
:10D2F000384603F04BFD84F828500123C6E6084A5F
:10D300000C49094840F2653316F089FE002383F387
:10D310001188BFF36F8F0323184602DF54E600BF66
:10D320001CB4040088B404005CA50400909C0400B4
:10D33000A0B4040034A604002DE9F041CE690C46E7
:10D34000054676B300F08CFB18B90723A372BDE83D
:10D35000F08100F08DFB06466062002847D0637BB9
:10D36000E66966610027172BE76106F1040827D0FC
:10D37000182B2DD0294A2A492A4840F2C93316F0E1
:10D380004EFE87F31188BFF36F8F0323184602DF29
:10D390002846314600F06EFB2846BDE8F04103F018
:10D3A00017BD1E4A20491F484FF4697316F037FE17
:10D3B00086F31188BFF36F8F0323184602DFC1E79E
:10D3C0004146284602F05EFA41F603036381DFE737
:10D3D00021462846FFF75EFCA38DBBB96385414615
:10D3E000204602F06FFA4FF605736381D0E70B4ACF
:10D3F0000E490C4840F2AE3316F011FE86F3118848
:10D40000BFF36F8F0323184602DFA8E7FEF7ACFBDC
:10D41000AB8E063303449BB2E0E700BF1CB40400AC
:10D4200034A604005CA50400B8B40400CCB4040025
:10D4300038B505460C4603F0BBFC10B10223A372BD
:10D4400038BD2146284600F0F7FA0028F6D02846D5
:10D4500003F0A2FC0728F1D028460D2103F09AFC26
:10D46000172321466373284600F0EEFAE061214657
:10D470002846BDE83840FFF75FBF00BF38B5054616
:10D480000C4603F095FC10B10423A37238BD21466D
:10D49000284600F0D1FA0028F6D0284603F07CFC9C
:10D4A0000728F1D02846FEF73FFD0028ECD028469B
:10D4B0000D2103F06FFC182321466373284600F00A
:10D4C000C3FAE06121462846BDE83840FFF734BF83
:10D4D000F8B50C46897A06461546092900F2CC8033
:10D4E000DFE801F0676CA505090510282F54022D0F
:10D4F00000F0A080F8BD002DFCD12146BDE8F84029
:10D50000FFF7BCBF032DF5D11946204602F0D0F934
:10D5100021463046FFF71AFA0546204600F0CEFABB
:10D52000002D00F0988094F82830282B23D186F81D
:10D53000603120E0002DDDD12146BDE8F840FFF745
:10D54000FBBE002DD6D1678DFEF70EFBC01B03047A
:10D55000D0D484F8285094F82D2094F82C1030461C
:10D56000FFF7D8FC054600287BD194F8213065F3FD
:10D57000000384F8213096F88230C3F3020262F38C
:10D580000613092286F88230A272F8BD042DB1D1AB
:10D590002146FFF77DFA21463046FFF7D1FA3046A3
:10D5A00003F0E6FD0021304603F0F4FB0023A372F4
:10D5B000F8BD002D9ED10123A372F8BD1946204667
:10D5C00002F052F994F8202096F8A831C2F3C20074
:10D5D000C3F3C2010140C3F30203C2F302000340DC
:10D5E00043EAC10322F03F02134384F8203096F946
:10D5F0004330002B0ADB94F8203013F0380F1ED193
:10D6000094F8203023F03F0384F820300221304684
:10D6100000F034FA012D7FF46DAF96F84330DB094A
:10D6200010D021463046BDE8F840FFF701BF002D7D
:10D63000F7D0F8BD2146BDE8F840FFF7B9BA5A0760
:10D64000E4D1DDE7204600F039FA21463046BDE856
:10D65000F840FFF713BF304603F0C0FB0823A37266
:10D66000F8BD21463046FFF7A1F994F8213060F368
:10D67000410384F8213078E7074A0849084840F216
:10D680000A5316F0CCFC002383F31188BFF36F8F8D
:10D690000323184602DFF8BD1CB4040034A60400BE
:10D6A0005CA5040092F823C0ACF1070C02F1200342
:10D6B000BCF1110F0AD8DFE80CF0200909090909AB
:10D6C000090909091D09090909091A1700B52423BF
:10D6D00083B080F86031019101F0F8FD01990023D9
:10D6E0008B7203B05DF804FB0222FFF757BC0122E6
:10D6F000FFF754BC0522FFF751BC0622FFF74EBCD2
:10D7000013460022FFF74ABC13460322FFF746BC2C
:10D7100000230422FFF742BC10B592F823E0BEF1CB
:10D72000160F02F120030BD0BEF1180F0DD02423E9
:10D730000C4680F8603103F01BFD0023A37210BD7E
:10D74000BDE810400122FFF7C3BEBDE81040032230
:10D75000FFF7BEBE13460022FFF7BABE13460222F1
:10D76000FFF7B6BE00230422FFF7B2BE002303700A
:10D7700043608360C3600361704700BF0378013377
:10D780000370704703785BB9C3687BB102691AB153
:10D79000816861B10B6082600023C36003617047E0
:10D7A000013BDBB20370002BEED070477047436043
:10D7B000F1E700BF03783BB100230C300B604368F6
:10D7C00043B1196041607047002304300B60436827
:10D7D000002BF6D101604160704700BF00230B6051
:10D7E000836813B119608160704741608160704740
:10D7F000406870470346406828B1996802685A60DB
:10D80000884208BF9A6070474078A0F10C00B0FAD7
:10D8100080F04009704700BF4078A0F10800B0FADE
:10D8200080F04009704700BF4078A0F10200B0FAD4
:10D8300080F04009704700BF4078A0F11700B0FAAF
:10D8400080F04009704700BF4078A0F10D00B0FAA9
:10D8500080F04009704700BF4078A0F10100B0FAA5
:10D8600080F04009704700BF4078A0F10900B0FA8D
:10D8700080F04009704700BF4078A0F10600B0FA80
:10D8800080F04009704700BF4078A0F11800B0FA5E
:10D8900080F04009704700BF4078A0F10300B0FA63
:10D8A00080F04009704700BF4078A0F10500B0FA51
:10D8B00080F04009704700BFF8B5064608460D469F
:10D8C000F1F77AFD044680B1002745600672476192
:10D8D00087612C22394620301AF077FD4FF47F43C0
:10D8E000FF2262726381A381A7732046F8BD00BF47
:10D8F0004078A0F10200B0FA80F04009704700BF04
:10D900004078A0F10100B0FA80F04009704700BFF4
:10D910004078A0F10200B0FA80F04009704700BFE3
:10D920004078A0F10900B0FA80F04009704700BFCC
:10D930004078A0F10100B0FA80F04009704700BFC4
:10D940004078A0F10100B0FA80F04009704700BFB4
:10D950004078A0F10200B0FA80F04009704700BFA3
:10D960004078A0F10900B0FA80F04009704700BF8C
:10D970004078A0F11800B0FA80F04009704700BF6D
:10D980004078A0F10100B0FA80F04009704700BF74
:10D990004078A0F10100B0FA80F04009704700BF64
:10D9A0004078A0F10900B0FA80F04009704700BF4C
:10D9B0004078A0F10900B0FA80F04009704700BF3C
:10D9C0004078A0F10300B0FA80F04009704700BF32
:10D9D0004078A0F10300B0FA80F04009704700BF22
:10D9E0004078A0F10300B0FA80F04009704700BF12
:10D9F00038B5456804462DB129462046BDE8384073
:10DA0000F1F7F0BC094A0A490A48702316F007FBEF
:10DA100085F31188BFF36F8F0323184602DF656813
:10DA200020462946BDE83840F1F7DCBCE8B40400E4
:10DA300028B504005CA50400024B1868003818BF24
:10DA4000012070470804002010B50448F1F7B4FC29
:10DA500004460430FEF776F8204610BD0804002086
:10DA600008B50120F4F780FC003818BF012008BD7C
:10DA7000F4F796BCE030FFF7B1BE00BF38B590F8C0
:10DA8000563105460C461BB11C4385F8564138BD3E
:10DA9000E030FFF773FE95F856311C4385F8564188
:10DAA00038BD00BF90F8563123EA010180F85611C5
:10DAB00001B17047E030FFF765BE00BF38B585693A
:10DAC000044645B12B792D2B04D02D232B71A3694E
:10DAD00022691A6038BD084A084909484FF496730C
:10DAE00016F09DFA85F31188BFF36F8F0323184654
:10DAF00002DFA569E6E700BFE8B4040034B504001E
:10DB00005CA5040038B5856904465DB12B792D2BE1
:10DB100000D038BD01232B71A169BDE838400868E9
:10DB2000F4F70EBC074A084908484FF49D7316F0F5
:10DB300076FA85F31188BFF36F8F0323184602DF4F
:10DB4000A569E3E7E8B4040034B504005CA504006B
:10DB50008B6913B11A792D2A0BD00B7A072B15D0AC
:10DB6000CB692BB1D0F85C211A60CB69C0F85C316D
:10DB700070471B68D0F858215A608B6901221A71CE
:10DB80008B69C0F858310B7A072BE9D14B6A002B0F
:10DB9000E6D01B68D0F858215A604B6A01221A71EE
:10DBA0004B6AC0F85831DBE7F8B50D4F05463846EB
:10DBB000F1F702FC044680B1002647600572466119
:10DBC00086612C22314620301AF0FFFB4FF47F4350
:10DBD000FF2262726381A381A6732046F8BD00BF55
:10DBE000F803002010B50A4B042258685021F1F7C1
:10DBF000BDFB084B042258685021F1F7B7FB064BD8
:10DC0000BDE81040586810222C21F1F7AFBB00BFCF
:10DC100000040020F80300200804002038B5044662
:10DC2000002501F013FB2046C4E93E5584F8045159
:10DC300003F092FAC4F82851C4E9425584F8165109
:10DC4000A4F81451A4F81851C4F82B51A4F8485161
:10DC5000C4F83051C4F83451C4F83851C4F83C51B8
:10DC6000C4F84051C4F84451F3F7D0FA94F89A300C
:10DC700084F85651C4E95001C4E9565523F01803FD
:10DC800084F89A30A58738BD08460149F1F7AABB48
:10DC90000804002038B5B0F802510346144625B1F7
:10DCA000A9420ED26D1AA0F80251B3F8122122B186
:10DCB00091420DD2521AA3F8122100231846237064
:10DCC00038BD01F06DF9054658B12B7A0A2B03D007
:10DCD00022236FF07300F2E795F820306FF07300A5
:10DCE000EDE7074A0749084840F2022316F097F982
:10DCF00085F31188BFF36F8F0323184602DFE4E733
:10DD0000E8B4040048B504005CA50400034B0B44D0
:10DD1000B3FBF1F3A0F81831704700BFFF5962025E
:10DD200010B5044603F020FA2046BDE8104001F08B
:10DD300095BA00BF10B5044611B1012907D010BD36
:10DD400003F01AFA2046BDE8104001F0E9BA03F0EA
:10DD500017FA2046BDE8104001F006BB70B5D0F8B8
:10DD60005841064634B1206821464468F4F7D6FA93
:10DD7000002CF8D1D6F85C410023C6F858313CB1EC
:10DD8000054D204624682946F1F72CFB002CF8D1DC
:10DD90000023C6F85C3170BD0804002090F94330C0
:10DDA000002B14DA70B504460E46032009491546C7
:10DDB000FFF782FD014640B180F8206080F82150D5
:10DDC000204601F0B9F8002070BD0C2070BD0C2079
:10DDD000704700BF0004002010B507490446012029
:10DDE000FFF76AFD28B10146204601F0A5F80020A2
:10DDF00010BD0C2010BD00BF0004002038B5044643
:10DE00000D4602200849FFF757FD58B190F8203021
:10DE100065F30003014680F82030204601F08CF8BD
:10DE2000002038BD0C2038BD0004002010B5074983
:10DE300004460420FFF740FD28B10146204601F0CA
:10DE40007BF8002010BD0C2010BD00BF0004002096
:10DE5000F8B5054690F94300002825DB0F4605205C
:10DE6000124916461C46FFF727FD0146E0B13B6804
:10DE70007A68C1F82520C1F82130337881F829303B
:10DE8000737881F82A306268A36828462568E468B8
:10DE9000C1F83740C1F82B50C1F82F20C1F83330FA
:10DEA00001F04AF80020F8BD0C20F8BD0004002065
:10DEB000F8B5054690F94300002825DB0F460620FB
:10DEC000124916461C46FFF7F7FC0146E0B13B68D5
:10DED0007A68C1F82520C1F82130337881F82930DB
:10DEE000737881F82A306268A36828462568E46858
:10DEF000C1F83740C1F82B50C1F82F20C1F833309A
:10DF000001F01AF80020F8BD0C20F8BD0004002034
:10DF10002DE9F04105468846072010499DF8186014
:10DF200017461C46FFF7C8FCA8B1E30008F0070835
:10DF300003F03803BF0143EA080307F040073B43FF
:10DF400043EAC613014680F82030284600F0F4FF6B
:10DF50000020BDE8F0810C20BDE8F0810004002025
:10DF600038B504460D4601F057FA204603F064F92F
:10DF700007490A20FFF7A0FC38B1014680F820507D
:10DF8000204600F0D9FF002038BD0C2038BD00BF6E
:10DF90000004002038B590F94330002B12DB044612
:10DFA0000D460B200849FFF787FC014650B12B684E
:10DFB000C0F822302B7980F82630204600F0BCFFD4
:10DFC000002038BD0C2038BD0004002008B590F9B1
:10DFD0004330002B08DB00F0E3FF20B1037A0B2B6A
:10DFE0000CBF2230002008BD02F0DEFEF5E700BFC6
:10DFF000F8B5D0F840319B0601D40020F8BD0446A6
:10E000000D460C2008491646FFF756FC074648B156
:10E01000294620463246FDF7DFFE3946204600F00D
:10E020008BFFEAE70C20F8BD0004002070B506461F
:10E030000D4602F0B9FE20B1037A053B012B0446E0
:10E0400001D90C2070BD01463046FEF745FC002882
:10E05000F7D029686A68AB68ED68C4F83750304675
:10E06000C4F82B10C4F82F20C4F833302146FEF733
:10E070002BFC002070BD00BF38B5054602F094FEB1
:10E0800020B1037A053B012B044601D90C2038BD91
:10E0900001462846FEF720FC0028F7D028462146F6
:10E0A000FEF716FC002038BD2DE9F0470546D0F8F4
:10E0B0004001BDF82090099E9A468307884617467E
:10E0C00032D495F94330002B50DB30490820FFF75C
:10E0D000F3FB0446002C56D0237A082B2AD0092BB8
:10E0E00034D1A4F826802785A4F82AA0A4F82C907F
:10E0F000002E3ED03388238773886387B388A38735
:10E10000F388E3873389A4F840307389A4F8423058
:10E1100095F94330002B12DA2846FCF7DBFD014667
:10E12000284603F053F90AE018490920FFF7C4FB19
:10E130000446CFE72785A4F82AA0A4F82C90284607
:10E14000214600F0F9FE0020BDE8F087104A114991
:10E15000114840F2054315F062FF002383F3118854
:10E16000BFF36F8F0323184602DFE8E71A20BDE8EC
:10E17000F0870A4A4FF0FF33C4E90E23A4F8403079
:10E180004FF6FF73C2E70C20DEE700BF000400205B
:10E19000E8B4040034A604005CA504000000FFFFFE
:10E1A00008B502F001FE28B1007AA0F10C00B0FA27
:10E1B00080F0400908BD00BF10B5044602F0F4FD30
:10E1C00010B1037A092B00D010BD01462046BDE8EE
:10E1D000104002F091BB00BF38B504460D4602F076
:10E1E000E3FD10B1037A092B00D038BD80F8205030
:10E1F00001462046BDE8384002F082BB08B502F077
:10E20000D3FD28B1007AA0F10900B0FA80F04009EE
:10E2100008BD00BF38B505460C4600F0C1FE10B180
:10E220004369A3420ED0284602F0BEFD10B14369F7
:10E23000A34200D038BD224601462846BDE83840FA
:10E2400002F060BF01462246284600F0C9FFEAE717
:10E2500010B5044600F0A4FE18B10146204600F0B7
:10E26000E3FF204602F0A0FD014620B12046BDE8B4
:10E27000104002F05FBF10BD2DE9F04192F821304F
:10E28000144605460E46002B42D092F823301E2B32
:10E290002AD9284600F084FE0746284602F084FD6D
:10E2A0000146002F63D0FA7A94F8233000284CD02E
:10E2B0009342C07A55D03A7B002A61D0984252D01E
:10E2C0000A7B002A4FD1072B71D0112B04D14A7B36
:10E2D00094F824309A4246D023463246394628469E
:10E2E000BDE8F04100F028BF454A52F823202AB18A
:10E2F00004F12000904770B194F82330022BC8D16C
:10E300000123224631462846BDE8F04102F03CBFD9
:10E31000FF2382F82330284600F042FE30B194F803
:10E320002320C37A9A420ED0037B63B9284602F0B9
:10E330003BFD002851D094F82320C37A9A4202D0A2
:10E34000037B002BDDD0BDE8F0819342C4D03A7B43
:10E35000002AC1D1072B4DD0112B4BD00D2BBBD098
:10E36000CEE798421CD11F2385F86031EBE70028E7
:10E37000C6D0234632462846BDE8F04102F048BEEA
:10E38000072B2CD0112B18D0B3F10D0218BF01228E
:10E3900098421FD00B7BEBB9002A9DD02423E3E7E2
:10E3A0000A7B002ADFD1072B91D0112B94D14B7B14
:10E3B00094F824209A42D6D08EE77A7B94F82430C1
:10E3C000D21A18BF0122112804D0087B10B9487B4B
:10E3D0009842E1D1002ACCD1C5E7034691E77A7B88
:10E3E00094F82430D21A18BF01220728EDD1002A50
:10E3F000BFD1B8E77A7B94F824309A4280D16BE79A
:10E400004CB5040070B505460E46FFF71DFB0446EB
:10E41000002862D0337A013B211D0B2B07D8DFE89F
:10E4200003F022282E3506060606063B0642324A2F
:10E4300032493348DD2315F0F2FD002383F31188C0
:10E44000BFF36F8F0323184602DFE379737321460E
:10E450002846FFF70FFB337A0A2B2AD02846BDE85F
:10E46000704000F05BBE084600F0F4FF1323F37227
:10E47000EBE7284601F022F80923F372E5E730467E
:10E4800001F0DAF8FF237461F372DEE7084601F069
:10E49000FDF80C23F372D8E7304601F0E7F8FF23CC
:10E4A0007461F372D1E7284601F02CFB1523F37257
:10E4B000CBE76B8EB5F8A01140F2E24202FB03F30A
:10E4C00042F2107202FB013101392846B1FBF3F12F
:10E4D000BDE8704089B200F027BE074A09490848E4
:10E4E000A22315F09CFD84F31188BFF36F8F0323E3
:10E4F000184602DF8EE700BFC8B5040034A604004A
:10E500005CA50400A4B304002DE9F04107460C46C5
:10E51000164602F04DFC28B10323A37200252846BD
:10E52000BDE8F08121463846FFF786FA0546002807
:10E53000F2D021463846FFF787FA804680B3237A27
:10E54000013B08F104010B2B07D8DFE803F0384644
:10E55000064C060606060606063E264A26492748B3
:10E5600040F25E4315F05BFD002383F31188BFF397
:10E570006F8F0323184602DF98F807306373414614
:10E580003846FFF777FA384602F022FC0423A372DC
:10E59000002EC4D0384602F0EBFD0023A372BEE784
:10E5A000144A174915484FF4836315F038FD88F372
:10E5B0001188BFF36F8F0323184602DFBFE70846B9
:10E5C00000F052FFFF23E372D6E7384601F0B2FABB
:10E5D000FF23C4F81480E372CEE7384600F092FFC0
:10E5E000FF23E372C8E7084601F050F8FF23E37207
:10E5F000C2E700BFC8B5040034A604005CA504004F
:10E60000A4B3040038B50B7A013B0C4605460B2B2E
:10E6100012D8DFE803F006060B2111111111112E9B
:10E620001135BDE838400122FFF76EBF284602F0E1
:10E630009FFD0023A37238BD184A1949194840F2BA
:10E640000E5315F0ECFC002383F31188BFF36F8F9A
:10E650000323184602DF38BD90F82831002BE5D19E
:10E660000122FFF751FF0028E5D0012385F828316A
:10E6700038BD90F94330002B07DB02238B7238BD85
:10E68000BDE838400022FFF73FBF02F071FD94F86B
:10E6900020300022A27285F8603138BDC8B5040070
:10E6A00034A604005CA504002DE9F0410C46897AEB
:10E6B00006461546042900F20E81DFE801F0072323
:10E6C0000C1B0300012D57D0BDE8F081002DFBD1BC
:10E6D0000123A372F8E7002DF6D1237A0A2B7FD10C
:10E6E000304602F045FD94F820300022A27286F8F0
:10E6F0006031E9E7002DE7D121463046BDE8F04121
:10E70000FFF780BF022DDFD1DA786272023A172A52
:10E7100075D801A151F822F06FE80200FFE702006E
:10E72000FFE70200FFE70200FFE70200FFE7020049
:10E730001FE80200FFE70200FFE70200FFE7020018
:10E7400067E80200FFE702001FE80200FFE702009F
:10E75000FFE70200FFE70200F9E60200FFE7020020
:10E7600047E80200FFE70200FFE70200FFE70200C0
:10E77000FFE702003FE80200237A0C2BA4D1FDF74B
:10E78000E9FA94F82030042140EA03073046FFF705
:10E7900089F9A5690023FFB2A361002D00F08C80E8
:10E7A0002B792D2B0ED0544A5449554840F28143C1
:10E7B00015F035FC002383F31188BFF36F8F03231B
:10E7C000184602DF002F5BD101232B7128682946F0
:10E7D000F3F7B6FD304602F0CBFC0023A37273E7DB
:10E7E000454A4849464840F2245315F018FC85F341
:10E7F0001188BFF36F8F0323184602DF70E73E4A8C
:10E8000041493F4840F20D4315F009FC002383F3D2
:10E810001188BFF36F8F0323184602DF6CE7194698
:10E8200000F0B0FED6F840311B057FF565AF06F16C
:10E83000680206F16A013046FDF7B6F95CE7194651
:10E8400000F00CFF58E7194601F0A4F90421304606
:10E85000FFF714F93046FDF745FA84F8200020460A
:10E86000FFF72CF948E7194600F038FF44E719464E
:10E87000204600F007FF08213046FFF7FFF83BE78E
:10E8800003272F71338EEB80237A0C2B05F12008A0
:10E890000DD0194A1D491A4840F28A4315F0BFFBB2
:10E8A000002383F31188BFF36F8F384602DF4146A0
:10E8B000304601F057F989E70F4A1549104840F2F0
:10E8C0007E4315F0ACFB85F31188BFF36F8F0323F4
:10E8D000184602DF64E7084A0B49094840F28A53A8
:10E8E00015F09DFB002383F31188BFF36F8F032383
:10E8F000184602DFE8E600BFC8B5040060B40400B3
:10E900005CA5040010B6040034A604002CB6040074
:10E9100018B404002DE9F041D1F8188000260C4607
:10E9200005468E61B8F1000F49D00126032788F80B
:10E9300004702B8EA8F80630237A042B08F12001EE
:10E9400029D00C2B23D0022B17D0284A284940F27B
:10E95000AB13284815F063FB002383F31188BFF342
:10E960006F8F384602DF0EB1BDE8F081D8F80000A5
:10E970004146BDE8F041F3F7E3BC637A072B1AD0B8
:10E98000092B10D0194A1A494FF48173E1E7284640
:10E9900001F0E8F8E7E7637A0C2B08D0134A144932
:10E9A00040F20F13D5E7284600F0CEFDDBE72846FE
:10E9B00000F07EFED7E7204600F072FDD3E7FFF7B8
:10E9C00057F880460028B1D1084A0B4909484FF44E
:10E9D000C67315F024FB88F31188BFF36F8F0323F0
:10E9E000184602DF88F80480FFDE00BFC8B50400C7
:10E9F00034A604005CA5040018B4040038B50B7AF2
:10EA0000013B0C4605460B2B15D8DFE803F0062426
:10EA10000E3214141414144114494B7A072B04D0E9
:10EA2000132B02D0242385F86031284600F04EFCD9
:10EA30000023A37238BD324A324933484FF413736E
:10EA400015F0EDFA002383F31188BFF36F8F0323D2
:10EA5000184602DF38BD4B7A072B01D0092BE1D1D4
:10EA600094F82030DB07E0D521462846FFF752FF17
:10EA7000DBE74B7A0C2BD5D18B6993B32146284623
:10EA8000FFF748FF284600F021FC0023A37238BDA1
:10EA900000F01CFC00221623A27285F8603138BDFC
:10EAA0004B7A152B16D0072BBCD1D0F8403123F070
:10EAB0002003C0F8403100F009FC0023A37228466F
:10EAC000FFF76EFB0028B5D128460421BDE8384089
:10EAD000FEF7E8BFFDF786F868B9284600F0F6FBB8
:10EAE000EBE7FEF7BDFF0028C8D1284600F016FB73
:10EAF0000423A37238BD21462846FFF70BFFECE73D
:10EB0000C8B5040034A604005CA5040070B50E7AF4
:10EB1000731E0C4605460B2B07D8DFE803F0161DC5
:10EB20003145060606060661066F534A53495448A6
:10EB300040F2CF2315F073FA002383F31188BFF35B
:10EB40006F8F0323184602DF70BD00F0D7FA00284C
:10EB50007FD00123A37270BD00F0D0FA0028F8D155
:10EB600021462846FEF768FF0028F2D021462846B5
:10EB7000FFF748FC6369002B08BF0326A67270BD2F
:10EB800000F0BCFA0028E4D121462846FEF754FFE5
:10EB90000028DED021462846FFF734FC6369002BAD
:10EBA00018BF0226A67270BD90F828319BBB00F0FA
:10EBB000A5FA0028CDD121462846FEF73DFF0028C2
:10EBC000C7D021462846FFF71DFC6269002A4FF096
:10EBD00001030CBF03220222A27285F8283170BD06
:10EBE000FEF72AFF0028B4D021462846FFF70AFC8A
:10EBF0001622022384F82020A37270BDD0F8403181
:10EC00009B0602D5FFF7CCFA68B1284600F05EFB00
:10EC10000023A37270BD0C2200234A728B61BDE8F1
:10EC20007040FFF7EBBE284600F068FA002890D14C
:10EC300021462846FEF700FF00288AD004212846F6
:10EC4000FEF71CFF21462846FFF7DCFB0323A372D7
:10EC500070BD21462846FEF7EFFE00283FF479AF4D
:10EC600021462846FFF7CEFB6369002B0CBF032328
:10EC70000223A37270BD00BFC8B5040034A604000F
:10EC80005CA5040070B50C46897A06461546042931
:10EC900000F2AE80DFE801F003031B280600002D20
:10ECA0005CD070BD002DFCD1237A042B00F0928043
:10ECB000574A584958484FF45F7315F0B0F985F337
:10ECC0001188BFF36F8F0323184602DF70BD052D37
:10ECD000E7D1237A032B01D00A2BE2D1214630461B
:10ECE000BDE87040FFF78ABE012DDAD1DA78627292
:10ECF000023A172A37D801A151F822F0C9ED0200D3
:10ED000067ED020067ED020067ED020067ED0200AB
:10ED1000BFED020067ED0200A1ED020067ED020009
:10ED200067ED020099ED0200DDEC020067ED0200E4
:10ED300067ED020067ED02008FED020067ED020053
:10ED4000DDEC020067ED020087ED020067ED0200D6
:10ED500067ED020067ED0200DDEC02002146BDE830
:10ED60007040FFF7D3BE2A4A2A492B4840F24F335E
:10ED700015F055F9002383F31188BFF36F8F032338
:10ED8000184602DFAAE7194600F02EFFA6E719464B
:10ED9000204600F04BFDA1E7194600F09FFC9DE7DF
:10EDA000194600F01DFCD6F840311B0596D506F13A
:10EDB000680206F16A013046FCF7F6FE8EE7194656
:10EDC000204600F069FB89E7114A1249124840F2D7
:10EDD0003633CDE7FEF744FE00283FF462AF21460C
:10EDE0003046FFF797FD304600F070FAA57270BD0F
:10EDF000074A0849084840F29A3315F010F90023F1
:10EE000083F31188BFF36F8F0323184602DF70BDB1
:10EE1000C8B5040034A604005CA50400131D052237
:10EE2000FFF730BF02F120030122FFF72BBF00BF25
:10EE300013460022FFF726BF02F120030222FFF74C
:10EE400033BC00BF131D0122FFF72EBC1346002266
:10EE5000FFF72ABC70B5044609F022FA68B1D4F86D
:10EE6000F85045B1D4F8FC202B68C4F8F83095422E
:10EE700008BFC4F8FC30284670BD054601210320B8
:10EE800009F0ACF92A46064601210320F0F732FBCF
:10EE9000D4F8F85045B1D4F8FC202B68C4F8F83009
:10EEA000954208BFC4F8FC30002EE4D00122114680
:10EEB0000320F0F71FFB284670BD00BF70B5044665
:10EEC00009F0EEF940B1D4F8F850DDB10022012389
:10EED000A4F80221AB7370BD05460121032009F09F
:10EEE0007DF92A46064601210320F0F703FBD4F8FA
:10EEF000F850002EE9D0012211460320F0F7FAFA6B
:10EF0000002DE3D1094A0A490A484FF4F57315F078
:10EF100086F885F31188BFF36F8F0323184602DF4D
:10EF200000220123A4F80221AB7370BD54B6040083
:10EF30009CB604005CA50400F8B505460C4609F033
:10EF4000AFF940B100232360D5F8FC30F3B11C6069
:10EF5000C5F8FC40F8BD06460121032009F03EF942
:10EF60003246074601210320F0F7C4FA2660D5F89F
:10EF7000FC3083B11C60C5F8FC40002FEAD00122B0
:10EF8000BDE8F84011460320F0F7B4BAC5F8F840E0
:10EF9000C5F8FC40F8BDC5F8F840C5F8FC40ECE702
:10EFA00070B5054609F07CF918B1D5F8F84020464F
:10EFB00070BD04460121032009F010F922460646DF
:10EFC00001210320F0F796FAD5F8F840002EEED094
:10EFD000012211460320F0F78DFA204670BD00BFD4
:10EFE00038B50C460546FFF7DBFF84420DD0184AC2
:10EFF00018491948522315F012F8002383F3118899
:10F00000BFF36F8F0323184602DFA36913B11B7987
:10F010002D2B07D02846FFF71DFF2046BDE83840BE
:10F02000FEF7E6BC0A4A0D490B48572314F0F7FFD8
:10F03000002383F31188BFF36F8F0323184602DF89
:10F040002846FFF707FF2046BDE83840FEF7D0BC52
:10F0500054B60400B0B604005CA50400C4B60400B5
:10F0600038B50546FFF79CFF037A013B04460B2B9E
:10F070002DD8DFE803F0060606061A1A2014140637
:10F080002606014600222846FFF7D2FEA37B03B9DD
:10F0900038BD21462846BDE83840FFF7A1BF0146EC
:10F0A0000022284601F0F8FBF0E70146002228463E
:10F0B000FDF7E6FBEAE7014600222846FEF720FBC3
:10F0C000E4E701460022284601F028FCDEE7084A72
:10F0D000084909484FF4EF7314F0A1FF002383F3AC
:10F0E0001188BFF36F8F0323184602DFCEE700BFFE
:10F0F00054B6040034A604005CA5040090F8040192
:10F10000A0F10100B0FA80F040097047012380F8B7
:10F1100004317047002380F804317047B0F818318B
:10F12000A0F80231704700BFA0F80211704700BF7D
:10F130000023A0F80231704738B50C4689690546AE
:10F1400010461A46F9B1217A01390B2932D8DFE885
:10F1500001F0060606062222271D1D062C06214662
:10F160002846FFF75FFEA36923B11B792D2B1CBF37
:10F170000023A361A37B03B938BD21462846BDE81F
:10F180003840FFF72DBFA3612061DCE72146284608
:10F1900001F02EFBE7E721462846FDF74BFBE2E7AF
:10F1A00021462846FEF77EFADDE72146284601F093
:10F1B000ABFBD8E7074A0849084840F2491314F066
:10F1C0002EFF002383F31188BFF36F8F03231846AC
:10F1D00002DFC8E754B6040034A604005CA50400AE
:10F1E00038B50B7A033B0C460546092B09D8DFE8F6
:10F1F00003F0050808080D08080508052146FFF773
:10F200000DFEA37B0022626143B938BD2146FEF7A3
:10F210007BFAA37B00226261002BF6D021462846B0
:10F22000BDE83840FFF7DCBE38B50B7A072B0C463B
:10F23000054608D0A37B03B938BD21462846BDE862
:10F240003840FFF7CDBEFEF763FAF3E70222002352
:10F2500080F80021A0F80231704700BF38B590F85F
:10F2600000310446032B1AD8DFE803F002100F1018
:10F27000FFF796FE48B1057A2046FFF7F1FE0A2D0A
:10F2800014BF0123032384F8003138BDFFF788FE43
:10F290000028FAD02046BDE83840FFF7E1BE084A12
:10F2A000084909484FF41B7314F0B9FE002383F397
:10F2B0001188BFF36F8F0323184602DF38BD00BFEC
:10F2C00054B6040034A604005CA5040010B590F800
:10F2D00000310446032B0DD8DFE803F008020702D3
:10F2E000FFF7ECFD002384F8003110BDBDE81040AD
:10F2F000FFF7E4BD074A084908484FF41B7314F0B0
:10F300008EFE002383F31188BFF36F8F032318460B
:10F3100002DF10BD54B6040034A604005CA504004E
:10F3200008B590F80031022B13D000D808BD032B8C
:10F33000FCD00A4A0A490B484FF41B7314F06FFEC5
:10F34000002383F31188BFF36F8F0323184602DF76
:10F3500008BD002380F8003108BD00BF54B604008A
:10F3600034A604005CA5040038B590F800310446CA
:10F37000032B3AD8DFE803F009261213204629466A
:10F38000FEF7E6FB2846FEF733FB2046FFF762FD5B
:10F3900005460028F2D1022384F8003138BDFFF77A
:10F3A00059FD05460028F6D029462046FEF7D0FB39
:10F3B0002846FEF71DFB2046FFF74CFD05460028BA
:10F3C000F2D1E8E7FFF746FD05460028E3D02946DD
:10F3D0002046FEF7BDFB2846FEF70AFB2046FFF756
:10F3E00039FD05460028F2D1D5E7084A0849094801
:10F3F0004FF41B7314F013FE002383F31188BFF343
:10F400006F8F0323184602DF38BD00BF54B60400D7
:10F4100034A604005CA5040038B50546FFF71AFDC4
:10F4200068B1044621462846FEF792FB2046FEF7C7
:10F43000DFFA2846FFF70EFD04460028F2D100242B
:10F44000A5F802412146284601F0A0FC85F80041BC
:10F4500038BD00BF03780121122243F0030303707B
:10F460004170C270704700BF03780121132243F03E
:10F47000030303704170C270704700BF0B784FF0F8
:10F48000020C43F0030307220B7081F801C0CA701D
:10F4900090F84C300B7170470B7980F84C30704706
:10F4A0000B784FF0020C43F0030307220B7081F836
:10F4B00001C0CA7090F84C300B71704710B50B78D2
:10F4C0000C460922082143F00303E17062702370A7
:10F4D00090F94330002BACBF0B460E23E370F1F7DD
:10F4E00095FE002261F30702C1F3072C0B0C6CF3AD
:10F4F0000F2263F317421B0A63F31F626060A2606E
:10F5000010BD00BF38B50C460546F1F77FFE2378E5
:10F5100043F00303237009236370E370D5F840318F
:10F52000217263F0FF031840020C0B0CC0F3072597
:10F530002071C1F30721100AA2711A0AE0716571E6
:10F540006172A372E27238BD0B78092243F00303A3
:10F550000B704A70CA70D0E94E23100CC2F3072C0E
:10F560000A711A0C81F805C088714FEA102C0B72D1
:10F57000C3F30720130A81F807C048728A72CB725E
:10F58000704700BF2DE9F0414B68144F8E685A0F49
:10F5900082EA137202F001021F40002193184941D0
:10F5A0009B18054641F1000887EA0374F1F72EFE27
:10F5B00004EA0003C5F8403163F0FF0306F0EF06EC
:10F5C0003B4046EA0878C5E94E3608EA01010122C7
:10F5D000C5F8441185F83021BDE8F0812FCF87F7B9
:10F5E0002DE9F0414A68134F8E68530F83EA127376
:10F5F00003F00103D91807EA02074FF00002524155
:10F60000C918054642F1000487EA0178F1F7FEFDCA
:10F6100006F0EF0646EA0474C5E94E7608EA0000F3
:10F620000C400123C5F84001C5F8444185F830314C
:10F63000BDE8F0812FCF87F70B784FF0030C43F034
:10F64000030319220B7081F801C0CA7090F82030B2
:10F650000B7190F821304B71704700BF0B7980F827
:10F6600048314B7980F84931704700BF0B7802224E
:10F6700043F003030B704A70CA7090F820300B718E
:10F68000704700BF0B7980F8203070470378074A35
:10F69000C0F805204FF0060C43F0030340F60C5170
:10F6A000037080F801C0A0F803107047F105FFFF58
:10F6B0000B784FF0060C43F003030C220B7081F81B
:10F6C00001C0CA7090F82A310B71B0F82B31A1F843
:10F6D0000530B0F82D31A1F807307047012380F8CC
:10F6E00029310B7980F82A31B1F80530A0F82B3197
:10F6F000B1F80730A0F82D31704700BF10B50B7876
:10F70000172443F0030303224C700B70CA70D0F827
:10F710002130D0F825208A604B6090F829300B7397
:10F7200090F82A304B7301F10E0408F0B9FD0C215A
:10F7300020B12046BDE8104004F006B82046BDE8E0
:10F74000104003F0F7BF00BF0B78032243F0030320
:10F750004FF0170C0B7081F801C0CA70D0F821303F
:10F76000D0F825208A604B6090F829300B7390F810
:10F770002A304B73704700BF10B503780D21042267
:10F7800043F0030341700370C270841808F088FDD1
:10F790000C2120B12046BDE8104003F0D5BF204623
:10F7A000BDE8104003F0C6BF03780121052243F0F5
:10F7B000030303704170C270704700BF03780121DA
:10F7C000062243F0030303704170C270704700BF0C
:10F7D000037801210A2243F0030303704170C270D1
:10F7E000704700BF037801210B2243F0030303702D
:10F7F0004170C270704700BF037801714FF0020C76
:10F8000043F003030D22037080F801C0C2707047FB
:10F810000378017143F003034FF0030C03701123CD
:10F8200080F801C0C3704271704700BF0B7980F847
:10F830004D304B7980F84E30704700BF0B784FF059
:10F84000030C43F0030316220B7081F801C0CA7049
:10F8500090F82030C3F3C2034B7190F82030C3F30B
:10F8600002030B71704700BF0A7990F8203062F3F1
:10F87000C50380F820304A7962F3020380F8203013
:10F88000704700BF0B784FF0030C43F003031722BF
:10F890000B7081F801C0CA7090F8A831C3F3C2039D
:10F8A0004B7190F8A831C3F302030B71704700BF8E
:10F8B000CB8843850B7980F82C304B7980F82D303C
:10F8C000704700BF0B784FF0050C43F0030318227C
:10F8D0000B7081F801C0CA70438DCB8090F82C303A
:10F8E0000B7190F82D304B71704700BF0A7990F87A
:10F8F000203062F3C50380F820304A7962F30203B6
:10F9000080F82030704700BF0B784FF0180C43F0A0
:10F9100003030F220B7081F801C0CA70C38C8B8067
:10F92000038DCB80438D0B81838D4B8190F83430D8
:10F930000B73C38EA1F80D30038FA1F80F30438FE6
:10F94000A1F81130838FA1F81330C38FA1F81530BF
:10F95000B0F84030A1F81730B0F84230A1F81930B3
:10F96000704700BF0B784FF0180C43F003031022D0
:10F970000B7081F801C0CA70C38C8B80038DCB8063
:10F98000438D0B81838D4B8190F834300B73C38E84
:10F99000A1F80D30038FA1F80F30438FA1F811307B
:10F9A000838FA1F81330C38FA1F81530B0F8403021
:10F9B000A1F81730B0F84230A1F81930704700BFF5
:10F9C0008B88C384CB8803850B8943854B898385CA
:10F9D0000B7B80F83430B1F80D30C386B1F80F30AE
:10F9E0000387B1F811304387B1F813308387B1F83A
:10F9F0001530C387B1F81730A0F84030B1F819308E
:10FA0000A0F84230704700BF8B88C384CB88038541
:10FA10000B8943854B8983850B7B80F83430B1F8A3
:10FA20000D30C386B1F80F300387B1F8113043872A
:10FA3000B1F813308387B1F81530C387B1F81730A8
:10FA4000A0F84030B1F81930A0F84230704700BF3C
:10FA50000B78002243F003034FF00C0CCA700B70BC
:10FA600081F801C090F823300B71036B094AA2FBA7
:10FA700003239B0AA1F80530438DA1F80930038DBB
:10FA8000A1F80730838DA1F80B30838CA1F80D30DD
:10FA9000704700BF5917B7D10B7980F82330B1F800
:10FAA000053040F2E24202FB03F30363B1F8093090
:10FAB0004385B1F807300385B1F80B308385B1F881
:10FAC0000D308384704700BF0B784FF0080C43F073
:10FAD000030301220B7081F801C0CA70038CA1F8E6
:10FAE0000930D0F822304B6090F826300B72704706
:10FAF000B1F8093003844B68C0F822300B7A80F8E3
:10FB0000263070470B784FF0090C43F003031422A2
:10FB10000B7081F801C0CA70B0F866308B80B0F805
:10FB200064300B81B0F86A30CB80B0F868304B811C
:10FB3000704700BF0B784FF0090C43F00303152208
:10FB40000B7081F801C0CA70B0F866308B80B0F8D5
:10FB500064300B81B0F86A30CB80B0F868304B81EC
:10FB6000704700BF0B784FF0090C43F003031522D8
:10FB70000B7081F801C0CA70B0F876308B80B0F895
:10FB800074300B81B0F87A30CB80B0F878304B818C
:10FB9000704700BF8B88A3F11B02E02A22D8B1F87E
:10FBA00008C0ACF11B02E02A1CD830B5CD88A5F501
:10FBB000A47244F2481492B2A24212D84A89002197
:10FBC0008E4662F30F0EA2F5A4726CF30F0192B28F
:10FBD000A24263F31F4165F31F4E9CBFC166C0F88C
:10FBE00070E030BD704700BF8B88A3F11B02E02A94
:10FBF00022D8B1F808C0ACF11B02E02A1CD830B5FD
:10FC0000CD88A5F5A47244F2481492B2A24212D84B
:10FC10004A8900218E4662F30F0EA2F5A4726CF39E
:10FC20000F0192B2A24263F31F4165F31F4E9CBFC6
:10FC3000C166C0F870E030BD704700BFF8B5CE694E
:10FC400000230C4607461546CB61A6B30F2D06F1DF
:10FC500004011BD0112D21D0E5B1214A21492248B0
:10FC60004FF4A37314F0DBF9002383F31188BFF37F
:10FC70006F8F0323184602DFF379637331463846EA
:10FC8000FDF7F8FE237A092B10D0F8BD2046FFF7C8
:10FC90003BFEF1E72046FFF7DBFEEDE7084694F870
:10FCA000202094F82110FFF7B3FDE5E73846BDE8C2
:10FCB000F840FFF733BAFDF7C7FE06460028C5D166
:10FCC000074A0A49084840F22F1314F0A8F986F3AE
:10FCD0001188BFF36F8F0323184602DFB6E700BF1A
:10FCE0001CB7040034A604005CA50400A4B30400FF
:10FCF00070B58C6900230D4606468B610CB3192341
:10FD000022792371338EE38095F8203084F82030F7
:10FD100043B92B8D63846B8DA384AB8DE3842D2A33
:10FD200009D070BD738E6384B38EA384B6F8A031FE
:10FD3000E3842D2AF5D120682146BDE87040F2F712
:10FD4000FFBA074A0749084840F2071314F067F959
:10FD500084F31188BFF36F8F0323184602DFCEE7C9
:10FD60001CB7040018B404005CA50400F8B58C6945
:10FD700000230D4606468B6194B103232779237136
:10FD8000338EE38004F120012846FFF7BDFD2D2FBF
:10FD900000D0F8BD20682146BDE8F840F2F7D0BA9F
:10FDA000074A084908484FF4597314F038F984F3A6
:10FDB0001188BFF36F8F0323184602DFDDE700BF12
:10FDC0001CB7040018B404005CA5040030B5438ED1
:10FDD0000A8D4C8D8D8D934285B002D1838EA342C6
:10FDE00014D0012381F8223002950B6BCDE9002459
:10FDF0000C7A91F82320898C0391A4F10801B1FABF
:10FE000081F14909E4F7BCF805B030BDB0F8A03184
:10FE10005B1B18BF0123E5E7F8B5CD6900230C464D
:10FE200007461646CB61002D3FD0291D112E0AD85A
:10FE3000DFE806F02E0909090909092A0909090953
:10FE4000090909093222234A234924484FF45273ED
:10FE500014F0E5F8002383F31188BFF36F8F0323B9
:10FE6000184602DFEB79637329463846FDF702FE38
:10FE7000237A092B14D0F8BD084694F8202094F872
:10FE80002110FFF7C5FCEDE72046FFF7F7FAE9E799
:10FE90002046FFF7DDFDE5E72046FFF763FDE1E7DC
:10FEA0003846BDE8F84000F093BFFDF7CDFD0546AC
:10FEB0000028BAD1074A0A49084840F22E3314F004
:10FEC000AEF885F31188BFF36F8F0323184602DF66
:10FED000ABE700BF1CB7040034A604005CA5040017
:10FEE000A4B304002DE9F0411B4E336804460D46CF
:10FEF0002BB1834203D00123AB72BDE8F0812046D1
:10FF0000FFF7FCF80028F6D1204600F047FF07462F
:10FF10000028F0D129462046FDF78EFD0028EAD0C2
:10FF20002046FBF721FE01218046204600F02EFFEF
:10FF3000A5F8368085F834700F22294620463460B3
:10FF4000FFF77CFE94F84330DB090CBF41F202035B
:10FF500004236B81D1E700BF687C0020C38C052B94
:10FF600003D9028DB2F5486F01D900207047934242
:10FF7000FBD8438DB3F5FA7FF7D200B5B0F82CC0AB
:10FF8000ACF10A0189B240F6764E714502D90020E3
:10FF90005DF804FB01339BB202FB03F3B3EB8C0F60
:10FFA000F5D290F8340090428CBF00200120EFE79A
:10FFB00038B58B690C46054673B11B4A1B491C4872
:10FFC00040F2863314F02BF8002383F31188BFF33B
:10FFD0006F8F0323184602DFFDF74AFD2D23A06132
:10FFE000037194F834200121002384F82310236343
:10FFF0004AB1238DE18CB3FBF2F313FB02F39BB206
:020000023000CC
:10000000994298BF23852846FBF7AEFDAB8E063399
:100010001844A084002221462846FFF7FDFE4FF633
:100020000B73638138BD00BF1CB7040068B70400C0
:100030005CA5040038B505460C4600F0B9FE10B1C9
:100040000923A37238BD21462846FDF7F5FC002898
:10005000F6D021462846FDF7F7FCE061FDF700FDEC
:1000600010B90C23A37238BD21462846BDE838409C
:10007000FFF79EBF38B505460C46FFF73FF810B1B5
:100080000323A37238BD21462846FDF7D5FC00287E
:10009000F6D021462846FDF7D7FCA369E0611BB3E3
:1000A0002D221A7194F834200121002384F82310A2
:1000B00023634AB1238DE18CB3FBF2F313FB02F30C
:1000C0009BB2994298BF23852846FBF74DFDAB8E26
:1000D00006331844A084002221462846FFF7AEFDCF
:1000E000FF23E3720623CCE7FDF7BAFC38B1A3691E
:1000F000002BD5D1FDF7BCFC0346A061D0E7072358
:10010000BFE700BF70B50C460546FBF72DFDA38C7D
:10011000C31A1B0400D570BD21462846FFF756FEC2
:10012000237A092B15D094F82260E6B92046FDF712
:10013000E9FCA661284601F01BF8237A092B05D1BA
:100140000D4B1A68954204BF00221A600023A37267
:1001500070BD284600F042FE237A092BE3D194F8C3
:100160002030002BDFD0002384F8203021462846A1
:10017000FFF7BEFDDEE700BF687C002070B50646D5
:100180000C4600F015FE10B10623A37270BD0546A3
:1001900021463046FDF750FC0028F5D011222146BB
:1001A0003046FFF739FE304600F0E2FF237A092B94
:1001B00004D1044B1A68964208BF1D600023A37245
:1001C00070BD00BF687C002070B5204A13680646E9
:1001D0000C468BB183420FD002238B7200F0E8FDF6
:1001E000054620B921463046FDF726FC08BB2046CF
:1001F000BDE87040FDF762BC218D738E1660994298
:10020000628DA08D06D021463046FFF7AFFD042356
:10021000A37270BDB38E9342F5D1B6F8A03183427C
:10022000F1D12046FDF76EFC00220523A261A372E6
:1002300070BD4FF47263214623843046FFF79EFF62
:100240002046FDF75FFCA56170BD00BF687C002003
:1002500070B50C46897A064615460C2900F28B804B
:10026000DFE801F00B172A323C4657895E686F823F
:100270000700002D00F08F8070BD002DFCD1237A87
:10028000082B00F0AB80092B40F099800123A3726A
:1002900070BD012DF0D120461946FFF791FB204695
:1002A000FFF75CFE50B940F61E73238421463046AA
:1002B000BDE87040FFF762BF012DDDD82146304612
:1002C000BDE87040FFF780BF002DD5D1FDF7C8FB1A
:1002D000002840F0C5800323A37270BD032D65D0B4
:1002E000042DC9D10F22062384F82120A37270BDEA
:1002F000002DC1D190F94330002B5ADA94F8203008
:1003000083B10F2384F821302146BDE87040FFF708
:1003100035BF002DB0D12146BDE87040FFF72EBF9C
:10032000002DA9D1304600F043FD002859D0082304
:10033000A37270BD002D9FD12146BDE87040FFF72C
:1003400079BE022D98D190F84320C2F3C011D20992
:1003500055D184F84C1000F02BFD0546002800F024
:1003600088800D23A37270BD002D85D12146BDE884
:100370007040FFF7C7BE504A5049514840F25153B0
:1003800013F04DFE002383F31188BFF36F8F032317
:10039000184602DF70BDFDF763FB00283FF46CAF29
:1003A00021463046BDE87040FFF702BE0523A37228
:1003B00070BDA5612146BDE87040FFF73BBE3E4AD7
:1003C0003E493F4840F2F23313F029FE85F311888D
:1003D000BFF36F8F0323184602DF70BD0A23A37299
:1003E00070BD21463046FDF727FB00289FD0102224
:1003F00021463046FFF710FD0A23638170BD194680
:100400002046FFF749FB218D628DA58D8B1F9BB286
:1004100040F67A4083422AD8B2F5FA7F27D2A5F176
:100420000A039BB240F67640834220D8531C9BB20D
:1004300001FB03F3B3EB850F19D23046A58CFBF714
:1004400093FB2B1A9BB247F6FE72934229D92823BD
:1004500086F86031304600F08BFE0023A37270BD39
:1004600021463046FFF782FC0423A37270BD1E2391
:10047000EEE721463046FDF7DFFA00283FF471AF82
:10048000072221463046FFF7C7FC304600F070FED9
:10049000237A092BE1D10B4B1A689642DDD11D60FE
:1004A000DBE72046FDF70AFB0B23A372214630460B
:1004B000BDE87040FFF726BE1CB7040034A6040058
:1004C0005CA50400687C002070B506460C46FEF76B
:1004D00015FE10B10523A37270BD054621463046B6
:1004E000FDF7AAFA0028F5D02946304600F04EFC68
:1004F000112221463046FFF7A1FB3046FEF7E6FE0B
:10050000237A092B02D00023A37270BD96F94330E1
:10051000002B06DB064B1A689642F4D100221A60C3
:10052000F1E73046FDF76AFE0028F3D0EBE700BFA5
:10053000687C002070B50C46897A82B00646154664
:10054000072900F23C81DFE801F0092029495287A0
:100550008B04002D00F0BD8002B070BD002DFBD1DA
:10056000237A082B00F0A580092B10D09C4A9D49C6
:100570009D484FF4F57313F052FD85F31188BFF3D6
:100580006F8F0323184602DFE6E7002DE4D12146F2
:10059000304602B0BDE87040FFF7A4BC032D00F068
:1005A000CF80042D00F08780012DD5D1194620463B
:1005B000FFF72AFA3046022100F0E8FB2046FFF759
:1005C000CDFC002840F0E18041F21E032384214647
:1005D000304602B0BDE87040FFF776BF002DBBD1BA
:1005E0002146304602B0BDE87040FFF743BD032D01
:1005F00000F0C180042D00F0B380022DACD119466B
:100600002046FFF749FA228D608DB4F82CC0931F65
:100610009BB240F67A418B4200F2AF80B0F5FA7F90
:1006200080F0AB80ACF10A039BB240F676418B427E
:1006300000F2A380431C9BB202FB03F3B3EB8C0FCD
:1006400080F09B802946304600F0A0FB2046FDF755
:1006500035FA0623A3727FE7002D7FF47DAFB6E75E
:10066000002D7FF479AFFBF77FFAA38CC01A030447
:100670003FF572AF2946304600F088FB21463046F0
:10068000FFF7A4FB237A092B00F0878094F822500F
:10069000002D40F08E802046FDF734FAA5613046EB
:1006A000FEF714FE237A092B3FD00023A37202B079
:1006B00070BDA56194E73046022100F067FBD6F8D3
:1006C000403123F002032046C6F84031FDF7F6F929
:1006D00086E7FDF7C5F900283FF43EAFA069002882
:1006E00069D02D23037194F834200121002384F86C
:1006F000231023634AB1238DE18CB3FBF2F313FB88
:1007000002F39BB2994298BF23853046FBF72CFA3F
:10071000B38E06330344A384002221463046FFF7FC
:100720008DFA4FF60673638116E796F94330002B76
:100730002DDB2E4B1A689642B7D100221A60B4E71F
:100740005A791A2AB7D00021019300F01FFB019BB0
:100750005B7984F8203021463046FFF7C9FA9EE7DE
:10076000D0F840311A2223F00203C0F8403121466C
:1007700084F82020F0E75B79EBE70021304600F0B9
:1007800005FB1E2386F8603189E720469EE7304648
:10079000FDF734FD0028CCD087E73046FEF7C8FCD3
:1007A000237A092B7FF472AF94F82030002B3FF4AA
:1007B0006DAF0023CDE7FDF75BF9A06191E7084A33
:1007C000084909484FF43E7313F029FC002383F3D2
:1007D0001188BFF36F8F0323184602DFBCE600BF0A
:1007E0001CB7040034A604005CA50400687C00204B
:1007F00010B592F823C082B0044602F12003BCF188
:10080000110F0AD8DFE80CF02C090909090909259C
:1008100009090909090909091E17242380F860310B
:100820000191FEF753FD01990B7A092B1FD000238C
:100830008B7202B010BD0322204602B0BDE810400A
:10084000FFF778BE0122204602B0BDE81040FFF756
:1008500071BE0422204602B0BDE81040FFF76ABE18
:100860000222204602B0BDE81040FFF763BE94F9B3
:100870004330002B06DB074B1A689442D7D1002285
:100880001A60D4E720460191FDF7B8FC01990028D1
:10089000F1D0CCE7687C002013460022FFF74ABE67
:1008A00070B592F8235002F1200335B10F2D09D114
:1008B000BDE870400122FFF7CBBCBDE870400222CA
:1008C000FFF7C6BC24230E4680F86031044600F0D2
:1008D0004FFC337A092B05D1044B1A68944204BFAC
:1008E00000221A600023B37270BD00BF687C002034
:1008F00013460022FFF7ACBC00230322FFF7A8BC7D
:1009000000230422FFF7A4BC10B524230C4680F872
:100910006031FEF7DBFC0023A37210BD70B58B7A4B
:10092000012B0C46054617D9022B06D1FBF71CF903
:10093000238CC01A030415D570BD2C4A2C492D48B0
:10094000B62313F06CFB002383F31188BFF36F8F82
:100950000323184602DF70BDFEF7D0FB88B10123E8
:10096000A37270BD0021284600F010FA04F12201A4
:100970002846FBF707F92846FEF7A8FC0023A372D8
:1009800070BD284600F00AFA0028E8D12146284622
:10099000FDF752F80028E2D00121284600F0F6F9D0
:1009A0002846FBF7E1F8831D238421462846FDF7FE
:1009B0004BF8064660B1311D2046FFF785F8F37904
:1009C000637331462846FDF755F80223A37270BDC4
:1009D000064A094907485C2313F021FB86F3118876
:1009E000BFF36F8F0323184602DFE4E788B70400E4
:1009F00034A604005CA50400A4B3040070B592F80A
:100A00002330012B05460C4607D0242380F86031A3
:100A100000F0AEFB0023A37270BD8B7A012B12D0C5
:100A200013F0FD0FF8D0154A1549164840F2271368
:100A300013F0F5FA002383F31188BFF36F8F0323BC
:100A4000184602DF70BD02F120012046FFF750F882
:100A50002846268CFBF788F8361AB6B247F6FE739E
:100A60009E4202D80223A37270BD282385F860310C
:100A7000284600F07DFB0023A37270BD88B70400F8
:100A800034A604005CA5040038B58B7A012B12D083
:100A9000022B0C4610D00BB3124A1349134840F2F4
:100AA000271313F0BCFA002383F31188BFF36F8F71
:100AB0000323184602DF38BD0546FBF755F8238CA3
:100AC000C01A0304F7D404F122012846FBF75AF8B0
:100AD000284600F04DFB0023A37238BD01238B7222
:100AE00038BD00BF88B7040034A604005CA504002C
:100AF00038B5D0F808318B4204460D4623D01C4A45
:100B00001C491D48782313F08AFA002383F31188C7
:100B1000BFF36F8F0323184602DFAB6913B11B7954
:100B20002D2B15D0D4F8083143B1D4F80C111A6824
:100B3000C4F80821994208BFC4F80C212846BDE832
:100B40003840FCF755BF8B69002BE8D10B46ECE72A
:100B5000074A0A4908487D2313F061FA002383F30A
:100B60001188BFF36F8F0323184602DFDAE700BF57
:100B7000D0B70400B0B604005CA50400C4B60400FD
:100B800038B5D0F808512B7A013B04460B2B28D8F6
:100B9000DFE803F00606060618181D1313062206E2
:100BA00000222946FEF752F9AB7B2BB1294620469D
:100BB000BDE83840FFF79CBF38BD00222946FFF74B
:100BC00097FEF1E700222946FBF78EFEECE70022B4
:100BD0002946FCF7BFFDE7E700222946FFF754FF4F
:100BE000E2E7084A084909484FF4E77313F017FA97
:100BF000002383F31188BFF36F8F0323184602DFAE
:100C0000D2E700BFD0B7040034A604005CA50400FE
:100C100070B5D0F8085104461DB394F81431012B77
:100C200003D1022384F8103170BD29462046FCF719
:100C300003FF0028F5D029462046FCF705FF0646AD
:100C4000F0B1311D2846FEF719FCF3796B7331467C
:100C50002046FCF70FFF0123AB73002384F810310B
:100C600070BD0F4A0F49104840F2162313F0D7F910
:100C700085F31188BFF36F8F0323184602DFCCE79B
:100C8000074A0A4908484FF4EF7313F0C8F986F38E
:100C90001188BFF36F8F0323184602DFD1E700BF2F
:100CA000D0B704009CB604005CA50400A4B3040003
:100CB00070B5D0F808510446ADB394F81431012B47
:100CC00003D1012384F8103170BD29462046FCF77A
:100CD000B3FE0028F5D029462046FCF7B5FE0646AF
:100CE00000283CD02046FEF75BF92A7A037A93422B
:100CF00006F1040026D0082B26D02A2194F83031A2
:100D00001BB1D4F840315B0723D4FEF775FDF379AE
:100D10006B7331462046FCF7ADFE0123AB73002315
:100D200084F8103170BD154A1549164840F2062363
:100D300013F075F985F31188BFF36F8F03231846FD
:100D400002DFBAE72321D9E7092A14BF2A21232188
:100D5000D4E70A4694F81711FEF75AFDD7E7074A79
:100D6000094908484FF4EF7313F059F986F31188D5
:100D7000BFF36F8F0323184602DFB3E7D0B7040039
:100D80009CB604005CA50400A4B3040080F816110E
:100D9000704700BF704700BF0020704790F81501F2
:100DA000003818BF01207047D0F80801704700BF15
:100DB00090F81401A0F10100B0FA80F040097047EA
:100DC000012380F814317047002380F814317047F4
:100DD000B0F81831A0F81231704700BF0023A0F816
:100DE0001231704738B5D0F80841A4B10546D5F89E
:100DF0000C212368C5F808319442214608BFC5F884
:100E00000C312846FCF7A4FE2046FCF7F1FDD5F88E
:100E10000841002CEBD138BD022938B5054612D067
:100E200004290C460AD0012900D038BDD0F8083179
:100E3000002BFAD0BDE83840FFF7A2BEFFF7D2FF83
:100E400085F8104138BDD0F80841002380F81531ED
:100E50003CB100230122A5F81231A27385F81031AC
:100E600038BD074A0749084840F2292313F0D7F84C
:100E700084F31188BFF36F8F0323184602DFE8E77E
:100E8000D0B704009CB604005CA50400F8B590F847
:100E9000103104460E461546052B00F2A180DFE80E
:100EA00003F00E1607030B03BDE8F840FFF7B4BFCD
:100EB000BDE8F840FFF7ACBE03290CD0F8BD71B116
:100EC0000429FBD1FFF78EFF84F81061F8BDBDE85F
:100ED000F840FFF7EDBE002380F81031F8BDD0F8E0
:100EE0000871002FEAD03B7A90F816C190F843E0E1
:100EF000112B11D8424A012101FA03F002405AB3E2
:100F00000A2B22D0C3B184F815612046FFF738FEC2
:100F1000032384F81031F8BD3A4A3B493B486B2320
:100F200013F07DF8002383F31188BFF36F8F032341
:100F3000184602DF3B7AE3E795F8233087F84C3018
:100F40002046BDE8F840FFF763BE2046FFF718FED5
:100F5000052384F81031F8BD10F4386FDCD00A2B6B
:100F6000F3D0002BE8D0BCF1000F01D10E46CAE748
:100F70001EF0800F12D1BCF1010F22D0BCF1020F84
:100F80009CD12046FEF70CF83B7A027A9A4223D095
:100F9000082A1FD02A2384F86031F8BDBCF1010F64
:100FA000ECD12046FDF7FCFF08B1FF22C2720123FD
:100FB00084F815312046FFF7E3FD032384F8103150
:100FC000F8BD95F8233084F817312046BDE8F84085
:100FD000FFF76EBE092BDDD1232384F86031F8BD05
:100FE000084A094909484FF4437313F018F80023DD
:100FF00083F31188BFF36F8F0323184602DFF8BD18
:101000007FF40300D0B7040034A604005CA50400FC
:1010100038B50C468969054610461A46237AF1B15F
:101020000C2B57D8DFE803F00D070707073C3C48B7
:101030004242074E070021462846FDF7FDFEA16902
:1010400021B10B792D2B1CBF0023A361A37B2BB1F6
:1010500021462846BDE83840FFF74ABD38BDA261A9
:1010600020610C2B36D801A151F823F0D1100300D8
:101070003710030037100300371003003710030048
:10108000A1100300A1100300B9100300AD1003006C
:10109000AD10030037100300C51003003710030024
:1010A00021462846FBF7F0FBA169C9E721462846FF
:1010B000FFF7F6FBA169C3E721462846FCF72CFBA6
:1010C000A169BDE721462846FFF798FCA169B7E76B
:1010D0001146B5E7084A094909484FF4A17312F0CF
:1010E0009EFF002383F31188BFF36F8F03231846FD
:1010F00002DFA169A4E700BFD0B7040034A6040052
:101100005CA5040038B50B7A072B0C4605460ED0BB
:101110000C2B01D1FDF796FEA37B002262612BB15F
:1011200021462846BDE83840FFF7E2BC38BDFCF751
:1011300015FBF1E738B50B7A072B0C46054608D0AE
:10114000A37B2BB121462846BDE83840FFF7D0BC31
:1011500038BDFCF707FBF3E70422002380F81021D9
:10116000A0F81231704700BF00220121FFF78EBEA8
:1011700000220221FFF78ABE00220321FFF786BE6C
:1011800000220421FFF782BEF0B5044683B00E466C
:10119000154683B192F823301B2B31D8DFF894C069
:1011A00090F843100CEB4307C9097F781AB201236A
:1011B0008B403B402BD11846FCF7F6FC0746E8B1C4
:1011C00000230360D4F80C31E3B11860C4F80C01BB
:1011D0002A4600212046FFF759FEBB7B1BB139464A
:1011E0002046FFF785FCD4F8081139B12B4632466A
:1011F000204603B0BDE8F040FFF70ABF03B0F0BDE2
:101200000023D8E7C4F80801C4F80C01E0E71CF893
:1012100012300A2BCFD10193FFF7E4FD0022A4F88E
:10122000122184F8152184F810212046FEF7F4F8E5
:10123000019BC0E718B8040010B50446FFF7D2FDC3
:101240000023A4F8123184F8153184F8103110BD50
:1012500010B50C4630B994F888316FF3000384F868
:10126000883110BD0A4A0B490B4840F2A22312F004
:10127000D6FE002383F31188BFF36F8F0323184634
:1012800002DF94F888316FF3000384F8883110BDD1
:1012900050B8040098B804005CA5040000B9704779
:1012A00008B5084A0849094840F29A2312F0B7FEE7
:1012B000002383F31188BFF36F8F0323184602DFE7
:1012C00008BD00BF50B8040068AD04005CA5040070
:1012D000012800D0704710B50C46F1F7F9F88442A8
:1012E0000ED0084A0849094840F2922312F097FEAE
:1012F000002383F31188BFF36F8F0323184602DFA7
:1013000010BD00BF50B80400ACB804005CA50400D8
:101310002DE9F843099C9DF820900546208E4FF654
:10132000FF71884225D02946204690461F46FAF78D
:1013300075F9F0B926780136F6B226705EB31D490C
:101340001D4B0F8104F11C000022C860C1E9005848
:1013500081F80A90996001201146EEF701F950B921
:10136000FF20FAF78FF92046FF21BDE8F843FAF78E
:1013700085BABDE8F883114A114912484FF4137336
:1013800012F04DFE002383F31188BFF36F8F032308
:10139000184602DFE4E7094A0B490A4840F23F23B6
:1013A00012F03DFE86F31188BFF36F8F03231846BA
:1013B00002DFC4E7B48100201004002050B804000C
:1013C00010A604005CA5040088AD0400438F43B15F
:1013D00010B590F8883113F0010488B002D008B03D
:1013E00010BD7047124A43F0010380F8883109317B
:1013F0000123CDE90442CDE902430690CAB2CDE90A
:101400000044234603212046EFF7B2FD10F0FD0F04
:10141000E5D0084A0849094840F2052312F0FFFDCB
:1014200084F31188BFF36F8F0323184602DFD6E7DA
:101430005112030050B8040080B104005CA5040000
:1014400038B50C461546F9F755FC48B11CB1BDE856
:101450003840FCF711BE2946BDE83840FCF7E6BD30
:10146000022038BD38B50C461546F9F743FC58B193
:1014700090F94330002B05DA2A462146BDE8384072
:10148000FCF78CBC0C2038BD022038BD704700BF73
:1014900000B9704708B5084A0849094840F21E4398
:1014A00012F0BDFD002383F31188BFF36F8F032378
:1014B000184602DF08BD00BFDCB8040068AD0400B8
:1014C0005CA5040028B9104B01F11C029A600A784F
:1014D00002B970470D4910B502460446D96001466D
:1014E0000220EEF73DF800B910BD094A09490A4843
:1014F00040F2154312F093FD84F31188BFF36F8F10
:101500000323184602DF10BD30040020A937030072
:10151000DCB8040050A704005CA504002DE9F843E2
:10152000099C9DF820900546208E4FF6FF71884259
:101530002CD02946204690461F46FAF76FF828BB64
:1015400026780136F6B2267096B30220FAF79AF89A
:1015500002212046FAF792F91D491E4B0F8104F132
:101560001C000022C860C1E9005881F80A90996007
:1015700001201146EDF7F4FF50B9FF20FAF782F889
:101580002046FF21BDE8F843FAF778B9BDE8F883B3
:10159000114A1249124840F2CD3312F040FD0023A7
:1015A00083F31188BFF36F8F0323184602DFE4E74C
:1015B000094A0C490A4840F2BA3312F030FD86F36A
:1015C0001188BFF36F8F0323184602DFBDE700BF0A
:1015D000CC81002020040020DCB8040010A6040008
:1015E0005CA5040088AD0400F8B505460020F8F7B6
:1015F0004DFE044602F024FCC0B280B9002D37D065
:1016000094F83C30DB0703D52046E1F775FD70BB4D
:101610000120F8F73BFEBDE8F840E1F76DBD256A13
:10162000AB6F73B1244A2549254840F2294312F093
:10163000F6FC002383F31188BFF36F8F0323184652
:1016400002DF05F16C0105F16800EDF707FF0646C2
:1016500098B12F68AE67D7F86451EDB12846F0F71E
:101660004BFE3846F9F730FB002323620320F8BD18
:101670002046BDE8F840E1F73FBD0F4A1149104848
:1016800040F22B4312F0CBFC86F31188BFF36F8F2F
:101690000323184602DFDCE7074A0A49084840F2FC
:1016A000324312F0BCFC85F31188BFF36F8F032324
:1016B000184602DFD2E700BFDCB80400C4AD040066
:1016C0005CA5040070B204002DE9F041064600203C
:1016D000F8F71EFE04460120F8F71AFE0546C4B3CB
:1016E00004F11C077B68C3B393F82C2042F002027C
:1016F00083F82C20D7F80480B8F1000F2DD034B136
:1017000021460020F8F752FB08B1BDE8F0812DB169
:1017100029460120F8F74AFB0028F6D1D8F8004006
:10172000D4F8645104F5B278D5B12846F0F7E4FD59
:10173000172384F868314FF6FF73A4F86A31022347
:1017400084F88431C4F86C71C6F800800020BDE8CC
:10175000F08100F11C070028C4D10C20BDE8F08105
:10176000074A084908484FF4047312F058FC85F3FF
:101770001188BFF36F8F0323184602DFD5E700BF40
:10178000DCB8040070B204005CA5040070B50C461F
:1017900015461E46F9F7AEFAB8B190F89AC01CF09B
:1017A000180C04D0BCF1180F08D00C2070BD3346C3
:1017B0002A462146BDE87040FCF74ABB33462A461C
:1017C0002146BDE87040FCF773BB022070BD00BF2E
:1017D00030B583B001A8FFF777FF044610B120466B
:1017E00003B030BDF8F794FD05460120F8F790FDF1
:1017F00098B135B195F856302C6264F3410385F801
:101800005630054695F8563000226FF341032046C6
:1018100085F856302A6203B030BD002DF2D10A4A55
:101820000A490B484FF4197312F0F9FB85F311883C
:10183000BFF36F8F0323184602DF95F8563065F328
:10184000410385F85630FFDEDCB80400ACB004007C
:101850005CA5040070B583681C68256A002D50D013
:1018600000262662AB6F6BB1354A364936484FF4D5
:10187000207312F0D4FB86F31188BFF36F8F03231C
:10188000184602DF05F16C0105F16800EDF7E6FD91
:10189000064638B32868AE67F9F716FA94F856206A
:1018A00094F83C306FF341026FF3020384F8562042
:1018B00084F83C300120F8F72BFD054688B18442BE
:1018C0000FD0046A64B395F8561095F83C200023B5
:1018D00063F3410163F302022B6285F8561085F829
:1018E0003C2070BD164A1949174840F2832312F074
:1018F00096FB86F31188BFF36F8F0323184602DF30
:10190000C8E70F4A1249104840F27D2312F087FBC6
:1019100085F31188BFF36F8F0323184602DF9FE71B
:10192000074A0B4908484FF4267312F078FB84F3FA
:101930001188BFF36F8F0323184602DFC3E700BF90
:10194000DCB80400C8A604005CA5040070B2040062
:10195000BCA6040070B5032482B04FF6FF76204683
:10196000F9F7C8F90546684655B195F94330002B9B
:1019700006DB00F02FF969462846FCF70BFB20B97F
:10198000013CA4B2B442EAD1002002B070BD00BF55
:1019900008607047C31E012B05D9093803288CBF86
:1019A0000020012070470120704700BF093803283C
:1019B0008CBF0020012070472DE9F04F95B01E46E6
:1019C0000B1D0D930023CDE91033CDE90933FF271B
:1019D000054691468DF83F700B933C4698460DF1B5
:1019E000480A0DF1400B404B059311AB0020CDE9A7
:1019F00000B302231293CDF818A0CDF80C900490F8
:101A0000029033460DF13F022946EFF793FB02287F
:101A100012D0129BB3B9FF2C25D03368434522D096
:101A2000002F42D0013FFF24FFB28DF83F40DAE79C
:101A300029460020EFF7CCFB129B022BF8D0129B1B
:101A4000002BE8D0294A2A492A484FF4EE7312F0B5
:101A5000E6FA002383F31188BFF36F8F0323184640
:101A600002DFFF2CD9D19DF83F00FF282CD013A90D
:101A7000E3F766FA0028B6D0FF2CDDF84080139B10
:101A80000AD009990C934046EFF7BCFB0D9B0A9ACC
:101A90009A1890420C9B19D8CDE90983119BD6F86E
:101AA00000809DF83F400B939DE713490F4A114872
:101AB0004FF4F27312F0B3FA87F31188BFF36F8F0C
:101AC0000323184602DFADE7FF2C08D01E9B099ABE
:101AD0001A601F9B0B9A1A60209B0A9A1A60204674
:101AE00015B0BDE8F08F00BF9119030020B90400C4
:101AF00050AF04005CA5040064B9040010B588B0C0
:101B00000C4607AA06A905ABCDE9012100930146C1
:101B1000194A23460320FFF74FFFFF2828D0032848
:101B2000DDE905310DD0042803D00938C0B20328FF
:101B30001ED822680B4402331A442260002008B0E9
:101B400010BD22680B4402331A4422600020F6F7CD
:101B500043FF036ADB6A002BF0D01A6892F8523018
:101B60009B07EBD523681269023313442360E5E732
:101B70006FF00900E3E700BF9519030008B50A4AB2
:101B8000034600681060052110461B791371EDF7BC
:101B9000FFFD064B1870FFF7DDFEF6F7F5F9F7F7D6
:101BA000D1FE002008BD00BFE4810020E2980020A3
:101BB000064B074A10B41F204FF0FF3425211C604C
:101BC000187111705DF8044B704700BFE48100206C
:101BD000E2980020044A054903461068186012790B
:101BE00008781A71704700BFE4810020E298002055
:101BF00030B5044600789DF80C5002FB01111F4AD5
:101C0000014482FB01020A44521102EBC20002EBC2
:101C100080028A1AD0B2C1082070595C02F0070213
:101C200041FA02F212F001021FD1B0FBF5F405FBFC
:101C30001404E4B25D1E1046043300F1080E15F8DA
:101C4000011F5FFA8EFE024611F0010F02F1010C36
:101C50004FEA510102D04CB1013CE4B25FFA8CF280
:101C60007245F1D110469D42E7D130BDC11D891AA0
:101C7000C9B207291046F6D830BD00BFA7C867DD36
:101C80004288008850407047F0B5344D344C48408D
:101C90004FF0030C060A5FFA80FE0EEB8E2E06EB69
:101CA000862004EA401705EA400605EA4E0004EAE9
:101CB0004E1E3E4340EA0E0000EB002706EB062EC8
:101CC00006EB0E2600EB0720360CC0F3074040EA77
:101CD000062000EB00100CF1FF3C08441CF0FF0C48
:101CE00080B2D7D141401F48A0FB01400C1A00EB45
:101CF0005400400900EBC00400EB8400081AC0F354
:101D0000C40400F00705145D2C41E407C0B21CD4E4
:101D100001FB03F3561EC3F307430432604600F190
:101D2000080516F801CFEDB201461CF0010F01F1D4
:101D300001044FEA5C0C02D043B1013BDBB2E1B2DB
:101D4000A942F2D108469642E9D1F0BD0730401AC7
:101D5000C0B207280846F6D8F0BD00BF1021020027
:101D6000408408004D91CFBA1A491B482DE9F04133
:101D70000023451EA1F1020C012606E00133082BC9
:101D800001F1060100F1280022D003EB830215F8CF
:101D90003220D407F2D59CF800409CF801E0D0F83E
:101DA0000080C2F3801206FA03F79A4001333C43E5
:101DB0004EEA020287888F80082B8CF800408CF84E
:101DC000012001F1060141F8068C00F12800DCD168
:101DD000BDE8F081F2810020DD8200202048214A08
:101DE0002DE9F047204FDFF884800023951EA0F1F5
:101DF000020C012615F83310C90706FA03F926D597
:101E00003C7812F8011C4CB1072901EB810405D87C
:101E100018F834104C0701D5C90618D515F8331039
:101E20009CF801E09CF80040D2F800A0C1F340010A
:101E300099404EEA010144EA0904B2F804E08CF842
:101E400000408CF80110A0F804E0C0F800A00133B5
:101E5000082B00F1060002F10802CBD1BDE8F087A3
:101E60005E8400201E840020E4980020DC82002094
:101E70000820704738B50020F5F7BEFCF0B9F8F738
:101E800097FA10F0010019D10D4C0E4D621E14F896
:101E90003030072B03EB830105D815F831306FF391
:101EA000451305F8313012F830306FF3000302F8B3
:101EB000303001300828EAD1002038BD0C2038BD70
:101EC0001D840020DC8200202DE9F04F074683B0FE
:101ED0000020F5F791FC00286DD1F8F769FA10F0B1
:101EE000010568D13B78FF2B73D03F4E07F1010904
:101EF0004FF0FF0A2C46A6F1020803F0010B06E0A2
:101F000059455CD00134082C06F108060FD018F8AA
:101F10003420C2F34001D207F2D4BAF1FF0F08BF58
:101F20005FFA84FA0134082C06F10806EFD1BAF101
:101F3000070F52D818F83A2063F3410208F83A2004
:101F4000022314FB0A34D7F8013048F80430444423
:101F5000B9F80430A38097F800B0244C0BF0010BC3
:101F6000661E04E00135082D04F1280439D005EB84
:101F70008503DF0016F83330C3F38012DB07F1D599
:101F80005A45EFD120460622494616F095FA002818
:101F9000E8D1F35D43F02003F355EDB218F83A3081
:101FA00008EBCA0243F0010308F83A3055700020EC
:101FB00003B0BDE8F08F0C2003B0BDE8F08F3046D1
:101FC00006224946019316F077FA019B002899D121
:101FD000EDE7284603B0BDE8F08F072003B0BDE869
:101FE000F08FFF25DAE700BF1E840020DD8200208D
:101FF0002DE9F04106460020F5F7FEFB00283AD116
:10200000F8F7D6F910F0010435D196F80080B8F150
:10201000FF0F36D01C4D0136AF1E08F0010804E05A
:102020000134082C05F1080528D017F83430C3F323
:102030004002DB07F4D54245F2D10622284631465C
:1020400016F03AFA0028EBD107EBC4035B78072BB4
:1020500008D80E4A03EB830312F8331060F34511DE
:1020600002F8331017F834306FF3000307F83430F8
:102070000020BDE8F0810C20BDE8F0810220BDE821
:10208000F0812046BDE8F0811E840020DC82002023
:1020900007282DE9F8430446884615461BD81D4EEF
:1020A00004EB84034FEA840916F8333013F0010778
:1020B00021D0A144012216F83930C3F3801388F8E7
:1020C0000030282313FB0423F218F3582B60938865
:1020D000AB80BDE8F883104A104911484FF48C7367
:1020E00011F09DFF002383F31188BFF36F8F03234B
:1020F000184602DFD3E7084A0A49094840F2191393
:1021000011F08DFF87F31188BFF36F8F03231846FB
:1021100002DFCEE7DC8200206CB90400B0B9040015
:102120005CA50400BCB904000820704710B500206D
:10213000F5F756FB08B10C2010BD0446F8F718F966
:102140000128F8D8194B1A48197893F828200470F8
:1021500064F3000164F30002197083F8282093F8F7
:10216000501093F8782064F3000164F3000283F8C0
:10217000501083F8782093F8A01093F8C82064F3E7
:10218000000164F3000283F8A01083F8C82093F8DC
:10219000F01093F8182164F3000164F3000283F84F
:1021A000F01083F81821204610BD00BFDC8200200B
:1021B000E39800202DE9F04F83B083460020CDF84E
:1021C00000B0F5F70DFB18B10C2003B0BDE8F08F9F
:1021D0000446F8F7CDF80128F6D8DDF800B0DFF8AE
:1021E0002C811BF8012B019202F0010308F1FF3949
:1021F0001E4604E00134082C08F1280841D004EB05
:10220000840209EBC20519F83270FB074FEA840A11
:10221000C7F38012EED5B242ECD1404606225946B1
:1022200016F04AF90028E5D13E467607019A07469E
:102230002BD4334D02F00108AE1E04E00137082F05
:1022400005F1080512D016F83730C3F34002DB075A
:10225000F4D54245F2D106222846594616F02CF90B
:102260000028EBD106EBC706FF237370A2440020C1
:1022700019F83A306FF3000309F83A3003B0BDE8BB
:10228000F08F022003B0BDE8F08FDFF884C09CF827
:1022900000305E1E023B062BF6B203D895F817807D
:1022A000B04502D18CF80060C3E7164A019002EBFA
:1022B000061302EB081215460FCBDFF858E085E84D
:1022C0000F003D4605EB850309EBC30219F83330D7
:1022D000D80705D5590703D59EF81730B34207D064
:1022E0000135082D0EF1280EECD1009B1A78D9E7A4
:1022F000009B82F817801A78034B03F80850D1E747
:102300001E8400205C82002054820020DD82002098
:10231000E3980020DC8200202DE9F8431D465B791C
:1023200003F0C003402B01D0BDE8F8830F46F1B1A4
:10233000DFF8A490002400F0010609F1FF3804E062
:102340000134082C09F12809EED004EB840318F8B5
:102350003330D907C3F38012F2D5B242F0D106224E
:102360004846394616F0A8F80028E9D1E2B2072A13
:10237000DAD8DFF8688002EB820318F83330DB0725
:10238000D2D502EB8202D40004F11803286848F881
:10239000030008EB0309AB88A9F804300026B0B2AB
:1023A000F8F7A8FC013606224946054600F2B517A3
:1023B00018B1384616F080F810B1042EEFD1B3E70B
:1023C000013408EB040358F80420C5F8B5219B88B4
:1023D000A5F8B931A8E700BFDD820020DC8200202B
:1023E0002DE9F84F82461A4E1AF8018B89460024CF
:1023F00008F00108771E03E0082C06F128061BD020
:1024000004EB8402D50017F83230C3F38012DB07E7
:1024100004F10104F0D54245EED106225146304682
:1024200016F04AF883460028E6D118357C190621B3
:102430002046EDF703F810B90220BDE8F88F78596F
:10244000C9F80000A388A9F804305846BDE8F88F01
:10245000DD8200202DE9F0478246174E1AF8018BE5
:102460008946002408F00108771E03E0082C06F1D5
:1024700028061DD004EB840207EBC20517F83230A2
:10248000C3F38012DB0704F10104EFD54245EDD11F
:1024900006225146304616F00FF80028E6D16B6A46
:1024A0001A68C9F800209B88A9F80430BDE8F087B5
:1024B0000220BDE8F08700BFDD82002010B5044691
:1024C0000020F5F78DF908B10C2010BDF7F750FF8B
:1024D0000128F9D80CB1012C03D1034B1C7000204A
:1024E00010BD122010BD00BFE4980020034B4FF434
:1024F0007A7202FB00F01860704700BFEC81002088
:102500002DE9F047824600208846F5F769F910B1B9
:102510000C20BDE8F0870446F7F72AFF0128F7D81A
:102520001B4E1AF8019B771E09F0010903E0082CE5
:1025300006F1280620D004EB8402D50017F83230CB
:10254000C3F38012DB0704F10104F0D54A45EED154
:1025500030460622514615F0AFFF0028E7D1B8F10A
:10256000000F0FD0B8F1010F09D17B5D43F01003CC
:102570007B550020BDE8F0870220BDE8F0871220DF
:10258000BDE8F0877B5D68F304137B550020F1E71D
:10259000DD820020034A044B002814BF1046184671
:1025A000704700BF5C840020F08100202DE9F047D7
:1025B000067898462EB307468946924600F12C05C8
:1025C000072426FA04F3DA070FD597F801C04CFA6E
:1025D00004FC8CEA090C1CF0010F28464FF006029F
:1025E000514602D115F068FF88B1013C631CA5F18A
:1025F0000605E6D10026FF2488F800403046BDE8F5
:10260000F087FF2488F800403046BDE8F087E4B248
:102610000126F1E7A8B110B50B4A12684FF4004348
:1026200040F2E7300021E2FB03014FF47A7200230D
:10263000DEF77EFCBDE8104002460B4603480EF074
:10264000C3BA024815F0F1B9EC81002068170020E8
:102650000D4A08B50023138070B90C4B0C4A1B7847
:102660000020108003B908BDF7F782FE0028FAD1D8
:10267000BDE80840FFF778BB1846F7F799FEC30797
:10268000EBD4FFF7ABFBE8E75C840020E498002084
:10269000F08100200E4A08B500231380C2070ED433
:1026A0000C4B0D4A1B780020108003B908BDF5F7CC
:1026B00097F80028FAD1BDE80840FFF755BB184647
:1026C000F5F79AF80028EBD1FFF788FBE8E700BFA1
:1026D0005C840020E4980020F08100202DE9F04F78
:1026E000834689B015F07DFC4A0143011B1A42EA7A
:1026F000D06262EB0102920042EA93729B001B18C7
:1027000041EB02094FEAC90949EA5379C3F310338F
:1027100043EA49434FEAD939BBF1000F16D17A4A4F
:10272000D2E90012B2F1FF3F08BFB1F1FF3F0DD077
:1027300076480068591A69EB0202814272F1000280
:10274000ACBF4FF0010A4FF0000A01E04FF0010A60
:102750006F4ECDF804B0DFF8CC810024F71F9B4604
:102760000DE0254417F8353043F0020307F8353003
:102770000134082C08F1060806F1280626D004EBDF
:102780008403A50017F83330D807F1D5BAF1000F4C
:1027900001D19907ECD42B1917F833305A0763D4B9
:1027A0002B1917F833301B07DBD504A9304613F07B
:1027B000C2FD002840F09880BDF814300498A8F8B5
:1027C0000430C6F81D80C8F80000CAE75B46DDF893
:1027D00004B0BAF1000F02D04B4AC2E90039BBF194
:1027E000000F0BD00020F4F7EDFF044630B1FF23BB
:1027F0008DF8103094F88C20570702D409B0BDE84A
:10280000F08F94F82720072AF8D894F829208DF81B
:102810000F3004EB8203DD6A2B7803F00F03072BE4
:1028200005D1AB789E06E9D0EB78D80743D50DF1FA
:102830000F0104F1280001F073FD6A782946023285
:10284000054615F09AFD002629462046F5F772F850
:102850009DF80F30FF2B0ABF9DF8103084F8293007
:10286000737509B0BDE8F08F317C2A4B0F2202EB63
:1028700001121A440DF11F000DF10F0312F8011996
:1028800003F8011F8342F9D106F1170104A813F0E0
:1028900052FD002884D0204A2049214840F2F323E9
:1028A00011F0BDFB002383F31188BFF36F8F032367
:1028B000184602DF74E7D906A0D5666C737D06EB77
:1028C00083039F69BB789A0698D0FB78DB0795D580
:1028D00004A906F1140001F023FD7A78394602328A
:1028E000054615F04AFDAFE70B4A0C490C4840F28B
:1028F000013311F094FB002383F31188BFF36F8F32
:102900000323184602DF57E798170020EC810020C8
:10291000E38200205C8200206CB9040010A6040051
:102920005CA504002482002010B50120FFF7D6FE2C
:102930000A4A12684FF4004340F2E7300021E2FBFC
:1029400003014FF47A720023DEF7F2FABDE810407B
:1029500002460B4602480EF037B900BFEC8100205A
:1029600068170020072815D8F8B500EB8003124D32
:1029700015F833301A0704464FEA8006C3F3C00047
:1029800007D5C3F340079B0706D5264405EBC603CE
:10299000586AF8BD00207047084A094909484FF4B1
:1029A0004A7311F03CFB87F31188BFF36F8F032349
:1029B000184602DFE9E700BFDC8200206CB90400A2
:1029C000D0B904005CA5040007280CD800EB8003F4
:1029D000064A12F833104B0705D5282303FB0022C3
:1029E00002F11E0070470020704700BFDC8200200B
:1029F0002DE9F047894616460AB1FF231370154D9D
:102A0000002400F0010805F1FF3A09E01EB1337817
:102A1000FF2B08BF37700134082C05F1280514D0AE
:102A200004EB8403E7B21AF83330C3F38012DB07F8
:102A3000ECD54245EFD106222846494615F03CFD2B
:102A40000028E8D13846BDE8F087FF273846BDE8C2
:102A5000F08700BFDD8200202DE9F04F074685B0EA
:102A600000200E469046F4F7BBFE18B10C2005B0CE
:102A7000BDE8F08F0446F7F77BFC0128F6D8BA468C
:102A80000DF10F021AF8010B5146FFF7B1FF0728AD
:102A900040F2B8809DF80F90B9F1070F00F2AE80B8
:102AA00009EB8902D200594DD7F801100192531C4D
:102AB00009EB890BE9502B44BAF8041099803B7854
:102AC00015F83B10009263F38611A954304610218B
:102AD000ECF7B4FC009BE95C60F38201E9544046EA
:102AE0001021ECF7ABFC009B019AE95C00F00100BF
:102AF00060F3C30111F0040FE95405EBCB0B4FEA6F
:102B0000890343D1002860D118320021A9502A44FA
:102B10003F4E918003EB090215F8321021F01201AB
:102B200005F8321097F80080B71E08F0010804E09D
:102B30000134082C06F1080616D017F8342012F0DC
:102B4000010BC2F34001F3D04145F1D130460622DA
:102B50005146009315F0B0FC009B0028E8D107EB2C
:102B6000C40787F8019001E04FF0000B4B444FEA97
:102B70004B1215F8331042F0010221F021010A43F3
:102B8000002005F8332005B0BDE8F08FDFF884E0C1
:102B9000DFF884C09EF800108BF817100CF8019035
:102BA000DFF878B04FF0FF3C0CEB011C01318EF8E0
:102BB0000010DC4406F10F01013E11F801E90CF8A8
:102BC00001EFB142F9D100289ED0D61DA81903EB20
:102BD0000901D8F800B0D8F804E0D8F808C0D8F84F
:102BE0000C8045F806B005EBC101C0F804E0C0F860
:102BF00008C0C0F80C800020486285E7072005B0B7
:102C0000BDE8F08F122005B0BDE8F08FDC82002017
:102C10001E840020E3980020548200205C82002063
:102C2000072807D8044B00EB800013F83000C0F3EE
:102C3000C000704700207047DC820020072812D8AF
:102C400000EB8000094A12F8303013F0080F4FEA09
:102C5000C001C3F3C00007D0C3F340009B0703D5F6
:102C60000A44506A70470020704700BFDC82002091
:102C7000024B1B7803700248704700BFE3980020A6
:102C80005C82002070B50C4658B1072915D82E4D2E
:102C900015F8343013F0010624D005EBC40568782C
:102CA00070BD072930D8294B04EB840213F8323069
:102CB00013F0010538D0204670BD254A2549264825
:102CC00040F2773311F0ABF9002383F31188BFF39F
:102CD0006F8F0323184602DF1B4D15F8343013F0B5
:102CE0000106DAD11A4A1D491B484FF45E7311F0F0
:102CF00096F986F31188BFF36F8F0323184602DF1E
:102D000005EBC4056878CBE7114A1549054640F242
:102D10007B33114811F083F985F31188BFF36F8F6E
:102D20000323184602DFBEE7094A0E490A4840F26B
:102D30007D3311F074F985F31188BFF36F8F03238E
:102D4000184602DF2046B7E71C840020DC82002002
:102D50006CB90400E8B904005CA5040094BA04004E
:102D6000ACBA040054BB040038B5234B1B78834233
:102D700004460DD9214B1C5D072C1CD8204B04EBBD
:102D8000840213F8323013F0010524D0204638BDF8
:102D90001C4A1D491D4840F2873311F040F90023B9
:102DA00083F31188BFF36F8F0323184602DF134BA1
:102DB0001C5D072CE2D9134A1549144840F28933A7
:102DC00011F02DF9002383F31188BFF36F8F0323D4
:102DD000184602DFD2E70B4A0E490C4840F28A330C
:102DE00011F01DF985F31188BFF36F8F0323184687
:102DF00002DF204638BD00BFE39800205482002047
:102E0000DC8200206CB9040060BB04005CA50400F7
:102E100080BB040054BB0400072825D8F8B5134F25
:102E200000EB8003044617F8333013F001054FEA36
:102E3000800605D0264417F83600C0F34010F8BDD0
:102E40000B4A0C490C4840F2953311F0E8F885F331
:102E50001188BFF36F8F0323184602DF264417F84B
:102E60003600C0F34010F8BD00207047DC8200201F
:102E70006CB90400BCB904005CA50400F8B5144B9F
:102E80001B788BB107290C460ED868B9114F01EB9E
:102E900081038E0017F8333013F0010509D0264462
:102EA00017F83600430701D40120F8BDC0F3001025
:102EB000F8BD094A09490A4840F2AE3311F0AFF8AB
:102EC00085F31188BFF36F8F0323184602DFE6E70F
:102ED000E4980020DC8200206CB90400BCB9040036
:102EE0005CA504001378FF2B19D12DE9F047194D8B
:102EF0000446AE46002303EB830C9E0015F83CC04D
:102F00001CF0010003D0CCF3801CA44509D0013390
:102F1000082B0EF1280EEED10120BDE8F08701202C
:102F2000704701F1FF3877464FF0000C17F801AFFA
:102F300018F8019FCA450CF1010CE8D1BCF1060F4D
:102F4000F4D11E44137015F836305A07E5D5C3F393
:102F50000010E2E7DC82002010B40F4B1C787CB13B
:102F6000072A0DD80D4C02EB820C14F83CC01CF063
:102F7000080F05D020B14B7903F0C003402B03D0DC
:102F800000205DF8044B7047282303FB0240073004
:102F90005DF8044B13F0BCB9E4980020DC820020FB
:102FA000024B1878003818BF01207047E4980020C1
:102FB00000F0C0BB08B5002305F08EFA002008BD64
:102FC00010B584B0079BD3E900209047012812D0A8
:102FD00004460DF10F010DF10E00EFF727FA002165
:102FE000064B00919DF80F209DF80E000121EEF791
:102FF0001BF8034BDC6004B010BD00BF05300300BC
:10300000A884002000B585B00DF10F010DF10E0070
:10301000EFF70CFA9DF80F20064B9DF80E000021EB
:1030200001320091D2B20221EDF7FEFF05B05DF84A
:1030300004FB00BFD5300300F0B58DB00E46054649
:103040000DF12F010DF12E001C461746EFF7EEF99A
:103050009DF82FC006940CF1010C0024CDE9074423
:10306000CDE90344CDE901449DF82E000597009673
:103070002B465FFA8CF20121EDF7E6FE10F0FD0F12
:103080000AD006480094064BC4609DF82F209DF896
:103090002E000121EDF7C8FF0DB0F0BDA88400207F
:1030A00005300300019B024A3121FFF7C5BF00BF75
:1030B000B530030070B5059D0446EFF7BDF92B460A
:1030C0002046034ABDE870400621FFF7B5BF00BFA8
:1030D000C12F030001480DF021BB00BF90840020E8
:1030E00008B501220021024814F088FB002008BD29
:1030F00090840020024BA0F2A462C3E90020704734
:10310000A88400200020EDF779BE00BF08B5EEF7D7
:1031100077F8014B986008BDA8840020684620F02D
:1031200007018D4601B504F0FFF8EBF70DF8BDE897
:1031300001408546704700BF08B50A4BD3F84021CF
:103140003AB90120ECF76AFABDE808400220ECF732
:1031500065BA0020C3F84001D3F84031EDF75AFEBC
:10316000EFE700BF00B000400020ECF757BA00BF07
:1031700070B508BB214B224C1A7821789142D3B20A
:103180000FD0204A2049214840F2344310F047FF35
:10319000002383F31188BFF36F8F0323184602DFE8
:1031A00023781B4E1B4D3278013323702B789342CA
:1031B00012D033782B7070BD124A1749134840F271
:1031C0002F4310F02CFF002383F31188BFF36F8F80
:1031D0000323184602DFCDE70A4A10490B4840F2A4
:1031E0003A4310F01CFF002383F31188BFF36F8F65
:1031F0000323184602DF33782B7070BDE59800205A
:10320000E6980020ACBB0400F4BB04005CA50400FD
:10321000EA980020E998002068AD040010BC040082
:1032200070B51A4E1A4D33782A789A4204460BD05C
:1032300033782B70174E184D1CB933782A789A4280
:1032400012D033782B7070BD144A1549154840F2DE
:103250001B4310F0E4FE002383F31188BFF36F8F4C
:103260000323184602DFE3E70C4A0F490D4840F2FA
:10327000264310F0D4FE84F31188BFF36F8F03232D
:10328000184602DF33782B7070BD00BFE89800202D
:10329000E7980020E5980020E6980020ACBB0400E9
:1032A00038BC04005CA5040060BC040004F0A2B9B2
:1032B00038B5194C194D237829788B421AD0184B00
:1032C000217000220599996001201146ECF748F918
:1032D00000B938BD134A1449144840F2B34310F002
:1032E0009EFE002383F31188BFF36F8F03231846DC
:1032F00002DF38BD0B4A0E490C4840F2AD4310F0D6
:103300008EFE002383F31188BFF36F8F03231846CB
:1033100002DF2978D3E700BFE5980020E698002077
:1033200040040020ACBB040050A704005CA50400CE
:103330007CBC04002DE9F04F494A4A4F12783B7893
:103340009A428BB00C4605D1474B484A1B781278FD
:103350009A4271D0E368D4F800801B68DFF830919E
:10336000DD68D3E9012191422CBFC5EB0105C5EB16
:10337000020508EB050626F07F46D9F80010304616
:10338000EDF740FF10F4000002D10BB0BDE8F08F64
:10339000374A384B11781A78914232D1324A334940
:1033A0001278097891422CD01A7801324FF0000A35
:1033B000D2B21A705146304BCDF800A0524650465A
:1033C000EDF732FE10F0FD0F1BD02C4A2C492D4892
:1033D00040F29F4310F023FE8AF31188BFF36F8FF2
:1033E0004FF0030B584602DF244A2549254840F296
:1033F000674310F014FE8AF31188BFF36F8F5846AD
:1034000002DFE368C9F8006006931F4B0022CDE994
:1034100007321E4BCDE90222CDE90423CDE900524B
:103420003C780134E4B24346114610463C70EDF757
:103430000BFD0BB0BDE8F08FC368D0F800801A68B0
:10344000DFF84C90D568D2E9011088422CBFC5EB5B
:103450000005C5EB010508EB050626F07F46D1E720
:10346000E9980020EA980020E5980020E6980020DE
:10347000E7980020E898002021320300ACBB04004C
:10348000C8AC04005CA5040071310300B132030034
:10349000C0840020804A9368002B7ED02DE9F04F35
:1034A000136889B082467BB14FF0FF338DF80A3044
:1034B00003E0067F16F0030609D00DF10A00EFF7CE
:1034C00065F905460028F4D109B0BDE8F08FC3685E
:1034D000534576D00768B146B04602E0037F9907AE
:1034E00022D00DF10A00EFF751F904460028F5D17A
:1034F000B8F1000F08BFA84641464046FFF71AFF43
:1035000030F00203E0D0654A6549664840F2FA436C
:1035100010F085FD84F31188BFF36F8F03231846E5
:1035200002DF09B0BDE8F08FC368B9F1000F0ED01B
:10353000534527D0D4F800B039465846EDF762FE1F
:1035400000F4000000281CBFA0465F46C9E79A456A
:103550008146EFD12B7FE96843F002032B772846A1
:10356000AB699847FF238DF80A3003E0037F13F01F
:10357000030413D00DF10A00EFF708F905460028FF
:10358000F4D1A1E72B7FE96843F002032B772846AB
:10359000AB699847A14587D1E4E77047C3685345B5
:1035A0000FD03E4A40493F4840F21D5310F037FDCE
:1035B00084F31188BFF36F8F0323184602DFD5F819
:1035C0000CA0354A50465368116803AA9847044630
:1035D000F0B110F1100F3FF477AF2F4A002093683D
:1035E0001168984714F10B0F1BD08C343FF46CAF6B
:1035F0002A4A2E492B4840F25A5310F010FD00235E
:1036000083F31188BFF36F8F0323184602DF5BE754
:103610002B7FAA69E96843F002032B77284690477D
:1036200052E70224FF258DF80B500DF10B00EFF748
:10363000ADF898B1037F9A07F7D40EB9DB07F4D43D
:10364000154AC36811689942EFD1037F43F0020322
:103650000377836998478DF80B50E6E70126B4425B
:1036600001D03446DFE70C4D039B2868009400210D
:10367000CDE9041106910790296004AAD5E901015A
:10368000EFF73CF8044600287FF41EAF034A0849D0
:1036900004484FF4AB633BE7C4840020ACBB040098
:1036A000C8AC04005CA5040098BC0400C4BC0400C1
:1036B000BCBC040010B5154813F094FD10B3144BB6
:1036C00000249C6000F09CFB00281ADB21460120AE
:1036D0002246EBF73DF922460B200121EBF738F9A2
:1036E000224621461820EBF733F90120EBF700F9C9
:1036F0000B20EBF7FDF81820EBF7FAF803F044FE87
:10370000204610BD6FF0120010BD00BF888B040072
:10371000C484002008B500F083FB002809DB0120E9
:10372000EBF7F4F80B20EBF7F1F81820EBF7EEF8D5
:10373000002008BD034603488AB2194683681B6807
:10374000184700BF888B040030B4074DAB685C6835
:1037500034B18AB2A44601460023284630BC6047F3
:103760006FF0850030BC7047888B04000346034827
:103770008AB2194683681B68184700BF888B04000B
:1037800030B4074DAB685C6834B18AB2A4460146D8
:103790000023284630BC60476FF0850030BC70477E
:1037A000888B04000020704730B5254B83B0044659
:1037B00070B31A68824225D0FF250DF107008DF8FD
:1037C0000750EEF7E3FF38B91AE0A1420AD00DF135
:1037D0000700EEF7DBFF98B1037F9B07F7D4C168C2
:1037E000002CF2D1037F826943F0020303779047F4
:1037F0000DF107008DF80750EEF7C8FF0028EBD158
:1038000003B030BD9D6865B101460020A847D3E7ED
:103810009D68002DD0D019680029CDD00020A84780
:10382000CAE7084A0849094840F2BF1310F0F7FBFD
:1038300085F31188BFF36F8F0323184602DFBBE7C0
:10384000C4840020ACBB0400D0BC04005CA5040010
:103850000020704738B50446EEF78AFF64B105468C
:1038600020B324680020EEF7ABFF2046EFF760F8A6
:10387000044658B1002038BD1B4DAC682CB32C68F1
:103880000023AB602B60002CEBD1EBE7174A184903
:1038900018484FF40C7310F0C2FB84F31188BFF387
:1038A0006F8F0323184602DF002038BD0F4A1249EC
:1038B000104840F2F91310F0B2FB85F31188BFF302
:1038C0006F8F0323184602DFCBE7084A0B490948EC
:1038D0004FF4FF7310F0A3FB84F31188BFF36F8FD5
:1038E0000323184602DFCAE7C4840020ACBB0400EF
:1038F000FCBC04005CA50400D8BC0400E8BC0400C7
:10390000054A136892681B1A18BF0123B2FA82F0A5
:103910000B704009704700BFC48400206FF08B001B
:10392000704700BF10B5E8B10C4600F0BDFA0028A2
:1039300004DB2046BDE81040FFF78CBF0D4A0E495E
:103940000E484FF4187310F06AFB002383F31188BC
:10395000BFF36F8F0323184602DF2046BDE81040F7
:10396000FFF778BF064803F0EFFCBDE8104003F016
:103970002BBE00BFACBB040004BD04005CA504006A
:10398000313B0300D0E90132002A04DB9A4238BF00
:103990001A4610467047C068984238BF18467047AC
:1039A00010B51446EDF72CFC2146EDF72BFC034631
:1039B00010F4000004D10333182B88BF184610BD43
:1039C000002010BD262810B504461CD0272812D090
:1039D000252808D00A281ED9272821D803304000DE
:1039E00003F066FD02E0022003F062FD2046BDE820
:1039F000104003F063BD502003F05AFD2046BDE89F
:103A0000104003F05BBD1A2003F052FD2046BDE8D4
:103A1000104003F053BD0230400003F049FDE5E7DC
:103A2000074A0849084840F2A22310F0F8FA002398
:103A300083F31188BFF36F8F0323184602DFD5E7A6
:103A4000ACBB040034A604005CA5040003F09ABDDE
:103A500003F0A4BD08B503F0CDFDBDE8084004F0B7
:103A600063B800BF08B503F0C5FD04F05DF8BDE81C
:103A7000084004F001B800BF08B503F0BBFD04F036
:103A800053F804F037F804F0F5FABDE8084003F005
:103A9000F3BF00BF08B50146184803F055FC03F01A
:103AA000E3FD60B104F04CF903F0A8FC00F0FCF970
:103AB00000280EDBBDE808400020FFF7CBBE03F076
:103AC00083FD04F03DF903F099FC00F0EDF90028C6
:103AD000F0DA0B4A0B490C4840F21E3310F09FFA03
:103AE000002383F31188BFF36F8F0323184602DF8F
:103AF0000020BDE80840FFF7ADBE00BFAD320300B7
:103B0000ACBB040004BD04005CA5040010B5044671
:103B100003F070FD04F008F803F0ECFF04F0AAFADB
:103B200003F0AAFF2046BDE81040FFF7B3BF00BF77
:103B300010B5044603F05EFD03F0F6FF03F0DAFF74
:103B400004F098FA03F098FF2046BDE81040FFF714
:103B5000A1BF00BF08B50146144803F0F5FB03F010
:103B600083FD40B100F0A0F900280ADBBDE8084061
:103B70000020FFF76FBE03F027FD00F095F9002845
:103B8000F4DA0B4A0B490C4840F22D3310F047FA97
:103B9000002383F31188BFF36F8F0323184602DFDE
:103BA0000020BDE80840FFF755BE00BFAD3203005E
:103BB000ACBB040004BD04005CA504002DE9F04F7B
:103BC00089B01F46FF239DF848B08DF81F3080460E
:103BD0008946924602E0037F9C0722D00DF11F0028
:103BE000EEF7D4FD0028F6D1684DAB680446002BF3
:103BF00040F08180FB682B60C5E901893846D047D9
:103C0000054603E0037F13F0030356D00DF11F00B8
:103C1000EEF7BCFD01460028F4D1284609B0BDE806
:103C2000F08F05683E689DF81F30059304462946CD
:103C30003046EDF7E7FABBF1000F01D1010254D491
:103C4000BC4214BF2646002602E0027F920724D021
:103C50000DF11F00EEF79AFD0028F6D14B4D059BA4
:103C60008DF81F30AB68002B46D1002E44D1002CBC
:103C7000C0D0BBF1000F66D1BC42BBD0444A45491D
:103C8000454840F2B23310F0CAF98BF31188BFF304
:103C90006F8F0323184602DFACE7026804902946C1
:103CA00010460392EDF7AEFA039A049B00F400006D
:103CB00000281CBF15461E46CAE71C46FFF73AFB04
:103CC00030F00203A9D0324A3449334840F2D233AB
:103CD00010F0A5F984F31188BFF36F8F0323184602
:103CE00002DF284609B0BDE8F08FFF233546059373
:103CF0005C465E46ACE726464946CDF800B05346E2
:103D00003A464046EEF7FAFC014638B3BBF1000FE5
:103D100016D1002E35D03046FFF70CFB30F00203F1
:103D20000ED01B4A1D491C4840F28D3310F077F924
:103D3000002383F31188BFF36F8F0323184602DF3C
:103D40006FF0760569E7CDF800B053463A4649462C
:103D50004046EEF7D3FC06460028F1D10C4A104944
:103D60000D4840F27B3310F05AF9002181F311889D
:103D7000BFF36F8F0323184602DFBBF1000FC8D0DB
:103D8000DEE7002C14BF26460E46C4E7C48400209C
:103D9000ACBB040018BD04005CA50400C8AC040062
:103DA00010BD040001F110000CF0B8BC70B5054660
:103DB0008AB00C460122002104A813F01FFD0F4B0E
:103DC000019300260323694628460396029310F0C8
:103DD00022FA002810DB4FF40043314640F2E7306E
:103DE000E4FB03014FF47A720023DDF7A1F80246E9
:103DF0000B4604A80CF0CCFC0AB070BDA53D030036
:103E000010B5012007F0A6FF0449002301244B60F0
:103E10008C60CB60BDE8104010F0FDB9D484002068
:103E200010B5012007F096FF0449044610F06EFA21
:103E30002046BDE8104010F045BA00BFD4840020F1
:103E40000C4B1A780AB10020704710B50120187089
:103E500007F080FF4FF4FA710446FFF7A7FF38B967
:103E6000204610F02FFA02280CBF00206FF004004B
:103E700010BD00BFEB98002008B50A4BBFF35B8F65
:103E800053E8002F511C43E800100028F8D1BFF37D
:103E90005B8F002A01DD002008BD07F063FF0020D2
:103EA00008BD00BFD084002008B50C4B1A68002A5A
:103EB00011DDBFF35B8F53E8002F511E43E8001064
:103EC0000028F8D1BFF35B8F012A01DD002008BD77
:103ED00007F05EFFFAE76FF0770008BDD08400209E
:103EE0000520704732207047014B33F810007047AF
:103EF0004CBD040010B50446FFF7BEFD03F0F0FD15
:103F00002046BDE81040FFF7C5BD00BF70B5457A3B
:103F1000867A82B00446C5F38205FFF79BFD06F062
:103F20000106962003F010FE33462A46002128465B
:103F300003F064FD0120EEF77FFB064600284AD01F
:103F400006F1200003F012FB03F06EFB98BB29483A
:103F5000214603F0F9F9FFF723F808BB03F052FFFD
:103F600000210446284603F01BFB022D044404F103
:103F7000A30413D0042D0CBF4FF4BC7328230021DD
:103F800028461C4403F008FB201A03F0E5FE03F06A
:103F90002BFF02B0BDE8704003F05EBD1823EEE7D2
:103FA0000DF10700FEF764FE002201469DF80700B0
:103FB00004F006F8D2E7104A1049114840F29C4339
:103FC00010F02DF8002383F31188BFF36F8F0323C4
:103FD000184602DFBBE7084A0A4909484FF49363D1
:103FE00010F01DF886F31188BFF36F8F0323184676
:103FF00002DFA5E7E14703005CBD0400B0BD04009B
:104000005CA50400A8BD0400814208B50ED00B7A5F
:10401000DB0702D46FF08B0008BD134B1360FFF772
:104020002BFF00280FDB6FF00A0008BD0B7B01EBB4
:1040300083010B691B7803F00F03012B14BF6FF092
:104040008B00002008BD094A09490A4840F2514343
:104050000FF0E5FF002383F31188BFF36F8F032375
:10406000184602DFDFE700BF014503005CBD040026
:1040700004BD04005CA5040010B50446FFF7FCFC79
:1040800003F02EFD2046FFF705FD0C4B0021012219
:1040900008469C60EBF764FA00B910BD084A09496C
:1040A000094840F2B1530FF0BAFF002383F311889F
:1040B000BFF36F8F0323184602DF10BD50040020AA
:1040C0005CBD040050A704005CA5040010B5E8B175
:1040D0000C46FFF7E9FE002804DB2046BDE810404F
:1040E000FFF7B8BB0D4A0E490E4840F277430FF078
:1040F00096FF002383F31188BFF36F8F03231846C5
:1041000002DF2046BDE81040FFF7A4BB064803F0DD
:104110001BF9BDE8104003F057BA00BF5CBD0400B6
:1041200004BD04005CA50400F53E030010B500F0DA
:1041300019FF044608B1204610BD00F0C1FF044637
:104140000028F8D1074B0722181D6421EBF70EF960
:10415000054B9C8204222146044813F04FFB204665
:1041600010BD00BF1C85002004850020EC840020C9
:1041700010B500F0F9FE044608B1204610BD00F06D
:10418000A1FF04460028F8D1074B0722181D64211F
:10419000EBF7ECF8054B9C8204222146044813F00F
:1041A0002DFB204610BD00BF1C850020048500208B
:1041B000EC84002010B504460548EBF7FDF820B16B
:1041C000034600205870636010BD6FF00B0010BDF7
:1041D0001C850020034600201870587098607047B6
:1041E000037842789A4212D070B5DCB200EB8403B7
:1041F00000260546074958685E60EBF7F3F8631C34
:10420000DBB2022B08BF33462B70304670BD6FF017
:104210000B0070471C85002038B5447800EB840300
:104220000546586820B1002209495A60EBF7DAF8D0
:10423000631CDBB2022B08BF002305EB8305686813
:1042400020B1002302496B60EBF7CCF8002038BDA9
:104250001C85002038B52B4D2B7D6A7D9A4202D0FB
:1042600055F8234034B92848EBF7A6F8044680B146
:10427000204638BD25480CF0B1FA2B7D6A7D9A4264
:10428000F6D00133DBB2052B08BF00232B75204687
:1042900038BD1E484FF4203200230CF079FA90B953
:1042A0001A480CF09BFA2A7D6B7D93421AD0531C5E
:1042B000DBB255F82220052B08BF00232B758AB1ED
:1042C0001446204638BD124A124913484FF4DB7396
:1042D0000FF0A5FE84F31188BFF36F8F03231846F8
:1042E00002DFDDE70A4A0D490B4840F2BB130FF02D
:1042F00096FE002383F31188BFF36F8F03231846C4
:1043000002DFB5E7048500201C850020EC84002036
:104310005CBD040010A604005CA50400C4BD04003C
:1043200010B5027843789A4214D0D4B2447002781F
:10433000944204D05A1C4370D3B2022B0ED01A46BA
:1043400000EB82040B70606800B110BDFFF782FFC4
:10435000606010BD0133DBB2022BF0D100221346A6
:10436000EEE700BFF8B5027843789342044625D0C3
:10437000D5B2154A00EB8507507D92F814C0431C56
:10438000DBB2052B08BF00239C450E46796806D09A
:1043900042F8201053750D480CF0C0F900216B1C39
:1043A000DBB2022B0ABF00221A4613467960237043
:1043B000012104EB820431706068F8BD1A4604EBF9
:1043C00082046068F8BD00BF04850020EC840020F2
:1043D00070B5057AC5F302150446002D95FAA5F0CF
:1043E000B0FA80F008BF4FF0FF3082B000F1010654
:1043F00041D0227A6B1E2B4063F3061206F1240093
:104400002272FFF7DFFA00230DF1070104F10C001F
:104410008DF80730FFF7A6FF054600284CD0284648
:1044200003F0AAF82A78842302F00F02D340DB07B6
:1044300018D40DF1070104F11800FFF793FF0646A9
:1044400058B39DF80730002B45D12146254802F08E
:104450007BFF962003F078FB002003F0BBFA284690
:1044600002B070BD2048214602F06EFF03F0DCFA76
:10447000284602B070BD1D4A1D491E4840F2BC537B
:104480000FF0CDFD85F31188BFF36F8F032318461E
:1044900002DF257AC5F30215ABE7144A1649154821
:1044A00040F2CF530FF0BBFD86F31188BFF36F8F3F
:1044B0000323184602DFC4E70C4A10490D4840F2B6
:1044C000C5530FF0ACFD85F31188BFF36F8F032345
:1044D000184602DFA3E7D5F80230C6F80230EB88B1
:1044E000F380B2E70D3F0300294503005CBD0400E3
:1044F000C8BD04005CA50400D0BD040070BE04006B
:1045000070B5C36804461E68ECF77AFE054630466F
:10451000FFF738FA00232D1AC4E9005323812046FF
:10452000BDE87040E0F768BF38B5044603F09AF87C
:10453000FFF7A2FA237A03F07102012A05D1C3F32F
:10454000420262F306132372DBB213F0700F05D040
:10455000636863B193F82C309B0708D503F0C0FA69
:10456000A36ABBB12046BDE83840FFF793BA2046A6
:10457000FFF72EFF0546012003F0AAFBA16A0346C0
:1045800021B1D1E903122846DEF732F9BDE83840FF
:1045900003F02ABC0220EEF7B9F905460028E1D164
:1045A000074A0849084840F28B530FF038FD85F35D
:1045B0001188BFF36F8F0323184602DFD2E700BFD5
:1045C0005CBD040008BE04005CA5040010B582B008
:1045D0000446FFF751FC00281CDB164A1649174811
:1045E00000940023EEF7D2F908B1773001D102B080
:1045F00010BD134A1349144840F2AF230FF00FFDCA
:10460000002383F31188BFF36F8F0323184602DF63
:1046100002B010BD0A4A0D490B484FF42B730FF03E
:10462000FEFC002383F31188BFF36F8F032318462A
:1046300002DFD2E7F9530100CD4003000940030037
:104640005CBD04009CA704005CA5040004BD04003C
:104650002DE9F0410D46417A9DF818801746CA07AA
:104660001E4609D5B8F1000F17D02B78B7EBD31F32
:104670001AD00020BDE8F0812946044611F8020B4B
:10468000079AC0F38010FEF72DFC0028EDD1637A65
:10469000DB07EED5B8F1000FE7D1079B1878FEF7DE
:1046A000BBFB0028E1D1E4E7062205F10801304612
:1046B00013F002FFB0FA80F04009BDE8F08100BFBE
:1046C000F8B50646032017461D46EDF7B5FFB0B115
:1046D0000446EDF7CDFF162323713046F3F764F857
:1046E000E08045B97F232068237667762146EDF781
:1046F000EDFF0020F8BD03F0B9F9C3B2F3E76FF0A6
:104700006800F8BD2DE9F84F1F460B9B9DF82890D7
:104710009DF8305006460C4692466BB9437A03F03A
:104720000303012B2CD9002D3AD02378BAEBD31FE9
:104730004AD00020BDE8F88F88460D9A18F8020B81
:10474000C0F380104146FEF7CDFB0028F2D094F86C
:1047500000B0BAEBDB1FECD104F1080138460622A9
:1047600013F0AAFE0028E4D10D9B1B78FF2B1ED06E
:10477000F27AFF2A1BD0981AB0FA80F04009D9E7E4
:1047800011F8020B0D9AC0F38010FEF7ABFB002866
:10479000CBD1737A03F00303012BCAD9002DC4D106
:1047A0000D9B1878FEF738FB0028BED1C1E7CBF38C
:1047B000801BCB45BDD10B980622414613F07CFEF1
:1047C000B0FA80F04009B5E7062204F10801384646
:1047D00013F072FEB0FA80F04009BDE8F88F00BF18
:1047E0002DE9F04F8BB0044602F032FFC0B250B951
:1047F000FFF742F98948214602F0A6FD0BB0BDE85B
:10480000F04F02F0E1BE02F045FF074603F07CF9ED
:10481000054603F083F903F045FC804603F024FCD1
:10482000814603F033F9FFB20646FFF725F9002F62
:10483000E0D018F0FF0305937ED1FF208DF827000C
:104840000120EDF7F9FE0746002800F0AC80237B3D
:1048500097F8209004EB830309F00F0919690B46C0
:1048600007F1200B13F8028B08F00F0001280CBF92
:1048700001F1080A4FF0000AB9F1030FC8F38012E2
:10488000EDB2F6B24FEAD8186CD0B9F1050FB1D13C
:1048900097F821102229ADD161680029AAD091F89A
:1048A0002C7017F00207A5D10DF127000390CDE978
:1048B00001A5CDF8008059462046FFF723FF0028C8
:1048C00098D00420EDF7B8FE002893D05448214634
:1048D00002F03AFD02F078FE02F0A6FE88BB002E40
:1048E0005BD1626892F82C3043F0010382F82C30DF
:1048F000EDF7BEFE4FF6FF731722C380027184608E
:10490000054603F015FA286103F076FA0021044603
:10491000084602F045FE059B241A6C6103B39DF81E
:1049200027306B76EDF7A4FE2946E8602868EDF79E
:10493000CDFE0BB0BDE8F08F5FFA89F0FEF714FAF8
:104940007CE7384A3849394840F25F630FF067FB2B
:1049500087F31188BFF36F8F0323184602DFBEE78A
:10496000FF23DEE797F821100C297FF443AFBAF15B
:10497000000F7FF43FAF0DF12701019100955946DB
:104980002046CDE90623FFF763FED8B997F82090BB
:10499000DDE9062309F00F0977E703F067F863689C
:1049A00083F8C2009DE71F4A2149204840F2FF5387
:1049B0000FF035FB87F31188BFF36F8F0323184681
:1049C00002DF44E71548214602F0BEFC03F02CF854
:1049D000237E04EB8303D86902F0CEFD02F024FEAF
:1049E00068B9A37A9B07A4D59DF82720334659467A
:1049F0002046FFF765FE00287FF4FCAE99E7094AE0
:104A000009490A484FF4C3630FF009FB8AF3118880
:104A1000BFF36F8F484602DFE3E700BF294503007D
:104A2000794003005CBD0400B0BD04005CA5040037
:104A3000A8BD040038B50546FFF71EF80320EDF7C2
:104A400065FF20B12846BDE83840FFF723B80A4A81
:104A50000A49044640F2B51309480FF0E0FA84F31E
:104A60001188BFF36F8F0323184602DF2846BDE885
:104A70003840FFF70FB800BF1CBE040008BE04009A
:104A80005CA5040070B5064682B002F0EBFDFEF7AF
:104A9000E1FF7568962003F057F86A7AAB7A5209FD
:104AA000104603F00103002102F0A8FF0120EDF7FA
:104AB000C3FD0446002854D004F1200002F056FD46
:104AC00002F0B2FD00283CD12D48314602F03CFCFA
:104AD000FEF766FA18BB03F095F90446687A0121DF
:104AE000400902F05DFD6B7A04445809022804F184
:104AF000A30412D004280CBF4FF4BC732823012157
:104B00001C4402F049FD201A03F026F903F06CF969
:104B100002B0BDE8704002F09FBF1823EFE70DF12F
:104B20000700FEF7A5F86A7AC2F34212920042F03B
:104B30000102014602F01D029DF8070003F040FA51
:104B4000C9E7104A1049114840F25D230FF067FA97
:104B5000002383F31188BFF36F8F0323184602DF0E
:104B6000B2E7084A0A49094840F259230FF057FAB8
:104B700084F31188BFF36F8F0323184602DF9BE78E
:104B8000814C03001CBE0400B0BD04005CA5040001
:104B9000A8BD040070B50446856802F059FD88B1CF
:104BA00020682146EDF792FD6A6892F82C3043F0B8
:104BB000010382F82C30FEF75FFF2846BDE8704005
:104BC000FEF768BF0126206826712146EDF766FDD5
:104BD000E16808680E71EDF779FDFEF74DFF284694
:104BE000BDE87040FEF756BF38B505460320EDF727
:104BF0008DFE48B31C48294602F0A6FB02F034FDA6
:104C000040B1FFF751F900280ADBBDE83840002029
:104C1000FEF720BE02F0D8FCFFF746F90028F4DAD0
:104C2000124A134913484FF4D3730FF0F8F90023D5
:104C300083F31188BFF36F8F0323184602DF002030
:104C4000BDE83840FEF706BE084A0B4904464FF45B
:104C5000CF7308480FF0E3F984F31188BFF36F8F27
:104C60000323184602DFC5E77D4C03001CBE040089
:104C700004BD04005CA5040008BE040002F0BABC38
:104C80002DE9F04F8DB0044602F0E2FCC0B250B9FD
:104C9000FEF7F2FEAC48214602F056FB0DB0BDE82F
:104CA000F04F02F091BC02F0F5FC054602F0CAFE9E
:104CB000074602F029FF064602F030FF03F0F2F942
:104CC000824603F0D1F9814602F0E0FEEDB2804663
:104CD000FEF7D2FE002DDDD01AF0FF03079340F05F
:104CE000B680FF208DF82F000120D4F80490EDF756
:104CF000A3FC0546002800F0E8800DF12E0104F128
:104D0000140099F80C30FFF72DFB05F1200B8246BB
:104D1000002800F0CB809AF80310534611F00201EE
:104D200018BF0AF10A0195F820A013F8040B0691A8
:104D30000AF00F0AC109BAF1030FC0F38012F6B2EC
:104D4000059100F08B80BAF1050FA3D195F82110E1
:104D500022299FD1D9F8041000299BD006990191EE
:104D60000DF12F000599009103900296594648468F
:104D7000FFF7C8FC00288DD00420EDF75DFC01464C
:104D8000002887D0714802F0DFFA02F04DFE02F0F1
:104D90008FFC017821F03F0141F00801017095F886
:104DA00020100478C90961F386140470847895F89A
:104DB00020106FF38714847004780246C1F38011C9
:104DC00061F3C7140121047002F8031FAC6A446048
:104DD000C478AE8D068144F00204C470D5F8224038
:104DE000C0F80A40EC8CC48100F1100184788A1A62
:104DF00062F30504821C891A8470417002F0BCFBC6
:104E000002F012FC002841D1EDF732FC17230371A8
:104E10004FF6FF73C380C0F80890044602F088FF85
:104E2000206102F0E9FF054699F80900394640097A
:104E300002F0B6FB079B2D1A65616BB19DF82F3010
:104E40006376EDF715FCE0600DB0BDE8F08F5FFA1A
:104E500089F0FDF789FF45E7FF23F1E795F8211079
:104E60000C297FF417AF0DF12F01019100965946DF
:104E70004846CDE90823FFF7EBFB002834D195F82D
:104E800020A0DDE908230AF00F0A5CE7304A314927
:104E900031484FF45D730FF0C2F8002383F311889B
:104EA000BFF36F8F0323184602DFADE7284A2B4973
:104EB000294840F2FA230FF0B2F88AF31188BFF3C1
:104EC0006F8F0323184602DF25E7214A2449224831
:104ED00040F2F5230FF0A3F885F31188BFF36F8F2D
:104EE0000323184602DF08E799F81830164809EB43
:104EF00083032146DD6902F027FA02F095FD28467A
:104F000002F03AFB02F090FB70B999F80A309B0767
:104F10009AD59DF82F205FFA88F359464846FFF747
:104F2000CFFB002890D0B5E6094A0A490A484FF459
:104F30004B730FF074F8002383F31188BFF36F8F66
:104F4000504602DFE1E700BF354A0300954B0300FE
:104F50001CBE0400B0BD04005CA504009CBE04009F
:104F6000A8BD0400002070470020704710B582B033
:104F70000446FEF781FF00281BDB154A1549164839
:104F800000940023EDF702FD08B1773001D102B0A3
:104F900010BD124A124913486E230FF040F8002347
:104FA00083F31188BFF36F8F0323184602DF02B02B
:104FB00010BD0A4A0C490B486B230FF030F8002350
:104FC00083F31188BFF36F8F0323184602DFD4E702
:104FD00081550100253903001D3903001CBE040062
:104FE0009CA704005CA5040004BD040038B590F83B
:104FF000242090F825309A42044604D0838AC28C3B
:105000009B1A1B0404D52046BDE83840FEF790BD2E
:10501000EDF72EFB054658B10F2328682B71AC60C5
:105020002946EDF753FB2046BDE83840FEF780BD2A
:10503000074A0849084840F253130EF0F0FF85F381
:105040001188BFF36F8F0323184602DFE4E700BF28
:10505000B0BE040018A604005CA5040038B500B377
:105060000D460446FEF720FF00280ADBE26823898C
:10507000118A01330B4413822846BDE83840FEF7FD
:10508000E9BB0B4A0B490C484FF49A730EF0C7FF6B
:10509000002383F31188BFF36F8F0323184602DFC9
:1050A000E4E7064802F050F9BDE8384002F08CBA57
:1050B000B0BE040004BD04005CA50400ED4F030075
:1050C000002070470020704710B582B00446FEF7FC
:1050D000D3FE00281BDB154A15491648009400230F
:1050E000EDF754FC08B1773001D102B010BD124A7F
:1050F000124913485D230EF092FF002383F31188B9
:10510000BFF36F8F0323184602DF02B010BD0A4AB7
:105110000C490B4859230EF082FF002383F31188BA
:10512000BFF36F8F0323184602DFD4E74158010015
:105130005D5003001D390300B0BE04009CA70400AD
:105140005CA5040004BD04004B6823B14B6893F8D0
:105150002C30DB0719D410B581428B8B09D0B3B149
:10516000CB8BA3B91A4802F0EFF802F02DFA002019
:1051700010BD4BBB8B7DDA07F9D491F82030DB06EC
:10518000F5D4144802F0E0F8EFE700207047CC6A4D
:1051900014B16FF08B0010BD0F4B1360FEF76CFE67
:1051A000002802DB6FF00A0010BD0C4A0C490D48C4
:1051B0004FF40D730EF033FF84F31188BFF36F8F3C
:1051C0000323184602DFEDE7CB8B002BD2D1C9E7D2
:1051D000E9530300F15C0100D95403000CBF040043
:1051E00004BD04005CA504000021E0F709BC00BF79
:1051F00030B5044683B0FEF73FFCA37D94F8202031
:105200006FF3000322F01802A3759B0684F8202098
:1052100002D46368002B3BD0962002F095FC00235B
:105220001A461946184602F0E9FB0120EDF704FA88
:105230000546F0B105F1200002F098F9FDF7B0FE47
:1052400040B902F009FC1448214603B0BDE83040E3
:1052500002F07AB80DF10700FDF70AFD94F820205E
:105260009200014602F01C029DF8070002F0A8FE21
:10527000E7E70A4A0A490B4840F25F330EF0CFFED7
:1052800085F31188BFF36F8F0323184602DFD1E740
:1052900002F0CAFBC9E700BF915D01000CBF04002A
:1052A000A8BD04005CA5040038B50546FEF7E4FB84
:1052B00002F016FC0420EDF729FB20B12846BDE8DA
:1052C0003840FEF7E7BB0A4A0A4904464FF47B73AD
:1052D00009480EF0A4FE84F31188BFF36F8F0323F7
:1052E000184602DF2846BDE83840FEF7D3BB00BFB2
:1052F0000CBF040008BE04005CA5040008B5FFF75D
:1053000077FF02F05BF9BDE8084002F06DBD00BF19
:1053100070B582B00546FEF79DFB02F085FB0120CB
:10532000EDF78AF90446002845D004F1200002F088
:105330001DF902F079F9E0B9FDF732FE60BB02F029
:1053400061FD00210446084602F02AF900210646C4
:10535000084602F021F93444CB34201A02F0FCFC58
:1053600002F07AFB1B48294602B0BDE8704001F00C
:10537000EBBF194A19491A4840F21A330EF04FFE92
:10538000002383F31188BFF36F8F0323184602DFD6
:10539000FDF706FE0028D2D00DF10700FDF768FCEE
:1053A00095F820209200014602F01C029DF80700AB
:1053B00002F006FEC3E7084A0A49094840F21633DC
:1053C0000EF02DFE84F31188BFF36F8F0323184670
:1053D00002DFAAE7915D01000CBF0400B0BD04002C
:1053E0005CA50400A8BD040030B5044685B0FEF7F6
:1053F00043FB0DF10F012046FEF782FA08B105B01C
:1054000030BD054602F06CFBA27D0095C2F341035E
:10541000013303F00303032B08BF002363F34202AD
:10542000A2752B46052229462846EBF7FDFD9DF87F
:105430000F3053B1A38B7BBB94F82030DA0619D41C
:105440002046FEF727FB05B030BD0420EDF75EFADD
:1054500005460028EED11C4A1C491D4840F23A433B
:105460000EF0DDFD85F31188BFF36F8F032318461F
:1054700002DFDFE76FF3041384F82030EDF7F8F86C
:10548000054688B10A232B71AC60A3692868EB60DC
:105490002946EDF71BF9D3E7E38B002BCCD1A37D95
:1054A00043F08003A375C7E7074A0A49084840F25A
:1054B0004D430EF0B4FD85F31188BFF36F8F0323C6
:1054C000184602DFDEE700BF0CBF040008BE040080
:1054D0005CA5040058BF040070B5C36804461E688C
:1054E000EBF78EFE05463046FEF74CFA00232D1AE8
:1054F000C4E90053238120460121BDE87040E0F754
:105500007FBA00BF00B9704708B5084A0849094882
:1055100040F28F230EF083FD002383F31188BFF345
:105520006F8F0323184602DF08BD00BF0CBF0400C5
:1055300068AD04005CA5040008B50D4B03989860A5
:10554000002211460120EAF70BF800B908BD094A0C
:1055500009490A484FF422730EF061FD002383F3DA
:105560001188BFF36F8F0323184602DF08BD00BF09
:10557000600400200CBF040050A704005CA50400D8
:105580002DE9F8439DF82090164680460D464A4680
:10559000194630461F46FDF7DFFC0446A0B91DB191
:1055A00098F820305B061CD498F81650C5F3801389
:1055B000B3420CD0C5F3C105012D05D926B17B79C5
:1055C00003F0C003402B12D02046BDE8F88308F159
:1055D00022000622394612F06FFF0028EAD101248A
:1055E000F2E74846FDF72AFB0028EDD1DCE7099BEE
:1055F000002BF4D0099A01231370F0E710B5E8B13D
:105600000C46FEF751FC002804DB2046BDE81040A4
:10561000FEF720B90D4A0E490E484FF41E730EF0E6
:10562000FEFC002383F31188BFF36F8F032318461A
:1056300002DF2046BDE81040FEF70CB9064801F035
:1056400083FEBDE8104001F0BFBF00BF0CBF0400E7
:1056500004BD04005CA50400E95303002DE9F04FEC
:1056600083B0074603209DF830A09DF8345088464B
:1056700016469946ECF7E0FF002800F092800446B9
:10568000ECF7F6FF4FF6FF73E38097F820305807EA
:105690006DD003F00703012B7DD0042B7ED0424A4E
:1056A0004249434840F204630EF0B9FC002383F3FF
:1056B0001188BFF36F8F0323184602DF94F8202070
:1056C00002F00F03042B5CD0072B52D10023BB61E7
:1056D000A76002F02DFB206102F08EFB834697F855
:1056E0002000514600F0070001F05AFFA37EABEB0B
:1056F00000006AF382036061A376009797F8201098
:105700002C4B524601F0070104F1200000F05CFE32
:10571000A37E60F3C713A3761B062AD597F8203023
:1057200043F0100387F820306FF00F07B9F1000F36
:1057300023D17F20B8F1000F14BF3246FF22FF3E75
:10574000A37E20764FEA450518BF012645EA461597
:1057500005F0220523F022031D4320686276A5761A
:105760002146ECF7B3FF384603B0BDE8F08F0523C0
:1057700023710027B9F1000FDBD002F077F9C0B236
:10578000D8E797F820301907F3D5052363F3030210
:1057900084F82020EDE7062323718FE70823237187
:1057A0008CE76FF06807DEE70CBF040034A6040046
:1057B0005CA504005561030000207047002070477D
:1057C00010B582B00446FEF757FB00281BDB154AD4
:1057D0001549164800940023EDF7D8F808B1773042
:1057E00001D102B010BD124A1249134883230EF0B2
:1057F00016FC002383F31188BFF36F8F0323184631
:1058000002DF02B010BD0A4A0C490B4880230EF09B
:1058100006FC002383F31188BFF36F8F0323184620
:1058200002DFD4E7E9510300FD55030049510300AD
:105830000CBF04009CA704005CA5040004BD040088
:1058400070B50B4C0546FEF717F9E5602E68EBF7CF
:10585000D7FC05463046FEF795F800232D1AC4E91B
:105860000053238120460121BDE87040E0F7C8B80D
:10587000DC87002090F816C01CF0080F02D132B966
:1058800001207047002AFBD11846FDF7C5BA10B5B4
:10589000044608461946FDF7F1FA18B9A07DC0F391
:1058A000C00010BD012010BD70B582B0FF2B8DF877
:1058B0000730064607D090F82100C01AB0FA80F0F1
:1058C000400902B070BD0C46154629460DF107028D
:1058D0002046FDF707FB0028F3D096F82030C3F3ED
:1058E0004013A34202D0002002B070BD0622294618
:1058F00006F1080012F0E0FDB0FA80F04009E0E7A0
:105900002DE9F04F85B005469DF838600F9F14468D
:105910009C4611B1DB78D8073FD59CF80130072BA6
:1059200037D99CF803209107C2F3400817D50D2BF7
:105930002FD9E3461BF80A9BC9F3801A4FEAD919FD
:1059400014B1AB7D1A0746D55B464A462146284628
:10595000CDE90E6705B0BDE8F04FFFF711BE9CF82A
:105960000020C2F3801AD2091CB9012005B0BDE89D
:10597000F08FAB7D1B07F8D491460CF104010CF1BC
:105980000A0BFF2E8DF80F600BD095F821309E4248
:105990001DD0002005B0BDE8F08F084605B0BDE879
:1059A000F08F0DF10F0250460191FDF79BFA002890
:1059B000EFD095F820300199C3F340135345E8D157
:1059C000062205F1080012F077FD0028E1D1B8F1B8
:1059D000000FCAD0B8E70CF10401D2E72DE9F04777
:1059E0009DF8285047680C46AD019DF82010994657
:1059F00005F04005237845F0250545EAC11503F07B
:105A000010031D4390460B9B2570222262701A687A
:105A1000C4F802209B88E380099B1968A1609B88D9
:105A2000A3817B68C4F80E30B97A3B896382012276
:105A300021756275B7F816A0064602F0DDF94946F1
:105A400005464046B8F1000F27D018F0040F52D198
:105A500001F0A6FD08F003032B33DB00C8F340027E
:105A6000D34003F65A232B44A3EB00093369EBB16F
:105A700040F2E24303FB0AFA02F060F90121054615
:105A80004046D6F8108001F089FD2B184344002BC6
:105A900001DB994538D95344F9E701F081FD05F55B
:105AA000DB69A9EB00093369002BE1D10C9AC2F83C
:105AB0000090A375E375FB8A23833B8B6383B38AD2
:105AC000A383D7F82230C4F81E3097F8263084F824
:105AD000223097F8282094F8233062F3040384F8E6
:105AE0002330FEF7FDF994F8233060F3471384F870
:105AF0002330BDE8F08701F053FD05F5D45909F1D5
:105B00000C09A9EB0009CEE70C9A1360054AA3EB38
:105B10000903A2FB0323627D9B0A0132E3826275C3
:105B2000C9E700BF5917B7D130B5044683B0FDF7B8
:105B3000A3FF24B10DF107012046F4F7FDFD0E4B44
:105B40001B8823B12046FDF7A5FF03B030BD05201B
:105B5000ECF7DCFE05460028F4D1084A084909485C
:105B600040F2D2230EF05BFA85F31188BFF36F8FFA
:105B70000323184602DFE5E78698002078BF04007B
:105B8000E4B404005CA50400F0B50C4683B00746FD
:105B900015461E46FDF75EFF01F046FF204601F068
:105BA000E5FC01F041FD00283ED1FDF7F9F948BBC5
:105BB00002F028F97B790446012103F0070001F087
:105BC000EFFC7B79044403F00700022804F1A304EE
:105BD00016D004280CBF4FF4BC73282301211C44A9
:105BE00001F0DAFC201A02F0B7F802F0FDF801F03B
:105BF00033FF3146284603B0BDE8F04001F0A4BBB6
:105C00001823EBE70DF10700FDF732F87A79C2F3BC
:105C10000202920042F00202014602F01E029DF8CA
:105C2000070002F0CDF9C3E7074A0849084840F2E7
:105C30006C530EF0F4F9002383F31188BFF36F8FD8
:105C40000323184602DFB0E778BF0400B0BD0400AC
:105C50005CA5040070B505460120AE68ECF7ECFCCD
:105C6000044640B1B0690B4A2B4604F12001BDE85F
:105C70007040FFF789BF084A084909484FF4B763E5
:105C80000EF0CDF984F31188BFF36F8F032318460C
:105C900002DFE7E7ED65030078BF0400A8BD04005C
:105CA0005CA5040070B505460120ECF7C5FC044670
:105CB00040B12B4604F1200128460A4ABDE8704055
:105CC000FFF762BF084A0949094840F2AA530EF09B
:105CD000A6F984F31188BFF36F8F0323184602DF00
:105CE000E7E700BFD165030078BF0400A8BD04004A
:105CF0005CA5040070B505460120ECF79DFC044648
:105D000040B12B4604F1200128460A4ABDE8704004
:105D1000FFF73ABF084A0949094840F2C3530EF059
:105D20007EF984F31188BFF36F8F0323184602DFD7
:105D3000E7E700BF455D030078BF0400A8BD04008D
:105D40005CA504002DE9F04F83B0054601F080FC0E
:105D500010F0FF093FD1FDF785FE49462846F4F7CC
:105D6000EBFCEC680646002C00F00681C5F80C90B0
:105D7000736893F82C206FF3000283F82C20B37D16
:105D80006FF3C713B3750127206827712146ECF71D
:105D900085FCE468277120682146ECF797FCB3691D
:105DA000002B00F0E080ECF763FC0446002800F0D4
:105DB00004810A232371A660B3692068E360214649
:105DC000ECF784FC9248314601F0BEFA03B0BDE81E
:105DD000F04F01F0F9BB01F05DFC5FFA80FB02F0CF
:105DE00061F95FFA80F802F03FF95FFA80FA01F09A
:105DF00029FE0746FDF736FE00212846F4F79CFCF5
:105E0000EC680646002C00F0BC800023EB60B8F183
:105E1000000F00F0E1805046FCF7A6FF8246B9F182
:105E2000000FA5D0BBF1000FA2D001F041FC019002
:105E30000120ECF701FC8146002800F0DA8099F897
:105E4000201001F00F03082B92D199F821300E2B6E
:105E50008ED199F822303F2B8AD899F8233003F05D
:105E60000303032B84D109F1240BC1F380115346A2
:105E70005A463046FFF718FD00283FF479AF019BE2
:105E800099F820201B78C3F38013B3EBD21F7FF463
:105E90006FAF01990622023109F12A0012F00CFBC2
:105EA00000287FF465AF6A79736802F00702032A5D
:105EB00000F2998002F12801C9005210D140B3F8D4
:105EC0005C208A4238BF0A46A3F85C206A7902F057
:105ED0000702032A00F28A8002F12801C900521049
:105EE000D140B3F85E208A4238BF0A46A3F85E204C
:105EF000697993F8662061F3020283F866206A7973
:105F0000FF00C2F3020207F0080747EA021793F8FE
:105F1000662022F07802174383F86670697993F857
:105F2000672061F3020283F86720B8F1000F3FF4A5
:105F300032AF99F8203094F820202068C3F3801302
:105F400063F3C71284F82020D9F82430A362BBF889
:105F50000430A38584F819A02146ECF7B7FBB36998
:105F6000002B7FF420AF2B48294601F0EDF903B058
:105F7000BDE8F04F01F028BBCB46C8464F464FF076
:105F8000FF0A254A2549264840F2F5530EF047F806
:105F9000002484F31188BFF36F8F0323184602DFB8
:105FA000EC60B8F1000F7FF436AF44464FF0FF0AC3
:105FB000B9F1000F3FF4DCAE34E7174A194918482D
:105FC00040F255630EF02BF884F31188BFF36F8F06
:105FD0000323184602DFECE64FF0FF0ABBF1000F87
:105FE0007FF423AFC4E64FF4296168E74FF42961D9
:105FF00077E7094A0B490A4840F207630EF00FF8A9
:1060000089F31188BFF36F8F0323184602DF16E769
:1060100041580300295B030078BF040018A6040060
:106020005CA50400A8BD040038B505460520ECF7C2
:106030006DFC20B12846BDE83840FDF78BBD0A4A0B
:106040000A49044640F28A6309480DF0E8FF84F3E8
:106050001188BFF36F8F0323184602DF2846BDE87F
:106060003840FDF777BD00BF78BF0400E4B40400FA
:106070005CA5040038B5002836D00C46FDF714FFA7
:10608000002809DB0520ECF741FC0546C8B1204695
:10609000BDE83840FDF7DEBB174A1849184840F202
:1060A000A3230DF0BCFF002383F31188BFF36F8F90
:1060B0000323184602DF0520ECF728FC05460028DC
:1060C000E5D10D4A0F490E4840F2A6230DF0A7FF77
:1060D00085F31188BFF36F8F0323184602DF204634
:1060E000BDE83840FDF7B6BB074801F02DF9BDE823
:1060F000384001F069BA00BF78BF040004BD040055
:106100005CA50400E4B40400295B0300884210B5D8
:10611000044608D02046F4F7EDF800280CBF6FF0D5
:106120008B00002010BD084A0849094840F281232D
:106130000DF075FF002383F31188BFF36F8F0323E6
:10614000184602DFE6E700BF78BF0400C8BF0400BE
:106150005CA504002DE9F04F074685B0FDF78CFCE7
:10616000D7F80C80B86898F8029001254FEA5919C1
:1061700005FA09F5EDB23D73F4F7BCF88246002844
:1061800000F0CA80002398F9002098F8024001939B
:10619000002A4FEA042498F8012004F4F85444EA51
:1061A000020498F80020B4BF4FF496711E2101FB41
:1061B00004F4B4BF4FF49E712E2112F0400F14BFAF
:1061C00032264FF4FA76594A009104FB06F6A2FBF8
:1061D00006264FEA850B564A4FF0000C012128464F
:1061E0005FFA8BFBA2F800C001F00AF95A46FF21C2
:1061F000082001F08BF998F8000000F03F00FDF74F
:10620000E1FB07F1200001F0B1F9019BB60C002B76
:106210007DD04848194601F097F8962001F094FC8B
:1062200001232A460021284601F0E8FBFCF7B8FECE
:10623000002850D19AF8163013F0180F40D17B691E
:10624000012128461C44FDF703FCA41B241AA4F1D9
:106250001001002001F014FD0F3C844207460ED0CF
:10626000354A364936484FF4B3730DF0D8FE002353
:1062700083F31188BFF36F8F0323184602DF009B5F
:10628000012128461E44FDF7E3FB37440346012164
:1062900028461F4401F084F9B9F1010F074418D0D2
:1062A000B9F1020F0CBF4FF4BC702820384401F044
:1062B00061FD01F099FD05B0BDE8F04F01F0CCBBE8
:1062C0000120FCF767F94178821C007801F0E8FBB7
:1062D000B5E71820EAE79AF81600C0F3C000FCF70B
:1062E00059F982460DF10F00FCF7C2FC9AF8011033
:1062F00080460AF102029AF8000001F0D1FB9DF8F5
:106300000F004BF00202414601F05AFE97E70D489C
:10631000394601F019F880E7BB680093014618463A
:10632000F4F70AFA009B82462DE700BF83DE1B4389
:1063300086980020D165030078BF0400D8BF040010
:106340005CA50400ED65030010B582B00446FDF7BE
:1063500093FD00281BDB154A1549164800940023BD
:10636000ECF714FB08B1773001D102B010BD124A2E
:106370001249134872230DF052FE002383F3118853
:10638000BFF36F8F0323184602DF02B010BD0A4A25
:106390000C490B486F230DF042FE002383F3118854
:1063A000BFF36F8F0323184602DFD4E7C1630100F8
:1063B000756003000D61030078BF04009CA7040012
:1063C0005CA5040004BD04002DE9F04F04460078EC
:1063D00000F00F00072883B00F46904699460DD075
:1063E000524A5349534887230DF019FE002383F383
:1063F0001188BFF36F8F0323184602DF6678002EE3
:1064000077D0A3789B0674D0E378DD074CBF0A34BD
:106410000434980748BF0634590748BF01341A07A7
:1064200048BF0234DD0664D5A2786378150205F40E
:10643000F8551D435DD05F2A4FEA521359D894F99D
:1064400000202178002AB4BF4FF496721E227807EC
:1064500002FB05F551D407F0030006440936F600A7
:10646000C7F34000C6402A4406F59670824240D3E6
:1064700049064CBF4FF0320A4FF4FA7A2E4A019384
:1064800041460AFB05FA3846A2FB0A2A01F088F8C1
:10649000019B4FF0010B02460BFA03F0C0B25946C4
:1064A00001924FEA9A4AFDF7D3FA019A06F2EF6396
:1064B0005344134403449D421BD85846ECF7BCF8A0
:1064C000054628B30C9BAB60EC6001F095FC41469F
:1064D0000446384601F064F8A41B241A29464846AD
:1064E0006C6100F031FF01F06FF8012003B0BDE8EE
:1064F000F08F002003B0BDE8F08F4FEA4800F600AF
:1065000000F002002B360130864006F5BC76AAE783
:10651000064A0A490748E9230DF081FD85F31188F1
:10652000BFF36F8F0323184602DFCBE778BF040069
:1065300078BE04005CA5040083DE1B43A8BD0400F4
:10654000F0B50C46C978C90783B03ED50546174655
:106550001E46FCF725FD90B9AB7D13F0180F0BD04C
:106560000120FCF717F82246334612F8041BC1F34A
:106570008011FCF71BF83870012003B0F0BDA87D36
:106580002546C0F3C000FCF705F815F8041B334698
:10659000C1F380112A46FCF709F838700028EBD1C6
:1065A00023785B06E8D50DF10700FCF761FB9DF849
:1065B0000730002BE0D0284601F0A8FD089B18709A
:1065C00001F052FD099B1870D6E7002003B0F0BD22
:1065D00010B504460021F4F7AFF86279214602F0C5
:1065E0000702BDE81040E0F74FB800BF03468068DF
:1065F0001A7B90F82030DB0602D50021E0F744B882
:106600008169E0F741B800BFF8B50546FDF734FAF7
:10661000ECF76EF9044600283FD0274B274A1B7839
:106620001178A27926485B0001F0010103F0020312
:106630000B4322F003021343224A01881278A180FF
:1066400001202070A371227219B195F92730002B17
:1066500004DB2846BDE8F840FDF71CBA95F82C305D
:10666000C3F30213022B16D0042B0CBF4FF4BC77DC
:10667000282701F0ADFB064601F0B0FB361AE660B4
:10668000EA6BC4E904270023EB636B642846BDE88A
:10669000F840FDF7FFB91827EBE70B4A0B490C4808
:1066A0004FF478730DF0BBFC84F31188BFF36F8F48
:1066B0000323184602DFB0E7EF980020F09800208F
:1066C00088980020EE98002004C00400E4B4040080
:1066D0005CA5040008B500F0E7FF0278034601213D
:1066E00061F301021A70002008BD00BF014B0020B9
:1066F00018707047EC980020704700BF30B4074A0C
:10670000074D084C0848094900231380084A2B808C
:10671000237003700B70137030BC70478898002092
:106720008A980020F0980020F1980020EF9800202F
:10673000EE98002091F82C305B070AD481420AD1F0
:10674000064B1B88002B14BF6FF08B006FF00F00FF
:106750007047002070476FF08B00704788980020CA
:1067600091F82C305B070AD481420AD1064B1B8872
:10677000002B14BF6FF08B006FF00F0070470020EC
:1067800070476FF08B0070478A98002038B50D462F
:10679000002842D00446FDF787FB002851DBE26861
:1067A0002389518B938301330B4492F92710538330
:1067B000002913DBECF79CF80446F8B1A37923F029
:1067C0000303002243F0020301212170A280A37180
:1067D00022722846BDE83840FDF73CB82089136B8B
:1067E000916B00FB03330B44516B8B4228BF0B466C
:1067F0009363ECF77DF804460028DFD1184A194965
:10680000194840F207130DF00AFC84F31188BFF316
:106810006F8F0323184602DFD0E791F92730002B52
:1068200007DB2946114800F08FFDBDE8384000F035
:10683000CBBE0F4B1B88002BF3D10E4B01221A70DD
:10684000EFE7074A0C490848EE230DF0E8FB002368
:1068500083F31188BFF36F8F0323184602DF9EE78F
:1068600004C00400E4B404005CA50400096603004D
:106870008A980020EF98002004BD0400F8B5064671
:106880000120EBF7D9FE044678B3002184F82110EB
:1068900096F86750B6F85A7005F00705284600F0DC
:1068A000AFFD96F87E301B0704F120044FEA850205
:1068B00010D5391D42F00102C9B2082000F026FEB1
:1068C0002246294606F17F0001F0A2FABDE8F84011
:1068D00000F04CBEF9B2082042F0010200F016FEB2
:1068E0002046BDE8F84000F041BE074A0749084885
:1068F00040F213330DF093FB84F31188BFF36F8FD5
:106900000323184602DFC0E704C00400A8BD04004A
:106910005CA5040038B50446FDF79CF8334AA0890D
:1069200013880133138001F00FF994F8662094F86E
:106930006700C2F3C00300F0070002F00702002165
:1069400001F05CF82046FFF799FF00F077FE002881
:106950003BD101F057FA258A034694F867000D35BC
:10696000012100F007001D4400F01AFE94F8673082
:1069700003F00703022B054425D0042B0CBF4FF472
:10698000BC73282394F86600C0F3C00100F0070030
:106990001D4400F001FE281A01F0DEF9144B1B889B
:1069A0001BB994F92730002B05DA21461148BDE8C0
:1069B000384000F0C9BC01F04FF821460D48BDE851
:1069C000384000F0C1BC1823DCE70B4A0B490C48E7
:1069D00040F2AF230DF023FB002383F31188BFF3B4
:1069E0006F8F0323184602DFB3E700BF8A980020A9
:1069F000889800202D6B030004C0040050C00400E0
:106A00005CA50400F8B50F4690F86610B0F8586021
:106A100001F007040546C1F3C001204600F0F0FC78
:106A200095F87E30A200DB0642F00102F1B20DD5EE
:106A30000431C9B2082000F069FD394605F1A00013
:106A400001F052FABDE8F84000F096BD082000F0D1
:106A50005DFD3846BDE8F84000F08EBDF0B5054656
:106A600083B001AA806E0F46E96EE8F70BFD95F83A
:106A70007E305A0706463BD448B3019C95F87D30DA
:106A800095F87C2004341C4412B9627885F87C2087
:106A900033B12378012262F30103237095F87D302E
:106AA00095F87C20D31A63702846F5F723F86378AD
:106AB00083422BD960700121237803F00F03002259
:106AC00043EA01132370A2703C6003B0F0BD43F0B1
:106AD000040385F87E3000F0E7FD0446124B1B7876
:106AE000EBB1237843F0100323703C6003B0F0BD9A
:106AF00043F0040385F87E3000F0D6FD0446002EF6
:106B0000ECD0237843F010032370EEE73268EB6E8D
:106B10009A42D0D1044B19780029CCD1CCE7227805
:106B200063F304122270CFE7EC9800202DE9F04FB8
:106B300085B0044600F08CFDC0B250B9FCF792FF5E
:106B4000BB48214600F000FC05B0BDE8F04F00F066
:106B50003BBD00F09FFDC5B200F098FFB54F5FFA56
:106B600080F8FCF77FFF3B88012001333B80EBF787
:106B700063FD0646002800F01381002D51D1AE4B75
:106B80001F78002F40F0DC80012203A920461A70F4
:106B9000FFF764FF0027039DBA46E08900F0D4FFA9
:106BA00094F8670000F0070000F014FFA3482146A6
:106BB00000F0CAFB01F018F994F87E202B7862F3FC
:106BC000C3032B7094F87E302A78C3F3400363F339
:106BD00082022A7029462046FFF714FF00F02EFD9E
:106BE000002840F0158101F0F3F8002800F09280B1
:106BF000BAF1000F00F09680A08A4FF6FF7398421A
:106C000000F02D815146F4F7D9FE002F40F08D8021
:106C1000EBF754FDB8F1000F40F0AD8005B0BDE8D2
:106C2000F08F94F87E2096F8203002F00101C3F333
:106C30008000884200F0C68094F9273081F001017D
:106C4000914661F30009002B84F87E9005DA94F8F0
:106C50002C3043F0080384F82C30DFF8FCB19BF8AB
:106C6000002012B1013A8BF8002094F87E2012F037
:106C7000040540F00581D4E91A0103AAE8F702FCF3
:106C80008246002800F01481039A94F87D90131D29
:106C900003EB09020193517871B194F87E20D30679
:106CA0000AD5D4F8B0200132C4F8B020D4F8B4200A
:106CB00042F10002C4F8B42094F87C204944C9B2DF
:106CC0009142C0F0FC8000F02A815D4A5D495E4837
:106CD00040F26D430DF0A3F9002383F31188BFF355
:106CE0006F8F0323184602DF4FF0000A94F9273014
:106CF000002BC0F20C8196F82030D8065CBF019AB8
:106D000012F8095094F87E205CBF85F01005C5F399
:106D1000001559E001F050F801F054F8BAF1000FF5
:106D20007FF46AAF002F3FF475AFEBF7A1FC0323AC
:106D30003371A38A3068F3803146EBF7AFFC67E725
:106D400094F87E90013FFFB203A920461F70C9F35B
:106D50008009FFF783FEAA46002F7FF41BAF34485B
:106D6000214600F0F1FA94F92730002B0ADA00F0FE
:106D70005BFE039D20E700F079FE84F8C20005B0B9
:106D8000BDE8F08F00F020FC00F04EFC002840F041
:106D9000AE8094F87E3069F3820384F87E3022E777
:106DA000274A2A4928484FF4AA730DF038F986F388
:106DB0001188BFF36F8F0323184602DF002D3FF4C5
:106DC000DEAE2EE70025AA46C3F3C003C2F340019E
:106DD0008B4277D00027C2F38009174A1C4B002151
:106DE00011702046012203A91A70FFF737FE002D0B
:106DF000B5D196F82030039DDA063FF5CEAE2B785C
:106E0000DB063FF5CAAE6B78002B7FF4C6AEA6E773
:106E10000B4A10490C4840F2E9130DF000F9002329
:106E200083F31188BFF36F8F0323184602DFDAE67E
:106E30000966030088980020F19800201569030076
:106E400004C0040034A604005CA50400A8BD04002E
:106E5000F098002050C00400EC98002000277F4AE2
:106E60007F49804840F209230DF0D9F8002383F3CD
:106E70001188BFF36F8F0323184602DFA08AC1E693
:106E80006FF3820284F87E2000F00EFC94F9273024
:106E9000002B0DDB96F8203013F010050AD1027894
:106EA000AA4682F01005C5F3001594F87E208BE702
:106EB00096F8203094F87E200025AA4684E784F8CE
:106EC0007D1011E70320EBF7B7FB28B394F87E3071
:106ED00083F0020384F87E3096F8213094F87E2007
:106EE000002B3FF477AF110736D4012773E75B4AD5
:106EF0005D495C484FF4D6730DF091F8002383F39D
:106F00001188BFF36F8F0323184602DF41E794F81F
:106F10007E2096F8203057E794F87E205AE700222A
:106F2000A4F87C20E06E04F16801E8F7B3FA039A54
:106F30001268CAF80020039AC2F800A09BF800204B
:106F4000DDF80CA01AB93A88052A7FF6CFAE474A79
:106F500012788BF80020C9E601F000F807460028F7
:106F60006DD001F023F8002857D1D4F88F30D4F831
:106F70009320134305D196F8203003F00303032B2D
:106F800034D03B4B3B48022221461A7000F0DCF91A
:106F900000F01AFB00F048FB80B900F019FFE8B1DF
:106FA000BAF1000F3FF436AEA08A4FF6FF73984255
:106FB0003FF454AF5146F4F701FD29E6274A2A4928
:106FC000284840F265130DF02AF8002383F3118856
:106FD000BFF36F8F0323184602DFDEE700F0ECFEFD
:106FE00000F0F0FEBAF1000FDED113E600F060FB16
:106FF0004378272B0146C4D80333DAB206F12000C8
:1070000011F0BBF9D4F88F30013BC4F88F30D4F8BD
:10701000933043F1FF33C4F89330D4F88F30013309
:10702000C4F88F30D4F8933004F18F0243F1000399
:1070300053600F4B01221A7094F87E2055E7074ADF
:107040000D4908484FF491630CF0E9FF87F311886C
:10705000BFF36F8F0323184602DF82E704C00400EA
:107060006CC004005CA50400B0BD0400ED980020D5
:10707000EE9800200966030064C00400024B1A78F1
:1070800018701046704700BFED98002010B582B010
:107090000446FCF7F1FE00281BDB154A154916488B
:1070A00000940023EBF772FC08B1773001D102B0F5
:1070B00010BD124A1249134855230CF0B0FF0023AB
:1070C00083F31188BFF36F8F0323184602DF02B0EA
:1070D00010BD0A4A0C490B484C230CF0A0FF0023BA
:1070E00083F31188BFF36F8F0323184602DFD4E7C1
:1070F000096E01008D6703006167030084C004000E
:107100009CA704005CA5040004BD040010B582B077
:107110000446FCF7B1FE00281BDB154A154916484A
:1071200000940023EBF732FC08B1773001D102B0B4
:1071300010BD124A1249134850230CF070FF00236F
:1071400083F31188BFF36F8F0323184602DF02B069
:1071500010BD0A4A0C490B484B230CF060FF00237A
:1071600083F31188BFF36F8F0323184602DFD4E740
:10717000717001008D67030035670300E4C00400EF
:107180009CA704005CA5040004BD04004FF08053DC
:107190000246D3F8A410013107D04FF08051D1F846
:1071A000A00010F0010009D17047D3F8A8304FF6C5
:1071B000FF719BB28B42F0D100207047D1F8A43010
:1071C0001360D1F8A8301371C3F3072363F03F03B2
:1071D0005371D1F8903001331CD0D1F89430013381
:1071E00018D0D1F89830013314D0D1F89C30013345
:1071F00010D0D1F89030C2F80630D1F89430C2F8EF
:107200000A30D1F89830C2F80E30D1F89C30C2F86C
:10721000123008E00023C2F80630C2F80A30C2F883
:107220000E30C2F812300120704700BF00234FF02B
:107230008052036043608360C360D2F880300133C2
:1072400018D0D2F88430013314D0D2F8883001330A
:1072500010D0D2F88C3001330CD0D2F880300B60D3
:10726000D2F884304B60D2F888308B60D2F88C3002
:10727000CB60704700230B604B608B60CB60704726
:10728000054B4FF480320021C3F80815C3F844239E
:10729000C3F80423704700BF00B00040054B1878C6
:1072A000421C1A7018B9044B01221A607047012061
:1072B000704700BFF298002000B0004038B50E4D76
:1072C0002C784CB1601EC0B2287018B90B4B01224B
:1072D0005A6038BD012038BD094A0A490A4871235D
:1072E0000CF09DFE84F31188BFF36F8F03231846C3
:1072F00002DF2C78E6E700BFF298002000B00040E3
:1073000040C104008CC104005CA50400014BD3F80B
:107310000405704700B00040024B00F5A87043F828
:107320002010704700B00040044BD3F8103123B157
:10733000034A044B10681B68184770470010004050
:107340001C8B0020208B002038B5044601200D4600
:10735000E7F7DCFA084B094A1C600949094B15603C
:1073600010200222C1F80403C3F88021BDE8384090
:107370000120E7F7BDBA00BF208B00201C8B002046
:107380000010004000E100E04FF080434FF0FF327A
:107390000021C3F8002EC3F8042EC3F8081EC3F85A
:1073A0000C2EC3F8101EC3F8142EC3F8182EC3F801
:1073B0001C2EC3F8202EC3F8242EC3F8282EC3F8A1
:1073C0002C2EC3F8302EC3F8342E704710B5012090
:1073D000E7F79CFA054B06480649074A0024C0F81F
:1073E0001845C3F80018C3F8042810BD00F0014088
:1073F000001000400012020000240400704700BF8B
:107400004FF080530228D3E94C230CD004280ED02F
:10741000082A13D00323214A40F20121C2F8103573
:10742000C2F850167047082A2AD00423F3E7082A26
:1074300012D001F00101C1F10603ECE7052B03D8DE
:10744000174AD35C002BE5D0144AD2F8403723F01A
:107450000043C2F84037DDE7052B03D8104AD35C60
:10746000002BE6D00D4AD2F8403723F0004323F436
:107470007F4343F0004343F44443C2F84037D8E726
:10748000052B03D8064AD35C002BCED0034AD2F892
:10749000403723F00043C2F84037C6E700100040F1
:1074A00098C10400014BC3F80C0570470010004060
:1074B000014BC3F80805704700100040084B00F06E
:1074C0007F00C3F85405D3F8182522F00072C3F8E2
:1074D0001825D3F8182542F00072C3F81825704714
:1074E00000100040084A00210123C2F82C15C2F800
:1074F0003035C378C2F824358178038843EA0143E4
:107500001B02C2F81C35704700100040C2F3820312
:10751000022B02F0030221D0042B0CBF4FF0C74C0A
:107520004FF0000C013A022A98BF4CF4801C00F086
:107530000F000C4B0C4A40EA0C0040F48070C3F87A
:107540001405D3F818050240C3F81825D3F81825F8
:10755000114341F44031C3F8181570474FF0807C57
:10756000E0E700BF001000400000F8FE014BC3F848
:107570000405704700100040014BC3F80405704734
:1075800000100040022804D004280CBF2A20292023
:1075900070472820704700BF01207047292070479E
:1075A000022809D0042805D111F0010F0CBF1920C1
:1075B0001E2070470A20704705207047014B0122AA
:1075C0005A60704700100040084A094910B401236E
:1075D0004FF410640020C2F808455360D360C1F82E
:1075E00000020B615DF8044B704700BF00F00140E2
:1075F000001000400B4B0022C3F80021D3F800110B
:10760000C3F80421D3F80411C3F80C21D3F80C11EA
:10761000C3F81021D3F81011C3F85021D3F850311A
:10762000704700BF00100040034BD3F80001003842
:1076300018BF0120704700BF00100040034BD3F873
:107640000401003818BF0120704700BF001000403F
:10765000034BD3F80C01003818BF0120704700BF5E
:107660000010004001207047034BD3F85005B0FADA
:1076700080F04009704700BF00100040044B40F20A
:107680000312C3F83425C3F83805C3F83C15704716
:1076900000100040034BD3F80004003818BF01204D
:1076A000704700BF00100040004870471C8A00204F
:1076B00000487047188900202DE9F04FBA4CDFF8D8
:1076C000F88294F800C0B94DDFF800B39DF824901B
:1076D0009DF82CA0C8F868B54FEACC0606F18047A3
:1076E00007F5F8370CF10C0E012905EB8C055FFA54
:1076F0008EFEC8F86C7557D0002843D04FEACE0EE6
:107700000EF1804E0EF5F83EA94BCEF810552D2106
:10771000CEF814350CF111020CF10903D2B2DBB230
:10772000D200DB00A34802F1804203F1804302F55E
:10773000F83203F5F83330440026C2F81065C2F879
:107740001465C3F81055C3F814054FEA8C0303F110
:10775000804303F510430CF1010CD3F840258A4215
:107760008ABFD3F840250122521AC3F84025924B14
:107770004FF410620CF0010CC3F8042584F800C02B
:10778000BDE8F08F022A00F00281042A51D0362190
:107790004FEACE0E0EF1804E0EF5F83E844BCEF839
:1077A0001055CEF81435B5E7012800F0D680B9F1B0
:1077B000020F4FEA8C0800F0CD804AF23C5149F6A6
:1077C000C473B9F1040F18BF19460CF111070CF17D
:1077D0000903022AFFB2DBB24FEACE0E00F091801D
:1077E000042A2CD0DFF8D4B101F51A510EF1804EE5
:1077F0000EF5F83E2C31ABFB01B1DFF8C4B1CEF889
:1078000010558909CEF814B5002840F08A80520737
:1078100040F18780B9F1020F00F0C2804AF2B8103F
:107820004AF23072B9F1040F08BF104642F2B84272
:1078300025E013F0010F0CBF45214A21A8E75F4A5C
:1078400001F5EB410EF1804E0EF5F83E1431A2FB2E
:1078500001215B4ACEF810558909CEF8142500287D
:107860005FD1B9F1020F00F094804AF2B8124AF2E7
:107870003070B9F1040F18BF104646F218020244E6
:107880000CF5A8754F48DFF848E150F825504B48F3
:10789000DFF82091A0FB02029009B5EB921F88BF90
:1078A0002D1A0CF102024148D2B24FEAC7074FEA43
:1078B000C30300EB8200C64402F5A872DFF804811E
:1078C00007F1804703F1804303F5F83307F5F837F4
:1078D00098BF012548F82250B144394A364EC7F8BE
:1078E0001005C7F81425C3F81005C3F81495364BD6
:1078F000C6F8A8354FF40023C6F8ACE5C6F8043541
:1079000023E72E4A01F5AB510EF1804E0EF5F83EFD
:107910001C31A2FB01212A4ACEF810558909CEF864
:107920001425BAF1010F09D0FF0007F1804707F5D0
:10793000F8370022C7F81025C7F81425DB001D4AC8
:1079400003F1804303F5F8333244C3F81055C3F80C
:107950001425FAE649F6404137E7B9F1020F1DD088
:10796000B9F1040F0CBF2B212A214FEACE0E0EF1E4
:10797000804E0EF5F83E124BCEF810550CF1110763
:10798000CEF814350CF10903FFB2DBB2C9E732219E
:10799000FEE649F6346046F2180270E72921E4E772
:1079A00049F6346042E700BFF39800204091004060
:1079B0000410004004F0014000F00140D34D62107B
:1079C0000010004000900040501100400C11004099
:1079D0004090004000B5084A85B000230321C2F85A
:1079E00000120090CDE901331A4619460120FFF735
:1079F00063FE05B05DF804FB0010004070B5094E51
:107A000084B014461D4602460B4600200321C6F8EA
:107A10000012CDE9015000940121FFF74DFE04B0A2
:107A200070BD00BF001000400449054B03204FF417
:107A30001062C1F80002C3F808257047001000402A
:107A400000F00140034BD3F85001B0FA80F0400938
:107A5000704700BF00100040034AD2F8003243F4E0
:107A60008873C2F80032704700100040014BD3F811
:107A70004805704700100040034B0022C3F81C214A
:107A8000D3F81C31704700BF00100040034BD3F8FF
:107A90001C01003818BF0120704700BF00100040D3
:107AA00010B44FF0000C4FEA8C0303F1804303F550
:107AB00080531468C3F800460CF1010C9488C3F895
:107AC0002046BCF1080F02F10602ECD1034B40EA5C
:107AD0000120C3F840065DF8044B704700100040D9
:107AE000034AD2F8403623F0FF03C2F8403670470D
:107AF00000100040034B0022C3F81421D3F81431C6
:107B0000704700BF00100040034BD3F81401003849
:107B100018BF0120704700BF00100040014BD3F890
:107B200010047047001000400449054B054A4FF40B
:107B30008020C1F84803C3F80825704700B0004012
:107B400000F00140C041780E034B044A1B7803F556
:107B5000A87342F823007047F3980020009000407B
:107B6000F0B4A2F57423274DA3F51073AB4204467D
:107B700006D902F1E87202F5D432013902F5A57294
:107B8000214B2248224D234E0127DF600027C3F8F6
:107B90000475A0FB02020427C3F81075900C02279D
:107BA000C3F808751C4AC3F84005C5F848154FF4DA
:107BB0008021C5F844134021C2F84065C2F844351D
:107BC000C2F80415C4B14FF48013C2F80435134B46
:107BD000012100240422D960C3F80445C3F810250C
:107BE0000D4AC3F8084519600D49C2F850150C3309
:107BF000C2F85435F0BC70474FF40013C2F8043596
:107C0000E5E700BFBFBDF07F0080004083DE1B437F
:107C100000B0004048B1004000F00140009000403A
:107C20000C110040134A30B40123134C53604FF43D
:107C30008025D360C2F84035104BC4F84815C4F80D
:107C40004453402104F5A474C3F84045C3F84425C7
:107C5000C3F8041530B14FF48012C3F80425012095
:107C600030BC70474FF40012C3F80425012030BC2B
:107C7000704700BF0080004000B0004000F00140AD
:107C800070B4114BD8B14FF48012C3F804250F4BD8
:107C90000A460026012502E0D3F840416CB9C1EB49
:107CA0004201C3F84061481CD3F84021C3F84005A5
:107CB000DD64D3F84C259142EED370BC70474FF48D
:107CC0000012C3F80425E2E700F001400080004004
:107CD00070B4154B0122DA64D3F84C25E8B103F5F2
:107CE000B8334FF48011C3F804150F4B114600262A
:107CF000012502E0D3F840416CB9C2EB4102C3F860
:107D00004061501CD3F84011C3F84005DD64D3F83E
:107D10004C158A42EED370BC7047044B4FF40011EF
:107D2000C3F80415E1E700BF0080004000F0014007
:107D3000014BD3F84805704700B000400020704761
:107D40000349044A01234B600B6153601361704780
:107D500000800040009000400449054BC1F84405F4
:107D60004FF08862C3F80425704700BF00800040D0
:107D700000F001400449054BC1F844054FF088620A
:107D8000C3F80425704700BF0080004000F00140A8
:107D9000054B06480649074AC3F84805C3F84C1581
:107DA000C3F80425704700BF00F0014000110040F7
:107DB0004080004080000004014BD3F84405704728
:107DC00000800040014B1860704700BF14890020FC
:107DD000014B1868704700BF14890020014BD3F88D
:107DE0004005704700800040024B4FF00062C3F82E
:107DF0000425704700F00140014BD3F84805704757
:107E000000800040014BD3F84805704700800040D7
:107E10002B4B30B40024C3F8004502294FF0020474
:107E2000C3F8004504462FD0042934D003F580332D
:107E30004FF000712348C3F80415214B2249C3F8C1
:107E40000405D1F818152148C9B20439C3F818152A
:107E5000C3F8084500211E4CC3F80C05C3F81025D3
:107E6000C3F81445C3F80012C3F80011D3F8002179
:107E7000C3F80411D3F80421C3F808110122D3F880
:107E800008111A6030BC7047124B13484FF0007154
:107E9000C3F80415D1E70F4910480325C3F81C5552
:107EA0000F4BC1F88005C1F884354FF480404FF086
:107EB0000073C1F804050B48C1F80435BDE700BFE5
:107EC00000F000400100000100100040188900206F
:107ED0000888002000F0014001000101501100401D
:107EE0000CF000400100020130B4174B00240222C4
:107EF000C3F80045C3F80025144AC3F80425144A02
:107F0000D2F81825D2B20546043AC3F8182511480C
:107F1000C3F808550122C3F80C150F49C3F8100522
:107F2000C3F81415C3F80022C3F80041D3F80011B8
:107F3000C3F80441D3F80411C3F80841D3F8081179
:107F40001A6030BC704700BF00F000400000010123
:107F500000100040188900200888002038B5114C16
:107F60000223C4F80433D4F8043163B92025EFF3B5
:107F7000118085F31288BFF36F8F0DF0ECFFD4F8FA
:107F80000431002BF3D0074B074A02204FF4004185
:107F9000C3F80803C2F88011D3F80801B0FA80F0E2
:107FA000400938BD00F0004000E100E0034BD3F889
:107FB0000004003818BF0120704700BF00F00040E7
:107FC000F0B494074FEA920303D4D20737D4012BBD
:107FD0003BD9214AD2F8042550250132042B08BF91
:107FE00005351E4B1E4E00240327C3F80075C3F849
:107FF0000405C3F80815C3F81025C3F81465C3F8C1
:108000000041D3F80021C3F80441134AD3F8041106
:10801000C3F80841D3F80831C2F86055D2F80032ED
:10802000104943F04003C2F80032C2F828414FF42F
:108030000003D2F82821C1F80435F0BC7047064A85
:10804000D2F804254025013AC8E7034BD3F80425AC
:108050004025013AC5E700BF0010004000F0004095
:108060000488002000F00140014BD3F80004704761
:1080700000F0004010B4084A084C09490023C2F837
:1080800028314FF40000D2F82821C4F80035C1F897
:1080900008055DF8044B70470010004000F00040F8
:1080A00000F0014038B5164BD3F828312BB3154CEE
:1080B0000123C4F80433D4F8003163B92025EFF369
:1080C000118085F31288BFF36F8F0DF044FFD4F851
:1080D0000031002BF3D00B4B0B4A01204FF4004131
:1080E000C3F80803C2F88011D3F804212AB1D3F8E9
:1080F0000801B0FA80F0400938BD002038BD00BF4B
:108100000010004000F0004000E100E038B5214CD4
:108110002149002303220338C4F80025C4F81005C0
:10812000C4F80031D4F80021C4F80431D4F8042193
:10813000C4F8083101224FF40043D4F80801C1F813
:108140008031C4F804232260D4F8003163B92025BB
:10815000EFF3118085F31288BFF36F8F0DF0FBFEF4
:10816000D4F80031002BF3D00A4B0B4A01204FF416
:108170000041C3F80803C2F88011D3F8040120B10C
:10818000D3F80801B0FA80F04009024B0022C3F88E
:10819000002538BD00F0004000E100E00139012970
:1081A00005D80B200AB1E6F7A3BBE6F7AFBB08B5CD
:1081B000074A084908482D230BF031FF002383F3B9
:1081C0001188BFF36F8F0323184602DF08BD00BF7D
:1081D000A0C1040034A604005CA5040029B1013943
:1081E000012905D80B20E6F7A5BB1820E6F7A2BBAE
:1081F00008B5084A0849094841230BF010FF00233D
:1082000083F31188BFF36F8F0322104602DF1846F5
:1082100008BD00BFA0C1040034A604005CA5040092
:1082200088420FD0012807D002280DD1A1F101000A
:10823000B0FA80F040097047A1F10200B0FA80F076
:10824000400970470120704700207047012908B598
:1082500011D002290FD0A1B10D4A0E490E487B233F
:108260000BF0DDFE002383F31188BFF36F8F032330
:10827000184602DF08BD094B4FF40062C3F8002125
:1082800008BD064B4FF08072C3F8002108BD00BF47
:10829000A0C1040034A604005CA5040000E100E0D5
:1082A00008B50FF0E6FB08BD032810B5044604D856
:1082B000124B1C5D9CB1204610BD114A1149124859
:1082C00029230BF0ACFE002383F31188BFF36F8FDB
:1082D0000323184602DF094B1C5D002CEBD1084A32
:1082E0000A4909482C230BF09AFE84F31188BFF346
:1082F0006F8F0323184602DF204610BD70C20400B2
:10830000F0C1040040C204005CA5040060C2040087
:10831000013810B51C46042863D8DFE800F01422A9
:108320001B29030004292CD0304A31493148B82395
:108330000BF075FE002383F31188BFF36F8F0323C7
:10834000184602DF10BD04292BD0284A28492948A5
:108350004C23EDE704291CD0244A254925487A23DB
:10836000E6E7032925D0214A214922486323DFE794
:1083700003292ED0042924D01C4A1D491D48A023BE
:10838000D6E71D4B9C60BDE8104002210320E7F7B3
:10839000E7B81A4B9C60BDE8104002210120E7F7C6
:1083A000DFB8174B9C60BDE8104002210020E7F7C2
:1083B000D7B8144B01219C60BDE810400846E7F790
:1083C000CFB8114B02219C60BDE810400846E7F78A
:1083D000C7B80E4B9C60BDE8104001210220E7F7B2
:1083E000BFB8024A02490348BE23A1E7F0C1040016
:1083F00034A604005CA5040090040020C004002002
:10840000E0040020D0040020A0040020B0040020DC
:1084100001460020FEF780BF124B30B40121044614
:1084200000205960C3F80445C3F80001C3F80401F3
:10843000196005E0D3F8042132B9D3F804251AB144
:10844000D3F80021002AF5D05960D3F80421002A7E
:10845000E7D1D3F80455002DE3D0C3F8042530BC90
:10846000704700BF00E0004070B5174C0126D4F8FB
:10847000045566600E20E6F749FAD4F8040140B1CD
:108480000021C4F80411D5E90E323046BDE8704031
:108490001847D4F8006146B1C4F80001D5E90E329E
:1084A00005F12001BDE870401847084A084909480D
:1084B000E4230BF0B4FD86F31188BFF36F8F032321
:1084C000184602DF70BD00BF00E0004074C2040027
:1084D00034A604005CA5040070B58CB00E461546A9
:1084E0000146102268461C46E6F79AFF10220DEB63
:1084F00002003146E6F794FF6846FFF78DFF25B18D
:10850000102208A92846E6F78BFF2CB108AD0FCD45
:1085100020606160A260E3600CB070BD014808F0AB
:108520007BB800BFF00400202DE9F04184B005467F
:1085300004AF0E4600231A4601F056F9041E11DA64
:108540001E490B685A0709D01D4B02930023CDE941
:1085500000330394012218460DF03AFF2046BD4631
:10856000BDE8F08124F00303DA1D22F00702ADEB31
:10857000020D0DF1100828464246314601F034F94B
:10858000051E05DBA4080025A54211DB0024E5E754
:108590000A490B685B0709D00A4B02930023CDE917
:1085A00000330395012218460DF012FF2C46D5E743
:1085B00058F8253098470135E6E700BF84060020CB
:1085C00036EC040053EC040038B505464FF0FF3399
:1085D00009484FF0FF3207F0A7FF084B1C682CB189
:1085E0000F222946201D0FF0ABFF18B9FFF796FFA9
:1085F000204638BD2468F2E7F0040020548B0020A8
:10860000F8B506460F464FF0FF330A484FF0FF32E9
:1086100007F08AFF084B1D6825B92C46FFF77EFF3F
:108620002046F8BD39462846B04704460028F5D113
:108630002D68F1E7F0040020548B00202DE9F04173
:108640000E46044690B107680025AF4211D10024C0
:1086500009E00835BD4206D228683146D8F79EFCAD
:108660000028F6D16C682046BDE8F081084D094F1E
:10867000F0E76368314653F8350003EBC508D8F7D7
:108680008DFC10B9D8F80440EDE70135DDE700BFF7
:1086900010910400F09A04002DE9FF4105460846B8
:1086A00014460F469846FFF78FFF206028484FF08A
:1086B000FF324FF0FF3307F037FF266856B1D6F888
:1086C0008C506B1CC6F88C30FFF728FF284604B08E
:1086D000BDE8F08100231F480022BC210EF037FEC8
:1086E0000346206068B91C490A68520706D01B4A35
:1086F0000090CDE9010201220DF06AFE6FF00B053A
:10870000E2E701464246284600F080F9051E05DAF8
:10871000216810480EF025FE2660D5E720680F225C
:10872000394604300FF01EFF2368DE742268D2F849
:108730008C300133C2F88C302368094A1E605168BE
:1087400011B9C2E90033BFE70B605360BCE700BF5B
:10875000F0040020080700208406002074EC0400C8
:10876000548B002070B5064604684FF0FF3325484F
:108770004FF0FF3207F0D8FED4F88C305D1E012B8D
:10878000C4F88C5003D0FFF7C9FE284670BD1E4BBD
:108790001A68002152B1944230D1226841BB596815
:1087A0001A608C4200D15A600023236020460DF0ED
:1087B000BDFE00233360FFF7B1FE94F8B83023B15B
:1087C000D4F8B41011480EF0CCFD204600F0E2F8C9
:1087D000D4F880100D480EF0C4FDD4F888100B4872
:1087E0000EF0BFFD094821460EF0BBFD0020CDE78D
:1087F0000A605A68944208BF5960D5E7114612686A
:10880000C8E700BFF0040020548B002008070020B8
:108810007FB504460D4616460DF0F5FD00280FDA2B
:108820000E490A68520709D00D4B039002930023AA
:10883000CDE90033012218460DF0CAFD04B070BD29
:108840003046A84720460DF0E1FD0028F6DA03493E
:108850000B685B07F2D0034B0390E7E78406002028
:108860009DEC0400BFEC04007FB50BAB05930393B4
:10887000054B02930023CDE9003301221846E1F7AE
:10888000E3F807B05DF804FBEAEC04002DE9F04FD3
:10889000904600F14805282202FB085589B06A6914
:1088A00007460E46002A42D001EB88092C6AC9F817
:1088B0004C2093F801B0BBF1000F61D102F11F0A07
:1088C000202C4FF0000338BF202400222AF01F0A7A
:1088D000CDE900232C48524621460EF0F7FC034612
:1088E000C9F81400A0B929490A6855070AD0284ACE
:1088F000CDF80CA0CDE90102CDE904480090012299
:10890000FFF7B2FF6FF00B05284609B0BDE8F08F06
:10891000B26F5244B2676B686A69082B044608D18B
:1089200059460FF052FD4644012386F84030002599
:10893000EAE79246AA682B6992070AD5ED69079380
:108940002A4659460FF041FD079B2C442B44AAEBC5
:10895000050ABA68194638469047054638B97B6813
:10896000524621463846984705460028DBD0D9F8BC
:10897000141005480EF0F5FC0023C9F81430C3E7C5
:108980006FF00D05C0E700BF080700208406002037
:10899000EAEC04002DE9F0410B4F00F13F0600F135
:1089A000140500F140044FF0000816F8013F2BB108
:1089B000296838460EF0D5FCC5F800800435A5427C
:1089C000F3D1BDE8F08100BF080700200146002276
:1089D000014800230EF0BBBC0807002010B5D0F8FA
:1089E000003204466BB18B6FD1F8B020A3EBC20309
:1089F0008B67D0F8001204480EF0B3FC0023C4F8D3
:108A00000032002010BD00BF080700202DE9F04F04
:108A100099B0002611ABB24208BF1A4604460D4673
:108A20000B920127BC2231462846CDE911661396E8
:108A30008DF844700FF0C9FC2368C4F80062A3B13C
:108A400020469847834680B1B0490B68580700F02C
:108A5000CF80AF4BCDF80CB0CDE901630096334623
:108A6000012218460DF00CFDC2E0002120460DF059
:108A700000FD834668B1A5490B685A073DD0A54B58
:108A800002930023CDE90033012218460DF0F8FCD3
:108A900033E004F114063422314620460DF0E7FCA1
:108AA000834628B199490B685B0726D09A4BE7E7C4
:108AB0009A49042230460FF0FFFC074680B19349E3
:108AC0000B685F0717D0964B0393964BCDE901B324
:108AD000102300930122334658460DF0D1FC0AE0E2
:108AE000A38C23F00202012A1FFA82F819D08749C9
:108AF0000A6856070DD16FF0070B84490B685807B9
:108B000076D0894BCDF80CB002930023CDE9003329
:108B1000A6E70393854B0097CDE9017301223B46FD
:108B2000DBE7B4F84230282B06D078490A685207B0
:108B3000E1D003937E4BEEE7B4F84460C5F8B06033
:108B4000F6003046FFF742FF0346C4F8000278B94A
:108B50006E490A68570702D16FF00B0BCDE7754AD3
:108B60000396CDE90132009342460DF089FCF3E70C
:108B7000AB6F3344AB670B213B463846D5F8B0208A
:108B80009A4250D8616B20460DF075FC0646C5F838
:108B9000B400002852D0002385F8B83004F148030F
:108BA0004FF4DC7200211846B4F846900D930FF094
:108BB0000CFC4FF0000EF0464FF0FF3A4FF0280B40
:108BC000D5F8B030734501D9032F73D1D4F864318F
:108BD0003BB1D4F83C3123B1D4F81431002B40F030
:108BE000F8804A4F3B685A0740F0D6806FF0070B79
:108BF00029462046FFF7F2FE0026D5F880104E48A1
:108C00000EF0AFFBC5E91F66BBF1000F00F0BD839E
:108C10002846FFF7BFFED5F8881047480EF0A1FBA5
:108C2000C5E92166B1E3D4F8002202F83310D4F884
:108C3000002202EBC302013350609FE7D5F8B03049
:108C4000282202FB03F94FF0010885F8B880484656
:108C5000FFF7BCFE0346C5F8B40040B92B490A68CB
:108C600052073FF479AF354ACDF80C9079E7616B44
:108C700020460DF0FEFB834658B124490B685B0784
:108C80003FF43BAF2E4B0096CDE90163424633469D
:108C9000FBE6D5F8B4104A4620460DF0E8FB8346C3
:108CA00000283FF47BAF19490B685F073FF425AFFD
:108CB000244BE8E7D5F8B4600BFB0E667368022B13
:108CC0001ED1A38C012B16D1B246BAE80F0004F5D1
:108CD000887CACE80F00BAE80F00ACE80F009AE817
:108CE00003008CE80300D4F80032052203F80820C2
:108CF000D6F818A001370EF1010E08F108085FE759
:108D00000B2B21D1A38C032BDDE700BF84060020B1
:108D100020ED040045ED040063ED0400A7F104001C
:108D20007DED0400C5D9040073EE04009FED04003E
:108D3000BCED0400DBED04000807002004EE040095
:108D400031EE040054EE0400032BD4D1F14511D1CF
:108D50000FCE04F5B07CACE80F000FCEACE80F00EE
:108D600096E803008CE80300D4F80032072203F8E9
:108D70000820BFE7D645BED10FCE04F59C7CACE8F9
:108D80000F000FCEACE80F0096E803008CE803005C
:108D90000622D4F80032EAE70026964B0293CDE98A
:108DA000006633460122394630460DF069FB3B68C8
:108DB0005B073FF41BAF6FF0070303938E4B0096E6
:108DC000CDE9016301223346394630460DF058FBA8
:108DD0000CE70B9A294620460DF01BFB834640BB4F
:108DE0008046D5F8B03043452CD8224623464FF074
:108DF000000CD96C002900F05881D86D002800F0D3
:108E00005481996EA78C9E6D0139032F01EA0601EA
:108E100040F046815F6DB94240F2408177490B686E
:108E20005F0700F0B880764B0293CDF80CC00023AA
:108E3000C8E072490B6858073FF4DAAE714BCDF8C1
:108E40000CB061E6D4F80092D5F8B42019F83810C7
:108E5000282303FB08F30B2902EB03074FEAC80A98
:108E6000D3582A6B1FD1D3187E6867490C931846D4
:108E7000D8F794F8012E0BD0083E082E11D8082EF2
:108E80000FD8DFE806F04A0E0E0E0E0E39133D0025
:108E9000BB685A073CD4DB0736D4002818BF02262B
:108EA00007E000283DD008F101089AE7002818BF24
:108EB0000A2608BF0426BB689807F4D579690029FB
:108EC000F1D0A6F10802022A2DD87B6A042B01D129
:108ED000890728D049490B685A075CD00C9B03933B
:108EE0004A4B0293CDF810800023CDE900330122D4
:108EF00018460DF0C5FA4EE0002818BF0926D8E73D
:108F0000002818BF0826D4E7002818BF0126D0E79C
:108F1000B0FA80F67609B600CDE7002818BF032620
:108F2000C7E70426C7E70D9B09F80A604FF0280938
:108F300009FB06390B9B5B685BB9D9F804307BB938
:108F400007F1280357F8042B49F8042B9F42F9D165
:108F5000A9E738460E9298470E9A0028EDD0A2E76E
:108F6000B868D9F8081080EA010313F007031DD090
:108F7000224F3B685B070ED00C9B0390CDE9041396
:108F8000234B02930023CDE9003306960122394694
:108F900018460DF075FA6FF0070B18490B685E075D
:108FA0003FF426AE1B4BCDF80CB0ADE5032E10D030
:108FB000D2B2022A34D811490A685707EBD0164AB0
:108FC00003960292CDE90033012218460DF058FABB
:108FD000E1E70A490A68500700F05C810F4A0093F4
:108FE000CDE90132184601220DF04AFA6FF0850BE7
:108FF000D3E700BF99EE0400CEEE04008406002003
:10900000FEEF0400FAEE040025EF040033EF040045
:1090100052EF0400A0F00400B8EF040089EF040050
:10902000B4F824E0D7F80CC0D9F80CA03869D9F806
:109030001010BEF1030F0ED1ACEB0A0E421A96458A
:1090400009D0AB4908684207A5D00C9A0392A94AF7
:109050000496029249E77B693E6A81420A4628BF2C
:1090600002461844D9F81430C9F81020194488422F
:109070002CBFC2EB0002C2EB0102D9F82030D4456C
:1090800094BFC9F80CC0C9F80CA0C9F814209E42BE
:109090002CBFC9F82060C9F8203004E77F1A5F654B
:1090A000761A08449E65D86559660CF1010CBCF12E
:1090B0000B0F03F128037FF49CAE0021CDE90C11C6
:1090C0000C9E0131013E084613460E960B287FD1B7
:1090D0000B2902F12802F1D12821D5F8B0305B45E7
:1090E00000F2C3800B9A294620460DF0A4F983466E
:1090F000002840F0D280D4F82471D4F83491E86785
:109100003F09D4F8208105D082460AF1010A57456B
:1091100000F3CC80EE6FF6003046FFF757FC0346B5
:10912000C5F88000002840F0ED8071490A685207B8
:1091300040F033816FF00B0B5AE50D9E042E42D0A8
:10914000042800F08F80A68C032E39D1166DB70746
:1091500036D59E6FB60733D5566ED2F85480D3F805
:109160008C7008EB0609DE6F3744B94507D80EEB63
:10917000080A0AF1FF3A574507D9B94520D10CEB47
:10918000060A0AF1FF3AD1451AD859490B685A071D
:109190003FF401AF6644F04408F1FF33013ECDE9EE
:1091A0000493CDE907760C9B0393534B06900293EF
:1091B0000023CDE90033012218460DF061F9EAE6FB
:1091C0000D9E032E1FD1013028337FE72833042062
:1091D000D66C002EF7D0D2F85CE0BEF1000FF2D0D2
:1091E0005E6F002EEFD0D3F884C0BCF1000FEAD040
:1091F0000E9E012EA1D8042834D0A68C032E02D1B5
:10920000166DB607A5D40328E0D0D2F85880566E64
:10921000D3F88090D3F88C7046444F44BE4207D8B0
:109220000EEB080A0AF1FF3A574507D9BE42CAD1E8
:109230000CEB090A0AF1FF3A5645C4D82C490B68D1
:109240005B073FF4A8AECC440CF1FF33C644CDE934
:1092500007730EF1FF33CDE904630C9B0393069073
:10926000264BA4E728330520B2E7D4F8003203EBFD
:10927000CB0013F83B300B2B09D0D5F8B42001FB01
:10928000034301FB0B229B6D1269D31A43600BF160
:10929000010B22E76FF0850BAAE415490B6858070C
:1092A0003FF4A6AC164BCDF80CB02DE4C8444146B3
:1092B00020460DF0DEF80646002840F03C814A4684
:1092C00014A920460DF0D3F80646002840F033815B
:1092D0009DF85C3003F00F02013A012A3FF615AF0A
:1092E0001B09012B02BFEB6F0133EB670DE700BFDA
:1092F00084060020CCEF040021F004005EF004009E
:10930000C3F00400324600210FF05FF8AB6F334426
:10931000AB67D4F834310D93D4E948231B090C9280
:109320000F9345D10B9B1B78002B40F0C780D4F8DE
:10933000FC00C3080728C5F8843013D920F00700C3
:109340006E6AFFF743FB0346C5F88800002800F06B
:10935000C880083600270B9B5A78D5F884309F4286
:10936000C0F0C9800B9B5B7813B928460DF07EF8DE
:109370000B9B1B7A002B3FF43BACD5F88010754853
:109380000DF0EFFF0023C5E91F3323690BB1204621
:109390009847584619B0BDE8F08F6FF00B02039262
:1093A0006D4A0093CDE9013201220DF069F8C1E662
:1093B0000027BA460F9B0AF1010A5345B2DDDDE9E9
:1093C0000C321344194620460C930DF052F8002835
:1093D00040F0AF800D9A14A920460DF048F80028FF
:1093E00040F0A7809DF85C30BDF85E9003F00F025E
:1093F000013A012ADED81B09012BDBD1B9F1000F9C
:10940000D8D0FB0014990E93EB6AD5F880200B445A
:1094100042F83730D5F8B430282202FB09380B9BCC
:10942000D8F80C605B789BB10B9B5B6863B9A38C2D
:109430000E9A012BD5F880301344159A18BF0026D8
:1094400032445A600137B5E7404698470028EED0CD
:109450004A46294620460DF023F8034600BBD8F8BB
:10946000101020460DF007F80346C8B93B490A68BA
:1094700057070BD16FF0850B38490B685E073FF437
:10948000B7AB374BCDF80CB0FFF73EBB354ACDF844
:109490000C90CDE90102009001220CF0F1FFE9E708
:1094A000A28C15990E98012AD5F8802014BF764217
:1094B0000026024431440B445360C3E70B9A29460B
:1094C000204600F0D5F8064600283FF430AF234987
:1094D0000B68580702D1B346FFF78ABB224B0396AD
:1094E0002FE01E490A6852073FF424AE6FF00B02CA
:1094F00003921E4A55E756F8081C7AB956F8080C2C
:10950000D5F8883043F83700D5F8883056F8042C61
:1095100003EBC70308365A6001371CE720460CF0FE
:10952000ECFF011EEADD20460CF0A5FF0028E7D184
:10953000E4E78346A0E709490B685B07CBD00C4BF7
:10954000039602930023CDE90033012218460CF064
:1095500097FFC0E7080700200FF1040084060020F1
:1095600058F1040041F1040077F104008EF1040089
:10957000E2F004002DE9F04198465B688AB01B0ACE
:10958000DDE910460F46154604D12B6000200AB0D5
:10959000BDE8F081E289002A3DD131461046FFF74F
:1095A0004DF804462860C8B9CDE90860079007A9BE
:1095B0002B48FFF725F8099A079B2A6072B107F13B
:1095C0008C0252F8041F8B42E0D001BB243447F8D0
:1095D0002430D3F88C200132C3F88C202B68002B68
:1095E000D4D120490A6852070ED0129A9269059286
:1095F000D8F800200093CDE903621B4A1846CDE954
:10960000013201220CF069FF6FF03C00BFE701342A
:10961000082CD6D1BAE74FF6F1739A4201D16368AC
:10962000B3E7B0F84430934208D9B2F57F4F05D282
:109630000CF036FF636818442860A7E709490B68F7
:109640005B070AD0094B02930023CDE90322CDE941
:109650000033012218460CF040FF6FF0070096E738
:10966000C364040084060020ABF10400FAF1040096
:109670002DE9F04704468CB00F4600264FF028092C
:10968000D7F8B0108E4201D300202FE0D7F8B430C5
:1096900009FB063ADAF80420042A17D0092A68D10F
:1096A000DAF82420082A24D041490B685D070AD043
:1096B000404B02930023CDE90326CDE9003301227C
:1096C00018460CF00AFF6FF007000FE038490B68EE
:1096D0005C0709D0384B02930023CDE90033039691
:1096E000012218460CF0F9FE6FF085000CB0BDE8C1
:1096F000F087DAF81C208A4214D32D490B685807EA
:10970000E1D008230693DAF814300396CDE9042358
:109710002A4B02930023CDE90033012218460CF0B6
:10972000DCFED0E7DAF8148018F00705E5D109FB74
:1097300002339B6899071CD5D4F8003213F83230F5
:109740000B2B0ED11A490B685B07BCD01C4B039244
:10975000CDE9015300952B46012228460CF0BDFEB1
:10976000B1E7394620460CF09BFE4FEAD808A845E1
:1097700001D1013684E7DAF82410DAF81020A36862
:1097800001FB0521204698470028AFD1DAF82420B4
:10979000636809A9204698470028A7D1534609AA1B
:1097A00039462046E4F7E4FA00289FD10135DEE788
:1097B0008406002047F2040075F204009BF20400C6
:1097C000E1F204007FB50BAB05930393054B0293C5
:1097D0000023CDE9003301221846E0F735F907B040
:1097E0005DF804FBC7050500F0B50F4687B01646C7
:1097F0000546002845D041B1D0E91B241444EEB100
:109800009C420AD96FF00B0035E0446FB2B19C4224
:10981000F8D8C16B2246304607E0416B30460EF067
:10982000ACFDD5E91B02A96B30440EF0A6FD6969B9
:10983000EA6C00230A44A508AB4201D120461AE095
:1098400056F82300884218D20F490A68520710D0F0
:109850000E4A0F4CCDE904300E4B0293002F18BF77
:10986000224600230392CDE9003301221846FFF778
:10987000A9FF6FF00D0007B0F0BD9042E4D20133B4
:10988000DAE76FF01500F6E784060020F70505001B
:10989000EF050500C705050030B585B00C46019001
:1098A0000025084801A9CDE90255FEF7A9FE039B52
:1098B00003B10433C4E90035C4E90255258205B07B
:1098C00030BD00BFB9650400F8B5054650681646BE
:1098D000FEF77AFE044638B92846726811490BF043
:1098E00094FA6FF00100F8BD021D0F490F4F284692
:1098F0000BF08BFA0E4928460BF087FA0026D4F8B5
:109900008430B34201D80020EDE7D4F8882002EB80
:10991000C603394652F836205B6828460BF075FAC4
:109920000136ECE710060500220605005C0605007E
:109930003906050007B5054901900BF066FA01A943
:109940000348FEF75DFE03B05DF804FB6B060500FF
:109950005599030010B50C46836F0349021D20681A
:109960000BF053FA002010BD900605002DE9F041E0
:10997000D2E90168ADF5087D04464046D7F720FBE3
:1099800005463046D7F71CFB0F280AD92046244944
:109990000F220BF03AFA6FF015000DF5087DBDE8C7
:1099A000F081B5F5804F09D920461E494FF4005388
:1099B0006A080BF02AFA6FF00B00EEE71A4F4FF42B
:1099C000005329463A4640460AF06FFB4FF40472B2
:1099D0000546002104A80EF0F8FC144B0593144B27
:1099E0000693144B07930023CDE90133039301231E
:1099F0008DF804306A4601AB314604A8CDE985757F
:109A0000FEF74AFE034638B9009B0B491A1D204653
:109A10000BF0FBF90020C0E708493246F7E700BF2A
:109A2000A1060500C9060500A01700207365040003
:109A30009D650400B1650400FE0605002A070500C7
:109A400038B5054650681446FEF7BEFD38B92846BD
:109A5000626805490BF0D9F96FF0010038BDA168C3
:109A60000CF0C6FC0020F9E75807050037B505469D
:109A700050681446FEF7A8FD019040B92846626878
:109A800008490BF0C2F96FF0010003B030BD01A826
:109A9000FEF768FE2846626803490BF0B6F900201D
:109AA000F3E700BF580705006E070500020600F047
:109AB0007F0312D5082B05D1010700F00F0306D54F
:109AC0000E48704710F0780F12D100F00F034C20B1
:109AD00000EB43100A4B18447047082B05D10207CE
:109AE00000F00F0306D50748704710F0780FF6D046
:109AF00000207047044800EB43107047A88C0020FA
:109B00005C8B0020C88D0020C88C002001490248D1
:109B10000DF06FBF848B0020A03700200146014864
:109B20000DF03BBE6807002002480022002306F02B
:109B3000C3BD00BF6807002013B5124801F074F8D8
:109B4000114B98421AD1114805F016F9002410481B
:109B500005F058F90F49104800944FF0FF334FF4C7
:109B6000806206F0C9FF0D490B4807F0C9F80C48A0
:109B70000C490DF022FF204602B010BD6FF004002A
:109B8000FAE700BF299E03000000AD0B4B0B050058
:109B900050C30400782A0220A03700201A090500CB
:109BA000848B0020999F030010B50E49BFF35B8F93
:109BB000002351E8002F012A03D141E8003000289A
:109BC000F7D1BFF35B8F0CD151F8044C1439204608
:109BD0000AF09CFB783004D12046BDE810400AF022
:109BE00071BB10BD7C8B002038B5002464F07F0071
:109BF000C0B2FFF75BFF01340CF0F2FC082CF5D18A
:109C00000E4D0024E0B2FFF751FF036903B905616F
:109C100001340CF0E5FC082C05F14005F2D10848B0
:109C20000CF0DEFC074BD3F87C2212B9064AC3F8CD
:109C30007C2206480CF0D4FC002038BDEC910020BA
:109C4000A88C00205C8B0020EC8D0020C88D0020AB
:109C500010B5054CFFF768FF20B1416820460DF0B4
:109C6000B6FBF7E710BD00BFD006002010B586B0E8
:109C70001C480022002305A906F04AFB70B31A4CC9
:109C800023685A0709D0194B02930023CDE900330A
:109C90000122214618460CF0B6FCFFF7D9FF114807
:109CA0000022002305A906F033FB70B123685B078F
:109CB00009D00F4B02930023CDE900330A4901225A
:109CC00018460CF0A0FC00200AE005980423406030
:109CD0000374FFF723FFFFF719FFF4E705984060CF
:109CE00006B010BDD0060020C806002025090500DA
:109CF0004309050002281FB512D8114B1C5CFFF761
:109D0000B5FFD8B1002202740472FFF707FF0D4BB4
:109D100093F8243093B104B0BDE81040FFF7F6BECD
:109D200009490B685B0709D0084B02930023039095
:109D3000CDE90033012218460CF065FC04B010BDDB
:109D4000480B05005C8B0020C80600205F09050059
:109D5000F0B58778064687B03846FFF7A7FE3A0683
:109D6000F478054625D594B1032C0ED02B490B6809
:109D70005B070AD02A4B02930023CDE90347CDE9C4
:109D80000033012218460CF03EFC07B0F0BDFFF78F
:109D90006DFF03460028F8D00122AC77027403223D
:109DA00002739D60FFF7BAFE07B0BDE8F040FFF711
:109DB000ADBE54B1012CD9D1FFF758FF034600289E
:109DC000E3D06C7704740473EBE7FFF74FFF0028D0
:109DD000DBD0B278134B12F0800F02F0080111D0E3
:109DE00041B1D3F8A836EB60012303740223037357
:109DF0008560D7E702F00F02142101FB0233D3F88C
:109E00000836F0E711B1D3F8A837ECE702F00F02FB
:109E1000142101FB0233D3F80837E4E7C806002019
:109E20007A090500007002402DE9F04106468EB027
:109E30001422002109A80EF0C8FA3378013B052B43
:109E400021D8DFE803F09D0314148D1603238DF849
:109E50002C300024FFF70AFF0346A0B1047400F180
:109E60000802DDE90B0182E8030018462EE0042316
:109E7000EDE7B7783846FFF719FE837A05462BB130
:109E8000013B022B66D90EB0BDE8F0813A06F478AA
:109E900023D584B1032CF6D03A490A685207F2D090
:109EA000394A0093CDE90132CDE903470122184632
:109EB0000CF0A9FBE7E7FFF7D9FE03460028E2D044
:109EC0000122AC770274032202739D60FFF726FE25
:109ED0000EB0BDE8F041FFF719BE54B1012CDBD143
:109EE000FFF7C4FE03460028CDD06C7704740473DA
:109EF000EBE7FFF7BBFE07460028C4D04FF0010890
:109F0000022380F8108003738560B07805F10C019E
:109F10000CF0C1FB68B11B490B685E0709D01B4BF5
:109F20000390CDE9014300942346424620460CF0BD
:109F30006AFB174AE968B2F88C328B4206D95B1A81
:109F4000A2F88C3201F0BEF93846BFE70023A2F830
:109F50008C32F9E730460EB0BDE8F041FFF7F8BEAD
:109F600007A801F08DF99DF81D30052B04D19DF84F
:109F70001C3013F0600F86D0064B0B93012469E769
:109F8000022467E7C80600207A090500A609050033
:109F90005C8B0020C88C00202DE9F0439F4CDFF83B
:109FA000809289B08046FFF7BFFD074610B909B01F
:109FB000BDE8F08394F825203B7C3AB9002B00F0F3
:109FC000AA80796896480DF002FAECE7042B00F2BB
:109FD0009481DFE813F0A000050037014D01750101
:109FE00018F8043C73B98F490A6852070AD0BA6856
:109FF000527A03928C4A0093CDE90132184601222D
:10A000000CF001FB3B7BBD68032B37D8DFE803F086
:10A01000023D6B706E69854B002232607260D3F82E
:10A0200080143170D3F884147170D3F88814D3F885
:10A030008C0441EA00217180D3F89014D3F8940481
:10A0400041EA0021B180D3F89814D3F89C3441EA56
:10A050000323F3800823EB6030687168744B03C3FB
:10A0600011462B68687A984796F90030002B08DB78
:10A07000F38833B1A4F88C3201F024F979684846AA
:10A08000A1E70023A4F88C32F8E76B7F002BF5D012
:10A090002B7F002BF2D0002666486E774FF0FF3200
:10A0A0004FF0FF332E770CF0BDFA6B6905936B68A8
:10A0B000CDE9063605A9687A00F00CFE5E4B9842A1
:10A0C0000DD058490B685B0709D05C4B0390CDE974
:10A0D000016300963346012230460CF094FA55484D
:10A0E0000CF0A2FACAE72B680121687A9847C5E705
:10A0F000AB7A6BB9EB7F5BB94E484FF0FF324FF054
:10A10000FF330CF08FFA01F0E3F84A480CF08CFAB8
:10A110002B680221E9E73B7A042BAFD8DFE803F094
:10A1200059032367730000F03FFD05460028A5D1C1
:10A1300000F07AFCBFF35B8F4149012351E8002F07
:10A14000002A03D141E800300028F7D1BFF35B8F2C
:10A1500094D141F8085C41F8105CE06963611439FE
:10A160000AF059F88AE7002565F07F00C0B2FFF7D2
:10A170009DFC037A13B1407A01F00EFA0135082DE7
:10A18000F2D194F854311BB194F8550101F004FA5E
:10A190000025E8B2FFF78AFC037A13B1407A01F098
:10A1A000FBF90135082DF4D194F874321BB194F801
:10A1B000750201F0F1F9002000F0DAFC012384F8C7
:10A1C00025302368002B3FF459AF00210220984727
:10A1D00054E7002584F8255001F044F9FFF7E4FC2A
:10A1E0002368002B3FF44AAF29460420EFE7002AFA
:10A1F0003FF444AF00F0E2FC2368002B3FF43EAF95
:10A2000000210520E3E72368002B3FF437AF002A45
:10A210003FF434AF00210620D9E700BF5C8B00205B
:10A22000D0060020C8060020C609050000700240C4
:10A23000608B0020948B00200000AD0BEC09050022
:10A240007C8B002008F110054FF0FF334FF0FF32F8
:10A2500028460CF0E7F9FFF7C7FC28460CF0E4F9B4
:10A2600058F8283C002B3FF409AF00210120AEE74D
:10A2700094F874329BB1012584F8895284F888528D
:10A28000FFF7F4FC034690B924490A68560706D044
:10A29000234A0090CDE901022A460CF0B4F958F89F
:10A2A000283C002B3FF4EAAE00210A208FE71D4A2C
:10A2B000057405738260FFF731FCFFF727FCEEE7BA
:10A2C00016490B68580708D0174B02930023CDE9B5
:10A2D0000033012218460CF096F90CF0E3FD01F072
:10A2E000C1F800F097FBFFF7B3FCFFF77DFC0CF023
:10A2F000D2FD0E4800F098FCC0E608490A685207F3
:10A300003FF4BCAE03930A4B02930023CDE9003324
:10A31000012218460CF077F9B0E600BFC80600200D
:10A32000120A0500C88D0020260A0500299E030098
:10A330003D0A050038B5164D95F824402CBB05F1B3
:10A3400038000DF058F9204601F004FD22460121A5
:10A35000E8612720E4F7FCFA0CF09DFDFFF744FCD0
:10A36000044610B9012385F824300A4B1B680BB151
:10A37000FFF7CCFB4FF08043D3F83834DB0702D52E
:10A380000020FFF7B7FC204638BD0024FBE700BFE4
:10A390005C8B00206807002010B50D484FF0FF329D
:10A3A0004FF0FF330CF03EF9FFF752FC00F0FCFBDE
:10A3B00008B101F057F8FFF7F7FB0CF073FD054803
:10A3C000002480F8244038300CF02EF9204610BDCF
:10A3D000948B00205C8B0020074B93F824203AB12B
:10A3E00093F82530002B14BF00206FF01200704747
:10A3F0006FF01200704700BF5C8B00201FB5027821
:10A40000037902F00F018BB951B31C490A68520756
:10A4100007D01B4A0292CDE90033012218460CF006
:10A42000F2F84FF0FF3005B05DF804FB082907D9BA
:10A4300012490B685B07F4D0124B02930023EAE742
:10A44000012B0DD112F0080316D10C490A6812F045
:10A45000060FE6D00C4A0292CDE900330222DDE776
:10A4600012F00800DFD005490B6813F0060FD8D0B2
:10A47000064B02930023EFE70020D4E7C806002034
:10A48000550A0500740A0500930A0500A90A05008B
:10A4900030B5174B93F8243085B004462BB30578BC
:10A4A0002846FFF703FBC0B14572237983726388A6
:10A4B00043602078618810F0080312D14A1E0A42D6
:10A4C0000FD00C490A68520707D00B4A0093CDE918
:10A4D0000132184601220CF096F86FF0150005B015
:10A4E00030BD0CF0D3F80020F9E76FF01200F6E76A
:10A4F0005C8B0020C8060020C60A050030B51A4B48
:10A5000093F8242085B0054652B393F825303BB329
:10A51000FFF7CCFA0446B0B1827A012A0FD007D9EE
:10A52000023A012A07D96369A3610020E0600CE0C8
:10A5300000F0D4FEF7E7284600F076FEF3E70B497B
:10A540000B685B0703D16FF0150005B030BD084BF9
:10A5500002930023CDE9003318460CF054F8F2E7DB
:10A560006FF01200F1E700BF5C8B0020C8060020EE
:10A57000EE0A050038B50E4B93F82420054682B14B
:10A5800093F825306BB1FFF791FA68B115F0080424
:10A590000AD1284600F06AFE284601F035F8204628
:10A5A00038BD6FF01200FBE76FF01500F8E700BF51
:10A5B0005C8B002038B50C4B93F8242005460C46E4
:10A5C00062B193F825304BB1FFF770FA48B144B14E
:10A5D000284600F031FE2070002038BD6FF01200D8
:10A5E000FBE76FF01500F8E75C8B002070B5134EA9
:10A5F00096F824300446C3B1FFF758FA0546B8B1BF
:10A60000230705D4204600F031FE204600F0FCFF71
:10A610002B7A83B901232B7296F825300BB90020D1
:10A6200070BD204600F0B8FFF9E76FF01200F7E7C1
:10A630006FF01500F4E76FF07700F1E75C8B002016
:10A640002DE9F043DFF828811E4698F8243089B0C0
:10A65000074689461546002B7DD098F82530002BFB
:10A6600079D0010612D5FFF721FA044670B1037ABA
:10A6700093B93A490A68520708D0394A0397CDE995
:10A6800001320093012218460BF0BDFF6FF0150454
:10A69000204609B0BDE8F0834FF0FF334FF0FF32A2
:10A6A00008F138000BF0BEFFA37F33B108F138008A
:10A6B0000BF0BAFF6FF00A04EAE7A37AF5B16BB3C7
:10A6C0000123A3774FF0000805A93846CDE9059589
:10A6D000CDF81C8000F0FEFA224B984237D084F867
:10A6E0001E800EB1C6F800801C490B685B0723D1A1
:10A6F0006FF004041C480BF097FFC9E7E27F02B13A
:10A70000E577002BDCD100F0EFFDB842D8D000F0A7
:10A71000DFFD15480BF088FF0024B9E7B8F80A30D0
:10A72000AB42F0D96268B5FBF2F302FB1353002B86
:10A73000E9D10123E377E6E70C4B02930023039072
:10A74000CDE90033012218460BF05DFFD0E706B1DA
:10A7500035600024CEE76FF0120499E7C8060020A8
:10A76000100B05000000AD0B948B00202F0B050093
:10A770005C8B00202DE9FF411D462A4B174693F8BC
:10A78000242080460E46002A48D093F82530002B1E
:10A7900044D010F0800F16D101B9A7B94046FFF799
:10A7A00085F9044678B1037A93B91F490A685207BC
:10A7B00009D01E4ACDF80C80CDE901320093012268
:10A7C00018460BF020FF6FF0150004B0BDE8F081D3
:10A7D0004FF0FF3316484FF0FF320BF023FFE368D2
:10A7E000BB42984628BFB8463EB937B905B12B6081
:10A7F0000F480BF019FF0020E7E7A16942463046F9
:10A800000DF0BBFDA3694344A361E368A3EB080318
:10A81000E360002DECD0C5F80080E9E76FF012008E
:10A82000D3E700BF5C8B0020C8060020100B05009A
:10A83000948B00207FB5264D95F824300646002BDA
:10A8400042D095F82530002B3ED0010612D4FFF7F8
:10A850002DF9044670B1037A83B91E490A6852077C
:10A8600008D01D4A0396CDE9013200930122184613
:10A870000BF0C9FE6FF0150004B070BD4FF0FF3350
:10A880004FF0FF3205F138000BF0CCFEE368B3B9AE
:10A89000012663692677A361637F83B1FFF7E6F939
:10A8A00030B905F138000BF0BFFE6FF00B00E3E7A5
:10A8B000067484600673FFF731F9FFF727F907483C
:10A8C0000BF0B2FE0020D7E76FF01200D4E700BF14
:10A8D0005C8B0020C8060020100B0500948B002024
:10A8E00010B5084B93F824300C462BB1FFF7DEF877
:10A8F00028B10460002010BD6FF01200FBE76FF07C
:10A900001500F8E75C8B0020014B1860704700BF12
:10A910005C8B002008B5074B93F8243023B1FFF778
:10A92000C5F820B1406808BD6FF01200FBE76FF07A
:10A930001500F8E75C8B00204FF08053D3F83021EE
:10A94000082A06D1D3F83431052B04D8034AD05C49
:10A950007047002070470120704700BF550B05006D
:10A96000064B10F0800FA3F1D80208BF134600F089
:10A970000F00182202FB0030704700BF0495002032
:10A98000EFF31180202383F31288BFF36F8F0A4BFC
:10A99000D3F8001C032261B949F27531C3F8001CD9
:10A9A000C3F8142DC3F8001C80F31188BFF36F8F18
:10A9B0007047C3F8142DF7E700E00640EFF311806D
:10A9C000202383F31288BFF36F8F0A4BD3F8001C48
:10A9D00061B949F27532C3F8002CC3F8141DC3F8ED
:10A9E000002C80F31188BFF36F8F70470022C3F8EB
:10A9F000142DF6E700E006404FF08053D3F83031D5
:10AA0000082B02BF024B0022C3F81C2C704700BF6A
:10AA100000700240024A00231360024A137070471C
:10AA2000E4950020F898002008B54A4B4FF40062E6
:10AA3000C3F80024FFF780FF08B1FFF7A1FF4FF034
:10AA40008053D3F83031082B18D1EFF31180202335
:10AA500083F31288BFF36F8F3F4BD3F8001CC022E3
:10AA600000296ED149F27531C3F8001CC3F8142CCB
:10AA7000C3F8001C80F31188BFF36F8F354B0122A0
:10AA8000C3F80025D3F800241205FBD54FF400626B
:10AA9000C3F800244FF08053D3F83031082B17D17E
:10AAA000EFF31180202383F31288BFF36F8F2A4BBB
:10AAB000D3F8001C002947D149F27532C3F8002CA5
:10AAC000C3F8141CC3F8002C80F31188BFF36F8FF8
:10AAD000FFF732FF30B1FFF771FFFFF72DFF08B12D
:10AAE000FFF74EFF4FF08053D3F83031082B194B4E
:10AAF0000AD140F2E372C3F800284022C3F80428C8
:10AB0000BFF36F8FBFF34F8F8022C3F81C25012244
:10AB1000C3F83025114B40F2FF121A60104B002190
:10AB20001960104B1970FFF767FF0F4B19700F4B2F
:10AB300002221A70FFF700FF50B1BDE80840FFF78E
:10AB40003DBFC3F8142C95E70022C3F8142CBBE7D3
:10AB500008BD00BF0070024000E00640E095002004
:10AB6000DC950020F4980020F6980020F89800204A
:10AB7000094B002210B51A70084A094B094C0028ED
:10AB800008BF1346C4F800332720E3F7B1FE0123C2
:10AB9000C4F8043510BD00BFF7980020FDFFDF01A9
:10ABA000FDFFFF0100700240034B1878012894BF9D
:10ABB00000200120704700BFF898002010B54FF02A
:10ABC000FF324FF0FF33154805F0E2FDEFF311813E
:10ABD000202383F31288BFF36F8F114B1B7803F090
:10ABE000FF0483B10F4BD3F8002412F400720AD192
:10ABF0000120C3F82C05D3F82C05D3F800048005F8
:10AC000002D5C3F82C25002481F31188BFF36F8F80
:10AC1000024805F083FD204610BD00BF500700200C
:10AC2000F798002000700240F8B51C4B1C7894BBCC
:10AC30001B4A106001221A7040F2FF17264664F08A
:10AC40007F0514F0080FEDB214BF394640212846A5
:10AC50000BF01CFD2846FFF783FE0134092C867596
:10AC600006730661EBD1002440F2FF17254614F06D
:10AC7000080FE6B214BF3946402130460BF006FDFE
:10AC80003046FFF76DFE0134092C857505730561AB
:10AC9000EDD10448F8BD0448FCE700BFF898002057
:10ACA000E49500200000AD0B0500AD0B084B10F043
:10ACB000800F00F00F0114BFD3F81025D3F814252E
:10ACC00001238B40134214BF01200020704700BFB6
:10ACD000007002402DE9F8430246EFF3118720236C
:10ACE00083F31288BFF36F8F030703D1184B1B78D0
:10ACF000834229D1174B184E1C68356810460BF05B
:10AD0000BDFCE443A4B24FF001092C4309FA00F85A
:10AD100014EA08041AD11046FFF722FE80F80C90BE
:10AD2000034607C91C6183E807009C750B4B0C4860
:10AD300045EA080580223560C3F8042187F31188AD
:10AD4000BFF36F8FBDE8F8830648F7E70648F5E7DD
:10AD5000F6980020E0950020DC95002000E100E05E
:10AD60000000AD0B0A00AD0B0B00AD0B10F0080F8F
:10AD7000074B06D0D3F8C00410F4803F18BF002062
:10AD8000704700F00F0000F5947053F820007047F2
:10AD9000007002402DE9F74FAB4BAC4ED3F8542175
:10ADA000DAB10022C3F85421D3F80413890214D570
:10ADB0008DF80420D3F82025ADF80620D3F8C03450
:10ADC000002B336814BF4FF001224FF480721343FD
:10ADD00033609F4B01A81B6898479B4BD3F8604199
:10ADE00034B10022C3F86021D3F86C44C3F86C443A
:10ADF000D3F828214AB10022C3F82821954B1878AE
:10AE00000BF03CFC012383401C43DFF86482924F2B
:10AE100098F8005098F9009015F0080143D1B9F165
:10AE2000000F05F00F032EDA8C4A52F8230020B3EE
:10AE300042F823101422534303F1804303F51C33DB
:10AE4000D3F80836864A117803F001034B4013709B
:10AE5000FFF7D2FD834805F061FC2846FFF780FD2F
:10AE6000837D032B37D128460BF008FC012303FA1E
:10AE700000F03B6823EA00033B60DFF8D4A1012522
:10AE80004FF006095DE0784A52F823000028F4D01C
:10AE900042F823101422534303F1804303F51C337B
:10AEA000D3F80837CEE7B9F1000F674B09DBD3F8C9
:10AEB0005021002AE1D00022C3F85021D3F8A8374E
:10AEC000C0E7D3F82C21002AD7D00022C3F82C21C8
:10AED000D3F8A836B6E7037BDBB928460BF0CEFBE8
:10AEE000012303FA00F03B68B9F1000F23EA0003E5
:10AEF0003B6001DA882DC0D106238DF80430002391
:10AF00008DF80730524B8DF806501B6801A8984702
:10AF1000B3E7002DB1D14C4B0122DA64ADE794FACE
:10AF2000A4F03268B0FA80F005FA00F31A430F2853
:10AF3000326024EA03043A6840F39C80134200F034
:10AF4000A980002CEBD1404BD3F800215AB1C3F8B3
:10AF50000041464B1C703F4B1C70012301933C4B3E
:10AF600001A81B689847384BD3F85821002A2ED0E7
:10AF70000022C3F85821D3F80044C3F80044E30585
:10AF800008D53A4B01221A7002230193304B01A8D5
:10AF90001B689847A50508D5344B00221A70032377
:10AFA00001932B4B01A81B68984760050FD52F4BC9
:10AFB0001A7862B100221A70234B0122C3F80825C7
:10AFC0009A6504230193224B01A81B6898471E4BE6
:10AFD000D3F85C3103B3234B9B681BB998F800305E
:10AFE000590619D0184B0022C3F85C21D3F88034DD
:10AFF000184A23F07F0313703B6823F001133B6072
:10B00000336823F4803343F0010333600523019355
:10B010000F4B01A81B6898473A6833681A4200F042
:10B02000EB8010480022002305F0B2FB002840F01E
:10B03000E380054BD3F82C35002B7BD0094803B0B7
:10B04000BDE8F04F05F06ABB00700240E0950020BB
:10B05000E4950020F6980020DC950020087102405D
:10B06000F49800205007002030710240F79800202B
:10B07000F598002013407FF464AF60F07F018DF8F5
:10B0800004908DF806108DF80730DAF8003001A82A
:10B09000984756E7A0F110018DF804908DF806103E
:10B0A0008DF80750F1E749F080052846FFF758FC76
:10B0B0004368B0F814A001689A4528BF9A4601F089
:10B0C0006043B3F1005F044604D0544852460DF08B
:10B0D00054F952492268636852442260A268A3EB83
:10B0E0000A03D20768B2636053D5BAF1000F52D198
:10B0F000002323734FE011464FF0000A604545D10D
:10B10000003B18BF0123002A42D0504540D90123FB
:10B1100003FA09F32BEA03033B6006238DF804309E
:10B120003F4B8DF8065002221B68A2758DF8072050
:10B1300001A89847D7F800B033681BEA03093FF429
:10B140007DAF19F0012314BF93FAA3F999FAA9F975
:10B15000B9FA89F9B9F10F0FA5D9A9F11005EDB226
:10B160002846FFF7FDFB04462846FFF7FFFD63680E
:10B17000B4F814C022689842BDD81B1A00EB020E26
:10B1800011466360C4F800E08246B7E70023BAE7DF
:10B1900068B2002BACD04FF08053D3F83031082B7D
:10B1A00002BF204B8222C3F81C2C336888F8005061
:10B1B000012202FA09F923EA09033360236915F031
:10B1C000080F53442361174B19D1002805F00F05D0
:10B1D0004FF0140000FB0530A9BF0A3503EB8503CF
:10B1E000C0F80017C0F804A7AFBF43F82520C0F887
:10B1F0000016C0F804A65A6003B0BDE8F08F00281E
:10B20000B5BFC3F8A016C3F8A017C3F8A4A6C3F827
:10B21000A4A7B4BF5A629A64EEE700BFEC93002083
:10B22000E495002000700240024B40F48070C3F8A7
:10B230001805704700700240030713D400F00F0395
:10B2400010F0800F084A0BBF03F5887303F5847371
:10B2500002EB830252F8230008BF5068003818BF81
:10B26000012070470020704700700240034BC3F874
:10B270000C0540F48070C3F80C0570470070024064
:10B280000023036043600E4BD3F880240270D3F890
:10B2900084244270D3F88824D3F88C1442EA012223
:10B2A0004280D3F89024D3F8941442EA0122828099
:10B2B000D3F89824D3F89C3442EA0323C380704720
:10B2C00000700240014B0122DA64704700700240B6
:10B2D000014B01221A65704700700240014B0122A8
:10B2E0005A65704700700240014B1878704700BFE4
:10B2F000F698002010B50246EFF31184202383F363
:10B300001288BFF36F8F0BF0B9F90B49012303FAD1
:10B3100000F00B6823EA00030B6012F0080101BF84
:10B3200002F00F02054B02F5947243F8221084F3E9
:10B330001188BFF36F8F10BDE095002000700240B0
:10B34000F7B50146EFF31185202383F31288BFF38D
:10B350006F8FFFF705FB064608460BF08FF90122B9
:10B3600011F0800F02FA00F22D4818D1036832EA7A
:10B3700003040AD00846FFF7BDFF0323B37585F326
:10B380001188BFF36F8F03B0F0BD2649347323EAF1
:10B39000020303600B6823EA02030B60EDE70B076F
:10B3A00015D48029204B2FD001F00F0404F2DA3499
:10B3B0006400C3F80048D3F80448D3F80478E4B232
:10B3C00044F002043C43C3F80448D3F80438154F52
:10B3D00004683B6864EA030C1CEA020FCFD01343F5
:10B3E0003B60002333730323B3758DF807300F4B95
:10B3F0008DF8061024EA0204062204601B688DF80A
:10B40000042001A89847BAE740F2B474C3F8004892
:10B41000D3F80448D3F80478E4B244F00404D1E744
:10B42000DC950020E095002000700240E4950020AB
:10B4300038B50446094D4FF0FF324FF0FF33284630
:10B4400005F0A6F92046FFF77BFF284605F066F9D0
:10B45000034B8022C3F8042138BD00BF50070020F1
:10B4600000E100E0F8B54FF0FF324FF0FF332B481A
:10B4700005F08EF92A4B8022C3F884212720E3F7B8
:10B4800059FA98B1274E284B34681B68240C2404C1
:10B490001C43012764BB254D40F2FF133360272076
:10B4A000C5F80445E3F732FAC5F80043204A13789B
:10B4B0008BB11E4B0021C3F808110121C3F80026EF
:10B4C000C3F804165960D3F808110029FBD00021F5
:10B4D000C3F808111170154B0022C3F80025FFF7BF
:10B4E0008BFA0E4805F01AF9124B01221A70F8BDBA
:10B4F00094FAA4F5B5FA85F50F2D2846C6BFA5F137
:10B500001000C0B240F08000030701D4FFF718FF1D
:10B5100007FA05F524EA0504BCE700BF5007002040
:10B5200000E100E0E0950020DC9500200070024082
:10B53000F4980020F898002010B504464FF0FF3230
:10B540004FF0FF33114805F023F92046FFF7F8FECE
:10B5500004F00F02012393400D4A14F0800F14BF32
:10B56000D2F81015D2F814156FEA030315BF0B407B
:10B570000B40C2F81035C2F81435044805F0CEF877
:10B58000044B8022C3F8042110BD00BF50070020E7
:10B590000070024000E100E070B50446FFF786FB52
:10B5A00068B904F00F02012514F0800F144B05FA5E
:10B5B00002F205D0D3F810150A43C3F8102570BD68
:10B5C000D3F814150A43C3F81425631E062BF6D8C6
:10B5D000EFF31186202383F31288BFF36F8F204689
:10B5E000FFF788FE20460BF049F8064A13688540AD
:10B5F00023EA0503136086F31188BFF36F8FDEE73C
:10B6000000700240DC950020030610B5044605D406
:10B61000FFF712FE10B12046FFF76CFE014BC3F896
:10B62000184510BD00700240054B0122C3F80025EB
:10B6300090F8861009B1DA6070471A605A60704756
:10B64000007000402DE9FF410E798D7906F01F034F
:10B65000072B2CD80C780C2C1CD8DFE804F0080839
:10B66000081B071B131B1B15171B190003244A7803
:10B67000032A21D0042A31D04B490B685A0716D02F
:10B680004A4B0CE00424F2E70524F0E70624EEE739
:10B690000724ECE744490B68580708D0444B029351
:10B6A0000023CDE90033012218460BF00AF86FF0B1
:10B6B000150004B0BDE8F08101204A8844F20A0771
:10B6C000BA425DD843F6FE77BA4209D8002A65D05F
:10B6D00035490B685B07EAD0364BE0E70020ECE722
:10B6E000A2F57F523F3A0B2AF2D801A757F822F071
:10B6F000A5B70300D1B60300D1B60300D1B603004D
:10B7000021B70300D1B603007DB70300D1B6030013
:10B71000D1B60300D1B60300D1B603009DB7030034
:10B720000022254F4FF00108000397F8A8C008FA3F
:10B7300003FE40EA042016F020065FFA8EFE40EA7F
:10B7400002404FEA031214BF2CEA0E0C4CEA0E0C16
:10B7500002F1804287F8A8C002F5E04218BF4646D1
:10B760001F44497987F8A01040EA0650C2F818052E
:10B770000020C2F81005C2F814559AE70122D0E75C
:10B7800044F21407BA420BD044F22807BA4209D057
:10B7900044F20F07BA429BD10322C2E70222C0E75C
:10B7A0000422BEE70522BCE7400600208A0B050004
:10B7B0006B0B0500AE0B0500C8000020F0B50D4670
:10B7C00087B04FF0FF337C484FF0FF3204F0E0FFCA
:10B7D0006E68731EFE2B0DD978490B685B0721D06C
:10B7E000774B02930023CDE90033012218460AF07B
:10B7F00068FF17E00022734C734F114626FA02F3DC
:10B8000013F001033BD0BB5CA3B96C490868470740
:10B8100008D003926D4A0292CDE900330122184606
:10B820000AF04FFF6FF01504634804F077FF2046DD
:10B8300007B0F0BD04EB021E95F811C0DEF8180544
:10B84000BCF1000C18BF4FF0010C20F0807040EAF2
:10B850000C60CEF8180502F15100000101312350AF
:10B86000C9B20132082AC9D12B7CA3F10802062AE9
:10B8700022D8DFE802F02A212C2111211F0004EB3D
:10B88000021CDCF8180520F08070CCF8180502F1D5
:10B89000510000012350E4E702234A4A0129C2F87B
:10B8A000F0356B7C15D9B3B144490B685D07B9D04D
:10B8B000474B96E70323F0E740490A685607B1D0A3
:10B8C0000393444B02930023A6E70023E5E70123FB
:10B8D000E3E7082B19D8C2F8F4352A684B00DAB927
:10B8E000EA689A421CD23549086840070AD0CDE977
:10B8F0000323394B02930023CDE90033012218467C
:10B900000AF0DFFE6FF00B048EE72C490A6854073B
:10B9100088D00393314BD5E7928902FB0333DFE7ED
:10B92000284BAA68C3F82C262F46C3F830160FCF31
:10B930002B4C04F174060FC63B6833600026266763
:10B940002B6827469BB30FCB04F1880585E80F00D1
:10B950006567A4F8986050B3BFF35B8F57E8003F6A
:10B9600047E80062002AF9D1BFF35B8F1D49D4F884
:10B9700088501D4A4FF400400F463146E5FB0071E8
:10B9800000233846D5F7D4FA0022CDE90001002380
:10B9900004F1080006F0F8F914484FF0FF324FF0B8
:10B9A000FF3304F0F5FE00B12067246F3CE70C483C
:10B9B000FFF73AFEF0E700BF080100204006002034
:10B9C000D90B05000070004068010020F70B05004E
:10B9D000360C0500110C05008B0C0500680C0500E9
:10B9E000C80000203F420F0040420F00200100200D
:10B9F00038B5104C0025C4F80451D4F80431C4F80B
:10BA00001051D4F810311223C4F804330720E2F7A0
:10BA10006FFF2A4601210720E2F79AFF0648836C50
:10BA200013B9403004F07AFE0123C4F80035002039
:10BA300038BD00BF00700040C8000020F8B53C4B86
:10BA4000D3F80421002A66D00021C3F80411D3F8EA
:10BA50000421384C01229A60C3F80015A66F94F8AF
:10BA6000A8703742254606D1636FC3B93248BDE896
:10BA7000F84004F053BED3F82C16F6B213461E421B
:10BA800008D01F4205D0B1F90020002ABCBF002217
:10BA90000A8002315B009BB29F42F0D2E4E7D4F807
:10BAA0008C30B4F898202BB124499847012814D041
:10BAB000022828D0B4F89830B4F894209A4222D9B9
:10BAC0000133A4F898301A4BD3F82C26D3F8341647
:10BAD00089B202EB4102C3F82C26D4F8883023B98E
:10BAE000BDE8F8401348FFF79FBDBFF35B8F55E8F3
:10BAF000003F5A1E45E800210029F8D1BFF35B8FB3
:10BB0000012BEDDCF8BDD4F88830002BAED00C480A
:10BB10000CF0BAFAAAE7D3F810110029F2D0C3F852
:10BB20001021D3F8102101229A601A605A60E9E7C7
:10BB300000700040C8000020200100203C010020CF
:10BB4000D000002070B50D460649411A044649113F
:10BB5000054840220AF0E7FD2B4601462046BDE895
:10BB600070401847FC950020F88A040037B50C4651
:10BB70000A490B4A411A40230093491105462346BE
:10BB800008480AF0FBFD011E05DA2846234603B0EB
:10BB9000BDE83040184703B030BD00BFFC95002021
:10BBA000E5670400F88A040010B5EFF31184202340
:10BBB00083F31288BFF36F8F074A136823F00201E3
:10BBC000DB07116002D401200BF0B5F884F3118873
:10BBD000BFF36F8F10BD00BF54960020002270B5D8
:10BBE000012104461046E2F7B3FE0F4802F0E0FBE5
:10BBF0000E4B984215D102F0EBFB26690C493046FA
:10BC000008F0F6FA00280BDB0125B5642469084921
:10BC100004F1200008F0ECFA002801DB6565002043
:10BC200070BD6FF00400FBE739BD03000000AD0BF1
:10BC300060C304007FB500220123CDE9022304ABD9
:10BC4000CDE90433094ACDF800D06B46CDF804D0D5
:10BC50000AF0C1FD002805DB4FF48042002368464E
:10BC600004F096FD07B05DF804FB00BFFD6704001B
:10BC700030B4104B0C2202FB003301460020D3E904
:10BC800010521864EFF31180202484F31288BFF35C
:10BC90006F8F9C6C04F0C00444F002049C6480F339
:10BCA0001188BFF36F8F1DB12B46034830BC184776
:10BCB00030BC7047FC950020F88A040010B4EFF304
:10BCC0001182202383F31288BFF36F8F1848016815
:10BCD00041F002040460C80708D482F31188BFF35E
:10BCE0006F8F01205DF8044B02F08ABB4FF080415A
:10BCF000D1F80C04D1F80C14C907EED5EFF311807C
:10BD000083F31288BFF36F8F0A498B6C03F0C00373
:10BD100043F002038B6480F31188BFF36F8F82F3CB
:10BD20001188BFF36F8F00205DF8044BFFF7A0BFB1
:10BD300054960020FC95002010B1012804D07047D3
:10BD4000034B9B6C5B0701D1FFF792BF704700BFAD
:10BD5000FC950020024BC0B203EB4010704700BFBF
:10BD6000FC950020094BBFF35B8F53E8002F42F096
:10BD7000010143E800100028F7D1BFF35B8F930760
:10BD800002D4012002F03CBB704700BF5496002053
:10BD900010B5EFF31184202383F31288BFF36F8F64
:10BDA000074A136823F001019B07116002D40120A8
:10BDB0000AF0C1FF84F31188BFF36F8F10BD00BF7D
:10BDC000549600202DE9F0413849BFF35B8F0746B8
:10BDD000012251E8003F41E800200028F9D1BFF3DB
:10BDE0005B8F33B9324933484B60CB608A6008F0CF
:10BDF00012FA7B1E012B2BD8012F07D14FF0804365
:10BE0000D3F81C3403F00303012B21D00BF031FED7
:10BE10000546F8B9284B1B78E3B14FF08043022266
:10BE2000C3F808230646DFF894804FF08044D4F826
:10BE30001824D4F81834D20315D503F00303012BCA
:10BE400001D0012F0FD155B386F31188BFF36F8F47
:10BE5000BDE8F081EFF31186202383F31288BFF34E
:10BE60006F8F0125DFE7ADB130460AF074F8D4F8E2
:10BE70001835002BDBD1D4F80421002AD7D0C4F820
:10BE80000431D4F804310123C4F81835C8F88031DE
:10BE9000A360CCE7002121200BF0C7FEE7E74FF0BD
:10BEA00080430222C3F80423D2E700BFF8950020A4
:10BEB000E89500201C9600202E99002000E100E06B
:10BEC00008B507480BF08EF938B10648E2F73CFE9A
:10BED0000448DDF785FA002008BD6FF01200FBE78B
:10BEE000AC8B0400E9BE03000A2838B5074D0446B0
:10BEF00004D1AB680D215B6828469847AB680348BE
:10BF00005B68E1B29847204638BD00BFAC8B0400A7
:10BF1000EFF31182202383F31288BFF36F8F0A4B54
:10BF2000D3F8001161B10021D3F80805C3F800115E
:10BF3000D3F80031C0B282F31188BFF36F8F70471E
:10BF40006FF00A00F7E700BF00D00040F0B50346ED
:10BF500010469C7893F803C0EFF31182202585F3F7
:10BF60001288BFF36F8F1F7893F801E0E41B04EA97
:10BF70000C04A04288BFA0B23E180CEA06063D465B
:10BF80001E7082F31188BFF36F8F0A188A4216D190
:10BF900077450CD1EFF31182202181F31288BFF392
:10BFA0006F8F1978597082F31188BFF36F8F1B79E7
:10BFB000241AA34222BF064B01221A60F0BD5E196B
:10BFC0000135767901F8016B05EA0C05DEE700BF63
:10BFD00000D00040DB432DE9F04713F001050E4689
:10BFE000144604D02248FFF7B1FFBDE8F0879AB3AA
:10BFF000EFF31188202383F31288BFF36F8F0D2096
:10C00000E2F798FC07460D20E2F780FC88F31188E0
:10C01000BFF36F8FDFF85CA0DFF85C80CAF80051D7
:10C02000DAF800314FF400590123CAF800302546F0
:10C03000C8F88091DAF8003183B1FFF769FF031E79
:10C04000C8F88091F6DB013DADB27355002DF1D1FA
:10C0500017B10D20E2F74CFC2046C6E7EFF3118044
:10C06000202383F31288BFF36F8F09F074FFE1E799
:10C070008896002000D0004000E100E02DE9F0416A
:10C08000124F0D46144607F1450814B92046BDE885
:10C09000F0814FF0FF334FF0FF32384604F078FB69
:10C0A000224629464046FFF751FF0646384604F02F
:10C0B00035FB3EB94FF0FF324FF0FF33044804F038
:10C0C00067FBE6E7A41BA4B23544DEE758960020E0
:10C0D0007096002038B5194C0122114620460BF00D
:10C0E0008DFB0122002104F118000BF087FB40F2C8
:10C0F0000743A4F848304FF0706323630C2384F89F
:10C10000343000250E4B84F84550A4F84650D3F83F
:10C11000042542F00102C3F804250121C3F80051AF
:10C12000D3F80021C3F804132A4619600D20E2F762
:10C130000FFC0D20E2F7DCFB284638BD58960020A6
:10C1400000D0004010B5FFF7E3FE002820DB174BBE
:10C1500093F8322093F8314093F83310141B31EAEE
:10C160000404C0B20DD193F8472093F8464093F8E9
:10C170004810141B31EA04040BD10D4B01225A6004
:10C180000EE09C180132114084F8350083F832101B
:10C1900010BD9C180132114084F84A0083F8471002
:10C1A0000448BDE8104004F0B9BA00BF589600201A
:10C1B00000D0004070960020024B0B6001231360FA
:10C1C000704700BFAC96002000487047A8C3040029
:10C1D00070B50D4686B0194628461C4616460AF02C
:10C1E00069FB034680B90C490A68520708D00B4A1C
:10C1F0000090CDE90102CDE9035401220AF06BFB66
:10C200006FF0150006B070BD24B1224629463046B5
:10C210000CF0B3F80020F5E7740600204B0D050084
:10C2200010B5012211460748074C0BF0E7FAF6F764
:10C2300057FF0AF020FE20600AF019FE606000201F
:10C2400010BD00BFB4960020AC9600204FF0804295
:10C25000D2F81015D2F8103501F01E0123F01F039B
:10C260000B4343F00103C2F81035024B00221A7051
:10C27000704700BFF99800204FF08053D3F8303159
:10C28000082B20D14FF08042D2F81015CB071AD5D9
:10C29000D2F8103501F01E0123F01F030B43C2F842
:10C2A0001035D2F808315BB1D2F8103523F01F03F6
:10C2B0000B4343F00103C2F810356FF08B00704759
:10C2C000024B01221A700020704700BFF99800202D
:10C2D000F8B504460AF0CBFD237B05460BB1F6F713
:10C2E00015FF134F0026FFF7C7FFE8B9606802F09B
:10C2F00015FDA3685B1BA36063682B4463603B78F8
:10C300000BB1FFF7A3FF237B01363BB9A368002BDA
:10C31000E9D1A068003818BF0120F8BD3046D9F730
:10C3200047F80028F2D0F4E76FF08B00F5E700BF84
:10C33000F9980020F0B58DB00E4615460AF097FD2D
:10C340002946074630460AF0B5FA0346A0B3B6FBC5
:10C35000F7F307FB136323B9B5FBF7F407FB14549A
:10C360009CB127490B6858070AD0264B029300233B
:10C37000CDE90365CDE90033012218460AF0ABFA96
:10C380006FF0150420460DB0F0BDAF42FAD84FF063
:10C39000FF334FF0FF321C4804F0FAF9F6F7B2FE13
:10C3A00008AB0146A0B9102218460CF00EF8CDE9F2
:10C3B0000965FFF78DFF1EE011490A685207DFD0BB
:10C3C000124A0090CDE90102CDE903650122D5E7CB
:10C3D0001022214618460BF0F8FF01228DF82C2080
:10C3E0000B4ACDE906200B48CDE90965F6F782FE38
:10C3F00006A8D8F761FF0446034804F08FF9C1E7A7
:10C4000074060020680D0500B49600204B0D050051
:10C41000D1C20300645E010070B5037B04460BB11A
:10C42000F6F774FE194E0125A368032B06D8184AA7
:10C43000D2F80034DB07FBD5002070BDFFF71CFFEE
:10C4400008BB23686068196802F088FC33780BB178
:10C45000FFF7FCFE636804336360236804332360E2
:10C46000A368043BA360237B0135002BDCD0284666
:10C47000D8F79EFF0028D7D0054AD2F80034D90754
:10C48000FBD50120D9E76FF08B00D6E7F9980020A3
:10C4900000E0014070B50D468CB0194628461C4698
:10C4A00016460AF007FA034688B926490A6856076D
:10C4B00008D0254A0090CDE90354CDE901020122BC
:10C4C0000AF009FA6FF0150420460CB070BD45EA79
:10C4D00004039A070DD01B490B685B07F2D01B4B76
:10C4E00002930023CDE90354CDE90033012218461D
:10C4F000E6E7002CE8D04FF0FF334FF0FF3214484E
:10C5000004F046F9F6F7FEFD0346CDE9086508A8F4
:10C510000A948BB101238DF82C300E4BCDE90630F7
:10C5200041F64C50F6F7E6FD06A8D8F7C5FE0446DE
:10C53000074804F0F3F8C7E78DF82C30FFF76CFFDD
:10C54000F5E700BF740600204B0D0500870D0500C0
:10C55000B496002019C40300F0B54068057B01F0D3
:10C560001F0444EA4514056987B0002D64D0B2F574
:10C57000001F00F1100506D1214628460AF06CFC88
:10C58000002007B0F0BD01AE0027B2F5800F019783
:10C59000776039D1B3F1007F14BF052304238DF8F0
:10C5A00004300023CDE904630393836823FA01F187
:10C5B00011F001011AD1B2F1A07F17D104F01F03CD
:10C5C000620903F5E0732AD0012A3BD11F4A52F8D1
:10C5D0002330DB070AD40DF10306324621462846F4
:10C5E00002F0F6F91A4B98421CD0029603AA214693
:10C5F000284602F0AFF8174B984220D1012221467D
:10C60000284602F049FABBE7B3F1C06F05D0B3F199
:10C61000007F14BF01230223C1E70323BFE74FF0CC
:10C62000A042D4E73146284602F030FA094B98423E
:10C63000DBD06FF00B00A4E76FF08500A1E76FF08F
:10C6400015009EE751F82330FFDE00BF00030050C5
:10C650000400AD0B0000AD0B38B545682B69B3B1D4
:10C660001035284602F002FA044680B901462846F1
:10C6700002F0C8F9084B98420BD1084922462846D7
:10C6800002F0A0F9224605210620E2F761F9002018
:10C6900038BD6FF00400FBE70000AD0BA1C603003E
:10C6A000420970B5034602D0012A17D070BD0D4E65
:10C6B000326951680029F9D003F01F0301250C6885
:10C6C0009D400029F2D08A682A4002D04B6830464B
:10C6D00098472CB1236821461C46F2E7024EE7E753
:10C6E0002346F8E7408B04001C8B04002DE9F0433F
:10C6F000466840F20635D006337B87B002EA05056E
:10C7000054BFC2F34010032001F01F07B5F5837F2B
:10C71000144647EA43178DF8030045D00FD8062D7D
:10C7200018D007D8B5B1022D40D06FF0150007B072
:10C73000BDE8F083B5F5807FF7D101250AE040F22E
:10C740000222954234D0B5F5407F33D0B5F5007F55
:10C75000EBD102250123220303FA01F12CD57368E2
:10C76000C3F80815326982BB07F01F037F0929D07F
:10C77000012F77D13E4A02EB830284F48033D2F852
:10C780000017C3F30043C4F3404444EA430421F4D4
:10C79000E16144EA800421F0070144EA05230B43E8
:10C7A000C2F800370020C2E70725D3E70425D1E708
:10C7B0000525CFE70325CDE7630344BF7368C3F8BE
:10C7C0000C15CFE74FF0A042D5E710360DF102026D
:10C7D0003946304602F0FCF814F4403F80460CD154
:10C7E000394630460AF036FB224B9845DAD19DF89F
:10C7F0000210304602F044F9D4E701AB4FF00009D3
:10C8000003AA39463046CDE90439CDE90199CDF87E
:10C810000C9001F09FFF174B984286D114F400331F
:10C8200015D09DF803308DF80E3084F48034C4F3B5
:10C8300000444B4603AA394630468DF80C508DF81B
:10C840000D4002F041F80B4B9842CDD06DE7CDE999
:10C85000043303AA0DF1030339463046039301F074
:10C8600079FFF0E703F5E07352F82330FFDE00BFF5
:10C87000000300500000AD0B7FB50BAB0593039395
:10C88000054B02930023CDE9003301221846DDF762
:10C89000DBF807B05DF804FB3E0E050002780B697B
:10C8A000012A08D0022A08D04AB9064A1A6303F1BD
:10C8B000180003F033BF044AF8E7044AF6E7044AD5
:10C8C000F4E700BF0000AD0B0100AE0B0200AE0BA1
:10C8D0000100AD0B2DE9F04F8DB005460A9343687A
:10C8E0000769D3F828809B8B09930C4693464FF039
:10C8F000FF324FF0FF33384603F04AFF07F11803C9
:10C900000893002308980022002603F041FF3346D5
:10C910005E4501D3002365E0207A010700F18D8098
:10C9200001365E45D4F800E00BD2820709D4227D9F
:10C9300080EA020C0CF0010C02F004025CEA020C2A
:10C9400008D023B90EF06042B2F1005F30D04FF052
:10C95000000901E04FF001096268099903EB020C3C
:10C960008C4515D93649086840070ED028680690CE
:10C9700003930998334B02930023CDE90420CDE9BA
:10C98000003301221846FFF777FF6FF01B0329E001
:10C99000C10706D408EB030071460B930BF0EDFCC6
:10C9A0000B9B62681A4493B2B9F1000F2ED113BBEE
:10C9B000D4F800A0A3884FF000090A9A217A0092C7
:10C9C0002846524600F08EF8031E0BDB4FF48042DF
:10C9D0000898002303F0DCFE80B1284600F036F80A
:10C9E0006FF004030893384603F098FE089B18463E
:10C9F0000DB0BDE8F08F9946C246DEE73B6B124AA8
:10CA00009342EDD1237ADB0702D400230C347FE775
:10CA1000C245FAD1A24609E0A9EB02011FFA81F949
:10CA2000DAF80C0018FA81F10BF0A7FCDAF8042010
:10CA30009145AAF10C0AEFD2E7E76FF08503D1E741
:10CA4000800600203E0E05000000AD0B70B5446866
:10CA50002368D3F80855D3F80C65204602F09AFFF6
:10CA60003146284603F092F900210546606A0AF033
:10CA700011F8204602F07EFF034B9D4214BF6FF079
:10CA80000F00002070BD00BF0000AD0B1FB511F0FE
:10CA90000103426811D1C1F34201012910D00229DA
:10CAA00017D00E490A68520707D00D4A0093CDE906
:10CAB00001321846012209F0DDFF6FF0150005E094
:10CAC00013684FF0CC72C3F82425002005B05DF840
:10CAD00004FB13684FF0C862F5E700BF8006002032
:10CAE000800F0500F0B58DB047680C461646002152
:10CAF00012220DF11E001D460BF067FC04F001032D
:10CB00008DF81C30BDF848308DF81D30BB8D089570
:10CB1000AB420A9612D214490A6852070AD0CDE9EC
:10CB20000353124B02930023CDE900330122184630
:10CB300009F0A0FF6FF01B000DB0F0BD84F0020201
:10CB4000C2F34002520107A9384602F057FF084BD2
:10CB5000984207D00B33984214BF6FF004006FF077
:10CB60000F00E9E70020E7E780060020920F0500AC
:10CB70000000AD0B30B5456885B02B6A0446984778
:10CB8000686A012109F086FF2346AA6905F10801B8
:10CB9000284602F0B5FE0E4B984212D00D490B68A4
:10CBA0005B070AD0236803930B4B02930023CDE964
:10CBB00000330122184609F05DFF6FF0040005B054
:10CBC00030BD0121204609F074FF00EAE070F6E76D
:10CBD0000000AD0B80060020D90F0500036803F0AC
:10CBE0001F025B09026004D0012B034818BF00201C
:10CBF00070474FF0A0407047000300502DE9F04F00
:10CC0000DFF86C91DFF86CA185B01546834600EB28
:10CC1000810140F2FF18594503D1002005B0BDE85D
:10CC2000F08FDBF800305804C3F3C322C3F30804C9
:10CC300000F197801B0E19F80270444508BF4FF0B1
:10CC4000FF34192B00F29080DFE803F00D141A3343
:10CC50001D23338E8E8E8E36638E8E8E8E8E8E8EAE
:10CC600066696C828588C5F80C45621C64D10BF13D
:10CC7000040BD0E7C5F81445631CF8D0002665E026
:10CC8000C5F80845F1E7631CC5F80845EFD0002654
:10CC900004E0C5F80C45601CE9D0012603A8039404
:10CCA000FFF79CFF039B012202FA03F3C0F80C3547
:10CCB0000BE0C5F81045DFE7C5F80845002FDBD1CC
:10CCC000661CD4D0002632460627DBF800300193DC
:10CCD00003F40040002818BF002203A8009218BFE8
:10CCE00001260394FFF77AFF039C019B009A00EB57
:10CCF0008400C3F3412CD0F800473B0243EA8C0385
:10CD0000134304EA0A04234343EA4603C0F8003706
:10CD1000ADE7C5F80C45D1E7C5F84045BBE7C5F818
:10CD20004445A9E7C5F86045621CDBF800309ED099
:10CD3000C3F30043002BB0D003A80394FFF74EFFCA
:10CD4000039B012606FA03F3C0F808353246BCE718
:10CD5000C5F86445E8E7C5F86845E5E7C5F86C45FA
:10CD6000E2E76FF0150059E76FF0850056E700BF66
:10CD7000F90F0500F0F8FCFF036803F01F025B09E0
:10CD8000026004D0012B034818BF002070474FF009
:10CD9000A0407047000300502DE9F04186B00746DF
:10CDA000BDF830C07E683C6903290D4610460CF082
:10CDB000010C0ED95A490B6858072CD0594B0395D2
:10CDC00002930023CDE900330122184609F0A4FEA6
:10CDD00021E0B27F012A4FF0010804BF5B08400840
:10CDE00008FA01F1002B71D0984272D92268904262
:10CDF00026D094F804E03EEA010E11D048490B68B1
:10CE00005A0708D0484B02930023CDE9003342462D
:10CE1000184609F081FE6FF0150006B0BDE8F081FC
:10CE20000246B2F5004F43D2206084F805E0306836
:10CE300096F81E80C0F80CE5C0F80485C0F80825F7
:10CE4000627923FA02F292B24FF0010E78688CF008
:10CE50000108806A42EAC83220F81520C9B2BEF142
:10CE6000000F45D1326805F5AC7552F82520002A2F
:10CE70000FDBBCF1000F4ED0B3FA83F35B096BBB41
:10CE800005A80592FFF778FF059A01239340C0F8A3
:10CE90000C35237923EA0101217169B3A37993BB8E
:10CEA0001023012206F12801304602F0C9F828E0DB
:10CEB0000EF1010EBEF1080F4FEA5202B1D118492E
:10CEC0000B685B07A7D0194B039079E79E461A467B
:10CED000BCE74FF0000E47F6FF72B7E705A80592D2
:10CEE000FFF74AFF059A01239340C0F80835D0E7C1
:10CEF00023790B432371D1E7786802F0DFF801232F
:10CF0000A371002089E70023A37130460AF06BF873
:10CF10000028FAD0C4E7003B18BF0123AFE700BFE9
:10CF2000A806002001100500161005002B100500B2
:10CF300070B50446406823692B4A86B000F10801A9
:10CF400002F058F8294B984212D029490B685B0728
:10CF50000AD023680393274B02930023CDE90033C3
:10CF60000122184609F0D8FD6FF00F0006B070BD21
:10CF70006568AE6B05AA0021304609F0B3FD0028B4
:10CF800005DB059B326819791868FFF737FE002624
:10CF900031462B6801F5AC7253F82230002B0EDBC2
:10CFA00005A80593FFF7E8FE059AD0F80435D340AD
:10CFB00013F001031CBF01238B403343DEB2013168
:10CFC0000429E6D1002301206268916A00FA03F285
:10CFD00032420CBF01220022D20321F81320013378
:10CFE000042BF1D10020C1E70B6B04000000AD0B56
:10CFF000A8060020D90F0500054BD3F81C312BB92A
:10D00000044B1878003818BF012070470120704782
:10D01000002000401B990020074BD3F8082142B1A3
:10D020000020C3F80801D3F80821D3F818350B7095
:10D0300070474FF0FF30704700200040024BD3F89C
:10D040008004C3F880047047002000400020094B92
:10D0500030B50546141A002C02DDD3F8084104B996
:10D0600030BDC3F80851D3F80841D3F818450C5423
:10D070000130EFE7002000400D4B00221A700D4BED
:10D0800001229A608022C3F80423EFF31183202247
:10D0900082F31288BFF36F8F074A12781AB1074ADA
:10D0A0000421C2F8001183F31188BFF36F8F70471A
:10D0B0001A990020002000401B99002000E100E0A8
:10D0C000014B01221A7070471A990020024B04226A
:10D0D000C3F80423704700BF00200040024B042225
:10D0E000C3F80823704700BF0020004008B5074B75
:10D0F000D3F8040310F0800004D0054B1B7813B95B
:10D10000FFF77AFF08BD0020FCE700BF00200040C9
:10D110001A990020034BD3F80801003818BF0120EA
:10D12000704700BF00200040024B4FF40072C3F86C
:10D130000423704700200040024B4FF40072C3F8F4
:10D14000082370470020004008B50B4AD2F804338A
:10D150001B0605D4D2F8040310F0040006D108BD64
:10D16000FFF7C4FF0028F5D00120F8E7D2F8080146
:10D17000003818BF0120F2E700200040024B196080
:10D18000024B1A60704700BF6C9700206897002020
:10D190000E4A0F4B117851B1D3F81C1139B18021CF
:10D1A000C3F808130121D960002313707047D3F826
:10D1B000242122B10022C3F82421D3F82431054BC5
:10D1C0001B6813B1044A1168184770471A99002068
:10D1D000002000406C97002068970020F8B50E46AC
:10D1E0000AF047FC1B4D90BB64240127BFF35B8F03
:10D1F00055E8003F002B03D145E80072002AF7D123
:10D20000BFF35B8F07D021200021013C0AF00DFD08
:10D2100014F0FF04EAD1104B0022C3F81C21D3F80C
:10D220001C110E490A7001229A6042F21074C3F870
:10D230001C65FFF7E1FE20B9012009F07AFD013CF1
:10D24000F7D1054B0122DA6000232B60F8BD0123E2
:10D250002B60E0E764970020002000401B9900202D
:10D26000F7B5614A436805690024C2F800451F68A4
:10D27000064601AA2146384609F034FC00280FDB97
:10D28000019B3A6819791868FFF7B8FC002807DB9A
:10D290006B793669012B06D0032B03D06FF0850024
:10D2A00003B0F0BD1024AB79032BF7D1EB79002B41
:10D2B000F4D1297911B10229F0D10E212B68B3F5EF
:10D2C000164F72D02BD8B3F5165F70D014D8B3F5C3
:10D2D000966F6ED008D8B3F5967F6DD0B3F5167FF4
:10D2E000DCD14FF41C3341E0B3F5166F67D0B3F5D2
:10D2F000965FD3D13D4B39E0B3F5E14F62D007D80B
:10D30000B3F5615F60D0B3F5964FC7D1384B2DE0D0
:10D3100047F612229342C1D14FF4000326E0B3F541
:10D32000613F54D011D8B3F5963F52D008D84DF68E
:10D33000C02293424FD0B3F5614FAFD12D4B15E0D2
:10D34000B3F5E13FAAD12C4B10E0B3F5612F45D0E6
:10D3500007D82A4A934243D0B3F5E12F9ED1284BF8
:10D3600004E0284A934299D14FF080531E4A0C435F
:10D37000C2F82435C2F86C4595E8030086E803003E
:10D3800000240423C2F80035C2F80841D2F808315D
:10D390001D4B01211160022022461970E1F7D8FAD5
:10D3A0000220E1F7A5FA20467AE7184BDEE7184B92
:10D3B000DCE74FF49E23D9E74FF4A033D6E74FF4D0
:10D3C0001D23D3E7134BD1E74FF46C13CEE7124B79
:10D3D000CCE7124BCAE74FF46503C7E7104BC5E72C
:10D3E0004FF08063C2E700BF0020004000B0130090
:10D3F00000A04E0000F0EB0000E0D70190D0030049
:10D4000000705F0740420F001B99002000509D00F4
:10D410000050270000F0750000B0AF0300903A0103
:10D4200000D0BE0EF8B500240A4D0B4F2646131B44
:10D43000002B02DDFFF7E0FD08B92046F8BDC5F876
:10D440001C61D5F81C310B5D3E700134C5F81C35EC
:10D45000EDE700BF002000401B9900202DE9F043BC
:10D460004568076987B00646686B09F0B2FB041E81
:10D4700019DBA96B481C2AD005F13C0000F0A2FB87
:10D4800010F1130F044612D137490B685A0708D020
:10D49000364B02930023CDE900330122184609F0F0
:10D4A00089FB6FF01204204607B0BDE8F083431DEE
:10D4B0000DD12D490B685D07F5D02D4B029300234C
:10D4C000CDE900330122184609F074FBEBE7EB6A63
:10D4D0009847BD684FF00108D7E9023203EBC20359
:10D4E0009D4208D3384609F0B8FB7368586B09F0C1
:10D4F00070FB0024D7E7286809F074FE034680B962
:10D5000019490A685407CCD02A7904922A6812680B
:10D510000392184A0090CDE90102012209F04AFB6A
:10D52000BFE728682979EB88D0F810C0D0F80890B8
:10D53000DCF80040DA0754BF43F4B01383F4D0138F
:10D5400023F4801208FA01FEDB074CBF4EEA040404
:10D5500024EA0E04CCF80040D9F800309847041EA5
:10D56000A1DB0835B8E700BFB80600202711050089
:10D57000521105006F1105002DE9FF410569D0F832
:10D5800004802B6E0646A86D002835D1002B53D0A1
:10D59000B8F830406A6DEF6D9C4228BF1C46EB6DB9
:10D5A00053B1296E41B107F06041B1F1005F03D082
:10D5B000082C6F6F28BF082400926A6DAC661AB100
:10D5C000AA6D002A18BF2246CDE901271BB12B6E98
:10D5D000002B18BF2346002269464046039301F002
:10D5E000B5FF184B984229D06FF00401304604B0C3
:10D5F000BDE8F04109F053BB696DEF6DB8F83040FC
:10D600000A46ABB1834228BF03469C4228BF1C4652
:10D610000029C4D001F06043B3F1005FBFD0082CF3
:10D6200028BF08242246286F0AF0A7FE2A6FB6E713
:10D63000844228BF0446EBE71946D7E704B0BDE8AB
:10D64000F08100BF0000AD0B1FB502780346002A31
:10D6500071D10C69A26E3AB9606E6FF0730104B0BB
:10D66000BDE8104009F01BBBE06D40B1216E31B147
:10D67000DB6823B1834202D0616F0AF07EFEA36DA6
:10D68000A26E73B19A4224D92C490B685A0708D06C
:10D690002B4B02930023CDE900330122184609F0F9
:10D6A00089FA236EA26E73B19A422BD923490B6873
:10D6B0005B0708D0224B02930023CDE900330122FF
:10D6C000184609F077FA606E04B0BDE81040FFF725
:10D6D00053BF9B1AA3657BB9636C08336364A36C67
:10D6E000013BA36404F1580204F1480104F1440031
:10D6F00009F04DFA6065D4E7636D002BD1D0134477
:10D700006365CEE79B1A23667BB9E36C0833E36459
:10D71000236D013B236504F1600204F1500104F123
:10D720004C0009F034FAE065CDE7E36D002BCAD078
:10D730001344E365C7E704B010BD00BFB80600207E
:10D74000931105002DE9F04F91B091460593436880
:10D7500006938B8804699A04064688463AD44FF0AB
:10D76000FF324FF0FF3304F1100003F011F8C4F85A
:10D770000480D6F804B0D6F810A0DBF80830079380
:10D780009AF86D3023B1DAF80030984500F0318115
:10D79000B8F8045015F4006323D07A490B685B078E
:10D7A00008D0794B02930023CDE9003301221846BB
:10D7B00009F000FA6FF0850523689B8813F4005385
:10D7C00004D1636004F1100002F0A8FF284611B0F4
:10D7D000BDE8F08FA369002BC1D163689942BED127
:10D7E000C7E715F0010211D066490A68570702D150
:10D7F0006FF01505E0E732680392644A0093CDE9C3
:10D8000001321846012209F0D5F9F1E715F00803B5
:10D810000DD05C490B685E07EAD05D4B0092CDE904
:10D82000012313460122184609F0C4F9E0E7C5F3C5
:10D830004512082A08D053490A685507D8D0554AD6
:10D840000093CDE90132EDE7D8F80070524A9742D3
:10D8500005D84C490A685007CAD0504AF0E70BF186
:10D860000C0EBEE80F000DF1200CACE80F009EE896
:10D870000F008CE80F00079BBB4228BF3B461F46AA
:10D88000474B9F4217D2474B9F4214D2464B9F4271
:10D8900011D2464B9F425AD8454B9F4259D8454BCF
:10D8A0009F4258D8444B9F4257D84449444B454A1D
:10D8B0008F4288BF1346AA070D9305F004034ED587
:10D8C000002B14BF032302238DF83830C5F3001357
:10D8D0008DF83930DBF80030D3F808355F1C13D0F1
:10D8E00015F0020F03F01F00C5F340014FEA531378
:10D8F0004FF001023AD1002B35D0934240F03581F0
:10D90000314B8240C3F80C259AF86D302BB1584644
:10D9100001F0E2FD00238AF86D3033462B4A08A956
:10D92000584601F0A5FD2A4B98425DD015490B6879
:10D930005D0709D0274B029300230390CDE9003304
:10D940000122184609F036F96FF0040534E7224B3E
:10D95000B1E7224BAFE7224BADE7224BABE7003BF1
:10D9600018BF0123B0E74FF0A043CAE73BB1012B3A
:10D9700040F0FE80144B8240C3F80825C4E74FF006
:10D98000A043F8E7B8060020B1110500CB1105004F
:10D99000ED1105000C12050047E801003B120500DF
:10D9A0000048E8010024F40000127A00FF083D005E
:10D9B0007F841E003F420F001FA107008FD003008D
:10D9C00048E8010090D003000003005049D603004E
:10D9D0000000AD0B6C12050000093D0080841E00A4
:10D9E00040420F0020A1070001238AF86D30CAF8D9
:10D9F0000080012384F86C30069B996B4A1C13D07D
:10DA000003F13C0009F05CF974300DD15A490B6800
:10DA100013F0060F08D0594B02930023CDE90033D1
:10DA20000222184609F0C6F8B9F1000F73D1C4F804
:10DA300044900023A36404F1580204F1480104F166
:10DA4000440009F0A4F8059B6065002B6BD1E364EA
:10DA50000023236504F1600204F1500104F14C003D
:10DA600009F095F800252A46E06501212046256445
:10DA700009F0D3F83046FFF77FFDA06C2A462B460D
:10DA8000834258D10023256D1946A9425AD19A42A2
:10DA9000274638BF1A464FF4FA5303FB02F557F8EE
:10DAA000283B4FF000081B68B5FBF3F54FF4004C22
:10DAB000C835414640F2E7304FF47A720023E5FB67
:10DAC0000C01D3F735FA02460B46384602F060FEE9
:10DAD000024600283DD028490B685B0709D0284B37
:10DAE000CDF80080CDE9018301224346404609F08C
:10DAF00061F800250698A56601F0EEFC84F86D50EB
:10DB00006FF07301304609F0CAF8384602F066FE3D
:10DB10006FF0730550E6D9F800306364002B88D0AD
:10DB2000D9F8043086E7059B1B68E364002B8FD08F
:10DB3000059B5B688DE7616C01EBC30101334968AC
:10DB40000A449DE7E06C00EBC100013140680344EA
:10DB50009BE7256C15F1740FCBD0002D3FF42CAE54
:10DB60000146306909F059F826E6C1F80C15FFDEC8
:10DB70000023C3F80835FAE7B80600209312050021
:10DB8000BD12050000F01F0240090DD001280ED182
:10DB90000A4B03EB82030A4AD3F80007024042EA29
:10DBA0008102C3F8002770474FF0A043F1E702F568
:10DBB000E072002353F82230FFDE00BF0003005064
:10DBC000F0F8FCFFF0B587B001238DF80230022396
:10DBD0008DF804306B4403930F4601AB0DF1030144
:10DBE0000024049305460291059400F04FFF0C4B6E
:10DBF000984206460FD103AA3946284600F0AAFDEE
:10DC0000B0420BD09DF80310284600F039FF6FF0AA
:10DC1000040007B0F0BD6FF01200FAE72046F8E705
:10DC20000000AD0B70B5012383400E4ABFF35B8F3C
:10DC3000DC4352E8001F01EA040542E80056002ECA
:10DC4000F7D1BFF35B8F4FF4803282400648C0F8B3
:10DC50000823BFF35F8FBFF36F8F0B4214BF012008
:10DC6000002070BD749700200010014070B40E4970
:10DC7000D1E90034D01AC31844F1000422F07F46E1
:10DC8000C1E90034A6F50013B3F5400F09D2074BE4
:10DC90001B681A0A1B069C19054B42F10005C3E9D3
:10DCA000004570BC03F090BFC83800207897002072
:10DCB000D038002011B3BFF35B8F0123104A83409B
:10DCC00052E800CF4CEA030C42E800C10029F7D12A
:10DCD000BFF35B8F0B4A4FF480338340C2F80433A9
:10DCE000094BBFF35B8F1B68BFF35B8FC340DB0740
:10DCF00042BF064B4FF40032C3F80021704700BF0B
:10DD000074970020001001407097002000E100E0AF
:10DD10000D4B1868010A0006BFF35F8F0B4BD3F859
:10DD20000435181841F10001B3F5801F0AD2084BE1
:10DD3000D3E90023904271EB030303D210F180700A
:10DD400041F10001704700BF7897002000100140AA
:10DD5000D03800202DE9F04F85B016461F469DF8BB
:10DD600040A00446FFF75EFF0190FFF7D1FFB042ED
:10DD700071EB070354D23E4B301A67EB0101984216
:10DD800071F100014FD23B4B03EB0413D3E90223A3
:10DD90009F4208BF96425ED037494FF4803804F165
:10DDA000500508FA04F8AD00C1F848832046ADB22A
:10DDB00008F0AEFF26F07F4B05F1804504F5A8730F
:10DDC00005F58835DC464FF003090293029A2CF0E2
:10DDD0007F4341F82230C1F84483D1F80435274A03
:10DDE0006FF00200C01A604420F07F40904232D9A8
:10DDF000286868B1D1F804350393A3EB0B0020F039
:10DE00007F40B0F5000F26D9204608F081FF039B24
:10DE1000BAF1000F07D109EB030C09F10109D5E7AD
:10DE2000BAF1000F09D06FF0150520460199FFF7F0
:10DE300041FF284605B0BDE8F08F0123104ABFF32B
:10DE40005B8FA34052E8000F184342E8000100290D
:10DE5000F8D1BFF35B8F07490E98230101EB041241
:10DE6000C8500F9B5360C2E902670025DDE700BF81
:10DE700001008000B838002000100140FDFF7F0045
:10DE8000709700207FB51C4C1C4BC4F80833C4F8B5
:10DE900048331B4B00254FF0FF304FF0FF31C4F8E3
:10DEA0000855C3E902014FF48033C4F80433154B1D
:10DEB00002264FF400320121C4F804631120C3F894
:10DEC00080212A46E0F744FD1120E0F711FD0E4ABB
:10DED0000123A360236013600C4B0D4A0093CDE92E
:10DEE000015500232846FFF735FF3046FDF76AFF4E
:10DEF000284604B070BD00BF0010014003000F00B1
:10DF0000B838002000E100E0749700206DDC0300C9
:10DF1000FFFF7F002DE9F7432F4CD4F80433990716
:10DF20000BD5D4F8043143B12C4A0023C4F8043192
:10DF3000D4F80431136801331360D4F80433DA03DE
:10DF400029D5BFF35B8F264B53E8002F22F0010148
:10DF500043E800100028F7D1BFF35B8FD30702D44A
:10DF6000D4F84031BBB10025C4F84051D4F8403159
:10DF7000FFF7CEFEEFF31182202383F31288BFF365
:10DF80006F8F184BD3E90267B042B94106D282F3D2
:10DF90001188BFF36F8F03B0BDE8F0834FF0FF38F7
:10DFA0004FF0FF39C3E90289D3E900101D604FF437
:10DFB0008033C4F84833C4F84051D4F8403182F378
:10DFC0001188BFF36F8F0029E5D0009032463B46A1
:10DFD00028468847DFE700BF0010014078970020FF
:10DFE00070970020B838002030B5431C124C85B023
:10DFF00005D08442A8BF0446012CB8BF0124FFF716
:10E0000087FE0E4B0C4DD3E90013401AB0F5000FFC
:10E0100010D22218AA4228BF2A4652184FF00000F8
:10E0200007490091CDE9010043F10003FFF792FE9B
:10E0300005B030BD2A46F0E7FFFF7F00C83800205A
:10E040006DDC030008B5FFF763FE024B1B68C01AC6
:10E0500008BD00BFC83800204FF08053D3F83021EE
:10E06000082A06D1D3F83431052B02D8024AD05CF5
:10E0700070470020704700BF3B130500024AD2F8EA
:10E080000034002BFBD0704700E0014010B54FF08A
:10E090008053D3F83021082A4ED14FF0804200211E
:10E0A000C2F80C11C2F81011C2F8381502F540423E
:10E0B000D3F80414C2F82015D3F80814C2F82415B4
:10E0C000D3F80C14C2F82815D3F81014C2F82C1584
:10E0D000D3F81414C2F83015D3F81814C2F8341554
:10E0E000D3F81C14C2F84015D3F82014C2F8441514
:10E0F000D3F82414C2F84815D3F82814C2F84C15E4
:10E10000D3F82C14C2F85015D3F83014C2F85415B3
:10E11000D3F83414C2F86015D3F83814C2F8641573
:10E12000D3F83C14C2F86815D3F84014C2F86C1543
:10E13000D3F84434C2F87035FFF78EFF18B1414B65
:10E14000414AC3F88C26FFF787FF18B13F4BFB22EB
:10E15000C3F81825FFF780FF70B14FF080414FF0F2
:10E160008053D1F8E42ED3F8583222F00F0203F096
:10E170000F031343C1F8E43EFFF76EFF20B1344BA9
:10E180004FF40072C3F840264FF08053D3F830317B
:10E19000082B09D14FF08043D3F80024D20744BFA5
:10E1A0006FF00102C3F800242A4AD2F8883043F401
:10E1B0007003C2F88830BFF34F8FBFF36F8F4FF0FB
:10E1C0008053D3F83021082A0ED1D3F83431052BEF
:10E1D00002D8214AD35C3BB14FF01023D3F8082278
:10E1E0004FF08043C3F858254FF01023D3F8002296
:10E1F000002A03DBD3F80432002B22DA174901236B
:10E200004FF01020C1F804351224FFF737FFC0F893
:10E210000042FFF733FFC0F80442FFF72FFF00234F
:10E22000C1F80435FFF72AFFBFF34F8F09490C4BA4
:10E23000CA6802F4E0621343CB60BFF34F8F00BFA4
:10E24000FDE710BD005000404881030000F0004091
:10E250000090024000ED00E03513050000E00140B1
:10E260000400FA0530B50468CCB1BFF35B8FB4FA93
:10E2700084F3C3F11F03DBB201229A4024EA0202B5
:10E2800050E8005FA54204D140E8002CBCF1000F2B
:10E29000F6D1BFF35B8FE6D102480B7030BD024868
:10E2A000FCE700BF0000AD0B0200AD0B10B503682A
:10E2B000CB40DB0714D401238B400268BFF35B8F94
:10E2C00043EA020150E8004F944204D140E8001CA8
:10E2D000BCF1000FF6D1BFF35B8FEED1014810BD4A
:10E2E0000148FCE70000AD0B0400AD0BF7B5054697
:10E2F000F8B101281BD104224FF4807301464FF07E
:10E30000804003440244C0F8081300260121116034
:10E310001E608D421B688DF8071008BF0DF10706BF
:10E3200042F210744FF0804745B1012D28D003B060
:10E33000F0BD0C224FF482730221E0E7D7F81834C5
:10E3400003F480333EB9002BF1D0012008F0F1FC3A
:10E35000013CF3D1EBE7D7F8182402F00302326056
:10E36000002BE4D09DF80700012803D108F0E1FC60
:10E37000013CD9D1012DDAD10C4B00225A71D6E7DC
:10E38000D7F80C3403F480333EB9002BF4D00120CD
:10E3900008F0CFFC013CF3D1EEE7D7F80C2402F0F3
:10E3A00001023270002BDDD1E6E700BF7C97002030
:10E3B000044B1A7922B9012218609A8002487047EA
:10E3C000024870477C9700200000AD0B0C00AD0B9D
:10E3D00008B5094B1B682BB10020E0F7ABFA08B970
:10E3E000E0F786FA4FF080430022C3F81825034B6C
:10E3F00001221A7008BD00BF7C9700202C990020D4
:10E4000010B510B1012843D010BD4FF08043D3F8B0
:10E410001814D3F81824C80321D502F00303012BE4
:10E4200004D013B10020FFF761FF00234FF08042BA
:10E430000220C2F8183508224FF4827303F180439A
:10E440000021196002F180421C6801241460154A01
:10E4500012680AB34FF08043C3F80403D4E7D3F83B
:10E460001424D107E1D5D3F81C249207DAD40D4A3D
:10E4700012681AB10222C3F80423C5E7D3F80421B5
:10E48000002AFBD00022C3F80421D3F80431BBE7F3
:10E4900000224FF48073D1E71A68002AFCD019607B
:10E4A0001B68B1E77C970020F8B54FF080431C4E05
:10E4B000D3F804430125002704B9F8BDB4FA84F069
:10E4C000C0F11F00830003F580739BB203F180430A
:10E4D00005FA00F2196892B224EA02040029EBD08E
:10E4E0001F601B684FF08043012AC3F8082305D042
:10E4F000022A08D03368C0B29847DDE77379002B51
:10E50000DAD17271F6E7D3F81814D3F81814890722
:10E51000F0D1C3F81855C3F804239D60CCE700BFC1
:10E520007C970020036803F01F025B09026004D09F
:10E53000012B034818BF002070474FF0A0407047E0
:10E5400000030050034A430900F01F00D35C184445
:10E55000C0B270474113050070B50546FFF7F2FFE2
:10E560000C4C08300E4634F81030DA0508D5C3F3E9
:10E57000432304EBC302284654F8333052689847CB
:10E58000A3682BB1E26831462846BDE870401847C1
:10E5900070BD00BF8405002008B5FFF7D3FF034B13
:10E5A000083033F81000400B08BD00BF8405002080
:10E5B00008B5FFF7C7FF034B083033F81000C0F36E
:10E5C000400008BD8405002008B5FFF7BBFF034BE2
:10E5D000083033F81000C0F3401008BD8405002057
:10E5E000034611F0010010B5CCB20DD1A207C4F35F
:10E5F000400012D5094AD2F820055860C2F820051B
:10E60000003818BF012008E04FF0A041D1F82025C4
:10E610001A60C1F82025002AE8D010BD0003005080
:10E6200010B5FFF78FFF124A083032F81030D905C5
:10E630001CD5C3F3432123F4F85322F8103002F120
:10E640000E04002034F8023F13F4807F03D0C3F39C
:10E65000432399420AD001303028F3D1002342F8F5
:10E6600031300448BDE81040FFF720BE10BD00BFA8
:10E6700084050020FC050020F0B505460020044676
:10E68000012607468C420BD1114BD3F87C2132B1C5
:10E690000022C3F87C21D3F87C3140F00040F0BD6B
:10E6A000E3B29B0003F580729B0806FA03F31D4258
:10E6B0000BD002F1804202F5C042D2F800C0BCF19A
:10E6C000000F02D01760126818430134DAE700BF68
:10E6D00000600040F7B506460846FFF733FF194FC4
:10E6E00000F108050C4637F81530DB0727D5304612
:10E6F00008F08CFB2046FFF767FF40B12046FFF78C
:10E700004BFF316800F5A270002341F8203020460D
:10E71000FFF786FF002301A827F815300194FFF7C3
:10E7200001FF019B00EB8300074BD0F8002713404B
:10E7300043F00203C0F80037044803B0F0BD0448BA
:10E74000FBE700BF84050020F0F8FCFF0000AD0BE4
:10E750000400AD0B2DE9FF41164680460846FFF741
:10E76000F1FE0D463168044609B32846FFF720FF45
:10E7700018B12846FFF728FF10BB0023CDE900336E
:10E780008DF80E308DF80F300DF10F020B46284634
:10E790000DF10E0108F0D1FA474A04F1080132F8F0
:10E7A000113023F0020343F0010322F811307368A3
:10E7B00063B328461F785968FFF7FAFE10B1D1B14C
:10E7C0003E4826E03C4A04F1080032F8103023F0BD
:10E7D0002003DB04DB0C22F8103061B1032FEFD8EB
:10E7E0007168496891F800C0D8F80010A7B90CF515
:10E7F000A27C41F82C70304A04F1080132F8113043
:10E8000023F01C0343EA870322F81130B3684BBBA3
:10E810002B4804B0BDE8F08101EB8C0143EA4C3396
:10E82000D1F810E52EF0030EC1F810E5D8F800106D
:10E8300001EB8C0E43F02003DEF8101522F81030A7
:10E8400021F44F3121F44071CEF810152902DEF881
:10E85000108501F47C5141EA074141EA0801CEF8F4
:10E860001015C8E7D3E900672846FFF7D9FE002E48
:10E87000CED0114DD5E90023964203D19F4201D15C
:10E88000002209E00F480DF10F01FFF7EBFC0C4BE4
:10E890009842BED19DF80F2045F8326005EBC203C7
:10E8A00008345F6035F8143043EA422343F4807340
:10E8B00025F81430ACE700BF840500200400AD0B40
:10E8C0000000AD0BFC0500202DE9F0430C4685B09F
:10E8D0008046204611461E46FFF734FE054629B302
:10E8E0002046FFF765FE18B92046FFF76DFE18BBFE
:10E8F000314F05F1080937F8193013F01C0F02D019
:10E900004B78012B18D001238DF80F300023CDE96F
:10E9100000134A1C8B1C20460DF10F0108F00DFA64
:10E9200037F8193043F0030327F81930002E41D08F
:10E930002046FFF73DFE18B9204805B0BDE8F0833A
:10E9400096F800C0D8F800301B4F0CF5A2720021D9
:10E9500043F8221005F1080237F8121021F02001C7
:10E96000C904C90C27F8121075781DB3D8F8000037
:10E97000B67800EB8C002D04D0F8103523F49913F1
:10E9800023F4F853C0F81035230203F47C5305F444
:10E9900040353605D0F810E52B4306F4801641EAE1
:10E9A0004C31334341F0200143EA0E0327F81210A3
:10E9B000C0F810350248C0E7840500200400AD0B04
:10E9C0000000AD0B014BC3E9021270478405002023
:10E9D00010B508461446FFF7F7FD50B10846FFF79B
:10E9E000B1FD054B083033F8103004485B0B237041
:10E9F00010BD0348FCE700BF840500200000AD0BFC
:10EA00000400AD0B70B5164D95F8804006462CBB42
:10EA10002146602205F1100009F0D7FC30682E6F06
:10EA200021468E420ED10023C0F87C31D0F87C31D3
:10EA300040F30730DFF75CFF01230A4885F8803098
:10EA4000AB6770BDCBB29B0003F580727C2B08BF17
:10EA5000845001F1010108BF8358E2E70248F0E762
:10EA6000840500200000AD0B0C00AD0B034B93F8A8
:10EA70008000003818BF0120704700BF84050020C7
:10EA80000148FFF713BC00BFF80500200148FFF75D
:10EA9000E9BB00BFF805002073B503681646D3F83C
:10EAA0000423002AA8BF4FF000420546A8BFC3F8C0
:10EAB000042308460C46FFF787FD00B30846FFF71E
:10EAC00077FD0146D8B92046FFF766FD04B2A400E1
:10EAD00004F58072034628688150296882582144D1
:10EAE000D1F8102542F00102C1F810252EB1296895
:10EAF000012202FA03F3C1F8043302B070BD2046CC
:10EB0000FFF720FD0F4B083033F81030C3F38203BA
:10EB1000042B12D0052B12D001A80194FFF702FD9F
:10EB2000019AD0F81035D34003F00103991C204618
:10EB300002B0BDE8704008F049B90321F7E70221AF
:10EB4000F5E700BF840500202DE9F04F694BDFF8A1
:10EB5000B081D3F80403D8F87010C0B289B040F087
:10EB60000040FFF789FD051E2FDAC24600235AF840
:10EB70007C1F06A8CDE90633FFF732FD5E4B0193FB
:10EB80000DF118094FF0000B019A12F8013B0192A8
:10EB9000DA0803F007031AF8022022FA03F3DA076F
:10EBA0001CD409F10409BBF1000F14D0D8F870107F
:10EBB0004FF00040FFF760FDD8F87C1006A8FFF783
:10EBC0000FFD0028DAD125F000450124002D79D170
:10EBD00009B0BDE8F08F4FF0010BD5E7474B5B4420
:10EBE0000293D9F800100029DBD0029B91FAA1F121
:10EBF0001C78B1FA81F141EA44142046FFF7A2FCE7
:10EC00000830059438F81070C808BB0819F80020BF
:10EC1000039301F00701012303FA01F122EA010243
:10EC200009F8002005A8FFF77DFC059A039B02F573
:10EC3000E072C7F3820650F822205B073746C2F322
:10EC4000014224D520463946D6B2FFF785FC05A8F7
:10EC50000594FFF767FC059B03F5E07350F823303C
:10EC6000C3F301439E4207D10021204608F0AEF8CD
:10EC70003146204608F0AAF805A80594FFF752FC93
:10EC8000059B012202FA03F3C0F82035A9E7022A06
:10EC90000CD10321204608F099F806F00503012B5A
:10ECA000EAD139462046FFF757FCE5E70221204626
:10ECB000039208F08BF8032EF3D0039A032ADBD1DA
:10ECC000022EEDE795FAA5F3B3FA83F304FA03F203
:10ECD0009B0003F1804303F5C04325EA0205D3F806
:10ECE0001005D3F81015C0F30520C1F30141FFF75B
:10ECF00033FC6BE700600040511305005113050021
:10ED000084050020044AD2F80034DB07FBD50160FB
:10ED1000BFF35F8F704700BF00E001404FF08053AA
:10ED20001A69B0FBF2F302FB130373B9084B02221A
:10ED3000C3F80425C3F80805D3F80024D207FBD58F
:10ED400000220448C3F8042570470348704700BFF9
:10ED500000E001400000AD0B0A00AD0B10B5054C02
:10ED60000123C4F80435FFF7CDFF0023C4F80435B0
:10ED700010BD00BF00E0014010B5184C237853BB14
:10ED80000278C2F34003920712D54FF08053D3F8B4
:10ED90003021082A0BD1D3F83431052B07D8104A7B
:10EDA000D35C23B14FF080430122C3F838260123FE
:10EDB0004FF08042C2F88035037803F00103C2F8B7
:10EDC00078350020DFF7B6FD08B9DFF791FD0123A4
:10EDD0000448237010BD0448FCE700BF2D990020B3
:10EDE000531305000000AD0B0C00AD0B4FF080433A
:10EDF0004FF46072C3F80823014B00221A60704779
:10EE00008497002008B5FFF7F1FF03680BB1014AB2
:10EE1000136008BD8497002010B54FF08043D3F8ED
:10EE20000443620707D54FF4847008F028F810B146
:10EE30001E4B1B689847A30608D54FF48A7008F04C
:10EE40001EF818B11A4B00201B689847600608D5B9
:10EE50004FF48C7008F013F818B1154B01201B68A3
:10EE60009847210608D54FF48E7008F008F818B1BD
:10EE7000104B00201B689847E20508D54FF49070AE
:10EE800007F0FDFF18B10B4B01201B689847A30545
:10EE90000AD54FF4927007F0F2FF28B1054BBDE898
:10EEA00010401B680220184710BD00BF8C9700203F
:10EEB0008897002084970020036803F01F025B09F5
:10EEC000026004D0012B034818BF002070474FF0A8
:10EED000A04070470003005070B505790A4C142318
:10EEE0006B43E618E35833B90068022108F01DF8B7
:10EEF00008B101233372142303FB0544207A02383E
:10EF000018BF012070BD00BF909700202DE9F34786
:10EF10000B7F04466BBBDFF8D8900D1F01F1100684
:10EF200001F10C08012755F804AFBAF1FF3F1CD0DE
:10EF30003378CDF804A001A8002B50D0FFF7BCFF18
:10EF4000019B07FA03F3C0F8083501A8CDF804A027
:10EF5000FFF7B2FF019B00EB8300D0F8003703EA14
:10EF6000090343F00303C0F80037A84506F1010682
:10EF7000D9D191F81DC00D8B4F7D8E7D8A7EC87EC4
:10EF80002368BCF1000F0BD1D1E9008ED1E902C199
:10EF9000C3F86085C3F864E5C3F868C5C3F86C15A9
:10EFA00042EA0022C3F80C75C3F80465C3F808559B
:10EFB000C3F8102520680023C0F81031D0F81021C4
:10EFC000C0F80831D0F80821C0F80C31D0F80C3165
:10EFD00040F3073002B0BDE8F047DFF789BCFFF728
:10EFE0006BFF019B07FA03F3C0F80C35ADE700BFD8
:10EFF000F0F8FCFF2DE9F04190F804800D4C142648
:10F0000006FB08F6A71997F808C0BCF1000F0ED14F
:10F01000A2517B6019B10B7F3B74FFF777FF14237C
:10F0200003FB0844044801232372BDE8F081034830
:10F03000FBE700BF909700200000AD0B0C00AD0B6C
:10F0400070B40C460179266815461A461A4B01EB36
:10F05000810103EB81010368C3F82065A688C3F82A
:10F060002465A668C3F82865E668C3F82C650368BC
:10F070002668C3F84065A688C3F84465A668C3F847
:10F080004865E468C3F84C45046805F0010303EBE8
:10F090005505C4F81455D4070CD412F0020403D05B
:10F0A000002B14BF082404240568C5F8004270BC76
:10F0B00007F006BF1024F7E79097002038B50368E3
:10F0C00005790022C3F800220368012204465A6031
:10F0D00071B12046FFF700FF0028FAD02368002214
:10F0E000C3F80025054B142202FB053301221A72D6
:10F0F0002046BDE83840FFF7EFBE00BF90970020E4
:10F100000149024807F03BBF9097002000C0014032
:10F110000149024807F033BFA497002000100240C5
:10F120000149024807F02BBFB89700200020024099
:10F13000036803F01F025B09026004D0012B03483F
:10F1400018BF002070474FF0A040704700030050E8
:10F15000012370B504460D46436164260022022156
:10F16000204607F057FF20B9012007F0E2FD013EDD
:10F17000F4D100236B774FF08051D1E94C1208296C
:10F180001AD1052A18D80E498A5CAAB14FF0FF326D
:10F19000D4F80805D4F80C15C4F80035C4F80825CF
:10F1A000C4F80C250922C4F80025C4F80035C4F8B9
:10F1B0000805C4F80C1570BD0023C4F80035FAE743
:10F1C000591305000F4B984219D00DD80E4B984299
:10F1D00015D007D80D4B984211D00D4BC31A584289
:10F1E000584170470B4BF9E70B4B984207D004D8B6
:10F1F0000A4B984203D00A4BF0E70A4BEEE7012096
:10F20000704700BF80841E0020A1070048E801006D
:10F2100090D0030040420F000024F40000093D009C
:10F2200000127A000048E80173B51646421C1C46DD
:10F230000546069B18D0012902D1BBB107F028FF73
:10F2400001A80195FFF774FF019B00EB83002402E6
:10F25000D0F80027074B44EA86040C4313401C43B4
:10F2600044EA4101C0F8001702B070BD07F01DFF6D
:10F27000E6E700BFF0F8FCFF2DE9F347674B4D6967
:10F2800090F804909D4206460C4600F0AE8000F2D5
:10F290009E80634B9D4200F0AB8000F29080614BFA
:10F2A0009D4200F0A880604B9D420CBF4FF08065EE
:10F2B0004FF08045DFF88481E07E242202FB098341
:10F2C000997F60F3000199773379217C02FB0383F6
:10F2D0009A7F61F341029A77E77E5FBB6269534B85
:10F2E0009A420CBF4FF0030A4FF0000A237E012B15
:10F2F00094BF002301230093206853463A4601211E
:10F30000FFF792FF0097606853463A460121FFF7E6
:10F310008BFF0097A27EA06853463946FFF784FF13
:10F32000237C83F001030093E06853463A460121B1
:10F33000FFF77AFF242303FB0983E2681A62217C2A
:10F340009A7F61F341029A77207FA77C217E627EBB
:10F35000336890B9D4E900ECA468C3F808E5C3F8B1
:10F360000CC5C3F810454FF0FF34C3F86C45C3F823
:10F370001445C3F86805C3F86405003A18BF0122B4
:10F380000229C3F8C075C3F824553DD003293ED0E7
:10F39000012901D142F00202C3F854250222C3F828
:10F3A000602533792422534358F8033093B33068EF
:10F3B00040F3073002B0BDE8F047DFF799BA1C4BC5
:10F3C0009D420CBF4FF080554FF0804572E7194BBE
:10F3D0009D4213D0154B9D4213D0174B9D420CBF3D
:10F3E0004FF000454FF0804564E74FF0005561E76E
:10F3F0004FF000655EE74FF000755BE74FF020656A
:10F4000058E74FF0A05555E742F00402C4E742F038
:10F410000602C1E702B0BDE8F08700BF80841E008D
:10F4200020A1070048E8010090D003000048E8014F
:10F4300040420F000024F40000127A00CC97002014
:10F44000431C07B50ED0019001A8FFF771FE019B88
:10F4500000EB8300054BD0F80027134043F0020374
:10F46000C0F8003703B05DF804FB00BFF0F8FCFF04
:10F470002DE9F8430746144C97F80480242505FB32
:10F4800008F504EB05091E4699F81C30C3B999B17B
:10F490004869FFF797FEA8B138466251C9F8046081
:10F4A000FFF7EAFE242303FB0844002363770748A1
:10F4B00001232377BDE8F8836251C9F80460F1E7BE
:10F4C0000348F7E70348F5E7CC9700200000AD0BB1
:10F4D0000C00AD0B0400AD0BF8B5044606790068CE
:10F4E000184D40F30730DFF711FA24237343EB582C
:10F4F00053B12368144AC3F8082306EBC6012068F9
:10F5000005EB8101FFF724FE2421236801FB06514E
:10F51000D3F80805D3F80C45D3F810758B7FDB07BB
:10F520000AD4FFF78DFF3846FFF78AFF2046FFF722
:10F5300087FF086AFFF784FF242303FB0655002397
:10F540002B77F8BDCC970020520108002DE9F0433D
:10F550000779554D24237B439046EA180E46517F88
:10F5600085B08146002940F09C80EB5823B118F00B
:10F57000140F04BF0123537796E80F00242404FBE3
:10F58000075404F10C0C8CE80F00206A421C04D0D4
:10F59000A37F9B071AD507F07BFD3368D9F800409D
:10F5A00023B103F06043B3F1005F06D1B36883B1C8
:10F5B00003F06043B3F1005F0BD0242303FB075338
:10F5C00000223A485A7705B0BDE8F08307F06DFD98
:10F5D000E3E718F0010318BF0123C4F8503518F011
:10F5E000020318BF0123C4F8403596E80F00EC462B
:10F5F0008CE80F00039BC4F84405C4F84815C4F810
:10F600003425C4F838350023C4F81831D4F818313B
:10F610000723C4F8003524237B4318F0080F05EBBB
:10F6200003021DD1E8580121216158B9D4F81831DD
:10F63000002BFBD062464021204607F0EBFC242340
:10F640007B43EA18EB5813BB106A461C13D107EB37
:10F65000C70705EB87012046FFF77AFD1448B2E79C
:10F66000EB58A3B9106A411CF8D0937F9A070BD5C9
:10F6700007F01BFDF2E7937F9B0702D507F015FD0E
:10F68000E5E707F005FDE2E707F002FDE6E718F021
:10F69000040F4FF0400314BFC4F80833C4F8043318
:10F6A000DCE704488FE700BFCC9700200A00AD0BD1
:10F6B0000000AD0B0B00AD0B10B5104A10484021F7
:10F6C00007F0A8FCC8B10F4C206A421C04D0A37FED
:10F6D0009B070FD507F0E9FC637F1BB10949084878
:10F6E000FFF736FD002323720748D4E90031BDE857
:10F6F0001040184707F0CCFCEEE710BDD89700206B
:10F7000000300240CC970020D497002030B500F0A4
:10F710001F04400911D0012812D10C4800EB8400CD
:10F720001B02D0F800570A4C43EA82022C4042EAFE
:10F7300041012143C0F8001730BD4FF0A040EDE774
:10F7400004F5E074002353F82430FFDE000300507A
:10F75000F0F8FCFF10B4CC7B8A6803682CB9D1E9BF
:10F760000041C3F80845C3F80C15C3F824250379F4
:10F7700028225343064AD35833B100685DF8044B3E
:10F7800040F30730DFF7B4B85DF8044B704700BFB3
:10F79000F097002070B50C4686B00221054607F0B0
:10F7A000E5FC4FF400710646284607F0DFFCD0B1B7
:10F7B000D6B9A368C5F808330223A360A368C5F8C7
:10F7C00004334FF08071284607F0D0FC18B1D5F80B
:10F7D00000329B0502D401232B626B61012384F864
:10F7E000233006B070BDAEB3E3695E060AD494F868
:10F7F00023303BB92146284607F064FC80F0010025
:10F8000084F82300E36913F004033BD1C5F86031A9
:10F81000D5F86021C5F85C31D5F85C3194F8253015
:10F8200013B194F8233013B30023C5F80032A3605A
:10F83000314BC5F8083345F30733002B17DB5A0962
:10F84000012103F01F03994002F160032B4A42F8A3
:10F8500023100CE04FF48021284607F087FC94F831
:10F860002030002B2FD194F82530002BDDD0238CB5
:10F87000ADF80430E3680493236902936369059348
:10F88000A3690393D5F8C434C5F8C43498072CD4BD
:10F8900059072CD4DA072CD494F823309B00DBB220
:10F8A0008DF8003094F825300BB984F82430E369E2
:10F8B0005B0703D594F82330002B92D0D4E90031B4
:10F8C000684698478DE74FF40073C5F8003240F260
:10F8D0000223A36003F1CE73C5F80833A368C5F80B
:10F8E00004330123AB602B627BE70123D8E70223BB
:10F8F000D6E70323D4E700BF02029C0100E100E049
:10F900002DE9F04190F80480164E0746282000FBB0
:10F9100008F035180C4695F82210F1B9A96032505C
:10F920006B6085F8251085F824106CB1A37B85F8F1
:10F930002730204607F0F7FB88B1637B85F8263037
:10F9400021463846FFF706FF282303FB08660648D2
:10F95000012386F82230BDE8F0810448FBE7044823
:10F96000F9E700BFF09700200000AD0B0C00AD0BD5
:10F970000400AD0B036802790621C3F80015044B9F
:10F98000282101FB0233022283F82220704700BFA6
:10F99000F097002010B5164B0479282202FB0432A0
:10F9A0000021916002681349C2F80813D2F80012CE
:10F9B00021F4BC51C2F800124FF08051D1F830014F
:10F9C000082809D1D1F83411052905D80A48415C25
:10F9D00011B10921C2F800150021C2F80015282232
:10F9E00002FB0433012283F8222083F8241010BD87
:10F9F000F097002002029C015F1305002DE9F84FEB
:10FA0000B04D90F804900468282303FB09539046F6
:10FA1000002283F823204B680E4633B1CB6803F0F5
:10FA20006043B3F1005F40F085813378023B012BE6
:10FA300006D8336903F06043B3F1005F40F07A8188
:10FA4000A14BC4F80833282303FB095393F824106F
:10FA500001F0FF0239B19B68DFF878B2C4F80433D3
:10FA60005846BDE8F88F18F0140F0CBF0121002193
:10FA700083F82410317883F82010717883F82110EE
:10FA8000F168D9607168196131695961B16899612A
:10FA9000C8F3001183F82510C3F81C807378C4F8EC
:10FAA0008835C4F86021D4F86031C4F84821D4F80E
:10FAB0004831C4F82421D4F82431C4F80421D4F8FE
:10FAC000043118F0010318BF0123C4F8503518F0B1
:10FAD000020318BF0123C4F84035337809EB8907C6
:10FAE00005EBC707032B00F2A380DFE803F079984A
:10FAF00062024FF48073C4F80032D7E90323C4F8DC
:10FB00004425C4F848350123A3604FF480112046F2
:10FB100007F02CFB0028F8D1D7E90523C4F84425C9
:10FB2000C4F84835282303FB09534FF480229A6018
:10FB3000DFF8A4B1282202FB09F218F0080AAB583A
:10FB400005EB020013D13178032910D0012940F0D0
:10FB500085802160002B6ED0282202FB09F271689B
:10FB6000AA5821B9002A00F0BB8001226261282234
:10FB700002FB09F2A918AA58002A00F0B18018F077
:10FB8000040F1CBF00228A6018F0400F06D1282203
:10FB900002FB0952916841F002019160282202FBA8
:10FBA0000952916841F4007191609268C4F804238D
:10FBB00056E7D7E90323C4F84425C4F84835D7E904
:10FBC0000523C4F83425C4F838354FF48453C4F8F9
:10FBD000003201232362282303FB09530222A6E7F4
:10FBE000D7E9032318F0200FC4F84425C4F848359A
:10FBF0004FF0280315BF4FF480724FF4007203FBDF
:10FC0000095303FB095315BFC4F80022C4F80022AE
:10FC10004FF4802202229A600123236288E7D7E909
:10FC20000323C4F83425C4F838354FF48053CEE7A5
:10FC3000DFF8A8B07EE7026902B961612349DFF805
:10FC400090A0204607F092FA012210F4007F18BF1E
:10FC5000626110EA0A0F1D49F3D07DE70121A1601E
:10FC6000002B7FF479AF006918B3194B1AEA030F20
:10FC70007FF472AF1549204607F078FA10F4007F40
:10FC80008246F2D04FF08071204607F06FFAD4F828
:10FC9000001280B111F4007003D101222262824669
:10FCA0006261CB05E1D54FF48021204607F05EFA72
:10FCB00004E06161D9E70122226262614FF0000A2B
:10FCC000D3E700BFF097002002029C01020204006B
:10FCD000020004000B00AD0B0000AD0B0400AD0BE7
:10FCE0002821D4F8C424C4F8C42401FB09550021F8
:10FCF00085F824108AB11149114B12F0010F14BF7D
:10FD00008B469B46013112F0020F18BF8B4612F052
:10FD1000040F0C4A18BF9346A2E618F0400F7FF478
:10FD20009FAE3946204607F0CDF9054A002808BFA6
:10FD3000934695E6DFF810B092E600BF0000AE0BE8
:10FD40000100AD0B0200AE0B0A00AD0B01490248E9
:10FD5000FFF720BDF09700200030004002494FF02F
:10FD60004020FFF717BD00BF18980020036803F07C
:10FD70001F025B09026004D0012B034818BF00205A
:10FD800070474FF0A040704700030050F7B506469B
:10FD900007F016FA084607F013FA01A80196FFF7D4
:10FDA000E5FF019B2E4D00EB83000C46D0F8003799
:10FDB000019440F20D612B400B43C0F8003701A8BD
:10FDC000FFF7D4FF019B00EB83000127D0F8003739
:10FDD0002B400B43C0F80037042006F0AAFF09258A
:10FDE00001A80194FFF7C2FF019AD0F81035D34063
:10FDF000DB0715D401A80196FFF7B8FF019B07FAAE
:10FE000003F3C0F80C35042006F093FF304607F0EA
:10FE1000D7F9013D042006F08CFF15F0FF05DFD176
:10FE200001A80194FFF7A2FF019A01239340C0F8B3
:10FE30000C35042006F07DFF204607F0C1F90420B0
:10FE400006F077FF01A80194FFF790FF019AD0F820
:10FE500010350448D34003F00103C01A03B0F0BDCD
:10FE6000F0F8FCFF0100AD0B014804F0C2B800BF80
:10FE700065130500034A044B02609B1A2420B3FB60
:10FE8000F0F07047F88A0400148D040070B5044641
:10FE900088B10378C3B10D4D0D4EB54201D3002496
:10FEA00009E02968A14208D1284607F09BF90028FB
:10FEB00014BF2C460024204670BD2046D1F76EF8B2
:10FEC0000028F1D02435E8E71C46F4E7F88A04005E
:10FED000148D04002DE9F843054610B304782CB1C5
:10FEE000114CDFF84880444503D300242046BDE888
:10FEF000F883226A52B1204607F074F930B11668CF
:10FF000026B1D6F800900027B94501D12434EAE79C
:10FF100056F8041F2846D1F741F80028E6D00137EB
:10FF2000F2E70446E2E700BFF88A0400148D0400FB
:10FF30001FB50446D9F732FC07490B685B0708D0A8
:10FF4000064B02930023CDE900330122184607F047
:10FF50006CF9204607F079F9A40600209F130500EC
:10FF60002DE9F041044686B00D46EFF311882023B9
:10FF700083F31288BFF36F8F2B4F2C4A3B68966830
:10FF800059074ED0042898BF294B127C94BF53F8D0
:10FF90002030284B0390CDE90432274B02930023F5
:10FFA000CDE9003320490122184607F03EF985B11A
:10FFB000EB693A68C3F308035BB152071AD01F4BD1
:10FFC00002930023CDE9003317490122184607F0B8
:10FFD0002CF93B685B070DD0D6B91948194B029331
:10FFE0000023CDE90360CDE900330F490122184613
:10FFF00007F01BF929462046FFF79AFF88F311887E
:020000024000BC
:10000000BFF36F8F304606B0BDE8F041DEF7FEBBB0
:10001000304607F037FD0028DFD00378002BDCD016
:10002000DCE7002DC4D1E5E7A406002040980020BD
:10003000ACC60400AE130500C4130500EC130500A4
:10004000BC1305000D14050038B50A4B53F82040C9
:10005000013053F82050A54200D838BD606830B157
:10006000037FDB0701D407F0FBF80834F3E72368CC
:100070009847FAE7C0C6040070B52B4B2B4C2C4DAB
:10008000012286B003201A70FFF7DEFFFFF7ECFEB7
:1000900007F00AF90420FFF7D7FF2646AE4204F125
:1000A000300410D301F02AF9204C224EAC4226D362
:1000B00001F038F903F0DDFC1F4A137B23F0010344
:1000C000137306B070BD54F80C3C059354F8103C03
:1000D000049354F8143C039354F8183C029354F8D6
:1000E0001C3C019354F8203C009354E90A2354E942
:1000F0000C0100F057FE54F8303C5E65CDE7D4E9C2
:100100000A23B3F1FF3F08BFB2F1FF3F05D052EA27
:100110000301206803D101F023FA3034C6E73146E9
:10012000183001F0DBFCF8E72E990020948E0400D3
:10013000948E0400BF7B0400D039002008B503482A
:10014000034A0021121A07F0A2F808BDF80800209F
:100150003899002070B5154E154D164986B0F82314
:1001600003FB0066144B059301220F23CDE90332F4
:100170000023CDE90133182303FB00554FF4A0728F
:10018000044602FB00110D4B0095304600F00AFEBC
:10019000737B2C7423F004037373094BEE600134FA
:1001A00003EBC4236B6006B070BD00BFD8380020DD
:1001B00040980020783602206F1405004B7404002C
:1001C000782E0220BFB50020FFF73EFF284B83F3B7
:1001D0000888284C284F636943F400736361002545
:1001E000E02384F82230E57725766576A57684F8D5
:1001F0002050636A43F4E023636284F82350DEF7FF
:10020000CBFADEF759FC4FF0FF33A362E362D9F774
:100210009DFA1A481A4C00F05BFE06F0E2FF01203E
:10022000FFF712FF0220FFF70FFF01F0AFF8154BA9
:1002300015499C61154B05930123CDE903534FF4F8
:1002400080423B46CDE901550095204600F0AAFDCD
:10025000627B064622F004022046627307F072FCBD
:100260002846FFF777FF3A4631462046DEF7FAFB8D
:100270007836022000ED00E079000400E03B002029
:10028000D039002040980020B8370220A4CD0400C7
:1002900038B5054C256804EB850405B938BD54F81C
:1002A0000439013D9847F8E7CC8F040038B5044C79
:1002B000044DAC4200D338BD54F8043B9847F8E7EE
:1002C000D88F0400D88F040038B5064C064DAC42D8
:1002D00001D3002038BDD4E90112204606F0EBFF1F
:1002E0001834F4E7F00600202007002038B5064C4B
:1002F000064D0020AC4200D338BD204607F04DF833
:100300000028F9DB2034F5E7D0060020F0060020B5
:1003100073B50C46EFF31181202585F31288BFF3E6
:100320006F8F05695DB125602B680361C369013377
:10033000C361002081F31188BFF36F8F11E052EA8F
:10034000030603D125606FF00B00F3E7CDE900232E
:100350000246083000F012FF18B9034B9B681B6976
:10036000236002B070BD00BF4098002070B50A4CF9
:100370000A4E0025002301221946204607F08DFB76
:1003800021463046013507F067FA0A2D04F1500482
:10039000F0D1002070BD00BFB877022034070020E4
:1003A0002DE9F34104460E4600F10808EFF31187EA
:1003B000202181F31288BFF36F8F406A2169884240
:1003C00038D22568AC4218D0BDB1284607F048F8AD
:1003D00005F1180007F0E0FDE2682869314607F0F2
:1003E000CCFF0023C5F8B030284607F0ABFB4046F1
:1003F000394600F03FFF002029E0E268206A3146DC
:1004000007F0BBFF236AE2681344A26923629342A8
:1004100004BF63692362636A01336362102104F1DC
:10042000280007F05BFF0028E1D187F31188BFF3B4
:100430006F8F0CE052EA03010CD0084989684046EE
:100440000E61CDE900233946224600F097FE02B046
:10045000BDE8F0816FF02200E7E700BF4098002080
:10046000F7B5044604F108070846EFF3118620218A
:1004700081F31288BFF36F8F616A00293AD0E26876
:10048000E16907F07AFFE369E26825681344A2692D
:10049000E361934204BF6369E361636AAC4203F1C1
:1004A000FF33636234D02846002D32D006F0D8FFE7
:1004B00005F1180007F070FDE2682969206A07F06D
:1004C0005CFF236AE2681344A2692362934204BF7B
:1004D00063692362636A0133636200242846C5F8B6
:1004E000B04007F02FFB3846314600F0C3FE2046EF
:1004F00003B0F0BD52EA030110D00A4989680861CF
:10050000CDE9002331462246384600F037FEEFE7BA
:10051000002086F31188BFF36F8FE9E76FF02200A8
:10052000F7E700BF409800202DE9F3410446174645
:100530001E46EFF31188202383F31288BFF36F8FD9
:10054000C368334A7BB180689168884219D057EA02
:10055000060318D188F31188BFF36F8F6FF00F0077
:1005600002B0BDE8F081916891F90E10216101336C
:10057000E3609368A36088F31188BFF36F8F002056
:10058000EEE72169F2E791F90E1090F90E309942E9
:10059000A8BF19466FF07E029142B8BF11468B4248
:1005A0002DDD07F020F80546CDE9007619482246F2
:1005B000414600F0E3FD0028E1D0EFF3118620234F
:1005C00083F31288BFF36F8FA068D0B123682169CD
:1005D0009C420AD04BB193F90E309942A8BF1946FC
:1005E0006FF07E039942B8BF194606F0FCFF40B198
:1005F0000848314600F03EFE6FF00A00B0E70025E3
:10060000D2E7002DF4D186F31188BFF36F8FF3E7A3
:10061000409800202F990020F8B583680546002BEC
:1006200040D0234A926893423FD1C368012B03D93B
:10063000013BC3600020F8BDEFF31187202383F353
:100640001288BFF36F8F0169806806F0CCFF2C68B9
:10065000A54207D10023C5E9023387F31188BFF310
:100660006F8FE7E7002CF5D0D4E9003213605A60B1
:10067000637B002623F002036373C4E90066A6606F
:1006800004F1180007F088FCAC6094F90E302B617F
:100690002046C4F8B06007F055FA0648394600F025
:1006A000E9FDC7E76FF01500C5E74FF0FF30C2E77F
:1006B000409800202F99002037B5EFF311852021B5
:1006C00081F31288BFF36F8F04689CB1236842687E
:1006D00023F003039442036008BF436001212046D6
:1006E00007F00DF8044685F31188BFF36F8F20469D
:1006F00003B030BD52EA0301F5D0CDE9002329460D
:1007000000F10C02083000F039FD0028EFD1024B57
:100710009B681C69EBE700BF4098002070B5EFF3C1
:100720001186202383F31288BFF36F8F0468A042E1
:100730001BD0D4B1D4E9003213605A60637B00252A
:1007400023F00203C4E900556373A56004F11800A7
:1007500007F022FCC4F8B050204607F0F3F9314608
:100760000A48BDE8704000F085BDD0E902329A42E7
:1007700018BF013383600221103007F0AFFD00285D
:10078000EDD186F31188BFF36F8F70BD30990020D3
:1007900013B5EFF31181202484F31288BFF36F8F18
:1007A000846844B1013C846081F31188BFF36F8F8A
:1007B000002002B010BD52EA030406D181F3118873
:1007C000BFF36F8F6FF00F00F3E7CDE90023024610
:1007D000014800F0D3FCECE7309900202DE9F84304
:1007E0000546EFF31188202383F31288BFF36F8F40
:1007F000002637466FF00A092C68A54216D0ACB126
:10080000D4E9003213605A60637BA76023F00203CF
:100810006373C4E9007704F1180007F0BDFBC4F866
:10082000B090204607F08EF90126E5E70023AB6083
:10083000022105F1100007F051FD30B92EB988F3FF
:100840001188BFF36F8FBDE8F88341460248BDE8C9
:10085000F84300F00FBD00BF3099002073B50C467F
:10086000EFF31181202585F31288BFF36F8FD0E954
:100870000365B5420AD92B1F036155F8043C236078
:1008800081F31188BFF36F8F002008E052EA03055F
:1008900007D181F31188BFF36F8F6FF00F0002B0A3
:1008A00070BDCDE900230246083000F067FC10F16E
:1008B0000B0FF4D0024B9B681B692360E4E700BF79
:1008C000409800201FB5094A92E8030002AB83E874
:1008D00003004FF400620093054906484FF0FF33D0
:1008E00000F00AF9002005B05DF804FB989C0400B4
:1008F000D87A0220C83A00202DE9FF414F4E044625
:100900002027EFF3118887F31288BFF36F8FD4F895
:10091000F850F5B9022104F5887006F0DBFF0028D5
:1009200068D004F5847500220121284607F0A4F957
:100930000028F8D1002302934FF0FF324FF0FF332D
:10094000CDE90023414604F580723D4800F014FFD4
:10095000D7E7D4F8FC202B68C4F8F830954208BFDC
:10096000C4F8FC30D4F8103143F00203C4F810315D
:10097000EB6823F0040343F00103EB606B6888F33A
:100980001188BFF36F8F28469847EFF3118887F3DC
:100990001288BFF36F8FEB68D80623F0010236D4BC
:1009A000EA60EB689A0716D5306823F00203EB6023
:1009B00088B10368002170B14268954235D103685F
:1009C00069BB72683360824200D17360002340F8D3
:1009D000083BFFF7A3FED4F8103123F00203C4F85C
:1009E000103188F31188BFF36F8FDB0589D400F0D5
:1009F00015FD86E7D4F81031D9069BD5C4F810014F
:100A000088F31188BFF36F8F04B0BDE8F08123F045
:100A10001103EB6005F11000FFF780FEC1E70B60EA
:100A20007368834208BF7160D0E723B11A6801463A
:100A300018461346BFE71A46F9E700BF689800203A
:100A400031990020F8B5C3689A0704460F46C3F3EE
:100A500040062CD45B071AD40B680BB983680B6073
:100A6000E368DD0744BFA3683B603D684CBF0226D6
:100A70000126002D3AD01F4B9B68AB420AD0D5F817
:100A80001031D807C3F3800214D46FF0120600238C
:100A90003B6025E006F0EDFFD5F810310028F0D1DD
:100AA000D907C3F3C002F0D552B15B0708D46FF089
:100AB0000F06ECE7002AFAD1C3F3C003002BF6D1EE
:100AC00000232360D5F8FC3063B9C5E93E442846CD
:100AD00006F01AFFE36843F00403E3603B68A36099
:100AE0003046F8BD1C60C5F8FC40F0E76FF0150615
:100AF000CDE700BF40980020F0B589B00446002043
:100B0000C4E93E000E9D04F58070C4E9400004F580
:100B10008470C4E942004DB32879002840F20110E6
:100B200008BF0120C4F8100100204FF0FF364FF03D
:100B3000FF37CDE90330CDE90100CDE906670C4B65
:100B40000094204600F098F955B1296811B120466B
:100B500000F0D6F86B791BB1237B43F001032373BC
:100B6000204609B0BDE8F04000F0FABC0120D9E70A
:100B7000F908040037B501900846EFF311842021ED
:100B800081F31288BFF36F8FC16811F01E0F16D169
:100B900053EA020508D101A9FFF754FF84F3118835
:100BA000BFF36F8F03B030BD41F00801C160019900
:100BB00081621030034900F091FF0120EEE7002030
:100BC000ECE700BF7F79040001460148FFF7D2BF80
:100BD000C83A002038B5EFF31185202383F312883B
:100BE000BFF36F8F0468A04213D094B1204606F083
:100BF0002FFF04F1180007F0CFF900232046C4F8B6
:100C0000B03006F09FFF0548294600F033FB002076
:100C100038BD85F31188BFF36F8FF8E73299002054
:100C20002DE9F0410546EFF31187202383F3128865
:100C3000BFF36F8F0468A04223D014B3204606F0A0
:100C400007FF04F1180007F0A7F90026B046C4F822
:100C5000B080204606F076FF2C68A54206F101061A
:100C600008D03CB1204606F0F3FE04F1180007F06E
:100C700093F9ECE70648394600F0FCFA3046BDE847
:100C8000F08187F31188BFF36F8F0026F6E700BF6E
:100C9000329900202DE9F34105460C4617461E46C1
:100CA000EFF31188202383F31288BFF36F8F084678
:100CB000FFF7B2FC2A46CDE900764146074800F02E
:100CC0005DFA05464FF0FF324FF0FF332046FFF745
:100CD0002BFC284602B0BDE8F08100BF329900200D
:100CE000EFF305833BB9054B9B68D8897F288CBF00
:100CF0000020012070470020704700BF409800206E
:100D000010B5044608B9054B9C681F2204F1780011
:100D100007F028FC002084F8970010BD40980020C0
:100D20002DE9F84F0C46A1B39AB390F80D90DFF877
:100D30006C80571E0846B9F1000F25D0DFF860A07F
:100D40000025B8F804B019EA0B0F19D0B8F806302E
:100D5000D8F800107E1B9E4228BF1E46324607F080
:100D60000CFB2E4439EA0B0904EB06000CD0BD1B2A
:100D7000012D28BF01252A46514607F0FEFA3544C9
:100D800008F108086019DCE7002303702046BDE87D
:100D9000F88F0148FBE700BFACD70400D8C60400B9
:100DA0008D1405002DE9F04F85B0984600F15803E9
:100DB000C0E91633129B0373073204230F46002643
:100DC00022F0070A4373119B8373044601EB0A0563
:100DD0005246C0E906668660C673AA213846DDF829
:100DE00038B0DDF84C9007F0F0FA29462046DCF7E1
:100DF0009FFF0730109B20F00700C4F8A000C4E953
:100E0000267A02930F9B2D1ACDE900B32A4643465A
:100E100039462046DDF7E2FD0F9BE366109B6665D1
:100E2000C4E9198B2367EFF31183202282F3128820
:100E3000BFF36F8F0F4F7A6A62677C6283F311880A
:100E4000BFF36F8FB9F1000F11D01F22494604F193
:100E5000780007F087FB84F89760BB680BB1D3F884
:100E6000A430C4F8A430284605B0BDE8F08F84F85B
:100E70007890F2E740980020F0B587B000250595FE
:100E8000109D04950F9D03950E9D0295DDE9127648
:100E90000D9D01950C9D00950446FFF783FFB6F16B
:100EA000FF3F08BFB7F1FF3F05D056EA070305D162
:100EB000204600F055FB204607B0F0BD03493A46F6
:100EC000334604F1180000F009FEF4E7BF7B04008C
:100ED00040F2011310B583810023C0E92633044694
:100EE00001F06EF8014B9C6010BD00BF40980020DF
:100EF0000A4A93686FF00A01C3F8B0100849C3F8B2
:100F0000AC004B6843F080534B60002383F311889F
:100F1000BFF36F8F9368D3F8B000704740980020FC
:100F200000ED00E070B590F90D20437B002A36DB20
:100F3000D90634D11B4C63F07F032246437352F829
:100F40001C3F216A934207D1C0E90021086020625A
:100F500011E09942F8D01B68002BF5D090F90E50A3
:100F600093F90E60B542F4D0AE42F2DD5968C0E9A3
:100F7000003108605860E569954200D005B9E56820
:100F8000A3685A7BD20604D1DA897F2A01D9AA69DB
:100F900032B1AB4202D0284600F0A2FCA56170BD80
:100FA000A361FCE74098002038B590F90D20437B01
:100FB000002A014604DA03F07F03437306F088FD3C
:100FC0000D4D2A46AB6852F81C4F944200D004B92C
:100FD000EC688B4207D05A7BD20604D1DA897F2A8B
:100FE00001D9A2692AB1A34202D0204600F078FCC0
:100FF0002346AB6138BD00BF4098002070B590F922
:101000000D20437B002A014604DA03F07F0343737B
:1010100006F05EFD4B7B1C4C63F07F0322464B7356
:1010200052F81C3F206A934207D1C1E900200160B9
:10103000216211E09842F8D01B68002BF5D091F99D
:101040000E5093F90E60B542F4D0AE42F2DD58680E
:10105000C1E9003001605960E569A368954200D09C
:1010600005B9E5688B4207D05A7BD20604D1DA89EC
:101070007F2A01D9AA692AB1AB4202D0284600F0E2
:101080002FFC2B46A36170BD40980020F8B5394C69
:10109000A2688242074624D1EFF305830BBBEFF32E
:1010A0001186202383F31288BFF36F8F537B03F0E5
:1010B0007F0343F01003537306F00AFD234653F8F1
:1010C0001C5F9D4200D005B9E568A3689D4202D02F
:1010D000284600F005FCA5613046BDE8F840FFF762
:1010E00007BFEFF31185202383F31288BFF36F8FBF
:1010F0007B7BD90604D585F31188BFF36F8FF8BDCC
:10110000D90943F0100219D17A73E6691A4B9E424D
:1011100000D006B9E668A368B34202D0304600F0BA
:10112000DFFBA368A6619F42E5D1EFF30583002BA7
:10113000E1D13A7BD2070AD42846CEE703F07F03F9
:1011400043F010037B73384606F0C2FCDDE785F3FD
:101150001188BFF36F8F83F31188BFF36F8F042360
:10116000184602DFEFF31180202383F31288BFF3C8
:101170006F8FB2E7409800205C980020F8B5124BC2
:101180000C461146114A98681060DDE90676EFF3C7
:101190001182202282F31288BFF36F8F9D68284648
:1011A00006F0A8FCB6F1FF3F08BFB7F1FF3F06D03D
:1011B00007493A46334605F1180000F08FFC2046F7
:1011C000BDE8F840FFF794BE4098002070980020DA
:1011D000BF7B0400F8B50446EFF31187202383F3A7
:1011E0001288BFF36F8F437B03F01F02002A0CBFEE
:1011F0000126002649B239D103F07F03437306F07C
:1012000067FC1B4D437B817363F07F032A46437366
:1012100052F81C3F934227D1286AC4E90020046099
:101220002C620FE08342F8D01B68002BF5D093F9B5
:101230000EC06145F6D08C45F4DD5968C4E9003133
:101240000C605C60EC69944200D004B9EC68AB6857
:101250009C4202D0204600F043FBAC6187F311882A
:10126000BFF36F8F3046F8BD286ADEE78173F5E77C
:101270004098002049B9EFF3058030B9054B9A69D1
:101280009B689A4201D0FFF733BE81F31188BFF308
:101290006F8F70474098002010B5EFF31184202223
:1012A00082F31288BFF36F8F427BD10604D484F39C
:1012B0001188BFF36F8F10BD22F010024273FFF749
:1012C00031FE21460248BDE81040FFF7D3BF00BF02
:1012D00033990020034648B9EFF3058232B9064A34
:1012E00091699268914201D0FFF702BE83F31188A1
:1012F000BFF36F8F704700BF40980020EFF311815C
:10130000202383F31288BFF36F8F054B9A68D37B3A
:10131000013BD37381F31188BFF36F8F704700BF18
:101320004098002070B5EFF31186202383F31288D4
:10133000BFF36F8F144DAB68DA7B0132DA732A4644
:1013400052F81C4F944200D004B9EC685A7BD20684
:1013500004D1DA897F2A01D9A2692AB1A34202D035
:10136000204600F0BDFA2346AB6186F31188BFF337
:101370006F8FEFF31180202383F31288BFF36F8FF9
:10138000BDE87040FFF7A6BF40980020024B03F174
:101390001C02C3E9072270474098002008B5FFF7F8
:1013A00019FF70B1074B9B68DB7B53B9EFF31180DA
:1013B000202383F31288BFF36F8FBDE80840FFF747
:1013C00089BF08BD4098002070B5EFF31186202337
:1013D00083F31288BFF36F8F0E4D2B4653F81C4FCB
:1013E0009C4200D004B9EC68AB685A7BD20604D1A9
:1013F000DA897F2A01D9A2692AB1A34202D0204604
:1014000000F06EFA2346AB6131460348BDE87040F8
:10141000FFF730BF409800203399002070B5EFF3FC
:101420001186202383F31288BFF36F8F1B4CA168B2
:10143000206A0B68814214BF1A46002249680B607B
:101440005960A368216A2AB9154AC3E900210B60D3
:1014500023620CE093F90E0092F90E50A84218D0C6
:10146000854216DD5168C3E900210B605360E569D0
:101470000B4B9D4200D005B9E568A3689D4202D0A0
:10148000284600F02DFAA5613046BDE87040FFF710
:101490002FBD8A42D8D01268D5E700BF40980020FF
:1014A0005C98002051EA00032DE9F04105460E4604
:1014B00004D1FFF7B3FF0020BDE8F081431C71F1B8
:1014C000FF3324DB06F089FD4419EFF31188202354
:1014D00083F31288BFF36F8F0F4F104BB8681860FB
:1014E000FFF762FDB8680E492A463346183000F00F
:1014F000F5FABA68537B43F0040353734046FFF791
:10150000F7FC06F06AFD201A20EAE070D4E76FF0DD
:101510000104241AD9E700BF4098002070980020E9
:10152000BF7B04000C490D4A38B500244FF4004538
:101530008C462146C0FB05C100236046CFF7F8FC6E
:10154000C117FFF7AFFF054A47F6FF73C0FB023430
:10155000DB0B43EA444038BD3F420F0040420F00DE
:1015600038B50446EFF31185202383F31288BFF3C7
:101570006F8F437B5B070FD5183006F00DFD637B43
:1015800023F0040320466373FFF7CCFC294605488B
:10159000BDE83840FFF76EBE85F31188BFF36F8F4B
:1015A00038BD00BF33990020014B9868704700BFD9
:1015B000409800202DE9F8430446077BEFF311859E
:1015C000202383F31288BFF36F8F437B190705D560
:1015D00085F31188BFF36F8FBDE8F883D90943F015
:1015E000080260D14273A36813B1204606F078FA6E
:1015F00004F1180006F0D0FCA66D04F15808B045BF
:1016000011D04FF0000976B1304606F069FA06F1C4
:10161000180006F0C1FCC6F8B0903046FFF782FC17
:10162000A66DB045EFD1DFF8CC80D8F808309C42E9
:1016300041D1EFF30589B9F1000918BF4FF0010955
:10164000D8F81C60294A964200D00EB9D8F80C6030
:10165000B34202D0304600F043F92046C8F8186083
:10166000DDF7DCF9204600F093F9B9F1000F02D064
:101670001F48FFF72DFCD8F808309C4231D1EFF31A
:10168000058373BB227BD20718D42846FFF730FCB2
:10169000FB07A1D5002383F31188BFF36F8F0423C9
:1016A000184602DF98E703F07F0343F00803437313
:1016B00006F00EFA97E74FF00009C1E785F31188AD
:1016C000BFF36F8F83F31188BFF36F8F0423184626
:1016D00002DFEFF31180202383F31288BFF36F8FB3
:1016E000D4E785F31188BFF36F8FD1E75C980020B2
:1016F000E03B002040980020F8B5014615461C4606
:10170000EFF31186202383F31288BFF36F8F437B9F
:101710001B0720D454EA020323D0154FB86888422F
:1017200022D08A6800F158039A421DD0583106F041
:10173000E1F9B4F1FF3F08BFB5F1FF3F06D0B8684B
:101740000C492A462346183000F0C8F93046BDE857
:10175000F840FFF7CDBB002086F31188BFF36F8FF1
:10176000F8BD6FF00F00F7E76FF02C00F4E700BF53
:1017700040980020BF7B0400D3B5DDE90667089CD4
:10178000CDE90067FFF7FAFC1CB1034B9B681B69AE
:10179000236002B0D0BD00BF409800202DE9F04D7D
:1017A0008CB0CDE90912054616460024DDE9142364
:1017B00004A80F460B9406F016FCDDE904ABEFF32A
:1017C0001183202282F31288BFF36F8F089395F85C
:1017D0002C308DF81F409A0749D405F104082A8A55
:1017E0002B899B1A6A699BB29A4205D105F12400A4
:1017F00006F09EFA8DF81F000B994046721A394484
:1018000002F03BFE0B9BC418B4420B940CD134463F
:101810009DF81F3073B3089905F11800FFF72AFDF2
:1018200020460CB0BDE8F08D95F82C30DB0704D4D1
:10183000002C08BF6FF01F04EAE7114B9B6809AA50
:101840001A610DF11F03CDE900AB029308AA2946E6
:1018500005F11C0006F033FA04460028BFD010F151
:101860000B0FD5D10B9B002B18BF1C46D0E76FF098
:101870008B04CDE7089B83F31188BFF36F8FCFE70D
:1018800040980020044BC01A044BC0105843044B2E
:1018900001221A54704700BFD83C0020ABAAAAAA64
:1018A00034990020C3897F2B12D80A4B1B6863B17F
:1018B000094B90F90E201B689A4209DB437BDB063B
:1018C00006D1064BC31A18BF012303F0010070476D
:1018D0000023FAE77898002074980020D838002078
:1018E00070B50E4B0E4C1E7C06EB460304EBC30496
:1018F0000546204606F050FB0A4B002228469A5522
:10190000FFF7D0FF48B1084B08491A68013A204652
:10191000D317BDE8704000F0E1B870BD40980020DA
:10192000D83C0020349900207898002085180400C5
:1019300038B5EFF31185202383F31288BFF36F8F3F
:10194000104B114A9C681068A04206D1FFF7C8FFEF
:1019500085F31188BFF36F8F38BD00211B7C1160A8
:101960000A4AD35C002BF3D02046FFF79BFF0028E8
:10197000EED0637BDB0602D12046FFF73FFB20461B
:10198000E4E700BF409800207098002034990020C0
:10199000EFF31181202383F31288BFF36F8F0A4A7C
:1019A000536A834207D15B6F536281F31188BFF39F
:1019B0006F8F70471346002BF7D05A6F8242F9D1D0
:1019C000426F5A67F1E700BF40980020F8B505461E
:1019D0000E46EFF31187202383F31288BFF36F8F36
:1019E000064B5C6A24B987F31188BFF36F8FF8BD8B
:1019F00020463146A847646FF4E700BF40980020B6
:101A0000F8B506460F46EFF31183202282F31288C1
:101A1000BFF36F8F0B494C6A154624B983F31188C5
:101A2000BFF36F8FF8BD83F31188BFF36F8F394613
:101A30002046B047EFF3118385F31288BFF36F8F11
:101A4000646FEAE7409800200748084A084908B54B
:101A5000121A05F01EFC0748074A0849BDE808406D
:101A6000121A05F016BC00BF00000020F808002084
:101A7000E01405000000002000000020E014050034
:101A8000024B1868984208BF0020704708060020E3
:101A9000034B1B680BB9FCF7D5BA0020704700BF99
:101AA0007C98002030B570B10B4B5B6898420AD02F
:101AB000036843B1D3E90421D0E90445121941EB8D
:101AC0000501C3E90421D0E9003213605A60002304
:101AD000C0E9003330BD00BF08060020B3F1FF3F6E
:101AE00008BFB2F1FF3FF8B504461D4617465AD06D
:101AF0008160EFF31186202383F31288BFF36F8F89
:101B0000013275F1FF3316DBFFF7C2FF7B1C45F195
:101B100000051B1845EBE070C4E90430FFF7B0FF87
:101B2000264F84467868BCF1000F18D1C4E90070D4
:101B300004607C6027E02249D1E900206FF00103B6
:101B40009B1A4FF0FF3262EB0000DB1B60EB0500DD
:101B5000012B70F10002BCBF01230020DCE7DCE9AF
:101B60000425D4E90431934271EB050E1CDAD21A34
:101B7000DCF8043065EB0105CCE90425C4E900C3B9
:101B80001C60CCF80440FFF77BFF844207D10D4B6B
:101B90001C6824B906F0E7F92146FCF725FA86F31C
:101BA0001188BFF36F8FF8BD9B1A61EB0501844567
:101BB000C4E90431BAD0DCF800C0B4E7080600205C
:101BC000F03C00207C9800202DE9F047EFF31185D0
:101BD000202383F31288BFF36F8F254F254E386083
:101BE000FFF74EFF4FF000084FF000093B68D6E9C1
:101BF000001E4FEAE37C50B1D0E90442A3427CEBE3
:101C0000020A18DAE41A62EB0C02C0E904425B181B
:101C10004EEB0C020024C6E900323C6006F0A3F94A
:101C20002146FCF7E1F985F31188BFF36F8FBDE81A
:101C3000F047FFF77DBE61184EEBE473C0E90489FD
:101C4000C6E90013FFF72EFF85F31188BFF36F8FEE
:101C500083689847EFF31185202383F31288BFF33D
:101C60006F8F3B681B1B3B60FFF70AFFBEE700BF9F
:101C70007C980020F03C002010B5EFF31184202365
:101C800083F31288BFF36F8FFFF702FF054A034605
:101C9000D2E90001181841EBE37184F31188BFF316
:101CA0006F8F10BDF03C0020F8B50446EFF31187AC
:101CB000202383F31288BFF36F8F026822B187F36A
:101CC0001188BFF36F8FF8BDD0E90A36581C46F172
:101CD0000001022871F1000127D3012B76F10001E8
:101CE000BCBF012316465D1E46F1FF3606F079F9AA
:101CF000013041F10001401946EB0101012871F169
:101D000000013ADB06F06DF9013041F100016FF09E
:101D10000102401946EB0103121A4FF0FF3161EB4B
:101D2000030318492046FFF7D9FE236B01332363D1
:101D3000236A6BB187F31188BFF36F8F236A204644
:101D40009847EFF31187202383F31288BFF36F8F37
:101D500054F8185FA542B2D0002DB0D0284605F047
:101D600000FF0023C5F8B03087F31188BFF36F8FF1
:101D70002846BDE8F84005F0E5BE6FF001024FF0DF
:101D8000FF33CEE7A91C04002DE9F04105461C46AF
:101D900090461F46EFF31186202383F31288BFF38A
:101DA0006F8FB4F1FF3F08BFB2F1FF3F05D186F35B
:101DB0001188BFF36F8FBDE8F081531C74F1FF33BE
:101DC00009DB012A74F10003BCBF0122002412F1D7
:101DD000FF3844F1FF37284606F0DEF8DDE9062338
:101DE000C5E90A2300232B63034942463B462846A4
:101DF000FFF774FEDBE700BFA91C040037B50446FB
:101E0000EFF31181202585F31288BFF36F8F006BEC
:101E100098B923688BB14FF0FF334FF0FF32CDE913
:101E200000230A4804F11802FFF7A8F9EFF3118123
:101E300085F31288BFF36F8F206B0023236381F338
:101E40001188BFF36F8F03B030BD00BF35990020FC
:101E5000F0B51423154E03FB01000024202701B91F
:101E6000F0BD10F8073C40F80C4C03F03F03102B7A
:101E7000A0F1140C0CD826FA03F3DB0708D550F8B0
:101E8000143C2BB150F8105C2B605D6040E90544B8
:101E900082F31188BFF36F8FEFF3118287F31288FB
:101EA000BFF36F8F01396046D9E700BF160101000B
:101EB0002DE9F74F1D46274B9F68012387F86030B7
:101EC00087F8613052EA050316460CBF0123002350
:101ED00007F16002804606F02DF98146EFF3118B81
:101EE0004FF0200A8AF31288BFF36F8F97F8604093
:101EF0004CB901465A464046FFF7AAFF8BF31188BA
:101F0000BFF36F8F0BE0002387F8603056EA0503BC
:101F100009D18BF31188BFF36F8F6FF00A0420464D
:101F200003B0BDE8F08FCDE900650B4A0B48594678
:101F3000FFF724F90446EFF311858AF31288BFF303
:101F40006F8F2A4649464046FFF782FF85F3118886
:101F5000D6E700BF409800201006002036990020E8
:101F600038B50346EFF31185202282F31288BFF3C0
:101F70006F8FC160012181600068834206D185F3C3
:101F80001188BFF36F8F0024204638BDD0E900329E
:101F900013605A600023C0E9003306F04DF929466A
:101FA00004460248FFF766F9EEE700BF36990020C5
:101FB0000A460146014806F0BDB900BFF006002000
:101FC000014BC0F8A4307047F006002038B5044635
:101FD0000D4605F04EFD28B9064B9B68D3F8A4309A
:101FE0000BB938BD044B2A4621461846BDE8384097
:101FF00006F0A0B940980020F006002070B506F069
:10200000FDFC094C094A2358094905195A436E68D1
:1020100001FB0622A3FB0131013342EB01022350F5
:102020006A6022F0004070BD080000002DF4515895
:102030002D7F954C00B5014606F0E0FC034BC2181D
:102040001950002353605DF804FB00BF0800000036
:102050000FB407B5064B04AA186852F8041B019286
:1020600000F0B8FB03B05DF804EB04B0704700BFAC
:10207000A4A40400014B196806F0ABBCA4A404009E
:10208000F8B50E4B1D68AB789B07064612D56F68F6
:1020900016F8014B29462CB90A20B847002805DB61
:1020A000204609E02046B8470028F1DAAB7843F033
:1020B0000403AB704FF0FF30F8BD00BFA4A40400D0
:1020C0000CB430B589B005460C461C22002101A88D
:1020D00006F07BF902238DF806300E4B029305952E
:1020E00023462CB1B4F1004F28BF4FF00043013B11
:1020F0001D440DAA0C99069501A8009200F06AFBF8
:1021000014B1059B00221A7009B0BDE8304002B03E
:10211000704700BFC38904000EB470B589B00DAD1F
:1021200004461C22002101A855F8046B06F04DF965
:1021300002238DF806300B4B029304F10043013B60
:102140002A46314601A806930594009500F042FB0B
:102150000028A4BF0023235409B0BDE8704003B099
:10216000704700BFC38904002DE9F84F0022804664
:10217000894618F80230202B02F1010100F0A181FC
:10218000A3F10900042840F29C812B2B0D4633D08B
:102190002D2B36D01846042440F02003692B32D072
:1021A0006E2B62D000224FF00A0A964694461346E0
:1021B000114614F400666DD040F02007A7F1610BC2
:1021C000BBF1050F66D8573FFFB2BA4540F3F48024
:1021D00044F08006E005B6B26AD5F40506F4007056
:1021E0007BD5002F18BF4CF0010C00B9013218F854
:1021F000050034460135DCE7042418F80100951C7D
:10220000CAE74424F9E7B04BB04F002613F8011B8E
:1022100051B118F8052042F020028A4205F1010070
:1022200027D0AB4A934231D132463B4630463946FD
:10223000CEF7B4FB50B918F80530282B06D101357C
:1022400018F80530292B05F1010514D1630602D5D4
:1022500007F100431F46B9F1000F02D04544C9F809
:10226000005047EC106BBDE8F88F9A4B9A4F002650
:10227000CCE70546CAE723F02002413A192ADFD904
:10228000A3F13002092ADBD95F2BD9D00026002721
:102290000025E0E7A0F13007FFB257452DDA44F002
:1022A000800614F48070B6B297D1BAF10A0F06D046
:1022B000BEF10F0F91DD44F4C076B6B28DE7BEF1EA
:1022C000100F8ADD44F4C076042FB6B285D9052FED
:1022D00008BF07464FF0020C7FE700B1013AAAFBA6
:1022E0000334FB180AFB014444F1000153EA0100E6
:1022F0003FF47DAF0EF1010E79E7FE2F5CD1A7050B
:1023000056D52006C2D5002E40F0988053EA010031
:1023100005F1FF3500F0D280200540F1B380363260
:10232000B1F5800FC0F093806C4FB1F5000F80F0D5
:102330009280BA42C0F28F804CEA030303F0030696
:10234000032E084604D003F00606062E40F08C80CB
:10235000043341F10000B0F5000FC0F08580013278
:10236000B2F5806F80F2A78000234FF4801102F253
:10237000FF3221F480111E4641EA025747EC106BF0
:1023800001F09CFA0138022804D806F037FB544BC0
:1023900022221A5047EC106B01F090FA0138022803
:1023A0003FF654AF06F02AFB4D4B22221A504DE760
:1023B00044F40076B6B21AE740F02000782804F022
:1023C000800709D147B153EA010A05D144F40066F8
:1023D000B6B24FF0100A0AE7002F3FF457AF7EB3B2
:1023E00092007026864291D118F805002B2805F13D
:1023F000010604D02D2825D144F48064A4B218F835
:102400000600A0F13006092E80D8AE1C354640F2F9
:10241000D34A00264FF00A0B5645DCBF30380BFB81
:10242000060618F80500A0F13007092F05F101058F
:10243000F2D9670548BF7642324467E72E20CFE7DE
:102440006526CFE7A0F13007092FDFD95EE7DB185B
:102450004941013A64E75E0846EAC17603F00103A8
:1024600033434908013260E7B2F5806F23DA9B08F5
:10247000B0F5800F43EA80734FEA9001BFF477AF65
:10248000002278E70EEB020010F5A27F10DDB0F518
:102490009B7F10DA03F0010040EA0C000130800855
:1024A000181841F10001D4F7C3FE57EC106B71E727
:1024B000002600276EE7054F00266BE70026002761
:1024C000C4E60A4655E600BFCD1405000000F07FC3
:1024D000D0140500CA1405000000F87F02FCFFFFBD
:1024E00014000000242A2DE9F041044601D8012AF5
:1024F0004CD106F083FA354B16221A5001B10C600C
:1025000000273846BDE8F08135462E4616F8010B07
:102510002028F9D0A0F10907042F0346F4D92B286D
:1025200036D02D2837D14FF0010C6B78AE1C302BF4
:1025300038D1307840F0200078282FD132F01000C8
:102540002CD173783446102202360CF10040013849
:102550000027B0FBF2FE02FB1E08392B82BF03F1FD
:10256000FF3343F02003263B303B9A421ED9774588
:1025700002DC03D1984501D24CF0020C354607FB32
:10258000023715F8013B34462E46E6E70546BCE720
:102590004FF0000CC9E74FF0000CC8E7002A08BF55
:1025A0000822D2E7002A08BF0A22CEE701B10C6058
:1025B0001CF0010F18BF7F421CF0020FA1D007468C
:1025C00006F01CFA014B22221A509AE71400000070
:1025D000242AF0B5044601D8012A40D106F00EFAAB
:1025E0002D4B16221A5001B10C600020F0BD2F4671
:1025F0003D4615F8010B2028F9D0A0F10906042E5C
:102600000346F4D92B282CD02D282CD101267B78F9
:10261000BD1C302B2DD1287840F02000782824D103
:1026200032F0100021D16B782C46102202350020A8
:10263000392B82BF03F1FF3343F02003263B303BAD
:102640009A421AD9A0FB02040CB9C01801D346F073
:1026500002062F462C4617F8013B3D46E8E70746A1
:10266000C6E70026D3E70026D3E7002A08BF0822E2
:10267000DDE7002A08BF0A22D9E701B10C60F207A2
:1026800048BF4042B307B1D506F0B8F9024B222249
:102690001A504FF0FF30A9E7140000002DE9F04177
:1026A00001260746B24201DCBDE8F0813B461F46E9
:1026B00013F8014B002CF7D0252CF8D11C78252CD1
:1026C00007F10207F2D00023DFF804819C461D4683
:1026D0001F2D18D8A4F1200EBEF1100F09D9A4F1B6
:1026E000300EBEF1090F1ED80A2404FB03E3202597
:1026F00004E028FA0EFE1EF0010F06D017F8014B79
:10270000002CE5D128E07F2D1CD8A4F1300EBEF1BD
:10271000090FE9D9242C10D1BCF1000F46D0B342E7
:1027200046D00023EAE724F0040EBEF12A0FF8D0C9
:102730006C2C09D145F08005E0E724F0040EBEF1D1
:102740002A0FEED06C2C22D06C2C1BD8682C23D0F6
:102750006A2C28D04C2C26D0BCF1000FA4D0B44554
:10276000A0D144F02007A7F1650CBCF1020F0B6863
:1027700001D9612F1ED1073323F0070308330B6003
:1027800001368EE7742CB9D07A2CB7D0E4E72C064A
:1027900048BF45F40075CDE7EC0548BF45F400752A
:1027A00045F48075AAE745F42075A7E79C46B8E78D
:1027B0006324D6E7692C02D007D8632C03D02F06F8
:1027C00001D5AC05D7D40433D9E7732CF6E700BFA5
:1027D000892801002DE9F04F93B043680193837875
:1027E00080469807CDE9061217D50B920B460025B7
:1027F0001F78A7B1252F16D001330593019B4146C1
:1028000038469847002805F1010580F2358498F88C
:10281000023043F0040388F802304FF0FF352846B9
:1028200013B0BDE8F08F5F789A1C252F0592E5D094
:1028300000242646A246A346BBF11F0F32D8A7F1BB
:102840002003102B0AD8DFE803F02409092A09091C
:10285000091B09090922092709091900A7F13003F1
:10286000092B2DD92A2F39D154B90B9B1BF0400FBE
:1028700053F8042B0B9329D0164601E04BF0010BC3
:10288000059B13F8017B0593002FD5D15BE04BF03E
:10289000020B4BF0040BF3E74BF0080BF0E74BF0A7
:1028A000100BEDE7BBF17F0F3FD8A7F13003092BE9
:1028B000D8D81BF0400F03D00A2202FB0636DFE710
:1028C0000A2202FB0A3A4BF0200BD9E7B2F1000AC8
:1028D000F9DACAF1000A4BF0280BD1E72E2F05D107
:1028E0001BF0400F9BD14BF0400BC9E7242F1CD1AC
:1028F000002C00F04181079B0B931BF0400F0AD185
:10290000524606980BA9FFF7C9FE0B9B1A1DD3F878
:1029100000A00B92B4E7324606980BA9FFF7BEFE63
:102920000B9B1A1D1E680B92AAE76C2F00F01181F9
:1029300000F20881682F00F014816A2F00F01981DD
:102940004C2F00F0168134B1079B06980B9322465A
:102950000BA9FFF7A3FE002E47F02009B8BF2BF00C
:10296000400BA9F16503BCBF1FFA8BFB0026022BAD
:1029700040F20781B9F1610F40F06482FF4307F034
:10298000200304930B9B073323F007031BF0400F36
:1029900003F1080208BF4FF0FF3693ED000B0B92D6
:1029A0003146049A0CA805F075FF0130C3B2B3425A
:1029B0004BF4C054029301DB029B5E1E01230C9F6B
:1029C0000393A3464FF0700907F10903122B0DD9A9
:1029D00007F16303C62B40F20D8107F2E73340F2A3
:1029E000CE72934294BF0323042303939DF83420B3
:1029F00002F00C0312F0010240F017811BF0020FED
:102A000040F010811BF0040400F0F680002B40F031
:102A10000F8120231BF4405F1FD1029A4832002E01
:102A20006A4408BF0126133A029921B112F8011D28
:102A3000302900F034811BF0100F029A18BF324683
:102A4000391DC0F23181B74280F22E81BA424BF477
:102A5000005B40F32B817E1C961B1BF400520892F6
:102A600000F0268127EAE774013403B10134002E17
:102A700000F02681721C1444A245CCBFAAEB0404CA
:102A800000241BF0090F04D12C44A54240F01D8105
:102A9000002443B118464146019B9847002805F1A0
:102AA0000105FFF6B4AE1BF4006F13D0019B414645
:102AB000302098470028FFF6AAAE049BC3F17800A7
:102AC0004146019B00F0F8009847002805F10205F7
:102AD000FFF69DAE1BF0080F05D12C44AC4240F030
:102AE000008125460024089B002B00F01A8127EA6C
:102AF000E77AA7EB0A077642029BBB4284BF0CAB86
:102B0000FB180AF1FF3A88BF5879019B98BF302023
:102B1000564505F10109414600F3ED80984700282C
:102B200007F10107FFF673AEBAF1FF3F08D1019B31
:102B300041462E2098470028FFF669AE05F10209AC
:102B40004D46D9E7742F3FF49BAE7A2F3FF498AEF1
:102B5000F9E61BF0800F18BF4BF4007B4BF0800BA5
:102B60008EE61BF4807F18BF4BF4007B4BF4807B18
:102B700086E64BF4207B83E62646B3465446B246AF
:102B80007EE6FF4307F0200304930B9B073323F0FB
:102B900007031BF0400F03F1080208BF0626B9F136
:102BA000650F93ED000B0B9211D1711C0022C9B27D
:102BB0004BF4805B1346112928BF11210CA800F0AB
:102BC000FBFAC3B2029302230C9F0393FCE6B9F114
:102BD000660F05D14BF4005B334601221121EAE771
:102BE000F1B201294FF0000238BF012113464FF026
:102BF0006509E0E70223F8E6002B3FF40BAFBAF1DA
:102C0000030F3BDC9DF83430A54E13F0080FA54BA5
:102C100008BF1E463746B94617F8010BB0BBAE1BBE
:102C2000B1447BE033BB2B23F4E62BBB2D23F1E631
:102C30002022BAF1040F13DD1BF0080FAAF10404DF
:102C40000FD12C44019B0292414620209847002836
:102C500005F10105FFF6DBADA542029AF2D19AB16A
:102C60000024019B414610469847002805F10105C4
:102C7000C8DACCE52B22DCE72D22DAE71BF0080FBF
:102C8000AAF10304BED1DCE71446BBE7049BC01ADB
:102C90004146019BC0B298470028BCDAB7E50299CB
:102CA0000139C9B20291BFE6561ED6E60026D4E627
:102CB0001BF4006F039A0CBF032405241444D4E6CC
:102CC0001BF0100F18BF0134D6E609934146019B53
:102CD000202098470028099B05F10105BFF6D5AED5
:102CE00095E5019B414630209847002805F10105F4
:102CF000BFF6F4AE8BE598470028FFF688AD1BF0D1
:102D0000100F0BD0BAF1FF3F08D105F1020941467F
:102D10002E20019B98470028FFF679AD4D464C4484
:102D200032E29DF83500019B414698470028FFF6A6
:102D30006EAD002E69DD019B41462E20984700288C
:102D4000FFF665AD4FF0010A029B9A45BBBF0CAB85
:102D5000534430205879019B414698470028D34678
:102D6000FFF655AD0AF1010A5645EDDA02355D442C
:102D7000049BA9EB03004146019BC0B29847002881
:102D8000FFF645AD002FB4BF2D202B20019B4146FF
:102D9000B8BF7F4298470028FFF639AD039B042B4C
:102DA00041D14FF47A79B7FBF9F606F13000019B77
:102DB0004146C0B29847002805F10305FFF627AD4C
:102DC00009FB16774FF06409B7FBF9F606F13000FE
:102DD000019B4146C0B29847002805F10105FFF666
:102DE00016AD09FB16774FF00A09B7FBF9F606F1A5
:102DF0003000019B4146C0B29847002805F101050B
:102E0000FFF605AD09FB167715E01BF0100F01D199
:102E10000135ADE7019B41462E209847002805F17A
:102E20000205A5DAF3E4039B032B05F10205C9D0E3
:102E3000039B012BD7D107F1300005F10109414671
:102E4000C0B266E7A7F16303122B00F2FE80DFE851
:102E500013F013005600FC00FC00FC00FC005600C0
:102E6000FC00FC00FC00FC00FC001601F700FC006C
:102E7000FC002B00FC00B8000B9B1A1D1B680B927A
:102E80008DF8303001240CAF1BF0080F2DD03E1907
:102E9000B946B1452BD1EF1BB944AAEB04043DE779
:102EA000D5140500B8CF04000B9B1A1D0B921F68A8
:102EB000AB4B002F08BF1F461BF0400F14BF31461D
:102EC0004FF0FF31384605F05DFB0446DCE7019B1F
:102ED0004146202098470028FFF699AC013EB442B5
:102EE000F5D35544AD1BB246D1E75646F7E719F87E
:102EF000010B019B414698470028CADA87E41BF082
:102F0000800F0B9B35D01BF4007F2DD0073323F0AF
:102F10000703D3E9000103F108020B922BF010091B
:102F200000291FFA89F936DA404261EB410149F480
:102F300080690DF1300B0A235A4605F05BFB19F04E
:102F4000400FA0EB0B0B65D029F001025E4592B259
:102F500040F3B280002F00F0A98019F0100334462E
:102F6000914626D002345CE01A1D18680B92C117F6
:102F7000D4E71A1D1BF4807F19680B9201D1084613
:102F8000F5E71BF4007F15BF48B208B241F3C0114A
:102F900041F3C031C2E750EA0103CAD11BF0400F30
:102FA000C7D0002EC5D12BF0110B1FFA8BF9344678
:102FB000B34640F2064319EA03031CBF0134002361
:102FC0002FE02BF0100B1FFA8BFB0A231BF0800461
:102FD0000B9A57D01BF400711DBF073222F0070275
:102FE00002F10801101D19BF0B91D2E900010B90ED
:102FF000106850EA010252D12BF016091BF0400F65
:103000001FFA89F94FD0002E4DD12BF0170B1FFA64
:103010008BF9B34619F0100352D0002F4ED10BF1AB
:10302000010419F0080F5ED119F0010F06D0A24576
:103030006EDDAAEB040404EB0B06544622464DE079
:103040004BF0100B10237827C0E7B9F1780F04D1AB
:10305000C7F1780343F01003B8E7019B41462520F0
:1030600098470028FFF6D3AB019B41463846984766
:103070000028FFF6CCAB0235059BFFF7B9BB082350
:103080000027A3E7111D0B911BF480711068B0D0CD
:103090001BF400711ABFC0B2214680B2A9E72BF021
:1030A000060B1FFA8BF90DF1300B45E729F01109DA
:1030B0001FFA89F934467CE79146ABE75C4651E755
:1030C0005C4676E7CDE902234146019B20209847E4
:1030D0000028FFF69CAB029A039B01329245F1DC7B
:1030E0002C1BA5181446F3B1019B4146302098478C
:1030F0000028FFF68CAB6FB90135A9462E44A6EB2C
:1031000009035B4521DC5D460CAE5DBBD944C4E6DA
:103110005E4693E7023541463846019B98470028B2
:10312000EBDAFFF774BB40F2064319EA030FE4D071
:1031300019F0020F14BF2B20202019F4806F05F125
:103140000105414618BF2D20E7E7019B414630208D
:103150009847002809F10109D1DAFFF758BB00BFF1
:10316000D9140500013D019B705D41469847002838
:10317000CBDAFFF74CBB019B414620209847002843
:1031800005F10105FFF643AB631B002BF3DC73E78E
:103190001FB502AB0093074A4FF0CC3305F040FB5C
:1031A000DDE90201C00840EA4170C90805B05DF8D8
:1031B00004FB00BFCDCCCCCC2DE9F04F55EC104B2F
:1031C0009DB0CDE90C322A460B91C5F31303290DAE
:1031D000D20FC5F30A5507908DED050A0A9275B90D
:1031E00022461A431BD1302343710A9B056043F0EA
:1031F00002030371012738461DB0BDE8F08F40F28D
:10320000FF7295424DD1059A13430A9B079A14BF4A
:1032100043F0080343F0040313710027EBE7059A1A
:10322000B24D02F001020992059A4FEA830848EA7A
:103230009278970001229A461646C5F1000B58462F
:10324000089200F017FAB5F1FF3FACBF8146A0F13C
:103250000109ABEB090B09EB05035846069300F097
:103260001DFA18A9A0F17D05584600F037FA14ABF5
:10327000089A0193A9EB050512AB029200930598F9
:103280002B4618AA514605F00EFAB9F1010F044673
:103290000D4600F2D880099B002B40F0CB8001271F
:1032A0006FE0059A02F001020992059A43F4801A30
:1032B0004FEA8A081343A5F2354548EA92784FEA67
:1032C00082074BD140F2FE7319420CBF0126002643
:1032D000002D3246B1DB284600F0C6F90346032D27
:1032E000C8BF013B1846069300F0D8F9069B7C3016
:1032F0005D1B054418A9184600F064FA14AB01934D
:1033000012AB0093059802962B4618AA514605F079
:10331000CAF9069B152B04460D4600F2888016ABB1
:10332000734A009338464FF0CC33414605F078FAA3
:10333000169B179A9B0843EA827303EB8303BB42F5
:10334000DDE9129A0CD13846414600F0AFF9069BF0
:1033500083428CBF00270127002612E00126B7E731
:10336000099B002B53D1013F48F1FF31B81B61F19C
:10337000000100F09BF9069B099F83428CBF002649
:1033800001260D9B002B40F09380DDF82CB04FF010
:103390000008CDF82080CDF814804FF00A0ADDE94E
:1033A0001201FFF7F5FE149B1093CDE90E011846AC
:1033B0001599FFF7EDFE0E9B0F9A119198420B465F
:1033C0009341814680F08E8020462946FFF7E0FE3B
:1033D000109A0AFB09F3934214BF002606F0010677
:1033E0000E9B12930F9BCDE91339119B1593089BEC
:1033F000B8F1000F14BF002707F0010701330AFBE3
:1034000010485FFA88F8089304460D46C7E7B81CD1
:1034100048F1000100F04AF9069B83428CBF00206E
:103420000120B9EB00006AF10002CDE91202002789
:103430003E46A6E7129B139A013B42F1FF32CDE9CB
:103440001232012788E7B9F13E0FF0D84FF0FF3371
:10345000A9F1200003FA09F203FA00F0C9F12001F2
:1034600023FA01F102430A4303FA09F327EA0307A7
:1034700028EA020857EA08070CBF012700276BE774
:1034800000FB02FCA1FB0012013362448C4275EB8D
:10349000020CF5D2069A13440C9A1344D20F9342AD
:1034A000B8BF13460B9A9A42A8BF1A4693466EE7D6
:1034B0000A21002201230846E8E70AFB03F0A2FBE9
:1034C0000A2301310344944275EB0300F5D25945B8
:1034D00010DDBBF1000F02D154EA05030AD001232D
:1034E000059371E70A2200230121ECE7CCFBFFFFE3
:1034F000CDCCCCCC7EB34FF00A0A149B15990F9318
:103500001846FFF745FE0F9B0E910AFB00F29A4208
:10351000814620D1DDE91201FFF73AFE10900F91AC
:1035200020462946FFF734FE0F9B109A1292CDE9F0
:1035300013390E9B1593089BB8F1000F14BF002799
:1035400007F0010701330AFB10485FFA88F8089377
:1035500004460D46D1E7069B089A13449946002F6E
:103560005AD0B8F1050F57D114F001034AD1059A8A
:1035700032B9DDE914239D4208BF94425FD0059B18
:1035800018194FF00A0445F10001002201262546D2
:10359000A04271EB020755D2F3B1B3451CDA0D9B83
:1035A00073B10C9A06EB09031A441346012A0B9ACD
:1035B000B8BF01239A42A8BF1A46964293460BDD34
:1035C00005304FF00A024FF0000341F10001CDF742
:1035D000AFFC09F10109013E5E45A8BF5E4637B266
:1035E0000FFA89F9079B09FA86F607F10508013EEB
:1035F00098444FF00009B9452BDB079B0A9A1E60DF
:103600001A71F8E5059B2BB9DDE914239D4208BF2B
:10361000944209D00123B3E7059B53B9DDE9142394
:103620009D4208BF944204D1099B002BF2D1002E89
:10363000F0D0B8F1040F94BF00230123A0E74FF0AE
:103640000408F1E705FB02F7A4FB054201363A4402
:103650009EE70A220023CDF76BFC303208F8012DDB
:1036600009F10109C7E700BF014B5843800C7047BF
:1036700041340100014B5843000D7047FB2E0B00F5
:10368000014B5843C00C70474F931200024B5843F4
:10369000C00C0130704700BF4F931200024B5843DB
:1036A000C00C0130704700BF4F9312000A4A70B53A
:1036B00003464FF0CC3600204FF0333506FB03F4C1
:1036C00002FB0144A3FB023121449D4275EB01043E
:1036D00001D30130F2E770BDCDCCCCCC2DE9F04F59
:1036E0001A23354EB0FBF3FA03FB1A0389B00446E4
:1036F0000D4606EB0A1653B9D6E90023C1E90023AB
:10370000D6E90201C5E9020109B0BDE8F08F2B4AF4
:1037100002EBC303D3E9008904AB0093D6E902238B
:103720004046494605F07CF806AB0093D6E90023F5
:1037300083460F464046494605F072F8DDE90662C9
:1037400016EB0B0652EB07084FF0000328BF0123CE
:10375000814633B1049B059A013342F10002CDE961
:10376000043220460391FFF799FF07461A2000FB19
:103770000AF0FFF793FF3F1A32464346039900973A
:10378000484605F068F84FEA141C0D4A640004F03E
:103790001E0352F82C40DC4004F00304241841F1CD
:1037A0000001C5E90041DDE90423009730464146A8
:1037B00005F051F8A6E700BFC89D0400F89C04007E
:1037C00018C704002DE9F04F1A27DFF8ECA000F12C
:1037D0001905B5FBF7F56F433A1A4FEA051B89B097
:1037E00004460E460AEB05150AD1D5E90023C1E9C6
:1037F0000023D5E90201C6E9020109B0BDE8F08F56
:103800002B4B03EBC203D3E9008904AB0093D5E94A
:1038100002234046494605F003F85AF80B206B682E
:10382000013ACDE9020106A963F100030091404687
:10383000494604F0F5FFDDE906528A4602996D1803
:10384000039952EB01084FF0000328BF0123814682
:1038500033B1049B059A013342F10002CDE90432F1
:103860003846FFF71BFF07462046FFF717FF3F1AB2
:103870002A46434600974846514604F0ECFF4FEA7B
:10388000141C0C4A640004F01E0352F82C40DC4067
:1038900004F003040134241841F10001C6E9004199
:1038A000DDE9042300972846414604F0D4FFA2E74F
:1038B000F89C04006CC70400989E040051EC100BA7
:1038C0000B4631F0004107D190B10D4A1A40002A51
:1038D00014BF042003207047094A13420AD0094B41
:1038E000994209D9914209D1B0FA80F04009704754
:1038F0000220704703207047042070470020704763
:103900000000F07FFFFFEF7F70B555EC104BC5F363
:103910000A5206462B46C2B925F00041214336D053
:10392000264B002220462946CCF7D0FDC1F30A528F
:103930000D460B4622498E420446A2F1360210DAA9
:10394000E80FBDE87040D5F7AFB840F2FF718A428A
:1039500007D1224620462946CCF702FC04460D46F4
:1039600015E04CF250318E4204DDBDE87040D80FB6
:10397000D5F7AAB8324440F2FE718A42F5DC002A3B
:1039800008DD23F0FF4323F4E00343EA025545EC4E
:10399000104B70BD12F1350F01DAD80FD1E723F0CB
:1039A000FF43363223F4E00343EA02552046054B39
:1039B00029460022CCF78AFDD0E700BF0000504323
:1039C000B03CFFFF0000903C51EC100BC1F30A52D9
:1039D00070B5A2F2FF34132C0B4605461FDC002CF9
:1039E0000DDA00293DDA21F0004303434FF00002D5
:1039F0001D4B08BF4FF000431946104617E01B4A05
:103A0000224101EA0206064311D00029BEBF4FF44D
:103A1000801121415B1823EA02030022ECE7332CDA
:103A200008DDB4F5806F02D10246CCF799FB41EC7A
:103A3000100B70BDA2F213464FF0FF32F24002426B
:103A4000F5D000290ADA142C01D1013306E0C4F1C3
:103A500034040121A14049190D46F6D225EA02029B
:103A6000CAE700221346C7E70000F0BFFFFF0F00C0
:103A7000704708B50020D5F75DF8002008BDFEE7C7
:103A800000EBC100408840087047F8B50346FFF7D7
:103A9000F7FFB0FA80F0C0F11F0003EB800CCA0002
:103AA000DCF81060171D0C4606328DB256B90121A4
:103AB00001FA00F0D9680143D960CCF81040DD5319
:103AC0009D52F8BDF1000431585AD85303EBC000A1
:103AD0009E52C5805D52F4E710B500EBC104E38847
:103AE000994202F104010AD1012303FA02F2C368E8
:103AF00023EA0203C360002340F8213010BDA288EE
:103B000040F8213000EBC20100EBC300CB80828083
:103B1000F4E708B50346FFF7B3FFB0FA80F2C2F14D
:103B20001F021846BDE80840FFF7D6BF2DE9F8434D
:103B3000B1FA81F5C5F11F0900EB89080346D8F8F1
:103B400010200E46C2B10327D8F81040184621466F
:103B5000FFF796FFB04206D34A461846FFF7BCFF70
:103B60002046BDE8F88303EBC404013FE088C8F8B1
:103B7000100001D08242E7D1C5F120024FF0FF349E
:103B80009440DA681440EBD094FAA4F2B2FA82F2CC
:103B9000111D53F821402146DFE738B50346FFF7F2
:103BA0006FFF0D46044611461846FFF769FF03EB09
:103BB000C5050444600068801846FFF761FF0144B2
:103BC00023F8314038BD38B50346FFF759FF0C469E
:103BD000A51A511A03EBC40405444800608003EBA6
:103BE000C2006C00448023F8321018461146FFF7DB
:103BF00047FF014423F8315038BD38B50546FFF77B
:103C00003FFF0C46014405EBC1035B88DA070AD489
:103C10002846FFF77EFF21462846FFF731FF22188E
:103C20002846FFF7BAFF35F83410611A05EBC103D7
:103C30005B88DB070CD42846FFF76BFF35F83410A0
:103C40002246611A2846FFF7A8FF35F83430E41AF7
:103C500021462846BDE83840FFF717BF61B100682C
:103C60000439091A21F007030344C9085A8822F0CD
:103C700001025A80FFF7C1BF704770B5056809B9E6
:103C8000002070BDAB68B3EBD10FF9D90B31CC0874
:103C900021462846FFF74AFF06460028F0D0014695
:103CA0002846FFF7EDFEA04207D932192846FFF754
:103CB0008AFF11462846FFF7E8FE05EBC6021046CC
:103CC000538843F0010353800430DAE72DE9F843C9
:103CD00001F1FF3919EA010906680F4614460CD0B4
:103CE0004B420B40042B1A464F4628BF04229946EC
:103CF00064B900252846BDE8F883042904D8BDE846
:103D0000F8431146FFF7B9BF0422F1E7B368B3EBFC
:103D1000D40FEED904F10B013944891AC908304691
:103D2000FFF704FF80460028E3D009F1040505EB06
:103D3000C0057B1E35441D44B5FBF7F57D43A5EB5F
:103D400009052C442B1F07349B1B24F00704A41BDC
:103D5000B0EBD30F4FEAD3074FEAE40408D2014691
:103D60003A463046FFF72FFF41463046FFF78DFEBB
:103D700039463046FFF784FE3844844207D2304645
:103D80002246FFF720FF21463046FFF77EFE06EB76
:103D9000C706738843F001037380ABE72DE9F74F43
:103DA00091460468009098460E4631B9424649460D
:103DB00003B0BDE8F04FFFF789BFB8F1000F06D19F
:103DC000FFF74CFF0027384603B0BDE8F08FA3682B
:103DD000B3EBD80FF6D90D1F2D1BED08EF003A1DE0
:103DE00022442946B21A2046FFF74AFE0192019961
:103DF00008F10B020A4403464FEAD20AB9F1000F58
:103E000003D009F1FF310E4240D19A450FD010D2B4
:103E1000274405EB0A0229462046FFF7D4FE7B889B
:103E200043F001037B8011462046FFF7E6FE37464C
:103E3000C9E705EB030B04EBCB014988CA0725D47E
:103E400059462046FFF71CFE184450451ED3204615
:103E5000AAEB0308FFF75DFE59462046FFF710FE68
:103E6000404508D905EB0A022046FFF7ACFE114693
:103E70002046FFF70AFE27445A4629462046FFF708
:103E80008CFE7B8843F001037B80D0E7009842469C
:103E90004946FFF71BFF0746002893D029462046D6
:103EA000FFF7EEFD019BC3EBC002043A42453146E9
:103EB00028BF4246384604F060FA00983146FFF7C2
:103EC000CDFE80E7043A2DE9F041CC1D114424F0E9
:103ED000070421F007010E1BF708B7FA87F2C2F1B9
:103EE0002405AD004FF000080735C2F12002ED08AF
:103EF00004604146A760C4F80C80920004F11000F1
:103F000004F063FA6B0043F00103638004EBC50225
:103F10007B1B5900A4F800805180A21924F8355069
:103F2000A2F80280A35304EBC70329465A8842F043
:103F300001025A802046BDE8F041FFF7A6BD2DE9F9
:103F4000F04706460D46174698462BB398F80040B2
:103F500093F80190DB78A40004EB430498F8023056
:103F60001C4444444FF0000ACA4509D3D8F8042041
:103F700008F1080339463046AC46BDE8F0476047D3
:103F800014F8013B48F823402046CDF719F80130DA
:103F900004440AF1010AE7E76FF01500BDE8F08775
:103FA00070B5002502462846144614F8013B0BB9AB
:103FB000184609E098B18D4207D1702B04D0A3F1C7
:103FC00040023A2A0BD8002070BDA3F140063A2ED9
:103FD00005D853780135941C002BE9D00020252BFF
:103FE00008BF80F001002246DEE70020704700F0A5
:103FF000A0BA0FB407B504A951F8040B019100F061
:1040000098FA03B05DF804EB04B07047002383F323
:104010001188BFF36F8F0423184602DF70470FB477
:1040200007B504A951F8040B0191FFF7E0FF03B0B5
:104030005DF804EB04B0704738B50D460446202205
:10404000002104F0C2F9EB68E361AB68A3612B685F
:1040500023626B6863620022A2622A6923B1591E3F
:10406000194208BF42F001022261012204F12C0032
:104070000021BDE8384003F0C1BBA0F13003DBB242
:10408000092B02D80B7000207047A0F16103052BAB
:1040900002D85738C3B2F5E7A0F14103052B01D888
:1040A0003738F7E76FF015007047F7B5054601F0B0
:1040B000010000EB51069E424FEA510703D900264A
:1040C000304603B0F0BD58B128780DF10701FFF775
:1040D000D4FF0028F3DB9DF8073002F8013B0135DF
:1040E00001351744BA42EBD015F8010C0DF1070168
:1040F000FFF7C3FF0028E2DB9DF807402401E4B28C
:10410000147015F8020BFFF7B8FF0028D7DB9DF8F5
:1041100007301C4402F8014BE4E7036800220BB9A6
:10412000184670478B4210D10B6842B94268036051
:10413000914200D1436000230B600120704713605F
:104140004368994208BF4260F5E71A461B68E6E7F4
:10415000838B13F0070305D10368002B0CBF0020ED
:1041600003207047022B05D1C08BB0FA80F04009C4
:1041700080007047012B05D10368002B0CBF002085
:10418000052070470020704710B50C4600B111B9EA
:104190006FF0150010BD081D00F0D3F80028F9D10C
:1041A000A368032BF6D9F3E72DE9F0410D46074646
:1041B0001946281D90461E4600F0D7F8044638B12F
:1041C0003346424629463846A446BDE8F04160479A
:1041D000BDE8F08110B4EFF31182202484F312883B
:1041E000BFF36F8F81615DF8044B0121D5F726B9CC
:1041F00038B50C46054658B151B10B6843B14B6810
:1042000033B12022002104F0E0F82C61002038BDF9
:104210006FF01500FBE770B505460E46FFF7B4FFDB
:10422000041E14DBEFF31182202383F31288BFF303
:104230006F8FEB8BAC8B4FF6FF718B4204F0070452
:1042400007D182F31188BFF36F8F6FF00A04204605
:1042500070BD022C0CD10133EB8382F31188BFF3C4
:104260006F8F0023224631462846FFF79DFFEEE779
:10427000062C14D8DFE804F004131313041A040006
:10428000002333606B683BB9C5E90066ACB9022115
:104290002846D5F7D3F8DAE71E606E60F6E782F3BA
:1042A0001188BFF36F8F6FF00404D0E782F3118899
:1042B000BFF36F8F6FF08504C9E782F31188BFF3F6
:1042C0006F8FC4E710B5EFF31182202383F31288B8
:1042D000BFF36F8F848B04F00704022C0AD0012CEB
:1042E0000CBF6FF004006FF0850082F31188BFF3FC
:1042F0006F8F08E0C38B013B9BB2C38323B9214678
:10430000D5F79CF8204610BD2046EEE738B5A8B199
:10431000A1B1EFF31185202282F31288BFF36F8FD2
:10432000848BFFF7FAFE30B104F0070085F31188A3
:10433000BFF36F8F38BD6FF07700F7E76FF01500B0
:10434000F8E7034640B1426802F00302022A06D0B1
:10435000032A04D0012A05D06FF0150070471A68AF
:10436000002AF9D000209860704710B5426881603B
:1043700002F00302022A03464FF0000407D0032A8A
:1043800002D05C60002001E018685C6010BD186815
:104390005C600028F6D0FDF7E3FDF3E770B50C880C
:1043A00006468888241A3069A4B2844285B224BFA4
:1043B000641BA4B22D1BA8B2984228BF18463368CC
:1043C000234413600B8803440B8070BD70B4838951
:1043D00085880669ED1AADB2731B934228BF134658
:1043E00070BC0A46011DFFF7D9BF70B40E460146E6
:1043F000C58831F80A3FEC1AA3B2934228BF13468E
:10440000324670BCFFF7CABF10B54B880C88E41A5F
:10441000A4B294420ED31A4492B28B884A800A8086
:104420000069D21A92B2824201D2002010BD034428
:104430008B80FAE76FF01500F8E72DE9F3410646A7
:104440000F4615464FF000082A4601A93046FFF7EF
:10445000BDFF044640B102463946019803F08DFF86
:104460002D1BA0442744EFD14246311D3046FFF7B3
:10447000CBFF404602B0BDE8F0812DE9F34107468D
:104480000E4615464FF000082A4601A93846FFF7A8
:10449000ACFF044648B12EB102460199304603F004
:1044A0006CFF26442D1BA044EED1424607F10A01C1
:1044B0003846FFF7A9FF404602B0BDE8F0812DE97C
:1044C000F34106460F4615464FF000082A4601A95B
:1044D0003046FFF78AFF044640B10246019938464C
:1044E00003F04BFF2D1B2744A044EFD1002206F11F
:1044F0000A013046FFF788FF404602B0BDE8F08170
:1045000070470020704702F00FBC0346BFF35B8F7B
:1045100053E8000F421C43E800210029F8D1BFF303
:104520005B8F704708B500210846D5F795F8002045
:1045300008BD1FB50023CDE90201CDE900331A46BD
:1045400019461846D5F780FA05B05DF804FB7047A8
:1045500000207047002070470020704718B1406865
:104560000079D5F7D5B94FF0FF30FAE702460B4690
:1045700009200021D5F7CCB938B5436804460D466B
:10458000DA711146D5F722FA63681D60636801226B
:104590005A71BDE83840FFF7DABF10B543685B7960
:1045A000044613B10021D5F711FA636800225A714D
:1045B00010BD70B5D2E901369B1B8B420C461546E7
:1045C0000AD313680A460146981903F0D6FEAB6871
:1045D0002344AB60204670BD6FF01B00FBE770B555
:1045E0000E4615461946044618B9BDE87040D5F781
:1045F000F9B833B1C2F34A231030120D184403F056
:10460000BCFEC4E900562046BDE87040D5F702B9AB
:104610002DE9F3415F1C4FEA8708064608F11700B1
:1046200020F0070080080C461546FFF793FF002393
:10463000ADF805308DF807308DF8047068B1034689
:10464000019A43F8102FA8F104012A46294452F890
:10465000045B43F8045F8A42F9D1A20102F4E072DC
:1046600042EA482222F07F4222F47002002322F024
:104670003F02314602B0BDE8F041FFF7B0BF7FB561
:104680000BAB059303930A9B02930023CDE9003300
:1046900002221846D5F7D8F907B05DF804FB07B534
:1046A0000123019201AAFFF7B3FF03B05DF804FBF9
:1046B00007B5CDE9002302236A46FFF7A9FF03B03F
:1046C0005DF804FB1FB5CDE90123069B039301AA06
:1046D0000323FFF79DFF05B05DF804FBF8B5064620
:1046E0000D4614461F4604B9F8BD214628463A46F1
:1046F000B047241A0544F6E707B5D1E900328DF832
:104700000700526801210DF107009847002003B00F
:104710005DF804FB0A2838B504460D4602D10D2089
:10472000FFF7EAFF29462046FFF7E6FF002038BDE5
:104730002DE9F043054687B008460E8891F80090B1
:10474000D1F808800C461746D5F74EFA011EC6F37D
:104750008216C9F3C2091EDB4846D5F791F8034615
:104760002146608851F8102B0196C2F34A22002A94
:1047700001EB0204C0F30B1008BF00210022CDE9B9
:104780000407CDE90214009241462846D5F758FAAD
:1047900007B0BDE8F0830023E2E7002930B4044607
:1047A00018460BDBA5680844A84207D8E06864688F
:1047B000214484682468A44630BC60476FF015002B
:1047C00030BC70477FB50BAB059303930A9B0293F4
:1047D0000023CDE900331846D5F736F907B05DF868
:1047E00004FB7FB50BAB059303930A9B0293002355
:1047F000CDE900331846D5F727F907B05DF804FB7B
:10480000006840B150F8043C5B688B42A0F10400A2
:1048100001D04068F5E77047006850B150F8043C9B
:104820005B685B689B788B42A0F1040001D0406814
:10483000F3E7704730B5006888B150F8043C5B6816
:104840001A6A1D7F04380023043ADCB2A54201D85D
:104850004068F1E7013312F833408C42F5D130BDA6
:104860007FB50BAB059303930A9B02930023CDE91D
:10487000003301221846D5F7E7F807B05DF804FBCE
:1048800008B5D6F7C1FA28B1406810F1100F14BF6F
:104890000020012008BD4B1CDBB28170817680F8BE
:1048A0002530C37600F8061C704750E90231D0F875
:1048B000A40018470369002283F852207047036957
:1048C00093F8520050B193F8500038B1D3F89820C3
:1048D0009388918910695B1A9BB2C01A704703696B
:1048E000002283F853207047036993F8510008B100
:1048F00093F85300704708B50246FFF7F5FF30B94B
:104900001046FFF7DCFF003818BF012008BD01206A
:10491000FCE70369C3E9001270470229036908D064
:1049200004290BD001290ED1D3F89C30136000204C
:10493000704793F8A330C3F34003F7E793F8A3302D
:1049400003F00103F2E76FF0850070477FB50BAB12
:10495000059303930A9B02930023CDE90033184685
:10496000D5F772F807B05DF804FB08B54029036974
:104970003FD013D8102932D006D801291ED00829DB
:1049800020D06FF0120008BD2029FAD193F8A410AE
:1049900001F0FB0152B341F0040127E0B1F5807F43
:1049A00030D0B1F5007F36D08029EAD193F8A41039
:1049B00001F0EF01D2B141F0100117E0C3F89C20E3
:1049C0000020E0E793F8A41001F0FE010AB141F0E5
:1049D000010183F8A4100121D6F71EFDF0E793F83A
:1049E000A41001F0FD010AB141F0020183F8A41006
:1049F000F2E793F8A41001F0F701002AF6D041F095
:104A00000801F3E793F8A41001F0DF01002AEDD0CC
:104A100041F02001EAE793F8A41001F0BF01002A59
:104A2000E4D041F04001E1E770B504690546D4F8EF
:104A30009400FFF722FD94F8A8300646B3B1D4F8ED
:104A400094209388918912695B1A9BB2D31A3F2BE9
:104A50000CD994F8A63033B16B681B6A2246187BD8
:104A60000021D6F781FD002384F8A830304670BDC0
:104A700008B50122FFF7D8FF013818BF4FF0FF300B
:104A800008BD0269D2F8981088898B8809691B1AB9
:104A90009BB2994204BF002382F85030D2F8943080
:104AA000D9885B89994204BF002382F851300120E4
:104AB00070470B68834204BF01230B717047037872
:104AC0005B075FBF03684288C3F34A2303EB1210FE
:104AD0005DBF173020F00700800800207047836812
:104AE0009B6903B11847704708B54368197311B142
:104AF0001868FFF7F4FF002008BD10B540682430A7
:104B00001C46FFF7BAFC2060002010BD10B54068BD
:104B100050F8804B03F0B8FA2046FFF7E0FFA36897
:104B20005B6A0BB120469847002010BD2DE9F0418B
:104B300045681E462B7B0C46174693B101EB0208D5
:104B4000A04507D13760D5E9013101209847002001
:104B5000BDE8F081286814F8011B83685B689847FA
:104B6000EEE705F11000FFF768FC05F1B8033060CF
:104B70000121BFF35B8F53E8002F43E800100028AA
:104B8000F9D1BFF35B8F002AE1D1286883685B69A4
:104B9000002BDCD09847DAE78268002382F8563091
:104BA0008268A2F852308268A2F85030704710B57F
:104BB0000346BFF35B8F53E8000F40EA010243E86E
:104BC0000024002CF7D1BFF35B8F10BD10B5034656
:104BD000BFF35B8F53E8000F00EA010243E80024B3
:104BE000002CF7D1BFF35B8F10BDFBF79DBC0EB45B
:104BF00003B503AA52F8041B0192D8F78DFA02B04C
:104C00005DF804EB03B0704708B510B1CCF7D8F9E4
:104C100080B208BD37B50546002384680093D8F7F5
:104C2000BFFCAB68B3F8503004F583541C3423B197
:104C30004FF4F670002102F0F8FF01AA6946204601
:104C400003F073FB03B030BD8B6828B903F58350C4
:104C50001C300021FDF784B903F585500C30F8E7CE
:104C600000F58350183019B14FF40061FFF79FBF72
:104C70006FF40061FFF7AABF00F58350183011B13F
:104C80000421FFF794BF6FF00401FFF79FBF00F509
:104C9000835008B5143029B10121FFF788FF00F0D7
:104CA000010008BD6FF00101FFF790FFF7E7FBF788
:104CB000B3BC73B541F27C03856803EB0113044672
:104CC00016461D4401AA6946284603F02EFB009BA8
:104CD00023B1284603F026FB2046B04702B070BD42
:104CE0008068416400F5845000211C30FDF738B91C
:104CF00070B583681A7D012A04462DD103F58052D0
:104D0000916F490407D5526F520704D40146DA6CFB
:104D1000C06900F0C2FDA06841F20C1640F2676263
:104D200000233044FFF761FF054618B16FF00F050F
:104D3000284670BD08212046D8F7E0FA6069D7F709
:104D40002BFB2046D7F7EAFC204600F004FDA068C4
:104D50003044FFF7ACFFEBE76FF08505E8E7F8B507
:104D6000044680681F46037D022B0D46164608D078
:104D700000F58350BDE8F8404FF480511830FFF73C
:104D800016BF00F5885040F2676200230C30FFF731
:104D90002CFF60BBA26802F58053996F090507D408
:104DA000926C2AB95B6F980602D5204600F0CEFBC4
:104DB0003B4632462946204600F02AFCA26802F50E
:104DC0008053996F090507D4926C2AB95B6F9B06D3
:104DD00002D52046D8F7E4FB606900F097F8A06898
:104DE00000F58850BDE8F8400C30FFF760BFF8BD13
:104DF0000CB407B504AB53F8042B0193FFF7AFFFD6
:104E000003B05DF804EB02B070470EB403B503AB1A
:104E1000082153F8042B0193FFF7A1FF02B05DF8BE
:104E200004EB03B070470EB403B503AB032153F892
:104E3000042B0193FFF793FF02B05DF804EB03B07E
:104E400070470EB403B503AB012153F8042B019353
:104E5000FFF785FF02B05DF804EB03B070472DE962
:104E6000F04105460F46E9B10846FFF7CDFE06467C
:104E7000A86841F20C1840F2676200234044FFF733
:104E8000B4FE044620B16FF00F042046BDE8F08167
:104E9000731C142BA86800D83EB900F588500C305C
:104EA000FFF705FF6FF01504EFE73946CCF780F800
:104EB000AB6883F83C60A8684044FFF7F8FEE4E77D
:104EC00038B50446806841F20C1540F26762002351
:104ED0002844FFF78AFE40B92046D7F71FFAA0689A
:104EE0002844BDE83840FFF7E2BE38BD28B18368EA
:104EF00003F58053D3F8240170476FF01500704715
:104F00008368996409B9FFF747BE704710B5026915
:104F10008368126801680446C068984723690022C4
:104F20001A6010BD38B5CB681B7C022B05460C46B9
:104F300004D10A2802D10D20FFF7F4FF236922686B
:104F40001B68D554226913680133136023691A68FA
:104F500063689A4202D12046FFF7D8FF002038BD8F
:104F600008B510B1CCF72CF880B208BD10B5047BA1
:104F7000438922442144B2FBF3F003FB1022B1FB2E
:104F8000F3F003FB1010101A10BD10B5047B438919
:104F900021441019B1FBF3F1B0FBF3F0401A10BD3E
:104FA00030B5057B43892944B1FBF3F403FB1411AD
:104FB00001312A4401340180B2FBF3F103FB1122D9
:104FC000848001324C1CC480428030BD2DE9F74FF3
:104FD000002607468846144699460660B24623785E
:104FE000002B00F0BF80202B3AD0093B042B37D98F
:104FF0003B685A1C3A6048F823403B684B4500F038
:10500000B18000262278002AE9D0A6B916462346A8
:105010001C46272E04D05C2E25D0222E40F09680F0
:105020002046FFF79DFF611C0246204603F0B3F9BE
:105030002278002AD3D0B242A34604F1010420D141
:105040005846FFF78DFF21460246584603F0A3F964
:105050009BF800605C46002ED9D1C0E70026BEE771
:1050600004F801ABBBE72046FFF77AFF651C024658
:105070002946204603F08FF966782C46002EC8D1C9
:10508000ADE75C2A9BF80120D3D1B242104608D18B
:105090005846FFF765FF21460246584603F07BF964
:1050A000B0E7302A25D1022300251BF80300A0F128
:1050B0003001C9B2072919D8ED000133EDB2052B33
:1050C00045EA0105F1D1591E594458460193009112
:1050D000FFF746FF019B0099023BC21A584603F0B6
:1050E0005AF99BF801208BF80050A2E7DBB2022BA3
:1050F000E9D1782825D1022100251BF80130A3F140
:105100003000C0B2092808D82D01EDB205430229AC
:1051100001D00423D7E70321EFE7A3F161000528BD
:1051200005D82D01EDB2573B1D43EDB2EFE7A3F1DA
:105130004100052803D82D01EDB2373BF4E70229E1
:1051400002D10BF1010474E70323BCE7202E85D0C4
:10515000093E042E82D96678631C002E7FF458AF76
:105160001C463CE7304603B0BDE8F08FF8B50E466C
:1051700011460746154603F027FA0446E0B12846D3
:10518000FFF7EEFEA742054607D214F8013C202B9C
:1051900002BF0135ADB204F1FF342046FFF7E0FE57
:1051A0003388421C5B1B521B33806119204692B22C
:1051B000BDE8F84003F0EFB8F8BD2DE9F0410F4627
:1051C00086B01646044670B1034601AC00F11005E6
:1051D00018685968224603C20833AB421446F7D117
:1051E0001868106001AC4FF0000841463246204676
:1051F000D7F7A6FF08F10108054628B12968384607
:10520000CBF7CCFE0028F0D1284606B0BDE8F081EF
:105210002DE9F0471C46DDF820809DF824900023FE
:105220000F46164623602368BB4205461BD256F83C
:10523000230000F059FD2368824618B10133236032
:105240002846F0E756F8231042462846FFF7B5FFF8
:1052500048B123685A1C2260B9F1000FE3D08045A1
:10526000E1D1236055462846BDE8F087F8B50746EA
:10527000FFF776FE054638BBF8BD54B18AB2AA1ACC
:10528000013001323944384403F085F82C1BA5B2B3
:105290000024334698B26A1E9042EDDA3A5C202A26
:1052A00003F1010602D0093A042AF2D8B1B28BB256
:1052B0009D42EED97B5C202B02D0093B042BDCD82D
:1052C0000134A4B20131F2E700231C46E2E7F8B54D
:1052D000846894F8563006462BB9B368B3F850206A
:1052E000A3F85220F8BD04F15600B4F85030C218AB
:1052F00012F8012C202A1CD0093A042A19D90022BC
:10530000C25413461D460133425D202A9BB200EB76
:105310000501F7D0093A042AF4D9002DDDD0B4F8FC
:1053200050707A1C521B7F1B03F035F8A4F85070A4
:10533000D3E7013B9BB2A4F85030002BD5D184F8C1
:105340005630CAE70EB403B503AA52F8041B019203
:10535000D7F7E2FE02B05DF804EB03B0704710B57A
:105360000446CBF72DFEB4F8503013FA80F038B174
:10537000638FB0FBF3F203FB1200B0FA80F0400938
:1053800010BD38B5846804F5805320465D6FCBF7B7
:1053900017FEB4F85230C5F3400580B205FB030098
:1053A000638FB0FBF3F203FB1200B0FA80F0400908
:1053B00038BD10B50446FFF7E4FF18B9A068FFF741
:1053C000CEFF20B16069BDE81040D7F729BF10BDFE
:1053D000F8B584680546B4F85020B4F8521004F1CA
:1053E0003000FFF7DDFDA868A78EE68EFFF7B7FF58
:1053F00010B16869D7F714FFB74207D1218E638EC9
:105400002846C91ABDE8F840D7F726BFE18EA38E1B
:105410002846C91AD7F70AFFF0E7F8B504468068AE
:105420000D46B0F85210B0F8502030300D44FFF760
:10543000B7FDA068ADB2B0F852102A463030FFF781
:10544000A4FD0746A0682A46B0F852103030FFF796
:105450008DFD794206462046D7F7E8FE31462046C4
:10546000D7F7FAFEA368A3F85250F8BD2DE9F04132
:105470000C1E064636DA644224B24FF0FF35A4B261
:10548000AFB216E0B368B3F852C0B3F8508003F17E
:10549000560E6146002281B96B1C02D0B8F1000F94
:1054A0000FD1A1EB0C0109B23046FFF7B6FF013C6A
:1054B000A4B2002CE6D1BDE8F081884501D1012DD0
:1054C000EFD01EF8013023F020004138192807D909
:1054D000303B092B04D9002AE3D1394489B2DAE7F9
:1054E0000122FAE70125CAE78368B3F8521049425E
:1054F00009B2FFF792BF8368B3F85010B3F8523087
:10550000C91A09B2FFF789BF8368B3F852301BB1DB
:105510004FF0FF31FFF781BF70478368B3F8522027
:10552000B3F850309A4202D20121FFF776BF70479C
:105530008268B2F85210A2F850108368B3F8522073
:105540001344002283F85620D7F75CBE10B50446FA
:105550008068B0F85020B0F852103030FFF720FDCE
:10556000A368198E2046C1F10101D7F775FEA36823
:10557000998E20460139D7F759FE2046BDE81040E4
:10558000D7F740BE2DE9F041054686B00F461446D8
:105590000026ACB906B0BDE8F08141F2AC08434446
:1055A000012101A802F08BFE4FF0FF324FF0FF33D4
:1055B000012101A8FCF77CFCA868404402F0B2FE7F
:1055C000686803682246D3F80C80B9196B46C04757
:1055D000009A1644A41A002ADBD1AB68197D03296E
:1055E000EED00229D9D903F580539A6F9207FCD5E2
:1055F000BFF35B8F783353E8001F21F0020143E8CB
:105600000012002AF7D1BFF35B8FD9E7FFF7BABFCB
:10561000F7B51E468368154603F580520446526F5F
:10562000D20613D593F83E208A420FD0DB8FADF817
:105630000430D7F763FE606932462946D7F76CFD20
:1056400001A92046D7F77CFE03B0F0BD6069324661
:10565000294603B0BDE8F040D7F75EBD0CB407B5EE
:1056600004AB53F8042B0193FFF7D2FF03B05DF8AE
:1056700004EB02B070472DE9F0418768B7F850603D
:10568000B318B3F5006F05468846144627DAB7F815
:105690005230F61A56331F44B6B2324639463819DC
:1056A00002F079FE22464146384602F066FEAA68BC
:1056B000B2F850302344A2F85030AB68B3F8502011
:1056C0001344002283F85620AB6803F58051496FDC
:1056D000890706D4B3F852201444A3F85240BDE819
:1056E000F08131462846BDE8F041D7F7AFBEFFF75D
:1056F000C2BF38B505468068B0F85220B0F85040B7
:10570000A41AA4B29CB156321044411C224602F0A5
:1057100042FEAA68B2F85030013BA2F85030611E38
:1057200028460122BDE8384089B2D7F78FBE38BD80
:1057300010B58368B3F8502004465AB1B3F852301C
:1057400043B14FF0FF31FFF768FE2046BDE810403F
:10575000FFF7CFBF10BD70B592B00023054601938F
:105760004FF47A746868036840221E6902A901AB8D
:10577000B047019B13B108B9013CF3D112B070BD21
:1057800070472DE9F84304468846914603F18E0799
:1057900002F06FF9054618B3EFF31185202383F368
:1057A0001288BFF36F8FA36803F580539B6F1A05B0
:1057B00021D53A4649464046FEF7BAFFA36803F5AD
:1057C00080539B6F1B0502D42046D7F7E9FE02F0F9
:1057D00050F9A0B185F31188BFF36F8FBDE8F8834E
:1057E000A66806F588500C304FF0FF324FF0FF33BB
:1057F000FAF79AFED7E72046FFF7A8FED9E7A06898
:1058000000F588500C30BDE8F843FAF705BF2DE9E4
:10581000F04143681C68A368E26903F58053576848
:105820005E6F93681B79012B0D46C6F3001606D0F8
:10583000032B01D0BDE8F0812046FFF787FE3346F9
:105840002A4639462046BDE8F041FFF79ABF436833
:105850001B68D3E90632BFF35B8F53E800CF8C445B
:1058600043E800C00028F8D1BFF35B8F9368BFF313
:105870005B8F53E8000F084443E80002002AF8D188
:10588000BFF35B8F704710B513460C460A460146BE
:105890001846FFF7BBFE204610BDF8B58B68BFF376
:1058A0005B8F03F5835304460D461746183353E8C0
:1058B000001F41F4005143E80012002AF7D1BFF362
:1058C0005B8F6868036801219B689847064680B92A
:1058D000D4E90410FEF7B0FB3A4620682946FEF7EB
:1058E0004BFE63685B685D60A3681E60A36801226D
:1058F0001A71F8BD10B504460068FEF74EFEA368A5
:1059000002221A7110BD0EB403B503AA52F8041B8B
:105910000192D7F701FC02B05DF804EB03B07047C9
:105920002DE9F843054690460E46002967D000242D
:10593000335D202B23D0093B042B20D93046CBF7F5
:105940003FFBAB68598F80B2001BA1EB0803984264
:1059500006EB040915D94846002710F8012B202A28
:1059600006D0A2F1090CBCF1040F02D80A2A2DD0EE
:105970003B4608EB0702914227D90137EDE7013496
:10598000D6E74B460027B84214D013F8012B0A2A59
:1059900019D16869FFF7BAFA49463A462846FFF72F
:1059A000F1FD6869D7F714FE0134414628463C44AE
:1059B000D7F752FC68693119FFF7A5FF6869BDE8A0
:1059C000F843D7F705BE0137DDE71F466869FFF7E3
:1059D0009DFA3A4649462846FFF7D4FD3C44335DDC
:1059E000202B02D0093B042B01D80134F7E768696A
:1059F000D7F7EEFD41462846D7F72EFC9EE7BDE8D7
:105A0000F8830020704783690020186070470EB447
:105A100003B503AA52F8041B0192D7F77DFB02B02D
:105A20005DF804EB03B0704708B50168FFF717FA9B
:105A3000002008BD8368BFF35B8F03F583531433E5
:105A400053E8001F21F0200143E80012002AF7D19B
:105A5000BFF35B8F002070478368BFF35B8F03F554
:105A60008353143353E8001F41F0080143E8001248
:105A7000002AF7D1BFF35B8F002070478368BFF324
:105A80005B8F03F58353143353E8001F21F010019B
:105A900043E80012002AF7D1BFF35B8F0020704764
:105AA0008368BFF35B8F03F58353143353E8001F00
:105AB00021F0080143E80012002AF7D1BFF35B8F01
:105AC000002070478368BFF35B8F03F58353143363
:105AD00053E8001F21F0020143E80012002AF7D129
:105AE000BFF35B8F002070478368BFF35B8F03F5C4
:105AF0008353143353E8001F41F0100143E80012B0
:105B0000002AF7D1BFF35B8F002070478368BFF393
:105B10005B8F03F58353143353E8001F41F02001DA
:105B200043E80012002AF7D1BFF35B8F00207047D3
:105B30008368BFF35B8F03F58353143353E8001F6F
:105B400041F0020143E80012002AF7D1BFF35B8F56
:105B50000020704708B58368D3E900210A605160CE
:105B60000021C3E900111A895B8900681A440C32CC
:105B7000FEF783FC012008BD0023C3607047F8B521
:105B80001F460346164653F8044F9C4202D100209C
:105B90003880F8BDC568B1B9002DF8D0AC4202D14B
:105BA0000023C360F3E76C68C460002CEFD0228947
:105BB00004F10C01304602F0E0FB23893B80002217
:105BC000F2540120E5E7002DEED08368AB42E7D028
:105BD0002C68E9E738B50446051D6368AB4204D07C
:105BE0002046FFF7B7FF0028F7D138BD2DE9F04F69
:105BF00002F10C050368C5F100091B6909F00309EE
:105C000085B04D449D4204460191174610D80023AB
:105C1000C3606AB1466800F1040AB2450BD05EB1B8
:105C20003389934208D106F10C0002F045FC18B903
:105C300005B0BDE8F08F1E464FF0000B2368598970
:105C4000DA88914204BFC3E901BBC3F80CB02068F5
:105C500083898288D21A036992B29B1AAB4228BF09
:105C60002B4603AA011DFEF799FB8542804628D9E1
:105C7000206883898288D21A036992B29B1AAB4248
:105C800028BF2B4603AA011DFEF788FB854219D1C8
:105C9000738943447381A844039D01992F813A4637
:105CA000A5F80A9005F10C0002F067FB6368C5E9EE
:105CB000003A5D60206865604246011DFEF7A4FB66
:105CC000B6E7E9D020680022011DFEF79DFB63685E
:105CD0009A45B3D02046FFF73DFFAFE7031DC0E96B
:105CE00001330023C360704710B5044628B1CBF7D9
:105CF00067F9002380B2984201D8002010BDE25C11
:105D00003F2A03D02A2A01D00133F4E70120F5E726
:105D100010B5044680684FF40062002100F656007A
:105D200002F053FBA068B0F8502000F1560100F6D5
:105D3000560002F022FBA06800F65600FFF796FA24
:105D4000A46804F65600CBF73BF90130A4F85400E0
:105D500010BD10B504468068B0F8542000F6560116
:105D6000563002F00AFBA368B3F85420A3F8502081
:105D700010BD7FB50BAB059303930A9B02930023E1
:105D8000CDE9003301221846D3F75EFE07B05DF877
:105D900004FB2DE9F0418768FB6804460D46164672
:105DA0009847BB682BB1324629462046BDE8F041F2
:105DB00018476FF05700BDE8F0812DE9F74FDDF887
:105DC00030B01F4643EA0B030B4381460E46144690
:105DD00004D56FF0150003B0BDE8F08F0D9B002BCC
:105DE000F7D00E9B002BF4D011EB0B03F1D41BEB7F
:105DF0000702EED4A04207D1B94201D10020EAE760
:105E0000914201DA9F42E4DB484601F0EBF910B918
:105E10006FF01200DFE7204601F0E4F90028F7D028
:105E2000A3682046DB6898470E9BD0F80080434566
:105E3000CFD3B3FBF8F508FB15330093002BC8D183
:105E4000DA46009B9B45D9D9C24508D2A3682046B3
:105E5000DB689847424641790D9802F0B6FA0E9AEF
:105E6000C245534638BF4346934228BF1346D9F82C
:105E70000820009912680193154671180D9A48463A
:105E8000A8470028A7DBA268009953680D9A1D4611
:105E90003944019B2046A84700289CDBDDE900230C
:105EA0001A440092AAEB030ACBE77FB50BAB05932C
:105EB00003930A9B02930023CDE900330122184685
:105EC000D3F7C2FD07B05DF804FB01460068D7F7C1
:105ED0007BBE08B5D7F728FFBDE80840D8F734B92E
:105EE0007FB50BAB059303930A9B02930023CDE987
:105EF000003301221846D3F7A7FD07B05DF804FB75
:105F00007FB50BAB059303930A9B02930023CDE966
:105F1000003301221846D3F797FD07B05DF804FB64
:105F200000210120D7F750BE6FF08500704761B6A1
:105F300062B680F31188BFF36F8F704772B600238B
:105F400083F31188BFF36F8FBFF34F8F30BF62B6FB
:105F5000BFF36F8F704772B6002383F31188BFF3CE
:105F60006F8FBFF34F8F20BF80F31188BFF36F8F08
:105F700062B6704708B5D1E904319847002008BDE2
:105F800008B5D8F7D9FD002008BD0B0704D5A0F14E
:105F90004103192B98BF203070472DE9F04F85B091
:105FA0008A4615460293044600283ED000293CD07C
:105FB000002B00F00C810A46A046294618F8010B78
:105FC000FFF7E3FF0346C0B23F281778064627D005
:105FD00013F0C00F0BD1C8B12A2837D02946384654
:105FE000FFF7D3FF864202F101022DD01DE05B28AE
:105FF0007AD05C28F2D1EB07F0D46078FFF7C5FFC8
:1060000010F0FF0618BF04F10208E7E7EC0601D51F
:106010002F2F02D0381E18BF012005B0BDE8F08F29
:106020001FB12F2F03D1A8070DD50120F5E72E2F83
:1060300009D1690707D55245F7D0AB0703D512F848
:10604000013C2F2BF1D001324446B5E76078FFF7D1
:106050009CFFC1B22A2918D02E2F09D16F0707D56E
:106060005245E2D0AE0703D512F8013C2F2BDCD00D
:1060700079B915F00200D0D0ED0600F1AA802F21E9
:10608000104602F050FA0038C5E718F8010F29460B
:10609000DDE72F2908D1AC0706D5104602F043FAF8
:1060A00002460028D0D1C0E7029B164603F1FF3913
:1060B00025F0040A05F00207B34629469BF80000C4
:1060C000FFF763FF10F0FF0406F10106ADD04B4669
:1060D000524659464046FFF760FF01289DD12F2CBC
:1060E000EAD1002FE8D098E7002F9ED02F2F01D1C2
:1060F000A8079AD43846FFF748FF6378212B8146DA
:1061000001D05E2B1DD10234012314F8010B019341
:106110002946FFF73AFFC6B25D2E15D04FF0000BAF
:106120002F2E48D05C2E07D1EB0708D414F8010BB2
:106130002946FFF72AFFC6B2002E3FF476AF23466A
:1061400005E044460023E0E723464FF0000B2178AA
:106150002D2937D1607803932946FFF716FF10F0F9
:10616000FF00039B18D05D2816D05C2804F10203C1
:106170000CD115F0010F09D1E31CA0780393FFF7B0
:1061800004FF10F0FF003FF450AF039B4E4503DCCB
:106190004845A8BF4FF0010B1C46294614F8010BD7
:1061A000FFF7F3FEC6B25D2EBAD1019B5B453FF40B
:1061B0003CAF611C03D15B2F7FF437AF4446013203
:1061C000A04641E74E4508BF4FF0010BE4E703202E
:1061D00023E7084621E74023FFF7DFBE7047816AC7
:1061E0008968D8F753BE027A01320272704742685A
:1061F00010B52AB10B461C465B68002BFBD16260D0
:10620000416010BD10B5044620B90B7A01330B7202
:10621000084610BD034618465B68002BFBD1FFF70C
:10622000E6FF2046F5E710B508B14B6843604C68BF
:10623000002308464B60D8F7A9FE204610BD8368AE
:106240000B44036070478388026819448180D0182A
:10625000704730B484880568A3188380281930BC3F
:1062600002F08BB80268531E036083880133838079
:1062700002F8011C70478288521A03468280006827
:10628000084418607047034600689A88521A01440F
:106290009A80196070478388C2888168D21A03681F
:1062A0005B1AD01A704770B4034600681979DB880E
:1062B00043F420220569866813F0010F4FF00104B2
:1062C0002B6804FA01F414BF2343A3432B60336803
:1062D00070BC184730B585B014460A888B78ADF885
:1062E000002005460D2200210DF103008DF802303B
:1062F00002F06BF86A4669462846ECF75BFE28B95F
:10630000BDF800209DF802302280A37005B030BD9A
:1063100013B50C4601AA0331FFF7DCFF48B903228D
:1063200001A9204602F0C8F8B0FA80F0400902B096
:1063300010BD0020FBE770B5CE1C05460C4630466C
:106340000321ECF735FE60B9637903F03F0343F0B6
:1063500040036371224631462846BDE87040FFF78E
:10636000B9BF70BD7FB50BAB059303930A9B029336
:106370000023CDE900331846D3F766FB07B05DF87C
:1063800004FB0220D8F7D0BE033138B5C9B20546A8
:106390000E20D8F7C3FF032104460C30FFF753FF4C
:1063A00001230370A0F80150204638BD70B50546A2
:1063B0000E460F200421D8F7B1FF042104460C300B
:1063C000FFF741FF0122067042704580204670BDF4
:1063D0007FB50BAB059303930A9B02930023CDE992
:1063E000003301221846D3F72FFB07B05DF804FBFA
:1063F00008B58430F2F722F910B18047002008BDBB
:106400006FF00100FBE70121F2F78EB80021F2F7EF
:106410008BB870B513461446072205460E46F2F7B0
:1064200035FA38B92346314628460622BDE8704081
:10643000F2F72CBA70BD2DE9F04106460D4617461D
:1064400001F11008002458F8043F33B10134E4B2DC
:106450000B2CF8D10020BDE8F0813B4622462946AE
:106460003046F2F713FA0028F0DAF4E77047436891
:10647000184783681847C36803B118471846704720
:106480007FB50BAA059203920A9A02920020089AFD
:10649000009201900122D3F7D7FA07B05DF804FB10
:1064A00010B5D0F8003203EBC20413F832300B2BD6
:1064B0001DBF01EB830163684869002018BFC01845
:1064C00010BD38B505460C4684304968F2F7B6F879
:1064D00010B1A0602560012038BD7FB50BAB0593DE
:1064E00003930A9B02930023CDE90033012218464F
:1064F000D3F7AAFA07B05DF804FB30B502460023D3
:10650000546D8C420AD8D56D25448D4206D9282277
:1065100002FB0300836D1944081B30BD01330B2BB4
:1065200002F12802ECD16FF00700F6E700F18C02CF
:10653000AC3052F8043F3BB1D3F88C10824201F1E9
:10654000FF31C3F88C10F4D1704770B51D46536805
:10655000D0F8201182681B0A01EB03110446904712
:1065600030B96368294620461022BDE870401847BC
:1065700070BD38B504460846D4F80C32D4F804127D
:106580009D18D4F80822954228BF1546EA1A1944E6
:1065900001F0F3FEC4F80C52002038BDD0F80832E8
:1065A0008B4294BFC0F80C32C0F80C120020704728
:1065B000D0F8040208447047D1E900239A4215BF7D
:1065C000013388604B60012018BF0020704710B570
:1065D0000C46F3F761F923680BB10123237410BD56
:1065E00010B50369C0E905330023C360837F044607
:1065F00013B1407AF4F71CFF01232377002363775C
:10660000E377A37710BD7FB50BAB059303930A9B8C
:1066100002930023CDE900331846D3F715FA07B0EB
:106620005DF804FBF9F780BFF9F7F6BF38B504460B
:10663000F3F73CFA054660B1037A6BB120460024BB
:10664000F4F77AFF2846AC77FFF7CAFF2C72204692
:1066500038BD6FF01500FBE76FF07700F8E770B515
:1066600004460E461546F4F785F830B906B925B14B
:106670002046BDE87040F4F7DDB870BDC343C3F3F6
:10668000C01300F00F0000EB0310704708B5F4F7DB
:1066900067F9818208BD08B5F4F762F9EFF3118359
:1066A000202282F31288BFF36F8F02690A60027B97
:1066B0002AB9807D83F31188BFF36F8F08BD042052
:1066C000F8E77FB50BAB059303930A9B0293002376
:1066D000CDE9003301221846D3F7B6F907B05DF8CB
:1066E00004FB10B403460838BFF35B8F50E8002F5B
:1066F000511C40E80014002CF8D1BFF35B8F1AB98D
:106700005DF8044BF4F790BF6FF00F025DF8044B97
:106710009A6670470369C9B20C2201FB0233986C78
:1067200000F00700704770B5C9B20369EFF3118537
:10673000202484F31288BFF36F8F0C2606FB0134EC
:10674000A46C14F0C00408D0A24206D085F31188CE
:10675000BFF36F8F4FF0FF3070BD71430B440122C8
:106760009A6485F31188BFF36F8F43680B445B68AD
:1067700098470020F0E78022FFF7D5BFF8B5069FC5
:106780000469C9B2EFF31186202585F31288BFF39F
:106790006F8F0C2569430C44A56C05F0070CBCF108
:1067A000010F0BD1A76486F31188BFF36F8FC4E983
:1067B000102343685B5898470020F8BD05F0C005DA
:1067C000AF4286F31188BFF36F8F0CBF6FF0770075
:1067D0004FF0FF30F1E713B580240094FFF7CEFFB0
:1067E00002B010BD0069CBB200EB4310002110478E
:1067F0000020F7F705BE002000F09DBA1046F9F71B
:106800008DBF2DE9F3411C4690460023826823602A
:10681000A36053690D4601AA69469847019B5A1E19
:10682000019223B96FF0150002B0BDE8F081009825
:10683000A26847682168676085B9A8EB020306680B
:10684000B34228BF33461A4403FB07112160A260FC
:1068500002689A4206D808300090DFE76B1AB3FB53
:10686000F7F3ECE70020DFE713460022FFF7C9BF8C
:1068700013460A460021FFF7C4BF07B5836801AA83
:106880005B69694698470020019B5A1E019213B923
:1068900003B05DF804FB009B53F8082B00931044F1
:1068A000F2E710B50C4600F0DCFA0023C4E900035F
:1068B000184610BD38B505460C4600F0D2FA002D3A
:1068C00007DBA84205D9401B84428CBF0020012071
:1068D00038BD0020FCE77FB50BAB059303930A9B03
:1068E00002930023CDE9003301221846D3F7ACF818
:1068F00007B05DF804FB43685B68D3F810350B60A4
:106900000020704743685B6802EA010021EA020147
:10691000C3F80805C3F80C150020704743685B688E
:106920000020C3F80815704743685B680020C3F86F
:106930000C15704743685A68D2F8043521EA030001
:106940000B40C2F80805C2F80C350020704710B59E
:1069500003695868F8B1884219D19C680868586082
:10696000A14200D19860002008602AB15A680A60EC
:106970009A68596002B99960002010E0814206D1FE
:106980000868206098688142EDD19C60EBE704467E
:1069900000680028F2D1002AE8D16FF0150010BD80
:1069A0006FF05700704713B54FF080520829136EEF
:1069B000526E28BF082112BA00921BBA0C460A4632
:1069C0006946019301F0D9FC204602B010BD4FF09A
:1069D0008043D3F8002402F00103910748BF43F03D
:1069E0001003110748BF43F48073D10348BF43F03D
:1069F0008003510348BF43F02003510748BF43F0D1
:106A00000203910348BF43F08003110348BF43F0E2
:106A10008003D20248BF43F00803036000207047A0
:106A20004FF080434FF0FF32C3F80024002070473E
:106A300040F2B313036000207047002201210320BD
:106A4000D7F786BF002201210420D7F781BF38B5D0
:106A50000446056901221146284600F0CFFE0122B6
:106A600005F11800002100F0C9FE2046BDE83840BD
:106A7000F6F780B87FB50BAB059303930A9B02939F
:106A80000023CDE9003301221846D2F7DDFF07B01D
:106A90005DF804FB13B501AA044600F023F80028B2
:106AA00005DB019B226819791868F6F7A7F802B090
:106AB00010BD10B5446851B1012910D1606A0021A0
:106AC000FFF7E8FF2046F8F755FF002010BD2046ED
:106AD000F8F760FF606A0121FFF7DCFFF5E76FF070
:106AE0008500F3E730B543681360057A446804EB2A
:106AF000C504A34202D36FF0010030BD5C798C4223
:106B000001D00833F0E70020F7E770474368DB6BFC
:106B10000020C2E9003070477FB50BAB05930393AB
:106B20000A9B02930023CDE9003301221846D2F7D5
:106B30008BFF07B05DF804FB10B50022044601216D
:106B40001C20D7F705FF2046BDE81040F6F7F0B946
:106B500010B50022044601212120D7F7F9FE204676
:106B6000BDE81040F6F7E4B910B500220446012153
:106B70002220D7F7EDFE2046BDE81040F6F7D8B941
:106B800001207047002201212320D7F7E1BE10B574
:106B90000B6813B91360184605E003685C681CB104
:106BA00014600368186810BD083303600B68013B6C
:106BB0000B60EDE77FB50BAB059303930A9B029344
:106BC0000023CDE900331846D2F73EFF07B05DF849
:106BD00004FB13B5002101AA0446FFF783FF002838
:106BE00005DB019B226819791868F6F707F802B0EF
:106BF00010BD03460A4600681979012303FA01F122
:106C000003691B68194218BF82F0010212B1836840
:106C1000DB68184783681B69FBE710B5044600680A
:106C2000D0B18368C3B149B101210830FFF7E1FF5A
:106C300023681869BDE8104000F0CFBA12B9838804
:106C4000DB0409D4006900F0C8FA20680021BDE81F
:106C500010400830FFF7CDBF10BD10B50122002154
:106C60000446FFF7DAFFA36933B9636004F110004B
:106C7000BDE81040F9F752BD10BD10B500690368BA
:106C80008B4206D190F86C4034B9FFF7E6FF2046FE
:106C900010BD6FF01500FBE76FF00F00F8E738B597
:106CA00005690446296405F12800F9F737FD00223B
:106CB00085F86C2020691146BDE83840FFF7ADBF6C
:106CC000F8B50C46054600F0C9F8002221460646F4
:106CD0002846F7F7E1FE03212046F6F753FF00F0C0
:106CE00023F807462B689B5953B1002621462846B6
:106CF00000F0B2F820460121F6F744FF3046F8BD17
:106D000000F012F8C01B0628ECD96FF07306EDE70F
:106D100000F150039B009BB203F1804303F58833DD
:106D200000221A601B68704708B5F6F7F1FF08BD2E
:106D3000004700F052BAF7F7D9BAF7B5019001A8A9
:106D4000DDE9084716461D46F7F7ECFB019BB6F157
:106D5000000C18BF4FF0010C00EB83000B1E18BF96
:106D60000123002D43EA4C0314BF4FF00C0C4FF0ED
:106D7000000C002C43EA0C0314BF4FF4E06C4FF0FE
:106D8000000C002F43EA0C03D0F8002714BF4FF487
:106D9000403C4FF0000C43EA0C0322EA030301B12C
:106DA00009780EB13678760019430DB12D78AD0013
:106DB00031430CB12478240229430FB13F783F04BA
:106DC0000C433C43C0F8004703B0F0BD1FB50DF1C4
:106DD0000F03019300238DF80F1000931A461946F4
:106DE000FFF7ABFF05B05DF804FB08B50146F7F708
:106DF000EBFB40B10846F7F7CFFB00B2800000F58F
:106E0000807080B208BD4FF4BE70FBE738B5054610
:106E100008460C46F7F7D8FBB0B10846F7F7C8FBB1
:106E200090B90846F7F7B8FB2A6801238340C2F8F7
:106E300008332A6803B202EB8303D3F8102522F04B
:106E40000302C3F8102538BD20460021BDE83840B4
:106E5000FFF7BCBFF7F73EBCFFF7D8BF0846FFF708
:106E6000C4BF4FF080531A695869504370474FF0C0
:106E70008053186970474FF080535869704700F18C
:106E800080431A68002A1FBF00221A601B68012075
:106E900008BF002070474FF080434FF46072C3F882
:106EA000042370474FF080434FF46072C3F8082307
:106EB000704708B5F7F7B0FFBDE80840F7F7F4BA38
:106EC00030B502240C72CA6004680125C4F800556C
:106ED000096879B112F0040F0CBF822192211507C5
:106EE00048BF41F02001D406046848BF21F080016A
:106EF000C4F800139B000168083312F0800006BF3D
:106F00000122CA50C81830BD30B5A2F58075AD0851
:106F10000124AC400C4207D0815829B10021815096
:106F200082581A6822431A6030BD13B500230C46FC
:106F300001934FF4887201ABFFF7E6FF21464FF44F
:106F40008A72FFF7E1FF21464FF48E72FFF7DCFFF4
:106F500021464FF48272FFF7D7FF21464FF4847227
:106F6000FFF7D2FF21464FF48672FFF7CDFF4FF4B3
:106F70008C722146FFF7C8FF019802B010BD70B5B2
:106F80000C46B2210646FFF7D0FFC206054607D5DC
:106F9000E3685B0704D5236813B161680120984753
:106FA000A80607D5E368190704D5236813B16168FB
:106FB000022098472A0607D5E36813F0100003D192
:106FC00023680BB161689847AB070BD50023C6F85F
:106FD000003501232372236823B161680320BDE8D3
:106FE0007040184770BDF7F777BF70B5A2F5807491
:106FF000A408012606FA04F4054614EA010008D0A4
:10700000A85830B10021A950AA581A6822431A6022
:10701000304670BD2DE9F341002304460D4601932F
:10702000904601AB4FF4A672FFF7DFFF4FF4827278
:1070300029462046FFF7D9FF4FF48C7207462946B0
:107040002046FFF7D2FF064630B1B8F1000F1DD041
:1070500017B1D4F83C353E4601AB4FF4887229464F
:107060002046FFF7C2FF30B1B8F1000F03D016B9C8
:107070000FB1D4F83C3501AB4FF49072294620464D
:10708000FFF7B3FF019802B0BDE8F0814646E3E7A1
:1070900007B5019001A8F8F74BF8019A0123934036
:1070A000C0F8083503B05DF804FB07B5019001A8EE
:1070B000F8F73EF8019A01239340C0F80C3503B06D
:1070C0005DF804FB91F820200346032A29D8DFE865
:1070D00002F0212519028A68500304D5D3F84C2503
:1070E0000869904207D18A6852031AD4D3F84C2514
:1070F0008969914215D000200622C3F80005C3F823
:1071000000257047D3F84C2508699042F3D1D3F895
:107110003C25EDE7D3F84C250969EAE7D3F83C258F
:10712000FAE70120704738B5857B04465DB90068F1
:10713000062303222946F8F7E9FA606806230322AA
:107140002946F8F7E3FA012038BD30B5A2F580757D
:10715000AD080124AC400C4207D0815829B1002170
:10716000815082581A6822431A6030BD13B500233B
:107170000C4601934FF4A47201ABFFF7E6FF2146E2
:107180004FF48272FFF7E1FF21464FF49272FFF74E
:10719000DCFF21464FF4A872FFF7D7FF21464FF4DA
:1071A000A672FFF7D2FF21464FF4B072FFF7CDFF72
:1071B0004FF4AE722146FFF7C8FF019802B010BD30
:1071C00007B5019001A8F8F7D1FD019A012393407A
:1071D000C0F8083503B05DF804FB08B1D7F7FABE74
:1071E0007047704740B1C368587810F001001EBF67
:1071F0001878B0FA80F04009704710B5C3685B7822
:10720000DB0704460BD5836963B19847002805DB8B
:10721000E3685A786FF300025A70002010BD4FF0F7
:10722000FF30FBE76FF08500F8E77FB50BAB059308
:1072300003930A9B02930023CDE9003301221846F1
:10724000D2F702FC07B05DF804FBEFF311832023B3
:1072500083F31288BFF36F8FFEE708B5FFF7F5FFE2
:1072600010B54369044633B90020E268537843F00F
:107270000103537010BD98470028F5D00028B8BF0F
:107280004042E368FF28A8BFFF201870EDE701F037
:107290009CB801F072B8C3685B78DB0701D4FFF7D4
:1072A000DFBF6FF07700704708B5F8F7F1FFBDE872
:1072B0000840F8F7FBBF10B400F10C04C0E9034428
:1072C000002404755DF8044BFCF7FCBD2DE9F04F7C
:1072D00089B0DDE9126705463B46914606A832466D
:1072E000059100F080FEDDE9063405F1140ACDE9D0
:1072F0000234EFF311844FF0200888F31288BFF3B3
:107300006F8F05F10C0B05994A462846FCF7DEFC09
:1073100030B184F31188BFF36F8F09B0BDE8F08FEF
:107320003E43F6D0DDE9022306A800F080FEDDE949
:1073300006675A46CDE9006721465046F9F71EFF19
:10734000EFF3118488F31288BFF36F8FDBE707B583
:10735000CDE900230A460421FFF7B8FF03B05DF82A
:1073600004FB38B50446EFF31185202383F312881C
:10737000BFF36F8FFCF772FC04F10C0000F041FCCE
:1073800030B1294604F11400BDE83840F9F772BF66
:1073900085F31188BFF36F8F38BD8169C36843EAF5
:1073A000010212F003020FD102614269013A01FBAE
:1073B0000233C2689A4201D90020704702691A60FC
:1073C000826903619B1AF4E76FF0150070472DE99D
:1073D000F04105460F46EFF31188202383F312880E
:1073E000BFF36F8F0669FEB90468A0421CD0DCB100
:1073F000D4E9003213605A60637BA66023F0020375
:107400006373C4E9006604F1180000F0C5FD20466E
:10741000C4F8B060276100F095FB414605F1080013
:10742000BDE8F041F9F726BF3E60EB692F61013BF3
:10743000EB6188F31188BFF36F8FBDE8F081D7F758
:10744000EDBAFEF771BD00BF704708B52024EFF319
:10745000118384F31288BFF36F8FFEF76FFDF6E799
:10746000D0E9003213605A60427B002322F002020E
:10747000C0E90033427383607047C0E9032303FB14
:1074800002120023436280F83030037200F12803B7
:10749000C0E90621C0E90000C0E90A334161016288
:1074A0007047F8B50D46A1FB0214074616463CB9D5
:1074B0002046FAF78BFD014628B96FF00B0001E07A
:1074C0006FF01500F8BD334638462A46FFF7D5FF62
:1074D000012387F830302046F4E7C3680B60036966
:1074E0004B60436A8B607047034610B50846EFF364
:1074F0001184202282F31288BFF36F8F5A6A4AB137
:10750000DA68D96900F039FF002084F31188BFF3ED
:107510006F8F10BD6FF02200F7E770B51346044679
:107520000846EFF31186202282F31288BFF36F8F93
:10753000626A9A4211D9D4E90651E2686D1A53433E
:107540009D429CBF61695B1B194400F016FF00203F
:1075500086F31188BFF36F8F70BD6FF02200F7E7DD
:10756000F8B50446EFF31186202383F31288BFF3A6
:107570006F8F0568A84231D02DB32846FFF770FF02
:1075800005F1180000F008FD6FF02207C5F8B07093
:10759000284600F0D7FA2568AC420AD1002363627E
:1075A000236AE361314604F10800BDE8F840F9F7C9
:1075B00061BE3DB12846FFF753FF05F1180000F00A
:1075C000EBFCE3E7012500236362236AE361002DFE
:1075D000E8D186F31188BFF36F8FF8BD00234362B3
:1075E000036AC361F5E790F90E308B4201D0F9F7D9
:1075F000F1BD0020704703460020C3E90200C3E943
:1076000000337047D0E9003213605A60427B002398
:1076100022F00202C0E900334273836070472DE913
:10762000F041904604469DF818200D46EFF3118670
:10763000202181F31288BFF36F8F02B14568224683
:1076400052F80C7F974217D0B7B13846FFF7DAFFF0
:1076500007F1180000F0A0FC0023C7F8B030C7F80D
:107660001080384600F06EFA04F108003146F9F750
:1076700001FE0020BDE8F081ABB108210020FAF73F
:10768000A5FC002838D00122C0F8048002600168FF
:1076900001F003015DB922680A430260626820605C
:1076A0006AB960600BE0C8F800304046EFE72A682E
:1076B000032A16D80160616869B9C4E90000042191
:1076C00004F1140000F00AFE0028CDD186F31188E1
:1076D000BFF36F8FCEE70A6802F0030202430A602D
:1076E000DFE722F003020A4302602A6802F0030285
:1076F00040EA02032B60E2E76FF00B00E6E710B50B
:10770000044630B10268930703D0446809B100F021
:1077100024FE204610BD0023C0E90033037200F1AF
:107720000C03C0E9033300F11403C0E905337047CB
:10773000F8B50546EFF31186202383F31288BFF3D3
:107740006F8FC46800F10C039C4200F1140719D03C
:10775000C4B12046FFF756FF04F1180000F01CFCEE
:1077600000232046C4F8B030236100F0EBF9082173
:10777000384600F0B3FD314605F10800BDE8F84099
:10778000F9F778BD0821384600F0A8FD0028F2D1AD
:1077900086F31188BFF36F8FF8BD07B501230093FF
:1077A00000230A461946FFF73AFF03B05DF804FBD1
:1077B00007B500230A4600931946FFF730FF03B0D0
:1077C0005DF804FB07B501230A4600930021FFF78B
:1077D00026FF03B05DF804FB07B50A4600210091BF
:1077E0000123FFF71CFF03B05DF804FB00680021D4
:1077F000FFF785BF40680021FFF781BF5AB18A4279
:1078000009D300F11003C0E90212C0E90000C0E989
:107810000433002070476FF015007047C0E9031172
:10782000002301EB8201C0E900000372416170474F
:1078300038B505460C4600208900FAF7C7FB01461B
:1078400038B128462246FFF7E9FF01232B760020B6
:1078500038BD6FF00B00FBE72DE9F04106460F46FF
:10786000EFF31188202383F31288BFF36F8FD0E9E1
:10787000043293422BD00468A0421ED0ECB1D4E96C
:10788000003213605A60637B002523F002036373A8
:10789000C4E90055A56004F1180000F07DFB204606
:1078A000C4F8B050276100F04DF906F108004146D8
:1078B000F9F7E0FC2846BDE8F0811F603369043326
:1078C0003361002088F31188BFF36F8FF3E76FF007
:1078D0000B00F7E7026801238B4022EA03030360F1
:1078E00022FA01F000F00100704710B503210446B0
:1078F0000C30FFF7EFFF30B104F1100000F04CFB4B
:10790000B0FA80F0400910BD28B10022114600F500
:10791000807000F0B1B9704770B5C368C3F340061A
:107920009B07044616D4856802210C30FFF7D2FF6E
:1079300080B1D5F8F8206AB194421DD122689EB971
:10794000D5F8FC30C5F8F8209C4201D1C5F8FC20E0
:1079500000232360E36813F01F001EBF43F00203FF
:10796000E36040F0020070BD3260D5F8FC20944224
:1079700008BFC5F8FC60EBE716461268DBE773B595
:107980000446EFF31185202383F31288BFF36F8F32
:107990000023A0F11006032104380193FFF79AFF9A
:1079A00028B1A369019301A93046F9F74BF885F393
:1079B0001188BFF36F8F02B070BD38B504460D4615
:1079C0001022002100F001FD656038BD13B5019063
:1079D0000846EFF31184202383F31288BFF36F8FDF
:1079E00001A9F9F72FF884F31188BFF36F8F02B064
:1079F00010BD10B5FFF7EAFF041E08DDEFF311809C
:107A0000202383F31288BFF36F8FF9F763FC2046BE
:107A100010BD38B5302204460D46002100F0D5FCDB
:107A20004FF480736560E36038BD38B50446EFF30A
:107A30001185202383F31288BFF36F8FFFF755FF63
:107A40002046FFF769FF85F31188BFF36F8F38BDBC
:107A5000D0E9003213605A60427B002322F0020218
:107A6000C0E90033427383607047C0E90000002022
:107A70007047EFF30580003818BF0120704790F978
:107A80000E0070477830704708B50B4600F178015A
:107A9000184600F067FD002008BD10B50024C0E9BD
:107AA00006448460037342738173C47310BD10B5C0
:107AB00000238B4202D11360002010BDC45CAA2CAD
:107AC000F9D10133F5E70A46D0E92601FFF7EFBF08
:107AD000D0E9003213605A600023C0E900337047D8
:107AE00008B5FFF7F5FF437B23F002034373002340
:107AF000836008BD38B504460D46F9F755FA637B37
:107B000043F002036373E5B1A5602B689D4209D180
:107B10006B68C4E900531C606C6012E06A689A42AA
:107B2000F6D01B68002BF3D094F90E2093F90E10B9
:107B30008A42F3D09142F1DD5A68C4E90032146000
:107B40005C6038BD10B5EFF31184202383F31288F5
:107B5000BFF36F8FF9F7E6F984F31188BFF36F8FE6
:107B600010BD08B5EFF31181202282F31288BFF314
:107B70006F8F83680BB1FFF7B3FF81F31188BFF3F9
:107B80006F8F08BD10B50146EFF31184202383F3F6
:107B90001288BFF36F8F437B13F0280F0AD18368DD
:107BA0000BB1FFF79DFF4B7B23F004034B7308469B
:107BB000F9F7B8F984F31188BFF36F8F10BD012175
:107BC0001838FFF7DFBF08B50346EFF31181202215
:107BD00082F31288BFF36F8F0068834207D008B129
:107BE000FFF77EFF81F31188BFF36F8F08BD002080
:107BF000F8E710B5FFF7B5FFBDE81040183000F00A
:107C0000CBB938B504680546AC424FF0000000D14E
:107C100038BD002CFCD02046FFF7EBFF2046FFF7D5
:107C200091FF2C680120A542F1E738B504460D46C6
:107C3000F9F738FCB5F1FF3F08BFB4F1FF3F02464A
:107C4000204618D000204FF47A7447F6FF7301469F
:107C5000C2FB0431B3F5004F71F100020BD36FF496
:107C600000429A4243F6FF728A4126BFD80B40EA8F
:107C700041406FF0004038BD38B5EFF31185202347
:107C800083F31288BFF36F8F0468A04213D0A4B1AE
:107C9000C4F8B01022612046FFF722FF04F118005B
:107CA00000F07AF92046F9F73DF9012085F31188B3
:107CB000BFF36F8F38BD0020F8E72046F6E7F0B538
:107CC00085B00646154602A8DDE90A230C4600F0F9
:107CD000AEF9DDE9021251EA020326D023682046FC
:107CE000013340F8183B0C9B00271F70CDE90012B0
:107CF00032462968F9F742FAEFF31183202282F322
:107D00001288BFF36F8F2B60226894F82C30013AF1
:107D10009907226002D51AB16FF08B0005B0F0BD53
:107D200023F0020384F82C30F6E76FF00A00F5E741
:107D300038B5044600200022054611462046FFF7CC
:107D40009BFF0028F7D1284638BD0023C0E9023345
:107D500003610360037600F11C03C0E9073300F1FF
:107D60002403C0E90933426100F130030122C0E974
:107D70000C33416080F82C2070472DE9F04F2DED39
:107D8000028B8DB00546904608A8DDE918230491C2
:107D900000F029F99DED088BEFF31183202282F387
:107DA0001288BFF36F8F95F82C400B9314F00204E8
:107DB0004FF000038DF82B3040F0908095F82C6048
:107DC000F64316F0010640F08C80EA896B899A42EE
:107DD00062D12B68002B5AD005F11C03A8EB040BD1
:107DE0000593B246EF69059B9F423ED0002F3CD0E1
:107DF000D7F810900498D9E90123ABEB0601D21A09
:107E00008A4228BF0A46D9F800100691A1190144F8
:107E100006980792184400F0B0FAD9F80810079AAB
:107E200016440A44D9F80410C9F808208A421CD321
:107E3000D7E900210A6051607A7BC7F808A022F0D8
:107E400002027A73C7E900AA07F1180000F0A4F84B
:107E5000C7F8B0A0C7F810A03846FFF773FE4FF080
:107E60000103B3458DF82B30BCD83444A0450ED85F
:107E700026469DF82B30BBB30B9905F11800F9F796
:107E8000F9F930460DB0BDEC028BBDE8F08F202132
:107E900005F1300000F022FA049BA8EB0402191946
:107EA000281DFCF7CAFA0444A04501D14646E0E784
:107EB0000DF12B038DED008B02930BAA294605F1E2
:107EC0002400FFF7FCFE064600283FF477AF10F1D0
:107ED0000B0FCED1002C18BF2646CAE76FF08B06D9
:107EE000C7E76FF01F06C4E70B9B83F31188BFF34E
:107EF0006F8FC6E738B50446EFF31185202383F36F
:107F00001288BFF36F8F0023C0E902330361036857
:107F100063B190F82C3043F0020380F82C301C3011
:107F2000FFF706FF04F12400FFF702FF85F3118835
:107F3000BFF36F8F38BD38B50446EFF311852023AA
:107F400083F31288BFF36F8F002380F82C301C302E
:107F5000FFF7EEFE04F12400FFF7EAFE85F3118837
:107F6000BFF36F8F38BD10B5F9F78AFD0446F9F7F6
:107F70008FFD74B1D4E904321B1A62EBE072B3F1E5
:107F8000004F72F1000104DA002AACBF184600204D
:107F900010BD6FF00040FBE738B50246EFF31185E6
:107FA000202383F31288BFF36F8F036893B1F9F72F
:107FB00067FD04461046F9F775FD844204D1FFF7CA
:107FC000D2FF0021F6F710F8002085F31188BFF3E7
:107FD0006F8F38BD6FF01500F7E708B5F9F74CFE65
:107FE00008BDF9F749BEB3F1FF3F08BFB2F1FF3F4B
:107FF00070B504461D46164613D01A4315D06FF0CF
:108000000102921B4FF0FF3363EB0501002904DAF4
:10801000F9F732FE821941EB0501C4E9002120463F
:1080200070BD4FF0FF321146F7E70022FBE7B3F1D6
:10803000FF3F08BFB2F1FF3FF8B5074616461C46A2
:1080400010D054EA020311D0F9F716FEB0420A46E6
:10805000A14103460AD2F31A64EB0204C7E90034D3
:108060003846F8BD4FF0FF331C46F7E70023FBE727
:108070000023C0E9081200F11802C0E90622C0E995
:10808000003303634363704710B50446FFF784FF72
:10809000A8B9636A0BB12046984704F11800FFF7AE
:1080A00092FD60B1FFF74EFDEFF31180202383F3C3
:1080B0001288BFF36F8FBDE81040F9F70BB910BD00
:1080C0000346EFF31182202181F31288BFF36F8FF3
:1080D0000021006B196382F31188BFF36F8F704723
:1080E00070B5D0E90034984209D044B1A568EDB12B
:1080F00015F9526C12F9525CB54208D007DDC1E99E
:1081000000042160416010E0A342F8D01B68002BFE
:10811000F5D09A6862B112F9522CAA42F4D0F3DD7C
:108120005A68C1E900321160596070BDAB7BFFDE57
:10813000937BFCE72DE9F84F00250F46144698463F
:1081400001462E464FF0200AA946BD4202DB3046CA
:10815000BDE8F88FEFF3118B8AF31288BFF36F8FAE
:108160004B7B03F03F03082B09D853B1013B072B8E
:1081700007D8DFE803F0281C06220606062E102B7F
:108180003ED0B8F1000F34D12378002B31D04B7B97
:1081900003F03F03082B35D8002B35D0013B072BCC
:1081A00032D8DFE803F03E34313A313131410B69E6
:1081B0009B68002BE5D0022310E00B691B68002BA5
:1081C000DFD004230AE00B699B68002BD9D0012380
:1081D00004E00B695B6A002BD3D01023CA68C1F896
:1081E0000890C2F38630034363F39432CA6084F884
:1081F00000908BF31188BFF36F8F01351431A4E722
:108200002023EBE7102B13D08C600136F1E70869CF
:1082100022461030FFF764FFF6E708692246143063
:10822000F8E708692246F5E7086922462830F1E7B1
:10823000086922463030EDE72DE9F04184680546B3
:108240000E46D4B16378012B22D114F8533C9A071F
:1082500011D5A4F160073846FFF7CBFC082E0CBF00
:108260006FF003030023236514F8533CDB0602D1AF
:108270003846FFF767FC00232370EB68C3F38632B0
:108280001643002066F39433A860EB60BDE8F081EC
:10829000022BF0D12378002BEDD054F8048CB8F1E8
:1082A000000FE8D004F11400FFF776FEA4F11407E4
:1082B0000023E36239464046FFF788FBDBE710B551
:1082C0005205090201F47C5102F400120A43017BB9
:1082D00000240A43C0E90323846010BD38B5EFF3DE
:1082E0001185202383F31288BFF36F8F0468A042A7
:1082F00011D0D4E9003213605A600023C4E900337E
:108300002046FFF799FF85F31188BFF36F8F201E7A
:1083100018BF012038BD0024F5E70023C0E90000A4
:108320008360704700238360704783680B60C36875
:10833000136070470432D3B5044608D200260027E4
:10834000CDE9006741F00401FEF7C0FF10B900203D
:1083500002B0D0BD40F8044BFAE720B1011F50F83D
:10836000040CFEF7FEBF704701460420F9F720BE5B
:10837000002070476FF0570070470A44914200F1A7
:10838000FF3300D1704710B511F8014B03F8014FCE
:108390009142F9D110BD884210B501EB020402D917
:1083A0008442234607D8431EA14208D011F8012B6E
:1083B00003F8012FF8E7024401468A4200D110BDBC
:1083C00013F8014D02F8014DF7E7024403469342CA
:1083D00000D1704703F8011BF9E720F02003413B6F
:1083E000192B05D9303809288CBF0020012070478F
:1083F0000120704720F02000413819288CBF002050
:10840000012070471F2804D9A0F17F03584258412A
:10841000704701207047303809288CBF00200120A8
:10842000704721385D288CBF0020012070476138DB
:1084300019288CBF00200120704720385E288CBF8F
:10844000002001207047202805D0093804288CBF5F
:1084500000200120704701207047413819288CBF47
:10846000002001207047A0F13003092B07D920F02C
:108470002000413805288CBF0020012070470120D2
:108480007047A0F14103192B98BF20307047A0F12D
:108490006103192B98BF203870470021F9F764BE9B
:1084A0000A220021FAF71EB80A220021FAF71AB8A8
:1084B000F9F7A4BDF9F7BEBD10B5013902449042E9
:1084C00001D1002005E0037811F8014FA34201D04B
:1084D000181B10BD0130F2E710B5044614F8013B3B
:1084E000A3F14102192A11F8012BA2F1410098BF12
:1084F0002033192803D82032981AEFD010BD981ACB
:10850000FCD1002AEAD1F9E710B5024614781346E7
:108510000132002CFAD1013B11F8012B03F8012F95
:10852000002AF9D110BDC9B20346184613F8012B31
:1085300012B18A42F9D17047002918BF0020704754
:1085400010B56AB10139841810F8012B11F8013FF8
:108550009A4203D1A04201D0002AF5D1D01A10BD11
:108560001046FCE710B50139044632B111F8013F5D
:1085700000F8013B013A002BF7D10021FFF725FF5E
:10858000204610BD10B5024601448A42134603D06E
:108590001C780132002CF8D1181A10BD38B511F032
:1085A000FF0403460ED12146BDE83840FFF7BBBFAC
:1085B000431C054621461846FFF7B5FF0028F7D1B2
:1085C000284638BD0025F5E70A7870B56AB970BD50
:1085D0009A4209D10C46054614F8013F002BF6D00B
:1085E00015F8016F9E42F7D001300378002BEFD1D0
:1085F0001846ECE72DE9F047C3F1370907468846EE
:108600005FFA89F903F01F0516464FF0000A384655
:1086100041462A465346C8F78BFCD4B2092C88BF82
:108620004C443A46434688BFE4B2AA4204F13004BF
:1086300073EB0A0306F8014B07468846E7D230463B
:10864000BDE8F0872DE9F04387B01C4602AB0093EC
:108650001746D2E902238146884600F0E1F804ABD0
:108660000093D7E9002306460D464846414600F0F0
:10867000D7F8DDE90423901953EB05014FF000070B
:1086800028BF012737B1029B039A013342F1000250
:10869000CDE90232403CDDE90223009400F0DBF832
:1086A00007B0BDE8F0832DE9F04F89B00618994670
:1086B00004AB41EB0104009315463046D2E9002398
:1086C0002146DDF84CB000F0ABF806AB0093D5E9DD
:1086D0000223074688463046214600F0A1F8DDE92E
:1086E0000463841951EB0306069BD5E900014FF0A2
:1086F000000228BF0122D218079B43F1000338185B
:1087000048EB0101B84271EB0801E9680391A968DF
:1087100034BF0120002014EB010C039946EB01014A
:1087200010EB0C0041F10001A04271EB060C34BFCC
:108730004FF0010C4FF0000CCDE90623A9F1410ADE
:108740001CEB020243F10003CDF800A000F083F817
:10875000129BC3E90001149B012BDDE9062329D1FB
:10876000D5E90201D5E900C5201A66EB010167458C
:1087700078EB050534BF01250025401B61F10001A0
:10878000844276EB010534BF01250025521BCDF84C
:1087900000A063F1000300F05EF8DDE90623CBE9F9
:1087A0000001CDF800A02046314600F054F809B091
:1087B000BDE8F08F17EB070E48EB080C201946EBCD
:1087C0000601BE457CEB080834BF01270027C71906
:1087D00041F10008D5E9000186457CEB010CD5E9A3
:1087E000021534BF01200020381A68F1000C401A2D
:1087F0006CEB050192185B41A74278EB060534BF8C
:1088000001250025521943F10003874278EB010846
:1088100034BF01250025521BA9F140050095B8E79A
:10882000F0B50F460446A0FB0201A7FB025249190E
:10883000A3FB044542F10002A7FB0373611845F155
:108840000004D219059E43F10003121943F10003FD
:10885000C6E90023F0BDF0B5059CC4F14007C4F1A2
:10886000200602FA06F6A4F12005BB4022FA05F51F
:108870003343C4F120062B4301FA06F6A4F1200588
:10888000E04021FA05F53043BA402843E140104367
:108890001943F0BD2DE9F04357EC106B3B463446CD
:1088A000C3F30A55C3F31303FE0F54EA030C067116
:1088B00040F2FF7707D0BD420CD146F008060671A2
:1088C0000020BDE8F083002D63D0BD425ED146F0AC
:1088D0000406F4E7002D59D10125A5F2FF35002942
:1088E000056059DB0C2959DCC1F10D05AD000126ED
:1088F00005F1FF3EA5F1210CC5F1210726FA07F786
:1089000006FA0CFC06FA0EF64CEA070CB7194CEB0B
:108910000C09D7F1000869EB490E013F49F1FF3915
:10892000274009EA0309BE427CEB09090FDBC5F1C8
:108930002009B5F1200703FA09F924FA05F545EAFB
:1089400009055CBF43FA07F73D43ED0703D5A619B8
:10895000344643EB0C0304EA080403EA0E0300F177
:1089600012050D260846C2F127024FF0300E04F022
:108970000F01240944EA037406F1FF3C1B116F1E2A
:10898000B1B9B0420CDA66463D46F0E743F48013D5
:10899000A3E72C462B46A2E70021E0E70D21DEE706
:1089A00085F800E01CF1010166463D46DFD188E70D
:1089B0000929C8BF89183031B0422970B8BF304684
:1089C000F0E7D1E9043293421EBF5A1C0A611870C5
:1089D000704738B58B789B070D4609D5C4B24B68F4
:1089E00020469847002806DAAB7843F00403AB70C2
:1089F0004FF0FF3038BD2046FCE770470148006863
:088A0000704700009C500020AB
:088A08009485FC7F01000000D1
:108A1000C5EF01000000000000000000F88A04001B
:108A2000C902040000000000ED0204000000000084
:108A30006D0304000000000000000000408B0400F3
:108A4000000000001C8B0400198B010000000000D6
:108A500000000000AC8B040000000000648B0400E8
:108A600000000000888B0400C1BE0300000000006D
:108A700085DE030000000000254504000000000022
:108A80007DEB01000000000091B701000000000034
:108A9000C50804000000000000000000F48B040082
:108AA00000000000608C0400000000003C8C04000A
:108AB00000000000A88C040000000000848C04006A
:108AC00000000000CC8C040000000000F08C0400CA
:108AD00000000000188C040000000000D08B04008F
:108AE000E9EF010000000000399B030000000000D6
:088AF0004DC10100000000006F
:108AF800F40C050078C30400188F04001F0600203A
:108B0800FC950020DDBB0300000000000000000011
:108B18006CC30400030E0500BCC30400C08E04002F
:108B280025060020CC96002059C60300000000004E
:108B380000000000B0C304002A0E0500E0C30400D2
:108B4800C08E040027060020D896002059C60300CE
:108B58000000000000000000D4C3040052D4040048
:108B6800D4080020348F04001906002000000020DB
:108B7800D1B3010000000000000000008CA0040038
:108B8800370D050000000000A08E0400210600201B
:108B980058960020D5C00300000000000000000027
:108BA80090C30400FF1005000CC60400808F040069
:108BB800330600200405002061D2030000000000F5
:108BC80000000000FCC504007CA8040000000000B0
:108BD8000C8F04001B0600204874002000000000D1
:108BE8000000000000000000A4A80400C40C050058
:108BF80000000000948E04001D0600200000000004
:108C0800F1B90300000000000000000054C3040094
:108C1800BA0D050000000000A88E040023060020FD
:108C28000000000021C20300000000000000000056
:108C38009CC304001D0F050004C40400E48E040056
:108C480029060020E49600204F6A04000000000076
:108C580000000000F8C30400430F050064C40400CA
:108C6800E48E04002B060020189700204F6A0400A9
:108C7800000000000000000050C404006910050056
:108C8800BCC40400FC8E04002D0600204C97002074
:108C9800696B04000000000000000000B0C404007C
:108CA8008F1005002CC50400FC8E04002F06002040
:108CB80054970020516B04000000000000000000E1
:108CC80020C50400B51005009CC50400FC8E0400F6
:108CD800310600205C970020396B0400000000007A
:108CE8000000000090C50400F812050040C604000A
:108CF800048F0400350600200C0500205DD4030015
:0C8D080000000000000000002CC6040069
:108D1400B36E0400316D040000000000215F040004
:108D2400AC8B040091D103004DFD0300316D0400B0
:108D34005DFD0300316D040000000000215F0400AC
:108D440049EB0300316D0400F48B04003DBA0300C9
:108D540000000000215F040000000000215F040007
:108D640000000000215F040000000000393103000E
:108D740000000000215F04005896002045C1030054
:108D8400000000006984030000000000215F04006B
:108D940000000000215F04000000000015DF030054
:108DA40000000000215F040000000000215F0400B7
:108DB40000000000215F040000000000215F0400A7
:108DC40000000000215F040000000000215F040097
:108DD400000000006931030000000000215F04006E
:108DE40000000000215F040000000000215F040077
:108DF40001F10300316D040000000000215F040054
:108E040000000000215F040000000000215F040056
:108E140000000000215F040011F10300316D040023
:108E240021F10300316D0400B9F60300316D040033
:108E340000000000215F040000000000215F040026
:108E440000000000215F040095AD0300316D0400B3
:108E540000000000215F040000000000215F040006
:108E640000000000215F040000000000215F0400F6
:108E740000000000215F040000000000215F0400E6
:108E840000000000215F040000000000215F0400D6
:0C8E940045B60300BDB703005802000003
:088EA0007DC00300D5BF0300F3
:108EA800D1C1030095C4030035C30300C9C1030041
:088EB800A3680400B9C1030026
:108EC000EDC60300F7680400056904001D6904008D
:108ED000296904003569040059C503004F6904007D
:048EE000000000008E
:108EE4008DCA030000000000D5C803000000000084
:088EF400000000004DCA03005C
:088EFC0099CD03000D6B040089
:088F040045D703007B6C04005B
:0C8F0C00612A0200F1290200412C020041
:108F180035BC030077670400D76704000000000031
:0C8F2800156704000000000000000000BD
:108F3400714A04005DB401000000000021B2010088
:108F4400294A040001B20100B5480400BF480400E6
:108F5400E1B10100DF48040000000000E94804001A
:108F64000000000000000000F7480400834A0400E9
:108F7400134904006B4904001B49040019D0030081
:108F8400DDD103003DD0030025D403004DD0030000
:108F940079D00300C1D00300EDD00300CDD003008D
:108FA400DDD00300EDD0030015D1030029D1030067
:108FB40039D1030049D10300816B04007DD1030042
:088FC4000000000000000000A5
:0C8FCC0000000000000000000000000099
:108FD800D010050003000000D10C050003000000BC
:108FE800F0CD0400030000009CBB04000300000057
:108FF80070AC04000300000090A804000300000007
:10900800C0B304000300000088BB04000300000094
:10901800D8EB04000300000034EB04000300000058
:1090280097CE040003000000150D050003000000A2
:10903800C0E704000100000035E60400030000005A
:10904800E50D0500030000000BEB04000300000021
:109058006E0F050003000000720F050003000000FA
:10906800E4EC040001000000000605000100000017
:109078000E09050001000000D0CE04000300000026
:10908800D4CE04000300000012EB0400030000002B
:109098001AEB0400030000005B0B0500030000004E
:1090A80044CB040003000000C710050003000000C3
:1090B800C6DC040003000000CCDC04000300000050
:1090C80029EB04000300000027130500030000003B
:1090D80065D4040003000000A6D2040003000000C9
:1090E80085D10400030000004C0B050003000000BC
:0890F80030D304000300000066
:10910000C0A1040094500020E0DC04000000000036
:1091100059CA0400BD0A0100A4C904002D0A0100B7
:10912000ACCA0400D10F0100D1C904007D0A0100BE
:109130003DCA040061010100B1C904009D0901009C
:1091400012CA0400ED090100B9CA0400C5090100F2
:109150007FCA0400B1090100C8CA0400010A010065
:1091600072CA04002107010065CA0400CD04010091
:1091700005CA04005D01010098C904001D04010036
:109180002ECA0400290E01004ACA0400650E01001F
:10919000F9C90400F903010021CA040025010100F6
:1091A00088C9040041010100DFC904007104010005
:1091B00078C90400910E01008ECA0400D903010091
:1091C000EBC9040001010100C0C904001501010040
:1091D0006BC90400ED0C01009BCA0400310F0100B3
:1091E00058C904007F3A0400E3120500F08C040023
:1091F000A50D0500188C040064A80400D08B0400A1
:10920000B00C0500F48B0400EF0D05001C8B04006E
:109210002F0F0500608C0400090F05003C8C040032
:109220007B100500A88C040055100500848C0400F8
:10923000EB100500AC8B04003ED40400648B0400EA
:10924000A1100500CC8C0400E00C0500F88A040095
:10925000170E0500408B0400230D0500888B0400C9
:10926000E4FA040061EB0100741405004774040083
:10927000BDCE04000D400400B0CE04001F40040029
:109280003ECB0400F9730100CFCC04009B840400A2
:10929000D4CC0400A1840400CACC0400A984040036
:1092A000E4CB04008DF101000ECC040081F201003A
:1092B000FACB04006DF20100F2CB040055F201007C
:1092C000DFCC040049EC010016CB040001EB0100E7
:1092D00075CB040079B7010043CB04003977010056
:1092E000A6F904002DEC0100BACC0400DB830400D5
:1092F000A2CC0400F58304009ACC04000584040089
:1093000092CC0400178404008ACC04002384040057
:1093100072CC04002F84040082CC04003B8404003F
:10932000C2CC0400478404007ACC04005B840400AF
:1093300069CC0400678404005BCB04005B7204000A
:10934000BE140500737A0400EECC040069830400A7
:109350005CCC0400FD1204004DCC04002513040075
:1093600068CB0400718004004BCB0400C90B0400DF
:10937000F0CC0400C1EB0100B9050500B98404007C
:10938000B20505007B830400F7CC0400978304003A
:10939000AB050500CB830400B9CB04005362040085
:1093A000D0CB040077620400A1CB040087620400E4
:1093B00093CB04008DEF010022CB04005120040068
:1093C000A9CE0400F33F040031CB04007520040053
:1093D00039CB040081200400DACC0400B1840400FD
:1093E000E6CC0400F5EB010009CB04007B4404004B
:1093F000FBCA0400BF440400EECA04003B4404005E
:1094000047CB0400D97B010020CB0400C12004001D
:1094100029CB040019210400D9CC0400B584040030
:1094200023CD0400D9840400FFCC04000985040086
:1094300006CD04002785040014CD04009D0F010013
:1094400014CD04009D0F0100C0050500B10F0100FF
:109450000DCD0400C10F01000DCD0400C10F0100AE
:1094600036CD04004185040036CD0400418504005A
:109470002ECD0400658504002ECD04006585040012
:1094800045CD04009D8504003ECD0400C98504003F
:109490001BCD0400D1250400D7CA0400296D0400A7
:1094A0003FCB0400817C0100B2CC04008384040023
:1094B000AACC04008F84040036CC0400FDA6010071
:1094C00042CC040049A90100A8CE0400EF3F0400EB
:1094D0009205050000000000820505000000000064
:1094E0006C0505000000000057050500FB71040035
:1094F0003D0505008DFE03001B050500D5FE03009C
:109500000805050097720400F1040500E5710400E8
:10951000D604050000000000C4040500BB5D040083
:10952000B1040500000000009E04050000000000DA
:109530008C04050009DB010077040500935D04003D
:109540005B0405007B6804003904050071680400B1
:109550001604050069680400FA0305000000000015
:10956000E403050000000000C20305000000000045
:10957000B003050000000000950305000000000096
:109580007E030500000000006B03050000000000E2
:109590004F03050000000000350305000000000037
:1095A0001A03050000000000F6020500000000009C
:1095B000D602050000000000B70205000000000010
:1095C0009E0205000000000080020500000000006F
:1095D00060020500000000004302050000000000DA
:1095E00023020500216A040004020500A1690400A9
:1095F000E8010500A7690400CA010500CF6904005D
:10960000A2010500316A04008D0105000000000080
:109610007701050000000000600105000000000067
:109620003E010500000000001A01050000000000D6
:109630000601050000000000F3000500DB710400D6
:10964000D8000500210C0400C20005006B7A04005C
:10965000AA000500D50B040094000500950C040039
:109660007F000500000000006B0005000000000006
:109670005700050000000000440005000000000045
:109680002A00050000000000160005000000000090
:10969000FEFF040000000000E7FF04003F74040028
:1096A000D1FF040043740400BDFF0400000000006B
:1096B000A9FF0400000000008EFF0400E10C04007C
:1096C00075FF0400A374040063FF04006104040038
:1096D0004BFF0400DB74040030FF040000000000B6
:1096E00015FF04000000000002FF0400E9740400FC
:1096F000ECFE04001B750400D8FE04006175040034
:10970000C6FE0400A1030400B2FE0400F7750400C5
:109710009EFE04002905040088FE040019060400CA
:109720006BFE04000000000055FE04000000000075
:109730003AFE04000000000022FE040000000000C9
:1097400009FE040000000000EEFD0400000000001F
:10975000DAFD0400377F0400C6FD040000000000AD
:10976000B4FD040000000000A1FD04004B7D0400D6
:109770008FFD0400000000007CFD04009D17040024
:1097800063FD0400000000004FFD0400F57E0400AE
:109790003BFD04007B7D040021FD0400000000006F
:1097A00013FD0400B11E0400F8FC04002B83040028
:1097B000DEFC04001B830400C3FC0400611F0400E2
:1097C000A8FC0400258304008CFC0400C577040079
:1097D0006FFC0400D977040054FC040031770400C6
:1097E00041FC0400B90604002DFC040017770400B6
:1097F00015FC040000000000FCFB0400ED770400F1
:10980000E3FB0400F5770400CFFB0400C913040058
:10981000ABFB0400A915040094FB04000000000049
:1098200082FB04001D07040070FB0400FD770400A8
:109830005DFB0400DD0704004BFB040091070400FE
:109840003CFB04002B7C040022FB04003178040064
:109850000FFB04005D080400FBFA040059780400C3
:10986000EAFA0400ED930100D4FA04000DE80100C7
:10987000BDFA0400790E04009DFA04000000000007
:109880007DFA04000000000060FA040000000000FF
:109890004BFA0400F916040031FA0400897A040036
:1098A00018FA0400010D0400FBF904007F7A04009B
:1098B000DEF904009D130400C7F9040099120400A6
:1098C000ABF904007183040090F90400758304006F
:1098D00070F90400C77A040058F904008D100400E0
:1098E00032F90400000000000AF904000000000042
:1098F000EDF8040000000000CEF8040000000000B5
:10990000B9F80400891D04009FF80400C180040018
:1099100084F80400FD1D040070F804008980040030
:1099200053F804000000000036F8040000000000B6
:1099300020F80400E37F040010F80400251504005B
:1099400000F8040061150400F1F704001D14040080
:10995000D7F70400E9970300BFF70400D997010087
:10996000A9F704005D4504008AF704006D45040072
:1099700079F704009D97010066F704005145040043
:109980004CF704000000000031F704000000000064
:1099900017F7040000000000F9F6040000000000C2
:1099A000E3F6040000000000D0F604000000000010
:1099B000BAF60400000000008BF60400000000006E
:1099C00075F6040065F0010061F6040025F0010061
:1099D0004AF604000000000034F604000000000015
:1099E00020F60400000000000AF604000000000059
:1099F000EEF5040000000000D3F5040000000000B4
:109A0000B8F50400000000009DF50400000000000F
:109A100083F504000000000068F504000000000069
:109A20004EF504000000000037F5040000000000BF
:109A30001DF504000000000003F504000000000014
:109A4000EFF4040000000000D7F404000000000060
:109A5000C2F4040000000000A9F4040000000000AB
:109A600092F40400000000007CF4040000000000F8
:109A700062F404000000000053F404000000000041
:109A80003EF40400000000002BF40400000000007D
:109A90000AF404009F460400E9F30400B146040000
:109AA000C8F30400C5460400A9F30400FD9A0100B0
:109AB0008AF304000000000069F3040000000000C5
:109AC00055F3040039EB010040F3040000000000EE
:109AD00027F30400000000000CF304000000000065
:109AE0001CCC0400499A01001CCC0400499A0100D6
:109AF000D7DC0400F0010020143F0020CC0100203E
:109B00000200000044A10400103F002058A10400FE
:109B1000AC060020CCDC0400100A0020389D002098
:109B20002CA20400ACA00400ECA00400ACA1040032
:109B300004A2040098A00400C0C2040040A20400D3
:109B4000F0A10400DCA1040018A204000CA0040091
:109B50000000000000000000000000000000000005
:109B6000000000005FF70400A7D40400000000001C
:109B7000C5B701000000000095D604009FD6040080
:109B80000000000049B801000300000045FB04008C
:109B9000D6D4040000000000E1B70100020000007C
:109BA000A2FF0400BED60400DC9B040000000000FD
:109BB000000000005CD5040063D504000000000034
:109BC000A112010001010000BAD50400C2D50400B1
:109BD0000000000031B8010000000000000000009B
:109BE0000000000000000000000000000000000075
:109BF00081D9040086D904000000000079BB01006F
:109C000002000000ADD70400B2D70400000000003D
:109C1000EDB8010000000000D7F9040027D90400C6
:109C20000000000015BB01000200000053D8040032
:109C30005AD8040000000000E1B901000000000053
:109C400036D40400CCD8040000000000B1BA0100F2
:109C50000200000000000000000000000000000002
:089C60000000000000000000FC
:089C680099980300CF65040088
:089C70000100000000000000EB
:109C8000000103FF04FF02000001060201070000BB
:109C90000001020104040404841405000001000012
:109CA00000C201000000081B5B4A00001B5B48006B
:109CB000001B5B324A00001B5B4A00001B5B6D000F
:109CC000001B3700001B3800001B5B3F336C00009B
:109CD0001B5B4800001B5B324A00001B3700001B67
:109CE000380000000000000000000000000000003C
:109CF0000338FDD87047000001000000000000009C
:109D00000500000000000000190000000000000035
:109D10007D00000000000000710200000000000053
:109D2000350C000000000000093D000000000000AC
:109D30002D31010000000000E1F5050000000000E9
:109D400065CD1D0000000000F90295000000000034
:109D5000DD0EE90200000000514A8D0E00000000F7
:109D60009573C24800000000E941CC6B010000007F
:109D70008D49FD1A07000000C16FF2862300000024
:109D8000C52EBCA2B1000000D9E9AC2D78030000BB
:109D90003D9160E45811000031D6E275BC560000D8
:109DA000F52E6E4DAEB10100C9EA26836778080032
:109DB000ED95C28F055A2A00A1EDCCCE1BC2D3006F
:109DC00025A4000A8BCA2204000000000000000045
:109DD0000000000000000010000000000000000073
:109DE000B9340332B7F4AD1410DB1AB30892540E31
:109DF0000D307D951447BA1A66088F4D26ADC66D95
:109E0000F598BF85E2B74511CA96853D92BD1DEB19
:109E1000FCA11860DCEF52163C92AE220BB8C1B424
:109E2000839D2D5B0562DA1C304C7E8F4E8BB25BBE
:109E300016F4529F8B56A512FBD4827643ED8AF01E
:109E40008FE7F9311565191850F19BD94A13EEB413
:109E5000284CF0A686C1251F035FC270CB9E491611
:109E6000E642889C44EB2014B0650836AD6EA585AB
:109E700085F0CA14E2FD031A0B899979D5B13D0921
:109E8000D8DA973A35EBCF10AC363F5E73BB38CF9C
:109E90003E6752FA44AFBA1501000000000000000E
:109EA0000000000000000020345065C05FC9A652C9
:109EB000BB13CBAEC440C21806C8DF7100D5A87C66
:109EC000F56F0FDA58FC27136E4756357D24206551
:109ED00002C7E768E48CA41DE9E60268D7CD3961C2
:109EE0007977FCC2405BEF16798CDE43FFA751F90E
:109EF00091F3B278F5BDBE11E857E9D6E8BEE87B2C
:109F0000B054AC8F848D751BEA23A499E9F9D38BE7
:109F1000B7A3714061DA3E15CEE33ECB73F9480832
:109F20008C97B427D51B7010A2BFEFB9EB85321503
:109F30004DB44DB49BBB6F1996B6076CF8E7EEAD08
:109F400036D9B4F59135AE13222218AF4E6A684D5A
:109F500091DAAA3D4F40741E9FBD9EE006A1C098B5
:109F600057C2A7FDA40E90170E7D497173E3208F91
:109F7000B220D87605143B12853D7434811343B06A
:109F8000AD297A5F27F4351CE2652F227F2B7A3CBE
:109F9000075C143326A6813CBDCBF07A8807703C61
:109FA000075C143326A6913C4FBB610567ACDD3FCF
:109FB000182D4454FB21E93F9BF681D20B73EF3FF0
:109FC000182D4454FB21F93F00000040FB21F93FCC
:109FD000000000002D44743E000000809846F83CCC
:109FE0000000006051CC783B00000080831BF039FA
:109FF0000000004020257A38000000802282E336ED
:10A00000000000001DF369353A000000E9CD0400AE
:10A01000E5CD040000000000358B010000000000C9
:10A0200000000000A0CF0400A8CF04000000000042
:10A030000000000000000000B0CF0400B4CF040016
:10A04000B8CF0400BCCF04000400000000000000F2
:10A050000000000000000100188C04000100000056
:10A060000000010000000D00188C04000300000037
:10A0700000800F0000800000188C04000200000027
:10A0800000000E0000800100188C040090A0040065
:10A090000100000052D404007AD4040081D40400EA
:10A0A000509B0400000000000000000089D1040063
:10A0B000DAD90400C0A00400000000000000000085
:10A0C000C4A00400ADD70400EAD9040000000000D9
:10A0D000DDBB0100000000000000000000000000E7
:10A0E00000000000000000000000000064DB04002D
:10A0F0006BDB040000A10400B5BC010002020000FB
:10A1000004A104002DDC040032DC04000000000087
:10A1100079BD010005020000400805006ADC04006A
:10A120000000000051C0010002010000000000001A
:10A13000000000000000000000000000000000001F
:10A140003A000000BE9800201E0000000D560400DA
:10A15000F09A0400C40100200091040084A10400CE
:10A16000805000206400000070A104003C500020DA
:10A17000080B00208000000000000000BF4A04001F
:10A18000020000008758040088500020BE9800207C
:10A190001E00000085C101000D4B0400E94A0400C7
:10A1A0002D4B0400FB4A040000000000FCDF04000B
:10A1B000BEDF04000000000011CF0100010000001C
:10A1C0000F5804004F58040081570400000000009D
:10A1D000000000000000000000000000BDE00400DE
:10A1E000C4E0040000000000D5D701000100000019
:10A1F000EEE00400F5E0040054A2040079D8010068
:10A20000010100009AE10400A2E104000000000046
:10A2100095D701000100000014090500B3E1040016
:10A2200080A2040000000000000000008E00050075
:10A23000D9E104000000000041D801000100000045
:10A24000E7E10400EBE1040000000000035A040011
:10A250000000000058A204000EE2040016E2040010
:10A2600000000000F9D6010001000000000000001D
:10A2700000000000000000000000000000000000DE
:10A2800084A204005AE2040063E20400000000001B
:10A2900039D701000100000080E204008FE20400D1
:10A2A00024A3040000000000000000003FE30400BD
:10A2B00046E3040064A40400000000000000000065
:10A2C0005DE3040063E3040024A404000000000034
:10A2D000000000007AE3040081E30400E4A304002A
:10A2E000000000000000000090E3040095E304007B
:10A2F000A4A30400F1D7010001010000A8E30400B9
:10A30000AEE3040064A304000000000000000000AD
:10A31000000000000000000000000000000000003D
:10A320000000000028A30400C0E30400CAE3040006
:10A3300000000000A15A04000100000002E4040033
:10A3400009E4040000000000595A04000100000064
:10A3500000000000000000000000000000000000FD
:10A360000000000068A304005DFD040040E4040058
:10A3700000000000075A0400010000006EE4040021
:10A3800073E404000000000025D701000100000074
:10A3900000000000000000000000000000000000BD
:10A3A00000000000A8A304004BE004009FE40400A8
:10A3B00000000000C55A040001000000EC05050083
:10A3C000DEE4040000000000315B04000100000036
:10A3D000000000000000000000000000000000007D
:10A3E00000000000E8A304004BE00400F1E40400D6
:10A3F0000000000085D7010001000000EC05050009
:10A4000001E5040000000000295A040001000000DA
:10A41000000000000000000000000000000000003C
:10A420000000000028A404004BE0040010E5040034
:10A4300000000000355A040001000000EC05050092
:10A4400028E50400000000000D5B0400010000008E
:10A4500000000000000000000000000000000000FC
:10A460000000000068A404004BE004003FE5040085
:10A47000000000007D5A040001000000EC0505000A
:10A4800057E5040000000000E95A04000100000044
:10A4900000000000000000000000000000000000BC
:10A4A00000000000F801002069EE0100000000003B
:10A4B000DD6104001C8B0400090000001C8B0400FB
:10A4C00000000000A8A40400D0A4040020000000A4
:10A4D000D8C40220A8A40400E0A4040003010000E2
:10A4E0007CC60220A8A40400F0A40400040100001B
:10A4F000D4D20220574553545F544F504449522FF1
:10A500007A65706879722F7375627379732F626CD4
:10A510007565746F6F74682F636F6E74726F6C6C97
:10A5200065722F7469636B65722F7469636B6572F2
:10A530002E6300007469636B65725F726573636894
:10A5400065642D3E7469636B735F746F5F657870CB
:10A55000697265203D3D2030550000004153534550
:10A560005254494F4E204641494C205B25735D2093
:10A57000402025733A25640A0000000028287469E9
:10A58000636B65725F72657363686564292D3E65F0
:10A5900078745F64617461202626202828746963BA
:10A5A0006B65725F72657363686564292D3E6578BB
:10A5B000745F646174612D3E7469636B735F736C67
:10A5C0006F745F77696E646F7720213D2030552965
:10A5D00029000000574553545F544F504449522FAF
:10A5E0007A65706879722F7375627379732F626CF4
:10A5F0007565746F6F74682F636F6E74726F6C6CB7
:10A6000065722F6C6C5F73772F756C6C2E63000016
:10A61000216572720000000072780000756C6C5F3A
:10A620007265665F67657428756C6C5F6864722913
:10A63000000000003000000072656C6561736520E9
:10A640003D3D20646F6E65002172657476616C001B
:10A6500064656C7461203C3D2030207C7C206D65FD
:10A660006D5F6C696E6B5F72782E71756F74615F70
:10A67000706475203C20282833202B2031202B208B
:10A680003629202B202832202A2028342929290065
:10A690006C6F6F7000000000216C6C6C5F636F6EFC
:10A6A0006E2D3E6C696E6B5F74785F6672656500D7
:10A6B0006D656D715F6C696E6B000000636F6E6E2F
:10A6C0005F6C6C6C0000000021636F6E6E5F6C6CE1
:10A6D0006C2D3E6C696E6B5F74785F6672656500A9
:10A6E00072782D3E6864722E7479706520213D2049
:10A6F0004E4F44455F52585F545950455F4E4F4E40
:10A70000450000002163632D3E737461747573000E
:10A7100072785F667265652D3E6864722E7479701A
:10A720006520213D204E4F44455F52585F5459509B
:10A73000455F4E4F4E45000021636F6E6E2D3E6C9F
:10A740006C6C2E6C696E6B5F74785F667265650009
:10A750002172657400000000574553545F544F50F8
:10A760004449522F7A65706879722F7375627379D4
:10A77000732F626C7565746F6F74682F636F6E747E
:10A78000726F6C6C65722F6C6C5F73772F6C6C6C76
:10A790005F636F6D6D6F6E2E6300000021657272D6
:10A7A000207C7C20657272203D3D202D31313900A6
:10A7B000574553545F544F504449522F7A6570683F
:10A7C00079722F7375627379732F626C7565746F0C
:10A7D0006F74682F636F6E74726F6C6C65722F6824
:10A7E00063692F6863695F6472697665722E6300BE
:10A7F0004C4C20696E697469616C697A6174696F27
:10A800006E206661696C65643A2025640000000072
:10A810004254205258207072690000004254205265
:10A8200058000000456D70747920484349207061DC
:10A83000636B657400000000556E6B6E6F776E2061
:10A84000484349207479706520257500657272202F
:10A850003D3D2030207C7C20657272203D3D202DC6
:10A86000340000005F5F6465766963655F647473DC
:10A870005F6F72645F3133370000000062745F689D
:10A8800063695F636F6E74726F6C6C657200000059
:10A8900062745F63746C725F6863695F6472697627
:10A8A00065720000A8A80400010000007CA8040054
:10A8B000574553545F544F504449522F7A6570683E
:10A8C00079722F7375627379732F626C7565746F0B
:10A8D0006F74682F636F6E74726F6C6C65722F6823
:10A8E00063692F6863692E63000000002A6576742F
:10A8F0005F627566000000002020202048656164CA
:10A900006572206C656E6774682025752F25752C1F
:10A9100020494E56414C49442E0000006576745F34
:10A9200062756600131510FF1A1B12005A657068D5
:10A930007972204F532076342E312E3939000000A1
:10A940004E6F2048434920436F6D6D616E642068EF
:10A950006561646572000000496E76616C6964200F
:10A9600048434920434D44207061636B6574206CFB
:10A97000656E67746800000046433A205265717541
:10A9800069726520486F73742041434C204D5455C3
:10A990002028257529203E3D204C4C204D617820F3
:10A9A00044617461204C656E6774682028257529A0
:10A9B0000000000046433A20486F73742041434C26
:10A9C000207061636B65747320282575292C2042E3
:10A9D000545F4255465F434D445F54585F434F5563
:10A9E0004E542028257529004E6F204843492041A8
:10A9F000434C20686561646572000000496E7661B1
:10AA00006C6964204843492041434C207061636B6A
:10AA10006574206C656E677468000000496E76612D
:10AA20006C6964204843492041434C20446174616F
:10AA3000206C656E677468005478204275666665A0
:10AA400072204F766572666C6F770000496E766192
:10AA50006C696420547820456E71756575650000D9
:10AA6000286863695F686275665F73656E74202D20
:10AA7000206863695F686275665F61636B656429FE
:10AA8000203C206863695F686275665F746F7461FB
:10AA90006C00000068616E646C65203C202828739F
:10AAA000697A655F742920282828696E74292073C3
:10AAB000697A656F6628636861725B31202D203288
:10AAC000202A202128215F5F6275696C74696E5F9E
:10AAD00074797065735F636F6D70617469626C65C2
:10AAE0005F70285F5F747970656F665F5F28686369
:10AAF000695F686275665F70656E64292C205F5FB0
:10AB0000747970656F665F5F2826286863695F687F
:10AB10006275665F70656E64295B305D2929295D09
:10AB200029202D203129202B202873697A656F6612
:10AB3000286863695F686275665F70656E64292066
:10AB40002F2073697A656F6628286863695F686279
:10AB500075665F70656E64295B305D29292929005F
:10AB60006164762D3E74797065203D3D20504455DA
:10AB70005F4144565F545950455F444952454354E0
:10AB80005F494E44000000002828282875696E742B
:10AB90007074725F74296E6F6465292025205F5F71
:10ABA000616C69676E6F6628737472756374206E6A
:10ABB0006F64655F72785F63632929203D3D2030B3
:10ABC000290000002828282875696E747074725F47
:10ABD00074296E6F6465292025205F5F616C696749
:10ABE0006E6F6628737472756374206E6F64655F30
:10ABF00072785F63752929203D3D203029000000CF
:10AC000068616E646C653A203078253034782C2089
:10AC10007374617475733A2025782C2074783A2007
:10AC200025782C2072783A2025782E00747970656A
:10AC30003A203078253032780000000072656A656D
:10AC40006374206F70636F64653A2030782530320A
:10AC50007800000002010101000001000000000076
:10AC600000010000000201030303030303000000CE
:10AC700062745F63746C725F686369005745535414
:10AC80005F544F504449522F7A65706879722F7320
:10AC900075627379732F626C7565746F6F74682F4A
:10ACA000636F6E74726F6C6C65722F6C6C5F737710
:10ACB0002F756C6C5F6164762E63000068616E6452
:10ACC0006C65203C2031000028726574203D3D20D9
:10ACD0003029207C7C2028726574203D3D2032295B
:10ACE000000000006164762D3E6C696E6B5F6363EB
:10ACF0005F667265650000006164762D3E6E6F646C
:10AD0000655F72785F63635F66726565000000006F
:10AD1000737461747573203D3D2030207C7C2070FD
:10AD20006172616D203D3D20756C6C5F646973617B
:10AD3000626C655F6D61726B5F6765742829207C4A
:10AD40007C2028636F6E6E65637461626C6520267B
:10AD50002620216164762D3E6C6C6C2E636F6E6EC6
:10AD600029207C7C20300000737461747573203D51
:10AD70003D203000216864722D3E64697361626C0D
:10AD800065645F6362000000726566002872657426
:10AD9000203D3D203029207C7C2028726574203D98
:10ADA0003D203229207C7C202866705F6F705F66B2
:10ADB000756E63203D3D202828766F6964202A291E
:10ADC00030292900216C6C6C2D3E6C696E6B5F74B0
:10ADD000785F6672656500006D61726B203D3D2095
:10ADE0006164760021657272207C7C202865727215
:10ADF000203D3D202D313230290000006164762055
:10AE00002626206164762D3E69735F6372656174E6
:10AE1000656400007064752D3E6C656E203E3D20BB
:10AE20005F5F6275696C74696E5F6F666673657487
:10AE30006F662028737472756374207064755F6127
:10AE400064765F6164765F696E642C20646174610E
:10AE5000290000006864725F666C6167732E61642C
:10AE6000765F616464720000574553545F544F50DD
:10AE70004449522F7A65706879722F7375627379BD
:10AE8000732F626C7565746F6F74682F636F6E7467
:10AE9000726F6C6C65722F6C6C5F73772F756C6C56
:10AEA0005F6164765F6175782E6300006572722061
:10AEB0003D3D2030207C7C20657272203D3D202D60
:10AEC0003132300009706172616D313A2025752090
:10AED000706172616D323A2025750A002128736510
:10AEE000635F6864725F6164645F6669656C647304
:10AEF0002026202831554C203C3C20283029292967
:10AF0000207C7C2021287365635F6864725F6164C4
:10AF1000645F6669656C64732026202831554C2077
:10AF20003C3C202839292929000000007072695F03
:10AF300070647520213D207072695F7064755F7068
:10AF4000726576006C6C6C2D3E61757800000000B7
:10AF50007375636365737300287469636B735F63F0
:10AF6000757272656E74203D3D207469636B735F0A
:10AF700070726576696F757329207C7C20726574A8
:10AF800072792D2D00000000696420213D202828C1
:10AF900075696E74385F7429282875696E74385F16
:10AFA000742930202D203129290000007469636B39
:10AFB000735F656C6170736564203C207469636BBA
:10AFC000735F746F5F7374617274000057455354FC
:10AFD0005F544F504449522F7A65706879722F73CD
:10AFE00075627379732F626C7565746F6F74682FF7
:10AFF000636F6E74726F6C6C65722F6C6C5F7377BD
:10B000002F756C6C5F6164765F73796E632E63007D
:10B0100061645F6F766572666C6F77006F766572DC
:10B02000666C6F775F6C656E0000000061645F6C3A
:10B03000656E203C3D206C656E0000005745535402
:10B040005F544F504449522F7A65706879722F735C
:10B0500075627379732F626C7565746F6F74682F86
:10B06000636F6E74726F6C6C65722F6C6C5F73774C
:10B070002F756C6C5F7363616E2E630068616E6424
:10B080006C65203C2032000021706172656E742076
:10B090007C7C2028706172656E7420213D20617572
:10B0A000785F7363616E5F6C6C6C29007363616EB3
:10B0B00000000000574553545F544F504449522FED
:10B0C0007A65706879722F7375627379732F626C09
:10B0D0007565746F6F74682F636F6E74726F6C6CCC
:10B0E00065722F6C6C5F73772F756C6C5F73636127
:10B0F0006E5F6175782E63006175782D3E706172A8
:10B10000656E7400726566203C20325500000000B8
:10B11000216C6C6C2D3E6C6C6C5F6175780000006E
:10B120006C6C6C006C6C6C5F617578006C6C6C2086
:10B130003D3D206175782D3E706172656E74000032
:10B14000617578202626206175782D3E72785F6CB7
:10B1500061737400216C6C6C2D3E6C6C6C5F61755E
:10B1600078207C7C20286C6C6C2D3E6C6C6C5F6154
:10B170007578203D3D206C6C6C5F6175782900000E
:10B18000287469636B65725F737461747573203DB5
:10B190003D203029207C7C20287469636B65725FB8
:10B1A000737461747573203D3D20322900000000E6
:10B1B000287469636B65725F737461747573203D85
:10B1C0003D203029207C7C20287469636B65725F88
:10B1D000737461747573203D3D203229207C7C207E
:10B1E00028287469636B65725F737461747573206A
:10B1F0003D3D20312920262620302900756C6C5FCA
:10B200007363616E5F69735F76616C69645F6765C4
:10B2100074287363616E29006C6C6C7363616E00DB
:10B22000574553545F544F504449522F7A657068C4
:10B2300079722F7375627379732F626C7565746F91
:10B240006F74682F636F6E74726F6C6C65722F6CA5
:10B250006C5F73772F756C6C5F636F6E6E2E63001F
:10B2600074785F627566000072782D3E6864722E95
:10B270006C696E6B00000000737461747573203D1F
:10B280003D2030207C7C20706172616D203D3D202E
:10B29000756C6C5F7570646174655F6D61726B5F16
:10B2A0006765742829207C7C20706172616D203D67
:10B2B0003D20756C6C5F64697361626C655F6D6184
:10B2C000726B5F67657428290000000070203D3DA7
:10B2D00020706172616D0000666F7263655F6D64FE
:10B2E0005F636E743A206F6C643D2025752C206E70
:10B2F00065773D2025752E00696E636F6D696E67F9
:10B300002054783A20636F756E743D2025752C208B
:10B310006C656E3D2025752C20726174653D20257D
:10B3200075206270732E0000636F6E6E2D3E6C6C24
:10B330006C2E68616E646C6520213D203078464635
:10B3400046460000287469636B65725F73746174AC
:10B350007573203D3D203029207C7C202874696352
:10B360006B65725F737461747573203D3D20322983
:10B37000207C7C202828766F6964202A29636F6EE0
:10B380006E5F6C6C203D3D20756C6C5F6469736111
:10B39000626C655F6D61726B5F6765742829290057
:10B3A0006C6C6C5F747800007064755F74782D3E0F
:10B3B0006C656E00216C696E6B2D3E6E6578740055
:10B3C00062745F63746C725F756C6C5F636F6E6EDA
:10B3D00000000000574553545F544F504449522FCA
:10B3E0007A65706879722F7375627379732F626CE6
:10B3F0007565746F6F74682F636F6E74726F6C6CA9
:10B4000065722F6C6C5F73772F756C6C5F6C6C63FF
:10B41000705F656E632E63006E746600574553540B
:10B420005F544F504449522F7A65706879722F7378
:10B4300075627379732F626C7565746F6F74682FA2
:10B44000636F6E74726F6C6C65722F6C6C5F737768
:10B450002F756C6C5F6C6C63705F7068792E630025
:10B460006E74662D3E6864722E74797065203D3D61
:10B47000204E4F44455F52585F545950455F5245E6
:10B480005441494E00000000636F6E6E2D3E6C6C9F
:10B490006C2E726F6C65203D3D203078303100009D
:10B4A000636F6E6E2D3E6C6C6C2E726F6C65203D02
:10B4B0003D203078303000006374782D3E6E6F642C
:10B4C000655F7265662E7478000000006374782DE5
:10B4D0003E646174612E70752E6E74665F646C6577
:10B4E0005F6E6F6465000000574553545F544F50C2
:10B4F0004449522F7A65706879722F737562737937
:10B50000732F626C7565746F6F74682F636F6E74E0
:10B51000726F6C6C65722F6C6C5F73772F756C6CCF
:10B520005F6C6C63702E63006374782D3E6F776E72
:10B53000657200006374782D3E6E6F64655F72659E
:10B54000662E7278000000006374780009D802004B
:10B5500019D8020029D8020039D8020049D80200BF
:10B5600059D8020001D9020011D9020069D802009D
:10B5700021D9020031D9020041D9020079D8020054
:10B5800051D9020061D9020089D8020071D90200A4
:10B5900099D8020081D9020091D90200A1D90200F4
:10B5A000B1D90200C1D90200D1D90200A9D8020044
:10B5B000E1D90200000000000000000000000000CF
:10B5C00000000000F1D80200574553545F544F501B
:10B5D0004449522F7A65706879722F737562737956
:10B5E000732F626C7565746F6F74682F636F6E7400
:10B5F000726F6C6C65722F6C6C5F73772F756C6CEF
:10B600005F6C6C63705F636F6D6D6F6E2E630000B7
:10B610006374782D3E70726F63203D3D2050524F11
:10B62000435F5445524D494E415445006374782D53
:10B630003E70726F63203D3D2050524F435F444146
:10B6400054415F4C454E4754485F55504441544522
:10B6500000000000574553545F544F504449522F47
:10B660007A65706879722F7375627379732F626C63
:10B670007565746F6F74682F636F6E74726F6C6C26
:10B6800065722F6C6C5F73772F756C6C5F6C6C637D
:10B69000705F6C6F63616C2E6300000063747820D0
:10B6A000213D202828766F6964202A29302900004E
:10B6B0006374785F686561646572203D3D206374E2
:10B6C000780000006374782D3E6E6F64655F72656C
:10B6D000662E7278203D3D202828766F6964202AE6
:10B6E000293029207C7C206374782D3E6E6F646540
:10B6F0005F7265662E72782D3E6864722E74797062
:10B700006520213D204E4F44455F52585F545950AB
:10B71000455F52455441494E00000000574553547F
:10B720005F544F504449522F7A65706879722F7375
:10B7300075627379732F626C7565746F6F74682F9F
:10B74000636F6E74726F6C6C65722F6C6C5F737765
:10B750002F756C6C5F6C6C63705F636F6E6E5F7582
:10B7600070642E63000000006374782D3E6E6F6479
:10B77000655F7265662E7278203D3D202828766FC1
:10B780006964202A29302900574553545F544F508B
:10B790004449522F7A65706879722F737562737994
:10B7A000732F626C7565746F6F74682F636F6E743E
:10B7B000726F6C6C65722F6C6C5F73772F756C6C2D
:10B7C0005F6C6C63705F63686D752E6300000000D2
:10B7D000574553545F544F504449522F7A6570680F
:10B7E00079722F7375627379732F626C7565746FDC
:10B7F0006F74682F636F6E74726F6C6C65722F6CF0
:10B800006C5F73772F756C6C5F6C6C63705F7265C7
:10B810006D6F74652E63000008020B020A030502B7
:10B82000000000000000000002020000060200000C
:10B8300004030000020109030000000001030000EE
:10B840000C030000070300000000030100000000DB
:10B85000574553545F544F504449522F7A6570688E
:10B8600079722F7375627379732F626C7565746F5B
:10B870006F74682F636F6E74726F6C6C65722F6C6F
:10B880006C5F73772F756C6C5F706572697068653B
:10B8900072616C2E630000007469636B65725F7384
:10B8A0007461747573203D3D2030000073746174C1
:10B8B000757320213D2031207C7C20706172616D88
:10B8C000203D3D20756C6C5F64697361626C655FDF
:10B8D0006D61726B5F67657428290000574553548A
:10B8E0005F544F504449522F7A65706879722F73B4
:10B8F00075627379732F626C7565746F6F74682FDE
:10B90000636F6E74726F6C6C65722F6C6C5F7377A3
:10B910002F756C6C5F63656E7472616C2E630000D2
:10B92000574553545F544F504449522F7A657068BD
:10B9300079722F7375627379732F626C7565746F8A
:10B940006F74682F636F6E74726F6C6C65722F6C9E
:10B950006C5F73772F756C6C5F73636865642E63BF
:10B96000000000007265747279000000574553545E
:10B970005F544F504449522F7A65706879722F7323
:10B9800075627379732F626C7565746F6F74682F4D
:10B99000636F6E74726F6C6C65722F6C6C5F737713
:10B9A0002F756C6C5F66696C7465722E63000000A5
:10B9B000726C5F696478203C20380000726C5B72A6
:10B9C0006C5F6964785D2E74616B656E00000000C9
:10B9D000726C5B726C5F6964785D2E727061735F0C
:10B9E00072656164790000006465766D61746368F6
:10B9F0005F6964203C20282873697A655F74292078
:10BA0000282828696E74292073697A656F6628630F
:10BA10006861725B31202D2032202A202128215F8D
:10BA20005F6275696C74696E5F74797065735F636A
:10BA30006F6D70617469626C655F70285F5F7479A7
:10BA400070656F665F5F2866616C292C205F5F748C
:10BA50007970656F665F5F28262866616C295B30A8
:10BA60005D2929295D29202D203129202B202873AB
:10BA7000697A656F662866616C29202F2073697A60
:10BA8000656F66282866616C295B305D2929292944
:10BA90000000000066616C5B6465766D61746368CC
:10BAA0005F69645D2E74616B656E00006465766D20
:10BAB000617463685F6964203C20282873697A6533
:10BAC0005F742920282828696E74292073697A6593
:10BAD0006F6628636861725B31202D2032202A2036
:10BAE0002128215F5F6275696C74696E5F7479707B
:10BAF00065735F636F6D70617469626C655F7028F8
:10BB00005F5F747970656F665F5F28726C292C20A7
:10BB10005F5F747970656F665F5F282628726C2995
:10BB20005B305D2929295D29202D203129202B20FA
:10BB30002873697A656F6628726C29202F207369D3
:10BB40007A656F662828726C295B305D292929295E
:10BB500000000000726C5B695D2E74616B656E00A5
:10BB600069726B6D617463685F6964203C20706505
:10BB700065725F69726B5F636F756E7400000000C1
:10BB800069203C203800000062745F63746C725F4F
:10BB9000756C6C5F66696C746572000062745F63DB
:10BBA000746C725F63727970746F00005745535400
:10BBB0005F544F504449522F7A65706879722F73E1
:10BBC00075627379732F626C7565746F6F74682F0B
:10BBD000636F6E74726F6C6C65722F6C6C5F7377D1
:10BBE0002F6E6F726469632F6C6C6C2F6C6C6C2E93
:10BBF00063000000707265656D70745F726571201E
:10BC00003D3D20707265656D70745F61636B00000F
:10BC1000707265656D70745F73746172745F726564
:10BC20007120213D20707265656D70745F73746161
:10BC300072745F61636B0000707265656D70745F34
:10BC400073746F705F72657120213D20707265653D
:10BC50006D70745F73746F705F61636B00000000E0
:10BC6000707265656D70745F72657120213D207022
:10BC70007265656D70745F61636B000070726565FD
:10BC80006D70745F61636B20213D20707265656D1E
:10BC900070745F726571000072656164792D3E7029
:10BCA0007265706172655F706172616D2E70617234
:10BCB000616D203D3D20706172616D006974657237
:10BCC00000000000657272203D3D202D31343000AF
:10BCD00021706172616D000021706172616D207C64
:10BCE0007C206E65787400006576656E742E6375D1
:10BCF00072722E61626F72745F6362006576646F48
:10BD00006E650000657272203E3D2030000000002C
:10BD10006E65787400000000217265616479207C92
:10BD20007C202672656164792D3E70726570617247
:10BD3000655F706172616D203D3D2070726570615C
:10BD400072655F706172616D00000000F401FA00BD
:10BD5000960064004B0032001E00140057455354F7
:10BD60005F544F504449522F7A65706879722F732F
:10BD700075627379732F626C7565746F6F74682F59
:10BD8000636F6E74726F6C6C65722F6C6C5F73771F
:10BD90002F6E6F726469632F6C6C6C2F6C6C6C5FB0
:10BDA0006164762E630000006E6F64655F727800D8
:10BDB00021726164696F5F69735F7265616479287C
:10BDC00029000000700000006368616E0000000040
:10BDD0007363616E5F706475000000000925733A3B
:10BDE0002041637475616C204556454E545F4F5633
:10BDF0004552484541445F53544152545F55532086
:10BE00003D2025750A00000065787472610000000D
:10BE1000707265706172655F6362000057455354CC
:10BE20005F544F504449522F7A65706879722F736E
:10BE300075627379732F626C7565746F6F74682F98
:10BE4000636F6E74726F6C6C65722F6C6C5F73775E
:10BE50002F6E6F726469632F6C6C6C2F6C6C6C5FEF
:10BE60006164765F6175782E630000007365635FBF
:10BE7000706475007072695F7064752D3E747970BE
:10BE800065203D3D205044555F4144565F54595014
:10BE9000455F4558545F494E440000007064755F2B
:10BEA00061757800707265706172655F6362000031
:10BEB000574553545F544F504449522F7A65706828
:10BEC00079722F7375627379732F626C7565746FF5
:10BED0006F74682F636F6E74726F6C6C65722F6C09
:10BEE0006C5F73772F6E6F726469632F6C6C6C2F4D
:10BEF0006C6C6C5F6164765F73796E632E630000B7
:10BF0000707265706172655F6362000057455354DB
:10BF10005F544F504449522F7A65706879722F737D
:10BF200075627379732F626C7565746F6F74682FA7
:10BF3000636F6E74726F6C6C65722F6C6C5F73776D
:10BF40002F6E6F726469632F6C6C6C2F6C6C6C5FFE
:10BF50007363616E2E6300006E6F64655F7278328A
:10BF600000000000636F6D6D6F6E5F7072657061D1
:10BF700072655F6362000000574553545F544F5031
:10BF80004449522F7A65706879722F73756273799C
:10BF9000732F626C7565746F6F74682F636F6E7446
:10BFA000726F6C6C65722F6C6C5F73772F6E6F7233
:10BFB0006469632F6C6C6C2F6C6C6C5F7363616E67
:10BFC0005F6175782E6300006E65787420213D20D6
:10BFD000637572720000000073746172745F757330
:10BFE000203D3D20286175785F73746172745F75C0
:10BFF00073202B2031552900707265706172655F66
:10C0000063620000574553545F544F504449522FC8
:10C010007A65706879722F7375627379732F626CA9
:10C020007565746F6F74682F636F6E74726F6C6C6C
:10C0300065722F6C6C5F73772F6E6F726469632FFC
:10C040006C6C6C2F6C6C6C5F636F6E6E2E6300009B
:10C0500021726164696F5F69735F616464726573A3
:10C0600073282900646F6E65000000006C6C6C2DF5
:10C070003E68616E646C6520213D203078464646FE
:10C0800046000000574553545F544F504449522FC7
:10C090007A65706879722F7375627379732F626C29
:10C0A0007565746F6F74682F636F6E74726F6C6CEC
:10C0B00065722F6C6C5F73772F6E6F726469632F7C
:10C0C0006C6C6C2F6C6C6C5F7065726970686572FB
:10C0D000616C2E6300000000707265706172655FB4
:10C0E00063620000574553545F544F504449522FE8
:10C0F0007A65706879722F7375627379732F626CC9
:10C100007565746F6F74682F636F6E74726F6C6C8B
:10C1100065722F6C6C5F73772F6E6F726469632F1B
:10C120006C6C6C2F6C6C6C5F63656E7472616C2EE2
:10C1300063000000707265706172655F6362000089
:10C14000574553545F544F504449522F7A65706895
:10C1500079722F7375627379732F626C7565746F62
:10C160006F74682F636F6E74726F6C6C65722F6C76
:10C170006C5F73772F6E6F726469632F68616C2FC9
:10C180006E7266352F636E74722E63005F72656621
:10C19000636F756E74000000000101010101000071
:10C1A000574553545F544F504449522F7A65706835
:10C1B00079722F7375627379732F626C7565746F02
:10C1C0006F74682F636F6E74726F6C6C65722F6C16
:10C1D0006C5F73772F6E6F726469632F68616C2F69
:10C1E0006E7266352F6D6179666C792E6300000082
:10C1F000574553545F544F504449522F7A657068E5
:10C2000079722F7375627379732F626C7565746FB1
:10C210006F74682F636F6E74726F6C6C65722F6CC5
:10C220006C5F73772F6E6F726469632F68616C2F18
:10C230006E7266352F7469636B65722E6300000041
:10C24000757365725F6964203C2073697A656F66F7
:10C250002863616C6C65725F69645F6C757429003A
:10C2600063616C6C65725F696420213D2030000061
:10C2700001030405574553545F544F504449522F0E
:10C280007A65706879722F7375627379732F626C37
:10C290007565746F6F74682F636F6E74726F6C6CFA
:10C2A00065722F6C6C5F73772F6E6F726469632F8A
:10C2B00068616C2F6E7266352F6563622E630000B5
:10C2C000E4EC040086070500D4C20400000000006E
:10C2D00000000000D8C20400ADD70400A20705008A
:10C2E000000000003599030000000000D20705009F
:10C2F000DB070500000000006D990300030000004B
:10C300003E08050045080500689C04006D9A03007E
:10C31000020000007508050082080500689C040002
:10C32000C998030002000000AD080500B50805002B
:10C330006C9C0400419A0300030000000000000010
:10C3400000000000000000000000000000000000ED
:10C35000F59C030058C3040001000000DC0C05003C
:10C360006DBB030045BB03000000000070C3040068
:10C3700001000000030D0500BDBC0300A9BB0300C4
:10C38000090D0500F1670400F76704000F0D0500B3
:10C3900094C3040001000000470D0500A0C3040081
:10C3A00001000000D40D05000400000000FF0000A3
:10C3B000B4C3040001000000110E0500FFFF0000DF
:10C3C0000003005000000000010000000060004079
:10C3D00000000000D8C3040001000000380E050072
:10C3E000FFFFFFFF00000050000000000000000001
:10C3F0000060004000000000FCC3040001000000D9
:10C400002A0F05000040004001000000000000006D
:10C410000000000000004006000001019DC803006C
:10C4200010000000456A040034C40400FA9800209B
:10C43000FFFF00000040004040C404000100000075
:10C4400048C40400020000000E00000C0F00000BA6
:10C4500054C4040003000000500F0500550F0500F0
:10C46000610F0500003000400000000000000000E7
:10C470000000000000004006000001019DC803000C
:10C48000100000003B6A040094C404000A990020D4
:10C49000FFFF000000300040A0C4040001000000C5
:10C4A000A8C40400020000001F00000C0200000BE2
:10C4B000B4C4040001000000761005000020024012
:10C4C000020000000000000000000000000000006A
:10C4D000000000000000000000040000E80302016A
:10C4E000010100008C980020040000000000000002
:10C4F00000000000FCC404000024F40000200240FE
:10C5000008C504000100000010C50400040000007C
:10C510000D0001161B00011722000118210001194E
:10C5200024C50400010000009C100500001002401A
:10C5300001000000000000000000000000000000FA
:10C54000000000000000000000040000E8030201F9
:10C550000101000094980020040000000000000089
:10C56000000000006CC504000024F400001002402C
:10C5700078C504000100000080C50400040000002C
:10C58000290001162C0001172D0001182E00011999
:10C5900094C5040001000000C210050000C0014065
:10C5A000000000000000000000000000000000008B
:10C5B000000000000000000000040000E803020189
:10C5C000010100009C980020040000000000000011
:10C5D00000000000DCC504000024F40000C001409D
:10C5E000E8C5040001000000F0C5040003000000DD
:10C5F00018000116100001170600011800C60400FB
:10C60000020000000D1105001311050010C6040002
:10C61000002000401CC604000100000024C60400E5
:10C6200002000000230000002A00000130C60400C0
:10C6300003000000051305000A130500161305008A
:10C64000003002400000000000127A0000000000EC
:10C650000000000000000000FFFFFFFF0000FF00DF
:10C66000000000000000000101000000856B0400D4
:10C67000FFFF000084C60400FFFFFFFF0000000072
:10C68000000000000030024090C6040001000000DD
:10C6900098C60400030000000D00000421000005FE
:10C6A000280000060000000000000000251405001E
:10C6B00033140500471405005614050062140500E4
:10C6C000108A0400108A0400708A0400788A04002A
:10C6D000F88A0400F88A04008F14050001000500A0
:10C6E000CBF50400020007009514050004000800C3
:10C6F0009E1405000800040018D40400100009006E
:10C70000A314050020000800AC14050040000A0036
:10C71000B7140500800006000000000000000000C3
:10C720000000000000000000000000409559695919
:10C730005555545515555556040515411054554039
:10C7400045515544404550445055554500400040E2
:10C750004004449665555655454045545141154051
:10C7600055915555555540510501000054455454B7
:10C770004555050400100410140440000000014059
:10C7800055551541540400004400010000000040CC
:10C79000410000445044455054005555545565518E
:10C7A00000400040010000010005010011545151FA
:10C7B0005455550500000000000000000000000076
:10C7C000FB21F93FFB2109407CD91240FB21194094
:10C7D0007A6A1F407CD92240BBFD2540FB212940BD
:10C7E0003A462C407A6A2F405C4731407CD932402F
:10C7F0009C6B3440BBFD3540DB8F3740FB2139401B
:10C800001BB43A403A463C405AD83D407A6A3F40D1
:10C810004C7E40405C4741406C1042407CD94240D5
:10C820008CA243409C6B4440AC344540BBFD45402A
:10C83000CBC64640DB8F4740EB584840FB21494080
:10C8400083F9A200444E6E00FC291500D157270041
:10C85000DD34F50062DBC0003C9995004190430057
:10C860006351FE00BBDEAB00B761C5003A6E240029
:10C87000D24D42004906E00009EA2E001C92D10088
:10C88000EB1DFE0029B11C00E83EA700F535820033
:10C8900044BB2E009CE98400B4267000417E5F00FA
:10C8A000D6913900538339009CF439008B5F8400A2
:10C8B00028F9BD00F81F3B00DEFF97000F98050028
:10C8C000112FEF000A5A8B006D1F6D00CF7E3600CE
:10C8D00009CB2700464FB7009E663F002DEA5F0058
:10C8E000BA277500E5EBC7003D7BF100F73907007B
:10C8F00092528A00FB6BEA001FB15F00085D8D0059
:10C90000300356007BFC4600F0AB6B0020BCCF0030
:10C9100036F49A00E3A91D005E619100081BE60051
:10C9200085996500A0145F008D40680080D8FF00E5
:10C9300027734D0006063100CA561500C9A87300BA
:10C940007BE260006B8CC00002000000030000006E
:10C9500004000000060000005F5F6378615F70758F
:10C9600072655F7669727475616C005F5F616561A5
:10C9700062695F756C3266005F5F61656162695F05
:10C980006C6469766D6F64005F5F61656162695FA9
:10C99000696469766D6F64005F5F61656162695F9C
:10C9A000663264005F5F61656162695F6432697A03
:10C9B000005F5F61656162695F64636D70657100EE
:10C9C0005F5F61656162695F75696469766D6F64F7
:10C9D000005F5F61656162695F643275697A005FFB
:10C9E0005F61656162695F6C3264005F5F616561B0
:10C9F00062695F7569646976005F5F61656162693C
:10CA00005F693264005F5F61656162695F6473756D
:10CA100062005F5F61656162695F64636D70677426
:10CA2000005F5F61656162695F69646976005F5F8D
:10CA300061656162695F66636D706C65005F5F610F
:10CA4000656162695F64616464005F5F6165616222
:10CA5000695F66636D70756E005F5F6165616269D5
:10CA60005F643266005F5F61656162695F646D7516
:10CA70006C005F5F61656162695F64646976005F35
:10CA80005F61656162695F64636D706C74005F5FB4
:10CA900061656162695F75693264005F5F616561EC
:10CAA00062695F756C6469766D6F64005F5F616574
:10CAB0006162695F64326C7A005F5F6165616269BF
:10CAC0005F64636D706C65005F5F61656162695F83
:10CAD00064636D70756E007379735F636C6F636B05
:10CAE0005F6379636C655F6765745F333200726999
:10CAF0006E675F6275665F7075740072696E675FFE
:10CB00006275665F7065656B0072696E675F6275FE
:10CB1000665F676574006362767072696E74660042
:10CB2000736E7072696E746600737072696E74668B
:10CB3000007075746368617200707574730061745D
:10CB4000616E00636F730073696E006B5F776F7265
:10CB50006B5F7363686564756C65006B5F666174B9
:10CB6000616C5F68616C74006B5F74696D65725FA6
:10CB7000696E6974006364635F61636D5F647465AB
:10CB80005F726174655F63616C6C6261636B5F733C
:10CB90006574006E65745F6275665F756E7265665A
:10CBA000006E65745F6275665F73696D706C655F5A
:10CBB00070756C6C5F6D656D006E65745F62756637
:10CBC0005F73696D706C655F6164645F6D656D0056
:10CBD0006E65745F6275665F73696D706C655F70BA
:10CBE000756C6C0062745F6275665F6765745F7414
:10CBF000780062745F73656E640062745F68636975
:10CC00005F7261775F7365745F6D6F6465006274F6
:10CC10005F656E61626C655F726177007A5F6C6FF1
:10CC2000675F6D73675F72756E74696D655F76635C
:10CC30007265617465007573625F64697361626CCB
:10CC400065007573625F656E61626C65006B5F7332
:10CC5000636865645F756E6C6F636B006B5F7363B5
:10CC60006865645F6C6F636B00697378646967699A
:10CC7000740069736C6F77657200697375707065A5
:10CC8000720069737072696E7400697367726170A3
:10CC9000680069736469676974006973636E7472AC
:10CCA0006C006973616C70686100746F7570706599
:10CCB0007200746F6C6F776572006973616C6E756A
:10CCC0006D00697373706163650061746F6C0061FE
:10CCD000746F660061746F69007372616E640063E3
:10CCE000616C6C6F63007265616C6C6F63006B5F8D
:10CCF0006D616C6C6F63006D656D6D6F7665007353
:10CD00007472636174007374726368720073747216
:10CD10006C656E00737472636D7000737472746FFF
:10CD2000756C0073747263617365636D7000737406
:10CD3000726E637079007374726E636D70007374D9
:10CD40007273747200737472726368720046616900
:10CD50006C656420746F206F70656E20666C617303
:10CD60006820617265612C2072632025640A004688
:10CD700061696C656420746F207265616420686508
:10CD8000616465722C2072632025640A00496E7606
:10CD9000616C696420736B657463682068656164A5
:10CDA00065720A006D61696E004661696C65642098
:10CDB000746F206C6F616420736B657463682C20E2
:10CDC00072632025640A004661696C656420746F93
:10CDD0002066696E64206D61696E2066756E63748D
:10CDE000696F6E0A0052756E20736B65746368001C
:10CDF0006170700028756E7369676E6564292063C1
:10CE0000686172202A207573656420666F72202520
:10CE1000257020617267756D656E742E20497427C8
:10CE200073207265636F6D6D656E64656420746FE9
:10CE3000206361737420697420746F20766F696455
:10CE4000202A2062656361757365206974206D61B5
:10CE500079206361757365206D69736265686176B9
:10CE6000696F7220696E206365727461696E2063F8
:10CE70006F6E66696775726174696F6E732E205389
:10CE80007472696E673A2225732220617267756D2C
:10CE9000656E743A25640063627072696E74665FD1
:10CEA0007061636B61676500767072696E746B00A8
:10CEB0006173736572745F7072696E74006173730D
:10CEC0006572745F706F73745F616374696F6E0015
:10CED0006C6F67006C6F675F6D676D74004D657395
:10CEE000736167652064726F70706564206265634A
:10CEF0006175736520697420657863656564732066
:10CF000073697A65206C696D69746174696F6E20EC
:10CF100028257529004D65737361676520282225D2
:10CF20007322292064726F7070656420626563618A
:10CF30007573652069742065786365656473207313
:10CF4000697A65206C696D69746174696F6E2028F7
:10CF5000257529000D0A001B5B306D00257320002C
:10CF60005B2530386C755D20005B253032753A25C5
:10CF70003032753A253032752E253033752C2530F8
:10CF800033755D200025732F003C25733E2000255E
:10CF9000733A2000253032782000202020007C00C9
:10CFA0001B5B313B33316D001B5B313B33336D0019
:10CFB0006572720077726E00696E66006462670067
:10CFC000456E64706F696E74203078253032782039
:10CFD000697320696E76616C696400456E64706F78
:10CFE000696E742030782530327820616C7265610A
:10CFF00064792064697361626C6564004661696C80
:10D00000656420746F2064697361626C6520656E6D
:10D0100064706F696E742030782530327800536503
:10D02000742068616C742065702030782530327807
:10D0300000436C6561722068616C742065702030FB
:10D04000782530327800456E64706F696E742030D8
:10D05000782530327820616C726561647920636F65
:10D060006E66696775726564004661696C65642007
:10D07000746F20636F6E66696775726520656E6494
:10D08000706F696E742030782530327800456E6498
:10D09000706F696E742030782530327820616C7240
:10D0A0006561647920656E61626C656400466169E2
:10D0B0006C656420746F20656E61626C6520656EBE
:10D0C00064706F696E742030782530327800466164
:10D0D000696C656420746F20777269746520656E71
:10D0E00064706F696E742062756666657220307850
:10D0F00025303278005265717565737420627566EB
:10D1000066657220746F6F20736D616C6C0055538F
:10D11000422064657669636520737570706F727400
:10D1200020616C726561647920656E61626C656412
:10D13000004661696C656420746F20636F6E666978
:10D140006775726520555342206465766963652072
:10D15000737461636B004572726F6E656F757320D7
:10D160006465766963652064657363726970746F62
:10D1700072206F7220624D61785061636B657453E9
:10D18000697A6530007573625F646576696365000E
:10D1900030313233343536373839414243444546ED
:10D1A000005468657265206973206E6F2075736224
:10D1B0005F6366675F6461746120666F72202570CB
:10D1C00000556E696E697469616C697A6564207571
:10D1D00073625F6366675F6461746120706F696E1C
:10D1E0007465722C20636F7272757074656420644C
:10D1F00065766963652064657363726970746F72C4
:10D200003F004661696C656420746F2076616C69CB
:10D210006461746520656E64706F696E7473007408
:10D220006865206E657720534E206465736372696C
:10D2300070746F7220646F65736E277420686176F6
:10D2400065207468652073616D65206C656E677418
:10D250006820617320434F4E4649475F5553425FF4
:10D260004445564943455F534E00496E636F6D70A8
:10D270006C657465206465766963652064657363B5
:10D28000726970746F72004661696C656420746FB6
:10D290002066697875702055534220646573637207
:10D2A0006970746F72007573625F6465736372692D
:10D2B00070746F72005472616E736665722065726D
:10D2C000726F722025642C206570203078253032F2
:10D2D000780052582064617461206C6F73742C2044
:10D2E0006E6F207472616E73666572004E6F20748B
:10D2F00072616E7366657220736C6F742061766103
:10D30000696C61626C650041207472616E73666560
:10D310007220697320616C7265616479206F6E6739
:10D320006F696E672C206570203078253032780068
:10D330007573625F7472616E7366657200446576C0
:10D340006963652064617461206E6F7420666F7517
:10D350006E6420666F7220656E64706F696E7420F3
:10D360002575004465766963652064617461206E8B
:10D370006F7420666F756E6420666F7220696E74BC
:10D380006572666163652025750052696E6720626B
:10D3900075666665722066756C6C2C2064697363B3
:10D3A00061726420646174610052696E6720627505
:10D3B000666665722066756C6C2C2064726F7020D6
:10D3C000257A6420627974657300446576696365C3
:10D3D0002064617461206E6F7420666F756E6420C6
:10D3E000666F722063666720257000446576696306
:10D3F0006520636F6E666967757265640044657663
:10D4000069636520646973636F6E6E6563746564D8
:10D41000004465766963652073757370656E646535
:10D42000640044657669636520726573756D656433
:10D430000066726F6D2073757370656E64005F5F58
:10D440006465766963655F6474735F6F72645F338C
:10D450003200626F6172645F6364635F61636D5F1A
:10D4600075617274007573625F6364635F61636D9D
:10D4700000757362776F726B71006B65726E656CAD
:10D48000004B65726E656C20636F6D6D616E6473C9
:10D49000006379636C65733A202575206877206393
:10D4A00079636C65730A004B65726E656C206379F5
:10D4B000636C65732E00556E61626C6520746F201D
:10D4C000706172736520696E707574202865727260
:10D4D000202564290A006D7300557074696D653AE2
:10D4E00020256C6C75206D730A002D70002D2D7039
:10D4F000726574747900556E737570706F727465AF
:10D5000064206F7074696F6E3A2025730A0075701D
:10D5100074696D653A20256C6C7520646179732C93
:10D5200020256C6C7520686F7572732C20256C6CCF
:10D5300075206D696E757465732C20256C6C752073
:10D540007365636F6E64732C20256C6C75206D6938
:10D550006C6C697365636F6E64730A0075707469CF
:10D560006D65004B65726E656C20757074696D65D4
:10D570002E2043616E2062652063616C6C656420BF
:10D580007769746820746865202D70206F72202D73
:10D590002D707265747479206F7074696F6E73008A
:10D5A000342E312E3939005A6570687972207665CB
:10D5B0007273696F6E2025730A0076657273696FE6
:10D5C0006E004B65726E656C2076657273696F6E66
:10D5D0002E005468697320636F6D6D616E642069FD
:10D5E0007320646570726563617465642061732083
:10D5F00069742069732061206475706C696361745B
:10D60000652E2055736520276C6F6720656E6162FB
:10D610006C652720636F6D6D616E642066726F6D3F
:10D62000206C6F6767696E6720636F6D6D616E64F4
:10D6300073207365742E0A00556E61626C652074E8
:10D640006F207061727365206C6F672073657665FB
:10D65000726974792028657272202564290A00494C
:10D660006E76616C6964206C6F67206C6576656CA2
:10D670003A2025640A00556E61626C6520746F2043
:10D6800066696E64206C6F6720736F757263653AAC
:10D690002025730A006C6F675F6C6576656C003CD3
:10D6A0006D6F64756C65206E616D653E203C7365C1
:10D6B0007665726974792028302D34293E004B65D7
:10D6C000726E656C20746872656164732E005363BA
:10D6D000686564756C65723A2025752073696E63A0
:10D6E00065206C6173742063616C6C0A005468720D
:10D6F000656164733A0A004E410025732570202548
:10D700002D3130730A00096F7074696F6E733A209F
:10D71000307825782C207072696F726974793A209C
:10D7200025642074696D656F75743A20256C6C648E
:10D730000A000973746174653A2025732C20656EA4
:10D740007472793A2025700A00556E61626C65200A
:10D75000746F2064657465726D696E6520756E7591
:10D7600073656420737461636B2073697A65202824
:10D770002564290A0A0009737461636B2073697A4E
:10D780006520257A752C20756E7573656420257A61
:10D79000752C20757361676520257A75202F2025EB
:10D7A0007A7520282575202525290A0A006C6973B9
:10D7B00074004C697374206B65726E656C207468BC
:10D7C00072656164732E0025702049525120253006
:10D7D0003264202573287265616C2073697A652034
:10D7E00025347A75293A09756E7573656420253478
:10D7F0007A750975736167652025347A75202F2045
:10D8000025347A75202825327A75202525290A00A5
:10D81000257020252D33327320287265616C2073AA
:10D82000697A652025347A75293A09756E757365AC
:10D83000642025347A750975736167652025347A0B
:10D8400075202F2025347A7520282532752025252E
:10D85000290A00737461636B73004C6973742074DC
:10D8600068726561647320737461636B20757361A2
:10D8700067652E00546872656164204944202570F4
:10D88000206973206E6F742076616C69640A0045AC
:10D8900072726F723A5368656C6C2074687265615D
:10D8A000642063616E6E6F7420626520737573709F
:10D8B000656E6465640A0054687265616420257051
:10D8C0002073757370656E6465640A006B65726EB3
:10D8D000656C207468726561642073757370656E21
:10D8E00064203C7468726561645F69643E004572DF
:10D8F000726F723A5368656C6C207468726561640B
:10D900002063616E6E6F7420626520726573756D41
:10D9100065640A0054687265616420257020726530
:10D9200073756D65640A006B65726E656C20746852
:10D930007265616420726573756D65203C746872F0
:10D940006561645F69643E004572726F723A536844
:10D95000656C6C207468726561642063616E6E6FC3
:10D9600074206265206B696C6C65640A000A20543F
:10D970006872656164202570206B696C6C65640A4F
:10D98000006B696C6C006B65726E656C20746872FC
:10D99000656164206B696C6C203C746872656164BD
:10D9A0005F69643E00524541445900444953414235
:10D9B0004C454400646576696365733A0A005B25EB
:10D9C000705D002D2025730020204454206E6F646C
:10D9D00065206C6162656C733A00446576696365C5
:10D9E00020636F6D6D616E6473004C6973742063A6
:10D9F0006F6E6669677572656420646576696365D4
:10DA000073005573696E672064617461207769647F
:10DA100074682025640A00496E636F7272656374CE
:10DA200020646174612077696474680A00526561DA
:10DA3000642076616C756520307825780A0057720D
:10DA40006974696E672076616C7565203078257819
:10DA50000A00696E76616C696420616464722027D3
:10DA60002573270A00696E76616C69642073697A90
:10DA70006520272573270A00696E76616C6964202A
:10DA8000776964746820272573270A00613A733A1E
:10DA9000773A00272D61203C616464726573733EA0
:10DAA00027206973206D616E6461746F72790A005A
:10DAB000272D73203C73697A653E27206973206D9A
:10DAC000616E6461746F72790A006465766D656D6C
:10DAD000206C6F616420737570706F727473207343
:10DAE000657474696E6720627970617373206F6EFC
:10DAF00020612073696E676C6520696E7374616E56
:10DB000063652E0A004C6F6164696E672E2E2E0AC3
:10DB10007072657373206374726C2D7820637472F5
:10DB20006C2D7120746F206573636170650A004EFF
:10DB3000756D626572206F662062797465732072FC
:10DB40006561643A2025640A002D2D002D6500557D
:10DB50006E6B6E6F776E206F7074696F6E2022250A
:10DB600073220A006465766D656D00526561642FED
:10DB7000777269746520706879736963616C206D70
:10DB8000656D6F72790A55736167653A0A5265610E
:10DB900064206D656D6F72792061742061646472B8
:10DBA0006573732077697468206F7074696F6E6134
:10DBB0006C2077696474683A0A6465766D656D20D7
:10DBC0003C616464726573733E205B3C7769647486
:10DBD000683E5D0A5772697465206D656D6F727974
:10DBE000206174206164647265737320776974685E
:10DBF000206D616E6461746F7279207769647468F6
:10DC000020616E642076616C75653A0A6465766D94
:10DC1000656D203C616464726573733E203C776976
:10DC20006474683E203C76616C75653E0064756D79
:10DC3000700055736167653A0A6465766D656D209D
:10DC400064756D70202D61203C616464726573732E
:10DC50003E202D73203C73697A653E205B2D772032
:10DC60003C77696474683E5D0A0055736167653A84
:10DC70000A6465766D656D206C6F6164205B6F7002
:10DC800074696F6E735D205B616464726573735D4C
:10DC90000A4F7074696F6E733A0A2D65096C697466
:10DCA000746C652D656E6469616E20706172736558
:10DCB0000052582072696E67206275666665722030
:10DCC00066756C6C2E007368656C6C2E7368656C81
:10DCD0006C5F7561727400756172743A7E24200005
:10DCE0007368656C6C5F756172745F6261636B65AC
:10DCF0006E6400537562636F6D6D616E64733A0A92
:10DD0000006E6F74207465726D696E617465643A3B
:10DD10002025630A00506C6561736520737065632C
:10DD2000696679206120737562636F6D6D616E64E1
:10DD30002E0A004572726F723A20726571756573B2
:10DD4000746564206D756C7469706C652066756EA1
:10DD50006374696F6E20657865637574696F6E733F
:10DD60000A003A20636F6D6D616E64206E6F7420DF
:10DD7000666F756E6400546F6F206D616E792061FF
:10DD80007267756D656E747320696E2074686520A6
:10DD9000636F6D6D616E642E0A0025733A20777291
:10DDA0006F6E6720706172616D6574657220636F5C
:10DDB000756E740A005741524E494E473A20412031
:10DDC0007072696E74207265717565737420776105
:10DDD00073206465746563746564206F6E206E6F74
:10DDE0007420616374697665207368656C6C206269
:10DDF00061636B656E642E0A000A257325730053F8
:10DE000068656C6C20746872656164206572726FFD
:10DE1000723A20256400506C6561736520707265EC
:10DE2000737320746865203C5461623E206275748F
:10DE3000746F6E20746F2073656520616C6C206157
:10DE40007661696C61626C6520636F6D6D616E6493
:10DE5000732E0A00596F752063616E20616C736FB9
:10DE60002075736520746865203C5461623E2062B1
:10DE70007574746F6E20746F2070726F6D70742083
:10DE80006F72206175746F2D636F6D706C65746552
:10DE900020616C6C20636F6D6D616E6473206F72B6
:10DEA0002069747320737562636F6D6D616E647346
:10DEB0002E0A00596F752063616E20747279207488
:10DEC0006F2063616C6C20636F6D6D616E64732095
:10DED00077697468203C2D683E206F72203C2D2DA0
:10DEE00068656C703E20706172616D65746572204A
:10DEF000666F72206D6F726520696E666F726D61FC
:10DF000074696F6E2E0A000A5368656C6C20737515
:10DF100070706F72747320666F6C6C6F77696E6768
:10DF2000206D6574612D6B6579733A0A2020437406
:10DF3000726C202B202861206B65792066726F6DD2
:10DF40003A206162636465666B6C6E707577290A4E
:10DF50002020416C7420202B202861206B657920C3
:10DF600066726F6D3A206266290A506C656173654E
:10DF700020726566657220746F207368656C6C2012
:10DF8000646F63756D656E746174696F6E20666F22
:10DF900072206D6F72652064657461696C732E0AFE
:10DFA000000A417661696C61626C6520636F6D6D1A
:10DFB000616E64733A0A00253038583A2000507276
:10DFC000696E7473207468652068656C70206D6577
:10DFD00073736167652E001B5B25642563001B5B03
:10DFE000313B3325646D001B5B34303325646D0099
:10DFF0002573252D2A73002D68002D2D68656C7002
:10E0000000202D20002020004C6F7374206C6F675F
:10E01000733A20256C750A00416374697665207334
:10E0200068656C6C206261636B656E64733A0A00AC
:10E0300020202532642E203A257320282573290AB2
:10E04000005B2533645D2025730A006F666600203F
:10E05000756E6B6E6F776E20706172616D65746541
:10E06000723A200025733A257325730A00456368C8
:10E070006F207374617475733A2025730A004E6FB4
:10E0800020726573706F6E73652066726F6D207499
:10E090006865207465726D696E616C2C20617373A4
:10E0A000756D65642038307832342073637265652D
:10E0B0006E2073697A650A001B5B366E00726574A8
:10E0C00076616C005072696E742072657475726E40
:10E0D0002076616C7565206F66206D6F7374207299
:10E0E0006563656E7420636F6D6D616E640072654B
:10E0F00073697A6500436F6E736F6C652067657432
:10E1000073207465726D696E616C207363726565EE
:10E110006E2073697A65206F7220617373756D6507
:10E12000732064656661756C7420696E2063617329
:10E13000652074686520726561646F75742066611E
:10E14000696C732E204974206D757374206265208C
:10E1500065786563757465642061667465722065B1
:10E16000616368207465726D696E616C20776964A3
:10E170007468206368616E676520746F20656E73D4
:10E1800075726520636F727265637420746578744C
:10E1900020646973706C61792E00686973746F72A2
:10E1A0007900436F6D6D616E6420686973746F727E
:10E1B000792E0055736566756C2C206E6F74205532
:10E1C0006E69782D6C696B65207368656C6C206373
:10E1D0006F6D6D616E64732E00436C6561722073A8
:10E1E000637265656E2E0072656D0049676E6F72B1
:10E1F00065206C696E657320626567696E6E696E15
:10E20000672077697468202772656D202700646530
:10E210006661756C7400417373756D6520383020CC
:10E2200063686172732073637265656E20776964D9
:10E23000746820616E642073656E6420746869730D
:10E240002073657474696E6720746F20746865202C
:10E250007465726D696E616C2E006261636B656ED0
:10E260006473004C6973742061637469766520730C
:10E2700068656C6C206261636B656E64732E0A0066
:10E280006261636B73706163655F6D6F6465005499
:10E290006F67676C65206261636B73706163652093
:10E2A0006B6579206D6F64652E0A536F6D65207400
:10E2B00065726D696E616C7320617265206E6F743A
:10E2C0002073656E64696E67207365706172617436
:10E2D000652065736361706520636F646520666F98
:10E2E00072206261636B737061636520616E64208C
:10E2F00064656C65746520627574746F6E2E20544D
:10E3000068697320636F6D6D616E6420666F726300
:10E310006573207368656C6C20746F20696E74651A
:10E3200072707265742064656C657465206B6579C4
:10E33000206173206261636B73706163652E00639B
:10E340006F6C6F727300546F67676C6520636F6CDE
:10E350006F7265642073796E7461782E0076743103
:10E36000303000546F67676C652076743130302030
:10E37000636F6D6D616E64732E0070726F6D70747B
:10E3800000546F67676C652070726F6D70742E003B
:10E390006563686F00546F67676C65207368656CB0
:10E3A0006C206563686F2E0073746174730053682A
:10E3B000656C6C20737461746973746963732E0087
:10E3C0006261636B73706163650053657420646997
:10E3D00066666572656E742065736361706520633F
:10E3E0006F646520666F72206261636B7370616336
:10E3F0006520616E642064656C657465206B657969
:10E400002E0064656C6574650053657420746865DE
:10E410002073616D652065736361706520636F644F
:10E420006520666F72206261636B73706163652043
:10E43000616E642064656C657465206B65792E007F
:10E440005265736574207368656C6C2073746174B5
:10E4500069737469637320666F7220746865204CF9
:10E460006F67676572206D6F64756C652E007368E9
:10E470006F7700476574207368656C6C20737461F6
:10E480007469737469637320666F722074686520A1
:10E490004C6F67676572206D6F64756C652E004404
:10E4A000697361626C65207368656C6C2065636874
:10E4B0006F2E2045646974696E67206B65797320DF
:10E4C000616E64206D6574612D6B65797320617276
:10E4D00065206E6F742068616E646C656400456EC3
:10E4E00061626C65207368656C6C206563686F2E73
:10E4F0000044697361626C652070726F6D70742E78
:10E5000000456E61626C652070726F6D70742E00D4
:10E5100044697361626C6520767431303020636FBA
:10E520006D6D616E64732E00456E61626C65207660
:10E530007431303020636F6D6D616E64732E0044F2
:10E54000697361626C6520636F6C6F7265642073C0
:10E55000796E7461782E00456E61626C6520636F20
:10E560006C6F7265642073796E7461782E00436FEE
:10E570006D6D616E642062756666657220697320D8
:10E58000746F6F2073686F727420746F2065787079
:10E59000616E6420616C6C20636F6D6D616E64737D
:10E5A000206D61746368696E672077696C6463616C
:10E5B0007264207061747465726E3A2025730A006B
:10E5C00053697A65206F6620434F4E4649475F4640
:10E5D0004C4153485F46494C4C5F42554646455274
:10E5E0005F53495A45004E65676174697665206FCF
:10E5F0006666736574206E6F7420616C6C6F7765EE
:10E60000640A00496E636F72726563742073697A7D
:10E6100065206F72206F666673657420616C696730
:10E620006E6D656E742C206578706563746564200A
:10E63000257A780A00666C6173680072302F613148
:10E640003A2020307825303878202072312F6132FE
:10E650003A2020307825303878202072322F6133EC
:10E660003A20203078253038780072332F61343AE0
:10E670002020307825303878207231322F69703A76
:10E680002020307825303878207231342F6C723A5F
:10E6900020203078253038780020787073723A2046
:10E6A0002030782530387800735B2532645D3A205D
:10E6B000203078253038782020735B2532645D3A2D
:10E6C00020203078253038782020735B2532645D37
:10E6D0003A20203078253038782020735B2532644A
:10E6E0005D3A202030782530387800667073637288
:10E6F0003A2020307825303878004661756C74698E
:10E700006E6720696E737472756374696F6E2061D1
:10E7100064647265737320287231352F7063293AEF
:10E720002030782530387800556E68616E646C65ED
:10E7300064204952516E3A20256400436F756C6421
:10E74000206E6F7420726561642073796D626F6CE6
:10E750002066726F6D2062696E6172792100436F6D
:10E76000756C64206E6F742066696E642073796DB9
:10E77000626F6C202573210073796D202725732724
:10E780003A2072656C6F636174696F6E206F757487
:10E79000206F662072616E67652028252378202D02
:10E7A0003E20252378290A00756E6B6E6F776E20E8
:10E7B00072656C6F636174696F6E3A2025750A002B
:10E7C000656C66002A2A2A2A2A204D505520464187
:10E7D000554C54202A2A2A2A2A0020205374616387
:10E7E0006B696E67206572726F722028636F6E743A
:10E7F0006578742061726561206D69676874206254
:10E8000065206E6F742076616C6964290020205544
:10E810006E737461636B696E67206572726F7200EC
:10E8200020204461746120416363657373205669DD
:10E830006F6C6174696F6E0020204D4D464152200F
:10E84000416464726573733A203078257800202023
:10E85000496E737472756374696F6E20416363658A
:10E8600073732056696F6C6174696F6E0020204667
:10E870006C6F6174696E672D706F696E74206C6166
:10E880007A7920737461746520707265736572762D
:10E890006174696F6E206572726F72002A2A2A2A6B
:10E8A0002A20425553204641554C54202A2A2A2AD0
:10E8B0002A002020537461636B696E672065727251
:10E8C0006F72002020507265636973652064617403
:10E8D0006120627573206572726F7200202042465B
:10E8E000415220416464726573733A203078257810
:10E8F000002020496D7072656369736520646174DE
:10E900006120627573206572726F72002020496EFB
:10E91000737472756374696F6E20627573206572AB
:10E92000726F72002A2A2A2A2A205553414745200D
:10E930004641554C54202A2A2A2A2A00202044697C
:10E94000766973696F6E206279207A65726F002034
:10E9500020556E616C69676E6564206D656D6F72C0
:10E9600079206163636573730020204E6F20636FAD
:10E9700070726F636573736F7220696E73747275F2
:10E980006374696F6E73002020496C6C6567616CFD
:10E99000206C6F6164206F66204558435F52455478
:10E9A00055524E20696E746F205043002020496CF0
:10E9B0006C6567616C20757365206F66207468658F
:10E9C0002045505352002020417474656D707420AE
:10E9D000746F206578656375746520756E6465660F
:10E9E000696E656420696E737472756374696F6EA5
:10E9F000005265736572766564204578636570744E
:10EA0000696F6E20280053707572696F7573206985
:10EA10006E746572727570742028495251200053CB
:10EA20005053454C20696E20746872656164206D96
:10EA30006F646520646F6573206E6F7420696E6407
:10EA4000696361746520505350002A2A2A2A2A20BB
:10EA500048415244204641554C54202A2A2A2A2A09
:10EA6000002020427573206661756C74206F6E20E3
:10EA7000766563746F72207461626C652072656183
:10EA8000640020204465627567206576656E7400B9
:10EA900020204661756C7420657363616C617469D4
:10EAA0006F6E20287365652062656C6F7729004161
:10EAB0005243485F45584345505420776974682055
:10EAC000726561736F6E2025780A002A2A2A2A2A25
:10EAD000204465627567206D6F6E69746F72206582
:10EAE0007863657074696F6E202A2A2A2A2A002AA0
:10EAF0002A2A2A2A20257320256429202A2A2A2A1C
:10EB00002A0061626F727428290A006765746F7049
:10EB100074006E65745F627566006E65745F627521
:10EB2000665F73696D706C6500736F630000FFFF53
:10EB3000FFFFFFFF62745F72706100556E6B6E6F56
:10EB4000776E207479706520257500496E76616C4A
:10EB5000696420727820747970653A2025750055B3
:10EB60006E6B6E6F776E2048342074797065202547
:10EB70007500496E76616C696420747820747970D0
:10EB8000653A2025750048434920647269766572AC
:10EB9000206973206E6F7420726561647900484348
:10EBA0004920647269766572206F70656E206661B7
:10EBB000696C6564202825642900426C7565746F52
:10EBC0006F746820656E61626C656420696E2052A6
:10EBD0004157206D6F64650062745F6863695F729E
:10EBE000617700574553545F544F504449522F7A30
:10EBF00065706879722F7375627379732F626C75A3
:10EC000065746F6F74682F686F73742F6863695FC2
:10EC1000636F6D6D6F6E2E630041535345525449BF
:10EC20004F4E204641494C205B25735D20402025F6
:10EC3000733A25640A004661696C656420746F202C
:10EC4000676574207461626C652073697A653A2027
:10EC50002564004661696C656420746F2067657483
:10EC60002066756E6374696F6E207461626C653ABC
:10EC7000202564004E6F7420656E6F756768206D87
:10EC8000656D6F727920666F7220657874656E733A
:10EC9000696F6E206D6574616461746100466169BD
:10ECA0006C656420746F2063616C6C20696E69749C
:10ECB0002066756E6374696F6E733A202564004632
:10ECC00061696C656420746F2063616C6C2064659D
:10ECD0002D696E69742066756E6374696F6E733A20
:10ECE000202564006C6C657874004661696C65640D
:10ECF00020616C6C6F636174696E6720257A642093
:10ED0000627974657320257A642D616C69676E651C
:10ED10006420666F7220726567696F6E20256400DB
:10ED20004661696C656420746F20707265706172F1
:10ED30006520746865206C6F616465722C20726553
:10ED400074202564004661696C656420746F2073CB
:10ED500065656B20666F7220454C4620686561646E
:10ED60006572004661696C656420746F207265612C
:10ED70006420454C462068656164657200496E7682
:10ED8000616C696420454C462C206D616769632085
:10ED9000646F6573206E6F74206D617463680055D5
:10EDA0006E737570706F7274656420454C46206692
:10EDB000696C65207479706520257800496E7661EC
:10EDC0006C69642073656374696F6E206865616443
:10EDD00065722073697A65202564004661696C65F7
:10EDE0006420746F20616C6C6F636174652073655F
:10EDF0006374696F6E206D61702C2073697A652071
:10EE0000257A75004661696C656420746F20616CB9
:10EE10006C6F636174652073656374696F6E2068DD
:10EE20006561646572732C2073697A6520257A7533
:10EE3000004661696C656420746F207365656B20A2
:10EE4000666F722073656374696F6E2068656164B4
:10EE5000657273004661696C656420746F20726529
:10EE600061642073656374696F6E206865616465B1
:10EE70007273004661696C656420746F206C6F6109
:10EE80006420626173696320454C4620646174614B
:10EE90002C2072657420256400536F6D65207365A6
:10EEA0006374696F6E7320617265206D6973736935
:10EEB0006E67206F722070726573656E74206D7559
:10EEC0006C7469706C652074696D657321004661AE
:10EED000696C656420746F2066696E6420696D706A
:10EEE0006F7274616E7420454C46207461626C656B
:10EEF000732C20726574202564004661696C65641A
:10EF000020746F20636F707920454C4620737472B3
:10EF1000696E672073656374696F6E732C20726508
:10EF200074202564002E6578706F727465645F7359
:10EF3000796D00496E76616C696420257320617279
:10EF400072617920696E2073656374696F6E202524
:10EF50006400556E737570706F72746564207365AC
:10EF60006374696F6E20666C616773202523782057
:10EF70002F2025237820666F722025732028726544
:10EF800067696F6E20256429004D756C7469706C1B
:10EF900065205348545F4E4F424954532073656374
:10EFA00074696F6E7320617265206E6F7420737563
:10EFB00070706F7274656400526567696F6E2025AA
:10EFC00064207265646566696E656400496E636F8E
:10EFD0006D70617469626C652073656374696F6ECE
:10EFE0002061646472657373657320666F72202597
:10EFF000732028726567696F6E202564290042615D
:10F00000642073656374696F6E20616C69676E6DEF
:10F01000656E7420696E20726567696F6E20256465
:10F0200000526567696F6E20256420564D4120723D
:10F03000616E6765202825237A782D25237A782923
:10F04000206F7665726C6170732077697468202513
:10F0500064202825237A782D25237A782900526583
:10F0600067696F6E20256420454C462066696C6593
:10F070002072616E6765202825237A782D25237AF2
:10F080007829206F7665726C617073207769746877
:10F09000202564202825237A782D25237A782900B5
:10F0A0004661696C656420746F206D617020454C09
:10F0B000462073656374696F6E732C2072657420CB
:10F0C0002564004661696C656420746F20636F700D
:10F0D0007920726567696F6E732C207265742025C4
:10F0E00064004661696C656420746F20636F756E9F
:10F0F00074206578706F7274656420454C46207387
:10F10000796D626F6C732C207265742025640046E3
:10F1100061696C656420746F20616C6C6F636174ED
:10F120006520657874656E73696F6E2073796D62A2
:10F130006F6C207461626C652C207265742025648C
:10F14000004E6F206461746120666F722073656386
:10F1500074696F6E202564004661696C6564207473
:10F160006F20636F70792073796D626F6C732C20E0
:10F17000726574202564004661696C656420746F53
:10F18000206C696E6B2C20726574202564004661CA
:10F19000696C656420746F206578706F72742C20C0
:10F1A000726574202564007F454C46556E64656623
:10F1B000696E65642073796D626F6C20776974681D
:10F1C000206E6F20656E74727920696E2073796D80
:10F1D000626F6C207461626C652025732C206F66F1
:10F1E0006673657420257A642C206C696E6B2073BD
:10F1F000656374696F6E2025640063616E6E6F7461
:10F20000206170706C792072656C6F636174696FD6
:10F210006E3A207461726765742073796D626F6CE9
:10F220002068617320756E6578706563746564200D
:10F2300073656374696F6E20696E646578202564F8
:10F2400020282523782900496E76616C6964206541
:10F250006E7472792073697A6520257A6420666FEE
:10F2600072205348545F52454C2073656374696F34
:10F270006E20256400466F756E6420756E73757020
:10F28000706F72746564205348545F52454C41203E
:10F2900073656374696F6E2025640053616E6974D1
:10F2A0007920636865636B73206661696C656420AF
:10F2B000666F722073656374696F6E202564202801
:10F2C000696E666F20257A642C2073697A65202523
:10F2D0007A642C20656E7473697A6520257A6429B6
:10F2E0000053656374696F6E202564206E6F74200F
:10F2F0006C6F6164656420696E20616E79206D6554
:10F300006D6F727920726567696F6E007A5F696DE3
:10F31000706C5F7A65706879725F77726974655F27
:10F320007374646F7574007A5F696D706C5F7A6571
:10F33000706879725F726561645F737464696E008E
:10F340007A5F696D706C5F7A65706879725F6677F5
:10F3500072697465007A5F696D706C5F7A65706858
:10F3600079725F6670757463007A5F696D706C5F47
:10F370007A5F7379735F6D757465785F6B65726EB4
:10F38000656C5F756E6C6F636B007A5F696D706C36
:10F390005F7A5F7379735F6D757465785F6B6572A3
:10F3A0006E656C5F6C6F636B007A5F696D706C5F2C
:10F3B0007A5F6C6F675F6D73675F737461746963A5
:10F3C0005F637265617465007A5F696D706C5F7A06
:10F3D0005F6C6F675F6D73675F73696D706C655F9E
:10F3E0006372656174655F32007A5F696D706C5F2E
:10F3F0007A5F6C6F675F6D73675F73696D706C6563
:10F400005F6372656174655F31007A5F696D706C0E
:10F410005F7A5F6C6F675F6D73675F73696D706C48
:10F42000655F6372656174655F30007A5F696D70F6
:10F430006C5F756172745F74785F753136007A5FE6
:10F44000696D706C5F756172745F74785F61626F13
:10F450007274007A5F696D706C5F756172745F744D
:10F4600078007A5F696D706C5F756172745F727835
:10F470005F656E61626C655F753136007A5F696DDC
:10F48000706C5F756172745F72785F656E61626CDB
:10F4900065007A5F696D706C5F756172745F727818
:10F4A0005F64697361626C65007A5F696D706C5F3F
:10F4B000756172745F706F6C6C5F6F75745F7531BE
:10F4C00036007A5F696D706C5F756172745F706F22
:10F4D0006C6C5F6F7574007A5F696D706C5F7561DD
:10F4E00072745F706F6C6C5F696E5F753136007A35
:10F4F0005F696D706C5F756172745F706F6C6C5F6B
:10F50000696E007A5F696D706C5F756172745F6CB3
:10F51000696E655F6374726C5F736574007A5F69AE
:10F520006D706C5F756172745F6C696E655F63743A
:10F53000726C5F676574007A5F696D706C5F75618E
:10F5400072745F6972715F757064617465007A5F6F
:10F55000696D706C5F756172745F6972715F7478E8
:10F560005F656E61626C65007A5F696D706C5F7576
:10F570006172745F6972715F74785F6469736162EC
:10F580006C65007A5F696D706C5F756172745F693C
:10F5900072715F72785F656E61626C65007A5F6937
:10F5A0006D706C5F756172745F6972715F72785FA4
:10F5B00064697361626C65007A5F696D706C5F7518
:10F5C0006172745F6972715F69735F70656E64699F
:10F5D0006E67007A5F696D706C5F756172745F69E8
:10F5E00072715F6572725F656E61626C65007A5FF1
:10F5F000696D706C5F756172745F6972715F65725D
:10F60000725F64697361626C65007A5F696D706CCA
:10F610005F756172745F6572725F636865636B00CA
:10F620007A5F696D706C5F756172745F6472765F2A
:10F63000636D64007A5F696D706C5F756172745F91
:10F64000636F6E666967757265007A5F696D706C6D
:10F650005F756172745F636F6E6669675F6765741B
:10F66000007A5F696D706C5F7379735F72616E644D
:10F670005F676574007A5F696D706C5F7379735F43
:10F68000637372616E645F676574007A5F696D7041
:10F690006C5F7379735F636C6F636B5F68775F63D5
:10F6A00079636C65735F7065725F7365635F7275B4
:10F6B0006E74696D655F676574007A5F696D706C03
:10F6C0005F7370695F7472616E73636569766500FC
:10F6D0007A5F696D706C5F7370695F72656C65618C
:10F6E0007365007A5F696D706C5F70776D5F7365CD
:10F6F000745F6379636C6573007A5F696D706C5FCA
:10F7000070776D5F6765745F6379636C65735F7055
:10F7100065725F736563007A5F696D706C5F7077A7
:10F720006D5F656E61626C655F6361707475726553
:10F73000007A5F696D706C5F70776D5F646973618B
:10F74000626C655F63617074757265007A5F696D84
:10F75000706C5F70776D5F636170747572655F6305
:10F7600079636C6573007A5F696D706C5F6C6F674D
:10F770005F70726F63657373007A5F696D706C5F41
:10F780006C6F675F70616E6963007A5F696D706C42
:10F790005F6C6F675F66726F6E74656E645F6669DB
:10F7A0006C7465725F736574007A5F696D706C5F0D
:10F7B0006C6F675F66696C7465725F736574007AFD
:10F7C0005F696D706C5F6C6F675F627566666572AE
:10F7D00065645F636E74007A5F696D706C5F6C6CFA
:10F7E0006578745F6765745F666E5F7461626C658F
:10F7F000007A5F696D706C5F6B5F7969656C64003E
:10F800007A5F696D706C5F6B5F77616B65757000B7
:10F810007A5F696D706C5F6B5F75736C65657000A6
:10F820007A5F696D706C5F6B5F757074696D655F31
:10F830007469636B73007A5F696D706C5F6B5F7482
:10F84000696D65725F757365725F646174615F7322
:10F850006574007A5F696D706C5F6B5F74696D656C
:10F86000725F757365725F646174615F6765740070
:10F870007A5F696D706C5F6B5F74696D65725F73E1
:10F88000746F70007A5F696D706C5F6B5F74696D27
:10F8900065725F7374617475735F73796E63007AF8
:10F8A0005F696D706C5F6B5F74696D65725F7374B7
:10F8B000617475735F676574007A5F696D706C5F02
:10F8C0006B5F74696D65725F7374617274007A5FE7
:10F8D000696D706C5F6B5F74696D65725F72656D89
:10F8E00061696E696E675F7469636B73007A5F69E3
:10F8F0006D706C5F6B5F74696D65725F6578706960
:10F900007265735F7469636B73007A5F696D706CA5
:10F910005F6B5F7468726561645F74696D656F7554
:10F92000745F72656D61696E696E675F7469636B40
:10F9300073007A5F696D706C5F6B5F74687265618C
:10F94000645F74696D656F75745F65787069726501
:10F95000735F7469636B73007A5F696D706C5F6B62
:10F960005F7468726561645F73757370656E64005F
:10F970007A5F696D706C5F6B5F7468726561645FFC
:10F98000737461636B5F73706163655F6765740057
:10F990007A5F696D706C5F6B5F7468726561645FDC
:10F9A000737461636B5F66726565007A5F696D7021
:10F9B0006C5F6B5F7468726561645F737461636BC5
:10F9C0005F616C6C6F63007A5F696D706C5F6B5F19
:10F9D0007468726561645F726573756D65007A5FE6
:10F9E000696D706C5F6B5F7468726561645F707283
:10F9F000696F726974795F736574007A5F696D709D
:10FA00006C5F6B5F7468726561645F7072696F725E
:10FA10006974795F676574007A5F696D706C5F6B9C
:10FA20005F7468726561645F6E616D655F73657454
:10FA3000007A5F696D706C5F6B5F7468726561649A
:10FA40005F6E616D655F636F7079007A5F696D707D
:10FA50006C5F6B5F7468726561645F6A6F696E008A
:10FA60007A5F696D706C5F6B5F7468726561645F0B
:10FA7000646561646C696E655F736574007A5F6963
:10FA80006D706C5F6B5F7468726561645F637573E2
:10FA9000746F6D5F646174615F736574007A5F6930
:10FAA0006D706C5F6B5F7468726561645F637573C2
:10FAB000746F6D5F646174615F676574007A5F691C
:10FAC0006D706C5F6B5F7468726561645F637265B3
:10FAD000617465007A5F696D706C5F6B5F746872EA
:10FAE0006561645F61626F7274007A5F696D706CEA
:10FAF0005F6B5F7374725F6F7574007A5F696D70AE
:10FB00006C5F6B5F737461636B5F70757368007AB1
:10FB10005F696D706C5F6B5F737461636B5F706F57
:10FB200070007A5F696D706C5F6B5F737461636B9B
:10FB30005F616C6C6F635F696E6974007A5F696D99
:10FB4000706C5F6B5F736C656570007A5F696D7078
:10FB50006C5F6B5F73656D5F74616B65007A5F6985
:10FB60006D706C5F6B5F73656D5F7265736574005C
:10FB70007A5F696D706C5F6B5F73656D5F696E69ED
:10FB800074007A5F696D706C5F6B5F73656D5F6742
:10FB9000697665007A5F696D706C5F6B5F73656D28
:10FBA0005F636F756E745F676574007A5F696D700F
:10FBB0006C5F6B5F73636865645F63757272656EBB
:10FBC000745F7468726561645F7175657279007ADB
:10FBD0005F696D706C5F6B5F726573636865647598
:10FBE0006C65007A5F696D706C5F6B5F71756575D0
:10FBF000655F7065656B5F7461696C007A5F696DE4
:10FC0000706C5F6B5F71756575655F7065656B5F67
:10FC100068656164007A5F696D706C5F6B5F7175B8
:10FC20006575655F69735F656D707479007A5F698A
:10FC30006D706C5F6B5F71756575655F696E69741A
:10FC4000007A5F696D706C5F6B5F71756575655F7C
:10FC5000676574007A5F696D706C5F6B5F71756565
:10FC600075655F63616E63656C5F77616974007A67
:10FC70005F696D706C5F6B5F71756575655F616CF9
:10FC80006C6F635F70726570656E64007A5F696D3A
:10FC9000706C5F6B5F71756575655F616C6C6F63D0
:10FCA0005F617070656E64007A5F696D706C5F6B28
:10FCB0005F706F6C6C5F7369676E616C5F726573A8
:10FCC0006574007A5F696D706C5F6B5F706F6C6CF0
:10FCD0005F7369676E616C5F7261697365007A5FFB
:10FCE000696D706C5F6B5F706F6C6C5F7369676E72
:10FCF000616C5F696E6974007A5F696D706C5F6BCF
:10FD00005F706F6C6C5F7369676E616C5F63686571
:10FD1000636B007A5F696D706C5F6B5F706F6C6CAA
:10FD2000007A5F696D706C5F6B5F706970655F779B
:10FD3000726974655F617661696C007A5F696D7084
:10FD40006C5F6B5F706970655F7772697465007A6C
:10FD50005F696D706C5F6B5F706970655F72657312
:10FD60006574007A5F696D706C5F6B5F7069706558
:10FD70005F726561645F617661696C007A5F696D6D
:10FD8000706C5F6B5F706970655F72656164007A4B
:10FD90005F696D706C5F6B5F706970655F707574C3
:10FDA000007A5F696D706C5F6B5F706970655F6929
:10FDB0006E6974007A5F696D706C5F6B5F706970FB
:10FDC000655F676574007A5F696D706C5F6B5F700B
:10FDD0006970655F666C757368007A5F696D706CD9
:10FDE0005F6B5F706970655F636C6F7365007A5FEE
:10FDF000696D706C5F6B5F706970655F6275666678
:10FE000065725F666C757368007A5F696D706C5FB0
:10FE10006B5F706970655F616C6C6F635F696E6961
:10FE200074007A5F696D706C5F6B5F6F626A6563A7
:10FE3000745F72656C65617365007A5F696D706C83
:10FE40005F6B5F6F626A6563745F616C6C6F635F49
:10FE500073697A65007A5F696D706C5F6B5F6F6262
:10FE60006A6563745F616C6C6F63007A5F696D7063
:10FE70006C5F6B5F6F626A6563745F616363657318
:10FE8000735F6772616E74007A5F696D706C5F6B2F
:10FE90005F6D757465785F756E6C6F636B007A5F0C
:10FEA000696D706C5F6B5F6D757465785F6C6F63A7
:10FEB0006B007A5F696D706C5F6B5F6D75746578F0
:10FEC0005F696E6974007A5F696D706C5F6B5F6DFE
:10FED0007367715F707574007A5F696D706C5F6BCA
:10FEE0005F6D7367715F7075726765007A5F696DCA
:10FEF000706C5F6B5F6D7367715F7065656B5F6181
:10FF000074007A5F696D706C5F6B5F6D7367715FB2
:10FF10007065656B007A5F696D706C5F6B5F6D73A8
:10FF200067715F6E756D5F757365645F676574009B
:10FF30007A5F696D706C5F6B5F6D7367715F6E7513
:10FF40006D5F667265655F676574007A5F696D7085
:10FF50006C5F6B5F6D7367715F6765745F6174740D
:10FF60007273007A5F696D706C5F6B5F6D73677140
:10FF70005F676574007A5F696D706C5F6B5F6D734E
:10FF800067715F616C6C6F635F696E6974007A5F43
:10FF9000696D706C5F6B5F69735F707265656D70C2
:10FFA000745F746872656164007A5F696D706C5F1C
:10FFB0006B5F66757465785F77616B65007A5F6902
:10FFC0006D706C5F6B5F66757465785F776169747F
:10FFD000007A5F696D706C5F6B5F666C6F61745FF8
:10FFE000656E61626C65007A5F696D706C5F6B5FF6
:10FFF000666C6F61745F64697361626C65007A5FDF
:020000025000AC
:10000000696D706C5F6B5F6576656E745F77616953
:10001000745F616C6C007A5F696D706C5F6B5F65BB
:1000200076656E745F77616974007A5F696D706C74
:100030005F6B5F6576656E745F7365745F6D61732A
:100040006B6564007A5F696D706C5F6B5F65766588
:100050006E745F736574007A5F696D706C5F6B5F5F
:100060006576656E745F706F7374007A5F696D702A
:100070006C5F6B5F6576656E745F696E6974007A3C
:100080005F696D706C5F6B5F6576656E745F636CE6
:10009000656172007A5F696D706C5F6B5F636F6E34
:1000A000647661725F77616974007A5F696D706C04
:1000B0005F6B5F636F6E647661725F7369676E61B9
:1000C0006C007A5F696D706C5F6B5F636F6E6476F6
:1000D00061725F696E6974007A5F696D706C5F6BE5
:1000E0005F636F6E647661725F62726F6164636199
:1000F0007374007A5F696D706C5F6B5F62757379A2
:100100005F77616974007A5F696D706C5F693263F3
:100110005F7472616E73666572007A5F696D706C90
:100120005F6932635F7461726765745F6472697678
:1001300065725F756E7265676973746572007A5F68
:10014000696D706C5F6932635F7461726765745F5B
:100150006472697665725F7265676973746572004F
:100160007A5F696D706C5F6932635F7265636F7629
:1001700065725F627573007A5F696D706C5F69327A
:10018000635F6765745F636F6E666967007A5F6956
:100190006D706C5F6932635F636F6E6669677572FD
:1001A00065007A5F696D706C5F6877696E666F5F16
:1001B0006765745F737570706F727465645F726584
:1001C0007365745F6361757365007A5F696D706CE8
:1001D0005F6877696E666F5F6765745F7265736588
:1001E000745F6361757365007A5F696D706C5F68D9
:1001F00077696E666F5F6765745F6465766963656E
:100200005F6964007A5F696D706C5F6877696E66BC
:100210006F5F6765745F6465766963655F6575695F
:100220003634007A5F696D706C5F6877696E666FEF
:100230005F636C6561725F72657365745F6361753E
:100240007365007A5F696D706C5F6770696F5F706E
:100250006F72745F746F67676C655F626974730057
:100260007A5F696D706C5F6770696F5F706F7274D1
:100270005F7365745F6D61736B65645F7261770056
:100280007A5F696D706C5F6770696F5F706F7274B1
:100290005F7365745F626974735F726177007A5F20
:1002A000696D706C5F6770696F5F706F72745F67A4
:1002B00065745F726177007A5F696D706C5F6770FB
:1002C000696F5F706F72745F6765745F6469726590
:1002D0006374696F6E007A5F696D706C5F677069D7
:1002E0006F5F706F72745F636C6561725F62697477
:1002F000735F726177007A5F696D706C5F677069B8
:100300006F5F70696E5F696E746572727570745F2D
:10031000636F6E666967757265007A5F696D706C90
:100320005F6770696F5F70696E5F6765745F636F49
:100330006E666967007A5F696D706C5F6770696F80
:100340005F70696E5F636F6E666967757265007A6C
:100350005F696D706C5F6770696F5F6765745F7010
:10036000656E64696E675F696E74007A5F696D704F
:100370006C5F666C6173685F7772697465007A5F41
:10038000696D706C5F666C6173685F736664705FE3
:1003900072656164007A5F696D706C5F666C617331
:1003A000685F726561645F6A656465635F69640064
:1003B0007A5F696D706C5F666C6173685F726561AE
:1003C00064007A5F696D706C5F666C6173685F670B
:1003D00065745F77726974655F626C6F636B5F737E
:1003E000697A65007A5F696D706C5F666C617368CD
:1003F0005F6765745F73697A65007A5F696D706CB9
:100400005F666C6173685F6765745F706172616D70
:100410006574657273007A5F696D706C5F666C619C
:1004200073685F6765745F706167655F696E666F4B
:100430005F62795F6F666673007A5F696D706C5F8B
:10044000666C6173685F6765745F706167655F693B
:100450006E666F5F62795F696478007A5F696D705C
:100460006C5F666C6173685F6765745F7061676518
:100470005F636F756E74007A5F696D706C5F666C38
:100480006173685F666C617474656E007A5F696D34
:10049000706C5F666C6173685F66696C6C007A5F34
:1004A000696D706C5F666C6173685F65785F6F70B3
:1004B000007A5F696D706C5F666C6173685F65720E
:1004C000617365007A5F696D706C5F666C617368FB
:1004D0005F636F7079007A5F696D706C5F656E74D1
:1004E000726F70795F6765745F656E74726F707933
:1004F000007A5F696D706C5F6465766963655F69DA
:10050000735F7265616479007A5F696D706C5F64B6
:1005100065766963655F696E6974007A5F696D709D
:100520006C5F6465766963655F6765745F62795F58
:1005300064745F6E6F64656C6162656C007A5F699C
:100540006D706C5F6465766963655F6765745F6233
:10055000696E64696E67007A5F696D706C5F64656F
:10056000766963655F6465696E6974007A5F696D59
:10057000706C5F6164635F726561645F6173796E03
:1005800063007A5F696D706C5F6164635F7265615F
:1005900064007A5F696D706C5F6164635F6368615A
:1005A0006E6E656C5F7365747570006D656D7365F7
:1005B00074006D656D637079006D656D636D7000BD
:1005C0007374726370790025732066756E63746945
:1005D0006F6E2025692028257029206F7574736936
:1005E0006465207465787420726567696F6E006257
:1005F00072696E6775700074656172646F776E0002
:100600006C6C6578745F66735F6C6F6164657200B3
:100610004E6F2073756368206C6C65787420257349
:100620000A00457874656E73696F6E3A20257320F1
:1006300073796D626F6C730A007C2053796D626F01
:100640006C20202020202020202020207C2041649D
:100650006472657373202020207C0A007C20253181
:100660003673207C202570207C0A007C204E616D32
:1006700065202020202020202020202020207C20D9
:1006800053697A652020202020202020207C0A0029
:100690007C2025313673207C2025313264207C0A71
:1006A00000457874656E73696F6E206E616D6520AC
:1006B000746F6F206C6F6E672C206D6178202564DD
:1006C0002063686172730A0A00457874656E736905
:1006D0006F6E20256420627974657320746F6F20BB
:1006E0006C6172676520746F206C6F61642C206D83
:1006F00061782025642062797465730A0A00537555
:10070000636365737366756C6C79206C6F61646587
:100710006420657874656E73696F6E2025732C2074
:10072000616464722025700A0A004661696C656420
:1007300020746F206C6F616420657874656E7369D6
:100740006F6E2025732C2072657475726E20636F36
:1007500064652025640A0A004E6F20737563682063
:10076000657874656E73696F6E2025730A00556E27
:100770006C6F6164656420657874656E73696F6E13
:100780002025730A0A004C6F616461626C65206504
:100790007874656E73696F6E20636F6D6D616E64E2
:1007A00073004C697374206C6F61646564206578B4
:1007B00074656E73696F6E7320616E642074686512
:1007C00069722073697A6520696E206D656D6F723C
:1007D00079006C6F61645F686578004C6F616420BC
:1007E000616E20656C662066696C6520656E636F5E
:1007F00064656420696E2068657820646972656349
:10080000746C792066726F6D2074686520736865FA
:100810006C6C20696E7075742E2053796E746178DB
:100820003A0A3C6578745F6E616D653E203C657880
:10083000745F6865785F737472696E673E00756E89
:100840006C6F616400556E6C6F616420616E206531
:100850007874656E73696F6E206279206E616D6564
:100860002E2053796E7461783A0A3C6578745F6E15
:10087000616D653E006C6973745F73796D626F6C56
:1008800073004C69737420657874656E73696F6E5C
:100890002073796D626F6C732E2053796E7461785A
:1008A0003A0A3C6578745F6E616D653E0063616C09
:1008B0006C5F666E0043616C6C20657874656E7366
:1008C000696F6E2066756E6374696F6E20776974E8
:1008D000682070726F746F7479706520766F6964C8
:1008E00020666E28766F6964292E2053796E7461B4
:1008F000783A0A3C6578745F6E616D653E203C66AF
:10090000756E6374696F6E5F6E616D653E006C6CD1
:100910006578745F7368656C6C00757362645F778B
:100920006F726B710055534244206576656E74207A
:10093000616C6C6F636174696F6E206661696C6570
:1009400064210055534244206576656E74206D65C0
:100950006D6F727920636F72727570746564005583
:100960006E6B6E6F776E2055534220706F77657295
:10097000206576656E7420256400556E6578706517
:1009800063746564206576656E7420286E7266787F
:100990005F75736264293A2025642C2065702030CD
:1009A0007825303278005F65705F73746174757399
:1009B0005F676574206661696C65642120436F64BC
:1009C000653A202564006E6F7420617474616368F9
:1009D00065642C20455020307825303278206576AB
:1009E000656E742064726F70706564006E5246208C
:1009F00055534244207472616E736665722065724D
:100A0000726F7220284F5554293A203078253032A1
:100A100078004661696C656420746F20616C6C6F4E
:100A200063206576740055534244206576656E7484
:100A30002071756575652066756C6C2100556E6B4F
:100A40006E6F776E2055534244206576656E743A1A
:100A50002025686400696E76616C696420656E6447
:100A6000706F696E7420636F6E666967757261740A
:100A7000696F6E00696E76616C696420656E647082
:100A80006F696E7420696E6465782F616464726545
:100A9000737300696E76616C696420656E64706F53
:100AA000696E7420747970650069736F20656E6477
:100AB000706F696E742063616E206F6E6C79206256
:100AC000652069736F004550206D61782070616307
:100AD0006B65742073697A65206D75737420626527
:100AE000206120706F776572206F6620320053544A
:100AF000414C4C20756E737570706F727465642014
:100B00006F6E2049534F20656E64706F696E74007C
:100B1000456E64706F696E742030782530327820AD
:100B20006973206E6F7420656E61626C6564006E1F
:100B3000524620555342442077726974652065728D
:100B4000726F723A20256400010002007573625FC3
:100B50006E726678000001010101016E72665F75B8
:100B60007362645F636F6D6D6F6E0053656C656378
:100B700074656420414443206761696E2069732075
:100B80006E6F742076616C69640053656C65637484
:100B9000656420414443207265666572656E6365D5
:100BA000206973206E6F742076616C6964005365F0
:100BB0006C656374656420414443206163717569A9
:100BC000736974696F6E2074696D65206973206E36
:100BD0006F742076616C696400496E76616C69643B
:100BE0002073656C656374696F6E206F662063683F
:100BF000616E6E656C73004368616E6E656C202576
:100C000075206E6F7420636F6E66696775726564B8
:100C100000414443207265736F6C7574696F6E2078
:100C200076616C7565202564206973206E6F742071
:100C300076616C6964004F76657273616D706C6982
:100C40006E6720697320737570706F7274656420AD
:100C5000666F722073696E676C65206368616E6E83
:100C6000656C206F6E6C79004F76657273616D7084
:100C70006C696E672076616C7565202564206973E8
:100C8000206E6F742076616C69640050726F7669B3
:100C90006465642062756666657220697320746F8E
:100CA0006F20736D616C6C202825752F25752900C8
:100CB0005F5F6465766963655F6474735F6F7264B8
:100CC0005F3133006164634034303030373030306E
:100CD000006164635F6E7266785F73616164630074
:100CE0005F5F6465766963655F6474735F6F726488
:100CF0005F373500636C6F636B40343030303030B9
:100D0000303000636C6F636B006866636C6B006C03
:100D100066636C6B00636C6F636B5F636F6E7472A2
:100D20006F6C005F5F6465766963655F6474735FB1
:100D30006F72645F39350072616E646F6D4034307C
:100D400030306430303000726E6700696E76616CEE
:100D5000696420616464726573733A203078253069
:100D6000386C783A257A7500756E616C69676E65C6
:100D70006420616464726573733A2030782530387A
:100D80006C783A257A75006E6F7420776F72642DD7
:100D9000616C69676E65643A2030782530386C780C
:100DA0003A257A75005F5F6465766963655F647490
:100DB000735F6F72645F31323000666C6173682DEF
:100DC000636F6E74726F6C6C657240343030316575
:100DD00030303000666C6173685F636F6E74726F81
:100DE0006C6C657200666C6173685F6E7266005F42
:100DF0005F6465766963655F6474735F6F72645F77
:100E00003134006770696F40353030303033303006
:100E1000006770696F31005F5F6465766963655F65
:100E20006474735F6F72645F38006770696F403518
:100E300030303030303030006770696F30004E65D0
:100E4000656420746F207573652074686520696E11
:100E50007465726E616C2064726976657220627569
:100E60006666657220627574206974732073697A8E
:100E70006520697320696E73756666696369656E5E
:100E80007420282575202B202575203E20257529C6
:100E90002E2041646A75737420746865207A6570C9
:100EA0006879722C636F6E6361742D6275662D7341
:100EB000697A65206F72207A65706879722C666C29
:100EC0006173682D6275662D6D61782D73697A6521
:100ED0002070726F70657274792028746865206F55
:100EE0006E65207769746820677265617465722029
:100EF00076616C75652920696E20746865202225ED
:100F00007322206E6F64652E005F5F64657669638F
:100F1000655F6474735F6F72645F3231006932635E
:100F20004034303030343030300069326331005F6B
:100F30005F6465766963655F6474735F6F72645F35
:100F40003138006932634034303030333030300073
:100F5000693263300061726475696E6F5F69326314
:100F60000061726475696E6F5F6E616E6F5F69328A
:100F700063006932635F6E7266785F7477696D00D3
:100F8000756E737570706F727465642073706565CB
:100F90006400547279696E6720746F207472616E98
:100FA00073666572206D6F7265207468616E20745F
:100FB0006865206D6178696D756D2073697A65204B
:100FC000666F722074686973206465766963653A38
:100FD000202564203E202564004661696C656420FC
:100FE000746F20696E697469616C697A65206465E3
:100FF000766963653A202573000001020304050643
:1010000007496E76616C6964206368616E6E656C19
:101010003A2025752E00496E636F6D7061746962A8
:101020006C6520706572696F642E00507265736321
:10103000616C657220666F7220706572696F645FA3
:101040006379636C6573202575206E6F7420666FFD
:10105000756E642E005F5F6465766963655F6474B6
:10106000735F6F72645F32370070776D4034303079
:1010700032323030300070776D32005F5F646576F9
:101080006963655F6474735F6F72645F32340070AC
:10109000776D4034303032313030300070776D3120
:1010A000005F5F6465766963655F6474735F6F7228
:1010B000645F36350070776D4034303031633030E6
:1010C000300070776D300070776D5F6E72667800FB
:1010D000554152545F4153594E435F544F5F4952FB
:1010E000515F4C4F475F4E414D45005F5F646576F1
:1010F0006963655F6474735F6F72645F333000753A
:10110000617274403430303032303030007561728A
:1011100074300061726475696E6F5F6E616E6F5FCF
:1011200073657269616C004661696C656420746FF7
:1011300020616C6C6F63617465204750494F544562
:10114000206368616E6E656C20666F722057414B3C
:1011500045004661696C656420746F20636F6E663C
:1011600069677572652057414B452070696E004371
:1011700053204750494F20706F72742025732070A0
:10118000696E202564206973206E6F74207265611A
:101190006479005570646174652065786365656481
:1011A000732063757272656E74206275666665720F
:1011B0000048616C662D6475706C6578206E6F7484
:1011C00020737570706F7274656400536C6176651E
:1011D000206D6F6465206973206E6F742073757065
:1011E000706F72746564206F6E202573004C6F6F92
:1011F000706261636B206D6F6465206973206E6F30
:101200007420737570706F7274656400576F7264C8
:101210002073697A6573206F7468657220746861E1
:101220006E2038206269747320617265206E6F745D
:1012300020737570706F72746564004672657175A5
:10124000656E63696573206C6F7765722074686181
:101250006E20313235206B487A20617265206E6FC6
:101260007420737570706F72746564004661696C88
:10127000656420746F20696E697469616C697A6550
:10128000206E726678206472697665723A20253025
:1012900038780057616974696E6720666F722057ED
:1012A000414B452061636B6E6F776C6564676D655C
:1012B0006E742074696D6564206F75740054696D77
:1012C000656F75742077616974696E6720666F72E7
:1012D000207472616E7366657220636F6D706C65E9
:1012E0007465005F5F6465766963655F6474735FEE
:1012F0006F72645F31303100737069403430303266
:101300003330303000737069320061726475696E19
:101310006F5F7370690061726475696E6F5F6E6193
:101320006E6F5F737069007370695F6E7266785F6D
:101330007370696D000000000000010100000000F2
:10134000000020303030303030303030303030300D
:101350003000010000010000000100000000000159
:1013600000000000002A2A2A20426F6F74696E670D
:10137000205A6570687972204F53206275696C64D9
:101380002076342E312E302D3839382D67366233A1
:10139000326634643735303636202A2A2A0A004825
:1013A000616C74696E672073797374656D00556E36
:1013B0006B6E6F776E206572726F7200756E6B6EFA
:1013C0006F776E003E3E3E205A45504859522046A7
:1013D0004154414C204552524F522025643A202519
:1013E00073206F6E20435055202564004661756C54
:1013F0007420647572696E6720696E7465727275A7
:1014000070742068616E646C696E670A004375725F
:1014100072656E74207468726561643A202570206C
:1014200028257329004350552065786365707469D9
:101430006F6E00556E68616E646C656420696E74D1
:1014400065727275707400537461636B206F76659A
:1014500072666C6F77004B65726E656C206F6F7093
:1014600073004B65726E656C2070616E6963006914
:10147000646C6500617263685F7370696E5F72654A
:101480006C617800737973776F726B71002B0064F5
:10149000756D6D7900736C656570696E6700646564
:1014A00061640061626F7274696E67007375737056
:1014B000656E64696E6700717565756564006B5F64
:1014C00069735F696E5F69737200616E006E666951
:1014D0006E697479006E616E00286E756C6C2900FF
:1014E00000000000000000000000000000000000FC
:1014F00000000000000000000000000000000000EC
:1015000000000000000000000000000000000000DB
:1015100000000000000000000000000000000000CB
:1015200000000000000000000000000000000000BB
:1015300000000000000000000000000000000000AB
:10154000000000000000000000000000000000009B
:10155000000000000000000000000000000000008B
:10156000000000000000000000000000000000007B
:1015700000000000980100208401002000C201004A
:101580000000080000000000000000000000000053
:1015900000000000000000001F000000000000002C
:1015A000FFFFFFFFFF1F0000000000000000000021
:1015B0000000000000000000A91C04000000000062
:1015C0000000000000000000E8000020E80000200B
:1015D000E3660400000000000000000000000000BE
:1015E00000000000000000000801002008010020A9
:1015F0000000000001000000180100201801002078
:101600002001002020010020000000000100000057
:101610003001002030010020000000000000000028
:1016200000000000000000000000000000000000BA
:1016300000000000000000000000000000000000AA
:10164000000000000000000000000000000000009A
:101650000000000000000000EB3F04000345040010
:101660004CA00400BCE002200000000000000000CC
:101670000000000000020000BCE2022000000000A8
:10168000000000000000000000020000EDB20100B8
:101690008000000075AF01000000000075AF010080
:1016A000800000000000000001000000DC010020BC
:1016B000000000000000000000000000D8C202206E
:1016C0000000000000000000000000000002000018
:1016D00094A10400080D002000000000815F0400B8
:1016E00000000000000000000802002008020020A6
:1016F00000000000000000000E00000001000000DB
:1017000001000000000000000000000000000000D8
:10171000ACD704000100000001000000D08B0400E1
:10172000000000004452002000000000A129020037
:10173000000000004C52002000000000991602003A
:10174000000000005452002000000000A9370300F0
:10175000000000005C52002000000000A9370300D8
:10176000000000006452002000000000D5120200BA
:101770000000000000000000000000000001000068
:101780005074002000000000000000000000000075
:10179000000400006074002000000000BC760020FF
:1017A000000000006D6C020000000000C476002004
:1017B00000000000A937030000000000CC760020E4
:1017C00000000000316F020000000000D47600200D
:1017D00000000000CD45030000000000EC76002072
:1017E00000000000A937030000000000F47600208C
:1017F000000000007D6B0200000000000877002060
:101800000000000081280100000000001077002087
:10181000000000006D4F0300000000009C770020D6
:1018200000000000912B010000000000A4770020C0
:1018300000000000C95003000000000018780020DC
:1018400000000000A93703000000000020780020FD
:1018500000000000119D0200000000002878002018
:1018600000000000C15703000000000008790020BC
:1018700000000000000000000000000010790020BF
:1018800000000000496303000000000028790020E8
:10189000000000000000000000000000707900203F
:1018A0000000000059A90200000000007879002023
:1018B00000000000A937030000000000807900202C
:1018C00000000000F5AA0200000000008879002056
:1018D000000000000DB90200000000006C7C002038
:1018E00000000000AC7D002000000000EC7E002025
:1018F00000000000AC810020000000008D7003009B
:1019000000000000C4810020000000000D710300F1
:1019100000000000DC81002000000000000000004A
:1019200000000000B884002000000000953403008F
:1019300000000000E484002000000000A93703003C
:1019400000000000EC87002000000000A937030021
:1019500000000000F487002000000000B1500100EA
:1019600000000000FC87002000000000B1500100D2
:10197000000000004C8B0020000000002D0202003F
:1019800000000000448B0020000000002D02020037
:10199000000000003C8B002000000000A1FE0100C0
:1019A00000000000348B0020000000002D02020027
:1019B000000000002C8B002000000000A1FE0100B0
:1019C00000000000248B0020000000002D02020017
:1019D000F0040020F00400200000000000000000DF
:1019E0000E00000000C20100000103000000000022
:1019F00000000000A4C60400000000001C05002038
:101A00001C05002000000000010000002C05002043
:101A10002C050020340500203405002000000000C3
:101A200001000000440500204405002000000000E3
:101A300000000000000000000000000000000000A6
:101A40000000000000000000000000000000000096
:101A5000F08C040000000000000000002499002029
:101A60001C990020000000000000000000000000A1
:101A70000000000000000000000000000000000066
:101A80000000000000000000000000000000000056
:101A90000000000000000000000000000000000046
:101AA0000000000000000000000000000000000036
:101AB0000000000000000000000000000000000026
:101AC0000000000000000000000000000000000016
:101AD0000000000008000000FF00000000000000FF
:101AE0000300000000000000080600200806002097
:091AF00010060020100600200180
:101AF90000000000000000000000000000000000DD
:0E1B09000000000000000000000000000000CE
:041B180000000000C9
:101B1C0000000000000000000000000000000000B9
:101B2C0000000000000000000000000000000000A9
:101B3C000000000000000000000000000000000099
:101B4C000000000000000000000000000000000089
:101B5C000000000000000000000000000000000079
:101B6C000000000000000000000000000000000069
:101B7C000000000000000000000000000000000059
:101B8C000000000000000000000000000000000049
:101B9C000000000000000000000000000000000039
:041BAC000000000035
:101BB000D0060020D00600200000000014DE022025
:101BC00000000000200000001400000000000000E1
:101BD00000000000D8820220004000000000000049
:101BE00000000000000000000000000078AA0020B3
:101BF0000080010000000000000000000000000064
:101C00002007002020070020000000000000000046
:041C10000E000000C2
:101C140034070020340700200000000094E0022074
:0C1C240094E00220BCE002200000000060
:101C300050070020500700200100000001000000B4
:081C400060070020600700208E
:101C480000000000000000000000000074070020F1
:0C1C5800740700207C0700207C0700209F
:101C640000000000000000000000000090070020B9
:101C74009007002098070020980700200000070024
:101C84000700010000000000C4A40400B8C502203D
:101C9400000000000000000000000000C007002059
:101CA400C0070020C8070020C807002000000B0060
:101CB4000B00010000000000D4A40400A0D1022005
:101CC400000000000000000000000000F0070020F9
:101CD400F0070020F8070020F807002000000A00A1
:101CE4000A00010085F00100E4A40400FCDC0220E9
:101CF40012010002EF02014041235A0301040102D0
:101D0400030109020000000100E032080B00020296
:101D14000200000904000001020200000524001072
:101D2400010524010201042402020524060001071E
:101D340005800310000A09040100020A00000007DC
:101D4400058002400000070500024000000403096A
:101D540004100341726475696E6F00000000000096
:101D640000280341726475696E6F204E616E6F20A6
:101D7400333320424C450000000000000000000006
:101D84000000000000000000002203303132333430
:101D94003536373839414243444546000000000097
:0D1DA4000000000000000000000000000032
:101DB40000000000370800209748040009B601001D
:101DC40031B3010000000000000000000300000027
:041DD400AC0100203E
:041DD80015E015E01D
:040000031000E7C53D
:00000001FF
