:020000040804EE
:10000000586B0324E591040831870408D191040852
:10001000D1910408D1910408D19104080000000096
:100020000000000000000000000000000D93040824
:10003000D19104080000000079920408D91A05083B
:1000400015950408159504081595040815950408D8
:1000500015950408159504081595040815950408C8
:1000600015950408159504081595040815950408B8
:1000700015950408159504081595040815950408A8
:100080001595040815950408159504081595040898
:100090001595040815950408159504081595040888
:1000A0001595040815950408159504081595040878
:1000B0001595040815950408159504081595040868
:1000C0001595040815950408159504081595040858
:1000D0001595040815950408159504081595040848
:1000E0001595040815950408159504081595040838
:1000F0001595040815950408159504081595040828
:100100001595040815950408159504081595040817
:100110001595040815950408159504081595040807
:1001200015950408159504081595040815950408F7
:1001300015950408159504081595040815950408E7
:1001400015950408159504081595040815950408D7
:1001500015950408159504081595040815950408C7
:1001600015950408159504081595040815950408B7
:1001700015950408159504081595040815950408A7
:100180001595040815950408159504081595040897
:100190001595040815950408159504081595040887
:1001A0001595040815950408159504081595040877
:1001B0001595040815950408159504081595040867
:1001C0001595040815950408159504081595040857
:1001D0001595040815950408159504081595040847
:1001E0001595040815950408159504081595040837
:1001F0001595040815950408159504081595040827
:100200001595040815950408159504081595040816
:100210001595040815950408159504081595040806
:1002200015950408159504081595040815950408F6
:1002300015950408159504081595040815950408E6
:1002400015950408159504081595040815950408D6
:1002500015950408159504081595040815950408C6
:1002600015950408159504081595040815950408B6
:1002700015950408159504081595040815950408A6
:100280001595040815950408159504081595040896
:080290001595040815950408FA
:100298009FED0B7B41EC160B9FED0B5B26EE077B6E
:1002A800BCEEC77BB8EE474BA4EE456BFCEEC67BB5
:1002B80017EE101A17EE900A704700BFAFF30080D0
:1002C800000000000000F03D000000000000F041C8
:1002D800002902D0B0FBF1F0704708B14FF0FF30B1
:1002E80000F01EB80029F8D00246B0FBF1F000FB80
:1002F80011217047002902D090FBF1F070470028C7
:10030800C8BF6FF00040B8BF4FF0004000F008B819
:100318000029F4D0024690FBF1F000FB1121704750
:10032800704700BF81F0004102E000BF83F0004346
:1003380030B54FEA41044FEA430594EA050F08BF78
:1003480090EA020F1FBF54EA000C55EA020C7FEA3C
:10035800645C7FEA655C00F0E2804FEA5454D4EBB9
:100368005555B8BF6D420CDD2C4480EA020281EA83
:10037800030382EA000083EA010180EA020281EABB
:100388000303362D88BF30BD11F0004F4FEA01310D
:100398004FF4801C4CEA113102D0404261EB41011C
:1003A80013F0004F4FEA03334CEA133302D05242A2
:1003B80063EB430394EA050F00F0A780A4F101045E
:1003C800D5F1200E0DDB02FA0EFC22FA05F2801898
:1003D80041F1000103FA0EF2801843FA05F359417E
:1003E8000EE0A5F120050EF1200E012A03FA0EFCFD
:1003F80028BF4CF0020C43FA05F3C01851EBE37127
:1004080001F0004507D54FF0000EDCF1000C7EEB43
:1004180000006EEB0101B1F5801F1BD3B1F5001F81
:100428000CD349085FEA30004FEA3C0C04F10104A0
:100438004FEA445212F5800F80F09A80BCF1004FC9
:1004480008BF5FEA500C50F1000041EB045141EA4B
:10045800050130BD5FEA4C0C404141EB0101013C14
:1004680028BFB1F5801FE9D291F0000F04BF014603
:100478000020B1FA81F308BF2033A3F10B03B3F1D5
:1004880020020CDA0C3208DD02F1140CC2F10C0265
:1004980001FA0CF021FA02F10CE002F11402D8BFC3
:1004A800C2F1200C01FA02F120FA0CFCDCBF41EA8F
:1004B8000C019040E41AA2BF01EB0451294330BD5E
:1004C8006FEA04041F3C1CDA0C340EDC04F114043B
:1004D800C4F1200220FA04F001FA02F340EA030012
:1004E80021FA04F345EA030130BDC4F10C04C4F158
:1004F800200220FA02F001FA04F340EA0300294638
:1005080030BD21FA04F0294630BD94F0000F83F481
:10051800801306BF81F480110134013D4EE77FEA64
:10052800645C18BF7FEA655C29D094EA050F08BFB0
:1005380090EA020F05D054EA000C04BF1946104691
:1005480030BD91EA030F1EBF0021002030BD5FEAD5
:10055800545C05D14000494128BF41F0004130BDFD
:1005680014F580043CBF01F5801130BD01F0004551
:1005780045F0FE4141F470014FF0000030BD7FEAC4
:10058800645C1ABF194610467FEA655C1CBF0B46BF
:10059800024650EA013406BF52EA033591EA030FD6
:1005A80041F4002130BD00BF90F0000F04BF0021CE
:1005B800704730B54FF4806404F132044FF0000501
:1005C8004FF0000150E700BF90F0000F04BF00217A
:1005D800704730B54FF4806404F1320410F00045E0
:1005E80048BF40424FF000013EE700BF42004FEADB
:1005F800E2014FEA31014FEA02701FBF12F07F4358
:1006080093F07F4F81F06051704732F07F4208BF0E
:10061800704793F07F4F04BF41F40021704730B515
:100628004FF4607401F0004521F000411CE700BF61
:1006380050EA010208BF704730B54FF000050AE0E4
:1006480050EA010208BF704730B511F0004502D5E5
:10065800404261EB41014FF4806404F132045FEAE7
:10066800915C3FF4D8AE4FF003025FEADC0C18BF90
:1006780003325FEADC0C18BF033202EBDC02C2F182
:10068800200300FA03FC20FA02F001FA03FE40EA14
:100698000E0021FA02F11444BDE600BF70B54FF018
:1006A800FF0C4CF4E06C1CEA11541DBF1CEA1355F6
:1006B80094EA0C0F95EA0C0F00F0DEF82C4481EA5E
:1006C800030621EA4C5123EA4C5350EA013518BF7E
:1006D80052EA033541F4801143F4801338D0A0FB6B
:1006E80002CE4FF00005E1FB02E506F00042E0FB18
:1006F80003E54FF00006E1FB03569CF0000F18BF1E
:100708004EF0010EA4F1FF04B6F5007F64F54074C5
:1007180004D25FEA4E0E6D4146EB060642EAC62158
:1007280041EA55514FEAC52040EA5E504FEACE2EC5
:10073800B4F1FD0C88BFBCF5E06F1ED8BEF1004FC8
:1007480008BF5FEA500E50F1000041EB045170BD44
:1007580006F0004646EA010140EA020081EA030188
:10076800B4EB5C04C2BFD4EB0C0541EA045170BD84
:1007780041F480114FF0000E013C00F3AB8014F1FE
:10078800360FDEBF002001F0004170BDC4F1000447
:10079800203C35DA0C341BDC04F11404C4F12005C8
:1007A80000FA05F320FA04F001FA05F240EA020023
:1007B80001F0004221F0004110EBD37021FA04F659
:1007C80042EB06015EEA430E08BF20EAD37070BD13
:1007D800C4F10C04C4F1200500FA04F320FA05F072
:1007E80001FA04F240EA020001F0004110EBD37074
:1007F80041F100015EEA430E08BF20EAD37070BDE4
:10080800C4F1200500FA05F24EEA020E20FA04F3BC
:1008180001FA05F243EA020321FA04F001F000416B
:1008280021FA04F220EA020000EBD3705EEA430EDC
:1008380008BF20EAD37070BD94F0000F0FD101F00B
:100848000046400041EB010111F4801F08BF013C44
:10085800F7D041EA060195F0000F18BF704703F082
:100868000046520043EB030313F4801F08BF013D09
:10087800F7D043EA0603704794EA0C0F0CEA1355C5
:1008880018BF95EA0C0F0CD050EA410618BF52EA7F
:100898004306D1D181EA030101F000414FF0000085
:1008A80070BD50EA410606BF1046194652EA430693
:1008B80019D094EA0C0F02D150EA013613D195EA07
:1008C8000C0F05D152EA03361CBF104619460AD14F
:1008D80081EA030101F0004141F0FE4141F4700159
:1008E8004FF0000070BD41F0FE4141F4780170BD49
:1008F80070B54FF0FF0C4CF4E06C1CEA11541DBFAE
:100908001CEA135594EA0C0F95EA0C0F00F0A7F8AF
:10091800A4EB050481EA030E52EA03354FEA0131DC
:1009280000F088804FEA03334FF0805545EA1313EF
:1009380043EA12634FEA022245EA111545EA1065B7
:100948004FEA00260EF000419D4208BF964244F14E
:10095800FD0404F5407402D25B084FEA3202B61A6D
:1009680065EB03055B084FEA32024FF480104FF441
:10097800002CB6EB020E75EB030E22BFB61A7546B5
:1009880040EA0C005B084FEA3202B6EB020E75EB48
:10099800030E22BFB61A754640EA5C005B084FEAB0
:1009A8003202B6EB020E75EB030E22BFB61A75467D
:1009B80040EA9C005B084FEA3202B6EB020E75EB88
:1009C800030E22BFB61A754640EADC0055EA060E49
:1009D80018D04FEA051545EA16754FEA06164FEA8C
:1009E800C30343EA52734FEAC2025FEA1C1CC0D138
:1009F80011F4801F0BD141EA00014FF000004FF0C5
:100A0800004CB6E711F4801F04BF01430020B4F185
:100A1800FD0C88BFBCF5E06F3FF6AFAEB5EB030C3D
:100A280004BFB6EB020C5FEA500C50F1000041EB3A
:100A3800045170BD0EF0004E4EEA113114EB5C0407
:100A4800C2BFD4EB0C0541EA045170BD41F48011DA
:100A58004FF0000E013C90E645EA060E8DE60CEAE2
:100A6800135594EA0C0F08BF95EA0C0F3FF43BAFFF
:100A780094EA0C0F0AD150EA01347FF434AF95EAB6
:100A88000C0F7FF425AF104619462CE795EA0C0F9A
:100A980006D152EA03353FF4FDAE1046194622E767
:100AA80050EA410618BF52EA43067FF4C5AE50EA41
:100AB80041047FF40DAF52EA43057FF4EBAE12E731
:100AC8004FF0FF3C06E000BF4FF0010C02E000BF12
:100AD8004FF0010C4DF804CD4FEA410C7FEA6C5CF5
:100AE8004FEA430C18BF7FEA6C5C1BD001B050EA98
:100AF800410C0CBF52EA430C91EA030F02BF90EA83
:100B0800020F0020704710F1000F91EA030F58BF41
:100B1800994208BF90422CBFD8176FEAE37040F0A3
:100B2800010070474FEA410C7FEA6C5C02D150EA41
:100B3800013C07D14FEA430C7FEA6C5CD6D152EAFC
:100B4800033CD3D05DF8040B704700BF84461046C1
:100B580062468C461946634600E000BF01B5FFF7C0
:100B6800B7FF002848BF10F1000F01BD4DF808ED90
:100B7800FFF7F4FF0CBF012000205DF808FB00BF61
:100B88004DF808EDFFF7EAFF34BF012000205DF8BB
:100B980008FB00BF4DF808EDFFF7E0FF94BF012008
:100BA80000205DF808FB00BF4DF808EDFFF7CEFF09
:100BB80094BF012000205DF808FB00BF4DF808ED48
:100BC800FFF7C4FF34BF012000205DF808FB00BF19
:100BD8004FEA410C7FEA6C5C02D150EA013C0AD131
:100BE8004FEA430C7FEA6C5C02D152EA033C02D123
:100BF8004FF0000070474FF0010070474FEA410284
:100C080012F5001215D211D56FF47873B3EB625256
:100C180012D94FEAC12343F0004343EA505311F07D
:100C2800004F23FA02F018BF404270474FF000000F
:100C3800704750EA013005D111F0004008BF6FF04D
:100C4800004070474FF00000704700BF4A0011D2C3
:100C580012F5001211D20DD56FF47873B3EB62520E
:100C68000ED44FEAC12343F0004343EA505323FA1A
:100C780002F070474FF00000704750EA013002D18F
:100C88004FF0FF3070474FF0000070474FEA4102C5
:100C9800B2F1E04324BFB3F5001CDCF1FE5C0DD9D2
:100CA80001F0004C4FEAC0024CEA5070B2F1004F1C
:100CB80040EB830008BF20F00100704711F0804F1F
:100CC80021D113F13872BCBF01F00040704741F4E4
:100CD80080114FEA5252C2F11802C2F1200C10FAE8
:100CE8000CF320FA02F018BF40F001004FEAC123CC
:100CF8004FEAD32303FA0CFC40EA0C0023FA02F370
:100D08004FEA4303CCE77FEA625307D150EA013345
:100D18001EBF4FF0FE4040F44000704701F0004015
:100D280040F0FE4040F40000704700BF80F00040F3
:100D380002E000BF81F0004142001FBF5FEA4103AB
:100D480092EA030F7FEA226C7FEA236C6AD04FEAAB
:100D58001262D2EB1363C1BFD218414048404140F0
:100D6800B8BF5B42192B88BF704710F0004F40F4A2
:100D7800000020F07F4018BF404211F0004F41F4BE
:100D8800000121F07F4118BF494292EA030F3FD08A
:100D9800A2F1010241FA03FC10EB0C00C3F120039D
:100DA80001FA03F100F0004302D5494260EB40002C
:100DB800B0F5000F13D3B0F1807F06D340084FEA97
:100DC800310102F10102FE2A51D2B1F1004F40EB8C
:100DD800C25008BF20F0010040EA030070474900F4
:100DE80040EB0000013A28BFB0F5000FEDD2B0FA91
:100DF80080FCACF1080CB2EB0C0200FA0CF0AABFB4
:100E080000EBC25052421843BCBFD0401843704751
:100E180092F0000F81F4000106BF80F40000013257
:100E2800013BB5E74FEA41037FEA226C18BF7FEA2E
:100E3800236C21D092EA030F04D092F0000F08BF70
:100E48000846704790EA010F1CBF0020704712F057
:100E58007F4F04D1400028BF40F00040704712F196
:100E680000723CBF00F50000704700F0004343F0FB
:100E7800FE4040F4000070477FEA226216BF084631
:100E88007FEA23630146420206BF5FEA412390EAF4
:100E9800010F40F4800070474FF0000304E000BFEA
:100EA80010F0004348BF40425FEA000C08BF70479B
:100EB80043F0964301464FF000001CE050EA01025F
:100EC80008BF70474FF000030AE000BF50EA010274
:100ED80008BF704711F0004302D5404261EB410161
:100EE8005FEA010C02BF84460146002043F0B64386
:100EF80008BFA3F18053A3F50003BCFA8CF2083AAB
:100F0800A3EBC25310DB01FA02FC634400FA02FCB3
:100F1800C2F12002BCF1004F20FA02F243EB0200BA
:100F280008BF20F00100704702F1200201FA02FC1C
:100F3800C2F1200250EA4C0021FA02F243EB02000F
:100F480008BF20EADC7070474FF0FF3C06E000BFA6
:100F58004FF0010C02E000BF4FF0010C4DF804CD3A
:100F68004FEA40024FEA41037FEA226C18BF7FEA4A
:100F7800236C11D001B052EA530C18BF90EA010F4C
:100F880058BFB2EB030088BFC81738BF6FEAE170DB
:100F980018BF40F0010070477FEA226C02D15FEA77
:100FA800402C05D17FEA236CE4D15FEA412CE1D0E3
:100FB8005DF8040B704700BF844608466146FFE7AA
:100FC8000FB5FFF7C9FF002848BF10F1000F0FBD8C
:100FD8004DF808EDFFF7F4FF0CBF012000205DF885
:100FE80008FB00BF4DF808EDFFF7EAFF34BF01200A
:100FF80000205DF808FB00BF4DF808EDFFF7E0FFA3
:1010080094BF012000205DF808FB00BF4DF808EDF3
:10101800FFF7D2FF94BF012000205DF808FB00BF56
:101028004DF808EDFFF7C8FF34BF012000205DF838
:1010380008FB00BF4FEA40024FEA41037FEA226CF7
:1010480002D15FEA402C08D17FEA236C02D15FEA23
:10105800412C02D14FF0000070474FF0010070475B
:101068007BB972B90029BEBF00204FF0004106E0ED
:1010780008BF00281CBF6FF000414FF0FF30FFF79A
:101088004FB9ADF1080C6DE904CE002909DB002B3E
:101098001ADB00F092F8DDF804E0DDE9022304B081
:1010A8007047404261EB4101002B1BDB00F085F8E3
:1010B800DDF804E0DDE9022304B0404261EB4101C0
:1010C800524263EB43037047524263EB430300F021
:1010D80074F8DDF804E0DDE9022304B0404261EB76
:1010E80041017047524263EB430300F066F8DDF8B4
:1010F80004E0DDE9022304B0524263EB4303704786
:1011080053B94AB9002908BF00281CBF4FF0FF3166
:101118004FF0FF30FFF704B9ADF1080C6DE904CECC
:1011280000F04BF8DDF804E0DDE9022304B0704775
:1011380010F8012B11F8013B012A28BF9A42F7D079
:10114800D01A7047034611F8012B03F8012B002A27
:10115800F9D17047034613F8012B002AFBD1181A5E
:1011680001387047430803F05533C01A00F0333391
:10117800800800F03330184400EB10104FF00133B2
:1011880000F00F305843000E704708B502460B4672
:1011980043EC172BB5EEC07BF1EE10FA03D4BDE893
:1011A8000840FFF775B8B1EE477B51EC170BFFF716
:1011B8006FF8404261EB410108BD2DE9F0478646D2
:1011C8008C460846089E154674461946002B40F082
:1011D800C2808542B2FA82F245D94AB1C2F12003EF
:1011E80000FA02FC2EFA03F3954043EA0C0C9440F3
:1011F8004FEA154EA8B2BCFBFEF8230C0EFB18CC28
:1012080008FB00F943EA0C43994528D9EB1808F183
:10121800FF3704D2994502D9A8F102072B44A3EB62
:101228000903A4B2B3FBFEFC0EFB1C330CFB00F05D
:1012380044EA0344A04214D92C190CF1FF3304D218
:10124800A04202D9ACF102032C44241A43EA074015
:101258001EB1D440002334607360BDE8F087474670
:10126800DDE76346F1E792BB431B01214FEA154EC8
:10127800AFB2B3FBFEFC200C0EFB1C330CFB07F8D3
:1012880040EA0343984562D9EB180CF1FF3004D2C9
:10129800984502D9ACF102002B44A3EB0803A4B291
:1012A800B3FBFEFC0EFB1C330CFB07F744EA0344BC
:1012B800A7424ED92C190CF1FF3304D2A74202D908
:1012C800ACF102032C44E41B43EA0040C0E7C2F13E
:1012D800200320FA03F1954090402EFA03F30343CC
:1012E8004FEA154EAFB2B1FBFEFC0EFB1C10190CF9
:1012F8000CFB07F841EA0041884504FA02F422D9B8
:1013080069180CF1FF3004D2884502D9ACF102000B
:101318002944A1EB08019BB2B1FBFEFC0EFB1C119A
:101328000CFB07F743EA01439F420ED9EB180CF177
:10133800FF3104D29F4202D9ACF102012B44DB1BDE
:1013480041EA004192E76046E3E76146F7E7604615
:10135800A3E76346B7E7834206D916B900210846D2
:101368007BE7C6E900E0F9E7B3FA83F78FB9834270
:1013780001D3724508D8BEEB020460EB03030120D9
:101388009C461EB9002168E73846FAE7C6E9004CD2
:10139800F8E7C7F1200CBB4022FA0CF41C432EFAE4
:1013A8000CF120FA0CF3B84001434FEA14490EFA45
:1013B80007F5B3FBF9F81FFA84FE09FB18300B0C8C
:1013C80008FB0EFA43EA00439A4502FA07F240D9AD
:1013D800E31808F1FF3004D29A4502D9A8F10200B7
:1013E8002344A3EB0A0389B2B3FBF9F809FB1833CA
:1013F80008FB0EFE41EA03418E452CD9611808F11D
:10140800FF3304D28E4502D9A8F10203214443EAEE
:101418000040A0FB0298A1EB0E014145CE46434691
:1014280002D306D14D4504D2B9EB020E68EB040392
:101438000138002EA6D0B5EB0E0261EB030101FACC
:101448000CFC22FA07F34CEA0303F940C6E9003121
:1014580098E74046C5E74346D9E70000000000008A
:101468002DE9F047044688B0884617461FF036FB3A
:101478000A220023FFF744FEB8F1010F06460D4685
:1014880007D102460B462046274919F040FC0020A8
:1014980011E07F6825483946FFF74AFE70B13946A2
:1014A8002348FFF745FE48B120463A46214919F03E
:1014B8004AFC6FF0040008B0BDE8F08730462946C2
:1014C80017A3D3E90023FFF7CBFD06460D461046C8
:1014D8001946194A0023FFF7C3FD80460F461046F8
:1014E80019464EF660220023FFF7BAFD8246894668
:1014F800104619464FF47A720023FFF7B1FDCDE983
:1015080002A9CDE90623CDE9040132462B460B4951
:101518002046CDE9008719F0FAFBB8E7AFF3008061
:10152800005C260500000000645D0608755D06087D
:10153800785D0608815D060880EE3600995D06082C
:1015480000292DE9F04F8BB0D0F81080446805DDF4
:101558006FF0150738460BB0BDE8F08FD8F80030AB
:10156800D4E90069002B4BD1A389A5680793B36818
:1015780008AA494630465B689847071EEADB4FF0E1
:10158800FF3ADDE9087BA5FB072305FB0B33059232
:10159800049333A3D3E90023DDE90410FFF7B0FD7A
:1015A800059B049A9A45304B0690934102D26FF0FE
:1015B8008507CFE76B08A3FB075703FB0B77284684
:1015C80027A3D3E900233946FFF79AFDAA45264AFF
:1015D8000346BA41EBD30699B2689942B8D3079942
:1015E8003046009149461568069AA84707460028DC
:1015F800B0D1208A1EF0DEFB012388F80430A9E769
:10160800B36808AA494630465B68984707460028E9
:10161800A0D10346D8F80020DDE90801FFF770FDE6
:101628001A430DD011490B6813F0060F08D0104B60
:10163800022238460097CDE901733B460BF038F893
:10164800D8F800200023DDE90801FFF759FDA58936
:101658000246D4E90001836800951D685308C4E771
:1016680000CA9A3B00000000FFC99A3BF00800241A
:10167800419B0608000000002DE9F04F44F6816305
:101688002DED028B89B050F8044CADF812300DF1F5
:10169800110201230DF1120120461CF028F8002840
:1016A80078DB9DF911309DF81150002B72DA544BFC
:1016B80005A920461A889B78ADF8142003228DF8D6
:1016C80016301CF047F8002864DB06AF05F00F055C
:1016D8004FF00008B9463E465FFA88F39D4244D869
:1016E8004FF000089FED448BC1465FFA88F39D4296
:1016F80055D84FF0000ADFF81091424F9FED3E8B0E
:1017080099F800205FFA8AF39A426DD92DB117F83B
:1017180033109DF81820914224D007EBC3034FF0F3
:10172800000803212046B3F803B04246CDF80080F4
:101738008DED028BB3F8013008F092F95B46012277
:1017480003212046CDF800808DED028B08F088F942
:10175800012143464FF4A572204600918DED028B7E
:1017680008F07EF90AF1010ACAE74FEAC8234A4697
:101778000DF11201204603F59E4308F1010809F115
:10178800080943F08103ADF8123008231BF0AFFFBE
:101798000028A1DA09B0BDEC028BBDE8F08FB7F8DC
:1017A80003A000220321CDF80090204608F101088B
:1017B80008378DED028B37F8073C08F051F953468E
:1017C800012203212046CDF800908DED028B08F010
:1017D80047F901234FF4A5722046194600938DED71
:1017E800028B08F03DF980E7334689F8005003CBB7
:1017F80038607960CEE700BFFFFFFFFFFFFFFFFF04
:10180800A5AC0608015A0024005A00240000000074
:101818002DE9F84F2DED028B81468846002219F8F4
:101828000230202B02F1010100F0A381A3F109008D
:10183800042840F29E812B2B0D4633D02D2B36D019
:101848001846042440F02003692B32D06E2B61D057
:1018580000224FF00A0A964694461346114614F49D
:1018680000666CD040F02007A7F1610BBBF1050FB3
:1018780065D8573FFFB2BA4540F3F58044F080067B
:10188800E005B6B269D5F40506F400707AD5002FE4
:1018980018BF4CF0010C00B9013219F805003446A4
:1018A8000135DCE7042419F80100951CCAE7442433
:1018B800F9E79FEDB18BB64B13F8011B51B119F83D
:1018C800052042F020028A4205F1010026D0B14AE3
:1018D800934230D1B4EE488BF1EE10FA0AD019F8E1
:1018E8000530282B06D1013519F80530292B05F1CB
:1018F800010515D1630601D5B1EE488BB8F1000F8B
:1019080002D04D44C8F80050B0EE480BBDEC028B35
:10191800BDE8F88F9FED9A8B9F4BCDE70546CBE747
:1019280023F02002413A192ADED9A3F13002092A0C
:10193800DAD95F2BD8D09FED948B0025DEE7A0F194
:101948003007FFB257452DDA44F0800614F4807052
:10195800B6B298D1BAF10A0F06D0BEF10F0F92DDD8
:1019680044F4C076B6B28EE7BEF1100F8BDD44F4B6
:10197800C076042FB6B286D9052F08BF07464FF0A8
:10198800020C80E700B1013AAAFB0334FB180AFBFA
:10199800014444F1000153EA01003FF47EAF0EF127
:1019A800010E7AE7FE2F5ED1A70558D52006C2D5CD
:1019B800002E40F09B8053EA010005F1FF3500F04E
:1019C800D580200540F1B6803632B1F5800FC0F0E1
:1019D8009680724FB1F5000F80F09580BA42C0F240
:1019E80092804CEA030303F00306032E084604D052
:1019F80003F00606062E40F08F80043341F1000004
:101A0800B0F5000FC0F088800132B2F5806F80F227
:101A1800AA8000234FF4801102F2FF3221F48011D2
:101A28001E4641EA025747EC186BB0EE480B17F018
:101A380015FF0138022804D81FF05CFD584B2222FC
:101A48001A50B0EE480B17F009FF013802283FF68C
:101A580051AF1FF04FFD524B22221A504AE744F46F
:101A68000076B6B219E740F02000782804F0800725
:101A780009D147B153EA010A05D144F40066B6B268
:101A88004FF0100A09E7002F3FF455AF86B39200D4
:101A9800702686428FD119F805002B2805F101061A
:101AA80004D02D2826D144F48064A4B219F8060085
:101AB800A0F13006092E3FF67EAFAE1C354640F247
:101AC800D34A00264FF00A0B5645DCBF30380BFBD3
:101AD800060619F80500A0F13007092F05F10105E0
:101AE800F2D9670548BF7642324464E72E20CEE734
:101AF8006526CEE7A0F13007092FDFD95BE7DB18B1
:101B08004941013A61E75E0846EAC17603F00103FC
:101B18003343490801325DE7B2F5806F23DA9B0849
:101B2800B0F5800F43EA80734FEA9001BFF474AFB9
:101B3800002275E70EEB020010F5A27F10DDB0F56C
:101B48009B7F10DA03F0010040EA0C0001308008A6
:101B5800181841F1000100F027F8B0EE408B70E74B
:101B68009FED098B6DE79FED048B6AE79FED068B70
:101B7800C0E60A4653E600BF000000000000F07F00
:101B8800000000000000F87F0000000000000000D6
:101B98007FBD060882BD06087CBD060802FCFFFF63
:101BA80014000000000000002DE9FF47804616469B
:101BB8000F46002900F0A280B1FA81F4341B002EF0
:101BC80004F10A04C0F2A280304617F029FD04444B
:101BD800304617F02BFDA4EB06090546694630464A
:101BE80017F04CFDA9EB05037D336A46404639469C
:101BF8001FF0A5FAA64282460D4600F38380B9F18C
:101C08003F0F00F381804FF0FF33A9F1200003FA62
:101C180000F003FA09F2C9F12001024323FA01F1A5
:101C28000A4303FA09F328EA030327EA02021343E3
:101C38000CBF01200020002D00F08A80B5FA85F342
:101C4800E31A03F23E4340F2FE72934200F38980A6
:101C5800002B23EAE376CCBF32460122121BA2F204
:101C68003341C1F1200CA2F23447A2F253442AFABC
:101C780001F305FA0CFC43EA0C0325FA04F4C7F156
:101C8800200EA2F2544C234305FA0EFE2AFA07F45A
:101C980025FA0CFC44EA0E0444EA0C0414F0010F83
:101CA80025FA01F1C7F1200CA2F2544254D0A8B190
:101CB8004FF0FF3000FA02F200FA07F4144320FA5A
:101CC8000CF2B84014432AEA000A03F0010225EA9C
:101CD80004054AEA020A5AEA050A3DD0013341F1ED
:101CE8000002C2F3130253EA020138D0184642EA4E
:101CF800065141EC100B04B0BDE8F087B0FA80F44F
:101D080020345BE7012096E7002094E7C6F100093C
:101D1800484617F08BFC241A484617F087FCA61B88
:101D28000546694648462E4417F01CFD06F17C031B
:101D38006A46404639461FF002FA82460D4640463A
:101D4800394617F083FC81458CBF0020012072E7DB
:101D5800BAFA8AF3203373E7C1F31302C6E70136F0
:101D6800C4E79FED010BC6E7000000000000F07F0C
:101D780010EE902A764922F000438B4217D9754914
:101D88008B4203D805D110EE103A13B130EE000B98
:101D98007047002A9FED500B04DD9FED517B37EE15
:101DA800000B70479FED507B37EE400B70476A4938
:101DB8008B4212D8A1F1DE718B420BD8B7EE006BC3
:101DC8009FED4B7B30EE077BB4EEC67BF1EE10FA4D
:101DD80000F381804FF0FF3315E06049B0EEC07B1F
:101DE8008B424FD8B7EE006BA1F550218B4241D8FA
:101DF80037EE075B35EE465B0023B0EE006B37EE3F
:101E0800067B85EE070B9FED3C7B20EE005B25EE05
:101E1800056B9FED3B4B06EE074B9FED3B7B04EEBE
:101E2800067B9FED3B4B07EE064B9FED3B7B04EE9D
:101E3800067B9FED3B4B9FED3C3B07EE064B9FED32
:101E48003C7B16EE073B9FED3C7B13EE067B9FED3C
:101E58003C3B17EE063B9FED3C7B591C13EE067B83
:101E680027EE067B04EE057B27EE007B1FD130EEC4
:101E7800470B704737EE465B012337EE066B85EE5E
:101E8800060BC0E736498B420BD2B7EE085BB7EEBC
:101E9800006B37EE454B07EE056B022384EE060B0D
:101EA800B1E7BFEE006B032386EE070BABE72D49C6
:101EB8002D4801EBC30100EBC30393ED006B37EE34
:101EC800467B37EE407B91ED000B002A30EE470B46
:101ED800B8BFB1EE400B7047075C143326A6913C9F
:101EE800182D4454FB21F93F182D4454FB21F9BF08
:101EF8009C7500883CE4377E11DA22E33AAD903FC6
:101F0800EB0D76244B7BA93F513DD0A0660DB13F28
:101F18006E204CC5CD45B73FFF8300922449C23F90
:101F28000D5555555555D53F9AFDDE522DDEAD3F21
:101F38002F6C6A2C44B4A2BF6D9A74AFF2B0B33F51
:101F4800711623FEC671BC3FC4EB98999999C93F95
:101F5800FFFF0F440000F07FFFFFDB3FFFFFF23F72
:101F6800008003406037060840370608000000007C
:101F780011EE101AB0EE407BF8B511EE905A4B42B4
:101F88006F4F25F000420B4342EAD373BB420DD892
:101F980010EE10CA17EE906ACCF1000026F000434C
:101FA80040EA0C0043EAD070B84204D937EE017B0E
:101FB800B0EE470BF8BD05F1404000F5801008432E
:101FC80003D1BDE8F840FFF7D3BEAC1704F0020414
:101FD80053EA0C0C44EAD67411D1022C08D0032C15
:101FE800E6D19FED3D7B9FED3E6B37EE467BDFE70D
:101FF8009FED3D7B9FED3A6B37EE067BD8E71143AB
:1020080007D1002E02DA9FED3A7BECE79FED3A7B91
:10201800F0E7BA4223D1934215D1022C9FED307BD1
:102028000BD0032C0CD0012C02D09FED356BE3E7CD
:102038009FED356B36EE477BBAE79FED356BDBE7F7
:102048009FED356BF6E7022CD2D0032CC9D09FED5B
:10205800347B9FED356B012C07FE067BA8E7BB425E
:10206800CFD09B1AB3F1747F4FEA235212DB9FED56
:10207800227B9FED2F6B37EE067B012C1AD0022CAA
:1020880021D0002C94D09FED2C6B37EE467B9FED32
:10209800166BAAE7002D01DA3C3208DB87EE010B4C
:1020A800B0EEC00BFFF764FEB0EE407BE5E79FEDB6
:1020B8001E7BE2E717EE901A53EC172B01F1004351
:1020C80043EC172B74E79FED1C6B37EE467B9FEDB7
:1020D800066BAFE7AFF30080182D4454FB2109C00D
:1020E80059F3F8C21F6EA501182D4454FB2109406D
:1020F800182D4454FB21F9BF182D4454FB21F93FF6
:10210800182D4454FB21E93F182D4454FB21E9BF05
:10211800D221337F7CD90240D221337F7CD902C0BF
:102128000000000000000080000000000000000027
:10213800075C143326A6913C075C143326A6A13C01
:102148000000F07F000000007FB58DED000B019BC3
:10215800214A23F00043934206D89FED1D1B07B088
:102168005DF804EB00F018BA1C4A934204D907B092
:102178005DF804EB00F0F8B902A800F031F800F0BF
:10218800030001280BD0022812D0C0B99DED041B12
:102198009DED020B00F000FA07B05DF804FB9DED21
:1021A800041B9DED020B00F0E3FCB1EE400BF3E7DE
:1021B8009DED041B9DED020B00F0EEF9F5E79DED9A
:1021C800041B9DED020B012000F0D2FCE4E700BFE8
:1021D8000000000000000000FB21E93FFFFFEF7F47
:1021E800F0B510EE907A984B27F00041994289B0EB
:1021F800064607D80022002380ED000BC0E9022321
:1022080000201BE0914B99423BD8A3F51B23002FDC
:102218009FED7D7BA3F5F06319DD30EE470B994206
:102228000ED09FED7B6B30EE467B30EE470B86ED94
:10223800007B30EE460B86ED020B012009B0F0BDA5
:102248009FED757B9FED766B30EE470BEBE7994280
:1022580030EE070B0ED09FED6E6B30EE067B30EE46
:10226800470B86ED007B30EE060B4FF0FF3086ED16
:10227800020BE3E79FED687B9FED696B30EE070B80
:10228800EBE7734B99426CD8B0EEC00BB6EE007B0F
:102298009FED656B00EE067BFDEEC77BB8EEE75B56
:1022A80017EE900A9FED587B05EE470B9FED587B84
:1022B8001F2825EE077B30EE476B05DC654B421E79
:1022C80053F822308B4209D116EE903AC3F30A53E1
:1022D800C3EB1153102B4FEA215202DC86ED006B41
:1022E8001AE09FED4D4B25EE044B30EE446B30EE7B
:1022F800467B37EE447B9FED4A4B15EE047B36EE6A
:10230800474B14EE903AC3F30A53D31A312B17DC18
:10231800B0EE460B86ED004B96ED006B002F30EECD
:10232800460B30EE470B86ED020B87DAB1EE466BB3
:10233800B1EE400B86ED006B86ED020B40427DE767
:102348009FED3B7B25EE077B36EE470B36EE406B69
:1023580036EE477B9FED386B15EE067B30EE476B0C
:10236800BCE73D4B994206D930EE400B80ED020B9D
:1023780080ED000B44E70A1510EE103AA2F216425F
:10238800A1EB02551C4645EC174BBDEEC76B9FED04
:102398002C5BB8EEC66B37EE467B8DED026B27EEF5
:1023A800057BBDEEC76B08A8B8EEC66B37EE467B5B
:1023B8008DED046B27EE057B8DED067B032130ED5B
:1023C800027BB5EE407BF1EE10FA0B4601F1FF31CE
:1023D800F5D0224901910221009102A8314600F06E
:1023E80043F9002FBFF62AAF96ED007BB1EE477B8D
:1023F80086ED007B96ED027BB1EE477B86ED027B96
:102408009CE700BFAFF3008000004054FB21F93F78
:102418003163621A61B4D03D0000601A61B4D03DE6
:102428007370032E8A19A33B83C8C96D305FE43FDC
:102438000000002E8A19A33BC14920259A837B39C5
:102448000000000000007041FB21E93F7BD90240F9
:10245800FB2139410C500608FFFFEF7F8C5006081E
:102468007FB58DED000B019B234A23F00043934277
:1024780007D89FED1F1B002007B05DF804EB00F0A4
:1024880077BB1E4A934204D907B05DF804EB00F00D
:102498006BB802A8FFF7A4FE00F0030001280CD0D7
:1024A800022811D0D0B99DED041B9DED020B01202F
:1024B80000F05EFB07B05DF804FB9DED041B9DED8D
:1024C800020B00F069F8F5E79DED041B9DED020B8A
:1024D800012000F04DFBB1EE400BEBE79DED041B36
:1024E8009DED020B00F058F8F5E700BFAFF3008050
:1024F8000000000000000000FB21E93FFFFFEF7F24
:102508007FB58DED000B019B154A23F000439342E4
:1025180007D89FED111B012007B05DF804EB00F010
:102528007FBB104A934204D907B05DF804EB00F072
:102538001BB802A8FFF754FE400000F002009DED12
:10254800041B9DED020BC0F1010000F069FB07B010
:102558005DF804FBAFF300800000000000000000FD
:10256800FB21E93FFFFFEF7F08B52DED028BB0EEB1
:10257800408B17F073F920B938EE080BBDEC028BCD
:1025880008BD9FED037B87EE070BF7E7AFF30080ED
:102598000000000000000000B0EE407B17EE901A2B
:1025A800B7EE000B21F00041B1F1795F39D327EE86
:1025B800075BB6EE006B9FED1E3B27EE017B25EE19
:1025C800066B9FED1D4B05EE034B9FED1D3B14EE77
:1025D800053B9FED1D4B03EE054B9FED1D3B204B2F
:1025E80014EE053B9FED1C4B994203EE054B24EE80
:1025F800054B14EE057B04D836EE477B30EE470BCF
:102608007047184B99420DD80022A1F5001343ECEE
:10261800152B30EE450B36EE456B36EE476B30EE3C
:10262800460B7047B5EE025BF3E700BFAFF30080DF
:10263800D43888BEE9FAA8BDC4B1B4BD9EEE213E27
:10264800AD529C804F7E923E9015CB19A001FA3E68
:102658007751C1166CC1563F4C5555555555A53F38
:102668003233D33F0000E93F2DE9F04F2DED068BC3
:10267800ADF5137D9A460F46BF4BA299A39E53F81A
:102688002190019012F1140FA8BFD31E0AF1FF3B4D
:10269800B8BF00236FF017059FEDB16BA4BF1821D9
:1026A80093FBF1F303FB0555A3EB0B00154409EB72
:1026B8000B040DF1680E06EB800C0022A2420EDD21
:1026C8001AAA02EBCA020DF5D47E00244C4525DC7B
:1026D8009FEDA37BDDF804C01046002115E0D04231
:1026E80009D45CF8221007EE901AB8EEE77BAEEC3E
:1026F800027B0132E2E7B0EE467BF8E7BCEC025B16
:1027080090ED006B013105EE067B5945A0F10800FC
:10271800F4DDAEEC027B01340832D7E706AA9FED60
:10272800929B9FED93AB02EB890206EB8303039226
:1027380002934C46E300049392AB03EBC40313EDFE
:10274800280B6AAA06AB02EBC402184621460029E8
:10275800A2F1080249DC2846059300F07DFBB4EE9F
:10276800007BB2EE006BB0EE408B20EE077BBBFE29
:10277800477B07EE468BFDEEC87B002D17EE908A4F
:10278800059BB8EEE77B38EE478B40DD611E06AA55
:10279800C5F1180052F8216046FA00F290448240D0
:1027A800B61A06AA42F82160C5F117021641002E92
:1027B8003CDD002108F1010808466FF07F4E8C428D
:1027C80067DC002D04DD012D7ED0022D00F086800F
:1027D800022E2BD1B7EE000B30EE488B30B32846D3
:1027E80000F03AFB38EE408B20E020EE097BBDEE8E
:1027F800C77B0139B8EEC77B07EE4A0BBDEEC00BAD
:10280800A0EC010A92ED000B37EE000B9FE705D113
:10281800621E06A951F82260F615C8E7B6EE007BDD
:10282800B4EEC78BF1EE10FA31DA0026B5EE408B24
:10283800F1EE10FA40F0A480621E00214A4554DAF5
:1028480000296DD0013C06AB183D53F82430002B0D
:10285800F8D0B7EE000B284600F0FEFA9FED426B69
:10286800621C6AA9D30001EBC2012246002A80F249
:10287800B1802246002AC0F2CF806AA901EBC205C6
:102888009FED377BDFF8F4C00020A11AB9E00226DB
:102898008FE79C465CF8042B58B97AB10131C2F134
:1028A80080728C424CF8042C0CDDDCF8002003F11B
:1028B800080CAEEB02024CF8042C012201316346ED
:1028C80010467CE701207CE7621E06AB53F82230F5
:1028D800C3F3160306A941F8223079E7621E06AB56
:1028E80053F82230C3F31503F4E706AB53F822304C
:1028F800013A1943A2E7013352F8041D0029FAD01E
:10290800049A02F512726A4404EB0A011AAE601CBA
:10291800983A06EBC1012344834204DA1C4609E7CE
:10292800039A0123E8E7029C019E54F8204004948E
:1029380007EE904AB8EEE77B0024A1EC027B9FEDFE
:10294800087B8C465C4503DDA2EC027B0130E3E7A3
:10295800B6EC025B3CED026B013405EE067BF1E759
:102968000000000000000000000000000000703EB1
:1029780000000000000070419451060880370608E6
:102988006842B0EE480B00F067FA9FED736BB4EE47
:10299800C60BF1EE10FA17DB9FED717B20EE077B7B
:1029A800BDEEC77B06AAB8EEC75B05EE460BBDEECB
:1029B800C00B183510EE103A42F8243017EE103AD2
:1029C800013442F8243044E7BDEEC00B06AA10EEED
:1029D800103AF6E706A850F82200019007EE900A90
:1029E800013AB8EEE77B27EE007B20EE060B21EDDF
:1029F800027B3BE7BCEC025BB5EC026B013005EEF9
:102A0800067B484501DC8142F4DA42A800EBC101AB
:102A180081ED007B013A2DE7A29A022A0ADC002AFE
:102A28002DDC46D008F007000DF5137DBDEC068BB4
:102A3800BDE8F08FA29A032AF4D142A9A3F10802B3
:102A48000A44114620460028A1F1080152DC21461B
:102A58000129A2F108025DDC9FED437B42AA1344E1
:102A6800012C67DC9DED425B9DED446B002E67D128
:102A780087ED005B87ED026B87ED047BD2E79FED66
:102A88003A6B42AA13442246002A24DA4EB3B1EE26
:102A9800467B87ED007B9DED427B44AA012337EE00
:102AA800467B9C4220DA0EB1B1EE477B87ED027B74
:102AB800B8E79FED2D7B42AA1344002C05DA0EB12E
:102AC800B1EE477B87ED007BACE733ED026B013C51
:102AD80037EE067BF1E733ED027B013A36EE076B02
:102AE800D2E7B0EE467BD4E7B2EC026B013337EEA7
:102AF800067BD6E791ED007B91ED025B013837EE5E
:102B0800056B37EE467B81ED006B37EE057B81ED7B
:102B1800027B98E792ED007B92ED025B013937EE7C
:102B2800056B37EE467B82ED006B37EE057B82ED59
:102B3800027B8DE733ED026B013C37EE067B8FE7B6
:102B4800B1EE455BB1EE466B87ED005BB1EE477BBE
:102B580087ED026B90E700BF0000000000007041A5
:102B6800000000000000703E0000000000000000AF
:102B7800B0EE407B17EE903A23F00043B3F1795F53
:102B880001D200F0F9B99FED186B20EE005B20EE42
:102B9800054B9FED173B15EE063B9FED176B03EEBC
:102BA800056B9FED173B16EE053B9FED176B03EE8C
:102BB800056B40B99FED163B15EE063B03EE047B13
:102BC800B0EE470B704724EE066BB6EE003B11EEF5
:102BD800036B16EE051B9FED106B04EE461B30EEE3
:102BE800410B7047AFF300807CD5CF5A3AD9E53D09
:102BF800EB9C2B8AE6E55A3E7DFEB157E31DC73EA6
:102C0800D561C119A0012A3FA6F810111111813F01
:102C1800495555555555C53F495555555555C5BF40
:102C280010EE903A8A4923F000428A4210B533D810
:102C3800FDEEC07B17EE901A002943D110EE104A22
:102C4800431C2343134306D1B0EEC07BB7EE006BA1
:102C580086EE070B10BD0128FCD030EE017BBFEEDD
:102C6800006B53EC172B86EE074B0A4643EC152BEB
:102C7800B7EE006B53EC142B35EE400B0A4643ECD1
:102C8800172B31EE400B05EE076B00EE076B06EED7
:102C9800047BB0EE470BDDE76E498A4212D99FEDFF
:102CA8004C7B002BB8BFB1EE400B37EE407B9FED5D
:102CB8004A0BB8BFB1EE411B30EE410B9FED481BEC
:102CC80030EE070B20EE006B9FED475B26EE067B90
:102CD80020EE063B9FED464B07EE054B9FED465B0E
:102CE80004EE075B9FED464B05EE074B9FED465BF9
:102CF80004EE075B9FED464B9FED472B05EE074B18
:102D08009FED475B07EE025B9FED472B05EE072B18
:102D18009FED475B02EE075B9FED472B05EE072B08
:102D28009FED475B4B4902EE075BB0EE457BB0EE8B
:102D3800415B04EE067B07EE035B9FED437B05EEEC
:102D4800061B8A4203EE071B30EE016B1DD926EEE7
:102D5800064B9B1707EE900A03F00203C3F1010329
:102D6800B8EEE77B36EE076B84EE065B35EE416B1B
:102D780030EE466B36EE066B37EE466B07EE903A52
:102D8800B8EEE70B26EE000B64E701281AD0BFEE79
:102D9800007B87EE065B51EC160BB7EE006B53EC2D
:102DA800152B0020024643EC172B41EC140B04EEC4
:102DB800076B34EE400B31EE401B01EE076B06EE5D
:102DC800057B66E7B0EE460B44E700BFAFF3008033
:102DD800182D4454FB21E93F075C143326A6813C97
:102DE8000000000000000000D47ABF74702AFB3E87
:102DF800E9A7F0320FB8123F68108D1AF726303F56
:102E08001583E0FEC8DB573F93846EE9E326823FD3
:102E1800FE41B31BBAA1AB3F735360DBCB75F3BE66
:102E2800A69237A0887E143F0165F2F2D844433F4A
:102E3800280356C9226D6D3F37D60684F464963F41
:102E48007AFE10111111C13F635555555555D53F9F
:102E5800FFFF2F3E2794E53F10EE902AC2F30A5356
:102E680010B41146C3B910EE103A22F000421A43CA
:102E780018D09FED277B2A4C20EE070B10EE902AE6
:102E8800A042C2F30A531146A3F136030DDAD00F5C
:102E98005DF8044B00F048B840F2FF72934204D149
:102EA80030EE000B5DF8044B70474CF25032904204
:102EB80004DD5DF8044BC80F00F04AB8184440F22E
:102EC800FE739842F5DC00280ADD21F0FF4153EC3F
:102ED800102B21F4E00141EA005343EC102BE1E709
:102EE80010F1350F01DAC80FD2E721F0FF4153EC9A
:102EF800102B363021F4E0019FED077B41EA0053A7
:102F080043EC102B20EE070BCCE700BFAFF300809B
:102F18000000000000005043000000000000903C4A
:102F2800B03CFFFF000000009FED050B9FED067B06
:102F3800002800FE077B27EE000B7047AFF30080E8
:102F480000000000000010000000000000001080D9
:102F58009FED050B9FED067B002800FE077B27EE03
:102F6800000B7047AFF30080FFFFFFFFFFFFEF7F0D
:102F7800FFFFFFFFFFFFEFFF9FED076BB7EE007B43
:102F880082B037EE067B8DED007BDDE9002302B0D1
:102F9800704700BFAFF30080000000000000100081
:102FA8001FB500F067F9034648B9064A01AC07CADD
:102FB80084E807001946204600F014F9034618462D
:102FC80004B010BD2034060837B5104C20461CF05C
:102FD80001FFA0B1A5682B68A3B10021204698473E
:102FE800002807DBEB683BB101AA0021204698477F
:102FF80000EAE07003B030BD6FF05700F8E76FF0FB
:103008001200F7E76FF05700F4E700BFCC1C060882
:1030180070B5ADF5107D022003A901F01DFA044634
:1030280038B101464C4817F04FF820460DF5107D91
:1030380070BD0146102308AA039817F0F1FA044658
:1030480010B101464548EEE79DF82730012B05D120
:10305800BDF82C2042F241339A4205D040486FF027
:10306800150417F031F8E0E79DF82E300A9EDB07CB
:103078002CD53C4B1EF03EFA18581DF073FA3A490D
:10308800FEF756F810BB03F0C1FB384D214617F088
:10309800A9FD204601F0DEFEAE68336D1BB10CAA17
:1030A8000421284698474FF47A7000211DF02CFB24
:1030B8000C9B002BF1D003F0A9FB04232C4A0093AE
:1030C80001231268294904F027FAAEE79DF82E502B
:1030D80015F002050AD02748274B816898474FF01A
:1030E800FF314FF0FF301DF00FFBF8E729464FF492
:1030F80004720CA81DF0E6FE204B04AA20490D938B
:103108000CA8204B07950E931F4B0F931F4BCDE92F
:103118008D360123CDE905558DF8143005AB06F041
:103128009DFD054628B1014619482C4616F0CCFFEE
:103138007BE704980C49843006F062FD014628B903
:1031480014486FF0010416F0BFFF6EE72A46049892
:1031580006F040FE69E700BFAE550608D0550608E0
:10316800EE550608100000000556060890190608D6
:10317800C0370608A809002411000E085FC3050817
:103188004A56060889C305089DC3050800000E08AD
:103198000A560608285606082DE9F0411D46CBB206
:1031A8001646022B02D90020BDE8F081002DFAD086
:1031B800642400275C430A4B1C44A046D8F86030BE
:1031C800BB42F0D92368002BEDD020462A46314671
:1031D8000C3416F054FD0028E6D10137EEE700BFA5
:1031E8004C35002470B504780E46022C19D8642298
:1031F8000F4B54431D192A6E072A15D80C2101FBC1
:1032080002441C44D0E90112204616F050FE094839
:103218003246214616F0A7FE2B6E002001332B669E
:1032280070BD6FF01500FBE76FF00B00F8E700BF0B
:103238004C350024783600240146014816F0E0BEDB
:103248007836002402280A4603D80146024816F0B8
:10325800B8BE0020704700BF783600240228134605
:1032680004D80A460146024816F0B3BE002070474B
:103278007836002438B5BFF35B8F104C012554E82D
:10328800003F002B03D144E80052002AF7D1BFF3D6
:103298005B8F0FD10A490B4816F061FEBFF35B8FB5
:1032A80054E8003F44E80052002AF9D10020BFF357
:1032B8005B8F38BD6FF07700FBE700BF483500240F
:1032C800A1310408783600247FB50BAB02220593A0
:1032D8000393054B029300231846CDE9003300F011
:1032E80039FE07B05DF804FB555606082DE9F04F86
:1032F80091B0840705460E46009302F00403DDF8FA
:1033080068800293C2F3C203039203F10103059399
:1033180040F0BA81041D30B1072909D86FF01B00AD
:1033280011B0BDE8F08F01F007063444C6F1080675
:10333800009B4FF000094FF0040A591E4FF0FF336D
:103348004F46CB4601935346CDF810900DB10098E7
:1033580020600598002800F3E8809848009A824287
:1033680003D397488242C0F0E080039AA4EB050E8D
:1033780092074FEA9E0000F103810F2F00F2B180FF
:10338800002D00F0058107F140020DEB020C019AB7
:103398000CF8200C0CF8102C049801300490E7E08D
:1033A8007A285DD84B280ED8472859D829282DD8EF
:1033B800252852D054D820287AD02338D0F1000BB1
:1033C8004BEB000B74E04C382E2849D8DFE800F0AE
:1033D8007048484848484848484848484B4848483A
:1033E800484848484859484B4B595959704B6D48BB
:1033F8007048184B184848827F4B48484B487F0014
:1034080000204FF0000B4FF0040A38E02A38012260
:10341800C0B202FA00F010EA0E0F49D110F0625C57
:103428002FD110EA020B43D06046013C5444B4FB50
:10343800FAF40AFB04F4002D61D0A3EB050CA444B4
:10344800B4453FF66BAF002868D1042B47D158F834
:10345800043B2360043404232AE0019A013A0192D0
:103468004FF0000B24E011F8010C6C2834D111F84E
:10347800023C00206C2B8346C5D14FF0080A534606
:10348800D3E708F10708073428F0070824F00704F1
:10349800F8E802AB35B106982044B0423FF63EAF9B
:1034A800C4E900AB08344FF0000B4FF0080A53464C
:1034B80011F8010F002878D0BBF1000F7FF470AF2E
:1034C8002528F5D1019B4FF0010B013301934FF0F3
:1034D800040AECE7584694E700208346A5E7082B42
:1034E80002D06FF015001BE708F1070828F007085D
:1034F800B8EC027B84ED007B08340823D8E768B970
:10350800042B02D108F10408A4E7082BE9D108F13B
:10351800070828F0070808F10808EDE705980138BA
:10352800059058F8040B009010E7039A900720D5EF
:10353800A4EB050E4FF0010C4FEA9E00BEF5007F8C
:10354800CFD20F2FCDD8F5B107F14002C0B20DEBA5
:10355800020E019A0EF8200C0EF8102CBCF1000F88
:103568003FF41AAF60F07F0009F101090EF8200C52
:103578000137C5F1080204344FF6DA7E069297E760
:103588004FF0000CDAE7BCF1000F01D00136EFE78D
:10359800029A0236002AEBD10098CDE90631FDF7F0
:1035A800D9FD0644DDE90631E2E7631BB3F5806F18
:1035B80097D23DB9A6F10804E018B1E6101506083F
:1035C80094BD06089B08029A28602B709DF810305D
:1035D800C2B1EB7085F80290B9F1000F05D008A8C8
:1035E8000022C5F1010C97420ED1C5F101030DF17E
:1035F80020084FF0000A0DF1300B0193574512D106
:10360800601B8DE66B70E5E710F8013B190608D5DD
:103618000CEB040E03F07F03B6453FF67FAE04F8CB
:10362800013B0132DFE7B9F1000F03D098F9002020
:10363800002A17DB029BD3B11AF80B2004F8012BE0
:103648000022019B18191044B0423FF667AE98F863
:103658000000009904F8010B204603921DF00AFCB3
:10366800039A14440AF1010A08F10108C6E798F818
:10367800002055F822300093029B009845F822302C
:10368800FDF768FD421CDCE76FF00D0048E600BF5F
:103698002DE9F04F9BB00446164690F802A0DDF8DD
:1036A80090B088460993CBF3C0030B9341B9457892
:1036B80000780AEB80002044454516D8A0EB0408A2
:1036C800E3780A93BAF1000F02D01BF0010F15D16D
:1036D8000A9B002B39D11EB1099A41462046B047B2
:1036E800454628461BB0BDE8F08F471C08F1010885
:1036F8003846FDF72FFD01303844DDE7227863684E
:10370800069292000893069B0C9204EB8301002E0C
:1037180040F0E78045460F4601EB0A08002647457A
:1037280022D017F8013B069154F82300FDF712FD4B
:10373800259B0130069933B1269B9E423EBF259BAF
:1037480023F8160001360544E9E71BF0020FC2D042
:1037580023781F4606939B0004EB87010C9363684C
:103768000893002E56D1454601EB0A071BF0050FBA
:103778000A9B0CBF4FF0020A4FF0010A07EB4309FE
:103788000BF0020306934F45ABD017F8021B17F84E
:10379800013C54F82380934B984502D3924B9845AB
:1037A80019D30B9B23B3089816F065FC00B38F4818
:1037B800036813F0060F0CD0089B022204910146FF
:1037C80003938B4B029300231846CDE90033FFF790
:1037D8007BFD023DD7E70B9B23B1089816F04BFC05
:1037E8000028E4D11BF0010F05D1A5EB0A05CAE7B3
:1037F800069B002BC7D04046FDF7ACFC259B3BB190
:10380800269B9E423FBF431C259A22F8163001365C
:103818000544B8E7BAF1000F67D01BF0040767D07A
:10382800574616A84FF00009524607911DF022FB93
:10383800079901EB0A030A9A07930A9B5B000E9308
:10384800079B03EB42030D930BF002030F930D9BB1
:10385800079A93424ED11BF0020F637808BF79088C
:1038680003EB090218BF00211BF0010FD2B240F090
:103878008A801BF0040F14BF384600206270A070C5
:103888002046E170099A0C990893B047051EFFF687
:1038980028AF069B3946099A16A82370089B84F816
:1038A80002A063700A9BE370B047071EC0F29580C0
:1038B8000C9BA8EB0A01099AC91A0E9B0798C91A0A
:1038C800B0470028C0F28B802F444FF000080DF15C
:1038D800480B3D18C14558D80021099A0846B047F9
:1038E800FFE6D14612A800279EE75746D146A0E733
:1038F800B9469EE7079B13F8021B13F8015C079370
:1039080054F82520374B9A4202D3374B9A4217D3A3
:103918000B9B23B1089816F0AEFB002897D10F9B9C
:10392800CBB907F168037A1C02370DEB03001AAB19
:10393800FFB253FA82F200F8101C02F8105C86E716
:103948000B9B2BB1089816F096FB00287FF47FAFED
:103958001BF0010F0AD009F1680309F101020DEB10
:10396800030909F8205C5FFA82F970E71BF0040F7D
:103978003FF46DAF07F168037A1C0DEB030707F8F6
:10398800105CD7B263E7002078E718F80B3054F8DA
:1039980023A08DF84730259BEBB1269B98451AD27A
:1039A800259B33F81870099A01210DF14700B0479B
:1039B800002814DB054427B95046FDF7CBFB471C0C
:1039C800BFB2099A39465046B047002807DB05447C
:1039D80008F101087EE70027E5E73D4681E6054650
:1039E8007FE600BF1015060894BD0608EC08002401
:1039F80055560608014B1860704700BF280200247E
:103A080070B504464518044EAC4200D170BD336809
:103A180014F8010B9847F7E72802002480B50546FB
:103A28000E461746984613F04DFFDFF820900346E0
:103A38001DF060FD0446424649F8003039463046DC
:103A4800A84754F8090005F0FDFB00BF100000006E
:103A5800044608B5EFF31183102383F31288BFF3EC
:103A68006F8F05F093FD05F0EDFD1AF050FC204630
:103A780005F0D6FB024816F027FB18F04CFAFCE7D5
:103A880031570608054B00205A6822F002025A6096
:103A98005A6822F001025A60704700BF0010005CAB
:103AA800164B82B0D3F8E02042F00072C3F8E02051
:103AB800D3F8E02002F000720192019AD3F8F420C2
:103AC80042F00202C3F8F420D3F8F42002F0020214
:103AD8000092009A0A4AD2F80423D20706D503F5C1
:103AE8000053D3F89030002002B07047D3F8A020DC
:103AF80042F00802C3F8A020F5E700BF00440258CE
:103B08000004005808B505F083FD05F011FD104BC1
:103B1800104A1A60104BDA6822F03F0242F00202A3
:103B2800DA609A6942F440429A619A699204FCD533
:103B38000A4B1A6841F20303B3EB124F06D1084A45
:103B4800D2F8083143F00103C2F8083108BD00BFBC
:103B5800400800240090D003004802580010005C80
:103B6800008000512DE9F84F814630480F4616F085
:103B78000EFC064670B92E4C0546DFF8B8B04FF07B
:103B8800010AA0465C4507D3B9F1000F02D04FF0F7
:103B9800010AFDB9BDE8F88F237B83B12368DB6890
:103BA8000BB120469847636883F806A023681B6911
:103BB80043B9636804222046196816F01FFC0136D1
:103BC8001034DFE7204698470028F2D00AFA06F3B7
:103BD8001D43F4E7A94695FAA5F4B4FA84F40AFA61
:103BE80004F3260108EB04146FEA030B25EA030526
:103BF800237B63B158F806301B698BB9464404220D
:103C0800204609EA0B097368196816F0F7FB002DBE
:103C1800E1D11FB1642000211CF076FD4D46B8E7C4
:103C2800204698470028F2D1E8E700BFC8360024AC
:103C3800002706081027060808B5034608462BB1D2
:103C4800044A136000F0F2FB002008BD6FF0150075
:103C5800FBE700BF2C02002400230D4A4FF47A71C1
:103C68000C4810B513700C4A13600C4A1360FFF728
:103C7800E3FF00F099F80A4B0A4918468B4200D333
:103C880010BD1A1A5C681033121101322271F5E75F
:103C9800C859002487A30508C0360024C436002468
:103CA800002706081027060870B50B4D297841B97A
:103CB8000A4C01200A4EFFF755FFB44202D30123F4
:103CC8002B7070BD63685B791BB1236820469B68C5
:103CD80098471034F1E700BFC859002400270608A8
:103CE80010270608014B1868704700BFC436002427
:103CF80010B50446084816F04AFB5CB1074BBFF301
:103D08005B8F53E8001F013943E80012002AF8D1FD
:103D1800BFF35B8F10BD00BFC0360024C43600243B
:103D2800174B2DE9F0410546164CDFF85C801B68FF
:103D38009847A860444501D3BDE8F08163685B7982
:103D48003BB129784B0706D52368294620461B68CE
:103D580098471034EEE72E882846C1F3C20700F0D2
:103D6800C9F9C6F382160246002EEDD00028EBDB17
:103D780001233946204600F0C7F8B042E9D3E3E70B
:103D88002C0200240027060810270608044A054BC1
:103D98009B1AB1EBD30F34BF52F8310000207047A3
:103DA800A8250608002706080B4800210B4B1B1AFC
:103DB800043030B5DB080A4C994200D130BD10F808
:103DC80031200131256802F0070225F007052A4352
:103DD80044F8042BF0E700BFA825060800270608CA
:103DE800E4080024F8B50B4F06460B4D0024ED1BE4
:103DF800ED08AC4203D14FF0FF342046F8BD57F828
:103E0800340020B13146FDF793F90028F5D001348C
:103E1800EFE700BFA82506080027060800282DE9B7
:103E2800F047884615461F461DDADFF8A8904FF080
:103E3800000A244E5446A6EB09063609B24509F194
:103E4800100902D12046BDE8F08759F80C0C3B4612
:103E58002A46414600790AF1010AFFF7DFFF84424A
:103E680038BF0446EAE7184B184AD21AB5EBD20F06
:103E780025D203EBC5031C79BC4228BF3C46C0B21F
:103E88000722134E002100EB400056F825308240EF
:103E980023EA020304F0070282401343032223FAB1
:103EA80002F0033200F00700814238BF01461E2AA3
:103EB800F5D123F007030B4346F82530C2E7002469
:103EC800DDE700BF10270608A82506080027060812
:103ED800E408002400270608F8B5094D0646094BF2
:103EE8000F460024ED1AED08AC4200D3F8BD22B20B
:103EF80001343B4600213046A4B216F071FAF3E7CC
:103F080000270608A825060870B14168097973B129
:103F1800002A17DBCBB20C4903EB430351F822000C
:103F2800D84000F0070070474FF0FF31EFE707492E
:103F38000748401AB2EBD00F3ABF01EBC20108792B
:103F48001846704704207047E4080024A82506088E
:103F5800002706082DE9F04F87B004460E46934621
:103F680004AF98463D6BD7E90EA9BAF1000F22D0ED
:103F7800C7F804901021CDF8009053467A6B0020C2
:103F8800FFF7B4F9B0F5006F014615D31C490B686B
:103F980013F0060F0BD040F2FF7302220393194B64
:103FA800029300231846CDE9003316F0AAFA0C371D
:103FB800BD46BDE8F08F514604F007040BF0070B2F
:103FC800E40044EA8B1444EA412444EA05541735D2
:103FD8000D4425F00705ADEB050D04ADBAF1000F52
:103FE80007D0CDF8009053467A6B05F11000FFF723
:103FF8007DF9434622463146284616F032FAD6E77E
:1040080044090024675706082DE9F04FC1F34A26F2
:1040180091B00D4690460C0D07900893002E5AD08B
:1040280000270BAB4FF0040B4FF00A0A01933A46F6
:104038000DAB31464046CDF808B0CDF800A0B146EA
:104048000F97CDE90D77FFF723FBB0F5006F034617
:1040580016D325490B6813F0060F0ED040F2FF73F4
:10406800022238460493D8F80430009703931F4B74
:10407800CDE901733B4616F044FA11B0BDE8F08F64
:10408800C0F30A0604F117000993184466F3532590
:1040980020F00700800816F09FF9044680B1099BBC
:1040A80000F11001124A40460D914946CDF808B07A
:1040B800CDE90E370BABCDE900A30DABFFF7E8FA5E
:1040C80066F35325089B079920462A4611B0BDE898
:1040D800F04F16F0C6B904F1170020F00700800869
:1040E80016F07AF90446EBE7440900249F570608BE
:1040F8003FA40508406820B1034BC01A40F38F0065
:1041080070474FF0FF307047E40800240EB403B541
:1041180003AB0146054853F8042B019305F0BEFA9A
:1041280002B05DF804EB03B0704700BF85A5050831
:10413800CA0605D48B064CBF02490349FFF7E6BF00
:10414800704700BF69600608DE5706082DE9F04F82
:1041580087B004460D4690469DF844609946002E67
:1041680000F0A280159B03F0020A03F001030493F8
:10417800159B03F0080B03F48073059316F02EF9D2
:10418800024600283DD095492046FFF7BFFF074665
:10419800BAF1000F09D0159B13F0440F33D12A460A
:1041A8008F492046FFF7B2FF0744049B53B18D4B5C
:1041B80020468D4953F826208C4B002A08BF1A4602
:1041C800FFF7A4FF059B002B49D0BBF1000F64D17A
:1041D800B8F1000F66D0424685492046FFF796FFA2
:1041E8000546129B3D44002B6DD1149B002B73D1C7
:1041F800159BDB0700F1EB8015992046FFF798FF28
:10420800D8E00746C4E77B4B18680028CCD07A4B27
:104218004FF47A7A4FF03C0C1B68B5FBF3F5B5FB0D
:10422800F0F100FB11554FF461630AFB05F5B1FB92
:10423800F3F2B5FBF0FE03FB121100FB1E55B1FBB8
:10424800FCF30AFB05F50CFB1311B5FBF0F5009127
:1042580020466A49CDE901E5FFF758FFA4E7BBF11D
:10426800000F1DD0664B2046664953F82620FFF7FD
:104278004DFF0546B8F1000F05D042465C4920467F
:10428800FFF744FF0544B9F1000FAAD04A465E493A
:104298002046FFF73BFF0544A3E74FF00009E1E79D
:1042A8005D46E7E745469CE7B9F1010F129B06D149
:1042B800002B66D1149B002B7CD000250CE0002B32
:1042C800F8D052485EE05248129B2246514915F0F8
:1042D800A1FE149B002B6AD0DFF84481DFF84491DB
:1042E800149F4FF0000B15992046102F28BF102758
:1042F800FFF71EFF5D4547DC139B4FF0010B494656
:1043080020461A78FFF702FF1BF0070F03D141463A
:104318002046FFF7FBFE5F453DD9139B49462046E3
:1043280013F80B20FFF7F2FE0BF1010BBBF1100F96
:10433800EAD14FF0000A38492046DFF8ECB0FFF721
:10434800E5FE5246139B20469A5CA2F120015F29A4
:10435800594628BF2E22FFF7D9FE0AF1010ABAF101
:10436800100F1DD01AF0070F03D141462046FFF762
:10437800CDFE57455246E5D841462046FFF7C6FED2
:10438800EBE7234835469FE7414620460BF1010BF2
:10439800FFF7BCFEAEE721492046FFF7B7FEC3E7AB
:1043A800139B3B441393149BDB1B149398D1002E4F
:1043B8007FF41EAF6268A1682068D2E9002316F076
:1043C800CFF8636800221A6007B0BDE8F08F074A8B
:1043D80020460549FFF79AFE0EE700BFE657060894
:1043E800EA570608D837060883620608E157060820
:1043F8000F580608D0360024CC360024F357060898
:10440800EC3706081358060819580608A1A5050828
:1044180085A50508A59604082858060824580608FE
:10442800265806081E580608996806080021012320
:10443800064A904206D8064A01B901231360054B83
:1044480018607047400801215B00F2E740420F0006
:10445800CC360024D0360024104B70B51C680D46AD
:10446800B4B10F4B196800238B4202DB6FF00100D7
:1044780070BD224612F8106B864202D001331446F2
:10448800F2E7E0681BF0A6FC28B100202C60EFE7FB
:104498006FF00C00ECE76FF01200E9E7300200243F
:1044A800003806080C4BF0B40C4E5F6A0C4BB34254
:1044B80003D36FF08500F0BC70475D68BD4209D337
:1044C8001C693CB195F802C00579AC4502D1234678
:1044D800F0BC18472433EAE7D4360024000B002444
:1044E800DC0A00242DE9F04705460E461746124C13
:1044F800DFF84880DFF84890444503D36FF0850023
:10450800BDE8F0876268D9F824309A4212D3A369CB
:1045180083B190782979884205D13A4631462846B0
:10452800BDE8F04718475279012A03D13A46314687
:10453800284698472434DFE7DC0A0024000B0024CF
:10454800D43600242DE9F04105460E4617460A4C9C
:10455800DFF82880444502D36FF0850009E06369DD
:104568000BB92434F6E73A463146284698470028DE
:10457800F7D1BDE8F08100BFDC0A0024000B00245D
:10458800024B00221A605A60704700BF8F37002420
:1045980070B50B4B0B4CA34201D3002070BD196AB8
:1045A80000221E7F0439D5B2AE4201D82433F2E787
:1045B800013211F832508542F5D10120EEE700BFF3
:1045C800DC0A0024000B0024094808B50378C3F36B
:1045D80041130A3350F823303BB100F1080200F1CF
:1045E80010019847C043C00F08BD1846FCE700BF3C
:1045F800D436002410F0700F1FB511D00D490B6888
:104608005B0709D00C4B0122039002930023184644
:10461800CDE9003316F019F8002005B05DF804FB69
:1046280000F07F0310F0800F4FF0010018BF103327
:104638009840F2E7800900244A58060830B585B04A
:10464800054607F063F910F1780F04461AD11749A7
:104658000B6813F0060F09D0154B0222039502933D
:1046680000231846CDE9003315F0EFFF2846002453
:10467800FFF7C0FF0F4AD2F8C43023EA0003C2F89C
:10468800C4300FE00028F1D008490B685B0709D057
:10469800094B01220395029300231846CDE9003304
:1046A80015F0D3FF204605B030BD00BF80090024B7
:1046B80065580608D43600248658060804282DE9CB
:1046C800F74F04460F46DFF8A09015D001282FD1E8
:1046D800DFF8908098F8B93053B3214D00F0CAFF45
:1046E8004D4522D22A6A4FF0000A2B7F5FFA8AF6DC
:1046F800B34204D82435F3E7FFF742FFE8E702EBBB
:10470800C60601920AF1010A307907F0FFF88346DC
:104718003079FFF76FFFD8F8C430BBF1000F019A6A
:1047280023EA0003C8F8C430DFDA002388F8B93078
:104738000B4D4D4508D30B4B1B6A6BB139462046D0
:1047480003B0BDE8F04F1847EB681BB13A46214665
:10475800284698472435ECE703B0BDE8F08F00BF42
:10476800DC0A0024D4360024000B002470B5C4B23F
:1047780086B00D4663068DF8174007D02046FFF730
:1047880007FF00B31C4B93F8BA00E0B11B491A4E5F
:104798000B6803F00703C5B1022B09D9184B032294
:1047A8000394029300231846CDE9003315F04DFF1A
:1047B8009DF8170007F018F8F3691BB10DF1170100
:1047C80008209847012006B070BD022B09D90D4B6F
:1047D8000322284603940095CDE901532B4615F092
:1047E80034FF9DF8170007F02BF8F369002BE9D088
:1047F8000DF117010920E4E7D436002480090024CC
:10480800A8580608BB58060870B5044686B08078D4
:104818003C4D8DF810002379627943EA0223ADF804
:104828001230E37803F003038DF81430FFF7E2FE4B
:10483800D5F8C430064618420CD0A478204600F0BB
:10484800FBFE2046FFF7FAFE1BF083FE10B9962008
:104858001BF082FF04A817F0DBFD10F1780F31D1AF
:1048680029490B6813F0060F0BD09DF8103002226F
:104878000393264B029300231846CDE9003315F025
:10488800E4FE9DF8100007F007F810F1780F2ED11C
:104898001D490B6813F0060F0BD09DF8103002224B
:1048A80003931B4B029300231846CDE9003315F000
:1048B800CCFED5F8C4300120334385F8B900C5F8DB
:1048C800C43012E00028DCD00F490B685A070BD01F
:1048D8009DF8103003930F4B0293002301221846D2
:1048E800CDE9003315F0B1FE002006B070BD0028F8
:1048F800DFD005490B685B07F6D09DF810300393AD
:10490800054BE9E7D436002480090024D05806086E
:1049180017590608F3580608375906082DE9F047CD
:10492800A34E04460F461546B369FBB9237803F036
:104938001F03012B00F09D80022B00F0048133BB84
:1049480094F900002A680028617834DA062912D020
:1049580008292BD0D9B901235170137096F8C330A8
:104968005B0043F00103137002232AE198470028F3
:10497800DCD100200DE06288100A011F844601295D
:1049880005D9072803D8D2B2716A0C781CB96FF020
:104998001500BDE8F0874E78664503D19A4200F0CD
:1049A8000B8101332144F0E70B780AE196F8BA301D
:1049B8001370012305E101390829E8D801A353F848
:1049C80021F000BF654A040897490408734A04089F
:1049D80097490408F14904089749040897490408C5
:1049E80097490408FD490408A07806F049FE002804
:1049F800BFD0CCE76388756A63BBFFF7C1FD6388E6
:104A080086F8BA30F369002BB3D06A490320984777
:104A1800AFE76B78042B10D0052B11D0022B04D1F3
:104A28006F796388BB4208BF01202B781D442B781F
:104A3800002BEED10028AAD0DFE795F80380F4E731
:104A48006388BB42F1D1B8F1000FEED12846FFF7D9
:104A5800DBFEEAE7FF270020B846E8E76388012B7A
:104A680095D1002386F8C33083E76388012B8ED164
:104A7800F8E796F8BA30D5F800C0002B87D0756AE9
:104A8800A38894F804E02A46107800283FF47FAF02
:104A98005178022904D192F80480F04500F29380FD
:104AA8000244F1E78CF800208CF80120396060E7B7
:104AB800154494E00B2A7FF46AAF00274FF0FF08F3
:104AC800BA46C14606E06B78042B0FD0052B21D0DF
:104AD8002B781D442B78002BF5D1F36913B151467F
:104AE80007209847002F7FF444AF50E795F80280DD
:104AF800A38895F803909845EAD163889945E7D14A
:104B0800B8F1070F1CD806EB0803AA46012783F85B
:104B1800BB90DDE7A3884345DAD1A3784B450AD09B
:104B2800AF78384600F088FD3846FFF787FDB0FAC1
:104B380080F77F09CCE72846FFF766FE0746C7E7F8
:104B4800AA460027C4E794F900206378002A18DAF7
:104B5800002B7FF41CAF24792D6863060AD0204609
:104B6800FFF716FD00283FF412AF96F8BA30002B75
:104B78003FF40DAF2946204617F05FFC00236B7009
:104B8800F2E6012B08D0032B7FF401AF6388002BDA
:104B98007FF4FDAE012103E0618800297FF4F7AEC0
:104BA800A088FFF7E3FD00287FF4E3AEEFE600BF3F
:104BB800D43600248E370024022829607FF4F4AE0E
:104BC8004B883B60D5E694F9000062780028BFF670
:104BD80071AF002A3FF466AF0A2A7FF4D8AE2A786C
:104BE800002A3FF4D4AE697804297FF461AFA9782C
:104BF8008B427FF45DAF072B96BF9B19002393F878
:104C0800BB308CF80030D4E670B5164D95F8B83046
:104C1800FBB106F0BDFF002822DB002400F02AFDCE
:104C2800D5F8C430E6B2E340DA0714D404F1100230
:104C3800D5F8C430D340DB0705D546F08000FFF730
:104C4800FDFC00280CDB0134102CE9D1002385F889
:104C5800B830002004E03046FFF7F0FC0028E5DA21
:104C680070BD00BFD43600242DE9F04F054687B04B
:104C78008B4698460426DFF85090124F4FF0000AF2
:104C880005924346059A5946284606F067FE10F1F4
:104C98000B0F044612D1D9F8003013F0060F09D0D3
:104CA8000023022249461846CDE90275CDE900AA3B
:104CB80015F0CBFC12F05EFD013EE2D1204607B0B4
:104CC800BDE8F08F585906088009002413B5164C22
:104CD800237DF3B9E26801ABA16880200192FFF758
:104CE800C3FF019AA3681344A360E3689B1AE360B7
:104CF8006BB962B12369E2889A4208DD94F8C8204A
:104D080093FBF2F102FB11330BB90123237502B0B7
:104D180010BD002380201A461946237502B0BDE84D
:104D2800104006F01BBE00BFD436002430B5002367
:104D380089B002460D460593002864D1002941D167
:104D48000B46082206A917F085FB002804DA802004
:104D580006F04AFD09B030BD304C069ABDF81E3049
:104D68002260079A2575626004F13802A2609DF9F5
:104D78001820002AC4E9035517DB802B11D92849CC
:104D88000B685B0708D0274B012228460095CDE920
:104D980001532B4615F059FC802006F025FD002014
:104DA800D6E713B1C4E90333D4E7FFF70DFC0028B5
:104DB800CDD0E28823699A42D4BFE260E360FFF76E
:104DC80085FFC7E7154C05ABD4E90215002D04DCB7
:104DD80017F040FB0028BDDAB9E72A4617F03AFB7E
:104DE8000028D9DB059AA3681344A360E3689B1ADB
:104DF800E360002BAED104F13803A360FFF7E4FBB6
:104E08000028DCD1A3E78028A4D1044BDA68002A63
:104E1800D5D11B7D002BD2D19CE700BFD43600240E
:104E2800800900247F590608054B064A586200206D
:104E38009A62054ADA62054A1A63054A9A61704716
:104E4800D436002425490408AD4404084D45040817
:104E5800ED4404082DE9F041044686B0584D4FF062
:104E6800FF334FF0FF32574811F0D2FC95F8B830B5
:104E7800B3B155490B6813F0060F08D0534B022203
:104E8800029300231846CDE9003315F0DEFB6FF0DE
:104E980077044C4811F034FD204606B0BDE8F08197
:104EA8006B6AA3B900F0E6F8FFF7BEFF6B6A73B947
:104EB80045490A68520707D0454A18460093CDE984
:104EC8000132012215F0C1FB4FF0FF34E1E7414800
:104ED8002C62E8616E6A06F0CDFB06F087FA041EC4
:104EE800D7DB00F0E9FB041ED3DB7378012B01D17B
:104EF800F3797BB934490B685B0708D0364B01223C
:104F0800029300231846CDE9003315F09EFB6FF09D
:104F18001504BEE7002604A885F8C830ADF812309D
:104F28008DF814608DF8106017F072FA041EB0DB6B
:104F3800802704A88DF8107017F06AFA041EA8DB01
:104F48002649304617F059FA041EA2DB2349384691
:104F580017F053FA041E9CDB214CDFF88880444587
:104F68001AD3002006F098FC041E92DBD5F8C43052
:104F7800802043F00103C5F8C43006F08DFC041E00
:104F880087DBD5F8C430002443F48033C5F8C43037
:104F9800012385F8B8307CE7276A0026227FF3B220
:104FA8009A4201D82434DAE707EBC30257F83310E2
:104FB8000136107917F021FA0028EFD084E700BFF6
:104FC800D4360024C0090024800900249859060812
:104FD800BB590608C5460408E0590608354D0408BB
:104FE800DC0A0024000B002430B5204B8BB003F101
:104FF800100505AA1868083353F8041C1446AB4278
:1050080003C42246F6D11B781022002101A8237080
:105018001BF058FF1222002115481BF053FF1021E6
:1050280001A80AF02FFE00281DDD082801AB104951
:10503800B8BF082009381A18002012F8013F0AAC36
:105048000130023104EB131403F00F03082803F1B5
:10505800280314F8144C6B4401F8024C13F8143C60
:1050680001F8013CE9D102480BB030BD1A5A0608D4
:10507800CA5900249B4B2DE9F04F93F800908BB050
:10508800B9F1000F03D098480BB0BDE8F08F964CEB
:1050980000264FF0011835463746059623783BB968
:1050A8000234924B9C42F3D101238E4A1370EAE7F3
:1050B8006378052B1ED8DFE813F0C700060013013C
:1050C800C70020005700402308A88DF82090ADF8AD
:1050D80022308DF8249006F05DFB40B1082308A823
:1050E800ADF8223006F056FB08B1ADF82290BDF8B5
:1050F8002230E37123781C44D0E7E378002BF9D100
:10510800A3783BB3059B0133DBB20593F2E76A68EA
:10511800944222D024359D42F9D375490B685D0726
:1051280016D0744B01220394029300231846CDE94C
:10513800003315F099FA6E490B685B0708D06E4B7F
:105148000122029300231846CDE9003315F08CFAAA
:10515800002099E7694D6A4BDDE7AB68002BD1D099
:10516800059920469847CDE7002D6AD160490B681C
:105178005C07EDD0634B0095CDE901532B46012226
:10518800184615F071FAD6E72A6A94F802C002EBBD
:10519800C3021079844546D14FF0010AE0785FFADE
:1051A8008AFB00F003008DF82400207994F805C0EC
:1051B80040EA0C20ADF8220094F90200002826DA13
:1051C8000AF1100001FA00F010EA080F26D14BF09E
:1051D80080008DF8200008A8CDE9063206F0DAFA3A
:1051E8000121DDE90632C8B99DF8203013F0800F9F
:1051F800A37013710B4617BF0BF1100B03FA0AF3D8
:105208005FFA8BFB01FA0BF348EA030872E701FA2D
:105218000AF010EA080F01D15846DAE70AF1010A44
:10522800BAF1100FBAD101332A7F9342ACD3304977
:105238000B6858078CD0344B02930023CDE9003318
:105248009DE700230121EFE7032E2CD1FFF7CCFEC9
:105258008346E0B1FBF77EFF8246C0B110280ED02E
:10526800234B1B6813F0060F09D0284B0222204954
:10527800029300231846CDE9003315F0F5F952469C
:105288005946A01C102AA8BF10221BF0F3FD237852
:105298006FF00201E218091B04EB5303D14210D549
:1052A8000136F6B226E7002EF1D18FB910490B6806
:1052B8005A073FF44DAF164B0097CDE901733B46B3
:1052C8005DE702F8019C13F8010902F8020DE5E711
:1052D800E31BBB70C3F30723FB70059B3B71DFE740
:1052E800274607E7C9590024240A0024D90A0024BC
:1052F8007C0900242B5A0608115B0608DC0A0024E6
:10530800000B00244B5A06088C5A0608A95A0608AE
:10531800F45A0608094B00211A4610B51C78844235
:1053280005D15C681CB1482303FB012010BD013185
:1053380048330429F2D10020F8E700BFA037002441
:105348002DE9F04150F8303C88B0044610F8346C30
:1053580010330BD1036950F8282C13F0020545D0FF
:10536800D2B9590715D5002344F8303C54F8303CDD
:1053780010330BD054F81C8C54E909751BF0E9F86C
:10538800002869D021463B481BF0B6F808B0BDE8B4
:10539800F08143F00403036107AB54F82C1C30463A
:1053A800FFF762FC88B134490B685A070AD0334BBF
:1053B80002930023CDE90306CDE900330122184604
:1053C80015F08FF96FF01503CEE7079A54F82C3CC7
:1053D800134444F82C3C54F8283C9B1A44F8283CC5
:1053E80054F8243C134444F8243CBFE750F82C1CE0
:1053F80007AB304606F038FB58B11F490B685B070E
:10540800E0D01E4B0095CDE90153CDE903062B46AC
:10541800D4E7079D54F82C3C2B4444F82C3C54F812
:10542800283C5B1B44F8283C54F8243C2B4444F8A3
:10543800243C002D97D0304617F01AF8B5FBF0F34E
:1054480003FB1055002D8ED154F8283C002B8AD030
:10545800304606F06FFB89E744F8200CA4F11800E9
:1054680011F0D0FA002D91D0424639463046A8476F
:105478008CE700BF000B0024840900243F5B06086A
:105488004B1E012B70B5064686B00D461BD8FFF79C
:1054980041FF0446C8B9012D15D105AB01220DF114
:1054A8001301304606F0E0FA059B002BF5D11049B0
:1054B8000A68520707D00F4A18460093CDE901320F
:1054C800012215F00EF906B070BD1BF042F804F188
:1054D800340108B1012D05D1084606B0BDE8704079
:1054E800FFF72EBF044806B0BDE870401BF004B8B3
:1054F800840900245C5B0608000B00242DE9F04FAA
:1055080087B0064617469846059115F0FAF80446FE
:10551800002840F08180EFF311830493102383F374
:105528001288BFF36F8FDFF80891002300224846E6
:1055380011F0A4FA0346E0B94FF0480CDFF8F4A0E4
:105548000CFB04FC0AEB0C0BDBF8045015F1100FF4
:105558002CD133490A68520707D0324A0396009083
:10556800CDE90102012215F0BCF8484611F04AFACB
:1055780013E0013409F14809042CD6D128490B68F5
:10558800580708D0284B0122029300231846CDE97A
:10559800003315F0A6F86FF00B05049B83F3118810
:1055A800BFF36F8F284607B0BDE8F08F109B059AB0
:1055B800CBF81430119BCBF810003046CBF81830DC
:1055C8006FF00F030AF80C60CBF84480CBF8043076
:1055D800CBE9022716F04CFF68B1304616F048FFB9
:1055E800B7FBF0F303FB10772FB1DBF8443043F03F
:1055F8000403CBF8443018F0020F08D048230B48B6
:10560800002503FB04A134311AF076FFC5E73046C4
:1056180006F090FA0546C0E76FF00F05C2E700BF35
:1056280084090024915B0608765B0608000B0024B9
:10563800BC370024A037002410B5EFF311841023E1
:1056480083F31288BFF36F8FFFF764FE50B143688E
:10565800103307D16FF08B0300F134014360044825
:105668001AF04AFF84F31188BFF36F8F10BD00BF93
:10567800000B0024F8B50E4C04251027EFF3118613
:1056880087F31288BFF36F8F6368103307D16FF009
:105698008B0304F13401074863601AF02DFF86F389
:1056A8001188BFF36F8F013D04F14804E6D1F8BDBE
:1056B800A0370024000B002470B5094C0025094EC2
:1056C800314620461AF0FCFE01220135A4F11800EB
:1056D800483411461AF048FE042DF1D1002070BD5F
:1056E800D4370024495304080169012381F8533051
:1056F8000B6833B191F851301BB1083101481AF0E9
:10570800FBBE7047000B00240169012381F8523069
:105718000B6833B191F850301BB1083101481AF0C9
:10572800EBBE7047000B002470B50569EFF31186D6
:10573800102383F31288BFF36F8FD5F8980014F005
:10574800A5FD044686F31188BFF36F8F30B10022A0
:10575800002305F12001024811F086FB204670BDA8
:10576800000B0024012370B582F850300D461368F1
:1057780014463BB192F8523023B102F108010D48AA
:105788001AF0BAFED4F898305A89DB889A4205D1C3
:105798007DB904F120014FF47A7204E004F120018C
:1057A800002DF8D0002200230248BDE8704011F017
:1057B8005BBB70BD000B002400210D4A0346A0F816
:1057C8005010106883F8A410C3F89C009088927950
:1057D800A3F8A00003F1540083F8A220402283F824
:1057E800A310A3F8A61083F8A8101BF06BBB00BF8A
:1057F800543406081FB5014604460C4814F05BFFF4
:10580800034670B90A490A6812F0060F07D0094A18
:1058180003940090CDE90102022215F012F804B0B9
:1058280010BD012200F8072CF9E700BFC03800249A
:1058380074090024C75B06087FB504460E46017943
:105848001546224814F02AFF034688B920490A68F9
:1058580012F0060F08D0A288009003921D4ACDE9E5
:105868000102022214F0EDFF6FF0120004B070BDC7
:1058780094F900106278002920DB202A04D0222A1B
:1058880018D06FF08500F1E7296802460C6852F8D5
:10589800100D43F8104C8C8894808979917153F8D5
:1058A800101C884204D053F8942C0AB11868904709
:1058B8000020DBE7628800F8092CF9E7212AE0D10B
:1058C800A0F110032B6007233360F1E7C0380024F0
:1058D80074090024ED5B060810B500230469C4F8B8
:1058E800B03004F1B0020B4BC4F8AC00596869B988
:1058F800C3E9002204F1080007491AF0E1FD04F1A8
:10590800200006491AF008FE002010BD0A605A60FF
:10591800F0E700BFC038002435A70508015A04087D
:1059280030B54FF40033426885B0056942F2A100F2
:105938000B4CADF80C1001A9CDE90103002385F843
:10594800A530106A0A220079FFF78EF995F8A5307C
:1059580023B901201AF02EFA013CF7D105B030BD69
:10596800A186010070B5002386B0046910258DF862
:10597800171084F85030EFF3118685F31288BFF3BF
:105988006F8F01220DF11701D4F8980014F07EFCF6
:1059980086F31188BFF36F8F012817D01AF0D9FD4D
:1059A80010B994F8A930D3B90F4D2B7873B90F49B2
:1059B8000A6812F0060F07D00D4A18460093CDE981
:1059C8000132022214F03DFF01232B700A2200232A
:1059D80004F12001074811F047FA06B070BD002114
:1059E8000A201AF091FEC6E7DC5900247409002445
:1059F800145C0608000B0024F0B5D0F88C3085B094
:105A080005465B681B6A1F7D384614F07AFE064619
:105A180050BB95F886303BB3A86F0146C38831F870
:105A28000A2F9B1A03AA9BB2B3F5007F28BF4FF435
:105A3800007314F0DCFB0446B0B18306A5F1200323
:105A480085F8306008BF00F1FF340193074B3846F2
:105A58002246039900930223FFF750FDA86F2246C0
:105A680000F10A0114F0F9FB05B0F0BD6D57040808
:105A78007FB50D1E0646144633DD2A4604F154014F
:105A8800D4F8940014F002FCA8420ED21C490B680A
:105A98005B070AD01B4B2D1A0122029300230395A2
:105AA8001846CDE9003314F0CCFE012384F85130B8
:105AB80023683BB194F8533023B104F1080112482C
:105AC8001AF01AFDD4F894209388918912695B1A08
:105AD8009BB2D31A3F2B04D8012384F8A83004B012
:105AE80070BD94F8A630002BF9D0084B402204F181
:105AF80054013046009301230194FFF7FFFCEEE7C1
:105B080074090024335C0608000B0024795A040841
:105B1800F0B5054685B00E460146504814F0B3FD71
:105B2800044678B94E490B6813F0060F08D04D4B60
:105B3800022203950090CDE90103034614F081FE8B
:105B480005B0F0BD0546711E55F8AC395F680529EA
:105B5800F6D801A353F821F0E95B0408495B04086F
:105B6800795B0408CB5B0408F55B04081B5C04083C
:105B78003B490B6803F00703022B08D93A4B032271
:105B8800029300231846CDE9003314F05AFE14F8A6
:105B9800061C0029D4D101232A4604F8063C3B6A96
:105BA800187BFFF765FF14F85C2C002AC8D13B6A04
:105BB8001146187D2D4B019500930223FFF79EFC9B
:105BC800BEE727490B6803F00703022B08D9284BC7
:105BD8000322029300231846CDE9003314F031FE66
:105BE800284605B0BDE8F040FFF7E6BD1C490B6844
:105BF80003F00703022B08D91E4B0322029300234C
:105C08001846CDE9003314F01CFE012304F8053CC6
:105C180096E7134D2B6803F00703022B09D9164B9F
:105C280003222946029300231846CDE9003314F0D5
:105C380008FE14F8053C002B82D02B6803F00703FC
:105C4800022B09D90D4B032205490293002318465C
:105C5800CDE9003314F0F5FD0023D7E7C038002460
:105C680074090024545C0608755C06086D5704081E
:105C7800875C06089B5C0608AC5C0608BB5C0608EB
:105C88000369044A8068904206BF002099616FF05A
:105C980015007047F424060837B5094D00244FF065
:105CA800FF334FF4806207492846009411F09EF8AC
:105CB8000549284611F0D0F9204603B030BD00BF91
:105CC800000B0024185A0024FC5C060810B5044692
:105CD8000BF0CAFF03490246204615F018F80020C9
:105CE80010BD00BF1C5D060837B5134600220546E7
:105CF8000A21019201AA586801F0D6FC019C4CB90E
:105D080020EAE0700A2180FB01011AF0FDFC204620
:105D180003B030BD22460349284615F014F8019C0B
:105D2800F5E700BF415D0608034A044908B514F0C9
:105D3800EEFF002008BD00BF2B5E0608325E060895
:105D4800F7B517460023054601AA0A21B86801934A
:105D580001F0AAFC1749C6B2284614F0E6FF019CD8
:105D680044B122461449284614F0EDFF019C204610
:105D780003B0F0BD042E09D9324610492846012443
:105D880014F0E1FF284615F01DF8F0E77868FEF7F3
:105D980029F8021E07DA7A68284609496FF01504BF
:105DA80014F0D1FFE3E7334612B22146204614F03F
:105DB80017FBDCE75D5E0608C35E0608EA5E0608B8
:105DC800015F0608002307B50090694604488DF86E
:105DD800043011F089FF9DF8040003B05DF804FB5E
:105DE800C1A9050810B504460BF020FF0749024673
:105DF800204614F08CFF2046054914F088FF214600
:105E0800044811F08BFF002010BD00BF8C5F06080E
:105E1800AB5F0608215E040870B58EB004460D46D7
:105E2800D0F89C601AF09EFB224A03461BF062FBE6
:105E38001058214A2149002B18BF1A4623460092C0
:105E48001F4A844218BF0A4628461E4914F05FFFBD
:105E580028461D49D4E90A23CDE9002394F90E30D8
:105E6800227B14F054FF06A92022204611F004F9E1
:105E7800636E02461549284614F049FF05A92046D5
:105E88001AF091FB024628B11149284614F03FFF49
:105E98000EB070BD059B64222846F11A4A43009152
:105EA8000C49B2FBF6F2CDE90162324614F02FFF3D
:105EB800EEE700BF10000000B55F06082658060888
:105EC80057760608B85F0608C45F0608F05F06083C
:105ED8000760060834600608F0B591B0002504464E
:105EE8001C2208AF294609A8144E1AF0EBFF1A2203
:105EF800202138461AF0E6FF2146114811F00EFF1E
:105F080007AA4FF4006130461AF041FB079A642350
:105F18002046C2F5006100974B43DB0A05934FF416
:105F28000063CDE90313CDE9013206492B46324619
:105F380014F0EDFE284611B0F0BD00BF18E20224AF
:105F4800515F04088560060870B5044688B00D46A0
:105F5800D0F89C6007A91AF026FB024628B10F4921
:105F6800284614F0D4FE08B070BD20461AF0FAFA9C
:105F7800079B64220096F11A4A43B2FBF6F2CDE978
:105F88000131074B0749002818BF03462846CDE9C9
:105F98000362224614F0BBFEE5E700BF076006086F
:105FA800B55F0608CE60060838B5134605461022C8
:105FB8000021586812F0DCFA0446FFF703FF38B9ED
:105FC80022460E49284614F0BEFE6FF0150038BD73
:105FD8000B4B1BF08FFA1B589C4204D109492846E9
:105FE80014F0B1FEF1E7204611F0FCF928462246EC
:105FF800054914F08CFE0020E9E700BF326106086D
:10600800100000004D6106087561060838B5134692
:10601800054610220021586812F0AAFA0446FFF734
:10602800D1FE38B922460E49284614F08CFE6FF08E
:10603800150038BD0B4B1BF05DFA1B589C4204D170
:106048000949284614F07FFEF1E7204611F0D0FAFE
:1060580028462246054914F05AFE0020E9E700BF09
:106068003261060810000000AC610608D26106081B
:1060780038B51346054610220021586812F078FA00
:106088000446FFF79FFE38B922460E49284614F009
:106098005AFE6FF0150038BD0B4B1BF02BFA1B583E
:1060A8009C4204D10949284614F04DFEF1E72046E8
:1060B80003F0C8F828462246054914F028FE0020B7
:1060C800E9E700BF32610608100000000662060812
:1060D8002B6206082DE9F04F87B00446DFF8C4A00C
:1060E8006846DFF8C4B010F06DF82423009F08213B
:1060F800254A03FB0077204614F0FCFD009DBD42B5
:1061080003D3002007B0BDE8F08F2B680BB11A78D5
:1061180032B92B461D4A142101A812F05FF901ABD0
:1061280052460821204614F0E5FD284619F052FE93
:10613800174B184A0821002808BF5B46204614F070
:10614800D9FD2B6AA3B11E6896B1336883B1B146F5
:106158004FF00008104A0821204614F0CBFD3368A0
:106168000E4A434506D80E4A0821204614F0C2FDBF
:106178002435C4E759F8043F0821204608F10108EE
:1061880014F0B8FDEBE700BF726206087C620608EF
:1061980063620608F86806088662060882620608CE
:1061A8006960060881620608696206082DE9F041FF
:1061B80014468846074610220021606812F0D8F974
:1061C800B8F1020F064607D82023254A0821384689
:1061D80014F090FD336816E00A220021A06812F03E
:1061E800C7F91F4AC5B2082138462B4614F082FD6C
:1061F800B8F1030F1AD1102D0CD0202DEAD0082D9C
:106208000BD13378DBB2174A0821384614F072FDF7
:10621800002009E033889BB2F5E73846124A082186
:1062280014F068FD6FF01500BDE8F0811022002120
:10623800E06812F09DF90D4A0346044608213846E5
:1062480014F058FD102D06D0202D07D0082DE4D1CC
:10625800E4B23470DCE7A4B23480D9E73460D7E71D
:10626800C0620608EB620608D5620608FC620608EA
:106278002DE9F04F002387B04FF0FF359146019389
:106288000122504B20262C46DFF854A107468846A9
:106298001A6003F0C1FA49465246404603F0E0FA54
:1062A800411C06D16A1C41D14749384614F04BFDC0
:1062B80017E073281AD0772828D0612811D1DFF881
:1062C80024B101AA1021DBF8000001F0EDF9019BCF
:1062D8000546002BDFD0DBF800203C49384614F097
:1062E80032FD6FF0150007B0BDE8F08FDFF8F4B0AD
:1062F80001AA0021DBF8000001F0D6F9019B044651
:10630800002BC8D0DBF800203149E7E7DFF8D4B02C
:1063180001AA0021DBF8000001F0C6F9019B06463E
:10632800002BB8D0DBF800202A49D7E7631C01D13D
:106338002949BAE75FFA86F8C6F3C406002C3FD0AD
:1063480002AB2946A6EB050C1A460CE0B8F1100F73
:106358001DD0B8F1200F20D0B8F1080F2AD1087845
:10636800187031443344A64203D80CEB01001028BE
:10637800ECD9102CA1462946384628BF4FF0100901
:1063880010354B46A4EB090401F060F8D6E70888FD
:1063980080B21870000A5870E3E708684FEA102EB8
:1063A800187083F801E04FEA104E000E83F802E0FF
:1063B800D870D6E7094A0821384614F09BFC90E7C4
:1063C800204690E7A40300245163060810630608DA
:1063D80023630608366306086E630608D562060856
:1063E8004A630608784A002470B50F4E04460D46E5
:1063F800337871B123B10D49BDE8704014F0A3BCE6
:10640800012333700A49204614F081FC01233370BC
:1064180004E083F001033370002BF3D129462046B2
:10642800BDE8704014F0EEBCDD590024886306080E
:10643800C363060870B504463B480378182B02D19D
:106448000B78112B31D0013A0B468D18AB4225D170
:106458008B5C0A780370A2F13003344C092B04D901
:1064680022F02003413B052B04D823683049CA5445
:10647800013323602368022B33D1102200212C48DA
:1064880012F076F82B4A136803F8010B13602A4AB6
:106498001368013313600023236022E013F8016BB3
:1064A800182ED3D11E78112ED0D1234D2046234942
:1064B8002A6814F02CFC20460021FFF795FF204B9A
:1064C800187870B91F4A2B681168042B0ADC08B1C8
:1064D80011602B6013F003010BD1126813681BBA0B
:1064E800136070BD0868043B00BA41F8040B012032
:1064F800EBE75B4203F0030358BF5942022904D17A
:10650800126813885BBA9BB2EAE70329E9D11068DD
:1065180002681104C2F3074302F47F4201F47F01C9
:106528000B4313430360DCE7DE590024C83800241A
:10653800E0590024D4380024CC380024ED63060840
:10654800DF590024D03800242DE9F84F00230C46E9
:106558002A490646DFF8BC8015460B60DFF8B8907C
:106568002749DFF8B8B088F800300B60012C2F46B7
:1065780055F804AF1ED90222494650461AF05DFD6F
:1065880080B99AF80220003A18BF012292441D49A6
:10659800022250461AF051FD30B9012388F8003024
:1065A800013CE3E70022F1E749465046FAF7C0FD0F
:1065B800A8B9043700227868114611F0D9FF0022E3
:1065C800114B11461860786811F0D2FF0F4B104933
:1065D80018603046FFF708FF0020BDE8F88F9AF8EA
:1065E80000202D2AE6D19AF80120002AE2D052464E
:1065F8005946304614F08BFBD2E700BFC838002458
:10660800CC3800240A640608D4380024D038002482
:106618003D640408DF590024076406080D64060871
:106628007FB50BAB022205930393054B029300231E
:106638001846CDE90033FDF78DFC07B05DF804FB83
:106648006F65060807B50A4819F0C4FB60B1042352
:10665800084A0749009301231268074800F05CFFC5
:10666800002003B05DF804FB6FF01200F9E700BFEB
:10667800681A0608483906088032060810B54468C2
:10668800A360C4E9001242684021134653F8404B06
:10669800516302F1380153620023C2E9041308214F
:1066A8001363C2F8B8301162C2E90A33C2E906338B
:1066B800A36823B19B6C13B1044920469847A3688B
:1066C8009B6A0BB120469847002010BDD966040884
:1066D8002DE9F047054686B00C4683685B6C03B12C
:1066E8009847AB685B6B73BB4FF0000A04F1240852
:1066F80004F12809218E4046238D626B5B1A4946B6
:106708009BB2D31A934228BF134605AA13F06FFD14
:106718000646002844D0AB6805999B69002B33D006
:10672800024628469847074688B33A4649464046AF
:106738004FF0010A13F091FDB742DBD0D4E90131E3
:106748000020984703E0284698470028CCD1AB683A
:106758005B6A002B3BD1628B04F11007E38A04F1DA
:106768001A0838469B1A226A41469BB2934228BFB0
:10677800134605AA13F03BFD064678BB284614F0DD
:1067880031F9C4F8B86035E06FF05707CDE7024635
:106798004946404613F061FDBAF1000FD7D0CDE766
:1067A80018490B6813F0060F07D0174B0222009008
:1067B800CDE901030346FFF733FFAB689B69002B64
:1067C800EAD001220DF1130128469847E4E728464C
:1067D80098470028BFD106B0BDE8F087AB68059997
:1067E8005B6963B1024628469847024641463846E7
:1067F80013F033FD0120D4E901319847EBE76FF03E
:106808005702F3E7600900246F65060800487047DF
:106818008032060810B581680446183101F0B2F9D3
:10682800A1682046024A1831BDE8104001F050B96D
:10683800B165060838B58368044603F580539B6F35
:10684800DB071FD4C06914F0D4FF606803685B6875
:106858009847054620B9E06815F03BF9A3681D750F
:10686800A3685B6C13B1294620469847A3680022A9
:106878001AF040FE03F58053C3F82021034B185843
:1068880002F0E0FC6FF00F05EAE700BF100000001F
:10689800014914F02FB900BF69600608F7B504462E
:1068A80080680D4600F580539B6F5A0705D5002177
:1068B80014F064F9E06815F0DEF8E368DB6873B992
:1068C800002D3CD0A66806F15607384614F01FF98B
:1068D800002836D0394606F65600FAF733FCA26887
:1068E8000DF106032946E068563215F0C7F858B985
:1068F800A06800F656015630FAF724FCA068563016
:1069080014F005F9ADF80600204614F06DFDA368F3
:1069180003F580535B6F9B0603D50B49606914F040
:10692800E9F8204600F028FFA268BDF806302046A6
:10693800A2F85230A268A2F8503014F0BBFC03B0A1
:10694800F0BD86F85608CAE75B3406082DE9F04F13
:10695800A7B004465422002111A81AF0B3FA002364
:106968002046CDE90533A3685633029314F043FD5E
:10697800204614F087FC10B96069FFF789FFA0680A
:1069880014220021002618304FF0FF371AF09AFA27
:10699800204614F01EFCA168E068B246B1F8502009
:1069A8000DF144085631B3463546B14615F09DF809
:1069B800204615F02CF90396DDE90532012A6DD041
:1069C800132B6ED85FBBBBF1000F0AD0204615F021
:1069D8003FF9A268142311A956320DEB030014F0F5
:1069E80077FAB9F1000F0CD099F81130FE2B08D1C5
:1069F800059B26AA02EB830252F8542C0AB10133F4
:106A08000593A068059D436A002B40F0B680CEB17F
:106A1800C3699E422DD000F118050D9624E002238B
:106A2800029A414606A814F053FAD8F804200699A9
:106A38000346029231B101290AD148B16D4A204674
:106A480014F08BFD6FF00705284627B0BDE8F08FDE
:106A5800059B002B34D0D8F8000001F0B3F898B1AA
:106A680066B1A5680D9618350CAE0FCE0FC5336804
:106A78002B6020460125FFF7CDFEE5E75E4A0121A0
:106A8800204614F06AFDDDE7059BCBB1D8F800205D
:106A98002946204601F040FA022809D1059B132B0C
:106AA80091D9069B022B8ED1544B0121544AC6E73B
:106AB800032805D0059B4FF0010B013305937BE7B5
:106AC800039B33B907AAD8F80010484614F0F7FA20
:106AD800054608F10408013F9DB3EB68BBF1000FC0
:106AE80008D0F3B1204614F086FC204614F0E2FBEF
:106AF800444AC4E7ABB1A368AE46DDF814A003F17D
:106B0800180CBEE80F00ACE80F00DEF80030CCF837
:106B18000030AB682BB96B7CFE2B04BF2F7C07F1D0
:106B2800FF37D5F804C0BCF1000F08D0AE460CAE54
:106B3800BEE80F000FC6DEF8003033606646A9468F
:106B480003E0059B53B101230393069B17B9022B5E
:106B58007FF432AF059B013305932DE7A368DB6A09
:106B680013B1DB68002BEED1274B0121274A2046C1
:106B78000093119B14F0F1FCE5E790F82830A5EBA1
:106B88000A05BBB190F829104FF6FF72FF2918BF0C
:106B98000A469D4202D313449D420BD983690121C1
:106BA8001B4A204614F0D9FC20466FF01505FFF764
:106BB80031FE49E7012141F20C1613F0D3FFA0681A
:106BC800304413F0F6FFA36811AA29465B6A2046F1
:106BD80002EB8A0298470546A0684FF0FF324FF053
:106BE800FF33304413F084FF0021A06813F0BAFF8C
:106BF8002AE700BFBF650608D3650608346606089D
:106C08001C5F0608F165060820660608256906085F
:106C18005866060810B50222836804461A75836808
:106C28009B6CCBB913F03BFF836803F580539B6FD4
:106C3800DB040CD50321094B094A14F08EFCA0682B
:106C48006FF4805100F58350183013F042FF20464E
:106C5800BDE8104000F01EBF10BD00BF73660608F7
:106C6800836206082DE9F04F04468068B1B001211F
:106C780000F58350183013F01DFFA3681B7D022B0D
:106C880020D100230993A36860689E6C03681D697E
:106C980009AB16B310221BA9A847099B93B1012180
:106CA800A06813F05FFF099A1BA92046B04700218E
:106CB800A06813F057FFA3689B6C002BE3D1204614
:106CC800FFF7A8FFA0686FF0010100F583501830A6
:106CD80031B0BDE8F04F13F0FCBE01220DF12301E5
:106CE800A847099B002BEDD09DF923209DF8233060
:106CF800002AA068C7DB427D032A00F20283DFE88E
:106D080012F004007F02970200030D2B00F5805259
:106D180066D00A2B44D0B2F87810092B6FF3CA0159
:106D2800A2F8781071D02AD8002B00F00681082B21
:106D3800A06800F0ED81024602F58050426F92078C
:106D480040F1FB80013B162B00F2F780DFE813F0DF
:106D5800C00200020402FC01BA021602F500F500A6
:106D6800F500F5001A021E02F5003302F50038029C
:106D7800F500F500F500F5003A02F50050021B2B6E
:106D8800A0683FD07F2B00F0D081A3F120010246FC
:106D98005E29D1D8012113F0F1FE9DF82310BAE045
:106DA800916FC1F3C70121B1916FC1F3C7010A29DE
:106DB800C1D1B2F8781063F3CA01A2F87810A568B7
:106DC800B5F85010B1B9284613F0D8FEE06814F0B1
:106DD80052FE6069FFF75CFD2046FFF71BFF52E794
:106DE800916FC1F3C7010029E3D0916FC1F3C701C7
:106DF8000D29DDE705F580552046FFF7A7FDC5F805
:106E08002401E9E70123437597E0A06800F5805362
:106E18005B6F9B0740F19180012113F0AFFEA068E2
:106E280040F2FF73B0F850209A4200F08680B0F824
:106E3800522000F1560100F6560000251AF01AF803
:106E4800A3681BA90BA8B3F85220134483F856581B
:106E58001423A26802F6560214F03AF80B99142982
:106E68006BD830AB03EB810343F8545CA368B3F8E9
:106E78005220002A53D0134493F85530202B02D0C7
:106E8800093B042B4BD800294CD100250A9530AA80
:106E98000A9B002602EB8303B346B04653F854AC72
:106EA8003746504613F033FE814616AA394628461F
:106EB80000F0C0FB0346002843D1012E69D130AA57
:106EC8000A9B02EB830353F8540C13F020FEA268CC
:106ED800064641461832284600F0ACFB05682846AD
:106EE80013F015FE864205D0821BA919204692B2DE
:106EF80014F07CFBA068B0F85230034493F8563085
:106F0800202B35D0093B042B32D900F580535B6F19
:106F1800DF0732D42021204600F082FD0DE0012950
:106F2800B3D9013900200CAB1BAA00930AAB01901E
:106F380014F0F1F805460028A9D1606913F068FF3C
:106F4800A1E61B684A465146184603931AF075F89D
:106F580060B9039B1846FAF7FDF8584538BF5846FC
:106F6800002E08BFB84601361FFA80FB01379CE7A0
:106F78000121204614F0D2F9DFE7002113F009FEC1
:106F88002021204600F04CFD0121A06813F001FEED
:106F9800D3E70490D1D930AB0A9AC14603EB8202F9
:106FA80052F8543C1846039313F0B1FD049BA268B1
:106FB8000590A2F840300496A2684946284609F18F
:106FC8000109183200F036FB039BD0F800A04BB142
:106FD800BAF1000F06D0059A194650461AF02DF856
:106FE8000028E9D1A168BAF1000F4FD1A1F840A05B
:106FF800049B013B0493DFD1606908F1010AFFF7A4
:1070080047FC204600F046FD30AA0A9B02EB8303AA
:1070180053F8540C13F07BFD414611AA81462846CB
:1070280000F008FB0746A06840F2FF72396800F6D6
:1070380056001AF014F83B684FF6FF770393B846EA
:1070480016AA514628460AF1010B00F0F3FA002867
:1070580052D0A1680022036801F6550111F801EF2A
:10706800985C704503D110B101324245F6D1B9F1AF
:10707800000F01D04A4507DBBA4206F1FF36A8BF28
:107088003A46012E97B237D0DA46D9E79E4806919C
:1070980013F03DFD069900EB0B074A8FBFB207912D
:1070A800121A504692FBF7F292B2069213F02FFD95
:1070B80007993F1A069AB1F84000BFB200F1010CD7
:1070C800A1F840C0B0FBF2F102FB110080B260B938
:1070D8008D4B06218D4A2046CDF800A014F03DFACC
:1070E8003946204600F032FB82E75346884A06219B
:1070F800204614F032FAF3E7002F3FF41EAFA7EB57
:1071080009020399204692B2494414F06FFA14E731
:1071180000F580535B6F9E077FF50FAF012113F0D9
:107128002DFD204614F083FA07E700F580535B6FC6
:107138009D077FF502AF012113F020FDA36803F539
:1071480080535B6F1907ECD4204614F051FAF4E62B
:10715800204614F059F9F0E6204614F04CF9204680
:1071680014F090F810B96069FFF792FBA06801214C
:1071780013F004FD2046FFF74DFDDEE6204614F02F
:107188004CF9DAE6204614F053F9D6E6436F9F0629
:1071980003D56049606913F0ADFCA36803F580531B
:1071A8005B6F9E0603D55C49606913F0A3FC20461B
:1071B80000F070FCC1E600212046FFF76FFBBCE63B
:1071C8000121F9E7204614F00FF9204613F067FC77
:1071D8000121A06813F0D2FCA36803F580535B6F0C
:1071E8009D067FF5AAAE4D49606913F083FCA4E6BD
:1071F800204600F03FFB0121A06813F0BFFC9CE68D
:107208005B2B01D10223FEE500F58050426F900709
:1072180006D5622B08D14FF0FF31204614F0A6F8AE
:10722800A36800225A7588E6662BF9D10121F4E794
:1072380000224275A26802F58051496F89077FF5DF
:1072480022AD313B1B2B3FF678AE01A151F823F05C
:10725800D5720408E1720408F7720408C9720408B8
:10726800436F0408436F0408436F0408436F04081E
:10727800436F0408436F0408436F0408436F04080E
:10728800436F0408436F0408436F0408436F0408FE
:10729800C9710408BF71040885710408597104088C
:1072A800436F0408CD720408436F0408D9720408B8
:1072B800436F0408436F0408436F0408E572040829
:1072C80003235375204614F096F836E603235375C6
:1072D800204614F089F830E603235375A06800F5BA
:1072E8008053596F01F0010181F001014EE603233B
:1072F8005375A36803F580535B6F9B077FF51DAE3D
:1073080022E700237FE500BF25580608B766060870
:107318008362060860340608653406085B3406088C
:107328002DE9F84304468068154600F58350183067
:10733800002938D04FF4804113F0BCFBA36800212A
:10734800DD64606803689B689847002852D120462E
:1073580013F050FC00284DD1274E284FDFF8A480A9
:10736800A06800F585501C304FF0FF324FF0FF3316
:10737800032141F20C1910F029FF0546A068BDB1A0
:107388004FF4FA720023484413F0B2FB90BB204636
:107398002B461B4A012114F0E0F8A0684844BDE8D8
:1073A800F84313F006BC6FF4804113F092FBC5E775
:1073B8004FF0FF334FF0FF32484413F099FB324649
:1073C8000221204613F0F7FB3A462946204613F0DF
:1073D800F2FB20464246012113F0EDFB606803688A
:1073E8005B6903B19847A06800F588500C3013F02A
:1073F800E0FBB5E7BDE8F8833D6804086D6C040858
:10740800BD66060823AB050810B504460A4913F003
:107418007EFC0A49204613F07AFC2046084913F0FE
:1074280076FC2046074913F072FC2046064A0021E4
:1074380000F04EFB002010BDD4660608126706084F
:1074480071670608C56706085F680608F8B51E462E
:1074580017460A462949044613F059FC3EB301254C
:107468003A782749204613F052FC6A0703D1254988
:10747800204613F04CFCAE421ED97A5D20462049C6
:1074880013F045FC0135102DEFD11F49204613F0AC
:107498003EFCB6B901251B49204613F038FCAE4224
:1074A8002B4610D81749204613F031FC15E001256A
:1074B8001649204613F02BFC1449204613F027FCEC
:1074C800E0E700252B46FA5C20461149A2F120038B
:1074D8005F2B28BF2E2213F01AFC0135102D06D081
:1074E8006B07DCD10749204613F011FCD7E720468B
:1074F8000849BDE8F84013F00ABC00BF75680608E3
:107508001E5806082658060828580608245806084B
:10751800996806089F9206082DE9F0470446806896
:107528009846894600F5805388B01546D3F820114F
:10753800002964D141F2281219F0C4FCE06814F063
:107548004CFBA06800F588500C3041F2BC0741F2B2
:107558007C0618F010FEBA46A068304419F05AFCB0
:10756800A06800220121831910363844143719F015
:1075780023FC5645F0D1A369002602211E6066F35C
:107588008205A06800F58350183013F093FAA368B9
:10759800502220465A871822A3681A87216813F0B8
:1075A800E0FBA368174A494603F580535D676068A6
:1075B80003681D682346A8470546E0B9A368012269
:1075C8001A75D4E90A010022002304950094CDE934
:1075D80006230E234FF400420393109BCDE9018349
:1075E800094B0FF0F5FDA36803F58053C3F820019C
:1075F800616A0FF031FD284608B0BDE8F0876FF0EA
:107608007705F8E755AB05082973040810B5044653
:1076180013460A460146064802F040F823691B79DA
:1076280023B12046BDE8104013F0F2BB10BD00BFE7
:1076380031AE050838B50B46154648B91449154A00
:10764800521AB3EB920F05D251F82350284638BD91
:1076580084680CB90025F9E70F4A94420AD30F4A07
:10766800944207D218462268294690472B68002B77
:10767800ECD1EFE70A4A944202D30A4A944205D36E
:10768800246814225343E518E358F0E70133F8E778
:10769800B0320608E03206080C340608143406082E
:1076A800E03206080C340608F7B503780446164697
:1076B8002D2B05D16FF015030020336003B0F0BD0A
:1076C80000230C4F19F016FF0546C3510A46204601
:1076D80001A910F04DFFEB59222B02D16FF02103C5
:1076E800EAE7002BE6D1019BA342E3D01B78002BED
:1076F800E4D0DFE714000000836803F580535B6F74
:107708009B0603D50249406913F09DBD704700BF31
:107718006B340608014913F096BD00BF696006087E
:107728000A1E0EDC0FD04223816801F58051496F93
:10773800890608D5002A04494069B8BF524213F0A7
:1077480082BD4123F0E77047956806080A1E0EDCE3
:107758000FD04423816801F58051496F890608D507
:10776800002A04494069B8BF524213F06CBD432354
:10777800F0E77047956806082DE9F04785680446E4
:10778800DFF8689005F15600F9F7E4FC002386B2AB
:1077980095F83C709846A268558FED1BB54209DBF9
:1077A800002E1FDD563360690F491A44BDE8F047C3
:1077B80013F049BD1D44563349462A4492F856A051
:1077C80082F85680A26860691A4413F03CFDA368E9
:1077D8002B4483F856A0A3685B8FDB1B0027F61A9F
:1077E8002B46D8E7BDE8F087836206081C5F0608C9
:1077F80008290A4618D8836893F83E10914213D096
:1078080083F83E20082A836803F580535B6F05D010
:10781800990609D50549406913F015BD9B0603D59E
:107828000349406913F00FBD704700BF9C68060804
:107838007034060838B50D4609780446FFF7D8FFB6
:107848006A78072A12D8A36893F83F1091420DD09E
:1078580083F83F20A36803F580535B6F9B0605D52B
:1078680060690349BDE8384013F0EDBC38BD00BF7E
:10787800A5680608F8B583680446B3F85020002ABE
:1078880057D0B3F85210002953D0553103F156059B
:107898000B441846A84206D3014611F80169202E68
:1078A8003ED0A8423ED286B2471C9DB2AB1B9BB2CB
:1078B800591CD21A0144384619F0EAFAA268711B19
:1078C8002046B2F8503013FA81F309B2A2F85030CA
:1078D800A368B3F850201344002283F8562013F00D
:1078E8001DFDA36803F580535B6F9A0603D5114904
:1078F800606913F0A8FC3B460F4A0821204613F0A4
:107908002CFE2046FFF7F8FEA36803F580535B6F53
:107918009B060ED560690949BDE8F84013F093BC91
:107928000846B7E7014611F80169202EBBD0084682
:10793800B7E7F8BD75340608836206087934060887
:107948002DE9F84F04460F4690460AB1FFF7D4FEDA
:10795800A66806F58053B6F852505B6F5B0724D5CE
:1079680005F1560030442B4EF9F7F4FB0546B5B93E
:10797800A368B3F85020A3F85220A06813F070FC55
:1079880030B1B8F1000F00D017B16069FFF7C2FE3F
:107998007942204609B2BDE8F84F13F0BFBC314622
:1079A8006069013D13F04FFCE1E73046AA46F9F75C
:1079B800D1FBB6F85090738F19FA80F915FA80F058
:1079C800B0FBF3F2B9FBF3F39A421BD0124D4845D2
:1079D800A368CDDA5A8F461CB0FBF2F302FB1303FF
:1079E80013B96069FFF796FEA3680AF1010B2046F8
:1079F8002A4653440821DA4693F8563013F0ADFD71
:107A08003046E4E75635054A08212046731913F035
:107A1800A4FDADE75776060899680608836206084C
:107A280013B5836804468DF8071003F58052526F2A
:107A3800D00725D5B3F85210B3F850208A421FD08A
:107A4800481C9DF80720A3F852000B4483F85620E1
:107A5800A36803F58053596F89070FD55B6F606979
:107A680013F0040F0A4918BF2A2213F0ECFB204632
:107A780013F008FC10B16069FFF74CFE02B010BDAE
:107A880001220DF10701204613F074FDF6E700BF4F
:107A98009968060810B504468368094A022113F05C
:107AA8005CFDA36803F580535B6F9B0707D52046F1
:107AB800FFF762FE2046BDE8104013F00ABC10BD77
:107AC80083620608014913F09DBE00BF696006087D
:107AD8002DE9F04F0E46002189B0044617460D46A1
:107AE80003AA304601F10108FFF7A4FDB0B995B12A
:107AF80027B13A460821204613F02FFD00211E4FDA
:107B0800DFF87890DFF878A003AA304601F1010881
:107B1800FFF790FD60B909B0BDE8F08F006810B1BB
:107B2800F9F718FB80B28542414638BF0546D7E7CA
:107B380003688BB11A787AB1D0F804B04A460821A4
:107B48002046CDE900533B4613F007FDBBF1000F7B
:107B580004D16069FFF7B6FF4146D5E75246204693
:107B68003B46082113F0F9FCAA1D5946204692B25B
:107B780013F055FEF0E700BFC3680608AE680608B4
:107B880019580608F7B50F6805460E46A7B13846D6
:107B9800F9F7E0FA84B2094B2846094A082100930C
:107BA8003B4613F0DAFCE21C7168284692B203B037
:107BB800BDE8F04013F033BE3C46ECE7BF6806086A
:107BC800B866060810B507490446F9F7B1FA38B19E
:107BD80005492046F9F7ACFAB0FA80F0400910BD23
:107BE8000120FCE7B5680608B868060810B5836880
:107BF800044603F580535B6F9B0603D5054940692E
:107C080013F084FEA368502200205A871822A36824
:107C18001A8710BD7D34060808B5836902491A68B9
:107C280013F075F8002008BDC66806082DE9F34171
:107C38000E4905460E4C13F06AF80E4E0022DFF886
:107C48003880B44202F1010703D3002002B0BDE836
:107C5800F081636A92B2414628460093303454F862
:107C6800283C13F054F83A46EBE700BFD6680608FC
:107C780080320608B0320608EE680608024908B5E0
:107C880013F06FF8002008BDA09F060873B50446DE
:107C980000250D4EA2680DF106030121E06802F6E9
:107CA800560213F0EBFEBDF80600A36840B12A4661
:107CB80003F6560331462046013513F028F8E9E764
:107CC80083F8560802B070BDFF68060810B5044670
:107CD80013F08EF803490246204613F018F80020E6
:107CE80010BD00BF03640608022907B50BD153680D
:107CF8000C4900930C4B126813F025F86FF015002F
:107D080003B05DF804FB8368084A03F5805308490B
:107D18005B6F13F0020F074B18BF1A4612F0F7FFFC
:107D28000020EDE7226906080D69060809690608BA
:107D38002B690608FE91060810B58368044603F50A
:107D480080535B6F9A0603D50749406913F0DEFD3F
:107D5800A36803F580535B6F9B0603D503496069ED
:107D680013F0D4FD002010BD8434060889340608B9
:107D78000129F0B5044685B00AD0536860490093DC
:107D8800604B126812F0DFFF6FF0150005B0F0BD10
:107D9800836803F580535B6F990603D55A49406998
:107DA80013F0B4FD6FF0F9012046FFF7B9FCFA2192
:107DB80020460025FFF7CAFCA0684FF40062294658
:107DC80000F656008DF80B504FF47A7619F07AF8D1
:107DD8004E49606913F09AFD606913F019F86068FC
:107DE80001220DF10B0103681F6903ABB847039B20
:107DF800F3B9013E4FF47A7017F0DCFFB6B2002EEB
:107E0800EDD1A36803F580535B6F9B0603D540490A
:107E1800606913F07BFDA368502220463D495A87CC
:107E28001822A3681A8712F080FF6FF00700ADE7E9
:107E38009DF80B20A3681B2A55D093F856181B29C8
:107E4800CDD1522A4FD15A19002382F85638A66844
:107E580096F857285B2A2DD106F65700022510F808
:107E6800011F2A4601353B29ADB226D140F2FF71E8
:107E78008A42C6D002F6560216FA82F1002211F89A
:107E8800010F20BBFA2A86F85608A16828BFFA22F3
:107E9800FA2B4A8728BFFA23A2681387A36803F539
:107EA80080535B6F9A0603D51949606913F02EFD5C
:107EB80000206BE786F85638A3E703EB83033039D5
:107EC800B5F5006F01EB43018BB2C8D199E70135D5
:107ED80002EB82023038ADB200EB4200B5F5006F1C
:107EE80082B2CCD18DE72B440135ADB283F8562848
:107EF800092D7FF674AFA368002283F8562880E71F
:107F0800226906080D6906088F340608766906088E
:107F1800933406083C6906082DE9F04F074689B0F6
:107F28001546894621B1104613F05DFE00285CD144
:107F3800032456E05C463CE029460AF6560019F050
:107F4800C0F80646002855D0F9F704F9314682B240
:107F5800601C08F101080132304418F099FF2246EC
:107F68005946304618F086FF4FF020033355BAF8CB
:107F7800543001331C44AAF85440002401994B1C86
:107F880003AA48460193FFF755FB0646F0B10022C5
:107F98003168284614F0FDF80028EFD1D6F800B073
:107FA800D7F808A0BBF1000FC4D05846F9F7D2F8AB
:107FB80084B2BAF854302344B3F5006FBCDB012413
:107FC8002B460D4A0321384613F0C7FAB8F1000FC3
:107FD80007D0B8682A4600F1540100F6560013F09D
:107FE80047F8204609B0BDE8F08F4FF0000802249A
:107FF8004146C4E70224E9E7246E06082DE9F04764
:10800800D0F808908CB01D468046D9F80C300F4641
:10801800164698470368202B11D924490B685C073A
:1080280008D0234B0293002301221846CDE90033E0
:1080380013F01EFE6FF015000CB0BDE8F087002E9F
:1080480005DA1A490B685807F4D01A4BEAE746EAEA
:1080580005045A1E14400ED014490A685207E9D084
:1080680003930122144B029300231846CDE90033F1
:1080780013F0FEFDDEE72022394604A818F022FF9F
:108088002046AC42D8D2A5EB040AD9F8047004AA59
:108098003119BAF1200F404628BF4FF0200A534645
:1080A800B8470028C8DB5444EBE700BF1009002498
:1080B800766E06089C6E0608B96E06082DE9FF4123
:1080C800936A046913F00103456804F1240C11D183
:1080D80052490A68500707D0514A18460093CDE91B
:1080E8000132012213F0C6FE6FF08508404604B045
:1080F800BDE8F0810023616200264FF4006EA362A0
:108108004FF40078936A990756BF83F0040302235B
:10811800C3F3800323635368636340F6FF73C4E9C2
:108128000E63D4E9277310697843B0FBF3F0E06479
:10813800D0687843B0FBF3F02065116950680844B3
:10814800D168084491680844614678434FF4005761
:10815800B0FBF3F060652046136AA365D369E36555
:108168009369236653696366936AC3F3C023DB0389
:10817800A3664FF48053C4E91D734FF48063C4E9C8
:108188001FE34FF48073C4E921830CF01FFB0746FB
:1081980080B122490B68580709D0224B012230468A
:1081A80003970096CDE90163334613F063FEC7F1E8
:1081B80000089BE7204616F040FB0646804680B143
:1081C80016490B685A0709D0174B01220390384605
:1081D8000097CDE901733B4613F04CFEC6F1000849
:1081E80084E72A6B002A81DB0146204616F03DFC15
:1081F800044600283FF47AAF08490B685B0709D0AA
:108208000A4B0122039030460096CDE901633346BC
:1082180013F030FEC4F1000868E700BF0809002425
:10822800EB6E06080E6F0608306F06084C6F0608DE
:108238007FB5144612780D460069152A3CD018D827
:10824800062A1CD00CD8032A0CD0052A34D02E4973
:108258000B6858074DD16FF08503184604B070BD00
:10826800132AF4D1A668E168012E0B7837D1497832
:1082780027E0292A38D0392A29D0232AF1E7656945
:1082880002952379CDE900232A46236916F06EFB6F
:1082980023690028E1D01C490B685B0709D01B4BF8
:1082A80001220390029300231846CDE9003313F00E
:1082B800E1FD6FF00403D0E7A168237909B1E16813
:1082C80009780091294616F0DFFAA368E1E7E36828
:1082D800019323790093A36816F0E7FAF5E78CBFBA
:1082E800B1F801100021ECE7E3685D1C01951B78EB
:1082F800F0E7074B03920122029300231846CDE9C9
:10830800003313F0B7FDA6E708090024936F0608A9
:10831800756F0608F0B54668054687B0306817F0EF
:1083280059FD034678B999490A68560706D0984A0C
:108338000090CDE90102012213F09CFD6FF01204B8
:10834800204607B0F0BD314651F80C0B83681B6816
:108358008BB19847041E11DA8C490B685D07EFD082
:108368008C4B03940293002301221846CDE9003375
:1083780013F080FDE4E76FF05704EDE7D6E901015B
:108388008368DB6803B198476E682D69736A012BAF
:1083980012D0022B36D07D490A68540709D00393BE
:1083A80001227D4B029300231846CDE9003313F0D8
:1083B80061FD6FF0850437E000233146EB6005F17D
:1083C800A00251F81C0B8368DB68EBB198470446A0
:1083D800E0B9D5F8A0304FF47A723146B3FBF2F326
:1083E800C5F8A03051F8140B8368DB681BB305AAE5
:1083F8009847044610B365490B685A0714D0674B71
:10840800039409E00123D8E76FF057045F490B682C
:10841800580709D0624B039402930023012218469F
:10842800CDE9003313F026FD58490B685B0787D068
:108438005C4B039496E76FF05704DCE7D5F894207B
:10844800059B5949A860B3FBF2F3D5F89020534334
:10845800D5F8982023F00043D3404FF4FA52B3FBE9
:10846800F2F28B42C5F89C2031D9022344F62060F1
:108478000133092B0ED145490B6813F0060F0FD0B5
:108488004A4B0222029300231846CDE9003313F029
:10849800F1FC05E0B2FBF3F484421946E8D8A96080
:1084A80005F1900128460CF08BF8074688B137494A
:1084B8000B685B0709D03E4B03900293002301220F
:1084C8001846CDE9003313F0D5FC7C42ACE7022115
:1084D800E5E7E96979B128460CF0AAFA044650B1F3
:1084E8002A490B685E071BD0324B03900097CDE9F1
:1084F80001733B4610E0296AA1B1284616F05AF9E3
:10850800044678B121490B685D0709D02A4B0390CE
:1085180002930023CDE900330122184613F0AAFC88
:10852800644281E70421284616F030F9074630B145
:1085380016490B685C07C8D0204B0390BDE7F16A69
:1085480059B1284616F0AEFA044630B10F490B6807
:108558005807E5D01A4B0394C8E72846B16A16F0C5
:10856800A5F80546044600283FF4EAAE07490B681B
:108578005A0709D0134B012203900293002318468F
:10858800CDE9003313F076FC6C424DE7080900246E
:10859800A96F0608C86F0608F16F06083670060846
:1085A80019700608367106087F0E131351700608F5
:1085B8006F70060885700608A8700608C970060856
:1085C800ED700608117106082DE9F04F80468DB050
:1085D8000C4600297CD04C4E3368580732D08B6843
:1085E80000250122059328464B6804930B68314601
:1085F8000393464BCDE9005502932B4613F049FCF3
:10860800336859071ED0636901223146284605930D
:1086180023690493E368009503933D4BCDE9015327
:108628002B4613F036FC33685A070BD0E369012256
:10863800314628460393374B0095CDE901532B4625
:1086480013F027FC00252746DFF8D8A0A946DFF855
:10865800B8B033685B0718D0FB6A012259460A9301
:10866800EB1C0993BB6A0893AB1C07937B6A0693C0
:108678006B1C05933B6ACDF80090CDE903530023AA
:10868800CDE9019A184613F004FC04351037102D73
:10869800DFD1336858071BD0236E00251A49012201
:1086A800039328461C4BCDE9005502932B4613F043
:1086B800F0FB336859070BD0A369012212492846F9
:1086C8000393164B0095CDE901532B4613F0E1FBBC
:1086D800B8F1010F10D1EFF305830B490A6852076F
:1086E8000AD0103B424603930D4B029300231846D1
:1086F800CDE9003313F0CDFB214640460DB0BDE86F
:10870800F04F0DF0D5BD00BF540900249271060842
:10871800C1710608F071060842720608517206080F
:108728007F720608FF71060808B5034B1B68984757
:10873800BDE8084000F014BA6403002430BFFFF716
:10874800FDBF00BF2DE9F0410B4E0546DFF8308034
:10875800324606EB0807CC1B0849204618F08AFB6E
:10876800A019083C4246002118F0ACFB07F10800AC
:10877800C5F8A840BDE8F0810800000018340608D4
:10878800080000002DE9F04F9B468FB053689146D2
:108798008246884606934B69DBF81C20079313F042
:1087A80072FD0AAB04464A4641465046D9F8005085
:1087B80013F0BDFD0AAB074680B1B9490B685E07E7
:1087C80008D0B84B0122029300231846CDE90033A4
:1087D80013F073FB38460FB0BDE8F08F9DF83420D6
:1087E80002F00F02032A01BFBDF836202820D8F86E
:1087F800B41042430CBFD8F83060D8F82C6050460B
:1088080008BF8A58414618BF0A9A00934B46164437
:1088180009AACDE9016B02F08DF9074670B1A049AC
:108828000B685D07D6D0A04B012203960293002364
:108838001846CDE9003313F040FBCBE79DF818004C
:108848006219322800F2778101A353F820F000BFA3
:10885800DD8704082D89040825890408AF890408E0
:108868003F8B04083F8B04083F8B04083F8B0408A8
:108878003F8B04083F8B0408F38904083F8B0408E6
:108888003F8B04083F8B04083F8B04083F8B040888
:108898003F8B04083F8B04083F8B04083F8B040878
:1088A8003F8B04083B8B04083B8B0408318B04087E
:1088B8003F8B04083F8B04083F8B04083F8B040858
:1088C8002D8904082D890408F38904083F8B0408BE
:1088D8003F8B04083F8B04083F8B04083F8B040838
:1088E8003F8B04083F8B0408258904083F8B040844
:1088F800598904083F8B04086B890408B789040860
:10890800B7890408B7890408B7890408C58A040820
:10891800C58A0408C58A0408C58A04086359099ADF
:1089280013441CE0DDF824C06FF07C4E6159ACEBB9
:108938000203080203EBA01303F10070013870452D
:1089480080F08680C3F3970301F07F410B4306E074
:108958006259564B134043F0D07343F4704363514C
:1089680038E709986159A0EB020C41F31E036344F0
:1089780013F1804F12D54A490B685C070BD005905C
:108988004B4B02930023CDE9036218460122CDE93F
:10899800003313F092FA6FF007071BE723F0004348
:1089A80001F00041D2E7099B9A1A6359B8E7615967
:1089B8000B09C1F30B0603F470433343099E06FA0F
:1089C80083F3A0F12D06012E0CD92C2808BF1B1407
:1089D800384A0A40C3F30B011B010A4303F470230E
:1089E8001343BCE79B1A2E28F0E7605B40F6FE783D
:1089F80051884FEA902EDDF824C008EA41084FEA72
:108A08000E6303F0807343EA0803DFF8AC8008EADA
:108A1800003843EA08038EEA51388EEAD12E6FEA0D
:108A280008086FEA0E0E08F001080EF0010E43EA7E
:108A3800C8536FF07E4843EA8E53ACEB020E43F303
:108A48001803734403F1FF1E0EF57F4EC64506D387
:108A580013490B6858079ED0CDF814C090E7C3F3AC
:108A6800093C00F47840C3F3006601F450414CEA35
:108A7800000040EA86206053C3F34A00014383F4B0
:108A8800000083F48003C0F3C050C3F380537040E8
:108A9800734041EA403141EAC32353809AE600BF5C
:108AA8000C09002492720608B57206080F0000F03F
:108AB800CF72060800F0E0FF00F03F0034F805C070
:108AC80051884FEA0C334FEA4C069BB206F4006615
:108AD8003343967833430E0906F4E0663343099E20
:108AE80006FA83F3A0F13106012E1AD9302808BFFF
:108AF8001B142CF4816C01F40F415E08C3F303309E
:108B08002CF0070C06F48066304340EA0C0CD8B20F
:108B18001B01014324F805C003F4E04319435180C5
:108B280058E69B1A3228E2E76359079A1A44134613
:108B380015E7099B13E708490B685B073FF42BAF60
:108B4800064B01220390029300231846CDE9003317
:108B580013F0B3F91FE700BF0C090024FF720608E1
:108B6800054B9A699B689A4204D0044A536843F0BB
:108B780080535360704700BF8859002400ED00E01F
:108B88007FB54D4C06460D462368580709D04B4B18
:108B980001222146029300231846CDE9003313F041
:108BA8009CF9474B9B6AD90640F1838023685A0792
:108BB80009D0444B01224049029300231846CDE9CD
:108BC800003313F08AF911203D4B9B6A1B070DD522
:108BD8002368590709D03C4B0122374902930023E7
:108BE8001846CDE9003313F078F91220344B9B6A0C
:108BF8009A0726D523685B0709D0344B01222E49F2
:108C0800029300231846CDE9003313F066F92C4B84
:108C18005A6B9B6A180613D5236859070AD02C4B40
:108C2800039201220293002323491846CDE9003319
:108C380013F053F926B1224A936A23F08003936212
:108C480013201F4B9B6ADA070DD523685B0709D0F1
:108C5800204B01221849029300231846CDE900331E
:108C680013F03BF91420164B9B6A9E060DD523681A
:108C7800580709D0184B01220F49029300231846C0
:108C8800CDE9003313F029F915200D4B9A6AD10666
:108C980000D49A6A9A6A920603D55A6A22F4005254
:108CA8005A629A6A42F0FF029A6200232B7004B05B
:108CB80070BD102088E700BF540900241B73060804
:108CC80000ED00E031730608647306087773060840
:108CD8008F730608A5730608C47306087FB5504C41
:108CE80006460D462368580709D04E4B01222146F7
:108CF800029300231846CDE9003313F0EEF84A4BEF
:108D08009B6AD90478D523685A0709D0474B0122B2
:108D18004349029300231846CDE9003313F0DDF8E8
:108D28001720414B9B6A1B050DD52368590709D0AD
:108D38003F4B01223A49029300231846CDE90033FC
:108D480013F0CBF81820384B9B6A9A0526D5236870
:108D58005B0709D0374B012231490293002318469B
:108D6800CDE9003313F0B9F82F4B9A6B9B6A1804BE
:108D780013D5236859070AD02F4B03920122029377
:108D8800002327491846CDE9003313F0A6F826B189
:108D9800254A936A23F4004393621920224B9B6A65
:108DA8005B050DD523685E0709D0244B01221C49B9
:108DB800029300231846CDE9003313F08EF81A20E9
:108DC800194A936A13F4807318D02368580709D096
:108DD8001B4B01221249029300231846CDE90033A8
:108DE80013F07BF81B20104A936A43F47F43936285
:108DF80000232B7004B070BD162092E7926A91048C
:108E0800F1D52268520708D00E4A18460449009343
:108E1800CDE90132012213F060F81C20E3E700BF1E
:108E280054090024F373060800ED00E009740608ED
:108E3800647306081A74060833740608487406082A
:108E480063740608C47306081FB5424C23685A07A2
:108E580009D0414B01222146029300231846CDE94F
:108E6800003313F03AF83D4B9B6A9B0170D5236899
:108E7800580709D03A4B0122364902930023184675
:108E8800CDE9003313F029F81E20344B9B6AD90131
:108E98000DD523685A0709D0324B01222D49029378
:108EA80000231846CDE9003313F017F81F202B4B89
:108EB8009B6A1B030DD52368580709D02A4B01224A
:108EC8002449029300231846CDE9003313F005F82E
:108ED8002120224B9B6A59030DD523685A0709D0D4
:108EE800224B01221B49029300231846CDE9003387
:108EF80012F0F3FF2220194B9B6A9B030DD52368C0
:108F0800590709D01A4B0122124902930023184627
:108F1800CDE9003312F0E1FF2320104B9B6ADA03FE
:108F28000DD523685B0709D0124B0122094902932A
:108F380000231846CDE9003312F0CFFF2420074A5A
:108F4800936A6FEA03436FEA1343936204B010BD58
:108F58001D209AE7540900247B74060800ED00E000
:108F680093740608A6740608C0740608DE7406081A
:108F7800037506081D750608814BF0B55F68A3B038
:108F880006460023C7F3080483F31188BFF36F8FE5
:108F980002F07F40B0F17F4F0FD102F00C0008289B
:108FA8001BD178490A68500707D0774A18460093BA
:108FB800CDE90132012212F090FF00252E46002350
:108FC8008DF81F30E31E092B00F2BC80DFE803F0A8
:108FD8000BA6AAA2BABABABABAAE120746BF0E46CA
:108FE8001D460125EBE7674C23685F0709D0674BEF
:108FF80001222146029300231846CDE9003312F0DE
:109008006CFF00215E488DF81F10C36A13F002033D
:109018000ED02368580709D05D4B0091CDE90113A4
:109028000B4601225749184612F057FF00244AE020
:10903800C26A002A07DA22685207F7D0554A009315
:10904800CDE90132EDE7C26A5700EFD52268500733
:1090580008D0514A18464B490093CDE90132012204
:1090680012F03BFF464BB1695A6942F480725A616B
:10907800BFF34F8FBFF36F8F5A6931F8021C22F488
:1090880080725A61BFF34F8FBFF36F8F4DF6027234
:10909800914208D09A6AD2B272B30DF11F01012031
:1090A800FFF76EFD38E0236859070BD033680122BB
:1090B80034490393394B029300231846CDE9003312
:1090C80012F00BFF34689DF81F309BB968223146B7
:1090D80008A817F0CFFE0F9B002D4CD0C3F3080251
:1090E80022B96FEA53236FEA43230F9308A9204656
:1090F800FFF76AFA23B0F0BD9A6A12F47F4F05D0E1
:109108000DF11F010120FFF7E9FD05E09B6AB3F5AA
:10911800803F8BD3FFF798FE0446D4E70DF11F017B
:109128000020BDE70DF11F010020ECE715490B6891
:109138005A073FF47BAF1A4B012202930023CDE973
:10914800003370E70F490B685B073FF46FAF17F404
:10915800F87F144A144BA4F1100418BF13460122D7
:10916800CDE90334114B029300231846CDE90033AF
:1091780012F0B3FE5AE723F4FF7323F00103B4E7B8
:1091880000ED00E05409002476750608A17506086C
:10919800B8750608D9750608E7750608067606083C
:1091A800227606085D75060848750608467606089C
:1091B800044B5A6942F010025A615A6922F00802B7
:1091C8005A61704700ED00E0EFF30880EFF3098182
:1091D80001B57246FFF7D0FE01BD00BF0E4880F30F
:1091E8000888102080F311880C484FF0AA014FF42A
:1091F800006216F044FE09484FF40061401880F3FD
:109208000988EFF314800221084380F31488BFF320
:109218006F8F00F0CFF80000586B032418E2022487
:10922800BFF34F8F0549064BCA6802F4E062134347
:10923800CB60BFF34F8F00BFFDE700BF00ED00E03C
:109248000400FA05084B9B6883420BD1EFF30583B2
:1092580043B1064B5A6842F080525A605A6A22F467
:1092680000425A620EF034BB8859002400ED00E039
:1092780021498A6882F8F5E04FF030001044EFF396
:10928800098C80E8F01F1EF0100F03D102F1B40022
:1092980080EC108A102080F31288BFF36F8F174F6D
:1092A8004FF000668A698A603E60D2F8A800144CC4
:1092B800206092F9F5E0D2F8AC000023C2F8AC3097
:1092C80080F311881EF0100F03D00023E1EE103A4E
:1092D80003E002F1B40090EC108AEFF3148323F05A
:1092E800040383F31488BFF36F8F02F1300090E812
:1092F800F01F8CF3098870478859002404ED00E0BA
:10930800644A00241EF0040F0CBFEFF30880EFF34B
:109318000980816911F8021C0229FFD001B5724643
:1093280012F0C7FD01BD00BF00B2002807DB012312
:10933800410900F01F00024A834042F8213070477B
:1093480000E100E000B200280CDB4309012200F034
:109358001F0005492033824041F82320BFF34F8F77
:10936800BFF36F8F704700BF00E100E04209054B73
:1093780000F01F0053F82220012303FA00F01040E8
:10938800704700BF00E100E000B2013100284FEA59
:109398000111C9B206DB00F1604000F5614080F8B8
:1093A8000013704700F00F00014B1954704700BFBD
:1093B80014ED00E0154A08B522F07F02144B9A60BC
:1093C800BFF34F8FBFF36F8FD3F8882022F470025A
:1093D800C3F88820D3F8882042F4A002C3F8882074
:1093E8004FF04042C3F83422BFF34F8FBFF36F8F63
:1093F8000023E1EE103A0DF049F80EF0B3FC00F04E
:1094080079F812F095FD0DF085F800BF000004080A
:1094180000ED00E042F8203C203A009B0A495360E6
:10942800019B21F001019360029B9161D3604FF091
:109438008073D36100230265C0F8AC304FF47D43DC
:10944800C0F8F430704700BF253A0408104B9B68F9
:1094580083421AD1EFF30580B8B9EFF311811022D6
:1094680082F31288BFF36F8F1A7B22F002021A73FD
:10947800EFF3148323F0040383F31488BFF36F8F8F
:1094880081F31188BFF36F8F70476FF01500704735
:10949800885900240E461546002300B5E1EE103A1F
:1094A800EFF3148323F0040383F31488BFF36F8F5F
:1094B800BFF36F8F084BD0F8A8209860074B1A604D
:1094C8002C4686F309880020054B98472046002142
:1094D80000220023034C204788590024644A0024B2
:1094E80011BF0508253A0408014B10221A6170477C
:1094F80000ED00E0002304481021C2180133962B28
:1095080082F80013F9D1704700E100E008B5EFF3E5
:109518000583064A103B02EBC30152F83300496841
:109528008847BDE80840FFF71BBB00BFEC1D0608D5
:10953800154A70B5536913F4803323D1C2F88430C7
:10954800BFF34F8FD2F8803043F6E074C3F3C900FD
:10955800C3F34E335B0103EA0406014646EA81750C
:109568000139C2F86052F9D2203B13F1200FF2D131
:10957800BFF34F8F536943F480335361BFF34F8F69
:10958800BFF36F8F70BD00BF00ED00E0134A0023EA
:1095980070B5C2F88430BFF34F8F536923F480331A
:1095A8005361BFF34F8FD2F8803043F6E074C3F3B2
:1095B800C900C3F34E335B0103EA0406014646EAD9
:1095C80081750139C2F87452F9D2203B13F1200F8A
:1095D800F2D1BFF34F8FBFF36F8F70BD00ED00E086
:1095E800002910DD00F01F030B44BFF34F8F07491C
:1095F8000344C1F8680220301A1A002AF9DCBFF3C4
:109608004F8FBFF36F8F0020704700BF00ED00E061
:109618000B4B5A6912F4003211D1BFF34F8FBFF3CD
:109628006F8FC3F85022BFF34F8FBFF36F8F5A6904
:1096380042F400325A61BFF34F8FBFF36F8F704708
:1096480000ED00E0BFF34F8FBFF36F8F064B5A69F1
:1096580022F400325A610022C3F85022BFF34F8F20
:10966800BFF36F8F704700BF00ED00E0002910DDE9
:1096780000F01F030B44BFF34F8F07490344C1F8A1
:10968800580220301A1A002AF9DCBFF34F8FBFF3B3
:109698006F8F0020704700BF00ED00E0F0B587B085
:1096A80007460E4614460021102268461D4617F04C
:1096B80009FC02232A4621468DF802306846044BED
:1096C800CDE9047601930FF055F807B0F0BD00BF5F
:1096D8003BBF050808B5024B1B689847002008BD2A
:1096E800684A0024034B044A1860937843F0020345
:1096F80093707047684A00246803002408B5054839
:1097080010F0E2FC002383F31188BFF36F8F04236A
:10971800184602DF597606080649074821F007016E
:10972800C1F1105208B502F5002210F0C0FB00206C
:1097380008BD00BF678103246C4A00244FF0FF3244
:109748004FF0FF3301480DF063B800BF78030024E1
:1097580001480DF0D5B800BF7803002438B5054698
:10976800FFF7ECFF082108482A4610F088FA04465B
:1097780028B925B1054B0C2217F0BCFE1A50FFF78B
:10978800E7FF204638BD00BF6C4A002414000000E3
:1097980038B504460D46FFF7D1FF082221462B466F
:1097A800074810F0E2FA044628B925B1054B0C2207
:1097B80017F0A0FE1A50FFF7CBFF204638BD00BFB8
:1097C8006C4A00241400000010B50446FFF7B6FFE9
:1097D8000348214610F009FABDE81040FFF7B8BF6A
:1097E8006C4A002470B5A0FB01543CB92846FFF729
:1097F800B5FF064640B90026304670BD054B0C2221
:1098080017F078FE1A50F6E72A46214617F05AFB59
:10981800F2E700BF1400000008B500F0B7F80A49E5
:1098280001220023416109490361C0E900220A605D
:1098380007490A60074A1360074A1360074AC0E9E4
:109848000233136008BD00BFA09F0608A8030024C8
:10985800A4030024804A00247C4A0024784A002477
:109868002DE9F04107460E46154600F08FF8C3680B
:1098780004461BB943691A78002A41D10023E360E2
:109888006368BB4256F8232008DB324B63612046ED
:1098980000F062F84FF0FF30BDE8F081511C6161C3
:1098A80092F80080B8F12D0FEFD1911C61615178C9
:1098B8002D29A16004D192786AB901336360E4E785
:1098C80049B9244B41462846636117F0A9FB002893
:1098D800DDD0C4F80880D4F808802846414617F03F
:1098E8009FFBB8F13A0F636900D070B91B7813B9C0
:1098F800636801336360204600F02EF83F20CBE711
:109908005A1C42611B788360E5E742783A2A0BD0FB
:10991800002222611B7813B9636801336360204613
:1099280000F01AF8A068B7E718786268094928B9FA
:1099380001329742626004DD56F82230C4E90431EE
:10994800EAE7616120462D783A2DD5D100F004F878
:109958002846A1E7A09F06080268074B1A604268DC
:10996800064B1A608268064B1A60C268054B1A607B
:109978000269054B1A607047A8030024A403002459
:10998800804A00247C4A0024784A00240048704712
:109998008C030024F7B506460D460D488AB23146B9
:1099A80083681B689847002810DA00240CE02F1BF6
:1099B800042F28BF042708F057F9019030193C44B8
:1099C8003A4601A917F056FAA542F0D803B0F0BDFF
:1099D800B419060810B503460548826814688AB2A7
:1099E8001946A0470028B4BF6FF00400002010BD3E
:1099F800B4190608F0B5154E89B0154F154D4FF03E
:109A0800FF324FF0FF3305A930460CF09DFED8B168
:109A18002B685B07F3D0104B012203902946029371
:109A280000231846CDE9003312F0B6FBE7E72368B8
:109A380013B1059A934203D105A8D4E90131984797
:109A48000C34BC42F3D3DAE7044CFAE7F0090024FB
:109A58001027060834090024697606081027060826
:109A6800F0B589B017461E4605909DF838008DF868
:109A780019108DF81800ADF81A700796DDE9105422
:109A880023462C432A4608D0104917F033FD0858BE
:109A98000F49884204BF002213460E4805A90CF05E
:109AA800F3FD041E10DA0C490B6813F0060F08D0FA
:109AB8000A4B0222029300231846CDE9003312F024
:109AC8006BFB204609B0F0BD0024FAE71000000047
:109AD80018330024F0090024340900247E7606088F
:109AE80001480CF00DBF00BFAC0300242DE9F04184
:109AF80084B005460E4604AF00231A4601F08EF9DD
:109B0800041E11DA1E490B685A0709D01D4B0122A1
:109B18000394029300231846CDE9003312F04BFB5F
:109B28002046BD46BDE8F08124F00303DA1D22F08B
:109B38000702ADEB020D0DF11008284642463146EA
:109B480001F06CF9051E05DBA4080025A54211DB10
:109B58000024E5E70A490B685B0709D00A4B012294
:109B68000395029300231846CDE9003312F023FB36
:109B78002C46D5E758F8253001359847E6E700BF69
:109B880038090024B6760608D376060838B505469F
:109B98004FF0FF334FF0FF3208480CF039FE084B06
:109BA8001C682CB10F222946201D17F046FA18B957
:109BB800FFF796FF204638BD2468F2E7AC0300247F
:109BC800844A0024F8B506460F464FF0FF334FF09D
:109BD800FF3209480CF01CFE084B1D6825B92C46BD
:109BE800FFF77EFF2046F8BD39462846B0470446B1
:109BF8000028F5D12D68F1E7AC030024844A00243D
:109C08002DE9F0410E46044690B107680025AF42A1
:109C180011D1002409E00835BD4206D23146286832
:109C2800F7F786FA0028F6D16C682046BDE8F0817F
:109C3800084D094FF0E76368314653F8350003EBE8
:109C4800C508F7F775FA10B9D8F80440EDE70135FB
:109C5800DDE700BF10270608803206082DE9FF411E
:109C68001446054608460F469846FFF78FFF2060C2
:109C78004FF0FF324FF0FF3326480CF0C9FD26683D
:109C880056B1D6F88C506B1CC6F88C30FFF728FFFD
:109C9800284604B0BDE8F08100230022BC211E48FC
:109CA80016F04DF90346206068B91C490A68520746
:109CB80006D01B4A0090CDE90102012212F07BFA7E
:109CC8006FF00B05E2E701464246284600F080F9AE
:109CD800051E05DA2168104816F03BF92660D5E71D
:109CE80020680F223946043017F0B9F92368DE746A
:109CF8002268D2F88C300133C2F88C30094A2368C4
:109D08001E60516811B9C2E90033BFE70B605360A8
:109D1800BCE700BFAC030024A809002438090024CC
:109D2800F4760608844A002470B5064604684FF0A5
:109D3800FF334FF0FF3224480CF06AFDD4F88C3022
:109D48005D1E012BC4F88C5003D0FFF7C9FE2846CE
:109D580070BD1E4B00211A6852B1944230D122685E
:109D680041BB59681A608C4200D15A6000232360B5
:109D7800204612F0CDFA00233360FFF7B1FE94F8C5
:109D8800B83023B1D4F8B410114816F0E2F82046E0
:109D980000F0E2F8D4F880100D4816F0DAF8D4F89C
:109DA80088100B4816F0D5F80948214616F0D1F866
:109DB8000020CDE70A605A68944208BF5960D5E789
:109DC80011461268C8E700BFAC030024844A002487
:109DD800A80900247FB504460D46164612F006FA77
:109DE80000280FDA0E490A68520709D00D4B039074
:109DF8000293002301221846CDE9003312F0DBF963
:109E080004B070BD3046A847204612F0F2F9002889
:109E1800F6DA03490B685B07F2D0034B0390E7E7D8
:109E2800380900241D7706083F7706087FB50BAB75
:109E3800012205930393054B029300231846CDE9AD
:109E48000033FAF787F807B05DF804FB6A7706086D
:109E58002DE9F04F904600F14805282289B00746C1
:109E68000E4602FB08556A69002A43D001EB8809AF
:109E78002C6AC9F84C2093F801B0BBF1000F62D1ED
:109E880002F11F0A202C4FF000034FF0000238BFE8
:109E980020242AF01F0A2D482146CDE900235246E6
:109EA80016F00CF80346C9F81400A0B928490A6846
:109EB80055070AD0274ACDF80CA00090CDE9010239
:109EC800CDE904480122FFF7B1FF6FF00B052846E2
:109ED80009B0BDE8F08FB26F04465244B2676B68B0
:109EE8006A69082B08D1594616F0ECFF464401234D
:109EF80086F840300025EAE79246AA682B6992075F
:109F08000AD5ED69594607932A462C4416F0DAFF1C
:109F1800079BAAEB050A2B44BA68194638469047AE
:109F2800054638B97B685246214638469847054663
:109F38000028DBD0D9F81410044816F00AF80023DA
:109F4800C9F81430C3E76FF00D05C0E7A80900246D
:109F5800380900246A7706082DE9F04100F13F0628
:109F680000F1140500F14004084F4FF0000816F8FE
:109F7800013F2BB12968384615F0EBFFC5F8008082
:109F88000435A542F3D1BDE8F08100BFA80900243B
:109F9800014600220023014815F0D1BFA80900247A
:109FA80010B5D0F8003204466BB18B6FD1F8B020F1
:109FB800A3EBC2038B67D0F80012044815F0C9FF61
:109FC8000023C4F80032002010BD00BFA8090024F7
:109FD8002DE9F04F99B000260D46044611AB012734
:109FE80031462846B24208BF1A4613960B92BC2245
:109FF800CDE911668DF8447016F064FF2368C4F843
:10A008000062A3B120469847834680B1B0490B68E7
:10A01800580700F0CF80AF4BCDF80CB00096CDE9D3
:10A02800016333460122184612F01DF9C2E00021EF
:10A03800204612F011F9834668B1A5490B685A0702
:10A048003DD0A54B029301220023CDE900331846E9
:10A0580012F009F933E004F114063422204631469F
:10A0680012F0F8F8834628B199490B685B0726D0A7
:10A078009A4BE7E704229A49304616F09AFF0746BA
:10A0880080B193490B685F0717D0964B0122584659
:10A098000393954BCDE901B310230093334612F097
:10A0A800E2F80AE0A38C23F00202012A1FFA82F8E0
:10A0B80019D087490A6856070DD16FF0070B8449F4
:10A0C8000B68580776D0894BCDF80CB00293002363
:10A0D800CDE90033A6E70393854B01220097CDE92C
:10A0E80001733B46DBE7B4F84230282B06D07849A9
:10A0F8000A685207E1D003937E4BEEE7B4F8446058
:10A10800C5F8B060F6003046FFF742FF0346C4F8D2
:10A11800000278B96E490A68570702D16FF00B0B35
:10A12800CDE7754A03960093CDE90132424612F015
:10A138009AF8F3E7AB6F0B2138463344AB673B46DD
:10A14800D5F8B0209A4250D8616B204612F086F8B4
:10A158000646C5F8B400002852D0002385F8B83068
:10A1680004F148034FF4DC720021B4F84690184615
:10A178000D9316F0A7FE4FF0000E4FF0FF3A4FF088
:10A18800280BF046D5F8B030734501D9032F73D1A9
:10A19800D4F864313BB1D4F83C3123B1D4F814314C
:10A1A800002B40F0F8804A4F3B685A0740F0D680B1
:10A1B8006FF0070B294620460026FFF7F1FED5F879
:10A1C80080104E4815F0C5FEC5E91F66BBF1000FAB
:10A1D80000F0BB832846FFF7BFFED5F88810474834
:10A1E80015F0B7FEC5E92166AFE3D4F8002202F8FE
:10A1F8003310D4F8002202EBC302013350609FE70A
:10A20800D5F8B03028224FF0010802FB03F985F891
:10A21800B8804846FFF7BCFE0346C5F8B40040B90D
:10A228002B490A6852073FF479AF354ACDF80C90AC
:10A2380079E7616B204612F00FF8834658B124493C
:10A248000B685B073FF43BAF2E4B42460096CDE9C7
:10A2580001633346FBE64A46D5F8B410204611F0B0
:10A26800F9FF834600283FF47BAF19490B685F0765
:10A278003FF425AF244BE8E7D5F8B4600BFB0E6636
:10A288007368022B1ED1A38C012B16D1B24604F59C
:10A29800887CBAE80F00ACE80F00BAE80F00ACE819
:10A2A8000F009AE8030005228CE80300D4F8003276
:10A2B80003F80820D6F818A001370EF1010E08F1AE
:10A2C80008085FE70B2B21D1A38C032BDDE700BF28
:10A2D80038090024A0770608C5770608E37706083A
:10A2E800277C0608FD77060883620608F3780608C7
:10A2F8001F7806083C7806085B780608A809002439
:10A3080084780608B1780608D4780608032BD4D1D7
:10A31800F14511D104F5B07C0FCEACE80F000FCE9B
:10A32800ACE80F0096E8030007228CE80300D4F895
:10A33800003203F80820BFE7D645BED104F59C7C5F
:10A348000FCEACE80F000FCEACE80F0096E8030084
:10A3580006228CE80300D4F80032EAE70026964B80
:10A3680001223946029330463346CDE9006611F0A2
:10A378007AFF3B685B073FF41BAF6FF007030122CE
:10A388003946304603938D4B0096CDE90163334639
:10A3980011F069FF0CE70B9A2946204611F02CFFB3
:10A3A800834640BB8046D5F8B03043452CD822467A
:10A3B80023464FF0000CD96C002900F05881D86D65
:10A3C800002800F05481996EA78C9E6D0139032FE7
:10A3D80001EA060140F046815F6DB94240F24081D2
:10A3E80077490B685F0700F0B880764BCDF80CC052
:10A3F80002930023C8E072490B6858073FF4DAAEAD
:10A40800714BCDF80CB061E6D4F800922823D5F84A
:10A41800B4204FEAC80A19F8381003FB08F30B29CF
:10A4280002EB0307D3582A6B1FD1D3187E686749FC
:10A4380018460C93F6F77CFE012E0BD0083E082E2A
:10A4480011D8082E0FD8DFE806F04A0E0E0E0E0EB1
:10A4580039133D00BB685A073CD4DB0736D40028C3
:10A4680018BF022607E000283DD008F101089AE746
:10A47800002818BF0A2608BF0426BB689807F4D529
:10A4880079690029F1D0A6F10802022A2DD87B6A41
:10A49800042B01D1890728D049490B685A075CD099
:10A4A8000C9BCDF810800393494B029300230122A3
:10A4B8001846CDE9003311F0D6FE4EE0002818BF4B
:10A4C8000926D8E7002818BF0826D4E7002818BFAF
:10A4D8000126D0E7B0FA80F67609B600CDE7002865
:10A4E80018BF0326C7E70426C7E70D9B09F80A60CB
:10A4F8004FF0280909FB06390B9B5B685BB9D9F853
:10A5080004307BB907F1280357F8042B9F4249F818
:10A51800042BF9D1A9E738460E9298470E9A0028DD
:10A52800EDD0A2E7B868D9F8081080EA010313F063
:10A5380007031DD0224F3B685B070ED00C9B0122FE
:10A5480003900696CDE90413224B39460293002363
:10A558001846CDE9003311F086FE6FF0070B184955
:10A568000B685E073FF426AE1B4BCDF80CB0ADE58B
:10A57800032E10D0D2B2022A34D811490A685707DC
:10A58800EBD0164A0396029201221846CDE9003311
:10A5980011F069FEE1E70A490A68500700F05B819B
:10A5A8000F4A184600936FF0850BCDE9013201225E
:10A5B80011F059FED3E700BF197906084E7906084D
:10A5C800380900247E7A06087A790608A5790608EB
:10A5D800B3790608D2790608207B0608387A060877
:10A5E800097A0608B4F824E0D7F80CC0BEF1030FC6
:10A5F800D9F80CA03869D9F810100ED1ACEB0A0EB6
:10A60800421A964509D0AA4908684207A5D00C9A6B
:10A6180004960392A74A029249E781427B690A4657
:10A628003E6A28BF02461844D9F81430C9F81020E9
:10A638001944D9F82030D44594BFC9F80CC0C9F8DA
:10A648000CA088422CBFC2EB0002C2EB01029E4262
:10A658002CBFC9F82060C9F82030C9F8142004E7D5
:10A668007F1A5F65761A084459669E65D8650CF1AD
:10A67800010C2833BCF10B0F7FF49DAE002113466B
:10A68800CDE90C1101310C9E0846013E0E960B28AF
:10A698007FD10B2902F12802F1D12821D5F8B03059
:10A6A8005B4500F2C3800B9A2946204611F0B6FD9F
:10A6B8008346002840F0D280D4F82471D4F834912D
:10A6C8003F09E867D4F8208105D082460AF1010ADB
:10A6D800574500F3CC80EE6FF6003046FFF758FC84
:10A6E8000346C5F88000002840F0EC8070490A68ED
:10A6F800520740F032816FF00B0B5BE50D9E042E84
:10A7080042D0042800F08F80A68C032E39D1166D14
:10A71800B70736D59E6FB60733D5566ED2F8548034
:10A72800D3F88C7008EB0609DE6F3744B94507D8B3
:10A738000EEB080A0AF1FF3A574507D9B94520D167
:10A748000CEB060A0AF1FF3AD1451AD858490B68AA
:10A758005A073FF402AFF0446644069008F1FF330D
:10A76800013ECDE904930C9B0393534BCDE9077647
:10A778000293002301221846CDE9003311F073FD3E
:10A78800EBE60D9E032E1FD1013028337FE72833D7
:10A798000420D66C002EF7D0D2F85CE0BEF1000F92
:10A7A800F2D05E6F002EEFD0D3F884C0BCF1000F5A
:10A7B800EAD00E9E012EA1D8042834D0A68C032EF0
:10A7C80002D1166DB607A5D40328E0D0D2F8588078
:10A7D800566ED3F88090D3F88C7046444F44BE42EE
:10A7E80007D80EEB080A0AF1FF3A574507D9BE42C7
:10A7F800CAD10CEB090A0AF1FF3A5645C4D82C49CC
:10A808000B685B073FF4A9AECC44C64406900CF134
:10A81800FF33CDE907730EF1FF33CDE904630C9BD9
:10A828000393264BA4E728330520B2E7D4F8003277
:10A8380003EBCB0013F83B300B2B09D0D5F8B42031
:10A8480001FB034301FB0B229B6D1269D31A436082
:10A858000BF1010B22E76FF0850BABE414490B6891
:10A8680058073FF4A7AC164BCDF80CB02EE4C844FB
:10A878002046414611F0F0FC0646002840F03B8196
:10A888004A4614A9204611F0E5FC0646002840F087
:10A8980032819DF85C3003F00F02013A012A3FF63D
:10A8A80015AF1B09012B02BFEB6F0133EB670DE7F7
:10A8B800380900244C7A0608A17A0608DE7A0608C8
:10A8C800437B06083246002116F0FCFAAB6F33448E
:10A8D800AB67D4F834310D93D4E948231B090C92A3
:10A8E8000F9345D10B9B1B78002B40F0C780D4F801
:10A8F800FC00C3080728C5F8843013D920F00700E6
:10A908006E6AFFF745FB0346C5F88800002800F08B
:10A91800C880083600270B9B5A78D5F884309F42A8
:10A92800C0F0C9800B9B5B7813B9284611F091FCE5
:10A938000B9B1B7A002B3FF43DACD5F88010754873
:10A9480015F007FB0023C5E91F3323690BB1204627
:10A958009847584619B0BDE8F08F6FF00B02039284
:10A968006D4A0093CDE90132012211F07CFCC2E668
:10A978000027BA460AF1010A0F9B5345B2DD20466B
:10A98800DDE90C32134419460C9311F065FC0028DC
:10A9980040F0AF800D9A14A9204611F05BFC002806
:10A9A80040F0A7809DF85C30BDF85E9003F00F0280
:10A9B800013A012ADED81B09012BDBD1B9F1000FBE
:10A9C800D8D0FB001499D5F880200E93EB6A0B447D
:10A9D80042F837302822D5F8B43002FB09380B9BEF
:10A9E8005B78D8F80C609BB10B9B5B6863B9A38C50
:10A9F8000E9A012BD5F8803018BF00261344159AFB
:10AA080032445A600137B5E7404698470028EED0EF
:10AA18004A462946204611F036FC034600BBD8F8C2
:10AA28001010204611F01AFC0346C8B93B490A68C1
:10AA380057070BD16FF0850B38490B685E073FF459
:10AA4800B9AB374BCDF80CB0FFF740BB354ACDF862
:10AA58000C900090CDE90102012211F004FCE9E715
:10AA6800A28C1599012A0E98D5F8802014BF764239
:10AA78000026024431440B445360C3E70B9A29462D
:10AA8800204600F0D5F8064600283FF430AF2349A9
:10AA98000B68580702D1B346FFF78CBB224B0396CD
:10AAA8002FE01E490A6852073FF425AE6FF00B02EB
:10AAB80003921E4A55E756F8081C7AB956F8080C4E
:10AAC800D5F88830083643F83700D5F8883056F876
:10AAD8000C2C03EBC70301375A601CE7204611F022
:10AAE800FFFB011EEADD204611F0B8FB0028E7D184
:10AAF800E4E78346A0E709490B685B07CBD00C4B1A
:10AB080003960293002301221846CDE9003311F081
:10AB1800AAFBC0E7A80900248F7B0608380900248F
:10AB2800D87B0608C17B0608F77B06080E7C06085A
:10AB3800627B06082DE9F04198465B688AB00F46AB
:10AB48001B0A1546DDE9104604D12B6000200AB027
:10AB5800BDE8F081E289002A3DD131461046FFF771
:10AB68004FF804462860C8B9079007A9CDE90860DE
:10AB78002B48FFF727F8099A079B2A6072B107F15B
:10AB88008C0252F8041F8B42E0D001BB243447F8F2
:10AB98002430D3F88C200132C3F88C202B68002B8A
:10ABA800D4D120490A6852070ED0129A18469269E1
:10ABB8000592D8F800200093CDE903621A4ACDE93E
:10ABC8000132012211F07CFB6FF03C00BFE7013439
:10ABD800082CD6D1BAE74FF6F1739A4201D16368CF
:10ABE800B3E7B0F84430934208D9B2F57F4F05D2A5
:10ABF80011F049FB636818442860A7E709490B6806
:10AC08005B070AD0094B02930023CDE903221846BB
:10AC18000122CDE9003311F053FB6FF0070096E7EE
:10AC2800B1C20508380900242B7C06087A7C06087E
:10AC38002DE9F04F04468DB00D46914600274FF0A0
:10AC4800280AD5F8B010B94216D805F1100605F152
:10AC58003C0756F8040F30B1B16BFEF7C1FCB16B7D
:10AC68003068FEF703FDBE42F3D1D9F80430002B5B
:10AC780040F0B28000201EE0D5F8B4300AFB073B54
:10AC8800DBF80420042A19D0092A68D1DBF824202B
:10AC9800082A24D053490B685D070AD0524B029307
:10ACA8000023CDE9032718460122CDE9003311F02E
:10ACB80007FB6FF007000DB0BDE8F08F49490B683E
:10ACC8005C0709D0494B01220397029300231846D9
:10ACD800CDE9003311F0F4FA6FF08500EBE7DBF80B
:10ACE8001C208A4214D33F490B685807E1D0082337
:10ACF8000693DBF814300397CDE904233C4B01227B
:10AD0800029300231846CDE9003311F0D9FAD0E7B1
:10AD1800DBF8148018F00706E5D10AFB02339B68BC
:10AD280099071CD5D4F8003213F832300B2B0ED10A
:10AD38002C490B685B07BCD02E4B3046039201228E
:10AD48000096CDE90163334611F0BAFAB1E74FEA4C
:10AD5800D8082946204611F096FA464501D1013710
:10AD68006FE7DBF824102046DBF81020A36801FB0E
:10AD78000621984700289ED1DBF8242009A92046FF
:10AD880063689847002896D15B4609AA2946204659
:10AD9800FDF7F8FC00288ED10136DEE7D5F8B4704F
:10ADA800D9F804300AFB08773846984768B1E6684E
:10ADB8001EB139692046B047064679693046FEF724
:10ADC8000FFC79693046FEF751FC08F10108D5F807
:10ADD800B0309845E2D34DE74FF000084FF0280A0D
:10ADE800F5E700BF38090024C77C0608F57C06088B
:10ADF8001B7D0608617D06087FB50BAB0122059314
:10AE08000393054B029300231846CDE90033F9F765
:10AE1800A1F807B05DF804FBD9910608F0B50F4614
:10AE280087B016460546002845D041B1D0E91B2415
:10AE38001444EEB19C420AD96FF00B0035E0446F20
:10AE4800B2B19C42F8D8C16B2246304607E0416B4C
:10AE5800304616F00FF8A96BD5E91B02304416F0FE
:10AE680009F86969EA6C0023A5080A44AB4201D1D4
:10AE780020461AE056F82300884218D20F490A687B
:10AE8800520710D00E4A0F4CCDE904300E4B002F5C
:10AE980018BF224602930023039201221846CDE9E7
:10AEA8000033FFF7A9FF6FF00D0007B0F0BD904227
:10AEB800E4D20133DAE76FF01500F6E73809002429
:10AEC8000992060801920608D991060830B585B09E
:10AED80000250C46019001A90748CDE90255FEF767
:10AEE80071FE039B03B104332582C4E90035C4E92C
:10AEF800025505B030BD00BFA5C30508F8B5054625
:10AF080050681646FEF742FE044638B9284672686D
:10AF180011490FF0FCFE6FF00100F8BD021D0F494A
:10AF2800284600260E4F0FF0F2FE0E4928460FF075
:10AF3800EEFED4F88430B34201D80020EDE7D4F80F
:10AF480088203946284602EBC60352F836200136D7
:10AF58005B680FF0DCFEECE72292060834920608E4
:10AF68006E9206084B92060807B5054901900FF046
:10AF7800CEFE01A90348FEF725FE03B05DF804FBE9
:10AF88007D92060891AF040810B50C46836F021D28
:10AF9800024920680FF0BBFE002010BDA2920608EF
:10AFA8002DE9F041D2E90168ADF5087D0446404637
:10AFB800F6F7D0F805463046F6F7CCF80F280AD948
:10AFC80020460F2223490FF0A2FE6FF015000DF561
:10AFD800087DBDE8F081B5F5804F09D920464FF4CA
:10AFE80000536A081C490FF092FE6FF00B00EEE761
:10AFF8001A4F4FF40053294640463A460FF0C0F81E
:10B008004FF404720546002104A815F05BFF144BA9
:10B018006A463146059304A8124B0693124B0793D0
:10B028000023CDE90133039301238DF8043001ABEC
:10B03800CDE98575FEF712FE034638B9009B0B492A
:10B048001A1D20460FF063FE0020C0E7324608496B
:10B05800F7E700BFB3920608DB920608C810002481
:10B068005FC3050889C305089DC305081093060832
:10B078003C93060838B5054650681446FEF786FD29
:10B0880038B92846626805490FF041FE6FF00100A3
:10B0980038BDA16811F09FF80020F9E76A93060807
:10B0A80037B5054650681446FEF770FD019040B963
:10B0B8002846626808490FF02AFE6FF0010003B0C5
:10B0C80030BD01A8FEF730FE2846626803490FF03C
:10B0D8001EFE0020F3E700BF6A9306088093060867
:10B0E8002DE9F041054600244FF001084FF0B04625
:10B0F8000E4F2A781319DBB208FA03F0D6F8883015
:10B1080030EA03030AD152FA84F3C6F8880057F8E4
:10B1180033201AB107EBC3035968904701346A78A2
:10B12800E3B29A42E5D2BDE8F08100BF8C4A002420
:10B13800044B03EB40000023013320F8022B994213
:10B14800FADC7047540800244FF48013094A0A496E
:10B1580010B5D2F8A40088420BD0581CF9D0013B96
:10B16800F7D183F31188BFF36F8F0424204602DFE1
:10B17800EFE710BD006402580003008007B50622FF
:10B1880001210020FFF7D4FF002206201146FEF718
:10B19800FBF8012107220846FFF7CAFF0022072013
:10B1A8001146FEF7F1F8082201210220FFF7C0FF3F
:10B1B800002208201146FEF7E7F8092201210320A2
:10B1C800FFF7B6FF002209201146FEF7DDF80A2234
:10B1D80001210420FFF7ACFF00220A201146FEF7E8
:10B1E800D3F8052117220846FFF7A2FF00221720EF
:10B1F8001146FEF7C9F8282206210A20FFF798FF12
:10B20800002228201146FEF7BFF80223F42207483F
:10B21800CDE9002383681B6823B16946984703B0CA
:10B228005DF804FB6FF05700F9E700BF0817060840
:10B23800034680B1B0FA80F2C2F11F02D2B20749C8
:10B2480031F912004FF0B042D2F880100B43C2F827
:10B258008030FEF769B8FF22F1E700BF54080024E8
:10B2680038B50D460446FFF76FFF032D0DD8DFE80C
:10B2780005F0021116204FF0B0431A6822EA0402C2
:10B288001A605A6822EA04025A600E4B4FF4407260
:10B298005A6238BD4FF0B0431A682243F0E74FF0C6
:10B2A800B0435A6822435A601A6822EA04021A60B4
:10B2B800EBE74FF0B0431A6822431A605A68144308
:10B2C8005C60E2E70064025830B5B0B1B0FA80F3D0
:10B2D800C3F11F03DBB20B4850F833408C4204D152
:10B2E80000EBC3056D68954205D044B940F83310AA
:10B2F80000EBC3004260002030BDFF23EBE76FF096
:10B308000F00F9E78C4A002460B1B0FA80F3C3F16A
:10B318001F03DBB2044A002142F8331002EBC302D8
:10B3280051607047FF23F5E78C4A002438B500F0D8
:10B3380003030F250C4604339B009D4045EA900506
:10B34800FFF702FF05F003032A0C92FAA2F29B0012
:10B35800B2FA82F203F1B04302F01F02D3F80814E4
:10B3680094404FF4407221EA15410C43C3F8084455
:10B37800014B5A6238BD00BF0064025800F0030256
:10B388000F23043292009340094A43EA900000F0E8
:10B398000303023352F82320030C93FAA3F3B3FAFE
:10B3A80083F302EA104003F01F03D840704700BF40
:10B3B8000004005820F08002082A0DDC074B10F02A
:10B3C800800F03F5C67108BF18464FF02C0318BF4D
:10B3D800084603FB0200704700207047F44F002422
:10B3E800014809F09DBB00BF0C4B0024F0B587B0A5
:10B3F8008B4C204614F0EEFC034678B989490A685C
:10B40800540706D0884A0090CDE90102012210F0C5
:10B41800E5FF6FF01204204607B0F0BDA568AB69E0
:10B428007BB980490B685A0708D0804B02930023E8
:10B4380001221846CDE9003310F0D0FF6FF0040464
:10B44800E9E700227A49204698470028E9D12B6885
:10B458002BB974490B685B07F0D0764BE6E7764961
:10B46800204698470028F4D1EB682BB96D490B6842
:10B478005F07E3D0714BD9E705AA6D492046984785
:10B4880003460028F2D1059A6D498A420ED06549D3
:10B498000C68660707D003926A4A0090CDE901025A
:10B4A800012210F09BFF6FF08504B4E7664D4FF45E
:10B4B8008073664AEB804FF410732A600922A873E0
:10B4C8002A71634A2B81D2F80031624C23F08053F1
:10B4D800544E614FC2F80031E36843F08073E36073
:10B4E800E36823F00073E360E36813F0806312D12C
:10B4F800326802F00702022A07D9032231461846A9
:10B508000093CDE9013710F069FF00214FF47A70FC
:10B5180015F0FAF8E8E705AA0021504812F0AAF950
:10B52800041E07DB059B00221979186805F074F9D9
:10B53800041E0FDA3B490B685D073FF46CAF484BBC
:10B5480001220394029300231846CDE9003310F03A
:10B5580045FF60E73C4813F019FC044678B13149CF
:10B568000B6858073FF46AAF3E4B039402930023DD
:10B57800CDE900330122184610F030FF5EE732486B
:10B5880013F0A7FC064658B126490B685A073FF442
:10B5980055AF354B03900094CDE901432346E9E7C5
:10B5A800294813F076FC044658B11E490B685B071E
:10B5B8003FF444AF2D4B03900096CDE90163334629
:10B5C800D8E7402385F8EC0485F87806A021A5F88B
:10B5D800E834A5F87436264D1B48A5F5D16613F056
:10B5E800F3FD10222146A5F5D16013F0CEFD01220E
:10B5F800013428462C35114614F0B6FE092C05D026
:10B608006A22E1B2304613F0C0FDF0E7002265205F
:10B6180000241146FDF7B8FE6520FDF785FEFAE621
:10B628000817060878090024A96F06087295060805
:10B63800B83D060894950608B03D0608AF9506087B
:10B64800006CDC02D39506080C4B0024000008406F
:10B658000044025800480258EF950608903D060835
:10B6680002960608209606083496060848960608A4
:10B6780094510024014BC3F8E40470470C4B002498
:10B6880010B5014686B004460B4813F048FC80B15B
:10B698000A490B685B070AD0094B01220293002371
:10B6A800CDE90340CDE90033184610F097FE6FF05E
:10B6B800040006B010BD00BF0C4B0024780900241C
:10B6C8005D9606080106134610B5044686B014D5E3
:10B6D800802800D1A2B119490B685A0709D0184B24
:10B6E80001220394029300231846CDE9003310F099
:10B6F80075FE6FF0150006B010BD402A28BF402324
:10B7080024F080020F482146203200EB821213F009
:10B7180080FC0028EFD009490B685B070AD00A4B68
:10B72800012202930023CDE90340CDE900331846F6
:10B7380010F054FE6FF00400DDE700BF7809002424
:10B74800839606080C4B0024959606081FB502063A
:10B758000C4600D489B90C490B685B0709D00B4B20
:10B7680001220390029300231846CDE9003310F01C
:10B7780035FE6FF0150004B010BD0146044813F003
:10B7880066FC20600020F6E7780900248396060806
:10B798000C4B00241FB50278037902F07F028BB9A5
:10B7A800D2B10E490A68520707D00D4A0292012207
:10B7B8001846CDE9003310F011FE4FF0FF3005B008
:10B7C8005DF804FB082A07D904490B685B07F4D025
:10B7D800044B02930023EAE70020F0E778090024ED
:10B7E800BB960608DA96060830B587B00546FFF717
:10B7F800E1FD0446D0B129460E4813F04AFC90B149
:10B808000D490B685B070AD00C4B012202930023F9
:10B81800CDE90350CDE90033184610F0DFFD6FF095
:10B82800040007B030BD01236371FAE76FF015001B
:10B83800F7E700BF0C4B002478090024FE960608A1
:10B8480030B587B00546FFF7B5FD0446D0B12946A7
:10B858000E4813F055FC90B10D490B685B070AD0F0
:10B868000C4B012202930023CDE90350CDE90033AC
:10B87800184610F0B3FD6FF0040007B030BD6071DA
:10B88800E060FAE76FF01500F7E700BF0C4B002403
:10B89800780900242597060870B586B00446FFF796
:10B8A80089FD054640B3164E214603790288304685
:10B8B80013F048FB90B113490B685B070AD0124B91
:10B8C800012202930023CDE90340CDE90033184655
:10B8D80010F084FD6FF0040006B070BD63B2002B59
:10B8E800FADD04F120012A88204606EB811106B012
:10B8F800BDE87040FFF7E6BE6FF01500ECE700BF4B
:10B908000C4B0024780900244C97060810B586B023
:10B918000446FFF74FFDB8B121460D4813F04BFB25
:10B9280080B10C490B685B070AD00B4B01220293CC
:10B938000023CDE90340CDE90033184610F04EFD51
:10B948006FF0040006B010BD6FF01500FAE700BFF5
:10B958000C4B0024780900246F9706082DE9F04362
:10B9680087B00446894616469846FFF723FD08B176
:10B97800250613D437490B68580709D0364B0122DE
:10B988000394029300231846CDE9003310F026FDF6
:10B998006FF01505284607B0BDE8F08300F11407DD
:10B9A8000022002338460BF069F8054680B1294982
:10B9B8000B685A0709D0294B0122039002930023F0
:10B9C8001846CDE9003310F009FD6FF00A05E1E7EC
:10B9D80014F0BFFD10B96520FDF7B4FC802C02D12E
:10B9E800402E28BF40264A46334621461C4813F0BD
:10B9F80036FB0246D0B117490B685B070AD0194BD2
:10BA0800012202930023CDE90340CDE90033184613
:10BA180010F0E4FC38460AF0F5FF14F09AFD10B96E
:10BA28006520FDF781FC6FF00405B3E7802C04D195
:10BA38001EB101462046FFF745FE14F08AFD10B9F5
:10BA48006520FDF771FCB8F1000FA3D0C8F80060BD
:10BA5800A0E700BF78090024839606089397060894
:10BA68000C4B0024B19706082DE9F04385B0054634
:10BA78000E4691469846FFF79DFC044678B928493A
:10BA88000B685E0708D0274B012203950090CDE98B
:10BA98000103034610F0A2FC6FF0150028E0290608
:10BAA800C7680CD51E490B685A07F5D01E4B0122F2
:10BAB8000395029300231846CDE90033EAE7D6B18F
:10BAC80001694F4505F12005184B28BF4F46304600
:10BAD80001EB85113A46194415F0CCF9E368DB1BF4
:10BAE800E36023693B442361B8F1000F14D10020BF
:10BAF80005B0BDE8F083B9F1000FF5D008490B682F
:10BB08005B07F1D00A4B012230460096CDE901636C
:10BB1800334610F063FCE7E7C8F80070E7E700BFBA
:10BB280078090024D8970608EC9706080C4B0024DF
:10BB38000D9806081FB50446FFF73CFC08B122061D
:10BB480010D510490B685B0709D00F4B01220394ED
:10BB5800029300231846CDE9003310F03FFC6FF044
:10BB6800150002E0C36813B1002004B010BD04F151
:10BB78002001064B0288204603EB8111FFF7A2FD46
:10BB8800F2E700BF780900241D9806080C4B002432
:10BB98001FB51B4813F068F980B11A490B685A079A
:10BBA80009D0194B01220390029300231846CDE9CE
:10BBB800003310F013FC6FF004041DE01348836891
:10BBC8005B686BB90F490B685B07F4D0104B012217
:10BBD800029300231846CDE9003310F0FFFBEAE793
:10BBE8000C49984704460028ECD16520FDF7BEFBB8
:10BBF80010B16520FDF7A6FB204604B010BD00BFBC
:10BC08000C4B002478090024369806080817060803
:10BC18004C980608B03D060870B5002340228021E4
:10BC28000E480E4D13F08EF90023002405F5D16659
:10BC380040221946094813F085F930192C340AF0C6
:10BC4800E1FEB4F5C67FF8D1D5F8E43423B100217C
:10BC58000120BDE87040184770BD00BF0C4B0024A0
:10BC6800034BD3F8E43413B100210220184770477E
:10BC78000C4B0024034BD3F8E43413B10021042007
:10BC8800184770470C4B0024034BD3F8E43413B126
:10BC980000210520184770470C4B0024034BD3F8AC
:10BCA800E43413B100210620184770470C4B0024D8
:10BCB80070B50823104C002504F50066D4F8A014CC
:10BCC800D4F89C04C4F8F434D4F8F034C4F8F85424
:10BCD80086E803007BB1294628469847B4F8A22491
:10BCE8004AB194F99C34AB4205DB31462846BDE89D
:10BCF8007040FFF7E7BC70BD0C4B0024F0B50C7921
:10BD080085B014F0200307D03F490B685E0712D0B6
:10BD18003E4B0293002308E00A78092A0FD03A49DB
:10BD28000A68550707D03A4A029201221846CDE917
:10BD3800003310F0EEFB6FF0150005B0F0BD4A7847
:10BD4800042A05D030490A685407F4D0314AEBE791
:10BD58004D8804F01F044068016815B343F6FF726C
:10BD680095422CD000F116062B4F36F8022F3A4395
:10BD780092B2954216D00133082BF6D122490B68AE
:10BD88005807D8D0254B0293002301221846CDE945
:10BD9800003310F0BEFB1C490B685B07CBD0204B6F
:10BDA800B7E72B4690F928205AB1013AD2B2012AB6
:10BDB80028D915490B685A07BDD01A4BE3E7072362
:10BDC800F0E7012204EB4400092C4FF0070502FAC2
:10BDD80004F288BF1E3842EA846201F114048ABF63
:10BDE80042EA005242EA005242F00072D00DC2F319
:10BDF800045200F0040095409340215821EA0501BF
:10BE08000B432350002098E7E4080024759806089F
:10BE18009D980608B298060800C0FFFFCC9806084F
:10BE280025990608EF9806087FB543680546046912
:10BE38001E683368D9060ED510233A4933600B685B
:10BE48005A0708D0384B0122029300231846CDE93F
:10BE5800003310F05EFB33685B0746D5D4F8A43096
:10BE6800326C991CC4F8A4101A8094F8B53094F870
:10BE7800B4200133DBB29A4284F8B53035D10023BF
:10BE880084F8B530636FCBB3D4F88C30B4F898200D
:10BE98003BB104F1740128469847012813D00228C1
:10BEA80025D0B4F89830B4F894209A421FD90133B9
:10BEB800A4F89830D4F8883053B9204604B0BDE8C7
:10BEC800704010F035BBD4F8A830C4F8A430F1E7BE
:10BED800BFF35B8F54E8003F5A1E44E80021002955
:10BEE800F8D1012BBFF35B8FE7DC04B070BDD4F849
:10BEF80088301BB104F1080014F043FED4F8A030D8
:10BF08005B681A684FF6FF73A4F8B630D36943F03C
:10BF18000103D36104F1580004B0BDE870400AF091
:10BF280071BD00BFE40800243B9906080148FFF7EB
:10BF38007BBF00BFD41A06080148FFF775BF00BFD2
:10BF4800B01A060870B54368054686B01C682046D6
:10BF580010F033FB6B681A682F4B91680B4043F065
:10BF6800004393609368002BFCDB6B682B4899684F
:10BF78008368DB686BB92A490B6858070DD0294BD1
:10BF88000122029300231846CDE9003310F0C1FACC
:10BF980003E005AA98470028EDDB059B5BB920491B
:10BFA8000A68520707D0204A18460093CDE90132A3
:10BFB800012210F0AEFA204610F0E2FA002826DB43
:10BFC8001A4B9C4225D01A4A94420CBF08221022D0
:10BFD800184B00214FF4800503EB8203D4F8C820E6
:10BFE80005FA01F01E6802F040423243C4F8C82046
:10BFF800A26822F480320243A2600F4AA668304247
:10C0080001D1013AFAD1013104330629E6D106B04B
:10C0180070BD0022DCE700BFC0FFFE3F081706081E
:10C02800E4080024B4990608CE99060800200240C6
:10C038000021024000ECF11F710008002DE9F04FCB
:10C04800D0F8048087B006460769D8F80050DFF8B2
:10C05800ACB2584613F0BEFE034680B9A0490A6840
:10C06800550706D09F4A0090CDE90102012210F041
:10C0780050FA6FF01204204607B0BDE8F08F4FF673
:10C08800FF73DBF808A0C7F8A060A7F8B630D6F8A9
:10C098000490DAF80030D9F80040D9F80810002BDD
:10C0A80033D05846984780BB8F4B9C4250D003F101
:10C0B800C0538E498E4A03F586438C4208BF134607
:10C0C8009A68D9F8101022F47C120A439A60D9F8B9
:10C0D8001030D9F8081023F40032B2F5803F03D0AD
:10C0E800B3F5003F18BF0831DAF80C30002B31D116
:10C0F8007B490B685C0708D07E4B02930023012222
:10C108001846CDE9003310F004FA05AA0021D8F842
:10C11800140011F0AFFB041E08DB059B00221979FF
:10C12800186804F079FB041E80F2B680A11C00F0A8
:10C13800B3806B490B685A079DD06F4B012203945B
:10C14800029300231846CDE9003310F0E2F992E794
:10C15800674BB5E705AA694898470028C8D1D9F8B8
:10C168001030B3F5A01F37D01ED8B3F5802F62D09A
:10C1780011D8B3F5003F5ED004D833F4803304D12E
:10C1880001232AE0B3F5403F5BD055490B685807B7
:10C19800BBD05B4BB1E7B3F5402F4ED0B3F5801F52
:10C1A8004DD0B3F5002FEFE7B3F5101F4BD00AD8E9
:10C1B800B3F5E01F49D0B3F5001F48D0B3F5C01F51
:10C1C800E3D10C2309E0B3F5201F42D0B3F5301FAB
:10C1D800DBD14FF4807300E00A234A4A116841F228
:10C1E8000302B2EB114F2CBF012202225343059ADE
:10C1F800B2FBF3F3444A059393422CD9434A934242
:10C208003ED9434A93423ED9424A93423ED9424A92
:10C2180093423ED932490A6812F0060F3FF475AFCF
:10C22800039302223D4B029300231846CDE90033C5
:10C2380010F06FF969E70223CFE70623CDE708235B
:10C24800CBE70423C9E74023C7E71023C5E720232A
:10C25800C3E78023C1E700232A4A126802F040524C
:10C26800B2F1805FA26815BF03F4407322F48072B4
:10C2780022F4407242EA930318BF1343A36044E7D1
:10C288004FF48073E8E74FF40073E5E74FF4C063B9
:10C29800E2E74FF4E063DFE7AB6823F0204323F0E5
:10C2A8003F03AB60AB6823F0104323F03F0343F038
:10C2B8008053AB602B68DB04FCD5D8F8043003B19D
:10C2C80098473046FFF73EFEEB6823F47E63EB6049
:10C2D800BB6C1BB907F140000AF094FB0024CAE6C6
:10C2E800E4080024A96F060800200240002102404B
:10C2F80000230240E2990608429A06080817060831
:10C30800049A06080010005C105E5F0020BCBE00A6
:10C31800002D310140787D0180F0FA02229A06084A
:10C328002DE9F04F07698BB006460D4607F140032B
:10C3380007934FF0FF324FF0FF3307980AF09EFB48
:10C3480073683469D3F80080AB68C4F8A4306F68A8
:10C358003846C4F8B070F4F705FF002384F8B40039
:10C3680084F8B5306FB9BB490B685E0719D0BA4B72
:10C378000097CDE901733B460122184610F0C9F831
:10C388000FE0102816DDB3490A68550709D01022B6
:10C39800184600930392B14ACDE90132012210F008
:10C3A800B8F86FF0150407980AF02CFB20460BB07C
:10C3B800BDE8F08F72681068283292F903C06345AF
:10C3C8000ADB1BD1A3490B685C07EAD0A44B029394
:10C3D8000023CDE90033CFE752F8041F95F810E0A9
:10C3E800BEEBD14F34D15FFA81F9C1F30427C1F311
:10C3F800423BC1F3024AB9F1FF0F2BD173684FF0EA
:10C408000009326908931B68D2F8B00003F1300BB9
:10C41800002837D194F8B4302A685B0012B19289A9
:10C4280002FB0333EA689A4280F0848089490868ED
:10C4380040070AD0CDE903238A4B01220293002347
:10C448001846CDE9003310F064F86FF00B04AAE742
:10C458000133B4E750F80930FB400BEA03039A456F
:10C46800CCD010F0AAF873680BFA07FB0AFA07FA9F
:10C47800196851F8093023EA0B0343EA0A0341F823
:10C488000930BBE790FAA0F10122B1FA81F109293C
:10C4980001EB410C02FA01F288BFACF11E0C0992C3
:10C4A80042EA8162089988BF42EA0C5291F9291040
:10C4B80094BF42EA0C5242F0007201292AD1C2F319
:10C4C800130CC2F3846EBCF1000F29D101FA0EF2ED
:10C4D800D9695FFA89FA1F271143634AD96152F86B
:10C4E8002A104FEA911C01F01F010CF00C0C8F4030
:10C4F8000EFA01FE5D495BF80C2051F82A1022EA79
:10C50800070242EA0E024BF80C201A6B22F00F02C7
:10C518000A431A63099A09F1010920EA020077E738
:10C5280092FAA2F2B2FA82F2012102F01F0201FA93
:10C5380002F2CDE771686A7C0868002A55D1036960
:10C5480023F4806323F003030361AB7C13B130460B
:10C55800FFF7F8FC404604F1740610F011F81023B8
:10C56800AC46C8F80030D8F8043043F00403C8F8E3
:10C578000430BCE80F000FC6DCF80030336000263A
:10C5880026672B68002B7BD004F188050FCB85E844
:10C598000F006567A4F89860002871D0BFF35B8F1F
:10C5A80054E8003F44E80062002AF9D1BFF35B8FEA
:10C5B800D4F8880064220023633046F10001F4F7C0
:10C5C8009FFD00220023CDE9000104F108000BF0D3
:10C5D80069FD4FF0FF324FF0FF3304F158000AF0C5
:10C5E8004DFA00B12067246FDDE60A2A2BD80369CB
:10C5F80023F4806323F0030343F00103036191F9FB
:10C608002A30022BA1D11A4B4FF0010953F822A06E
:10C6180009FA02F9174B0269134003F58033B9EBA5
:10C62800134F04D1036903F4F0739A458DD00FF0CA
:10C63800C4FF0269104B09F1FF39134043EA0A03AA
:10C6480043EA094380E703490B685B073FF4A9AE57
:10C658000A4BBCE6E4080024609A0608759A0608A6
:10C668009E9A0608B19A0608643F0608243F060801
:10C67800F83E06080000FF031FFE00FCD69A0608D5
:10C6880020460FF055FFA4E7002903690ADC1B6860
:10C6980013B100201360704743689968034BB3FBDC
:10C6A800F1F3F6E76FF01500704700BF00CA9A3B38
:10C6B8007FB50BAB022205930393054B029300232E
:10C6C8001846CDE90033F7F745FC07B05DF804FBE1
:10C6D800419B0608044B05489B6A03F00303022BA1
:10C6E80018BF0020704700BF004402580024F4001F
:10C6F80008B50A4B1B6903F03803102B09D0182B17
:10C7080009D1FFF7E7FF782340085843400840085D
:10C7180008BD0348FBE70020F9E700BF00440258C2
:10C728000024F400394B10B518680B88C3F30B03C9
:10C73800102B32D813B96FF085002DE0013B0F2B79
:10C74800F9D801A050F823F0CBC7040891C7040812
:10C758003FC7040803C80408D1C704083FC7040832
:10C768003FC70408D5C70408E1C70408D5C70408AB
:10C778003FC704083FC704083FC70408EFC70408B9
:10C78800EFC70408F9C704084FF4004010600B68AD
:10C79800B3F5805F33D2002010BDD42B0FD003F641
:10C7A8002873C3F30B031C2BC5D8012404FA03F325
:10C7B800174C234215D140F211142342BBD0400834
:10C7C800E4E7FFF795FFE1E71248DFE7FFF782FFAD
:10C7D800782340085843F2E7FFF77CFF78234008A6
:10C7E80058438008D2E7FFF775FF6E230009F1E789
:10C7F800FFF770FF6E230009F2E70748C6E7C3F3A7
:10C8080013330133B0FBF3F01060C4E74008002491
:10C8180000101111006CDC020024F4004FF48013A6
:10C82800094A0A4910B5D2F88C0088420BD0581C26
:10C83800F9D0013BF7D183F31188BFF36F8F04243C
:10C84800204602DFEFE710BD0064025800030080B5
:10C8580010B50B880C4603F62C73C3F30B03202B7F
:10C8680013D8FFF7DBFF238861680020C3F30B03AD
:10C8780003F1B04303F511331A6822EA01021A6082
:10C888004FF44072024BDA6010BD6FF08500FBE791
:10C898000064025813B50B880C4603F62C73C3F3D7
:10C8A8000B03202B1DD8FFF7B9FF238861680020F0
:10C8B800C3F30B0303F1B04303F511331A680A43BA
:10C8C8001A604FF440722388C3F30B0303F1B0439B
:10C8D80003F511331B680193019B034BDA6002B027
:10C8E80010BD6FF08500FAE70064025813B5A24C3A
:10C8F800D4F8E03043F00073C4F8E030D4F8E03006
:10C9080003F000730193019BFFF788FF236823F46A
:10C9180080232360236843F48033236023689B03C8
:10C92800FCD5964A136843F480731360236F23F091
:10C9380018032367236F43F0010323678E4B1A6F95
:10C948009007FCD51A6842F480521A601A6891045C
:10C95800FCD51A6902F03802182A17D11A6852074A
:10C9680007D41A6842F001021A60834A13685B0709
:10C97800FCD5814B1A6922F007021A611A6912F074
:10C98800380FFBD19A6922F00F029A617A4B1A6824
:10C9980022F080721A601A6822F080621A601A689F
:10C9A80022F080521A609A6A22F0030242F00202D0
:10C9B8009A629A6A22F47C7242F020029A62DA6AD7
:10C9C80022F00C0242F00802DA62DA6A22F002026D
:10C9D800DA621A6B22F4FF7222F0010242F0770247
:10C9E8001A63DA6A22F00102DA621A6B22F47E42D2
:10C9F80042F400721A63DA6A42F48032DA621A6B1D
:10CA080022F4FE0242F440321A63DA6A42F4003237
:10CA1800DA621A6B22F0FE4242F080721A63DA6A16
:10CA280042F48022DA621A6842F080721A601A6848
:10CA38009401FCD59A6A22F07C7242F080729A6264
:10CA4800DA6A22F44062DA62DA6A42F40072DA627E
:10CA58001A6C22F4FF7222F0010242F06D021A648D
:10CA6800DA6A22F48072DA621A6C22F47E4242F4A4
:10CA780000721A64DA6A42F48002DA621A6C22F4EA
:10CA8800FE0242F480321A64DA6A42F40002DA6280
:10CA98001A6C22F0FE4242F040721A64DA6A42F0DE
:10CAA8008072DA621A6842F080521A60324A136859
:10CAB8009800FCD5314BDA6822F03F0242F00202BE
:10CAC800DA609A6942F440429A619A699104FCD505
:10CAD800FFF70EFE04462A48844201D209F0F2FA12
:10CAE800254B9A6922F470629A619A6922F00F02C2
:10CAF80042F008029A61DA6922F0700242F04002BC
:10CB0800DA61DA6922F4E06242F48062DA619A69F1
:10CB180022F0700242F040029A611A6A22F0700212
:10CB280042F040021A621A6922F0070242F0030238
:10CB38001A611A6902F03802182AFAD11048844298
:10CB480001D309F0BFFA0D4BDA6822F03F0242F038
:10CB58000202DA609A6942F440429A619A69920440
:10CB6800FCD5084B4FF440720020DA60064B074AA8
:10CB78001A6002B010BD00BF0044025800480258B5
:10CB8800001C4E0E006402584008002400389C1C0B
:10CB9800102808D8054BC34013F0010F14BF00201C
:10CBA8006FF0850070476FF08500704736C7010049
:10CBB80010B508880C46C0F30B00FFF7E9FF002802
:10CBC80023DBFFF72BFE626893B2C2F38450C2F3F3
:10CBD800054203F1B04300FA02F203F51133196874
:10CBE80021EA02021A6061688BB2CA0EC1F30541DC
:10CBF80003F1B0438A4003F511331868024300205B
:10CC08001A604FF44072014BDA6010BD006402589C
:10CC180008B5074813F0DEF838B10648FCF762FD9E
:10CC28000448F6F7E7FE002008BD6FF01200FBE7A6
:10CC3800681A060841CC04080A2838B50446074D86
:10CC480004D1AB680D2128465B689847AB68E1B210
:10CC580002485B689847204638BD00BF681A060836
:10CC68007FB5026944680B781078984200D38BB975
:10CC780027490A68520709D003930122254B0293DA
:10CC880000231846CDE900330FF0E3FC6FF01500E0
:10CC980004B070BD4B7803F0FB00082827D153700F
:10CCA80002250B781C4A013B266852F823208B7812
:10CCB80002F01002F06BDB43954003F0010320EA19
:10CCC80005005B00934003430120F363904026680E
:10CCD8008B78F56BC3F34003934025EA00021343B6
:10CCE800F36322681368034300201360D0E7084900
:10CCF8000B685B0708D0094B0122029300231846F2
:10CD0800CDE900330FF0A5FC6FF08500C0E700BF48
:10CD1800F4080024D39B06080C400608EB9B060881
:10CD280030B5144602690B4685B0117840689942BF
:10CD380000D383B924490A68520709D00393012212
:10CD4800224B02930023CDE9003318460FF081FCF3
:10CD58006FF0150022E05178012202FA01F5A54290
:10CD68000AD819490B685B07F2D0194B0394029350
:10CD78000023CDE90033E8E7082911D1154A0168F5
:10CD880002EB8303083113F8013C9B0003F03C03DA
:10CD9800CA5822F0FF022243CA50002005B030BD15
:10CDA8000C29FAD1013B0B4A52F823100268090FEB
:10CDB800083252F8213023F47F6323F00F03234312
:10CDC80042F82130E9E700BFF4080024D39B0608A5
:10CDD800049C06080C40060870B586B04668224CCC
:10CDE800204612F0F7FF034678B920490A6854072D
:10CDF80006D01F4A0090CDE9010201220FF029FC5C
:10CE08006FF01204204606B070BDA368311D1B6880
:10CE180013B96FF00404F5E7204698470546002843
:10CE2800F7D1014605AAF06810F024FD041E09DBBD
:10CE3800059B2A461979186803F0EEFC041E01DBED
:10CE48000024DFE7A21CFBD008490B685B07D9D098
:10CE5800084B01220394029300231846CDE90033BE
:10CE68000FF0F7FBCEE700BF08170608F408002408
:10CE7800A96F06081D9C06081FB543681C6B84B97A
:10CE880017490B68580708D0164B01222046009412
:10CE9800CDE9014323460FF091FC6FF0570004B031
:10CEA80010BD204612F096FF034678B90C490A686F
:10CEB800520708D02268009003920B4ACDE901027C
:10CEC80001220FF07BFC6FF01200E8E7A3685B68B3
:10CED800002BE2D0204604B0BDE81040184700BF40
:10CEE800F80800246B9C0608A89C0608F0B546685C
:10CEF80085B007460569B368ABB106F108000FF0C5
:10CF08006DFC041E0FDA3E490B685D0708D03D4BE7
:10CF18000293002301221846CDE900330FF04EFC9E
:10CF2800204605B0F0BD33695BB106F110000FF083
:10CF380055FC041E05DA32490B685807F0D0324B0D
:10CF4800E6E7324C204612F045FF034668B92C4903
:10CF58000A68520706D02E4A0090CDE90102012244
:10CF68000FF02CFC6FF01204DAE7A36806F1180141
:10CF78001B684BB120469847041E08DA20490B6805
:10CF88005B07CDD0234BC3E76FF05704F6E7D6E92C
:10CF980008018368DB6803B198474FF40473A5F868
:10CFA800A8300122002105F1BC0013F0DDF9F36A75
:10CFB80038469847184A2846136823F00D0313602B
:10CFC80011F024FE04460028AAD1024605F13801D2
:10CFD800284611F079FE04460028A1D12A68D2F823
:10CFE800043123F00103C2F8043101220B4B186409
:10CFF8002B68DA632A68536B43F0010353638FE7A6
:10D00800F8080024C49C0608F89C060808170608B7
:10D01800A96F06082F9D0608004000520010005016
:10D028001FB543681C6B84B917490B68580708D0AB
:10D03800164B012220460094CDE9014323460FF008
:10D04800BDFB6FF0570004B010BD204612F0C2FEC1
:10D05800034678B90C490A68520708D0226800903C
:10D0680003920B4ACDE9010201220FF0A7FB6FF0F2
:10D078001200E8E7A3681B68002BE2D0204604B042
:10D08800BDE81040184700BFF8080024569D060860
:10D09800A89C06081FB513460A46817E00680EF054
:10D0A80086FE00280DDA08490B685B0709D0074B94
:10D0B80001220390029300231846CDE900330FF0B4
:10D0C80028FC05B05DF804FB68090024EC9D0608FF
:10D0D8007FB501238DF814108DF8152005AA817EDF
:10D0E80000680EF064FE00280DDA08490B685B073B
:10D0F80009D0074B01220390029300231846CDE97B
:10D1080000330FF006FC07B05DF804FB6809002443
:10D11800079E060830B587B00D46009313460A46A9
:10D12800817E00680EF081FE041E11DA09490B6841
:10D138005B070AD0084B012202930023CDE9035470
:10D148001846CDE900330FF0E4FB204607B030BDA8
:10D158000024FAE768090024209E060830B5054631
:10D16800406885B0C368B3B100210C300FF0A8FB4C
:10D17800044680B10C490B685B0709D00B4B0122B0
:10D188000390029300231846CDE900330FF0C1FB4A
:10D19800204605B030BD0023282168681A4605B02E
:10D1A800BDE83040FFF7B6BF680900243C9E06087A
:10D1B80030B50546406885B0C368B3B101210C306D
:10D1C8000FF07EFB044680B10C490B685B0709D061
:10D1D8000B4B01220390029300231846CDE900333C
:10D1E8000FF097FB204605B030BD00232921686861
:10D1F8001A4605B0BDE83040FFF78CBF6809002427
:10D208005B9E06082DE9F0434668054607699DB010
:10D218007068002858D012F0DDFD034680B96C49CB
:10D228000A68540706D06B4A0090CDE90102012232
:10D238000FF06FFB6FF0120420461DB0BDE8F083BD
:10D248007068317A7389DA07D0F810E04FF0010C72
:10D25800D0F8088054BF43F4B01383F4D013DEF839
:10D2680000400CFA01FC23F48012DB074CBF4CEAA7
:10D27800040424EA0C04CEF80040D8F8003098479B
:10D28800041E0EDA52490B685D07D5D0524B039441
:10D29800029301220023CDE9003318460FF039FB31
:10D2A800CAE70A200FF052FB0121301D0FF008FBDE
:10D2B800041E06DA46490B685807BDD0474B03944D
:10D2C800E6E764200FF042FBB38B002B2BD1F28AE8
:10D2D8003A80328B7A80BB71337D11AA8DF8443045
:10D2E8003B791A9340F603031B93F38A1293336A2C
:10D2F8001493736A1593B36A1393338B1693F36A73
:10D308001893336B1993736B17933068B17E8368E6
:10D318001B689847041E1FDA2D490B685A078BD0E3
:10D328002F4B0394B4E75A2B05D1338B3B80F38AF8
:10D338007B800123CFE7B42B05D1F38A3B80338B65
:10D348007B800223C7E7B3F5877FC5D1338B3B804A
:10D35800F38A7B800323BEE7686804230026DA2269
:10D368000F96817E00930FAB00680EF044FD0428F1
:10D37800804610D016490B685B0709D0194B01226B
:10D38800039030460096CDE9016333460FF0C1FAA9
:10D398006FF0040414E00F9BFF2B29D00C490A6896
:10D3A80057070BD0FF2230460096CDE903320E4BCB
:10D3B8000122CDE9016333460FF0ABFA6FF0150493
:10D3C80003490B685D073FF437AF084B03945FE7E9
:10D3D80068090024799E0608999E0608B49E0608E6
:10D3E800D09E0608ED9E0608089F06081E9F0608A0
:10D3F800BF4F0BA96C68BB883868ADF83030BD4B9F
:10D408000B9020461A889B78ADF81C208DF81E30AA
:10D41800B94BD5F810901A889B78ADF820208DF874
:10D428002230B64B1A889B78ADF8242006228DF856
:10D43800263041F6CC03ADF81830FFF72BFE032257
:10D4480007A96868FFF726FE032208A96868FFF79E
:10D4580021FE032209A96868FFF71CFE022206A91B
:10D468006868FFF717FE04F1A40111226868FFF746
:10D4780011FE04F1B50111226868FFF70BFED7F819
:10D4880006007B8906220DA90D906868ADF8383032
:10D49800FFF700FE6522B0216868FFF719FE342205
:10D4A800B1216868FFF714FE8722B2216868FFF788
:10D4B8000FFE8022B3216868FFF70AFE4922B521D2
:10D4C8006868FFF705FE8522B7216868FFF700FE48
:10D4D8002022B8216868FFF7FBFD1022B92168688F
:10D4E800FFF7F6FD7822C1216868FFF7F1FD782281
:10D4F800C2216868FFF7ECFD8822D0216868FFF731
:10D50800E7FD64200FF022FA04F13801424668680A
:10D51800FFF7C0FD04F13C010C226868FFF7BAFD73
:10D5280004F148010E226868FFF7B4FD04F15601C2
:10D5380005226868FFF7AEFD04F15B010322686805
:10D54800FFF7A8FD04F15E0111226868FFF7A2FD4C
:10D5580004F16F0105226868FFF79CFD04F174016E
:10D5680003226868FFF796FD04F1770111226868C5
:10D57800FFF790FD04F1880108226868FFF78AFD2B
:10D5880004F1900103226868FFF784FD04F1930118
:10D5980011226868FFF77EFDF8683B8A06220FA90A
:10D5A8000F906868ADF84030FFF774FD3346324697
:10D5B80011216868FFF7AEFD041E07DA50490B68B1
:10D5C8005A073FF439AE4F4B039461E632200FF00F
:10D5D800BDF999F80430A3B1032B00F086804849BF
:10D5E8000A68500702D16FF08504E7E70393012228
:10D5F800454B30460096CDE9016333460FF089F973
:10D60800F1E777238DF828300AAA01233A216868C0
:10D61800FFF780FD041ED1DB00270AAA2A216868CB
:10D62800ADF82870B9F800305BBAADF82A30042399
:10D63800FFF770FD041EC1DBB9F802300AAA2B21DE
:10D6480068685BBAADF82870ADF82A300423FFF794
:10D6580061FD041EB2DB2C230AAA532168688DF8E9
:10D6680028300123FFF756FD041EA7DB01260AAA6E
:10D678005521686833468DF82860FFF74BFD041E76
:10D688009CDB4FF0FF0833460AAA5E2168688DF8D4
:10D698002880FFF73FFD041E90DB33460AAA51217C
:10D6A80068688DF82880FFF735FD041E86DB3B4649
:10D6B8003A4629216868FFF72DFD041EFFF67EAF64
:10D6C8002846FFF775FD044600283FF4B5AD0C4B1E
:10D6D8001B685B073FF4B0AD0C4B0122084902936D
:10D6E80000230390CDE90033D7E555238AE700BF2F
:10D6F800973406089A9F06089D9F0608A19F06086A
:10D7080068090024599F06083A9F0608789F06086A
:10D718002DE9F04143681446481E5A69D3F8108031
:10D72800824212D9DD69470105EB401600F0A8FBDB
:10D73800074B1B5C002043445B689BB26360EB595A
:10D748006370B37A2370BDE8F0816FF01500FAE7D3
:10D75800E1A106087FB505464668254C204612F02B
:10D7680039FB034678B923490A68520706D0224A8A
:10D778000090CDE9010201220FF030F96FF0120498
:10D78800204604B070BDA3681B687BB919490B68B3
:10D798005B0708D0194B0122029300231846CDE9F4
:10D7A80000330FF01BF96FF00404E9E72046314617
:10D7B800984704460028E9D1B36828469847234685
:10D7C800224671698B4206D32B691A602B695A600D
:10D7D8002B699A60D4E7F16901EB43118A72F16908
:10D7E800307E01EB4311184401334860E9E700BF7C
:10D7F80008170608FC080024A96F0608CA9F06082F
:10D808002DE9F041436801F100624C1E0746DD69CD
:10D81800013A1E695B6905EB4215A34227D995F8C1
:10D828000980B8F1000F04D00023AB720020BDE8D6
:10D83800F0812146304600F02BFC0028F6D0204627
:10D8480000F01EFB0B4B21461A5C3046935923F01F
:10D858001003935100F044FC214678680FF0E1F87A
:10D86800214630460FF0C9F885F80A80DEE76FF0E8
:10D878001500DCE7E1A106082DE9F04F01F100658C
:10D8880099B0D0F804A00E46013D834607A8DAF8FF
:10D898001C906B011446DAF81080013E049311F0D5
:10D8A80041FFDAF8143009EB4515B3420AD8934919
:10D8B8000B685D0755D0924B039602930023CDE980
:10D8C80000334AE0A97A01F0FF0399B18B490B684C
:10D8D8005C0709D08B4B039602930023012218465C
:10D8E800CDE900330FF07AF86FF00F07384619B01A
:10D8F800BDE8F08F3146404605930FF07EF8059B52
:10D90800074638B17D490A685007EDD07E4A03962C
:10D918000292E3E73146DBF804000FF082F86388EF
:10D9280003F47E63B3F57E6F08D10123AB726B728B
:10D93800A369AB6163692F776B61D7E721694B698D
:10D94800B3F5803F10D36D490A68520709D0039395
:10D958006E4B0097CDE901733B46012218460FF044
:10D968003DF86FF01507C1E763785B0714D19AF8A3
:10D978000C308BB961490A6854070AD0DBF80020DB
:10D98800184600930392624ACDE9013201220FF052
:10D9980025F86FF08507A9E7A288E38893420DD0A0
:10D9A80056490B685807DCD05A4B029300230122D2
:10D9B8001846CDE900330FF011F8D2E7042B09D04F
:10D9C8005A1E012A06D94D490A685207C9D003933D
:10D9D800514B72E70B7FC3F38012B2EBD31F05D014
:10D9E80046490B685F07BCD04C4BDEE70123049A1D
:10D9F800AB72A369AB61637803F0070349F802309F
:10DA080063696B61A388EB60E3882B6123691B7FE3
:10DA1800C3F380132B7723691B6863B937490A68F6
:10DA280012F0060F07D03E4A18460093CDE901329E
:10DA380002220EF0D3FF23695B6863B92F490A6895
:10DA480012F0060F07D0374A18460093CDE9013285
:10DA580002220EF0C3FF0499226959F801101368D5
:10DA680001290BBF08930793536853680CBF0793AA
:10DA780008932368C3F3C333032B1AD8DFE803F0F2
:10DA8800210223164FF480331193637803F00703C0
:10DA9800012B1BD0022B4DD0002B53D017490A68FD
:10DAA80055073FF45EAF03931F4B06E74FF440332F
:10DAB800EAE712490A6856073FF453AF03931B4B32
:10DAC800FBE60023E0E74FF40033DDE7402309934A
:10DAD800137FC3F38102C3F30113012A3FF459AF43
:10DAE800022A31D0002A42D004490B685C073FF46F
:10DAF80038AF032303930E4BDFE600BFFC08002476
:10DB0800DB9F0608FF9F060816A0060837A0060830
:10DB18004EA0060872A0060894A00608B8A0060839
:10DB2800EEA006080DA106083DA106082AA10608D0
:10DB380051A1060800230993137FC3F30112C3F30D
:10DB48008103CAE78023F6E70022012B0C923FF4F9
:10DB580020AF022B0ED0002B00F088804E490B68B6
:10DB680058073FF4FEAE032303934C4BA5E64FF44E
:10DB78008062EAE700230B9320462B7F1B020A935F
:10DB8800049B59F803309A1E534253412B72A288C2
:10DB9800002A92FAA2F3424AB3FA83F308BF4FF07D
:10DBA800FF3352F82330E2880D93002A92FAA2F349
:10DBB8003C4AB3FA83F308BF4FF0FF3352F82330DF
:10DBC8000E93297A00F09CFA14902046297A00F0E6
:10DBD800C3FA23691590587F00F00F0000F0E8FAA7
:10DBE800139007A80FF0B6F82369800012902A7ADC
:10DBF800002A3ED0A2885B693046B3FBF2F30F934C
:10DC08002378294C109300F03BF907AA01464046B7
:10DC180007F05AFC304600F033F9225C52F808301D
:10DC280043F0100342F808302B7F4BB1304600F028
:10DC380027F9225C52F8083043F0080342F808300C
:10DC4800129B3046042B16D100F01AF9235C30469B
:10DC580043445A6942F004025A6100F011F9235C06
:10DC680043445A6942F080025A613FE64FF4007318
:10DC780081E7E288BFE700F003F9235C30464344BC
:10DC88005A6922F004025A6100F0FAF8235C43440E
:10DC98005A6922F08002E7E7FC0800246CA1060814
:10DCA8005841060864410608E1A106082DE9F04339
:10DCB8000646406885B00D46C469D0F8108004EB6C
:10DCC8004114637A33B9A37A23B905B0BDE8F043A8
:10DCD8000EF0A7BE29464046D4F8049000F080F91B
:10DCE80078B1637A1BB92946404600F0CFF8A56998
:10DCF80001234A4661693046AC4605B0BDE8F043A9
:10DD080060472946404600F055F9074658B1237F39
:10DD180003B9A372637A1BB92946404600F0BCF8E0
:10DD2800A5690023E5E72946404600F06FF9144944
:10DD3800034678B10B68580708D0124B01223846C1
:10DD48000097CDE901733B460EF048FEA5696FF0D8
:10DD58000403CEE70A68520706D00B4A0090CDE9C3
:10DD6800010201220EF03AFE00232946A3727368CD
:10DD7800186900F0E5F8294670680EF052FEE5E7EC
:10DD8800FC08002487A10608A0A106082DE9F84F81
:10DD98009946436892464C1E5A691D69A24212D997
:10DDA800D3F81CB02146284667010EF026FE064629
:10DDB8000BEB441800285DD15BF80730012B07D026
:10DDC80033F0020333D06FF015063046BDE8F88F04
:10DDD800DFF8A8B0204600F053F81BF800302046C2
:10DDE8002B44C3F80CA000F04BF81BF800302B4470
:10DDF800C3F8089098F808302046DFF880904BB3B5
:10DE080000F03EF819F80010D8F80C3029440A98A8
:10DE18004A68B0FBF3F3120C120413434B6001235E
:10DE28002146284688F80A3000F024F9CDE7DFF8C3
:10DE38004CB0204600F024F81BF8003020462B4454
:10DE4800C3F808A000F01CF81BF800302B44C3F8F6
:10DE58000C90CFE700F014F819F80020D8F810104B
:10DE68002A440A985368B0FBF1F71B0C1B041F43A4
:10DE78005760D4E76FF00F06A7E700BFE1A10608D7
:10DE8800014B53F820007047B0420608014B53F885
:10DE98002130184790420608014B53F821301847A3
:10DEA8007042060808B5044B53F8213098470038EB
:10DEB80018BF012008BD00BF5042060808B5044B32
:10DEC80053F821309847003818BF012008BD00BF1B
:10DED80030420608014B53F8213018471042060813
:10DEE800014B53F821301847F0410608014B53F80D
:10DEF80021301847D041060808B5044B53F82130A3
:10DF08009847003818BF012008BD00BFB041060877
:10DF180008B5044B53F821309847003818BF012042
:10DF280008BD00BF9041060808B5044B53F82130DE
:10DF38009847003818BF012008BD00BF7041060887
:10DF48002DE9F047DFF8689088B004460D46D9F807
:10DF5800003003F00703022B24D9FFF7AFFF29464F
:10DF680006462046FFF79EFF294607462046FFF74C
:10DF7800C3FF294680462046FFF7CAFF2946824646
:10DF88002046FFF7D1FF094B03224946029300239D
:10DF98000396CDE906A0CDE904781846CDE900330B
:10DFA8000EF0BAFE08B0BDE8F08700BFE9A1060888
:10DFB80000090024084A10B552F82120074CA25C39
:10DFC800835813F0100304D0FFF778FF00F0010026
:10DFD80010BD1846FAE700BFB0420608C7A20608F7
:10DFE800084A10B552F82120074CA25C835813F058
:10DFF800080304D0FFF756FF00F0010010BD1846D3
:10E00800FAE700BFB0420608C7A206087FB5154B5D
:10E018000546154A0E4653F82130D35C03445B6924
:10E028001A0603D40024204604B070BDFFF77CFF15
:10E0380004460028F6D00D490B685B0708D00C4B46
:10E048000122029300231846CDE900330EF064FE46
:10E0580031462846FFF774FF314628460EF06BFE1E
:10E06800E1E700BFB0420608C7A20608000900247D
:10E0780011A20608044B054A53F82130D25C835894
:10E0880043F0010383507047B0420608C7A2060850
:10E09800044B054A53F82130D35CC05800F0010006
:10E0A800704700BFB0420608C7A2060838B50A4B39
:10E0B80004460A4A53F82130D25C835823F00103FE
:10E0C80083502046FFF7E4FF05460028F9D1204693
:10E0D800FFF7E2FE284638BDB0420608C7A2060888
:10E0E800054B064A53F82130D35C1844436923F0A2
:10E0F80080034361704700BFB0420608C7A2060804
:10E108001FB5C1B14389082B1CD016D8012B0ED0DE
:10E11800042B1AD00E490B685B0708D00D4B01225F
:10E12800029300231846CDE900330EF0F5FD0020D8
:10E1380005B05DF804FB0389E5E7102BEAD14FF041
:10E14800C070F5E74FF08070F2E74FF40000EFE79A
:10E15800000900241DA206081FB5C1B10389082BB8
:10E168001CD016D8012B0ED0042B1AD00E490B68E0
:10E178005B0708D00D4B0122029300231846CDE916
:10E1880000330EF0C9FD002005B05DF804FB43899B
:10E19800E5E7102BEAD14FF4C000F5E74FF4800013
:10E1A800F2E74FF40010EFE70009002453A2060835
:10E1B8001FB5032809D8DFE800F016180206022068
:10E1C80005B05DF804FB0320FAE709490B6813F072
:10E1D800060F08D0074B0222029300231846CDE908
:10E1E80000330EF099FD0020EAE70120E8E700BFC0
:10E1F800000900248DA2060830B50C464168164B6C
:10E2080085B016488D68854218BF0023087BA04258
:10E2180011D813490B685A0709D0124B039402937B
:10E22800002301221846CDE900330EF0BAFD6FF045
:10E23800150005B030BD08691B6900EBC40150F832
:10E248003400097998470028F3D005490B685B0723
:10E25800EDD0054B0394E2E770430608000802403E
:10E2680004090024CFA20608E9A206087FB50C46D7
:10E278004168174D8E681748AE4218BF00200D7BC5
:10E28800A54211D814490B685A0709D0134B0394B7
:10E298000293002301221846CDE900330EF081FDD8
:10E2A8006FF0150004B070BD0D69089E05EBC40140
:10E2B80009790096C66855F83400B0470028F1D0AF
:10E2C80005490B685B07EBD0054B0394E0E700BFFB
:10E2D800000802407043060804090024CFA206087B
:10E2E80015A306081FB542680C46164B16499068D8
:10E2F800884218BF0023117BA14211D813490B682B
:10E308005A0709D0124B039402930023012218469E
:10E31800CDE900330EF045FD6FF0150004B010BDD7
:10E3280012699B6802EBC40152F8340009799847D6
:10E338000028F3D005490B685B07EDD0054B039423
:10E34800E2E700BF70430608000802400409002401
:10E35800CFA206083AA306081FB542680C46164B1A
:10E3680016499068884218BF0023117BA14211D832
:10E3780013490B685A0709D0124B039402930023E0
:10E3880001221846CDE900330EF00BFD6FF01500A1
:10E3980004B010BD12695B6802EBC40152F8340086
:10E3A800097998470028F3D005490B685B07EDD039
:10E3B800054B0394E2E700BF7043060800080240DB
:10E3C80004090024CFA206085DA306087FB54568A6
:10E3D8000C46244BA86824491678884218BF0023A5
:10E3E800A97B687B0144B14211DA20490B685807C0
:10E3F80009D01F4B03960293002301221846CDE94A
:10E4080000330EF0CEFC6FF0150004B070BD297B10
:10E41800A14206D815490B685A07F4D0154B039446
:10E42800E9E728691B6800EBC40150F83400097952
:10E43800984768B10D490B685B07E4D00E4B012281
:10E44800029300231846CDE900330EF0AAFCDAE760
:10E45800AA6852F8243023F0FF03334342F82430EB
:10E46800D3E700BF704306080008024004090024EF
:10E4780081A30608CFA206089DA3060830B585B07B
:10E4880045681C4C204611F0A5FC034668B91A499A
:10E498000A68520706D0194A0090CDE90102012204
:10E4A8000EF07FFC6FF0120411E0A3681B688BB9B3
:10E4B80011490B685B0708D0114B01220293002316
:10E4C8001846CDE900330EF06CFC6FF004042046CA
:10E4D80005B030BD20462946984704460028E7D1B4
:10E4E800AA68084B9A42F2D1074811F073FC002839
:10E4F800EDD1D7E70817060804090024A96F060814
:10E50800CA9F060800080240BC1706080349044BC6
:10E51800D1F880209A42FBD1704700BF00640258AE
:10E52800000300800A4810B50468FFF7EFFF23686E
:10E5380023F004032360074B4068196883685B680D
:10E5480003B19847044B4FF440721A6010BD00BFE6
:10E5580094040024000500240064025838B50E4DC8
:10E568000E4BD5E90040196883681B6803B19847CA
:10E57800236843F004032360236843F008032360FF
:10E58800FFF7C4FF2B681A6842F004021A601A6881
:10E5980042F008021A6038BD9404002400050024E3
:10E5A80008B5EFF31183102282F31288BFF36F8F3F
:10E5B80060B90F4AD2F880100E4A914206D083F310
:10E5C8001188BFF36F8F6FF00A0008BD0A4A012057
:10E5D80092F8481082F8480083F31188BFF36F8FD0
:10E5E80021B9FFF7BBFF5020FAF79EFE0020ECE7A9
:10E5F800006402580003008094040024F8B516460D
:10E60800837890F803C0EFF31182102484F3128802
:10E61800BFF36F8F077890F801E0DB1B3C4603EAF5
:10E628000C039E4288BF9EB2BD190CEA0505057011
:10E6380082F31188BFF36F8F8A198A421AD17745FE
:10E648000CD1EFF31182102181F31288BFF36F8F81
:10E658000178417082F31188BFF36F8F02799B1B99
:10E668009A4205D311F075FF60B1084808F0B8FB6D
:10E678003046F8BD051901346D7904EA0C0401F837
:10E68800015BDAE70120FFF78BFFF1E7CC040024F8
:10E698002DE9F843134F0D46144607F1560807F1C4
:10E6A800180914B92046BDE8F8834FF0FF324FF03F
:10E6B800FF33384608F0E2F9224629464046FFF77C
:10E6C8009DFF064630B94FF0FF324FF0FF33484602
:10E6D80008F0D4F9A41B3846354408F093F9A4B2DD
:10E6E800DFE700BF9C04002438B504694568214869
:10E6F800606011F06FFBC8B36068296883681B68A5
:10E7080003B19847012204F10800114611F02CFECC
:10E718000122002104F12000002511F025FE1649F0
:10E7280004F1380011F0CCFE07232A46294684F864
:10E7380061300423502084F85E5084F862300F233F
:10E7480084F85F5084F84C300C2384F8605084F8C7
:10E758004D3084F8495084F84A5084F84B50FAF701
:10E7680013FE0120FFF71CFF284638BD6FF012008A
:10E77800FBE700BF08170608CBCD0508154B1B683B
:10E78800EFF31181102282F31288BFF36F8F5A685A
:10E79800500605D45A68D20713D46FF00A000BE06C
:10E7A8006FF040025A600C22013A9868FCD15A680E
:10E7B8005006EFD56FF0040081F31188BFF36F8F17
:10E7C80070475A685206F5D4986883B2002BE4D093
:10E7D800C0B2F1E794040024D8072DE9F84F0F469A
:10E7E800144604D43148FFF709FFBDE8F88F002A22
:10E7F8004ED0EFF31185102383F31288BFF36F8F88
:10E808005020FAF7B3FD06465020FAF79BFD85F332
:10E818001188BFF36F8F264B1B6803F47F43B3F552
:10E82800407F22D0B6F1000818BF4FF00108DFF88A
:10E838008490FFF793FED9F800305A68510717D42F
:10E848005B685A0614D4DFF870A04FF4803B254665
:10E85800CAF888B1D9F800305B68DB071AD4BFF36F
:10E868004F8F20BF40BF20BFF4E74FF00108DEE71D
:10E878000024FFF783FFB8F1000F05D1FFF752FE20
:10E888000B4B4FF440721A6016B15020FAF74CFD4A
:10E898002046AAE7FFF772FF0028CAF888B1D9DB3B
:10E8A800013DADB27855002DD4D1E4E7DD04002454
:10E8B800006402589404002400E100E010B5FFF75A
:10E8C8005DFF002829DB1B4CC0B294F84B3094F84C
:10E8D8004A1094F84C20591A32EA010116D194F8DA
:10E8E800603094F85F1094F86120591A32EA0101F7
:10E8F80014D15020FAF726FDFFF714FE0E4B4FF403
:10E9080040721A60002384F848300EE0E1180133A1
:10E918001A4081F84E0084F84B2010BDE1180133ED
:10E928001A4081F8630084F860200448BDE810406C
:10E9380008F068B89404002400640258B404002461
:10E94800C3780F2B14D9C96B0B480B0E00EA911032
:10E9580013708B02090603F47C0301F0FE410343A4
:10E9680010680B430549014000200B4313607047B2
:10E978006FF08500704700BF00FF0300FF000080B4
:10E9880000487047F84306082DE9F0412D4E1C4613
:10E9980092B0054633688846174603F00703022BF2
:10E9A80009D9294B03223146029300231846CDE9A1
:10E9B80000330EF092FA3022002106A812F082FAF3
:10E9C8005A23082041F2883204A9CDE904384FF4CB
:10E9D800005307934FF48073CDE909034FF4806324
:10E9E80028460B934FF08073CDE90D3410F0E6FC08
:10E9F800044690B133685A070AD0144B0390029327
:10EA08000023CDE9003301220E4918460EF065FABD
:10EA18006FF0040012B0BDE8F08141F28832394647
:10EA2800284610F052FD48B133685B07F0D0084B18
:10EA380003900094CDE901432346E4E7C5F890002C
:10EA4800E8E700BF140900241AA4060827A406084A
:10EA58004BA4060830B5002585B00446C0F8905090
:10EA680010F0F0FC88B10E490B685B0709D00D4B1C
:10EA78000122039028460095CDE901532B460EF05C
:10EA88002CFA6FF0040005B030BD4FF0FF324FF0A4
:10EA9800FF3304F1640007F0F1FFD4F89000F2E7C7
:10EAA8001409002463A406082DE9F04FB7B0D0F884
:10EAB80004A00669074622AA0021DAF818000EF019
:10EAC800D9FE051E07DB229B00221979186801F080
:10EAD800A3FE051E0EDA44490B685C0714D0434BAD
:10EAE8000122039502930023CDE9003318460EF066
:10EAF800F4F909E03E4D0AF10408D5F80890D9F870
:10EB080000302BB96FF00405284637B0BDE8F08F08
:10EB180041462846984704460028F3D1D9F80C30D6
:10EB2800002BEFD00CAA4146284698470028E9DB7D
:10EB38000C9A204603460130DAF81440B2FBF0F193
:10EB48008C4203D2B0F5807FF4D10346736030461F
:10EB5800DAF8102092FAA2F3002AB3FA83F308BF76
:10EB68004FF0FF33013B336106F040FB012206F111
:10EB78004C00114611F0F8FB0122002106F1640057
:10EB8800DFF8648011F0F0FBDAF80C30384698476B
:10EB980018230EAA00213869FFF7F6FE054660B172
:10EBA800D8F800305807AFD0124B012241460395E0
:10EBB80002930023CDE9003398E70E9A0E49D8F85E
:10EBC80000308A4203F007031AD04BB10B4B414681
:10EBD800039201220090CDE9010303460EF07DF96E
:10EBE8006FF0150590E700BF1409002487A40608F4
:10EBF80008170608A6A4060853464450BBA40608EE
:10EC0800022B17D99DF83E30032241460133079362
:10EC18009DF83F3006939DF83C3005939DF83D30B4
:10EC280004933B6800900393AF4BCDE9010303467F
:10EC38000EF053F99DF83E3010AA012B164697BFE7
:10EC480001331023DBB2DB00D3180B930B9AD8F8EF
:10EC58000030B24203F0070300F0F880F279022B8B
:10EC6800347844EA02241CD97379B2791B029F498B
:10EC780043EA02433279134303220893F378079354
:10EC880073780693B378CDE9044310ABF31ADB101D
:10EC98000393974B029300231846CDE900330EF0F7
:10ECA8001CF9B4F57F4F40F0AF80F37871799B0081
:10ECB800B27909023079502B41EA024122AA28BFD1
:10ECC800502301433869FFF75FFE0446002840F0EF
:10ECD800AE80239BD7F81090002B7A6809F1840B3B
:10ECE80080F2948023F000430121A3F12004C3F1B2
:10ECF800200001FA03F301FA04F421FA00F00443B6
:10ED0800DB08126943EA4474D8F8003094420CD006
:10ED180059071ED0774B01227449029300230394AC
:10ED28001846CDE900330EF0D8F8D8F8003003F0D3
:10ED38000703022B0DD9240D03226C4904943B6868
:10ED480003936D4B029300231846CDE900330EF070
:10ED5800C4F800230124C9F88430CBF804302146D4
:10ED680001345A4622A8E4B20BF1020B0EF035F832
:10ED7800052CF4D1F3780A2B89BF2C9B4FF48073B0
:10ED8800C3F30312012388BF9340A9F88C30229B58
:10ED9800C3F34143012B40F0BD800DAA22A93046A0
:10EDA800FFF7CEFD80BB9DF834309A072CD09C0726
:10EDB800386904D55149FFF74DFE044640BB34225B
:10EDC800002115A812F07EF8B72314A93869149306
:10EDD8004FF480731A93FFF73DFE0446C0B999F8C3
:10EDE800BF3043F0010389F8BF30D8F8003003F092
:10EDF8000703022B08D9424B03223C490090CDE976
:10EE0800010303460EF069F808361FE7013377E778
:10EE1800D8F800305A070AD03A4B012233490293F6
:10EE2800002303941846CDE900330EF056F8D8F8BD
:10EE380000305B070AD0344B01222C49029300238F
:10EE480003941846CDE900330EF047F83E697B6815
:10EE5800B6F88C003246196906F10807002392F8C3
:10EE680084402CB192F885400BB19C4200D22346D5
:10EE780002329742F3D1D8F8002002F00702002BA3
:10EE880061D001249C40631E034208BF0446B1FBC5
:10EE9800F4F704FB17136BB1022A0BD91B4B03229F
:10EEA80002930023CDE9034118461049CDE9003308
:10EEB8000EF013F8D8F8003003F00703022BC6E968
:10EEC8001F747FF621AEDAF8103003220749049345
:10EED8004FF0104303930E4B029300231846CDE9DD
:10EEE80000330DF0FAFF0FE6D3A406081409002436
:10EEF800F5A4060816A5060830A506080044060865
:10EF080042A506085BA5060878A506088CA506088C
:10EF1800D5A50608022BD8F800207FF475AF99F81C
:10EF2800BF3043F0010389F8BF3002F00703022B1A
:10EF38007FF66AAF0C4B03220C4902930023184654
:10EF4800CDE900335EE75AB16FF0850207491846EC
:10EF580000930392064ACDE9013201220DF0BDFF6C
:10EF68006FF01205D0E500BF42A506081409002479
:10EF7800BDA50608F0B500268B6285B00546C0F829
:10EF88009060174610F05EFA044688B116490B687F
:10EF98005A0709D0154B03900096CDE90163334613
:10EFA800012218460DF099FF6FF0040005B0F0BD7E
:10EFB8003946284610F022FB50B10B490B685B0715
:10EFC800F2D00B4B03900094CDE901432346E7E7C9
:10EFD8004FF0FF324FF0FF3305F1640007F04EFDAC
:10EFE800D5F89000E2E700BF1409002463A40608DE
:10EFF800FAA506082DE9F04F0D1E95B006461446F1
:10F00800C0F28680D0F80490AA184FEAE5734FF052
:10F018000001D9F8100043F10003904271EB03039B
:10F0280076D3002C39D0382206A8D6F8108011F0F3
:10F0380049FF4FF480724FF48063DFF8E4A04FF08B
:10F04800FF3B4046CDE90C2398F8BF3013F0010F81
:10F058000CBF4FF400534FF4405309930DF04CFF8D
:10F06800514630690795FFF7F5FCD9F810300027AD
:10F07800A34216D1C72306A9306906930D97FFF757
:10F08800E9FCD9F81030E41A30460DF07FFF002C67
:10F09800E6D130694C300DF010FF204615B0BDE8C0
:10F0A800F08F08F1840308F18C0045EA040C5A78C3
:10F0B8005AB10BFA02F13CEA010106D117B179788D
:10F0C800914202D21A781F46069202338342EED149
:10F0D80047B106A93069FFF7BDFC7A780123934050
:10F0E8001D44D0E70C490B685B0705D130466FF02B
:10F0F80015040DF04BFFCCE7084B0122384600976A
:10F10800CDE90173CDE903453B460DF0E6FEEDE799
:10F118006FF01504C1E700BF1409002412A6060801
:10F12800004406082DE9F04F0D1E95B0074691469C
:10F138001E46C0F297804068AA194FEAE5734FF05F
:10F148000001006943F10003904271EB0303C0F032
:10F158008980002E00F08980342207A811F0B2FEC1
:10F1680002234FF4807C386906934FF48063DFF8FC
:10F178000CB1CDE90CC34FF080730F9390F8BF30FA
:10F1880013F0010F0CBF4FF400534FF44053099391
:10F198000DF0B2FEB6F5807FB0464FEA152259460B
:10F1A80028BF4FF48078386908EB0503013BB2EBC0
:10F1B800132F1CBF5FFA85F8C8F58078FFF74AFC63
:10F1C800044690B9D7F810A006A90795CAF8900088
:10F1D8005046CDF8408010F035F90346C0B12449B7
:10F1E8000A68500709D16FF0040438694C300DF0F3
:10F1F80064FE204615B0BDE8F08F03931D4B0094C4
:10F20800CDE901432346012218460DF066FEEAE7E0
:10F2180005904946504610F0B9F9059B48B1144984
:10F228000A685207DFD0144A03900093CDE90132EF
:10F23800E9E74FF0FF324FF0FF330AF1640007F0BF
:10F248001DFCDAF89040002CCFD13846A6EB080612
:10F258000DF09CFEC144454404460028C5D1002E4B
:10F2680098D1C2E76FF01504C3E73446C1E700BF81
:10F278001409002463A40608FAA506080044060831
:10F28800004870474444060830B5134D1348D5F874
:10F29800803800EA8320124BB0F5001F1C6813D297
:10F2A80074B9800C4FF4003418600120C3E90140A0
:10F2B80095F881585C61C5F108004004C3E903056D
:10F2C800032010600B6030BD24B9400C18604FF467
:10F2D800003058600120F4E700E0F11F00FCFF0354
:10F2E800685600247FB5054606691B4C204610F079
:10F2F80071FD034678B919490A68520706D0184AB9
:10F308000090CDE9010201220DF072FE6FF01204A7
:10F31800204604B070BDA368311D1B687BB90F4936
:10F328000B685B0708D00F4B012202930023184695
:10F33800CDE900330DF05CFE6FF00404E8E72046E9
:10F34800984704460028EAD128690C300122114662
:10F3580011F00AF8DCE700BF0817060818090024AE
:10F36800A96F060873A606081C4BF0B59D69540CD6
:10F378001B4B09682646D3F880781A4B03EA4723C3
:10F388009A4214D2002D09DB01F10C0201F110039D
:10F398000121C0E90041C0E90223F0BDB2F5801F98
:10F3A80010D201F10C0201F110030221F1E7B2F5CC
:10F3B800801F0ED3002DA4F1080401F5867201F513
:10F3C8008873F2DAA6F1080401F5867201F58873EC
:10F3D800DEE700231A4619461C46DAE700200052E9
:10F3E80000E0F11F00FEFF0130B5046887B0256911
:10F3F80015F0C06F14D03249236E0A6812F0060F58
:10F408000ED0C3F30E0302225B010493012303937E
:10F418002C4B029300231846CDE900330DF0E8FD8C
:10F42800294B6361294B2B4011D025490B6858079C
:10F438000AD0274B01220495029300230392CDE9B9
:10F44800003318460DF0D4FD6FF0040028E0D4F81E
:10F45800105115F0C06F13D01949D4F8602108680D
:10F4680010F0060F0CD0C2F30E021648009352019A
:10F4780004920222CDE90130039218460DF0B8FD3E
:10F48800144BC4F81431114B1D4208D0124A15EA26
:10F49800020307D0D4F814311343C4F81431002000
:10F4A80007B030BD06490A685207CDD0022204953C
:10F4B80000930392064ACDE901320122C1E700BF59
:10F4C800180900248AA606080F00EF1F0000EE1591
:10F4D800A5A606080F00EF9F0000088008B54FF0AA
:10F4E800FF334FF0FF320C3007F0C8FA0349044BE2
:10F4F800D1F888209A42FBD108BD00BF00640258A9
:10F508000003008070B51546234A0C468AB0D2F82D
:10F5180080180646214A02EA8122B2F5001F15D258
:10F52800B4F5801F12D26119B1EB520F0ED91C49E4
:10F538000B68580708D01B4B01220293002318467A
:10F54800CDE900330DF054FD002023E093B1E2062D
:10F5580010D013490B685B07F6D020230122CDE9B0
:10F568000343114B029300231846CDE900330DF0F5
:10F578003FFDE9E707AA214630460DF075FC002853
:10F58800E2D1691E07AA304621440DF06DFCB0FA9D
:10F5980080F040090AB070BD00E0F11F00FCFF03D5
:10F5A80018090024BBA60608E2A606082DE9F043C0
:10F5B8001C4687B000239046224607460E46FFF7B2
:10F5C800A1FF034688B921490A68520708D0204A92
:10F5D8000090CDE90102CDE9036401220DF008FD98
:10F5E8006FF0150007B0BDE8F0836CB3EFF3118935
:10F5F800102383F31288BFF36F8F012383F31388DB
:10F60800144D6B6943F480736B61BFF34F8FBFF385
:10F618006F8F224606F10061404611F02BFC002353
:10F6280083F313886B6923F480736B61BFF34F8F87
:10F63800BFF36F8F89F31188BFF36F8F386907B0F5
:10F64800BDE8F043FFF7D0BE2046CBE718090024F9
:10F6580034A7060800ED00E07FB5044611F03EFA35
:10F668000A220023F1F74CFD10F5FA56206941F102
:10F678000005FFF7B9FE002803DA6FF0040004B0B4
:10F6880070BD23691B681A69520704D4D3F81001A6
:10F6980010F00400F3D011F021FA0A220023F1F748
:10F6A8002FFD864275EB0101EBDA08490B68580714
:10F6B800E3D04FF4FA5301220393054B029300233E
:10F6C8001846CDE900330DF093FCD6E7180900245D
:10F6D8005EA7060810B503691C6819B1FFF7BCFFDF
:10F6E80078B110BDE368DA0717D4D4F80C31DB071A
:10F6F80011D50D4BC4F8043103F18833C4F8043133
:10F7080009E0E36843F00103E360D4F80C3143F007
:10F718000103C4F80C310020E3E7034B636003F1F5
:10F7280088336360E1E700BF230167452DE9F04FA7
:10F7380089B007460D4690460A46016904A8FFF7B6
:10F7480013FEDDE905368BB939490A68500708D038
:10F75800384A184603950093CDE9013201220DF08D
:10F7680047FC6FF0150009B0BDE8F08F346814F05D
:10F77800010402D06FF00400F5E73846FFF76CFF8C
:10F788000028F0DB05F1006505F120022B46D3E9DE
:10F798000001B1F1FF3F08BFB0F1FF3FEAD10833E4
:10F7A8009342F4D1336843F002033360BFF34F8FC1
:10F7B800DFF87CB008EB040158F804204B682919DD
:10F7C800C1E90023BFF34F8F11F088F90A22002303
:10F7D800F1F796FC10F1640941F1000A079B1B68D8
:10F7E8005B0719D511F07AF90A220023F1F788FC92
:10F7F80081457AEB0101F1DADBF800305A070BD0CA
:10F8080064230122594603930B4B029300231846A5
:10F81800CDE900330DF0ECFB0834202CCAD1384672
:10F82800FFF71AFF336823F0020333609BE700BF3A
:10F83800180900246FA706085EA70608013A2DE9F3
:10F84800F041064688B0884600205518234F4545A4
:10F8580017D34246316904A8FFF786FDDDE9053470
:10F8680093B91F490A68520709D01E4A1846CDF8AD
:10F878000C800093CDE9013201220DF0B9FB6FF045
:10F88800150008B0BDE8F0812368DB0702D56FF0EA
:10F898000400F6E73046FFF7DFFE0028F1DB2368B7
:10F8A80023F4E0632360049B22681B0203F4E063F3
:10F8B800134343F004032360236843F08003236069
:10F8C800BFF34F8F3046FFF7C7FE2368002803EACF
:10F8D80007032360D5DB08F50038B8E7FBF8FFFF1E
:10F8E800180900246FA70608F0B5012387B006465B
:10F8F8000F461446FFF706FE034688B92B490A68E7
:10F90800520708D02A4A0090CDE90102CDE90374D4
:10F9180001220DF06DFB6FF01505284607B0F0BD0C
:10F92800002C41D03069FFF7D9FD00213046FFF7A0
:10F93800D1FE054660B101213046FFF7CBFE1D4BD5
:10F948004FF440729A6030690C3007F05BF8E4E7D6
:10F95800224639463046FFF771FF174A0546536974
:10F96800DB0319D504F5FF34144904F5FF7407EADD
:10F9780001033C440C40E41A002C0DDD03F1006344
:10F98800BFF34F8F203CC2F85C322033002CF9DCE7
:10F99800BFF34F8FBFF36F8F01213046FFF79AFEF9
:10F9A800002D08BF0546CAE72546B6E71809002412
:10F9B80089A706080064025800ED00E00000FEFF79
:10F9C8002DE9F0411E4686B0012390463246054691
:10F9D8000F46FFF797FD034690B91D490A6852077D
:10F9E80008D01C4A0090CDE90102CDE90376012236
:10F9F8000DF0FEFA6FF01504204606B0BDE8F08160
:10FA080026B32869FFF76AFD00212846FFF762FE42
:10FA1800044660B101212846FFF75CFE0E4B4FF407
:10FA280040729A6028690C3006F0ECFFE4E7334630
:10FA38004246394628460DF0EAFA0446012128468E
:10FA4800FFF748FE002C08BF0446E7E73446D3E733
:10FA580018090024B4A70608006402582DE9F843E1
:10FA6800D0F804801746D0F810900D46D8F8080052
:10FA78001E460CF0A7FCB7F5001F044616D1D8F8AF
:10FA880008402846FBF77AFC84420CD129460CF042
:10FA980099FC04460CF099FC2046FBF735FC002144
:10FAA8002046FBF7DDFB0020BDE8F883B7F5800FA3
:10FAB80020D0B6F1806F19D0B6F1C06F18D0B6F16A
:10FAC800007F1AD102264A460F492046FBF7FCFB65
:10FAD800B0B9D8F808102846FBF728FC204631466C
:10FAE800FBF7BEFB2046FBF7A3FBDCE70126EAE7B2
:10FAF8000326E8E76FF08500D6E76FF01500D3E737
:10FB08006FF00F00D0E700BFC1D105084FF4801394
:10FB1800094A0A4910B5D2F8A00088420BD0581CEF
:10FB2800F9D0013BF7D183F31188BFF36F8F042419
:10FB3800204602DFEFE710BD006402580003008092
:10FB480038B543680C465D68FFF7E0FF4FF4407234
:10FB580000206B6963406B61014B1A6238BD00BFBE
:10FB68000064025870B543680D4614465E68FFF796
:10FB7800CDFF4FF44072002073695C402C405C401C
:10FB8800014B74611A6270BD0064025838B503698C
:10FB9800044658600A4D284610F01CF960B1AB685D
:10FBA80061681B680C3123B12846984700EAE07069
:10FBB80038BD6FF05700F9E76FF01200F8E700BFA3
:10FBC800081706082DE9F8431646456801248846B3
:10FBD80002F0300799468C40FFF798FF6A68C6F331
:10FBE8008013C6F3C111C6F3412622EA040203FAC0
:10FBF80008F3202F43EA020304FA08F26B6002EBD1
:10FC08004200D5F808C002FB01F102FB06F66FEAD4
:10FC180000032CEA000C41EA0C01A960E96821EA1A
:10FC2800000146EA0106EE600FD1B8F1070F18D8B7
:10FC380002FA08F1286A01FA08F1C1EB011401FB84
:10FC480009F120EA04000143296229683F090B40B1
:10FC580057434FF440721F43094B2F601A62BDE8A7
:10FC6800F883240A696A64436443C4EB041004FB00
:10FC780009F921EA000141EA09016962E5E700BFE3
:10FC8800006402581FB50C4B0C29D3F8082828BF6C
:10FC98000C2112BA0C460192D3F8042812BA029227
:10FCA8000A46D3F8003801A91BBA039311F0E2F809
:10FCB800204604B010BD00BF00E0F11F1D4AD2F875
:10FCC800D030D2F8D010C3F300634902D2F8D01074
:10FCD8004FEA4303D2F8D02048BF43F0010349015B
:10FCE80048BF43F010031201124A48BF43F0100303
:10FCF800D2F8D010C900D2F8D010D2F8D02048BF1E
:10FD080043F01003890048BF43F010039202094AE8
:10FD180048BF43F00403D2F8D0201102064A126902
:10FD280048BF43F00803520648BF43F0800303600E
:10FD3800002070470044025800480258074A002033
:10FD4800D2F8D03043F48033C2F8D030D2F810342F
:10FD580043F40073C2F81034704700BF00440258DF
:10FD680030B504694068C0684568ED0107D5436847
:10FD78004A6823F47F0343EA0243436030BD246B9F
:10FD88001D4D14F0010F44682AD044F40064446007
:10FD980044682C40234343600B7A9C0728D43AB329
:10FDA80013785B0724D4436843F080734360436847
:10FDB800039A23F000734360436823F4806313437A
:10FDC800436043684A6823F47F0343EA024343607D
:10FDD800036843F001030360436843F40053CCE72E
:10FDE80024F40064446044682C4044EA4303D2E7A6
:10FDF800436823F08073D9E700FCFFFF2DE9F04F3B
:10FE0800476887B00C46D0F81080FB680025DFF8FB
:10FE180054B10593FB69AB4218D8D8F83030C3F316
:10FE28004203012B5BD0022B00F088804D490B6800
:10FE38005A0708D04C4B0293002301221846CDE9FB
:10FE480000330DF01FFA6FF0150030E00C26D7F8DC
:10FE580018A0464A6E430AEB0609D9F804309342C3
:10FE680033D027D8424A934231D0424A934230D0C5
:10FE7800DBF80030590709D03F4B0122394902937A
:10FE880000231846CDE900330DF0FCF90023D8F81B
:10FE98003020C2F34202B2EB530F1ED15AF806309B
:10FEA800A3421AD1D9F80830059A0020136107B087
:10FEB800BDE8F08F314A93420DD002F5C31202F526
:10FEC80020629342D4D10A23E1E70623DFE7022325
:10FED800DDE70423DBE70823D9E701359AE741F298
:10FEE8005C2C4FF47A6740F2E2464FF4FA7502212F
:10FEF800234B4A1EB4FBF2F2B3FBF2F2B7FBF2F06B
:10FF08000138FF2823D8BCFBF2FE0EF1FF3EBEF1FC
:10FF1800FF0F1CD8B5FBF2F8B8F10F0F17D8B6FBD6
:10FF2800F2F2013A0F2A12D802394EEA084343EA9C
:10FF3800017343EA025343EA0023B5E740F2145C35
:10FF48004FF416774FF4FA7640F27715CFE7013180
:10FF58001129CED103490B685B073FF474AF094BF5
:10FF680069E700BF3009002417AA060840420F00BD
:10FF7800A0860100801A0600FCA9060840E13300AB
:10FF880000CA9A3B92AA06081FB5026992F85C302B
:10FF980083B90A490A68520707D0094A18460093E4
:10FFA800CDE9013201220DF0E8FA6FF0040005B046
:10FFB8005DF804FB136B00200B60F8E72C090024A4
:10FFC800C5AA06087FB50B4642680169D26881F860
:10FFD8005E3033B9136823F44013136007B05DF83B
:10FFE80004FB08490A685207F8D004930122036801
:08FFF8000393054B0293002363
:020000040805ED
:100000001846CDE900330DF0BCFAEBE72C090024CB
:10001000E3AA0608F0B50446436806690F4621487E
:1000200087B0DD680022596883680592DB688BB968
:100030001D490B685B0708D01C4B0122029300236B
:100040001846CDE900330DF09CFA6FF00404204609
:1000500007B0F0BD05AA98470028E9DB376306F131
:1000600018074FF0FF324FF0FF33384606F00AFD15
:100070002B68204623F001032B6096F85E10FFF7F3
:10008000A5FF20460599FFF7BDFE96F85D300446B2
:100090001BB12B6843F001032B60384606F0B6FC19
:1000A000D5E700BF081706082C090024F7AA0608A0
:1000B0002DE9F043044687B0476805694FF0FF32E9
:1000C00000214FF00009284610F052F93B68204605
:1000D000984785F85C9085F85E90012205F118003C
:1000E000114610F045F94A4E30460FF077FE0346B0
:1000F00080B948490A68570706D0474A0090CDE9B9
:10010000010201220DF03DFA6FF01204204607B003
:10011000BDE8F083D4F8048005AA4946D8F8140055
:100120000DF0ACFB002807DB059B4A4619791868DF
:1001300000F076FB00283BDA36490A68560709D0FA
:10014000364B01220390029300231846CDE9003379
:100150000DF017FA3B69324A93424CD040D8314AED
:1001600093424AD0304A934249D02A490B685A07F1
:1001700008D02E4B0122029300231846CDE900330C
:100180000DF0FFF90021204641F01001FFF742FF7A
:10019000041E38DA1F490B685B07B7D0244B0122D5
:1001A000029300231846CDE900330DF0EAF9ADE7DC
:1001B000B368D8F804101B686BB916490B68580768
:1001C000C8D01C4B0122029300231846CDE900330E
:1001D0000DF0D7F9BEE7304698470028BAD0ECE7D3
:1001E000154A93420DD002F5C31202F520629342E4
:1001F000BBD10A21C7E70621C5E70221C3E70421D5
:10020000C1E70821BFE70123002485F85C307DE7C2
:10021000081706082C090024A96F060825AB060854
:1002200040420F00A0860100801A0600FCA90608C3
:100230005FAB060843AB060840E133000346F0B568
:1002400053F8186D87B005467268D16897685C1AD4
:10025000184B24115C430C2303FB047738460DF044
:10026000E7F9031E10DA14490A6852070AD001227E
:10027000CDE90343114B029300231846CDE9003327
:100280000DF0F6F907B0F0BD15F9082C9342F9D03E
:100290004FF0FF304FF0FF3105F8083C003B3A8942
:1002A00018BF0123CDE90201012130460091F9F781
:1002B000DBFBE7E7CDCCCCCC2009002404AC06085E
:1002C0002DE9F04F466889B04FF000084FF0010B60
:1002D000F5680690183507957368434505DC337D4E
:1002E000002B40F0AE80002446E00C23D6F808A096
:1002F00003FB08F70AEB07045AF807000FF06EFD3E
:10030000034688B953490A6856070AD05AF80720A5
:10031000126800900392504ACDE9010201220DF0CB
:10032000A7F96FF0120427E0E3885AF80700217953
:1003300043F48032046913F0010F0BFA01FCD0F88A
:1003400008E0236814BF4CEA030323EA0C0323608C
:10035000DEF800309847044690B13E490B685D07CF
:100360000AD03E4BCDE903800293002301221846B8
:10037000CDE900330DF07CF9204609B0BDE8F08FDF
:10038000069B284645F8183C316910F0C9F8337DC2
:10039000002B52D1D6F80890A5F11401304B09EB8F
:1003A000070A9AF804200BFA02F245E9043259F8D8
:1003B00007008268D469C4B10122A047041E17DA7D
:1003C00024490B685807D7D0264B012202930023FB
:1003D0001846CDE900330DF04BF91E490B685B0759
:1003E000CAD0214BCDE90384BEE76FF05704E7E79D
:1003F00050460DF01DF905F8080C59F807009AF859
:10040000041083689C69ACB14FF0C0634FF0A072D8
:10041000A047041E11DA0F490B685A07ACD0134BE2
:1004200001220394029300231846CDE900330DF016
:100430001FF9D2E76FF05704EDE708F101085035D6
:100440004AE732680A230798A2FB032306F06EFDF1
:1004500049E700BF20090024A5B4060820AC06081F
:100460005BD6050840AC06085CAC060863AC060821
:100470002DE9F041456806460769B6B028680FF0D7
:10048000ADFC034680B9AC490A68550706D0AB4AB3
:100490000093CDE9013201220DF01EF96FF0120434
:1004A000204636B0BDE8F0813E60381DAB8805F1CE
:1004B0001008A3493B7510F007F828690FF08EFC6F
:1004C000034628B99C490A685407E7D09D4ADFE7EC
:1004D000A86800B305F108040FF080FC034628B9B2
:1004E00095490A685207D9D0974AD1E720464FF478
:1004F000D0110DF0CDF8041E0DDA8F490B685B07A3
:10050000CED0924B0293002301221846CDE900334E
:100510000DF0E2F8C4E74FF4B01140460DF0B8F822
:10052000041E05DA84490B685F07B9D0884BE9E7F8
:10053000C820002110F0ECF8AB688BB105F108047D
:10054000012120460DF0F6F800210A2010F0E0F815
:10055000002120460DF0EEF83220002110F0D8F8EE
:1005600000214FF4FA7010F0D3F84FF48031404678
:100570000DF08EF8041E05DA6F490B685E078FD008
:10058000744BBFE72869297D826803699469B4B117
:100590004FF001081B6808FA01F21A424FF0A072EE
:1005A00014BF4FF000734FF08063A047041E09DAB8
:1005B00061490B685D073FF473AF674BA2E76FF0CB
:1005C0005704F5E72B7D654A08FA03F34FF000085E
:1005D000C7E9072344F28103CDF81880ADF816303F
:1005E0002B7E6BB3042306AA0DF1160130460DF0E5
:1005F00082F840452DDA2B7E0DF1160106AA304611
:100600003B7504230DF077F84B4904460B6803F063
:100610000703022B0BD93B7D03224046CDF8008017
:1006200003934F4BCDE9018343460DF055F8002C61
:100630000FDA41490B6858073FF432AF494B61E785
:10064000042306AA0DF1160130460DF054F80446B5
:10065000EDE7454B069A9A420CD037490B685A078A
:100660003FF41CAF414B0122029300231846CDE911
:10067000003311E74FF48F44B822002108A80794F3
:1006800010F024FCBA230DF11E020DF116013046C4
:10069000ADF816400DF02FF8041EFFF601AF9DF8DF
:1006A0001E30002B3FF4FAAE00220DF11E0113465E
:1006B000013211F8010B92B20344B82ADBB2F7D130
:1006C0005B429DF8D620DBB29A427FF4E7AE01236D
:1006D00000220DF11E018DF823301346013211F86E
:1006E000010B92B20344B82ADBB2F7D15B424FF060
:1006F0000108BC2207A930468DF8D6308DF8D78086
:100700000DF02CF8041EFFF6CBAE28698368DB6978
:1007100063B1424607F118019847041E09DA0649F9
:100720000B685B073FF4BCAE114BEBE66FF0570470
:10073000F5E70024B4E600BF24090024A8AC0608AD
:1007400081160408C8AC0608F3AC06081AAD060802
:100750003DAD06085EAD060885AD0608D1D6050894
:10076000B3AD0608E8AD0608393131000EAE060813
:1007700040AC060830B587B04568002105AAE86896
:100780000DF07CF8041E07DB059B00221979186820
:1007900000F046F8041E0EDA1C490B6858071DD0FD
:1007A0001B4B03940293002301221846CDE900332A
:1007B0000CF0ECFF12E0174C20460FF00FFB034645
:1007C00078B912490A68520706D0134A0090CDE959
:1007D000010201220CF0DAFF6FF01204204607B08C
:1007E00030BDA36869681B6853B120469847041E52
:1007F00009DA06490B685B07F0D0084B0394D1E790
:100800006FF05704F5E70024E8E700BF4C09002427
:100810004EAE060808170608A96F06086CAE060853
:100820002DE9F047044600EBC10600251C4FB442F9
:1008300001D1002014E02068C30600F01F0911D484
:10084000656845F02005C0F3481AC0F3442010281D
:1008500023D857F82080B8F1000F0DD16FF01200A7
:10086000BDE8F087B9F1100F04D0B9F1110FEAD14A
:100870006568E8E73025E6E740460FF0AFFA002864
:10088000ECD04B462A460AF00F0140460CF0AEFC75
:10089000002804F10804CADAE2E76FF01500DFE788
:1008A000E4480608B1F5807F22D016D8102921D05F
:1008B0000FD8012920D0042908BF012318BF08231D
:1008C0001049026AC85C02238340134023FA00F0F7
:1008D0007047402908BF0323F0E7B1F5805F0DD0D2
:1008E000B1F5803F0CD0B1F5806F08BF0523E5E777
:1008F0000423E5E70223E3E70023E1E70623DFE73C
:100900000723DDE799B006082DE9F0470F460139C6
:100910008CB0984605291646BDF85030446810D969
:1009200097490B685C0709D0964B03970293002305
:1009300001221846CDE900330CF0CBFF6FF0150013
:1009400018E02268B2F1804F17D08F48824214D04D
:10095000B6F5803F11D98A490B68580708D08B4BF0
:100960000122029300231846CDE900330CF0B1FFB9
:100970006FF085000CB0BDE8F0878548032F03F4C5
:10098000807A50F821500BD9BAF1000F11D12846C6
:10099000D146CEB9136A23EA000313620020E9E7C7
:1009A0007C4850F82190BAF1000F09D0B9F1000F3E
:1009B00008D173490B685A07C0D0774B0397B5E746
:1009C0002846E6E74846E4E7A7686FBB013ED2F851
:1009D00020C003F0010730EA0C0C4FEA470744D16E
:1009E000B0F5807F00F0C18032D8102800F0BF80C1
:1009F0002AD8012800F0BD80042808BF012318BFB1
:100A00000823664D106AED5C0223AB40AF4020EA3C
:100A100003031F43624B176253F82130414620689D
:100A200098472368DE62B9E7102F02D108F1FF383A
:100A3000CCE727F0400CBCF1200F01D0402F97D11C
:100A40004FEA58087608C2E7402808BF0323D6E7D4
:100A5000B0F5805F00F08F80B0F5803F00F08D80B2
:100A6000B0F5806F08BF0523C9E704A80EF0F9FEB2
:100A7000602304930123BAF1000F26D00693294680
:100A8000099723681B6A35EA03030CBF012300237F
:100A900005932068FFF706FF0890CDF81C8004AA94
:100AA0002946206804F0F6FE10B335490B685B0751
:100AB00008D03C4B0122029300231846CDE90033B5
:100AC0000CF007FF6FF0040054E705930897B9F1A5
:100AD000000FE2D0236849461B6A39EA03030CBFC2
:100AE0000123002306932068FFF7DCFE0990D4E77A
:100AF0002268B5F5807F136843F080031360226895
:100B00002BD01FD8102D2AD018D8012D04D0042D99
:100B100008BF012018BF0820234B1832195C234B53
:100B20005558185C082383402B4353502368DE62DA
:100B30002268536943F0010353612FE7402D08BF3A
:100B40000320E7E7B5F5805F0BD0B5F5803F0AD00D
:100B5000B5F5806F08BF0520DCE70420DCE7022044
:100B6000DAE70620D8E70720D6E7042349E702237F
:100B700047E7002345E7062343E7072341E700BF94
:100B800058090024F5AE0608000C00400AAF06081C
:100B9000A04A0608944A060843AF060899B006081A
:100BA0007C4A06086AAF0608ABB00608A2B0060881
:100BB0002DE9F0438DB006694568544F38460FF073
:100BC0000DF9034680B952490A68560706D0514AC2
:100BD0000090CDE9010201220CF07BFE6FF01204BF
:100BE00020460DB0BDE8F083D7F8089005F10C0859
:100BF000D9F800309BB1414638469847041E11DAB7
:100C000043490B685D07EBD0434B039402930023E9
:100C100001221846CDE900330CF05BFEE0E76FF0EF
:100C20005704EDE7D9F80C3043B304AA41463846DF
:100C30009847041E24DB394B05A81B6904F0B0FD5E
:100C4000079BD6E9010133608368DB6803B19847ED
:100C500005AA002168690CF011FE041E07DB059B44
:100C6000002219791868FFF7DBFD041E0FDA284906
:100C70000B685A07B4D02A4B0394C7E76FF05704A8
:100C800023490B685807ABD0264B0394BEE705A851
:100C900000240EF0DDFD6B6805A9ADF81430AB68DB
:100CA000CDE907440693286804F09EFD78B1184901
:100CB0000B685B0708D01C4B012220460094CDE94D
:100CC000014323460CF005FE6FF0040488E72B680F
:100CD000164A93420FD002F5806293420BD002F580
:100CE0007052934207D002F58062934203D002F51E
:100CF0008062934203D15A6C42F400425A642A68DB
:100D00000024136843F00103136069E7081706081D
:100D100058090024A96F060894AF06080044025839
:100D2000D6AF0608B4AF0608F4AF060800000140CD
:100D300043681B6803F1080252E8002F42F00102E9
:100D400003F1080040E800210029F3D1154A93423D
:100D50001BD0A2F54C42934217D002F58062934219
:100D600013D002F5806293420FD002F58062934265
:100D70000BD002F54442934207D0A2F51C429342A5
:100D800003D002F58062934203D15A6842F04002D8
:100D90005A6053E8002F42F4807243E80021002992
:100DA000F7D170470010014043681B6803F1080247
:100DB00052E8002F22F0010203F1080040E8002170
:100DC0000029F3D1154A93421BD0A2F54C4293421D
:100DD00017D002F58062934213D002F580629342ED
:100DE0000FD002F5806293420BD002F54442934249
:100DF00007D0A2F51C42934203D002F580629342D1
:100E000003D15A6822F040025A6053E8002F22F4BE
:100E1000807243E800210029F7D17047001001409B
:100E200030B502690C46436887B010681D68D96800
:100E30008368DB6873B910490B685B0708D00F4BF8
:100E40000122029300231846CDE900330CF041FE45
:100E500007B030BD05AA98470028ECDB2B6823F4C7
:100E600000432B60002CF3D0059B03EB5403B3FB32
:100E7000F4F39BB2EB60EBE770090024F7AA0608D5
:100E8000F8B50C46036941685D682379012B15D0DC
:100E90009F1E7E427E41B6026279022A96BF444F6F
:100EA0004FF4005737F81270A279022A09D0042AA9
:100EB0002FD0003B18BF01231B0306E04FF4C06690
:100EC000EAE7B3FA83F35B091B07E2790968012AB1
:100ED00014BF4FF0000C4FF4407CA5421CD10A68AF
:100EE00022F0805222F4B05232431A430A604B6817
:100EF00023F440533B434B6043681A68936823F4E0
:100F0000407343EA0C0393602968BDE8F840FFF79B
:100F100087BF4FF48053D8E7D1F800E00EF4C06EDD
:100F2000764506D0D1F800E02EF4C06E4EEA0606F3
:100F30000E6041680E68716801F440518F4204D020
:100F4000716821F440513943716041680E6831681D
:100F500001F010218B4204D0316821F010210B43A5
:100F60003360436819688B6803F440739C4505D06F
:100F70008B6823F4407343EA0C038B6043681B685F
:100F80009968490405D5032A09D09A6822F4804259
:100F900004E0032A03D19A6842F480429A602168EF
:100FA0002B68994203D0FFF73BFF23682B60F8BD05
:100FB000A45106082DE9F04106464768046986B049
:100FC000754820600EF00AFF034680B973490A682D
:100FD000520706D0724A0093CDE9013201220CF08B
:100FE00078FD6FF01204204606B0BDE8F08120685D
:100FF000F96883681B6883B9684B6FF057041B68F6
:101000005B07F0D0674B0122644902930023184626
:10101000CDE900330CF05DFD29E09847044610BB94
:1010200005AA0021386A0CF029FC041EDBDB059BB5
:10103000002219791868FFF7F3FB041ED3DB7568EB
:1010400033692C68D3F80480236823F001032360FC
:1010500068680EF0C3FE034660B950490A68540739
:10106000BFD0514AB7E74D4B1B685D07CAD1002C72
:10107000B9DBD5E7D5E901018368DB6803B198479F
:1010800054E8003F43F00C0344E80032002AF7D153
:1010900041463046FFF7F4FE2B7D1BB1A36843F0B9
:1010A0000803A3606B7D1BB1636843F40043636076
:1010B000AB7D1BB1636843F480336360EB7D1BB190
:1010C000636843F4003363602B7E002B4ED0374BB4
:1010D0009C4231D0A3F54C439C422DD003F5806354
:1010E0009C4229D003F580639C4225D003F58063A0
:1010F0009C4221D003F544439C421DD0A3F51C43E0
:101100009C4219D003F580639C4215D0284B9C4229
:1011100012D022490B68580702D16FF0150462E71C
:10112000336801220393234B029300231846CDE931
:1011300000330CF0CEFCF0E773681A68936843F450
:101140008043936023686A7E23F0787343EA4253B6
:1011500023602368AA7E23F4F81343EA0243236042
:10116000EB7E1BB1A36843F40043A3602B7F1BB14C
:10117000236843F000532360236843F00103236096
:10118000E3699A02FCD5E3695B02FCD57B6A3046D1
:101190000024984727E700BF0817060870090024B5
:1011A000A96F0608DEB00608FEB006080010014070
:1011B000000C005819B10608F8B5436802460E46FF
:1011C00091F805E01C68036908795D6801288B794E
:1011D0001FD1BEF1020F76D9022B1F464FF4C0611A
:1011E0004FF4005C00F08780042B7FD020B1C31E39
:1011F000012B7DD94FF48050BCF5805F00F08580D5
:10120000BCF5405F00F08380BCF1000F1CD10123CE
:101210001BE002280AD1BEF1020F60D9022B1F4643
:101220004FF480610BD04FF4005CDDE7BEF1020F9C
:1012300058D9022B1F4657D1002862D00021C31E67
:10124000012B55D9002002270323734550D10CF000
:1012500089FBB8424CD1F3791BB3012B59D12E4BEA
:101260009C421ED0A3F54C439C421AD003F58063E8
:101270009C4216D003F580639C4212D003F5806334
:101280009C420ED003F544439C420AD0A3F51C4374
:101290009C4206D003F580639C4202D01F4B9C42C7
:1012A00026D123683146104623F001032360FFF75F
:1012B000E7FD236843F00103236096E8030085E817
:1012C00003000020F8BD4FF4C061154F022B37F822
:1012D0001EC01F4688D170B94FF080508CE74FF484
:1012E0008061F2E70021F0E700219CE7002881D02F
:1012F0006FF08500E6E7C31E012BF9D90227002015
:101300007AE701464FF080509EE700239DE70223D5
:101310009BE7032BA3D0EBE700100140000C005823
:10132000A451060810B50446406986B010F47870E0
:1013300018D00D490B685A070BD00C4B01220490B2
:1013400003930B4B029300231846CDE900330CF0B6
:10135000CDFD63695B0603D5A36943F04003A36138
:101360006FF0040006B010BD6409002444B3060801
:101370002BB206082DE9F043054689B00669476897
:10138000DFF8748140460EF029FD034680B95449C8
:101390000A68520706D0534A0090CDE901020122A3
:1013A0000CF0A4FD6FF01204204609B0BDE8F083F4
:1013B000D8F80890B969D9F800308BB14046984701
:1013C000041E10DA46490B685F07EDD0464B0293C6
:1013D000002301221846CDE900330CF087FDE3E736
:1013E0006FF05704EEE77B69012B12D9B969D9F880
:1013F0001830083153B1002240469847041E08DADD
:1014000037490B685E07CFD0384BE0E76FF05704E1
:10141000F6E707AA002178680CF030FA041E07DB13
:10142000079B002219791868FFF7FAF9041E0EDAF3
:101430002B490B685D07B7D02D4B01220394029313
:1014400000231846CDE900330CF050FDACE7BB6833
:10145000284698470127B568D6E9023203EBC20354
:101460009D4204D3304600240CF072FD9CE72868AE
:101470000EF0B4FC034680B919490A68540791D0AC
:101480002A7904922A68126800900392194ACDE9D9
:10149000010201220CF02AFD84E728682979EB88F3
:1014A000DA07D0F810C007FA01FED0F8088054BF60
:1014B00043F4B01383F4D013DCF8004023F480121B
:1014C000DB074CBF44EA0E0424EA0E04CCF80040CB
:1014D000D8F800309847041EFFF666AF0835BBE722
:1014E00064090024A96F060836B2060851B206083E
:1014F00088A4060873B20608081706082DE9F04FFD
:10150000984693B0436882460F4606691D68914627
:1015100006931AB9B8F1000F00F09982BB889904BC
:1015200000F109814FF0FF324FF0FF3306F1100058
:1015300005F0A8FA77609DF870300AACDFF800C5B6
:1015400086F84C301D9B73641E9BB364DAF8103030
:10155000DAF804B00793BCE80F000FC49CE80F0052
:1015600084E80F00079BDBF800401B689F42BB88A4
:1015700040F0ED801A0508D5B9F1000F00F0E480C5
:101580004FF4C12120460CF098FBBB8842464946E7
:101590003046C3F34513082B0CBF012302230CF084
:1015A000B1FB2C68EB6804F4006403F4C0231C4313
:1015B000069B1B7FEBB1BB88DA071AD4002C40F0E6
:1015C000B081494638460CF06FFCB0F10009C0F21A
:1015D000C680414638460CF067FC0028C0F23582D0
:1015E0008145B8BF81466B681B0C1B0443EA0903A5
:1015F0006B602B6843F001032B60EB685B0200F12A
:101600009D8101200EF0DAFBDAF8107038680028AE
:1016100040F09D81069B1B7F1BB12B6943F00803A3
:101620002B612B6943F020032B612B6943F04003AE
:101630002B612B6943F080032B612B6943F480738A
:101640002B612B6943F400732B61B8F1000F03D0B9
:101650002B6943F001032B612B694FF4FA580A27D9
:1016600006F1280A43F002032B6196F84C30002B58
:1016700000F07A81B4F5C12F736E54D1069A1468C4
:10168000002B49D1F26E002A46D032689288D107E9
:1016900015D4D6F85CC01846604540F0B081C2F35E
:1016A000022293FBF2F102FB1131002940F0CA81C2
:1016B0006168B3FBF2F30A0C1204134363604FF446
:1016C000C02120460CF0F9FA236843F0010323609F
:1016D000E3685A0200F19A8101200EF06FFB069B2D
:1016E0001B7F002B40F09B81236943F02003236183
:1016F000236943F040032361236943F0800323619E
:10170000236943F480732361236943F400732361E5
:10171000236943F0010323612B68EC6803F4006341
:1017200004F4C0241C43736E002B9ED1F36E002B77
:101730009BD1994656E1B369002B7FF4F3AE7368F1
:101740009F427FF4EFAEF6E64FF4C0211AE7C3F3F1
:101750004512082A0AD0102A08D06FF08509002304
:10176000736006F1100005F051F944E11B0405D542
:10177000E36823F4601343F40023E360AA48DBF832
:1017800014208368012ADBF81810DB6834D908318B
:101790007BB9A6490B68580708D0A54B02930023D4
:1017A00001221846CDE900330CF0A0FB6FF00409CC
:1017B000D5E709AA98470028EBDB099A0123386886
:1017C00022FA03F1814223D90133092BF8D1974939
:1017D0000B685C070DD0130A52080593954B0293D2
:1017E0000023CDE90302CDE90033012218460CF0B5
:1017F0007DFB6FF01509B2E72BB98C490B685A07CE
:10180000D4D08D4BCAE709AA98470028D5DAF4E767
:10181000226812A922F0010201EB83032260A26870
:1018200053F8243C22F0E0421343A360BB889B079B
:1018300003D4E36823F0007302E0E36843F000732D
:10184000E360BB8813F0040FE36814BF43F08073B8
:1018500023F08073E360B98811F4006104D0B9F11A
:10186000000F52D04FF4C12120460CF026FABB885D
:1018700013F0100FE36814BF43F4000323F40003D4
:10188000E360A36823F48003A360BA68BB88002ADE
:101890003ED0D80706D4E368D90003D4236843F4C4
:1018A00080532360E36823F0105343F08063E360C8
:1018B000BB8813F0010FE36814BF23F4800343F4E3
:1018C0008003E360BB88C3F34513082BA36823F0B0
:1018D0001F030CBF43F0070343F00F03A360E3684B
:1018E000DBF8102023F00F031343E360E368DBF819
:1018F0000C2023F0F00343EA0213E360A36823F40F
:10190000F073A360079B1F603FE64FF4C021ABE775
:1019100013F0010FE36823F0105308BF43F00053A6
:10192000C5E7B4F5C12F38460CBF494641460CF017
:10193000BBFA00288146BFF656AE10E72B6843F489
:1019400000732B602B689F053FF55BAEFAE7836859
:10195000002B3FF45FAE012108300CF0D7FA3B6852
:1019600018690EF02BFA55E6706D1A46824225D1A1
:101970000022D6F85CC01146614526D1934238BF9B
:10198000134608FB03F233681B68B2FBF3F2C8325C
:10199000A2FB0723504605F075F8E8B123490B6810
:1019A000580708D0254B0122029300231846CDE9A1
:1019B00000330CF09BFA6FF07309D0E6316D01EB48
:1019C000C201013249680B44D0E7B06D00EBC100A1
:1019D000013140680244CFE7D6F84090B9F1000FDA
:1019E0003FF448AE96F84C30002B3FF4B8AEB9F156
:1019F000000FFFF6B4AE484613B0BDE8F08FB16DEE
:101A000001EBC001013049680B4445E6236843F40B
:101A10000073236023689B053FF55EAEFAE72369F8
:101A200043F0080323615FE60817060864090024F1
:101A300097B20608EFB20608C3B206081EB306083E
:101A40002C3406082B68EB68D3E6814687E6C1464E
:101A5000D1E700BF4FF0E0230F4910B59C691A6928
:101A600008689B6902F480320C4934B993B9034683
:101A70004AB90A681044C01A10BD002B08BF0346BB
:101A80000AB9A342F5D90A6802440A604FF0E0227D
:101A90001269EEE70446F3E7A8580024A45800248E
:101AA0000A4B1022002083F823204BF68032084B8B
:101AB0001A604BF67F32074B18604FF0E0235A61F3
:101AC00098611A6942F007021A61704700ED00E060
:101AD000A8580024A4580024684620F007018D4629
:101AE00019B5FFF7B7FF1149114B0868D3E9004258
:101AF000001942F10002C3E900020E4A00230B6004
:101B00004BF68033D2E90041001BB0FBF3F04343B6
:101B10001B1941F10001C2E9003106F0E7F9F7F7BE
:101B200023F8BDE819408546704700BFA45800243B
:101B300020310024183100242DE9F041DFF8F08035
:101B400099B1421C0BD14FF0E022136923F001033D
:101B500013614FF07F43C8F80030BDE8F081D8F83A
:101B60000060012807DC00270BE0431CD8F8006068
:101B7000F7D14FF4AE7040F25D139842A8BF1846FB
:101B8000471EEFF31185102383F31288BFF36F8F85
:101B9000FFF760FF224C4FF0E0239969D4E900235E
:101BA00080184FF0000243F10003C4E900031D4B0D
:101BB0001A601D4B1A68831A2ED44BF6803C0CFB1E
:101BC000073303F53B437F33B3FBFCF7131A40F6AF
:101BD000B8320CFB0733934238BF1346134A934283
:101BE00028BF1346C8F800304FF0E022013B90694F
:101BF0005361002381429361A1EB0003D4E90012F9
:101C000038BF9B195B1842F10002C4E9003285F32A
:101C10001188BFF36F8FA0E740F6B833E2E700BF4B
:101C200020310024A45800241831002400E2FE00D2
:101C3000A858002438B5EFF31185102383F31288D8
:101C4000BFF36F8F084B1C68084B1B68E41AFFF743
:101C500001FF85F31188BFF36F8F4BF6803320446B
:101C6000B0FBF3F038BD00BF203100241831002450
:101C700038B5EFF31185102383F31288BFF36F8F0C
:101C8000044B1C68FFF7E6FE85F31188BFF36F8FE6
:101C9000204438BD2031002410B5EFF31184102307
:101CA00083F31288BFF36F8FFFF7D4FE054AD2E9A2
:101CB0000031C01841F1000184F31188BFF36F8F28
:101CC00010BD00BF2031002470B50F4C064665687A
:101CD0003DB1E36923B1636BA3B10024204670BD1D
:101CE000012518233246022003FB0544F1F7BAFA16
:101CF000064B43F825000028EFD00023C4E9010675
:101D0000E360EBE70225ECE7B8580024AC58002468
:101D10000C4B426819688A420CD059688A420BD031
:101D2000996891420AD102220021416053F82200B1
:101D3000F1F786BA0022F7E70122F5E700234360B6
:101D4000704700BFAC580024014B0020136070475F
:101D5000A04D06082DE9F0478AB080460F4616468A
:101D600004240DF1180A4FF00209D8F80000B8F861
:101D700004308DF818708DF819608DF82490CDE935
:101D800007A99DF82420816842F002028DF82420E2
:101D900001228D6807A9A8470546A8B1013C052086
:101DA0000CF0F7FA14F0FF04DFD109490B685B0768
:101DB0000AD0084B012220460094CDE90143CDE929
:101DC000036723460CF0D4FA28460AB0BDE8F08732
:101DD00088090024D2B306082DE9F04F8DB00746DC
:101DE0000E46904604240DF1170A4FF001094FF0FA
:101DF000000B07223868BB888DF817608DF820B07B
:101E00008DF82C20CDE906A9CDE909899DF82C2073
:101E1000816842F002028DF82C2002228D6806A90A
:101E2000A8470546A0B1013C05200CF0B2FA14F019
:101E3000FF04DED108490B685B0709D0074B01227C
:101E4000204603960094CDE9014323460CF090FA16
:101E500028460DB0BDE8F08F88090024F0B30608CD
:101E60002DE9F04F154604698BB0804610222946B3
:101E700020460FF0A2F8002800F0C2806968002216
:101E80007B4B5868884208D1DE68A868864204D136
:101E90001E682868864200F0B78001321833062A8F
:101EA000EFD174490B685B0708D0734B0122029392
:101EB00000231846CDE900330CF05AFA6FF0850480
:101EC00020460BB0BDE8F08F06270DF127028421D4
:101ED0003046FFF781FF041EC0F2BB809DF827202B
:101EE0008421304622F01F023A43FFF733FF041EDD
:101EF000C0F2AF804FF4967000210CF048FAD8F889
:101F000004A0D5E9019BB9F5207F20D0B9F5C86FB1
:101F100078D0B9F5A07F03D1032719E00227D4E7D1
:101F200054490B6858070AD0544B012202930023EE
:101F3000CDE9039B1846CDE900330CF019FA6FF098
:101F400004044C490B685A07BAD04D4B87E002276E
:101F50001FFA89F3504613FB07F506931FFA8BF31C
:101F6000ADB217FB03F60793C5F5C862B6B202EB34
:101F7000D27206F10801C6F59663C2F34F0289B228
:101F800003EBD373019105F11001C3F34F0389B241
:101F9000009109210CF009FA041ED2DB0799B6FB67
:101FA000F7F3B5FBF7F20191A3EB0B030699A2EB54
:101FB0000902C3F34F030091C2F34F029121D8F8F5
:101FC00004000CF0F2F9041EBBDB01229021504604
:101FD000FFF7C0FE041EB4DB47EA07129921504602
:101FE000FFF7B8FE041EACDB0E229A215046FFF725
:101FF000B1FE041EA5DB4FF4967000210CF0C7F96A
:1020000000245DE70127A3E795E80F0084E80F00AF
:10201000D8F804600022FE212F683046FFF79AFEB0
:10202000041E16DB174B9F423FF44EAF164B9F42E8
:102030003FF474AF0F490B685E0708D00E4B0122C6
:10204000029300231846CDE900330CF091F96FF0AC
:10205000850408490B685D073FF432AF0B4B0293D0
:10206000002301221846CDE900330CF081F927E75F
:10207000A04D0608880900240DB4060848B40608D7
:1020800065B40608524742505955595628B40608B7
:102090001A4B994237B5144606D00133994219D0EC
:1020A0006FF0850003B030BD45680DF107021721C0
:1020B0002846FFF791FE0028F4DB9DF8072022F068
:1020C0000302002C18BF42F0010217212846FFF737
:1020D00041FEE7E745680DF1070217212846FFF7A3
:1020E0007BFE0028DEDB003C9DF8072018BF0124A2
:1020F00022F0030242EA4402E7E700BF1409980015
:102100002DE9F041446805468CB020680DF066FE6C
:10211000034680B963490A68520706D0624A0090B4
:10212000CDE9010201220CF023F96FF012042046E0
:102130000CB0BDE8F081A0680DF050FE034680B9F8
:1021400058490A685707F0D0A268126804922A68B2
:1021500000930392554ACDE9013201220CF008F9AF
:10216000E3E720690DF03AFE034628B94D490A68B5
:102170005607DAD02269E8E76E684FF4B01106F12D
:1021800008000CF0D2F804460028D0D164200021C9
:102190000CF0FDF84FF4D01106F110000CF0C5F86A
:1021A00004460028C3D10A2000210CF0F0F8337D4A
:1021B00030690121994003691B68194283680CBF8B
:1021C0001B69DB6898470A2000210CF0E0F86E6874
:1021D0000DF11F02F0213046FFF7FEFD041E3FDA2D
:1021E000E4B2002CA3D18022FE2168680026FFF70C
:1021F000B1FD4FF496700CF0CCF82D4CD5F804805E
:1022000040F25F27627840462178FFF7A3FD00285F
:1022100003DB01360234BE42F4D1264A4FF4A073E8
:10222000F0212846CDE908234FF4207308AACDE910
:102230000A136FF00301FFF713FE044600283FF472
:1022400076AF18490B685B073FF471AF1A4B012258
:10225000029300231846CDE900330CF089F866E7B5
:1022600008AAF1213046FFF7B7FD041EB8DB9DF840
:102270002030552B03D19DF81F20212AB3D00949C6
:102280000A6812F0060FAED0049302229DF81F30A8
:1022900003930A4B029300231846CDE900330CF058
:1022A00067F8A0E78809002482B406089AB40608F3
:1022B0002DB5060852474250DEB40608B5B40608EC
:1022C00070B51368254C4568A342006914D033D813
:1022D00004F17A4404F5750404F20B54A3420BD0C4
:1022E00028D81F4CA34207D004F13E7404F50534EE
:1022F00004F54074A3422ED121F0020404342AD103
:10230000D2E902647443B4F5162F24D8C0F89C3087
:10231000D368C0F8A8309368C0F8A0305368C0F8FC
:10232000A430286983681B680BB1984708B16FF027
:10233000040070BD0B4CDDE70B4CA342DCD004F570
:102340007F340134A342D7D0A4F1C264A4F10714AE
:10235000A4F56064CEE76FF01500EAE74742524704
:10236000424138314752424758595556002B1FB504
:102370000C460DDA09490B685B0709D0084B03923C
:102380000122029300231846CDE900330CF0F6F841
:10239000204604B0BDE8104001F00ABC8C090024BE
:1023A000EBB906082DE9F04F8FB0D0F80490D0F8C3
:1023B0001080064607AA0021D9F80C000BF05EFA3F
:1023C000041E994D07DB079B002219791868FEF758
:1023D00027FA041E11DA2B685D070AD0934B0122FD
:1023E00091490293002303941846CDE900330CF081
:1023F000C5F820460FB0BDE8F08FD6F804B03769B5
:10240000DBF818000DF0EAFC0346F8B92A68540717
:102410000FD16FF012042B685F07EAD0844B0122C2
:102420008149029300231846CDE900330CF0A6F849
:10243000DFE7DBF8182029461268009003927D4AF6
:10244000CDE9010201220CF099F8E2E70BF1200C32
:1024500007ACDFF8FCA1BCE80F000FC49CE8070044
:1024600084E80700BDF81E3007AACDF830A043F479
:102470007E63ADF81E30DBE90601836801311B681D
:1024800098470446002836D02B6858070DD0DBF853
:102490001C300122294601330393674B029300232A
:1024A0001846CDE900330CF069F8002CB3DB7768EF
:1024B000624C20460DF092FC0346002840F09880C4
:1024C0002A68560714D05E4A57490090CDE90102A8
:1024D00001220CF053F82B68590709D0594B02938D
:1024E0000023012250491846CDE900330CF046F88C
:1024F0006FF004047DE74B234FF480624FF480417A
:10250000CAF80C00CAE901304FF48053CAE9042329
:102510004FF480734C4ACAE906134FF40033CAE9FA
:102520000830DBF81430934215D1DBF81C20D2B907
:10253000464BC7F84CA004374548CAF80030CAF8E3
:10254000387000F095FD0028B1D02B685B0744D1AE
:102550006FF004045FE73F4A93423CD1DBF81C2054
:102560002AB93D4BE5E7012A05D13C4BE1E7012AB9
:1025700005D13B4BDDE7022A05D13A4BD9E7022AC8
:1025800005D1394BD5E7032A05D1384BD1E7032ACA
:1025900005D1374BCDE7042A05D1364BC9E7042ACC
:1025A00005D1354BC5E7052A05D1344BC1E7052ACE
:1025B00005D1334BBDE7062A07D1324BB9E7324B81
:1025C0003249062A18BF0B46B3E7304B3049072A79
:1025D00008BF0B46ADE72D4BABE72E4B012212494E
:1025E000029300231846CDE900330BF0C7FFAFE795
:1025F000A3681B68A3B139462046984700284DDAE6
:102600002B685C073FF474AF234B012203900293C5
:10261000002305491846CDE900330BF0AFFF5AE718
:102620006FF05700ECE700BF8C0900240FBA0608D2
:102630007FBA06082FBA060847BA06080817060820
:10264000A96F0608C0BA0608000002401000024048
:1026500010590024000402401004024028000240E7
:10266000280402404000024040040240580002405A
:10267000580402407000024070040240880002408A
:1026800088040240A0000240A0040240B8040240B6
:10269000B80002406ABA06089ABA0608404640F8EE
:1026A000646B0DF0FCFD08F180000DF0F8FDD9F829
:1026B00008303046984708F1040000F0B3F90446AA
:1026C00028B12B685A073FF413AF0E4B07E74FF4BE
:1026D0007A7000210EF01CF82B685B0701D40024EF
:1026E00087E633680422084920460493074B039386
:1026F000074B02930823CDE9004323460BF03EFF2E
:10270000EDE700BFD7BA06088C09002472BB0608A3
:10271000F3BA06087FB50469456861BB2E69B368E2
:102720009B68E3B130469847B36805469B6923B17F
:1027300001226FF001013046984785B9201D00F055
:1027400035FA80B126490B685E0708D0254B009505
:10275000CDE901532B46012218460BF00FFF6FF015
:10276000040004B070BDD4F8AC1004F164000DF0A6
:10277000D8FD0020F5E70022002304F1640004F0F6
:1027800013F9C4F8AC0070B915490B685C0707D0A1
:10279000154B01220090CDE9010303460BF0EEFE3C
:1027A0006FF00B00DDE7C36800214268201D9B0825
:1027B00000F07CF948B10A490B685B07CFD00B4B9E
:1027C00002930023CDE90033C5E7286983689B683D
:1027D000002BC4D0012198470028CAD0BFE700BF12
:1027E0008C09002401BB060815BB060836BB060889
:1027F0001FB509490B6813F0060F0AD0074B0222D8
:102800000393074B029300231846CDE900330BF0E6
:10281000B5FE05B05DF804FB8C090024A4BB0608D6
:102820008362060830B585B0054600F0F9F900224C
:10283000002305F1600004F0B7F80446A0B914497C
:102840000B685B070AD5134B04220393124B0293C8
:102850000823CDE9000303460BF090FE284605B09F
:10286000BDE830400BF0D9BE0EF03CF90A2200233F
:10287000EEF74AFC2061D5F8A830E2685968606834
:102880000EF0FCFA214605F17C000DF04AFDE5E76B
:102890008C09002488BB06084FBB0608494B30B59D
:1028A0001A6902F03802102A00F08880182A0CD029
:1028B000002A40F085801A68434812F0200F03D0A8
:1028C0001B68C3F3C103D84030BD996A9D6ADC6AB6
:1028D00015F47C7FC5F305105A6BF5D0C2F3CC021A
:1028E00004F0010401F0030107EE900A6243B7EE21
:1028F000006A0129B8EEE77A06EE902AFAEEE96A54
:102900004ED002293ED000294AD11A68920627D516
:1029100019682D4AC1F3C1011B6BCA40C3F30803F8
:1029200007EE902AF8EEE75AC5EE877A07EE103ADE
:10293000B8EEC77A37EE267A37EE067A67EE877AF0
:10294000204B1B6BC3F34623013307EE103AF8EE1E
:10295000C76A87EEA67AFCEEC77A17EE900AB3E74D
:102960001B6BC3F3080307EE903AF8EEE77A77EEB5
:10297000A67A77EE867A9FED156AC6EE076A67EE4D
:10298000A67ADDE71B6BC3F3080307EE903AF8EE77
:10299000E77A77EEA67A77EE867A9FED0D6AECE716
:1029A0001B6BC3F3080307EE903AF8EEE77A77EE75
:1029B000A67A77EE867A9FED076ADEE7064883E718
:1029C000064881E7004402580090D0030024744C6C
:1029D0000024744B0024744A0024F40000093D00D4
:1029E00008B5FFF75BFF0B4A0B4993699269C3F384
:1029F000032302F00F02CB5C03F01F0320FA03F362
:102A0000885C064A00F01F0023FA00F01060044AB8
:102A1000136008BD00440258EFBB06083C080024C0
:102A20004008002410B5044600283AD090F835300C
:102A30000BB90BF0F1FD022384F83530A3690BB11B
:102A4000002363622268184B11680B4013606069B1
:102A5000636822680343E068116803432069034305
:102A6000A0680343A0690343206A0343606A0343E9
:102A7000A06A0343E06A0343206B03430B431360E4
:102A80006368102B02D1E26923689A6122680020F2
:102A9000D36843F01E03D3600123E06484F835302B
:102AA00010BD0120FCE700BF07F0E0FFF7B50446CA
:102AB00090F8340015461E4601284FF002003ED023
:102AC000D4F800C0012784F83500B3F5803F84F8BE
:102AD0003470DCF8000040F48040CCF80000D4F8FA
:102AE00000C0DCF8000020F00200CCF80000D4F8B0
:102AF00000C0DCF8000041EA00012A48CCF80010D0
:102B0000DFF8A4C0A16CC1F83CC0A16CC8644FF050
:102B10000001A06C0165A1632164E163616410D2CE
:102B20002168A06C283100F06FFC002831D04023D0
:102B3000E36484F835700023012084F8343003B056
:102B4000F0BDA36CC3F844C0A7636264E663E36BA3
:102B5000B3F5803F16D2A36B2168023B2831A363F3
:102B6000A36B2364E36BE26B05EB830300922A46BD
:102B7000A06C01F04BFB60B14023E364012384F8B7
:102B80003530D8E7E36B5B08E363A36B5B00A363BB
:102B9000DDE722680020136843F00103136084F826
:102BA0003400CCE74FE605089DE5050838B51B4B1A
:102BB0004FF4FA52044602251B68B3FBF2F34FF4BC
:102BC0007A72534390F83420012A20D00122016800
:102BD00080F8355080F834200A6822F001020A603B
:102BE0000268013B15D1E36C032543F02003E36445
:102BF000136823F480431360A06C00F033FDE36C92
:102C0000E364012384F83530002384F83430284607
:102C100038BD156815F00105E3D1E9E74008002447
:102C200090F834100346184A0129126829D001216E
:102C300080F8341090F83510022920D14FF4FA5161
:102C4000B2FBF1F24FF47A714A43052180F8351056
:102C50000068016821F001010160013A0BD1DA6CD2
:102C6000032042F02002DA64012283F8352000229A
:102C700083F83420704719680968C907EDD400202B
:102C8000F5E70220704700BF4008002438B503680C
:102C900004461D6969070DD504225A61C36C43F0CF
:102CA0000203C36480F83520836C1E4A1A65806C69
:102CB00000F06CFEAA070FD5236802225A61E36C6C
:102CC000184A43F00103E364042384F83530A36C0D
:102CD0001A65A06C00F05AFEEB0605D52368102299
:102CE00020465A610BF0C3FC280705D5236808224B
:102CF00020465A610BF0BCFCE90712D523681A681C
:102D0000920703D5DA6822F01E02DA6022682046B4
:102D1000D36823F00103D360012223685A61FFF7CF
:102D200081FD38BD4FE60508F0B504685D4D866D40
:102D3000AC4245D05C4FBC4242D01837BC423FD079
:102D40001837BC423CD01837BC4239D01837BC4287
:102D500036D01837BC4233D01837BC4230D007F5D4
:102D60005677BC422CD01837BC4229D01837BC4209
:102D700026D01837BC4223D01837BC4220D0183791
:102D8000BC421DD01837BC421AD01837BC4217D0ED
:102D9000464FBC4214D01437BC4211D01437BC4249
:102DA0000ED01437BC420BD01437BC4208D01437B5
:102DB000BC4205D01437BC4202D01437BC4207D104
:102DC000D0E919476760C46E14B1D0E91C47676049
:102DD0000468AC4237D0344DAC4234D01835AC42E4
:102DE00031D01835AC422ED01835AC422BD0183526
:102DF000AC4228D01835AC4225D01835AC4222D090
:102E000005F55675AC421ED01835AC421BD01835AE
:102E1000AC4218D01835AC4215D01835AC4212D09F
:102E20001835AC420FD01835AC420CD01835AC4236
:102E300009D01E4DAC421BD1C46D04F01F05012406
:102E4000AC4074600AE0C46D04F01F053F24AC4040
:102E5000B46005682C6824F480242C6004686360E6
:102E60008368402B036819D19A600368D96014E025
:102E70000F4DAC42E0D01435AC42DDD01435AC423D
:102E8000DAD01435AC42D7D01435AC42D4D0143596
:102E9000AC42D1D01435AC42CED0F0BD99600368BD
:102EA000DA60FAE710000240280002400854025895
:102EB0001C54025802462A4B0068984246D01833E8
:102EC00098423CD01833984245D01833984244D0A9
:102ED0001833984225D0183398422AD01833984294
:102EE00029D01833984228D003F5567398422DD034
:102EF000183398422CD0183398422CD0183398426B
:102F00002BD0183398420CD01833984211D0183374
:102F1000984210D0183398420FD020F0FF009065EF
:102F20007047002320F47F70D36520F00300043045
:102F3000F5E70623F6E71023F4E71623F2E7062366
:102F400020F47F70D36520F00300E8E70023F7E763
:102F500006230448F4E71023F2E71623F0E700BF46
:102F6000100002402804024002682149D3B28A427C
:102F700028D014318A4225D014318A4222D014310B
:102F80008A421FD014318A421CD014318A4219D08F
:102F900014318A4216D014318A4213D01821103BC2
:102FA000B3FBF1F313491144A8291ED903F1805250
:102FB000012103F01F0302F5024201FA03F30E4957
:102FC00092000EE01422083B0121B3FBF2F303F15F
:102FD000B05203F01F0302F5164201FA03F307494A
:102FE00092008366C0E9182170470833DEE700BF0E
:102FF00008540258F0FBFDBF800802408058025878
:103000000279511E072910B521D80368134CA34239
:103010001ED01434A3421BD01434A34218D014344D
:10302000A34215D01434A34212D01434A3420FD0BB
:103030001434A3420CD01434A34209D0084B1344D7
:10304000084A9B00C0E91B3201238B40436710BD37
:10305000054B1344054A9B00F4E700BF085402588F
:103060003F820010400902403F9600164059025826
:1030700070B5044607F072F90646002C00F0F780A0
:103080002368884DAB4200F0E180874A934200F00C
:10309000DD801832934200F0D9801832934200F05C
:1030A000D5801832934200F0D1801832934200F05C
:1030B000CD801832934200F0C9801832934200F05C
:1030C000C58002F55672934200F0C08018329342D8
:1030D00000F0AF8075498B4200F0AB8018318B4215
:1030E00000F0A7804832934200F0B080183293423B
:1030F0004AD01832934240D01832934244D06C4A9E
:10310000934240F056810222A16884F835200022C3
:10311000402984F83420186820F4FF3020F4F87037
:1031200000F06581A1F18002514251418903D4E947
:103130000362D20842EAD602666942EAD602A6696A
:1031400042EAD602E66942EAD602266A42EA161244
:103150000243204611431960564B2268134414223F
:10316000B3FBF2F39B00E365FFF7A4FEE36D03F00E
:103170001F02012393404360B2E0022284F835200D
:10318000002284F8342005E0022284F83520002251
:1031900084F834201A6822F001021A6021680B6852
:1031A000DB075AD40B68444A1A40D4E9023003437F
:1031B0002069034360690343A0690343E069034353
:1031C000206A03431343626A042A02BFD4E90B2036
:1031D00002431343394A1268120C1204B2F1005F21
:1031E0000ED36268A2F12900052807D93F3A132AB5
:1031F00006D8334820FA02F2D00701D543F48013F1
:103200000B602068626A4369042A23F0070343EADB
:1032100002035BD1A26AE16A1343002956D0A66972
:103220003EBB012A36D032F002024FD1C9014DD542
:1032300033E00221934284F835104FF0000184F806
:103240003410A7D0194A93429DD1A3E7022284F8F3
:103250003520002284F834209CE707F07FF8801B9B
:1032600005289BD920236365032384F8353001208A
:1032700070BDB6F5005F25D1032A27D801A656F800
:1032800022F000BF9B3205082D3205089B3205084D
:1032900095320508B1F1C07F18D140236365012341
:1032A000E3E700BF10000240280002404004024053
:1032B00008540258F8ABFDA73F8010FE0010005CD8
:1032C0000F030F00022AE8D9032AAFD0436120463A
:1032D000FFF7F0FDE36D03F01F023F23934083608F
:1032E0002368AB4245D0454A934242D018329342BC
:1032F0003FD0183293423CD01832934239D0183222
:10330000934236D01832934233D01832934230D0A1
:1033100002F5567293422CD01832934229D01832BB
:10332000934226D01832934223D01832934220D0B1
:10333000183293421DD0183293421AD01832934259
:1033400017D02F4A934214D01432934211D0143222
:1033500093420ED0143293420BD01432934208D0D1
:103360001432934205D01432934202D01432934265
:1033700019D120460025FFF7F7FDA368802B04BF75
:1033800000236360236E22791A60D4E919325A60EF
:103390006368013B072B2CD8FFF732FEE36E1D60FC
:1033A000D4E91C325A6000200123606584F835306E
:1033B0005EE7144A93423FF4A6AE143293423FF4C0
:1033C000A2AE143293423FF49EAE143293423FF4C5
:1033D0009AAE143293423FF496AE143293423FF4C5
:1033E00092AE143293423FF48EAE40233BE710215D
:1033F0009DE6C4E91B556567D5E700BF280002407C
:10340000085402581C54025870B5002800F020815E
:1034100090F83440012C00F01D81012480F83440E4
:1034200090F83540012C4FF0000440F00C8102254B
:1034300080F83550884D44650468AC421ED0874EF4
:10344000B4421BD01836B44218D01836B44215D046
:103450001836B44212D01836B4420FD01836B442DF
:103460000CD01836B44209D006F55676B44205D0D1
:103470001836B44202D01836B442FFD0266826F07F
:1034800001062660FFF750FC0368AB4200F0C680DF
:10349000724A934200F0C2801832934200F0BE801C
:1034A0001832934200F0BA801832934200F0B6808E
:1034B0001832934200F0B2801832934200F0AE808E
:1034C0001832934200F0AA8002F55672934200F03F
:1034D000A5801832934200F0A1801832934200F088
:1034E0009D801832934200F099801832934200F088
:1034F00095801832934200F091801832934200F088
:103500008D801832934200F089801A6822F00E02F2
:1035100042F00A021A60036C002B40F08F800368AF
:10352000AB4245D04D4A934242D0183293423FD0ED
:10353000183293423CD01832934239D01832934219
:1035400036D01832934233D01832934230D002F53D
:10355000567293422CD01832934229D0183293429B
:1035600026D01832934223D01832934220D01832FA
:1035700093421DD0183293421AD01832934217D07A
:10358000374A934214D01432934211D014329342EA
:103590000ED0143293420BD01432934208D014321E
:1035A000934205D01432934202D0143293420DD18B
:1035B000036E1A68D20303D51A6842F480721A6047
:1035C000C36E1BB11A6842F480721A600368AB4282
:1035D0001ED0224A93421BD01832934218D0183280
:1035E000934215D01832934212D0183293420FD022
:1035F000183293420CD01832934209D002F5567219
:10360000934205D01832934202D018329342FFD031
:103610001A68002042F001021A6070BD1A6822F098
:103620001E0242F016021A60036C002B3FF477AFC3
:103630000268136843F00803136070E702681368B8
:1036400043F00403F8E74FF4006380F83440436527
:103650000120E2E70220E0E71000024028000240DB
:1036600008540258F8B5044606F078FE064644B100
:1036700094F83530022B06D080236365002384F84C
:1036800034300120F8BD2368A54DAB4200F06481C1
:10369000A44A934200F060811832934200F05C81AA
:1036A0001832934200F058811832934200F054814E
:1036B0001832934200F050811832934200F04C814E
:1036C0001832934200F0488102F55672934200F09E
:1036D00043811832934200F03F811832934200F048
:1036E0003B811832934200F037811832934200F048
:1036F00033811832934200F02F811832934200F048
:103700002B811832934200F027811A6822F00E02B2
:103710001A6023682768AB4245D0824A934242D060
:10372000183293423FD0183293423CD01832934221
:1037300039D01832934236D01832934233D01832EF
:10374000934230D002F5567293422CD018329342F5
:1037500029D01832934226D01832934223D01832FF
:10376000934220D0183293421DD0183293421AD07F
:103770001832934217D06C4A934214D014329342B9
:1037800011D0143293420ED0143293420BD0143223
:10379000934208D01432934205D01432934202D09F
:1037A0001432934204D1226E136823F480731360A1
:1037B0002368AB421ED05B4A93421BD0183293421F
:1037C00018D01832934215D01832934212D01832C2
:1037D00093420FD0183293420CD01832934209D042
:1037E00002F55672934205D01832934202D0183235
:1037F0009342FFD01A6822F001021A603B68DB078F
:1038000000F1B4802368E26DAB42A16D02F01F02AB
:1038100000F0B8804348834200F0B48018308342FF
:1038200000F0B0801830834200F0AC801830834242
:1038300000F0A8801830834200F0A4801830834242
:1038400000F0A0801830834200F09C8000F5567094
:10385000834200F097801830834200F09380183044
:10386000834200F08F801830834200F08B80183044
:10387000834200F087801830834200F08380183044
:1038800083427FD0183083427CD0012393404B6029
:103890002368AB424DD0234A93424AD01832934218
:1038A00047D01832934244D01832934241D0183254
:1038B00093423ED0183293423BD01832934238D0D4
:1038C00002F55672934234D01832934231D01832F6
:1038D00093422ED0183293422BD01832934228D0E4
:1038E0001832934225D01832934222D01832934294
:1038F0001FD00D4A93421CD01432934219D0143277
:10390000934216D01432934213D01432934210D003
:10391000143293420DD0143293420AD006E000BF15
:10392000100002402800024008540258143293420A
:103930000BD1D4E919325A60E36E33B11A6822F41C
:1039400080721A60D4E91C325A600123002084F886
:10395000353084F8340095E61A6822F01E021A60A9
:103960002268536923F080035361D2E606F0F6FC27
:10397000801B05287FF642AF20236365032384F86C
:1039800035307BE63F2393408B6081E72DE9F84F8C
:1039900028B190F83530022B03D0802343650120F5
:1039A000C3E00368DFF8F4A1534500F0C480DFF8FA
:1039B000F0914B4500F0BF80DFF8E881434500F00F
:1039C000BA80DFF8E4E1734500F0B580DFF8DCC1D0
:1039D000634500F0B0806A4FBB4200F0AC80694E96
:1039E000B34200F0A880684A934200F0A48002F538
:1039F0005672934200F09F801832934200F09B80F1
:103A00001832934200F097801832934200F083807E
:103A10005E498B427BD05E4DAB4200F088805D4CAE
:103A2000A34278D048318B4200F08580D3F800B0B3
:103A30002BF00E0BC3F800B0036853457FD1D3F8C9
:103A400000B02BF0010BC3F800B0036853453CD025
:103A50004B453AD0434538D0734536D0634534D0D2
:103A6000BB4232D0B34230D047498B422DD001F512
:103A700056718B4229D018318B4226D018318B4297
:103A800023D0934221D0414A93421ED0AB421CD056
:103A9000A3421AD04832934217D03F4A934214D0DF
:103AA0001432934211D0143293420ED01432934206
:103AB0000BD01432934208D01432934205D0143202
:103AC000934202D01432934217D1026E136823F44A
:103AD00080731360D0E9161303F01F020123934093
:103AE0004B60D0E919325A60C36E33B11A6822F4C0
:103AF00080721A60D0E91C325A60012380F8353098
:103B0000002380F83430036D73B198470CE0042231
:103B100080F8352004E00421934280F83510F9D173
:103B20001A6822F001021A600020BDE8F88F042212
:103B300080F83520F4E7042280F83520F0E74B4583
:103B40003FF47DAF43453FF47AAF73453FF477AF21
:103B500063453FF474AFBB423FF471AFB3423FF4EF
:103B60006EAF09498B423FF46AAF01F556718B4243
:103B70003FF465AF18318B423FF461AF5FE700BFA0
:103B800088000240A0000240B800024070040240D9
:103B900088040240A0040240085402581000024069
:103BA00028000240400002405800024070000240DD
:103BB00000232DE9F74F01930446974B974FD3F815
:103BC00000800368866DBB42356831684DD0DFF8F0
:103BD0005CB25B4549D0924A934246D01832934238
:103BE00043D01832934240D0183293423DD018321D
:103BF00093423AD01832934237D002F5567293422C
:103C000033D01832934230D0183293422DD0DFF89F
:103C100020A2534529D0DFF81C924B4525D0DFF870
:103C200018E2734521D0DFF814C263451DD07D48EA
:103C300083421AD07C4A934240F0F081E26D1D68C5
:103C400002F01F08042202FA08F20A4200F03C8245
:103C500015F0040F00F038822904726040F1FD81F4
:103C6000EA0300F12B82A36C63E1E26D02F01F0115
:103C700008228A402A4210D01A6850070DD51A68C7
:103C800022F004021A60E36D03F01F020823934040
:103C9000B360636D43F001036365E36D012203F0DC
:103CA0001F039A402A4235D02368BB422ED05F4979
:103CB0008B422BD018318B4228D018318B4225D023
:103CC00018318B4222D018318B421FD018318B42D1
:103CD0001CD018318B4219D001F556718B4215D08A
:103CE00018318B4212D018318B420FD018318B42D1
:103CF0000CD018318B4209D018318B4206D01831C4
:103D00008B4203D018318B4240F09A805B691906D0
:103D100000F19880E36D042203F01F039A402A42C9
:103D200033D02368BB422DD040498B422AD0183172
:103D30008B4227D018318B4224D018318B4221D0AE
:103D400018318B421ED018318B421BD018318B4258
:103D500018D001F556718B4214D018318B4211D016
:103D600018318B420ED018318B420BD018318B4258
:103D700008D018318B4205D018318B4202D018314F
:103D80008B4265D11B689B0764D4E36D102203F05E
:103D90001F039A402A426BD02368BB422DD023498F
:103DA0008B422AD018318B4227D018318B4224D035
:103DB00018318B4221D018318B421ED018318B42E2
:103DC0001BD018318B4218D001F556718B4214D09C
:103DD00018318B4211D018318B420ED018318B42E2
:103DE0000BD018318B4208D018318B4205D01831D6
:103DF0008B4202D018318B4232D11B6813F0080F6E
:103E000036D0B26023681A68500340F19A801B686C
:103E1000190329D4236C28E0400800241000024034
:103E200040000240B80402400854025828000240F2
:103E3000580402407004024088040240A00402407A
:103E40001B6867E7B260636D43F00203636561E777
:103E50001B689AE7B260636D43F00403636594E7FF
:103E60001B6813F0040FCBE7A36C0BB120469847F7
:103E7000E36D202203F01F039A402A4277D0236883
:103E8000BB422DD098498B422AD018318B4227D083
:103E900018318B4224D018318B4221D018318B42FB
:103EA0001ED018318B421BD018318B4218D001F52F
:103EB00056718B4214D018318B4211D018318B427D
:103EC0000ED018318B420BD018318B4208D01831EC
:103ED0008B4205D018318B4202D018318B4239D138
:103EE0001B6813F0100F42D0B26094F83530042BE9
:103EF00023681A6832D122F016021A6022685369C8
:103F000023F080035361236C0BB9A36C23B12268A7
:103F1000136823F008031360E36D03F01F023F23CF
:103F20009340B360012384F83530002384F83430A3
:103F3000236D002B00F08E80204603B0BDE8F04FCB
:103F400018471A68D2053FF565AF1A6822F00802D3
:103F50001A605FE71B6813F0020FC4E756034ED5E3
:103F60001B681D0358D4636C0BB120469847636DE2
:103F7000002B6FD0636DD8073FD5042384F835300C
:103F80002368BB421ED0584A93421BD0183293423A
:103F900018D01832934215D01832934212D01832EA
:103FA00093420FD0183293420CD01832934209D06A
:103FB00002F55672934205D01832934202D018325D
:103FC0009342FFD01A6822F001021A604FF4165390
:103FD0002268B8FBF3F8019B01334345019302D8F3
:103FE0001368D907F7D41368DB074CBF03230123F9
:103FF00084F83530002384F83430E36C99E71A688C
:1040000012F4807208D1196821F01001196001239F
:1040100084F8342084F83530E36BA5E7334A9342C3
:104020003FF40CAE143293423FF408AE1432934284
:104030003FF404AE143293423FF400AE1432934284
:104040003FF4FCAD143293423FF4F8AD1432934286
:104050003FF4F4AD03B0BDE8F08FAB062ED4236877
:10406000BB4227D05B4525D0214A934222D018324B
:1040700093421FD0183293421CD01832934219D069
:104080001832934216D01832934213D002F556726A
:1040900093420FD0183293420CD01832934209D079
:1040A000534507D04B4505D0734503D0634501D038
:1040B000834205D11A6822F008021A60236C38E79F
:1040C0001A6822F00402F8E7022202FA08F20A4211
:1040D0004DD015F0020F4AD072602E040AD5E803C5
:1040E0003FD4636C25E700BF280002401C540258EF
:1040F00040000240A90634D42368BB4227D05B4568
:1041000025D0274A934222D0183293421FD018322A
:1041100093421CD01832934219D01832934216D0D1
:104120001832934213D002F5567293420FD01832D0
:1041300093420CD01832934209D0534507D04B45D7
:1041400005D0734503D0634501D083420BD11A6873
:1041500022F014021A60012384F83530002384F819
:104160003430E36BE5E61A6822F00A02F2E708222F
:1041700002FA08F20A423FF46DAF2A077FF56AAFF0
:104180001A6822F00E021A600122E36D03F01F0389
:1041900002FA03F37360626584F835202AE700BFF2
:1041A0004000024030B50468174DAC421ED01835AF
:1041B000AC421BD01835AC4218D01835AC4215D0E3
:1041C0001835AC4212D01835AC420FD01835AC427D
:1041D0000CD01835AC4209D005F55675AC4205D067
:1041E0001835AC4202D01835AC42FFD0636083680A
:1041F000402B036803D19A600368D96030BD996091
:104200000368DA60FAE700BF1000024070B5846806
:10421000802C04D14FF48073436501209EE190F817
:104220003440012C00F09E81012480F8344090F845
:104230003540012C40F0938102247C4D80F83540BC
:10424000002444650468AC4200F0E180784EB4423A
:1042500000F0DD801836B44200F0D9801836B44240
:1042600000F0D5801836B44200F0D1801836B44240
:1042700000F0CD801836B44200F0C9801836B44240
:1042800000F0C58006F55676B44200F0C0801836BE
:10429000B44200F0BC801836B44200F0B880183642
:1042A000B44200F0B4801836B44200F0B080183642
:1042B000B44200F0AC801836B44200F0A880183642
:1042C000B44200F0A480266846F4004646F020067A
:1042D000266004682361D0E9164303F01F0601231A
:1042E000B3406360049BFFF75DFF0368AB4245D0BA
:1042F0004F4A934242D0183293423FD018329342F1
:104300003CD01832934239D01832934236D018320A
:10431000934233D01832934230D002F55672934212
:104320002CD01832934229D01832934226D018321A
:10433000934223D01832934220D0183293421DD09A
:10434000183293421AD01832934217D0394A934206
:1043500014D01432934211D0143293420ED014323E
:1043600093420BD01432934208D01432934205D0BA
:104370001432934202D01432934207D1D0E9193259
:104380005A60C36E13B1D0E91C325A600368AB4265
:1043900052D0274A93424FD0183293424CD0183211
:1043A000934249D01832934246D01832934243D0B8
:1043B0001832934240D0183293423DD002F55672E3
:1043C000934239D01832934236D01832934233D0C8
:1043D0001832934230D0183293422DD01832934283
:1043E0002AD01832934227D01832934224D01A6828
:1043F00022F00E0242F00A021A60036C13B9836CB9
:10440000002B2DD00268136843F0040327E02668D0
:1044100046F48026266004682361D0E9164303F041
:104420001F063F23B340A3605CE700BF10000240BB
:1044300028000240085402581A6822F01E0242F076
:1044400016021A600268536943F080035361036CDB
:104450000BB9836C23B10268136843F0080313603F
:104460000368AB4245D0404A934242D0183293424F
:104470003FD0183293423CD01832934239D0183290
:10448000934236D01832934233D01832934230D010
:1044900002F5567293422CD01832934229D018322A
:1044A000934226D01832934223D01832934220D020
:1044B000183293421DD0183293421AD018329342C8
:1044C00017D02A4A934214D01432934211D0143296
:1044D00093420ED0143293420BD01432934208D040
:1044E0001432934205D01432934202D014329342D4
:1044F0000DD1036E1A68D20303D51A6842F4807294
:104500001A60C36E1BB11A6842F480721A600368A5
:10451000AB421ED0144A93421BD01832934218D09B
:104520001832934215D01832934212D01832934267
:104530000FD0183293420CD01832934209D002F5B2
:104540005672934205D01832934202D018329342E9
:10455000FFD01A68002042F001021A6070BD4FF4CB
:10456000006359E60220F9E7280002400854025887
:104570000368144883421ED0183083421BD0183081
:10458000834218D01830834215D01830834212D09D
:10459000183083420FD0183083420CD01830834239
:1045A00009D000F55670834205D01830834202D0FE
:1045B00018308342FFD012B9D960002070471961CA
:1045C000FBE700BF100002407FB50D4604460028FF
:1045D00000F0FB80437C0BB90AF0DBF80323226870
:1045E000637400230093D2F8303443F08073C2F830
:1045F00030342368D3F8303403F080730093009B89
:1046000005F0ACFE06462268D2F80C34D90477D502
:10461000D2F8303423F45E3323F4FE73C2F830341E
:104620002268D5E90003D2F83014DB0243EA8003A4
:10463000A86843EA004301200B43C2F8303400234A
:1046400022680193D2F8303443F00103C2F83034C9
:104650002368D3F8303403F001030193019B05F084
:1046600085FE05F07BFE06462368D3F80C24D205B0
:104670004FD5002202925A6842F001025A60236824
:104680005A6802F001020292029A9A6822F0FF022E
:104690009A602268A16893680B4393602268D2F8FD
:1046A000A03043F00203C2F8A0302268D2F8A03054
:1046B00043F00403C2F8A0302268D2F8A43023F0FB
:1046C0000303C2F8A4302268E168D2F8A4300B4397
:1046D000C2F8A43005F042FE23680646D3F8A430A1
:1046E0009B0726D02368D3F8B03003F09403942BB3
:1046F00026D005F033FE801BB0F57A7FF2D915E0A5
:1047000005F02CFE801BB0F57A7F7FF67CAF03208E
:1047100059E005F023FE801BB0F57A7FA4D9F6E7B7
:1047200005F01CFE801BB0F57A7F02D900232374AC
:10473000EDE72368D3F8B03003F01403142BEFD166
:104740006B684FF47A51224A0020012B38BF0123B5
:104750005343AA6802F0030293402A684A4321683F
:10476000B3FBF2F3D1F8182422F03F02C1F8182469
:104770002168D1F818241343C1F818342368C3F80A
:10478000C4002368C3F8C80022680390A06153687E
:1047900023F00103536023685A6802F00102039278
:1047A000039AD3F8942022F00302C3F894202268DD
:1047B0006168D2F894300B4343F00103C2F894309F
:1047C00001236061637404B070BD0120FBE700BF8A
:1047D00000093D0030B5027C0346012A00F0248127
:1047E000012202740068426B22F0010242631868E1
:1047F000D0F8002422F00102C0F800241868826B6F
:1048000022F0030282631868CC68826B22438263C1
:104810001868C26B22F47F5222F03F02C26318680C
:104820000C69C26B2243814CC2631868026C22403F
:10483000026418684D69026C2A4302641868426C6D
:10484000224042641868426C8C69224342641868B2
:10485000C26822F00302C26018680C68C268224372
:10486000C2601868426922F0070242611868D1E903
:10487000085244692A43CD692A4322434261186899
:10488000026922F00F02026118684C680269224333
:1048900002611868D0F8002422F00E02C0F800244B
:1048A00018684C68D0F8002442EA4402C0F800249A
:1048B0004A68032A09D11868026922F480720261E9
:1048C00018688C680269224302611868584C826C2F
:1048D0002240826418688D6A826C2A438264186858
:1048E000C26C2240C2641868CC6AC26C2243C264A3
:1048F0001868026D22F4FF4222F07F0202651868F8
:104900000C6B026D224302651C684A48626D0240CE
:1049100062651C684D6B626D2A4362651C68A26DFE
:104920000240A2651C68A26D8D6B2A43A2651C68BB
:10493000E26D0240E2651868CC6BC26D2243C2652D
:104940001868026E22F47F5222F03F020266186855
:104950000C6C026E224302661868826B22F40042DD
:10496000826318684C6C826B224382631868826988
:1049700022F47F02826118688C6C826942EA0442E8
:1049800082611868826922F0FF0282611868CC6C2B
:104990008269224382611868826B22F4005282632A
:1049A00018680C6D826B224382631868826B22F454
:1049B0008052826318684C6D826B22438263186850
:1049C000826B22F40062826318688C6D826B2243D2
:1049D00082631868826B22F4806282631868826B3B
:1049E000CC6D224382631868826B22F4007282636A
:1049F00018680C6E826B224382631868826B22F403
:104A00008072826318684C6E826B224382631868DE
:104A1000826B22F4804282631868896E826B0A433B
:104A200082630020187430BD0220FCE700E0FFFF25
:104A300000F0FFFF00FCFFFF30B5027C0346012AB7
:104A40006ED0012202740068826822F47F42826084
:104A500018680C68826842EA042282601868826FD3
:104A600092B2826718684C68826F42EA0442826799
:104A70001C682C4AA06F1040A0671C688D68A06F4E
:104A80002843A0671C68E06F1040E0671C68CD6891
:104A9000E06F2843E0671C68D4F880001040C4F839
:104AA00080001C680D69D4F880002843C4F8800099
:104AB0001C68D4F884001040C4F884001C684D6958
:104AC000D4F884002843C4F884001C68D4F8840017
:104AD00020F08070C4F884001C688D69D4F88400CC
:104AE0002843C4F884001C68D4F888001040C4F837
:104AF00088001C68CD69D4F888002843C4F8880071
:104B00001C68D4F88C000240C4F88C201868096A2C
:104B1000D0F88C200A43C0F88C200020187430BDD7
:104B20000220FCE70000FFFF2DE9F04F066889B086
:104B3000044630460BF02EF90390002840F06E81B9
:104B400020680BF0F9F8002800F06881D6F80838E2
:104B500006F500652068C3F30D23C4F8D4340BF0C8
:104B6000EBF8870704D52268536903F00203536109
:104B700020680BF0E1F8C0062CD52268936923F079
:104B800010039361D6F82080C8F3434308F00F0761
:104B9000022B40F0468147F6F07318EA030F14D059
:104BA0002423C8F30A19304603FB07474A46D7F8BF
:104BB00060120BF001F8D7F860324B44C7F860324E
:104BC000D7F868324B44C7F868322268936943F0DB
:104BD0001003936120680BF0AFF8010300F13381FB
:104BE00020680BF0A9F842030DD5274606F5106B97
:104BF0004FF0000A20680BF0ABF80490049B20688B
:104C0000002B40F0EA8120680BF096F8002813DAB8
:104C10006B6823F001036B6094F8CC34012B40F0F7
:104C200082820021204684F8CC140AF0E8FA226837
:104C3000536903F00043536120680BF07DF80305CE
:104C40000AD5AB68DF0702D52046F7F721F82268BE
:104C5000536903F40063536120680BF06DF80001A1
:104C600015D52268536903F00063536194F8CC347E
:104C7000002B40F05C8201212368204684F8CC148C
:104C80005B6DC3F38303C4F8D0340AF0B8FA20682C
:104C90000BF052F8C10433D56B68102123F00103E7
:104CA0006B6020680AF092FE06F510634FF67F31C4
:104CB00022790398824200F23E82EB6943F00113AD
:104CC000EB61E37B002B00F05582D5F8843043F094
:104CD0000B03C5F884306B6C43F00B036B64D6F8A0
:104CE000003804F29C4223F4FE63C6F80038A17930
:104CF000206801F0C5F92268536903F480535361B9
:104D000020680BF019F8820416D520680BF046F8DD
:104D100020680AF0A6FE2768E071FDF761FEE279DF
:104D20000146384600F038FF2046F6F779FF226842
:104D3000536903F40053536120680AF0FDFF030731
:104D400007D520460AF0EDF82268536903F00803FE
:104D5000536120680AF0F0FF070600F11682206810
:104D60000AF0EAFFC0020CD5A04606F51269012739
:104D70002379BB4200F222822268536903F4801334
:104D8000536120680AF0D8FF81022AD5234606F530
:104D900032614FF0010C207960451DD993F87C7287
:104DA0000868012F40F02082002880F21D82D4F88C
:104DB000D42482EA1040C20700F1168283F87B7285
:104DC000B06940F08000B0617069000600F10C82AB
:104DD0006B6843F400736B602268536903F400133B
:104DE000536120680AF0A8FF410007D52046F6F776
:104DF0003BFF2268536903F08043536120680AF047
:104E00009BFF42070AD523685D686B0702D52046E1
:104E1000F6F734FF226853682B43536009B0BDE8AE
:104E2000F08F062B7FF4D1AE082204F29C4130466D
:104E3000C8F30A180AF0C0FE242303FB0747D7F87B
:104E400068324344BFE606F53068A2460027206872
:104E50000AF076FF0490049B2068002B3FF4C0AE5C
:104E6000049BDB0765D55FFA87FB59460AF078FF9C
:104E700010F0010F81461ED00123C8F808302068C9
:104E800094F806C000F53063016CBCF1010F03EB30
:104E900047139A687BD112F0080F07D0B3488142BC
:104EA00009D9120407D54FF4004203E012F0200F95
:104EB00048D020229A6019F0080F0FD00823AB4980
:104EC000C8F808302368186C03F53063884203EB98
:104ED00047139A6870D82046F6F7EEFE19F0100FC7
:104EE00002D01023C8F8083019F0020F14D07369EB
:104EF000190603D56B6843F480636B609AF85732E8
:104F0000012B06D10023594620468AF857320AF071
:104F100009F80223C8F8083019F0200F02D0202326
:104F2000C8F8083019F4005F03D04FF40053C8F8F4
:104F30000830049B013708F120080AF1240A5B08B5
:104F4000049388E712F0280FB5D1DFF820C261453D
:104F500001D91204A7D41A69DAF87432C2F3120222
:104F60009B1ACAF868326FB9D4F864222AB904F2DD
:104F70009C42012101F084F804E0D4F860221A4434
:104F8000C4F860225946204607F07FFA93E7DFF81D
:104F9000E0C1614506D1110485D49206F2D52022E4
:104FA0009A60EFE7002FEDD1D4F86432002BE9D1FD
:104FB00004F29C423946DDE7100402D54FF400426A
:104FC0009A602046F6F778FEA179012986D104F28D
:104FD0009C42206801F054F880E7049BDA0740F116
:104FE00099805FFA8AF3194605930AF0C2FE10F021
:104FF000010F80461FD001210AF00F026B6B01FAEE
:1050000002F223EA02036B63CBF80810A1790129AD
:105010000DD1D7E9072313443B62BAF1000F06D143
:10502000636A23B904F29C42206801F029F80599CB
:10503000204607F040FA18F0080F02D00823CBF8FA
:10504000083018F0100F02D01023CBF8083018F0F9
:10505000400F02D04023CBF8083018F0020F0FD0D9
:10506000514630460AF0B2FCFB7D012B05D10023EE
:1050700005992046FB7507F030FA0223CBF808307B
:10508000236818F0800F069344D0D7E909329A427A
:1050900040D8A3EB0208FB69984528BF9846069BB9
:1050A00008F1030803F510634FEA980803EB4A136D
:1050B0000793079B996989B24145D7E9093227D3FC
:1050C00093420BD8069B0AF00F000121D3F8342835
:1050D000814022EA0102C3F834281BE0A3EB020955
:1050E000FB69059A9945069828BF9946A3790093CC
:1050F0001FFA89F3396A09F103080AF04AFD3B6A8D
:105100004FEA98084B443B62BB6A4B44BB62D0E712
:105110009342D7D9049B0AF1010A24370BF1200BE3
:105120005B0804936AE52046F6F7BCFD7FE5204660
:10513000F6F7AEFDABE59960203353F8202C22F44E
:10514000001243F8202CC3F8E811D3F8E02122F430
:105150000012C3F8E021D3F8E02142F00062C3F866
:10516000E021039A01320392A2E500BF0A30544FB6
:105170000A31544F6B6943F4005343F02B036B61C6
:105180002B6943F00B032B61A9E5B369012704F2F6
:1051900057284FF0240923F08003B3612379BB42E1
:1051A0007FF6DDAD09FB07F318F80330012B03D1BF
:1051B000F9B2204609F0DDFF0137EFE798F83C30FF
:1051C000D9F80020012B09D1002A07DA67F07F0106
:1051D000204688F83B30C9B209F0CBFF013708F10F
:1051E000240809F12009C3E50CF1010C2433203116
:1051F000D1E500BF37B5044605F0B0F80546002CF0
:1052000041D094F841302BB920460AF0DAF841F247
:105210008833A36421682046A3680A68013B22F40E
:10522000F85242EA03220A600022A36C2021009374
:105230002B460AF09FF820BB2168E569E3680A68FD
:105240002B43256A22F07F422B43656822F0D0026F
:1052500043EA056313430B602168D4E905324D68C6
:105260001343226943EA0243084A2A4013434B602E
:105270002268136843F0010313600123606484F81B
:10528000413003B030BD0120FBE700BFFEF8E0FF76
:1052900038B50368044699681A68480734D5550339
:1052A00032D594F84120122A14D122689168480717
:1052B00003D420460AF001FA38BDE16AF9B1626A06
:1052C000127883F82020626A01326262E26A013A4F
:1052D000E262EAE794F84120222AEAD12268916842
:1052E0004907E6D5A16B51B193F82010226B1170DC
:1052F000226B01322263A26B013AA263EEE71368CC
:1053000023F480231360D4E78D076CD590036AD50E
:105310000222DA602268136823F4E023136094F811
:105320004130122B14D123681A68510709D51A6825
:1053300022F004021A60E36B1A68D36823F00103B9
:10534000D3600123204684F8413007F04DFEB3E7D7
:1053500094F84130222B27D123681A6852071DD5B3
:105360001A6822F004021A60E36B1A68D36823F00B
:105370000103D3600123204684F8413007F031FE59
:105380009AE7A26B002AF5D093F82010226B1170D7
:10539000226B01322263A26B013AA26322689268F7
:1053A00012F47C5FEDD1E5E794F84130022B06D191
:1053B0000123204684F8413007F010FE7CE794F882
:1053C0004130082B7FF478AF22682046536923F0E0
:1053D00040635361012384F84130636C002B3ED15C
:1053E0000AF06AF968E70D0712D5100310D50822F4
:1053F000DA6023681A68550206D51A6822F410226A
:105400001A60012384F84130204607F0F0FD53E78D
:10541000C80727D5D50325D50125DD602268136887
:1054200023F470231360636C43F002036364236806
:105430001A68500710D51A6822F004021A600F4A41
:10544000E36B9A65E06B09F091FC00283FF434AF00
:10545000636C43F004036364204684F8415007F012
:10546000B7FD29E7C9067FF527AFD2027FF524AF44
:1054700010222046DA6007F0BDFD1DE77FF6050823
:1054800038B50D460446F0B190F82C3003F0FF0219
:105490001BB980F82D200AF011F90223211D206884
:1054A00084F82C3000F066F86268294620680AF01B
:1054B00050F9064A0020136843F0004313600123AB
:1054C00084F82C3038BD0120FCE700BF00400052BA
:1054D000264BF0B55C5CD2E90237065905193B430F
:1054E000176926F477263B43576926F47E663B43CB
:1054F00097693B43D7693B43976A3B43D76B3B4331
:10550000176C3B4333430351D36A93B16E69176BF6
:1055100026F007063B4333436B610359566B23F078
:10552000C073334303510359966B23F4C0033343D1
:105530000351536801F18051EB6001F5024113689A
:10554000AB606B68146A1B0C1B0423436B60084B35
:10555000526AC01A18BF0120400150F8213023F0D0
:10556000FF03134340F821300020F0BDFFBB0608C5
:105570000000024030B50A684D6AD1E90734234380
:10558000154C92B902682B43224013434A681343D7
:105590008A681343CA6813430A6913434A69134369
:1055A0008A6913430360002030BD02682B4322F454
:1055B000F8421343036043684A68234013438A68F0
:1055C0001343CA6813430A6913434A6913438A6938
:1055D00013434360E7E700BF0080FFFF024B1868FA
:1055E000C0F34040704700BF00440258024B1868A7
:1055F000C0F38000704700BF00440258024B186897
:10560000C0F30020704700BF00440258044B054A15
:105610009B6903F00F03D35C03F01F03D84070476E
:105620000044025807BC0608044B054ADB69C3F373
:105630000213D35C03F01F03D840704700440258A4
:1056400007BC0608044B054ADB69C3F30223D35C9D
:1056500003F01F03D84070470044025807BC0608F7
:10566000044B054A1B6AC3F30213D35C03F01F0308
:10567000D84070470044025807BC06082F4A73B54B
:10568000936A044603F00303012B4BD0022B4FD047
:10569000002B3DD0002500232848C4E90033A36037
:1056A000816A026BC36AC1F3051113F0010302D0D2
:1056B000436BC3F3CC0349B3C66AC2F30802F603D3
:1056C00002F1010208D5006BC0F3462001300090C2
:1056D00028460AF09CF820601848C66AB60308D528
:1056E000006BC0F306400130009028460AF08FF8A6
:1056F00060601248C66A760308D5006BC0F3066086
:105700000130009028460AF082F8A06002B070BD17
:10571000FFF76CFF0028BDD01368094DC3F3C10328
:10572000DD40B8E7FFF76AFF0028B3D0054DB2E7C8
:10573000FFF754FF0028ADD0034DACE700440258FA
:105740000090D00300093D000024F4001FB5104A6A
:10575000136903F03803102B17D007D853B1082B67
:105760000C4818BF002005B05DF804FB182B07D0CB
:105770000020F8E713680848C3F3C103D840F2E7F4
:1057800001A8FFF77BFF0198EDE70448EBE700BFB6
:105790000044025800093D000090D0030024F400AA
:1057A00010B50446FFF7D2FF2060FFF72FFF014638
:1057B000A060FFF739FFE0600846FFF743FF084BA2
:1057C000206108469B69074AC3F30213D35C03F0C8
:1057D0001F0321FA03F36361FFF742FFA06110BDCD
:1057E0000044025807BC0608284A0368904235D096
:1057F000B0F1804F32D0A2F57C4290422ED002F51B
:10580000806290422AD002F58062904226D002F552
:105810007842904222D002F57052904223D1CA6859
:1058200023F44073134303608B68C3620B88836265
:10583000164B98420FD003F5806398420BD003F5C6
:105840007053984207D003F58063984203D003F564
:105850008063984213D10B69036310E023F0700357
:105860004A681343DBE70A4A9042D8D002F58062C7
:105870009042D4D003608B68C3620B888362436913
:1058800043F0010343610020704700BF0000014066
:1058900000440140B1F5805F30B500F011810AD8B5
:1058A000102900F08680B1F5807F00F0C6800129C4
:1058B0003DD0012030BDB1F5803F00F03681B1F51B
:1058C000801FF6D1036A23F480130362036A416DDB
:1058D000146823F4001321F0807121F4E04141EABF
:1058E0000424116943EA0153516823F4801343EA05
:1058F0000153A84988420FD001F5806188420BD03E
:1059000001F57051884207D001F58061884203D0CB
:1059100001F58061884206D14168956921F48021B2
:1059200041EA852141604465D268C2653EE0036A70
:1059300023F001030362036A4168846923F00203D0
:10594000156824F4803424F073042C4315692B4328
:10595000556823F001032B438E4DA8420FD005F567
:105960008065A8420BD005F57055A84207D005F513
:105970008065A84203D005F58065A84212D155691B
:1059800023F0080321F4807143EA8503956823F02E
:10599000040343EA850395692943D56921F400711D
:1059A00041EA450141608461D2684263036200209C
:1059B00080E7036A23F010030362036A4168846985
:1059C00023F02003156824F0807424F4E64444EAAC
:1059D0000524156943EA0513556823F0100343EACB
:1059E00005136C4DA8420FD005F58065A8420BD079
:1059F00005F57055A84207D005F58065A84203D08B
:105A000005F58065A84213D1556923F0800321F480
:105A1000806143EA8513956823F0400343EA8513C8
:105A2000956941EA8501D56921F4006141EAC50122
:105A300041608461D2688263B8E7036A23F48073AB
:105A40000362036A4168C46923F40073156824F48F
:105A5000803424F073042C43156943EA0523556808
:105A600023F4807343EA05234A4DA8420FD005F57D
:105A70008065A8420BD005F57055A84207D005F502
:105A80008065A84203D005F58065A84213D1556909
:105A900023F4006321F4805143EA8523956823F4BD
:105AA000806343EA8523956941EA0511D56921F4AC
:105AB000005141EA45114160C461D268C26375E793
:105AC000036A23F480530362036A4468C16923F4C0
:105AD0000053156821F0807121F4E64141EA052167
:105AE000156943EA0533556823F4805343EA0533C7
:105AF000284DA8420FD005F58065A8420BD005F5CA
:105B00007055A84207D005F58065A84203D005F579
:105B10008065A84204D124F48044956944EA851440
:105B20004460C161D268026440E7036A23F48033B1
:105B30000362036A416D146823F4003321F4803159
:105B400021F070010C43116943EA0143516823F4C9
:105B5000803343EA01430F4988420FD001F5806149
:105B600088420BD001F57051884207D001F5806161
:105B7000884203D001F58061884206D14168956969
:105B800021F4803141EA052141604465D268816D8C
:105B900082650BE700000140022A4AD1274B284AC0
:105BA0000B44934239D9274B274A0B44934236D9A9
:105BB000A1F57403254AA3F51053934231D9A1F1FD
:105BC0008373234AA3F5E74393422CD3214B224A04
:105BD0000B44934229D9214B214A0B44934226D3AB
:105BE000204B214A0B44934223D3A1F1B7731F4AA0
:105BF000A3F5585393421ED31D4B1E4A0B449342A8
:105C00002CBF06230723C26822F47052C260C26808
:105C100042EA8323C360002070470F23F3E70E237B
:105C2000F1E70D23EFE70C23EDE70B23EBE70A2366
:105C3000E9E70923E7E70823E5E700BF405327FF2B
:105C4000FF340C00401E1BFF3F420F007F4F12002D
:105C500020D6130060B6E5FE5FE3160000D3CEFE4B
:105C600040771B00C05BB3FEC09121002075380057
:105C7000E05459FEE09C410084B0F8B5044607A802
:105C800080E80E0000239DF81C509DF82660194600
:105C900003F14002013304EB82020F2B5160F7D174
:105CA00004F50067002E4ED17B6843F002037B6051
:105CB000A36B23F40013A363236843F04003236022
:105CC000236843F0800323600023C4F8003E9DF85E
:105CD0002130012B3ED19DF81F10002938D12046DC
:105CE00009F0B8FE1021204609F070FE014620465A
:105CF00009F08FFE0843002304F51062C0B23B6137
:105D000000387B61FB6118BF0120002D4AD0D4F818
:105D10000019994220DA4FF00061C4F800190021FF
:105D20004FF67F3C01331161C2F808C020329D421A
:105D300015D9D2F800E0BEF1000F0DDA4FF0904E09
:105D4000C2F800E0EEE7A36B43F40013A363BBE7E4
:105D50001946C4E70321C2E700211160DFE7D4F848
:105D6000002B04F53063002A18DA4FF00062C4F803
:105D7000002B002200214FF67F3C01321961C3F84D
:105D800008C0203395420DD9D3F800E0BEF1000FD2
:105D900005DA4FF0904EC3F800E0EEE70022002154
:105DA0001960E7E73B6923F480733B610023A3613B
:105DB0006FF0804363619DF81E301BB9A36943F007
:105DC0001003A361A2690B4B1343A3619DF822301A
:105DD0001BB1A36943F00803A361012E05D1A36998
:105DE00043F0804343F00403A361BDE8F84004B0EE
:105DF000704700BF00383C8030B54A780B78012AE4
:105E000000EB431300F5006029D1D3F80029002AE4
:105E10000BDAD3F8002942F00062C3F80029D3F866
:105E2000002942F08042C3F800290A780124C56B9A
:105E300002F00F0204FA02F225EA0202C2630978B4
:105E4000C26901F00F018C4022EA0402C261184AC3
:105E5000D3F800190A40C3F80029002030BDD3F858
:105E6000002B002A0BDAD3F8002B42F00062C3F8B3
:105E7000002BD3F8002B42F08042C3F8002B0A78A5
:105E80000124C56B02F00F0204FA02F225EA024275
:105E9000C2630978C26901F00F018C4022EA044212
:105EA000C261044AD3F8001B0A40C3F8002BD4E7B0
:105EB000007833EC0078F3EFF7B54B780F78012BCF
:105EC0006C4E00EB4714DFF8B4C140F089800D69D7
:105ED00004F5106345BB1D6935401D611D6945F41E
:105EE00000251D611D6905EA0C05012A1D614CD1C3
:105EF000CA6902B15A610B79012B0CD1D0F808386C
:105F000013F4807FD4F800390CBF43F0005343F002
:105F10008053C4F80039D4F8003943F00443C4F87E
:105F20000039002003B0F0BD1D6905EA0C051D61B4
:105F30001D6935401D610D698E6867B9B54288BF1E
:105F40000E611D6945F400251D610D691E69C5F3CB
:105F500012053543C9E73544474FD3F810C0013D1A
:105F6000B5FBF6F5AEB207EAC54545EA0C051D617D
:105F70000D79012DE9D11D6925F0C0451D61750719
:105F80001F6905F0C0453D43DEE7D4F8003943F012
:105F90000443C4F800390B79012B0DD00B69002B99
:105FA000BFD00A780123D0F8344802F00F029340A2
:105FB0002343C0F83438B4E7D0F8083813F4807FAE
:105FC000D4F800390CBF43F0005343F08053C4F8B9
:105FD000003900920B8A0A78C96809F0DAFDA0E757
:105FE000D4F8105B04F5306305EA0C051D611D69EA
:105FF00035401D610E698D683FBB06B10D610D62B4
:106000001E69C5F3120535431D611D6945F4002560
:10601000012A1D6102D1CA6802B15A610B79012BB4
:106020000CD1D0F8083813F4807FD4F8003B0CBFB3
:1060300043F0005343F08053C4F8003BD4F8003BD6
:1060400043F00443C4F8003B6BE7002ED8D02E4445
:10605000013EB6FBF5F6B6B275430D62064D1F69FB
:1060600005EAC6453D431D610D6A1E69C5F312056B
:106070003543CDE7FFFF07E00000F81F0000F8FF01
:1060800030B5114C00F53063056CA54203D9D0F84A
:10609000004B002C16DB002401291C611C6944F410
:1060A00000241C611C6944F018041C611C6944F044
:1060B000C0441C6106D15A61D0F8003B43F08023F4
:1060C000C0F8003B002030BD0A30544F002854D0A7
:1060D0002B4A936903F44043B3F5404F1FD1294B3A
:1060E000294A0344934242D9284B294A0344934204
:1060F0003FD9284B984240D80020274A136823F004
:106100000F0303431360136803F00F03984232D068
:10611000136803F00F03C01A18BF0120704793697A
:1061200003F44043B3F5004F0ED11C4A1C4B02440C
:106130009A421AD91B4A02449A4218D91A4A02446E
:106140009A4216D90133D5E7184A194B02449A42AC
:1061500009D9184A02449A4207D9174A02449A4276
:1061600005D9164AEBE70420C7E70320C5E702205C
:10617000C3E70120C1E70346CDE70120704700BF18
:1061800000480258FFC4A7F7FFE0F5057FE2D3FB04
:106190007F1D2C04801D2C0400200052BF4C2AF6C9
:1061A000BF3B47037F8871F93FC4B8FCFF6A45F5E0
:1061B0003FA5AE023F10F4F77FB5A2FABF5A51FDDA
:1061C000014803F085BF00BF17BC0608034A044B13
:1061D000026024209B1AB3FBF0F0704708170608F2
:1061E000EC1D060870B5044688B10378C3B10D4DA7
:1061F0000D4EB54201D3002409E02968A14208D11F
:10620000284609F0EBFD002814BF2C460024204648
:1062100070BD2046EAF790FF0028F1D02435E8E76A
:106220001C46F4E708170608EC1D06082DE9F8439C
:10623000054610B304782CB1114CDFF84880444572
:1062400003D300242046BDE8F883226A52B12046D9
:1062500009F0C4FD30B1166826B1D6F800900027C9
:10626000B94501D12434EAE756F8041F2846EAF775
:1062700063FF0028E6D00137F2E70446E2E700BFFB
:1062800008170608EC1D06081FB50446EDF710FDBB
:1062900007490B685B0708D0064B012202930023D5
:1062A0001846CDE9003309F0BCFD204609F0C9FDD0
:1062B0005409002451BC06082DE9F041044686B07B
:1062C0000D46EFF31188102383F31288BFF36F8F0D
:1062D0002B4F2C4A3B68966859074DD00428127CF6
:1062E000274996BF284B294B53F820300390CDE91E
:1062F0000432274B0122029300231846CDE90033D4
:1063000009F08FFD85B1EB693A68C3F308035BB10F
:1063100052071AD01F4B0122194902930023184635
:10632000CDE9003309F07DFD3B685B070DD0D6B9A0
:1063300019481A4B0122124902930023CDE9036048
:10634000CDE90033184609F06CFD29462046FFF7D9
:106350009BFF88F31188BFF36F8F304606B0BDE80E
:10636000F041F2F773BF30460AF000F90028DFD0A1
:106370000378002BDCD0DCE7002DC4D1E5E700BFBB
:106380005409002488590024F84E060860BC060809
:1063900076BC06089EBC06086EBC0608BFBC060894
:1063A00038B50A4B53F82040013053F82050A5422D
:1063B00000D838BD606830B1037FDB0701D409F035
:1063C0004BFD0834F3E723689847FAE70C4F0608BB
:1063D0002B4B0122032070B52A4C86B02A4D1A702F
:1063E000FFF7DEFFFFF7ECFE09F05AFD0420FFF790
:1063F000D7FF26463034AE4210D3224C01F02EF99E
:10640000224EAC4226D301F03DF903F052FA204A65
:10641000137B23F00103137306B070BD54F80C3CDA
:10642000059354F8103C049354F8143C039354F827
:10643000183C029354F81C3C019354F8203C009300
:1064400054E90A2354E90C0100F05CFE54F8303C96
:106450005E65CEE7D4E90A23B3F1FF3F08BFB2F18E
:10646000FF3F05D052EA0301206803D101F00AFA88
:106470003034C6E73146183001F0C2FCF8E700BFFF
:10648000095A0024A0220608D0220608A7060608FA
:106490002032002403480021034A08B5121A09F0EB
:1064A000F2FC08BD000B0024145A002470B5F82338
:1064B000144E86B0012203FB0066134B134D0446B5
:1064C00005930F231249CDE9033200234FF4A07244
:1064D000CDE90133182302FB001103FB00550D4BDE
:1064E0003046009500F00EFE737B2C74013423F0CF
:1064F0000403EE607373084B03EBC4236B6006B0B8
:1065000070BD00BF2831002421BD06088859002431
:1065100018EA0224D3FF050818E20224BFB50020C0
:10652000FFF73EFF264B83F30888264D0024F02317
:10653000254F85F82230EC772C766C76AC7685F892
:1065400020406B6A43F4E0236B62F2F735FEF2F70A
:10655000CFFF4FF0FF33AB62EB62EDF781FB1B48DF
:1065600000F066FE1A4D09F038FCEDF7CFFA012075
:10657000FFF716FF0220FFF713FF01F0B7F8154BE6
:1065800015494FF400429D612846144B0094059331
:106590000123CDE90144CDE903433B4600F0B2FDC0
:1065A0006A7B0646284622F004026A730AF03EF827
:1065B0002046FFF77BFF3A4631462846F2F76EFF4A
:1065C00018EA022400ED00E0D1630508303400240D
:1065D000203200248859002458EB0224055606086E
:1065E00038B5054C256804EB850405B938BD54F869
:1065F0000439013D9847F8E79C25060838B5044C56
:10660000044DAC4200D338BD54F8043B9847F8E73A
:10661000A8250608A825060838B5064C064DAC4244
:1066200001D3002038BDD4E901122046183409F006
:106630003EFCF4E790090024C009002438B500208E
:10664000054C064DAC4200D338BD204609F0A1FCF4
:106650000028F9DB2034F5E7900900249009002494
:1066600070B5094C0025094E002301222046194629
:1066700009F087FF013521463046503409F0A6FE67
:106680000A2DF1D1002070BD586B0324D4090024D9
:106690002DE9F34104460E4600F10808EFF3118797
:1066A000102181F31288BFF36F8F406A21698842FD
:1066B00038D22568AC4218D0BDB1284609F094FC08
:1066C00005F118000AF0E9F9E268314628690AF094
:1066D000D5FB00232846C5F8B03009F0A7FF404697
:1066E000394600F077FF002029E0E2683146206A51
:1066F0000AF0C4FB236AE268102104F12800134465
:10670000A2699342236204BF63692362636A01330F
:1067100063620AF064FB0028E1D187F31188BFF3BC
:106720006F8F0CE052EA03010CD00849404689689B
:106730000E613946CDE90023224600F0CFFE02B0BB
:10674000BDE8F0816FF02200E7E700BF8859002420
:10675000F7B50446084604F10807EFF31186102147
:1067600081F31288BFF36F8F616A00293AD0E26823
:10677000E1690AF083FBE369E26825681344A269D2
:106780009342E36104BF6369E361AC42636A03F16E
:10679000FF33636234D02846002D32D009F024FC48
:1067A00005F118000AF079F9E2682969206A0AF00F
:1067B00065FB236AE26828461344A2699342236278
:1067C00004BF63692362636A013363620024C5F80E
:1067D000B04009F02BFF3846314600F0FBFE204662
:1067E00003B0F0BD52EA030110D00A49896808617C
:1067F00031463846CDE90023224600F06FFEEFE730
:10680000002086F31188BFF36F8FE9E76FF0220055
:10681000F7E700BF885900242DE9F34104461746E5
:106820001E46EFF31188102383F31288BFF36F8F96
:10683000C368334A7BB180689168884219D057EAAF
:10684000060318D188F31188BFF36F8F6FF00F0024
:1068500002B0BDE8F081916891F90E100133216119
:10686000E3609368A36088F31188BFF36F8F002003
:10687000EEE72169F2E791F90E106FF07E0290F9D0
:106880000E309942A8BF19469142B8BF11468B42BB
:106890002DDD09F06CFC0546224641461948CDE93C
:1068A000007600F01BFE0028E1D0EFF311861023E4
:1068B00083F31288BFF36F8FA068D0B1236821697A
:1068C0009C420AD04BB193F90E309942A8BF1946A9
:1068D0006FF07E039942B8BF194609F048FC40B1F9
:1068E0003146084800F076FE6FF00A00B0E7002558
:1068F000D2E7002DF4D186F31188BFF36F8FF3E751
:10690000885900240A5A0024F8B583680546002BEC
:1069100040D0234A926893423FD1C368012B03D9E8
:10692000013BC3600020F8BDEFF31187102383F310
:106930001288BFF36F8F0169806809F018FC2C681A
:10694000A54207D10023C5E9023387F31188BFF3BD
:106950006F8FE7E7002CF5D0002604F11800D4E98A
:10696000003213605A60637BA66023F00203C4E91F
:10697000006663730AF091F8AC6094F90E3020461B
:106980002B61C4F8B06009F051FE3946054800F0AB
:1069900021FEC7E76FF01500C5E74FF0FF30C2E7F3
:1069A000885900240A5A002437B5EFF311851021C5
:1069B00081F31288BFF36F8F04689CB123680121B3
:1069C000426823F003039442036008BF43602046FB
:1069D00009F059FC044685F31188BFF36F8F2046F8
:1069E00003B030BD52EA0301F5D02946CDE90023BA
:1069F00000F10C02083000F071FD0028EFD1024BCD
:106A00009B681C69EBE700BF8859002470B5EFF361
:106A10001186102383F31288BFF36F8F0468A0429E
:106A20001BD0D4B1002504F11800D4E90032136062
:106A30005A60637BA56023F00203C4E900556373C9
:106A40000AF02BF82046C4F8B05009F0EFFD3146AB
:106A50000B48BDE8704000F0BDBDD0E90232022114
:106A600010309A4218BF013340F8083C0AF0B7F9D9
:106A70000028ECD186F31188BFF36F8F70BD00BF83
:106A80000B5A002413B5EFF31181102484F31288FC
:106A9000BFF36F8F846844B1013C846081F3118837
:106AA000BFF36F8F002002B010BD52EA030406D17D
:106AB00081F31188BFF36F8F6FF00F00F3E7CDE91B
:106AC00000230246014800F009FDECE70B5A0024C0
:106AD0002DE9F8430546EFF31188102383F312885C
:106AE000BFF36F8F00266FF00A0937462C68A54266
:106AF00016D0ACB104F118000126D4E900321360BD
:106B00005A60637BA76023F00203C4E900776373D4
:106B100009F0C3FF2046C4F8B09009F087FDE5E70F
:106B20000023022105F11000AB600AF058F930B9DA
:106B30002EB988F31188BFF36F8FBDE8F883414603
:106B40000248BDE8F84300F045BD00BF0B5A0024E1
:106B500073B50C46EFF31181102585F31288BFF34E
:106B60006F8FD0E90365B5420AD92B1F036155F831
:106B7000043C236081F31188BFF36F8F002008E08D
:106B800052EA030507D181F31188BFF36F8F6FF0CD
:106B90000F0002B070BDCDE900230246083000F0BE
:106BA0009DFC10F10B0FF4D0024B9B681B69236016
:106BB000E4E700BF885900241FB5094A02AB92E8F8
:106BC00003004FF4806283E8030000934FF0FF332B
:106BD0000449054800F00EF9002005B05DF804FBFB
:106BE0004C340608786E0324183300242DE9FF4145
:106BF000044610274E4EEFF3118887F31288BFF337
:106C00006F8FD4F8F850F5B9022104F5887009F0B7
:106C10001BFC002868D004F5847500220121284659
:106C200009F0AEFD0028F8D100234FF0FF324146B5
:106C3000404802934FF0FF33CDE9002304F5807202
:106C400000F02CFFD7E7D4F8FC202B689542C4F85D
:106C5000F83008BFC4F8FC30D4F8103143F0020318
:106C6000C4F81031EB6823F0040343F00103EB6038
:106C70006B6888F31188BFF36F8F28469847EFF34E
:106C8000118887F31288BFF36F8FEB68D80623F063
:106C9000010236D4EA60EB689A0716D523F00203A6
:106CA0003068EB6088B10368002170B1426895429A
:106CB00035D1036869BB72683360824200D173606A
:106CC000002340F8083BFFF7A1FED4F8103123F071
:106CD0000203C4F8103188F31188BFF36F8FDB050E
:106CE00089D400F04BFD86E7D4F81031D9069BD546
:106CF000C4F8100188F31188BFF36F8F04B0BDE8AA
:106D0000F08123F01103EB6005F11000FFF77EFE28
:106D1000C1E70B607368834208BF7160D0E723B19D
:106D20001A68014618461346BFE71A46F9E700BF3E
:106D3000B05900240C5A0024F8B5C36804460F4625
:106D40009A07C3F340062BD45B0719D40B680BB921
:106D500083680B60E368DD0745BFA3680226012650
:106D60003B603D68002D3AD01E4B9B68AB420AD079
:106D7000D5F81031D807C3F3800214D46FF012068F
:106D800000233B6025E009F0E8FBD5F8103100282E
:106D9000F0D1D907C3F3C002F0D552B15B0708D4D4
:106DA0006FF00F06ECE7002AFAD1C3F3C003002B03
:106DB000F6D100232360D5F8FC3063B9C5E93E4421
:106DC000284609F05BFBE36843F00403E3603B689B
:106DD000A3603046F8BD1C60C5F8FC40F0E76FF0DA
:106DE0001506CDE7885900240146014809F088BB03
:106DF00018330024F0B50446002089B0C4E93E00F1
:106E000004F580700E9DC4E9400004F58470C4E967
:106E100042004DB32879002840F2011008BF01203C
:106E2000C4F8100100204FF0FF364FF0FF370094F8
:106E3000CDE90330CDE901000C4B2046CDE90667D2
:106E400000F0CAF955B1296811B1204600F008F9DF
:106E50006B791BB1237B43F001032373204609B0F8
:106E6000BDE8F04000F00EBD0120D9E7ED6B05084C
:106E700037B501900846EFF31184102181F3128891
:106E8000BFF36F8FC16811F01E0F17D153EA0205CF
:106E900008D101A9FFF750FF84F31188BFF36F8F6A
:106EA00003B030BD41F00801103040F8041C0199D6
:106EB0008161034900F0A4FF0120EDE70020EBE72A
:106EC0008D04060801460148FFF7D2BF183300249D
:106ED000F7B50C4616461D460190EFF311871023B7
:106EE00083F31288BFF36F8F084609F0B8FA55EAAA
:106EF000060309D101A92046FFF71EFF87F3118879
:106F0000BFF36F8F03B0F0BDE36804F110003246A9
:106F1000054943F00803E360019BA3622B4600F0A0
:106F20006FFF0120EAE700BF8D0406080146014813
:106F3000FFF7CEBF1833002438B5EFF311851023C7
:106F400083F31288BFF36F8F0468A04213D094B10B
:106F5000204609F0F1FA04F1180009F09EFD002323
:106F60002046C4F8B03009F061FB2946044800F01F
:106F700031FB002038BD85F31188BFF36F8FF8E730
:106F80000D5A00242DE9F0410546EFF31187102337
:106F900083F31288BFF36F8F0468A04222D00CB332
:106FA0000026204609F0C8FA04F11800B04609F09E
:106FB00074FD2046C4F8B08009F038FB2C68013617
:106FC000A54208D03CB1204609F0B6FA04F11800F9
:106FD00009F063FDEDE73946054800F0FBFA30465D
:106FE000BDE8F08187F31188BFF36F8F0026F6E7C5
:106FF0000D5A00242DE9F34105460C4617461E465E
:10700000EFF31188102383F31288BFF36F8F0846C4
:10701000FFF77AFC2A4641460848CDE9007600F0A1
:107020005DFA05464FF0FF324FF0FF332046FFF781
:10703000F3FB284602B0BDE8F08100BF0D5A0024E2
:10704000EFF305833BB9054B9B68D8897F288CBF3C
:107050000020012070470020704700BF885900249D
:1070600010B5044608B9054B9C681F2204F178004E
:1070700009F0F9FF002084F8970010BD885900241A
:107080002DE9F84F0C46A1B39AB390F80D90571E16
:10709000DFF868800846B9F1000F25D00025DFF839
:1070A00060A0B8F804B019EA0B0F19D07E1BB8F82D
:1070B0000630D8F800109E4228BF1E4632462E44A5
:1070C00009F0DCFE39EA0B0904EB06000CD0BD1B0D
:1070D0005146012D28BF01252A46354409F0CEFE30
:1070E00008F108086019DCE7002303702046BDE8BA
:1070F000F88F0148FBE700BFA09F0608244F060851
:107100003FBD06082DE9F04F984685B000F15803C1
:1071100007320F46002622F0070A0446866001EB7C
:107120000A055246C673AA21DDF838B0DDF84C9046
:10713000C0E91633129B037304234373119BC0E908
:1071400006668373384609F0C1FE29462046F1F7EA
:10715000FDFA0730109B394620F00700C4E9267A73
:10716000C4F8A0002D1A029320460F9B2A46CDE9B1
:1071700000B34346F2F752F90F9B6665E366109B36
:10718000C4E9198B2367EFF31183102282F312886D
:10719000BFF36F8F0F4F7A6A7C62626783F3118847
:1071A000BFF36F8FB9F1000F11D01F22494604F1D0
:1071B000780009F058FF84F89760BB680BB1D3F8EA
:1071C000A4302846C4F8A43005B0BDE8F08F84F898
:1071D0007890F2E788590024F0B5002587B004467E
:1071E0000595109D04950F9D03950E9D02950D9D8F
:1071F00001950C9DDDE912760095FFF783FFB6F14E
:10720000FF3F08BFB7F1FF3F05D056EA070305D19E
:10721000204600F037FB204607B0F0BD3A46334623
:10722000024904F1180000F0EBFDF4E7A706060898
:1072300040F201138381002310B5C0E926330446D0
:1072400001F050F8014B9C6010BD00BF885900242C
:107250000A4A6FF00A019368C3F8B0100849C3F8EE
:10726000AC004B6843F080534B60002383F31188DC
:10727000BFF36F8F9368D3F8B0007047885900242C
:1072800000ED00E070B590F90D20437B002A36DB5D
:10729000D90634D11B4C63F07F0322464373216A25
:1072A00052F81C3F934207D1C0E9002108602062D8
:1072B00011E09942F8D01B68002BF5D090F90E50E0
:1072C00093F90E60B542F4D0AE42F2DD5968C0E9E0
:1072D000003108605860E569954200D005B9E5685D
:1072E000A3685A7BD20604D1DA897F2A01D9AA6918
:1072F00032B1AB4202D0284600F084FCA56170BDDB
:10730000A361FCE78859002438B590F90D200146A7
:10731000437B002A04DA03F07F03437309F04CF93E
:107320000D4D2A46AB6852F81C4F944200D004B968
:10733000EC688B4207D05A7BD20604D1DA897F2AC7
:1073400001D9A2692AB1A34202D0204600F05AFC1A
:107350002346AB6138BD00BF8859002470B590F951
:107360000D200146437B002A04DA03F07F034373B8
:1073700009F022F94B7B1C4C63F07F0322464B73D0
:1073800052F81C3F206A934207D1C1E900200160F6
:10739000216211E09842F8D01B68002BF5D091F9DA
:1073A0000E5093F90E60B542F4D0AE42F2DD58684B
:1073B000C1E9003001605960E569A368954200D0D9
:1073C00005B9E5688B4207D05A7BD20604D1DA8929
:1073D0007F2A01D9AA692AB1AB4202D0284600F01F
:1073E00011FC2B46A36170BD88590024F8B5394CB7
:1073F0000746A268824224D1EFF305830BBBEFF36B
:107400001186102383F31288BFF36F8F537B03F031
:107410007F0343F01003537309F0CEF8234653F86B
:107420001C5F9D4200D005B9E568A3689D4202D06B
:10743000284600F0E7FB3046A561BDE8F840FFF7BD
:1074400007BFEFF31185102383F31288BFF36F8F0B
:107450007B7BD90604D585F31188BFF36F8FF8BD08
:10746000D90943F0100219D17A73E6691A4B9E428A
:1074700000D006B9E668A368B34202D0304600F0F7
:10748000C1FBA368A6619F42E5D1EFF30583002B02
:10749000E1D13A7BD2070AD42846CEE703F07F0336
:1074A000384643F010037B7309F086F8DDE785F377
:1074B0001188BFF36F8F83F31188BFF36F8F04239D
:1074C000184602DFEFF31180102383F31288BFF315
:1074D0006F8FB2E788590024A4590024F8B5124BE5
:1074E0000C461146114A9868DDE906761060EFF304
:1074F0001182102282F31288BFF36F8F9D68284695
:1075000009F06CF8B6F1FF3F08BFB7F1FF3F06D0B6
:107510003A463346064905F1180000F071FC204652
:10752000BDE8F840FFF794BE88590024B8590024FC
:10753000A7060608F8B50446EFF31187102383F376
:107540001288BFF36F8F437B49B203F01F02002AFA
:107550000CBF0126002639D103F07F031C4D437375
:1075600009F02AF8437B2A46817363F07F03437353
:1075700052F81C3F934227D1286AC4E900200460D6
:107580002C620FE08342F8D01B68002BF5D093F9F2
:107590000EC06145F6D08C45F4DD5968C4E9003170
:1075A0000C605C60EC69944200D004B9EC68AB6894
:1075B0009C4202D0204600F025FBAC6187F3118885
:1075C000BFF36F8F3046F8BD286ADEE78173F5E7B9
:1075D0008859002449B9EFF3058030B9054B9A6901
:1075E0009B689A4201D0FFF733BE81F31188BFF345
:1075F0006F8F70478859002410B5EFF31184102263
:1076000082F31288BFF36F8F427BD10604D484F3D8
:107610001188BFF36F8F10BD22F010024273FFF785
:1076200031FE21460248BDE81040FFF7D3BF00BF3E
:107630000E5A0024034648B9EFF3058232B9064AD0
:1076400091699268914201D0FFF702BE83F31188DD
:10765000BFF36F8F704700BF88590024EFF311818B
:10766000102383F31288BFF36F8F054B9A68D37B87
:10767000013BD37381F31188BFF36F8F704700BF55
:107680008859002470B5EFF31186102383F3128814
:10769000BFF36F8F144DAB68DA7B0132DA732A4681
:1076A00052F81C4F944200D004B9EC685A7BD206C1
:1076B00004D1DA897F2A01D9A2692AB1A34202D072
:1076C000204600F09FFA2346AB6186F31188BFF392
:1076D0006F8FEFF31180102383F31288BFF36F8F46
:1076E000BDE87040FFF7A6BF88590024024B03F1A4
:1076F0001C02C3E9072270478859002408B5FFF728
:1077000019FF70B1074B9B68DB7B53B9EFF3118016
:10771000102383F31288BFF36F8FBDE80840FFF793
:1077200089BF08BD8859002470B5EFF31186102376
:1077300083F31288BFF36F8F0E4D2B4653F81C4F07
:107740009C4200D004B9EC68AB685A7BD20604D1E5
:10775000DA897F2A01D9A2692AB1A34202D0204640
:1077600000F050FA23463146AB610348BDE8704053
:10777000FFF730BF885900240E5A002470B5EFF38C
:107780001186102383F31288BFF36F8F1B4CA168FF
:10779000206A0B68814214BF1A46002249680B60B8
:1077A0005960A368216A2AB9154AC3E900210B6010
:1077B00023620CE093F90E0092F90E50A84218D003
:1077C000854216DD5168C3E900210B605360E5690D
:1077D0000B4B9D4200D005B9E568A3689D4202D0DD
:1077E000284600F00FFA3046A561BDE87040FFF76B
:1077F0002FBD8A42D8D01268D5E700BF885900242F
:10780000A459002451EA00032DE9F04105460E4633
:1078100004D1FFF7B3FF0020BDE8F081431C71F1F4
:10782000FF3324DB09F05AF94419EFF311881023D0
:1078300083F31288BFF36F8F0F4F104BB868186037
:10784000FFF762FDB8682A460D493346183000F04C
:10785000D7FABA684046537B43F004035373FFF7EB
:10786000F7FC09F03BF9201A20EAE070D4E76FF04A
:107870000104241AD9E700BF88590024B85900240C
:10788000A706060838B50446EFF31185102383F3E5
:107890001288BFF36F8F437B5B070FD5183009F059
:1078A000FCF8637B204623F004036373FFF7EAFCD4
:1078B00029460548BDE83840FFF78CBE85F311889E
:1078C000BFF36F8F38BD00BF0E5A0024014B98687C
:1078D000704700BF885900242DE9F8430446077B10
:1078E000EFF31185102383F31288BFF36F8F437B6F
:1078F000190705D585F31188BFF36F8FBDE8F883AD
:10790000D90943F0080260D14273A36813B120463D
:1079100008F05AFE04F1180004F1580809F0BDF807
:10792000A66DB04511D04FF0000976B1304608F091
:107930004BFE06F1180009F0B0F83046C6F8B090DA
:10794000FFF7A0FCA66DB045EFD1DFF8CC80D8F8EA
:1079500008309C4241D1EFF30589B9F1000918BF05
:107960004FF00109D8F81C60294A964200D00EB9A0
:10797000D8F80C60B34202D0304600F043F92046FC
:10798000C8F81860F1F766FD204600F093F9B9F1E8
:10799000000F02D01F48FFF74BFCD8F808309C427C
:1079A00031D1EFF3058373BB227BD20718D428466D
:1079B000FFF74EFCFB07A1D5002383F31188BFF32B
:1079C0006F8F0423184602DF98E703F07F0343F02C
:1079D0000803437308F0F0FD97E74FF00009C1E793
:1079E00085F31188BFF36F8F83F31188BFF36F8F17
:1079F0000423184602DFEFF31180102383F312886B
:107A0000BFF36F8FD4E785F31188BFF36F8FD1E792
:107A1000A45900243034002488590024F8B50146C4
:107A200015461C46EFF31186102383F31288BFF32B
:107A30006F8F437B1B0720D454EA020323D0154FDA
:107A4000B868884222D000F158038A689A421DD053
:107A5000583108F0C3FDB4F1FF3F08BFB5F1FF3F57
:107A600006D0B8682A4623460B49183000F0C8F9FA
:107A70003046BDE8F840FFF7EBBB002086F31188E5
:107A8000BFF36F8FF8BD6FF00F00F7E76FF02C00BA
:107A9000F4E700BF88590024A7060608D3B5DDE93E
:107AA0000667089CCDE90067FFF718FD1CB1034B82
:107AB0009B681B69236002B0D0BD00BF88590024B9
:107AC0002DE9F04D8CB000240546164604A80F465B
:107AD0000B94CDE90912DDE9142309F005F8DDE97D
:107AE00004ABEFF31183102282F31288BFF36F8F80
:107AF000089395F82C308DF81F409A0749D405F16A
:107B000004082A8A2B899B1A6A699BB29A4205D17A
:107B100005F1240008F090FE8DF81F000B994046F7
:107B2000721A394402F0D6FB0B9BC418B4420B9472
:107B30000CD134469DF81F3073B3089905F1180035
:107B4000FFF748FD20460CB0BDE8F08D95F82C30CD
:107B5000DB0704D4002C08BF6FF01F04EAE7114BC9
:107B600009AA294605F11C009B681A610DF11F0343
:107B700008AA0293CDE900AB08F025FE04460028D0
:107B8000BFD010F10B0FD5D10B9B002B18BF1C469B
:107B9000D0E76FF08B04CDE7089B83F31188BFF328
:107BA0006F8FCFE788590024044B0122C01A044B81
:107BB000C0105843034B1A54704700BF28350024A7
:107BC000ABAAAAAA0F5A0024C3897F2B12D80A4B4A
:107BD0001B6863B1094B90F90E201B689A4209DBC0
:107BE000437BDB0606D1064BC31A18BF012303F003
:107BF000010070470023FAE7C0590024BC59002453
:107C0000283100240E4B70B51E7C05460D4C06EB4A
:107C1000460304EBC304204608F03FFF0A4B002252
:107C200028469A55FFF7D0FF48B1084B204608492F
:107C30001A68013ABDE87040D31700F0E1B870BD92
:107C400088590024283500240F5A0024C0590024E4
:107C5000A97B050838B5EFF31185102383F312884B
:107C6000BFF36F8F104B114A9C681068A04206D179
:107C7000FFF7C8FF85F31188BFF36F8F38BD002170
:107C80001B7C11600A4AD35C002BF3D02046FFF71F
:107C90009BFF0028EED0637BDB0602D12046FFF776
:107CA0005DFB2046E4E700BF88590024B859002452
:107CB0000F5A0024EFF31181102383F31288BFF3CE
:107CC0006F8F0A4A536A834207D15B6F536281F315
:107CD0001188BFF36F8F70471346002BF7D05A6F90
:107CE0008242F9D1426F5A67F1E700BF88590024F8
:107CF000F8B505460E46EFF31187102383F312887B
:107D0000BFF36F8F064B5C6A24B987F31188BFF30A
:107D10006F8FF8BD20463146A847646FF4E700BF77
:107D200088590024F8B506460F46EFF31183102258
:107D300082F31288BFF36F8F0B4915464C6A24B942
:107D400083F31188BFF36F8FF8BD83F31188BFF3FE
:107D50006F8F39462046B047EFF3118385F31288C1
:107D6000BFF36F8F646FEAE7885900240748084A19
:107D70000849121A08B508F088F80748074A084960
:107D8000121ABDE8084008F080B800BF00000024C7
:107D9000000B002494BD060800000024000000240D
:107DA00094BD0608024B1868984208BF002070472F
:107DB00044080024034B1B680BB9F9F73BBF0020B4
:107DC000704700BFC459002430B570B10B4B5B68DD
:107DD00098420AD0036843B1D3E90421D0E90445AD
:107DE000121941EB0501C3E90421D0E90032136007
:107DF0005A600023C0E9003330BD00BF44080024AE
:107E0000B3F1FF3F08BFB2F1FF3FF8B504461D468E
:107E100017465AD08160EFF31186102383F312883E
:107E2000BFF36F8F013275F1FF3316DBFFF7C2FF2F
:107E30007B1C45F100051B1845EBE070284FC4E999
:107E40000430FFF7AFFF84467868BCF1000F18D10B
:107E5000C4E9007004607C6027E022496FF00103F0
:107E6000D1E900209B1A4FF0FF3262EB0000DB1BD0
:107E700060EB0500012B70F10002BCBF0123002064
:107E8000DCE7DCE90425D4E90431934271EB050E0B
:107E90001CDAD21ADCF8043065EB0105CCE90425C4
:107EA000C4E900C31C60CCF80440FFF77BFF8442A8
:107EB00007D10D4B1C6824B908F0D6FD2146F9F70F
:107EC0003BFE86F31188BFF36F8FF8BD9B1A61EB01
:107ED00005018445C4E90431BAD0DCF800C0B4E738
:107EE0004408002440350024C45900242DE9F047FB
:107EF000EFF31185102383F31288BFF36F8F254FA3
:107F00004FF00008244E4FF000093860FFF74AFF99
:107F10003B68D6E9001E4FEAE37C50B1D0E9044249
:107F2000A3427CEB020A19DAE41A62EB0C02C0E904
:107F300004425B184FF000044EEB0C023C60C6E9B3
:107F4000003208F091FD2146F9F7F6FD85F311881E
:107F5000BFF36F8FBDE8F047FFF77CBE61184EEBB3
:107F6000E473C0E90489C6E90013FFF72DFF85F328
:107F70001188BFF36F8F83689847EFF31185102343
:107F800083F31288BFF36F8F3B681B1B3B60FFF7C7
:107F900009FFBDE7C45900244035002410B5EFF3B4
:107FA0001184102383F31288BFF36F8FFFF702FF52
:107FB000054A0346D2E90001181841EBE37184F346
:107FC0001188BFF36F8F10BD40350024F8B504460B
:107FD000EFF31187102383F31288BFF36F8F0268CA
:107FE00022B187F31188BFF36F8FF8BDD0E90A364D
:107FF000581C46F10001022871F1000127D3012B22
:1080000076F10001BCBF012316465D1E46F1FF3626
:1080100008F068FD013041F10001401946EB010113
:10802000012871F100013ADB08F05CFD01306FF0CE
:10803000010241F10001401946EB0103121A4FF011
:10804000FF3161EB030318492046FFF7D9FE236B8C
:1080500001332363236A6BB187F31188BFF36F8FFA
:10806000236A20469847EFF31187102383F3128881
:10807000BFF36F8F54F8185FA542B2D0002DB0D077
:10808000284608F0E2FA0023C5F8B03087F31188DB
:10809000BFF36F8F2846BDE8F84008F0C7BA6FF00D
:1080A00001024FF0FF33CEE7CD7F05082DE9F04107
:1080B00005461C4690461F46EFF31186102383F3B6
:1080C0001288BFF36F8FB4F1FF3F08BFB2F1FF3FDB
:1080D00005D186F31188BFF36F8FBDE8F081531C83
:1080E00074F1FF3309DB012A74F10003BCBF0122E4
:1080F000002412F1FF3844F1FF37284608F0CDFC88
:1081000006492846DDE90623C5E90A23002342463D
:108110002B633B46FFF774FEDBE700BFCD7F05080E
:1081200037B50446EFF31181102585F31288BFF3AC
:108130006F8F006B98B923688BB14FF0FF334FF00E
:10814000FF320B48CDE9002304F11802FFF7C6F90E
:10815000EFF3118185F31288BFF36F8F206B00233B
:10816000236381F31188BFF36F8F03B030BD00BF6D
:10817000105A00241423F0B503FB01000024144E10
:10818000102701B9F0BD10F8073CA0F1140C40F81D
:108190000C4C03F03F03102B0CD826FA03F3DB073B
:1081A00008D550F8143C2BB150F8105C2B605D6082
:1081B00040E9054482F31188BFF36F8FEFF311821A
:1081C00087F31288BFF36F8F01396046D9E700BF8C
:1081D000160101002DE9F74F1D46274B1646804634
:1081E0009F68012387F8603087F8613052EA050301
:1081F00007F160020CBF0123002308F01CFD81463B
:10820000EFF3118B4FF0100A8AF31288BFF36F8FD0
:1082100097F860404CB901465A464046FFF7AAFF1E
:108220008BF31188BFF36F8F0BE0002387F860306A
:1082300056EA050309D18BF31188BFF36F8F6FF0F6
:108240000A04204603B0BDE8F08F0C4A59460C489A
:10825000CDE90065FFF742F90446EFF311858AF393
:108260001288BFF36F8F2A4649464046FFF782FFC8
:1082700085F31188D6E700BF885900244C080024F4
:10828000115A002438B50346EFF31185102282F30A
:108290001288BFF36F8FC160012181600068834243
:1082A00006D185F31188BFF36F8F0024204638BDB7
:1082B000D0E9003213605A600023C0E9003308F0AF
:1082C0003CFD294604460248FFF784F9EEE700BF6B
:1082D000115A00240A460146014808F0ACBD00BF0F
:1082E00090090024014BC0F8A43070479009002485
:1082F00038B504460D4608F030F928B9064B9B689E
:10830000D3F8A4300BB938BD044B2A462146184691
:10831000BDE8384008F08FBD88590024900900243A
:1083200070B509F0EBF8094C094A235809490519B9
:108330005A436E6801FB0622A3FB0131013342EB75
:10834000010223506A6022F0004070BD0800000066
:108350002DF451582D7F954C00B5014609F0CEF80B
:10836000034BC2181950002353605DF804FB00BF93
:10837000080000000FB407B5064B04AA186852F8AD
:10838000041B019200F0FAF903B05DF804EB04B0AD
:10839000704700BFF03C0608014B196809F09AB815
:1083A000F03C0608F8B50E4B1D68AB789B070646F7
:1083B00012D56F6816F8014B29462CB90A20B84728
:1083C000002805DB204609E02046B8470028F1DAFE
:1083D000AB7843F00403AB704FF0FF30F8BD00BF43
:1083E000F03C06080CB430B589B005460C461C229A
:1083F000002101A808F06AFD02238DF806300E4B1B
:108400000293059523462CB1B4F1004F28BF4FF0DD
:108410000043013B1D440DAA0C99069501A800924A
:1084200000F0ACF914B1059B00221A7009B0BDE848
:10843000304002B0704700BFC51406080EB470B5D6
:1084400089B00DAD04461C22002101A855F8046B2B
:1084500008F03CFD02238DF806300B4B029304F12B
:108460000043013B2A46314601A806930594009536
:1084700000F084F90028A4BF0023235409B0BDE80C
:10848000704003B0704700BFC5140608242A2DE9C8
:10849000F041044601D8012A4CD109F02FF8354BA0
:1084A00016221A5001B10C6000273846BDE8F08151
:1084B00035462E4616F8010B2028F9D0A0F1090701
:1084C000042F0346F4D92B2836D02D2837D14FF06E
:1084D000010C6B78AE1C302B38D1307840F0200086
:1084E00078282FD132F010002CD173783446102226
:1084F00002360CF1004001380027B0FBF2FE02FB0F
:108500001E08392B82BF03F1FF3343F02003263BC3
:10851000303B9A421ED9774502DC03D1984501D2FF
:108520004CF0020C354607FB023715F8013B344688
:108530002E46E6E70546BCE74FF0000CC9E74FF0D2
:10854000000CC8E7002A08BF0822D2E7002A08BFAB
:108550000A22CEE701B10C601CF0010F18BF7F4268
:108560001CF0020FA1D0074608F0C8FF014B2222E1
:108570001A509AE714000000242AF0B5044601D8E6
:10858000012A40D108F0BAFF2D4B16221A5001B132
:108590000C600020F0BD2F463D4615F8010B202849
:1085A000F9D0A0F10906042E0346F4D92B282CD0CB
:1085B0002D282CD101267B78BD1C302B2DD128787D
:1085C00040F02000782824D132F0100021D16B78BF
:1085D0002C46102202350020392B82BF03F1FF33D5
:1085E00043F02003263B303B9A421AD9A0FB0204F9
:1085F0000CB9C01801D346F002062F462C4617F8D6
:10860000013B3D46E8E70746C6E70026D3E70026DC
:10861000D3E7002A08BF0822DDE7002A08BF0A22A4
:10862000D9E701B10C60F20748BF4042B307B1D5AA
:1086300008F064FF024B22221A504FF0FF30A9E7E6
:10864000140000002DE9F04101260746B24201DC8A
:10865000BDE8F0813B461F4613F8014B002CF7D0D4
:10866000252CF8D11C78252C07F10207F2D0002325
:10867000DFF804819C461D461F2D18D8A4F1200E5A
:10868000BEF1100F09D9A4F1300EBEF1090F1ED8AA
:108690000A2404FB03E3202504E028FA0EFE1EF062
:1086A000010F06D017F8014B002CE5D128E07F2DF3
:1086B0001CD8A4F1300EBEF1090FE9D9242C10D139
:1086C000BCF1000F46D0B34246D00023EAE724F0C5
:1086D000040EBEF12A0FF8D06C2C09D145F08005AC
:1086E000E0E724F0040EBEF12A0FEED06C2C22D06D
:1086F0006C2C1BD8682C23D06A2C28D04C2C26D06C
:10870000BCF1000FA4D0B445A0D144F02007A7F1DC
:10871000650CBCF1020F0B6801D9612F1ED1073324
:1087200023F0070308330B6001368EE7742CB9D0B1
:108730007A2CB7D0E4E72C0648BF45F40075CDE7A6
:10874000EC0548BF45F4007545F48075AAE745F48B
:108750002075A7E79C46B8E76324D6E7692C02D0CA
:1087600007D8632C03D02F0601D5AC05D7D404332A
:10877000D9E7732CF6E700BF892801002DE9F04FF7
:1087800093B043680193837880469807CDE9061239
:1087900017D50B920B4600251F78A7B1252F16D0B1
:1087A00001330593019B414638469847002805F15F
:1087B000010580F2358498F8023043F0040388F80C
:1087C00002304FF0FF35284613B0BDE8F08F5F78D8
:1087D0009A1C252F0592E5D000242646A246A346E2
:1087E000BBF11F0F32D8A7F12003102B0AD8DFE806
:1087F00003F02409092A0909091B09090922092783
:1088000009091900A7F13003092B2DD92A2F39D1D5
:1088100054B90B9B1BF0400F53F8042B0B9329D03A
:10882000164601E04BF0010B059B13F8017B059305
:10883000002FD5D15BE04BF0020B4BF0040BF3E7BC
:108840004BF0080BF0E74BF0100BEDE7BBF17F0F9F
:108850003FD8A7F13003092BD8D81BF0400F03D025
:108860000A2202FB0636DFE70A2202FB0A3A4BF035
:10887000200BD9E7B2F1000AF9DACAF1000A4BF08D
:10888000280BD1E72E2F05D11BF0400F9BD14BF0C9
:10889000400BC9E7242F1CD1002C00F04181079B1D
:1088A0000B931BF0400F0AD1524606980BA9FFF715
:1088B000C9FE0B9B1A1DD3F800A00B92B4E73246F9
:1088C00006980BA9FFF7BEFE0B9B1A1D1E680B92A4
:1088D000AAE76C2F00F0118100F20881682F00F0E8
:1088E00014816A2F00F019814C2F00F0168134B1E9
:1088F000079B06980B9322460BA9FFF7A3FE002EB9
:1089000047F02009B8BF2BF0400BA9F16503BCBFAD
:108910001FFA8BFB0026022B40F20781B9F1610F91
:1089200040F06482FF4307F0200304930B9B07335E
:1089300023F007031BF0400F03F1080208BF4FF0BC
:10894000FF3693ED000B0B923146049A0CA808F009
:1089500022FD0130C3B2B3424BF4C054029301DB99
:10896000029B5E1E01230C9F0393A3464FF07009E8
:1089700007F10903122B0DD907F16303C62B40F24F
:108980000D8107F2E73340F2CE72934294BF032386
:10899000042303939DF8342002F00C0312F001022B
:1089A00040F017811BF0020F40F010811BF004040F
:1089B00000F0F680002B40F00F8120231BF4405F75
:1089C0001FD1029A4832002E6A4408BF0126133A8A
:1089D000029921B112F8011D302900F034811BF0F9
:1089E000100F029A18BF3246391DC0F23181B742CA
:1089F00080F22E81BA424BF4005B40F32B817E1C47
:108A0000961B1BF40052089200F0268127EAE774B7
:108A1000013403B10134002E00F02681721C14448D
:108A2000A245CCBFAAEB040400241BF0090F04D11B
:108A30002C44A54240F01D81002443B11846414614
:108A4000019B9847002805F10105FFF6B4AE1BF421
:108A5000006F13D0019B4146302098470028FFF655
:108A6000AAAE049BC3F178004146019B00F0F800D8
:108A70009847002805F10205FFF69DAE1BF0080F90
:108A800005D12C44AC4240F0008125460024089BCF
:108A9000002B00F01A8127EAE77AA7EB0A07764253
:108AA000029BBB4284BF0CABFB180AF1FF3A88BFA4
:108AB0005879019B98BF3020564505F10109414680
:108AC00000F3ED809847002807F10107FFF673AE29
:108AD000BAF1FF3F08D1019B41462E20984700285C
:108AE000FFF669AE05F102094D46D9E7742F3FF450
:108AF0009BAE7A2F3FF498AEF9E61BF0800F18BFBB
:108B00004BF4007B4BF0800B8EE61BF4807F18BF8C
:108B10004BF4007B4BF4807B86E64BF4207B83E6B2
:108B20002646B3465446B2467EE6FF4307F020038E
:108B300004930B9B073323F007031BF0400F03F153
:108B4000080208BF0626B9F1650F93ED000B0B92E2
:108B500011D1711C0022C9B24BF4805B134611295C
:108B600028BF11210CA800F0FBFAC3B20293022324
:108B70000C9F0393FCE6B9F1660F05D14BF4005B43
:108B8000334601221121EAE7F1B201294FF0000238
:108B900038BF012113464FF06509E0E70223F8E6EC
:108BA000002B3FF40BAFBAF1030F3BDC9DF83430E0
:108BB000A54E13F0080FA54B08BF1E463746B94611
:108BC00017F8010BB0BBAE1BB1447BE033BB2B23CA
:108BD000F4E62BBB2D23F1E62022BAF1040F13DDBE
:108BE0001BF0080FAAF104040FD12C44019B029240
:108BF000414620209847002805F10105FFF6DBAD2E
:108C0000A542029AF2D19AB10024019B4146104636
:108C10009847002805F10105C8DACCE52B22DCE7EE
:108C20002D22DAE71BF0080FAAF10304BED1DCE71E
:108C30001446BBE7049BC01A4146019BC0B298474B
:108C40000028BCDAB7E502990139C9B20291BFE642
:108C5000561ED6E60026D4E61BF4006F039A0CBF1E
:108C6000032405241444D4E61BF0100F18BF01346C
:108C7000D6E609934146019B202098470028099B8E
:108C800005F10105BFF6D5AE95E5019B41463020C3
:108C90009847002805F10105BFF6F4AE8BE598472B
:108CA0000028FFF688AD1BF0100F0BD0BAF1FF3F84
:108CB00008D105F1020941462E20019B9847002862
:108CC000FFF679AD4D464C4432E29DF83500019BEC
:108CD000414698470028FFF66EAD002E69DD019BE6
:108CE00041462E2098470028FFF665AD4FF0010A57
:108CF000029B9A45BBBF0CAB534430205879019B73
:108D0000414698470028D346FFF655AD0AF1010ABF
:108D10005645EDDA02355D44049BA9EB030041465C
:108D2000019BC0B298470028FFF645AD002FB4BFA5
:108D30002D202B20019B4146B8BF7F429847002839
:108D4000FFF639AD039B042B41D14FF47A79B7FB81
:108D5000F9F606F13000019B4146C0B29847002861
:108D600005F10305FFF627AD09FB16774FF06409FF
:108D7000B7FBF9F606F13000019B4146C0B29847B7
:108D8000002805F10105FFF616AD09FB16774FF037
:108D90000A09B7FBF9F606F13000019B4146C0B263
:108DA0009847002805F10105FFF605AD09FB167788
:108DB00015E01BF0100F01D10135ADE7019B4146D5
:108DC0002E209847002805F10205A5DAF3E4039B5D
:108DD000032B05F10205C9D0039B012BD7D107F165
:108DE000300005F101094146C0B266E7A7F163030F
:108DF000122B00F2FE80DFE813F013005600FC0097
:108E0000FC00FC00FC005600FC00FC00FC00FC0028
:108E1000FC001601F700FC00FC002B00FC00B80071
:108E20000B9B1A1D1B680B928DF8303001240CAF80
:108E30001BF0080F2DD03E19B946B1452BD1EF1BC1
:108E4000B944AAEB04043DE787BD0608425806086A
:108E50000B9B1A1D0B921F68AB4B002F08BF1F46C0
:108E60001BF0400F14BF31464FF0FF31384608F079
:108E70000AF90446DCE7019B414620209847002878
:108E8000FFF699AC013EB442F5D35544AD1BB24652
:108E9000D1E75646F7E719F8010B019B4146984781
:108EA0000028CADA87E41BF0800F0B9B35D01BF437
:108EB000007F2DD0073323F00703D3E9000103F12E
:108EC00008020B922BF0100900291FFA89F936DAF3
:108ED000404261EB410149F480690DF1300B0A23F6
:108EE0005A4608F008F919F0400FA0EB0B0B65D0BB
:108EF00029F001025E4592B240F3B280002F00F0EB
:108F0000A98019F010033446914626D002345CE063
:108F10001A1D18680B92C117D4E71A1D1BF4807F25
:108F200019680B9201D10846F5E71BF4007F15BFC5
:108F300048B208B241F3C01141F3C031C2E750EA70
:108F40000103CAD11BF0400FC7D0002EC5D12BF0B2
:108F5000110B1FFA8BF93446B34640F2064319EA67
:108F600003031CBF013400232FE02BF0100B1FFA6A
:108F70008BFB0A231BF080040B9A57D01BF4007163
:108F80001DBF073222F0070202F10801101D19BFB0
:108F90000B91D2E900010B90106850EA010252D106
:108FA0002BF016091BF0400F1FFA89F94FD0002E45
:108FB0004DD12BF0170B1FFA8BF9B34619F01003A4
:108FC00052D0002F4ED10BF1010419F0080F5ED1E1
:108FD00019F0010F06D0A2456EDDAAEB040404EBE4
:108FE0000B06544622464DE04BF0100B1023782719
:108FF000C0E7B9F1780F04D1C7F1780343F010034B
:10900000B8E7019B4146252098470028FFF6D3ABDF
:10901000019B4146384698470028FFF6CCAB023505
:10902000059BFFF7B9BB08230027A3E7111D0B9190
:109030001BF480711068B0D01BF400711ABFC0B26D
:10904000214680B2A9E72BF0060B1FFA8BF90DF130
:10905000300B45E729F011091FFA89F934467CE7FE
:109060009146ABE75C4651E75C4676E7CDE90223E3
:109070004146019B202098470028FFF69CAB029AAE
:10908000039B01329245F1DC2C1BA5181446F3B169
:10909000019B4146302098470028FFF68CAB6FB902
:1090A0000135A9462E44A6EB09035B4521DC5D464C
:1090B0000CAE5DBBD944C4E65E4693E7023541463B
:1090C0003846019B98470028EBDAFFF774BB40F263
:1090D000064319EA030FE4D019F0020F14BF2B2046
:1090E000202019F4806F05F10105414618BF2D209D
:1090F000E7E7019B414630209847002809F1010924
:10910000D1DAFFF758BB00BF8BBD0608013D019BBC
:10911000705D414698470028CBDAFFF74CBB019BB6
:10912000414620209847002805F10105FFF643AB92
:10913000631B002BF3DC73E71FB502AB0093074AF8
:109140004FF0CC3308F0EDF8DDE90201C00840EA49
:109150004170C90805B05DF804FB00BFCDCCCCCC94
:109160002DE9F04F55EC104B9DB0CDE90C322A465D
:109170000B91C5F31303290DD20FC5F30A550790C0
:109180008DED050A0A9275B922461A431BD1302388
:1091900043710A9B056043F00203037101273846BF
:1091A0001DB0BDE8F08F40F2FF7295424DD1059A97
:1091B00013430A9B079A14BF43F0080343F00403C8
:1091C00013710027EBE7059AB24D02F001020992F4
:1091D000059A4FEA830848EA9278970001229A4656
:1091E0001646C5F1000B5846089200F017FAB5F183
:1091F000FF3FACBF8146A0F10109ABEB090B09EBC6
:1092000005035846069300F01DFA18A9A0F17D0544
:10921000584600F037FA14AB089A0193A9EB0505FC
:1092200012AB0292009305982B4618AA514607F0FC
:10923000BBFFB9F1010F04460D4600F2D880099B2F
:10924000002B40F0CB8001276FE0059A02F001026D
:109250000992059A43F4801A4FEA8A081343A5F24B
:10926000354548EA92784FEA82074BD140F2FE73C7
:1092700019420CBF01260026002D3246B1DB2846DC
:1092800000F0C6F90346032DC8BF013B18460693FC
:1092900000F0D8F9069B7C305D1B054418A91846E0
:1092A00000F064FA14AB019312AB00930598029698
:1092B0002B4618AA514607F077FF069B152B04464C
:1092C0000D4600F2888016AB734A009338464FF083
:1092D000CC33414608F025F8169B179A9B0843EAC1
:1092E000827303EB8303BB42DDE9129A0CD138464B
:1092F000414600F0AFF9069B83428CBF002701274F
:10930000002612E00126B7E7099B002B53D1013F4D
:1093100048F1FF31B81B61F1000100F09BF9069B99
:10932000099F83428CBF002601260D9B002B40F035
:109330009380DDF82CB04FF00008CDF82080CDF8F8
:1093400014804FF00A0ADDE91201FFF7F5FE149BC5
:109350001093CDE90E0118461599FFF7EDFE0E9B0F
:109360000F9A119198420B469341814680F08E806E
:1093700020462946FFF7E0FE109A0AFB09F39342C4
:1093800014BF002606F001060E9B12930F9BCDE939
:109390001339119B1593089BB8F1000F14BF0027D8
:1093A00007F0010701330AFB10485FFA88F80893B9
:1093B00004460D46C7E7B81C48F1000100F04AF921
:1093C000069B83428CBF00200120B9EB00006AF1AC
:1093D0000002CDE9120200273E46A6E7129B139A2F
:1093E000013B42F1FF32CDE91232012788E7B9F1A2
:1093F0003E0FF0D84FF0FF33A9F1200003FA09F235
:1094000003FA00F0C9F1200123FA01F102430A43F3
:1094100003FA09F327EA030728EA020857EA0807CC
:109420000CBF012700276BE700FB02FCA1FB001229
:10943000013362448C4275EB020CF5D2069A134458
:109440000C9A1344D20F9342B8BF13460B9A9A4218
:10945000A8BF1A4693466EE70A2100220123084658
:10946000E8E70AFB03F0A2FB0A230131034494421C
:1094700075EB0300F5D2594510DDBBF1000F02D1A9
:1094800054EA05030AD00123059371E70A22002359
:109490000121ECE7CCFBFFFFCDCCCCCC7EB34FF071
:1094A0000A0A149B15990F931846FFF745FE0F9B68
:1094B0000E910AFB00F29A42814620D1DDE91201A9
:1094C000FFF73AFE10900F9120462946FFF734FE31
:1094D0000F9B109A1292CDE913390E9B1593089B9E
:1094E000B8F1000F14BF002707F0010701330AFB92
:1094F00010485FFA88F8089304460D46D1E7069BAA
:10950000089A13449946002F5AD0B8F1050F57D145
:1095100014F001034AD1059A32B9DDE914239D42C2
:1095200008BF94425FD0059B18194FF00A0445F11B
:109530000001002201262546A04271EB020755D208
:10954000F3B1B3451CDA0D9B73B10C9A06EB09031A
:109550001A441346012A0B9AB8BF01239A42A8BFA6
:109560001A46964293460BDD05304FF00A024FF043
:10957000000341F10001E7F7C7FD09F10109013ED0
:109580005E45A8BF5E4637B20FFA89F9079B09FA14
:1095900086F607F10508013E98444FF00009B945E9
:1095A0002BDB079B0A9A1E601A71F8E5059B2BB905
:1095B000DDE914239D4208BF944209D00123B3E79B
:1095C000059B53B9DDE914239D4208BF944204D1A1
:1095D000099B002BF2D1002EF0D0B8F1040F94BFFC
:1095E00000230123A0E74FF00408F1E705FB02F791
:1095F000A4FB054201363A449EE70A220023E7F71E
:1096000083FD303208F8012D09F10109C7E700BFD9
:10961000014B5843800C704741340100014B5843C3
:10962000000D7047FB2E0B00014B5843C00C7047D8
:109630004F931200024B5843C00C0130704700BFDB
:109640004F931200024B5843C00C0130704700BFCB
:109650004F9312000A4A70B503464FF0CC360020F3
:109660004FF0333506FB03F402FB0144A3FB023148
:1096700021449D4275EB010401D30130F2E770BD36
:10968000CDCCCCCC2DE9F04F1A23354EB0FBF3FAFC
:1096900003FB1A0389B004460D4606EB0A1653B9BC
:1096A000D6E90023C1E90023D6E90201C5E9020198
:1096B00009B0BDE8F08F2B4A02EBC303D3E9008960
:1096C00004AB0093D6E902234046494607F029FE41
:1096D00006AB0093D6E9002383460F464046494631
:1096E00007F01FFEDDE9066216EB0B0652EB0708DA
:1096F0004FF0000328BF0123814633B1049B059A34
:10970000013342F10002CDE9043220460391FFF714
:1097100099FF07461A2000FB0AF0FFF793FF3F1A54
:109720003246434603990097484607F015FE4FEA34
:10973000141C0D4A640004F01E0352F82C40DC4057
:1097400004F00304241841F10001C5E90041DDE9FA
:10975000042300973046414607F0FEFDA6E700BF10
:1097600080350608B0340608644F06082DE9F04F2E
:109770001A27DFF8ECA000F11905B5FBF7F56F43E8
:109780003A1A4FEA051B89B004460E460AEB051546
:109790000AD1D5E90023C1E90023D5E90201C6E9D0
:1097A000020109B0BDE8F08F2B4B03EBC203D3E9F4
:1097B000008904AB0093D5E902234046494607F0EF
:1097C000B0FD5AF80B206B68013ACDE9020106A9F9
:1097D00063F1000300914046494607F0A2FDDDE930
:1097E00006528A4602996D18039952EB01084FF010
:1097F000000328BF0123814633B1049B059A01333E
:1098000042F10002CDE904323846FFF71BFF07465C
:109810002046FFF717FF3F1A2A464346009748465F
:10982000514607F099FD4FEA141C0C4A640004F0FD
:109830001E0352F82C40DC4004F0030401342418C9
:1098400041F10001C6E90041DDE904230097284603
:10985000414607F081FDA2E7B0340608B84F06087C
:109860005036060851EC100B0B4631F0004107D181
:1098700090B10D4A1A40002A14BF042003207047FB
:10988000094A13420AD0094B994209D9914209D198
:10989000B0FA80F0400970470220704703207047FB
:1098A00004207047002070470000F07FFFFFEF7F2B
:1098B000704708B50020E9F7AFFB002008BDFEE7C0
:1098C000836800EBC101B3F5004F2CBF51F82200B3
:1098D00031F81200704700EBC1018068B0F5004F0D
:1098E0002CBF41F8223021F812307047012208B510
:1098F000FFF7E6FFD04008BD836800EBC101B3F578
:10990000004F08D34B681AB143F001034B60704716
:1099100023F00103FAE74B881AB143F001034B80AF
:10992000704723F00103FAE753000122FFF7D3BF8A
:109930008368B3F5004F34BF04230823C91A081AFB
:10994000C0087047B0F5004F01F1010034BF042397
:1099500008230833A0EBD300B0FA80F0C0F11F0059
:1099600070472DE9F0410E46174603220446FFF7E3
:10997000A7FF8642054607F104080AD10122E368E1
:10998000BA4023EA0203E360002344F82830BDE82C
:10999000F081314602222046FFF792FF06462B4611
:1099A00001460322204644F82850FFF794FF33462F
:1099B000294620460222BDE8F041FFF78CBF70B572
:1099C00086680D460446FFF791FFB6F5004F014645
:1099D00001D3012809D03046FFF7B4FF29460246DB
:1099E0002046BDE87040FFF7BCBF70BD2DE9F047D1
:1099F00005468068FFF7A6FF884605EB800A064605
:109A0000DAF81090B9F1000F1BD00327DAF81040F4
:109A100028462146FFF76AFF404507D332462146D4
:109A20002846FFF79EFF2046BDE8F0870322214627
:109A30002846FFF745FF013FCAF8100001D08145D5
:109A4000E4D101364FF0FF34EB68B4401C40EAD05B
:109A500094FAA4F2B2FA82F2131D55F82340DEE71D
:109A60002DE9F04114460E460546FFF73FFF371B30
:109A7000A4EB06083146074442462846FFF754FF48
:109A80003A4621462846FFF74FFF4346002221462B
:109A90002846FFF720FF21462846FFF727FF3B46D1
:109AA000211800222846BDE8F041FFF714BF2DE938
:109AB000F041164604460F46FFF718FF05463146AB
:109AC0002046FFF713FF0544394620462A46FFF794
:109AD0002BFF31462046FFF709FF2B4631180022A5
:109AE0002046BDE8F041FFF7F6BE2DE9F04186685B
:109AF0000D460446FFF7FAFEB6F5004F014601D3C6
:109B0000012832D03046FFF71DFF04EB80010E69BB
:109B100096B90122E3688240204613430222E360A3
:109B20002B460D612946FFF7D6FE03222946204623
:109B3000BDE8F041FFF7CFBE022231462046FFF7D5
:109B4000BFFE2946034607462046FFF7C4FE032210
:109B5000334629462046FFF7BEFE39462B462046AF
:109B6000FFF7B9FE02223146E1E7BDE8F081F8B522
:109B70000C460546FFF7BAFE012226182846314654
:109B8000FFF79EFEC3070CD431462846FFF717FFA8
:109B900021462846FFF7AAFE214622182846FFF74D
:109BA00086FF002221462846FFF78AFE271A012257
:109BB00028463946FFF784FE10EA020613D13946DB
:109BC0002846FFF7FCFE214632462846FFF778FE7E
:109BD0002246211A2846FFF76AFF214632462846C8
:109BE000FFF76EFE241A21462846BDE8F840FFF72D
:109BF0007CBF38B571B1056800222846FFF798FE92
:109C0000044601462846FFF777FE2146BDE8384066
:109C1000FFF7ADBF38BD70B5066809B9002070BD4B
:109C2000B368B3EBD10FF9D9B3F5004F01F10704D5
:109C3000304634BF042308231C44E4082146FFF7C0
:109C4000D5FE05460028E9D001463046FFF74EFE16
:109C5000A04209D92C44294630462246FFF700FF8E
:109C600021463046FFF741FF304601222946FFF7E3
:109C700043FEB368B3F5004F34BF0423082303EB5E
:109C8000C5031844CBE72DE9F8430668144601F1F3
:109C9000FF390F46B268B2F5004F34BF04230823E2
:109CA00019EA01090BD0494239404F468B42894697
:109CB00028BF0B4654B900252846BDE8F8839942D1
:109CC000F8D82146BDE8F843FFF7A5BFB2EBD40FA3
:109CD000F1D9E11DB2F5004F3046394434BF0422BA
:109CE0000822C91A1144C908FFF780FE80460028DF
:109CF000E1D0B36809EBC0053046B3F5004F34BF7F
:109D0000042308231D447B1E35441D44B5FBF7F591
:109D10007D43A5EB09052C442946FFF709FE804544
:109D200004F10704074624F00704A4EB06044FEAF5
:109D3000E40408D2024641463046FFF791FE414610
:109D40003046FFF7D2FE39463046FFF7CFFD3844A4
:109D5000844208D2394630462246FFF781FE21462A
:109D60003046FFF7C2FE012239463046FFF7C4FDF8
:109D7000A2E72DE9F74F9146984605680F460090F7
:109D800031B94246494603B0BDE8F04FFFF77BBF0B
:109D9000B8F1000F06D1FFF72CFF0024204603B0D6
:109DA000BDE8F08FAC68B4EBD80FF6D92846FFF7C2
:109DB000BFFD014606462846FFF798FDB4F5004F63
:109DC00008F10704834634BF0421082101EBC602D1
:109DD0000C442A44BB1A1C440193E408B9F1000F57
:109DE00003D009F1FF32174243D15C450ED00FD2A8
:109DF0003444314628462246FFF732FE31460122DE
:109E00002846FFF779FD2146FFF7B1FE3C46C5E73E
:109E100006EB0B0A012228465146FFF751FDC30706
:109E200027D451462846FFF761FD5844A04220D36D
:109E300051462846A4EB0B08FFF7C1FD51462846C2
:109E4000FFF754FD404509D934445146284622467F
:109E5000FFF706FE21462846FFF747FE52463146E9
:109E60002846FFF724FE012231462846FFF744FD2D
:109E7000CCE7424649460098FFF705FF0446002814
:109E80008BD031462846FFF731FDAB68019A394641
:109E9000B3F5004FC2EBC002204634BF04230823B1
:109EA000D21A424528BF424606F0E8FF39460098DC
:109EB000FFF79FFE72E7B2F5802F2CBF0823042323
:109EC000D21A2DE9F0418C18CD1D002625F007058A
:109ED00024F00704641B0560EE60E4082146204678
:109EE000AC60FFF72FFD421D013031464FEA820280
:109EF00005F1100002F10707A2F11002B8BF3246C7
:109F0000FF0806F0E3FF31463A462846FFF70CFD0E
:109F1000A4EB07083346324631462846FFF7DBFC00
:109F2000284631460122FFF7E7FC42463946FFF753
:109F3000FBFC3B46324639462846FFF7CCFC21461F
:109F40002846FFF7F1FC4346324621462846FFF7F4
:109F5000C2FC214628460122FFF7CEFC3946BDE867
:109F6000F041FFF7C2BD0023C0E900317047F0B5F2
:109F700004680346002600EBC400013403F108071F
:109F800081601C60C2601A46B44219D8F0BD57F80F
:109F900031000068844584BF0D46844601318C42FF
:109FA000F5D8691C03EBC505013603EBC101D2E905
:109FB00002EC03C9083282E80300C5E902ECE3E7DA
:109FC0004FF0FF3C31466546E9E710B4446813465C
:109FD0000022A4465DF8044B604710B44468A446D0
:109FE0005DF8044B60470246002330B552F8084B39
:109FF000A34202D100EBC30030BD52F833502D68AC
:10A000008D42F7D80133F3E708B5FFF7ECFF20B135
:10A010000068BDE80840FFF7ECBD08BD2DE9F0473A
:10A0200006460D46174698462BB398F800404FF069
:10A03000000A93F80190A400DB7804EB430498F83D
:10A0400002301C444444CA4509D308F10803D8F837
:10A05000042039463046AC46BDE8F047604714F866
:10A06000013B0AF1010A204648F82340E7F776F859
:10A0700001300444E7E76FF01500BDE8F08770B5E4
:10A08000002502462846144614F8013B0BB9184631
:10A0900009E098B18D4207D1702B04D0A3F14002A2
:10A0A0003A2A0BD8002070BDA3F140063A2E05D8FD
:10A0B00053780135941C002BE9D00020252B224633
:10A0C00008BF80F00100DEE70020704700F077B99C
:10A0D0000FB407B504A951F8040B019100F06FF912
:10A0E00003B05DF804EB04B07047002383F31188DC
:10A0F000BFF36F8F0423184602DF70470FB407B514
:10A1000004A951F8040B0191FFF7E0FF03B05DF8DB
:10A1100004EB04B0704738B50D46202200210446F8
:10A1200006F0D4FEEB680022E361AB68A3612B6804
:10A1300023626B68A26263622A6923B1591E1942C5
:10A1400008BF42F001022261012204F12C0000212B
:10A15000BDE8384006F00CB9A0F13003DBB2092BA2
:10A1600002D800200B707047A0F16103052B02D8C4
:10A170005738C3B2F5E7A0F14103052B01D83738B2
:10A18000F7E76FF015007047F7B5054601F00100DD
:10A190004F0800EB51069E4203D90026304603B01B
:10A1A000F0BD58B10DF107012878FFF7D5FF002861
:10A1B000F3DB9DF80730013502F8013B0135174408
:10A1C000BA42EBD00DF1070115F8010CFFF7C4FFFF
:10A1D0000028E2DB9DF807402401E4B2147015F872
:10A1E000020BFFF7B9FF0028D7DB9DF807301C44AE
:10A1F00002F8014BE4E770B506460C888888241AFB
:10A200003069A4B285B2844224BF641BA4B22D1B62
:10A21000A8B2984228BF18463368234413600B88BD
:10A2200003440B8070BD70B4838985880669ED1A7C
:10A23000ADB2731B934270BC28BF13460A46011D82
:10A24000FFF7D9BF70B40E460146C58831F80A3F02
:10A25000EC1AA3B2934228BF1346324670BCFFF7F4
:10A26000CABF4B8810B50C88E41AA4B294420ED32E
:10A270001A448B8892B24A800A80D21A006992B23C
:10A28000824201D2002010BD03448B80FAE76FF0B8
:10A290001500F8E72DE9F34106460F4615464FF045
:10A2A00000082A4601A93046FFF7BDFF044640B129
:10A2B000024639460198A04406F0E0FD2D1B2744D4
:10A2C000EFD14246311D3046FFF7CBFF404602B08A
:10A2D000BDE8F0812DE9F34107460E4615464FF0E3
:10A2E00000082A4601A93846FFF7ACFF044648B1EA
:10A2F0002EB1024630462644019906F0BFFD2D1BC3
:10A30000A044EED1424607F10A013846FFF7A9FF03
:10A31000404602B0BDE8F0812DE9F34106460F4604
:10A3200015464FF000082A4601A93046FFF78AFF7C
:10A33000044640B1024601993846A04406F09EFD0D
:10A340002D1B2744EFD1002206F10A013046FFF70A
:10A3500088FF404602B0BDE8F081704708B506F0BE
:10A36000C1FB0A220023E6F7CFFE08BD82B00A2116
:10A370000190019820EAE07080FB010102B006F034
:10A38000C7B90020704708B506F0ACFB0A220023CD
:10A39000E6F7BAFE08BD0346BFF35B8F53E8000F34
:10A3A000421C43E800210029F8D1BFF35B8F7047BE
:10A3B000002108B50846E9F7D9FB002008BD1FB504
:10A3C0000023CDE902011A4619461846CDE90033AB
:10A3D000E9F7C4FD05B05DF804FB70470020704745
:10A3E000002070470020704718B140680079E9F7F5
:10A3F00019BD4FF0FF30FAE702460B460920002155
:10A40000E9F710BD38B5436804460D461146DA71C8
:10A41000E9F766FD636801221D6063685A71BDE853
:10A420003840FFF7DABF436810B55B79044613B1D3
:10A430000021E9F755FD636800225A7110BD70B51F
:10A44000D2E901360C4615469B1B8B420AD3136892
:10A450000A460146981906F011FDAB6820462344D0
:10A46000AB6070BD6FF01B00FBE770B50E46154684
:10A470001946044618B9BDE87040E9F73DBC33B150
:10A48000C2F34A231030120D184406F0F7FC2046A0
:10A49000C4E90056BDE87040E9F746BC2DE9F34138
:10A4A0005F1C06460C4615464FEA870808F1170060
:10A4B00020F007008008FFF793FF00238DF8047059
:10A4C000ADF805308DF8073068B1019A0346A8F160
:10A4D000040143F8102F2A46294452F8045B8A42AB
:10A4E00043F8045FF9D1A2010023314602F4E0727F
:10A4F00042EA482222F07F4222F4700222F03F0218
:10A5000002B0BDE8F041FFF7B0BF7FB50BAB022250
:10A51000059303930A9B029300231846CDE9003369
:10A52000E9F71CFD07B05DF804FB07B501230192B4
:10A5300001AAFFF7B3FF03B05DF804FB07B5CDE94F
:10A54000002302236A46FFF7A9FF03B05DF804FB6E
:10A550001FB5CDE90123069B01AA03930323FFF74F
:10A560009DFF05B05DF804FBF8B506460D461446A0
:10A570001F4604B9F8BD214628463A46B047241A7A
:10A580000544F6E707B5D1E900328DF8070001214F
:10A5900052680DF107009847002003B05DF804FBF6
:10A5A0000A2838B504460D4602D10D20FFF7EAFF10
:10A5B00029462046FFF7E6FF002038BD2DE9F0438D
:10A5C000054687B008460E8891F800900C46D1F8F1
:10A5D00008801746E9F792FD011EC6F38216C9F3FB
:10A5E000C2091FDB4846E9F7D5FB034621466088D0
:10A5F00051F8102BC0F30B100196C2F34A22002A27
:10A6000001EB02044FF0000208BF00210092CDE9E7
:10A610000407CDE9021428464146E9F79BFD07B03F
:10A62000BDE8F0830023E1E7002930B40446184672
:10A630000BDB0844A568A84207D8E0686468214499
:10A6400084682468A44630BC60476FF0150030BCB5
:10A6500070477FB50BAB059303930A9B02930023CE
:10A660001846CDE90033E9F779FC07B05DF804FB43
:10A670007FB50BAB059303930A9B02930023184607
:10A68000CDE90033E9F76AFC07B05DF804FB006828
:10A6900038B150F8043C04385B688B4201D0406804
:10A6A000F6E77047006848B150F8043C04385B682E
:10A6B0005B689B788B4201D04068F4E7704730B507
:10A6C000006888B150F8043C04385B681A6A1D7F42
:10A6D0000023043ADCB2A54201D84068F1E7013317
:10A6E00012F833408C42F5D130BD7FB50BAB01225F
:10A6F000059303930A9B029300231846CDE9003388
:10A70000E9F72CFC07B05DF804FB08B5EAF706FE94
:10A7100028B1406810F1100F14BF0020012008BDBF
:10A720004B1C81708176DBB200F8061C80F8253066
:10A73000C376704750E90231D0F8A4001847036986
:10A74000002283F852207047036993F8520050B1F9
:10A7500093F8500038B1D3F8982093889189106904
:10A760005B1A9BB2C01A70470369002283F853201A
:10A770007047036993F8510008B193F8530070478C
:10A7800008B50246FFF7F5FF30B91046FFF7DCFFCA
:10A79000003818BF012008BD0120FCE70369C3E9A8
:10A7A000001270470229036908D004290BD001293F
:10A7B0000ED1D3F89C3000201360704793F8A3307B
:10A7C000C3F34003F7E793F8A33003F00103F2E784
:10A7D0006FF085007047CB7902690BB1012B03D173
:10A7E000002082F8A93070476FF08500704710B5DF
:10A7F0000369D3F89C200A6093F8A0206AB1012A6B
:10A800000CBF022203224A7193F8A120501E032894
:10A8100005D8DFE800F0050505050122F3E7002271
:10A820000A7193F8A220062A0BD0072A0BD0052A1A
:10A830000CBF002203228A71002093F8A930CB714B
:10A8400010BD0122F7E70222F5E77FB50BAB0593B8
:10A8500003930A9B029300231846CDE90033E9F7DE
:10A860007DFB07B05DF804FB402908B503693FD0C4
:10A8700013D8102932D006D801291ED0082920D09B
:10A880006FF0120008BD2029FAD193F8A41001F04E
:10A89000FB0152B341F0040127E0B1F5807F30D0D5
:10A8A000B1F5007F36D08029EAD193F8A41001F0E9
:10A8B000EF01D2B141F0100117E0C3F89C20002055
:10A8C000E0E793F8A41001F0FE010AB141F00101A4
:10A8D00083F8A4100121EBF727F8F0E793F8A41010
:10A8E00001F0FD010AB141F0020183F8A410F2E782
:10A8F00093F8A41001F0F701002AF6D041F0080106
:10A90000F3E793F8A41001F0DF01002AEDD041F045
:10A910002001EAE793F8A41001F0BF01002AE4D077
:10A9200041F04001E1E770B504690546D4F89400B0
:10A93000FFF7D0FC94F8A8300646B3B1D4F89420C1
:10A940009388918912695B1A9BB2D31A3F2B0CD959
:10A9500094F8A63033B16B68224600211B6A187B3D
:10A96000EBF78AF8002384F8A830304670BD012246
:10A9700008B5FFF7D8FF013818BF4FF0FF3008BD0A
:10A980000269D2F8981088898B8809691B1A0120FE
:10A990009BB2994204BF002382F85030D2F8943021
:10A9A000D9885B89994204BF002382F851307047EF
:10A9B000012008B5E9F750F8002008B5E9F74CF890
:10A9C0000B68834204BF01230B71704703785B0758
:10A9D0005FBF03684288C3F34A2303EB12105DBFD5
:10A9E000173020F0070080080020704783681B6A3A
:10A9F00003B11847704708B54368197311B1186857
:10AA0000FFF7F4FF002008BD10B540681C46243055
:10AA1000FFF760FC2060002010BD10B5406850F8C2
:10AA2000804B06F0B2F82046FFF7E0FFA368DB6A30
:10AA30000BB120469847002010BD2DE9F041456834
:10AA40001E460C4617462B7B93B101EB0208A0452E
:10AA500007D137600120D5E9013198470020BDE8D2
:10AA6000F081286814F8011B83685B689847EEE75B
:10AA700005F11000FFF70EFC05F1B803012130606D
:10AA8000BFF35B8F53E8002F43E800100028F9D193
:10AA9000BFF35B8F002AE1D128688368DB69002B54
:10AAA000DCD09847DAE78268002382F85630826863
:10AAB000A2F852308268A2F850307047034610B5B1
:10AAC000BFF35B8F53E8000F40EA010243E8002424
:10AAD000002CF7D1BFF35B8F10BD034610B5BFF359
:10AAE0005B8F53E8000F00EA010243E80024002CCA
:10AAF000F7D1BFF35B8F10BDFBF78EBE0EB403B56D
:10AB000003AA52F8041B0192ECF784FD02B05DF831
:10AB100004EB03B0704708B510B1E6F71FFB80B235
:10AB200008BD37B50023054684680093ECF7B6FFEF
:10AB3000AB6804F58354B3F850301C341BB1962035
:10AB4000002105F0E5FD01AA6946204606F06EF9F0
:10AB500003B030BD8B6828B903F583501C30002149
:10AB6000FDF790BB03F585500C30F8E700F58350F6
:10AB7000183019B14FF40061FFF7A0BF6FF4006106
:10AB8000FFF7ABBF00F58350183011B10421FFF778
:10AB900095BF6FF00401FFF7A0BF00F5835008B523
:10ABA000143029B10121FFF789FF00F0010008BD31
:10ABB0006FF00101FFF791FFF7E7FBF7A5BE41F248
:10ABC0007C0373B503EB01138568044616461D44E8
:10ABD00001AA6946284606F029F9009B23B12846B8
:10ABE00006F021F92046B04702B070BD806841648C
:10ABF00000F5845000211C30FDF744BB70B583681C
:10AC000004461A7D012A2DD103F58052916F490423
:10AC100007D5526F520704D40146DA6CC06900F0C0
:10AC2000BFFDA06841F20C164FF4FA7200233044C5
:10AC3000FFF762FF054618B16FF00F05284670BD9B
:10AC400008212046ECF7D8FD6069EBF725FE204689
:10AC5000EBF7E4FF204600F001FDA0683044FFF769
:10AC6000ACFFEBE76FF08505E8E7F8B504468068D0
:10AC70001F460D46037D1646022B08D000F5835073
:10AC80004FF480511830BDE8F840FFF717BF00F5CA
:10AC900088504FF4FA7200230C30FFF72DFF60BB91
:10ACA000A26802F58053996F090507D4926C2AB9FE
:10ACB0005B6F980602D5204600F0CCFB3B4632463F
:10ACC0002946204600F027FCA26802F58053996FC0
:10ACD000090507D4926C2AB95B6F9B0602D5204602
:10ACE000ECF7DCFE606900F097F8A06800F588508A
:10ACF000BDE8F8400C30FFF760BFF8BD0CB407B5F5
:10AD000004AB53F8042B0193FFF7AFFF03B05DF8DA
:10AD100004EB02B070470EB403B503AB082153F83F
:10AD2000042B0193FFF7A1FF02B05DF804EB03B021
:10AD300070470EB403B503AB032153F8042B019302
:10AD4000FFF793FF02B05DF804EB03B070470EB459
:10AD500003B503AB012153F8042B0193FFF785FFE3
:10AD600002B05DF804EB03B070472DE9F0410546F1
:10AD70000F46E9B1084641F20C18FFF7CCFE064633
:10AD8000A8684FF4FA7200234044FFF7B5FE04466A
:10AD900020B16FF00F042046BDE8F081731CA86855
:10ADA000142B00D83EB900F588500C30FFF705FF92
:10ADB0006FF01504EFE73946E6F7C8F9AB6883F89A
:10ADC0003C60A8684044FFF7F8FEE4E738B5044665
:10ADD00041F20C1580684FF4FA7200232844FFF703
:10ADE0008BFE40B92046EBF719FDA0682844BDE86A
:10ADF0003840FFF7E2BE38BD28B1836803F58053C1
:10AE0000D3F8240170476FF0150070478368996488
:10AE100009B9FFF748BE704710B502690446836858
:10AE200012680168C0689847236900221A6010BD43
:10AE300038B5CB6805460C461B7C022B04D10A288A
:10AE400002D10D20FFF7F4FF236922681B68D55457
:10AE5000226913680133136023691A6863689A4290
:10AE600002D12046FFF7D8FF002038BD08B510B149
:10AE7000E6F774F980B208BD10B5047B438922441B
:10AE80002144B2FBF3F003FB1022B1FBF3F003FB10
:10AE90001010101A10BD10B5047B438921441019FD
:10AEA000B1FBF3F1B0FBF3F0401A10BD30B5057BF8
:10AEB000438929442A44B1FBF3F403FB1411013400
:10AEC000013184800180B2FBF3F103FB11224C1CA1
:10AED0000132C480428030BD2DE9F74F002607467D
:10AEE000884614469946B24606602378002B00F047
:10AEF000BF80202B3AD0093B042B37D93B685A1C22
:10AF00003A6048F823403B684B4500F0B18000268A
:10AF10002278002AE9D0A6B9164623461C46272ED9
:10AF200004D05C2E25D0222E40F096802046FFF7DC
:10AF30009DFF611C0246204605F0AEFF2278002AE4
:10AF4000D3D0B242A34604F1010420D15846FFF702
:10AF50008DFF21460246584605F09EFF9BF8006093
:10AF60005C46002ED9D1C0E70026BEE704F801AB4D
:10AF7000BBE7651C2046FFF779FF024629462046BD
:10AF800005F08AFF66782C46002EC8D1ADE75C2A12
:10AF90009BF80120D3D1B242104608D15846FFF7A2
:10AFA00065FF21460246584605F076FFB0E7302A95
:10AFB00025D1022300251BF80300A0F13001C9B2FE
:10AFC000072919D8ED000133EDB2052B45EA01053B
:10AFD000F1D1591E5846019359440091FFF746FF9D
:10AFE000019B0099023BC21A584605F055FF9BF899
:10AFF00001208BF80050A2E7DBB2022BE9D17828C0
:10B0000025D1022100251BF80130A3F13000C0B288
:10B01000092808D82D01EDB20543022901D00423E7
:10B02000D7E70321EFE7A3F16100052805D82D013B
:10B03000573BEDB21D43EDB2EFE7A3F14100052808
:10B0400003D82D01373BEDB2F4E7022902D10BF111
:10B05000010474E70323BCE7202E85D0093E042EAB
:10B0600082D96678631C002E7FF458AF1C463CE7FB
:10B07000304603B0BDE8F08FF8B50E4611460746DE
:10B08000154606F022F80446E0B12846FFF7EEFE2A
:10B09000A742054607D214F8013C202B02BF013518
:10B0A00004F1FF34ADB22046FFF7E0FE3388421CC6
:10B0B00061195B1B2046521B338092B2BDE8F840F9
:10B0C00005F0EABEF8BD2DE9F0410F4686B0164600
:10B0D000044678B1034601AC00F110051868083346
:10B0E00053F8041C2246AB4203C21446F6D118683A
:10B0F00001AC10604FF0000841463246204608F18E
:10B100000108ECF79BFA054628B129683846E6F7AE
:10B1100013F80028F0D1284606B0BDE8F0812DE9EB
:10B12000F047DDF820801C460F46002316469DF8A8
:10B130002490236023680546BB421BD256F82300A7
:10B1400000F055FD2368824618B10133284623607C
:10B15000F0E7424656F823102846FFF7B4FF48B1FF
:10B1600023685A1C2260B9F1000FE3D08045E1D179
:10B17000554623602846BDE8F087F8B50746FFF737
:10B1800075FE054630BBF8BD54B18AB22C1B0130A8
:10B190003944AA1AA5B200243844013205F07CFED5
:10B1A000334698B26A1E9042EDDA3A5C5E1C202A61
:10B1B00002D0093A042AF3D8B1B28BB29D42EFD93A
:10B1C0007B5C202B02D0093B042BDDD801340131FC
:10B1D000A4B2F2E700231C46E3E7F8B5846806460C
:10B1E00094F856302BB9B368B3F85020A3F8522026
:10B1F000F8BD04F15600B4F85030C21812F8012C12
:10B20000202A1BD0093A042A18D90022C254134616
:10B210001D460133425D9BB24119202AF8D0093AFC
:10B22000042AF5D9002DDED0B4F850707A1C7F1BAB
:10B23000521B05F031FEA4F85070D4E7013B9BB2DD
:10B24000A4F85030002BD6D184F85630CBE70EB49A
:10B2500003B503AA52F8041B0192ECF7DBF902B024
:10B260005DF804EB03B0704710B50446E5F776FFD0
:10B27000B4F8503013FA80F038B1638FB0FBF3F2BA
:10B2800003FB1200B0FA80F0400910BD38B58468A5
:10B2900004F5805320465D6FE5F760FFB4F8523047
:10B2A00080B2C5F3400505FB0300638FB0FBF3F2EA
:10B2B00003FB1200B0FA80F0400938BD10B5044617
:10B2C000FFF7E4FF18B9A068FFF7CEFF20B160696F
:10B2D000BDE81040ECF722BA10BDF8B58468054609
:10B2E000B4F8502004F13000B4F85210FFF7DEFD3E
:10B2F000A868A78EE68EFFF7B7FF10B16869ECF774
:10B300000DFAB74207D1218E2846638EC91ABDE8CF
:10B31000F840ECF71FBAE18E2846A38EC91AECF765
:10B3200003FAF0E7F8B5044680680D46B0F852100D
:10B330003030028C0D44FFF7B9FDA068ADB2B0F813
:10B34000521030302A46FFF7A6FD0746A0682A466D
:10B35000B0F852103030FFF78FFD06467942204694
:10B36000ECF7E2F931462046ECF7F4F9A368A3F8CC
:10B370005250F8BD2DE9F0410C1E064636DA644203
:10B380004FF0FF3524B2A4B2AFB216E0B36800228A
:10B39000B3F852C003F1560EB3F85080614681B93C
:10B3A0006B1C02D0B8F1000F0FD1013CA1EB0C01D6
:10B3B0003046A4B209B2FFF7B5FF002CE6D1BDE8D4
:10B3C000F081884501D1012DEFD01EF8013023F026
:10B3D00020004138192807D9303B092B04D9002A0D
:10B3E000E3D1394489B2DAE70122FAE70125CAE755
:10B3F0008368B3F85210494209B2FFF793BF8368DC
:10B40000B3F85010B3F85230C91A09B2FFF78ABF27
:10B410008368B3F852301BB14FF0FF31FFF782BFA2
:10B4200070478368B3F85220B3F850309A4202D282
:10B430000121FFF777BF70478268B2F85210A2F877
:10B4400050108368B3F852201344002283F856202A
:10B45000ECF756B910B504468068B0F8502030308B
:10B46000418CFFF723FDA3682046198EC1F101012D
:10B47000ECF770F9A3682046998E0139ECF754F97E
:10B480002046BDE81040ECF73BB92DE9F0410546F8
:10B4900086B00F4614460026ACB906B0BDE8F08170
:10B4A00041F2AC08012101A8434405F089FC4FF0AA
:10B4B000FF324FF0FF33012101A8FCF78BFEA86893
:10B4C000404405F0B0FC68682246B9190368D3F817
:10B4D0000C806B46C047009A1644A41A002ADBD1A0
:10B4E000AB68197D0329EED00229D9D903F5805321
:10B4F0009A6F9207FCD57833BFF35B8F53E8001F38
:10B5000021F0020143E80012002AF7D1BFF35B8F5C
:10B51000D9E7FFF7BABFF7B51E468368154604465C
:10B5200003F58052526FD20613D593F83E208A421B
:10B530000FD0DB8FADF80430ECF75EF932462946C8
:10B540006069ECF767F801A92046ECF777F903B0DA
:10B55000F0BD32462946606903B0BDE8F040ECF723
:10B5600059B80CB407B504AB53F8042B0193FFF79B
:10B57000D2FF03B05DF804EB02B070472DE9F04153
:10B580008768054688461446B7F85060B318B3F587
:10B59000006F27DAB7F85230F61A5633B6B21F44A6
:10B5A00032463946381905F077FC2246414638467E
:10B5B00005F064FCAA68B2F850302344A2F8503079
:10B5C000AB68B3F850201344002283F85620AB68D0
:10B5D00003F58051496F890706D4B3F8522014440B
:10B5E000A3F85240BDE8F08131462846BDE8F0415D
:10B5F000ECF7AAB9FFF7C2BF38B505468068B0F8C6
:10B600005220B0F85040A41AA4B29CB15632104453
:10B610002246411C05F040FCAA68611E2846B2F88B
:10B62000503089B2013BA2F850300122BDE83840C9
:10B63000ECF78AB938BD10B583680446B3F85020DA
:10B640005AB1B3F8523043B14FF0FF31FFF76AFE01
:10B650002046BDE81040FFF7CFBF10BD70B50023F6
:10B6600092B005464FF47A7401936868402202A9AB
:10B6700003681E6901ABB047019B13B108B9013CD7
:10B68000F3D112B070BD70472DE9F84304468846E7
:10B69000914603F18E0704F060FF054618B3EFF3FF
:10B6A0001185102383F31288BFF36F8FA36803F50E
:10B6B00080539B6F1A0521D53A4649464046FEF70E
:10B6C0007DFFA36803F580539B6F1B0502D42046C2
:10B6D000ECF7E4F904F041FFA0B185F31188BFF362
:10B6E0006F8FBDE8F883A66806F588500C304FF0E0
:10B6F000FF324FF0FF33FBF78FF8D7E72046FFF715
:10B70000A9FED9E7A06800F588500C30BDE8F843E1
:10B71000FBF7FAB82DE9F04143680D461C68A368B1
:10B72000E26903F5805357685E6F9368C6F30016AD
:10B730001B79012B06D0032B01D0BDE8F0812046F8
:10B74000FFF788FE33462A4639462046BDE8F041D9
:10B75000FFF79ABF43681B68D3E90632BFF35B8FDC
:10B7600053E800CF8C4443E800C00028F8D1BFF371
:10B770005B8F9368BFF35B8F53E8000F084443E887
:10B780000002002AF8D1BFF35B8F704713460A46C8
:10B7900010B50C4601461846FFF7BBFE204610BD0B
:10B7A000F8B58B6804460D46174603F58353BFF37F
:10B7B0005B8F183353E8001F41F4005143E8001237
:10B7C000002AF7D1BFF35B8F6868012103689B688B
:10B7D0009847064680B9D4E90410FEF79CFC3A4627
:10B7E00029462068FEF70EFE636801225B685D60F3
:10B7F000A3681E60A3681A71F8BD10B504460068FE
:10B80000FEF711FE0222A3681A7110BD0EB403B533
:10B8100003AA52F8041B0192EBF7FCFE02B05DF89C
:10B8200004EB03B070472DE9F843054690460E46F9
:10B83000002967D00024335D202B23D0093B042B43
:10B8400020D9304606EB0409E5F788FCAB6880B2E6
:10B85000598F001BA1EB0803984215D948460027D1
:10B8600010F8012B202A06D0A2F1090CBCF1040F1C
:10B8700002D80A2A2DD03B4608EB0702914227D96D
:10B880000137EDE70134D6E74B460027B84214D024
:10B8900013F8012B0A2A19D168690134FFF7BCFAA1
:10B8A00049463A462846FFF7F0FD6869ECF70EF97D
:10B8B000414628463C44EBF74DFF68693119FFF7D4
:10B8C000A5FF6869BDE8F843ECF700B90137DDE78B
:10B8D0001F4668693C44FFF79FFA3A4649462846A6
:10B8E000FFF7D3FD335D202B02D0093B042B01D899
:10B8F0000134F7E76869ECF7E9F841462846EBF7C9
:10B9000029FF9EE7BDE8F883002070478369002087
:10B91000186070470EB403B503AA52F8041B0192D5
:10B92000EBF778FE02B05DF804EB03B0704708B5A2
:10B930000168FFF71AFA002008BD8368BFF35B8F28
:10B9400003F58353143353E8001F21F0200143E82B
:10B950000012002AF7D10020BFF35B8F7047836885
:10B96000BFF35B8F03F58353143353E8001F41F09B
:10B97000080143E80012002AF7D10020BFF35B8FD3
:10B9800070478368BFF35B8F03F58353143353E829
:10B99000001F21F0100143E80012002AF7D1002017
:10B9A000BFF35B8F70478368BFF35B8F03F58353EF
:10B9B000143353E8001F21F0080143E80012002A65
:10B9C000F7D10020BFF35B8F70478368BFF35B8FB5
:10B9D00003F58353143353E8001F21F0020143E8B9
:10B9E0000012002AF7D10020BFF35B8F70478368F5
:10B9F000BFF35B8F03F58353143353E8001F41F00B
:10BA0000100143E80012002AF7D10020BFF35B8F3A
:10BA100070478368BFF35B8F03F58353143353E898
:10BA2000001F41F0200143E80012002AF7D1002056
:10BA3000BFF35B8F70478368BFF35B8F03F583535E
:10BA4000143353E8001F41F0020143E80012002ABA
:10BA5000F7D10020BFF35B8F704708B58368D3E947
:10BA600000210A60516000211A89C3E900115B8935
:10BA700000681A440C32FEF72DFC012008BD00239B
:10BA8000C3607047F8B51F460346164653F8044F87
:10BA90009C4202D100203880F8BDC568B1B9002DA4
:10BAA000F8D0AC4202D10023C360F3E76C68C460F5
:10BAB000002CEFD0228904F10C01304605F0DEF9AC
:10BAC0002389002201203B80F254E5E7002DEED0CF
:10BAD0008368AB42E7D02C68E9E738B50446051D1A
:10BAE0006368AB4204D02046FFF7B7FF0028F7D1C8
:10BAF00038BD2DE9F04F02F10C05036885B004460E
:10BB0000C5F100091B691746019109F003094D446D
:10BB10009D4210D80023C3606AB100F1040A466850
:10BB2000B2450BD05EB13389934208D106F10C00C7
:10BB300005F043FA18B905B0BDE8F08F1E464FF086
:10BB4000000B23685989DA88914204BFC3E901BB1D
:10BB5000C3F80CB020688389011D8288D21A03695A
:10BB600092B29B1A03AAAB4228BF2B46FEF743FBB7
:10BB70008542804628D920688389011D8288D21A8F
:10BB8000036992B29B1A03AAAB4228BF2B46FEF769
:10BB900032FB854219D173894344A8447381039DC4
:10BBA0003A46019905F10C002F81A5F80A9005F09D
:10BBB00065F963684246C5E9003A5D6020686560E2
:10BBC000011DFEF74EFBB6E7E9D020680022011DFB
:10BBD000FEF747FB63689A45B3D02046FFF73DFF69
:10BBE000AFE7031DC0E901330023C360704710B500
:10BBF000044628B1E5F7B2FA002380B2984201D892
:10BC0000002010BDE25C3F2A03D02A2A01D0013374
:10BC1000F4E70120F5E710B5044680684FF40062B0
:10BC2000002100F6560005F051F9A068B0F8502048
:10BC300000F1560100F6560005F020F9A06800F664
:10BC40005600FFF79AFAA46804F65600E5F786FA5C
:10BC50000130A4F8540010BD10B504468068B0F857
:10BC6000542000F65601563005F008F9A368B3F8E1
:10BC70005420A3F8502010BD7FB50BAB01220593D3
:10BC800003930A9B029300231846CDE90033E8F79B
:10BC900065F907B05DF804FB2DE9F04187680446BB
:10BCA0000D461646FB689847BB682BB132462946BD
:10BCB0002046BDE8F04118476FF05700BDE8F0811D
:10BCC0002DE9F74FDDF830B01F4681460E4643EAB6
:10BCD0000B0314460B4304D56FF0150003B0BDE809
:10BCE000F08F0D9B002BF7D00E9B002BF4D011EBA7
:10BCF0000B03F1D41BEB0702EED4A04207D1B942EB
:10BD000001D10020EAE7914201DA9F42E4DB484694
:10BD100004F064F810B96FF01200DFE7204604F079
:10BD20005DF80028F7D0A3682046DB6898470E9B93
:10BD3000D0F800804345CFD3B3FBF8F508FB1533AB
:10BD40000093002BC8D1DA46009B9B45D9D9C24548
:10BD500008D2A3682046DB689847424641790D988F
:10BD600005F0B4F8C24553460E9A38BF4346934295
:10BD700028BF1346D9F80820484600991268711860
:10BD8000019315460D9AA8470028A7DBA268204614
:10BD90000099536839440D9A1D46019BA847002815
:10BDA0009CDBDDE900231A44AAEB030A0092CBE7EF
:10BDB00083685B681847012B2DE9F041054686B082
:10BDC0000E4690461C4616D0022B16D0002B0CBFF8
:10BDD0000327292718220021684605F077F86A46CC
:10BDE000314628468DF80070CDE90248FFF7E0FFA4
:10BDF00006B0BDE8F0811327ECE72327EAE7F0B5AA
:10BE000087B004460D4617460021102268461E469C
:10BE100005F05CF806236A4629468DF80030204676
:10BE20000C9B8DF80470CDE90436FFF7C1FF07B015
:10BE3000F0BD2DE9F04387B004460D4690460E9FB5
:10BE40001E46C7B1012F0CBF4FF015094FF039093D
:10BE500018220021684605F039F86A46294620462E
:10BE60008DF804808DF80090CDE90276FFF7A0FFF1
:10BE700007B0BDE8F0834FF00509E9E77FB50BABEC
:10BE8000059303930A9B029300231846CDE90033E0
:10BE9000E8F764F807B05DF804FB7FB50BAB01224F
:10BEA000059303930A9B029300231846CDE90033C0
:10BEB000E8F754F807B05DF804FB01460068ECF7BA
:10BEC00087BB7FB50BAB0122059303930A9B0293BB
:10BED00000231846CDE90033E8F740F807B05DF8D5
:10BEE00004FB7FB50BAB0122059303930A9B0293DE
:10BEF00000231846CDE90033E8F730F807B05DF8C5
:10BF000004FB00210120ECF763BB6FF08500704754
:10BF100061B662B680F31188BFF36F8F704772B657
:10BF2000002383F31188BFF36F8FBFF34F8F30BFB0
:10BF300062B6BFF36F8F7047704708B5D1E904311F
:10BF40009847002008BD08B5EDF7C8FB002008BDE4
:10BF50000B0704D5A0F14103192B98BF203070477F
:10BF60002DE9F04F85B08A46154604460293002815
:10BF70003ED000293CD0002B00F00B810A46A046A1
:10BF8000294618F8010BFFF7E3FF0346C0B2177804
:10BF90003F28064627D013F0C00F0BD1C8B12A287E
:10BFA00037D029463846FFF7D3FF864202F1010217
:10BFB0002DD01DE05B2879D05C28F2D1EB07F0D4BE
:10BFC0006078FFF7C5FF10F0FF0618BF04F1020804
:10BFD000E7E7EC0601D52F2F02D0381E18BF01204D
:10BFE00005B0BDE8F08F1FB12F2F03D1A8070DD5E5
:10BFF0000120F5E72E2F09D1690707D55245F7D063
:10C00000AB0703D512F8013C2F2BF1D00132444687
:10C01000B5E76078FFF79CFFC1B22A2918D02E2F10
:10C0200009D16F0707D55245E2D0AE0703D512F804
:10C03000013C2F2BDCD079B915F00200D0D0ED06F1
:10C0400000F1A9802F21104604F0EEFF0038C5E76B
:10C05000294618F8010FDDE72F2908D1AC0706D5CE
:10C06000104604F0E1FF02460028D0D1C0E7029B51
:10C07000164625F0040A05F0020703F1FF39B3461E
:10C08000294601369BF80000FFF762FF10F0FF041D
:10C09000AED04B46524659464046FFF761FF012855
:10C0A0009ED12F2CEBD1002FE9D099E7002F9FD004
:10C0B0002F2F01D1A8079BD43846FFF749FF63789B
:10C0C0008146212B01D05E2B1DD10234012329464C
:10C0D00014F8010B0193FFF73BFFC6B25D2E15D09C
:10C0E0004FF0000B2F2E48D05C2E07D1EB0708D461
:10C0F000294614F8010BFFF72BFFC6B2002E3FF4C0
:10C1000077AF234605E044460023E0E723464FF09F
:10C11000000B21782D2937D1294660780393FFF74A
:10C1200017FF10F0FF00039B18D05D2816D05C2885
:10C1300004F102030CD115F0010F09D1E31CA07822
:10C140000393FFF705FF10F0FF003FF451AF039B8F
:10C150004E4503DC4845A8BF4FF0010B1C4629465D
:10C1600014F8010BFFF7F4FEC6B25D2EBAD1019BA5
:10C170005B453FF43DAF611C03D15B2F7FF438AFCB
:10C1800044460132A04642E74E4508BF4FF0010B3E
:10C19000E4E7032024E7084622E74023FFF7E0BE58
:10C1A0007FB50BAB059303930A9B029300231846BC
:10C1B000CDE90033E7F7D2FE07B05DF804FB7FB5A9
:10C1C0000BAB0122059303930A9B029300231846AD
:10C1D000CDE90033E7F7C2FE07B05DF804FB08B510
:10C1E0008430EDF711FD10B18047002008BD6FF0DD
:10C1F0000100FBE70121EDF77DBC0021EDF77ABCE2
:10C2000070B513461446072205460E46EDF724FE88
:10C2100038B92346314628460622BDE87040EDF77E
:10C220001BBE70BD2DE9F04106460D46174601F1D3
:10C230001008002458F8043F33B10134E4B20B2C49
:10C24000F8D10020BDE8F0813B4622462946304621
:10C25000EDF702FE0028F0DAF4E77047436818476C
:10C2600083681847C36803B11847184670477FB5FD
:10C270000BAA0020059203920A9A01900292089A52
:10C2800000920122E7F76AFE07B05DF804FB10B5E3
:10C29000D0F8003203EBC20413F832300B2B1BBF73
:10C2A00001EB830163680020486918BFC01810BD06
:10C2B00038B505460C4684304968EDF7A5FC10B149
:10C2C000A0600120256038BD7FB50BAB012205932E
:10C2D00003930A9B029300231846CDE90033E7F746
:10C2E0003DFE07B05DF804FB0246002330B5546DF7
:10C2F0008C420AD8D56D25448D4206D9282202FBEE
:10C300000300836D1944081B30BD013328320B2B09
:10C31000EDD16FF00700F7E700F18C02AC3052F876
:10C32000043F3BB1D3F88C10824201F1FF31C3F8D6
:10C330008C10F4D1704770B51D465368D0F82011A9
:10C3400004461B0A826801EB0311904730B9636809
:10C35000294620461022BDE87040184770BD38B508
:10C3600004460846D4F80C32D4F804129D18D4F8C8
:10C3700008221944954228BF1546EA1A04F07EFDAA
:10C380000020C4F80C5238BDD0F808328B4294BF5C
:10C39000C0F80C32C0F80C1200207047D0F804022C
:10C3A00008447047D1E900239A4213BF01338860E3
:10C3B0000120002018BF4B60704710B50C46EEF707
:10C3C00089FD23680BB10123237410BD012088402F
:10C3D00070474FF0B042D2F8803023EA0003C2F831
:10C3E000803070477FB50BAB059303930A9B029394
:10C3F00000231846CDE90033E7F7B0FD07B05DF83C
:10C4000004FB10B50C46EEF7D9FF10B18460002094
:10C4100010BD6FF01500FBE710B504460078EEF78D
:10C42000CDFF58B1638803802379032B06D8DFE85A
:10C4300003F0020202020371002010BD6FF015002C
:10C44000FBE710B50C46EEF7B9FF20B11CB14379FC
:10C450000020237010BD6FF01500FBE710B50446F7
:10C46000EFF706FB10B16FF0150010BD2046EFF797
:10C4700065FB0028F9D0F6E708B5EEF79FFF08B195
:10C48000008808BD6FF01500FBE770B501F07F0470
:10C490002046EEF793FF054600F10C012046EFF72A
:10C4A00059F900232B61AB6823B120460121BDE877
:10C4B0007040184770BD70B541F080042046EEF71B
:10C4C0007DFF05461430FAF7A1FAAB6823B1204688
:10C4D0000221BDE87040184770BD08B541F08000EA
:10C4E000EEF76CFF1430BDE80840FAF78FBA00226F
:10C4F000122008B51146ECF74BFF1220BDE80840AA
:10C50000ECF716BF00227F2008B51146ECF740FF7C
:10C510007F20BDE80840ECF70BBF7FB50BAB059360
:10C5200003930A9B029300231846CDE90033E7F7F3
:10C5300015FD07B05DF804FBD0E92832C0F8A8204B
:10C540005B681A68936823F0004323F03F0343F0CD
:10C550000403936070470346083810B4BFF35B8F41
:10C5600050E8002F511C40E80014002CF8D1BFF314
:10C570005B8F1AB95DF8044BFFF7DEBF6FF00F0257
:10C580005DF8044B9A66704738B583680446DA074D
:10C5900015D401230A250360836823F0004323F0A8
:10C5A0003F0343F0010383602368DB0707D4642063
:10C5B00003F004FC013DF7D16FF0730000E00020B0
:10C5C00038BD8368D90726D583685A070AD583689A
:10C5D00023F0004323F03F0343F01003836083689C
:10C5E0005B07FCD4836819070AD5836823F00043EE
:10C5F00023F03F0343F02003836083681A07FCD4D1
:10C60000836823F0004323F03F0343F00203836079
:10C610008368DB07FCD4704708B54368186803F0EB
:10C62000DDFB00280CBF6FF01200002008BD0029C0
:10C6300010B4036909DC1C68944201D11C794CB91F
:10C640001A605DF8044BE4F77FBF6FF015005DF8EA
:10C65000044B70476FF07700F9E77FB50BAB012211
:10C66000059303930A9B029300231846CDE90033F8
:10C67000E7F774FC07B05DF804FB002914BF6FF006
:10C680008500002070470369D3F8B8007047082977
:10C6900010B5046917D0102904D001290CD06FF00F
:10C6A000850010BD00220221204602F03FFB4FF41E
:10C6B0000473A4F8A830F4E70022204602F036FB09
:10C6C00040F20133F5E700222046114602F02EFB2E
:10C6D0004FF48163A4F8A830E1E70B461022002153
:10C6E00010B50469184604F0F1FBD4E90E12521A91
:10C6F0000280D4E91012521A42801922426094F842
:10C70000A820027310BD2DE9F843D0F804901C4610
:10C7100006694FF00008D9F80000D6F8B85096F82E
:10C72000A93000FB0211089F01FB0355E2881FFAA4
:10C7300088F39A4202D80020BDE8F883A3882946EE
:10C7400096F8A92038465A4304F098FBA18896F839
:10C75000A9305943384608F10108ECF745FF96F82F
:10C76000A930D9F8002002FB0355228903FB027788
:10C77000DCE70022582008B51146ECF709FE5820E6
:10C78000BDE80840ECF7D4BD10B5046923689A6B86
:10C79000D10716D55A6BD20713D5D4E92D21914272
:10C7A0000CD02046C4F8B820C3F8AC2050F8BC2BFD
:10C7B000536A43F001035362FAF728F92368012210
:10C7C000DA6310BD7FB50BAB0122059303930A9B7F
:10C7D000029300231846CDE90033E7F7BFFB07B00B
:10C7E0005DF804FB0346F0B419790068DB88DA07CA
:10C7F00006694FF00105876854BF43F4D01383F4F2
:10C80000B01334688D4023F48012DB074CBF2C43F7
:10C81000AC4334603B68F0BC18472DE9F0471C4638
:10C82000D0F80480056951EA0200089ED8F800306B
:10C83000E78809D1A088984206D1D8F80400874239
:10C8400002D1208998420FD0D5F8AC9003FB021199
:10C8500095F8A9704FF0000A01FB0797E2881FFACC
:10C860008AF39A4215D84E46D5F8B8309E420DD07C
:10C8700005F1BC042046FAF72BF9C5F8B4604FF077
:10C88000FF324FF0FF332046FAF7FCF80020BDE8F6
:10C89000F087A388314695F8A92038465A4304F01A
:10C8A000EDFAA18895F8A930594338460AF1010AF2
:10C8B000ECF79AFE95F8A930D8F8002002FB037730
:10C8C000228903FB0266C9E703460A460068197914
:10C8D000012303FA01F103691B68194218BF82F0B2
:10C8E000010212B18368DB68184783681B69FBE7A4
:10C8F00038B50B4681B145681022046900211846FD
:10C9000004F0E4FAEA8A02802A8B4280627942606B
:10C9100062790273A279427338BD7FB50BAB0122F5
:10C92000059303930A9B029300231846CDE9003335
:10C93000E7F714FB07B05DF804FB07B501238DF89A
:10C9400007100DF1070251214068F0F7E7FB03B033
:10C950005DF804FB0A2180FB010103F0D9BE00222F
:10C960000B2008B51146ECF713FD0B20ECF7E0FCAB
:10C9700000220C201146ECF70BFD0C20ECF7D8FC44
:10C9800000220D201146ECF703FD0D20ECF7D0FC42
:10C9900000220E201146ECF7FBFC0E20ECF7C8FC41
:10C9A00000220F201146ECF7F3FC0F20ECF7C0FC3F
:10C9B000002210201146ECF7EBFC1020ECF7B8FC3D
:10C9C000002211201146ECF7E3FC1120ECF7B0FC3B
:10C9D00000222F201146ECF7DBFC2F20BDE8084099
:10C9E000ECF7A6BC7FB50BAB059303930A9B0293B0
:10C9F00000231846CDE90033E7F7B0FA07B05DF839
:10CA000004FB70B505460E4641F28A34314628468D
:10CA1000F1F750FB40B1013C04D000210A2003F0A3
:10CA200077FEF3E76FF00F0070BD38B505690C466F
:10CA30002846F1F735FA21462846F1F72BFA214628
:10CA40002846BDE8384000F07AB9F8B546684C1E73
:10CA5000054673693769A34213D921463846F1F771
:10CA60001BFB60B9F3690122214603EB44139A7260
:10CA70006868FFF7DAFF21463846F1F7FFFA002031
:10CA8000F8BD6FF01500FBE70021F1F713B90121A4
:10CA9000F1F710B90221F1F70DB90321F1F70AB945
:10CAA0000421F1F707B90521F1F704B90621F1F7DF
:10CAB00001B90721F1F7FEB80068C0F30010704714
:10CAC0000068C0F3802070470068C0F300507047D2
:10CAD0000068C0F3806070474068C0F30010704782
:10CAE0004068C0F3802070474068C0F30050704732
:10CAF0004068C0F3806070470068C0F34010704722
:10CB00000068C0F3C02070470068C0F34050704711
:10CB10000068C0F3C06070474068C0F340107047C1
:10CB20004068C0F3C02070474068C0F34050704771
:10CB30004068C0F3C06070470068C0F3C000704731
:10CB40000068C0F3402070470068C0F3C0407047E1
:10CB50000068C0F3406070474068C0F3C000704791
:10CB60004068C0F3402070474068C0F3C040704741
:10CB70004068C0F3406070470068C0F380007047B1
:10CB80000068C0F3002070470068C0F38040704721
:10CB90000068C0F3006070474068C0F380007047D1
:10CBA0004068C0F3002070474068C0F38040704781
:10CBB0004068C0F300607047006800F001007047F3
:10CBC0000068C0F3801070470068C0F300407047F1
:10CBD0000068C0F380507047406800F00100704763
:10CBE0004068C0F3801070474068C0F30040704751
:10CBF0004068C0F3805070471023836070474FF443
:10CC00008063836070474FF48013836070474FF0F8
:10CC10008063836070471023C36070474FF4806364
:10CC2000C36070474FF48013C36070474FF0806358
:10CC3000C36070472023836070474FF400638360B4
:10CC400070474FF40013836070474FF000638360B8
:10CC500070472023C36070474FF40063C360704780
:10CC60004FF40013C36070474FF00063C360704718
:10CC70000823836070474FF40073836070474FF45C
:10CC80000023836070474FF0007383607047082370
:10CC9000C36070474FF40073C36070474FF40023C4
:10CCA000C36070474FF00073C36070470423836014
:10CCB00070474FF48073836070474FF48023836024
:10CCC00070474FF08073836070470423C3607047E0
:10CCD0004FF48073C36070474FF48023C360704784
:10CCE0004FF08073C3607047012383607047402317
:10CCF000836070474FF48033836070474FF4800344
:10CD0000836070470123C36070474023C36070474E
:10CD10004FF48033C36070474FF48003C3607047A3
:10CD20007FB50BAB059303930A9B02930023184630
:10CD3000CDE90033E7F712F907B05DF804FB38B529
:10CD400004460D46F1F7CAF829462046F1F7CCF81B
:10CD500029462046BDE83840F1F7CCB8C269B2F5A3
:10CD6000005FD0E90C0313D0B2F5804F18D0D2B9D0
:10CD7000B3F1807F08D0B3F1C07F0FD0B3F5000FBF
:10CD800014BF00200120704720F002000128F7E7BF
:10CD9000B3F5000FF8D0B3F1807F04D10328EFE79B
:10CDA000B3F5000FF9E7002070477FB50BAB012208
:10CDB000059303930A9B029300231846CDE90033A1
:10CDC000E7F7CCF807B05DF804FB10B50446002087
:10CDD000F1F7EAFB20B12046BDE81040FAF704B8AD
:10CDE00010BD4B1EC9074FEA530300EB8300C36914
:10CDF00058BF1B0CC3F3072113F0FF031DBF002016
:10CE0000117053706FF0150070472DE9F3411C4607
:10CE10009046002382680D4669462360A3605369EB
:10CE200001AA9847019B5A1E019223B96FF0150081
:10CE300002B0BDE8F0810098A26847682168676089
:10CE400085B9A8EB02030668B34228BF33461A44EB
:10CE500003FB0711A260216002689A4206D80830DD
:10CE60000090DFE76B1AB3FBF7F3ECE70020DFE796
:10CE700013460022FFF7C9BF13460A460021FFF7F9
:10CE8000C4BF07B5836801AA69465B69984700205B
:10CE9000019B5A1E019213B903B05DF804FB009B7D
:10CEA00053F8082B10440093F2E7436800201B69F5
:10CEB000C1E90030704703697C330B6001231360C4
:10CEC0007047F9F7A3BD00225C2008B51146ECF7C6
:10CED0005FFA5C20BDE80840ECF72ABA0069F8F771
:10CEE000D7B97FB50BAB059303930A9B029300233D
:10CEF0001846CDE90033E7F731F807B05DF804FBD9
:10CF00004FF0FF324FF0FF334C30F9F7BBBDF0B5B7
:10CF10000D1E8FB0064617461C4638DB40682A199E
:10CF20004FEAE5734FF00001006943F100039042BE
:10CF300071EB03032BD33CB3302202A803F0C6FFEE
:10CF400003234FF480723069CDE900354FF48063DC
:10CF5000CDE906234FF08073099390F8BF3013F0AA
:10CF6000010F0CBF4FF400534FF440530393FFF7EE
:10CF7000C7FF23463A4669463069F1F7FFFF04468A
:10CF800030694C30FFF79DFF20460FB0F0BD6FF0C9
:10CF90001504F9E710B590B004463422002103A827
:10CFA00003F094FF052302934FF4807308934FF02E
:10CFB00080730B9301230DF1070202A92069F1F799
:10CFC000DDFF18B99DF80730DB07F3D410B010BDB2
:10CFD0006FF004036430C362FFF773BF6430FFF780
:10CFE00070BF6430FFF76DBF6430FFF76ABF643015
:10CFF000FFF767BFFFF7ECBF7FB50BAB059303935C
:10D000000A9B029300231846CDE90033E6F7A6FFFA
:10D0100007B05DF804FB2DE9F0430024074689B012
:10D020000D4690461E462046B44213D204F1200914
:10D03000B14512D92022FF21684603F047FF321B79
:10D0400008EB0401684603F019FF6A462946384692
:10D05000F2F770FB09B0BDE8F08324F0070429461D
:10D06000384608EB0402F2F765FB0028F2DB2035B6
:10D070004C46D9E7436800205B681B690B6070472A
:10D08000436800205B689961704743680904002089
:10D090005B689961704710B503699868F8B1884278
:10D0A00019D1DC680868A142986000D1D8600020DE
:10D0B00008602AB19A680A60DA68996002B9D96092
:10D0C000002010E0814206D108682060D8688142C3
:10D0D000EDD1DC60EBE7044600680028F2D1002ABD
:10D0E000E8D16FF0150010BD12F4003CF8B505460C
:10D0F0000C4613461DD0960714D550075DD5502217
:10D10000D90611D542F4007203F4C061B1F5806F05
:10D1100042D0B1F5C06F19D0B1F5007F18D142F0FF
:10D12000800215E01022EBE79F06EDD542F4806205
:10D13000EAE7D60305D5D00605D4C2F34012920221
:10D14000E2E73022E0E74FF40072DDE742F4C0721C
:10D1500013F440372E6908D0306920FA04F1C9076A
:10D160005FBF0121A14001433161BCF1000F06D036
:10D17000180314D5696801234968A3408B61002313
:10D1800021466868F2F722FD27B9336923FA04F2D1
:10D19000D2070CD40020F8BD42F48072D8E75903BE
:10D1A000EDD501212846A140FFF76FFFE7E70122F7
:10D1B000A24023EA02033361ECE76FF08500EAE75F
:10D1C00070B50B468968054611B15E680C6801B9F7
:10D1D00070BD8A682A4002D04B68304698471CB11F
:10D1E000236821461C46F2E72346FAE7F8B51F46B6
:10D1F000044640680E461546F2F7E8FC112F07D1A9
:10D2000001212B0501FA06F104D563685B68996179
:10D210000020F8BD2046FFF738FFF9E76FF08500E2
:10D2200070476FF0850070476FF0850070476FF0B2
:10D23000850070476FF0850070476FF0850070477C
:10D240006FF057007047DF2303600020704743688A
:10D250000169DB681A6822F002021A601A6822F07B
:10D2600004021A601A6822F020021A601A6822F07A
:10D2700010021A601A6822F040021A6091F85D20CC
:10D280001AB91A6822F080021A6070477FB50BAB9A
:10D290000122059303930A9B029300231846CDE9CC
:10D2A0000033E6F75BFE07B05DF804FBC3681A685D
:10D2B00042F020021A601A6842F010021A601A68DE
:10D2C00042F040021A601A6842F080021A60704709
:10D2D00038B543680569DC68FFF7B9FF6368DB01AF
:10D2E00003D5636823F08073636095F85D301BB9E4
:10D2F000236823F0010323602846BDE83840F9F78E
:10D3000085BB10B504694368626DDB688AB19A69B0
:10D31000920702D5A26D12789A629A69510702D5D6
:10D32000A26D596A1170A26D0132A265626D013A57
:10D3300062659A69D20613D49A6991061BD49A69D8
:10D34000520602D49A69110614D5226D127A9207F8
:10D350000CD4FFF77CFF2046BDE81040F9F756BB20
:10D36000DA6942F01002DA610122A2645A6842F4DA
:10D3700080425A6010BDDA6942F02002DA615A68D0
:10D3800022F080725A60BDE81040FFF7A1BF4368E9
:10D390000169DB689A69920507D5DA6942F400727F
:10D3A000DA6101234B64FFF793BF9A69D20506D572
:10D3B000DA6942F48072DA610123CB64F3E77047E3
:10D3C0002DE9F04F89B00546164603AFBDF84CA0D5
:10D3D00087E80E009DF8149029F006038DF81F30A1
:10D3E000049B6968FF2B2C69D1F80C808BBFFF234D
:10D3F0004B460DF11F02129A84BF04939DF814301E
:10D40000049888BF03F0FD0303998DF8143013F0DE
:10D410000103C4E9150133D14FF0010B28462765FC
:10D420003946C4F840B0C4E9123300935346F2F7CA
:10D430009BFC6868FFF73AFFD8F8003043F002031E
:10D44000C8F8003041F2883200232046F9F71AFB71
:10D4500050B12846FFF73CFF4FF0FF324FF0FF334B
:10D460002046F9F70FFB5846E36CD4E91121002957
:10D470003AD1A3BB8ABB00283DD06FF0040044E042
:10D480000023284627653946C4E91033C4E912331E
:10D490004FF4806300935346F2F766FC6868FFF729
:10D4A00005FFD8F8003043F00403C8F8003041F21B
:10D4B000883200232046F9F7E5FA50B12846FFF7F5
:10D4C00007FF4FF0FF324FF0FF332046F9F7DAFA4B
:10D4D0000120E36CD4E91121C9E76364CDE702B10F
:10D4E00061640023E364C8E7002102B16164A164C0
:10D4F000002BF6D1C1E7049A039BB61A1344CDE979
:10D500000336002E7FF46CAF304609B0BDE8F08FD3
:10D5100000221F20114608B5EBF73AFF1F20EBF75A
:10D5200007FF002220201146EBF732FF2020BDE844
:10D530000840EBF7FDBE00222120114608B5EBF7AD
:10D5400027FF2120EBF7F4FE002222201146EBF703
:10D550001FFF2220BDE80840EBF7EABE00225F2053
:10D56000114608B5EBF714FF5F20EBF7E1FE002250
:10D5700060201146EBF70CFF6020BDE80840EBF798
:10D58000D7BE7FB50BAB0122059303930A9B029391
:10D5900000231846CDE90033E6F7E0FC07B05DF85C
:10D5A00004FB2DE9F74398460B7A1546066943F0CC
:10D5B000040307460C4601220B720B46AA420AD905
:10D5C00006F118094FF0FF324FF0FF3348460026AE
:10D5D000F9F758FA20E00AD2197A187D81EA000C8E
:10D5E0001CF0010F01D040071FD589071DD401325F
:10D5F0000C33D2B2E2E7012D384614BF04F1140314
:10D600000023CDE9003894E80E00FFF7D9FE061E8E
:10D6100004DB013D0C34EDB2002DECD14846F9F7A6
:10D62000F5F9304603B0BDE8F0836FF01506F8E772
:10D6300037B5034600681C790569836801A95B68F2
:10D64000984740B9019B2A685A400123A3401A42D7
:10D6500014BF0120002003B030BD51F8043C0A2261
:10D6600001F114005B681B68A3FB0223F9F75EBCA1
:10D670007FB50BAB0122059303930A9B0293002312
:10D680001846CDE90033E6F769FC07B05DF804FB06
:10D6900003460A46F0B41979DB8800681343DC02BC
:10D6A0008768066906D513F4402F03D0DA0748BF10
:10D6B00083F440230125346823F48012DB0705FA44
:10D6C00001F54CBF2C43AC4334603B68F0BC1847B9
:10D6D000A1F11400F9F788BB7FB50BAB0593039359
:10D6E0000A9B029300231846CDE90033E6F736FC87
:10D6F00007B05DF804FB70B51D4686B0436804466C
:10D700001646022218680091002123698DF808103E
:10D7100007211B7D01928DF81410CDE903659DF85A
:10D720001410846811438DF814106946A468A0474A
:10D7300006B070BD03460A4600681979012303FA52
:10D7400001F103691B68194218BF82F0010212B18E
:10D750008368DB68184783681B69FBE71FB50346CE
:10D7600040681B6900681B7DCDE9011202228DF81B
:10D770000C209DF80C20816842F002028DF80C20EC
:10D7800001228C6801A9A04704B010BD7FB50BAB86
:10D790000122059303930A9B029300231846CDE9C7
:10D7A0000033E6F7DBFB07B05DF804FB2DE9F04141
:10D7B00092B044683422002105A8002503F086FBBE
:10D7C0001022002101A803F081FB2F4623684FF0AF
:10D7D000440805936369AB4234D8022B4CD02369CB
:10D7E0001B68002B0CBF1023082302930022237A0E
:10D7F00001A905A80393638904930123019301F010
:10D800005EFF606802F0ACFF022301A9002205A8B8
:10D81000019301F054FF032301A9002205A80193FD
:10D8200001F04DFF0423002205A80DEB0301019335
:10D8300001F045FFA18905A801F060FF002012B0AA
:10D84000BDE8F08108FB05FC06AE8DF84070236949
:10D85000634403F1280E1868083353F8041C324659
:10D86000734503C21646F6D1216905A80135614406
:10D870002831F7F705FEADE71823B6E730B50368A2
:10D8800013600579046804EBC504A34202D36FF06A
:10D89000010030BD5C798C4201D00833F0E70020F4
:10D8A000F7E74163704781637047C1637047016464
:10D8B0007047836D81657047C16570474168036932
:10D8C000002049681B680131B3FBF1F3C2E9003065
:10D8D00070477FB50BAB0122059303930A9B02931C
:10D8E00000231846CDE90033E6F738FB07B05DF8B2
:10D8F00004FB4368C1F34B1001F01F011B68C058C3
:10D9000001238B4003424FF0000014BF012300238A
:10D910001370704710B54368C1F34B1001F01F013D
:10D920001A68012384588B4023438350002010BD84
:10D9300010B54368C1F34B14012201F01F011868B0
:10D940008A40235823EA02032350002010BD38B533
:10D9500004460D46FFF7DEFF29462046FFF7E8FFA5
:10D96000002038BDB0F5805F07D0B0F1805F09D1ED
:10D97000002914BF012002207047002914BF032092
:10D9800004207047002914BF022003207047436819
:10D990001B68D869DA69C0F3C000D107DA6948BFEB
:10D9A00040F002009207DA6948BF40F004005107D6
:10D9B000DA6948BF40F02000D20504D54FF48072E8
:10D9C00040F008001A62C10701D508221A628207D6
:10D9D00001D501221A62410701D502221A6282068C
:10D9E00001D504221A62704743681A6852E8003F62
:10D9F00043F0400342E800310029F7D17047436803
:10DA00001A6852E8003F23F0400342E80031002941
:10DA1000F7D1704743681A6852E8003F43F020038B
:10DA200042E800310029F7D1704743681A6852E88C
:10DA3000003F23F0200342E800310029F7D170476E
:10DA400043681B68D869C0F34010704701207047D5
:10DA50000369C3E902127047026993680BB1D16888
:10DA6000184770470022252008B51146EBF790FCB7
:10DA70002520BDE80840EBF75BBC0022262008B556
:10DA80001146EBF785FC2620BDE80840EBF750BCBB
:10DA90000022342008B51146EBF77AFC3420BDE8AB
:10DAA0000840EBF745BC0022472008B51146EBF7CC
:10DAB0006FFC4720BDE80840EBF73ABC002252203B
:10DAC00008B51146EBF764FC5220BDE80840EBF7BF
:10DAD0002FBC7FB50BAB0122059303930A9B0293E6
:10DAE00000231846CDE90033E6F738FA07B05DF8B1
:10DAF00004FB43681B68D869C0F380107047436813
:10DB00001B68D86910F0800002D01868C0F380103C
:10DB1000704710B5026904460B46526812680A60E5
:10DB200042681268126802F4C062B2F5806F33D0A6
:10DB3000A2F5C060424242411A716268126852689E
:10DB400002F44052B2F5805F28D0B2F5405F27D092
:10DB5000002A0CBF012203225A7162681268106801
:10DB6000116800F0102001F4C061FFF7FBFE98710E
:10DB7000626800201268926802F44072A2F5407157
:10DB80004A424A41DA7161680968896811F4804F34
:10DB900018BF0322DA7110BD0222CDE70022DBE7B5
:10DBA0000222D9E738B543680C461B681868196823
:10DBB00000F0102001F4C061FFF7D4FE04281AD051
:10DBC000D86910F0800015D0EFF31181102080F398
:10DBD0001288BFF36F8F0020151A002D06DDDD6956
:10DBE0002D0603D5255C01309D62F5E781F3118890
:10DBF000BFF36F8F38BD6FF08500FBE710B543684A
:10DC000010201B68DA691206FCD5EFF3118280F34D
:10DC10001288BFF36F8FDC69240604D482F3118865
:10DC2000BFF36F8FEEE7996282F31188BFF36F8FB6
:10DC300010BD43681B68DA69910602D51A6892061E
:10DC400007D4D86910F0400004D01868C0F38010E1
:10DC500070470120704738B543680C461B68186848
:10DC6000196800F0102001F4C061FFF77BFE042862
:10DC70000FD000200821151A002D0CDDDD69AD063E
:10DC800009D55D6A25540130DD692D07F3D5196288
:10DC9000F1E76FF0850038BD43681B68DA6910074B
:10DCA00001D508221A62DA69920603D55B6A002060
:10DCB0000B7070474FF0FF307047036801F400624B
:10DCC00001F4C02123F4006313430360C36823F409
:10DCD000C0230B43C360704730B50446086808B9D9
:10DCE000106008E0206845689D4205D3B5FBF3F558
:10DCF00015602368186830BD083020600868013856
:10DD00000860EBE770B5044615461E46E9B90165A3
:10DD10000023636504F16402334604F1540104F105
:10DD20005000FFF7D9FF2066ADB9A5650023E36574
:10DD300004F16C02334604F15C0104F15800FFF772
:10DD4000CBFF0023A066236470BD0B680365002B26
:10DD5000DED04B68DDE72B68A365002BE6D06B684F
:10DD6000E5E710B50B680C460A6E9B88C3F34513B4
:10DD7000082B24D1DAB14B6E03B11378DBB280F8F3
:10DD80002030636E93B1013B636693B9236D083312
:10DD90002365636D013B6365012304F1640204F1B3
:10DDA000540104F15000FFF797FF206610BD1346A1
:10DDB000E4E7236E002BF9D001332366F6E792B136
:10DDC0004B6E03B113889BB20384636E002BEDD0BE
:10DDD000013B63664BB9236D08332365636D013BDB
:10DDE00063650223D9E71346EDE7236E002BDDD0F0
:10DDF0000233E2E710B50C4622689288C2F345125E
:10DE0000082AD1E91A3121D190F83020D2B20BB1D1
:10DE100001B11A70E36E93B1013BE36683B9A36D60
:10DE20000833A365E36D013BE365012304F16C0254
:10DE300004F15C0104F15800FFF74EFFA06610BD2D
:10DE4000A36E002BFBD00133A366F8E7028E92B2DB
:10DE50000BB101B11A80E36E002BF0D0013BE366F9
:10DE60003BB9A36D0833A365E36D013BE365022372
:10DE7000DCE7A36E002BE2D00233E5E7002223208B
:10DE800008B51146EBF784FA2320BDE80840EBF70C
:10DE90004FBA0022552008B51146EBF779FA552004
:10DEA000BDE80840EBF744BA30B5D1B100224D6867
:10DEB0001346AA420ED18288C2F30222B3FBF2F1CA
:10DEC00002FB11337BB9B1F5803FB4BF08466FF058
:10DED000790030BD0C6804EBC2040132646823444D
:10DEE000E7E70846F5E76FF01500F2E77FB50BAB03
:10DEF0000122059303930A9B029300231846CDE960
:10DF00000033E6F72BF807B05DF804FB03460A463A
:10DF100000681979012303FA01F103691B681942AA
:10DF200018BF82F0010212B18368DB68184783686A
:10DF30001B69FBE74369DA0702D590F83030F9E74F
:10DF4000036823F0010303600368DB07FCD4704718
:10DF500010B5036804464BB19A683AB1186901F0EC
:10DF60002DFF206800210830FFF7D0FFA36933B9E7
:10DF7000636004F11000BDE81040F8F747BD10BD24
:10DF800010B544680069FFF7E3FF2068FFF7D2FF90
:10DF9000002010BD2DE9F047D0F804800646056941
:10DFA0000F46D8F80040236923F002032361236958
:10DFB00023F001032361236923F0200323612369F4
:10DFC00023F040032361236923F080032361236945
:10DFD00023F480732361236923F40073236198F889
:10DFE0001C301BB1236923F0080323616369D80740
:10DFF00002D594F83030F9E7E36859021BD563681D
:10E000009BB2002B34D1636913F4805FF7D0D6F84C
:10E010001090D9F8003073B19A6862B1998811F400
:10E02000805A08D1186901F0C9FED9F8000051469C
:10E030000830FFF76BFF63699A0503D5A36943F4C2
:10E040000073A36198F81C102368E268A1B1A3696A
:10E0500043F01003A361A36943F04003A361A369E4
:10E0600043F00803A36163681B0C1B0463600BE0AF
:10E07000636913F0080FC9E703F4006302F4C022D8
:10E080001343B3F5C02FEED02B689B88DB0402D47A
:10E090002046FFF74FFF95F84C3033B92F6405F158
:10E0A0002800BDE8F047F8F7B1BC6B6C1BB1AA6C57
:10E0B0003946304698472B689B8813F4005303D1A8
:10E0C0006B6005F11000ECE7BDE8F0872DE9F8433F
:10E0D0004768064604693B7FD7F8009023B1D9F81A
:10E0E0000030DD0740F101814846F3F71BF9054692
:10E0F00028B129463046BDE8F843FFF74BBF626EB2
:10E100000AB9E36EF3B123683D689B88D80758D4F9
:10E110003B7F002B37D02B68EA6803F4006802F4D9
:10E12000C02348EA0308B8F5C12F1CD16B699907D1
:10E1300024D43868F3F7F6F8054618B1014630469E
:10E14000FFF728FFD9F80030D9F80C2003F400635A
:10E1500002F4C022134340F0C080636E002B40F0F5
:10E16000C480E36EBEE06B69DA0703D5214628461A
:10E17000FFF740FEB8F5C02FD8D1DAE72146284690
:10E18000FFF7EFFDD5E72B68EA6803F4006802F4B7
:10E19000C02348EA0308B8F5C02F07D1386843699F
:10E1A000DD07FCD52146FFF725FEC2E76B699B071B
:10E1B000FCD521462846FFF7D4FDB8F5C12FB8D0CD
:10E1C000ECE76969890765D5002A63D0C3F3451375
:10E1D000226E082B49D1137885F82030636E9BB1ED
:10E1E000013B6366002B3AD1236D08332365636DD1
:10E1F000013B6365012304F1640204F1540104F15D
:10E200005000FFF769FD20666B69DB0791D5A36EAF
:10E21000002B8ED0E26E002A8BD022689288C2F347
:10E220004512082A42D195F830201A70E36E002B6F
:10E230003FF47FAF013BE366002B30D1A36D083381
:10E24000A365E36D013BE365012304F16C0204F176
:10E250005C0104F15800FFF73FFDA06669E7236EFB
:10E26000002BD1D001332366CEE713882B84636E55
:10E27000002BC9D0013B63663BB9236D083323658E
:10E28000636D013B63650223B5E7236E002BBBD0B2
:10E290000233E8E72B6923F002032B61B4E7A36E96
:10E2A000002B3FF446AF0133A36642E72A8E1A8063
:10E2B000E36E002B3FF43DAF013BE3663BB9A36D3A
:10E2C0000833A365E36D013BE3650223BDE7A36E5D
:10E2D000002B3FF42EAF0233E6E7B3F5C12F7FF4F6
:10E2E00040AF636E002B3FF404AFBDE8F8831FB569
:10E2F000079C0294069C019401240094F3F7FEF815
:10E3000004B010BD1FB50024CDE901440094F3F71B
:10E31000F5F804B010BD4FF0E022136923F00103BB
:10E32000136170470421F3F7CFBC03460A46F0B4EB
:10E330001979DB8800681343DA0706694FF0010595
:10E34000876848BF83F4402334688D4023F48012EB
:10E35000DB074CBF2C43AC4334603B68F0BC184730
:10E3600010B5036914460FCB84E80F00002010BDE0
:10E370007FB50BAB059303930A9B029300231846CA
:10E38000CDE90033E5F7EAFD07B05DF804FB02F0E4
:10E39000BFB90A2180FB0101FFF7F9BF40680A46B7
:10E3A00001B10F22F221F3F7D5BC2DE9F8430C4659
:10E3B0009046FE21002205469946BDF82060BDF832
:10E3C0002470F3F7C7FC002842DB4FEA19222846E5
:10E3D000E1B2F3F7BFFC00283ADB611C5FFA89F277
:10E3E0002846C9B2F3F7B6FC002831DBA11C4FEA7E
:10E3F00018222846C9B2F3F7ADFC002828DBE11C3F
:10E400005FFA88F22846C9B2F3F7A4FC00281FDBA4
:10E41000211D3A0A2846C9B2F3F79CFC002817DBF5
:10E42000611DFAB22846C9B2F3F794FC00280FDB4D
:10E43000A11D320A2846C9B2F3F78CFC002807DB7D
:10E44000E11DF2B22846C9B2F3F784FC00EAE0709D
:10E45000BDE8F883F8B505460F46066914464368DB
:10E46000F2B121F0020004301AD1186983685B68A8
:10E4700043B1984730B9224639462846BDE8F840AE
:10E48000F3F71EBFD6F89C3000202360D6F8A030EA
:10E49000A360D6F8A4306360D6F8A830E360F8BD76
:10E4A0006FF01500FBE7436818698368DB6903B107
:10E4B00018476FF0570070474368186983681B6AF4
:10E4C00003B118476FF05700704710B521F00201F3
:10E4D00000690431D0F8A830D0F8A04004FB03F361
:10E4E0000BD19168994208D3002464301146D3605F
:10E4F000948201F016FF204610BD6FF01500FBE777
:10E5000021F00201043110B5144600690BD1DDE998
:10E5100002238030F8F748FA002820600CBF6FF023
:10E520000A00002010BD6FF01500FBE700224E200E
:10E5300008B51146EAF72CFF4E20BDE80840EAF77F
:10E54000F7BE00690430F4F7A1BB10B4446821F0B1
:10E55000020004300AD14FF6FF701081D08020698C
:10E560008368DB683BB15DF8044B18476FF015001A
:10E570005DF8044B70476FF05700F9E77FB50BABC0
:10E58000059303930A9B0293099B0193002318466A
:10E590000093E5F7E3FC07B05DF804FB10B5846B6E
:10E5A000A06CA26B0368BAB11968A26B12F00102E9
:10E5B0000BD1090309D5DB68E16B03EBC101F5F76A
:10E5C000D7FFA36B013BA3630BE01A68120308D4C7
:10E5D0001B690122E16BF0E71A68110312D5626C26
:10E5E000DA60A26B236C9A420BD12268D36843F0A5
:10E5F0000103D36023681B689B0702D5012384F8BD
:10E60000353010BD1A681203EBD4E16B626C02EB7B
:10E6100081021A61236CD6E7704790F83430012BE1
:10E6200013D0012380F8343090F83530052B07D112
:10E630000223026880F83530136843F00103136049
:10E64000002380F83430184670470220704708B520
:10E65000806B836C5B6D022B06D0012380F8353014
:10E66000C36C43F04003C364F4F7C2F808BD7047BD
:10E6700070472DE9F04107460D4614461E46FBF74C
:10E680006DFE80463B685A6FD2070AD544EA0624DD
:10E69000069A002044EA024444EA8514DC66BDE898
:10E6A000F081FBF75BFEA0EB0800B0F57A7FE9D9BB
:10E6B0000320F4E7027C0346012A68D00122027499
:10E6C00000220068C0F8C4201868C0F8C820C80735
:10E6D000996108D51868D0F8C4206FEA12426FEA31
:10E6E0000242C0F8C4208A0706D51868D0F8C420B2
:10E6F00042F4F812C0F8C420480706D51868D0F8CC
:10E70000C82042F00102C0F8C8200A0706D51868E0
:10E71000D0F8C82042F00202C0F8C820C80606D5CA
:10E720001868D0F8C82042F00C02C0F8C8208A0649
:10E7300006D51868D0F8C82042F01002C0F8C820EA
:10E74000480606D51868D0F8C82042F02002C0F864
:10E75000C8200A0606D51868D0F8C82042F0400242
:10E76000C0F8C820C80506D51868D0F8C82042F0FF
:10E770008002C0F8C8208A0506D51968D1F8C820DB
:10E7800042F4F852C1F8C8200020187470470220E3
:10E7900070477047037C012B0ED00268012303747D
:10E7A000D36A23F01F03D3620268D36A194300239C
:10E7B000D1620374184670470220704730B5027C5E
:10E7C0000346012A3BD0012202741C68D1E90002F1
:10E7D000904238BF1046D4F8982002F0FC22C4F8CA
:10E7E00098201C68D4F8982042EA00420243C4F8FA
:10E7F00098201868D0F89C2002F40042C0F89C20B1
:10E800001868D1E90225D0F89C40120642EA054278
:10E810000D692A432243C0F89C201868D0F8A42030
:10E8200022F47F42C0F8A42018684969D0F8A420D7
:10E8300042EA0122C0F8A4200020187430BD022052
:10E84000FCE7027C82B00346012A1FD00122027439
:10E850000020196800904A6842F001024A601A6874
:10E86000516801F00101009100990190D2F804145F
:10E8700041F00801C2F804141A68D2F8042418748C
:10E8800002F008020192019A02B070470220FBE7F1
:10E8900037B5057C0446012D09D001250574069D78
:10E8A0000095FFF7E6FE0023237403B030BD02207D
:10E8B000FBE72DE9F84F1C46037C05460F46012B6C
:10E8C0001646DDE90A9853D001230374FBF746FD91
:10E8D000834629684B6F13F0010A1AD0032C204697
:10E8E0004FF0000328BF032083421ED1E01A4344A7
:10E8F000C1F8709018BB013446EA87162B682202D3
:10E90000240292B204F47F0416432643DE66287480
:10E9100009E0FBF723FDA0EB0B00B0F57A7FD8D917
:10E92000032085F810A0BDE8F88F18F80320013304
:10E930004FEAC30C02FA0CF249EA0209D4E70428B0
:10E940004FF0000184460A4628BF4FF0040C13F82C
:10E9500002E04FEAC20801320EFA08FE944541EA8D
:10E960000E01F4D12A68A0EB0C0063441167C1E7E3
:10E970000220D8E72DE9F7431E46037C05460C46E6
:10E98000012B1746DDF82890DDF830806FD0012389
:10E99000022E03740DD9C6F3072337220093F3B276
:10E9A000FFF767FE28B1002301202B7403B0BDE8F8
:10E9B000F083B9F1060F0FD10B9B2A681B0243EAC3
:10E9C000841343F00603D366FBF7C8FC0446002E0D
:10E9D00027DC00202874E9E7B9F1040F05D1A40170
:10E9E0002B6844F00404DC66EEE7B9F1140F08D19B
:10E9F00098F80020A4012B6844EA022444F014048F
:10EA0000F1E7B9F1240FCED198F80120A4012B68C9
:10EA100044EA024498F8002044EA022444F0240422
:10EA2000E1E72A68536F13F010030DD1042E106F25
:10EA3000324628BF0422D90020FA01F1F9540133EB
:10EA40009A42F8D11744B61AFBF788FC001BB0F5C0
:10EA50007A7F03D9002303202B74A7E72B685A6F12
:10EA60005206B4D4D3F8C0309B069CD4AFE7022042
:10EA70009CE730B5037C0446012B15D001230374B9
:10EA80000068836B23F0887383631306206843EA6E
:10EA90000153856B2B43836300202268936B43F4FF
:10EAA00080339363207430BD0220FCE7037C012B8C
:10EAB00013D0026801230374D2F81C3423F0C0631E
:10EAC000C2F81C340268D2F81C3443EA41610023C6
:10EAD000C2F81C140374184670470220704770B5C2
:10EAE00005684B68EC68C4F30B441C44D3018433C1
:10EAF0001D446A6802F470426A6005680E68EA683C
:10EB00001D440136C2F30B42324442EA04426A60B9
:10EB10000268CD68D4681A44C4F30A042C4495688A
:10EB200005F47045956005688A68EE681D440132F9
:10EB3000C6F30A06324442EA0442AA6002681A4452
:10EB4000146924F00704146102680C691A44146102
:10EB500002688D69D41891F8302042EA056291F874
:10EB6000315042EA052291F8325042EA0542A26150
:10EB700002681A44546924F0FF04546102684C6925
:10EB80001A44546104681C44E26922F4E06222F0F1
:10EB90000702E2610268D1E907451A442C43D461B7
:10EBA00002684C6A1A4494620A6962B3012A2CD042
:10EBB000941E022C2BD9072A14BF012402240268B8
:10EBC0001A44D56A05F0E025D5620268D518D1E966
:10EBD0000062921B8E6A62437443073242EA044227
:10EBE000EA6204681C44226B22F4FF6222F00702EE
:10EBF00022630268C96A1A4411630168CA5842F064
:10EC00000102CA5070BD0424D9E70324D7E70224C7
:10EC1000D5E7704738B50446002857D090F8A130A2
:10EC200003F0FF021BB980F8A020FFF7F2FF226873
:10EC3000022384F8A130936923F070439361226822
:10EC4000D4E9013091690343E06803432069034339
:10EC50000B4393612268D4E9051343EA01439360AF
:10EC60002268D4E9071343EA0143D3602268D4E958
:10EC7000091343EA014313612268D4E90B1343EA01
:10EC800001435361226894F83500D36A94F8361032
:10EC900003F07F43D362226894F83430D56A2B4363
:10ECA00043EA0023002043EA0143D3622268536B06
:10ECB00043F0060353632268936943F001039361B1
:10ECC0000123C4F8A40084F8A13038BD0120FCE77A
:10ECD0002DE9F04190F8A03006460F469446012BEE
:10ECE0004FF002031FD034244FF001080D4680F886
:10ECF000A13004FB020480F8A08038340FCD0FC48B
:10ED00000FCD0FC40FCD0FC42B6862463946304675
:10ED10002360FFF7E4FE3368C3F82480002386F8FD
:10ED2000A18086F8A0301846BDE8F08170B590F853
:10ED3000A0300446012B4FF0020315D080F8A1301B
:10ED400034230126534380F8A060C518A96403F159
:10ED500038010144FFF7C3FE03685E6280F8A160DA
:10ED6000002084F8A00070BD1846FCE728B190F898
:10ED70003D30022B03D08023836601207047026858
:10ED8000042380F83D300020D36823F00103D360D2
:10ED900070477047F7B50446E0B190F8953403F03A
:10EDA000FF021BB980F89424FFF7F3FF03232068C8
:10EDB000251D84F8953400F0D5FD237C8DF80030B6
:10EDC000206895E80E0000F079FD014630B102237D
:10EDD00084F895340125284603B0F0BD206800F082
:10EDE000C7FD0028F3D1267904F114030127024658
:10EDF000C1B224338E4220D8002104F515730A468F
:10EE0000C8B22433864226D8237C8DF8003020688F
:10EE100095E80E00F6F730FF05460028D7D101230C
:10EE2000607484F89534237B012B02D1204600F0D6
:10EE3000D3F9206800F072FFCDE723F80A0C013007
:10EE400003F8237C03F8241C03F8202C43F8142C2B
:10EE500043E90722CCE7013103F8232C03F8240C03
:10EE600003F8202C43F8142C43E90722C8E7704725
:10EE700038B5044610B90125284638BD032380F86B
:10EE80009534006800F00CFF05460028F3D12046B9
:10EE9000FFF7EDFF84F89554EEE710B590F8942451
:10EEA00004460368012A16D0012280F89424DA6807
:10EEB000520606D5427B012A03D19A6B42F4803276
:10EEC0009A63206800F048FD206800F019FF0020D8
:10EED00084F8940410BD0220FCE738B590F894340F
:10EEE0000446012B1BD00123056880F89434284682
:10EEF00000F038FD206800F011FF1021206800F0BC
:10EF000065FDEB685B0606D5637B012B03D1AB6B1C
:10EF100023F48033AB63002084F8940438BD0220CE
:10EF2000FCE77047704710B590F894240446012A16
:10EF30000AD00122417480F89424006800F0D0FEC9
:10EF4000002084F8940410BD0220FCE770B501F0A5
:10EF50000F0611F0800F05464FF0240006EBC604A3
:10EF60004FEA840420D004F1140100FB0650012470
:10EF700029444475C2F30A020E700B718A604A7804
:10EF800002B14E83022B04BF00234B7195F89434D9
:10EF9000012B12D00123286885F8943400F06CFD11
:10EFA000002085F8940470BD04F5157100FB06502F
:10EFB0000024294480F85542DCE70220F3E710B52D
:10EFC000044601F00F0011F0800F4FF0240200EB17
:10EFD000C0034FEA830315D003F1140102FB004282
:10EFE000012321445375087094F89434012B12D0F6
:10EFF0000123206884F89434F6F7FEFE002084F89C
:10F00000940410BD03F5157102FB00420023214456
:10F0100082F85532E7E70220F3E770B501F00F05FB
:10F020002424164604FB050104FB050401F51571B3
:10F0300084F85452C4E998230023C4F8683284F851
:10F0400055328279012A08BFC4F870620068F6F769
:10F0500033FF002070BD01F00F01242303FB0100EA
:10F06000D0F86802704770B501F00F0524241646E9
:10F0700004FB050104FB050414312575C4E90823CC
:10F080000023A3620123637582799A4208BF266335
:10F090000068F6F711FF002070BD38B501F00F05CC
:10F0A00003790446AB422BD311F0800F4FF02400BC
:10F0B0001DD000FB0541012300FB054014314375C1
:10F0C00001230D708B7094F894249A421AD0206812
:10F0D00084F8943400F090FD2DB904F29C42A1799B
:10F0E0002068F6F7CDFF002084F8940438BD00FBBB
:10F0F00001431A4603F51571002382F85532DFE704
:10F100000120F3E70220F1E738B501F00F0203799F
:10F110000446934229D302EBC20311F0800F4FF053
:10F1200024004FEA830317D003F1140100FB0240CF
:10F1300001232144437500250A708D7094F894349E
:10F14000012B14D00123206884F8943400F07FFD53
:10F15000284684F8945438BD03F5157100FB02402D
:10F160000023214480F85532E5E70120F3E702202F
:10F17000F1E701F00F030A0603EBC3034FEA830331
:10F180004CBF03F1140103F515710144006800F050
:10F19000B2BC70B503681204586A19B902439A6286
:10F1A000002070BD9C6A4E1E00EB14400024B44247
:10F1B00005D33F31024303EB81035A60F0E704F1CA
:10F1C0004005013403EB85056D6800EB1540EEE763
:10F1D0000368002059627047012102680346C0F8A5
:10F1E000D814002083F8CC04936943F00063936142
:10F1F000536D43F0805343F00303536570477047EA
:10F200004B6A2DE9F04333B1B2F1406F03D08B6A02
:10F210000468013B23618B690D6A002B5ED0046892
:10F220005DB38B68E361CD69D1F824C004688E6951
:10F230000F6AD1F834E0D1E90B3885B12B430D6961
:10F24000134343EA080343EA0E0343EA0C032B4348
:10F25000CD683B432B430D6833432B435CE043EACB
:10F2600008031A430B6942EA0E0242EA0C021A43EF
:10F270000B683A4332431A435DE04D69CE69D1F8D9
:10F280000090AD04D1F824804F6BD1E90BECAEB106
:10F290003343CE68134343EA090343EA080343EACE
:10F2A0000E0343EA0C033B4333432B43B2F1406F5D
:10F2B000636111D003684A689A610DE043EA09036B
:10F2C0001A4342EA080242EA0E0242EA0C023A43B8
:10F2D0002A43626103689E61BDE8F083002D31D04E
:10F2E00003688C68DC61CD69D1F824C004688E693C
:10F2F0000F6AD1F834E0D1E90B388DB12B430D6999
:10F30000134343EA080343EA0E0343EA0C032B4387
:10F31000CD683B432B4333434D6943EA8543C5E7FF
:10F3200043EA08031A430B6942EA0E0242EA0C025E
:10F330001A433A4332434B6942EA834262610368AB
:10F340009D61C9E7CD694B6A55B12B43CD6A04680D
:10F3500013432B430D6B2B434D6B2B43CD687CE745
:10F36000002BB9D0CE6A046833431A430B6B1A439F
:10F370004B6B80E72DE9F041DDF8188004460E461E
:10F3800015461F4622689368334214BF01230023A9
:10F39000AB4201D1002012E0B8F1FF3FF3D0FAF701
:10F3A000DDFFC01B404502D8B8F1000FEAD10423AD
:10F3B000012084F84130636C43F001036364BDE8CD
:10F3C000F08170472DE9F34704468A469046FAF7E4
:10F3D000C5FF94F840300746012B35D001230226A3
:10F3E00084F8403094F84130012B5FFA83F927D13B
:10F3F0000022034620212046626484F84160CDF853
:10F400000080FFF7B7FF054698B9024651462046EF
:10F41000FFF7F6FEDAF824304BB93B464A46314650
:10F42000CDF80080FFF7A6FF60B92368DE6084F89E
:10F430004190002384F84030284602B0BDE8F087B0
:10F440003546F6E70546F4E70225F5E7F7B5044645
:10F450000F46FAF783FF034694F84020012A36D07E
:10F460000122002684F8402094F84120012A2CD162
:10F47000022266642021204684F84120A26C00927A
:10F480003246FFF777FF0546E0B97B6A13B9236878
:10F490000322DA60002239462046FFF7B1FE7B6A7C
:10F4A0004BB9226884F84030136843F4403313604A
:10F4B000284603B0F0BD012384F84130002384F8CE
:10F4C0004030F5E784F84060F2E784F840600225B8
:10F4D000EEE72DE9F341044617468846FAF73EFF6A
:10F4E00025680646AA6994F84030012B50D00123C4
:10F4F00084F8403094F84130012BD8B246D1002333
:10F500006364B8F1000F3CD0222384F841302B69AA
:10F510000133A3632B69C4F83080013363636969E5
:10F5200021F0406141F08061696123689A61A36BB9
:10F530009BB933460122022120460097FFF71AFFAC
:10F5400010B923680222DA60012384F841300023D5
:10F5500084F8403002B0BDE8F08133460122062134
:10F5600020460097FFF706FF0028EDD195F82020F0
:10F57000236B1A70236B01332363A36B013BA363DB
:10F58000D5E7636C43F008036364E0E70220DEE73D
:10F590000220DFE710B590F840200346012A2FD063
:10F5A000012280F8402090F84120012AD0B24FF08B
:10F5B000000223D15A64D1B1122083F841001868A7
:10F5C00004690134DC6204695962032101349C62DC
:10F5D000C1601868416921F04061416110461968B5
:10F5E00083F840200B6843F4E0230B6010BD5A6C95
:10F5F00042F008025A6483F84010F7E783F840208D
:10F600000220F3E730B502680346956990F84000A0
:10F61000012832D0012083F8400093F84140012CAA
:10F62000E0B24FF0000426D15C64E9B1222083F8F7
:10F63000410010690130986310691963032101309A
:10F6400058632046D16019684A6922F0406242F04E
:10F6500080624A611A6895611A6883F840401368AD
:10F6600043F4E023136030BD5A6C42F008025A6440
:10F6700083F84010F7E783F840400220F3E708B52D
:10F680000023006C8363C36290F84130082B0DD1D6
:10F6900003680222DA600268136843F400331360DF
:10F6A0000268136843F00203136008BD012380F869
:10F6B0004130FDF78DFCF8E770477047704770B533
:10F6C00090F82C3005460E46022BD8B210D000F030
:10F6D000FB04012C10D10223286885F82C3000F09F
:10F6E0007AF83368022B04D1052385F82C300020EA
:10F6F00070BD85F82C40FAE70120F9E738B590F89D
:10F700002C300446022BD8B20DD094F82C30012BAB
:10F71000DDB209D10223206884F82C3000F06DF8A6
:10F72000002084F82C5038BD0120FCE70023C0E9FC
:10F730000033C0E90233C0E90433C0E90633C0E94D
:10F740000833C0E90A33C0E90C33C0E90E3303645F
:10F75000704710B54C69CB68013C013B240544EA75
:10F760000334CAB90B688268013B02F0704223433C
:10F7700013434A68013A43EA02138A68013A43EAAA
:10F7800002230A69013A43EA02438A69013A43EAD9
:10F7900002638360002010BD836823F4700323F4A8
:10F7A000704323438360C3684A6803F07043013A9F
:10F7B00043EA02130A68013A13438A68013A43EAAA
:10F7C00002230A69013A43EA02438A69013A43EA99
:10F7D0000263C360DEE710B5D1E900340269234358
:10F7E000CC68920D43EA4423920513438A68013A98
:10F7F00043EA42130361002010BD436923F47F53A1
:10F8000023F03E0343EA410343610020704706EEC4
:10F81000900A07EE101A06EE102A07EE903AF8EE5C
:10F82000666AB8EE466AB8EE477AFBEEE97A77EE9A
:10F83000867A86EE876A9DED007AB8EE477A67EEA3
:10F84000867AC7EE876AFCEEE67A17EE900A704772
:10F8500000234FF0FF32038043600361C0E90223BD
:10F8600070470023C0E90033C0E90233C0E9043324
:10F87000C0E90633704782B0002302460193019B22
:10F8800001330193019BB3F1706F15D81369002BFD
:10F89000F5DA00230193136943F001031361019B1F
:10F8A00001330193019BB3F1706F05D8106910F01B
:10F8B0000100F4D102B070470320FBE784B038B5F3
:10F8C00005AD044685E80E009DF81930012B31D1B5
:10F8D000836B23F480338363C36823F4840323F0AE
:10F8E0004003C360C36823F44013C3609DF8203015
:10F8F000012B03D1C36843F48013C3602046FFF794
:10F90000BAFF9DF81630012B10D1E36D9BB2E36571
:10F91000E36D43F07B7343F40033E365A36843F086
:10F920000603A360A36843F02003A360BDE838404A
:10F9300004B07047C36843F04003C360FFF79BFF08
:10F940009DF81D3023B9A36B43F48033A363D8E73C
:10F95000A36B23F48033F9E7836843F001038360EA
:10F9600000207047836823F0010383600020704704
:10F9700038B5C368012905460C4623F0C043C3606F
:10F9800013D1C368002443F00053C3600A200A3433
:10F99000FAF7ECFC6B69D90702D4C82CF6D1C8245D
:10F9A000A4F1C8035842584138BD69B9C36843F04F
:10F9B0008043C3600A200A34FAF7D8FC6B69DA077F
:10F9C000EED5C82CF6D1EAE70120EDE782B000239E
:10F9D00002460193019B01330193019BB3F1706FC8
:10F9E00015D81369002BF5DA8901002341F02001B5
:10F9F00001931161019B01330193019BB3F1706F7E
:10FA000005D8106910F02000F4D102B0704703202F
:10FA1000FBE782B0002302460193019B013301936F
:10FA2000019BB3F1706F13D81369002BF5DA002333
:10FA3000019310231361019B01330193019BB3F1E7
:10FA4000706F05D8106910F01000F4D102B0704743
:10FA50000320FBE7D0F800381943C0F80018002055
:10FA60007047D0F8083813F0060004D013F0020FE6
:10FA700014BF02200F20704730B50C78012200F52A
:10FA8000006304F00F0500EB4410AA404D78012DEF
:10FA900019D1DD692A43DA61D0F800391A0410D48B
:10FAA0008A68D0F80059C2F30A030A792B4343EA63
:10FAB000824343EA845343F0805343F40043C0F845
:10FAC0000039002030BDDC6944EA0242DA61D0F836
:10FAD000003B1B04F5D48B68D0F8002BC3F30A035A
:10FAE00013430A7943EA824343F0805343F40043CB
:10FAF000C0F8003BE5E700234A7813B5012A0193DB
:10FB00000B784FEA431324D100F510601A58002AED
:10FB100002DB002002B010BD1A58202442F000621F
:10FB20001A500B7814FB03031A6842F080421A60E3
:10FB300042F21072019B01330193019B934201D960
:10FB40000120E7E70B7814FB03031B68002BF1DBB4
:10FB5000DFE700F530601A58002ADADA1A58202454
:10FB600042F000621A500B7814FB03031A6842F04B
:10FB700080421A6042F21072019B01330193019B93
:10FB80009342DDD80B7814FB03031B68002BF3DBD7
:10FB9000BFE710B59DF8084044B9033301329B0814
:10FBA00000EB023001EB83038B4201D1002010BD3A
:10FBB00051F8042B0260F7E70346002070B5940863
:10FBC00003F5805502F00302A04210D301EB84003C
:10FBD00062B103F580531C680023D90024FA01F1B7
:10FBE000C154013399B28A42F7D1104470BD2E68D6
:10FBF00041F820600130E7E74A780B78012A00EBF2
:10FC0000431012D1D0F80029002A06DB2BB1D0F81E
:10FC1000003923F08043C0F80039D0F8003943F4AC
:10FC20000013C0F8003900207047D0F8002B002ADC
:10FC300006DB2BB1D0F8003B23F08043C0F8003B3B
:10FC4000D0F8003B43F40013C0F8003BEBE70B781F
:10FC500000EB43104B78012B11D1D0F8003923F47D
:10FC60000013C0F800390B79023B012B05D8D0F8FE
:10FC7000003943F08053C0F8003900207047D0F8B5
:10FC8000003B23F40013C0F8003B0B79023B012B2F
:10FC9000F3D8D0F8003B43F08053C0F8003BECE7CA
:10FCA00010B500F51063044600F52E614FF67F3263
:10FCB0009A602033C3F8E8218B42F9D10022204614
:10FCC000C4F81028C4F81428C4F81C28FFF7A1FEB3
:10FCD00028B920461021BDE81040FFF777BE10BDBF
:10FCE000D0F80038090123F4FE6301F4FE61C0F886
:10FCF0000038D0F800381943C0F8001800207047C9
:10FD0000D0F8003E23F00303C0F8003ED0F80438DA
:10FD100023F00203C0F8043800207047D0F8003EFA
:10FD200023F00303C0F8003ED0F8043843F0020388
:10FD3000C0F804380020704742698069104070475D
:10FD4000D0F8183800F50060C0691840000C704702
:10FD5000D0F8183800F50060C069184080B27047CC
:10FD600000EB411100F50060D1F8082B406910400C
:10FD70007047D0F81028D0F8343800EB411001F06B
:10FD80000F0100F51060CB408068DB01DBB213434C
:10FD900018407047406900F001007047D0F8003902
:10FDA00023F4FF6323F00703C0F80039D0F80438C8
:10FDB00043F48073C0F804380020704738B5044617
:10FDC00050B1F1F755FF4FF4F07305465C43F1F77E
:10FDD0004FFF431BA342FAD338BD704740B1C368FD
:10FDE000587810F001001EBF1878B0FA80F0400972
:10FDF000704710B5C36804465B78DB070BD5836991
:10FE000063B19847002805DBE36800205A786FF358
:10FE100000025A7010BD4FF0FF30FBE76FF0850015
:10FE2000F8E77FB50BAB0122059303930A9B02937E
:10FE300000231846CDE90033E4F790F807B05DF8E9
:10FE400004FBEFF31183102383F31288BFF36F8F4A
:10FE5000FEE708B5FFF7F5FF10B54369044633B96F
:10FE60000020E268537843F00103537010BD9847B7
:10FE70000028F5D00028E368B8BF4042FF28A8BF9B
:10FE8000FF201870EDE701F021B800F0F7BFC3685C
:10FE90005B78DB0701D4FFF7DFBF6FF077007047B7
:10FEA00008B5F6F79DFBBDE80840F6F7A7BB10B410
:10FEB00000F10C04C0E90344002404755DF8044B10
:10FEC000F9F7F9BF2DE9F04F89B00546914606A82C
:10FED000059105F1140ADDE912673B46324600F050
:10FEE00003FEDDE90634CDE90234EFF311844FF06F
:10FEF000100888F31288BFF36F8F05F10C0B4A4688
:10FF000005992846F9F7BFFE30B184F31188BFF395
:10FF10006F8F09B0BDE8F08F3E43F6D006A8DDE94B
:10FF2000022300F005FE5A4621465046DDE90667E9
:10FF3000CDE90067F7F7D2FAEFF3118488F312885E
:10FF4000BFF36F8FDBE707B5CDE900230A46042135
:10FF5000FFF7B8FF03B05DF804FB38B50446EFF3D4
:10FF60001185102383F31288BFF36F8FF9F741FED9
:10FF700004F10C0000F0B9FB30B1294604F1140083
:10FF8000BDE83840F7F726BB85F31188BFF36F8FC4
:10FF900038BD8169C36843EA010212F003020FD140
:10FFA00002614269013A01FB0233C2689A4201D9F7
:10FFB0000020704702691A60826903619B1AF4E7A6
:10FFC0006FF015007047E9F745BAFBF79EBF00BF19
:10FFD0007047102408B5EFF3118384F31288BFF340
:10FFE0006F8FFBF79CFFF6E7D0E9003213605A6091
:10FFF0000023427B836022F00202C0E90033427397
:020000040806EC
:100000007047C0E9032303FB0212002341614362EE
:1000100080F83030037200F128030162C0E9062144
:10002000C0E90000C0E90A337047F8B50D46A1FBEE
:100030000214074616463CB92046F8F759F901461E
:1000400028B96FF00B0001E06FF01500F8BD3346E2
:1000500038462A46FFF7D5FF0123204687F830307F
:10006000F4E7C3680B6003694B60436A8B607047B9
:100070000346084610B5EFF31184102282F312886C
:10008000BFF36F8F5A6A4AB1DA68D96900F0F6FE99
:10009000002084F31188BFF36F8F10BD6FF0220032
:1000A000F7E770B5134604460846EFF311861022B1
:1000B00082F31288BFF36F8F626A9A4211D9E268A5
:1000C000D4E9065153436D1A9D429CBF5B1B616985
:1000D000194400F0D3FE002086F31188BFF36F8F20
:1000E00070BD6FF02200F7E7F8B50446EFF3118614
:1000F000102383F31288BFF36F8F0568A84231D0B5
:100100002DB328466FF02207FFF76EFF05F11800A8
:1001100000F0C3FC2846C5F8B07000F087FA2568E7
:10012000AC420AD100236362236AE361314604F1E1
:100130000800BDE8F840F7F74DBA3DB12846FFF793
:1001400053FF05F1180000F0A8FCE3E701250023A8
:100150006362236AE361002DE8D186F31188BFF35F
:100160006F8FF8BD00234362036AC361F5E790F91E
:100170000E308B4201D0F7F7DDB9002070470346FF
:100180000020C3E90033C3E902007047D0E9003220
:1001900013605A600023427B836022F00202C0E9B0
:1001A0000033427370472DE9F041904604460D46F6
:1001B0009DF81820EFF31186102181F31288BFF308
:1001C0006F8F02B14568224652F80C7F974217D0D4
:1001D000B7B13846FFF7DAFF07F1180000F05DFC11
:1001E00000233846C7F81080C7F8B03000F01EFA78
:1001F00004F108003146F7F7EDF90020BDE8F08181
:10020000ABB108210020F8F773F8002838D001229C
:10021000C0F804800260016801F003015DB9226842
:100220000A430260626820606AB960600BE0404681
:10023000C8F80030EFE72A68032A16D80160616821
:1002400069B9C4E90000042104F1140000F0C7FDFD
:100250000028CDD186F31188BFF36F8FCEE70A68EF
:1002600002F0030202430A60DFE722F003020A43BE
:1002700002602A6802F0030240EA02032B60E2E710
:100280006FF00B00E6E710B5044630B10268930743
:1002900003D0446809B100F0E1FD204610BD002301
:1002A000C0E90033037200F10C03C0E9033300F12D
:1002B0001403C0E905337047F8B50546EFF311861E
:1002C000102383F31288BFF36F8FC46800F10C030F
:1002D00000F114079C4219D0C4B12046FFF756FF25
:1002E00004F1180000F0D9FB00232046C4F8B03018
:1002F000236100F09BF90821384600F070FD31467B
:1003000005F10800BDE8F840F7F764B90821384660
:1003100000F065FD0028F2D186F31188BFF36F8FDE
:10032000F8BD012307B5009300230A461946FFF7DD
:100330003AFF03B05DF804FB012307B50A4600212C
:100340000093FFF730FF03B05DF804FB07B50A46E2
:10035000002101230091FFF726FF03B05DF804FBA5
:1003600000210068FFF78FBF00214068FFF78BBFB7
:100370005AB18A4209D300F11003C0E90212C0E960
:100380000000C0E90433002070476FF0150070478B
:100390000023C0E9031101EB82010372C0E90000F0
:1003A0004161704738B505460C4600208900F7F7D3
:1003B0009FFF014638B128462246FFF7E9FF012397
:1003C00000202B7638BD6FF00B00FBE72DE9F041E4
:1003D00006460F46EFF31188102383F31288BFF30C
:1003E0006F8FD0E9043293422BD00468A0421ED014
:1003F000ECB1002504F11800D4E9003213605A6012
:10040000637BA56023F00203C4E90055637300F029
:1004100044FB2046C4F8B050276100F007F906F10C
:1004200008004146F7F7D6F82846BDE8F0811F607E
:10043000002033690433336188F31188BFF36F8F71
:10044000F3E76FF00B00F7E7012302688B4022EA25
:100450000303036022FA01F000F00100704710B5B9
:10046000032104460C30FFF7EFFF30B104F1100018
:1004700000F013FBB0FA80F0400910BD28B1002253
:1004800000F58070114600F07BB9704773B50446E3
:10049000EFF31185102383F31288BFF36F8F0023CE
:1004A000A0F11006032104380193FFF7CDFF28B116
:1004B000A36901A930460193F6F73EFC85F3118844
:1004C000BFF36F8F02B070BD38B504460D461022E1
:1004D000002100F0FBFC656038BD13B501900846B3
:1004E000EFF31184102383F31288BFF36F8F01A9F8
:1004F000F6F722FC84F31188BFF36F8F02B010BDB2
:1005000010B5FFF7EAFF041E08DDEFF3118010239A
:1005100083F31288BFF36F8FF7F78CF8204610BD76
:1005200038B530220D460021044600F0CFFC4FF4D0
:1005300080736560E36038BDD0E9003213605A60B3
:100540000023427B836022F00202C0E90033427341
:100550007047C0E9000000207047EFF305800038C5
:1005600018BF0120704790F90E007047783070472F
:1005700008B50B4600F17801184600F074FD002024
:1005800008BD10B500240373427384608173C47383
:10059000C0E9064410BD002310B58B4202D10020F3
:1005A000136010BDC45CAA2CF9D10133F5E70A46EB
:1005B000D0E92601FFF7EFBFD0E9003213605A609F
:1005C0000023C0E90033704708B5FFF7F5FF437B10
:1005D00023F0020343730023836008BD38B504464B
:1005E0000D46F6F791FE637B43F002036373E5B1BA
:1005F000A5602B689D4209D16B68C4E900531C605B
:100600006C6012E06A689A42F6D01B68002BF3D047
:1006100094F90E2093F90E108A42F3D09142F1DD45
:100620005A68C4E9003214605C6038BD10B5EFF35D
:100630001184102383F31288BFF36F8FF6F722FE25
:1006400084F31188BFF36F8F10BD08B5EFF31181EC
:10065000102282F31288BFF36F8F83680BB1FFF70C
:10066000B3FF81F31188BFF36F8F08BD014610B54A
:10067000EFF31184102383F31288BFF36F8F437B52
:1006800013F0280F0AD183680BB1FFF79DFF4B7B56
:10069000084623F004034B73F6F7F4FD84F3118846
:1006A000BFF36F8F10BD01211838FFF7DFBF08B50A
:1006B0000346EFF31181102282F31288BFF36F8F8C
:1006C0000068834207D008B1FFF77EFF81F31188ED
:1006D000BFF36F8F08BD0020F8E710B5FFF7B5FF37
:1006E0001830BDE8104000F0D8B938B505460468A8
:1006F0000020AC4200D138BD002CFCD02046FFF7D2
:10070000ECFF2046FFF792FF2C680120A542F1E79D
:1007100038B504460D46F7F775F80346B5F1FF3FC7
:1007200008BFB4F1FF3F204614D013F109004FEA8F
:10073000E37141F100010A2871F100030BD36FF05E
:100740000A0383424FF004038B4106D30A2200239D
:10075000E0F7DAFC38BD0020FCE76FF00040F9E775
:10076000C11763304FF0640241F1000108B5002366
:10077000E0F7CAFCC117F7F745F86423584308BDF2
:1007800038B5EFF31185102383F31288BFF36F8F11
:100790000468A04213D0A4B1C4F8B010204622616E
:1007A000FFF712FF04F1180000F077F92046F6F782
:1007B00069FD012085F31188BFF36F8F38BD0020DC
:1007C000F8E72046F6E7F0B585B0064615460C4634
:1007D00002A8DDE90A2300F0ABF9DDE9021251EAD3
:1007E000020326D0236820460027013340F8183B37
:1007F0000C9B1F70CDE9001232462968F6F76EFE99
:10080000EFF31183102282F31288BFF36F8F2B60F6
:10081000226894F82C30013A9907226002D51AB167
:100820006FF08B0005B0F0BD23F0020384F82C308C
:10083000F6E76FF00A00F5E738B50446002000221D
:10084000054620461146FFF79BFF0028F7D12846B2
:1008500038BD0023426101224160036103600376D9
:1008600080F82C20C0E9023300F11C03C0E90733F3
:1008700000F12403C0E9093300F13003C0E90C336F
:1008800070472DE9F04F2DED028B8DB00546904657
:1008900008A80491DDE9182300F026F99DED088BE6
:1008A000EFF31183102282F31288BFF36F8F95F854
:1008B0002C400B93002314F002048DF82B3040F0F1
:1008C000908095F82C60F64316F0010640F08C807D
:1008D000EA896B899A4262D12B68002B5AD005F1C4
:1008E0001C03A8EB040BB2460593EF69059B9F42DE
:1008F0003ED0002F3CD0D7F81090ABEB0601049807
:10090000D9E90123D21A8A4228BF0A46D9F8001031
:100910000691A119079201440698184400F0AEFA16
:10092000D9F80810079A16440A44D9F80410C9F8EF
:1009300008208A421CD307F11800D7E900210A6079
:1009400051607A7BC7F808A022F00202C7E900AA2A
:100950007A7300F0A2F83846C7F8B0A0C7F810A024
:10096000FFF764FE4FF00103B3458DF82B30BCD880
:100970003444A0450ED826469DF82B30BBB30B99C6
:1009800005F11800F6F726FE30460DB0BDEC028BDF
:10099000BDE8F08F202105F1300000F020FA049B23
:1009A000A8EB0402281D1919F9F774FC0444A045AA
:1009B00001D14646E0E70DF12B030BAA294605F1CC
:1009C000240002938DED008BFFF7FDFE0646002804
:1009D0003FF477AF10F10B0FCED1002C18BF264695
:1009E000CAE76FF08B06C7E76FF01F06C4E70B9BE3
:1009F00083F31188BFF36F8FC6E738B50446EFF372
:100A00001185102383F31288BFF36F8F0023C0E991
:100A10000233036103685BB190F82C301C3043F063
:100A200002030374FFF708FF04F12400FFF704FF3B
:100A300085F31188BFF36F8F38BD38B50446EFF3E7
:100A40001185102383F31288BFF36F8F00231C30AE
:100A50000374FFF7F1FE04F12400FFF7EDFE85F3C8
:100A60001188BFF36F8F38BD10B5F7F79BF90446B7
:100A7000F7F7A0F974B1D4E904321B1A62EBE07203
:100A8000B3F1004F72F1000104DA002AACBF18463E
:100A9000002010BD6FF00040FBE7024638B5EFF3D1
:100AA0001185102383F31288BFF36F8F036893B10E
:100AB000F7F778F904461046F7F786F9844204D12F
:100AC000FFF7D2FF0021F1F737F8002085F31188F6
:100AD000BFF36F8F38BD6FF01500F7E708B5F7F774
:100AE0005DFA08BDF7F75ABAB3F1FF3F08BFB2F19C
:100AF000FF3F70B504461D46164613D01A4315D065
:100B00006FF001024FF0FF33921B63EB05010029E8
:100B100004DAF7F743FA821941EB05012046C4E9EC
:100B2000002170BD4FF0FF321146F7E70022FBE7CE
:100B3000B3F1FF3F08BFB2F1FF3FF8B507461646D5
:100B40001C4610D054EA020311D0F7F727FAB0423E
:100B50000A460346A1410AD2F31A64EB020438465E
:100B6000C7E90034F8BD4FF0FF331C46F7E7002318
:100B7000FBE70023C0E9081200F118020363436396
:100B8000C0E90622C0E90033704710B50446FFF7FC
:100B900084FFA8B9636A0BB12046984704F1180096
:100BA000FFF785FD60B1FFF741FDEFF311801023E2
:100BB00083F31288BFF36F8FBDE81040F6F73ABD9C
:100BC00010BD0346EFF31182102181F31288BFF3A9
:100BD0006F8F0021006B196382F31188BFF36F8F51
:100BE000704770B5D0E90034984209D044B1A56887
:100BF000EDB115F9526C12F9525CB54208D007DD1F
:100C0000C1E900042160416010E0A342F8D01B68F4
:100C1000002BF5D09A6862B112F9522CAA42F4D096
:100C2000F3DD5A68C1E900321160596070BDAB7BD9
:100C3000FFDE937BFCE72DE9F84F00250F461446B5
:100C4000984601462E464FF0100AA946BD4202DBE7
:100C50003046BDE8F88FEFF3118B8AF31288BFF3AB
:100C60006F8F4B7B03F03F03082B09D853B1013B37
:100C7000072B07D8DFE803F0281C06220606062EFD
:100C8000102B3ED0B8F1000F34D12378002B31D097
:100C90004B7B03F03F03082B35D8002B35D0013BAD
:100CA000072B32D8DFE803F03E34313A313131419D
:100CB0000B699B68002BE5D0022310E00B691B68D1
:100CC000002BDFD004230AE00B699B68002BD9D0EE
:100CD000012304E00B695B6A002BD3D01023CA68A0
:100CE000C1F80890C2F38630034363F39432CA60BC
:100CF00084F800908BF31188BFF36F8F01351431A6
:100D0000A4E72023EBE7102B13D001368C60F1E72A
:100D1000086922461030FFF764FFF6E708692246AB
:100D20001430F8E722460869F5E7086922462830BA
:100D3000F1E7086922463030EDE72DE9F04184689B
:100D400005460E46D4B16378012B22D114F8533CEA
:100D50009A0711D5A4F160073846FFF7BEFC082EAC
:100D60000CBF6FF003030023236514F8533CDB062C
:100D700002D13846FFF75AFC00232370EB680020AD
:100D8000C3F38632A860164366F39433EB60BDE884
:100D9000F081022BF0D12378002BEDD054F8048C95
:100DA000B8F1000FE8D004F11400A4F11407FFF724
:100DB00074FE002339464046E362FFF78EFBDBE713
:100DC0005205090202F4001201F47C510A43017B2E
:100DD00010B50A430024C0E90323846010BD38B570
:100DE000EFF31185102383F31288BFF36F8F04682C
:100DF000A04211D02046D4E9003213605A6000238B
:100E0000C4E90033FFF799FF85F31188BFF36F8FB3
:100E1000201E18BF012038BD0024F5E70023C0E9DB
:100E200000008360704700238360704783680B6015
:100E3000C368136070470432D3B5044608D2002655
:100E4000002741F00401CDE90067FFF73BF810B936
:100E5000002002B0D0BD40F8044BFAE720B1011FDA
:100E600050F8040CFFF779B8704701460420F7F7F3
:100E700031BA002070476FF0570070470A44914222
:100E800000F1FF3300D1704710B511F8014B03F8A2
:100E9000014F9142F9D110BD884210B501EB020417
:100EA00002D98442234607D8431EA14208D011F834
:100EB000012B03F8012FF8E7024401468A4200D1D2
:100EC00010BD13F8014D02F8014DF7E70244034647
:100ED000934200D1704703F8011BF9E720F020038B
:100EE000413B192B05D9303809288CBF002001203F
:100EF00070470120704720F02000413819288CBF2E
:100F00000020012070471F2804D9A0F17F03584218
:100F10005841704701207047303809288CBF0020A5
:100F20000120704721385D288CBF002001207047C8
:100F3000613819288CBF00200120704720385E28B6
:100F40008CBF002001207047202805D009380428D4
:100F50008CBF0020012070470120704741381928BC
:100F60008CBF002001207047A0F13003092B07D966
:100F700020F02000413805288CBF00200120704758
:100F800001207047A0F14103192B98BF2030704712
:100F9000A0F16103192B98BF203870470021E0F7BA
:100FA0003BBC0A220021F7F771BA0A220021F7F7A9
:100FB0006DBAF7F7B5B9F7F7CFB910B501390244F3
:100FC000904201D1002005E0037811F8014FA342BF
:100FD00001D0181B10BD0130F2E710B5044614F81B
:100FE000013BA3F14102192A11F8012BA2F14100A2
:100FF00098BF2033192803D82032981AEFD010BD9B
:10100000981AFCD1002AEAD1F9E710B50246147803
:1010100013460132002CFAD1013B11F8012B03F8E1
:10102000012F002AF9D110BDC9B20346184613F8A2
:10103000012B12B18A42F9D17047002918BF002054
:10104000704710B56AB10139841810F8012B11F8F6
:10105000013F9A4203D1A04201D0002AF5D1D01A13
:1010600010BD1046FCE710B50139044632B111F845
:10107000013F00F8013B013A002BF7D10021FFF7B7
:1010800025FF204610BD10B5024601448A42134692
:1010900003D01C780132002CF8D1181A10BD38B5D5
:1010A00011F0FF0403460ED12146BDE83840FFF79A
:1010B000BBBF431C054621461846FFF7B5FF002875
:1010C000F7D1284638BD0025F5E70A7870B56AB92A
:1010D00070BD9A4209D10C46054614F8013F002B19
:1010E000F6D015F8016F9E42F7D001300378002B3F
:1010F000EFD11846ECE72DE9F047C3F13709074671
:1011000088465FFA89F903F01F0516464FF0000A7A
:10111000384641462A465346DFF7F6FFD4B2092C3B
:1011200088BF4C443A46434688BFE4B2AA4204F121
:10113000300473EB0A0306F8014B07468846E7D2F2
:101140003046BDE8F0872DE9F04387B01C4602AB7E
:1011500000931746D2E902238146884600F0E1F861
:1011600004AB0093D7E9002306460D4648464146A6
:1011700000F0D7F8DDE90423901953EB05014FF097
:10118000000728BF012737B1029B039A013342F1C0
:101190000002CDE90232403CDDE90223009400F078
:1011A000DBF807B0BDE8F0832DE9F04F89B00618F1
:1011B000994604AB41EB0104009315463046D2E951
:1011C00000232146DDF84CB000F0ABF806AB0093ED
:1011D000D5E90223074688463046214600F0A1F8AB
:1011E000DDE90463841951EB0306069BD5E9000190
:1011F0004FF0000228BF0122D218079B43F10003E1
:10120000381848EB0101B84271EB0801E968039115
:10121000A96834BF0120002014EB010C039946EBB0
:10122000010110EB0C0041F10001A04271EB060C32
:1012300034BF4FF0010C4FF0000CCDE90623A9F1AB
:10124000410A1CEB020243F10003CDF800A000F0BC
:1012500083F8129BC3E90001149B012BDDE90623EF
:1012600029D1D5E90201D5E900C5201A66EB0101B3
:10127000674578EB050534BF01250025401B61F16A
:101280000001844276EB010534BF01250025521B85
:10129000CDF800A063F1000300F05EF8DDE906235D
:1012A000CBE90001CDF800A02046314600F054F80B
:1012B00009B0BDE8F08F17EB070E48EB080C2019BA
:1012C00046EB0601BE457CEB080834BF012700272A
:1012D000C71941F10008D5E9000186457CEB010CF6
:1012E000D5E9021534BF01200020381A68F1000C3E
:1012F000401A6CEB050192185B41A74278EB06059A
:1013000034BF01250025521943F10003874278EBD1
:10131000010834BF01250025521BA9F140050095A5
:10132000B8E7F0B50F460446A0FB0201A7FB025246
:101330004919A3FB044542F10002A7FB037361189E
:1013400045F10004D219059E43F10003121943F13F
:101350000003C6E90023F0BDF0B5059CC4F14007C9
:10136000C4F1200602FA06F6A4F12005BB4022FAD9
:1013700005F53343C4F120062B4301FA06F6A4F128
:101380002005E04021FA05F53043BA402843E1400A
:1013900010431943F0BD2DE9F04357EC106B3B4669
:1013A0003446C3F30A55C3F31303FE0F54EA030C88
:1013B000067140F2FF7707D0BD420CD146F0080617
:1013C00006710020BDE8F083002D63D0BD425ED1E0
:1013D00046F00406F4E7002D59D10125A5F2FF35AA
:1013E0000029056059DB0C2959DCC1F10D05AD0060
:1013F000012605F1FF3EA5F1210CC5F1210726FAD2
:1014000007F706FA0CFC06FA0EF64CEA070CB719B9
:101410004CEB0C09D7F1000869EB490E013F49F18B
:10142000FF39274009EA0309BE427CEB09090FDBBB
:10143000C5F12009B5F1200703FA09F924FA05F5E9
:1014400045EA09055CBF43FA07F73D43ED0703D5BD
:10145000A619344643EB0C0304EA080403EA0E031E
:1014600000F112050D260846C2F127024FF0300E9A
:1014700004F00F01240944EA037406F1FF3C1B1138
:101480006F1EB1B9B0420CDA66463D46F0E743F450
:101490008013A3E72C462B46A2E70021E0E70D21AD
:1014A000DEE785F800E01CF1010166463D46DFD12C
:1014B00088E70929C8BF89183031B0422970B8BF00
:1014C0003046F0E7D1E9043293421EBF5A1C0A614C
:1014D0001870704738B58B789B070D4609D5C4B294
:1014E0004B6820469847002806DAAB7843F004039F
:1014F000AB704FF0FF3038BD2046FCE70148006874
:0815000070470000644A00245A
:0815080030FCFD7F0100000032
:1015100000000000081706088D3A040800000000CB
:1015200019660508000000003D660508000000007F
:10153000616605080000000000000000741706083E
:1015400000000000281806080000000048190608DE
:101550000000000024190608000000000019060819
:1015600000000000DC18060800000000B81806089B
:10157000000000009418060800000000701806081B
:10158000000000004C1806080000000004180608BF
:1015900000000000E0170608000000009817060889
:1015A00000000000BC170608000000006C190608C7
:1015B00000000000441A060800000000201A060877
:1015C00000000000681A060800000000FC19060868
:1015D000000000009019060800000000B419060879
:1015E00000000000D819060819CC0408000000000B
:1015F000A11A050800000000000000002C170608D2
:101600000000000050170608B1A305080000000004
:101610002197040800000000000000008C1A060852
:10162000A15C040800000000B96B05080000000080
:1016300000000000B01A060800000000641B060845
:1016400000000000AC1B060800000000881B060814
:1016500000000000D41A060800000000F81A06086E
:1016600000000000A81C060800000000841C0608FA
:10167000000000003C1C060800000000181C0608C2
:1016800000000000F41B060800000000601C0608B3
:1016900000000000D01B060800000000401B0608E8
:1016A000000000001C1B060800000000CC1C0608FF
:1016B000A92F040800000000D12F0408000000003A
:1016C00000000000F01C060800000000141D0608C1
:1016D000000000005C1D060800000000381D060820
:1016E00000000000801D060800000000C81D06085C
:1016F00000000000A41D0608A93A0408000000002C
:081700004D6604080000000022
:10170800C29B0608000000000C2406088A08002472
:1017180000000000F5C804080000000000000000F8
:10172800C43F0608A5AE06081C47060800000000CE
:10173800BE0800240000000075070508000000002E
:101748000000000010470608EFAE060888480608A3
:1017580000000000C008002400000000ADD7050804
:1017680000000000000000007C480608C8B0060819
:10177800C44A0608D4230608CC0800240000000048
:10178800000000000000000000000000B84A060841
:101798004F950608000000000000000082080024A1
:1017A8008C4A002485B104080000000000000000F5
:1017B800843D0608C5A1060838410608E422060843
:1017C80092080024545500245DD704080000000046
:1017D800000000002C41060830A8060858440608F6
:1017E8006C2306089C0800248056002495FB0408F6
:1017F80000000000000000004C44060858A8060835
:10180800784406086C2306089E0800249456002491
:1018180095FB040800000000000000006C44060866
:1018280080A80608984406086C230608A008002427
:10183800A856002495FB04080000000000000000E2
:101848008C440608A8A80608B84406086C230608AD
:10185800A2080024BC56002495FB040800000000E0
:1018680000000000AC440608D0A80608D8440608C2
:101878006C230608A4080024D056002495FB04080D
:101888000000000000000000CC440608F8A8060884
:10189800F84406086C230608A6080024E456002429
:1018A80095FB04080000000000000000EC44060856
:1018B80020A90608184506086C230608A80800246D
:1018C800F856002495FB0408000000000000000002
:1018D8000C45060848A90608384506086C2306087A
:1018E800AA0800240C57002495FB040800000000F7
:1018F800000000002C45060870A90608584506088F
:101908006C230608AC0800242057002495FB040823
:1019180000000000000000004C45060898A90608D1
:10192800784506086C230608AE08002434570024BE
:1019380095FB040800000000000000006C45060844
:10194800C0A90608984506086C230608B0080024B4
:101958004857002495FB0408000000000000000020
:101968008C450608CFA30608DC4206080C230608A7
:10197800940800246056002485E404080000000050
:1019880000000000D0420608DD5C0608DC0A0024DE
:10199800F42406087E08002400000024E158040806
:1019A80000000000000000005438060809A40608DA
:1019B8000005002434230608960800249404002413
:1019C800F1E6040800000000000000008443060857
:1019D80050B10608D44A060848250608CE0800244F
:1019E8002C060024B50F05080000000000000000C8
:1019F800C84A06087AB10608404B06084825060872
:101A0800D008002444060024B50F05080000000093
:101A180000000000344B0608A5B106089C4B0608D8
:101A280048250608D20800245C060024B50F0508DE
:101A38000000000000000000904B0608CFB1060827
:101A4800F84B060848250608D40800247406002424
:101A5800B50F05080000000000000000EC4B060868
:101A6800FAB10608584C060848250608D608002486
:101A78008C060024B50F05080000000000000000D7
:101A8800484C0608E8A90608B84506089023060841
:101A9800B20800245C570024000000000000000089
:101AA80000000000AC450608FF9A0608CC3D060871
:101AB800D022060884080024B800002445C0040881
:101AC8000000000000000000C03D0608259B060835
:101AD800403E0608D022060886080024700100242B
:101AE80045C004080000000000000000343E06085D
:101AF8004F9C0608DC3F0608DC2206088C080024F8
:101B08007C080024E1CD040800000000000000006B
:101B1800D03F060840A606089C4306083C23060852
:101B2800980800240C050024B1EA0408000000000D
:101B38000000000090430608F4A706080000000013
:101B4800542306089A080024CC050024EDF2040862
:101B58000000000000000000384406088DAB0608AD
:101B6800CC450608B4230608B408002460570024AE
:101B7800B10005080000000000000000BC45060890
:101B8800BFAB060820460608B4230608B60800249A
:101B9800C0570024B1000508000000000000000044
:101BA80014460608E5AB060874460608B42306087A
:101BB800B808002420580024B100050800000000DF
:101BC8000000000068460608AB9B06083449060872
:101BD800CC230608C2080024F0050024B10B050830
:101BE800000000000000000028490608AB9B06081A
:101BF80070490608CC230608C4080024FC05002404
:101C0800B10B050800000000000000006449060848
:101C1800AB9B0608BC490608CC230608C608002466
:101C280008060024B10B05080000000000000000B1
:101C3800B0490608AB9B0608004A0608CC230608EC
:101C4800C808002414060024B10B05080000000091
:101C580000000000F4490608AB9B0608444A060841
:101C6800CC230608CA08002420060024B10B050866
:101C78000000000000000000384A06086AB30608A1
:101C8800C04C0608E4230608D8080024A40600244B
:101C9800751305080000000000000000A84C0608A5
:101CA8009CB30608244D0608E4230608DA08002435
:101CB8001807002475130508000000000000000044
:101CC800104D0608949B0608B03F0608F023060846
:101CD800880800244C55002419C605080000000097
:101CE80000000000A43F060816B50608884D06083F
:101CF8008C240608DC08002400590024012105086A
:101D080000000000000000007C4D0608D0BB06085B
:101D1800544E0608C0240608DE0800248C07002458
:101D2800A52305080000000000000000484E060832
:101D380067710608BC3C0608802406088008002451
:101D4800A80200241D830408000000000000000011
:101D5800AC3C0608A79D060824400608542406083B
:101D68008E080024C0030024F5CE040800000000FB
:101D78000000000014400608BA9F060864400608E0
:101D88002824060890080024740800240DD20408AA
:101D98000000000000000000584006089BAC060840
:101DA800C446060800000000BA080024005A0024AF
:101DB800C10205080000000000000000BC4606083B
:101DC8003FAE0608F446060800000000BC080024E0
:101DD800805800247104050800000000000000007D
:041DE800E8460608BB
:101DEC000000000003BF05080000000003BF050849
:101DFC000000000003BF05080000000003BF050839
:101E0C000000000003BF05080000000003BF050828
:101E1C0038950608E9B0040836950608E9B00408B8
:101E2C0034950608E9B0040832950608E9B00408B0
:101E3C0030950608E9B00408BC17060889CA0508DD
:101E4C00BC1706088FCA0508BC17060895CA0508F2
:101E5C00BC1706089BCA0508BC170608A1CA0508CA
:101E6C00BC170608A7CA0508BC170608ADCA0508A2
:101E7C000000000035BF04080000000003BF050887
:101E8C000000000003BF05080000000003BF0508A8
:101E9C000000000003BF05082E950608E9B00408F1
:101EAC000000000003BF05080000000003BF050888
:101EBC000000000003BF05080000000003BF050878
:101ECC000000000003BF05080000000003BF050868
:101EDC000000000003BF0508AC1B060803D305086F
:101EEC00AC1B06088FD30508881B060803D305080E
:101EFC00881B06088FD30508A81C0608CDE005082A
:101F0C000000000003BF0508681A060859DA050826
:101F1C00441A060859DA05080000000003BF05083A
:101F2C002C950608E9B004080000000003BF050862
:101F3C000000000003BF05080000000003BF0508F7
:101F4C000000000003BF05080000000003BF0508E7
:101F5C000000000003BF0508BC170608B3CA05083B
:101F6C000000000003BF05080000000003BF0508C7
:101F7C000000000003BF05080000000003BF0508B7
:101F8C00201A060859DA05080000000003BF0508EE
:101F9C000000000003BF05080000000003BF050897
:101FAC000000000003BF05080000000003BF050887
:101FBC000000000003BF05080000000003BF050877
:101FCC000000000003BF05080000000003BF050867
:101FDC000000000003BF05080000000003BF050857
:101FEC000000000003BF05080000000003BF050847
:101FFC000000000003BF05080000000003BF050837
:10200C000000000003BF05080000000003BF050826
:10201C000000000003BF0508FC19060859DA050882
:10202C000000000003BF05080000000003BF050806
:10203C000000000003BF05080000000003BF0508F6
:10204C000000000003BF05080000000003BF0508E6
:10205C00141D060843E505080000000003BF050831
:10206C0094040024C5E804080000000003BF050820
:10207C00D819060859DA05080000000003BF050846
:10208C000000000003BF0508841C0608CDE005080D
:10209C000000000003BF05080000000003BF050896
:1020AC005C1D060889C705080000000003BF050871
:1020BC000000000003BF05080000000003BF050876
:1020CC001C1B0608DDCE05080000000003BF050838
:1020DC000000000003BF0508641B060803D30508B5
:1020EC00641B06088FD305080000000003BF050819
:1020FC000000000003BF05080000000003BF050836
:10210C000000000003BF050800000000E9B304084C
:10211C000000000003BF05080000000003BF050815
:10212C000000000003BF05080000000003BF050805
:10213C000000000003BF05080000000003BF0508F5
:10214C000000000003BF05080000000003BF0508E5
:10215C000000000003BF05080000000003BF0508D5
:10216C000000000003BF05080000000003BF0508C5
:10217C000000000003BF05080000000003BF0508B5
:10218C000000000003BF05080000000003BF0508A5
:10219C000000000003BF05080000000003BF050895
:1021AC000000000003BF05080000000003BF050885
:1021BC000000000003BF05080000000003BF050875
:1021CC000000000003BF05080000000003BF050865
:1021DC000000000003BF05080000000041BF040818
:1021EC000000000003BF05080000000003BF050845
:1021FC000000000003BF05080000000003BF050835
:10220C000000000003BF05080000000003BF050824
:10221C000000000003BF05080000000003BF050814
:10222C000000000003BF05080000000003BF050804
:10223C000000000003BF05080000000003BF0508F4
:10224C000000000003BF05080000000003BF0508E4
:10225C000000000003BF05080000000003BF0508D4
:10226C000000000003BF05080000000003BF0508C4
:10227C000000000003BF05080000000003BF0508B4
:10228C000000000003BF05080000000003BF0508A4
:1022A000D00F002418DE002400040000FD9904086B
:1022B0000000000000000000000000000E00000010
:1022C00000000000B07606080000000000000000DA
:0C22D00005BD040829C30408E40C00004C
:0822DC0069CC040829CD0408B7
:1022E40081D8040895DD04084BCA050809D80408F8
:1022F400000000000000000019D7040800000000DE
:102304000000000000000000D5E3040875E20408A2
:1023140061E30408EDE2040800000000000000008E
:1023240001E20408000000000000000000000000BA
:0823340099E60408E1E7040842
:10233C000FCF05082DF10408FDEF040889E9040806
:10234C00ABCE0508B7CE0508B5F50408C9F90408E5
:10235C00F1F8040889F204080000000091F2040866
:10236C00E9D0050875D005086DFB040881D0050877
:10237C008BD0050849FB040865FA040897D00508BA
:10238C00000000001DD2050823D2050829D205083B
:10239C002FD2050835D205083BD2050800000000F5
:0823AC00000000000000000029
:1023B4001500050891FF0408A3D5050800000000D6
:0823C400000000000000000011
:0823CC0009090508BDD8050848
:1023D400F3D8050815D9050831D905084FD90508DA
:0C23E40005E30508EFE2050881DF0508AD
:1023F00049150408000000000000000091C6040810
:10240000000000002FC60508000000009DC8040859
:1024100059C80408000000002DC70408000000008F
:0824200000000000B9CB040824
:1024280065D10408B9D104080000000000000000CC
:1024380000000000000000003BC905080000000083
:10244800F1C80508000000000000000029D00408B9
:1024580081CE04081BC8050807C70508000000004E
:1024680087C605080000000000000000DBC605085C
:082478008FC605087BC60508AC
:0C248000C5800408398204080000000038
:10248C00611E050861E305089DE30508491D050863
:10249C000000000000000000000000009120050872
:1024AC000000000000000000000000000000000020
:1024BC0000000000C122050855E405081527050891
:1024CC004BE50508CBE4050801E505080000000014
:1024DC00A7E40508B9E405080000000000000000AE
:0824EC000000000000000000E8
:1024F4006FA905086D59040800000000D7A7050856
:10250400EFA705083157040827A90508115704083F
:102514003FA7050849A70508F156040869A7050857
:102524000000000073A70508000000000000000080
:1025340081A7050881A905089DA7050869A80508BC
:10254400A5A7050899DC0508FDDB05088FD9050852
:10255400B911050813DB0508A5DB050857DC0508D8
:10256400E9D90508FFD90508FFDA050815DA0508D1
:102574002BDA0508F3DA050841DA0508310D0508F8
:10258400A90D050833DC05084DDA050851DA0508FC
:0825940000000000000000003F
:0C259C0000000000000000000000000033
:1025A800379B060803000000515606080300000088
:1025B800F8560608030000009D9B0608030000006B
:1025C800619C060803000000D99D0608030000006E
:1025D800D7A1060803000000BAA2060803000000FD
:1025E800E7A306080300000088710608030000003E
:1025F80017730608010000003CA506080300000048
:1026080062A60608030000000EA8060803000000E2
:1026180062760608030000009BAC06080300000071
:1026280048AE060803000000A7AB06080300000038
:10263800F7AB060803000000B5AA0608030000006F
:10264800B076060803000000647706080100000061
:1026580012920608010000002095060801000000FB
:102668005A570608030000005E57060803000000DA
:10267800C4AE060803000000E4AE0608030000002C
:1026880096530608030000008FB0060803000000F8
:1026980084650608030000008A6506080300000038
:1026A800AEB3060803000000C39F0608030000003D
:1026B800DBA106080300000020B2060803000000A2
:1026C800F05C060803000000689806080300000094
:1026D800305B0608030000000F5A060803000000DC
:1026E800BA5B06080300000020B5060804000000D5
:0826F800DEBB0608040000002F
:10270000C83906085C4A00249E65060800000000DF
:10271000AB520608950C0408F6510608050C04088F
:10272000FE5206089311040823520608550C0408AB
:102730008F5206083903040803520608750B040873
:1027400064520608C50B04080B5306089D0B0408C9
:10275000D1520608890B04081A530608D90B04083D
:10276000C4520608F9080408B7520608A50604086A
:102770005752060835030408EA510608F50504080F
:1027800080520608011004089C5206083D100408F7
:102790004B520608D105040873520608FD020408CE
:1027A000DA510608190304083152060849060408DC
:1027B000CA51060869100408E0520608B105040869
:1027C0003D520608D902040812520608ED02040818
:1027D000BD510608C50E0408ED520608091104088B
:1027E000AA510608BF98050829B00608F41B060878
:1027F00075B00608601C06080FB00608D01B060856
:10280000C85C06089019060886AC0608A41D0608D0
:10281000EB9A0608B01A0608BAA306086C1906084F
:102820003A95060898170608F4A30608B41906088E
:1028300079AB0608641B0608B0A10608BC17060899
:1028400001B50608F01C06086CA80608281806083A
:10285000BBBB0608141D0608929D06085C1D0608F1
:1028600052710608381D06082BAE0608C81D06085A
:10287000A59F0608801D0608DFA70608401B06085E
:1028800090AE06082C170608CFAE060850170608AB
:102890003BB10608D81906082BA606081C1B06081B
:1028A0007F9B0608CC1C0608D1AB0608AC1B0608AB
:1028B000ABAB0608881B0608D4A906088C1A0608C4
:1028C000119B0608D41A06083B9C0608F81A06084D
:1028D000B4B0060874170608BBB10608441A060807
:1028E00091B10608201A0608E6B10608681A06081B
:1028F00066B10608FC19060888B30608A81C060875
:1029000056B30608841C0608ACA906084819060830
:1029100084A90608241906085CA9060800190608F7
:1029200034A90608DC1806080CA90608B818060819
:10293000E4A8060894180608BCA80608701806083B
:1029400094A806084C18060844A8060804180608A7
:102950001CA80608E01706085CB006083C1C060820
:1029600043B00608181C0608AF9B0608081706089F
:10297000338606080597040826BD0608CFFF05081C
:102980001E570608EBA0050811570608FDA005080C
:10299000C4540608791F040890530608791D0408DA
:1029A000305506089D0F060835550608A30F060882
:1029B0002B550608AB0F060840550608ED9704088E
:1029C00068530608A5960408DF530608895C0408C6
:1029D0009553060851210408F5840608D197040888
:1029E0001B550608DD0E060803550608F70E0608F7
:1029F000FB540608070F0608F3540608190F0608CB
:102A0000EB540608250F0608D3540608310F0608B4
:102A1000E35406083D0F060823550608490F06082B
:102A2000DB5406085D0F0608CA540608690F06083D
:102A3000AD53060853FE050870BD06085B05060881
:102A40004F5506086B0E0608B75406085D76050854
:102A5000A854060885760508BA530608730B0608BD
:102A60009D530608C56E050851550608659704086C
:102A7000CB910608BB0F0608C49106087D0E060818
:102A800058550608990E0608BD910608CD0E060891
:102A900074530608758305080A570608D1A005086F
:102AA00083530608998305088B530608A5830508F8
:102AB0003B550608B30F06084755060899970408C2
:102AC0005B530608D5A205084D53060819A305084F
:102AD0004053060895A205081454060865320408F8
:102AE000C75306084D320408FD5306084132040856
:102AF000995306086924040872530608E5830508FB
:102B00007B5306083D8405083A550608B70F0608AA
:102B100084550608DB0F0608605506080B100608EA
:102B20006755060829100608755506083911040866
:102B30007555060839110408D29106084D1104088C
:102B40006E5506085D1104086E5506085D110408EF
:102B500097550608431006089755060843100608BF
:102B60008F550608671006088F5506086710060877
:102B7000A65506089F1006089F550608CB100608A4
:102B80007C5506087985050829530608711C050837
:102B9000BBB30608991C05089153060809250408CB
:102BA00013550608850F06080B550608910F0608F1
:102BB00091540608114C04089D5406085D4E040803
:102BC0005C540608C91C05084954060825E3050895
:102BD00034540608111D050809570608CDA005083C
:102BE000A49106080000000094910608000000006F
:102BF0007E910608000000006591060800000000B4
:102C00004E9106080000000039910608F3FD050802
:102C10001F910608E5610508FD9006082D6205086C
:102C2000EA9006088FFE0508D3900608DDFD05082A
:102C3000BC90060800000000A190060800000000FB
:102C4000869006080000000074900608000000004E
:102C50006390060800000000539006080000000082
:102C600040900608000000002590060800000000C3
:102C700013900608C1BC050800900608000000007B
:102C8000ED8F060800000000DB8F060805800408B1
:102C9000C68F060899BC0508AA8F060883CE0508CA
:102CA000888F060879CE0508658F060871CE05085D
:102CB000498F060800000000338F0608000000005E
:102CC000118F060800000000FF8E060800000000BB
:102CD000E48E060800000000CD8E0608000000000B
:102CE000BA8E0608000000009E8E06080000000054
:102CF000848E060800000000698E060800000000AF
:102D0000458E060800000000258E06080000000021
:102D1000068E060800000000ED8D06080000000089
:102D2000CF8D060800000000AF8D060800000000EF
:102D3000928D060800000000728D060845FD04080B
:102D4000538D060841D20508378D06088DFC04080E
:102D5000198D0608C5FC0408F18C060847D2050841
:102D6000DC8C060800000000C68C0608000000008D
:102D7000AF8C0608000000008D8C060800000000E3
:102D8000698C060800000000558C06080000000051
:102D9000428C0608BDFD0508278C0608856F0508CE
:102DA000118C060853050608F98B0608396F0508CB
:102DB000E38B0608F56F0508CE8B060800000000BF
:102DC000BA8B060800000000A68B06080000000071
:102DD000938B060800000000798B060800000000B5
:102DE000658B0608000000004D8B060800000000FF
:102DF000368B0608C7FF0508208B0608CBFF0508A1
:102E00000C8B060800000000F88A0608000000008D
:102E1000DD8A060841700508C48A06082B000608EA
:102E2000B28A0608516705089A8A060863000608F0
:102E30007F8A060800000000648A0608000000007F
:102E4000518A0608710006083B8A0608A300060896
:102E5000278A0608E9000608158A0608916605080B
:102E6000018A06087F010608ED8906081968050829
:102E7000D789060809690508BA8906080000000014
:102E8000A4890608000000008989060800000000E7
:102E9000718906080000000058890608000000003B
:102EA0003D89060800000000298906083B0A06083B
:102EB00015890608000000000389060800000000CC
:102EC000F088060853080608DE880608000000009F
:102ED000CB880608C17A0508B28806080000000001
:102EE0009E880608FB0906088A88060883080608E3
:102EF000708806080000000062880608D581050871
:102F0000478806082D0E06082D8806081D0E06089F
:102F10001288060885820508F7870608270E060826
:102F2000DB87060839030608BE8706084D03060836
:102F3000A3870608B902060890870608A96905084C
:102F40007C8706089F0206086487060800000000C8
:102F50004B870608610306083287060869030608DE
:102F60001E87060829770508FA860608CD78050821
:102F7000E386060800000000D18606080D6A0508F1
:102F8000BF86060871030608AC860608D16A0508E4
:102F90009A860608856A05088B86060811070608C2
:102FA00071860608A50306085E860608516B0508AB
:102FB0004A860608CD03060839860608093A040839
:102FC000238606084D9204080C860608D971050868
:102FD000EC85060800000000CC8506080000000013
:102FE000AF850608000000009A8506081D7A0508CE
:102FF0008085060871050608678506086170050862
:103000004A850608670506082D850608FD76050829
:1030100016850608F9750508FA840608730E060871
:10302000DF840608770E0608BF840608AF05060889
:10303000A7840608ED7305088184060800000000D7
:1030400059840608000000003C84060800000000C7
:103050001D8406080000000008840608AD800508ED
:10306000EE830608C30B0608D383060821810508F2
:10307000BF8306088B0B0608A28306080000000029
:1030800085830608000000006F830608E50A06082D
:103090005F830608610706084F83060885780508E0
:1030A000408306087D7705082683060825AE0408B8
:1030B0000E830608ED3C0408F8820608E9A305081B
:1030C000D9820608F9A30508C8820608B13C04089D
:1030D000B5820608DDA305089B82060800000000F3
:1030E00080820608000000006682060800000000DA
:1030F0004882060800000000328206080000000036
:103100001982060800000000FE8106080000000089
:10311000E581060800000000D181060800000000DB
:10312000BE81060800000000A8810608000000001B
:103130007D810608000000005B8106080000000099
:103140003A810608000000000B810608000000001C
:10315000F5800608DD990408E18006089D990408B9
:10316000CA80060800000000B480060800000000C5
:10317000A0800608000000008A8006080000000009
:103180006E80060800000000538006080000000062
:1031900038800608000000001D80060800000000BE
:1031A0000380060800000000E87F06080000000019
:1031B000CE7F060800000000B77F06080000000070
:1031C0009D7F060800000000837F060800000000C5
:1031D0006F7F060800000000577F0608000000000F
:1031E000427F060800000000297F0608000000005A
:1031F000127F060800000000FC7E060800000000A8
:10320000E27E060800000000D37E060800000000F1
:10321000BE7E060800000000AB7E0608000000002D
:103220008A7E06082BA50508697E06083DA50508C7
:10323000487E060851A50508297E060811400408A5
:103240000A7E060800000000E97D06080000000074
:10325000D57D0608DD960408C07D06080000000044
:10326000A77D0608000000008C7D06080000000015
:10327000775406085D3F0408775406085D3F04084C
:1032800095650608A0020024DC3800247C02002496
:10329000020000004C390608D838002460390608BE
:1032A0005C0900248A650608180C0024185E0024B6
:1032B000343A0608B4380608F4380608B439060863
:1032C0000C3A060860380608F43C0608483A060836
:1032D000F8390608E4390608203A0608C437060813
:1032E00000000000000000000000000000000000DE
:1032F00000000000AE820608325D060800000000F3
:10330000D55C040800000000205F06082A5F06085C
:1033100000000000495D040803000000495F060842
:10332000505F060874380608B1A9050800000000BF
:1033300094860608615D060800000000F15C040840
:1033400002000000F18A06087C5F06088033060848
:103350000000000000000000E75D0608EE5D0608C2
:10336000000000006914040801010000455E060821
:103370004D5E060800000000315D040800000000FA
:10338000000000000000000000000000000000003D
:10339000000000003F6206084462060800000000CA
:1033A00079600408020000006B600608706006087F
:1033B00000000000ED5D0408000000007F9006089A
:1033C000E561060800000000156004080200000026
:1033D000116106081861060800000000E15E04089B
:1033E00000000000C05C06088A61060800000000BA
:1033F000B15F0408020000000000000000000000AF
:0C340000000000000000000000000000C0
:08340C00D5AE0408BBC305089E
:083418000100000000000000AB
:1034200002000000000000C000004000000000009A
:1034300000000010000000200000003000000040EC
:1034400000000050000000600000007036BD06085B
:103450000001000000C201000000081B5B4A0000E0
:103460001B5B4800001B5B324A00001B5B4A0000EC
:103470001B5B6D00001B3700001B3800001B5B3F0F
:10348000336C00001B5B4800001B5B324A00001BD2
:103490003700001B380000FF7701000010FF7701A4
:1034A000000011FF77010000000000000000000094
:1034B0000100000000000000050000000000000006
:1034C00019000000000000007D0000000000000066
:1034D0007102000000000000350C00000000000038
:1034E000093D0000000000002D3101000000000037
:1034F000E1F505000000000065CD1D0000000000A2
:10350000F902950000000000DD0EE9020000000055
:10351000514A8D0E000000009573C2480000000063
:10352000E941CC6B010000008D49FD1A0700000045
:10353000C16FF28623000000C52EBCA2B1000000BE
:10354000D9E9AC2D780300003D9160E458110000EA
:1035500031D6E275BC560000F52E6E4DAEB10100BD
:10356000C9EA268367780800ED95C28F055A2A00BC
:10357000A1EDCCCE1BC2D30025A4000A8BCA220425
:10358000000000000000000000000000000000102B
:103590000000000000000000B9340332B7F4AD149D
:1035A00010DB1AB30892540E0D307D951447BA1AE9
:1035B00066088F4D26ADC66DF598BF85E2B74511FB
:1035C000CA96853D92BD1DEBFCA11860DCEF52163A
:1035D0003C92AE220BB8C1B4839D2D5B0562DA1C10
:1035E000304C7E8F4E8BB25B16F4529F8B56A512D9
:1035F000FBD4827643ED8AF08FE7F931156519180F
:1036000050F19BD94A13EEB4284CF0A686C1251F71
:10361000035FC270CB9E4916E642889C44EB20149F
:10362000B0650836AD6EA58585F0CA14E2FD031AB3
:103630000B899979D5B13D09D8DA973A35EBCF1096
:10364000AC363F5E73BB38CF3E6752FA44AFBA1513
:103650000100000000000000000000000000002049
:10366000345065C05FC9A652BB13CBAEC440C2186C
:1036700006C8DF7100D5A87CF56F0FDA58FC271358
:103680006E4756357D24206502C7E768E48CA41D8B
:10369000E9E60268D7CD39617977FCC2405BEF1665
:1036A000798CDE43FFA751F991F3B278F5BDBE11D5
:1036B000E857E9D6E8BEE87BB054AC8F848D751B23
:1036C000EA23A499E9F9D38BB7A3714061DA3E15D7
:1036D000CEE33ECB73F948088C97B427D51B701006
:1036E000A2BFEFB9EB8532154DB44DB49BBB6F193A
:1036F00096B6076CF8E7EEAD36D9B4F59135AE1352
:10370000222218AF4E6A684D91DAAA3D4F40741ECE
:103710009FBD9EE006A1C09857C2A7FDA40E9017BA
:103720000E7D497173E3208FB220D87605143B12C9
:10373000853D7434811343B0AD297A5F27F4351C7D
:10374000E2652F227F2B7A3C075C143326A6813C4E
:10375000BDCBF07A8807703C075C143326A6913CF9
:103760004FBB610567ACDD3F182D4454FB21E93F99
:103770009BF681D20B73EF3F182D4454FB21F93F88
:1037800000000040FB21F93F000000002D44743E82
:10379000000000809846F83C0000006051CC783B67
:1037A00000000080831BF0390000004020257A389B
:1037B000000000802282E336000000001DF369351E
:1037C0003A0000004A560608465606080000000067
:1037D0001930040800000000000000002A58060804
:1037E0003258060800000000000000000000000041
:1037F0003A5806083E580608425806084658060831
:1038000005000000000000000000000000000400AF
:10381000401B0608010000000000040000000C002E
:10382000401B06080200000000000E00000002001D
:10383000401B06080300000000000000000010000C
:103840001C1B060804000000000010000000F0002F
:103850001C1B06085838060801000000DD5C06083D
:10386000055D06080C5D0608E03206080000000051
:103870000000000078380608585F06085D5F0608FB
:1038800000000000B1A90508000000006A5F0608FA
:103890006F5F060800000000B9A9050800000000DD
:1038A0000000000000000000000000000000000018
:1038B00000000000135A060898620608C838060877
:1038C0000000000000000000CC3806086B6006080D
:1038D000A862060800000000DD6004080000000087
:1038E00000000000000000000000000000000000D8
:1038F000000000002264060829640608083906084A
:10390000B5610408020200000C390608EB640608E1
:10391000F064060800000000796204080502000057
:103920005294060828650608000000005165040846
:103930000201000000000000000000000000000084
:1039400000000000000000003A000000E2590024DE
:103950001E00000013B5050880320608740200241A
:10396000002706088C390608484A00246400000035
:1039700078390608044A0024100D00248000000055
:1039800000000000CDA90508020000008DB7050861
:10399000504A0024E25900241E00000085660408F5
:1039A0001BAA0508F7A905083BAA050809AA0508E6
:1039B00000000000BA6806087C68060800000000E5
:1039C000117404080100000015B7050855B7050873
:1039D00087B605080000000000000000000000009D
:1039E000000000007B6906088269060800000000EC
:1039F000D57C040801000000AC690608B36906081C
:103A00005C3A0608797D040801010000586A06083E
:103A1000606A060800000000957C040801000000B0
:103A200026950608716A0608883A06080000000014
:103A300000000000DD8B0608976A06080000000001
:103A4000417D040801000000A56A0608A96A06086D
:103A50000000000009B9050800000000603A0608EF
:103A600085A20608CC6A060800000000F57B040861
:103A70000100000000000000000000000000000045
:103A800000000000000000008C3A0608106B0608D9
:103A9000196B060800000000357C040801000000D6
:103AA000366B0608456B06082C3B06080000000034
:103AB00000000000F56B0608FC6B06086C3C06086D
:103AC0000000000000000000136C0608196C0608D6
:103AD0002C3C06080000000000000000306C0608C6
:103AE000376C0608EC3B06080000000000000000F0
:103AF000466C06084B6C0608AC3B0608F17C0408D3
:103B0000010100005E6C0608646C06086C3B060848
:103B100000000000000000000000000000000000A5
:103B2000000000000000000000000000303B06081C
:103B3000766C0608806C060800000000A7B905082E
:103B400001000000B86C0608BF6C06080000000009
:103B50005FB905080100000000000000000000003F
:103B6000000000000000000000000000703B06089C
:103B7000AC880608F66C0608000000000DB90508C0
:103B800001000000246D0608296D060800000000F1
:103B9000217C04080100000000000000000000007B
:103BA000000000000000000000000000B03B06081C
:103BB00009690608556D060800000000CBB9050824
:103BC00001000000FE910608946D06080000000048
:103BD00037BA0508010000000000000000000000E6
:103BE000000000000000000000000000F03B06089C
:103BF00009690608A76D060800000000857C040816
:103C000001000000FE910608B76D060800000000E4
:103C10002FB90508010000000000000000000000AE
:103C2000000000000000000000000000303C06081A
:103C300009690608C66D0608000000003BB90508C2
:103C400001000000FE910608DE6D0608000000007D
:103C500013BA050801000000000000000000000089
:103C6000000000000000000000000000703C06089A
:103C700009690608F56D06080000000083B905080B
:103C800001000000FE9106080D6E0608000000000D
:103C9000EFB905080100000000000000000000006E
:103CA000000000000000000000000000B03C06081A
:103CB000020000007F7106087871060808170608E0
:103CC0007417060884110000E400000010000000D2
:103CD00004000000FF00000010000000FF000000D2
:103CE000020000000000000000000000FFFFFFFFD6
:103CF000680300246477060898930608083D0608C0
:103D000000000000000000000C3D06086B60060883
:103D1000B49306080000000071AF04080000000022
:103D2000E4930608ED93060800000000A9AF04081C
:103D30000300000050940608579406080C34060847
:103D4000A9B00408020000008794060894940608AD
:103D50000C34060805AF040802000000BF940608F2
:103D6000C7940608103406087DB00408030000005C
:103D70000000000000000000000000000000000043
:103D800000000000883D0608010000006D9506084F
:103D9000983D060801000000A03D06080200000052
:103DA0006A010000000000008A010000000000001D
:103DB000D800000000000008050000005400D418DE
:103DC000C43D0608010000000C9B06080060025874
:103DD00005C505080C3E06080100000000000300B0
:103DE000143E0608020003000900110021004100F2
:103DF00084012B03000102050CE280000CE2750037
:103E00000CE266000CE253000CE24700E000000008
:103E1000000000011C3E060801000000243E0608C8
:103E200002000000500400000000000070040000C8
:103E300000000000383E060801000000329B060822
:103E400000200240EFC40508803E06080100000083
:103E500000000300883E060802000300090011006C
:103E60002100410084012B03000102050CE28000C7
:103E70000CE275000CE266000CE253000CE2470015
:103E8000D800000020000000903E0608010000005D
:103E9000983E06080C00000090040000000000009E
:103EA000B00400000000000010020000000000004C
:103EB000300200000000000070040000000000005C
:103EC000500400000000000010040000000000008A
:103ED0001000000000000000900000000000000042
:103EE000B000000000000000100000000000000012
:103EF0003000000000000000000000002000000072
:103F0000400000006000000080000000A0000000F1
:103F1000C0000000E00000000001000020010000DF
:103F2000400100000000000001000000020000004D
:103F3000030000000400000005000000060000006F
:103F40000700000008000000090000000A0000004F
:103F50000B0000000C0000000D0000000E0000002F
:103F60000F000000060000000C000000120000001E
:103F70001800000000010000060100000C01000014
:103F800012010000180100000002000006020000FB
:103F90000C020000120200001802000000030000E2
:103FA00006030000A83F060801000000949B0608D5
:103FB000601C060803000000530000000000000021
:103FC00000000000C83F060801000000CF9B060863
:103FD000D43F0608010000005C9C06080074004005
:103FE000E800000000000020EC3F0608F43F06084F
:103FF00001000000FC3F06080200000090000000E5
:1040000000000000B00000000000000001001002ED
:10401000720040351840060802000000E79D0608BF
:10402000C39D0608E00100002003000000190608F7
:1040300006000000241906080C000000E40000003F
:10404000080000007417060883110000000000003B
:1040500073C70508000000005C400608010000006E
:10406000C39F0608381D060800000000000000007D
:1040700000000000000000000200E001200300003A
:1040800000000000280000002000000008000000E0
:10409000060000000800000009000000E000000227
:1040A000E108000A0007000900003333E2000000C5
:1040B00000000000000000000000E300003333E4D3
:1040C0004444E50E60A0A01060A0A00A60A0A00C6F
:1040D00060A0A0E600003333E74444E80D60A0A0F0
:1040E0000F60A0A00960A0A00B60A0A0EB0201E4FB
:1040F000E4440040EC0201EDAB89765401FFFFFF80
:10410000FFFFFF10456798BAB040C9910D12070232
:1041100009091F04500FE429DFB140CBD0119207E9
:104120000008071C06531263EBDF0000304106084D
:1041300001000000D2A10608D80000000100000024
:104140005FC90508010000000000024008000000EF
:10415000000000006055002400000000000800007E
:1041600000100000000000000020000000400000DF
:10417000B9CB0508C1CB0508C9CB0508D1CB0508CB
:10418000D9CB0508E1CB0508E9CB0508F1CB05083B
:1041900079CB050881CB050889CB050891CB0508AB
:1041A00099CB0508A1CB0508A9CB0508B1CB05081B
:1041B00039CB050841CB050849CB050851CB05088B
:1041C00059CB050861CB050869CB050871CB0508FB
:1041D000E9CC0508EFCC0508F5CC0508FDCC0508B1
:1041E00005CD05080BCD050811CD050819CD05082D
:1041F000ADCC0508B3CC0508BBCC0508C3CC05087D
:10420000CBCC0508D1CC0508D9CC0508E1CC0508F4
:1042100071CC050877CC05087FCC050887CC05084C
:104220008FCC050895CC05089DCC0508A5CC0508C4
:10423000F9CA050801CB050809CB050811CB05080B
:1042400019CB050821CB050829CB050831CB05087A
:10425000B9CA0508C1CA0508C9CA0508D1CA0508EE
:10426000D9CA0508E1CA0508E9CA0508F1CA05085E
:1042700035CC05083BCC050843CC05084BCC0508DC
:1042800053CC050859CC050861CC050869CC050854
:10429000F9CB0508FFCB050807CC05080FCC0508AE
:1042A00017CC05081DCC050825CC05082DCC050824
:1042B00000000000010000000200000003000000F8
:1042C00004000000050000000600000007000000D8
:1042D000D442060801000000DFA30608D800000051
:1042E000010000000008024010086B00F0420608C0
:1042F000BC17060801000000BC17060802000000F9
:10430000BC17060803000000BC17060804000000E4
:10431000BC17060805000000BC17060806000000D0
:10432000BC17060807000000BC17060808000000BC
:10433000000000000100000000000000020000007A
:104340000000000003000000000000000400000066
:104350000000000005000000000000000600000052
:10436000000000000700000000000000080000003E
:1043700081D804084BCA050809D8040895DD04084B
:1043800019D70408884306080100000016A406088F
:10439000944306080100000058A606080050005289
:1043A000D400000000400000C7CE05080000000156
:1043B00000A24A04B8430608C043060801000000F2
:1043C000C843060806000000490B000080010000F9
:1043D000CA0C000080010000690700008001000095
:1043E00089070000800100004908000080010000EA
:1043F000C90A0000800100000100000000FF000069
:1044000006000000000000000000000000000000A6
:10441000000000000000000000010000000000009B
:10442000000000000000000000000000000000008C
:1044300000000000000000003C44060801000000ED
:104440003CA506082000000000FF000050440608BC
:10445000010000003EA80608FFFF000000280258E7
:104460000A000000E000000000040000704406089C
:104470000100000066A80608FFFF000000240258A3
:1044800009000000E000000000020000904406085F
:10449000010000008EA80608FFFF0000002002585F
:1044A00008000000E000000000010000B044060821
:1044B00001000000B6A80608FFFF0000001C02581B
:1044C00007000000E000000080000000D044060863
:1044D00001000000DEA80608FFFF000000180258D7
:1044E00006000000E000000040000000F044060864
:1044F0000100000006A90608FFFF00000014025892
:1045000005000000E0000000200000001045060843
:10451000010000002EA90608FFFF0000001002584D
:1045200004000000E0000000100000003045060814
:104530000100000056A90608FFFF0000000C025809
:1045400003000000E00000000800000050450608DD
:10455000010000007EA90608FFFF000000080258C5
:1045600002000000E00000000400000070450608A2
:1045700001000000A6A90608FFFF00000004025881
:1045800001000000E0000000020000009045060865
:1045900001000000CEA90608FFFF0000000002583D
:1045A00000000000E000000001000000B045060827
:1045B00001000000F6A90608FFFFFFFFC04506083E
:1045C000020000009AAB06089FAB06085DD50508FF
:1045D000EC45060801000000001C0058801A060087
:1045E000F44506081446060800000000F400000028
:1045F00080000000FC450608010000000446060893
:1046000002000000C602000040020000840F00000B
:10461000400200001846060801000000CCAB060866
:1046200037D5050840460608010000000058004044
:10463000801A060048460608684606080000000082
:10464000E80000000000400050460608010000009D
:104650005846060802000000840E000040020000D8
:1046600064030000400200006C46060801000000E0
:10467000F2AB060811D505089446060801000000B3
:1046800000540040801A06009C460608BC460608F6
:1046900000000000E800000000002000A44606081A
:1046A00001000000AC460608020000000403000000
:1046B000400200002403000040020000C04606083B
:1046C000000000001E00000001000000DC4606089B
:1046D000C83000243D02050800000000001906084B
:1046E0000D0000000B000000EC4606080100000071
:1046F00048AE0608641B06085D000000281806087E
:104700000200010028180608010000001400000043
:104710001447060801000000C0AE06080040005221
:104720002C4706080100000034470608D4000000AA
:10473000001000003C47060801000000444706083E
:10474000270000000C080000800300002C08000077
:10475000800300000C0D000080030000AC0E000080
:10476000800300004C0E0000800300006C0E00006F
:10477000800300006C0B000080030000EC0D0000C3
:10478000800300000C0A0000800300002C0A0000D7
:10479000800300004C0A0000800300006C0A000047
:1047A000800300008C0A000080030000AC0A0000B7
:1047B000800300008C0B000080030000AC0B0000A5
:1047C00080030000CC0B000080030000EC0B000015
:1047D000800300000C0C0000800300002C0C000083
:1047E000800300004C0C0000800300008C0C0000D3
:1047F00080030000AC0C000080030000CC07000028
:1048000080030000EC070000800300000C0600009D
:10481000800300002C06000080030000EC0800006C
:10482000800300000C090000800300002C09000038
:10483000800300004C090000800300006C090000A8
:10484000800300008C09000080030000AC09000018
:1048500080030000CC09000080030000EC09000088
:10486000800300000C070000800300002C070000FC
:10487000800300004C070000800300008048060809
:1048800001000000EFAE0608404100526400000045
:10489000080020025B020000A0480608010000009A
:1048A00000000000000000000400000010000000F4
:1048B00040000000000100000000000000080000AF
:1048C00000100000000000000200000006000000D0
:1048D00004000000060000000200000002000000CA
:1048E00002000000481906082419060800190608E5
:1048F000DC180608B8180608941806087018060888
:104900004C1806082818060804180608E0170608B8
:104910000000000000000000000000000000000097
:1049200000000000000000002C4906080100000003
:1049300024B00608000401406400000000000000EC
:10494000F0000000020000004C4906085449060827
:10495000010000005C49060801000000031300008C
:104960000000000068490608010000003EB006088B
:10497000000800406400000000000000E8000000A3
:10498000040000008849060890490608010000005C
:104990009849060803000000A2070000000000007C
:1049A00002030000000000002203000000000000DD
:1049B000B44906080100000057B006080004004092
:1049C0006400000000000000E80000000200000099
:1049D000D4490608DC49060801000000E44906083D
:1049E00002000000E200000000000000820200005F
:1049F00000000000F84906080100000070B0060839
:104A0000000000406400000000000000E80000001A
:104A100001000000184A0608204A060801000000AC
:104A2000284A0608020000006100000000000000A3
:104A300041000000000000003C4A060801000000A0
:104A40008AB00608000001400000000000000000DD
:104A5000F0000000010000005C4A0608644A0608F5
:104A6000010000006C4A060802000000211300004B
:104A7000000000002114000000000000A3D8050879
:104A8000A7D80508ABD80508AFD80508B3D80508DE
:104A9000B9D8050804000000400000000004000030
:104AA00001000000100000000001000000100000E4
:104AB0000000010000001000BC4A060801000000D0
:104AC000D9B0060800440258CC4A0608010000008C
:104AD00060B1060800780040741706081E12000036
:104AE000FC4A060801000000000000000000000071
:104AF00000000000044B0608BDDA0508E8000000CD
:104B0000000000400C4B060801000000144B060892
:104B100004000000E70A0000000200000B01000092
:104B200000000000270B000000020000070B00003F
:104B300000000000384B0608010000008AB106089A
:104B4000001401407417060805130000684B06089E
:104B50000100000000000000000000000000000054
:104B6000704B0608A7DA0508F000000020000000DE
:104B7000784B060801000000804B06080200000088
:104B8000C70D000000020000E70400000000000064
:104B9000944B060801000000B5B10608004C004027
:104BA0007417060813120000C44B06080100000029
:104BB000000000000000000000000000CC4B0608D0
:104BC00091DA0508E800000000000800D44B060850
:104BD00001000000DC4B060802000000A80F0000E6
:104BE000000200002811000000000000F04B060841
:104BF00001000000DFB106080044004074170608F9
:104C000011120000204C0608010000000000000006
:104C10000000000000000000284C06087BDA0508B0
:104C2000E800000000000200304C0608010000000F
:104C3000384C060802000000A70600000002000031
:104C4000C7060000000000004C4C060802000000EF
:104C50000AB2060811B206080010014074170608CF
:104C600004130000804C0608010000000000000052
:104C70000000000000000000884C060865DA050806
:104C8000F000000010000000904C06080100000039
:104C9000984C0608020000002701000000020000F6
:104CA000E702000000000000AC4C06080200000013
:104CB00077B306087CB3060800000000000000007F
:104CC00000500140E84C060893DE05080000000093
:104CD0000000000001000000E04C06080000000099
:104CE000F000000000001000F04C06080100000079
:104CF000F84C060803000000C50E00008005000007
:104D000065130000000400004513000000040000CB
:104D1000144D060801000000A9B3060800000000B9
:104D20000000000000300140544D06087DDE0508FB
:104D3000000000000000000002000000444D0608D2
:104D400000000000F000000000100000090000005A
:104D50005000CC015C4D060801000000644D0608BF
:104D6000030000006502000080050000250D000022
:104D700000040000E506000000040000804D060865
:104D80000100000026B50608641B06083C00000070
:104D90004819060801000100DC180608040001009B
:104DA000524742504001000040010000F000000066
:104DB000F000000000000000524742508002000056
:104DC00080020000E0010000E0010000000000009F
:104DD000524742504006000040060000B004000068
:104DE000B004000000000000595559564001000071
:104DF00040010000F0000000F00000000000000092
:104E0000595559568002000080020000E001000060
:104E1000E00100000000000059555956400600000E
:104E200040060000B0040000B004000000000000D4
:104E30000000000000000000000000000000000072
:104E400000000000000000004C4E060801000000B9
:104E5000EABB0608DC000000010000002DE50508A3
:104E6000904E0608F01C060800000240BC17060819
:104E7000000000004B0201000400040001000100DA
:104E80000000000000000000000000006D23050885
:104E9000984E060801000000A04E06080B00000016
:104EA0000D0F000080010000CD0000008001000017
:104EB000AD100000800100002D0F000080010000F7
:104EC0004D0F0000800100006D0F00008001000008
:104ED0006D0D000080010000CD0F0000800100007A
:104EE0008D10000080010000CD1000008001000046
:104EF000ED10000080010000D7BC0608E5BC0608E4
:104F0000F9BC060808BD060814BD060810150608F9
:104F100010150608F0150608F81506080817060803
:104F20000817060841BD0608010005004B80060869
:104F30000200070047BD06080400080050BD06082F
:104F400008000400A25C06081000090055BD060810
:104F5000200008005EBD060840000A0069BD060882
:104F600080000600000000000000000000000000BB
:104F700000000000000000409559695955555455EE
:104F80001555555604051541105455404551554485
:104F9000404550445055554500400040400444961B
:104FA0006555565545404554514115405591555507
:104FB00055554051050100005445545445550504CC
:104FC0000010041014044000000001405555154124
:104FD000540400004400010000000040410000446F
:104FE00050444550540055555455655100400040BB
:104FF000010000010005010011545151545555059F
:10500000000000000000000000000000FB21F93F4C
:10501000FB2109407CD91240FB2119407A6A1F40CC
:105020007CD92240BBFD2540FB2129403A462C403B
:105030007A6A2F405C4731407CD932409C6B3440C7
:10504000BBFD3540DB8F3740FB2139401BB43A4074
:105050003A463C405AD83D407A6A3F404C7E4040F8
:105060005C4741406C1042407CD942408CA2434096
:105070009C6B4440AC344540BBFD4540CBC64640EC
:10508000DB8F4740EB584840FB21494083F9A200A1
:10509000444E6E00FC291500D1572700DD34F50081
:1050A00062DBC0003C999500419043006351FE00D3
:1050B000BBDEAB00B761C5003A6E2400D24D4200A2
:1050C0004906E00009EA2E001C92D100EB1DFE000B
:1050D00029B11C00E83EA700F535820044BB2E0034
:1050E0009CE98400B4267000417E5F00D6913900AF
:1050F000538339009CF439008B5F840028F9BD008C
:10510000F81F3B00DEFF97000F980500112FEF00FE
:105110000A5A8B006D1F6D00CF7E360009CB270029
:10512000464FB7009E663F002DEA5F00BA27750024
:10513000E5EBC7003D7BF100F739070092528A008A
:10514000FB6BEA001FB15F00085D8D003003560065
:105150007BFC4600F0AB6B0020BCCF0036F49A001D
:10516000E3A91D005E619100081BE60085996500BA
:10517000A0145F008D40680080D8FF0027734D00A9
:1051800006063100CA561500C9A873007BE260000C
:105190006B8CC0000200000003000000040000004F
:1051A000060000000010000000305F5F6378615F60
:1051B000707572655F7669727475616C005F5F61AE
:1051C000656162695F756C3266005F5F616561622F
:1051D000695F6C6469766D6F64005F5F61656162D1
:1051E000695F696469766D6F64005F5F61656162C4
:1051F000695F663264005F5F61656162695F643246
:10520000697A005F5F61656162695F64636D7065A3
:1052100071005F5F61656162695F75696469766D80
:105220006F64005F5F61656162695F643275697AAE
:10523000005F5F61656162695F6C3264005F5F613E
:10524000656162695F7569646976005F5F61656168
:1052500062695F693264005F5F61656162695F64B2
:10526000737562005F5F61656162695F64636D7041
:105270006774005F5F61656162695F696469760098
:105280005F5F61656162695F66636D706C65005F39
:105290005F61656162695F64616464005F5F61654D
:1052A0006162695F66636D70756E005F5F61656105
:1052B00062695F643266005F5F61656162695F6455
:1052C0006D756C005F5F61656162695F64646976DA
:1052D000005F5F61656162695F64636D706C74003B
:1052E0005F5F61656162695F75693264005F5F611C
:1052F000656162695F756C6469766D6F64005F5F9C
:1053000061656162695F64326C7A005F5F616561EB
:1053100062695F64636D706C65005F5F61656162A7
:10532000695F64636D70756E007379735F636C6F32
:10533000636B5F6379636C655F6765745F333200CD
:1053400072696E675F6275665F7075740072696E10
:10535000675F6275665F7065656B0072696E675F37
:105360006275665F676574006362767072696E74F9
:105370006600736E7072696E746600737072696E27
:105380007466007075746368617200707574730080
:105390006174616E00636F730073696E006B5F7799
:1053A0006F726B5F7363686564756C65006B5F66D5
:1053B0006174616C5F68616C74006B5F74696D65CA
:1053C000725F696E6974007368617265645F6D75A0
:1053D0006C74695F686561705F616C6C6F630063BA
:1053E00064635F61636D5F6474655F726174655F60
:1053F00063616C6C6261636B5F7365740073686199
:105400007265645F6D756C74695F686561705F6615
:10541000726565007368617265645F6D756C74694F
:105420005F686561705F616C69676E65645F616C20
:105430006C6F6300766964656F5F6275666665723E
:105440005F72656C6561736500766964656F5F6244
:1054500075666665725F616C6C6F63007669646522
:105460006F5F6275666665725F616C69676E6564C1
:105470005F616C6C6F63007A5F6C6F675F6D736701
:105480005F72756E74696D655F7663726561746570
:10549000007573625F64697361626C650075736245
:1054A0005F656E61626C65006B5F73636865645F06
:1054B000756E6C6F636B006B5F73636865645F6CC4
:1054C0006F636B006174616E320069737864696741
:1054D00069740069736C6F776572006973757070B9
:1054E00065720069737072696E74006973677261C6
:1054F00070680069736469676974006973636E74C6
:10550000726C006973616C70686100746F757070A3
:10551000657200746F6C6F776572006973616C6E91
:10552000756D00697373706163650061746F6C0001
:1055300061746F660061746F69007372616E6400FC
:1055400063616C6C6F63007265616C6C6F63006BA0
:105550005F6D616C6C6F63006D656D6D6F7665007E
:10556000737472636174007374726368720073742D
:10557000726C656E00737472636D70007374727414
:105580006F756C0073747263617365636D70007323
:1055900074726E637079007374726E636D700073F1
:1055A000747273747200737472726368720046610D
:1055B000696C656420746F206F70656E20666C6125
:1055C000736820617265612C2072632025640A0073
:1055D0004661696C656420746F207265616420683F
:1055E00065616465722C2072632025640A00496E2F
:1055F00076616C696420736B6574636820686561AB
:105600006465720A006D61696E004661696C65646B
:1056100020746F206C6F616420736B657463682CF9
:105620002072632025640A004661696C65642074F9
:105630006F2066696E64206D61696E2066756E63A9
:1056400074696F6E0A0052756E20736B65746368BF
:10565000006170700028756E7369676E656429203B
:1056600063686172202A207573656420666F7220FA
:1056700025257020617267756D656E742E204974E2
:105680002773207265636F6D6D656E646564207449
:105690006F206361737420697420746F20766F6962
:1056A00064202A2062656361757365206974206DCA
:1056B0006179206361757365206D697362656861E6
:1056C00076696F7220696E206365727461696E20FD
:1056D000636F6E66696775726174696F6E732E2091
:1056E000537472696E673A2225732220617267755E
:1056F0006D656E743A25640063627072696E7466DB
:105700005F7061636B61676500767072696E746B60
:10571000006173736572745F7072696E7400617397
:10572000736572745F706F73745F616374696F6EB9
:10573000004661696C656420746F207265626F6FEA
:10574000743A207370696E6E696E6720656E646C62
:105750006573736C792E2E2E0A006C6F67006C6F68
:10576000675F6D676D74004D657373616765206475
:10577000726F70706564206265636175736520691E
:105780007420657863656564732073697A65206C3D
:10579000696D69746174696F6E2028257529004DE3
:1057A000657373616765202822257322292064723E
:1057B0006F707065642062656361757365206974DC
:1057C00020657863656564732073697A65206C6908
:1057D0006D69746174696F6E2028257529000D0A42
:1057E000001B5B306D00257320005B2530386C7525
:1057F0005D20005B253032753A253032753A253010
:1058000032752E253033752C253033755D200025FB
:10581000732F003C25733E200025733A200025306D
:1058200032782000202020007C001B5B313B33318C
:105830006D001B5B313B33336D0065727200777214
:105840006E00696E660064626700456E64706F6921
:105850006E742030782530327820697320696E7636
:10586000616C696400456E64706F696E7420307895
:105870002530327820616C726561647920646973C7
:1058800061626C6564004661696C656420746F20B8
:1058900064697361626C6520656E64706F696E74B3
:1058A00020307825303278005365742068616C743C
:1058B0002065702030782530327800436C65617245
:1058C0002068616C74206570203078253032780053
:1058D000456E64706F696E742030782530327820A0
:1058E000616C726561647920636F6E666967757259
:1058F0006564004661696C656420746F20636F6E37
:1059000066696775726520656E64706F696E742074
:1059100030782530327800456E64706F696E74207F
:1059200030782530327820616C7265616479206549
:105930006E61626C6564004661696C656420746FB9
:1059400020656E61626C6520656E64706F696E744F
:1059500020307825303278004661696C65642074A7
:105960006F20777269746520656E64706F696E74FC
:105970002062756666657220307825303278005274
:105980006571756573742062756666657220746FE3
:105990006F20736D616C6C005553422064657669AD
:1059A000636520737570706F727420616C726561CD
:1059B000647920656E61626C6564004661696C653E
:1059C0006420746F20636F6E666967757265205519
:1059D00053422064657669636520737461636B006C
:1059E0004572726F6E656F75732064657669636565
:1059F0002064657363726970746F72206F722062C5
:105A00004D61785061636B657453697A65300075D8
:105A100073625F64657669636500303132333435B3
:105A2000363738394142434445460054686572650B
:105A3000206973206E6F207573625F6366675F64B1
:105A400061746120666F7220257000556E696E6901
:105A50007469616C697A6564207573625F636667F7
:105A60005F6461746120706F696E7465722C20636D
:105A70006F72727570746564206465766963652001
:105A800064657363726970746F723F004661696C1C
:105A9000656420746F2076616C696461746520654B
:105AA0006E64706F696E747300746865206E6577DC
:105AB00020534E2064657363726970746F72206442
:105AC0006F65736E27742068617665207468652041
:105AD00073616D65206C656E677468206173204327
:105AE0004F4E4649475F5553425F444556494345EB
:105AF0005F534E00496E636F6D706C657465206412
:105B000065766963652064657363726970746F722A
:105B1000004661696C656420746F206669787570F1
:105B2000205553422064657363726970746F72000C
:105B30007573625F64657363726970746F72005429
:105B400072616E73666572206572726F7220256471
:105B50002C2065702030782530327800525820642F
:105B6000617461206C6F73742C206E6F207472618D
:105B70006E73666572004E6F207472616E73666537
:105B80007220736C6F7420617661696C61626C6500
:105B90000041207472616E736665722069732061C2
:105BA0006C7265616479206F6E676F696E672C2017
:105BB000657020307825303278007573625F7472BA
:105BC000616E736665720044657669636520646121
:105BD0007461206E6F7420666F756E6420666F72DC
:105BE00020656E64706F696E74202575004465765B
:105BF0006963652064617461206E6F7420666F75DF
:105C00006E6420666F7220696E746572666163658A
:105C10002025750052696E67206275666665722080
:105C200066756C6C2C2064697363617264206461B6
:105C300074610052696E67206275666665722066DF
:105C4000756C6C2C2064726F7020257A64206279E8
:105C500074657300446576696365206461746120CE
:105C60006E6F7420666F756E6420666F7220636657
:105C7000672025700044657669636520636F6E66F2
:105C80006967757265640044657669636520646957
:105C900073636F6E6E6563746564004465766963F3
:105CA000652073757370656E64656400446576691C
:105CB000636520726573756D65640066726F6D2033
:105CC00073757370656E64005F5F646576696365A4
:105CD0005F6474735F6F72645F31313200626F6151
:105CE00072645F6364635F61636D5F7561727400AA
:105CF0007573625F6364635F61636D007573627780
:105D00006F726B71006B65726E656C004B65726EC5
:105D1000656C20636F6D6D616E6473006379636C95
:105D200065733A202575206877206379636C657305
:105D30000A004B65726E656C206379636C65732E27
:105D400000556E61626C6520746F207061727365BE
:105D500020696E7075742028657272202564290A86
:105D6000006D7300557074696D653A20256C6C7513
:105D7000206D730A002D70002D2D7072657474797A
:105D800000556E737570706F72746564206F7074F7
:105D9000696F6E3A2025730A00757074696D653AF3
:105DA00020256C6C7520646179732C20256C6C75D2
:105DB00020686F7572732C20256C6C75206D696E70
:105DC000757465732C20256C6C75207365636F6E1C
:105DD00064732C20256C6C75206D696C6C6973651F
:105DE000636F6E64730A00757074696D65004B654E
:105DF000726E656C20757074696D652E2043616EDE
:105E00002062652063616C6C65642077697468202A
:105E1000746865202D70206F72202D2D707265744E
:105E20007479206F7074696F6E7300342E312E395F
:105E300039005A65706879722076657273696F6E81
:105E40002025730A0076657273696F6E004B657268
:105E50006E656C2076657273696F6E2E005468698A
:105E60007320636F6D6D616E64206973206465706B
:105E7000726563617465642061732069742069735D
:105E80002061206475706C69636174652E205573A0
:105E90006520276C6F6720656E61626C65272063E3
:105EA0006F6D6D616E642066726F6D206C6F6767D9
:105EB000696E6720636F6D6D616E647320736574C6
:105EC0002E0A00556E61626C6520746F20706172DD
:105ED0007365206C6F6720736576657269747920CD
:105EE00028657272202564290A00496E76616C6902
:105EF00064206C6F67206C6576656C3A2025640AB7
:105F000000556E61626C6520746F2066696E642056
:105F10006C6F6720736F757263653A2025730A0092
:105F20006C6F675F6C6576656C003C6D6F64756C5B
:105F300065206E616D653E203C736576657269749F
:105F4000792028302D34293E007265626F6F74000D
:105F50005265626F6F742E00636F6C6400436F6CE8
:105F600064207265626F6F742E007761726D0057E6
:105F700061726D207265626F6F742E004B65726E78
:105F8000656C20746872656164732E005363686584
:105F900064756C65723A2025752073696E6365209F
:105FA0006C6173742063616C6C0A00546872656183
:105FB00064733A0A004E41002573257020252D3167
:105FC00030730A00096F7074696F6E733A2030780D
:105FD00025782C207072696F726974793A20256473
:105FE0002074696D656F75743A20256C6C640A00C5
:105FF0000973746174653A2025732C20656E747280
:10600000793A2025700A00556E61626C6520746FC4
:106010002064657465726D696E6520756E75736553
:106020006420737461636B2073697A65202825642A
:10603000290A0A0009737461636B2073697A652009
:10604000257A752C20756E7573656420257A752CFC
:1060500020757361676520257A75202F20257A7554
:1060600020282575202525290A0A006C69737400EB
:106070004C697374206B65726E656C207468726510
:106080006164732E002570204952512025303264FE
:10609000202573287265616C2073697A6520253428
:1060A0007A75293A09756E757365642025347A7599
:1060B0000975736167652025347A75202F20253492
:1060C0007A75202825327A75202525290A00257021
:1060D00020252D33327320287265616C2073697A14
:1060E000652025347A75293A09756E7573656420C3
:1060F00025347A750975736167652025347A7520B2
:106100002F2025347A752028253275202525290A47
:1061100000737461636B73004C69737420746872EC
:106120006561647320737461636B20757361676567
:106130002E005468726561642049442025702069EE
:1061400073206E6F742076616C69640A0045727208
:106150006F723A5368656C6C207468726561642074
:1061600063616E6E6F742062652073757370656E07
:106170006465640A00546872656164202570207348
:10618000757370656E6465640A006B65726E656C2C
:10619000207468726561642073757370656E642025
:1061A0003C7468726561645F69643E004572726F39
:1061B000723A5368656C6C20746872656164206320
:1061C000616E6E6F7420626520726573756D6564B3
:1061D0000A005468726561642025702072657375C9
:1061E0006D65640A006B65726E656C20746872651B
:1061F000616420726573756D65203C7468726561B9
:10620000645F69643E004572726F723A5368656CF0
:106210006C207468726561642063616E6E6F7420B7
:106220006265206B696C6C65640A000A20546872B0
:10623000656164202570206B696C6C65640A006B75
:10624000696C6C006B65726E656C20746872656158
:1062500064206B696C6C203C7468726561645F6972
:10626000643E0052454144590044495341424C4523
:106270004400646576696365733A0A005B25705D66
:10628000002D2025730020204454206E6F6465206B
:106290006C6162656C733A0044657669636520637E
:1062A0006F6D6D616E6473004C69737420636F6E03
:1062B00066696775726564206465766963657300F5
:1062C0005573696E672064617461207769647468CE
:1062D0002025640A00496E636F72726563742064DE
:1062E0006174612077696474680A00526561642092
:1062F00076616C756520307825780A00577269746C
:10630000696E672076616C756520307825780A00A3
:10631000696E76616C6964206164647220272573FC
:10632000270A00696E76616C69642073697A65205A
:10633000272573270A00696E76616C696420776986
:1063400064746820272573270A00613A733A773A04
:1063500000272D61203C616464726573733E2720C1
:106360006973206D616E6461746F72790A00272D04
:1063700073203C73697A653E27206973206D616ED6
:106380006461746F72790A006465766D656D206C66
:106390006F616420737570706F72747320736574AD
:1063A00074696E6720627970617373206F6E20610B
:1063B0002073696E676C6520696E7374616E6365C6
:1063C0002E0A004C6F6164696E672E2E2E0A707261
:1063D000657373206374726C2D78206374726C2DF6
:1063E0007120746F206573636170650A004E756D6E
:1063F000626572206F6620627974657320726561D0
:10640000643A2025640A002D2D002D6500556E6B21
:106410006E6F776E206F7074696F6E202225732205
:106420000A006465766D656D00526561642F777250
:1064300069746520706879736963616C206D656D3E
:106440006F72790A55736167653A0A526561642013
:106450006D656D6F7279206174206164647265731B
:10646000732077697468206F7074696F6E616C2037
:1064700077696474683A0A6465766D656D203C617D
:106480006464726573733E205B3C77696474683E34
:106490005D0A5772697465206D656D6F7279206150
:1064A0007420616464726573732077697468206D09
:1064B000616E6461746F72792077696474682061B9
:1064C0006E642076616C75653A0A6465766D656DFB
:1064D000203C616464726573733E203C7769647428
:1064E000683E203C76616C75653E0064756D700099
:1064F00055736167653A0A6465766D656D206475EC
:106500006D70202D61203C616464726573733E2060
:106510002D73203C73697A653E205B2D77203C7794
:10652000696474683E5D0A0055736167653A0A6480
:1065300065766D656D206C6F6164205B6F7074694A
:106540006F6E735D205B616464726573735D0A4F87
:106550007074696F6E733A0A2D65096C6974746C96
:10656000652D656E6469616E20706172736500529D
:10657000582072696E67206275666665722066755E
:106580006C6C2E007368656C6C2E7368656C6C5F48
:106590007561727400756172743A7E2420007368AC
:1065A000656C6C5F756172745F6261636B656E646C
:1065B00000537562636F6D6D616E64733A0A006EAD
:1065C0006F74207465726D696E617465643A20251C
:1065D000630A00506C65617365207370656369665A
:1065E00079206120737562636F6D6D616E642E0A30
:1065F000004572726F723A207265717565737465C9
:1066000064206D756C7469706C652066756E63745A
:10661000696F6E20657865637574696F6E730A00C3
:106620003A20636F6D6D616E64206E6F7420666FCB
:10663000756E6400546F6F206D616E7920617267B2
:10664000756D656E747320696E2074686520636F64
:106650006D6D616E642E0A0025733A2077726F6E3D
:106660006720706172616D6574657220636F756E0D
:10667000740A005741524E494E473A2041207072E9
:10668000696E74207265717565737420776173200B
:106690006465746563746564206F6E206E6F74202A
:1066A000616374697665207368656C6C20626163F0
:1066B0006B656E642E0A000A2573257300536865A6
:1066C0006C6C20746872656164206572726F723AD6
:1066D00020256400506C656173652070726573736A
:1066E00020746865203C5461623E20627574746F4A
:1066F0006E20746F2073656520616C6C206176611B
:10670000696C61626C6520636F6D6D616E64732E80
:106710000A00596F752063616E20616C736F20757C
:10672000736520746865203C5461623E2062757414
:10673000746F6E20746F2070726F6D7074206F7242
:10674000206175746F2D636F6D706C657465206169
:106750006C6C20636F6D6D616E6473206F72206965
:10676000747320737562636F6D6D616E64732E0A4E
:1067700000596F752063616E2074727920746F20E8
:1067800063616C6C20636F6D6D616E6473207769FB
:106790007468203C2D683E206F72203C2D2D68656A
:1067A0006C703E20706172616D6574657220666FF9
:1067B00072206D6F726520696E666F726D617469AB
:1067C0006F6E2E0A000A5368656C6C2073757070CA
:1067D0006F72747320666F6C6C6F77696E67206D73
:1067E0006574612D6B6579733A0A20204374726C6D
:1067F000202B202861206B65792066726F6D3A200E
:106800006162636465666B6C6E707577290A20201F
:10681000416C7420202B202861206B6579206672E2
:106820006F6D3A206266290A506C6561736520724B
:106830006566657220746F207368656C6C20646F88
:1068400063756D656E746174696F6E20666F72201A
:106850006D6F72652064657461696C732E0A000A3D
:10686000417661696C61626C6520636F6D6D616E0C
:1068700064733A0A00253038583A20005072696E25
:106880007473207468652068656C70206D6573731F
:106890006167652E001B5B25642563001B5B313B34
:1068A0003325646D001B5B34303325646D00257324
:1068B000252D2A73002D68002D2D68656C70002031
:1068C0002D20002020004C6F7374206C6F67733A8A
:1068D00020256C750A0041637469766520736865CC
:1068E0006C6C206261636B656E64733A0A002020F1
:1068F0002532642E203A257320282573290A005B4F
:106900002533645D2025730A006F66660020756E6E
:106910006B6E6F776E20706172616D657465723A2F
:10692000200025733A257325730A004563686F209C
:106930007374617475733A2025730A004E6F207268
:106940006573706F6E73652066726F6D2074686515
:10695000207465726D696E616C2C20617373756D46
:1069600065642038307832342073637265656E2038
:1069700073697A650A001B5B366E00726574766116
:106980006C005072696E742072657475726E207638
:10699000616C7565206F66206D6F7374207265631E
:1069A000656E7420636F6D6D616E640072657369EE
:1069B0007A6500436F6E736F6C6520676574732032
:1069C0007465726D696E616C2073637265656E20AB
:1069D00073697A65206F7220617373756D657320BA
:1069E00064656661756C7420696E206361736520EF
:1069F00074686520726561646F7574206661696C86
:106A0000732E204974206D7573742062652065783B
:106A10006563757465642061667465722065616381
:106A200068207465726D696E616C20776964746842
:106A3000206368616E676520746F20656E73757280
:106A40006520636F72726563742074657874206466
:106A50006973706C61792E00686973746F72790064
:106A6000436F6D6D616E6420686973746F72792E07
:106A70000055736566756C2C206E6F7420556E69B9
:106A8000782D6C696B65207368656C6C20636F6D25
:106A90006D616E64732E00436C6561722073637266
:106AA00065656E2E0072656D0049676E6F726520B8
:106AB0006C696E657320626567696E6E696E6720CA
:106AC00077697468202772656D202700417373759C
:106AD0006D6520383020636861727320736372655E
:106AE000656E20776964746820616E642073656EDA
:106AF0006420746869732073657474696E672074A8
:106B00006F20746865207465726D696E616C2E000B
:106B10006261636B656E6473004C697374206163BA
:106B200074697665207368656C6C206261636B655F
:106B30006E64732E0A006261636B73706163655FDC
:106B40006D6F646500546F67676C65206261636B8D
:106B50007370616365206B6579206D6F64652E0AC3
:106B6000536F6D65207465726D696E616C73206121
:106B70007265206E6F742073656E64696E67207332
:106B8000657061726174652065736361706520630F
:106B90006F646520666F72206261636B73706163FE
:106BA0006520616E642064656C657465206275742F
:106BB000746F6E2E205468697320636F6D6D616E03
:106BC0006420666F72636573207368656C6C2074F3
:106BD0006F20696E746572707265742064656C658F
:106BE0007465206B6579206173206261636B7370DB
:106BF0006163652E00636F6C6F727300546F67671B
:106C00006C6520636F6C6F7265642073796E74615C
:106C1000782E00767431303000546F67676C6520D1
:106C2000767431303020636F6D6D616E64732E0049
:106C300070726F6D707400546F67676C652070724E
:106C40006F6D70742E006563686F00546F67676CBA
:106C500065207368656C6C206563686F2E007374C3
:106C6000617473005368656C6C207374617469732C
:106C7000746963732E006261636B73706163650096
:106C800053657420646966666572656E7420657309
:106C90006361706520636F646520666F7220626156
:106CA000636B737061636520616E642064656C65FD
:106CB0007465206B65792E0064656C65746500539E
:106CC0006574207468652073616D65206573636108
:106CD000706520636F646520666F72206261636B0C
:106CE000737061636520616E642064656C657465B2
:106CF000206B65792E005265736574207368656C2E
:106D00006C207374617469737469637320666F7245
:106D100020746865204C6F67676572206D6F6475BD
:106D20006C652E0073686F77004765742073686523
:106D30006C6C207374617469737469637320666F1B
:106D40007220746865204C6F67676572206D6F6490
:106D5000756C652E0044697361626C6520736865AB
:106D60006C6C206563686F2E2045646974696E677A
:106D7000206B65797320616E64206D6574612D6B85
:106D800065797320617265206E6F742068616E642E
:106D90006C656400456E61626C65207368656C6C3F
:106DA000206563686F2E0044697361626C652070B2
:106DB000726F6D70742E00456E61626C652070722A
:106DC0006F6D70742E0044697361626C6520767417
:106DD00031303020636F6D6D616E64732E00456ECF
:106DE00061626C6520767431303020636F6D6D6147
:106DF0006E64732E0044697361626C6520636F6C0E
:106E00006F7265642073796E7461782E00456E61CF
:106E1000626C6520636F6C6F7265642073796E7449
:106E200061782E00436F6D6D616E642062756666D9
:106E3000657220697320746F6F2073686F7274209D
:106E4000746F20657870616E6420616C6C20636F74
:106E50006D6D616E6473206D61746368696E672027
:106E600077696C6463617264207061747465726EBA
:106E70003A2025730A0053697A65206F6620434FD4
:106E80004E4649475F464C4153485F46494C4C5F2C
:106E90004255464645525F53495A45004E65676123
:106EA00074697665206F6666736574206E6F7420F2
:106EB000616C6C6F7765640A00496E636F7272650E
:106EC00063742073697A65206F72206F66667365DC
:106ED0007420616C69676E6D656E742C20657870C6
:106EE000656374656420257A780A004453492068F4
:106EF0006F737420737570706F7274732076696429
:106F0000656F206D6F6465206F6E6C79210053652D
:106F10007475702044534920766964656F206D6FE5
:106F20006465206661696C656421202825642900F8
:106F300053746172742044534920686F73742066DF
:106F400061696C656421202825642900537461728D
:106F50007420445349207061747465726E206765B3
:106F60006E657261746F72206661696C6564212060
:106F70002825642900556E737570706F727465648E
:106F8000206D6573736167652074797065202825AD
:106F90006429005472616E73666572206661696C63
:106FA000656421202825642900636C6F636B20636E
:106FB0006F6E74726F6C20646576696365206E6FA6
:106FC0007420726561647900456E61626C6520446D
:106FD0005349207065726970686572616C20636CDA
:106FE0006F636B206661696C6564212028256429C4
:106FF000004E756D626572206F6620445349206CA7
:10700000616E65732028256429206E6F7420737566
:1070100070706F72746564210047657420706978C0
:10702000656C20636C6F636B206661696C656421BD
:107030002028256429004765742048534520636C47
:107040006F636B206661696C656421202825642963
:107050000044534920545820657363617065206370
:107060006C6F636B2064697361626C65642E0044AD
:10707000534920696E6974206661696C65642120DA
:1070800028256429005365742044534920686F7390
:10709000742074696D656F757473206661696C65C1
:1070A0006421202825642900536574204453492015
:1070B0005048592074696D696E6773206661696C08
:1070C0006564212028256429005365747570204467
:1070D000534920666C6F7720636F6E74726F6C20FB
:1070E0006661696C656421202825642900536574F4
:1070F000757020445349204C502052582066696CCA
:10710000746572206661696C656421202825642994
:1071100000536574757020445349206572726F7214
:10712000206D6F6E69746F72206661696C65642191
:107130002028256429005365747570204453492024
:10714000686F7374206661696C656421202825640A
:1071500029005F5F6465766963655F6474735F6F60
:1071600072645F31393900647369686F73744035D4
:1071700030303030303030007A65706879725F6D51
:107180006970695F647369006473695F73746D33F8
:10719000320072302F61313A202030782530387833
:1071A000202072312F61323A202030782530387813
:1071B000202072322F61333A202030782530387801
:1071C0000072332F61343A2020307825303878200F
:1071D0007231322F69703A2020307825303878208B
:1071E0007231342F6C723A20203078253038780094
:1071F00020787073723A2020307825303878007308
:107200005B2532645D3A20203078253038782020A4
:10721000735B2532645D3A20203078253038782041
:1072200020735B2532645D3A202030782530387831
:107230002020735B2532645D3A2020307825303879
:10724000780066707363723A202030782530387881
:10725000004661756C74696E6720696E737472752F
:107260006374696F6E206164647265737320287241
:1072700031352F7063293A20307825303878005521
:107280006E68616E646C6564204952516E3A2025C7
:107290006400436F756C64206E6F74207265616466
:1072A0002073796D626F6C2066726F6D2062696EFB
:1072B0006172792100436F756C64206E6F74206673
:1072C000696E642073796D626F6C20257321007381
:1072D000796D20272573273A2072656C6F6361747E
:1072E000696F6E206F7574206F662072616E6765BE
:1072F0002028252378202D3E20252378290A007573
:107300006E6B6E6F776E2072656C6F636174696F00
:107310006E3A2025750A00656C66002A2A2A2A2AF8
:10732000204D5055204641554C54202A2A2A2A2ABD
:10733000002020537461636B696E67206572726F01
:10734000722028636F6E74657874206172656120A5
:107350006D69676874206265206E6F742076616C59
:10736000696429002020556E737461636B696E67D0
:10737000206572726F720020204461746120416345
:10738000636573732056696F6C6174696F6E00205A
:10739000204D4D46415220416464726573733A201A
:1073A00030782578002020496E7374727563746993
:1073B0006F6E204163636573732056696F6C6174EF
:1073C000696F6E002020466C6F6174696E672D7066
:1073D0006F696E74206C617A7920737461746520B2
:1073E000707265736572766174696F6E2065727212
:1073F0006F72002A2A2A2A2A2042555320464155D4
:107400004C54202A2A2A2A2A002020537461636BB4
:10741000696E67206572726F72002020507265631A
:10742000697365206461746120627573206572728E
:107430006F7200202042464152204164647265739D
:10744000733A2030782578002020496D707265638A
:10745000697365206461746120627573206572725E
:107460006F72002020496E737472756374696F6E59
:1074700020627573206572726F72002A2A2A2A2A86
:10748000205553414745204641554C54202A2A2A2D
:107490002A2A0020204469766973696F6E20627918
:1074A000207A65726F002020556E616C69676E6589
:1074B00064206D656D6F727920616363657373001D
:1074C00020204E6F20636F70726F636573736F72ED
:1074D00020696E737472756374696F6E7300202017
:1074E000496C6C6567616C206C6F6164206F66200D
:1074F0004558435F52455455524E20696E746F2073
:107500005043002020496C6C6567616C2075736581
:10751000206F66207468652045505352002020413A
:107520007474656D707420746F206578656375740C
:107530006520756E646566696E656420696E737436
:1075400072756374696F6E005265736572766564F7
:1075500020457863657074696F6E202800537075DC
:1075600072696F757320696E7465727275707420BC
:10757000284952512000535053454C20696E2074C5
:107580006872656164206D6F646520646F65732047
:107590006E6F7420696E6469636174652050535026
:1075A000002A2A2A2A2A2048415244204641554C82
:1075B00054202A2A2A2A2A00202042757320666134
:1075C000756C74206F6E20766563746F72207461C1
:1075D000626C652072656164002020446562756795
:1075E000206576656E740020204661756C74206598
:1075F0007363616C6174696F6E20287365652062C6
:10760000656C6F772900415243485F4558434550A8
:1076100054207769746820726561736F6E202578D5
:107620000A002A2A2A2A2A204465627567206D6F7B
:107630006E69746F7220657863657074696F6E200F
:107640002A2A2A2A2A002A2A2A2A2A202573202599
:107650006429202A2A2A2A2A0061626F7274282942
:107660000A006765746F7074006B5F6D7367715F9C
:10767000676574206572726F723A202564004576E2
:10768000656E742064726F707065642C207175650E
:1076900075652066756C6C2C206E6F7420626C6F43
:1076A000636B696E6720696E2073797377712E0042
:1076B000696E707574004661696C656420746F2032
:1076C000676574207461626C652073697A653A201D
:1076D0002564004661696C656420746F2067657479
:1076E0002066756E6374696F6E207461626C653AB2
:1076F000202564004E6F7420656E6F756768206D7D
:10770000656D6F727920666F7220657874656E732F
:10771000696F6E206D6574616461746100466169B2
:107720006C656420746F2063616C6C20696E697491
:107730002066756E6374696F6E733A202564004627
:1077400061696C656420746F2063616C6C20646592
:107750002D696E69742066756E6374696F6E733A15
:10776000202564006C6C657874004661696C656402
:1077700020616C6C6F636174696E6720257A642088
:10778000627974657320257A642D616C69676E6512
:107790006420666F7220726567696F6E20256400D1
:1077A0004661696C656420746F20707265706172E7
:1077B0006520746865206C6F616465722C20726549
:1077C00074202564004661696C656420746F2073C1
:1077D00065656B20666F7220454C46206865616464
:1077E0006572004661696C656420746F2072656122
:1077F0006420454C462068656164657200496E7678
:10780000616C696420454C462C206D61676963207A
:10781000646F6573206E6F74206D617463680055CA
:107820006E737570706F7274656420454C46206687
:10783000696C65207479706520257800496E7661E1
:107840006C69642073656374696F6E206865616438
:1078500065722073697A65202564004661696C65EC
:107860006420746F20616C6C6F6361746520736554
:107870006374696F6E206D61702C2073697A652066
:10788000257A75004661696C656420746F20616CAF
:107890006C6F636174652073656374696F6E2068D3
:1078A0006561646572732C2073697A6520257A7529
:1078B000004661696C656420746F207365656B2098
:1078C000666F722073656374696F6E2068656164AA
:1078D000657273004661696C656420746F2072651F
:1078E00061642073656374696F6E206865616465A7
:1078F0007273004661696C656420746F206C6F61FF
:107900006420626173696320454C46206461746140
:107910002C2072657420256400536F6D652073659B
:107920006374696F6E7320617265206D697373692A
:107930006E67206F722070726573656E74206D754E
:107940006C7469706C652074696D657321004661A3
:10795000696C656420746F2066696E6420696D705F
:107960006F7274616E7420454C46207461626C6560
:10797000732C20726574202564004661696C65640F
:1079800020746F20636F707920454C4620737472A9
:10799000696E672073656374696F6E732C207265FE
:1079A00074202564002E6578706F727465645F734F
:1079B000796D00496E76616C69642025732061726F
:1079C00072617920696E2073656374696F6E20251A
:1079D0006400556E737570706F72746564207365A2
:1079E0006374696F6E20666C61677320252378204D
:1079F0002F2025237820666F72202573202872653A
:107A000067696F6E20256429004D756C7469706C10
:107A100065205348545F4E4F424954532073656369
:107A200074696F6E7320617265206E6F7420737558
:107A300070706F7274656400526567696F6E20259F
:107A400064207265646566696E656400496E636F83
:107A50006D70617469626C652073656374696F6EC3
:107A60002061646472657373657320666F7220258C
:107A7000732028726567696F6E2025642900426152
:107A8000642073656374696F6E20616C69676E6DE5
:107A9000656E7420696E20726567696F6E2025645B
:107AA00000526567696F6E20256420564D41207233
:107AB000616E6765202825237A782D25237A782919
:107AC000206F7665726C6170732077697468202509
:107AD00064202825237A782D25237A782900526579
:107AE00067696F6E20256420454C462066696C6589
:107AF0002072616E6765202825237A782D25237AE8
:107B00007829206F7665726C61707320776974686C
:107B1000202564202825237A782D25237A782900AA
:107B20004661696C656420746F206D617020454CFE
:107B3000462073656374696F6E732C2072657420C0
:107B40002564004661696C656420746F20636F7002
:107B50007920726567696F6E732C207265742025B9
:107B600064004661696C656420746F20636F756E94
:107B700074206578706F7274656420454C4620737C
:107B8000796D626F6C732C207265742025640046D9
:107B900061696C656420746F20616C6C6F636174E3
:107BA0006520657874656E73696F6E2073796D6298
:107BB0006F6C207461626C652C2072657420256482
:107BC000004E6F206461746120666F72207365637C
:107BD00074696F6E202564004661696C6564207469
:107BE0006F20636F70792073796D626F6C732C20D6
:107BF000726574202564004661696C656420746F49
:107C0000206C696E6B2C20726574202564004661BF
:107C1000696C656420746F206578706F72742C20B5
:107C2000726574202564007F454C46556E64656618
:107C3000696E65642073796D626F6C207769746812
:107C4000206E6F20656E74727920696E2073796D75
:107C5000626F6C207461626C652025732C206F66E6
:107C60006673657420257A642C206C696E6B2073B2
:107C7000656374696F6E2025640063616E6E6F7456
:107C8000206170706C792072656C6F636174696FCC
:107C90006E3A207461726765742073796D626F6CDF
:107CA0002068617320756E65787065637465642003
:107CB00073656374696F6E20696E646578202564EE
:107CC00020282523782900496E76616C6964206537
:107CD0006E7472792073697A6520257A6420666FE4
:107CE00072205348545F52454C2073656374696F2A
:107CF0006E20256400466F756E6420756E73757016
:107D0000706F72746564205348545F52454C412033
:107D100073656374696F6E2025640053616E6974C6
:107D20007920636865636B73206661696C656420A4
:107D3000666F722073656374696F6E2025642028F6
:107D4000696E666F20257A642C2073697A65202518
:107D50007A642C20656E7473697A6520257A6429AB
:107D60000053656374696F6E202564206E6F742004
:107D70006C6F6164656420696E20616E79206D6549
:107D80006D6F727920726567696F6E007A5F696DD9
:107D9000706C5F7A65706879725F77726974655F1D
:107DA0007374646F7574007A5F696D706C5F7A6567
:107DB000706879725F726561645F737464696E0084
:107DC0007A5F696D706C5F7A65706879725F6677EB
:107DD00072697465007A5F696D706C5F7A6570684E
:107DE00079725F6670757463007A5F696D706C5F3D
:107DF0007A5F7379735F6D757465785F6B65726EAA
:107E0000656C5F756E6C6F636B007A5F696D706C2B
:107E10005F7A5F7379735F6D757465785F6B657298
:107E20006E656C5F6C6F636B007A5F696D706C5F21
:107E30007A5F6C6F675F6D73675F7374617469639A
:107E40005F637265617465007A5F696D706C5F7AFB
:107E50005F6C6F675F6D73675F73696D706C655F93
:107E60006372656174655F32007A5F696D706C5F23
:107E70007A5F6C6F675F6D73675F73696D706C6558
:107E80005F6372656174655F31007A5F696D706C04
:107E90005F7A5F6C6F675F6D73675F73696D706C3E
:107EA000655F6372656174655F30007A5F696D70EC
:107EB0006C5F756172745F74785F753136007A5FDC
:107EC000696D706C5F756172745F74785F61626F09
:107ED0007274007A5F696D706C5F756172745F7443
:107EE00078007A5F696D706C5F756172745F72782B
:107EF0005F656E61626C655F753136007A5F696DD2
:107F0000706C5F756172745F72785F656E61626CD0
:107F100065007A5F696D706C5F756172745F72780D
:107F20005F64697361626C65007A5F696D706C5F34
:107F3000756172745F706F6C6C5F6F75745F7531B3
:107F400036007A5F696D706C5F756172745F706F17
:107F50006C6C5F6F7574007A5F696D706C5F7561D2
:107F600072745F706F6C6C5F696E5F753136007A2A
:107F70005F696D706C5F756172745F706F6C6C5F60
:107F8000696E007A5F696D706C5F756172745F6CA9
:107F9000696E655F6374726C5F736574007A5F69A4
:107FA0006D706C5F756172745F6C696E655F637430
:107FB000726C5F676574007A5F696D706C5F756184
:107FC00072745F6972715F757064617465007A5F65
:107FD000696D706C5F756172745F6972715F7478DE
:107FE0005F656E61626C65007A5F696D706C5F756C
:107FF0006172745F6972715F74785F6469736162E2
:108000006C65007A5F696D706C5F756172745F6931
:1080100072715F72785F656E61626C65007A5F692C
:108020006D706C5F756172745F6972715F72785F99
:1080300064697361626C65007A5F696D706C5F750D
:108040006172745F6972715F69735F70656E646994
:108050006E67007A5F696D706C5F756172745F69DD
:1080600072715F6572725F656E61626C65007A5FE6
:10807000696D706C5F756172745F6972715F657252
:10808000725F64697361626C65007A5F696D706CC0
:108090005F756172745F6572725F636865636B00C0
:1080A0007A5F696D706C5F756172745F6472765F20
:1080B000636D64007A5F696D706C5F756172745F87
:1080C000636F6E666967757265007A5F696D706C63
:1080D0005F756172745F636F6E6669675F67657411
:1080E000007A5F696D706C5F7379735F72616E6443
:1080F0005F676574007A5F696D706C5F7379735F39
:10810000637372616E645F676574007A5F696D7036
:108110006C5F7379735F636C6F636B5F68775F63CA
:1081200079636C65735F7065725F7365635F7275A9
:108130006E74696D655F676574007A5F696D706CF8
:108140005F7379735F63616368655F646174615FC6
:10815000696E76645F72616E6765007A5F696D70E3
:108160006C5F7379735F63616368655F6461746199
:108170005F666C7573685F72616E6765007A5F69D0
:108180006D706C5F7379735F63616368655F646171
:1081900074615F666C7573685F616E645F696E764B
:1081A000645F72616E6765007A5F696D706C5F73A2
:1081B00070695F7472616E736365697665007A5F7A
:1081C000696D706C5F7370695F72656C6561736512
:1081D000007A5F696D706C5F72657365745F73744C
:1081E00061747573007A5F696D706C5F7265736539
:1081F000745F6C696E655F746F67676C65007A5F4A
:10820000696D706C5F72657365745F6C696E655FD4
:108210006465617373657274007A5F696D706C5F19
:1082200072657365745F6C696E655F6173736572A7
:1082300074007A5F696D706C5F70776D5F736574E1
:108240005F6379636C6573007A5F696D706C5F70F2
:10825000776D5F6765745F6379636C65735F706585
:10826000725F736563007A5F696D706C5F70776DC4
:108270005F656E61626C655F6361707475726500E5
:108280007A5F696D706C5F70776D5F64697361624E
:108290006C655F63617074757265007A5F696D709B
:1082A0006C5F70776D5F636170747572655F637921
:1082B000636C6573007A5F696D706C5F6C6F675F8C
:1082C00070726F63657373007A5F696D706C5F6C59
:1082D0006F675F70616E6963007A5F696D706C5F74
:1082E0006C6F675F66726F6E74656E645F66696CF3
:1082F0007465725F736574007A5F696D706C5F6C32
:108300006F675F66696C7465725F736574007A5F2E
:10831000696D706C5F6C6F675F62756666657265CC
:10832000645F636E74007A5F696D706C5F6C6C651E
:1083300078745F6765745F666E5F7461626C650018
:108340007A5F696D706C5F6B5F7969656C64007AE8
:108350005F696D706C5F6B5F77616B657570007ADC
:108360005F696D706C5F6B5F75736C656570007ACB
:108370005F696D706C5F6B5F757074696D655F745C
:1083800069636B73007A5F696D706C5F6B5F7469B2
:108390006D65725F757365725F646174615F73654B
:1083A00074007A5F696D706C5F6B5F74696D657284
:1083B0005F757365725F646174615F676574007A8D
:1083C0005F696D706C5F6B5F74696D65725F73740C
:1083D0006F70007A5F696D706C5F6B5F74696D655B
:1083E000725F7374617475735F73796E63007A5F23
:1083F000696D706C5F6B5F74696D65725F737461DA
:108400007475735F676574007A5F696D706C5F6B1C
:108410005F74696D65725F7374617274007A5F690D
:108420006D706C5F6B5F74696D65725F72656D61B5
:10843000696E696E675F7469636B73007A5F696DFB
:10844000706C5F6B5F74696D65725F65787069727F
:1084500065735F7469636B73007A5F696D706C5FDD
:108460006B5F7468726561645F74696D656F757464
:108470005F72656D61696E696E675F7469636B7366
:10848000007A5F696D706C5F6B5F746872656164C0
:108490005F74696D656F75745F6578706972657317
:1084A0005F7469636B73007A5F696D706C5F6B5F9B
:1084B0007468726561645F73757370656E64007A69
:1084C0005F696D706C5F6B5F7468726561645F7328
:1084D0007461636B5F73706163655F676574007A75
:1084E0005F696D706C5F6B5F7468726561645F7308
:1084F0007461636B5F66726565007A5F696D706C4D
:108500005F6B5F7468726561645F737461636B5FF6
:10851000616C6C6F63007A5F696D706C5F6B5F7428
:1085200068726561645F726573756D65007A5F6915
:108530006D706C5F6B5F7468726561645F707269A7
:108540006F726974795F736574007A5F696D706CBE
:108550005F6B5F7468726561645F7072696F726986
:1085600074795F676574007A5F696D706C5F6B5FCB
:108570007468726561645F6E616D655F73657400D8
:108580007A5F696D706C5F6B5F7468726561645F60
:108590006E616D655F636F7079007A5F696D706C95
:1085A0005F6B5F7468726561645F6A6F696E007AA1
:1085B0005F696D706C5F6B5F7468726561645F6446
:1085C0006561646C696E655F736574007A5F696D7F
:1085D000706C5F6B5F7468726561645F6375737400
:1085E0006F6D5F646174615F736574007A5F696D5C
:1085F000706C5F6B5F7468726561645F63757374E0
:108600006F6D5F646174615F676574007A5F696D47
:10861000706C5F6B5F7468726561645F63726561E3
:108620007465007A5F696D706C5F6B5F746872650A
:1086300061645F61626F7274007A5F696D706C5F14
:108640006B5F7374725F6F7574007A5F696D706CC5
:108650005F6B5F737461636B5F70757368007A5FE3
:10866000696D706C5F6B5F737461636B5F706F706B
:10867000007A5F696D706C5F6B5F737461636B5FD1
:10868000616C6C6F635F696E6974007A5F696D70AD
:108690006C5F6B5F736C656570007A5F696D706CA1
:1086A0005F6B5F73656D5F74616B65007A5F696DA9
:1086B000706C5F6B5F73656D5F7265736574007A74
:1086C0005F696D706C5F6B5F73656D5F696E697418
:1086D000007A5F696D706C5F6B5F73656D5F676972
:1086E0007665007A5F696D706C5F6B5F73656D5F57
:1086F000636F756E745F676574007A5F696D706C27
:108700005F6B5F73636865645F63757272656E74D7
:108710005F7468726561645F7175657279007A5F14
:10872000696D706C5F6B5F72657363686564756CAF
:1087300065007A5F696D706C5F6B5F7175657565FB
:108740005F7065656B5F7461696C007A5F696D70FD
:108750006C5F6B5F71756575655F7065656B5F6894
:10876000656164007A5F696D706C5F6B5F717565E0
:1087700075655F69735F656D707479007A5F696DA7
:10878000706C5F6B5F71756575655F696E697400AC
:108790007A5F696D706C5F6B5F71756575655F673A
:1087A0006574007A5F696D706C5F6B5F717565757C
:1087B000655F63616E63656C5F77616974007A5FA2
:1087C000696D706C5F6B5F71756575655F616C6C11
:1087D0006F635F70726570656E64007A5F696D705B
:1087E0006C5F6B5F71756575655F616C6C6F635F06
:1087F000617070656E64007A5F696D706C5F6B5F4D
:10880000706F6C6C5F7369676E616C5F72657365C6
:1088100074007A5F696D706C5F6B5F706F6C6C5F1A
:108820007369676E616C5F7261697365007A5F6915
:108830006D706C5F6B5F706F6C6C5F7369676E619E
:108840006C5F696E6974007A5F696D706C5F6B5FF5
:10885000706F6C6C5F7369676E616C5F6368656392
:108860006B007A5F696D706C5F6B5F706F6C6C0032
:108870007A5F696D706C5F6B5F706970655F77724E
:108880006974655F617661696C007A5F696D706CAF
:108890005F6B5F706970655F7772697465007A5F9E
:1088A000696D706C5F6B5F706970655F7265736531
:1088B00074007A5F696D706C5F6B5F706970655F83
:1088C000726561645F617661696C007A5F696D7081
:1088D0006C5F6B5F706970655F72656164007A5F81
:1088E000696D706C5F6B5F706970655F7075740047
:1088F0007A5F696D706C5F6B5F706970655F696EE0
:108900006974007A5F696D706C5F6B5F7069706528
:108910005F676574007A5F696D706C5F6B5F70692B
:1089200070655F666C757368007A5F696D706C5F07
:108930006B5F706970655F636C6F7365007A5F6908
:108940006D706C5F6B5F706970655F6275666665A0
:10895000725F666C757368007A5F696D706C5F6BCF
:108960005F706970655F616C6C6F635F696E69747D
:10897000007A5F696D706C5F6B5F6F626A656374CC
:108980005F72656C65617365007A5F696D706C5FBD
:108990006B5F6F626A6563745F616C6C6F635F735A
:1089A000697A65007A5F696D706C5F6B5F6F626A90
:1089B0006563745F616C6C6F63007A5F696D706C86
:1089C0005F6B5F6F626A6563745F61636365737336
:1089D0005F6772616E74007A5F696D706C5F6B5F68
:1089E0006D757465785F756E6C6F636B007A5F6927
:1089F0006D706C5F6B5F6D757465785F6C6F636BCA
:108A0000007A5F696D706C5F6B5F6D757465785F20
:108A1000696E6974007A5F696D706C5F6B5F6D730E
:108A200067715F707574007A5F696D706C5F6B5F02
:108A30006D7367715F7075726765007A5F696D70DD
:108A40006C5F6B5F6D7367715F7065656B5F6174A1
:108A5000007A5F696D706C5F6B5F6D7367715F70DB
:108A600065656B007A5F696D706C5F6B5F6D7367D6
:108A7000715F6E756D5F757365645F676574007AAD
:108A80005F696D706C5F6B5F6D7367715F6E756D45
:108A90005F667265655F676574007A5F696D706CAB
:108AA0005F6B5F6D7367715F6765745F617474722C
:108AB00073007A5F696D706C5F6B5F6D7367715F78
:108AC000676574007A5F696D706C5F6B5F6D73676B
:108AD000715F616C6C6F635F696E6974007A5F6966
:108AE0006D706C5F6B5F69735F707265656D7074DC
:108AF0005F746872656164007A5F696D706C5F6B4A
:108B00005F66757465785F77616B65007A5F696D24
:108B1000706C5F6B5F66757465785F776169740010
:108B20007A5F696D706C5F6B5F666C6F61745F65B7
:108B30006E61626C65007A5F696D706C5F6B5F6619
:108B40006C6F61745F64697361626C65007A5F6900
:108B50006D706C5F6B5F6576656E745F776169746D
:108B60005F616C6C007A5F696D706C5F6B5F6576DE
:108B7000656E745F77616974007A5F696D706C5FB0
:108B80006B5F6576656E745F7365745F6D61736B43
:108B90006564007A5F696D706C5F6B5F6576656EAA
:108BA000745F736574007A5F696D706C5F6B5F658D
:108BB00076656E745F706F7374007A5F696D706C48
:108BC0005F6B5F6576656E745F696E6974007A5F6E
:108BD000696D706C5F6B5F6576656E745F636C6505
:108BE0006172007A5F696D706C5F6B5F636F6E645A
:108BF0007661725F77616974007A5F696D706C5F2E
:108C00006B5F636F6E647661725F7369676E616CD0
:108C1000007A5F696D706C5F6B5F636F6E64766125
:108C2000725F696E6974007A5F696D706C5F6B5F0B
:108C3000636F6E647661725F62726F6164636173A9
:108C400074007A5F696D706C5F6B5F627573795FDA
:108C500077616974007A5F696D706C5F6932635F18
:108C60007472616E73666572007A5F696D706C5FB5
:108C70006932635F7461726765745F647269766597
:108C8000725F756E7265676973746572007A5F6989
:108C90006D706C5F6932635F7461726765745F6485
:108CA00072697665725F7265676973746572007A5E
:108CB0005F696D706C5F6932635F7265636F766563
:108CC000725F627573007A5F696D706C5F693263A1
:108CD0005F6765745F636F6E666967007A5F696D71
:108CE000706C5F6932635F636F6E6669677572652A
:108CF000007A5F696D706C5F6877696E666F5F6739
:108D000065745F737570706F727465645F7265739C
:108D100065745F6361757365007A5F696D706C5F20
:108D20006877696E666F5F6765745F726573657497
:108D30005F6361757365007A5F696D706C5F6877FA
:108D4000696E666F5F6765745F6465766963655FAA
:108D50006964007A5F696D706C5F6877696E666FD1
:108D60005F6765745F6465766963655F65756936BD
:108D700034007A5F696D706C5F6877696E666F5FEB
:108D8000636C6561725F72657365745F636175734F
:108D900065007A5F696D706C5F6770696F5F706F97
:108DA00072745F746F67676C655F62697473007A71
:108DB0005F696D706C5F6770696F5F706F72745F11
:108DC0007365745F6D61736B65645F726177007A60
:108DD0005F696D706C5F6770696F5F706F72745FF1
:108DE0007365745F626974735F726177007A5F693B
:108DF0006D706C5F6770696F5F706F72745F6765CD
:108E0000745F726177007A5F696D706C5F6770691B
:108E10006F5F706F72745F6765745F6469726563BA
:108E200074696F6E007A5F696D706C5F6770696FEF
:108E30005F706F72745F636C6561725F6269747397
:108E40005F726177007A5F696D706C5F6770696FE0
:108E50005F70696E5F696E746572727570745F635E
:108E60006F6E666967757265007A5F696D706C5FB9
:108E70006770696F5F70696E5F6765745F636F6E5F
:108E8000666967007A5F696D706C5F6770696F5FB4
:108E900070696E5F636F6E666967757265007A5F91
:108EA000696D706C5F6770696F5F6765745F70652F
:108EB0006E64696E675F696E74007A5F696D706C6D
:108EC0005F666C6173685F7772697465007A5F6969
:108ED0006D706C5F666C6173685F736664705F72FF
:108EE000656164007A5F696D706C5F666C61736860
:108EF0005F726561645F6A656465635F6964007A77
:108F00005F696D706C5F666C6173685F72656164E8
:108F1000007A5F696D706C5F666C6173685F67652E
:108F2000745F77726974655F626C6F636B5F73699E
:108F30007A65007A5F696D706C5F666C6173685FFB
:108F40006765745F73697A65007A5F696D706C5FDD
:108F5000666C6173685F6765745F706172616D658F
:108F600074657273007A5F696D706C5F666C6173B3
:108F7000685F6765745F706167655F696E666F5F84
:108F800062795F6F666673007A5F696D706C5F66A9
:108F90006C6173685F6765745F706167655F696E58
:108FA000666F5F62795F696478007A5F696D706C83
:108FB0005F666C6173685F6765745F706167655F4A
:108FC000636F756E74007A5F696D706C5F666C615B
:108FD00073685F666C617474656E007A5F696D704A
:108FE0006C5F666C6173685F66696C6C007A5F6960
:108FF0006D706C5F666C6173685F65785F6F700041
:109000007A5F696D706C5F666C6173685F657261D1
:109010007365007A5F696D706C5F666C6173685F21
:10902000636F7079007A5F696D706C5F656E7472E2
:109030006F70795F6765745F656E74726F707900C9
:109040007A5F696D706C5F646D615F737573706575
:109050006E64007A5F696D706C5F646D615F7374DC
:109060006F70007A5F696D706C5F646D615F7374BF
:10907000617274007A5F696D706C5F646D615F72BC
:109080006573756D65007A5F696D706C5F646D61A5
:109090005F726571756573745F6368616E6E656C30
:1090A000007A5F696D706C5F646D615F72656C659D
:1090B0006173655F6368616E6E656C007A5F696D90
:1090C000706C5F646D615F6368616E5F66696C742C
:1090D0006572007A5F696D706C5F6465766963655F
:1090E0005F69735F7265616479007A5F696D706C46
:1090F0005F6465766963655F696E6974007A5F694C
:109100006D706C5F6465766963655F6765745F62E7
:10911000795F64745F6E6F64656C6162656C007A20
:109120005F696D706C5F6465766963655F676574C0
:109130005F62696E64696E67007A5F696D706C5F0B
:109140006465766963655F6465696E6974007A5FFA
:10915000696D706C5F6461635F77726974655F7677
:10916000616C7565007A5F696D706C5F6461635FE7
:109170006368616E6E656C5F7365747570007A5FAD
:10918000696D706C5F6164635F726561645F617378
:10919000796E63007A5F696D706C5F6164635F72A2
:1091A000656164007A5F696D706C5F6164635F63C1
:1091B00068616E6E656C5F7365747570006D656D6A
:1091C000736574006D656D637079006D656D636DB9
:1091D00070007374726370790025732066756E6316
:1091E00074696F6E2025692028257029206F757499
:1091F00073696465207465787420726567696F6E41
:10920000006272696E6775700074656172646F7771
:109210006E006C6C6578745F66735F6C6F6164651B
:1092200072004E6F2073756368206C6C65787420D3
:1092300025730A00457874656E73696F6E3A202550
:10924000732073796D626F6C730A007C2053796DA3
:10925000626F6C20202020202020202020207C20D5
:1092600041646472657373202020207C0A007C2096
:1092700025313673207C202570207C0A007C204E0E
:10928000616D65202020202020202020202020200B
:109290007C2053697A652020202020202020207CFB
:1092A0000A007C2025313673207C20253132642051
:1092B0007C0A00457874656E73696F6E206E616D0F
:1092C0006520746F6F206C6F6E672C206D61782045
:1092D00025642063686172730A0A00457874656EBC
:1092E00073696F6E20256420627974657320746FD2
:1092F0006F206C6172676520746F206C6F61642CE5
:10930000206D61782025642062797465730A0A00F3
:109310005375636365737366756C6C79206C6F61EC
:1093200064656420657874656E73696F6E2025735B
:109330002C20616464722025700A0A004661696C01
:10934000656420746F206C6F616420657874656E4D
:1093500073696F6E2025732C2072657475726E2090
:10936000636F64652025640A0A004E6F207375637D
:109370006820657874656E73696F6E2025730A00C6
:10938000556E6C6F6164656420657874656E736991
:109390006F6E2025730A0A004C6F616461626C6510
:1093A00020657874656E73696F6E20636F6D6D6193
:1093B0006E6473004C697374206C6F616465642023
:1093C000657874656E73696F6E7320616E64207466
:1093D000686569722073697A6520696E206D656DB4
:1093E0006F7279006C6F61645F686578004C6F61C3
:1093F0006420616E20656C662066696C6520656E10
:10940000636F64656420696E2068657820646972A2
:109410006563746C792066726F6D20746865207363
:1094200068656C6C20696E7075742E2053796E744B
:1094300061783A0A3C6578745F6E616D653E203CE8
:109440006578745F6865785F737472696E673E00F3
:10945000756E6C6F616400556E6C6F616420616E37
:1094600020657874656E73696F6E206279206E6115
:109470006D652E2053796E7461783A0A3C65787474
:109480005F6E616D653E006C6973745F73796D62C8
:109490006F6C73004C69737420657874656E7369C2
:1094A0006F6E2073796D626F6C732E2053796E74BA
:1094B00061783A0A3C6578745F6E616D653E006361
:1094C000616C6C5F666E0043616C6C2065787465DE
:1094D0006E73696F6E2066756E6374696F6E207748
:1094E0006974682070726F746F7479706520766F1C
:1094F000696420666E28766F6964292E2053796E20
:109500007461783A0A3C6578745F6E616D653E20DF
:109510003C66756E6374696F6E5F6E616D653E006B
:109520006C6C6578745F7368656C6C000A06050581
:10953000040103010201010100015F5F64657669B6
:1095400063655F6474735F6F72645F3134370069A1
:109550006E746572727570742D636F6E74726F6C59
:109560006C6572403538303030303030006578749A
:109570006900436F756C64206E6F742073656C6551
:1095800063742055534220646F6D61696E20636C73
:109590006F636B00556E61626C6520746F20656E41
:1095A00061626C652055534220636C6F636B0046AB
:1095B00061696C656420746F20676574205553423F
:1095C00020646F6D61696E20636C6F636B207261E4
:1095D00074650055534220436C6F636B20697320A0
:1095E0006E6F742034384D487A2028256429005045
:1095F0005752206E6F7420616374697665207965B7
:1096000074005553422070696E6374726C207365E8
:10961000747570206661696C656420282564290072
:109620005043445F496E6974206661696C65642CBF
:10963000202564005043445F53746F702066616955
:109640006C65642C202564005043445F5374617240
:1096500074206661696C65642C2025640048414C67
:109660005F5043445F536574416464726573732053
:109670006661696C656428307825303278292C2041
:10968000256400696E76616C6964206570203078AD
:10969000253032780048414C5F5043445F45505F6D
:1096A00052656365697665206661696C656428301A
:1096B0007825303278292C20256400696E76616C1B
:1096C000696420656E64706F696E7420636F6E6686
:1096D000696775726174696F6E00656E64706F6939
:1096E0006E7420696E6465782F616464726573734B
:1096F000206F7574206F662072616E676500484147
:109700004C5F5043445F45505F5365745374616CC4
:109710006C206661696C6564283078253032782960
:109720002C2025640048414C5F5043445F45505F06
:10973000436C725374616C6C206661696C6564285B
:10974000307825303278292C2025640048414C5F40
:109750005043445F45505F4F70656E206661696C91
:10976000656428307825303278292C20256400481B
:10977000414C5F5043445F45505F436C6F736520BD
:109780006661696C656428307825303278292C2030
:10979000256400556E61626C6520746F2067657486
:1097A000207772697465206C6F636B2028256429AB
:1097B0000048414C5F5043445F45505F5472616EB6
:1097C000736D6974206661696C6564283078253032
:1097D0003278292C20256400496E76616C696420FA
:1097E000456E64706F696E742025780057726F6ED5
:1097F0006720656E64706F696E742064697265635A
:1098000074696F6E3A203078253032780057726F65
:109810006E6720617267756D656E7473004E6F744C
:109820002076616C696420656E64706F696E743A4D
:109830002025303278005043445F4465496E697496
:10984000206661696C65642C20256400556E616238
:109850006C6520746F2064697361626C6520555378
:109860004220636C6F636B007573625F64635F7348
:10987000746D333200446966666572656E74696141
:109880006C206368616E6E656C7320617265206E1A
:109890006F7420737570706F7274656400496E76B2
:1098A000616C6964206368616E6E656C20676169D4
:1098B0006E00496E76616C6964206368616E6E65E6
:1098C0006C207265666572656E63650053616D70CC
:1098D0006C696E672074696D652076616C756520B2
:1098E0006E6F7420737570706F727465642E004EA5
:1098F000756D626572206F6620636F6D6D6F6E208F
:1099000073616D706C696E672074696D6520636842
:10991000616E6E656C73206E6F7420737570706FFE
:109920007274656400496E76616C69642073616D60
:10993000706C696E672074696D6500414443206FE7
:1099400076657272756E206572726F72206F6363D6
:1099500075727265642E2055736520444D412C202C
:1099600072656475636520636C6F636B20736F75DC
:10997000726365206672657175656E63792C206906
:109980006E637265617365207072657363616C6587
:10999000722076616C7565206F7220696E637265E6
:1099A0006173652073616D706C696E672074696D99
:1099B00065732E0041444320636C6F636B207261BA
:1099C000746520676574206572726F722E00414461
:1099D0004320436C6F636B2072617465206E756CFD
:1099E0006C004661696C656420746F206765742043
:1099F00041444320636C6F636B20667265717565CB
:109A00006E637900496E76616C696420636C6F6384
:109A10006B207072657363616C65722076616C7522
:109A2000650041444320636C6F636B20667265710F
:109A300075656E637920746F6F206869676820258B
:109A400075004144432070696E6374726C207365C5
:109A5000747570206661696C65642028256429002E
:109A60004E6F206368616E6E656C732073656C6504
:109A70006374656400546F6F206D616E7920636854
:109A8000616E6E656C7320666F72207365717565AB
:109A90006E6365722E204D61783A20256400496E10
:109AA00076616C6964207265736F6C7574696F6E32
:109AB0000050726F766964656420627566666572CF
:109AC00020697320746F6F20736D616C6C20282582
:109AD000752F25752900496E76616C6964206F7653
:109AE000657273616D706C696E67005F5F64657647
:109AF0006963655F6474735F6F72645F31330061C3
:109B0000646340353830323630303000616463335E
:109B1000005F5F6465766963655F6474735F6F722D
:109B2000645F35330061646340343030323230304A
:109B3000300061646331006164635F73746D33325C
:109B40000054617267657420636C6F636B2066728A
:109B5000657175656E63792063616E6E6F742062E6
:109B6000652065787072657373656420696E205036
:109B7000574D20636C6F636B207469636B73005F78
:109B80005F6465766963655F6474735F6F72645F59
:109B90003239330070776D636C6F636B00636C6F89
:109BA000636B5F636F6E74726F6C5F70776D005F75
:109BB0005F6465766963655F6474735F6F72645F29
:109BC00039007263634035383032343430300072DB
:109BD0006363004368616E6E656C20256420697361
:109BE000206E6F742076616C6964005265736F6CCF
:109BF0007574696F6E206E6F7420737570706F72FC
:109C00007465640056616C75652025642069732055
:109C10006F7574206F662072616E67650044414302
:109C20002070696E6374726C207365747570206641
:109C300061696C65642028256429005F5F6465762E
:109C40006963655F6474735F6F72645F3536006467
:109C50006163403430303037343030006461633118
:109C6000006461635F73746D3332005468657265BC
:109C7000206973206E6F2070616E656C20636F6E5B
:109C800074726F6C6C657220746F20666F7277618E
:109C9000726420626C616E6B696E675F6F666620CE
:109CA00063616C6C20746F00446973706C6179201F
:109CB000646576696365202573206E6F7420726514
:109CC00061647900436F6E66696775726174696F6C
:109CD0006E206F6620646973706C6179206F6E2FDF
:109CE0006F666620636F6E74726F6C204750494FC9
:109CF000206661696C656400436F6E6669677572A2
:109D00006174696F6E206F6620646973706C61792D
:109D1000206261636B6C6967687420636F6E747234
:109D20006F6C204750494F206661696C6564004341
:109D30006F756C64206E6F7420656E61626C652057
:109D40004C544443207065726970686572616C2080
:109D5000636C6F636B005468657265206973206E75
:109D60006F2070616E656C20636F6E74726F6C6CC7
:109D7000657220746F20666F727761726420626C06
:109D8000616E6B696E675F6F6E2063616C6C2074CF
:109D90006F005F5F6465766963655F6474735F6FAE
:109DA00072645F31393700646973706C61792D6357
:109DB0006F6E74726F6C6C6572403530303031305C
:109DC0003030007A65706879725F6C63645F636FCE
:109DD0006E74726F6C6C657200646973706C61791B
:109DE0005F73746D33325F6C7464630047656E65D6
:109DF000726963207772697465206661696C656455
:109E00002120282564290053686F727420777269B5
:109E10007465206661696C656421202825642900C9
:109E20004443532030782578207772697465206622
:109E300061696C6564212028256429004469736187
:109E4000626C65206261636B6C696768742066612F
:109E5000696C656421202825642900456E61626C67
:109E600065206261636B6C69676874206661696C08
:109E70006564212028256429005265736574204794
:109E800050494F20646576696365206973206E6F61
:109E90007420726561647921005265736574206471
:109EA0006973706C6179206661696C656421202832
:109EB00025642900456E61626C6520646973706C6D
:109EC0006179206661696C65642120282564290018
:109ED0004D4950492D445349206174746163682091
:109EE0006661696C656421202825642900526561DA
:109EF000642070616E656C204944206661696C6500
:109F000064212028256429004944203078257820C0
:109F10002873686F756C642030782578290050614B
:109F20006E656C20494420636865636B20666169D7
:109F30006C656421202825642900556E7375707046
:109F40006F7274656420706978656C20666F726DDD
:109F500061742030782578210044534920696E6966
:109F6000742073657175656E6365206661696C65E3
:109F70006421202825642900446973706C6179206C
:109F8000626C616E6B696E67206F666620666169E0
:109F90006C656421202825642900C06300C111027A
:109FA00000C20108005F5F6465766963655F647481
:109FB000735F6F72645F32303000737437373031E3
:109FC00040300073743737303100636C6F636B203F
:109FD0006F70206661696C65640A0063616E6E6F04
:109FE0007420636F6E66696775726520746865209A
:109FF000646D612073747265616D2025642E006448
:10A000006D612073747265616D2025642069732011
:10A01000627573792E00636F756C64206E6F7420A7
:10A0200064697361626C6520646D6120737472652C
:10A03000616D2025642E00446174612073697A6526
:10A0400020746F6F206269673A2025640A004D65AD
:10A050006D636F7079206E6F7420737570706F729E
:10A0600074656420666F7220646576696365202577
:10A070007300736F7572636520616E64206465732D
:10A080007420646174612073697A6520646966660E
:10A0900065722E00736F7572636520616E64206453
:10A0A00065737420756E69742073697A65206572B2
:10A0B000726F722C20256400736F757263655F7216
:10A0C000656C6F61645F656E20616E6420646573AA
:10A0D000745F72656C6F61645F656E206D7573741B
:10A0E000206265207468652073616D652E00736F52
:10A0F000757263655F62756666657220616464721D
:10A10000657373206973206E756C6C2E00646573C3
:10A11000745F6275666665722061646472657373EC
:10A12000206973206E756C6C2E005072696F7269B5
:10A130007479206572726F722E20256400446972F2
:10A14000656374696F6E206572726F722E2025646C
:10A15000004D656D6F727920696E6372656D656E15
:10A1600074206572726F722E2025640050657269CA
:10A17000706820696E6372656D656E7420657272B9
:10A180006F722E20256400556E6578706563746566
:10A1900064206972712068617070656E65642E005C
:10A1A0005472616E73666572204572726F722E0012
:10A1B0005F5F6465766963655F6474735F6F726423
:10A1C0005F31383000646D614034303032303030CF
:10A1D0003000646D613100646D615F73746D3332A2
:10A1E00000102840587088A0B874633A2025642C69
:10A1F0002068743A2025642C2074653A2025642C4C
:10A2000020646D653A2025642C2066653A2025641B
:10A21000004669466F206572726F722E004D656D43
:10A220006F72792062757273742073697A65206524
:10A2300072726F722C7573696E672073696E676CCA
:10A240006520627572737420617320646566617540
:10A250006C74005065726970686572616C2062751B
:10A260007273742073697A65206572726F722C75CF
:10A2700073696E672073696E676C652062757273AF
:10A28000742061732064656661756C74004649468C
:10A290004F207468726573686F6C642070617261BE
:10A2A0006D65746572206572726F722C20726573B1
:10A2B000657420746F20312F3400646D615F737496
:10A2C0006D33325F763100102840587088A0B86333
:10A2D00068616E6E656C2049442025642069732096
:10A2E000746F6F206269672E0063616E6E6F7420F9
:10A2F0006765742074686520737461747573206F6A
:10A300006620646D616D7578206368616E6E656C42
:10A310002025642E0063616E6E6F742072656C6F11
:10A3200061642074686520646D616D757820636870
:10A33000616E6E656C2025642E0063616E6E6F74B5
:10A340002073746F702074686520646D616D75781A
:10A35000206368616E6E656C2025642E0063616EFB
:10A360006E6F742073746172742074686520646DFC
:10A37000616D7578206368616E6E656C2025642E52
:10A3800000726571756573742049442025642069E5
:10A3900073206E6F742076616C69642E0063616E49
:10A3A0006E6F7420636F6E6669677572652074687E
:10A3B0006520646D616D75782E005F5F64657669F8
:10A3C00063655F6474735F6F72645F31343300641C
:10A3D0006D616D7578403430303230383030006423
:10A3E0006D616D75783100646D616D75785F737442
:10A3F0006D3332005F5F6465766963655F647473B3
:10A400005F6F72645F31353000726E674034383090
:10A41000323138303000726E670052656164696EA7
:10A420006720534644500025643A204661696C65B4
:10A430006420746F2073656E642053464450206915
:10A440006E737472756374696F6E0025643A20468A
:10A4500061696C656420746F207265616420534685
:10A4600044500025643A204661696C656420746F2D
:10A470002073656E64205153504920696E73747265
:10A48000756374696F6E00515350492070696E6333
:10A4900074726C207365747570206661696C656494
:10A4A00020282564290053464450207265616420A9
:10A4B0006661696C65643A20256400534644502007
:10A4C0006D61676963202530387820696E76616C2C
:10A4D00069640025733A2053464450207620257540
:10A4E0002E25752041502025782077697468202515
:10A4F0007520504800504825753A20253034782082
:10A500007265762025752E25753A202575204457CD
:10A51000204020257800556E657870656374656409
:10A5200020666C6173682073697A653A202575002E
:10A5300025733A202575204D69427920666C617338
:10A540006800466C617368202D20616464726573D5
:10A5500073206D6F64653A20344200556E61626C01
:10A560006520746F20656E746572203442206D6FB3
:10A5700064653A2025640A00534644502042465000
:10A58000206661696C65643A202564006C61796FAE
:10A590007574207061676520257520776173746517
:10A5A00073207370616365207769746820646576D1
:10A5B0006963652073697A6520257A75006C617915
:10A5C0006F7574207365747570206661696C65645D
:10A5D0003A202564004E4F5220717561642D666CDF
:10A5E000617368206174203078256C782028307879
:10A5F0002578206279746573290025643A204661C4
:10A60000696C656420746F20726561642064617494
:10A61000610043616E277420657261736520257A3D
:10A6200075206174203078256C78005F5F646576F2
:10A630006963655F6474735F6F72645F32373000A3
:10A64000717370692D6E6F722D666C61736840391D
:10A6500030303030303030006E3235713132386168
:10A660003100666C6173685F73746D33325F717350
:10A670007069004661696C656420746F20656E6165
:10A68000626C6520636C6F636B0042616E6B256466
:10A6900020454343206572726F72206174203078C8
:10A6A00025303878005374617475732042616E6B85
:10A6B00025643A203078253038780052616E67651D
:10A6C000206F76656C61707320666C6173682062C0
:10A6D000616E6B20646973636F6E74696E75697403
:10A6E00079005772697465206F6666736574206EB1
:10A6F0006F7420616C69676E6564206F6E20666C94
:10A70000617368776F7264206C656E6774682E2061
:10A710004F66667365743A203078256C782C206615
:10A720006C617368776F7264206C656E6774683AE9
:10A7300020256400526561642072616E676520693E
:10A740006E76616C69642E204F66667365743A207C
:10A75000256C642C206C656E3A20257A750054694E
:10A760006D656F7574212076616C3A202564004F09
:10A77000666673657420256C6420646F6573206E53
:10A780006F74206578697374004572617365207217
:10A79000616E676520696E76616C69642E204F6614
:10A7A000667365743A20256C642C206C656E3A20C3
:10A7B000257A750057726974652072616E6765202D
:10A7C000696E76616C69642E204F66667365743AB3
:10A7D00020256C642C206C656E3A20257A75005F0C
:10A7E0005F6465766963655F6474735F6F72645FED
:10A7F00032303400666C6173682D636F6E74726FF3
:10A800006C6C657240353230303230303000666CFE
:10A810006173685F73746D33326837005F5F6465BE
:10A82000766963655F6474735F6F72645F38370065
:10A830006770696F403538303232383030006770B9
:10A84000696F6B005F5F6465766963655F647473ED
:10A850005F6F72645F3836006770696F40353830FB
:10A860003232343030006770696F6A005F5F646550
:10A87000766963655F6474735F6F72645F3138001B
:10A880006770696F40353830323230303000677071
:10A89000696F69005F5F6465766963655F6474739F
:10A8A0005F6F72645F3835006770696F40353830AC
:10A8B0003231433030006770696F68005F5F6465F4
:10A8C000766963655F6474735F6F72645F383400C8
:10A8D0006770696F4035383032313830300067701A
:10A8E000696F67005F5F6465766963655F64747351
:10A8F0005F6F72645F3833006770696F403538305E
:10A900003231343030006770696F66005F5F6465B4
:10A91000766963655F6474735F6F72645F38320079
:10A920006770696F403538303231303030006770D1
:10A93000696F65005F5F6465766963655F64747302
:10A940005F6F72645F3831006770696F403538300F
:10A950003230433030006770696F64005F5F646558
:10A96000766963655F6474735F6F72645F3830002B
:10A970006770696F4035383032303830300067707A
:10A98000696F63005F5F6465766963655F647473B4
:10A990005F6F72645F3739006770696F40353830B8
:10A9A0003230343030006770696F62005F5F646519
:10A9B000766963655F6474735F6F72645F373800D4
:10A9C0006770696F40353830323030303000677032
:10A9D000696F61005F5F6465766963655F64747366
:10A9E0005F6F72645F3430006770696F40646561E7
:10A9F0006462656566006770696F7A00496E7661AA
:10AA00006C69642049324320626974207261746504
:10AA10002076616C7565006932633A2073706565F4
:10AA2000642061626F7665202266617374222072F1
:10AA300065717569726573206D616E75616C2074E6
:10AA4000696D696E6720636F6E66696775726174A0
:10AA5000696F6E2C20736565202274696D696E675D
:10AA600073222070726F7065727479206F66207324
:10AA7000742C73746D33322D6932632D76322064F9
:10AA80006576696365747265652062696E64696E76
:10AA900067004932433A6661696C656420746F20CF
:10AAA00066696E64207072657363616C657220768E
:10AAB000616C7565006932635F6C6C5F73746D33D4
:10AAC000325F76320049324320636F6E74726F6C6E
:10AAD0006C6572206E6F7420636F6E666967757245
:10AAE00065640025733A20696E76616C6964206D37
:10AAF0006F6465202569004661696C656420636147
:10AB00006C6C20636C6F636B5F636F6E74726F6CE1
:10AB10005F6765745F726174652870636C6B656EE6
:10AB20005B305D29004932432070696E6374726C3A
:10AB3000207365747570206661696C6564202825D2
:10AB40006429006932633A206661696C7572652018
:10AB5000656E61626C696E6720636C6F636B006920
:10AB600032633A206661696C75726520696E69743A
:10AB700069616C697A696E67005F5F6465766963B5
:10AB8000655F6474735F6F72645F3137006932634D
:10AB90004035383030316330300069326334006121
:10ABA000726475696E6F5F693263005F5F646576BA
:10ABB0006963655F6474735F6F72645F33330069E8
:10ABC00032634034303030353830300069326332EF
:10ABD000005F5F6465766963655F6474735F6F725D
:10ABE000645F32390069326340343030303534309C
:10ABF000300069326331006932635F6C6C5F73747B
:10AC00006D3332006B65795F696E64657820256409
:10AC100020676574206661696C65643A202564006C
:10AC200050696E20256420636F6E66696775726176
:10AC300074696F6E206661696C65643A20256400F2
:10AC4000436F756C64206E6F742073657420677039
:10AC5000696F2063616C6C6261636B0050696E2088
:10AC6000256420696E7465727275707420636F6EEE
:10AC700066696775726174696F6E206661696C657B
:10AC8000643A202564005F5F6465766963655F648C
:10AC900074735F6F72645F313235006770696F5F24
:10ACA0006B65797300814E0049324320636F6E7487
:10ACB000726F6C6C657220646576696365206E6F77
:10ACC0007420726561647900496E74657272757082
:10ACD00074204750494F20636F6E74726F6C6C65BF
:10ACE0007220646576696365206E6F742072656199
:10ACF0006479005265736574204750494F20636F33
:10AD00006E74726F6C6C6572206465766963652021
:10AD10006E6F7420726561647900436F756C642096
:10AD20006E6F7420636F6E666967757265207265F9
:10AD3000736574204750494F2070696E00436F75EA
:10AD40006C64206E6F7420636F6E666967757265E0
:10AD500020696E74204750494F2070696E00436F20
:10AD6000756C64206E6F7420636F6E6669677572B0
:10AD70006520696E74657272757074204750494F12
:10AD80002070696E00436F756C64206E6F74206371
:10AD90006F6E66696775726520696E74657272752B
:10ADA0007074204750494F20696E746572727570D7
:10ADB000742E0044657669636520646964206E6F53
:10ADC0007420616363657074204932432061646458
:10ADD000726573732C207570646174656420746F80
:10ADE00020307825303258004465766963652064E8
:10ADF0006964206E6F7420726573706F6E64207466
:10AE00006F20493243207265717565737400546810
:10AE10006520446576696365204944206973206E26
:10AE20006F7420636F7272656374005F5F64657630
:10AE30006963655F6474735F6F72645F3139006763
:10AE40007439313140356400677439313100464D11
:10AE5000432070696E6374726C2073657475702022
:10AE60006661696C6564202825642900436F756CF0
:10AE700064206E6F7420696E697469616C697A65AB
:10AE800020464D4320636C6F636B202825642900A6
:10AE90005F5F6465766963655F6474735F6F726436
:10AEA0005F323531006D656D6F72792D636F6E7431
:10AEB000726F6C6C65724035323030343030300037
:10AEC000666D63006D656D635F73746D3332005F33
:10AED0005F6465766963655F6474735F6F72645FF6
:10AEE000323532006D656D635F73746D33325F733D
:10AEF0006472616D00496E76616C6964206368619B
:10AF00006E6E656C20282564290043616E6E6F7437
:10AF1000207365742050574D206F75747075742CB4
:10AF20002076616C75652065786365656473203192
:10AF3000362D6269742074696D6572206C696D6963
:10AF4000742E004368616E6E656C20256420686114
:10AF500073204E4F20636F6D706C656D656E74610C
:10AF60007279206F757470757400436F756C64200E
:10AF70006E6F7420696E697469616C697A6520749A
:10AF8000696D6572206368616E6E656C206F7574A3
:10AF900070757400436F756C64206E6F7420696EF9
:10AFA000697469616C697A6520636C6F636B2028D2
:10AFB00025642900436F756C64206E6F74206F6286
:10AFC0007461696E2074696D657220636C6F636B68
:10AFD00020282564290050574D2070696E637472D3
:10AFE0006C207365747570206661696C65642028D7
:10AFF00025642900436F756C64206E6F7420696E40
:10B00000697469616C697A652074696D6572005F45
:10B010005F6465766963655F6474735F6F72645FB4
:10B020003130370070776D38005F5F646576696333
:10B03000655F6474735F6F72645F31303000707786
:10B040006D34005F5F6465766963655F6474735F28
:10B050006F72645F39350070776D33005F5F6465D0
:10B06000766963655F6474735F6F72645F39310022
:10B0700070776D32005F5F6465766963655F6474E5
:10B08000735F6F72645F3130340070776D310070C0
:10B09000776D5F73746D33320000020406080A0C8A
:10B0A0001014000008000000080008000000000460
:10B0B00004043C3C5F5F6465766963655F64747338
:10B0C0005F6F72645F35390072657365742D636FED
:10B0D0006E74726F6C6C6572007263746C00436F97
:10B0E000756C64206E6F7420656E61626C652028DB
:10B0F0004C50295541525420636C6F636B0072654C
:10B1000073657420636F6E74726F6C6C6572206E01
:10B110006F7420726561647900257320646F6573B4
:10B12000206E6F7420737570706F72742064726912
:10B1300076657220656E61626C65005F5F6465763E
:10B140006963655F6474735F6F72645F3236300089
:10B1500073657269616C403430303037383030009C
:10B160007561727437005F5F6465766963655F64FB
:10B1700074735F6F72645F36390073657269616CF6
:10B180004034303031313430300075736172743690
:10B19000005F5F6465766963655F6474735F6F7297
:10B1A000645F36330073657269616C4034303030EF
:10B1B00034633030007561727434005F5F646576AB
:10B1C0006963655F6474735F6F72645F36300073C8
:10B1D000657269616C403430303034343030007521
:10B1E0007361727432005F5F6465766963655F6482
:10B1F00074735F6F72645F36360073657269616C79
:10B200004034303031313030300075736172743118
:10B210000061726475696E6F5F73657269616C005D
:10B22000756172745F73746D33320025733A2065F3
:10B2300072723D256400436F756C64206E6F7420DC
:10B24000656E61626C652053504920636C6F636B5F
:10B2500000436F756C64206E6F742073656C65635A
:10B26000742053504920646F6D61696E20636C6F68
:10B27000636B004353204750494F20706F72742016
:10B2800025732070696E202564206973206E6F74A9
:10B29000207265616479004661696C656420636150
:10B2A0006C6C20636C6F636B5F636F6E74726F6C3A
:10B2B0005F6765745F726174652870636C6B5B3186
:10B2C0005D29004661696C65642063616C6C206374
:10B2D0006C6F636B5F636F6E74726F6C5F676574C6
:10B2E0005F726174652870636C6B5B305D2900551B
:10B2F0006E737570706F72746564206672657175B7
:10B30000656E6379202575487A2C206D617820253B
:10B3100075487A2C206D696E202575487A0054692D
:10B320006D656F75742077616974696E6720666FEB
:10B3300072207472616E7366657220636F6D706CDB
:10B34000657465007370695F73746D33325F676530
:10B35000745F657272005F5F6465766963655F64E0
:10B3600074735F6F72645F37370073706940343095
:10B37000303135303030007370693500617264757A
:10B38000696E6F5F737069005F5F6465766963659E
:10B390005F6474735F6F72645F373300737069400A
:10B3A00034303031333030300073706931007370B5
:10B3B000695F6C6C5F73746D3332007379735F63B4
:10B3C0006C6F636B5F6379636C655F6765745F3631
:10B3D00034006661696C656420746F2077726974EB
:10B3E00065203078257820746F20307825782C00FF
:10B3F0006661696C656420746F20726561642030D9
:10B4000078257820726567697374657200496D618B
:10B41000676520666F726D6174206E6F742073753E
:10B4200070706F72746564004661696C6564207445
:10B430006F2073657420746865206F7574707574FF
:10B4400020666F726D617400556E737570706F72E7
:10B45000746564207265736F6C7574696F6E2025F6
:10B4600064202564004661696C656420746F2073F4
:10B47000657420746865207265736F6C7574696F8C
:10B480006E00427573206465766963652069732078
:10B490006E6F742072656164790025733A2064656B
:10B4A00076696365202573206973206E6F7420723E
:10B4B0006561647900556E657870656374656420B4
:10B4C000474332313435207069643A20307825782A
:10B4D000206F72207265763A203078257800556E9C
:10B4E00061626C6520746F20636F6E666967757248
:10B4F000652064656661756C7420666F726D617439
:10B50000005F5F6465766963655F6474735F6F7223
:10B51000645F313831006763323134354033630062
:10B52000766964656F5F67633231343500FEF0FE23
:10B53000F0FEF0FC06F600F71DF885FA00F9FEF2C1
:10B5400000FE00030404E209000A000B000C000DD9
:10B55000040EC00F06105299119A0E122E171418CD
:10B5600022190E1A011B4B1C071D101E881F782064
:10B5700003214022A02416250126102D6030013120
:10B580009033063401807F812682FA830084068608
:10B59000238803890385088A008B00B055C300C443
:10B5A00080C590C63BC746EC06ED04EE60EF90B652
:10B5B0000190019100920093009400950296589793
:10B5C00003982099229A0E9B009C009D009E009F4C
:10B5D00000A000A100A200FE0040424100435B5ECB
:10B5E000005F006000610062006300640065006647
:10B5F0002067206820692076006A086B086C086D57
:10B60000086E086F0870087108760072F07E3C7F43
:10B6100000FE02481549004B0BFE00FE010104022A
:10B62000C003040490053006900730088009000A22
:10B63000820B110C101110136884001C111E611F65
:10B6400035204022402320FE020F04FE0112301557
:10B65000B010313E283FB04090410FFE02906C91F7
:10B660000392CB943395849765A211FE00FE02806D
:10B67000C1810882058308840A86F087508815896D
:10B68000B08A308B10FE012104FE02A350A420A535
:10B6900040A680AB40AE0CB346B464B638B701B92F
:10B6A0002B3C043D154B064C20FE00FE02100911F8
:10B6B0000D121313191427153716458453186919D9
:10B6C0007D1A8F1B9D1CA91DBD1ECD1FD920E321F6
:10B6D000EA22EF23F524F925FFFE00C620C72BFE42
:10B6E00002260F27142819291E2A272B332C3B2D1D
:10B6F000452E592F69307C3189329833AE34C035AC
:10B70000CF36DA37E238E939F33AF93BFFFE02D1B6
:10B7100032D232D340D6F0D710D8DADD14DE86ED3F
:10B7200080EE00EF3FD8D8FE019F40FE01C214C357
:10B730000DC40CC815C90DCA0ABC24BD10BE0BB679
:10B7400025B716B815C500C600C700CB00CC00CD84
:10B7500000BF07C000C100B900BA00BB00AA01AB1E
:10B7600001AC00AD05AE06AF0EB00BB107B206B32B
:10B7700017B40EB50ED009D100D200D608D700D824
:10B7800000D900DA00DB00D30AD400D500A400A55C
:10B7900000A677A777A877A977A180A280FE01DF0E
:10B7A0000DDC25DD30E077E180E277E390E690E79D
:10B7B000A0E890E9A0FE00FE014F004F004B014FB2
:10B7C000004C014D714E014C014D914E014C014D0B
:10B7D000704E014C014D904E024C014DB04E024C4A
:10B7E000014D8F4E024C014D6F4E024C014DAF4E3C
:10B7F000024C014DD04E024C014DF04E024C014D19
:10B80000CF4E024C014DEF4E024C014D6E4E034C9B
:10B81000014D8E4E034C014DAE4E034C014DCE4EAC
:10B82000034C014D4D4E034C014D6D4E034C014DEB
:10B830008D4E034C014DAD4E034C014DCD4E034C8E
:10B84000014D4C4E034C014D6C4E034C014D8C4E42
:10B85000034C014DAC4E034C014DCC4E034C014DFD
:10B86000CB4E034C014D4B4E034C014D6B4E034CE4
:10B87000014D8B4E034C014DAB4E034C014D8A4E96
:10B88000044C014DAA4E044C014DCA4E044C014DCE
:10B89000CA4E044C014DC94E044C014D8A4E044C15
:10B8A000014D894E044C014DA94E044C024D0B4EE6
:10B8B000054C024D0A4E054C014DEB4E054C014D19
:10B8C000EA4E054C024D094E054C024D294E054CE1
:10B8D000024D2A4E054C024D4A4E054C024D8A4EF1
:10B8E000064C024D494E064C024D694E064C024D27
:10B8F000894E064C024DA94E064C024D484E064C50
:10B90000024D684E064C024D694E064C024DCA4E21
:10B91000074C024DC94E074C024DE94E074C034DF2
:10B92000094E074C024DC84E074C024DE84E074CDD
:10B93000024DA74E074C024DC74E074C024DE74E35
:10B94000074C034D074E074F01508051A8524753F3
:10B950003854C7560E58085B005C745D8B61DB621F
:10B96000B8638664C0650467A868B069006AA86B9C
:10B97000B06CAF6D8B6E506F1873F0700D7160729C
:10B9800080740175017F0C7670775878A0795E7AA3
:10B99000547B58FE00FE02C001C144C2FDC304C472
:10B9A000F0C548C6FDC746C8FDC902CAE0CB45CCB4
:10B9B000ECCD48CEF0CFF0E30CE44BE5E0FE019F88
:10B9C00040FE00FE00F20FFE0240BF46CFFE00FE2A
:10B9D000000501061C070008321100121D13001497
:10B9E00000FE013C003D04FE000000444D41206388
:10B9F000616C6C6261636B206572726F7220776933
:10BA00007468206368616E6E656C2025642E00701A
:10BA1000696E6374726C20736574757020666169F9
:10BA20006C65642E204572726F722025642E00258D
:10BA30007320444D4120646576696365206E6F74A0
:10BA4000207265616479004661696C656420746F79
:10BA500020636F6E66696775726520444D4120638F
:10BA600068616E6E656C2025640044434D49204436
:10BA70004D4120496E6974206661696C65640044BB
:10BA80004D4120696E697469616C697A6174696F8E
:10BA90006E206661696C65642E004661696C656440
:10BAA00020746F20656E61626C652044434D4920AF
:10BAB000636C6F636B2E204572726F722025640079
:10BAC000436C6F636B20656E61626C696E672066A4
:10BAD00061696C65642E0044434D4920696E697448
:10BAE00069616C697A6174696F6E206661696C6501
:10BAF000642E0025733A20257320696E697465648D
:10BB0000004661696C656420746F2073746F7020E7
:10BB100044434D49004661696C656420746F20643C
:10BB200065717565756520612044434D49206275D6
:10BB3000666665722E004661696C656420746F20CC
:10BB400073746172742044434D4920444D41002573
:10BB5000733A204661696C656420746F2067657470
:10BB6000206275666665722066726F6D2066696612
:10BB70006F00766964656F5F73746D33325F646301
:10BB80006D695F696E69740048414C5F44434D497B
:10BB90005F4672616D654576656E7443616C6C627B
:10BBA00061636B0048414C5F44434D495F4572728D
:10BBB0006F7243616C6C6261636B005F5F6465769A
:10BBC0006963655F6474735F6F72645F31393300FA
:10BBD00064636D694034383032303030300076691B
:10BBE00064656F5F73746D33325F64636D69000009
:10BBF000000000000000000102030406070809100D
:10BC00002840587088A0B800000000010203040119
:10BC1000020304060708092A2A2A20426F6F746962
:10BC20006E67205A6570687972204F53206275697B
:10BC30006C642076342E312E302D3839382D67360D
:10BC40006233326634643735303636202A2A2A0A7F
:10BC50000048616C74696E672073797374656D0058
:10BC6000556E6B6E6F776E206572726F7200756EB7
:10BC70006B6E6F776E003E3E3E205A4550485952DB
:10BC800020464154414C204552524F522025643A9F
:10BC9000202573206F6E2043505520256400466197
:10BCA000756C7420647572696E6720696E74657254
:10BCB000727570742068616E646C696E670A004307
:10BCC000757272656E74207468726561643A2025BD
:10BCD00070202825732900435055206578636570CE
:10BCE00074696F6E00556E68616E646C656420697E
:10BCF0006E7465727275707400537461636B206F3B
:10BD0000766572666C6F77004B65726E656C206F3E
:10BD10006F7073004B65726E656C2070616E696345
:10BD20000069646C6500617263685F7370696E5F5F
:10BD300072656C617800737973776F726B71002B29
:10BD40000064756D6D7900736C656570696E670070
:10BD5000646561640061626F7274696E6700737517
:10BD60007370656E64696E670071756575656400F2
:10BD70006B5F69735F696E5F69737200616E006EFD
:10BD800066696E697479006E616E00286E756C6C00
:04BD90002900000086
:10BD9400000000000000000000000000000000009F
:10BDA400000000000000000000000000000000008F
:10BDB400000000000000000000000000000000007F
:10BDC400000000000000000000000000000000006F
:10BDD400000000000000000000000000000000005F
:10BDE400000000000000000000000000000000004F
:10BDF400000000000000000000000000000000003F
:10BE0400000000000000000000000000000000002E
:10BE1400000000000000000000000000000000001E
:10BE240000000000480200243402002400C2010083
:10BE340000000800000000000000000000000000F6
:10BE440000000000000000000000000000000000EE
:10BE54000000000000000000CD7F05080000000085
:10BE64000000000000000000D8000024D8000024D6
:10BE740057C5050800000000000000000000000095
:10BE84000000000000000000F8000024F800002476
:10BE94000000000001000000080100240801002443
:10BEA4001001002410010024000000000100000023
:10BEB40020010024200100240000000000000000F4
:10BEC400000000000000000000000000000000006E
:10BED400000000000000000000000000000000005E
:10BEE400000000000000000000000000000000004E
:10BEF400000000000000000000000000000000003E
:10BF0400000000000000000000000000000000002D
:10BF1400CD7F0508000000000000000000000000C4
:10BF2400900100249001002457C50508000000007A
:10BF340000000000000000000000000000000000FD
:10BF4400B0010024B0010024000000000100000042
:10BF5400C0010024C0010024C8010024C801002439
:10BF64000000000001000000D8010024D8010024D2
:10BF740000000000000000000000000000000000BD
:10BF840000000000000000000000000000000000AD
:10BF9400000000000000000000000000000000009D
:10BFA400000000000000000000000000000000008D
:10BFB4000000000000000000C9A0050883A30508D4
:10BFC40004380608607D032400000000000000001F
:10BFD4000000000000020000607F03240000000055
:10BFE400000000000000000000020000FD570408EB
:10BFF40080000000895404080000000089540408EB
:10C004008000000000000000010000008C020024F9
:10C01400000000000000000000000000787A032403
:10C02400000000000000000000000000000200000A
:10C034009C390608100F0024000000500000000086
:10C0440000000000000000000000000000000000EC
:10C0540000000000000000004C0300240000000069
:10C0640000000000000000000000000000000000CC
:10C0740000000000000000000400000002000000B6
:10C0840000000000000000000000000000000000AC
:10C09400000000000000000000000000000000009C
:10C0A400000000000000000000000000000000008C
:10C0B400000000000000000000000000000000007C
:10C0C40000000000004000007D00000004000000AB
:10C0D4000000000000000000000000002300000039
:10C0E40023000000230000002300000000000000E3
:10C0F4000A000000458704080000000047BF050847
:10C1040000000000000000007803002478030024ED
:10C1140000000000000000000E000000010000000C
:10C12400010000000000000000000000000000000A
:10C13400A09F06080100000001000000AC030024D9
:10C14400AC03002400000000000000000E0000000A
:10C1540000100050000000800000000000000000FB
:10C16400000000001F00000007000000470000005E
:10C174000D000000270200002D0300002F02000024
:10C18400360300000000000000000000E001000091
:10C19400000000002003000002000000FF00000077
:10C1A400000000000006000007000000000040C07E
:10C1B400E001000020030000000000000000000077
:10C1C400000000000000000000000000000000006B
:10C1D400000000000000000000000000000000005B
:10C1E400000000000000000000000000000000004B
:10C1F400000000000000000000000000000040C03B
:10C2040000B80B00000040C0000040C00000000067
:10C21400000000000000000000000000000000001A
:10C2240000000000001802480000000000000000A8
:10C2340000000000000000000000000000000000FA
:10C2440000000000000000000000000000000000EA
:10C2540000000000000000000000000000000000DA
:10C2640000000000000000000000000000000000CA
:10C2740000000000000000000000000000000000BA
:10C2840000000000000000000000000000000000AA
:10C2940004050024DC0000004000000000500052AF
:10C2A4000000000008000000000000000000000082
:10C2B400000000000000000000000000000000007A
:10C2C400000000000000000000000000000000006A
:10C2D400000000000000000000000000000000005A
:10C2E400000000000000000000000000000000004A
:10C2F400000000000000000000000000000000003A
:10C304000000000000000000000000000000000029
:10C314000000000000000000000000000000000019
:10C324000000000000000000000002000000000007
:10C3340000000000000000000000000000000000F9
:10C3440000000000000000000000000000000000E9
:10C35400000000000000000038000000002000522F
:10C36400D4000000000100000000000000000000F4
:10C3740000000000000000000000000000000000B9
:10C3840000000000741706080113000000000000FC
:10C394007417060802120000000000007417060853
:10C3A40001120000000000007417060800120000CB
:10C3B40000000000741706080013000000000000CD
:10C3C4003C060024000000000000000000C2010040
:10C3D40000010301000000005406002400000000D6
:10C3E4000000000000C20100000103000000000082
:10C3F4006C060024000000000000000000C20100E0
:10C404000001030000000000840600240000000076
:10C414000000000000C20100000103000000000051
:10C424009C060024000000000000000000C201007F
:10C43400000103000000000000000000B84C0608E2
:10C4440000000000B4060024B4060024000000002C
:10C4540001000000C4060024C4060024CC06002405
:10C46400CC0600240000000001000000DC060024CB
:10C47400DC060024000000000000000000000000B2
:10C4840000000000000000000000000000000000A8
:10C494000000000000000000000000000000000098
:10C4A4000000000000000000000000000000000088
:10C4B4001C4D06080000000028070024280700245B
:10C4C40000000000010000003807002438070024A1
:10C4D4004007002440070024000000000100000081
:10C4E4005007002450070024000000000000000052
:10C4F4000000000000000000000000000000000038
:10C504000000000000000000000000000000000027
:10C514000000000000000000000000000000000017
:10C5240000000248000000000000000000000000BD
:10C5340000000000000000000000000000000000F7
:10C5440000000000000000000000000000000000E7
:10C5540000000000000000000000000000000000D7
:10C5640000000000000000000000000000000000C7
:10C5740000000000000000000000000000000000B7
:10C5840000000000000000000000000000000000A7
:10C594000000000000000000000000000000000097
:10C5A4000000000000000000000000000000000087
:10C5B4000000000000000000000000000000000077
:10C5C4000000000000000000000000000090D00304
:10C5D4000090D00344080024440800244C0800249C
:10C5E4004C080024FF00FF00FF00FF00FF00FF00D5
:10C5F400FF00FF00FF00FF00FF00FF00FF00FF003F
:0EC60400FF00FF000000000003000000020025
:10C612000000000000000000000000000000000018
:10C622000000000000000000000000000000000008
:10C6320000000000000000000000000000000000F8
:10C6420000000000000000000000000000000000E8
:10C6520000000000000000000000000000000000D8
:10C6620000000000000000000000000000000000C8
:02C672000000C6
:04C6740000000000C2
:10C6780000000000000000000000000000000000B2
:10C6880000000000000000000000000000000000A2
:10C698000000000000000000000000000000000092
:10C6A8000000000000000000000000000000000082
:10C6B8000000000000000000000000000000000072
:10C6C8000000000000000000000000000000000062
:10C6D8000000000000000000000000000000000052
:10C6E8000000000000000000000000000000000042
:10C6F8000000000000000000000000000000000032
:10C708000000000000000000000000000000000021
:0CC7180000000000000000000000000015
:10C7240000000000787203240008000000000000EC
:10C7340000000000000000000000000018E20024D7
:10C7440000000200000000000000000000000000E3
:10C75400C0090024C00900240000000000000000FB
:04C764000E000000C3
:10C76800D4090024D409002400000000387D0324E3
:0CC77800387D0324607D032400000000D5
:10C78400F0090024F0090024000000000C0000005F
:10C7940010000000787C0324387D0324787C032473
:10C7A400787C032400000000180A0024180A0024DE
:04C7B4000000000081
:10C7B80012010002EF020140412366000104010258
:10C7C800030109020000000100E032080B00020228
:10C7D8000200000904000001020200000524001004
:10C7E80001052401020104240202052406000107B0
:10C7F80005800310000A09040100020A000000076E
:10C8080005800240000007050002400000040309FB
:10C8180004100341726475696E6F00000000000027
:10C8280000200341726475696E6F204749474120B3
:10C83800523100000000000000000000000000006D
:10C8480000220330313233343536373839414243E8
:10C858004445460000000000000000000000000001
:05C868000000000000CB
:10C8700000000000470A002421A70508195B0408EE
:10C880004158040800000000000000000300000000
:04C890005C02002422
:04C8940015E015E0B6
:04000005080491E575
:00000001FF
